Strouse Cat ID,Item Name/Number,Vendor Name/Code,Primary Units Type,Primary Units Type ID,Department,Location,Track Landed Cost,Costing Method,Cost Category,Purchase Description,Use Bin,Purchase Price,Vendor 1 Name,Vendor 1 Id,Vendor 1 Subsidiary,Vendor 1 Preferred,Vendor 1 Purchase Price,Bin Number,Preferred (Per Location),COGS Account,Asset Account,Income Account,Tax Schedule
2,505E-W7,505E,Length Units,7,Operations,Strouse-HQ,,Average,Default Cost Category,"DSX 50/50 w/s-490 adhesive. 
",TRUE,,Fasson / Avery Dennison Label & Packaging Materials     (acct. 5387),3246,The Strouse Corporation,TRUE,,,,5000 Cost of Goods,300000 Sales,13100 Inventory Asset,FALSE
4,03146-W3,03146,Length Units,7,Operations,Strouse-HQ,,Average,Default Cost Category,Matte Litho w/AT20 Permanent Adhesive,TRUE,0.018033573,Fasson / Avery Dennison Label & Packaging Materials     (acct. 5387),3246,The Strouse Corporation,TRUE,0.018033573,,,5000 Cost of Goods,300000 Sales,13100 Inventory Asset,FALSE
52,10092-W3,10092,Length Units,7,Operations,Strouse-HQ,,Average,Default Cost Category,1 mil Clear Poly Overlam,TRUE,0.038654,"FLEXcon Company, Inc.",3247,The Strouse Corporation,TRUE,0.038654,,,5000 Cost of Goods,300000 Sales,13100 Inventory Asset,FALSE
302,500Wpvc-W0.5,500Wpvc,Length Units,7,Operations,Strouse-HQ,,Average,Default Cost Category,White UPVC,TRUE,0.00361547,The Strouse Corporation,3138,The Strouse Corporation,TRUE,0.00361547,,,5000 Cost of Goods,300000 Sales,13100 Inventory Asset,FALSE
330,234-W6,234,Length Units,7,Operations,Strouse-HQ,,Average,Default Cost Category,General Purpose Masking Tape,TRUE,0.053621988,"3M Company, Inc. Converter Markets",3141,The Strouse Corporation,TRUE,0.053621988,,,5000 Cost of Goods,300000 Sales,13100 Inventory Asset,FALSE
381,SJ3530 - Black-W1,SJ3530 - Black,Length Units,7,Operations,Strouse-HQ,,Average,Default Cost Category,"Hook, Rubber, Black, General Purpose PSA",TRUE,0.348,"3M Company, Inc. Converter Markets",3141,The Strouse Corporation,TRUE,0.348,,,5000 Cost of Goods,300000 Sales,13100 Inventory Asset,FALSE
405,396-W2,396,Length Units,7,Operations,Strouse-HQ,,Average,Default Cost Category,"4 mil, Clear Super Bond Film",TRUE,0.361111111,ULINE,3330,The Strouse Corporation,TRUE,0.361111111,,,5000 Cost of Goods,300000 Sales,13100 Inventory Asset,FALSE
414,4116-W1.5,4116,Length Units,7,Operations,Strouse-HQ,,Average,Default Cost Category,"Foam, 1/16"", 350, single coated white",TRUE,0.566361,"3M Company, Inc. Converter Markets",3141,The Strouse Corporation,TRUE,0.566361,,,5000 Cost of Goods,300000 Sales,13100 Inventory Asset,FALSE
455,6582-W48,6582,Length Units,7,Operations,Strouse-HQ,,Average,Default Cost Category,Premask Application Tape 300,TRUE,0.623166667,American Biltrite,3238,The Strouse Corporation,TRUE,0.623166667,,,5000 Cost of Goods,300000 Sales,13100 Inventory Asset,FALSE
482,4492W-W0.75,4492W,Length Units,7,Operations,Strouse-HQ,,Average,Default Cost Category,"1/32"", 430, Double Coated White ",TRUE,0.132715741,"3M Company, Inc. Converter Markets",3141,The Strouse Corporation,TRUE,0.132715741,,,5000 Cost of Goods,300000 Sales,13100 Inventory Asset,FALSE
500,9459W-W5.75,9459W,Length Units,7,Operations,Strouse-HQ,,Average,Default Cost Category,"1.5 mil, 300, 55#DK",TRUE,0.497222222,"3M Company, Inc. Converter Markets",3141,The Strouse Corporation,TRUE,0.497222222,,,5000 Cost of Goods,300000 Sales,13100 Inventory Asset,FALSE
545,467MP-W1,467MP,Length Units,7,Operations,Strouse-HQ,,Average,Default Cost Category,"2 mil, 200MP, 58# PCK",TRUE,0.057882222,"3M Company, Inc. Converter Markets",3141,The Strouse Corporation,TRUE,0.057882222,,,5000 Cost of Goods,300000 Sales,13100 Inventory Asset,FALSE
559,F9460PC-W3,F9460PC,Length Units,7,Operations,Strouse-HQ,,Average,Default Cost Category,"2 mil, 100MP, 58# PCK",TRUE,0.390518519,"3M Company, Inc. Converter Markets",3141,The Strouse Corporation,TRUE,0.390518519,,,5000 Cost of Goods,300000 Sales,13100 Inventory Asset,FALSE
560,F9460PC-W4.875,F9460PC,Length Units,7,Operations,Strouse-HQ,,Average,Default Cost Category,"2 mil, 100MP, 58# PCK",TRUE,0.59047383,"3M Company, Inc. Converter Markets",3141,The Strouse Corporation,TRUE,0.59047383,,,5000 Cost of Goods,300000 Sales,13100 Inventory Asset,FALSE
575,415-W6,415,Length Units,7,Operations,Strouse-HQ,,Average,Default Cost Category,"Double coated PET, 4 mil, 400, 55# DK",TRUE,0.526759167,"3M Company, Inc. Converter Markets",3141,The Strouse Corporation,TRUE,0.526759167,,,5000 Cost of Goods,300000 Sales,13100 Inventory Asset,FALSE
577,415-W48,415,Length Units,7,Operations,Strouse-HQ,,Average,Default Cost Category,"Double coated PET, 4 mil, 400, 55# DK",TRUE,4.214091667,"3M Company, Inc. Converter Markets",3141,The Strouse Corporation,TRUE,4.214091667,,,5000 Cost of Goods,300000 Sales,13100 Inventory Asset,FALSE
587,920XL-W0.5,920XL,Length Units,7,Operations,Strouse-HQ,,Average,Default Cost Category,"1 mil, 1000 adhesive, 40 DK white with red print, extended liner",TRUE,0.024536,"3M Company, Inc. Converter Markets",3141,The Strouse Corporation,TRUE,0.024536,,,5000 Cost of Goods,300000 Sales,13100 Inventory Asset,FALSE
616,4950-W0.75,4950,Length Units,7,Operations,Strouse-HQ,,Average,Default Cost Category,"45 mil, VHB, White",TRUE,0.67234537,"3M Company, Inc. Converter Markets",3141,The Strouse Corporation,TRUE,0.67234537,,,5000 Cost of Goods,300000 Sales,13100 Inventory Asset,FALSE
617,4905-W1,4905,Length Units,7,Operations,Strouse-HQ,,Average,Default Cost Category,"20 mil, VHB,  double coated clear",TRUE,0.652914815,"3M Company, Inc. Converter Markets",3141,The Strouse Corporation,TRUE,0.652914815,,,5000 Cost of Goods,300000 Sales,13100 Inventory Asset,FALSE
637,100AV-W2.25,100AV,Length Units,7,Operations,Strouse-HQ,,Average,Default Cost Category,"1 mil Polyimide, No PSA",TRUE,0.112432,Kaneka North America – Apical Division,3252,The Strouse Corporation,TRUE,0.112432,,,5000 Cost of Goods,300000 Sales,13100 Inventory Asset,FALSE
641,200AV-W6,200AV,Length Units,7,Operations,Strouse-HQ,,Average,Default Cost Category,"2 mil Polyimide, No PSA",TRUE,0.634333333,Kaneka North America – Apical Division,3252,The Strouse Corporation,TRUE,0.634333333,,,5000 Cost of Goods,300000 Sales,13100 Inventory Asset,FALSE
705,468MP-W48,468MP,Length Units,7,Operations,Strouse-HQ,,Average,Default Cost Category,"5 mil, 200MP, 58#PCK",TRUE,2.039055556,"3M Company, Inc. Converter Markets",3141,The Strouse Corporation,TRUE,2.039055556,,,5000 Cost of Goods,300000 Sales,13100 Inventory Asset,FALSE
706,468MP-W3.5,468MP,Length Units,7,Operations,Strouse-HQ,,Average,Default Cost Category,"5 mil, 200MP, 58#PCK",TRUE,0.266631944,"3M Company, Inc. Converter Markets",3141,The Strouse Corporation,TRUE,0.266631944,,,5000 Cost of Goods,300000 Sales,13100 Inventory Asset,FALSE
743,9485PC-W3,9485PC,Length Units,7,Operations,Strouse-HQ,,Average,Default Cost Category,"5 mil, 350, 62# PCK",TRUE,0.470555556,"3M Company, Inc. Converter Markets",3141,The Strouse Corporation,TRUE,0.470555556,,,5000 Cost of Goods,300000 Sales,13100 Inventory Asset,FALSE
813,1043-W6,1043,Length Units,7,Operations,Strouse-HQ,,Average,Default Cost Category,"Polyester, 1 mil DuPont Mylar Grade A, Non Treated (3.0 "" ID, 2.4349"" OD)GRAY Cast- Hopewell mfg facility",TRUE,0.02448,"Transcendia (Transilwrap Company, Inc.)",3266,The Strouse Corporation,TRUE,0.02448,,,5000 Cost of Goods,300000 Sales,13100 Inventory Asset,FALSE
902,54 lb. C1S SL4 (S38)-W1,54 lb. C1S SL4 (S38),Length Units,7,Operations,Strouse-HQ,,Average,Default Cost Category,3.2 mil 54 lb. Medium Release C1S Liner,TRUE,0.0034908,"Channeled Resources, Inc. (GMC Coatings)",3277,The Strouse Corporation,TRUE,0.0034908,,,5000 Cost of Goods,300000 Sales,13100 Inventory Asset,FALSE
943,8411-W2.5,8411,Length Units,7,Operations,Strouse-HQ,,Average,Default Cost Category,"1.5 mil, Transparent Polyester, Acrylic Adhesive",TRUE,0.185613715,"3M Company, Inc. Converter Markets",3141,The Strouse Corporation,TRUE,0.185613715,,,5000 Cost of Goods,300000 Sales,13100 Inventory Asset,FALSE
954,9472-W0.875,9472,Length Units,7,Operations,Strouse-HQ,,Average,Default Cost Category,"5 mil, 300, 60#DK",TRUE,0.092061728,"3M Company, Inc. Converter Markets",3141,The Strouse Corporation,TRUE,0.092061728,,,5000 Cost of Goods,300000 Sales,13100 Inventory Asset,FALSE
967,7600-W6,7600,Length Units,7,Operations,Strouse-HQ,,Average,Default Cost Category,"3.5 mil, White Gloss Vinyl, 500, 43# DK",TRUE,0.25776,"3M Company, Inc. Converter Markets",3141,The Strouse Corporation,TRUE,0.25776,,,5000 Cost of Goods,300000 Sales,13100 Inventory Asset,FALSE
983,9009-W4.25,9009,Length Units,7,Operations,Strouse-HQ,,Average,Default Cost Category,"2.1mil D/C PET, 300, 55# DK",TRUE,0.252038056,"3M Company, Inc. Converter Markets",3141,The Strouse Corporation,TRUE,0.252038056,,,5000 Cost of Goods,300000 Sales,13100 Inventory Asset,FALSE
1006,4994-W54,4994,Length Units,7,Operations,Strouse-HQ,,Average,Default Cost Category,55# C2S Silicone Release Liner - LOG,TRUE,0.684583796,"3M Company, Inc. Converter Markets",3141,The Strouse Corporation,TRUE,0.684583796,,,5000 Cost of Goods,300000 Sales,13100 Inventory Asset,FALSE
1007,CO404 438000-W38,CO404 438000,Length Units,7,Operations,Strouse-HQ,,Average,Default Cost Category,Blue Splicing Tape - LOG,TRUE,1.304166667,Tapeworks,4043,The Strouse Corporation,TRUE,1.304166667,,,5000 Cost of Goods,300000 Sales,13100 Inventory Asset,FALSE
1042,9828-W5.4,9828,Length Units,7,Operations,Strouse-HQ,,Average,Default Cost Category,"3.5 mil, PET, D/C, 340, 55# DK",TRUE,0.1195665,"3M Company, Inc. Converter Markets",3141,The Strouse Corporation,TRUE,0.1195665,,,5000 Cost of Goods,300000 Sales,13100 Inventory Asset,FALSE
1050,1 mil Poly-W0.5,1 mil Poly,Length Units,7,Operations,Strouse-HQ,,Average,Default Cost Category,1 mil Polyester,TRUE,0.0015,Interfilm,4180,The Strouse Corporation,TRUE,0.0015,,,5000 Cost of Goods,300000 Sales,13100 Inventory Asset,FALSE
1056,9472-W48,9472,Length Units,7,Operations,Strouse-HQ,,Average,Default Cost Category,"5 mil, 300, 60#DK",TRUE,5.023222222,"3M Company, Inc. Converter Markets",3141,The Strouse Corporation,TRUE,5.023222222,,,5000 Cost of Goods,300000 Sales,13100 Inventory Asset,FALSE
1073,9472-W2,9472,Length Units,7,Operations,Strouse-HQ,,Average,Default Cost Category,"5 mil, 300, 60#DK",TRUE,0.209300926,"3M Company, Inc. Converter Markets",3141,The Strouse Corporation,TRUE,0.209300926,,,5000 Cost of Goods,300000 Sales,13100 Inventory Asset,FALSE
1084,966-W24,966,Length Units,7,Operations,Strouse-HQ,,Average,Default Cost Category,Adhesive Transfer,TRUE,2.327548889,"3M Company, Inc. Converter Markets",3141,The Strouse Corporation,TRUE,2.327548889,,,5000 Cost of Goods,300000 Sales,13100 Inventory Asset,FALSE
1086,966-W6,966,Length Units,7,Operations,Strouse-HQ,,Average,Default Cost Category,Adhesive Transfer,TRUE,0.446644778,"3M Company, Inc. Converter Markets",3141,The Strouse Corporation,TRUE,0.446644778,,,5000 Cost of Goods,300000 Sales,13100 Inventory Asset,FALSE
1091,7600-W10.75,7600,Length Units,7,Operations,Strouse-HQ,,Average,Default Cost Category,"3.5 mil, White Gloss Vinyl, 500, 43# DK",TRUE,0.5961585,"3M Company, Inc. Converter Markets",3141,The Strouse Corporation,TRUE,0.5961585,,,5000 Cost of Goods,300000 Sales,13100 Inventory Asset,FALSE
1108,1043-W0.5,1043,Length Units,7,Operations,Strouse-HQ,,Average,Default Cost Category,"Polyester, 1 mil DuPont Mylar Grade A",TRUE,0.0014076,"Transcendia (Transilwrap Company, Inc.)",3266,The Strouse Corporation,TRUE,0.0014076,,,5000 Cost of Goods,300000 Sales,13100 Inventory Asset,FALSE
1113,1316-W1,1316,Length Units,7,Operations,Strouse-HQ,,Average,Default Cost Category,"Flex MagStock w/Adhesive,Black .035""",TRUE,0.8188,Flexmag West,3555,The Strouse Corporation,TRUE,0.8188,,,5000 Cost of Goods,300000 Sales,13100 Inventory Asset,FALSE
1119,OPP-34CC-W1,OPP-34CC,Length Units,7,Operations,Strouse-HQ,,Average,Default Cost Category,Crystal Clear 3.4mil Tape,TRUE,0.008848485,Adhesive Tape Products,3237,The Strouse Corporation,TRUE,0.008848485,,,5000 Cost of Goods,300000 Sales,13100 Inventory Asset,FALSE
1122,100AV-W6,100AV,Length Units,7,Operations,Strouse-HQ,,Average,Default Cost Category,"1 mil Polyimide, No PSA",TRUE,0.310790123,Kaneka North America – Apical Division,3252,The Strouse Corporation,TRUE,0.310790123,,,5000 Cost of Goods,300000 Sales,13100 Inventory Asset,FALSE
1145,9459W-W6,9459W,Length Units,7,Operations,Strouse-HQ,,Average,Default Cost Category,"1.5 mil, 300, 55#DK",TRUE,0.498768333,"3M Company, Inc. Converter Markets",3141,The Strouse Corporation,TRUE,0.498768333,,,5000 Cost of Goods,300000 Sales,13100 Inventory Asset,FALSE
1157,F9469PC-W2,F9469PC,Length Units,7,Operations,Strouse-HQ,,Average,Default Cost Category,5 mil Adhesive Transfer Tape (Printed Liner),TRUE,0.364351111,"3M Company, Inc. Converter Markets",3141,The Strouse Corporation,TRUE,0.364351111,,,5000 Cost of Goods,300000 Sales,13100 Inventory Asset,FALSE
1161,16836-W9,16836,Length Units,7,Operations,Strouse-HQ,,Average,Default Cost Category,100# Tag Stock,TRUE,0.022679856,Fasson / Avery Dennison Label & Packaging Materials     (acct. 5387),3246,The Strouse Corporation,TRUE,0.022679856,,,5000 Cost of Goods,300000 Sales,13100 Inventory Asset,FALSE
1217,K24-W5.5,K24,Length Units,7,Operations,Strouse-HQ,,Average,Default Cost Category,3 Ply Poly Coated Embossed Tissue,TRUE,0.029273778,BlueRidge Tissue (NPS Corporation),3356,The Strouse Corporation,TRUE,0.029273778,,,5000 Cost of Goods,300000 Sales,13100 Inventory Asset,FALSE
1226,HDS-90-W60,HDS-90,Length Units,7,Operations,Strouse-HQ,,Average,Default Cost Category,Silicone Free Release Liner - LOG,TRUE,1.060704,Classic Printers & Converters,3331,The Strouse Corporation,TRUE,1.060704,,,5000 Cost of Goods,300000 Sales,13100 Inventory Asset,FALSE
1231,5905Rpvc-W0.75,5905Rpvc,Length Units,7,Operations,Strouse-HQ,,Average,Default Cost Category,Red UPVC,TRUE,0.00426736,The Strouse Corporation,3138,The Strouse Corporation,TRUE,0.00426736,,,5000 Cost of Goods,300000 Sales,13100 Inventory Asset,FALSE
1248,9828-W54,9828,Length Units,7,Operations,Strouse-HQ,,Average,Default Cost Category,"3.5 mil, PET, D/C, 340, 55# DK - LOG",TRUE,1.195665,"3M Company, Inc. Converter Markets",3141,The Strouse Corporation,TRUE,1.195665,,,5000 Cost of Goods,300000 Sales,13100 Inventory Asset,FALSE
1249,9828-W6,9828,Length Units,7,Operations,Strouse-HQ,,Average,Default Cost Category,"3.5 mil, PET, D/C, 340, 55# DK",TRUE,0.132851667,"3M Company, Inc. Converter Markets",3141,The Strouse Corporation,TRUE,0.132851667,,,5000 Cost of Goods,300000 Sales,13100 Inventory Asset,FALSE
1260,396-W4,396,Length Units,7,Operations,Strouse-HQ,,Average,Default Cost Category,Clear Super Bond Polyester,TRUE,0.165119907,"3M Company, Inc. Converter Markets",3141,The Strouse Corporation,TRUE,0.165119907,,,5000 Cost of Goods,300000 Sales,13100 Inventory Asset,FALSE
1282,4950-W2,4950,Length Units,7,Operations,Strouse-HQ,,Average,Default Cost Category,"45 mil, VHB, White",TRUE,1.67567037,"3M Company, Inc. Converter Markets",3141,The Strouse Corporation,TRUE,1.67567037,,,5000 Cost of Goods,300000 Sales,13100 Inventory Asset,FALSE
1289,764-Y-W49,764-Y,Length Units,7,Operations,Strouse-HQ,,Average,Default Cost Category,"5 mil, Vinyl, Yellow",TRUE,1.023983333,"3M Company, Inc. Converter Markets",3141,The Strouse Corporation,TRUE,1.023983333,,,5000 Cost of Goods,300000 Sales,13100 Inventory Asset,FALSE
1303,78 lb. C1S S45-W2.875,78 lb. C1S S45,Length Units,7,Operations,Strouse-HQ,,Average,Default Cost Category,4.4 mil 78 lb. Medium Release C1S Liner,TRUE,0.0123165,"Channeled Resources, Inc. (GMC Coatings)",3277,The Strouse Corporation,TRUE,0.0123165,,,5000 Cost of Goods,300000 Sales,13100 Inventory Asset,FALSE
1314,9472-W5.25,9472,Length Units,7,Operations,Strouse-HQ,,Average,Default Cost Category,"5 mil, 300, 60#DK",TRUE,0.74125,"3M Company, Inc. Converter Markets",3141,The Strouse Corporation,TRUE,0.74125,,,5000 Cost of Goods,300000 Sales,13100 Inventory Asset,FALSE
1385,7871-W6,7871,Length Units,7,Operations,Strouse-HQ,,Average,Default Cost Category,"2 mil  White Polyester TC, 350, 55# DK",TRUE,0.291742446,"3M Company, Inc. Converter Markets",3141,The Strouse Corporation,TRUE,0.291742446,,,5000 Cost of Goods,300000 Sales,13100 Inventory Asset,FALSE
1448,9415PC-W24,9415PC,Length Units,7,Operations,Strouse-HQ,,Average,Default Cost Category,"2 mil, 400/1000, 78# PCK (differential adh.)",TRUE,4.122258333,"3M Company, Inc. Converter Markets",3141,The Strouse Corporation,TRUE,4.122258333,,,5000 Cost of Goods,300000 Sales,13100 Inventory Asset,FALSE
1485,467MP-W48,467MP,Length Units,7,Operations,Strouse-HQ,,Average,Default Cost Category,"2 mil, 200MP, 58# PCK",TRUE,2.713621111,"3M Company, Inc. Converter Markets",3141,The Strouse Corporation,TRUE,2.713621111,,,5000 Cost of Goods,300000 Sales,13100 Inventory Asset,FALSE
1505,7600-W4,7600,Length Units,7,Operations,Strouse-HQ,,Average,Default Cost Category,"3.5 mil, White Gloss Vinyl, 500, 43# DK",TRUE,0.150193167,"3M Company, Inc. Converter Markets",3141,The Strouse Corporation,TRUE,0.150193167,,,5000 Cost of Goods,300000 Sales,13100 Inventory Asset,FALSE
1537,9828-W1,9828,Length Units,7,Operations,Strouse-HQ,,Average,Default Cost Category,"3.5 mil, PET, D/C, 340, 55# DK",TRUE,0.019896091,"3M Company, Inc. Converter Markets",3141,The Strouse Corporation,TRUE,0.019896091,,,5000 Cost of Goods,300000 Sales,13100 Inventory Asset,FALSE
1555,PM200 Clear Matte TC348 No PS-W6,PM200 Clear Matte TC348 No PS,Length Units,7,Operations,Strouse-HQ,,Average,Default Cost Category,PM200 Clear Matte T/C 348 No P/S,TRUE,0.17136,"FLEXcon Company, Inc.",3247,The Strouse Corporation,TRUE,0.17136,,,5000 Cost of Goods,300000 Sales,13100 Inventory Asset,FALSE
1572,700E-W2,700E,Length Units,7,Operations,Strouse-HQ,,Average,Default Cost Category,2 mil Polypropylene w/ Acrylic Adhesive,TRUE,0.012072,Avery Dennison  (Formerly know as ACPO Ltd.),3300,The Strouse Corporation,TRUE,0.012072,,,5000 Cost of Goods,300000 Sales,13100 Inventory Asset,FALSE
1595,EL8001-W27,EL8001,Length Units,7,Operations,Strouse-HQ,,Average,Default Cost Category,D/F Bonding Tape,TRUE,27.0048,"Adhesives Research, Inc.",3301,The Strouse Corporation,TRUE,27.0048,,,5000 Cost of Goods,300000 Sales,13100 Inventory Asset,FALSE
1621,4646-W1.25,4646,Length Units,7,Operations,Strouse-HQ,,Average,Default Cost Category,"25 mil, D/C Grey Acrylic, VHB",TRUE,0.495,"3M Company, Inc. Converter Markets",3141,The Strouse Corporation,TRUE,0.495,,,5000 Cost of Goods,300000 Sales,13100 Inventory Asset,FALSE
1626,4994-W2.25,4994,Length Units,7,Operations,Strouse-HQ,,Average,Default Cost Category,55# C2S Silicone Release Liner,TRUE,0.029088994,"3M Company, Inc. Converter Markets",3141,The Strouse Corporation,TRUE,0.029088994,,,5000 Cost of Goods,300000 Sales,13100 Inventory Asset,FALSE
1632,CO404 402000-W2,CO404 402000,Length Units,7,Operations,Strouse-HQ,,Average,Default Cost Category,Blue Splicing Tape,TRUE,0.078001543,Tapeworks,4043,The Strouse Corporation,TRUE,0.078001543,,,5000 Cost of Goods,300000 Sales,13100 Inventory Asset,FALSE
1637,7600-W3.25,7600,Length Units,7,Operations,Strouse-HQ,,Average,Default Cost Category,"3.5 mil, White Gloss Vinyl, 500, 43# DK",TRUE,0.1172535,"3M Company, Inc. Converter Markets",3141,The Strouse Corporation,TRUE,0.1172535,,,5000 Cost of Goods,300000 Sales,13100 Inventory Asset,FALSE
1638,50155507-W4.5,50155507,Length Units,7,Operations,Strouse-HQ,,Average,Default Cost Category,"Poly Liner Easy Release
(1 mil PET w/T-10)",TRUE,0.02475,Eastman Performance Films,3399,The Strouse Corporation,TRUE,0.02475,,,5000 Cost of Goods,300000 Sales,13100 Inventory Asset,FALSE
1653,25A29C-W48 - CatID-1653,25A29C,Length Units,7,Operations,Strouse-HQ,,Average,Default Cost Category,2.5 mil Clear  Protective Film,TRUE,0.64121,"Pregis PolyMask, Inc.",4045,The Strouse Corporation,TRUE,0.64121,,,5000 Cost of Goods,300000 Sales,13100 Inventory Asset,FALSE
1680,F9469PC-W2.25,F9469PC,Length Units,7,Operations,Strouse-HQ,,Average,Default Cost Category,5 mil Adhesive Transfer Tape (Printed Liner),TRUE,0.390744167,"3M Company, Inc. Converter Markets",3141,The Strouse Corporation,TRUE,0.390744167,,,5000 Cost of Goods,300000 Sales,13100 Inventory Asset,FALSE
1708,491 AWF-W6,491 AWF,Length Units,7,Operations,Strouse-HQ,,Average,Default Cost Category,CSM - Foil/Skrim/Kraft All Weather Sealing Tape,TRUE,0,"Ideal Tape Co., Inc.",3540,The Strouse Corporation,TRUE,0,,,5000 Cost of Goods,300000 Sales,13100 Inventory Asset,FALSE
1714,9471LE-W54,9471LE,Length Units,7,Operations,Strouse-HQ,,Average,Default Cost Category,"2 mil, 300LSE, 58#PCK",TRUE,2.568248148,"3M Company, Inc. Converter Markets",3141,The Strouse Corporation,TRUE,2.568248148,,,5000 Cost of Goods,300000 Sales,13100 Inventory Asset,FALSE
1740,HDS-90-W1.5,HDS-90,Length Units,7,Operations,Strouse-HQ,,Average,Default Cost Category,Silicone Free Release Liner,TRUE,0.026516667,Classic Printers & Converters,3331,The Strouse Corporation,TRUE,0.026516667,,,5000 Cost of Goods,300000 Sales,13100 Inventory Asset,FALSE
1755,4994-W2,4994,Length Units,7,Operations,Strouse-HQ,,Average,Default Cost Category,55# C2S Silicone Release Liner,TRUE,0.025354955,"3M Company, Inc. Converter Markets",3141,The Strouse Corporation,TRUE,0.025354955,,,5000 Cost of Goods,300000 Sales,13100 Inventory Asset,FALSE
1756,9495LE-W6,9495LE,Length Units,7,Operations,Strouse-HQ,,Average,Default Cost Category,"6.7 mil, D/C PET, 300LSE, 58#PCK",TRUE,0.479380556,"3M Company, Inc. Converter Markets",3141,The Strouse Corporation,TRUE,0.479380556,,,5000 Cost of Goods,300000 Sales,13100 Inventory Asset,FALSE
1757,9495LE-W12,9495LE,Length Units,7,Operations,Strouse-HQ,,Average,Default Cost Category,"6.7 mil, D/C PET, 300LSE, 58#PCK",TRUE,1.375003889,"3M Company, Inc. Converter Markets",3141,The Strouse Corporation,TRUE,1.375003889,,,5000 Cost of Goods,300000 Sales,13100 Inventory Asset,FALSE
1815,4999-W4.5,4999,Length Units,7,Operations,Strouse-HQ,,Average,Default Cost Category,"Liner, 3.2 mil 55# DK, C1S",TRUE,0.087444444,"3M Company, Inc. Converter Markets",3141,The Strouse Corporation,TRUE,0.087444444,,,5000 Cost of Goods,300000 Sales,13100 Inventory Asset,FALSE
1822,4905-W6.75,4905,Length Units,7,Operations,Strouse-HQ,,Average,Default Cost Category,"20 mil, VHB,  double coated clear",TRUE,3.594697222,"3M Company, Inc. Converter Markets",3141,The Strouse Corporation,TRUE,3.594697222,,,5000 Cost of Goods,300000 Sales,13100 Inventory Asset,FALSE
1850,4994-W4.5,4994,Length Units,7,Operations,Strouse-HQ,,Average,Default Cost Category,55# C2S Silicone Release Liner,TRUE,0.05704865,"3M Company, Inc. Converter Markets",3141,The Strouse Corporation,TRUE,0.05704865,,,5000 Cost of Goods,300000 Sales,13100 Inventory Asset,FALSE
1864,4737TL-W48,4737TL,Length Units,7,Operations,Strouse-HQ,,Average,Default Cost Category,"5.1 mil, Vinyl Masking, Fine Line Trans. Blue, Rubber",TRUE,2.270853846,"3M Company, Inc. Converter Markets",3141,The Strouse Corporation,TRUE,2.270853846,,,5000 Cost of Goods,300000 Sales,13100 Inventory Asset,FALSE
1881,F9460PC-W24,F9460PC,Length Units,7,Operations,Strouse-HQ,,Average,Default Cost Category,"2 mil, 100MP, 58# PCK",TRUE,3.440513333,"3M Company, Inc. Converter Markets",3141,The Strouse Corporation,TRUE,3.440513333,,,5000 Cost of Goods,300000 Sales,13100 Inventory Asset,FALSE
1885,9495MP-W54,9495MP,Length Units,7,Operations,Strouse-HQ,,Average,Default Cost Category,"5 mil, 200MP, 58# PCK   - LOG",TRUE,4.732706296,"3M Company, Inc. Converter Markets",3141,The Strouse Corporation,TRUE,4.732706296,,,5000 Cost of Goods,300000 Sales,13100 Inventory Asset,FALSE
1893,F9460PC-W1.25,F9460PC,Length Units,7,Operations,Strouse-HQ,,Average,Default Cost Category,"2 mil, 100MP, 58# PCK",TRUE,0.162722222,"3M Company, Inc. Converter Markets",3141,The Strouse Corporation,TRUE,0.162722222,,,5000 Cost of Goods,300000 Sales,13100 Inventory Asset,FALSE
1907,SJ3560-W1,SJ3560,Length Units,7,Operations,Strouse-HQ,,Average,Default Cost Category,"Dual Lock, Clear Type 250, VHB PSA - request to have bulk packaging. Lot of time unboxing and waste. TF 11/2/2018",TRUE,1.04286,"3M Company, Inc. Converter Markets",3141,The Strouse Corporation,TRUE,1.04286,,,5000 Cost of Goods,300000 Sales,13100 Inventory Asset,FALSE
1911,9009-W3,9009,Length Units,7,Operations,Strouse-HQ,,Average,Default Cost Category,"1.9 mil D/C PET, 300, 55# DK",TRUE,0.153719444,"3M Company, Inc. Converter Markets",3141,The Strouse Corporation,TRUE,0.153719444,,,5000 Cost of Goods,300000 Sales,13100 Inventory Asset,FALSE
1921,444-W16,444,Length Units,7,Operations,Strouse-HQ,,Average,Default Cost Category,"3.8 mil, 300, 55# DK ",TRUE,2.965218519,"3M Company, Inc. Converter Markets",3141,The Strouse Corporation,TRUE,2.965218519,,,5000 Cost of Goods,300000 Sales,13100 Inventory Asset,FALSE
1937,16836-W4.5,16836,Length Units,7,Operations,Strouse-HQ,,Average,Default Cost Category,100# Tag Stock,TRUE,0.01134,Fasson / Avery Dennison Label & Packaging Materials     (acct. 5387),3246,The Strouse Corporation,TRUE,0.01134,,,5000 Cost of Goods,300000 Sales,13100 Inventory Asset,FALSE
1950,966NP-W4.5,966NP,Length Units,7,Operations,Strouse-HQ,,Average,Default Cost Category,"2 mil, 100, 62#DK (unprinted)",TRUE,0.236345926,"3M Company, Inc. Converter Markets",3141,The Strouse Corporation,TRUE,0.236345926,,,5000 Cost of Goods,300000 Sales,13100 Inventory Asset,FALSE
1951,966NP-W3,966NP,Length Units,7,Operations,Strouse-HQ,,Average,Default Cost Category,"2 mil, 100, 62#DK (unprinted)",TRUE,0.115662963,"3M Company, Inc. Converter Markets",3141,The Strouse Corporation,TRUE,0.115662963,,,5000 Cost of Goods,300000 Sales,13100 Inventory Asset,FALSE
2030,5925-W10.236,5925,Length Units,7,Operations,Strouse-HQ,,Average,Default Cost Category,"25 mil, D/C Black Acrylic , VHB ",TRUE,3.97730016,"3M Company, Inc. Converter Markets",3141,The Strouse Corporation,TRUE,3.97730016,,,5000 Cost of Goods,300000 Sales,13100 Inventory Asset,FALSE
2084,2 mil T50-W4,2 mil T50,Length Units,7,Operations,Strouse-HQ,,Average,Default Cost Category,Poly Liner Tight Release,TRUE,0.0383328,Solutia Performance Films,1059,The Strouse Corporation,TRUE,0.0383328,,,5000 Cost of Goods,300000 Sales,13100 Inventory Asset,FALSE
2176,371-W5.669,371,Length Units,7,Operations,Strouse-HQ,,Average,Default Cost Category,"Clear Polypropylene, Hot melt rubber",TRUE,0.041574782,"3M Company, Inc. Converter Markets",3141,The Strouse Corporation,TRUE,0.041574782,,,5000 Cost of Goods,300000 Sales,13100 Inventory Asset,FALSE
2186,4994-W6,4994,Length Units,7,Operations,Strouse-HQ,,Average,Default Cost Category,55# C2S Silicone Release Liner,TRUE,0.076064866,"3M Company, Inc. Converter Markets",3141,The Strouse Corporation,TRUE,0.076064866,,,5000 Cost of Goods,300000 Sales,13100 Inventory Asset,FALSE
2216,2AFR White-W60,2AFR White,Length Units,7,Operations,Strouse-HQ,,Average,Default Cost Category,"Foam, 1/8"" 2AFR White Volara w/PSA-60 - LOG",TRUE,3.1813,Rubberlite,3303,The Strouse Corporation,TRUE,3.1813,,,5000 Cost of Goods,300000 Sales,13100 Inventory Asset,FALSE
2217,9828-W3.125,9828,Length Units,7,Operations,Strouse-HQ,,Average,Default Cost Category,"3.5 mil, PET, D/C, 340, 55# DK",TRUE,0.069194444,"3M Company, Inc. Converter Markets",3141,The Strouse Corporation,TRUE,0.069194444,,,5000 Cost of Goods,300000 Sales,13100 Inventory Asset,FALSE
2247,5952-W6.25,5952,Length Units,7,Operations,Strouse-HQ,,Average,Default Cost Category,"45 mil, D/C Acrylic Foam, VHB",TRUE,4.08267037,"3M Company, Inc. Converter Markets",3141,The Strouse Corporation,TRUE,4.08267037,,,5000 Cost of Goods,300000 Sales,13100 Inventory Asset,FALSE
2257,9828-W2,9828,Length Units,7,Operations,Strouse-HQ,,Average,Default Cost Category,"3.5 mil, PET, D/C, 340, 55# DK",TRUE,0.044283889,"3M Company, Inc. Converter Markets",3141,The Strouse Corporation,TRUE,0.044283889,,,5000 Cost of Goods,300000 Sales,13100 Inventory Asset,FALSE
2265,9472-W6,9472,Length Units,7,Operations,Strouse-HQ,,Average,Default Cost Category,"5 mil, 300, 60#DK",TRUE,0.833906852,"3M Company, Inc. Converter Markets",3141,The Strouse Corporation,TRUE,0.833906852,,,5000 Cost of Goods,300000 Sales,13100 Inventory Asset,FALSE
2267,9471LE-W4,9471LE,Length Units,7,Operations,Strouse-HQ,,Average,Default Cost Category,"2 mil, 300LSE, 58#PCK",TRUE,0.208397222,"3M Company, Inc. Converter Markets",3141,The Strouse Corporation,TRUE,0.208397222,,,5000 Cost of Goods,300000 Sales,13100 Inventory Asset,FALSE
2291,HDS-90-W2.25,HDS-90,Length Units,7,Operations,Strouse-HQ,,Average,Default Cost Category,Silicone Free Release Liner,TRUE,0.03753,Classic Printers & Converters,3331,The Strouse Corporation,TRUE,0.03753,,,5000 Cost of Goods,300000 Sales,13100 Inventory Asset,FALSE
2300,4712Y-W16,4712Y,Length Units,7,Operations,Strouse-HQ,,Average,Default Cost Category,"5 mil, Rubber, Linered Yellow Vinyl Tape",TRUE,1.246137593,"3M Company, Inc. Converter Markets",3141,The Strouse Corporation,TRUE,1.246137593,,,5000 Cost of Goods,300000 Sales,13100 Inventory Asset,FALSE
2305,467MP-W12,467MP,Length Units,7,Operations,Strouse-HQ,,Average,Default Cost Category,"2 mil, 200MP, 58# PCK",TRUE,0.656538889,"3M Company, Inc. Converter Markets",3141,The Strouse Corporation,TRUE,0.656538889,,,5000 Cost of Goods,300000 Sales,13100 Inventory Asset,FALSE
2312,467MP-W3,467MP,Length Units,7,Operations,Strouse-HQ,,Average,Default Cost Category,"2 mil, 200MP, 58# PCK",TRUE,0.163045139,"3M Company, Inc. Converter Markets",3141,The Strouse Corporation,TRUE,0.163045139,,,5000 Cost of Goods,300000 Sales,13100 Inventory Asset,FALSE
2316,4017-2/90-W56,4017-2/90,Length Units,7,Operations,Strouse-HQ,,Average,Default Cost Category,90 lb. C2S Silicone Release Liner - LOG,TRUE,0.9744,The Griff Network,3251,The Strouse Corporation,TRUE,0.9744,,,5000 Cost of Goods,300000 Sales,13100 Inventory Asset,FALSE
2318,9472LE-W6,9472LE,Length Units,7,Operations,Strouse-HQ,,Average,Default Cost Category,"5 mil, 300LSE, 58# PCK",TRUE,0.467666667,"3M Company, Inc. Converter Markets",3141,The Strouse Corporation,TRUE,0.467666667,,,5000 Cost of Goods,300000 Sales,13100 Inventory Asset,FALSE
2323,MYP-3RS-W1,MYP-3RS,Length Units,7,Operations,Strouse-HQ,,Average,Default Cost Category,Silicone Adhesive Tape - Red,TRUE,0.041203704,Adhesive Tape Products,3237,The Strouse Corporation,TRUE,0.041203704,,,5000 Cost of Goods,300000 Sales,13100 Inventory Asset,FALSE
2347,1.5 mil PET-W6.25,1.5 mil PET,Length Units,7,Operations,Strouse-HQ,,Average,Default Cost Category,1.5 mil Poly C1S Release Liner,TRUE,0.027,The Griff Network,3251,The Strouse Corporation,TRUE,0.027,,,5000 Cost of Goods,300000 Sales,13100 Inventory Asset,FALSE
2367,U6203-W1.75,U6203,Length Units,7,Operations,Strouse-HQ,,Average,Default Cost Category,Urethane Foam w/Acrylic PSA,TRUE,0.8332,Pres-On Tape and Gaskets,3306,The Strouse Corporation,TRUE,0.8332,,,5000 Cost of Goods,300000 Sales,13100 Inventory Asset,FALSE
2371,4737T-W0.75,4737T,Length Units,7,Operations,Strouse-HQ,,Average,Default Cost Category,"5.1 mil, Vinyl Masking, Fine Line Trans. Blue, Rubber",TRUE,0.153237963,"3M Company, Inc. Converter Markets",3141,The Strouse Corporation,TRUE,0.153237963,,,5000 Cost of Goods,300000 Sales,13100 Inventory Asset,FALSE
2390,427-W6,427,Length Units,7,Operations,Strouse-HQ,,Average,Default Cost Category,"5 mil Aluminum Foil, (linered)",TRUE,1.017261111,"3M Company, Inc. Converter Markets",3141,The Strouse Corporation,TRUE,1.017261111,,,5000 Cost of Goods,300000 Sales,13100 Inventory Asset,FALSE
2403,11 mil Brown-W6.25,11 mil Brown,Length Units,7,Operations,Strouse-HQ,,Average,Default Cost Category,11 mil Brown Tag Silicone Release Liner,TRUE,0.1749975,The Griff Network,3251,The Strouse Corporation,TRUE,0.1749975,,,5000 Cost of Goods,300000 Sales,13100 Inventory Asset,FALSE
2405,467MP-W24,467MP,Length Units,7,Operations,Strouse-HQ,,Average,Default Cost Category,"2 mil, 200MP, 58# PCK",TRUE,1.459222222,"3M Company, Inc. Converter Markets",3141,The Strouse Corporation,TRUE,1.459222222,,,5000 Cost of Goods,300000 Sales,13100 Inventory Asset,FALSE
2409,9471LE-W3.5,9471LE,Length Units,7,Operations,Strouse-HQ,,Average,Default Cost Category,"2 mil, 300LSE, 58#PCK",TRUE,0.182037037,"3M Company, Inc. Converter Markets",3141,The Strouse Corporation,TRUE,0.182037037,,,5000 Cost of Goods,300000 Sales,13100 Inventory Asset,FALSE
2412,24950-W6,24950,Length Units,7,Operations,Strouse-HQ,,Average,Default Cost Category,7300 Series C1S Polyester Release Liner,TRUE,0.027595652,"Loparex, LLC.",3287,The Strouse Corporation,TRUE,0.027595652,,,5000 Cost of Goods,300000 Sales,13100 Inventory Asset,FALSE
2415,375 Clear-W1.889,375 Clear,Length Units,7,Operations,Strouse-HQ,,Average,Default Cost Category,"3.1 mil, Clear Box Sealing",TRUE,0.021007317,"3M Company, Inc. Converter Markets",3141,The Strouse Corporation,TRUE,0.021007317,,,5000 Cost of Goods,300000 Sales,13100 Inventory Asset,FALSE
2426,42 lb. C1S S0-W4.5,42 lb. C1S S0,Length Units,7,Operations,Strouse-HQ,,Average,Default Cost Category,2.5 mil 4 2# Easy Release Liner,TRUE,0.015444,"Channeled Resources, Inc. (GMC Coatings)",3277,The Strouse Corporation,TRUE,0.015444,,,5000 Cost of Goods,300000 Sales,13100 Inventory Asset,FALSE
2427,42 lb. C1S S0-W6,42 lb. C1S S0,Length Units,7,Operations,Strouse-HQ,,Average,Default Cost Category,2.5 mil 42# Easy Release Liner,TRUE,0.031176,"Channeled Resources, Inc. (GMC Coatings)",3277,The Strouse Corporation,TRUE,0.031176,,,5000 Cost of Goods,300000 Sales,13100 Inventory Asset,FALSE
2431,7323-W5.25,7323,Length Units,7,Operations,Strouse-HQ,,Average,Default Cost Category,"2 mil Bright Silver PET, TT, 300, 55# DK",TRUE,0.225754169,"3M Company, Inc. Converter Markets",3141,The Strouse Corporation,TRUE,0.225754169,,,5000 Cost of Goods,300000 Sales,13100 Inventory Asset,FALSE
2442,54 lb. C1S S0-W5,54 lb. C1S S0,Length Units,7,Operations,Strouse-HQ,,Average,Default Cost Category,3.2 mil 54 lb. Easy Release C1S Liner,TRUE,0.01506,"Channeled Resources, Inc. (GMC Coatings)",3277,The Strouse Corporation,TRUE,0.01506,,,5000 Cost of Goods,300000 Sales,13100 Inventory Asset,FALSE
2443,54 lb. C1S SL4 (S38)-W9,54 lb. C1S SL4 (S38),Length Units,7,Operations,Strouse-HQ,,Average,Default Cost Category,3.2 mil 54 lb. Medium Release C1S Liner,TRUE,0.0314172,"Channeled Resources, Inc. (GMC Coatings)",3277,The Strouse Corporation,TRUE,0.0314172,,,5000 Cost of Goods,300000 Sales,13100 Inventory Asset,FALSE
2444,54 lb. C1S SL4 (S38)-W7.5,54 lb. C1S SL4 (S38),Length Units,7,Operations,Strouse-HQ,,Average,Default Cost Category,3.2 mil 54 lb. Medium Release C1S Liner,TRUE,0.0369,"Channeled Resources, Inc. (GMC Coatings)",3277,The Strouse Corporation,TRUE,0.0369,,,5000 Cost of Goods,300000 Sales,13100 Inventory Asset,FALSE
2445,54 lb. C1S SL4 (S38)-W10.25,54 lb. C1S SL4 (S38),Length Units,7,Operations,Strouse-HQ,,Average,Default Cost Category,3.2 mil 54 lb. Medium Release C1S Liner,TRUE,0.043542,"Channeled Resources, Inc. (GMC Coatings)",3277,The Strouse Corporation,TRUE,0.043542,,,5000 Cost of Goods,300000 Sales,13100 Inventory Asset,FALSE
2453,TT400 V344 60 LA PFW-W2.84375,TT400 V344 60 LA PFW,Length Units,7,Operations,Strouse-HQ,,Average,Default Cost Category,TT400 V344 60 LA PFW,TRUE,0.145371429,"FLEXcon Company, Inc.",3247,The Strouse Corporation,TRUE,0.145371429,,,5000 Cost of Goods,300000 Sales,13100 Inventory Asset,FALSE
2465,5180-W1.5,5180,Length Units,7,Operations,Strouse-HQ,,Average,Default Cost Category,"3.5 mil, Teflon PTFE, Silicone Adhesive",TRUE,0.609351852,"3M Company, Inc. Converter Markets",3141,The Strouse Corporation,TRUE,0.609351852,,,5000 Cost of Goods,300000 Sales,13100 Inventory Asset,FALSE
2494,1509-W7.5,1509,Length Units,7,Operations,Strouse-HQ,,Average,Default Cost Category,Medical Tape,TRUE,0.463770417,"3M Company, Inc. Converter Markets",3141,The Strouse Corporation,TRUE,0.463770417,,,5000 Cost of Goods,300000 Sales,13100 Inventory Asset,FALSE
2495,4712C-W3.25,4712C,Length Units,7,Operations,Strouse-HQ,,Average,Default Cost Category,"5 mil, Rubber, Linered Clear Vinyl",TRUE,0.57724537,"3M Company, Inc. Converter Markets",3141,The Strouse Corporation,TRUE,0.57724537,,,5000 Cost of Goods,300000 Sales,13100 Inventory Asset,FALSE
2530,9472LE-W24,9472LE,Length Units,7,Operations,Strouse-HQ,,Average,Default Cost Category,"5 mil, 300LSE, 58# PCK",TRUE,2.445722222,"3M Company, Inc. Converter Markets",3141,The Strouse Corporation,TRUE,2.445722222,,,5000 Cost of Goods,300000 Sales,13100 Inventory Asset,FALSE
2540,54 lb. C1S S0-W6,54 lb. C1S S0,Length Units,7,Operations,Strouse-HQ,,Average,Default Cost Category,3.2 mil 54 lb. Easy Release C1S Liner,TRUE,0.0242208,"Channeled Resources, Inc. (GMC Coatings)",3277,The Strouse Corporation,TRUE,0.0242208,,,5000 Cost of Goods,300000 Sales,13100 Inventory Asset,FALSE
2560,966NP-W5.328,966NP,Length Units,7,Operations,Strouse-HQ,,Average,Default Cost Category,"2 mil, 100, 62#DK (unprinted)",TRUE,0.205611111,"3M Company, Inc. Converter Markets",3141,The Strouse Corporation,TRUE,0.205611111,,,5000 Cost of Goods,300000 Sales,13100 Inventory Asset,FALSE
2581,42 lb. C1S S0-W3,42 lb. C1S S0,Length Units,7,Operations,Strouse-HQ,,Average,Default Cost Category,2.5 mil 42# Easy Release Liner,TRUE,0.011272727,"Channeled Resources, Inc. (GMC Coatings)",3277,The Strouse Corporation,TRUE,0.011272727,,,5000 Cost of Goods,300000 Sales,13100 Inventory Asset,FALSE
2594,2364-W59.9213,2364,Length Units,7,Operations,Strouse-HQ,,Average,Default Cost Category,"6.5 mil, Crepe Masking, Nat. Syn. Rubber Blend - JUMBO",TRUE,0.750349224,"3M Company, Inc. Converter Markets",3141,The Strouse Corporation,TRUE,0.750349224,,,5000 Cost of Goods,300000 Sales,13100 Inventory Asset,FALSE
2601,2364-W5,2364,Length Units,7,Operations,Strouse-HQ,,Average,Default Cost Category,"6.5 mil, Crepe Masking, Nat. Syn. Rubber Blend",TRUE,0.19363,"3M Company, Inc. Converter Markets",3141,The Strouse Corporation,TRUE,0.19363,,,5000 Cost of Goods,300000 Sales,13100 Inventory Asset,FALSE
2616,7600-W10,7600,Length Units,7,Operations,Strouse-HQ,,Average,Default Cost Category,"3.5 mil, White Gloss Vinyl, 500, 43# DK",TRUE,0.3754829,"3M Company, Inc. Converter Markets",3141,The Strouse Corporation,TRUE,0.3754829,,,5000 Cost of Goods,300000 Sales,13100 Inventory Asset,FALSE
2635,54 lb. C1S S0-W5.5,54 lb. C1S S0,Length Units,7,Operations,Strouse-HQ,,Average,Default Cost Category,3.2 mil 54 lb. Easy Release C1S Liner,TRUE,0.0191994,"Channeled Resources, Inc. (GMC Coatings)",3277,The Strouse Corporation,TRUE,0.0191994,,,5000 Cost of Goods,300000 Sales,13100 Inventory Asset,FALSE
2637,4994-W2.5,4994,Length Units,7,Operations,Strouse-HQ,,Average,Default Cost Category,55# C2S Silicone Release Liner,TRUE,0.031693716,"3M Company, Inc. Converter Markets",3141,The Strouse Corporation,TRUE,0.031693716,,,5000 Cost of Goods,300000 Sales,13100 Inventory Asset,FALSE
2640,231-W60.629,231,Length Units,7,Operations,Strouse-HQ,,Average,Default Cost Category,"6.1 mil, Rubber, Tan Masking - JUMBO",TRUE,0.582038395,"3M Company, Inc. Converter Markets",3141,The Strouse Corporation,TRUE,0.582038395,,,5000 Cost of Goods,300000 Sales,13100 Inventory Asset,FALSE
2651,54 lb. C1S S0-W3,54 lb. C1S S0,Length Units,7,Operations,Strouse-HQ,,Average,Default Cost Category,3.2 mil 54 lb. Easy Release C1S Liner,TRUE,0.0121104,"Channeled Resources, Inc. (GMC Coatings)",3277,The Strouse Corporation,TRUE,0.0121104,,,5000 Cost of Goods,300000 Sales,13100 Inventory Asset,FALSE
2659,SJ3571-W1,SJ3571,Length Units,7,Operations,Strouse-HQ,,Average,Default Cost Category,"Loop, Hi Performance & Temp, VHB PSA  Black",TRUE,1.013683333,"3M Company, Inc. Converter Markets",3141,The Strouse Corporation,TRUE,1.013683333,,,5000 Cost of Goods,300000 Sales,13100 Inventory Asset,FALSE
2667,2364-W3.5,2364,Length Units,7,Operations,Strouse-HQ,,Average,Default Cost Category,"6.5 mil, Crepe Masking, Nat. Syn. Rubber Blend",TRUE,0.095748657,"3M Company, Inc. Converter Markets",3141,The Strouse Corporation,TRUE,0.095748657,,,5000 Cost of Goods,300000 Sales,13100 Inventory Asset,FALSE
2672,4935-W1.5,4935,Length Units,7,Operations,Strouse-HQ,,Average,Default Cost Category,"3 mil PET, Non Silicone",TRUE,0.134361111,"3M Company, Inc. Converter Markets",3141,The Strouse Corporation,TRUE,0.134361111,,,5000 Cost of Goods,300000 Sales,13100 Inventory Asset,FALSE
2682,213-W48,213,Length Units,7,Operations,Strouse-HQ,,Average,Default Cost Category,High Performance Masking Tape - JUMBO  6.5 mil,TRUE,4.411768519,"3M Company, Inc. Converter Markets",3141,The Strouse Corporation,TRUE,4.411768519,,,5000 Cost of Goods,300000 Sales,13100 Inventory Asset,FALSE
2712,4935-W2.125,4935,Length Units,7,Operations,Strouse-HQ,,Average,Default Cost Category,"3 mil PET, Non Silicone",TRUE,0.268853333,"3M Company, Inc. Converter Markets",3141,The Strouse Corporation,TRUE,0.268853333,,,5000 Cost of Goods,300000 Sales,13100 Inventory Asset,FALSE
2713,4935-W1,4935,Length Units,7,Operations,Strouse-HQ,,Average,Default Cost Category,"3 mil PET, Non Silicone",TRUE,0.089574074,"3M Company, Inc. Converter Markets",3141,The Strouse Corporation,TRUE,0.089574074,,,5000 Cost of Goods,300000 Sales,13100 Inventory Asset,FALSE
2718,24S56W-Perf12-W12,24S56W-Perf12,Length Units,7,Operations,Strouse-HQ,,Average,Default Cost Category,"White Protective Polyethylene, Perfed every 12""",TRUE,0.232088415,"Pregis PolyMask, Inc.",4045,The Strouse Corporation,TRUE,0.232088415,,,5000 Cost of Goods,300000 Sales,13100 Inventory Asset,FALSE
2721,FLX000306-W3,FLX000306,Length Units,7,Operations,Strouse-HQ,,Average,Default Cost Category,DPM FW Flex White Vinyl Hi-Perf Adh Roll Liner,TRUE,0.05652,"FLEXcon Company, Inc.",3247,The Strouse Corporation,TRUE,0.05652,,,5000 Cost of Goods,300000 Sales,13100 Inventory Asset,FALSE
2742,42 lb. C1S S0-W6.5,42 lb. C1S S0,Length Units,7,Operations,Strouse-HQ,,Average,Default Cost Category,2.5 mil 42# Easy Release Liner,TRUE,0.02418,"Channeled Resources, Inc. (GMC Coatings)",3277,The Strouse Corporation,TRUE,0.02418,,,5000 Cost of Goods,300000 Sales,13100 Inventory Asset,FALSE
2775,FLX000306-W4.75,FLX000306,Length Units,7,Operations,Strouse-HQ,,Average,Default Cost Category,DPM FW Flex White Vinyl Hi-Perf Adh Roll Liner,TRUE,0.09519,"FLEXcon Company, Inc.",3247,The Strouse Corporation,TRUE,0.09519,,,5000 Cost of Goods,300000 Sales,13100 Inventory Asset,FALSE
2792,468MP-W12,468MP,Length Units,7,Operations,Strouse-HQ,,Average,Default Cost Category,"5 mil, 200MP, 58#PCK",TRUE,1.008876296,"3M Company, Inc. Converter Markets",3141,The Strouse Corporation,TRUE,1.008876296,,,5000 Cost of Goods,300000 Sales,13100 Inventory Asset,FALSE
2819,42 lb. C1S S0-W1.5,42 lb. C1S S0,Length Units,7,Operations,Strouse-HQ,,Average,Default Cost Category,2.5 mil 42# Easy Release Liner,TRUE,0.005148,"Channeled Resources, Inc. (GMC Coatings)",3277,The Strouse Corporation,TRUE,0.005148,,,5000 Cost of Goods,300000 Sales,13100 Inventory Asset,FALSE
2821,78 lb. C1S S45-W15,78 lb. C1S S45,Length Units,7,Operations,Strouse-HQ,,Average,Default Cost Category,4.4 mil 78 lb. Medium Release C1S Liner,TRUE,0.06426,"Channeled Resources, Inc. (GMC Coatings)",3277,The Strouse Corporation,TRUE,0.06426,,,5000 Cost of Goods,300000 Sales,13100 Inventory Asset,FALSE
2823,9471LE-W6,9471LE,Length Units,7,Operations,Strouse-HQ,,Average,Default Cost Category,"2 mil, 300LSE, 58#PCK",TRUE,0.298509547,"3M Company, Inc. Converter Markets",3141,The Strouse Corporation,TRUE,0.298509547,,,5000 Cost of Goods,300000 Sales,13100 Inventory Asset,FALSE
2829,7876-W4.5,7876,Length Units,7,Operations,Strouse-HQ,,Average,Default Cost Category,"Clear 2 mil PET, 350, 55#DK.",TRUE,0.212682494,"3M Company, Inc. Converter Markets",3141,The Strouse Corporation,TRUE,0.212682494,,,5000 Cost of Goods,300000 Sales,13100 Inventory Asset,FALSE
2838,54 lb. C1S SL4 (S38)-W3.625,54 lb. C1S SL4 (S38),Length Units,7,Operations,Strouse-HQ,,Average,Default Cost Category,3.2 mil 54 lb. Medium Release C1S Liner,TRUE,0.015399,"Channeled Resources, Inc. (GMC Coatings)",3277,The Strouse Corporation,TRUE,0.015399,,,5000 Cost of Goods,300000 Sales,13100 Inventory Asset,FALSE
2847,5905Cpvc-W5.905 - CatID-2847,5905Cpvc,Length Units,7,Operations,Strouse-HQ,,Average,Default Cost Category,Clear UPVC,TRUE,0.021250385,Adhesive Tape Products,3237,The Strouse Corporation,TRUE,0.021250385,,,5000 Cost of Goods,300000 Sales,13100 Inventory Asset,FALSE
2852,MBDestan0240500-W24,MBDestan0240500,Length Units,7,Operations,Strouse-HQ,,Average,Default Cost Category,"CSM - Monterey Bay Tan, No Power Film",TRUE,0,"Infrared Tools, LLC ( IR.TOOLS )",3581,The Strouse Corporation,TRUE,0,,,5000 Cost of Goods,300000 Sales,13100 Inventory Asset,FALSE
2866,54 lb. C1S S0-W4,54 lb. C1S S0,Length Units,7,Operations,Strouse-HQ,,Average,Default Cost Category,3.2 mil 54 lb. Easy Release C1S Liner,TRUE,0.021168,"Channeled Resources, Inc. (GMC Coatings)",3277,The Strouse Corporation,TRUE,0.021168,,,5000 Cost of Goods,300000 Sales,13100 Inventory Asset,FALSE
2875,I86-IR48-00C150-W0.75,I86-IR48-00C150,Length Units,7,Operations,Strouse-HQ,,Average,Default Cost Category,CSM - Night Vision Material                           P/N-IR-IFF-ACU075P/B,TRUE,0,AirBoss Defense Group / Immediate Response Technologies,3571,The Strouse Corporation,TRUE,0,,,5000 Cost of Goods,300000 Sales,13100 Inventory Asset,FALSE
2885,5430-W2,5430,Length Units,7,Operations,Strouse-HQ,,Average,Default Cost Category,"6.5 mil, Clear UHMW, Acrylic Adhesive ",TRUE,2.363140741,"3M Company, Inc. Converter Markets",3141,The Strouse Corporation,TRUE,2.363140741,,,5000 Cost of Goods,300000 Sales,13100 Inventory Asset,FALSE
2932,54 lb. C1S S0-W12,54 lb. C1S S0,Length Units,7,Operations,Strouse-HQ,,Average,Default Cost Category,3.2 mil 54 lb. Easy Release C1S Liner,TRUE,0.051408,"Channeled Resources, Inc. (GMC Coatings)",3277,The Strouse Corporation,TRUE,0.051408,,,5000 Cost of Goods,300000 Sales,13100 Inventory Asset,FALSE
2937,7818-W4.5,7818,Length Units,7,Operations,Strouse-HQ,,Average,Default Cost Category,"3.3 mil Matte Silver PET, TT, 310, 55# DK, ",TRUE,0.252754197,"3M Company, Inc. Converter Markets",3141,The Strouse Corporation,TRUE,0.252754197,,,5000 Cost of Goods,300000 Sales,13100 Inventory Asset,FALSE
2943,55 lb. Tight C1S-W48,55 lb. Tight C1S,Length Units,7,Operations,Strouse-HQ,,Average,Default Cost Category,55 lb. Tight C1S Densified Kraft Release Liner - LOG,TRUE,0.25168,The Griff Network,3251,The Strouse Corporation,TRUE,0.25168,,,5000 Cost of Goods,300000 Sales,13100 Inventory Asset,FALSE
2949,78 lb. C1S S45(BG40)-W2.5,78 lb. C1S S45(BG40),Length Units,7,Operations,Strouse-HQ,,Average,Default Cost Category,4.4 mil 78 lb. Medium Release C1S Liner,TRUE,0.01071,"Channeled Resources, Inc. (GMC Coatings)",3277,The Strouse Corporation,TRUE,0.01071,,,5000 Cost of Goods,300000 Sales,13100 Inventory Asset,FALSE
2966,ECC8154-W54,ECC8154,Length Units,7,Operations,Strouse-HQ,,Average,Default Cost Category,Double Coated Adhesive - LOG,TRUE,0.9522,"Flexcon Industrial, LLC ( formerly known as Arlon Viscor ECP)",3297,The Strouse Corporation,TRUE,0.9522,,,5000 Cost of Goods,300000 Sales,13100 Inventory Asset,FALSE
2968,55 lb. Tight C1S-W3.5,55 lb. Tight C1S,Length Units,7,Operations,Strouse-HQ,,Average,Default Cost Category,55 lb. Tight C1S Densified Kraft Release Liner,TRUE,0.018351667,The Griff Network,3251,The Strouse Corporation,TRUE,0.018351667,,,5000 Cost of Goods,300000 Sales,13100 Inventory Asset,FALSE
2976,54 lb. C1S S0-W7,54 lb. C1S S0,Length Units,7,Operations,Strouse-HQ,,Average,Default Cost Category,3.2 mil 54 lb. Easy Release C1S Liner,TRUE,0.029988,"Channeled Resources, Inc. (GMC Coatings)",3277,The Strouse Corporation,TRUE,0.029988,,,5000 Cost of Goods,300000 Sales,13100 Inventory Asset,FALSE
2978,42 lb. C1S S0-W5.25,42 lb. C1S S0,Length Units,7,Operations,Strouse-HQ,,Average,Default Cost Category,2.5 mil 42# Easy Release Liner,TRUE,0.027279,"Channeled Resources, Inc. (GMC Coatings)",3277,The Strouse Corporation,TRUE,0.027279,,,5000 Cost of Goods,300000 Sales,13100 Inventory Asset,FALSE
2997,25A29C-W3.5,25A29C,Length Units,7,Operations,Strouse-HQ,,Average,Default Cost Category,2.5 mil Clear  Protective Film,TRUE,0.046754896,"3M Company, Inc. Converter Markets",3141,The Strouse Corporation,TRUE,0.046754896,,,5000 Cost of Goods,300000 Sales,13100 Inventory Asset,FALSE
3001,42 lb. C1S S0-W2.75,42 lb. C1S S0,Length Units,7,Operations,Strouse-HQ,,Average,Default Cost Category,2.5 mil 42# Easy Release Liner,TRUE,0.0081708,"Channeled Resources, Inc. (GMC Coatings)",3277,The Strouse Corporation,TRUE,0.0081708,,,5000 Cost of Goods,300000 Sales,13100 Inventory Asset,FALSE
3009,3 mil Polyester-W3,3 mil Polyester,Length Units,7,Operations,Strouse-HQ,,Average,Default Cost Category,3 mil Polyester Clear - Untreated,TRUE,0.0924012,TEAM Plastics,3304,The Strouse Corporation,TRUE,0.0924012,,,5000 Cost of Goods,300000 Sales,13100 Inventory Asset,FALSE
3015,D11511180-W6,D11511180,Length Units,7,Operations,Strouse-HQ,,Average,Default Cost Category,CSM - FEP 50A- .5mil Clear Teflon,TRUE,0,Atlantic Corporation-Raleigh,3567,The Strouse Corporation,TRUE,0,,,5000 Cost of Goods,300000 Sales,13100 Inventory Asset,FALSE
3036,7301C-W48,7301C,Length Units,7,Operations,Strouse-HQ,,Average,Default Cost Category,Protective Tape - Clear - LOG,TRUE,0.251033333,American Biltrite,3238,The Strouse Corporation,TRUE,0.251033333,,,5000 Cost of Goods,300000 Sales,13100 Inventory Asset,FALSE
3039,42 lb. C1S S0-W40,42 lb. C1S S0,Length Units,7,Operations,Strouse-HQ,,Average,Default Cost Category,2.5 mil 42# Easy Release Liner - LOG,TRUE,0.20784,"Channeled Resources, Inc. (GMC Coatings)",3277,The Strouse Corporation,TRUE,0.20784,,,5000 Cost of Goods,300000 Sales,13100 Inventory Asset,FALSE
3053,256-W57,256,Length Units,7,Operations,Strouse-HQ,,Average,Default Cost Category,"5.8 mil, White Flatback Masking, Rubber Adhesive, Printable",TRUE,5.480944444,"3M Company, Inc. Converter Markets",3141,The Strouse Corporation,TRUE,5.480944444,,,5000 Cost of Goods,300000 Sales,13100 Inventory Asset,FALSE
3084,55 lb. Tight C1S-W6,55 lb. Tight C1S,Length Units,7,Operations,Strouse-HQ,,Average,Default Cost Category,55 lb. Tight C1S Densified Kraft Release Liner,TRUE,0.03146,The Griff Network,3251,The Strouse Corporation,TRUE,0.03146,,,5000 Cost of Goods,300000 Sales,13100 Inventory Asset,FALSE
3085,E-100 3 mil-W3.625,E-100 3 mil,Length Units,7,Operations,Strouse-HQ,,Average,Default Cost Category,3 mil  Thermo Bonding Film,TRUE,0.05874,Adhesive Applications,3312,The Strouse Corporation,TRUE,0.05874,,,5000 Cost of Goods,300000 Sales,13100 Inventory Asset,FALSE
3086,9472FL-W54,9472FL,Length Units,7,Operations,Strouse-HQ,,Average,Default Cost Category,5 mil Adhesive Transfer Tape - LOG,TRUE,4.22662963,"3M Company, Inc. Converter Markets",3141,The Strouse Corporation,TRUE,4.22662963,,,5000 Cost of Goods,300000 Sales,13100 Inventory Asset,FALSE
3088,2380-W4,2380,Length Units,7,Operations,Strouse-HQ,,Average,Default Cost Category,"7.5 mil, Crepe Masking, Nat. Syn. Rubber Blend",TRUE,0.079060026,"3M Company, Inc. Converter Markets",3141,The Strouse Corporation,TRUE,0.079060026,,,5000 Cost of Goods,300000 Sales,13100 Inventory Asset,FALSE
3098,22010630-W20,22010630,Length Units,7,Operations,Strouse-HQ,,Average,Default Cost Category,CSM - 20 mil Clear PVC,TRUE,0,Atlas Container formerly RBL Industries,3544,The Strouse Corporation,TRUE,0,,,5000 Cost of Goods,300000 Sales,13100 Inventory Asset,FALSE
3106,14532-W6,14532,Length Units,7,Operations,Strouse-HQ,,Average,Default Cost Category,Uncoated Matte Litho with C2500 adhesive,TRUE,0.02592,Fasson / Avery Dennison Label & Packaging Materials     (acct. 5387),3246,The Strouse Corporation,TRUE,0.02592,,,5000 Cost of Goods,300000 Sales,13100 Inventory Asset,FALSE
3140,231-W57.09,231,Length Units,7,Operations,Strouse-HQ,,Average,Default Cost Category,"6.1 mil, Rubber, Tan Masking - JUMBO",TRUE,1.105040865,"3M Company, Inc. Converter Markets",3141,The Strouse Corporation,TRUE,1.105040865,,,5000 Cost of Goods,300000 Sales,13100 Inventory Asset,FALSE
3145,2380-W6,2380,Length Units,7,Operations,Strouse-HQ,,Average,Default Cost Category,"7.5 mil, Crepe Masking, Nat. Syn. Rubber Blend",TRUE,0.330443889,"3M Company, Inc. Converter Markets",3141,The Strouse Corporation,TRUE,0.330443889,,,5000 Cost of Goods,300000 Sales,13100 Inventory Asset,FALSE
10344,7011-W3,7011,Length Units,7,Operations,Strouse-HQ,,Average,Default Cost Category,"2.3 mil, White Litho Tamper Ind., 320, 43# DK",TRUE,0.070433067,"3M Company, Inc. Converter Markets",3141,The Strouse Corporation,TRUE,0.070433067,,,5000 Cost of Goods,300000 Sales,13100 Inventory Asset,FALSE
10347,4032-W0.75,4032,Length Units,7,Operations,Strouse-HQ,,Average,Default Cost Category,"1/32"", 100, double coated white ",TRUE,0.390275,"3M Company, Inc. Converter Markets",3141,The Strouse Corporation,TRUE,0.390275,,,5000 Cost of Goods,300000 Sales,13100 Inventory Asset,FALSE
10371,5925-W6.25,5925,Length Units,7,Operations,Strouse-HQ,,Average,Default Cost Category,"25 mil, D/C Black Acrylic , VHB ",TRUE,5.102609259,"3M Company, Inc. Converter Markets",3141,The Strouse Corporation,TRUE,5.102609259,,,5000 Cost of Goods,300000 Sales,13100 Inventory Asset,FALSE
10400,4701-30-15188-04-W20,4701-30-15188-04,"Each (Use for Boxes, Bags, Cores, Cases)",3,Operations,Strouse-HQ,,Average,Default Cost Category,"Poron Foam No PSA .188""T",TRUE,0.446153846,Merryweather Foam,3320,The Strouse Corporation,TRUE,0.446153846,,,5000 Cost of Goods,300000 Sales,13100 Inventory Asset,FALSE
10419,FP022102-W5.4,FP022102,Length Units,,Operations,Strouse-HQ,,Average,Default Cost Category,"White Polypropylene, Thermal transfer",TRUE,0.088776978,"3M Company, Emtech",4184,The Strouse Corporation,TRUE,0.088776978,,,5000 Cost of Goods,300000 Sales,13100 Inventory Asset,FALSE
10435,78 lb. C1S BG40-W18,78 lb. C1S BG40,Length Units,,Operations,Strouse-HQ,,Average,Default Cost Category,4.4 mil 78 lb. Medium Release C1S Liner BG40,TRUE,0.100008,"Channeled Resources, Inc. (GMC Coatings)",3277,The Strouse Corporation,TRUE,0.100008,,,5000 Cost of Goods,300000 Sales,13100 Inventory Asset,FALSE
10464,7300-W6,7300,Length Units,,Operations,Strouse-HQ,,Average,Default Cost Category,Masking Film,TRUE,0.013608,"3M Company, Inc. Converter Markets",3141,The Strouse Corporation,TRUE,0.013608,,,5000 Cost of Goods,300000 Sales,13100 Inventory Asset,FALSE
10465,7300-W5.875,7300,Length Units,,Operations,Strouse-HQ,,Average,Default Cost Category,Masking Film,TRUE,0.0133245,"3M Company, Inc. Converter Markets",3141,The Strouse Corporation,TRUE,0.0133245,,,5000 Cost of Goods,300000 Sales,13100 Inventory Asset,FALSE
10467,EL8006-W1.5,EL8006,Length Units,,Operations,Strouse-HQ,,Average,Default Cost Category,1 mil Adhesive Transfer ,TRUE,0.86,"Adhesives Research, Inc.",3301,The Strouse Corporation,TRUE,0.86,,,5000 Cost of Goods,300000 Sales,13100 Inventory Asset,FALSE
10468,EL8001-W1.5,EL8001,Length Units,,Operations,Strouse-HQ,,Average,Default Cost Category,D/F Bonding Tape,TRUE,0.8951436,"Adhesives Research, Inc.",3301,The Strouse Corporation,TRUE,0.8951436,,,5000 Cost of Goods,300000 Sales,13100 Inventory Asset,FALSE
10475,FP022102-W6,FP022102,Length Units,,Operations,Strouse-HQ,,Average,Default Cost Category,"White Polypropylene, Thermal transfer",TRUE,0.143767386,"3M Company, Inc. Converter Markets",3141,The Strouse Corporation,TRUE,0.143767386,,,5000 Cost of Goods,300000 Sales,13100 Inventory Asset,FALSE
10481,2380-W57.0866,2380,Length Units,,Operations,Strouse-HQ,,Average,Default Cost Category,"7.5 mil, Crepe Masking, Nat. Syn. Rubber Blend - JUMBO",TRUE,1.128317015,"3M Company, Inc. Converter Markets",3141,The Strouse Corporation,TRUE,1.128317015,,,5000 Cost of Goods,300000 Sales,13100 Inventory Asset,FALSE
10490,4941-W6.25,4941,Length Units,,Operations,Strouse-HQ,,Average,Default Cost Category,"45 mil, VHB,double coated grey",TRUE,4.917806481,"3M Company, Inc. Converter Markets",3141,The Strouse Corporation,TRUE,4.917806481,,,5000 Cost of Goods,300000 Sales,13100 Inventory Asset,FALSE
10498,468MP-W20,468MP,Length Units,,Operations,Strouse-HQ,,Average,Default Cost Category,"5 mil, 200MP, 58#PCK",TRUE,1.68146037,"3M Company, Inc. Converter Markets",3141,The Strouse Corporation,TRUE,1.68146037,,,5000 Cost of Goods,300000 Sales,13100 Inventory Asset,FALSE
10511,54 lb. C1S SL4 (S38)-W6,54 lb. C1S SL4 (S38),Length Units,,Operations,Strouse-HQ,,Average,Default Cost Category,3.2 mil 54 lb. Medium Release C1S Liner,TRUE,0.027144,"Channeled Resources, Inc. (GMC Coatings)",3277,The Strouse Corporation,TRUE,0.027144,,,5000 Cost of Goods,300000 Sales,13100 Inventory Asset,FALSE
10514,78 lb. C1S S45-W2,78 lb. C1S S45,Length Units,,Operations,Strouse-HQ,,Average,Default Cost Category,4.4 mil 78 lb. Medium Release C1S Liner,TRUE,0.008568,"Channeled Resources, Inc. (GMC Coatings)",3277,The Strouse Corporation,TRUE,0.008568,,,5000 Cost of Goods,300000 Sales,13100 Inventory Asset,FALSE
10519,78 lb. C1S S45-W5.5,78 lb. C1S S45,Length Units,,Operations,Strouse-HQ,,Average,Default Cost Category,4.4 mil 78 lb. Medium Release C1S Liner,TRUE,0.020856,"Channeled Resources, Inc. (GMC Coatings)",3277,The Strouse Corporation,TRUE,0.020856,,,5000 Cost of Goods,300000 Sales,13100 Inventory Asset,FALSE
10561,9671LE-W6,9671LE,Length Units,,Operations,Strouse-HQ,,Average,Default Cost Category,"2 mil, 300LSE, 83# PCK ",TRUE,0.325651543,"3M Company, Inc. Converter Markets",3141,The Strouse Corporation,TRUE,0.325651543,,,5000 Cost of Goods,300000 Sales,13100 Inventory Asset,FALSE
10579,4492W-W2,4492W,Length Units,,Operations,Strouse-HQ,,Average,Default Cost Category,"1/32"", 430, Double Coated White ",TRUE,0.316143519,"3M Company, Inc. Converter Markets",3141,The Strouse Corporation,TRUE,0.316143519,,,5000 Cost of Goods,300000 Sales,13100 Inventory Asset,FALSE
10598,9453LE-W7.75,9453LE,Length Units,,Operations,Strouse-HQ,,Average,Default Cost Category,"3.5 mil, 300LSE, 58# PCK",TRUE,0.652659259,"3M Company, Inc. Converter Markets",3141,The Strouse Corporation,TRUE,0.652659259,,,5000 Cost of Goods,300000 Sales,13100 Inventory Asset,FALSE
10600,54 lb. C1S S0-W9.5,54 lb. C1S S0,Length Units,,Operations,Strouse-HQ,,Average,Default Cost Category,3.2 mil 54 lb. Easy Release C1S Liner,TRUE,0.033162125,"Channeled Resources, Inc. (GMC Coatings)",3277,The Strouse Corporation,TRUE,0.033162125,,,5000 Cost of Goods,300000 Sales,13100 Inventory Asset,FALSE
10606,500Rpvc-W0.5,500Rpvc,Length Units,,Operations,Strouse-HQ,,Average,Default Cost Category,Red UPVC,TRUE,0.0038291,The Strouse Corporation,3138,The Strouse Corporation,TRUE,0.0038291,,,5000 Cost of Goods,300000 Sales,13100 Inventory Asset,FALSE
10620,54 lb. C1S S0-W1.5,54 lb. C1S S0,Length Units,,Operations,Strouse-HQ,,Average,Default Cost Category,3.2 mil 54 lb. Easy Release C1S Liner,TRUE,0.004985971,"Channeled Resources, Inc. (GMC Coatings)",3277,The Strouse Corporation,TRUE,0.004985971,,,5000 Cost of Goods,300000 Sales,13100 Inventory Asset,FALSE
10622,8985K42-W12,8985K42,"Each (Use for Boxes, Bags, Cores, Cases)",3,Operations,Strouse-HQ,,Average,Default Cost Category,"EPDM Rubber 1/16"" Thick",TRUE,1.580833333,McMaster-Carr,3281,The Strouse Corporation,TRUE,1.580833333,,,5000 Cost of Goods,300000 Sales,13100 Inventory Asset,FALSE
10642,55 lb. Tight C1S-W16,55 lb. Tight C1S,Length Units,,Operations,Strouse-HQ,,Average,Default Cost Category,55 lb. Tight C1S Densified Kraft Release Liner,TRUE,0.072,The Griff Network,3251,The Strouse Corporation,TRUE,0.072,,,5000 Cost of Goods,300000 Sales,13100 Inventory Asset,FALSE
10657,181-W6,181,Length Units,,Operations,Strouse-HQ,,Average,Default Cost Category,Autowrap,TRUE,0.068,American Biltrite,3238,The Strouse Corporation,TRUE,0.068,,,5000 Cost of Goods,300000 Sales,13100 Inventory Asset,FALSE
10687,EAD500-W4.25,EAD500,Length Units,,Operations,Strouse-HQ,,Average,Default Cost Category,Membrane Switch Single Linered,TRUE,0.230980741,"3M Company, Inc. Converter Markets",3141,The Strouse Corporation,TRUE,0.230980741,,,5000 Cost of Goods,300000 Sales,13100 Inventory Asset,FALSE
10688,EAD500-W3,EAD500,Length Units,,Operations,Strouse-HQ,,Average,Default Cost Category,Membrane Switch Single Linered,TRUE,0.163044444,"3M Company, Inc. Converter Markets",3141,The Strouse Corporation,TRUE,0.163044444,,,5000 Cost of Goods,300000 Sales,13100 Inventory Asset,FALSE
10692,4712Y-W4,4712Y,Length Units,,Operations,Strouse-HQ,,Average,Default Cost Category,"5 mil, Rubber, Linered Yellow Vinyl Tape",TRUE,0.311534398,"3M Company, Inc. Converter Markets",3141,The Strouse Corporation,TRUE,0.311534398,,,5000 Cost of Goods,300000 Sales,13100 Inventory Asset,FALSE
10697,54 lb. C1S SL4 (S38)-W16,54 lb. C1S SL4 (S38),Length Units,,Operations,Strouse-HQ,,Average,Default Cost Category,3.2 mil 54 lb. Medium Release C1S Liner,TRUE,0.0558528,"Channeled Resources, Inc. (GMC Coatings)",3277,The Strouse Corporation,TRUE,0.0558528,,,5000 Cost of Goods,300000 Sales,13100 Inventory Asset,FALSE
10699,54 lb. C1S SL4 (S38)-W6.5,54 lb. C1S SL4 (S38),Length Units,,Operations,Strouse-HQ,,Average,Default Cost Category,3.2 mil 54 lb. Medium Release C1S Liner,TRUE,0.029406,"Channeled Resources, Inc. (GMC Coatings)",3277,The Strouse Corporation,TRUE,0.029406,,,5000 Cost of Goods,300000 Sales,13100 Inventory Asset,FALSE
10703,54 lb. C1S S0-W6.5,54 lb. C1S S0,Length Units,,Operations,Strouse-HQ,,Average,Default Cost Category,3.2 mil 54 lb. Easy Release C1S Liner,TRUE,0.0226902,"Channeled Resources, Inc. (GMC Coatings)",3277,The Strouse Corporation,TRUE,0.0226902,,,5000 Cost of Goods,300000 Sales,13100 Inventory Asset,FALSE
10708,232-P-W29,232-P,Length Units,,Operations,Strouse-HQ,,Average,Default Cost Category,"6.3 mil, Crepe Masking, Hi Performance, Rubber-LOG",TRUE,0.583139124,"3M Company, Inc. Converter Markets",3141,The Strouse Corporation,TRUE,0.583139124,,,5000 Cost of Goods,300000 Sales,13100 Inventory Asset,FALSE
10711,54 lb. C1S SL4 (S38)-W2.5,54 lb. C1S SL4 (S38),Length Units,,Operations,Strouse-HQ,,Average,Default Cost Category,3.2 mil 54 lb. Medium Release C1S Liner,TRUE,0.009485977,"Channeled Resources, Inc. (GMC Coatings)",3277,The Strouse Corporation,TRUE,0.009485977,,,5000 Cost of Goods,300000 Sales,13100 Inventory Asset,FALSE
10721,2364-W0.25,2364,Length Units,,Operations,Strouse-HQ,,Average,Default Cost Category,"6.5 mil, Crepe Masking, Nat. Syn. Rubber Blend",TRUE,0.00683919,"3M Company, Inc. Converter Markets",3141,The Strouse Corporation,TRUE,0.00683919,,,5000 Cost of Goods,300000 Sales,13100 Inventory Asset,FALSE
10735,FR83 (5mil)-W7.5,FR83 (5mil),Length Units,,Operations,Strouse-HQ,,Average,Default Cost Category,5 mil Black Lexan ,TRUE,0.31,Polymershapes - Devans,4185,The Strouse Corporation,TRUE,0.31,,,5000 Cost of Goods,300000 Sales,13100 Inventory Asset,FALSE
10740,2393-W57.8,2393,Length Units,,Operations,Strouse-HQ,,Average,Default Cost Category,2393 Jumbo Masking Tape - JUMBO,TRUE,0.799214708,"3M Company, Inc. Converter Markets",3141,The Strouse Corporation,TRUE,0.799214708,,,5000 Cost of Goods,300000 Sales,13100 Inventory Asset,FALSE
10743,54 lb. C1S SL4 (S38)-W4.5,54 lb. C1S SL4 (S38),Length Units,,Operations,Strouse-HQ,,Average,Default Cost Category,3.2 mil 54 lb. Medium Release C1S Liner,TRUE,0.019116,"Channeled Resources, Inc. (GMC Coatings)",3277,The Strouse Corporation,TRUE,0.019116,,,5000 Cost of Goods,300000 Sales,13100 Inventory Asset,FALSE
10754,DPM Silver VL-W3.75,DPM Silver VL,Length Units,,Operations,Strouse-HQ,,Average,Default Cost Category,"Silver Polyester  (2 mil, water based acrylic PSA 50# Bleached Kraft Liner)",TRUE,0.06795,"FLEXcon Company, Inc.",3247,The Strouse Corporation,TRUE,0.06795,,,5000 Cost of Goods,300000 Sales,13100 Inventory Asset,FALSE
10782,FV003602-W7.25,FV003602,Length Units,,Operations,Strouse-HQ,,Average,Default Cost Category,.0035 Soft Translucent Vinyl ,TRUE,0.120669,"3M Company, Inc. Converter Markets",3141,The Strouse Corporation,TRUE,0.120669,,,5000 Cost of Goods,300000 Sales,13100 Inventory Asset,FALSE
10790,FV003602-W5,FV003602,Length Units,,Operations,Strouse-HQ,,Average,Default Cost Category,.0035 Soft Translucent Vinyl ,TRUE,0.089105556,"3M Company, Inc. Converter Markets",3141,The Strouse Corporation,TRUE,0.089105556,,,5000 Cost of Goods,300000 Sales,13100 Inventory Asset,FALSE
11747,9471-W5.75,9471,Length Units,,Operations,Strouse-HQ,,Average,Default Cost Category,"2 mil, 300, 60#DK Adhesive Transfer Tape",TRUE,0.397478519,"3M Company, Inc. Converter Markets",3141,The Strouse Corporation,TRUE,0.397478519,,,5000 Cost of Goods,300000 Sales,13100 Inventory Asset,FALSE
11760,42 lb. C1S S0-W9.5,42 lb. C1S S0,Length Units,,Operations,Strouse-HQ,,Average,Default Cost Category,2.5 mil 42# Easy Release Liner,TRUE,0.035340573,"Channeled Resources, Inc. (GMC Coatings)",3277,The Strouse Corporation,TRUE,0.035340573,,,5000 Cost of Goods,300000 Sales,13100 Inventory Asset,FALSE
11769,9471-W2,9471,Length Units,,Operations,Strouse-HQ,,Average,Default Cost Category,"2 mil, 300, 60#DK",TRUE,0.138253333,"3M Company, Inc. Converter Markets",3141,The Strouse Corporation,TRUE,0.138253333,,,5000 Cost of Goods,300000 Sales,13100 Inventory Asset,FALSE
11772,54 lb. C1S SL4 (S38)-W4.75,54 lb. C1S SL4 (S38),Length Units,,Operations,Strouse-HQ,,Average,Default Cost Category,3.2 mil 54 lb. Medium Release C1S Liner,TRUE,0.01701765,"Channeled Resources, Inc. (GMC Coatings)",3277,The Strouse Corporation,TRUE,0.01701765,,,5000 Cost of Goods,300000 Sales,13100 Inventory Asset,FALSE
11782,468MP-W6,468MP,Length Units,,Operations,Strouse-HQ,,Average,Default Cost Category,"5 mil, 200MP, 58#PCK",TRUE,0.504437778,"3M Company, Inc. Converter Markets",3141,The Strouse Corporation,TRUE,0.504437778,,,5000 Cost of Goods,300000 Sales,13100 Inventory Asset,FALSE
11785,5952-W12,5952,Length Units,,Operations,Strouse-HQ,,Average,Default Cost Category,"45 mil, D/C Acrylic Foam, VHB",TRUE,10.22096852,"3M Company, Inc. Converter Markets",3141,The Strouse Corporation,TRUE,10.22096852,,,5000 Cost of Goods,300000 Sales,13100 Inventory Asset,FALSE
11796,54 lb. C1S S0-W2.5,54 lb. C1S S0,Length Units,,Operations,Strouse-HQ,,Average,Default Cost Category,3.2 mil 54 lb. Easy Release C1S Liner,TRUE,0.008309951,"Channeled Resources, Inc. (GMC Coatings)",3277,The Strouse Corporation,TRUE,0.008309951,,,5000 Cost of Goods,300000 Sales,13100 Inventory Asset,FALSE
11807,8752K611-W24,8752K611,"Each (Use for Boxes, Bags, Cores, Cases)",3,Operations,Strouse-HQ,,Average,Default Cost Category,"UNTREATED - UHMW Polyethylene 1/8"" Thick White 24"" x 48""",TRUE,0.704375,McMaster-Carr,3281,The Strouse Corporation,TRUE,0.704375,,,5000 Cost of Goods,300000 Sales,13100 Inventory Asset,FALSE
11829,54 lb. C1S SL4 (S38)-W3,54 lb. C1S SL4 (S38),Length Units,,Operations,Strouse-HQ,,Average,Default Cost Category,3.2 mil 54 lb. Medium Release C1S Liner,TRUE,0.009972,"Channeled Resources, Inc. (GMC Coatings)",3277,The Strouse Corporation,TRUE,0.009972,,,5000 Cost of Goods,300000 Sales,13100 Inventory Asset,FALSE
11832,5066-W4.363,5066,Length Units,,Operations,Strouse-HQ,,Average,Default Cost Category,"2 mil, Clear PET Liner",TRUE,0.04607328,"3M Company, Inc. Converter Markets",3141,The Strouse Corporation,TRUE,0.04607328,,,5000 Cost of Goods,300000 Sales,13100 Inventory Asset,FALSE
11838,42 lb. C1S S0-W2.5,42 lb. C1S S0,Length Units,,Operations,Strouse-HQ,,Average,Default Cost Category,2.5 mil 42# Easy Release Liner,TRUE,0.00858,"Channeled Resources, Inc. (GMC Coatings)",3277,The Strouse Corporation,TRUE,0.00858,,,5000 Cost of Goods,300000 Sales,13100 Inventory Asset,FALSE
11841,54 lb. C1S SL4 (S38)-W1.25,54 lb. C1S SL4 (S38),Length Units,,Operations,Strouse-HQ,,Average,Default Cost Category,3.2 mil 54 lb. Medium Release C1S Liner,TRUE,0.004363494,"Channeled Resources, Inc. (GMC Coatings)",3277,The Strouse Corporation,TRUE,0.004363494,,,5000 Cost of Goods,300000 Sales,13100 Inventory Asset,FALSE
11886,54 lb. C1S S0-W8,54 lb. C1S S0,Length Units,,Operations,Strouse-HQ,,Average,Default Cost Category,3.2 mil 54 lb. Easy Release C1S Liner,TRUE,0.042336,"Channeled Resources, Inc. (GMC Coatings)",3277,The Strouse Corporation,TRUE,0.042336,,,5000 Cost of Goods,300000 Sales,13100 Inventory Asset,FALSE
11892,4930-W0.875,4930,Length Units,,Operations,Strouse-HQ,,Average,Default Cost Category,"Foam, 25 mil, VHB, double coated white",TRUE,0.653009259,"3M Company, Inc. Converter Markets",3141,The Strouse Corporation,TRUE,0.653009259,,,5000 Cost of Goods,300000 Sales,13100 Inventory Asset,FALSE
11902,54 lb. C1S S0-W3.1875,54 lb. C1S S0,Length Units,,Operations,Strouse-HQ,,Average,Default Cost Category,3.2 mil 54 lb. Easy Release C1S Liner,TRUE,0.007038,"Channeled Resources, Inc. (GMC Coatings)",3277,The Strouse Corporation,TRUE,0.007038,,,5000 Cost of Goods,300000 Sales,13100 Inventory Asset,FALSE
11920,7301C-W3.5,7301C,Length Units,,Operations,Strouse-HQ,,Average,Default Cost Category,Protective Tape - Clear,TRUE,0.018304514,American Biltrite,3238,The Strouse Corporation,TRUE,0.018304514,,,5000 Cost of Goods,300000 Sales,13100 Inventory Asset,FALSE
11951,4905-W6.25,4905,Length Units,,Operations,Strouse-HQ,,Average,Default Cost Category,"20 mil, VHB,  double coated clear",TRUE,3.200787037,"3M Company, Inc. Converter Markets",3141,The Strouse Corporation,TRUE,3.200787037,,,5000 Cost of Goods,300000 Sales,13100 Inventory Asset,FALSE
11964,7 mil Clear PET-W10,7 mil Clear PET,Length Units,,Operations,Strouse-HQ,,Average,Default Cost Category,7 mil Clear Polyester,TRUE,0.197064,TEAM Plastics,3304,The Strouse Corporation,TRUE,0.197064,,,5000 Cost of Goods,300000 Sales,13100 Inventory Asset,FALSE
11974,78 lb. C1S S45(BG40)-W3.5,78 lb. C1S S45(BG40),Length Units,,Operations,Strouse-HQ,,Average,Default Cost Category,4.4 mil 78 lb. Medium Release C1S Liner,TRUE,0.023094595,"Channeled Resources, Inc. (GMC Coatings)",3277,The Strouse Corporation,TRUE,0.023094595,,,5000 Cost of Goods,300000 Sales,13100 Inventory Asset,FALSE
11992,54 lb. C1S SL4 (S38)-W2,54 lb. C1S SL4 (S38),Length Units,,Operations,Strouse-HQ,,Average,Default Cost Category,3.2 mil 54 lb. Medium Release C1S Liner,TRUE,0.010584,"Channeled Resources, Inc. (GMC Coatings)",3277,The Strouse Corporation,TRUE,0.010584,,,5000 Cost of Goods,300000 Sales,13100 Inventory Asset,FALSE
11999,3188C-W2.5,3188C,Length Units,,Operations,Strouse-HQ,,Average,Default Cost Category,3 mil Clear PE Protective Film,TRUE,0.0546,"3M Company, Inc. Converter Markets",3141,The Strouse Corporation,TRUE,0.0546,,,5000 Cost of Goods,300000 Sales,13100 Inventory Asset,FALSE
12044,4492W-W4,4492W,Length Units,,Operations,Strouse-HQ,,Average,Default Cost Category,"1/32"", 430, Double Coated White ",TRUE,0.63225,"3M Company, Inc. Converter Markets",3141,The Strouse Corporation,TRUE,0.63225,,,5000 Cost of Goods,300000 Sales,13100 Inventory Asset,FALSE
12082,5905DkGpvc-W5.905,5905DkGpvc,Length Units,,Operations,Strouse-HQ,,Average,Default Cost Category,Dark Green UPVC  (150mm),TRUE,0.032174985,Adhesive Tape Printers LLC,3339,The Strouse Corporation,TRUE,0.032174985,,,5000 Cost of Goods,300000 Sales,13100 Inventory Asset,FALSE
12123,7300-W36,7300,Length Units,,Operations,Strouse-HQ,,Average,Default Cost Category,Masking Film - LOG,TRUE,0.138694533,"3M Company, Inc. Converter Markets",3141,The Strouse Corporation,TRUE,0.138694533,,,5000 Cost of Goods,300000 Sales,13100 Inventory Asset,FALSE
12128,250DkBlupvc-W0.25,250DkBlupvc,Length Units,,Operations,Strouse-HQ,,Average,Default Cost Category,Dark Blue UPVC,TRUE,0.00191455,The Strouse Corporation,3138,The Strouse Corporation,TRUE,0.00191455,,,5000 Cost of Goods,300000 Sales,13100 Inventory Asset,FALSE
12139,10 mil Poly-W6,10 mil Poly,Length Units,,Operations,Strouse-HQ,,Average,Default Cost Category,10 mil Clear Polyester,TRUE,0.23544,"Transcendia (Transilwrap Company, Inc.)",3266,The Strouse Corporation,TRUE,0.23544,,,5000 Cost of Goods,300000 Sales,13100 Inventory Asset,FALSE
12163,10092-W1.75,10092,Length Units,,Operations,Strouse-HQ,,Average,Default Cost Category,1 mil Clear Poly Overlam,TRUE,0.022548,"FLEXcon Company, Inc.",3247,The Strouse Corporation,TRUE,0.022548,,,5000 Cost of Goods,300000 Sales,13100 Inventory Asset,FALSE
12225,54 lb. C1S SL4 (S38)-W4.25,54 lb. C1S SL4 (S38),Length Units,,Operations,Strouse-HQ,,Average,Default Cost Category,3.2 mil 54 lb. Medium Release C1S Liner,TRUE,0.00296718,"Channeled Resources, Inc. (GMC Coatings)",3277,The Strouse Corporation,TRUE,0.00296718,,,5000 Cost of Goods,300000 Sales,13100 Inventory Asset,FALSE
12232,9671LE-W1.875,9671LE,Length Units,,Operations,Strouse-HQ,,Average,Default Cost Category,"2 mil, 300LSE, 83# PCK ",TRUE,0.108137404,"3M Company, Inc. Converter Markets",3141,The Strouse Corporation,TRUE,0.108137404,,,5000 Cost of Goods,300000 Sales,13100 Inventory Asset,FALSE
12244,7300-W4,7300,Length Units,,Operations,Strouse-HQ,,Average,Default Cost Category,Masking Film,TRUE,0.039982933,"3M Company, Inc. Converter Markets",3141,The Strouse Corporation,TRUE,0.039982933,,,5000 Cost of Goods,300000 Sales,13100 Inventory Asset,FALSE
12249,4941-W6,4941,Length Units,,Operations,Strouse-HQ,,Average,Default Cost Category,"45 mil, VHB, double coated grey",TRUE,5.896739815,"3M Company, Inc. Converter Markets",3141,The Strouse Corporation,TRUE,5.896739815,,,5000 Cost of Goods,300000 Sales,13100 Inventory Asset,FALSE
12254,1043-W3.75,1043,Length Units,,Operations,Strouse-HQ,,Average,Default Cost Category,"Polyester, 1 mil DuPont Mylar Grade A",TRUE,0.012525,"Transcendia (Transilwrap Company, Inc.)",3266,The Strouse Corporation,TRUE,0.012525,,,5000 Cost of Goods,300000 Sales,13100 Inventory Asset,FALSE
12256,78 lb. C1S S0-W5,78 lb. C1S S0,Length Units,,Operations,Strouse-HQ,,Average,Default Cost Category,4.4 mil 78 lb. Easy Release C1S Liner,TRUE,0.01824,"Channeled Resources, Inc. (GMC Coatings)",3277,The Strouse Corporation,TRUE,0.01824,,,5000 Cost of Goods,300000 Sales,13100 Inventory Asset,FALSE
12264,9832-W4,9832,Length Units,,Operations,Strouse-HQ,,Average,Default Cost Category,"4.8 mil, D/C PET, 300MP, 58# PCK",TRUE,0.131352083,"3M Company, Inc. Converter Markets",3141,The Strouse Corporation,TRUE,0.131352083,,,5000 Cost of Goods,300000 Sales,13100 Inventory Asset,FALSE
12266,42 lb. C1S S0-W4,42 lb. C1S S0,Length Units,,Operations,Strouse-HQ,,Average,Default Cost Category,2.5 mil 42# Easy Release Liner,TRUE,0.013728,"Channeled Resources, Inc. (GMC Coatings)",3277,The Strouse Corporation,TRUE,0.013728,,,5000 Cost of Goods,300000 Sales,13100 Inventory Asset,FALSE
12271,5905ORpvc-W5.905,5905ORpvc,Length Units,,Operations,Strouse-HQ,,Average,Default Cost Category,Orange UPVC,TRUE,0.03348,Adhesive Tape Printers LLC,3339,The Strouse Corporation,TRUE,0.03348,,,5000 Cost of Goods,300000 Sales,13100 Inventory Asset,FALSE
12301,9832-W2,9832,Length Units,,Operations,Strouse-HQ,,Average,Default Cost Category,"4.8 mil, D/C PET, 300MP, 58# PCK",TRUE,0.065676111,"3M Company, Inc. Converter Markets",3141,The Strouse Corporation,TRUE,0.065676111,,,5000 Cost of Goods,300000 Sales,13100 Inventory Asset,FALSE
12325,8911-W1,8911,Length Units,,Operations,Strouse-HQ,,Average,Default Cost Category,"PET, 2.8 mil, Transparent, Silicone adhesive",TRUE,0.0511188,"3M Company, Inc. Converter Markets",3141,The Strouse Corporation,TRUE,0.0511188,,,5000 Cost of Goods,300000 Sales,13100 Inventory Asset,FALSE
12326,HDS-90-W1.25,HDS-90,Length Units,,Operations,Strouse-HQ,,Average,Default Cost Category,Silicone Free Release Liner,TRUE,0.022098,Classic Printers & Converters,3331,The Strouse Corporation,TRUE,0.022098,,,5000 Cost of Goods,300000 Sales,13100 Inventory Asset,FALSE
12335,54 lb. C1S S0 (BG0)-W2.25,54 lb. C1S S0 (BG0),Length Units,,Operations,Strouse-HQ,,Average,Default Cost Category,3.2 mil 54 lb. Easy Release C1S Liner,TRUE,0.011907,"Channeled Resources, Inc. (GMC Coatings)",3277,The Strouse Corporation,TRUE,0.011907,,,5000 Cost of Goods,300000 Sales,13100 Inventory Asset,FALSE
12346,2517-W2,2517,Length Units,,Operations,Strouse-HQ,,Average,Default Cost Category,Brown Kraft Flatback,TRUE,0.0279624,"3M Company, Inc. Converter Markets",3141,The Strouse Corporation,TRUE,0.0279624,,,5000 Cost of Goods,300000 Sales,13100 Inventory Asset,FALSE
12373,10106-W2.25,10106,Length Units,,Operations,Strouse-HQ,,Average,Default Cost Category,PM100 Clear V23 90PFW,TRUE,0.09774,"FLEXcon Company, Inc.",3247,The Strouse Corporation,TRUE,0.09774,,,5000 Cost of Goods,300000 Sales,13100 Inventory Asset,FALSE
12387,F9460PC-W1,F9460PC,Length Units,,Operations,Strouse-HQ,,Average,Default Cost Category,"2 mil, 100MP, 58# PCK",TRUE,0.137833333,"3M Company, Inc. Converter Markets",3141,The Strouse Corporation,TRUE,0.137833333,,,5000 Cost of Goods,300000 Sales,13100 Inventory Asset,FALSE
12399,ET-92011-W29,ET-92011,Length Units,,Operations,Strouse-HQ,,Average,Default Cost Category,CSM - Sage Green Nomex Outershell Fabric,TRUE,0,Tex Shield,3587,The Strouse Corporation,TRUE,0,,,5000 Cost of Goods,300000 Sales,13100 Inventory Asset,FALSE
12410,ET-92029-W29,ET-92029,Length Units,,Operations,Strouse-HQ,,Average,Default Cost Category,CSM - Black Repair Kit Filter Fabric,TRUE,0,Tex Shield,3587,The Strouse Corporation,TRUE,0,,,5000 Cost of Goods,300000 Sales,13100 Inventory Asset,FALSE
12411,9828-W1.75,9828,Length Units,,Operations,Strouse-HQ,,Average,Default Cost Category,"3.5 mil, PET, D/C, 340, 55# DK",TRUE,0.034819369,"3M Company, Inc. Converter Markets",3141,The Strouse Corporation,TRUE,0.034819369,,,5000 Cost of Goods,300000 Sales,13100 Inventory Asset,FALSE
12414,467MP-W6.125,467MP,Length Units,,Operations,Strouse-HQ,,Average,Default Cost Category,"2 mil, 200MP, 58# PCK",TRUE,0.291544215,"3M Company, Inc. Converter Markets",3141,The Strouse Corporation,TRUE,0.291544215,,,5000 Cost of Goods,300000 Sales,13100 Inventory Asset,FALSE
12422,4611-W12,4611,Length Units,,Operations,Strouse-HQ,,Average,Default Cost Category,"45 mil, D/C Grey Acrylic, VHB ",TRUE,5.459241574,"3M Company, Inc. Converter Markets",3141,The Strouse Corporation,TRUE,5.459241574,,,5000 Cost of Goods,300000 Sales,13100 Inventory Asset,FALSE
12440,1085D-W4.5,1085D,Length Units,,Operations,Strouse-HQ,,Average,Default Cost Category,"Tyvek - 10 mil coated with V-23 adhesive, 50 lb. liner",TRUE,0.121394899,"FLEXcon Company, Inc.",3247,The Strouse Corporation,TRUE,0.121394899,,,5000 Cost of Goods,300000 Sales,13100 Inventory Asset,FALSE
12448,4 mil Blue HDPE-W3,4 mil Blue HDPE,Length Units,,Operations,Strouse-HQ,,Average,Default Cost Category,4 mil S1S Blue HDPE IN,TRUE,0.024321429,The Griff Network,3251,The Strouse Corporation,TRUE,0.024321429,,,5000 Cost of Goods,300000 Sales,13100 Inventory Asset,FALSE
12452,5300-W1.5,5300,Length Units,,Operations,Strouse-HQ,,Average,Default Cost Category,"Tape, clear Polyester Tabbing Tape, Automotive",TRUE,0.137912037,"3M Company, Inc. Converter Markets",3141,The Strouse Corporation,TRUE,0.137912037,,,5000 Cost of Goods,300000 Sales,13100 Inventory Asset,FALSE
12466,9443NP-W1,9443NP,Length Units,,Operations,Strouse-HQ,,Average,Default Cost Category,"6 mil, 700, 62# DK",TRUE,0.092088333,"3M Company, Inc. Converter Markets",3141,The Strouse Corporation,TRUE,0.092088333,,,5000 Cost of Goods,300000 Sales,13100 Inventory Asset,FALSE
12476,4737TL-W4.36,4737TL,Length Units,,Operations,Strouse-HQ,,Average,Default Cost Category,"5.1 mil, Vinyl Masking, Fine Line High Temp Blue, Rubber w/83# Liner",TRUE,0.262380235,"3M Company, Inc. Converter Markets",3141,The Strouse Corporation,TRUE,0.262380235,,,5000 Cost of Goods,300000 Sales,13100 Inventory Asset,FALSE
12486,2950Tpvc-W2.95,2950Tpvc,Length Units,,Operations,Strouse-HQ,,Average,Default Cost Category,Tan UPVC,TRUE,0.012360135,The Strouse Corporation,3138,The Strouse Corporation,TRUE,0.012360135,,,5000 Cost of Goods,300000 Sales,13100 Inventory Asset,FALSE
12500,FM011-W6,FM011,Length Units,,Operations,Strouse-HQ,,Average,Default Cost Category," Label Stock, Polyester, 1 mil Clear",TRUE,0.081057854,"3M Company, Inc. Converter Markets",3141,The Strouse Corporation,TRUE,0.081057854,,,5000 Cost of Goods,300000 Sales,13100 Inventory Asset,FALSE
12511,SCPM-44X-W24,SCPM-44X,Length Units,,Operations,Strouse-HQ,,Average,Default Cost Category,Graphic Arts Pre-Mask,TRUE,0.343842333,"3M Company, Inc. Converter Markets",3141,The Strouse Corporation,TRUE,0.343842333,,,5000 Cost of Goods,300000 Sales,13100 Inventory Asset,FALSE
12513,XY331205-W7.5,XY331205,Length Units,,Operations,Strouse-HQ,,Average,Default Cost Category,"5 mil clear polyester w/Terrapin G coating, 725 PET",TRUE,0.612,Tekra Corp. N.C.,3537,The Strouse Corporation,TRUE,0.612,,,5000 Cost of Goods,300000 Sales,13100 Inventory Asset,FALSE
12554,232-PL-W29,232-PL,Length Units,,Operations,Strouse-HQ,,Average,Default Cost Category,"6.3 mil, Crepe Masking, Hi Performance, Rubber - LOG",TRUE,0.583139124,"3M Company, Inc. Converter Markets",3141,The Strouse Corporation,TRUE,0.583139124,,,5000 Cost of Goods,300000 Sales,13100 Inventory Asset,FALSE
12563,231-PL-W29,231-PL,Length Units,,Operations,Strouse-HQ,,Average,Default Cost Category,"6.1 mil, Rubber, Tan Masking - LOG - Plastic Core",TRUE,0.561333333,"3M Company, Inc. Converter Markets",3141,The Strouse Corporation,TRUE,0.561333333,,,5000 Cost of Goods,300000 Sales,13100 Inventory Asset,FALSE
12571,8901-W5,8901,Length Units,,Operations,Strouse-HQ,,Average,Default Cost Category,"Blue Polyester Tape, Silicone adhesive",TRUE,0.382777778,"3M Company, Inc. Converter Markets",3141,The Strouse Corporation,TRUE,0.382777778,,,5000 Cost of Goods,300000 Sales,13100 Inventory Asset,FALSE
12581,2392-W62.2047,2392,Length Units,,Operations,Strouse-HQ,,Average,Default Cost Category,Masking Tape,TRUE,1.01898208,"3M Company, Inc. Converter Markets",3141,The Strouse Corporation,TRUE,1.01898208,,,5000 Cost of Goods,300000 Sales,13100 Inventory Asset,FALSE
12608,DPM Silver-W2.125,DPM Silver,Length Units,,Operations,Strouse-HQ,,Average,Default Cost Category,"Silver Polyester  (2 mil, solvent- based acrylic PSA 50# Semi-Bleached Kraft Liner)",TRUE,0.072,"FLEXcon Company, Inc.",3247,The Strouse Corporation,TRUE,0.072,,,5000 Cost of Goods,300000 Sales,13100 Inventory Asset,FALSE
12635,4735L-W48,4735L,Length Units,,Operations,Strouse-HQ,,Average,Default Cost Category,"Vinyl, Orange, Linered ",TRUE,2.891335582,"3M Company, Inc. Converter Markets",3141,The Strouse Corporation,TRUE,2.891335582,,,5000 Cost of Goods,300000 Sales,13100 Inventory Asset,FALSE
12638,4941-W3.5,4941,Length Units,,Operations,Strouse-HQ,,Average,Default Cost Category,"45 mil, VHB,double coated grey",TRUE,2.648063272,"3M Company, Inc. Converter Markets",3141,The Strouse Corporation,TRUE,2.648063272,,,5000 Cost of Goods,300000 Sales,13100 Inventory Asset,FALSE
12646,5925-W12,5925,Length Units,,Operations,Strouse-HQ,,Average,Default Cost Category,"25 mil, D/C Black Acrylic , VHB ",TRUE,9.795455556,"3M Company, Inc. Converter Markets",3141,The Strouse Corporation,TRUE,9.795455556,,,5000 Cost of Goods,300000 Sales,13100 Inventory Asset,FALSE
12647,HDS-90-W30,HDS-90,Length Units,,Operations,Strouse-HQ,,Average,Default Cost Category,Silicone Free Release Liner - LOG,TRUE,0.530352,Classic Printers & Converters,3331,The Strouse Corporation,TRUE,0.530352,,,5000 Cost of Goods,300000 Sales,13100 Inventory Asset,FALSE
12650,4735L-W6,4735L,Length Units,,Operations,Strouse-HQ,,Average,Default Cost Category,"Vinyl, Orange, Linered",TRUE,0.344206614,"3M Company, Inc. Converter Markets",3141,The Strouse Corporation,TRUE,0.344206614,,,5000 Cost of Goods,300000 Sales,13100 Inventory Asset,FALSE
12656,Soft Anvil - 50 lb. Glacier Smooth-W4.5,Soft Anvil - 50 lb. Glacier Smooth,Length Units,,Operations,Strouse-HQ,,Average,Default Cost Category,Soft Anvil - 50# Glacier Opaque White Smooth,TRUE,0.00378,Adhesive Tape Products,3237,The Strouse Corporation,TRUE,0.00378,,,5000 Cost of Goods,300000 Sales,13100 Inventory Asset,FALSE
12664,9462P-W8.75,9462P,Length Units,,Operations,Strouse-HQ,,Average,Default Cost Category,"2 mil, Adhesive Transfer, 100, 55# DK",TRUE,0.768567778,"3M Company, Inc. Converter Markets",3141,The Strouse Corporation,TRUE,0.768567778,,,5000 Cost of Goods,300000 Sales,13100 Inventory Asset,FALSE
12701,PM200 White No PS-W6,PM200 White No PS,Length Units,,Operations,Strouse-HQ,,Average,Default Cost Category,"PM200 White No PS, 2 mil white PET",TRUE,0.1116,"FLEXcon Company, Inc.",3247,The Strouse Corporation,TRUE,0.1116,,,5000 Cost of Goods,300000 Sales,13100 Inventory Asset,FALSE
12778,42 lb. C1S S0-W0.75,42 lb. C1S S0,Length Units,,Operations,Strouse-HQ,,Average,Default Cost Category,2.5 mil 42# Easy Release Liner,TRUE,0.00252,"Channeled Resources, Inc. (GMC Coatings)",3277,The Strouse Corporation,TRUE,0.00252,,,5000 Cost of Goods,300000 Sales,13100 Inventory Asset,FALSE
12791,1345-W23,1345,Length Units,,Operations,Strouse-HQ,,Average,Default Cost Category,4 mil embossed tin plated copper foil,TRUE,13.04314815,"3M Company, Inc. Converter Markets",3141,The Strouse Corporation,TRUE,13.04314815,,,5000 Cost of Goods,300000 Sales,13100 Inventory Asset,FALSE
12792,4735-PNL-W48,4735-PNL,Length Units,,Operations,Strouse-HQ,,Average,Default Cost Category,"Vinyl, Orange, UnLinered - LOG",TRUE,2.010258267,"3M Company, Inc. Converter Markets",3141,The Strouse Corporation,TRUE,2.010258267,,,5000 Cost of Goods,300000 Sales,13100 Inventory Asset,FALSE
12815,232-W58.661,232,Length Units,,Operations,Strouse-HQ,,Average,Default Cost Category,"6.3 mil, Crepe Masking, Hi Performance, Rubber - Log",TRUE,1.179569799,"3M Company, Inc. Converter Markets",3141,The Strouse Corporation,TRUE,1.179569799,,,5000 Cost of Goods,300000 Sales,13100 Inventory Asset,FALSE
12823,5002-W2.5,5002,Length Units,,Operations,Strouse-HQ,,Average,Default Cost Category,2 mil Pet Clear Release Liner C1S,TRUE,0.0498,"3M Company, Inc. Converter Markets",3141,The Strouse Corporation,TRUE,0.0498,,,5000 Cost of Goods,300000 Sales,13100 Inventory Asset,FALSE
12841,78 lb. C1S S0-W6,78 lb. C1S S0,Length Units,,Operations,Strouse-HQ,,Average,Default Cost Category,4.4 mil 78 lb. Easy Release C1S Liner,TRUE,0.025704,"Channeled Resources, Inc. (GMC Coatings)",3277,The Strouse Corporation,TRUE,0.025704,,,5000 Cost of Goods,300000 Sales,13100 Inventory Asset,FALSE
12853,4 mil Blue HDPE-W56,4 mil Blue HDPE,Length Units,,Operations,Strouse-HQ,,Average,Default Cost Category,4 mil S1S Blue HDPE IN,TRUE,0.76324375,The Griff Network,3251,The Strouse Corporation,TRUE,0.76324375,,,5000 Cost of Goods,300000 Sales,13100 Inventory Asset,FALSE
12865,510160-W63.385,510160,Length Units,,Operations,Strouse-HQ,,Average,Default Cost Category,CSM - Sage Green Nomex Outershell Fabric,TRUE,0,Tex Shield,3587,The Strouse Corporation,TRUE,0,,,5000 Cost of Goods,300000 Sales,13100 Inventory Asset,FALSE
12871,9576-W27,9576,Length Units,,Operations,Strouse-HQ,,Average,Default Cost Category,"9576, 4 mil D/C  clear polypropylene tape",TRUE,2.105573069,"3M Company, Inc. Converter Markets",3141,The Strouse Corporation,TRUE,2.105573069,,,5000 Cost of Goods,300000 Sales,13100 Inventory Asset,FALSE
12894,1875Tpvc-W0.1875,1875Tpvc,Length Units,,Operations,Strouse-HQ,,Average,Default Cost Category,Tan UPVC,TRUE,0.001355801,The Strouse Corporation,3138,The Strouse Corporation,TRUE,0.001355801,,,5000 Cost of Goods,300000 Sales,13100 Inventory Asset,FALSE
12910,10 mil White PVC-W6,10 mil White PVC,Length Units,,Operations,Strouse-HQ,,Average,Default Cost Category,"10 mil White PVC, general purpose.",TRUE,0.4,"Piedmont Plastics, Inc. Beltsville",3257,The Strouse Corporation,TRUE,0.4,,,5000 Cost of Goods,300000 Sales,13100 Inventory Asset,FALSE
12921,1 mil Clear Polyester-W1.25,1 mil Clear Polyester,Length Units,,Operations,Strouse-HQ,,Average,Default Cost Category,1 mil Clear Polyester,TRUE,0.008602151,TEAM Plastics,3304,The Strouse Corporation,TRUE,0.008602151,,,5000 Cost of Goods,300000 Sales,13100 Inventory Asset,FALSE
12931,DigiSeal-W38,DigiSeal,Length Units,,Operations,Strouse-HQ,,Average,Default Cost Category,"CSM - 6 mil, DigiSeal UV Laminating Film",TRUE,0,Proto Labels,3594,The Strouse Corporation,TRUE,0,,,5000 Cost of Goods,300000 Sales,13100 Inventory Asset,FALSE
12933,250tpvc-W0.25,250tpvc,Length Units,,Operations,Strouse-HQ,,Average,Default Cost Category,Tan UPVC,TRUE,0.001807735,The Strouse Corporation,3138,The Strouse Corporation,TRUE,0.001807735,,,5000 Cost of Goods,300000 Sales,13100 Inventory Asset,FALSE
12937,1526-W6.625,1526,Length Units,,Operations,Strouse-HQ,,Average,Default Cost Category,"Tape, S/C Polyethylene film, 63# hypoallergenic acrylate PSA",TRUE,0.2087512,"3M Company, Inc. Converter Markets",3141,The Strouse Corporation,TRUE,0.2087512,,,5000 Cost of Goods,300000 Sales,13100 Inventory Asset,FALSE
12939,375Tpvc-W0.375,375Tpvc,Length Units,,Operations,Strouse-HQ,,Average,Default Cost Category,Tan UPVC,TRUE,0.001571165,The Strouse Corporation,3138,The Strouse Corporation,TRUE,0.001571165,,,5000 Cost of Goods,300000 Sales,13100 Inventory Asset,FALSE
12943,XY331205-W10.5,XY331205,Length Units,,Operations,Strouse-HQ,,Average,Default Cost Category,"5 mil clear polyester w/Terrapin G coating, 725 PET",TRUE,0.8568,Tekra Corp. N.C.,3537,The Strouse Corporation,TRUE,0.8568,,,5000 Cost of Goods,300000 Sales,13100 Inventory Asset,FALSE
12944,468MP-W3.125,468MP,Length Units,,Operations,Strouse-HQ,,Average,Default Cost Category,"5 mil, 200MP, 58#PCK",TRUE,0.129375,"3M Company, Inc. Converter Markets",3141,The Strouse Corporation,TRUE,0.129375,,,5000 Cost of Goods,300000 Sales,13100 Inventory Asset,FALSE
12945,42 lb. C1S S0-W3.75,42 lb. C1S S0,Length Units,,Operations,Strouse-HQ,,Average,Default Cost Category,2.5 mil 42# Easy Release Liner,TRUE,0.01287,"Channeled Resources, Inc. (GMC Coatings)",3277,The Strouse Corporation,TRUE,0.01287,,,5000 Cost of Goods,300000 Sales,13100 Inventory Asset,FALSE
12960,500Tpvc-W0.5,500Tpvc,Length Units,,Operations,Strouse-HQ,,Average,Default Cost Category,Tan UPVC,TRUE,0.00361547,The Strouse Corporation,3138,The Strouse Corporation,TRUE,0.00361547,,,5000 Cost of Goods,300000 Sales,13100 Inventory Asset,FALSE
12979,2090-W1.89,2090,Length Units,,Operations,Strouse-HQ,,Average,Default Cost Category,"Tape, Masking, Blue Painter's Tape  (48mm x 55M)",TRUE,0.032388889,"3M Company, Inc. Converter Markets",3141,The Strouse Corporation,TRUE,0.032388889,,,5000 Cost of Goods,300000 Sales,13100 Inventory Asset,FALSE
12982,764G-W2,764G,Length Units,,Operations,Strouse-HQ,,Average,Default Cost Category,"5 mil, Vinyl, Green",TRUE,0.039809259,"3M Company, Inc. Converter Markets",3141,The Strouse Corporation,TRUE,0.039809259,,,5000 Cost of Goods,300000 Sales,13100 Inventory Asset,FALSE
12992,SCPM-44X-W6,SCPM-44X,Length Units,,Operations,Strouse-HQ,,Average,Default Cost Category,Graphic Arts Pre-Mask,TRUE,0.0822456,"3M Company, Inc. Converter Markets",3141,The Strouse Corporation,TRUE,0.0822456,,,5000 Cost of Goods,300000 Sales,13100 Inventory Asset,FALSE
12993,SCPM-44X-W18,SCPM-44X,Length Units,,Operations,Strouse-HQ,,Average,Default Cost Category,Graphic Arts Pre-Mask,TRUE,0.365076667,"3M Company, Inc. Converter Markets",3141,The Strouse Corporation,TRUE,0.365076667,,,5000 Cost of Goods,300000 Sales,13100 Inventory Asset,FALSE
12998,8752K611-TR-W24,8752K611-TR,"Each (Use for Boxes, Bags, Cores, Cases)",3,Operations,Strouse-HQ,,Average,Default Cost Category,"TREATED - UHMW Polyethylene 1/8"" Thick White",TRUE,0.625,Inhance Technologies,3595,The Strouse Corporation,TRUE,0.625,,,5000 Cost of Goods,300000 Sales,13100 Inventory Asset,FALSE
13001,4979F-W12,4979F,Length Units,,Operations,Strouse-HQ,,Average,Default Cost Category,"Foam, 62 mil, VHB, double coated, Black",TRUE,2.448,"3M Company, Inc. Converter Markets",3141,The Strouse Corporation,TRUE,2.448,,,5000 Cost of Goods,300000 Sales,13100 Inventory Asset,FALSE
13013,750Tpvc-W0.75,750Tpvc,Length Units,,Operations,Strouse-HQ,,Average,Default Cost Category,Tan UPVC,TRUE,0.005423206,The Strouse Corporation,3138,The Strouse Corporation,TRUE,0.005423206,,,5000 Cost of Goods,300000 Sales,13100 Inventory Asset,FALSE
13023,FV003602-W9,FV003602,Length Units,,Operations,Strouse-HQ,,Average,Default Cost Category,.0035 Soft Translucent Vinyl,TRUE,0.16039,"3M Company, Inc. Converter Markets",3141,The Strouse Corporation,TRUE,0.16039,,,5000 Cost of Goods,300000 Sales,13100 Inventory Asset,FALSE
13030,1000Tpvc-W1,1000Tpvc,Length Units,,Operations,Strouse-HQ,,Average,Default Cost Category,Tan UPVC,TRUE,0.004189876,The Strouse Corporation,3138,The Strouse Corporation,TRUE,0.004189876,,,5000 Cost of Goods,300000 Sales,13100 Inventory Asset,FALSE
13031,1500Tpvc-W1.5,1500Tpvc,Length Units,,Operations,Strouse-HQ,,Average,Default Cost Category,Tan UPVC,TRUE,0.006284815,The Strouse Corporation,3138,The Strouse Corporation,TRUE,0.006284815,,,5000 Cost of Goods,300000 Sales,13100 Inventory Asset,FALSE
13035,"T18-600G-UNCOATED, GRAY 6""-W6","T18-600G-UNCOATED, GRAY 6""",Length Units,,Operations,Strouse-HQ,,Average,Default Cost Category,"CSM - Tedlar Tape, 1.5 mil, Grey",TRUE,0,"TCOM, L.P.",3551,The Strouse Corporation,TRUE,0,,,5000 Cost of Goods,300000 Sales,13100 Inventory Asset,FALSE
13042,5905Wpvc-W5.905,5905Wpvc,Length Units,,Operations,Strouse-HQ,,Average,Default Cost Category,White UPVC,TRUE,0.042698706,Adhesive Tape Printers LLC,3339,The Strouse Corporation,TRUE,0.042698706,,,5000 Cost of Goods,300000 Sales,13100 Inventory Asset,FALSE
13044,5905Ypvc-W5.905,5905Ypvc,Length Units,,Operations,Strouse-HQ,,Average,Default Cost Category,Yellow UPVC,TRUE,0.046182266,Adhesive Tape Printers LLC,3339,The Strouse Corporation,TRUE,0.046182266,,,5000 Cost of Goods,300000 Sales,13100 Inventory Asset,FALSE
13045,54 lb. C1S SL4 (S38)-W1.5,54 lb. C1S SL4 (S38),Length Units,,Operations,Strouse-HQ,,Average,Default Cost Category,3.2 mil 54 lb. Medium Release C1S Liner,TRUE,0.0047448,"Channeled Resources, Inc. (GMC Coatings)",3277,The Strouse Corporation,TRUE,0.0047448,,,5000 Cost of Goods,300000 Sales,13100 Inventory Asset,FALSE
13046,HPN-09809-W42,HPN-09809,Length Units,,Operations,Strouse-HQ,,Average,Default Cost Category,6 mil Natural Latex Sheeting - LOG,TRUE,2.833333333,The Hygenic Corporation,3556,The Strouse Corporation,TRUE,2.833333333,,,5000 Cost of Goods,300000 Sales,13100 Inventory Asset,FALSE
13062,1875DkGpvc-W0.1875,1875DkGpvc,Length Units,,Operations,Strouse-HQ,,Average,Default Cost Category,Dark Green UPVC,TRUE,0.001355801,The Strouse Corporation,3138,The Strouse Corporation,TRUE,0.001355801,,,5000 Cost of Goods,300000 Sales,13100 Inventory Asset,FALSE
13090,KCC08011-W8.5,KCC08011,"Each (Use for Boxes, Bags, Cores, Cases)",3,Operations,Strouse-HQ,,Average,Default Cost Category,8 mil Clear Static Cling Vinyl sheeted,TRUE,0.058763636,Grafix Plastics,3340,The Strouse Corporation,TRUE,0.058763636,,,5000 Cost of Goods,300000 Sales,13100 Inventory Asset,FALSE
13092,8850-W7,8850,Length Units,,Operations,Strouse-HQ,,Average,Default Cost Category,"8850, Silver, Retroreflective",TRUE,2.083226524,"3M Company, Inc. Converter Markets",3141,The Strouse Corporation,TRUE,2.083226524,,,5000 Cost of Goods,300000 Sales,13100 Inventory Asset,FALSE
13101,7300-W11.625,7300,Length Units,,Operations,Strouse-HQ,,Average,Default Cost Category,Masking Film,TRUE,0.0426591,"3M Company, Inc. Converter Markets",3141,The Strouse Corporation,TRUE,0.0426591,,,5000 Cost of Goods,300000 Sales,13100 Inventory Asset,FALSE
13116,1875Blkpvc-W0.1875,1875Blkpvc,Length Units,,Operations,Strouse-HQ,,Average,Default Cost Category,Black UPVC,TRUE,0.000982516,The Strouse Corporation,3138,The Strouse Corporation,TRUE,0.000982516,,,5000 Cost of Goods,300000 Sales,13100 Inventory Asset,FALSE
13117,1875Rpvc-W0.1875,1875Rpvc,Length Units,,Operations,Strouse-HQ,,Average,Default Cost Category,Red UPVC,TRUE,0.001109322,The Strouse Corporation,3138,The Strouse Corporation,TRUE,0.001109322,,,5000 Cost of Goods,300000 Sales,13100 Inventory Asset,FALSE
13118,5905DkBlupvc-W5.905,5905DkBlupvc,Length Units,,Operations,Strouse-HQ,,Average,Default Cost Category,Dark Blue UPVC,TRUE,0.0474762,Adhesive Tape Printers LLC,3339,The Strouse Corporation,TRUE,0.0474762,,,5000 Cost of Goods,300000 Sales,13100 Inventory Asset,FALSE
13119,500Ypvc-W0.5,500Ypvc,Length Units,,Operations,Strouse-HQ,,Average,Default Cost Category,Yellow UPVC,TRUE,0.003471686,The Strouse Corporation,3138,The Strouse Corporation,TRUE,0.003471686,,,5000 Cost of Goods,300000 Sales,13100 Inventory Asset,FALSE
13131,4735L-W8,4735L,Length Units,,Operations,Strouse-HQ,,Average,Default Cost Category,"Vinyl, Orange, Linered",TRUE,0.335043044,"3M Company, Inc. Converter Markets",3141,The Strouse Corporation,TRUE,0.335043044,,,5000 Cost of Goods,300000 Sales,13100 Inventory Asset,FALSE
13137,425TD-W1,425TD,Length Units,,Operations,Strouse-HQ,,Average,Default Cost Category,"Aluminum Foil Tape, Acrylic adhesive",TRUE,0.061261667,"3M Company, Inc. Converter Markets",3141,The Strouse Corporation,TRUE,0.061261667,,,5000 Cost of Goods,300000 Sales,13100 Inventory Asset,FALSE
13138,5354-W0.75,5354,Length Units,,Operations,Strouse-HQ,,Average,Default Cost Category,.125 Thick Weatherban Ribbon Sealant,TRUE,1.269798,"3M Company, Inc. Converter Markets",3141,The Strouse Corporation,TRUE,1.269798,,,5000 Cost of Goods,300000 Sales,13100 Inventory Asset,FALSE
13140,DW14K-W1,DW14K,Length Units,,Operations,Strouse-HQ,,Average,Default Cost Category,Pressure Sensitive Adhesive Tape  - Water Soluble (Wat-N-Tape),TRUE,0.1472,Dissolvo LLC,3341,The Strouse Corporation,TRUE,0.1472,,,5000 Cost of Goods,300000 Sales,13100 Inventory Asset,FALSE
13155,FRA 3502-W5,FRA 3502,Length Units,,Operations,Strouse-HQ,,Average,Default Cost Category,2 mil Clear Polyester Release Liner S1S,TRUE,0.07188,Fox River Associates,4046,The Strouse Corporation,TRUE,0.07188,,,5000 Cost of Goods,300000 Sales,13100 Inventory Asset,FALSE
13156,FRA 3502-W5.32,FRA 3502,Length Units,,Operations,Strouse-HQ,,Average,Default Cost Category,2 mil Clear Polyester Release Liner S1S,TRUE,0.0764803,Fox River Associates,4046,The Strouse Corporation,TRUE,0.0764803,,,5000 Cost of Goods,300000 Sales,13100 Inventory Asset,FALSE
13174,42 lb. C1S S0-W1.25,42 lb. C1S S0,Length Units,,Operations,Strouse-HQ,,Average,Default Cost Category,2.5 mil 42# Easy Release Liner,TRUE,0.00429,"Channeled Resources, Inc. (GMC Coatings)",3277,The Strouse Corporation,TRUE,0.00429,,,5000 Cost of Goods,300000 Sales,13100 Inventory Asset,FALSE
13183,4965-W54,4965,Length Units,,Operations,Strouse-HQ,,Average,Default Cost Category,"8 mil Reinforced Double-sided Polyester, Translucent",TRUE,4.671555556,Tesa Tape,4044,The Strouse Corporation,TRUE,4.671555556,,,5000 Cost of Goods,300000 Sales,13100 Inventory Asset,FALSE
13189,54 lb. C1S SL4 (S38)-W2.25,54 lb. C1S SL4 (S38),Length Units,,Operations,Strouse-HQ,,Average,Default Cost Category,3.2 mil 54 lb. Medium Release C1S Liner,TRUE,0.00956,"Channeled Resources, Inc. (GMC Coatings)",3277,The Strouse Corporation,TRUE,0.00956,,,5000 Cost of Goods,300000 Sales,13100 Inventory Asset,FALSE
13195,4504-W1,4504,Length Units,,Operations,Strouse-HQ,,Average,Default Cost Category,"1/4”, Black Vinyl, 200, S/C",TRUE,1.006666667,"3M Company, Inc. Converter Markets",3141,The Strouse Corporation,TRUE,1.006666667,,,5000 Cost of Goods,300000 Sales,13100 Inventory Asset,FALSE
13196,FV003602-W4,FV003602,Length Units,,Operations,Strouse-HQ,,Average,Default Cost Category,.0035 Soft Translucent Vinyl ,TRUE,0.071284444,"3M Company, Inc. Converter Markets",3141,The Strouse Corporation,TRUE,0.071284444,,,5000 Cost of Goods,300000 Sales,13100 Inventory Asset,FALSE
13208,231-W0.709,231,Length Units,,Operations,Strouse-HQ,,Average,Default Cost Category,"6.1 mil, Rubber, Tan Masking",TRUE,0.010277778,"3M Company, Inc. Converter Markets",3141,The Strouse Corporation,TRUE,0.010277778,,,5000 Cost of Goods,300000 Sales,13100 Inventory Asset,FALSE
13221,SCPM-44X-W12,SCPM-44X,Length Units,,Operations,Strouse-HQ,,Average,Default Cost Category,Graphic Arts Pre-Mask,TRUE,0.204933333,"3M Company, Inc. Converter Markets",3141,The Strouse Corporation,TRUE,0.204933333,,,5000 Cost of Goods,300000 Sales,13100 Inventory Asset,FALSE
13229,5952-W2.5,5952,Length Units,,Operations,Strouse-HQ,,Average,Default Cost Category,"45 mil, D/C Acrylic Foam, VHB",TRUE,1.715368519,"3M Company, Inc. Converter Markets",3141,The Strouse Corporation,TRUE,1.715368519,,,5000 Cost of Goods,300000 Sales,13100 Inventory Asset,FALSE
13230,1085D-W48,1085D,Length Units,,Operations,Strouse-HQ,,Average,Default Cost Category,Tyvek - 10 mil  film ( Spec 75724 ),TRUE,0.72,Fasson / Avery Dennison Label & Packaging Materials     (acct. 5387),3246,The Strouse Corporation,TRUE,0.72,,,5000 Cost of Goods,300000 Sales,13100 Inventory Asset,FALSE
13235,54 lb. C1S SL4 (S38)-W5,54 lb. C1S SL4 (S38),Length Units,,Operations,Strouse-HQ,,Average,Default Cost Category,3.2 mil 54 lb. Medium Release C1S Liner,TRUE,0.017454,"Channeled Resources, Inc. (GMC Coatings)",3277,The Strouse Corporation,TRUE,0.017454,,,5000 Cost of Goods,300000 Sales,13100 Inventory Asset,FALSE
13239,231-W0.236,231,Length Units,,Operations,Strouse-HQ,,Average,Default Cost Category,"6.1 mil, Rubber, Tan Masking",TRUE,0.028608889,"3M Company, Inc. Converter Markets",3141,The Strouse Corporation,TRUE,0.028608889,,,5000 Cost of Goods,300000 Sales,13100 Inventory Asset,FALSE
13332,9415PC-W1.625,9415PC,Length Units,,Operations,Strouse-HQ,,Average,Default Cost Category,"2 mil, 400/1000, 78# PCK (differential adh.)",TRUE,0.178645256,"3M Company, Inc. Converter Markets",3141,The Strouse Corporation,TRUE,0.178645256,,,5000 Cost of Goods,300000 Sales,13100 Inventory Asset,FALSE
13364,PJ9502-W6,PJ9502,Length Units,,Operations,Strouse-HQ,,Average,Default Cost Category,2.6 mil White Polypropylene,TRUE,0.086937818,MacTac,3255,The Strouse Corporation,TRUE,0.086937818,,,5000 Cost of Goods,300000 Sales,13100 Inventory Asset,FALSE
13370,SJ3781-W1,SJ3781,Length Units,,Operations,Strouse-HQ,,Average,Default Cost Category,"Dual Lock Fastener, Type 250",TRUE,0.781084667,"3M Company, Inc. Converter Markets",3141,The Strouse Corporation,TRUE,0.781084667,,,5000 Cost of Goods,300000 Sales,13100 Inventory Asset,FALSE
13371,SJ3751-W1,SJ3751,Length Units,,Operations,Strouse-HQ,,Average,Default Cost Category,"Dual Lock Fastener, Type 400",TRUE,0.787106667,"3M Company, Inc. Converter Markets",3141,The Strouse Corporation,TRUE,0.787106667,,,5000 Cost of Goods,300000 Sales,13100 Inventory Asset,FALSE
13377,SCPM-44X-W6.75,SCPM-44X,Length Units,,Operations,Strouse-HQ,,Average,Default Cost Category,Graphic Arts Pre-Mask,TRUE,0.0471625,"3M Company, Inc. Converter Markets",3141,The Strouse Corporation,TRUE,0.0471625,,,5000 Cost of Goods,300000 Sales,13100 Inventory Asset,FALSE
13383,SCPM-44X-W3,SCPM-44X,Length Units,,Operations,Strouse-HQ,,Average,Default Cost Category,Graphic Arts Pre-Mask,TRUE,0.126852,"3M Company, Inc. Converter Markets",3141,The Strouse Corporation,TRUE,0.126852,,,5000 Cost of Goods,300000 Sales,13100 Inventory Asset,FALSE
13400,TT100 V29 200 Poly SC6 200 Poly H9-W6,TT100 V29 200 Poly SC6 200 Poly H9,Length Units,,Operations,Strouse-HQ,,Average,Default Cost Category,TT100 V29 200 Poly SC6 200 Poly H9,TRUE,0.30312,"FLEXcon Company, Inc.",3247,The Strouse Corporation,TRUE,0.30312,,,5000 Cost of Goods,300000 Sales,13100 Inventory Asset,FALSE
13407,9472LE-W3,9472LE,Length Units,,Operations,Strouse-HQ,,Average,Default Cost Category,"5 mil, 300LSE, 58# PCK",TRUE,0.2142,"3M Company, Inc. Converter Markets",3141,The Strouse Corporation,TRUE,0.2142,,,5000 Cost of Goods,300000 Sales,13100 Inventory Asset,FALSE
13419,54 lb. C1S S0-W3.25,54 lb. C1S S0,Length Units,,Operations,Strouse-HQ,,Average,Default Cost Category,3.2 mil 54 lb. Easy Release C1S Liner,TRUE,0.0131196,"Channeled Resources, Inc. (GMC Coatings)",3277,The Strouse Corporation,TRUE,0.0131196,,,5000 Cost of Goods,300000 Sales,13100 Inventory Asset,FALSE
13427,54 lb. C1S S0-W4.75,54 lb. C1S S0,Length Units,,Operations,Strouse-HQ,,Average,Default Cost Category,3.2 mil 54 lb. Easy Release C1S Liner,TRUE,0.0191748,"Channeled Resources, Inc. (GMC Coatings)",3277,The Strouse Corporation,TRUE,0.0191748,,,5000 Cost of Goods,300000 Sales,13100 Inventory Asset,FALSE
13437,A-454 400 Poly H9 Silicone Side Up-W1.5,A-454 400 Poly H9 Silicone Side Up,Length Units,,Operations,Strouse-HQ,,Average,Default Cost Category,A-454 400 Poly H9 Silicone Side Up,TRUE,0.05346,"FLEXcon Company, Inc.",3247,The Strouse Corporation,TRUE,0.05346,,,5000 Cost of Goods,300000 Sales,13100 Inventory Asset,FALSE
13449,SP-2022-000-39-W6 - CatID-13449,SP-2022-000-39,Length Units,,Operations,Strouse-HQ,,Average,Default Cost Category,"CSM - Copper/ Aluminum metalized 2 mil PET, deep dyed Red",TRUE,0,"Materion Large Area Coatings, LLC.",3601,The Strouse Corporation,TRUE,0,,,5000 Cost of Goods,300000 Sales,13100 Inventory Asset,FALSE
13451,GT7108-W23.622,GT7108,Length Units,,Operations,Strouse-HQ,,Average,Default Cost Category,Foam VHB Tape,TRUE,7.090031481,"3M Company, Inc. Converter Markets",3141,The Strouse Corporation,TRUE,7.090031481,,,5000 Cost of Goods,300000 Sales,13100 Inventory Asset,FALSE
13452,54 lb. C1S S0-W2,54 lb. C1S S0,Length Units,,Operations,Strouse-HQ,,Average,Default Cost Category,3.2 mil 54 lb. Easy Release C1S Liner,TRUE,0.0069816,"Channeled Resources, Inc. (GMC Coatings)",3277,The Strouse Corporation,TRUE,0.0069816,,,5000 Cost of Goods,300000 Sales,13100 Inventory Asset,FALSE
13456,9009-W0.75,9009,Length Units,,Operations,Strouse-HQ,,Average,Default Cost Category,"1.9 mil D/C PET, 300, 55# DK",TRUE,0.044477304,"3M Company, Inc. Converter Markets",3141,The Strouse Corporation,TRUE,0.044477304,,,5000 Cost of Goods,300000 Sales,13100 Inventory Asset,FALSE
13462,92170-W6.75,92170,Length Units,,Operations,Strouse-HQ,,Average,Default Cost Category,"3 mil Anti-Glare protection film, self wetting adhesive",TRUE,3.09744,"Adhesives Research, Inc.",3301,The Strouse Corporation,TRUE,3.09744,,,5000 Cost of Goods,300000 Sales,13100 Inventory Asset,FALSE
13471,92170-W27,92170,Length Units,,Operations,Strouse-HQ,,Average,Default Cost Category,"3 mil Anti-Glare protection film, self wetting adhesive",TRUE,12.38976,"Adhesives Research, Inc.",3301,The Strouse Corporation,TRUE,12.38976,,,5000 Cost of Goods,300000 Sales,13100 Inventory Asset,FALSE
13477,1205-W12.5,1205,Length Units,,Operations,Strouse-HQ,,Average,Default Cost Category,"Tape, polymide film, acrylic adhesive (linerless)",TRUE,2.889348148,"3M Company, Inc. Converter Markets",3141,The Strouse Corporation,TRUE,2.889348148,,,5000 Cost of Goods,300000 Sales,13100 Inventory Asset,FALSE
13478,2364-W1.417,2364,Length Units,,Operations,Strouse-HQ,,Average,Default Cost Category,"6.5 mil, Crepe Masking, Nat. Syn. Rubber Blend",TRUE,0.016333333,"3M Company, Inc. Converter Markets",3141,The Strouse Corporation,TRUE,0.016333333,,,5000 Cost of Goods,300000 Sales,13100 Inventory Asset,FALSE
13480,2693-W1.889,2693,Length Units,,Operations,Strouse-HQ,,Average,Default Cost Category,"8.5 mil, Masking Tape- Tan",TRUE,0.035058333,"3M Company, Inc. Converter Markets",3141,The Strouse Corporation,TRUE,0.035058333,,,5000 Cost of Goods,300000 Sales,13100 Inventory Asset,FALSE
13490,7300-W2.5,7300,Length Units,,Operations,Strouse-HQ,,Average,Default Cost Category,Masking Film,TRUE,0,"3M Company, Inc. Converter Markets",3141,The Strouse Corporation,TRUE,0,,,5000 Cost of Goods,300000 Sales,13100 Inventory Asset,FALSE
13492,2380-W1.417,2380,Length Units,,Operations,Strouse-HQ,,Average,Default Cost Category,"7.5 mil, Crepe Masking, Nat. Syn. Rubber Blend  (36mm)",TRUE,0.018333333,"3M Company, Inc. Converter Markets",3141,The Strouse Corporation,TRUE,0.018333333,,,5000 Cost of Goods,300000 Sales,13100 Inventory Asset,FALSE
13503,TT100 V29 200 Poly SC6 200 Poly H9-W2,TT100 V29 200 Poly SC6 200 Poly H9,Length Units,,Operations,Strouse-HQ,,Average,Default Cost Category,TT100 V29 200 Poly SC6 200 Poly H9,TRUE,0.07872,"FLEXcon Company, Inc.",3247,The Strouse Corporation,TRUE,0.07872,,,5000 Cost of Goods,300000 Sales,13100 Inventory Asset,FALSE
13504,4 mil Clear PET-W6,4 mil Clear PET,Length Units,,Operations,Strouse-HQ,,Average,Default Cost Category,4 mil Clear Polyester (GP),TRUE,0.1512,TEAM Plastics,3304,The Strouse Corporation,TRUE,0.1512,,,5000 Cost of Goods,300000 Sales,13100 Inventory Asset,FALSE
13505,281-W1.89,281,Length Units,,Operations,Strouse-HQ,,Average,Default Cost Category,Black Polycoated Tape - PT3340,TRUE,0.037444444,Elliott Group International,3344,The Strouse Corporation,TRUE,0.037444444,,,5000 Cost of Goods,300000 Sales,13100 Inventory Asset,FALSE
13534,3903-W6,3903,Length Units,,Operations,Strouse-HQ,,Average,Default Cost Category,Vinyl Duct Tape - White,TRUE,0.14601951,"3M Company, Inc. Converter Markets",3141,The Strouse Corporation,TRUE,0.14601951,,,5000 Cost of Goods,300000 Sales,13100 Inventory Asset,FALSE
13536,9672-W48,9672,Length Units,,Operations,Strouse-HQ,,Average,Default Cost Category,"5 mil, 300, 83# PCK",TRUE,5.757119259,"3M Company, Inc. Converter Markets",3141,The Strouse Corporation,TRUE,5.757119259,,,5000 Cost of Goods,300000 Sales,13100 Inventory Asset,FALSE
13540,SJ3530 - Black-W4,SJ3530 - Black,Length Units,,Operations,Strouse-HQ,,Average,Default Cost Category,"Hook, Rubber, Black, General Purpose PSA",TRUE,1.391666667,"3M Company, Inc. Converter Markets",3141,The Strouse Corporation,TRUE,1.391666667,,,5000 Cost of Goods,300000 Sales,13100 Inventory Asset,FALSE
13542,3903-W49,3903,Length Units,,Operations,Strouse-HQ,,Average,Default Cost Category,Vinyl Duct Tape - White - LOG,TRUE,1.252109333,"3M Company, Inc. Converter Markets",3141,The Strouse Corporation,TRUE,1.252109333,,,5000 Cost of Goods,300000 Sales,13100 Inventory Asset,FALSE
13543,42 lb. C1S S0-W6.25,42 lb. C1S S0,Length Units,,Operations,Strouse-HQ,,Average,Default Cost Category,2.5 mil 42# Easy Release Liner ,TRUE,0.032475,"Channeled Resources, Inc. (GMC Coatings)",3277,The Strouse Corporation,TRUE,0.032475,,,5000 Cost of Goods,300000 Sales,13100 Inventory Asset,FALSE
13555,2380-P-W29,2380-P,Length Units,,Operations,Strouse-HQ,,Average,Default Cost Category,"7.5 mil, Crepe Masking, Nat. Syn. Rubber Blend - LOG",TRUE,0.573185186,"3M Company, Inc. Converter Markets",3141,The Strouse Corporation,TRUE,0.573185186,,,5000 Cost of Goods,300000 Sales,13100 Inventory Asset,FALSE
13627,37-10S-1-36-W1,37-10S-1-36,Length Units,,Operations,Strouse-HQ,,Average,Default Cost Category,.002T Silicone adhesive; .010 PEEK backing film,TRUE,2.078981481,"C.S. Hyde Company, Inc.",3351,The Strouse Corporation,TRUE,2.078981481,,,5000 Cost of Goods,300000 Sales,13100 Inventory Asset,FALSE
13635,200 Masking / Thermal Struc.-W35.5,200 Masking / Thermal Struc.,Length Units,,Operations,Strouse-HQ,,Average,Default Cost Category,200 Masking Tape for Thermal Structures,TRUE,0.165978202,The Griff Network,3251,The Strouse Corporation,TRUE,0.165978202,,,5000 Cost of Goods,300000 Sales,13100 Inventory Asset,FALSE
13641,8985K41-W12,8985K41,"Each (Use for Boxes, Bags, Cores, Cases)",3,Operations,Strouse-HQ,,Average,Default Cost Category,"EPDM Rubber 1/32"" Thick",TRUE,1.048333333,McMaster-Carr,3281,The Strouse Corporation,TRUE,1.048333333,,,5000 Cost of Goods,300000 Sales,13100 Inventory Asset,FALSE
13647,2380-W2.834,2380,Length Units,,Operations,Strouse-HQ,,Average,Default Cost Category,"7.5 mil, Crepe Masking, Nat. Syn. Rubber Blend (72mm)",TRUE,0.122408889,"3M Company, Inc. Converter Markets",3141,The Strouse Corporation,TRUE,0.122408889,,,5000 Cost of Goods,300000 Sales,13100 Inventory Asset,FALSE
13648,2364-W1.889,2364,Length Units,,Operations,Strouse-HQ,,Average,Default Cost Category,"6.5 mil, Crepe Masking, Nat. Syn. Rubber Blend",TRUE,0.020777778,"3M Company, Inc. Converter Markets",3141,The Strouse Corporation,TRUE,0.020777778,,,5000 Cost of Goods,300000 Sales,13100 Inventory Asset,FALSE
13653,SCPM-44X-W60,SCPM-44X,Length Units,,Operations,Strouse-HQ,,Average,Default Cost Category,Graphic Arts Pre-Mask - LOG,TRUE,0.8386312,"3M Company, Inc. Converter Markets",3141,The Strouse Corporation,TRUE,0.8386312,,,5000 Cost of Goods,300000 Sales,13100 Inventory Asset,FALSE
13657,UHMW-10A-W3,UHMW-10A,Length Units,,Operations,Strouse-HQ,,Average,Default Cost Category,10mil Linered UHMW with Acrylic Adhesive,TRUE,0.475925926,Adhesive Tape Products,3237,The Strouse Corporation,TRUE,0.475925926,,,5000 Cost of Goods,300000 Sales,13100 Inventory Asset,FALSE
13662,54 lb. C1S S0-W5.25,54 lb. C1S S0,Length Units,,Operations,Strouse-HQ,,Average,Default Cost Category,3.2 mil 54 lb. Easy Release C1S Liner,TRUE,0.0211932,"Channeled Resources, Inc. (GMC Coatings)",3277,The Strouse Corporation,TRUE,0.0211932,,,5000 Cost of Goods,300000 Sales,13100 Inventory Asset,FALSE
13665,4611-W13,4611,Length Units,,Operations,Strouse-HQ,,Average,Default Cost Category,"45 mil, D/C Grey Acrylic, VHB ",TRUE,5.741820988,"3M Company, Inc. Converter Markets",3141,The Strouse Corporation,TRUE,5.741820988,,,5000 Cost of Goods,300000 Sales,13100 Inventory Asset,FALSE
13668,200-W20,200,Length Units,,Operations,Strouse-HQ,,Average,Default Cost Category,"4.5 mil, Rubber, Masking ",TRUE,0.069576,"3M Company, Inc. Converter Markets",3141,The Strouse Corporation,TRUE,0.069576,,,5000 Cost of Goods,300000 Sales,13100 Inventory Asset,FALSE
13675,SCPM-44X-W11.25,SCPM-44X,Length Units,,Operations,Strouse-HQ,,Average,Default Cost Category,Graphic Arts Pre-Mask,TRUE,0.259908,"3M Company, Inc. Converter Markets",3141,The Strouse Corporation,TRUE,0.259908,,,5000 Cost of Goods,300000 Sales,13100 Inventory Asset,FALSE
13676,78 lb. C1S S45 (BG40)-W12.5,78 lb. C1S S45 (BG40),Length Units,,Operations,Strouse-HQ,,Average,Default Cost Category,4.4 mil 78 lb. Medium Release C1S Liner,TRUE,0.05355,"Channeled Resources, Inc. (GMC Coatings)",3277,The Strouse Corporation,TRUE,0.05355,,,5000 Cost of Goods,300000 Sales,13100 Inventory Asset,FALSE
13677,FRA 3502-W6.5,FRA 3502,Length Units,,Operations,Strouse-HQ,,Average,Default Cost Category,2 mil Clear Polyester Release Liner S1S,TRUE,0.070815924,Fox River Associates,4046,The Strouse Corporation,TRUE,0.070815924,,,5000 Cost of Goods,300000 Sales,13100 Inventory Asset,FALSE
13696,SP-2022-000-39-W3 - CatID-13696,SP-2022-000-39,Length Units,,Operations,Strouse-HQ,,Average,Default Cost Category,"CSM - Copper/ Aluminum metalized 2 mil PET, deep dyed Red",TRUE,0,"Materion Large Area Coatings, LLC.",3601,The Strouse Corporation,TRUE,0,,,5000 Cost of Goods,300000 Sales,13100 Inventory Asset,FALSE
13697,TT100 V29 200 Poly SC6 200 Poly H9-W4.6,TT100 V29 200 Poly SC6 200 Poly H9,Length Units,,Operations,Strouse-HQ,,Average,Default Cost Category,TT100 V29 200 Poly SC6 200 Poly H9,TRUE,0.205895981,"FLEXcon Company, Inc.",3247,The Strouse Corporation,TRUE,0.205895981,,,5000 Cost of Goods,300000 Sales,13100 Inventory Asset,FALSE
13698,4 mil Clear PET-W4.6,4 mil Clear PET,Length Units,,Operations,Strouse-HQ,,Average,Default Cost Category,4 mil Clear Polyester (GP),TRUE,0.070037255,TEAM Plastics,3304,The Strouse Corporation,TRUE,0.070037255,,,5000 Cost of Goods,300000 Sales,13100 Inventory Asset,FALSE
13701,TT100 V29 200 Poly SC6 200 Poly H9-W5.4687,TT100 V29 200 Poly SC6 200 Poly H9,Length Units,,Operations,Strouse-HQ,,Average,Default Cost Category,TT100 V29 200 Poly SC6 200 Poly H9,TRUE,0.244778929,"FLEXcon Company, Inc.",3247,The Strouse Corporation,TRUE,0.244778929,,,5000 Cost of Goods,300000 Sales,13100 Inventory Asset,FALSE
13702,TT100 V29 200 Poly SC6 200 Poly H9-W2.5,TT100 V29 200 Poly SC6 200 Poly H9,Length Units,,Operations,Strouse-HQ,,Average,Default Cost Category,TT100 V29 200 Poly SC6 200 Poly H9,TRUE,0.1191,"FLEXcon Company, Inc.",3247,The Strouse Corporation,TRUE,0.1191,,,5000 Cost of Goods,300000 Sales,13100 Inventory Asset,FALSE
13703,TT100 V29 200 Poly SC6 200 Poly H9-W2.75,TT100 V29 200 Poly SC6 200 Poly H9,Length Units,,Operations,Strouse-HQ,,Average,Default Cost Category,TT100 V29 200 Poly SC6 200 Poly H9,TRUE,0.13893,"FLEXcon Company, Inc.",3247,The Strouse Corporation,TRUE,0.13893,,,5000 Cost of Goods,300000 Sales,13100 Inventory Asset,FALSE
13712,232-W0.75,232,Length Units,,Operations,Strouse-HQ,,Average,Default Cost Category,"6.3 mil, Crepe Masking, Hi Performance, Rubber",TRUE,0.037808333,"3M Company, Inc. Converter Markets",3141,The Strouse Corporation,TRUE,0.037808333,,,5000 Cost of Goods,300000 Sales,13100 Inventory Asset,FALSE
13738,T84562001-W37.4,T84562001,Length Units,,Operations,Strouse-HQ,,Average,Default Cost Category,EE 1010L - 3 mm thick foam,TRUE,3.377865854,"Nitto America, Inc.",3256,The Strouse Corporation,TRUE,3.377865854,,,5000 Cost of Goods,300000 Sales,13100 Inventory Asset,FALSE
13743,FRA 354-W6,FRA 354,Length Units,,Operations,Strouse-HQ,,Average,Default Cost Category,2 mil Clear Polyester Release Liner S2S (Easy/Easy),TRUE,0.06408,Fox River Associates,4046,The Strouse Corporation,TRUE,0.06408,,,5000 Cost of Goods,300000 Sales,13100 Inventory Asset,FALSE
13748,2380-W1.889,2380,Length Units,,Operations,Strouse-HQ,,Average,Default Cost Category,"7.5 mil, Crepe Masking, Nat. Syn. Rubber Blend   (48mm)",TRUE,0.029633333,"3M Company, Inc. Converter Markets",3141,The Strouse Corporation,TRUE,0.029633333,,,5000 Cost of Goods,300000 Sales,13100 Inventory Asset,FALSE
13755,SCPM-44X-W14,SCPM-44X,Length Units,,Operations,Strouse-HQ,,Average,Default Cost Category,Graphic Arts Pre-Mask,TRUE,0.393975,"3M Company, Inc. Converter Markets",3141,The Strouse Corporation,TRUE,0.393975,,,5000 Cost of Goods,300000 Sales,13100 Inventory Asset,FALSE
13763,427-W5.5,427,Length Units,,Operations,Strouse-HQ,,Average,Default Cost Category,"5 mil Aluminum Foil, (linered)",TRUE,1.282328904,"3M Company, Inc. Converter Markets",3141,The Strouse Corporation,TRUE,1.282328904,,,5000 Cost of Goods,300000 Sales,13100 Inventory Asset,FALSE
13764,2AFR Black-W60 - CatID-13764,2AFR Black,Length Units,,Operations,Strouse-HQ,,Average,Default Cost Category,"Foam, 1/8"" 2AFR Black Volara w/PSA-60 - LOG",TRUE,2.662,Rubberlite,3303,The Strouse Corporation,TRUE,2.662,,,5000 Cost of Goods,300000 Sales,13100 Inventory Asset,FALSE
13765,54 lb. C1S SL4 (S38)-W6.25,54 lb. C1S SL4 (S38),Length Units,,Operations,Strouse-HQ,,Average,Default Cost Category,3.2 mil 54 lb. Medium Release C1S Liner,TRUE,0.028275,"Channeled Resources, Inc. (GMC Coatings)",3277,The Strouse Corporation,TRUE,0.028275,,,5000 Cost of Goods,300000 Sales,13100 Inventory Asset,FALSE
13779,FP-726-W6,FP-726,Length Units,,Operations,Strouse-HQ,,Average,Default Cost Category,"6 mil, White Flatback Paper Tape, Very high adhesion RBA",TRUE,0.301611111,"Shurtape Technologies, LLC",3259,The Strouse Corporation,TRUE,0.301611111,,,5000 Cost of Goods,300000 Sales,13100 Inventory Asset,FALSE
13805,4926-W1.6875,4926,Length Units,,Operations,Strouse-HQ,,Average,Default Cost Category,"15 mil, VHB, Double Coated Grey",TRUE,1.085138889,"3M Company, Inc. Converter Markets",3141,The Strouse Corporation,TRUE,1.085138889,,,5000 Cost of Goods,300000 Sales,13100 Inventory Asset,FALSE
13807,SCPM-44X-W3.75,SCPM-44X,Length Units,,Operations,Strouse-HQ,,Average,Default Cost Category,Graphic Arts Pre-Mask,TRUE,0.052558685,"3M Company, Inc. Converter Markets",3141,The Strouse Corporation,TRUE,0.052558685,,,5000 Cost of Goods,300000 Sales,13100 Inventory Asset,FALSE
13808,5413-W0.625,5413,Length Units,,Operations,Strouse-HQ,,Average,Default Cost Category,"2.7 mil, Polyimide Film",TRUE,0.321312037,"3M Company, Inc. Converter Markets",3141,The Strouse Corporation,TRUE,0.321312037,,,5000 Cost of Goods,300000 Sales,13100 Inventory Asset,FALSE
13810,54 lb. C1S S0-W12.5,54 lb. C1S S0,Length Units,,Operations,Strouse-HQ,,Average,Default Cost Category,3.2 mil 54 lb. Easy Release C1S Liner,TRUE,0.043635,"Channeled Resources, Inc. (GMC Coatings)",3277,The Strouse Corporation,TRUE,0.043635,,,5000 Cost of Goods,300000 Sales,13100 Inventory Asset,FALSE
13823,RB200S-W4,RB200S,Length Units,,Operations,Strouse-HQ,,Average,Default Cost Category,"0.0018""T, Protective E-mask Film",TRUE,0.11117378,"Nitto America, Inc.",3256,The Strouse Corporation,TRUE,0.11117378,,,5000 Cost of Goods,300000 Sales,13100 Inventory Asset,FALSE
13827,PM200 Tampermark-W3.5,PM200 Tampermark,Length Units,,Operations,Strouse-HQ,,Average,Default Cost Category,Tampermark PM200 White Checkerboard  V156 Spec 50K/Q8,TRUE,0.22008,"FLEXcon Company, Inc.",3247,The Strouse Corporation,TRUE,0.22008,,,5000 Cost of Goods,300000 Sales,13100 Inventory Asset,FALSE
13832,231-W1.8897,231,Length Units,,Operations,Strouse-HQ,,Average,Default Cost Category,"6.1 mil, Rubber, Tan Masking",TRUE,0.026699444,"3M Company, Inc. Converter Markets",3141,The Strouse Corporation,TRUE,0.026699444,,,5000 Cost of Goods,300000 Sales,13100 Inventory Asset,FALSE
13838,9832-W54,9832,Length Units,,Operations,Strouse-HQ,,Average,Default Cost Category,"4.8 mil, D/C PET, 300MP, 58# PCK",TRUE,1.785133333,"3M Company, Inc. Converter Markets",3141,The Strouse Corporation,TRUE,1.785133333,,,5000 Cost of Goods,300000 Sales,13100 Inventory Asset,FALSE
13841,231-P-W29,231-P,Length Units,,Operations,Strouse-HQ,,Average,Default Cost Category,"6.1 mil, Rubber, Tan Masking - LOG",TRUE,0.561327467,"3M Company, Inc. Converter Markets",3141,The Strouse Corporation,TRUE,0.561327467,,,5000 Cost of Goods,300000 Sales,13100 Inventory Asset,FALSE
13895,232-W6,232,Length Units,,Operations,Strouse-HQ,,Average,Default Cost Category,"6.3 mil, Crepe Masking, Hi Performance, Rubber",TRUE,0.120649474,"3M Company, Inc. Converter Markets",3141,The Strouse Corporation,TRUE,0.120649474,,,5000 Cost of Goods,300000 Sales,13100 Inventory Asset,FALSE
13896,54 lb. C1S S0-W6.25,54 lb. C1S S0,Length Units,,Operations,Strouse-HQ,,Average,Default Cost Category,3.2 mil 54 lb. Easy Release C1S Liner,TRUE,0.0218175,"Channeled Resources, Inc. (GMC Coatings)",3277,The Strouse Corporation,TRUE,0.0218175,,,5000 Cost of Goods,300000 Sales,13100 Inventory Asset,FALSE
13898,427-W4,427,Length Units,,Operations,Strouse-HQ,,Average,Default Cost Category,"5 mil Aluminum Foil, (linered)",TRUE,0.701153846,"3M Company, Inc. Converter Markets",3141,The Strouse Corporation,TRUE,0.701153846,,,5000 Cost of Goods,300000 Sales,13100 Inventory Asset,FALSE
13902,EL-90420-W5.4,EL-90420,Length Units,,Operations,Strouse-HQ,,Average,Default Cost Category,2 mil Clear Polyester Film w/ 1.5 mil acrylic adhesive,TRUE,0.63532,"Adhesives Research, Inc.",3301,The Strouse Corporation,TRUE,0.63532,,,5000 Cost of Goods,300000 Sales,13100 Inventory Asset,FALSE
13922,78 lb. C1S S0-W6.25,78 lb. C1S S0,Length Units,,Operations,Strouse-HQ,,Average,Default Cost Category,4.4 mil 78 lb. Easy Release C1S Liner,TRUE,0.024375,"Channeled Resources, Inc. (GMC Coatings)",3277,The Strouse Corporation,TRUE,0.024375,,,5000 Cost of Goods,300000 Sales,13100 Inventory Asset,FALSE
13923,4737TL - Linered-W48,4737TL - Linered,Length Units,,Operations,Strouse-HQ,,Average,Default Cost Category,"5.1 mil, Vinyl Masking, Fine Line High Temp Blue, Rubber w/83# Liner ",TRUE,2.888589744,"3M Company, Inc. Converter Markets",3141,The Strouse Corporation,TRUE,2.888589744,,,5000 Cost of Goods,300000 Sales,13100 Inventory Asset,FALSE
13939,8898 Blue-W0.945,8898 Blue,Length Units,,Operations,Strouse-HQ,,Average,Default Cost Category,Blue Film  Strapping Tape (24mm),TRUE,0.010423333,"3M Company, Inc. Converter Markets",3141,The Strouse Corporation,TRUE,0.010423333,,,5000 Cost of Goods,300000 Sales,13100 Inventory Asset,FALSE
13952,RB200S-W49.2,RB200S,Length Units,,Operations,Strouse-HQ,,Average,Default Cost Category,"0.0018""T, Protective E-mask Film",TRUE,1.367378049,"Nitto America, Inc.",3256,The Strouse Corporation,TRUE,1.367378049,,,5000 Cost of Goods,300000 Sales,13100 Inventory Asset,FALSE
13954,FRA 354-W2,FRA 354,Length Units,,Operations,Strouse-HQ,,Average,Default Cost Category,2 mil Clear Polyester Release Liner S2S (Easy/Easy),TRUE,0.02796,Fox River Associates,4046,The Strouse Corporation,TRUE,0.02796,,,5000 Cost of Goods,300000 Sales,13100 Inventory Asset,FALSE
13997,410M-W2,410M,Length Units,,Operations,Strouse-HQ,,Average,Default Cost Category,Double Coated Paper Tape,TRUE,0.141064444,"3M Company, Inc. Converter Markets",3141,The Strouse Corporation,TRUE,0.141064444,,,5000 Cost of Goods,300000 Sales,13100 Inventory Asset,FALSE
13998,TT100 V29 200 Poly SC6 200 Poly H9-W5.75,TT100 V29 200 Poly SC6 200 Poly H9,Length Units,,Operations,Strouse-HQ,,Average,Default Cost Category,TT100 V29 200 Poly SC6 200 Poly H9,TRUE,0.29049,"FLEXcon Company, Inc.",3247,The Strouse Corporation,TRUE,0.29049,,,5000 Cost of Goods,300000 Sales,13100 Inventory Asset,FALSE
14000,5925-W4.5,5925,Length Units,,Operations,Strouse-HQ,,Average,Default Cost Category,"25 mil, D/C Black Acrylic , VHB ",TRUE,3.673878667,"3M Company, Inc. Converter Markets",3141,The Strouse Corporation,TRUE,3.673878667,,,5000 Cost of Goods,300000 Sales,13100 Inventory Asset,FALSE
14013,1524-W1.75,1524,Length Units,,Operations,Strouse-HQ,,Average,Default Cost Category,Medical Polyester Fiber Reinforced Transfer Adhesive,TRUE,0.231397648,3M Medical Specialities,4181,The Strouse Corporation,TRUE,0.231397648,,,5000 Cost of Goods,300000 Sales,13100 Inventory Asset,FALSE
14015,SJ3526N-W1 - CatID-14015,SJ3526N,Length Units,,Operations,Strouse-HQ,,Average,Default Cost Category,"Hook, White, Rubber,Hi Performance PSA",TRUE,0.72396,"3M Company, Inc. Converter Markets",3141,The Strouse Corporation,TRUE,0.72396,,,5000 Cost of Goods,300000 Sales,13100 Inventory Asset,FALSE
14016,SJ3527N-W1 - CatID-14016,SJ3527N,Length Units,,Operations,Strouse-HQ,,Average,Default Cost Category,"Loop, White, Rubber, Hi Performance PSA. ",TRUE,0.958488667,"3M Company, Inc. Converter Markets",3141,The Strouse Corporation,TRUE,0.958488667,,,5000 Cost of Goods,300000 Sales,13100 Inventory Asset,FALSE
14017,FRA 3502-W4,FRA 3502,Length Units,,Operations,Strouse-HQ,,Average,Default Cost Category,2 mil Clear Polyester Release Liner S1S,TRUE,0.037572923,Fox River Associates,4046,The Strouse Corporation,TRUE,0.037572923,,,5000 Cost of Goods,300000 Sales,13100 Inventory Asset,FALSE
14020,"60x.5""x100'-W0.5","60x.5""x100'",Length Units,,Operations,Strouse-HQ,,Average,Default Cost Category,"Magnetic Strip With Adhesive One Side (1/16""Th)",TRUE,0.1762,EMagnets.com,3355,The Strouse Corporation,TRUE,0.1762,,,5000 Cost of Goods,300000 Sales,13100 Inventory Asset,FALSE
14025,232-W4.375,232,Length Units,,Operations,Strouse-HQ,,Average,Default Cost Category,"6.3 mil, Crepe Masking, Hi Performance, Rubber",TRUE,0.087969,"3M Company, Inc. Converter Markets",3141,The Strouse Corporation,TRUE,0.087969,,,5000 Cost of Goods,300000 Sales,13100 Inventory Asset,FALSE
14032,9874-W48,9874,Length Units,,Operations,Strouse-HQ,,Average,Default Cost Category,"Tape, D/C Transparent Polyethylene film, 60# hypoallergenic acrylate PSA",TRUE,3.472355714,"3M Company, Inc. Converter Markets",3141,The Strouse Corporation,TRUE,3.472355714,,,5000 Cost of Goods,300000 Sales,13100 Inventory Asset,FALSE
14034,FRA 354-W3.75,FRA 354,Length Units,,Operations,Strouse-HQ,,Average,Default Cost Category,2 mil Clear Polyester Release Liner S2S (Easy/Easy),TRUE,0.0412605,Fox River Associates,4046,The Strouse Corporation,TRUE,0.0412605,,,5000 Cost of Goods,300000 Sales,13100 Inventory Asset,FALSE
14046,DPM PC Clear Polyester Hi-Perf Adh Roll Liner-W6,DPM PC Clear Polyester Hi-Perf Adh Roll Liner,Length Units,,Operations,Strouse-HQ,,Average,Default Cost Category,"Polyester, 2 mil Clear DPM Hi-Perf Adh Roll Liner.",TRUE,0.13968,"FLEXcon Company, Inc.",3247,The Strouse Corporation,TRUE,0.13968,,,5000 Cost of Goods,300000 Sales,13100 Inventory Asset,FALSE
14052,234-P-W29,234-P,Length Units,,Operations,Strouse-HQ,,Average,Default Cost Category,General Purpose Masking Tape,TRUE,0.259172944,"3M Company, Inc. Converter Markets",3141,The Strouse Corporation,TRUE,0.259172944,,,5000 Cost of Goods,300000 Sales,13100 Inventory Asset,FALSE
14054,SCPM-44X-W54,SCPM-44X,Length Units,,Operations,Strouse-HQ,,Average,Default Cost Category,Graphic Arts Pre-Mask - LOG,TRUE,0.773645333,"3M Company, Inc. Converter Markets",3141,The Strouse Corporation,TRUE,0.773645333,,,5000 Cost of Goods,300000 Sales,13100 Inventory Asset,FALSE
14068,78 lb. C1S S0-W2,78 lb. C1S S0,Length Units,,Operations,Strouse-HQ,,Average,Default Cost Category,4.4 mil 78 lb. Easy Release C1S Liner,TRUE,0.0078,"Channeled Resources, Inc. (GMC Coatings)",3277,The Strouse Corporation,TRUE,0.0078,,,5000 Cost of Goods,300000 Sales,13100 Inventory Asset,FALSE
14087,PT412-W23,PT412,Length Units,,Operations,Strouse-HQ,,Average,Default Cost Category,CSM - Autowrap,TRUE,0,American Biltrite,3238,The Strouse Corporation,TRUE,0,,,5000 Cost of Goods,300000 Sales,13100 Inventory Asset,FALSE
14120,54 lb. C1S SL4 (S38)-W4,54 lb. C1S SL4 (S38),Length Units,,Operations,Strouse-HQ,,Average,Default Cost Category,3.2 mil 54 lb. Medium Release C1S Liner,TRUE,0.016992,"Channeled Resources, Inc. (GMC Coatings)",3277,The Strouse Corporation,TRUE,0.016992,,,5000 Cost of Goods,300000 Sales,13100 Inventory Asset,FALSE
14122,538-W1.889,538,Length Units,,Operations,Strouse-HQ,,Average,Default Cost Category,"Flatback Tape, 71892, # 538 bleached flatback tape. (Nominal 2.0"")",TRUE,0.037777778,Intertape Polymer Group,3311,The Strouse Corporation,TRUE,0.037777778,,,5000 Cost of Goods,300000 Sales,13100 Inventory Asset,FALSE
14134,200A FEP Teflon-W6,200A FEP Teflon,Length Units,,Operations,Strouse-HQ,,Average,Default Cost Category,CSM - 2 mil FEP 200A DuPont Teflon ,TRUE,0,Atlantic Corporation-Raleigh,3567,The Strouse Corporation,TRUE,0,,,5000 Cost of Goods,300000 Sales,13100 Inventory Asset,FALSE
14143,FP024802-W54,FP024802,Length Units,,Operations,Strouse-HQ,,Average,Default Cost Category,.002 Clear Polypropylene TC2S/ P1480 Perm  50#,TRUE,1.172667866,"3M Company, Inc. Converter Markets",3141,The Strouse Corporation,TRUE,1.172667866,,,5000 Cost of Goods,300000 Sales,13100 Inventory Asset,FALSE
14154,5930P-W7,5930P,Length Units,,Operations,Strouse-HQ,,Average,Default Cost Category,"32 mil, Acrylic Foam VHB, Double Coated, Paper Liner",TRUE,5.802112037,"3M Company, Inc. Converter Markets",3141,The Strouse Corporation,TRUE,5.802112037,,,5000 Cost of Goods,300000 Sales,13100 Inventory Asset,FALSE
14181,1350F-2-W12,1350F-2,Length Units,,Operations,Strouse-HQ,,Average,Default Cost Category,"3.5 mil total thickness; 2 mil Polyester film w/ acrylic adhesive, BLACK",TRUE,0.866741667,"3M Company, Inc. Converter Markets",3141,The Strouse Corporation,TRUE,0.866741667,,,5000 Cost of Goods,300000 Sales,13100 Inventory Asset,FALSE
14183,F9460PC-W12,F9460PC,Length Units,,Operations,Strouse-HQ,,Average,Default Cost Category,"2 mil, 100MP, 58# PCK",TRUE,1.411194444,"3M Company, Inc. Converter Markets",3141,The Strouse Corporation,TRUE,1.411194444,,,5000 Cost of Goods,300000 Sales,13100 Inventory Asset,FALSE
14198,2255-2-W12,2255-2,Length Units,,Operations,Strouse-HQ,,Average,Default Cost Category,"Teflon, 2 mil High Modulus PTFE coated film with silicone adhesive",TRUE,6.747685185,Saint-Gobain Performance Plastics,3299,The Strouse Corporation,TRUE,6.747685185,,,5000 Cost of Goods,300000 Sales,13100 Inventory Asset,FALSE
14207,235-W1,235,Length Units,,Operations,Strouse-HQ,,Average,Default Cost Category,Black Photographic Light Blocking Tape,TRUE,0.096666667,"3M Company, Inc. Converter Markets",3141,The Strouse Corporation,TRUE,0.096666667,,,5000 Cost of Goods,300000 Sales,13100 Inventory Asset,FALSE
14208,P-672 Black-W2,P-672 Black,Length Units,,Operations,Strouse-HQ,,Average,Default Cost Category,12 mil vinyl-coated cloth tape - Black,TRUE,0.138555556,"Shurtape Technologies, LLC",3259,The Strouse Corporation,TRUE,0.138555556,,,5000 Cost of Goods,300000 Sales,13100 Inventory Asset,FALSE
14229,54 lb. C1S S0-W6.75,54 lb. C1S S0,Length Units,,Operations,Strouse-HQ,,Average,Default Cost Category,3.2 mil 54 lb. Easy Release C1S Liner,TRUE,0.0272484,"Channeled Resources, Inc. (GMC Coatings)",3277,The Strouse Corporation,TRUE,0.0272484,,,5000 Cost of Goods,300000 Sales,13100 Inventory Asset,FALSE
14232,425-W2,425,Length Units,,Operations,Strouse-HQ,,Average,Default Cost Category,"Aluminum Foil Tape, Acrylic adhesive",TRUE,0.149944444,"3M Company, Inc. Converter Markets",3141,The Strouse Corporation,TRUE,0.149944444,,,5000 Cost of Goods,300000 Sales,13100 Inventory Asset,FALSE
14239,425-W0.75,425,Length Units,,Operations,Strouse-HQ,,Average,Default Cost Category,"Aluminum Foil Tape, Acrylic adhesive",TRUE,0.060213889,"3M Company, Inc. Converter Markets",3141,The Strouse Corporation,TRUE,0.060213889,,,5000 Cost of Goods,300000 Sales,13100 Inventory Asset,FALSE
14245,410M-W1,410M,Length Units,,Operations,Strouse-HQ,,Average,Default Cost Category,Double Coated Paper Tape,TRUE,0.117553704,"3M Company, Inc. Converter Markets",3141,The Strouse Corporation,TRUE,0.117553704,,,5000 Cost of Goods,300000 Sales,13100 Inventory Asset,FALSE
14250,RB300S-W49.2,RB300S,Length Units,,Operations,Strouse-HQ,,Average,Default Cost Category,"0.002""T, Protective E-mask Film",TRUE,1.483612805,"Nitto America, Inc.",3256,The Strouse Corporation,TRUE,1.483612805,,,5000 Cost of Goods,300000 Sales,13100 Inventory Asset,FALSE
14253,TT100 V29 200 Poly SC6 200 Poly H9-W5,TT100 V29 200 Poly SC6 200 Poly H9,Length Units,,Operations,Strouse-HQ,,Average,Default Cost Category,TT100 V29 200 Poly SC6 200 Poly H9,TRUE,0.2526,"FLEXcon Company, Inc.",3247,The Strouse Corporation,TRUE,0.2526,,,5000 Cost of Goods,300000 Sales,13100 Inventory Asset,FALSE
14254,4 mil Clear PET-W5.1,4 mil Clear PET,Length Units,,Operations,Strouse-HQ,,Average,Default Cost Category,4 mil Clear Polyester (GP),TRUE,0.07765,TEAM Plastics,3304,The Strouse Corporation,TRUE,0.07765,,,5000 Cost of Goods,300000 Sales,13100 Inventory Asset,FALSE
14265,KPT-1-W0.75 - CatID-14265,KPT-1,Length Units,,Operations,Strouse-HQ,,Average,Default Cost Category,1 mil Polyimide with silicone adhesive,TRUE,0.043518519,Adhesive Tape Products,3237,The Strouse Corporation,TRUE,0.043518519,,,5000 Cost of Goods,300000 Sales,13100 Inventory Asset,FALSE
14270,256-W4.25,256,Length Units,,Operations,Strouse-HQ,,Average,Default Cost Category,"5.8 mil, White Flatback Masking, Rubber Adhesive, Printable",TRUE,0.304981481,"3M Company, Inc. Converter Markets",3141,The Strouse Corporation,TRUE,0.304981481,,,5000 Cost of Goods,300000 Sales,13100 Inventory Asset,FALSE
14278,78 lb. C1S S0-W10,78 lb. C1S S0,Length Units,,Operations,Strouse-HQ,,Average,Default Cost Category,4.4 mil 78 lb. EASY Release C1S Liner,TRUE,0.04284,"Channeled Resources, Inc. (GMC Coatings)",3277,The Strouse Corporation,TRUE,0.04284,,,5000 Cost of Goods,300000 Sales,13100 Inventory Asset,FALSE
14286,3777 - Clear-W5.67,3777 - Clear,Length Units,,Operations,Strouse-HQ,,Average,Default Cost Category,"1.8 mil CLEAR polypropylene tape, top side printable (144mm x 914M)",TRUE,0.009837268,"3M Company, Inc. Converter Markets",3141,The Strouse Corporation,TRUE,0.009837268,,,5000 Cost of Goods,300000 Sales,13100 Inventory Asset,FALSE
14299,24687-W4.75,24687,Length Units,,Operations,Strouse-HQ,,Average,Default Cost Category,(7300AM /7300A) C2S Polyester Release Liner-Clear ,TRUE,0.034998,"Loparex, LLC.",3287,The Strouse Corporation,TRUE,0.034998,,,5000 Cost of Goods,300000 Sales,13100 Inventory Asset,FALSE
14301,8979-W0.9448,8979,Length Units,,Operations,Strouse-HQ,,Average,Default Cost Category,"Duct Tape, Slate Blue (24mm x 54.8M) ",TRUE,0.060739196,"3M Company, Inc. Converter Markets",3141,The Strouse Corporation,TRUE,0.060739196,,,5000 Cost of Goods,300000 Sales,13100 Inventory Asset,FALSE
14302,8979-W1.89 - CatID-14302,8979,Length Units,,Operations,Strouse-HQ,,Average,Default Cost Category,"Duct Tape, Nuclear Slate Blue (48mm x 54.8M) ",TRUE,0.096472222,"3M Company, Inc. Converter Markets",3141,The Strouse Corporation,TRUE,0.096472222,,,5000 Cost of Goods,300000 Sales,13100 Inventory Asset,FALSE
14307,62934-W4.5,62934,Length Units,,Operations,Strouse-HQ,,Average,Default Cost Category,"1/32"", double coated foam, Black",TRUE,0.670277864,Tesa Tape,4044,The Strouse Corporation,TRUE,0.670277864,,,5000 Cost of Goods,300000 Sales,13100 Inventory Asset,FALSE
14333,B010HY Black-W0.75,B010HY Black,Length Units,,Operations,Strouse-HQ,,Average,Default Cost Category,Acoustex Black Screen Mesh/Polyester 120/41,TRUE,0.16,SaatiTech,3578,The Strouse Corporation,TRUE,0.16,,,5000 Cost of Goods,300000 Sales,13100 Inventory Asset,FALSE
14342,51134-W77.16,51134,Length Units,,Operations,Strouse-HQ,,Average,Default Cost Category,"CSM- Polyethylene Protective Tape, Clear, Acrylic Adhesive ",TRUE,0,Tesa Tape,4044,The Strouse Corporation,TRUE,0,,,5000 Cost of Goods,300000 Sales,13100 Inventory Asset,FALSE
14349,206-015-023 500A FEP Teflon-W6,206-015-023 500A FEP Teflon,Length Units,,Operations,Strouse-HQ,,Average,Default Cost Category,CSM -  5 mil FEP 500A DuPont Teflon ,TRUE,0,Atlantic Corporation-Raleigh,3567,The Strouse Corporation,TRUE,0,,,5000 Cost of Goods,300000 Sales,13100 Inventory Asset,FALSE
14357,51134-W21.26,51134,Length Units,,Operations,Strouse-HQ,,Average,Default Cost Category,"CSM- Polyethylene Protective Tape, Clear, Acrylic Adhesive (540mm X 330M)",TRUE,0,Tesa Tape,4044,The Strouse Corporation,TRUE,0,,,5000 Cost of Goods,300000 Sales,13100 Inventory Asset,FALSE
14373,54 lb. C1S S0-W3.75,54 lb. C1S S0,Length Units,,Operations,Strouse-HQ,,Average,Default Cost Category,3.2 mil 54 lb. Easy Release C1S Liner,TRUE,0.011295,"Channeled Resources, Inc. (GMC Coatings)",3277,The Strouse Corporation,TRUE,0.011295,,,5000 Cost of Goods,300000 Sales,13100 Inventory Asset,FALSE
14408,7610-W1,7610,Length Units,,Operations,Strouse-HQ,,Average,Default Cost Category," Reflective Tape, High Gain- Light Gray",TRUE,0.936,"3M Company, Inc. Converter Markets",3141,The Strouse Corporation,TRUE,0.936,,,5000 Cost of Goods,300000 Sales,13100 Inventory Asset,FALSE
14426,FRA 3502-W59.45,FRA 3502,Length Units,,Operations,Strouse-HQ,,Average,Default Cost Category,2 mil Clear Polyester Release Liner S1S ,TRUE,0.647693333,Fox River Associates,4046,The Strouse Corporation,TRUE,0.647693333,,,5000 Cost of Goods,300000 Sales,13100 Inventory Asset,FALSE
14438,232-W57,232,Length Units,,Operations,Strouse-HQ,,Average,Default Cost Category,"6.3 mil, Crepe Masking, Rubber",TRUE,3.125985556,"3M Company, Inc. Converter Markets",3141,The Strouse Corporation,TRUE,3.125985556,,,5000 Cost of Goods,300000 Sales,13100 Inventory Asset,FALSE
14439,468MP-W3,468MP,Length Units,,Operations,Strouse-HQ,,Average,Default Cost Category,"5 mil, 200MP, 58#PCK",TRUE,0.252219037,"3M Company, Inc. Converter Markets",3141,The Strouse Corporation,TRUE,0.252219037,,,5000 Cost of Goods,300000 Sales,13100 Inventory Asset,FALSE
14445,200A FEP Teflon-W13,200A FEP Teflon,Length Units,,Operations,Strouse-HQ,,Average,Default Cost Category,CSM - 2 mil FEP 200A DuPont Teflon,TRUE,0,Atlantic Corporation-Raleigh,3567,The Strouse Corporation,TRUE,0,,,5000 Cost of Goods,300000 Sales,13100 Inventory Asset,FALSE
14458,78 lb. C1S BG0-W40,78 lb. C1S BG0,Length Units,,Operations,Strouse-HQ,,Average,Default Cost Category,4.4 mil 78 lb. Easy Release C1S Liner - LOG,TRUE,0.2592,"Channeled Resources, Inc. (GMC Coatings)",3277,The Strouse Corporation,TRUE,0.2592,,,5000 Cost of Goods,300000 Sales,13100 Inventory Asset,FALSE
14487,E-100 3 mil-W6,E-100 3 mil,Length Units,,Operations,Strouse-HQ,,Average,Default Cost Category,3 mil  Thermo Bonding Film,TRUE,0.0972216,Adhesive Applications,3312,The Strouse Corporation,TRUE,0.0972216,,,5000 Cost of Goods,300000 Sales,13100 Inventory Asset,FALSE
14500,1181-W23 - CatID-14500,1181,Length Units,,Operations,Strouse-HQ,,Average,Default Cost Category,"3 mil copper conductive foil (23"" x 18 Yards)",TRUE,17.11796111,"3M Company, Inc. Converter Markets",3141,The Strouse Corporation,TRUE,17.11796111,,,5000 Cost of Goods,300000 Sales,13100 Inventory Asset,FALSE
14505,2380-W0.94488,2380,Length Units,,Operations,Strouse-HQ,,Average,Default Cost Category,"7.5 mil, Crepe Masking, Nat. Syn. Rubber Blend (24mm)",TRUE,0.01435,"3M Company, Inc. Converter Markets",3141,The Strouse Corporation,TRUE,0.01435,,,5000 Cost of Goods,300000 Sales,13100 Inventory Asset,FALSE
14506,4492W-W3,4492W,Length Units,,Operations,Strouse-HQ,,Average,Default Cost Category,"1/32"", 430, Double Coated White",TRUE,0.474215278,"3M Company, Inc. Converter Markets",3141,The Strouse Corporation,TRUE,0.474215278,,,5000 Cost of Goods,300000 Sales,13100 Inventory Asset,FALSE
14507,4492W-W2.5,4492W,Length Units,,Operations,Strouse-HQ,,Average,Default Cost Category,"1/32"", 430, Double Coated White",TRUE,0.395314815,"3M Company, Inc. Converter Markets",3141,The Strouse Corporation,TRUE,0.395314815,,,5000 Cost of Goods,300000 Sales,13100 Inventory Asset,FALSE
14510,V400F White No PS-W6.75,V400F White No PS,Length Units,,Operations,Strouse-HQ,,Average,Default Cost Category,V400F White No PS,TRUE,0.13446,"FLEXcon Company, Inc.",3247,The Strouse Corporation,TRUE,0.13446,,,5000 Cost of Goods,300000 Sales,13100 Inventory Asset,FALSE
14512,9626-W6.5,9626,Length Units,,Operations,Strouse-HQ,,Average,Default Cost Category,"2 mil, 360, 58# PCK",TRUE,0.429257778,"3M Company, Inc. Converter Markets",3141,The Strouse Corporation,TRUE,0.429257778,,,5000 Cost of Goods,300000 Sales,13100 Inventory Asset,FALSE
14526,FP022102-W7,FP022102,Length Units,,Operations,Strouse-HQ,,Average,Default Cost Category,"White Polypropylene, Thermal transfer",TRUE,0.1736868,"3M Company, Inc. Converter Markets",3141,The Strouse Corporation,TRUE,0.1736868,,,5000 Cost of Goods,300000 Sales,13100 Inventory Asset,FALSE
14532,4965-W6,4965,Length Units,,Operations,Strouse-HQ,,Average,Default Cost Category,"8 mil Reinforced Double-sided Polyester, Translucent",TRUE,0.519061728,Tesa Tape,4044,The Strouse Corporation,TRUE,0.519061728,,,5000 Cost of Goods,300000 Sales,13100 Inventory Asset,FALSE
14545,S305-W54,S305,Length Units,,Operations,Strouse-HQ,,Average,Default Cost Category,"Polyester film, double coated,  60# Liner",TRUE,1.842133333,Mativ (SCAPA North America),3338,The Strouse Corporation,TRUE,1.842133333,,,5000 Cost of Goods,300000 Sales,13100 Inventory Asset,FALSE
14559,9453LE-W3.25,9453LE,Length Units,,Operations,Strouse-HQ,,Average,Default Cost Category,"3.5 mil, 300LSE, 58# PCK",TRUE,0.273695818,"3M Company, Inc. Converter Markets",3141,The Strouse Corporation,TRUE,0.273695818,,,5000 Cost of Goods,300000 Sales,13100 Inventory Asset,FALSE
14570,1526-W6,1526,Length Units,,Operations,Strouse-HQ,,Average,Default Cost Category,"Tape, S/C Polyethylene film, 63# hypoallergenic acrylate PSA",TRUE,0.190322255,"3M Company, Inc. Converter Markets",3141,The Strouse Corporation,TRUE,0.190322255,,,5000 Cost of Goods,300000 Sales,13100 Inventory Asset,FALSE
14571,7301C-W0.25,7301C,Length Units,,Operations,Strouse-HQ,,Average,Default Cost Category,Protective Tape - Clear,TRUE,0.001087674,American Biltrite,3238,The Strouse Corporation,TRUE,0.001087674,,,5000 Cost of Goods,300000 Sales,13100 Inventory Asset,FALSE
14584,62856 PV06-W48.8,62856 PV06,Length Units,,Operations,Strouse-HQ,,Average,Default Cost Category,"Double-sided tape (Black) , PE Foam backing and acrylic adhesive (1240mm)",TRUE,6.45367378,Tesa Tape,4044,The Strouse Corporation,TRUE,6.45367378,,,5000 Cost of Goods,300000 Sales,13100 Inventory Asset,FALSE
14613,8979 - Olive-W1.89,8979 - Olive,Length Units,,Operations,Strouse-HQ,,Average,Default Cost Category,"Duct Tape, Olive Green",TRUE,0.082711667,"3M Company, Inc. Converter Markets",3141,The Strouse Corporation,TRUE,0.082711667,,,5000 Cost of Goods,300000 Sales,13100 Inventory Asset,FALSE
14623,SUPOR-200-W1.813,SUPOR-200,Length Units,,Operations,Strouse-HQ,,Average,Default Cost Category,CSM - Kenosha PES Memebrane  ,TRUE,1.76674926,Pall Corporation (Life Sciences),3313,The Strouse Corporation,TRUE,1.76674926,,,5000 Cost of Goods,300000 Sales,13100 Inventory Asset,FALSE
14630,SJ3540-W2,SJ3540,Length Units,,Operations,Strouse-HQ,,Average,Default Cost Category,"Dual Lock, Type 250, Rubber",TRUE,3.099500667,"3M Company, Inc. Converter Markets",3141,The Strouse Corporation,TRUE,3.099500667,,,5000 Cost of Goods,300000 Sales,13100 Inventory Asset,FALSE
14634,54 lb. C1S SL4 (S38)-W7,54 lb. C1S SL4 (S38),Length Units,,Operations,Strouse-HQ,,Average,Default Cost Category,3.2 mil 54 lb. Medium Release C1S Liner,TRUE,0.03444,"Channeled Resources, Inc. (GMC Coatings)",3277,The Strouse Corporation,TRUE,0.03444,,,5000 Cost of Goods,300000 Sales,13100 Inventory Asset,FALSE
14658,7405W-W2.25,7405W,Length Units,,Operations,Strouse-HQ,,Average,Default Cost Category,WHITE 4 mil LDPE w/ acrylic adhesive ,TRUE,0.015094444,American Biltrite,3238,The Strouse Corporation,TRUE,0.015094444,,,5000 Cost of Goods,300000 Sales,13100 Inventory Asset,FALSE
14670,42 lb. C1S S0-W5,42 lb. C1S S0,Length Units,,Operations,Strouse-HQ,,Average,Default Cost Category,2.5 mil 42# Easy Release Liner,TRUE,0.02598,"Channeled Resources, Inc. (GMC Coatings)",3277,The Strouse Corporation,TRUE,0.02598,,,5000 Cost of Goods,300000 Sales,13100 Inventory Asset,FALSE
14680,54 lb. C1S SL4 (S38)-W1.75,54 lb. C1S SL4 (S38),Length Units,,Operations,Strouse-HQ,,Average,Default Cost Category,3.2 mil 54 lb. Medium Release C1S Liner,TRUE,0.0061089,"Channeled Resources, Inc. (GMC Coatings)",3277,The Strouse Corporation,TRUE,0.0061089,,,5000 Cost of Goods,300000 Sales,13100 Inventory Asset,FALSE
14703,181-W5,181,Length Units,,Operations,Strouse-HQ,,Average,Default Cost Category,"CSM- Autowrap, White  (W942)",TRUE,0,American Biltrite,3238,The Strouse Corporation,TRUE,0,,,5000 Cost of Goods,300000 Sales,13100 Inventory Asset,FALSE
14714,5925-W3,5925,Length Units,,Operations,Strouse-HQ,,Average,Default Cost Category,"25 mil, D/C Black Acrylic , VHB ",TRUE,2.449225,"3M Company, Inc. Converter Markets",3141,The Strouse Corporation,TRUE,2.449225,,,5000 Cost of Goods,300000 Sales,13100 Inventory Asset,FALSE
14776,468MPF-W1.5,468MPF,Length Units,,Operations,Strouse-HQ,,Average,Default Cost Category,"5 mil, 200MP on PET Film Liner",TRUE,0.108166667,"3M Company, Inc. Converter Markets",3141,The Strouse Corporation,TRUE,0.108166667,,,5000 Cost of Goods,300000 Sales,13100 Inventory Asset,FALSE
14802,5300-W1.875,5300,Length Units,,Operations,Strouse-HQ,,Average,Default Cost Category,"Tape, clear Polyester Tabbing Tape, Automotive",TRUE,0.13849537,"3M Company, Inc. Converter Markets",3141,The Strouse Corporation,TRUE,0.13849537,,,5000 Cost of Goods,300000 Sales,13100 Inventory Asset,FALSE
14808,24687-W1.25,24687,Length Units,,Operations,Strouse-HQ,,Average,Default Cost Category,7300A Series C2S Polyester Release Liner-Clear (7300A easy release both sides),TRUE,0.009823977,"Loparex, LLC.",3287,The Strouse Corporation,TRUE,0.009823977,,,5000 Cost of Goods,300000 Sales,13100 Inventory Asset,FALSE
14832,1598K17-W0.059,1598K17,"Each (Use for Boxes, Bags, Cores, Cases)",3,Operations,Strouse-HQ,,Average,Default Cost Category,1.5mm  440C  Grade 25 Stainless Steel Balls,TRUE,9.93,McMaster-Carr,3281,The Strouse Corporation,TRUE,9.93,,,5000 Cost of Goods,300000 Sales,13100 Inventory Asset,FALSE
14843,9472LE-W1,9472LE,Length Units,,Operations,Strouse-HQ,,Average,Default Cost Category,"5 mil, 300LSE, 58# PCK",TRUE,0.101903333,"3M Company, Inc. Converter Markets",3141,The Strouse Corporation,TRUE,0.101903333,,,5000 Cost of Goods,300000 Sales,13100 Inventory Asset,FALSE
14850,13220L-W61.5,13220L,Length Units,,Operations,Strouse-HQ,,Average,Default Cost Category,"2 mil, Clear Masking Protective Film - 60"" Fully Coated - LOG is 61.5"" incld. ""Dry Edge"" (SG2108C)",TRUE,0.194830857,"Pregis PolyMask, Inc.",4045,The Strouse Corporation,TRUE,0.194830857,,,5000 Cost of Goods,300000 Sales,13100 Inventory Asset,FALSE
14851,2693-W57,2693,Length Units,,Operations,Strouse-HQ,,Average,Default Cost Category,"8.5 mil, Masking Tape",TRUE,2.166666667,"3M Company, Inc. Converter Markets",3141,The Strouse Corporation,TRUE,2.166666667,,,5000 Cost of Goods,300000 Sales,13100 Inventory Asset,FALSE
14859,1181-W4.6,1181,Length Units,,Operations,Strouse-HQ,,Average,Default Cost Category,3 mil copper conductive foil,TRUE,2.193185185,"3M Company, Inc. Converter Markets",3141,The Strouse Corporation,TRUE,2.193185185,,,5000 Cost of Goods,300000 Sales,13100 Inventory Asset,FALSE
14863,A-21-PS-W8,A-21-PS,Length Units,,Operations,Strouse-HQ,,Average,Default Cost Category,"CSM- Aluminum Foil Tape, Acrylic adhesive",TRUE,0,Morphix Technologies,3619,The Strouse Corporation,TRUE,0,,,5000 Cost of Goods,300000 Sales,13100 Inventory Asset,FALSE
14870,9471LE-W5,9471LE,Length Units,,Operations,Strouse-HQ,,Average,Default Cost Category,"2 mil, 300LSE, 58#PCK",TRUE,0.902237731,"3M Company, Inc. Converter Markets",3141,The Strouse Corporation,TRUE,0.902237731,,,5000 Cost of Goods,300000 Sales,13100 Inventory Asset,FALSE
14876,4959-W6.25,4959,Length Units,,Operations,Strouse-HQ,,Average,Default Cost Category,"120 mil, VHB double coated white",TRUE,8.18397963,"3M Company, Inc. Converter Markets",3141,The Strouse Corporation,TRUE,8.18397963,,,5000 Cost of Goods,300000 Sales,13100 Inventory Asset,FALSE
14884,614-W0.5,614,Length Units,,Operations,Strouse-HQ,,Average,Default Cost Category,"2.12 mil Clear Polyester Overlaminate
",TRUE,0.006696,Avery Dennison  (Formerly know as ACPO Ltd.),3300,The Strouse Corporation,TRUE,0.006696,,,5000 Cost of Goods,300000 Sales,13100 Inventory Asset,FALSE
14885,97057-W0.5,97057,Length Units,,Operations,Strouse-HQ,,Average,Default Cost Category,"Conductive Transfer Tape, 2.0 mil",TRUE,0.474577778,"3M Company, Inc. Converter Markets",3141,The Strouse Corporation,TRUE,0.474577778,,,5000 Cost of Goods,300000 Sales,13100 Inventory Asset,FALSE
14888,10092-W5.5,10092,Length Units,,Operations,Strouse-HQ,,Average,Default Cost Category,1 mil Clear Poly Overlam,TRUE,0.0627,"FLEXcon Company, Inc.",3247,The Strouse Corporation,TRUE,0.0627,,,5000 Cost of Goods,300000 Sales,13100 Inventory Asset,FALSE
14903,614URM-W10.063,614URM,Length Units,,Operations,Strouse-HQ,,Average,Default Cost Category,"1.82 mil Clear Polyester Overlaminate Removable Adhesive
",TRUE,0.096121773,Avery Dennison  (Formerly know as ACPO Ltd.),3300,The Strouse Corporation,TRUE,0.096121773,,,5000 Cost of Goods,300000 Sales,13100 Inventory Asset,FALSE
14956,ST-1234-W1.26,ST-1234,Length Units,,Operations,Strouse-HQ,,Average,Default Cost Category,1.4 mil Clear Polyester FDA approved,TRUE,0.06512,"Transcendia (Transilwrap Company, Inc.)",3266,The Strouse Corporation,TRUE,0.06512,,,5000 Cost of Goods,300000 Sales,13100 Inventory Asset,FALSE
14989,60-W13.5,60,Length Units,,Operations,Strouse-HQ,,Average,Default Cost Category,"PTFE Film Electrical Tape 60 Translucent, Silicone Adhesive",TRUE,5.100060185,"3M Company, Inc. Converter Markets",3141,The Strouse Corporation,TRUE,5.100060185,,,5000 Cost of Goods,300000 Sales,13100 Inventory Asset,FALSE
15004,415-W0.59,415,Length Units,,Operations,Strouse-HQ,,Average,Default Cost Category,"Double coated PET, 4 mil, 400, 55# DK",TRUE,0.046682407,"3M Company, Inc. Converter Markets",3141,The Strouse Corporation,TRUE,0.046682407,,,5000 Cost of Goods,300000 Sales,13100 Inventory Asset,FALSE
15013,78 lb. C1S BG40-W21,78 lb. C1S BG40,Length Units,,Operations,Strouse-HQ,,Average,Default Cost Category,4.4 mil 78 lb. Medium Release C1S Liner BG40,TRUE,0.089964,"Channeled Resources, Inc. (GMC Coatings)",3277,The Strouse Corporation,TRUE,0.089964,,,5000 Cost of Goods,300000 Sales,13100 Inventory Asset,FALSE
15016,78 lb. C1S BG40-W19,78 lb. C1S BG40,Length Units,,Operations,Strouse-HQ,,Average,Default Cost Category,4.4 mil 78 lb. Medium Release C1S Liner BG40,TRUE,0.073986,"Channeled Resources, Inc. (GMC Coatings)",3277,The Strouse Corporation,TRUE,0.073986,,,5000 Cost of Goods,300000 Sales,13100 Inventory Asset,FALSE
15017,78 lb. C1S BG40-W22,78 lb. C1S BG40,Length Units,,Operations,Strouse-HQ,,Average,Default Cost Category,4.4 mil 78 lb. Medium Release C1S Liner BG40,TRUE,0.094248,"Channeled Resources, Inc. (GMC Coatings)",3277,The Strouse Corporation,TRUE,0.094248,,,5000 Cost of Goods,300000 Sales,13100 Inventory Asset,FALSE
15018,78 lb. C1S BG40-W23,78 lb. C1S BG40,Length Units,,Operations,Strouse-HQ,,Average,Default Cost Category,4.4 mil 78 lb. Medium Release C1S Liner BG40,TRUE,0.14904,"Channeled Resources, Inc. (GMC Coatings)",3277,The Strouse Corporation,TRUE,0.14904,,,5000 Cost of Goods,300000 Sales,13100 Inventory Asset,FALSE
15026,CSM - PES 200/43 Hyphyl-W0.64,CSM - PES 200/43 Hyphyl,Length Units,,Operations,Strouse-HQ,,Average,Default Cost Category,White Saatifil PES 200/43 Hyphyl,TRUE,0.178903915,StanBio Laboratory LP EKF Diagnostics,3629,The Strouse Corporation,TRUE,0.178903915,,,5000 Cost of Goods,300000 Sales,13100 Inventory Asset,FALSE
15027,A-454 400 Poly H9 Silicone Side Up-W3,A-454 400 Poly H9 Silicone Side Up,Length Units,,Operations,Strouse-HQ,,Average,Default Cost Category,A-454 400 Poly H9 Silicone Side Up,TRUE,0.10692,"FLEXcon Company, Inc.",3247,The Strouse Corporation,TRUE,0.10692,,,5000 Cost of Goods,300000 Sales,13100 Inventory Asset,FALSE
15046,51134-W23.5,51134,Length Units,,Operations,Strouse-HQ,,Average,Default Cost Category,"CSM- Polyethylene Protective Tape, Clear, Acrylic Adhesive (597mm X 330M)",TRUE,0,Tesa Tape,4044,The Strouse Corporation,TRUE,0,,,5000 Cost of Goods,300000 Sales,13100 Inventory Asset,FALSE
15071,2 mil Clear PET-W5,2 mil Clear PET,Length Units,,Operations,Strouse-HQ,,Average,Default Cost Category,2 mil Clear Polyester,TRUE,0.02016,TEAM Plastics,3304,The Strouse Corporation,TRUE,0.02016,,,5000 Cost of Goods,300000 Sales,13100 Inventory Asset,FALSE
15072,2 mil Clear PET-W6.5,2 mil Clear PET,Length Units,,Operations,Strouse-HQ,,Average,Default Cost Category,2 mil Clear Polyester,TRUE,0.06084,TEAM Plastics,3304,The Strouse Corporation,TRUE,0.06084,,,5000 Cost of Goods,300000 Sales,13100 Inventory Asset,FALSE
15087,2132-W2.625,2132,Length Units,,Operations,Strouse-HQ,,Average,Default Cost Category,"Double Coated Foam 1/32"" Rubber",TRUE,0.184031944,Avery Dennison-Specialty Tape Division,3239,The Strouse Corporation,TRUE,0.184031944,,,5000 Cost of Goods,300000 Sales,13100 Inventory Asset,FALSE
15109,EAD500-W0.5,EAD500,Length Units,,Operations,Strouse-HQ,,Average,Default Cost Category,Membrane Switch Single Linered,TRUE,0.024464532,"3M Company, Inc. Converter Markets",3141,The Strouse Corporation,TRUE,0.024464532,,,5000 Cost of Goods,300000 Sales,13100 Inventory Asset,FALSE
15111,FP022102-W5,FP022102,Length Units,,Operations,Strouse-HQ,,Average,Default Cost Category,"White Polypropylene, Thermal transfer",TRUE,0.124062,"3M Company, Inc. Converter Markets",3141,The Strouse Corporation,TRUE,0.124062,,,5000 Cost of Goods,300000 Sales,13100 Inventory Asset,FALSE
15118,Spec# 78004-W6,Spec# 78004,Length Units,,Operations,Strouse-HQ,,Average,Default Cost Category,7.0 Mil C2S V-Max Select Plus,TRUE,0.103633094,Fasson / Avery Dennison Label & Packaging Materials     (acct. 5387),3246,The Strouse Corporation,TRUE,0.103633094,,,5000 Cost of Goods,300000 Sales,13100 Inventory Asset,FALSE
15142,10-13-7049-W9,10-13-7049,Length Units,,Operations,Strouse-HQ,,Average,Default Cost Category,"CSM- 2 mil Clear Mylar A  PET, 9"" x 1600 feet",TRUE,0,"W.R. Rayson Co., Inc.",3620,The Strouse Corporation,TRUE,0,,,5000 Cost of Goods,300000 Sales,13100 Inventory Asset,FALSE
15157,78 lb. C1S BG40-W20.5,78 lb. C1S BG40,Length Units,,Operations,Strouse-HQ,,Average,Default Cost Category,4.4 mil 78 lb. Medium Release C1S Liner BG40,TRUE,0.087822,"Channeled Resources, Inc. (GMC Coatings)",3277,The Strouse Corporation,TRUE,0.087822,,,5000 Cost of Goods,300000 Sales,13100 Inventory Asset,FALSE
15163,1181-W1,1181,Length Units,,Operations,Strouse-HQ,,Average,Default Cost Category,3 mil copper conductive foil,TRUE,0.732760234,"3M Company, Inc. Converter Markets",3141,The Strouse Corporation,TRUE,0.732760234,,,5000 Cost of Goods,300000 Sales,13100 Inventory Asset,FALSE
15164,FRA 3502-W3,FRA 3502,Length Units,,Operations,Strouse-HQ,,Average,Default Cost Category,2 mil Clear Polyester Release Liner S1S,TRUE,0.035928,Fox River Associates,4046,The Strouse Corporation,TRUE,0.035928,,,5000 Cost of Goods,300000 Sales,13100 Inventory Asset,FALSE
15170,5419-W1.5,5419,Length Units,,Operations,Strouse-HQ,,Average,Default Cost Category,2.7 mil Low Static Polyimide ,TRUE,0.924583333,"3M Company, Inc. Converter Markets",3141,The Strouse Corporation,TRUE,0.924583333,,,5000 Cost of Goods,300000 Sales,13100 Inventory Asset,FALSE
15184,54 lb. C1S SL4 (S38)-W2.75,54 lb. C1S SL4 (S38),Length Units,,Operations,Strouse-HQ,,Average,Default Cost Category,3.2 mil 54 lb. Medium Release C1S Liner,TRUE,0.0095997,"Channeled Resources, Inc. (GMC Coatings)",3277,The Strouse Corporation,TRUE,0.0095997,,,5000 Cost of Goods,300000 Sales,13100 Inventory Asset,FALSE
15185,2132-W2.25,2132,Length Units,,Operations,Strouse-HQ,,Average,Default Cost Category,"Double Coated Foam 1/32"" Rubber",TRUE,0.135,Avery Dennison-Specialty Tape Division,3239,The Strouse Corporation,TRUE,0.135,,,5000 Cost of Goods,300000 Sales,13100 Inventory Asset,FALSE
15191,9471LE-W2,9471LE,Length Units,,Operations,Strouse-HQ,,Average,Default Cost Category,"2 mil, 300LSE, 58#PCK",TRUE,0.095120302,"3M Company, Inc. Converter Markets",3141,The Strouse Corporation,TRUE,0.095120302,,,5000 Cost of Goods,300000 Sales,13100 Inventory Asset,FALSE
15192,8850-W2.33,8850,Length Units,,Operations,Strouse-HQ,,Average,Default Cost Category,"8850, Silver, Retroreflective",TRUE,0.693416829,"3M Company, OH & ESD",4186,The Strouse Corporation,TRUE,0.693416829,,,5000 Cost of Goods,300000 Sales,13100 Inventory Asset,FALSE
15197,5590H - 1 mm-W9.45,5590H - 1 mm,Length Units,,Operations,Strouse-HQ,,Average,Default Cost Category,Thermally conductive adhesive transfer - 1 mm thick,TRUE,7.857012195,"3M Company, Inc. Converter Markets",3141,The Strouse Corporation,TRUE,7.857012195,,,5000 Cost of Goods,300000 Sales,13100 Inventory Asset,FALSE
15210,7405W-W3.375,7405W,Length Units,,Operations,Strouse-HQ,,Average,Default Cost Category,WHITE 4 mil LDPE w/ acrylic adhesive ,TRUE,0.021572917,American Biltrite,3238,The Strouse Corporation,TRUE,0.021572917,,,5000 Cost of Goods,300000 Sales,13100 Inventory Asset,FALSE
15231,7405W-W30,7405W,Length Units,,Operations,Strouse-HQ,,Average,Default Cost Category,WHITE 4 mil LDPE w/ acrylic adhesive ,TRUE,0.191666667,American Biltrite,3238,The Strouse Corporation,TRUE,0.191666667,,,5000 Cost of Goods,300000 Sales,13100 Inventory Asset,FALSE
15252,HP260 - White-W5.67,HP260 - White,Length Units,,Operations,Strouse-HQ,,Average,Default Cost Category,"1.9 mil WHITE polypropylene tape, printable (144mm x 914M) #132370",TRUE,0.0120505,"Shurtape Technologies, LLC",3259,The Strouse Corporation,TRUE,0.0120505,,,5000 Cost of Goods,300000 Sales,13100 Inventory Asset,FALSE
15253,HP260 - Clear-W5.67,HP260 - Clear,Length Units,,Operations,Strouse-HQ,,Average,Default Cost Category,"1.9 mil CLEAR polypropylene tape, printable (144mm x 914M) #132206",TRUE,0.010726667,"Shurtape Technologies, LLC",3259,The Strouse Corporation,TRUE,0.010726667,,,5000 Cost of Goods,300000 Sales,13100 Inventory Asset,FALSE
15254,56-W24,56,Length Units,,Operations,Strouse-HQ,,Average,Default Cost Category,"Tape, 2.2 mil, PET Yellow Electrical, linerless",TRUE,1.379583333,"3M Company, Inc. Converter Markets",3141,The Strouse Corporation,TRUE,1.379583333,,,5000 Cost of Goods,300000 Sales,13100 Inventory Asset,FALSE
15275,4735L-W4.25,4735L,Length Units,,Operations,Strouse-HQ,,Average,Default Cost Category,"Vinyl, Orange, Linered",TRUE,0.178006814,"3M Company, Inc. Converter Markets",3141,The Strouse Corporation,TRUE,0.178006814,,,5000 Cost of Goods,300000 Sales,13100 Inventory Asset,FALSE
15286,24S56W-Perf10-W8 - CatID-15286,24S56W-Perf10,Length Units,,Operations,Strouse-HQ,,Average,Default Cost Category,"White Protective Polyethylene, Perfed every 10""",TRUE,0.121935976,"3M Company, Inc. Converter Markets",3141,The Strouse Corporation,TRUE,0.121935976,,,5000 Cost of Goods,300000 Sales,13100 Inventory Asset,FALSE
15301,54 lb. C1S S0-W4.25,54 lb. C1S S0,Length Units,,Operations,Strouse-HQ,,Average,Default Cost Category,3.2 mil 54 lb. Easy Release C1S Liner,TRUE,0.012801,"Channeled Resources, Inc. (GMC Coatings)",3277,The Strouse Corporation,TRUE,0.012801,,,5000 Cost of Goods,300000 Sales,13100 Inventory Asset,FALSE
15322,HP260White-print-W0.5,HP260White-print,Length Units,,Operations,Strouse-HQ,,Average,Default Cost Category,"1.9 mil WHITE polypropylene tape, printable (144mm x 914M) #132370",TRUE,0.000946667,"Shurtape Technologies, LLC",3259,The Strouse Corporation,TRUE,0.000946667,,,5000 Cost of Goods,300000 Sales,13100 Inventory Asset,FALSE
15324,P221-W25,P221,Length Units,,Operations,Strouse-HQ,,Average,Default Cost Category,"Nitto P-221, .001"" polyimide - PLASTIC CORE",TRUE,5.53187963,"Nitto America, Inc.",3256,The Strouse Corporation,TRUE,5.53187963,,,5000 Cost of Goods,300000 Sales,13100 Inventory Asset,FALSE
15339,P212HD-W24,P212HD,Length Units,,Operations,Strouse-HQ,,Average,Default Cost Category,"Nitto P212HD, 0.010"" Glass Cloth tape, silicone adhesive  LOG",TRUE,6.745462963,"Nitto America, Inc.",3256,The Strouse Corporation,TRUE,6.745462963,,,5000 Cost of Goods,300000 Sales,13100 Inventory Asset,FALSE
15345,4920-W2.25,4920,Length Units,,Operations,Strouse-HQ,,Average,Default Cost Category,"Foam, 15mil, VHB, white.75",TRUE,2.187426389,"3M Company, Inc. Converter Markets",3141,The Strouse Corporation,TRUE,2.187426389,,,5000 Cost of Goods,300000 Sales,13100 Inventory Asset,FALSE
15357,3104C-W16,3104C,Length Units,,Operations,Strouse-HQ,,Average,Default Cost Category,3 mil Clear Polymask,TRUE,0.173886667,"3M Company, Inc. Converter Markets",3141,The Strouse Corporation,TRUE,0.173886667,,,5000 Cost of Goods,300000 Sales,13100 Inventory Asset,FALSE
15358,4 mil Blue HDPE-W16.75,4 mil Blue HDPE,Length Units,,Operations,Strouse-HQ,,Average,Default Cost Category,4 mil S1S Blue HDPE IN,TRUE,0.107311111,The Griff Network,3251,The Strouse Corporation,TRUE,0.107311111,,,5000 Cost of Goods,300000 Sales,13100 Inventory Asset,FALSE
15370,213-W24,213,Length Units,,Operations,Strouse-HQ,,Average,Default Cost Category,High Performance Masking Tape,TRUE,2.205868132,"3M Company, Inc. Converter Markets",3141,The Strouse Corporation,TRUE,2.205868132,,,5000 Cost of Goods,300000 Sales,13100 Inventory Asset,FALSE
15377,966-W48,966,Length Units,,Operations,Strouse-HQ,,Average,Default Cost Category,Adhesive Transfer,TRUE,3.573145,"3M Company, Inc. Converter Markets",3141,The Strouse Corporation,TRUE,3.573145,,,5000 Cost of Goods,300000 Sales,13100 Inventory Asset,FALSE
15378,2693-W0.9449,2693,Length Units,,Operations,Strouse-HQ,,Average,Default Cost Category,"8.5 mil, Masking Tape- Tan (24mm)",TRUE,0.017,"3M Company, Inc. Converter Markets",3141,The Strouse Corporation,TRUE,0.017,,,5000 Cost of Goods,300000 Sales,13100 Inventory Asset,FALSE
15390,4712Y-W30,4712Y,Length Units,,Operations,Strouse-HQ,,Average,Default Cost Category,"5 mil, Rubber, Linered Yellow Vinyl Tape",TRUE,3.738427623,"3M Company, Inc. Converter Markets",3141,The Strouse Corporation,TRUE,3.738427623,,,5000 Cost of Goods,300000 Sales,13100 Inventory Asset,FALSE
15403,4712Y-W18,4712Y,Length Units,,Operations,Strouse-HQ,,Average,Default Cost Category,"5 mil, Rubber, Linered Yellow Vinyl Tape",TRUE,2.49656126,"3M Company, Inc. Converter Markets",3141,The Strouse Corporation,TRUE,2.49656126,,,5000 Cost of Goods,300000 Sales,13100 Inventory Asset,FALSE
15410,1776-W3,1776,Length Units,,Operations,Strouse-HQ,,Average,Default Cost Category,Spunlaced PET Nonwoven w/83# PCK,TRUE,0.250003704,"3M Company, Inc. Converter Markets",3141,The Strouse Corporation,TRUE,0.250003704,,,5000 Cost of Goods,300000 Sales,13100 Inventory Asset,FALSE
15411,1567-W3,1567,Length Units,,Operations,Strouse-HQ,,Average,Default Cost Category,D/C PET w/60# liner,TRUE,0.305343519,"3M Company, Inc. Converter Markets",3141,The Strouse Corporation,TRUE,0.305343519,,,5000 Cost of Goods,300000 Sales,13100 Inventory Asset,FALSE
15418,HDS-90-W3,HDS-90,Length Units,,Operations,Strouse-HQ,,Average,Default Cost Category,Silicone Free Release Liner,TRUE,0.0530316,Classic Printers & Converters,3331,The Strouse Corporation,TRUE,0.0530316,,,5000 Cost of Goods,300000 Sales,13100 Inventory Asset,FALSE
15434,78 lb. C1S BG40-W38,78 lb. C1S BG40,Length Units,,Operations,Strouse-HQ,,Average,Default Cost Category,4.4 mil 78 lb. Medium Release C1S Liner - LOG,TRUE,0.211128,"Channeled Resources, Inc. (GMC Coatings)",3277,The Strouse Corporation,TRUE,0.211128,,,5000 Cost of Goods,300000 Sales,13100 Inventory Asset,FALSE
15440,78 lb. C1S BG40-W8,78 lb. C1S BG40,Length Units,,Operations,Strouse-HQ,,Average,Default Cost Category,4.4 mil 78 lb. Medium Release C1S Liner,TRUE,0.029664,"Channeled Resources, Inc. (GMC Coatings)",3277,The Strouse Corporation,TRUE,0.029664,,,5000 Cost of Goods,300000 Sales,13100 Inventory Asset,FALSE
15453,1170-W23,1170,Length Units,,Operations,Strouse-HQ,,Average,Default Cost Category,"Aluminum Foil Tape,  Conductive Acrylic Adhesive, Linered",TRUE,15.68221667,"3M Company, Inc. Converter Markets",3141,The Strouse Corporation,TRUE,15.68221667,,,5000 Cost of Goods,300000 Sales,13100 Inventory Asset,FALSE
15470,27SCOV-W17.5,27SCOV,Length Units,,Operations,Strouse-HQ,,Average,Default Cost Category,27#  Catalina Opaque Vellum (Lenaro Paper Co.),TRUE,0.01197189,Veritiv - Hanover,3269,The Strouse Corporation,TRUE,0.01197189,,,5000 Cost of Goods,300000 Sales,13100 Inventory Asset,FALSE
15483,4008-W3,4008,Length Units,,Operations,Strouse-HQ,,Average,Default Cost Category,"1/8"", 100, double coated white ",TRUE,2.569012037,"3M Company, Inc. Converter Markets",3141,The Strouse Corporation,TRUE,2.569012037,,,5000 Cost of Goods,300000 Sales,13100 Inventory Asset,FALSE
15490,1170-W1.75,1170,Length Units,,Operations,Strouse-HQ,,Average,Default Cost Category,"Aluminum Foil Tape,  Conductive Acrylic Adhesive, Linered",TRUE,1.193212138,"3M Company, Inc. Converter Markets",3141,The Strouse Corporation,TRUE,1.193212138,,,5000 Cost of Goods,300000 Sales,13100 Inventory Asset,FALSE
15493,69-W23.75,69,Length Units,,Operations,Strouse-HQ,,Average,Default Cost Category,"Electrical Glass Cloth Tape, 7 mil White with Silicone Adhesive (Linerless)",TRUE,2.534074074,"3M Company, Inc. Converter Markets",3141,The Strouse Corporation,TRUE,2.534074074,,,5000 Cost of Goods,300000 Sales,13100 Inventory Asset,FALSE
15501,1350F-2-W24,1350F-2,Length Units,,Operations,Strouse-HQ,,Average,Default Cost Category,"3.5 mil total thickness; 2 mil Polyester film w/ acrylic adhesive, BLACK",TRUE,1.707450154,"3M Company, Inc. Converter Markets",3141,The Strouse Corporation,TRUE,1.707450154,,,5000 Cost of Goods,300000 Sales,13100 Inventory Asset,FALSE
15503,7871-W2.25,7871,Length Units,,Operations,Strouse-HQ,,Average,Default Cost Category,"2 mil  White Polyester TC, 350, 55# DK",TRUE,0.113835192,"3M Company, Inc. Converter Markets",3141,The Strouse Corporation,TRUE,0.113835192,,,5000 Cost of Goods,300000 Sales,13100 Inventory Asset,FALSE
15521,79-W24.25,79,Length Units,,Operations,Strouse-HQ,,Average,Default Cost Category,"Electrical Glass Cloth Tape, 7 mil White with Acrylic Adhesive (Linerless) ",TRUE,2.806983333,"3M Company, Inc. Converter Markets",3141,The Strouse Corporation,TRUE,2.806983333,,,5000 Cost of Goods,300000 Sales,13100 Inventory Asset,FALSE
15530,370-W48,370,Length Units,,Operations,Strouse-HQ,,Average,Default Cost Category,"Tape, Safety Walk, Gray, Medium Resilient Tread",TRUE,14.8255,"3M Company, Inc. Converter Markets",3141,The Strouse Corporation,TRUE,14.8255,,,5000 Cost of Goods,300000 Sales,13100 Inventory Asset,FALSE
15531,92-W12.5,92,Length Units,,Operations,Strouse-HQ,,Average,Default Cost Category,"Polyimide Film Electrical Tape 92, Thermosetting Acrylic Adhesive",TRUE,3.042037037,"3M Company, Inc. Converter Markets",3141,The Strouse Corporation,TRUE,3.042037037,,,5000 Cost of Goods,300000 Sales,13100 Inventory Asset,FALSE
15541,78 lb. C1S S0-W13,78 lb. C1S S0,Length Units,,Operations,Strouse-HQ,,Average,Default Cost Category,4.4 mil 78 lb. Easy Release C1S Liner,TRUE,0.055692,"Channeled Resources, Inc. (GMC Coatings)",3277,The Strouse Corporation,TRUE,0.055692,,,5000 Cost of Goods,300000 Sales,13100 Inventory Asset,FALSE
15559,2693-W6,2693,Length Units,,Operations,Strouse-HQ,,Average,Default Cost Category,"8.5 mil, Masking Tape",TRUE,0.228070175,"3M Company, Inc. Converter Markets",3141,The Strouse Corporation,TRUE,0.228070175,,,5000 Cost of Goods,300000 Sales,13100 Inventory Asset,FALSE
15572,4951-W8,4951,Length Units,,Operations,Strouse-HQ,,Average,Default Cost Category,"45 mil, VHB, White",TRUE,9.405876852,"3M Company, Inc. Converter Markets",3141,The Strouse Corporation,TRUE,9.405876852,,,5000 Cost of Goods,300000 Sales,13100 Inventory Asset,FALSE
15586,SJ3527N-W1.5,SJ3527N,Length Units,,Operations,Strouse-HQ,,Average,Default Cost Category,"Tape, Velcro Loop, Black, Rubber, Hi Performance PSA",TRUE,1.239455333,"3M Company, Inc. Converter Markets",3141,The Strouse Corporation,TRUE,1.239455333,,,5000 Cost of Goods,300000 Sales,13100 Inventory Asset,FALSE
15589,850S-W2,850S,Length Units,,Operations,Strouse-HQ,,Average,Default Cost Category,PET 1.9 mil Silver,TRUE,0.403814815,"3M Company, Inc. Converter Markets",3141,The Strouse Corporation,TRUE,0.403814815,,,5000 Cost of Goods,300000 Sales,13100 Inventory Asset,FALSE
15595,78 lb. C1S BG40-W25.5,78 lb. C1S BG40,Length Units,,Operations,Strouse-HQ,,Average,Default Cost Category,4.4 mil 78 lb. Medium Release C1S Liner BG40,TRUE,0.153918,"Channeled Resources, Inc. (GMC Coatings)",3277,The Strouse Corporation,TRUE,0.153918,,,5000 Cost of Goods,300000 Sales,13100 Inventory Asset,FALSE
15605,54 lb. C1S SL4 (S38)-W5.25,54 lb. C1S SL4 (S38),Length Units,,Operations,Strouse-HQ,,Average,Default Cost Category,3.2 mil 54 lb. Medium Release C1S Liner,TRUE,0.022302,"Channeled Resources, Inc. (GMC Coatings)",3277,The Strouse Corporation,TRUE,0.022302,,,5000 Cost of Goods,300000 Sales,13100 Inventory Asset,FALSE
15608,SP-2068-000-39-W6 - CatID-15608,SP-2068-000-39,Length Units,,Operations,Strouse-HQ,,Average,Default Cost Category,"CSM - Copper/ Tin metalized 2 mil PET, deep dyed Red",TRUE,0,"Materion Large Area Coatings, LLC.",3601,The Strouse Corporation,TRUE,0,,,5000 Cost of Goods,300000 Sales,13100 Inventory Asset,FALSE
15618,78 lb. C1S BG40-W20,78 lb. C1S BG40,Length Units,,Operations,Strouse-HQ,,Average,Default Cost Category,4.4 mil 78 lb. Medium Release C1S Liner BG40,TRUE,0.08568,"Channeled Resources, Inc. (GMC Coatings)",3277,The Strouse Corporation,TRUE,0.08568,,,5000 Cost of Goods,300000 Sales,13100 Inventory Asset,FALSE
15621,78 lb. C1S BG40-W6,78 lb. C1S BG40,Length Units,,Operations,Strouse-HQ,,Average,Default Cost Category,4.4 mil 78 lb. Medium Release C1S Liner BG40,TRUE,0.025704,"Channeled Resources, Inc. (GMC Coatings)",3277,The Strouse Corporation,TRUE,0.025704,,,5000 Cost of Goods,300000 Sales,13100 Inventory Asset,FALSE
15627,61-W14,61,Length Units,,Operations,Strouse-HQ,,Average,Default Cost Category,5 mil Teflon Tape with Silicone Adh.,TRUE,7.332962963,"3M Company, Inc. Converter Markets",3141,The Strouse Corporation,TRUE,7.332962963,,,5000 Cost of Goods,300000 Sales,13100 Inventory Asset,FALSE
15635,54 lb. C1S S0-W9.25,54 lb. C1S S0,Length Units,,Operations,Strouse-HQ,,Average,Default Cost Category,3.2 mil 54 lb. Easy Release C1S Liner,TRUE,0.02553,"Channeled Resources, Inc. (GMC Coatings)",3277,The Strouse Corporation,TRUE,0.02553,,,5000 Cost of Goods,300000 Sales,13100 Inventory Asset,FALSE
15638,40PR-W24,40PR,Length Units,,Operations,Strouse-HQ,,Average,Default Cost Category,Clear Anti-Static Tape,TRUE,2.727933333,"3M Company, Inc. Converter Markets",3141,The Strouse Corporation,TRUE,2.727933333,,,5000 Cost of Goods,300000 Sales,13100 Inventory Asset,FALSE
15656,234-W1,234,Length Units,,Operations,Strouse-HQ,,Average,Default Cost Category,General Purpose Masking Tape,TRUE,0.044077778,"3M Company, Inc. Converter Markets",3141,The Strouse Corporation,TRUE,0.044077778,,,5000 Cost of Goods,300000 Sales,13100 Inventory Asset,FALSE
15669,5952-W1,5952,Length Units,,Operations,Strouse-HQ,,Average,Default Cost Category,"45 mil, D/C Acrylic Foam, VHB",TRUE,0.710144444,"3M Company, Inc. Converter Markets",3141,The Strouse Corporation,TRUE,0.710144444,,,5000 Cost of Goods,300000 Sales,13100 Inventory Asset,FALSE
15673,63-W14,63,Length Units,,Operations,Strouse-HQ,,Average,Default Cost Category,Teflon Tape with Silicone Adh.,TRUE,7.021566667,"3M Company, Inc. Converter Markets",3141,The Strouse Corporation,TRUE,7.021566667,,,5000 Cost of Goods,300000 Sales,13100 Inventory Asset,FALSE
15679,DC329-W9.5,DC329,Length Units,,Operations,Strouse-HQ,,Average,Default Cost Category,"White Metalized PET Film, 92 DC 329/VDAL (Untreated)",TRUE,0.048336,Dunmore International Corporation,3358,The Strouse Corporation,TRUE,0.048336,,,5000 Cost of Goods,300000 Sales,13100 Inventory Asset,FALSE
15693,54 lb. C1S SL4 (S38)-W5.375,54 lb. C1S SL4 (S38),Length Units,,Operations,Strouse-HQ,,Average,Default Cost Category,3.2 mil 54 lb. Medium Release C1S Liner,TRUE,0.0161895,"Channeled Resources, Inc. (GMC Coatings)",3277,The Strouse Corporation,TRUE,0.0161895,,,5000 Cost of Goods,300000 Sales,13100 Inventory Asset,FALSE
15695,467MP-W2,467MP,Length Units,,Operations,Strouse-HQ,,Average,Default Cost Category,"2 mil, 200MP, 58# PCK",TRUE,0.121601296,"3M Company, Inc. Converter Markets",3141,The Strouse Corporation,TRUE,0.121601296,,,5000 Cost of Goods,300000 Sales,13100 Inventory Asset,FALSE
15704,428 ASJ-W6,428 ASJ,Length Units,,Operations,Strouse-HQ,,Average,Default Cost Category,CSM - White Foil Tape,TRUE,0,"Ideal Tape Co., Inc.",3540,The Strouse Corporation,TRUE,0,,,5000 Cost of Goods,300000 Sales,13100 Inventory Asset,FALSE
15722,2AFR Black-W9,2AFR Black,Length Units,,Operations,Strouse-HQ,,Average,Default Cost Category,"Foam, 1/8"" 2AFR Black Volara w/PSA",TRUE,0.363,Rubberlite,3303,The Strouse Corporation,TRUE,0.363,,,5000 Cost of Goods,300000 Sales,13100 Inventory Asset,FALSE
15751,99786-W24,99786,Length Units,,Operations,Strouse-HQ,,Average,Default Cost Category,5.5 mils 300mp adhesive w/ nonwoven 4.2 mil kraft liner,TRUE,1.207041667,"3M Company, Inc. Converter Markets",3141,The Strouse Corporation,TRUE,1.207041667,,,5000 Cost of Goods,300000 Sales,13100 Inventory Asset,FALSE
15752,SJ5816BK-W4.5,SJ5816BK,Length Units,,Operations,Strouse-HQ,,Average,Default Cost Category,"1/16”, Black Resilient Roll, R30, 60#",TRUE,5.144897222,"3M Company, Inc. Converter Markets",3141,The Strouse Corporation,TRUE,5.144897222,,,5000 Cost of Goods,300000 Sales,13100 Inventory Asset,FALSE
15756,93020LE-W1.5,93020LE,Length Units,,Operations,Strouse-HQ,,Average,Default Cost Category,"12.9 mil PET, D/C, 300LSE, 58#PCK",TRUE,0.077333333,"3M Company, Inc. Converter Markets",3141,The Strouse Corporation,TRUE,0.077333333,,,5000 Cost of Goods,300000 Sales,13100 Inventory Asset,FALSE
15764,339- printed BLUE BHB-W2.8,339- printed BLUE BHB,Length Units,,Operations,Strouse-HQ,,Average,Default Cost Category,".010 Melinex 339, White Opaque treated two sides - Printed",TRUE,0.123142857,"TEKRA - a Division of EIS, Inc.",3309,The Strouse Corporation,TRUE,0.123142857,,,5000 Cost of Goods,300000 Sales,13100 Inventory Asset,FALSE
15782,54 lb. C1S S0-W2.125,54 lb. C1S S0,Length Units,,Operations,Strouse-HQ,,Average,Default Cost Category,3.2 mil 54 lb. Easy Release C1S Liner,TRUE,0.005866,"Channeled Resources, Inc. (GMC Coatings)",3277,The Strouse Corporation,TRUE,0.005866,,,5000 Cost of Goods,300000 Sales,13100 Inventory Asset,FALSE
15801,Pall BTS-100-W5.5,Pall BTS-100,Length Units,,Operations,Strouse-HQ,,Average,Default Cost Category,"CSM - Reagent/Optical Pad, Pall BTS-100",TRUE,0,StanBio Laboratory LP EKF Diagnostics,3629,The Strouse Corporation,TRUE,0,,,5000 Cost of Goods,300000 Sales,13100 Inventory Asset,FALSE
15802,PES 18/13-W0.64,PES 18/13,Length Units,,Operations,Strouse-HQ,,Average,Default Cost Category,"CSM-  Spreading Mesh , Coated Saatifil PES, 18/13",TRUE,0,StanBio Laboratory LP EKF Diagnostics,3629,The Strouse Corporation,TRUE,0,,,5000 Cost of Goods,300000 Sales,13100 Inventory Asset,FALSE
15830,7731FL-W4,7731FL,Length Units,,Operations,Strouse-HQ,,Average,Default Cost Category,"2 mil,  Clear NTC, 400, 1.5 mil PET",TRUE,0.1717276,"3M Company, Inc. Converter Markets",3141,The Strouse Corporation,TRUE,0.1717276,,,5000 Cost of Goods,300000 Sales,13100 Inventory Asset,FALSE
15832,KPT-1-W0.75 - CatID-15832,KPT-1,Length Units,,Operations,Strouse-HQ,,Average,Default Cost Category,1 mil Polyimide with silicone adhesive,TRUE,0.043518519,Adhesive Tape Products,3237,The Strouse Corporation,TRUE,0.043518519,,,5000 Cost of Goods,300000 Sales,13100 Inventory Asset,FALSE
15834,3 mil Polyester-W4,3 mil Polyester,Length Units,,Operations,Strouse-HQ,,Average,Default Cost Category,3 mil Polyester Clear - Untreated,TRUE,0.062,TEAM Plastics,3304,The Strouse Corporation,TRUE,0.062,,,5000 Cost of Goods,300000 Sales,13100 Inventory Asset,FALSE
15843,54 lb. C1S SL4 (S38)-W10,54 lb. C1S SL4 (S38),Length Units,,Operations,Strouse-HQ,,Average,Default Cost Category,3.2 mil 54 lb. Medium Release C1S Liner,TRUE,0.05292,"Channeled Resources, Inc. (GMC Coatings)",3277,The Strouse Corporation,TRUE,0.05292,,,5000 Cost of Goods,300000 Sales,13100 Inventory Asset,FALSE
15854,335-W6,335,Length Units,,Operations,Strouse-HQ,,Average,Default Cost Category,"Tape, PET, 1.6 mil, Pink Rubber Protective Tape",TRUE,0.540731944,"3M Company, Inc. Converter Markets",3141,The Strouse Corporation,TRUE,0.540731944,,,5000 Cost of Goods,300000 Sales,13100 Inventory Asset,FALSE
15867,78 lb. C1S BG40-W4.25,78 lb. C1S BG40,Length Units,,Operations,Strouse-HQ,,Average,Default Cost Category,4.4 mil 78 lb. Medium Release C1S Liner BG40,TRUE,0.018207,"Channeled Resources, Inc. (GMC Coatings)",3277,The Strouse Corporation,TRUE,0.018207,,,5000 Cost of Goods,300000 Sales,13100 Inventory Asset,FALSE
15876,2364-W3.937,2364,Length Units,,Operations,Strouse-HQ,,Average,Default Cost Category,"6.5 mil, Crepe Masking, Nat. Syn. Rubber Blend",TRUE,0.121872778,"3M Company, Inc. Converter Markets",3141,The Strouse Corporation,TRUE,0.121872778,,,5000 Cost of Goods,300000 Sales,13100 Inventory Asset,FALSE
15877,2364-W5.75,2364,Length Units,,Operations,Strouse-HQ,,Average,Default Cost Category,"6.5 mil, Crepe Masking, Nat. Syn. Rubber Blend",TRUE,0.185486806,"3M Company, Inc. Converter Markets",3141,The Strouse Corporation,TRUE,0.185486806,,,5000 Cost of Goods,300000 Sales,13100 Inventory Asset,FALSE
15878,2364-W7.5,2364,Length Units,,Operations,Strouse-HQ,,Average,Default Cost Category,"6.5 mil, Crepe Masking, Nat. Syn. Rubber Blend",TRUE,0.205175694,"3M Company, Inc. Converter Markets",3141,The Strouse Corporation,TRUE,0.205175694,,,5000 Cost of Goods,300000 Sales,13100 Inventory Asset,FALSE
15892,2364-W7,2364,Length Units,,Operations,Strouse-HQ,,Average,Default Cost Category,"6.5 mil, Crepe Masking, Nat. Syn. Rubber Blend",TRUE,0.22581,"3M Company, Inc. Converter Markets",3141,The Strouse Corporation,TRUE,0.22581,,,5000 Cost of Goods,300000 Sales,13100 Inventory Asset,FALSE
15893,2364-W9,2364,Length Units,,Operations,Strouse-HQ,,Average,Default Cost Category,"6.5 mil, Crepe Masking, Nat. Syn. Rubber Blend",TRUE,0.201254259,"3M Company, Inc. Converter Markets",3141,The Strouse Corporation,TRUE,0.201254259,,,5000 Cost of Goods,300000 Sales,13100 Inventory Asset,FALSE
15899,235-W6,235,Length Units,,Operations,Strouse-HQ,,Average,Default Cost Category,Black Photographic Light Blocking Tape,TRUE,0.5235,"3M Company, Inc. Converter Markets",3141,The Strouse Corporation,TRUE,0.5235,,,5000 Cost of Goods,300000 Sales,13100 Inventory Asset,FALSE
15915,468MP-W2.453,468MP,Length Units,,Operations,Strouse-HQ,,Average,Default Cost Category,"5 mil, 200MP, 58#PCK",TRUE,0.156101852,"3M Company, Inc. Converter Markets",3141,The Strouse Corporation,TRUE,0.156101852,,,5000 Cost of Goods,300000 Sales,13100 Inventory Asset,FALSE
15919,53 Lb. C2S BG0-BG0-W4.25,53 Lb. C2S BG0-BG0,Length Units,,Operations,Strouse-HQ,,Average,Default Cost Category,3.2 mil 53 lb. Easy Release Liner C2S (Easy/Easy),TRUE,0.019208201,"Channeled Resources, Inc. (GMC Coatings)",3277,The Strouse Corporation,TRUE,0.019208201,,,5000 Cost of Goods,300000 Sales,13100 Inventory Asset,FALSE
15920,53 Lb. C2S BG0/BG0-W40,53 Lb. C2S BG0/BG0,Length Units,,Operations,Strouse-HQ,,Average,Default Cost Category,3.2 mil 53 lb. Easy Release Liner C2S BG0/BG0(Easy/Easy),TRUE,0.23376,"Channeled Resources, Inc. (GMC Coatings)",3277,The Strouse Corporation,TRUE,0.23376,,,5000 Cost of Goods,300000 Sales,13100 Inventory Asset,FALSE
15925,78 lb. C1S BG40-W5,78 lb. C1S BG40,Length Units,,Operations,Strouse-HQ,,Average,Default Cost Category,4.4 mil 78 lb. Medium Release C1S Liner BG40,TRUE,0.03018,"Channeled Resources, Inc. (GMC Coatings)",3277,The Strouse Corporation,TRUE,0.03018,,,5000 Cost of Goods,300000 Sales,13100 Inventory Asset,FALSE
15927,231-PLG-W29,231-PLG,Length Units,,Operations,Strouse-HQ,,Average,Default Cost Category,"Masking Tape, 6.1 mil - LOG",TRUE,0.767277778,"3M Company, Inc. Converter Markets",3141,The Strouse Corporation,TRUE,0.767277778,,,5000 Cost of Goods,300000 Sales,13100 Inventory Asset,FALSE
15934,54 lb. C1S S0-W40,54 lb. C1S S0,Length Units,,Operations,Strouse-HQ,,Average,Default Cost Category,3.2 mil 54 lb. Easy Release C1S Liner,TRUE,0.21168,"Channeled Resources, Inc. (GMC Coatings)",3277,The Strouse Corporation,TRUE,0.21168,,,5000 Cost of Goods,300000 Sales,13100 Inventory Asset,FALSE
15938,54 lb. C1S SL4 (S38)-W40,54 lb. C1S SL4 (S38),Length Units,,Operations,Strouse-HQ,,Average,Default Cost Category,3.2 mil 54 lb. Medium Release C1S Liner - LOG,TRUE,0.21168,"Channeled Resources, Inc. (GMC Coatings)",3277,The Strouse Corporation,TRUE,0.21168,,,5000 Cost of Goods,300000 Sales,13100 Inventory Asset,FALSE
15940,Z244502 / Z244464-W23,Z244502 / Z244464,"Each (Use for Boxes, Bags, Cores, Cases)",3,Operations,Strouse-HQ,,Average,Default Cost Category,"23"" x 23"" x 2-1/2"" DST Stapled Bottom / 4CT Glued Top  200B Kraft  Carton  (SETS)  ",TRUE,2.066,Packaging Services of Maryland,4040,The Strouse Corporation,TRUE,2.066,,,5000 Cost of Goods,300000 Sales,13100 Inventory Asset,FALSE
15942,06527-W1.5,06527,Length Units,,Operations,Strouse-HQ,,Average,Default Cost Category,"Masking Tape, Precision ultra-thin/ultra-smooth",TRUE,0.039266667,"3M Company, Inc. Converter Markets",3141,The Strouse Corporation,TRUE,0.039266667,,,5000 Cost of Goods,300000 Sales,13100 Inventory Asset,FALSE
15949,BlkPet1mmF3FWh120-W9.5,BlkPet1mmF3FWh120,Length Units,,Operations,Strouse-HQ,,Average,Default Cost Category,1mm Black PET Felt w/ 3F Acrylic PSA & White 120g liner (4 mil),TRUE,0.409366667,Sutherland Felt Company,3377,The Strouse Corporation,TRUE,0.409366667,,,5000 Cost of Goods,300000 Sales,13100 Inventory Asset,FALSE
15950,78 lb. C1S BG40-W2.5,78 lb. C1S BG40,Length Units,,Operations,Strouse-HQ,,Average,Default Cost Category,4.4 mil 78 lb. Medium Release C1S Liner BG40,TRUE,0.01389,"Channeled Resources, Inc. (GMC Coatings)",3277,The Strouse Corporation,TRUE,0.01389,,,5000 Cost of Goods,300000 Sales,13100 Inventory Asset,FALSE
15966,54 lb. C1S S0(BG0)-W10,54 lb. C1S S0(BG0),Length Units,,Operations,Strouse-HQ,,Average,Default Cost Category,3.2 mil 54 lb. Easy Release C1S Liner,TRUE,0.05292,"Channeled Resources, Inc. (GMC Coatings)",3277,The Strouse Corporation,TRUE,0.05292,,,5000 Cost of Goods,300000 Sales,13100 Inventory Asset,FALSE
15994,93020LE-W6,93020LE,Length Units,,Operations,Strouse-HQ,,Average,Default Cost Category,"12.9 mil PET, D/C, 300LSE, 58#PCK",TRUE,0.285203704,"3M Company, Inc. Converter Markets",3141,The Strouse Corporation,TRUE,0.285203704,,,5000 Cost of Goods,300000 Sales,13100 Inventory Asset,FALSE
16000,9719XYZ-W14,9719XYZ,Length Units,,Operations,Strouse-HQ,,Average,Default Cost Category,Electrically Conductive Adhesive Transfer Tape,TRUE,17.78164352,"3M Company, Inc. Converter Markets",3141,The Strouse Corporation,TRUE,17.78164352,,,5000 Cost of Goods,300000 Sales,13100 Inventory Asset,FALSE
16021,2750-W12.75,2750,Length Units,,Operations,Strouse-HQ,,Average,Default Cost Category,Industrial Advantage Masking Tape,TRUE,0.19878165,"3M Company, Inc. Converter Markets",3141,The Strouse Corporation,TRUE,0.19878165,,,5000 Cost of Goods,300000 Sales,13100 Inventory Asset,FALSE
16023,P224-W24.75,P224,Length Units,,Operations,Strouse-HQ,,Average,Default Cost Category,"Nitto P-224, .001"" polyimide w/acrylic PSA",TRUE,4.880740741,"Nitto America, Inc.",3256,The Strouse Corporation,TRUE,4.880740741,,,5000 Cost of Goods,300000 Sales,13100 Inventory Asset,FALSE
16029,Q100 (FRA-3307)-W5,Q100 (FRA-3307),Length Units,,Operations,Strouse-HQ,,Average,Default Cost Category,2 mil Clear Polyester S1S Premium Release Liner,TRUE,0.035928,Fox River Associates,4046,The Strouse Corporation,TRUE,0.035928,,,5000 Cost of Goods,300000 Sales,13100 Inventory Asset,FALSE
16030,Q100 (FRA-3307)-W6,Q100 (FRA-3307),Length Units,,Operations,Strouse-HQ,,Average,Default Cost Category,2 mil Clear Polyester S1S Premium Release Liner,TRUE,0.05004,Fox River Associates,4046,The Strouse Corporation,TRUE,0.05004,,,5000 Cost of Goods,300000 Sales,13100 Inventory Asset,FALSE
16031,Q100 (FRA-3307)-W7,Q100 (FRA-3307),Length Units,,Operations,Strouse-HQ,,Average,Default Cost Category,2 mil Clear Polyester S1S Premium Release Liner,TRUE,0.088452,Fox River Associates,4046,The Strouse Corporation,TRUE,0.088452,,,5000 Cost of Goods,300000 Sales,13100 Inventory Asset,FALSE
16043,8671-W4,8671,Length Units,,Operations,Strouse-HQ,,Average,Default Cost Category,14 mil polyurethane protective tape,TRUE,2.3005,"3M Company, Inc. Converter Markets",3141,The Strouse Corporation,TRUE,2.3005,,,5000 Cost of Goods,300000 Sales,13100 Inventory Asset,FALSE
16044,8671-W5,8671,Length Units,,Operations,Strouse-HQ,,Average,Default Cost Category,14 mil polyurethane protective tape,TRUE,3.155824074,"3M Company, Inc. Converter Markets",3141,The Strouse Corporation,TRUE,3.155824074,,,5000 Cost of Goods,300000 Sales,13100 Inventory Asset,FALSE
16059,5850-W50,5850,Length Units,,Operations,Strouse-HQ,,Average,Default Cost Category,Scotch Clean View Clear Pad/ 20 sheets per pad/6 pads per Case,TRUE,4.050208333,"3M Company, Inc. Converter Markets",3141,The Strouse Corporation,TRUE,4.050208333,,,5000 Cost of Goods,300000 Sales,13100 Inventory Asset,FALSE
16078,10 pt.-W36,10 pt.,Length Units,,Operations,Strouse-HQ,,Average,Default Cost Category,"CSM- 10 Pt. Paper on 6"" Core, 42"" O.D.  ",TRUE,0,Colony Packaging & Machine,3538,The Strouse Corporation,TRUE,0,,,5000 Cost of Goods,300000 Sales,13100 Inventory Asset,FALSE
16105,78 lb. C1S BG40-W12.25,78 lb. C1S BG40,Length Units,,Operations,Strouse-HQ,,Average,Default Cost Category,4.4 mil 78 lb. Medium Release C1S Liner BG40,TRUE,0.068061,"Channeled Resources, Inc. (GMC Coatings)",3277,The Strouse Corporation,TRUE,0.068061,,,5000 Cost of Goods,300000 Sales,13100 Inventory Asset,FALSE
16110,42 lb. C1S S0-W8,42 lb. C1S S0,Length Units,,Operations,Strouse-HQ,,Average,Default Cost Category,2.5 mil 42# Easy Release Liner,TRUE,0.041568,"Channeled Resources, Inc. (GMC Coatings)",3277,The Strouse Corporation,TRUE,0.041568,,,5000 Cost of Goods,300000 Sales,13100 Inventory Asset,FALSE
16111,427-W18,427,Length Units,,Operations,Strouse-HQ,,Average,Default Cost Category,"5 mil Aluminum Foil, (linered)",TRUE,4.196712778,"3M Company, Inc. Converter Markets",3141,The Strouse Corporation,TRUE,4.196712778,,,5000 Cost of Goods,300000 Sales,13100 Inventory Asset,FALSE
16112,427-W12,427,Length Units,,Operations,Strouse-HQ,,Average,Default Cost Category,"5 mil Aluminum Foil, (linered)",TRUE,1.880777778,"3M Company, Inc. Converter Markets",3141,The Strouse Corporation,TRUE,1.880777778,,,5000 Cost of Goods,300000 Sales,13100 Inventory Asset,FALSE
16113,467MP-W6,467MP,Length Units,,Operations,Strouse-HQ,,Average,Default Cost Category,"2 mil, 200MP, 58# PCK",TRUE,0.285594259,"3M Company, Inc. Converter Markets",3141,The Strouse Corporation,TRUE,0.285594259,,,5000 Cost of Goods,300000 Sales,13100 Inventory Asset,FALSE
16114,467MP-W8,467MP,Length Units,,Operations,Strouse-HQ,,Average,Default Cost Category,"2 mil, 200MP, 58# PCK",TRUE,0.486405,"3M Company, Inc. Converter Markets",3141,The Strouse Corporation,TRUE,0.486405,,,5000 Cost of Goods,300000 Sales,13100 Inventory Asset,FALSE
16123,2460-W1.5,2460,Length Units,,Operations,Strouse-HQ,,Average,Default Cost Category,Gold Ultra Thin Masking tape,TRUE,0.064387222,"3M Company, Inc. Converter Markets",3141,The Strouse Corporation,TRUE,0.064387222,,,5000 Cost of Goods,300000 Sales,13100 Inventory Asset,FALSE
16124,2460-W2,2460,Length Units,,Operations,Strouse-HQ,,Average,Default Cost Category,Gold Ultra Thin Masking tape,TRUE,0.085860556,"3M Company, Inc. Converter Markets",3141,The Strouse Corporation,TRUE,0.085860556,,,5000 Cost of Goods,300000 Sales,13100 Inventory Asset,FALSE
16126,9453LE-W11.5,9453LE,Length Units,,Operations,Strouse-HQ,,Average,Default Cost Category,"3.5 mil, 300LSE, 58# PCK",TRUE,1.017294444,"3M Company, Inc. Converter Markets",3141,The Strouse Corporation,TRUE,1.017294444,,,5000 Cost of Goods,300000 Sales,13100 Inventory Asset,FALSE
16136,54 lb. C1S S0-W8.25,54 lb. C1S S0,Length Units,,Operations,Strouse-HQ,,Average,Default Cost Category,3.2 mil 54 lb. Easy Release C1S Liner,TRUE,0.027423,"Channeled Resources, Inc. (GMC Coatings)",3277,The Strouse Corporation,TRUE,0.027423,,,5000 Cost of Goods,300000 Sales,13100 Inventory Asset,FALSE
16150,9453LE-W8,9453LE,Length Units,,Operations,Strouse-HQ,,Average,Default Cost Category,"3.5 mil, 300LSE, 58# PCK",TRUE,0.707682778,"3M Company, Inc. Converter Markets",3141,The Strouse Corporation,TRUE,0.707682778,,,5000 Cost of Goods,300000 Sales,13100 Inventory Asset,FALSE
16157,4790-92-12250-04-W8 - CatID-16157,4790-92-12250-04,Length Units,,Operations,Strouse-HQ,,Average,Default Cost Category,"Poron Foam,  .250"" Th, 4790-92-12250-04, Plain",TRUE,2.255,Stockwell Elastomerics,3335,The Strouse Corporation,TRUE,2.255,,,5000 Cost of Goods,300000 Sales,13100 Inventory Asset,FALSE
16158,FIL-930P-W2,FIL-930P,Length Units,,Operations,Strouse-HQ,,Average,Default Cost Category,FIL-930P Filament Tape,TRUE,0.062,Adhesive Tape Products,3237,The Strouse Corporation,TRUE,0.062,,,5000 Cost of Goods,300000 Sales,13100 Inventory Asset,FALSE
16166,140724-W24,140724,Length Units,,Operations,Strouse-HQ,,Average,Default Cost Category,Green 35# Machine Glazed  Masking Paper,TRUE,0.050075,Kardol LLC,3350,The Strouse Corporation,TRUE,0.050075,,,5000 Cost of Goods,300000 Sales,13100 Inventory Asset,FALSE
16167,Compucal II PM200 White MT/C-329 No PS MT/C-352-W6.4375,Compucal II PM200 White MT/C-329 No PS MT/C-352,Length Units,,Operations,Strouse-HQ,,Average,Default Cost Category,Compucal II PM200 White MT/C-329 No PS MT/C-352,TRUE,0.245655,"FLEXcon Company, Inc.",3247,The Strouse Corporation,TRUE,0.245655,,,5000 Cost of Goods,300000 Sales,13100 Inventory Asset,FALSE
16168,Compucal II PM200 White MT/C-329 No PS MT/C-352-W2.5,Compucal II PM200 White MT/C-329 No PS MT/C-352,Length Units,,Operations,Strouse-HQ,,Average,Default Cost Category,Compucal II PM200 White MT/C-329 No PS MT/C-352,TRUE,0.0924,"FLEXcon Company, Inc.",3247,The Strouse Corporation,TRUE,0.0924,,,5000 Cost of Goods,300000 Sales,13100 Inventory Asset,FALSE
16170,Q100 (FRA-3307)-W2.5,Q100 (FRA-3307),Length Units,,Operations,Strouse-HQ,,Average,Default Cost Category,2 mil Clear Polyester S1S Premium Release Liner,TRUE,0.016315,Fox River Associates,4046,The Strouse Corporation,TRUE,0.016315,,,5000 Cost of Goods,300000 Sales,13100 Inventory Asset,FALSE
16202,1524-W3,1524,Length Units,,Operations,Strouse-HQ,,Average,Default Cost Category,Medical Polyester Fiber Reinforced Transfer Adhesive,TRUE,0.2038472,"3M Company, Inc. Converter Markets",3141,The Strouse Corporation,TRUE,0.2038472,,,5000 Cost of Goods,300000 Sales,13100 Inventory Asset,FALSE
16212,200A FEP Teflon-W12.25,200A FEP Teflon,Length Units,,Operations,Strouse-HQ,,Average,Default Cost Category,CSM - 2 mil FEP 200A DuPont Teflon ,TRUE,0,Atlantic Corporation-Raleigh,3567,The Strouse Corporation,TRUE,0,,,5000 Cost of Goods,300000 Sales,13100 Inventory Asset,FALSE
16218,78 lb. C1S BG40-W3.75,78 lb. C1S BG40,Length Units,,Operations,Strouse-HQ,,Average,Default Cost Category,4.4 mil 78 lb. Medium Release C1S Liner BG40,TRUE,0.016066,"Channeled Resources, Inc. (GMC Coatings)",3277,The Strouse Corporation,TRUE,0.016066,,,5000 Cost of Goods,300000 Sales,13100 Inventory Asset,FALSE
16224,9495MPF-W2,9495MPF,Length Units,,Operations,Strouse-HQ,,Average,Default Cost Category,5.6 mil Double Coated Polyester Tape w/Film Liner,TRUE,0.195181067,"3M Company, Inc. Converter Markets",3141,The Strouse Corporation,TRUE,0.195181067,,,5000 Cost of Goods,300000 Sales,13100 Inventory Asset,FALSE
16234,7333-W7.875,7333,Length Units,,Operations,Strouse-HQ,,Average,Default Cost Category,Clear Protecrite,TRUE,0.0361746,American Biltrite,3238,The Strouse Corporation,TRUE,0.0361746,,,5000 Cost of Goods,300000 Sales,13100 Inventory Asset,FALSE
16243,4492W-W8.625,4492W,Length Units,,Operations,Strouse-HQ,,Average,Default Cost Category,"1/32"", 430, Double Coated White",TRUE,1.059698509,"3M Company, Inc. Converter Markets",3141,The Strouse Corporation,TRUE,1.059698509,,,5000 Cost of Goods,300000 Sales,13100 Inventory Asset,FALSE
16245,1181-W23 - CatID-16245,1181,Length Units,,Operations,Strouse-HQ,,Average,Default Cost Category,"3 mil copper conductive foil (23"" x 60 Yards)",TRUE,17.11775333,"3M Company, Inc. Converter Markets",3141,The Strouse Corporation,TRUE,17.11775333,,,5000 Cost of Goods,300000 Sales,13100 Inventory Asset,FALSE
16265,Q100 (FRA-3307)-W4,Q100 (FRA-3307),Length Units,,Operations,Strouse-HQ,,Average,Default Cost Category,2 mil Clear Polyester S1S Premium Release Liner,TRUE,0.029368,Fox River Associates,4046,The Strouse Corporation,TRUE,0.029368,,,5000 Cost of Goods,300000 Sales,13100 Inventory Asset,FALSE
16272,50990/50991-W26,50990/50991,"Each (Use for Boxes, Bags, Cores, Cases)",3,Operations,Strouse-HQ,,Average,Default Cost Category,"26"" x 26"" x 3"" Tele Bottom/Tele Top  200C Kraft  Carton (SETS)",TRUE,4.061,BCI - Allsize Division,3334,The Strouse Corporation,TRUE,4.061,,,5000 Cost of Goods,300000 Sales,13100 Inventory Asset,FALSE
16280,PUL8591-W24,PUL8591,Length Units,,Operations,Strouse-HQ,,Average,Default Cost Category,"Paint Protection Film 8591, 14 mil, Transparent",TRUE,6.102962963,"3M Company, Inc. Converter Markets",3141,The Strouse Corporation,TRUE,6.102962963,,,5000 Cost of Goods,300000 Sales,13100 Inventory Asset,FALSE
16283,SP-2068-000-39-W3 - CatID-16283,SP-2068-000-39,Length Units,,Operations,Strouse-HQ,,Average,Default Cost Category,"CSM - Copper/ Tin metalized 2 mil PET, deep dyed Red",TRUE,0,"Materion Large Area Coatings, LLC.",3601,The Strouse Corporation,TRUE,0,,,5000 Cost of Goods,300000 Sales,13100 Inventory Asset,FALSE
16285,Q-100 (FRA-3307)-W12,Q-100 (FRA-3307),Length Units,,Operations,Strouse-HQ,,Average,Default Cost Category,2 mil Clear Polyester S1S Premium Release Liner,TRUE,0.078390909,Fox River Associates,4046,The Strouse Corporation,TRUE,0.078390909,,,5000 Cost of Goods,300000 Sales,13100 Inventory Asset,FALSE
16292,588-W13.25,588,Length Units,,Operations,Strouse-HQ,,Average,Default Cost Category,Thermo Bonding Film,TRUE,3.129555556,"3M Company, Inc. Converter Markets",3141,The Strouse Corporation,TRUE,3.129555556,,,5000 Cost of Goods,300000 Sales,13100 Inventory Asset,FALSE
16300,GPM-63-W61,GPM-63,Length Units,,Operations,Strouse-HQ,,Average,Default Cost Category,"Masking Tape, 5 mil utility",TRUE,0.327777778,Adhesive Tape Products,3237,The Strouse Corporation,TRUE,0.327777778,,,5000 Cost of Goods,300000 Sales,13100 Inventory Asset,FALSE
16321,MYP-36GS-W1,MYP-36GS,Length Units,,Operations,Strouse-HQ,,Average,Default Cost Category,Silicone Adhesive Tape - Emerald Green - LOG,TRUE,0.034259259,Adhesive Tape Products,3237,The Strouse Corporation,TRUE,0.034259259,,,5000 Cost of Goods,300000 Sales,13100 Inventory Asset,FALSE
16322,78 lb. C1S BG40-W6.5,78 lb. C1S BG40,Length Units,,Operations,Strouse-HQ,,Average,Default Cost Category,4.4 mil 78 lb. Medium Release C1S Liner BG40,TRUE,0.025311,"Channeled Resources, Inc. (GMC Coatings)",3277,The Strouse Corporation,TRUE,0.025311,,,5000 Cost of Goods,300000 Sales,13100 Inventory Asset,FALSE
16324,S-4140-W14,S-4140,"Each (Use for Boxes, Bags, Cores, Cases)",3,Operations,Strouse-HQ,,Average,Default Cost Category,"14"" x 14"" x 6""  RSC 200C Carton",TRUE,0.056428571,ULINE,3330,The Strouse Corporation,TRUE,0.056428571,,,5000 Cost of Goods,300000 Sales,13100 Inventory Asset,FALSE
16326,78 lb. C1S BG40-W3.25,78 lb. C1S BG40,Length Units,,Operations,Strouse-HQ,,Average,Default Cost Category,4.4 mil 78 lb. Medium Release C1S Liner BG40,TRUE,0.0160992,"Channeled Resources, Inc. (GMC Coatings)",3277,The Strouse Corporation,TRUE,0.0160992,,,5000 Cost of Goods,300000 Sales,13100 Inventory Asset,FALSE
16343,200-W6.5,200,Length Units,,Operations,Strouse-HQ,,Average,Default Cost Category,"4.5 mil, Rubber, Masking",TRUE,0.0256152,"3M Company, Inc. Converter Markets",3141,The Strouse Corporation,TRUE,0.0256152,,,5000 Cost of Goods,300000 Sales,13100 Inventory Asset,FALSE
16363,7419-W18.9,7419,Length Units,,Operations,Strouse-HQ,,Average,Default Cost Category,"2.5 mil, Polyimide Film (480mm)",TRUE,9.843333333,"3M Company, Inc. Converter Markets",3141,The Strouse Corporation,TRUE,9.843333333,,,5000 Cost of Goods,300000 Sales,13100 Inventory Asset,FALSE
16383,301+-W58.66,301+,Length Units,,Operations,Strouse-HQ,,Average,Default Cost Category,Yellow Performance Masking Jumbo 301+ ,TRUE,0.577124133,"3M Company, Inc. Converter Markets",3141,The Strouse Corporation,TRUE,0.577124133,,,5000 Cost of Goods,300000 Sales,13100 Inventory Asset,FALSE
16384,401+-W58.66,401+,Length Units,,Operations,Strouse-HQ,,Average,Default Cost Category,Performance Masking Jumbo 401+ (1490mm x 4000M) ,TRUE,0.65570122,"3M Company, Inc. Converter Markets",3141,The Strouse Corporation,TRUE,0.65570122,,,5000 Cost of Goods,300000 Sales,13100 Inventory Asset,FALSE
16391,FM01961K-W4.5,FM01961K,Length Units,,Operations,Strouse-HQ,,Average,Default Cost Category,"Label Stock, Polyester, 2 mil White ",TRUE,0.1160126,"3M Company, Inc. Converter Markets",3141,The Strouse Corporation,TRUE,0.1160126,,,5000 Cost of Goods,300000 Sales,13100 Inventory Asset,FALSE
16392,9877-W3,9877,Length Units,,Operations,Strouse-HQ,,Average,Default Cost Category,"Medical Tape, 4.5 mil D/C Polyester",TRUE,0.212453704,"3M Company, Inc. Converter Markets",3141,The Strouse Corporation,TRUE,0.212453704,,,5000 Cost of Goods,300000 Sales,13100 Inventory Asset,FALSE
16396,7305-W15,7305,Length Units,,Operations,Strouse-HQ,,Average,Default Cost Category,Protective Tape - Clear,TRUE,0.065260417,American Biltrite,3238,The Strouse Corporation,TRUE,0.065260417,,,5000 Cost of Goods,300000 Sales,13100 Inventory Asset,FALSE
16420,V400F White No PS-W6,V400F White No PS,Length Units,,Operations,Strouse-HQ,,Average,Default Cost Category,V400F White No PS,TRUE,0.11952,"FLEXcon Company, Inc.",3247,The Strouse Corporation,TRUE,0.11952,,,5000 Cost of Goods,300000 Sales,13100 Inventory Asset,FALSE
16424,213-W2,213,Length Units,,Operations,Strouse-HQ,,Average,Default Cost Category,Masking Tape,TRUE,0.253058889,"3M Company, Inc. Converter Markets",3141,The Strouse Corporation,TRUE,0.253058889,,,5000 Cost of Goods,300000 Sales,13100 Inventory Asset,FALSE
16425,213-W2.75,213,Length Units,,Operations,Strouse-HQ,,Average,Default Cost Category,Scotch(R) High Performance Masking Tape 213 Tan,TRUE,0.199108801,"3M Company, Inc. Converter Markets",3141,The Strouse Corporation,TRUE,0.199108801,,,5000 Cost of Goods,300000 Sales,13100 Inventory Asset,FALSE
16426,213-W4,213,Length Units,,Operations,Strouse-HQ,,Average,Default Cost Category,High Performance Masking Tape,TRUE,0.2954064,"3M Company, Inc. Converter Markets",3141,The Strouse Corporation,TRUE,0.2954064,,,5000 Cost of Goods,300000 Sales,13100 Inventory Asset,FALSE
16430,SJ3506-W1,SJ3506,Length Units,,Operations,Strouse-HQ,,Average,Default Cost Category,"Hook, White, Recloseable with PSA",TRUE,0.290481333,"3M Company, Inc. Converter Markets",3141,The Strouse Corporation,TRUE,0.290481333,,,5000 Cost of Goods,300000 Sales,13100 Inventory Asset,FALSE
16431,Q100 (FRA-3307)-W3.85,Q100 (FRA-3307),Length Units,,Operations,Strouse-HQ,,Average,Default Cost Category,2 mil Clear Polyester S1S Premium Release Liner,TRUE,0.0251251,Fox River Associates,4046,The Strouse Corporation,TRUE,0.0251251,,,5000 Cost of Goods,300000 Sales,13100 Inventory Asset,FALSE
16438,9836-W46,9836,Length Units,,Operations,Strouse-HQ,,Average,Default Cost Category,"Tape, S/C Clear Polyurethane on Poly Carrier, 2 mil",TRUE,3.135034667,"3M Company, Inc. Converter Markets",3141,The Strouse Corporation,TRUE,3.135034667,,,5000 Cost of Goods,300000 Sales,13100 Inventory Asset,FALSE
16446,FRA 354-W4,FRA 354,Length Units,,Operations,Strouse-HQ,,Average,Default Cost Category,2 mil Clear Polyester Release Liner S2S (Easy/Easy),TRUE,0.04272,Fox River Associates,4046,The Strouse Corporation,TRUE,0.04272,,,5000 Cost of Goods,300000 Sales,13100 Inventory Asset,FALSE
16457,SO#65151-W4.75,SO#65151,Length Units,,Operations,Strouse-HQ,,Average,Default Cost Category,"3 mil Single wound sheeting, treated to 40 dyne, ""Easy Split 3"" Spec",TRUE,0.0243846,Brentwood Plastics,4047,The Strouse Corporation,TRUE,0.0243846,,,5000 Cost of Goods,300000 Sales,13100 Inventory Asset,FALSE
16484,3290-W12,3290,Length Units,,Operations,Strouse-HQ,,Average,Default Cost Category," Reflective Tape- White, Engineering Grade",TRUE,1.119694,"3M Company, Inc. Converter Markets",3141,The Strouse Corporation,TRUE,1.119694,,,5000 Cost of Goods,300000 Sales,13100 Inventory Asset,FALSE
16490,IB1190XT-W54,IB1190XT,Length Units,,Operations,Strouse-HQ,,Average,Default Cost Category,3.4 mil Double Coated PET,TRUE,0.7776,MacTac,3255,The Strouse Corporation,TRUE,0.7776,,,5000 Cost of Goods,300000 Sales,13100 Inventory Asset,FALSE
16500,9877-W4,9877,Length Units,,Operations,Strouse-HQ,,Average,Default Cost Category,"Medical Tape, 4.5 mil D/C Polyester",TRUE,0.1712544,"3M Company, Inc. Converter Markets",3141,The Strouse Corporation,TRUE,0.1712544,,,5000 Cost of Goods,300000 Sales,13100 Inventory Asset,FALSE
16505,4929-W1.25,4929,Length Units,,Operations,Strouse-HQ,,Average,Default Cost Category,"Foam, 25 mil, VHB, double coated black",TRUE,1.262042593,"3M Company, Inc. Converter Markets",3141,The Strouse Corporation,TRUE,1.262042593,,,5000 Cost of Goods,300000 Sales,13100 Inventory Asset,FALSE
16510,3903-W4.625,3903,Length Units,,Operations,Strouse-HQ,,Average,Default Cost Category,Vinyl Duct Tape - White,TRUE,0.10719523,"3M Company, Inc. Converter Markets",3141,The Strouse Corporation,TRUE,0.10719523,,,5000 Cost of Goods,300000 Sales,13100 Inventory Asset,FALSE
16516,42 lb. Uncoated-W6,42 lb. Uncoated,Length Units,,Operations,Strouse-HQ,,Average,Default Cost Category,2.5 mil 42# DK Paper Liner- Uncoated,TRUE,0.00828,"Channeled Resources, Inc. (GMC Coatings)",3277,The Strouse Corporation,TRUE,0.00828,,,5000 Cost of Goods,300000 Sales,13100 Inventory Asset,FALSE
16517,9495LE-W1.75,9495LE,Length Units,,Operations,Strouse-HQ,,Average,Default Cost Category,"6.7 mil, D/C PET, 300LSE, 58#PCK",TRUE,0.11,"3M Company, Inc. Converter Markets",3141,The Strouse Corporation,TRUE,0.11,,,5000 Cost of Goods,300000 Sales,13100 Inventory Asset,FALSE
16519,42 lb. Uncoated-W3,42 lb. Uncoated,Length Units,,Operations,Strouse-HQ,,Average,Default Cost Category,2.5 mil 42# DK Paper Liner- Uncoated,TRUE,0.00414,"Channeled Resources, Inc. (GMC Coatings)",3277,The Strouse Corporation,TRUE,0.00414,,,5000 Cost of Goods,300000 Sales,13100 Inventory Asset,FALSE
16527,42 lb. Uncoated-W2,42 lb. Uncoated,Length Units,,Operations,Strouse-HQ,,Average,Default Cost Category,2.5 mil 42# DK Paper Liner- Uncoated,TRUE,0.00276,"Channeled Resources, Inc. (GMC Coatings)",3277,The Strouse Corporation,TRUE,0.00276,,,5000 Cost of Goods,300000 Sales,13100 Inventory Asset,FALSE
16529,"50#, White,Finch Opaque-W17.5","50#, White,Finch Opaque",Length Units,,Operations,Strouse-HQ,,Average,Default Cost Category,"Paper, 50#, White,Finch Opaque Smooth",TRUE,0.019530024,Veritiv - Hanover,3269,The Strouse Corporation,TRUE,0.019530024,,,5000 Cost of Goods,300000 Sales,13100 Inventory Asset,FALSE
16548,9495LE-W2.5,9495LE,Length Units,,Operations,Strouse-HQ,,Average,Default Cost Category,"6.7 mil, D/C PET, 300LSE, 58#PCK",TRUE,0.641814558,"3M Company, Inc. Converter Markets",3141,The Strouse Corporation,TRUE,0.641814558,,,5000 Cost of Goods,300000 Sales,13100 Inventory Asset,FALSE
16558,CID-THRM-T2500-W24,CID-THRM-T2500,Length Units,,Operations,Strouse-HQ,,Average,Default Cost Category,"CSM- Low Emissivity Film, Desert Tan, Standard Gloss, No PSA (CID-THRM-T2500)",TRUE,0,"Infrared Tools, LLC ( IR.TOOLS )",3581,The Strouse Corporation,TRUE,0,,,5000 Cost of Goods,300000 Sales,13100 Inventory Asset,FALSE
16571,FLX040266-W6,FLX040266,Length Units,,Operations,Strouse-HQ,,Average,Default Cost Category,"FLEXmount® DFM 050 CLEAR V- 302LP 70 D/FK,.5 mil  Clear Polyester, Low tack/ Low tack (Removable)",TRUE,0.33912,"FLEXcon Company, Inc.",3247,The Strouse Corporation,TRUE,0.33912,,,5000 Cost of Goods,300000 Sales,13100 Inventory Asset,FALSE
16600,78 lb. C1S BG40-W4.75,78 lb. C1S BG40,Length Units,,Operations,Strouse-HQ,,Average,Default Cost Category,4.4 mil 78 lb. Medium Release C1S Liner BG40,TRUE,0.020349,"Channeled Resources, Inc. (GMC Coatings)",3277,The Strouse Corporation,TRUE,0.020349,,,5000 Cost of Goods,300000 Sales,13100 Inventory Asset,FALSE
16601,4955-W2.625,4955,Length Units,,Operations,Strouse-HQ,,Average,Default Cost Category,"80 mil, VHB, double coated white ",TRUE,2.503148148,"3M Company, Inc. Converter Markets",3141,The Strouse Corporation,TRUE,2.503148148,,,5000 Cost of Goods,300000 Sales,13100 Inventory Asset,FALSE
16608,4949-W6.25,4949,Length Units,,Operations,Strouse-HQ,,Average,Default Cost Category,"45 mil, VHB, double coated Black ",TRUE,5.472215741,"3M Company, Inc. Converter Markets",3141,The Strouse Corporation,TRUE,5.472215741,,,5000 Cost of Goods,300000 Sales,13100 Inventory Asset,FALSE
16634,78 lb. C1S BG40-W2,78 lb. C1S BG40,Length Units,,Operations,Strouse-HQ,,Average,Default Cost Category,4.4 mil 78 lb. Medium Release C1S Liner BG40,TRUE,0.008568,"Channeled Resources, Inc. (GMC Coatings)",3277,The Strouse Corporation,TRUE,0.008568,,,5000 Cost of Goods,300000 Sales,13100 Inventory Asset,FALSE
16644,427-W22,427,Length Units,,Operations,Strouse-HQ,,Average,Default Cost Category,"5 mil Aluminum Foil, (linered)",TRUE,3.956282778,"3M Company, Inc. Converter Markets",3141,The Strouse Corporation,TRUE,3.956282778,,,5000 Cost of Goods,300000 Sales,13100 Inventory Asset,FALSE
16645,8211-W60,8211,Length Units,,Operations,Strouse-HQ,,Average,Default Cost Category,"1 mil, Adhesive Transfer Optically clear adhesive, double linered with 2mil PET",TRUE,4.241023889,"3M Company, Inc. Converter Markets",3141,The Strouse Corporation,TRUE,4.241023889,,,5000 Cost of Goods,300000 Sales,13100 Inventory Asset,FALSE
16646,427-W15,427,Length Units,,Operations,Strouse-HQ,,Average,Default Cost Category,"5 mil Aluminum Foil, (linered)",TRUE,2.280168,"3M Company, Inc. Converter Markets",3141,The Strouse Corporation,TRUE,2.280168,,,5000 Cost of Goods,300000 Sales,13100 Inventory Asset,FALSE
16647,3903 Black-W49,3903 Black,Length Units,,Operations,Strouse-HQ,,Average,Default Cost Category,Vinyl Duct Tape - Black - LOG,TRUE,1.192492667,"3M Company, Inc. Converter Markets",3141,The Strouse Corporation,TRUE,1.192492667,,,5000 Cost of Goods,300000 Sales,13100 Inventory Asset,FALSE
16649,78 lb. C1S BG40-W2.25,78 lb. C1S BG40,Length Units,,Operations,Strouse-HQ,,Average,Default Cost Category,4.4 mil 78 lb. Medium Release C1S Liner BG40,TRUE,0.013581,"Channeled Resources, Inc. (GMC Coatings)",3277,The Strouse Corporation,TRUE,0.013581,,,5000 Cost of Goods,300000 Sales,13100 Inventory Asset,FALSE
16665,19342-29#211090-W51,19342-29#211090,Length Units,,Operations,Strouse-HQ,,Average,Default Cost Category,"Polyester, 5 mil DuPont Mylar Grade A",TRUE,0.9,Tekra Corp. N.C.,3537,The Strouse Corporation,TRUE,0.9,,,5000 Cost of Goods,300000 Sales,13100 Inventory Asset,FALSE
16718,7812-W6,7812,Length Units,,Operations,Strouse-HQ,,Average,Default Cost Category,"2 mil Matte WhiteTop coated  Polyimide, 100, 55# DK",TRUE,3.51566,"3M Company, Inc. Converter Markets",3141,The Strouse Corporation,TRUE,3.51566,,,5000 Cost of Goods,300000 Sales,13100 Inventory Asset,FALSE
16734,9703-W24,9703,Length Units,,Operations,Strouse-HQ,,Average,Default Cost Category," 2 mil, A-10 Conductive, 58# PCK",TRUE,19.29592593,"3M Company, Inc. Converter Markets",3141,The Strouse Corporation,TRUE,19.29592593,,,5000 Cost of Goods,300000 Sales,13100 Inventory Asset,FALSE
16775,Blue 2 mil-W6.5,Blue 2 mil,Length Units,,Operations,Strouse-HQ,,Average,Default Cost Category,CSM- 2 mil Blue Tape,TRUE,0,"W.R. Rayson Co., Inc.",3620,The Strouse Corporation,TRUE,0,,,5000 Cost of Goods,300000 Sales,13100 Inventory Asset,FALSE
16790,9828-W5,9828,Length Units,,Operations,Strouse-HQ,,Average,Default Cost Category,"3.5 mil, PET, D/C, 340, 55# DK",TRUE,0.110709722,"3M Company, Inc. Converter Markets",3141,The Strouse Corporation,TRUE,0.110709722,,,5000 Cost of Goods,300000 Sales,13100 Inventory Asset,FALSE
16793,213-W6,213,Length Units,,Operations,Strouse-HQ,,Average,Default Cost Category,Masking Tape,TRUE,0.443109595,"3M Company, Inc. Converter Markets",3141,The Strouse Corporation,TRUE,0.443109595,,,5000 Cost of Goods,300000 Sales,13100 Inventory Asset,FALSE
16819,9471LE-W0.5,9471LE,Length Units,,Operations,Strouse-HQ,,Average,Default Cost Category,"2 mil, 300LSE, 58#PCK",TRUE,0.029641111,"3M Company, Inc. Converter Markets",3141,The Strouse Corporation,TRUE,0.029641111,,,5000 Cost of Goods,300000 Sales,13100 Inventory Asset,FALSE
16822,764Red-W2,764Red,Length Units,,Operations,Strouse-HQ,,Average,Default Cost Category,"5 mil, Vinyl, Red",TRUE,0.046397222,"3M Company, Inc. Converter Markets",3141,The Strouse Corporation,TRUE,0.046397222,,,5000 Cost of Goods,300000 Sales,13100 Inventory Asset,FALSE
16826,DC-PEF03A-W8.25,DC-PEF03A,Length Units,,Operations,Strouse-HQ,,Average,Default Cost Category,"White Acrylic Adhesive 1/32""",TRUE,0.417751736,Adhesive Tape Products,3237,The Strouse Corporation,TRUE,0.417751736,,,5000 Cost of Goods,300000 Sales,13100 Inventory Asset,FALSE
16835,DC-PEF03A-W48,DC-PEF03A,Length Units,,Operations,Strouse-HQ,,Average,Default Cost Category,"Foam, 1/32"" White Acrylic Adhesive ",TRUE,2.430555556,Adhesive Tape Products,3237,The Strouse Corporation,TRUE,2.430555556,,,5000 Cost of Goods,300000 Sales,13100 Inventory Asset,FALSE
16836,54 lb. C1S S0(BG0)-W6.1875,54 lb. C1S S0(BG0),Length Units,,Operations,Strouse-HQ,,Average,Default Cost Category,3.2 mil 54 lb. Easy Release C1S Liner,TRUE,0.03274424,"Channeled Resources, Inc. (GMC Coatings)",3277,The Strouse Corporation,TRUE,0.03274424,,,5000 Cost of Goods,300000 Sales,13100 Inventory Asset,FALSE
16846,5498-W3,5498,Length Units,,Operations,Strouse-HQ,,Average,Default Cost Category,"4.0 mil, PTFE Tape- Beige, Silicone Adhesive",TRUE,1.32712963,"3M Company, Inc. Converter Markets",3141,The Strouse Corporation,TRUE,1.32712963,,,5000 Cost of Goods,300000 Sales,13100 Inventory Asset,FALSE
16908,RG20 384#-W2,RG20 384#,Length Units,,Operations,Strouse-HQ,,Average,Default Cost Category,PET filament tape,TRUE,0.095333333,Intertape Polymer Group,3311,The Strouse Corporation,TRUE,0.095333333,,,5000 Cost of Goods,300000 Sales,13100 Inventory Asset,FALSE
16911,1000 Series O Aluminum-W12,1000 Series O Aluminum,Length Units,,Operations,Strouse-HQ,,Average,Default Cost Category,"Aluminum Foil, .0005"",  UNprinted",TRUE,0.064182222,"ALL-FOILS, Inc.",3365,The Strouse Corporation,TRUE,0.064182222,,,5000 Cost of Goods,300000 Sales,13100 Inventory Asset,FALSE
16925,FRA 310-W1,FRA 310,Length Units,,Operations,Strouse-HQ,,Average,Default Cost Category,"Liner, 2 mil PET clear, FRA 310, Fluorosilicone, Easy Release",TRUE,0.020301583,Fox River Associates,4046,The Strouse Corporation,TRUE,0.020301583,,,5000 Cost of Goods,300000 Sales,13100 Inventory Asset,FALSE
16932,2364-W57,2364,Length Units,,Operations,Strouse-HQ,,Average,Default Cost Category,"6.5 mil, Crepe Masking, Nat. Syn. Rubber Blend",TRUE,1.528885067,"3M Company, Inc. Converter Markets",3141,The Strouse Corporation,TRUE,1.528885067,,,5000 Cost of Goods,300000 Sales,13100 Inventory Asset,FALSE
16944,8671-W3.5,8671,Length Units,,Operations,Strouse-HQ,,Average,Default Cost Category,14 mil polyurethane protective tape,TRUE,2.3005,"3M Company, Inc. Converter Markets",3141,The Strouse Corporation,TRUE,2.3005,,,5000 Cost of Goods,300000 Sales,13100 Inventory Asset,FALSE
16945,Q100 (FRA-3307)-W8.75,Q100 (FRA-3307),Length Units,,Operations,Strouse-HQ,,Average,Default Cost Category,2 mil Clear Polyester S1S Premium Release Liner,TRUE,0.0571592,Fox River Associates,4046,The Strouse Corporation,TRUE,0.0571592,,,5000 Cost of Goods,300000 Sales,13100 Inventory Asset,FALSE
16947,8010 (15mil)-W12,8010 (15mil),Length Units,,Operations,Strouse-HQ,,Average,Default Cost Category,15 mil Polycarbonate ,TRUE,1.1204,Fox River Associates,4185,The Strouse Corporation,TRUE,1.1204,,,5000 Cost of Goods,300000 Sales,13100 Inventory Asset,FALSE
16948,8010 (20mil)-W12,8010 (20mil),Length Units,,Operations,Strouse-HQ,,Average,Default Cost Category,20  mil Polycarbonate ,TRUE,1.35,Polymershapes - Jessup,3375,The Strouse Corporation,TRUE,1.35,,,5000 Cost of Goods,300000 Sales,13100 Inventory Asset,FALSE
16949,8146-1-W12,8146-1,Length Units,,Operations,Strouse-HQ,,Average,Default Cost Category,1mil Optically Clear Adhesive,TRUE,1.022222222,"3M Company, Inc. Converter Markets",3141,The Strouse Corporation,TRUE,1.022222222,,,5000 Cost of Goods,300000 Sales,13100 Inventory Asset,FALSE
16950,S5511-2SW-W18,S5511-2SW,Length Units,,Operations,Strouse-HQ,,Average,Default Cost Category,"Yellow  Splicing Tape, 1.5 mil PET w/backside release, 1.5 mil silicone release",TRUE,1.354027778,Adhesive Applications,3312,The Strouse Corporation,TRUE,1.354027778,,,5000 Cost of Goods,300000 Sales,13100 Inventory Asset,FALSE
16954,8671-W12,8671,Length Units,,Operations,Strouse-HQ,,Average,Default Cost Category,14 mil polyurethane protective tape,TRUE,11.33032037,"3M Company, Inc. Converter Markets",3141,The Strouse Corporation,TRUE,11.33032037,,,5000 Cost of Goods,300000 Sales,13100 Inventory Asset,FALSE
16955,9471LE-W12,9471LE,Length Units,,Operations,Strouse-HQ,,Average,Default Cost Category,"2 mil, 300LSE, 58#PCK",TRUE,2.165370556,"3M Company, Inc. Converter Markets",3141,The Strouse Corporation,TRUE,2.165370556,,,5000 Cost of Goods,300000 Sales,13100 Inventory Asset,FALSE
16957,FRA 328 S2S-W5.25,FRA 328 S2S,Length Units,,Operations,Strouse-HQ,,Average,Default Cost Category,"4 mil PET Liner, FRA 328, S2S 
Easy/Medium",TRUE,0.06650875,Fox River Associates,4046,The Strouse Corporation,TRUE,0.06650875,,,5000 Cost of Goods,300000 Sales,13100 Inventory Asset,FALSE
16962,8171CL-W12,8171CL,Length Units,,Operations,Strouse-HQ,,Average,Default Cost Category, Optically Clear  Adhesive,TRUE,1.022222222,"3M Company, Inc. Converter Markets",3141,The Strouse Corporation,TRUE,1.022222222,,,5000 Cost of Goods,300000 Sales,13100 Inventory Asset,FALSE
16974,78 lb. C1S BG40-W2.75,78 lb. C1S BG40,Length Units,,Operations,Strouse-HQ,,Average,Default Cost Category,4.4 mil 78 lb. Medium Release C1S Liner BG40,TRUE,0.011781,"Channeled Resources, Inc. (GMC Coatings)",3277,The Strouse Corporation,TRUE,0.011781,,,5000 Cost of Goods,300000 Sales,13100 Inventory Asset,FALSE
17003,8547-W4,8547,Length Units,,Operations,Strouse-HQ,,Average,Default Cost Category,Polyurethane protective tape,TRUE,2.395462963,"3M Company, Inc. Converter Markets",3141,The Strouse Corporation,TRUE,2.395462963,,,5000 Cost of Goods,300000 Sales,13100 Inventory Asset,FALSE
17027,Q100 (FRA-3307)-W1.25,Q100 (FRA-3307),Length Units,,Operations,Strouse-HQ,,Average,Default Cost Category,2 mil Clear Polyester S1S Premium Release Liner,TRUE,0.00789,Fox River Associates,4046,The Strouse Corporation,TRUE,0.00789,,,5000 Cost of Goods,300000 Sales,13100 Inventory Asset,FALSE
17028,2 mil T30-W12.5,2 mil T30,Length Units,,Operations,Strouse-HQ,,Average,Default Cost Category,Poly Liner Medium Release,TRUE,0.11979,Eastman Performance Films,3399,The Strouse Corporation,TRUE,0.11979,,,5000 Cost of Goods,300000 Sales,13100 Inventory Asset,FALSE
17035,3130C-W6,3130C,Length Units,,Operations,Strouse-HQ,,Average,Default Cost Category,"3 mil, Clear Cohesive  Protective Film  ",TRUE,0.06671,"Pregis PolyMask, Inc.",4045,The Strouse Corporation,TRUE,0.06671,,,5000 Cost of Goods,300000 Sales,13100 Inventory Asset,FALSE
17038,Flexmark V400 F Black V-58 90 PFW-W2.5,Flexmark V400 F Black V-58 90 PFW,Length Units,,Operations,Strouse-HQ,,Average,Default Cost Category,"4 mil Black vinyl, Flexmark V 400  F Black  V-58 90 PFW",TRUE,0.0852,"FLEXcon Company, Inc.",3247,The Strouse Corporation,TRUE,0.0852,,,5000 Cost of Goods,300000 Sales,13100 Inventory Asset,FALSE
17043,RBL # 435-W24,RBL # 435,Length Units,,Operations,Strouse-HQ,,Average,Default Cost Category,Self-Adhering Lite Box Glass Protective Film,TRUE,0.6622,AMAZON.Com,3378,The Strouse Corporation,TRUE,0.6622,,,5000 Cost of Goods,300000 Sales,13100 Inventory Asset,FALSE
17060,4737T-W1.5,4737T,Length Units,,Operations,Strouse-HQ,,Average,Default Cost Category,"5.4 mil, Vinyl Masking, Fine Line High Temp, Translucent Blue",TRUE,0.373078704,"3M Company, Inc. Converter Markets",3141,The Strouse Corporation,TRUE,0.373078704,,,5000 Cost of Goods,300000 Sales,13100 Inventory Asset,FALSE
17066,PT1100-W5.25,PT1100,Length Units,,Operations,Strouse-HQ,,Average,Default Cost Category,Acrylic Foam Tape ,TRUE,1.811835013,"3M Company, Inc. Converter Markets",3141,The Strouse Corporation,TRUE,1.811835013,,,5000 Cost of Goods,300000 Sales,13100 Inventory Asset,FALSE
17086,RP62-W4.8,RP62,Length Units,,Operations,Strouse-HQ,,Average,Default Cost Category,"RP62, 62 mil, D/C Acrylic, VHB",TRUE,1.386239352,"3M Company, Inc. Converter Markets",3141,The Strouse Corporation,TRUE,1.386239352,,,5000 Cost of Goods,300000 Sales,13100 Inventory Asset,FALSE
17089,9629FL-W54,9629FL,Length Units,,Operations,Strouse-HQ,,Average,Default Cost Category,"4 mil, PET, D/C, 360, PET liner - LOG",TRUE,5.013546111,"3M Company, Inc. Converter Markets",3141,The Strouse Corporation,TRUE,5.013546111,,,5000 Cost of Goods,300000 Sales,13100 Inventory Asset,FALSE
17090,4737T-W8,4737T,Length Units,,Operations,Strouse-HQ,,Average,Default Cost Category,"5.1 mil, Vinyl Masking, Fine Line High Temp Blue, Rubber w/83# Liner ",TRUE,0.481431624,"3M Company, Inc. Converter Markets",3141,The Strouse Corporation,TRUE,0.481431624,,,5000 Cost of Goods,300000 Sales,13100 Inventory Asset,FALSE
17093,401+-W3,401+,Length Units,,Operations,Strouse-HQ,,Average,Default Cost Category,Performance Masking  401+,TRUE,0.033534,"3M Company, Inc. Converter Markets",3141,The Strouse Corporation,TRUE,0.033534,,,5000 Cost of Goods,300000 Sales,13100 Inventory Asset,FALSE
17117,4956-W4,4956,Length Units,,Operations,Strouse-HQ,,Average,Default Cost Category,"Foam, 62 mil, VHB, double coated, Grey",TRUE,3.112824074,"3M Company, Inc. Converter Markets",3141,The Strouse Corporation,TRUE,3.112824074,,,5000 Cost of Goods,300000 Sales,13100 Inventory Asset,FALSE
17134,9471FL-W5,9471FL,Length Units,,Operations,Strouse-HQ,,Average,Default Cost Category,"2 mil, 300LSE , 2 mil PET liner",TRUE,0.324317778,"3M Company, Inc. Converter Markets",3141,The Strouse Corporation,TRUE,0.324317778,,,5000 Cost of Goods,300000 Sales,13100 Inventory Asset,FALSE
17141,1567-W1.5,1567,Length Units,,Operations,Strouse-HQ,,Average,Default Cost Category,D/C PET w/60# liner,TRUE,0.111185307,3M Medical Specialities,4181,The Strouse Corporation,TRUE,0.111185307,,,5000 Cost of Goods,300000 Sales,13100 Inventory Asset,FALSE
17144,TT200 L344 60 LA PFW-W0.5,TT200 L344 60 LA PFW,Length Units,,Operations,Strouse-HQ,,Average,Default Cost Category,Flexmount TT200 L344 60 LA PFW,TRUE,0.0162,"FLEXcon Company, Inc.",3247,The Strouse Corporation,TRUE,0.0162,,,5000 Cost of Goods,300000 Sales,13100 Inventory Asset,FALSE
17159,7871-W5,7871,Length Units,,Operations,Strouse-HQ,,Average,Default Cost Category,"2 mil  White Polyester TC, 350, 55# DK",TRUE,0.227928,"3M Company, Inc. Converter Markets",3141,The Strouse Corporation,TRUE,0.227928,,,5000 Cost of Goods,300000 Sales,13100 Inventory Asset,FALSE
17160,CO404 905000-W5,CO404 905000,Length Units,,Operations,Strouse-HQ,,Average,Default Cost Category,Blue Splicing Tape,TRUE,0.195,Tapeworks,4043,The Strouse Corporation,TRUE,0.195,,,5000 Cost of Goods,300000 Sales,13100 Inventory Asset,FALSE
17185,468MP-W7.5,468MP,Length Units,,Operations,Strouse-HQ,,Average,Default Cost Category,"5 mil, 200MP, 58#PCK",TRUE,0.630547593,"3M Company, Inc. Converter Markets",3141,The Strouse Corporation,TRUE,0.630547593,,,5000 Cost of Goods,300000 Sales,13100 Inventory Asset,FALSE
17202,5 mil clear-W4,5 mil clear,Length Units,,Operations,Strouse-HQ,,Average,Default Cost Category,5 mil Clear  Polyester,TRUE,0.125,TEAM Plastics,3304,The Strouse Corporation,TRUE,0.125,,,5000 Cost of Goods,300000 Sales,13100 Inventory Asset,FALSE
17248,467MPF-W24,467MPF,Length Units,,Operations,Strouse-HQ,,Average,Default Cost Category,"2 mil, 200, 2 mil PET liner.",TRUE,1.920155,"3M Company, Inc. Converter Markets",3141,The Strouse Corporation,TRUE,1.920155,,,5000 Cost of Goods,300000 Sales,13100 Inventory Asset,FALSE
17251,55 lb. Tight C1S S75-W3,55 lb. Tight C1S S75,Length Units,,Operations,Strouse-HQ,,Average,Default Cost Category,55 lb. Tight C1S Densified Kraft Release Liner,TRUE,0.009,"Channeled Resources, Inc. (GMC Coatings)",3277,The Strouse Corporation,TRUE,0.009,,,5000 Cost of Goods,300000 Sales,13100 Inventory Asset,FALSE
17261,9471FL-W4,9471FL,Length Units,,Operations,Strouse-HQ,,Average,Default Cost Category,"2 mil, 300LSE , 2 mil PET liner",TRUE,0.259454074,"3M Company, Inc. Converter Markets",3141,The Strouse Corporation,TRUE,0.259454074,,,5000 Cost of Goods,300000 Sales,13100 Inventory Asset,FALSE
17262,Q100 (FRA-3307)-W5.25,Q100 (FRA-3307),Length Units,,Operations,Strouse-HQ,,Average,Default Cost Category,2 mil Clear Polyester S1S Premium Release Liner,TRUE,0.0377257,Fox River Associates,4046,The Strouse Corporation,TRUE,0.0377257,,,5000 Cost of Goods,300000 Sales,13100 Inventory Asset,FALSE
17279,9461P-W6,9461P,Length Units,,Operations,Strouse-HQ,,Average,Default Cost Category,1 mil 100 Adhesive Transfer,TRUE,0.4106175,"3M Company, Inc. Converter Markets",3141,The Strouse Corporation,TRUE,0.4106175,,,5000 Cost of Goods,300000 Sales,13100 Inventory Asset,FALSE
17280,9461P-W0.16,9461P,Length Units,,Operations,Strouse-HQ,,Average,Default Cost Category,1 mil 100 Adhesive Transfer,TRUE,0.010060778,"3M Company, Inc. Converter Markets",3141,The Strouse Corporation,TRUE,0.010060778,,,5000 Cost of Goods,300000 Sales,13100 Inventory Asset,FALSE
17290,614URM-W6,614URM,Length Units,,Operations,Strouse-HQ,,Average,Default Cost Category,1.82 mil Clear Polyester Overlaminate Removable Adhesive,TRUE,0.075888,Avery Dennison  (Formerly know as ACPO Ltd.),3300,The Strouse Corporation,TRUE,0.075888,,,5000 Cost of Goods,300000 Sales,13100 Inventory Asset,FALSE
17295,614URM-W4,614URM,Length Units,,Operations,Strouse-HQ,,Average,Default Cost Category,1.82 mil Clear Polyester Overlaminate Removable Adhesive,TRUE,0.050592,Avery Dennison  (Formerly know as ACPO Ltd.),3300,The Strouse Corporation,TRUE,0.050592,,,5000 Cost of Goods,300000 Sales,13100 Inventory Asset,FALSE
17302,8179C-W6.85,8179C,Length Units,,Operations,Strouse-HQ,,Average,Default Cost Category,"8 mil, Clear Protective Film",TRUE,0.24872,"3M Company, Inc. Converter Markets",3141,The Strouse Corporation,TRUE,0.24872,,,5000 Cost of Goods,300000 Sales,13100 Inventory Asset,FALSE
17315,2477P-W10,2477P,Length Units,,Operations,Strouse-HQ,,Average,Default Cost Category,"Tape, D/C Silicone/ Acrylic Medical Tape 2477P",TRUE,1.649808,"3M Company, Inc. Converter Markets",3141,The Strouse Corporation,TRUE,1.649808,,,5000 Cost of Goods,300000 Sales,13100 Inventory Asset,FALSE
17347,K-104-W17,K-104,Length Units,,Operations,Strouse-HQ,,Average,Default Cost Category,"Polyimide Tape, Silicone Adhesive, 0.5 mil",TRUE,10.26768519,Saint-Gobain Performance Plastics,3299,The Strouse Corporation,TRUE,10.26768519,,,5000 Cost of Goods,300000 Sales,13100 Inventory Asset,FALSE
17351,1510-W27,1510,Length Units,,Operations,Strouse-HQ,,Average,Default Cost Category,3.8 mil Hi Tack D/C thin polyethylene with 54 lb. BK liner,TRUE,1.856240602,"3M Company, Inc. Converter Markets",3141,The Strouse Corporation,TRUE,1.856240602,,,5000 Cost of Goods,300000 Sales,13100 Inventory Asset,FALSE
17367,CGT-665C-W3,CGT-665C,Length Units,,Operations,Strouse-HQ,,Average,Default Cost Category,"Matte Black Cloth Tape, Gaffers",TRUE,0.144133333,Adhesive Tape Products,3237,The Strouse Corporation,TRUE,0.144133333,,,5000 Cost of Goods,300000 Sales,13100 Inventory Asset,FALSE
17377,9816M-W54,9816M,Length Units,,Operations,Strouse-HQ,,Average,Default Cost Category,"3.5 mil Double Coated Tape, Rubber Adhesive on 74# Kraft Liner",TRUE,1.696958,"3M Company, Inc. Converter Markets",3141,The Strouse Corporation,TRUE,1.696958,,,5000 Cost of Goods,300000 Sales,13100 Inventory Asset,FALSE
17387,373-Blue-W2.83,373-Blue,Length Units,,Operations,Strouse-HQ,,Average,Default Cost Category,2.5 mil BLUE Polypropylene Tape  (72mm),TRUE,0.090707317,"3M Company, Inc. Converter Markets",3141,The Strouse Corporation,TRUE,0.090707317,,,5000 Cost of Goods,300000 Sales,13100 Inventory Asset,FALSE
17389,AS203-W4.5,AS203,Length Units,,Operations,Strouse-HQ,,Average,Default Cost Category,CSM - AS203 transfer tape,TRUE,0,Akonni,3628,The Strouse Corporation,TRUE,0,,,5000 Cost of Goods,300000 Sales,13100 Inventory Asset,FALSE
17392,Q100 (FRA-3307)-W1.5,Q100 (FRA-3307),Length Units,,Operations,Strouse-HQ,,Average,Default Cost Category,2 mil Clear Polyester S1S Premium Release Liner,TRUE,0.0107784,Fox River Associates,4046,The Strouse Corporation,TRUE,0.0107784,,,5000 Cost of Goods,300000 Sales,13100 Inventory Asset,FALSE
17400,2477P-W3.75,2477P,Length Units,,Operations,Strouse-HQ,,Average,Default Cost Category,"Tape, D/C Silicone/ Acrylic Medical Tape 2477P",TRUE,0.595166667,"3M Company, Inc. Converter Markets",3141,The Strouse Corporation,TRUE,0.595166667,,,5000 Cost of Goods,300000 Sales,13100 Inventory Asset,FALSE
17410,2307-W2.83,2307,Length Units,,Operations,Strouse-HQ,,Average,Default Cost Category,Highland Masking- GP (72mm),TRUE,0.025375,"3M Company, Inc. Converter Markets",3141,The Strouse Corporation,TRUE,0.025375,,,5000 Cost of Goods,300000 Sales,13100 Inventory Asset,FALSE
17423,FRA 328 S2S-W4.25,FRA 328 S2S,Length Units,,Operations,Strouse-HQ,,Average,Default Cost Category,"4 mil PET Liner, FRA 328, S2S 
Easy/Medium",TRUE,0.05202,Fox River Associates,4046,The Strouse Corporation,TRUE,0.05202,,,5000 Cost of Goods,300000 Sales,13100 Inventory Asset,FALSE
17425,5958FR-W2.5,5958FR,Length Units,,Operations,Strouse-HQ,,Average,Default Cost Category,"Foam, 40 mil, VHB, double coated fire retardant",TRUE,2.311668981,"3M Company, Inc. Converter Markets",3141,The Strouse Corporation,TRUE,2.311668981,,,5000 Cost of Goods,300000 Sales,13100 Inventory Asset,FALSE
17431,8171CL-W6.75,8171CL,Length Units,,Operations,Strouse-HQ,,Average,Default Cost Category, Optically Clear  Adhesive,TRUE,0.822336667,"3M Company, Inc. Converter Markets",3141,The Strouse Corporation,TRUE,0.822336667,,,5000 Cost of Goods,300000 Sales,13100 Inventory Asset,FALSE
17436,5288-W6,5288,Length Units,,Operations,Strouse-HQ,,Average,Default Cost Category,Blasting tape,TRUE,4.857416667,"3M Company, Inc. Converter Markets",3141,The Strouse Corporation,TRUE,4.857416667,,,5000 Cost of Goods,300000 Sales,13100 Inventory Asset,FALSE
17481,201+-W29,201+,Length Units,,Operations,Strouse-HQ,,Average,Default Cost Category,General Purpose Masking  Tape - LOG ,TRUE,0.122232865,"3M Company, Inc. Converter Markets",3141,The Strouse Corporation,TRUE,0.122232865,,,5000 Cost of Goods,300000 Sales,13100 Inventory Asset,FALSE
17487,SST-636C R/W-W4,SST-636C R/W,Length Units,,Operations,Strouse-HQ,,Average,Default Cost Category,"Red & White Safety Tape- Conformable Soft PVC Vinyl, Synthetic Rubber Adhesive",TRUE,0.062222222,Adhesive Tape Products,3237,The Strouse Corporation,TRUE,0.062222222,,,5000 Cost of Goods,300000 Sales,13100 Inventory Asset,FALSE
17489,Q300-W5,Q300,Length Units,,Operations,Strouse-HQ,,Average,Default Cost Category,2 mil Clear Polyester S1S Medium Release Liner,TRUE,0.028078571,Fox River Associates,4046,The Strouse Corporation,TRUE,0.028078571,,,5000 Cost of Goods,300000 Sales,13100 Inventory Asset,FALSE
17501,415-W6.25,415,Length Units,,Operations,Strouse-HQ,,Average,Default Cost Category,"Double coated PET, 4 mil, 400, 55# DK",TRUE,0.602013169,"3M Company, Inc. Converter Markets",3141,The Strouse Corporation,TRUE,0.602013169,,,5000 Cost of Goods,300000 Sales,13100 Inventory Asset,FALSE
17508,Q100 (FRA-3307)-W4.5,Q100 (FRA-3307),Length Units,,Operations,Strouse-HQ,,Average,Default Cost Category,2 mil Clear Polyester S1S Premium Release Liner,TRUE,0.02939616,Fox River Associates,4046,The Strouse Corporation,TRUE,0.02939616,,,5000 Cost of Goods,300000 Sales,13100 Inventory Asset,FALSE
17518,RP16-W6.25,RP16,Length Units,,Operations,Strouse-HQ,,Average,Default Cost Category,"16 mil, D/C Acrylic, VHB",TRUE,2.030119444,"3M Company, Inc. Converter Markets",3141,The Strouse Corporation,TRUE,2.030119444,,,5000 Cost of Goods,300000 Sales,13100 Inventory Asset,FALSE
17534,54 lb. C1S S0-W10.5,54 lb. C1S S0,Length Units,,Operations,Strouse-HQ,,Average,Default Cost Category,3.2 mil 54 lb. Easy Release C1S Liner,TRUE,0.042384,"Channeled Resources, Inc. (GMC Coatings)",3277,The Strouse Corporation,TRUE,0.042384,,,5000 Cost of Goods,300000 Sales,13100 Inventory Asset,FALSE
17539,365-W16,365,Length Units,,Operations,Strouse-HQ,,Average,Default Cost Category,3M(TM) Thermosetable Glass Cloth Tape 365,TRUE,4.642245556,"3M Company, Inc. Converter Markets",3141,The Strouse Corporation,TRUE,4.642245556,,,5000 Cost of Goods,300000 Sales,13100 Inventory Asset,FALSE
17542,OPP-34CC-W2,OPP-34CC,Length Units,,Operations,Strouse-HQ,,Average,Default Cost Category,Crystal Clear 3.4mil Tape,TRUE,0.017030303,Adhesive Tape Products,3237,The Strouse Corporation,TRUE,0.017030303,,,5000 Cost of Goods,300000 Sales,13100 Inventory Asset,FALSE
17544,CO404 904000-W4,CO404 904000,Length Units,,Operations,Strouse-HQ,,Average,Default Cost Category,Blue Splicing Tape,TRUE,0.156003086,Tapeworks,4043,The Strouse Corporation,TRUE,0.156003086,,,5000 Cost of Goods,300000 Sales,13100 Inventory Asset,FALSE
17545,1538L-W4,1538L,Length Units,,Operations,Strouse-HQ,,Average,Default Cost Category,"White Woven Rayon Medical Tape  (8 mils)  Linered (83 lb PK, C1S)",TRUE,0.630172222,"3M Company, Inc. Converter Markets",3141,The Strouse Corporation,TRUE,0.630172222,,,5000 Cost of Goods,300000 Sales,13100 Inventory Asset,FALSE
17552,SF-VFMD-W1.02,SF-VFMD,Length Units,,Operations,Strouse-HQ,,Average,Default Cost Category,"Black single coated foam w/ Acrylic Adhesive 1/4"" Th (26mm) Medium Density",TRUE,0.274857143,Adhesive Tape Products,3237,The Strouse Corporation,TRUE,0.274857143,,,5000 Cost of Goods,300000 Sales,13100 Inventory Asset,FALSE
17561,54 lb. C1S SL4 (S38)-W7.75,54 lb. C1S SL4 (S38),Length Units,,Operations,Strouse-HQ,,Average,Default Cost Category,3.2 mil 54 lb. Medium Release C1S Liner,TRUE,0.032286667,"Channeled Resources, Inc. (GMC Coatings)",3277,The Strouse Corporation,TRUE,0.032286667,,,5000 Cost of Goods,300000 Sales,13100 Inventory Asset,FALSE
17562,54 lb. C1S SL4 (S38)-W23.875,54 lb. C1S SL4 (S38),Length Units,,Operations,Strouse-HQ,,Average,Default Cost Category,3.2 mil 54 lb. Medium Release C1S Liner,TRUE,0.0719115,"Channeled Resources, Inc. (GMC Coatings)",3277,The Strouse Corporation,TRUE,0.0719115,,,5000 Cost of Goods,300000 Sales,13100 Inventory Asset,FALSE
17563,54 lb. C1S S0-W3.625,54 lb. C1S S0,Length Units,,Operations,Strouse-HQ,,Average,Default Cost Category,3.2 mil 54 lb. Easy Release C1S Liner,TRUE,0.0146334,"Channeled Resources, Inc. (GMC Coatings)",3277,The Strouse Corporation,TRUE,0.0146334,,,5000 Cost of Goods,300000 Sales,13100 Inventory Asset,FALSE
17588,2AFR Black-W5,2AFR Black,Length Units,,Operations,Strouse-HQ,,Average,Default Cost Category,"Foam, 3/32"" 2AFR Black Volara w/PSA-60",TRUE,0.183333333,Rubberlite,3303,The Strouse Corporation,TRUE,0.183333333,,,5000 Cost of Goods,300000 Sales,13100 Inventory Asset,FALSE
17599,TM8720-W7.25,TM8720,Length Units,,Operations,Strouse-HQ,,Average,Default Cost Category,Medical Adhesive ,TRUE,0.109352,MacTac,3255,The Strouse Corporation,TRUE,0.109352,,,5000 Cost of Goods,300000 Sales,13100 Inventory Asset,FALSE
17604,PS 5410S-W2.375,PS 5410S,Length Units,,Operations,Strouse-HQ,,Average,Default Cost Category,"Urethane, PS 5410S, .005 thick, Natural color",TRUE,0.047353477,Bayer Material Science,4187,The Strouse Corporation,TRUE,0.047353477,,,5000 Cost of Goods,300000 Sales,13100 Inventory Asset,FALSE
17615,5419-W22 - CatID-17615,5419,Length Units,,Operations,Strouse-HQ,,Average,Default Cost Category,2.7 mil Low Static Polyimide ,TRUE,14.79333889,"3M Company, Inc. Converter Markets",3141,The Strouse Corporation,TRUE,14.79333889,,,5000 Cost of Goods,300000 Sales,13100 Inventory Asset,FALSE
17639,PP-800-W32.7,PP-800,Length Units,,Operations,Strouse-HQ,,Average,Default Cost Category,Black Strapping Tape,TRUE,0.319444444,Adhesive Tape Products,3237,The Strouse Corporation,TRUE,0.319444444,,,5000 Cost of Goods,300000 Sales,13100 Inventory Asset,FALSE
17659,7600-W7.25,7600,Length Units,,Operations,Strouse-HQ,,Average,Default Cost Category,"3.5 mil, White Gloss Vinyl, 500, 43# DK",TRUE,0.2615655,"3M Company, Inc. Converter Markets",3141,The Strouse Corporation,TRUE,0.2615655,,,5000 Cost of Goods,300000 Sales,13100 Inventory Asset,FALSE
17660,7600-W5,7600,Length Units,,Operations,Strouse-HQ,,Average,Default Cost Category,"3.5 mil, White Gloss Vinyl, 500, 43# DK",TRUE,0.18774,"3M Company, Inc. Converter Markets",3141,The Strouse Corporation,TRUE,0.18774,,,5000 Cost of Goods,300000 Sales,13100 Inventory Asset,FALSE
17663,TT200 L344 60 LA PFW-W6,TT200 L344 60 LA PFW,Length Units,,Operations,Strouse-HQ,,Average,Default Cost Category,Flexmount TT200 L344 60 LA PFW,TRUE,0.1944,"FLEXcon Company, Inc.",3247,The Strouse Corporation,TRUE,0.1944,,,5000 Cost of Goods,300000 Sales,13100 Inventory Asset,FALSE
17664,FRA 367-W3,FRA 367,Length Units,,Operations,Strouse-HQ,,Average,Default Cost Category,"2 mil PET Liner, FRA 367, S2S Easy/Medium",TRUE,0.03204,Fox River Associates,4046,The Strouse Corporation,TRUE,0.03204,,,5000 Cost of Goods,300000 Sales,13100 Inventory Asset,FALSE
17683,1 mil Clear Polyester-W31,1 mil Clear Polyester,Length Units,,Operations,Strouse-HQ,,Average,Default Cost Category,1 mil Clear Polyester - LOG,TRUE,0.213333333,TEAM Plastics,3304,The Strouse Corporation,TRUE,0.213333333,,,5000 Cost of Goods,300000 Sales,13100 Inventory Asset,FALSE
17684,8211-W30,8211,Length Units,,Operations,Strouse-HQ,,Average,Default Cost Category,"1 mil, Adhesive Transfer Optically clear adhesive, double linered with 2mil PET",TRUE,2.120512037,"3M Company, Inc. Converter Markets",3141,The Strouse Corporation,TRUE,2.120512037,,,5000 Cost of Goods,300000 Sales,13100 Inventory Asset,FALSE
17685,AM-KL-099-2274-W20,AM-KL-099-2274,Length Units,,Operations,Strouse-HQ,,Average,Default Cost Category,AM-KL-099-2274 Pentastat PVC,TRUE,0,Atlas Container formerly RBL Industries,3544,The Strouse Corporation,TRUE,0,,,5000 Cost of Goods,300000 Sales,13100 Inventory Asset,FALSE
17688,7901-W13,7901,Length Units,,Operations,Strouse-HQ,,Average,Default Cost Category,3.5 mil Soft White Vinyl/90# liner,TRUE,1.077036,"3M Company, Inc. Converter Markets",3141,The Strouse Corporation,TRUE,1.077036,,,5000 Cost of Goods,300000 Sales,13100 Inventory Asset,FALSE
17725,233+-W1.889,233+,Length Units,,Operations,Strouse-HQ,,Average,Default Cost Category,Performance Masking,TRUE,0.04305,"3M Company, Inc. Converter Markets",3141,The Strouse Corporation,TRUE,0.04305,,,5000 Cost of Goods,300000 Sales,13100 Inventory Asset,FALSE
17728,TM8720-W9.6,TM8720,Length Units,,Operations,Strouse-HQ,,Average,Default Cost Category,Medical Adhesive,TRUE,0.1880064,MacTac,3255,The Strouse Corporation,TRUE,0.1880064,,,5000 Cost of Goods,300000 Sales,13100 Inventory Asset,FALSE
17732,13220L(SG2108B)-W6.25,13220L(SG2108B),Length Units,,Operations,Strouse-HQ,,Average,Default Cost Category,"2 mil, BLUE Masking Protective Film- Perfed every 18.125""",TRUE,0.025933333,"Pregis PolyMask, Inc.",4045,The Strouse Corporation,TRUE,0.025933333,,,5000 Cost of Goods,300000 Sales,13100 Inventory Asset,FALSE
17756,9916-W6,9916,Length Units,,Operations,Strouse-HQ,,Average,Default Cost Category,"Medical Tan Non-woven Tape, 3M 9916",TRUE,0.37345515,"3M Company, Inc. Converter Markets",3141,The Strouse Corporation,TRUE,0.37345515,,,5000 Cost of Goods,300000 Sales,13100 Inventory Asset,FALSE
17768,9627-W17.875,9627,Length Units,,Operations,Strouse-HQ,,Average,Default Cost Category,"5 mil, 360, 58# PCK",TRUE,2.548509306,"3M Company, Inc. Converter Markets",3141,The Strouse Corporation,TRUE,2.548509306,,,5000 Cost of Goods,300000 Sales,13100 Inventory Asset,FALSE
17770,54 lb. C1S S0-W18.5,54 lb. C1S S0,Length Units,,Operations,Strouse-HQ,,Average,Default Cost Category,3.2 mil 54 lb. Easy Release C1S Liner,TRUE,0.0746808,"Channeled Resources, Inc. (GMC Coatings)",3277,The Strouse Corporation,TRUE,0.0746808,,,5000 Cost of Goods,300000 Sales,13100 Inventory Asset,FALSE
17795,5401-W3,5401,Length Units,,Operations,Strouse-HQ,,Average,Default Cost Category,Glass Cloth  Friction/Traction Tape,TRUE,1.896388889,"3M Company, Inc. Converter Markets",3141,The Strouse Corporation,TRUE,1.896388889,,,5000 Cost of Goods,300000 Sales,13100 Inventory Asset,FALSE
17798,Q300 - FRA 319-W8,Q300 - FRA 319,Length Units,,Operations,Strouse-HQ,,Average,Default Cost Category,2 mil Clear Polyester S1S Medium Release Liner - FRA 319,TRUE,0.05162666,Fox River Associates,4046,The Strouse Corporation,TRUE,0.05162666,,,5000 Cost of Goods,300000 Sales,13100 Inventory Asset,FALSE
17808,07992-W35,07992,"Each (Use for Boxes, Bags, Cores, Cases)",3,Operations,Strouse-HQ,,Average,Default Cost Category,"Chipboard 0.060"" Th",TRUE,0.046304348,Chesapeake Packaging of VA,3241,The Strouse Corporation,TRUE,0.046304348,,,5000 Cost of Goods,300000 Sales,13100 Inventory Asset,FALSE
17809,55 lb. Tight C2S-W48,55 lb. Tight C2S,Length Units,,Operations,Strouse-HQ,,Average,Default Cost Category,55 lb. Tight C2S Densified Kraft Release Liner,TRUE,0.312,The Griff Network,3251,The Strouse Corporation,TRUE,0.312,,,5000 Cost of Goods,300000 Sales,13100 Inventory Asset,FALSE
17814,614URM-W3 - CatID-17814,614URM,Length Units,,Operations,Strouse-HQ,,Average,Default Cost Category,1.82 mil Clear Polyester Overlaminate Removable Adhesive,TRUE,0.037944,Avery Dennison  (Formerly know as ACPO Ltd.),3300,The Strouse Corporation,TRUE,0.037944,,,5000 Cost of Goods,300000 Sales,13100 Inventory Asset,FALSE
17815,1522-W48,1522,Length Units,,Operations,Strouse-HQ,,Average,Default Cost Category,6.3 mil D/C polyethylene with 80 lb. BK liner,TRUE,2.541022222,"3M Company, Inc. Converter Markets",3141,The Strouse Corporation,TRUE,2.541022222,,,5000 Cost of Goods,300000 Sales,13100 Inventory Asset,FALSE
17824,TM8720-W13,TM8720,Length Units,,Operations,Strouse-HQ,,Average,Default Cost Category,Medical Adhesive ,TRUE,0.17784,MacTac,3255,The Strouse Corporation,TRUE,0.17784,,,5000 Cost of Goods,300000 Sales,13100 Inventory Asset,FALSE
17828,1510-W3,1510,Length Units,,Operations,Strouse-HQ,,Average,Default Cost Category,3.8 mil Hi Tack D/C thin polyethylene with 54 lb. BK liner,TRUE,0.027925,"3M Company, Inc. Converter Markets",3141,The Strouse Corporation,TRUE,0.027925,,,5000 Cost of Goods,300000 Sales,13100 Inventory Asset,FALSE
17849,8671HS-W4,8671HS,Length Units,,Operations,Strouse-HQ,,Average,Default Cost Category,14 mil polyurethane protective tape - High shear adhesive,TRUE,3.458393519,"3M Company, Inc. Converter Markets",3141,The Strouse Corporation,TRUE,3.458393519,,,5000 Cost of Goods,300000 Sales,13100 Inventory Asset,FALSE
17850,5530L-W6,5530L,Length Units,,Operations,Strouse-HQ,,Average,Default Cost Category,"Surface Guard® 5530L Clear Masking.  6"" x 1,000' Perf @ 6"".  Plain Cores",TRUE,0.04905,"Pregis PolyMask, Inc.",4045,The Strouse Corporation,TRUE,0.04905,,,5000 Cost of Goods,300000 Sales,13100 Inventory Asset,FALSE
17855,Z239695,Z239695,"Each (Use for Boxes, Bags, Cores, Cases)",3,Operations,Strouse-HQ,,Average,Default Cost Category,11 x 11 x 14 RSC 200C Cartons,TRUE,,Packaging Services of Maryland,4040,The Strouse Corporation,TRUE,,,,5000 Cost of Goods,300000 Sales,13100 Inventory Asset,FALSE
17874,Z242636-1,Z242636-1,"Each (Use for Boxes, Bags, Cores, Cases)",3,Operations,Strouse-HQ,,Average,Default Cost Category,"16 X 16 X 10 1/4, 200C",TRUE,1.65,Packaging Services of Maryland,4040,The Strouse Corporation,TRUE,1.65,,,5000 Cost of Goods,300000 Sales,13100 Inventory Asset,FALSE
17910,427-W48,427,Length Units,,Operations,Strouse-HQ,,Average,Default Cost Category,"5 mil Aluminum Foil, (linered)",TRUE,8.764615385,"3M Company, Inc. Converter Markets",3141,The Strouse Corporation,TRUE,8.764615385,,,5000 Cost of Goods,300000 Sales,13100 Inventory Asset,FALSE
17911,9629PC-W3.75,9629PC,Length Units,,Operations,Strouse-HQ,,Average,Default Cost Category,"4 mil, PET, D/C, 360, 4.2 mil PCK",TRUE,0.40623,"3M Company, Inc. Converter Markets",3141,The Strouse Corporation,TRUE,0.40623,,,5000 Cost of Goods,300000 Sales,13100 Inventory Asset,FALSE
17914,FLX004121-W2.5,FLX004121,Length Units,,Operations,Strouse-HQ,,Average,Default Cost Category,Flexmark V 400 F White V-58 90 PFW,TRUE,0.0666,"FLEXcon Company, Inc.",3247,The Strouse Corporation,TRUE,0.0666,,,5000 Cost of Goods,300000 Sales,13100 Inventory Asset,FALSE
17915,9495MP-W6,9495MP,Length Units,,Operations,Strouse-HQ,,Average,Default Cost Category,"5 mil, 200MP, 58# PCK  ",TRUE,0.525856255,"3M Company, Inc. Converter Markets",3141,The Strouse Corporation,TRUE,0.525856255,,,5000 Cost of Goods,300000 Sales,13100 Inventory Asset,FALSE
17950,N35-W0.75,N35,"Each (Use for Boxes, Bags, Cores, Cases)",3,Operations,Strouse-HQ,,Average,Default Cost Category,"Magnet, N35 Nickel plated 0.75"" Circle, 1/8"" thick",TRUE,1.24,Magnet City Inc,3387,The Strouse Corporation,TRUE,1.24,,,5000 Cost of Goods,300000 Sales,13100 Inventory Asset,FALSE
17951,Q300-W4,Q300,Length Units,,Operations,Strouse-HQ,,Average,Default Cost Category,2 mil Clear Polyester S1S Medium Release Liner,TRUE,0.020366659,Fox River Associates,4046,The Strouse Corporation,TRUE,0.020366659,,,5000 Cost of Goods,300000 Sales,13100 Inventory Asset,FALSE
17956,93010LE-W12,93010LE,Length Units,,Operations,Strouse-HQ,,Average,Default Cost Category,"3.9 mil, D/C PET, 300LSE, 58#PCK",TRUE,0.638942222,"3M Company, Inc. Converter Markets",3141,The Strouse Corporation,TRUE,0.638942222,,,5000 Cost of Goods,300000 Sales,13100 Inventory Asset,FALSE
17974,8215-W12,8215,Length Units,,Operations,Strouse-HQ,,Average,Default Cost Category,"5 mil, Optically Clear, Double Linered (PET) ",TRUE,1.75,"3M Company, Inc. Converter Markets",3141,The Strouse Corporation,TRUE,1.75,,,5000 Cost of Goods,300000 Sales,13100 Inventory Asset,FALSE
17995,5962P-W6,5962P,Length Units,,Operations,Strouse-HQ,,Average,Default Cost Category,"62 mil, D/C Black Acrylic Foam, VHB",TRUE,5.152572222,"3M Company, Inc. Converter Markets",3141,The Strouse Corporation,TRUE,5.152572222,,,5000 Cost of Goods,300000 Sales,13100 Inventory Asset,FALSE
18001,54 lb. C1S S0-W24.5,54 lb. C1S S0,Length Units,,Operations,Strouse-HQ,,Average,Default Cost Category,3.2 mil 54 lb. Easy Release C1S Liner,TRUE,0.104958,"Channeled Resources, Inc. (GMC Coatings)",3277,The Strouse Corporation,TRUE,0.104958,,,5000 Cost of Goods,300000 Sales,13100 Inventory Asset,FALSE
18040,9833-W4.5,9833,Length Units,,Operations,Strouse-HQ,,Average,Default Cost Category,S/C Polyethylene Medical Tape,TRUE,0.218925,"3M Company, Inc. Converter Markets",3141,The Strouse Corporation,TRUE,0.218925,,,5000 Cost of Goods,300000 Sales,13100 Inventory Asset,FALSE
18063,4712Y-W48,4712Y,Length Units,,Operations,Strouse-HQ,,Average,Default Cost Category,"5 mil, Rubber, Linered Yellow Vinyl",TRUE,3.366666667,"3M Company, Inc. Converter Markets",3141,The Strouse Corporation,TRUE,3.366666667,,,5000 Cost of Goods,300000 Sales,13100 Inventory Asset,FALSE
18064,471-Y-W2,471-Y,Length Units,,Operations,Strouse-HQ,,Average,Default Cost Category,5.2 mil Yellow  Vinyl  Tape,TRUE,0.294632407,"3M Company, Inc. Converter Markets",3141,The Strouse Corporation,TRUE,0.294632407,,,5000 Cost of Goods,300000 Sales,13100 Inventory Asset,FALSE
18079,1774W-W48,1774W,Length Units,,Operations,Strouse-HQ,,Average,Default Cost Category,"Tape, Foam, 22.5 mil, polyethylene ",TRUE,4.892497685,"3M Company, Inc. Converter Markets",3141,The Strouse Corporation,TRUE,4.892497685,,,5000 Cost of Goods,300000 Sales,13100 Inventory Asset,FALSE
18087,468MP-W3.25,468MP,Length Units,,Operations,Strouse-HQ,,Average,Default Cost Category,"5 mil, 200MP, 58#PCK",TRUE,0.213870898,"3M Company, Inc. Converter Markets",3141,The Strouse Corporation,TRUE,0.213870898,,,5000 Cost of Goods,300000 Sales,13100 Inventory Asset,FALSE
18102,Mylar A-W2,Mylar A,Length Units,,Operations,Strouse-HQ,,Average,Default Cost Category,"Polyester, 5 mil DuPont Mylar Grade A",TRUE,0.035294118,"TEKRA - a Division of EIS, Inc.",3309,The Strouse Corporation,TRUE,0.035294118,,,5000 Cost of Goods,300000 Sales,13100 Inventory Asset,FALSE
18138,2 mil opaque LDPE-W10,2 mil opaque LDPE,Length Units,,Operations,Strouse-HQ,,Average,Default Cost Category,"2 mil thick white LDPE, formulated to spec METSFT with 30% transmissivity. Treated to increase surface energy",TRUE,0.042847349,Brentwood Plastics,4047,The Strouse Corporation,TRUE,0.042847349,,,5000 Cost of Goods,300000 Sales,13100 Inventory Asset,FALSE
18139,2 mil Clear LDPE-W10,2 mil Clear LDPE,Length Units,,Operations,Strouse-HQ,,Average,Default Cost Category,"2 mil thick clear LDPE, formulated to spec METSFT. Treated to increase surface energy",TRUE,0.029761905,Brentwood Plastics,4047,The Strouse Corporation,TRUE,0.029761905,,,5000 Cost of Goods,300000 Sales,13100 Inventory Asset,FALSE
18168,TEM209491-W2,TEM209491,Length Units,,Operations,Strouse-HQ,,Average,Default Cost Category,"AC Tape, NAPA # TEM209491",TRUE,0.666333333,NAPA Auto Parts- Motor Parts of Carroll County,3599,The Strouse Corporation,TRUE,0.666333333,,,5000 Cost of Goods,300000 Sales,13100 Inventory Asset,FALSE
18170,M60-W38,M60,Length Units,,Operations,Strouse-HQ,,Average,Default Cost Category,M60 Clear PET with Acrylic adhesive - log,TRUE,1.673564815,Saint-Gobain Performance Plastics,3299,The Strouse Corporation,TRUE,1.673564815,,,5000 Cost of Goods,300000 Sales,13100 Inventory Asset,FALSE
18173,2380-W24,2380,Length Units,,Operations,Strouse-HQ,,Average,Default Cost Category,"7.5 mil, Crepe Masking, Nat. Syn. Rubber Blend",TRUE,0.652010556,"3M Company, Inc. Converter Markets",3141,The Strouse Corporation,TRUE,0.652010556,,,5000 Cost of Goods,300000 Sales,13100 Inventory Asset,FALSE
18178,9275-W6.75,9275,Length Units,,Operations,Strouse-HQ,,Average,Default Cost Category,"9275, protective film ",TRUE,0.048539683,"Novacel, Inc",3389,The Strouse Corporation,TRUE,0.048539683,,,5000 Cost of Goods,300000 Sales,13100 Inventory Asset,FALSE
18186,468MP-W3.75,468MP,Length Units,,Operations,Strouse-HQ,,Average,Default Cost Category,"5 mil, 200MP, 58#PCK",TRUE,0.254972528,"3M Company, Inc. Converter Markets",3141,The Strouse Corporation,TRUE,0.254972528,,,5000 Cost of Goods,300000 Sales,13100 Inventory Asset,FALSE
18194,FRA 328 S2S-W5,FRA 328 S2S,Length Units,,Operations,Strouse-HQ,,Average,Default Cost Category,"4 mil PET Liner, FRA 328, S2S 
Easy/Medium",TRUE,0.0612,Fox River Associates,4046,The Strouse Corporation,TRUE,0.0612,,,5000 Cost of Goods,300000 Sales,13100 Inventory Asset,FALSE
18201,4737S-W48,4737S,Length Units,,Operations,Strouse-HQ,,Average,Default Cost Category,"4737S, fine line Masking - Un-linered, Plastic core",TRUE,10.95886944,"3M Company, Inc. Converter Markets",3141,The Strouse Corporation,TRUE,10.95886944,,,5000 Cost of Goods,300000 Sales,13100 Inventory Asset,FALSE
18229,AVXC202-W3.74,AVXC202,Length Units,,Operations,Strouse-HQ,,Average,Default Cost Category,"CSM - FOIL ROLLSTOCK, RPP# 36-1085B",TRUE,0,KYOCERA AVX Components LLC,3546,The Strouse Corporation,TRUE,0,,,5000 Cost of Goods,300000 Sales,13100 Inventory Asset,FALSE
18245,1245-W23,1245,Length Units,,Operations,Strouse-HQ,,Average,Default Cost Category,4 mil embossed copper foil,TRUE,9.665971296,"3M Company, Inc. Converter Markets",3141,The Strouse Corporation,TRUE,9.665971296,,,5000 Cost of Goods,300000 Sales,13100 Inventory Asset,FALSE
18256,TM8720-W0.75,TM8720,Length Units,,Operations,Strouse-HQ,,Average,Default Cost Category,Medical Adhesive ,TRUE,0.01026,MacTac,3255,The Strouse Corporation,TRUE,0.01026,,,5000 Cost of Goods,300000 Sales,13100 Inventory Asset,FALSE
18263,54 lb. C1S SL4 (S38)-W3.125,54 lb. C1S SL4 (S38),Length Units,,Operations,Strouse-HQ,,Average,Default Cost Category,3.2 mil 54 lb. Medium Release C1S Liner,TRUE,0.0103875,"Channeled Resources, Inc. (GMC Coatings)",3277,The Strouse Corporation,TRUE,0.0103875,,,5000 Cost of Goods,300000 Sales,13100 Inventory Asset,FALSE
18265,TM8720-W1.75,TM8720,Length Units,,Operations,Strouse-HQ,,Average,Default Cost Category,Medical Adhesive ,TRUE,0.030219,MacTac,3255,The Strouse Corporation,TRUE,0.030219,,,5000 Cost of Goods,300000 Sales,13100 Inventory Asset,FALSE
18266,TM8720-W3.75,TM8720,Length Units,,Operations,Strouse-HQ,,Average,Default Cost Category,Medical Adhesive ,TRUE,0.0565605,MacTac,3255,The Strouse Corporation,TRUE,0.0565605,,,5000 Cost of Goods,300000 Sales,13100 Inventory Asset,FALSE
18270,7735FL-W16,7735FL,Length Units,,Operations,Strouse-HQ,,Average,Default Cost Category,"3mil Clear Acrylate, 400 adh., 1.5mil PET liner",TRUE,1.110166,"3M Company, Inc. Converter Markets",3141,The Strouse Corporation,TRUE,1.110166,,,5000 Cost of Goods,300000 Sales,13100 Inventory Asset,FALSE
18276,54 lb. C1S SL4 (S38)-W17.5,54 lb. C1S SL4 (S38),Length Units,,Operations,Strouse-HQ,,Average,Default Cost Category,3.2 mil 54 lb. Medium Release C1S Liner,TRUE,0.0861,"Channeled Resources, Inc. (GMC Coatings)",3277,The Strouse Corporation,TRUE,0.0861,,,5000 Cost of Goods,300000 Sales,13100 Inventory Asset,FALSE
18294,5905Tpvc-W5.67,5905Tpvc,Length Units,,Operations,Strouse-HQ,,Average,Default Cost Category,Tan UPVC (144mm),TRUE,0.022407469,Adhesive Tape Printers LLC,3339,The Strouse Corporation,TRUE,0.022407469,,,5000 Cost of Goods,300000 Sales,13100 Inventory Asset,FALSE
18299,9415PC-W0.875,9415PC,Length Units,,Operations,Strouse-HQ,,Average,Default Cost Category,"2 mil, 400/1000, 78# PCK (differential adh.)",TRUE,0.147356944,"3M Company, Inc. Converter Markets",3141,The Strouse Corporation,TRUE,0.147356944,,,5000 Cost of Goods,300000 Sales,13100 Inventory Asset,FALSE
18314,78 lb. C1S BG40-W8.5,78 lb. C1S BG40,Length Units,,Operations,Strouse-HQ,,Average,Default Cost Category,4.4 mil 78 lb. Medium Release C1S Liner BG40,TRUE,0.036414,"Channeled Resources, Inc. (GMC Coatings)",3277,The Strouse Corporation,TRUE,0.036414,,,5000 Cost of Goods,300000 Sales,13100 Inventory Asset,FALSE
18331,Mini Brochure,Mini Brochure,"Each (Use for Boxes, Bags, Cores, Cases)",3,Operations,Strouse-HQ,,Average,Default Cost Category,"1/1 Black Ink-5.5"" x 8.5""- Right Angle fold to 2.75"" x 3.5"" - 60# Opaque Offset ",TRUE,,Strategic Factory ,3797,The Strouse Corporation,TRUE,,,,5000 Cost of Goods,300000 Sales,13100 Inventory Asset,FALSE
18336,9425HT-W6.25,9425HT,Length Units,,Operations,Strouse-HQ,,Average,Default Cost Category,"5 mil, D/C PET, 420/1050, 58# PCK",TRUE,1.383344184,"3M Company, Inc. Converter Markets",3141,The Strouse Corporation,TRUE,1.383344184,,,5000 Cost of Goods,300000 Sales,13100 Inventory Asset,FALSE
18365,6038PC-W4,6038PC,Length Units,,Operations,Strouse-HQ,,Average,Default Cost Category,8 mil Low Fogging Adhesive,TRUE,0.524746111,"3M Company, Inc. Converter Markets",3141,The Strouse Corporation,TRUE,0.524746111,,,5000 Cost of Goods,300000 Sales,13100 Inventory Asset,FALSE
18411,Q100 (FRA-3307)-W2,Q100 (FRA-3307),Length Units,,Operations,Strouse-HQ,,Average,Default Cost Category,2 mil Clear Polyester S1S Premium Release Liner,TRUE,0.013052,Fox River Associates,4046,The Strouse Corporation,TRUE,0.013052,,,5000 Cost of Goods,300000 Sales,13100 Inventory Asset,FALSE
18414,1774T-W1.875,1774T,Length Units,,Operations,Strouse-HQ,,Average,Default Cost Category,"Tape, Foam, Tan, 22.5 mil, polyethylene ",TRUE,0.174493403,"3M Company, Inc. Converter Markets",3141,The Strouse Corporation,TRUE,0.174493403,,,5000 Cost of Goods,300000 Sales,13100 Inventory Asset,FALSE
18418,Q300-W3.25,Q300,Length Units,,Operations,Strouse-HQ,,Average,Default Cost Category,2 mil Clear Polyester S1S Medium Release Liner,TRUE,0.016547911,Fox River Associates,4046,The Strouse Corporation,TRUE,0.016547911,,,5000 Cost of Goods,300000 Sales,13100 Inventory Asset,FALSE
18419,1774T-W48,1774T,Length Units,,Operations,Strouse-HQ,,Average,Default Cost Category,"Tape, Foam, Tan, 22.5 mil, polyethylene ",TRUE,4.926933333,"3M Company, Inc. Converter Markets",3141,The Strouse Corporation,TRUE,4.926933333,,,5000 Cost of Goods,300000 Sales,13100 Inventory Asset,FALSE
18456,3311-W2.83,3311,Length Units,,Operations,Strouse-HQ,,Average,Default Cost Category,"3311, Tape, Foil, Linered ",TRUE,0.122288667,"3M Company, Inc. Converter Markets",3141,The Strouse Corporation,TRUE,0.122288667,,,5000 Cost of Goods,300000 Sales,13100 Inventory Asset,FALSE
18469,11DC43102-LOG-W59.05,11DC43102-LOG,Length Units,,Operations,Strouse-HQ,,Average,Default Cost Category,"DuploCOLL, 43102,  D/C fabric mounting tape, Acrylic adhesive,",TRUE,3.258323171,Lohmann Technologies ,3391,The Strouse Corporation,TRUE,3.258323171,,,5000 Cost of Goods,300000 Sales,13100 Inventory Asset,FALSE
18470,STR-DC43102-W39.36,STR-DC43102,"Each (Use for Boxes, Bags, Cores, Cases)",3,Operations,Strouse-HQ,,Average,Default Cost Category,"Sheeted DuploCOLL,  D/C fabric mounting tape, Acrylic adhesive,",TRUE,0.112565957,The Griff Network,3251,The Strouse Corporation,TRUE,0.112565957,,,5000 Cost of Goods,300000 Sales,13100 Inventory Asset,FALSE
18475,DC-PEF06A-W0.5,DC-PEF06A,Length Units,,Operations,Strouse-HQ,,Average,Default Cost Category,"Black Double coated foam w/ Acrylic Adhesive 1/16""",TRUE,0.048796296,Adhesive Tape Products,3237,The Strouse Corporation,TRUE,0.048796296,,,5000 Cost of Goods,300000 Sales,13100 Inventory Asset,FALSE
18478,4737T-W6.86,4737T,Length Units,,Operations,Strouse-HQ,,Average,Default Cost Category,"5.1 mil, Vinyl Masking, Fine Line High Temp Blue, Rubber w/83# Liner ",TRUE,0.324542862,"3M Company, Inc. Converter Markets",3141,The Strouse Corporation,TRUE,0.324542862,,,5000 Cost of Goods,300000 Sales,13100 Inventory Asset,FALSE
18479,371-W0.375,371,Length Units,,Operations,Strouse-HQ,,Average,Default Cost Category,"Clear Polypropylene, Hot melt rubber",TRUE,0.001860916,"3M Company, Inc. Converter Markets",3141,The Strouse Corporation,TRUE,0.001860916,,,5000 Cost of Goods,300000 Sales,13100 Inventory Asset,FALSE
18488,51825C-W2.75,51825C,Length Units,,Operations,Strouse-HQ,,Average,Default Cost Category,5 mil Clear Polymask,TRUE,0.028419531,"3M Company, Inc. Converter Markets",3141,The Strouse Corporation,TRUE,0.028419531,,,5000 Cost of Goods,300000 Sales,13100 Inventory Asset,FALSE
18507,9495LE-W2.75,9495LE,Length Units,,Operations,Strouse-HQ,,Average,Default Cost Category,"6.7 mil, D/C PET, 300LSE, 58#PCK ",TRUE,0.243987215,"3M Company, Inc. Converter Markets",3141,The Strouse Corporation,TRUE,0.243987215,,,5000 Cost of Goods,300000 Sales,13100 Inventory Asset,FALSE
18591,2AFR Black-W60 - CatID-18591,2AFR Black,Length Units,,Operations,Strouse-HQ,,Average,Default Cost Category,"Foam, 1/8"" 2AFR Black Volara w/PSA- LOG",TRUE,1.9991,Reilly Foam Corporation,3286,The Strouse Corporation,TRUE,1.9991,,,5000 Cost of Goods,300000 Sales,13100 Inventory Asset,FALSE
18592,401+-W30,401+,Length Units,,Operations,Strouse-HQ,,Average,Default Cost Category,Performance Masking  401+,TRUE,1.01957625,"3M Company, Inc. Converter Markets",3141,The Strouse Corporation,TRUE,1.01957625,,,5000 Cost of Goods,300000 Sales,13100 Inventory Asset,FALSE
18603,1512-W5,1512,Length Units,,Operations,Strouse-HQ,,Average,Default Cost Category,Clear Protecrite  4.6 mil Polypropylene with rubber adhesive,TRUE,0.042916667,American Biltrite,3238,The Strouse Corporation,TRUE,0.042916667,,,5000 Cost of Goods,300000 Sales,13100 Inventory Asset,FALSE
18623,PP-800 - PC-W0.375,PP-800 - PC,Length Units,,Operations,Strouse-HQ,,Average,Default Cost Category,Black Strapping Tape,TRUE,0.007222222,Adhesive Tape Products,3237,The Strouse Corporation,TRUE,0.007222222,,,5000 Cost of Goods,300000 Sales,13100 Inventory Asset,FALSE
18627,966NP-W5.75,966NP,Length Units,,Operations,Strouse-HQ,,Average,Default Cost Category,"2 mil, 100, 62#DK (unprinted)",TRUE,0.310626074,"3M Company, Inc. Converter Markets",3141,The Strouse Corporation,TRUE,0.310626074,,,5000 Cost of Goods,300000 Sales,13100 Inventory Asset,FALSE
18635,9738-W5,9738,Length Units,,Operations,Strouse-HQ,,Average,Default Cost Category,4.3 mil Clear  Double Coated Tape,TRUE,0.152134774,"3M Company, Inc. Converter Markets",3141,The Strouse Corporation,TRUE,0.152134774,,,5000 Cost of Goods,300000 Sales,13100 Inventory Asset,FALSE
18651,2A825C-W48,2A825C,Length Units,,Operations,Strouse-HQ,,Average,Default Cost Category,2 mil Clear Polymask - LOG,TRUE,0.40964,"Pregis PolyMask, Inc.",4045,The Strouse Corporation,TRUE,0.40964,,,5000 Cost of Goods,300000 Sales,13100 Inventory Asset,FALSE
18652,78148-W4,78148,Length Units,,Operations,Strouse-HQ,,Average,Default Cost Category, 2 Mil Clear BOPP TC/R3500/40#SCK,TRUE,0.034656,Fasson / Avery Dennison Label & Packaging Materials     (acct. 5387),3246,The Strouse Corporation,TRUE,0.034656,,,5000 Cost of Goods,300000 Sales,13100 Inventory Asset,FALSE
18654,5962-W1.375,5962,Length Units,,Operations,Strouse-HQ,,Average,Default Cost Category,"62 mil, D/C Black Acrylic Foam, VHB",TRUE,1.178716667,"3M Company, Inc. Converter Markets",3141,The Strouse Corporation,TRUE,1.178716667,,,5000 Cost of Goods,300000 Sales,13100 Inventory Asset,FALSE
18660,4496W-W2,4496W,Length Units,,Operations,Strouse-HQ,,Average,Default Cost Category,"Foam, 1/16"", 430, double coated white",TRUE,0.33248287,"3M Company, Inc. Converter Markets",3141,The Strouse Corporation,TRUE,0.33248287,,,5000 Cost of Goods,300000 Sales,13100 Inventory Asset,FALSE
18668,TM8720-W3.375,TM8720,Length Units,,Operations,Strouse-HQ,,Average,Default Cost Category,Medical Adhesive ,TRUE,0.050904,MacTac,3255,The Strouse Corporation,TRUE,0.050904,,,5000 Cost of Goods,300000 Sales,13100 Inventory Asset,FALSE
18684,"Special, A-454 200 Poly H9 Silicone Side Up-W12","Special, A-454 200 Poly H9 Silicone Side Up (BACK SIDE of Release Liner Corona Treated)",Length Units,,Operations,Strouse-HQ,,Average,Default Cost Category,"Special, A-454 200 Poly H9 Silicone Side Up (BACK SIDE of Release Liner Corona Treated)",TRUE,0.2664,"FLEXcon Company, Inc.",3247,The Strouse Corporation,TRUE,0.2664,,,5000 Cost of Goods,300000 Sales,13100 Inventory Asset,FALSE
18688,53 Lb. C2S BG0-BG0-W1,53 Lb. C2S BG0-BG0,Length Units,,Operations,Strouse-HQ,,Average,Default Cost Category,3.2 mil 53 lb. Easy Release Liner C2S (Easy/Easy),TRUE,0.00396,"Channeled Resources, Inc. (GMC Coatings)",3277,The Strouse Corporation,TRUE,0.00396,,,5000 Cost of Goods,300000 Sales,13100 Inventory Asset,FALSE
18691,"Special, A-454 200 Poly H9 Silicone Side Up-W60","Special, A-454 200 Poly H9 Silicone Side Up (BACK SIDE of Release Liner Corona Treated)",Length Units,,Operations,Strouse-HQ,,Average,Default Cost Category,"Soft Anvil, Special, A-454 200 Poly H9 Silicone Side Up (BACK SIDE of Release Liner Corona Treated)",TRUE,1.6848,"FLEXcon Company, Inc.",3247,The Strouse Corporation,TRUE,1.6848,,,5000 Cost of Goods,300000 Sales,13100 Inventory Asset,FALSE
18695,93020LE-W4.803,93020LE,Length Units,,Operations,Strouse-HQ,,Average,Default Cost Category,"12.9 mil PET, D/C, 300LSE, 58#PCK",TRUE,0.253966667,"3M Company, Inc. Converter Markets",3141,The Strouse Corporation,TRUE,0.253966667,,,5000 Cost of Goods,300000 Sales,13100 Inventory Asset,FALSE
18696,54 lb. C1S S0(BG0)-W5.315,54 lb. C1S S0(BG0),Length Units,,Operations,Strouse-HQ,,Average,Default Cost Category,3.2 mil 54 lb. Easy Release C1S Liner,TRUE,0.02812698,"Channeled Resources, Inc. (GMC Coatings)",3277,The Strouse Corporation,TRUE,0.02812698,,,5000 Cost of Goods,300000 Sales,13100 Inventory Asset,FALSE
18712,2174-001B-W7,2174-001B,"Each (Use for Boxes, Bags, Cores, Cases)",3,Operations,Strouse-HQ,,Average,Default Cost Category,"Tyvek Pouch, TY1059 UNP 7"" x 11.5""",TRUE,0.002113043,PEELMASTER Medical Packaging,3382,The Strouse Corporation,TRUE,0.002113043,,,5000 Cost of Goods,300000 Sales,13100 Inventory Asset,FALSE
18733,SUPOR-200-W10,SUPOR-200,Length Units,,Operations,Strouse-HQ,,Average,Default Cost Category," CSM - SUPOR-200, PES Memebrane",TRUE,12.63,Pall Corporation (Life Sciences),3313,The Strouse Corporation,TRUE,12.63,,,5000 Cost of Goods,300000 Sales,13100 Inventory Asset,FALSE
18737,M60-W4,M60,Length Units,,Operations,Strouse-HQ,,Average,Default Cost Category,M60 Clear PET with Acrylic adhesive,TRUE,0.1412,Saint-Gobain Performance Plastics,3299,The Strouse Corporation,TRUE,0.1412,,,5000 Cost of Goods,300000 Sales,13100 Inventory Asset,FALSE
18741,4737TL-W0.75,4737TL,Length Units,,Operations,Strouse-HQ,,Average,Default Cost Category,Vinyl Tape - Blue w/83# Liner,TRUE,0.04462963,"3M Company, Inc. Converter Markets",3141,The Strouse Corporation,TRUE,0.04462963,,,5000 Cost of Goods,300000 Sales,13100 Inventory Asset,FALSE
18742,345-196-W8,345-196,Length Units,,Operations,Strouse-HQ,,Average,Default Cost Category,"0.002"" Natural  LDPE Corona Treated one side",TRUE,0.00624,Bostik Inc. ,3376,The Strouse Corporation,TRUE,0.00624,,,5000 Cost of Goods,300000 Sales,13100 Inventory Asset,FALSE
18749,Q300-W1.5,Q300,Length Units,,Operations,Strouse-HQ,,Average,Default Cost Category,2 mil Clear Polyester S1S Medium Release Liner,TRUE,0.0076374,Fox River Associates,4046,The Strouse Corporation,TRUE,0.0076374,,,5000 Cost of Goods,300000 Sales,13100 Inventory Asset,FALSE
18750,4735L-W4.5,4735L,Length Units,,Operations,Strouse-HQ,,Average,Default Cost Category,"Vinyl, Orange, Linered",TRUE,0.25815496,"3M Company, Inc. Converter Markets",3141,The Strouse Corporation,TRUE,0.25815496,,,5000 Cost of Goods,300000 Sales,13100 Inventory Asset,FALSE
18755,53 Lb. C2S BG0-BG0-W1.25,53 Lb. C2S BG0-BG0,Length Units,,Operations,Strouse-HQ,,Average,Default Cost Category,3.2 mil 53 lb. Easy Release Liner C2S (Easy/Easy),TRUE,0.0044955,"Channeled Resources, Inc. (GMC Coatings)",3277,The Strouse Corporation,TRUE,0.0044955,,,5000 Cost of Goods,300000 Sales,13100 Inventory Asset,FALSE
18760,TM8720-W6.857,TM8720,Length Units,,Operations,Strouse-HQ,,Average,Default Cost Category,Medical Adhesive ,TRUE,0.103424367,MacTac,3255,The Strouse Corporation,TRUE,0.103424367,,,5000 Cost of Goods,300000 Sales,13100 Inventory Asset,FALSE
18761,.024 pt Candesce 1CS Printed-W8,.024 pt Candesce 1CS Printed,Length Units,,Operations,Strouse-HQ,,Average,Default Cost Category,"Candesce 1CS  .024pt Candesce 1CS, 6"" ID Core",TRUE,0.048787193,Manchester Industries,4048,The Strouse Corporation,TRUE,0.048787193,,,5000 Cost of Goods,300000 Sales,13100 Inventory Asset,FALSE
18765,15 mil HIPS-W8,15 mil HIPS,Length Units,,Operations,Strouse-HQ,,Average,Default Cost Category,"Polystyrene, 15 mil , WHITE",TRUE,0.1308,"Transcendia (Transilwrap Company, Inc.)",3266,The Strouse Corporation,TRUE,0.1308,,,5000 Cost of Goods,300000 Sales,13100 Inventory Asset,FALSE
18770,E-100-W12,E-100,Length Units,,Operations,Strouse-HQ,,Average,Default Cost Category,CSM- 2 mil Unsupported thermal bonding film,TRUE,0,KYOCERA AVX Components LLC,3546,The Strouse Corporation,TRUE,0,,,5000 Cost of Goods,300000 Sales,13100 Inventory Asset,FALSE
18772,9495LE-W9.5,9495LE,Length Units,,Operations,Strouse-HQ,,Average,Default Cost Category,"CSM - 6.7 mil, D/C PET, 300LSE, 58#PCK",TRUE,0,3M Medical Solutions Division,3645,The Strouse Corporation,TRUE,0,,,5000 Cost of Goods,300000 Sales,13100 Inventory Asset,FALSE
18778,8171CL-W60,8171CL,Length Units,,Operations,Strouse-HQ,,Average,Default Cost Category,Optically Clear  Adhesive,TRUE,5.109666667,"3M Company, Inc. Converter Markets",3141,The Strouse Corporation,TRUE,5.109666667,,,5000 Cost of Goods,300000 Sales,13100 Inventory Asset,FALSE
18786,505E-W0.5,505E,Length Units,,Operations,Strouse-HQ,,Average,Default Cost Category,1 mil Clear Polypropylene,TRUE,0.00144,Avery Dennison  (Formerly know as ACPO Ltd.),3300,The Strouse Corporation,TRUE,0.00144,,,5000 Cost of Goods,300000 Sales,13100 Inventory Asset,FALSE
18795,.024 pt Candesce 1CS-W7.625,.024 pt Candesce 1CS,Length Units,,Operations,Strouse-HQ,,Average,Default Cost Category,"CandesceManchester Industries 1CS  .024pt Candesce 1CS, 6"" Core - 31"" OD",TRUE,0.036508527,Manchester Industries,4048,The Strouse Corporation,TRUE,0.036508527,,,5000 Cost of Goods,300000 Sales,13100 Inventory Asset,FALSE
18796,Q300-W7.25,Q300,Length Units,,Operations,Strouse-HQ,,Average,Default Cost Category,2 mil Clear Polyester S1S Medium Release Liner,TRUE,0.0467886,Fox River Associates,4046,The Strouse Corporation,TRUE,0.0467886,,,5000 Cost of Goods,300000 Sales,13100 Inventory Asset,FALSE
18801,5952-W3.5,5952,Length Units,,Operations,Strouse-HQ,,Average,Default Cost Category,"45 mil, D/C Acrylic Foam, VHB",TRUE,2.981128395,"3M Company, Inc. Converter Markets",3141,The Strouse Corporation,TRUE,2.981128395,,,5000 Cost of Goods,300000 Sales,13100 Inventory Asset,FALSE
18803,5952-W4,5952,Length Units,,Operations,Strouse-HQ,,Average,Default Cost Category,"45 mil, D/C Acrylic Foam, VHB",TRUE,3.407003472,"3M Company, Inc. Converter Markets",3141,The Strouse Corporation,TRUE,3.407003472,,,5000 Cost of Goods,300000 Sales,13100 Inventory Asset,FALSE
18815,MA250M-W8,MA250M,Length Units,,Operations,Strouse-HQ,,Average,Default Cost Category,"Scotchpak Heat Seal film, EAA 2.5 mil",TRUE,0.184413593,"3M Company, Inc. Converter Markets",3141,The Strouse Corporation,TRUE,0.184413593,,,5000 Cost of Goods,300000 Sales,13100 Inventory Asset,FALSE
18820,96042-W1,96042,Length Units,,Operations,Strouse-HQ,,Average,Default Cost Category," 5 mil silicone Double coated PET, on a 2 mil polyester film liner.",TRUE,0.229775579,"3M Company, Inc. Converter Markets",3141,The Strouse Corporation,TRUE,0.229775579,,,5000 Cost of Goods,300000 Sales,13100 Inventory Asset,FALSE
18821,4735L-W2.5,4735L,Length Units,,Operations,Strouse-HQ,,Average,Default Cost Category,"Vinyl, Orange, Linered",TRUE,0.10470989,"3M Company, Inc. Converter Markets",3141,The Strouse Corporation,TRUE,0.10470989,,,5000 Cost of Goods,300000 Sales,13100 Inventory Asset,FALSE
18822,8926-02-W23.62,8926-02,Length Units,,Operations,Strouse-HQ,,Average,Default Cost Category,"Thermally conductive tape, 0.20mm.  600mm x 50M.",TRUE,5.634127273,"3M Company, Inc. Converter Markets",3141,The Strouse Corporation,TRUE,5.634127273,,,5000 Cost of Goods,300000 Sales,13100 Inventory Asset,FALSE
18830,310-W4,310,Length Units,,Operations,Strouse-HQ,,Average,Default Cost Category,Safety Walk Medium Resilient Tread- BLACK,TRUE,1.33438,"3M Company, Inc. Converter Markets",3141,The Strouse Corporation,TRUE,1.33438,,,5000 Cost of Goods,300000 Sales,13100 Inventory Asset,FALSE
18842,91022-W0.5,91022,Length Units,,Operations,Strouse-HQ,,Average,Default Cost Category,"2 mil silicone adhesive transfer tape, on a 2 mil polyester film liner.",TRUE,0.0948648,"3M Company, Inc. Converter Markets",3141,The Strouse Corporation,TRUE,0.0948648,,,5000 Cost of Goods,300000 Sales,13100 Inventory Asset,FALSE
18850,12906-W8.625,12906,Length Units,,Operations,Strouse-HQ,,Average,Default Cost Category,"Thermal Transfer Litho, Transtherm 1C, S 2501",TRUE,0.033534,Fasson / Avery Dennison Label & Packaging Materials     (acct. 5387),3246,The Strouse Corporation,TRUE,0.033534,,,5000 Cost of Goods,300000 Sales,13100 Inventory Asset,FALSE
18854,25414-066000W-W66,25414-066000W,Length Units,,Operations,Strouse-HQ,,Average,Default Cost Category,"3.020"" I.D., 0.125"" Rex, White liner, Brown cover
",TRUE,,"Yazoo Mills, Inc.",3272,The Strouse Corporation,TRUE,,,,5000 Cost of Goods,300000 Sales,13100 Inventory Asset,FALSE
18855,25414-066000S-W66,25414-066000S,Length Units,,Operations,Strouse-HQ,,Average,Default Cost Category,"3.020"" ID, 0.125"" REX Tape, Strouse liner, brown cover",TRUE,,"Yazoo Mills, Inc.",3272,The Strouse Corporation,TRUE,,,,5000 Cost of Goods,300000 Sales,13100 Inventory Asset,FALSE
18857,4317-000748-W0.748,4317-000748,"Each (Use for Boxes, Bags, Cores, Cases)",3,Operations,Strouse-HQ,,Average,Default Cost Category,"3.020"" ID, 0.125"" REX Tape, Strouse liner, Parch cover",TRUE,,"Yazoo Mills, Inc.",3272,The Strouse Corporation,TRUE,,,,5000 Cost of Goods,300000 Sales,13100 Inventory Asset,FALSE
18858,4317-000492-W0.492,4317-000492,"Each (Use for Boxes, Bags, Cores, Cases)",3,Operations,Strouse-HQ,,Average,Default Cost Category,"3.020"" ID, 0.125"" REX Tape, Strouse liner, Parch cover",TRUE,,"Yazoo Mills, Inc.",3272,The Strouse Corporation,TRUE,,,,5000 Cost of Goods,300000 Sales,13100 Inventory Asset,FALSE
18860,4317-00100W-W1,4317-00100W,"Each (Use for Boxes, Bags, Cores, Cases)",3,Operations,Strouse-HQ,,Average,Default Cost Category,"3.020"" ID, 0.125"" REX Tape, White liner, Parch cover",TRUE,0.1589,"Yazoo Mills, Inc.",3272,The Strouse Corporation,TRUE,0.1589,,,5000 Cost of Goods,300000 Sales,13100 Inventory Asset,FALSE
18861,4317-00075W-W0.75,4317-00075W,"Each (Use for Boxes, Bags, Cores, Cases)",3,Operations,Strouse-HQ,,Average,Default Cost Category,"3.020"" ID, 0.125"" REX Tape, White liner, Parch cover",TRUE,,"Yazoo Mills, Inc.",3272,The Strouse Corporation,TRUE,,,,5000 Cost of Goods,300000 Sales,13100 Inventory Asset,FALSE
18862,4317-003750W-W3.75,4317-003750W,"Each (Use for Boxes, Bags, Cores, Cases)",3,Operations,Strouse-HQ,,Average,Default Cost Category,"3.020"" ID, 0.125"" REX Tape, White liner, Parch cover",TRUE,0.074613333,"Yazoo Mills, Inc.",3272,The Strouse Corporation,TRUE,0.074613333,,,5000 Cost of Goods,300000 Sales,13100 Inventory Asset,FALSE
18866,54 Lb. C2S-W26.5,54 Lb. C2S,Length Units,,Operations,Strouse-HQ,,Average,Default Cost Category,"Liner, 54#,C2S Premium Release, Natural",TRUE,0.155232,"Channeled Resources, Inc. (GMC Coatings)",3277,The Strouse Corporation,TRUE,0.155232,,,5000 Cost of Goods,300000 Sales,13100 Inventory Asset,FALSE
18870,4317-00300W-W3,4317-00300W,"Each (Use for Boxes, Bags, Cores, Cases)",3,Operations,Strouse-HQ,,Average,Default Cost Category,"3.020"" ID, 0.125"" REX Tape, White liner, Parch cover",TRUE,0,"Yazoo Mills, Inc.",3272,The Strouse Corporation,TRUE,0,,,5000 Cost of Goods,300000 Sales,13100 Inventory Asset,FALSE
18872,4317-00187W-W1.875,4317-00187W,"Each (Use for Boxes, Bags, Cores, Cases)",3,Operations,Strouse-HQ,,Average,Default Cost Category,"3.020"" ID, 0.125"" REX Tape, White liner, Parch cover",TRUE,0,"Yazoo Mills, Inc.",3272,The Strouse Corporation,TRUE,0,,,5000 Cost of Goods,300000 Sales,13100 Inventory Asset,FALSE
18883,OM 59-W59,OM 59,Length Units,,Operations,Strouse-HQ,,Average,Default Cost Category,Orange Masking Tape - log,TRUE,1.646333333,Intertape Polymer Group,3311,The Strouse Corporation,TRUE,1.646333333,,,5000 Cost of Goods,300000 Sales,13100 Inventory Asset,FALSE
18884,Q300-W15.25,Q300,Length Units,,Operations,Strouse-HQ,,Average,Default Cost Category,2 mil Clear Polyester S1S Medium Release Liner,TRUE,0.0984174,Fox River Associates,4046,The Strouse Corporation,TRUE,0.0984174,,,5000 Cost of Goods,300000 Sales,13100 Inventory Asset,FALSE
18908,TM8750-W1.5,TM8750,Length Units,,Operations,Strouse-HQ,,Average,Default Cost Category,Medical Adhesive,TRUE,0.03276,MacTac,3255,The Strouse Corporation,TRUE,0.03276,,,5000 Cost of Goods,300000 Sales,13100 Inventory Asset,FALSE
18915,4997-W4.75,4997,Length Units,,Operations,Strouse-HQ,,Average,Default Cost Category,4 mil Release Liner,TRUE,0.146921667,"3M Company, Inc. Converter Markets",3141,The Strouse Corporation,TRUE,0.146921667,,,5000 Cost of Goods,300000 Sales,13100 Inventory Asset,FALSE
18916,9449S-W4.5,9449S,Length Units,,Operations,Strouse-HQ,,Average,Default Cost Category,"0.4 mil 1000 Adhesive, 55# DK liner",TRUE,0.335617546,"3M Company, Inc. Converter Markets",3141,The Strouse Corporation,TRUE,0.335617546,,,5000 Cost of Goods,300000 Sales,13100 Inventory Asset,FALSE
18922,FRA 3306 S1S-W8,FRA 3306 S1S,Length Units,,Operations,Strouse-HQ,,Average,Default Cost Category,"2 mil PET Liner, FRA 3306, S1S Medium release",TRUE,0.05376,Fox River Associates,4046,The Strouse Corporation,TRUE,0.05376,,,5000 Cost of Goods,300000 Sales,13100 Inventory Asset,FALSE
18928,4317-007250P-W7.25,4317-007250P,"Each (Use for Boxes, Bags, Cores, Cases)",3,Operations,Strouse-HQ,,Average,Default Cost Category,"3.020"" ID, 0.125"" REX Tape, Strouse liner, Parch cover.",TRUE,0,"Yazoo Mills, Inc.",3272,The Strouse Corporation,TRUE,0,,,5000 Cost of Goods,300000 Sales,13100 Inventory Asset,FALSE
18940,5915P-W9,5915P,Length Units,,Operations,Strouse-HQ,,Average,Default Cost Category,"16 mil, Acrylic foam tape, double-coated Black VHB paper liner",TRUE,5.200427315,"3M Company, Inc. Converter Markets",3141,The Strouse Corporation,TRUE,5.200427315,,,5000 Cost of Goods,300000 Sales,13100 Inventory Asset,FALSE
18941,2916P-60-W60,2916P-60,Length Units,,Operations,Strouse-HQ,,Average,Default Cost Category,"1/16"" White Polyethylene Foam",TRUE,1.989,Berry Global,3254,The Strouse Corporation,TRUE,1.989,,,5000 Cost of Goods,300000 Sales,13100 Inventory Asset,FALSE
18952,3426A-W18,3426A,Length Units,,Operations,Strouse-HQ,,Average,Default Cost Category,Polyken 3426A Medical Acrylic Transfer Tape,TRUE,0.596656667,Berry Global,3254,The Strouse Corporation,TRUE,0.596656667,,,5000 Cost of Goods,300000 Sales,13100 Inventory Asset,FALSE
18956,AS203-W9,AS203,Length Units,,Operations,Strouse-HQ,,Average,Default Cost Category,"CSM- AS203 OCA
",TRUE,0,Akonni,3628,The Strouse Corporation,TRUE,0,,,5000 Cost of Goods,300000 Sales,13100 Inventory Asset,FALSE
18959,505E-W1.031,505E,Length Units,,Operations,Strouse-HQ,,Average,Default Cost Category,1 mil Clear Polypropylene,TRUE,0.003094,Avery Dennison  (Formerly know as ACPO Ltd.),3300,The Strouse Corporation,TRUE,0.003094,,,5000 Cost of Goods,300000 Sales,13100 Inventory Asset,FALSE
18964,339-W56,339,Length Units,,Operations,Strouse-HQ,,Average,Default Cost Category,".010 Melinex 339, White Opaque treated two sides",TRUE,2.16,Tekra Corp. N.C.,3537,The Strouse Corporation,TRUE,2.16,,,5000 Cost of Goods,300000 Sales,13100 Inventory Asset,FALSE
18970,L61010-W8.5,L61010,Length Units,,Operations,Strouse-HQ,,Average,Default Cost Category,1 mil Clear Linered Polyester Overlaminate,TRUE,0.007240999,Avery Dennison  (Formerly know as ACPO Ltd.),3300,The Strouse Corporation,TRUE,0.007240999,,,5000 Cost of Goods,300000 Sales,13100 Inventory Asset,FALSE
18973,4317-001100-W1.1,4317-001100,"Each (Use for Boxes, Bags, Cores, Cases)",3,Operations,Strouse-HQ,,Average,Default Cost Category,"3.020"" ID, 0.125"" REX Tape, Strouse liner, Parch cover",TRUE,,"Yazoo Mills, Inc.",3272,The Strouse Corporation,TRUE,,,,5000 Cost of Goods,300000 Sales,13100 Inventory Asset,FALSE
18975,468MPF-W54,468MPF,Length Units,,Operations,Strouse-HQ,,Average,Default Cost Category,"5 mil, 200MP on PET Film Liner",TRUE,4.606888889,"3M Company, Inc. Converter Markets",3141,The Strouse Corporation,TRUE,4.606888889,,,5000 Cost of Goods,300000 Sales,13100 Inventory Asset,FALSE
18981,470370-W1,470370,"Each (Use for Boxes, Bags, Cores, Cases)",3,Operations,Strouse-HQ,,Average,Default Cost Category,"Foam, 0.0625"" thick, D/C ""TwinStick""",TRUE,23.00666667,Duraco Specialty Tapes LLC (Essentra Specialty Tapes),3392,The Strouse Corporation,TRUE,23.00666667,,,5000 Cost of Goods,300000 Sales,13100 Inventory Asset,FALSE
18986,4735L-W2,4735L,Length Units,,Operations,Strouse-HQ,,Average,Default Cost Category,"Vinyl, Orange, Linered",TRUE,0.114735538,"3M Company, Inc. Converter Markets",3141,The Strouse Corporation,TRUE,0.114735538,,,5000 Cost of Goods,300000 Sales,13100 Inventory Asset,FALSE
18995,"EMR1 - 0.394""-W48","EMR1 - 0.394""",Length Units,,Operations,Strouse-HQ,,Average,Default Cost Category,"Foam, 0.394"" Thick, EMR1, Polyether Polyurethane, Meets GMW14196-1A",TRUE,1.161618889,Wm. T. Burnett & Co.,3384,The Strouse Corporation,TRUE,1.161618889,,,5000 Cost of Goods,300000 Sales,13100 Inventory Asset,FALSE
18997,8901-W16,8901,Length Units,,Operations,Strouse-HQ,,Average,Default Cost Category,"Blue Polyester Tape, Silicone adhesive",TRUE,1.431944444,"3M Company, Inc. Converter Markets",3141,The Strouse Corporation,TRUE,1.431944444,,,5000 Cost of Goods,300000 Sales,13100 Inventory Asset,FALSE
19015,78 lb. C1S BG40-W6.75,78 lb. C1S BG40,Length Units,,Operations,Strouse-HQ,,Average,Default Cost Category,4.4 mil 78 lb. Medium Release C1S Liner BG40,TRUE,0.025029,"Channeled Resources, Inc. (GMC Coatings)",3277,The Strouse Corporation,TRUE,0.025029,,,5000 Cost of Goods,300000 Sales,13100 Inventory Asset,FALSE
19017,KPT-1-W25.2,KPT-1,Length Units,,Operations,Strouse-HQ,,Average,Default Cost Category,1 mil Polyimide with silicone adhesive,TRUE,1.12962963,Adhesive Tape Products,3237,The Strouse Corporation,TRUE,1.12962963,,,5000 Cost of Goods,300000 Sales,13100 Inventory Asset,FALSE
19020,9793R-W48,9793R,Length Units,,Operations,Strouse-HQ,,Average,Default Cost Category,"9793R, Polyolefin Tape, Transparent, non-fluorescing film with a hydrophobic adhesive.",TRUE,4.565333333,"3M Company, Inc. Converter Markets",3141,The Strouse Corporation,TRUE,4.565333333,,,5000 Cost of Goods,300000 Sales,13100 Inventory Asset,FALSE
19021,468MPF-W9.25,468MPF,Length Units,,Operations,Strouse-HQ,,Average,Default Cost Category,"5 mil, 200MP on PET Film Liner",TRUE,0.933210278,"3M Company, Inc. Converter Markets",3141,The Strouse Corporation,TRUE,0.933210278,,,5000 Cost of Goods,300000 Sales,13100 Inventory Asset,FALSE
19024,2SLKN - 200 guage-W25,2SLKN - 200 guage,Length Units,,Operations,Strouse-HQ,,Average,Default Cost Category,2 mil Clear Polyester S1S Easy Release Liner,TRUE,0.091666667,"Mitsubishi Polyester Film, LLC ",4188,The Strouse Corporation,TRUE,0.091666667,,,5000 Cost of Goods,300000 Sales,13100 Inventory Asset,FALSE
19029,468MPF-W7.75,468MPF,Length Units,,Operations,Strouse-HQ,,Average,Default Cost Category,"5 mil, 200MP on PET Film Liner",TRUE,0.781878889,"3M Company, Inc. Converter Markets",3141,The Strouse Corporation,TRUE,0.781878889,,,5000 Cost of Goods,300000 Sales,13100 Inventory Asset,FALSE
19041,8810-W4,8810,Length Units,,Operations,Strouse-HQ,,Average,Default Cost Category,Thermally conductive adhesive transfer ,TRUE,3.645668519,"3M Company, Inc. Converter Markets",3141,The Strouse Corporation,TRUE,3.645668519,,,5000 Cost of Goods,300000 Sales,13100 Inventory Asset,FALSE
19049,3655C-W8.5039,3655C,Length Units,,Operations,Strouse-HQ,,Average,Default Cost Category,"CSM- Polyimide, 0.065"" Total Thickness, silicone adhesive, linered",TRUE,0,Xerox Corporation,3609,The Strouse Corporation,TRUE,0,,,5000 Cost of Goods,300000 Sales,13100 Inventory Asset,FALSE
19050,1522-W4.8,1522,Length Units,,Operations,Strouse-HQ,,Average,Default Cost Category,6.3 mil D/C polyethylene with 80 lb. BK liner,TRUE,0.347885057,"3M Company, Inc. Converter Markets",3141,The Strouse Corporation,TRUE,0.347885057,,,5000 Cost of Goods,300000 Sales,13100 Inventory Asset,FALSE
19051,213-W1,213,Length Units,,Operations,Strouse-HQ,,Average,Default Cost Category,High Performance Masking Tape -  6.5 mil,TRUE,0.126538889,"3M Company, Inc. Converter Markets",3141,The Strouse Corporation,TRUE,0.126538889,,,5000 Cost of Goods,300000 Sales,13100 Inventory Asset,FALSE
19056,1772-W48,1772,Length Units,,Operations,Strouse-HQ,,Average,Default Cost Category,"White Polyethylene Single Sided Medical Foam Tape, 83 # Liner",TRUE,3.366791667,"3M Company, Inc. Converter Markets",3141,The Strouse Corporation,TRUE,3.366791667,,,5000 Cost of Goods,300000 Sales,13100 Inventory Asset,FALSE
19064,4317-001500-W1.5,4317-001500,"Each (Use for Boxes, Bags, Cores, Cases)",3,Operations,Strouse-HQ,,Average,Default Cost Category,"3.020"" ID, 0.125"" REX Tape, Strouse liner, Parch cover",TRUE,,"Yazoo Mills, Inc.",3272,The Strouse Corporation,TRUE,,,,5000 Cost of Goods,300000 Sales,13100 Inventory Asset,FALSE
19077,6 mil PE Sheeting-W18,6 mil PE Sheeting,Length Units,,Operations,Strouse-HQ,,Average,Default Cost Category,"Polyethylene, 0.006"" PE Natural Untreated film",TRUE,0.3,"Piedmont Plastics, Inc. Beltsville",3257,The Strouse Corporation,TRUE,0.3,,,5000 Cost of Goods,300000 Sales,13100 Inventory Asset,FALSE
19090,468MP-W9,468MP,Length Units,,Operations,Strouse-HQ,,Average,Default Cost Category,"5 mil, 200MP, 58#PCK",TRUE,0.756657222,"3M Company, Inc. Converter Markets",3141,The Strouse Corporation,TRUE,0.756657222,,,5000 Cost of Goods,300000 Sales,13100 Inventory Asset,FALSE
19099,8211-W12,8211,Length Units,,Operations,Strouse-HQ,,Average,Default Cost Category,"1 mil, Adhesive Transfer Optically clear adhesive, double linered with 2mil PET",TRUE,0.848181818,"3M Company, Inc. Converter Markets",3141,The Strouse Corporation,TRUE,0.848181818,,,5000 Cost of Goods,300000 Sales,13100 Inventory Asset,FALSE
19101,G-260H-W7.874,G-260H,Length Units,,Operations,Strouse-HQ,,Average,Default Cost Category,Adwill G-260H Non-UV Dicing Tape,TRUE,0.899390244,"Lintec of America, Inc.",3385,The Strouse Corporation,TRUE,0.899390244,,,5000 Cost of Goods,300000 Sales,13100 Inventory Asset,FALSE
19106,S1001-1-W12,S1001-1,Length Units,,Operations,Strouse-HQ,,Average,Default Cost Category,Silicone adhesive transfer 1 mil,TRUE,2.077777778,Adhesive Applications,3312,The Strouse Corporation,TRUE,2.077777778,,,5000 Cost of Goods,300000 Sales,13100 Inventory Asset,FALSE
19110,9627-W23.5,9627,Length Units,,Operations,Strouse-HQ,,Average,Default Cost Category,"5 mil, 360, 58# PCK",TRUE,3.327205,"3M Company, Inc. Converter Markets",3141,The Strouse Corporation,TRUE,3.327205,,,5000 Cost of Goods,300000 Sales,13100 Inventory Asset,FALSE
19112,IE 6035T-W22.5,IE 6035T,"Each (Use for Boxes, Bags, Cores, Cases)",3,Operations,Strouse-HQ,,Average,Default Cost Category,"Poly Strand, 5-ply IE 6035T
22.5 x 60 sheets",TRUE,0,Aerotuf  (Adv. Comp. Structures/Cargo Composites),3644,The Strouse Corporation,TRUE,0,,,5000 Cost of Goods,300000 Sales,13100 Inventory Asset,FALSE
19134,Z252790-1,Z252790-1,"Each (Use for Boxes, Bags, Cores, Cases)",3,Operations,Strouse-HQ,,Average,Default Cost Category,"200E MW 42# Inside KemiLite Outside 10""x6""x3 3/4""",TRUE,,Packaging Services of Maryland,4040,The Strouse Corporation,TRUE,,,,5000 Cost of Goods,300000 Sales,13100 Inventory Asset,FALSE
19135,4317-00150W-W1.5,4317-00150W,"Each (Use for Boxes, Bags, Cores, Cases)",3,Operations,Strouse-HQ,,Average,Default Cost Category,"3.020"" ID, 0.125"" REX Tape, White liner, Parch cover",TRUE,,"Yazoo Mills, Inc.",3272,The Strouse Corporation,TRUE,,,,5000 Cost of Goods,300000 Sales,13100 Inventory Asset,FALSE
19146,Q300-W6,Q300,Length Units,,Operations,Strouse-HQ,,Average,Default Cost Category,2 mil Clear Polyester S1S Medium Release Liner,TRUE,0.031464,Fox River Associates,4046,The Strouse Corporation,TRUE,0.031464,,,5000 Cost of Goods,300000 Sales,13100 Inventory Asset,FALSE
19152,SJ3550-W1.5,SJ3550,Length Units,,Operations,Strouse-HQ,,Average,Default Cost Category,"Dual Lock, Black, Type 250, White Adhesive",TRUE,0.221952,"3M Company, Inc. Converter Markets",3141,The Strouse Corporation,TRUE,0.221952,,,5000 Cost of Goods,300000 Sales,13100 Inventory Asset,FALSE
19156,Spec# 78004-W4.5,Spec# 78004,Length Units,,Operations,Strouse-HQ,,Average,Default Cost Category,7.0 Mil C2S V-Max Select Plus,TRUE,0.077643885,Fasson / Avery Dennison Label & Packaging Materials     (acct. 5387),3246,The Strouse Corporation,TRUE,0.077643885,,,5000 Cost of Goods,300000 Sales,13100 Inventory Asset,FALSE
19167,Q100 (FRA-3307)-W3.25,Q100 (FRA-3307),Length Units,,Operations,Strouse-HQ,,Average,Default Cost Category,2 mil Clear Polyester S1S Premium Release Liner,TRUE,0.0212095,Fox River Associates,4046,The Strouse Corporation,TRUE,0.0212095,,,5000 Cost of Goods,300000 Sales,13100 Inventory Asset,FALSE
19172,TM4200-W18,TM4200,Length Units,,Operations,Strouse-HQ,,Average,Default Cost Category,"TM4200, 1/16"" Medical Grade PE Foam, 60#SCK",TRUE,1.431216,MacTac,3255,The Strouse Corporation,TRUE,1.431216,,,5000 Cost of Goods,300000 Sales,13100 Inventory Asset,FALSE
19173,TM4200-W6,TM4200,Length Units,,Operations,Strouse-HQ,,Average,Default Cost Category,"TM4200, 1/16"" Medical Grade PE Foam, 60#SCK",TRUE,0.631152,MacTac,3255,The Strouse Corporation,TRUE,0.631152,,,5000 Cost of Goods,300000 Sales,13100 Inventory Asset,FALSE
19183,FRA 3312-W12.5,FRA 3312,Length Units,,Operations,Strouse-HQ,,Average,Default Cost Category,5 mil Clear Polyester Release Liner S1S - medium,TRUE,0.131680328,Fox River Associates,4046,The Strouse Corporation,TRUE,0.131680328,,,5000 Cost of Goods,300000 Sales,13100 Inventory Asset,FALSE
19184,ST-1234-W1.75,ST-1234,Length Units,,Operations,Strouse-HQ,,Average,Default Cost Category,1.4 mil Clear Polyester FDA approved,TRUE,0.08988,"Transcendia (Transilwrap Company, Inc.)",3266,The Strouse Corporation,TRUE,0.08988,,,5000 Cost of Goods,300000 Sales,13100 Inventory Asset,FALSE
19190,53 Lb. C2S BG0/BG0-W6.25,53 Lb. C2S BG0/BG0,Length Units,,Operations,Strouse-HQ,,Average,Default Cost Category,3.2 mil 53 lb. Easy Release Liner C2S (Easy/Easy),TRUE,0.036526667,"Channeled Resources, Inc. (GMC Coatings)",3277,The Strouse Corporation,TRUE,0.036526667,,,5000 Cost of Goods,300000 Sales,13100 Inventory Asset,FALSE
19193,8510 UV Blue-W6,8510 UV Blue,Length Units,,Operations,Strouse-HQ,,Average,Default Cost Category,"8510, Blue,Protective Film, 2 mil LDPE, Rubber Adhesive, UV Blue",TRUE,0.061899621,American Biltrite,3238,The Strouse Corporation,TRUE,0.061899621,,,5000 Cost of Goods,300000 Sales,13100 Inventory Asset,FALSE
19210,2 mil T50-W12,2 mil T50,Length Units,,Operations,Strouse-HQ,,Average,Default Cost Category,Poly Liner Tight Release,TRUE,0.1149984,Eastman Performance Films,3399,The Strouse Corporation,TRUE,0.1149984,,,5000 Cost of Goods,300000 Sales,13100 Inventory Asset,FALSE
19211,87630A-W46.063,87630A,Length Units,,Operations,Strouse-HQ,,Average,Default Cost Category,"87630A, Surface Protective Film, Self-wetting",TRUE,1.338236585,"3M Company, Inc. Converter Markets",3141,The Strouse Corporation,TRUE,1.338236585,,,5000 Cost of Goods,300000 Sales,13100 Inventory Asset,FALSE
19224,"10356M, DF100 2mil-W18","10356M, DF100 2mil",Length Units,,Operations,Strouse-HQ,,Average,Default Cost Category,"Chemfilm Type C films ultra thin single layer, DF100 are multilayer cast PTFE films.",TRUE,6.7305,Saint-Gobain Performance Plastics,3299,The Strouse Corporation,TRUE,6.7305,,,5000 Cost of Goods,300000 Sales,13100 Inventory Asset,FALSE
19227,DE050-W9.5,DE050,Length Units,,Operations,Strouse-HQ,,Average,Default Cost Category,"DE050, 1 mil metalized PET",TRUE,0.11286,Dunmore International Corporation,3358,The Strouse Corporation,TRUE,0.11286,,,5000 Cost of Goods,300000 Sales,13100 Inventory Asset,FALSE
19243,213-W3,213,Length Units,,Operations,Strouse-HQ,,Average,Default Cost Category,High Performance Masking Tape -  6.5 mil,TRUE,0.512426667,"3M Company, Inc. Converter Markets",3141,The Strouse Corporation,TRUE,0.512426667,,,5000 Cost of Goods,300000 Sales,13100 Inventory Asset,FALSE
19248,Q100 (FRA-3307)-W10,Q100 (FRA-3307),Length Units,,Operations,Strouse-HQ,,Average,Default Cost Category,2 mil Clear Polyester S1S Premium Release Liner,TRUE,0.07185832,Fox River Associates,4046,The Strouse Corporation,TRUE,0.07185832,,,5000 Cost of Goods,300000 Sales,13100 Inventory Asset,FALSE
19249,153150160-W3.75,153150160,Length Units,,Operations,Strouse-HQ,,Average,Default Cost Category,"Bright Silver Foil- 
BRT SLV FOIL/C2500/40#SC",TRUE,0.035888,Fasson / Avery Dennison Label & Packaging Materials     (acct. 5387),3246,The Strouse Corporation,TRUE,0.035888,,,5000 Cost of Goods,300000 Sales,13100 Inventory Asset,FALSE
19250,P50-W1,P50,Length Units,,Operations,Strouse-HQ,,Average,Default Cost Category,"P50, double coated Cloth , 19 mil ",TRUE,0.2046,"Nitto America, Inc.",3256,The Strouse Corporation,TRUE,0.2046,,,5000 Cost of Goods,300000 Sales,13100 Inventory Asset,FALSE
19257,7405W-W27,7405W,Length Units,,Operations,Strouse-HQ,,Average,Default Cost Category,WHITE 4 mil LDPE w/ acrylic adhesive ,TRUE,0.181133333,American Biltrite,3238,The Strouse Corporation,TRUE,0.181133333,,,5000 Cost of Goods,300000 Sales,13100 Inventory Asset,FALSE
19269,1533L-W3,1533L,Length Units,,Operations,Strouse-HQ,,Average,Default Cost Category,"1533L, Tape, Tan nonwoven,  63# liner, Medical",TRUE,0.138240741,"3M Company, Inc. Converter Markets",3141,The Strouse Corporation,TRUE,0.138240741,,,5000 Cost of Goods,300000 Sales,13100 Inventory Asset,FALSE
19270,1533L-W6,1533L,Length Units,,Operations,Strouse-HQ,,Average,Default Cost Category,"1533L, Tape, Tan nonwoven,  63# liner, Medical",TRUE,0.276064815,"3M Company, Inc. Converter Markets",3141,The Strouse Corporation,TRUE,0.276064815,,,5000 Cost of Goods,300000 Sales,13100 Inventory Asset,FALSE
19274,Q100 (FRA-3307)-W8,Q100 (FRA-3307),Length Units,,Operations,Strouse-HQ,,Average,Default Cost Category,2 mil Clear Polyester S1S Premium Release Liner,TRUE,0.052208,Fox River Associates,4046,The Strouse Corporation,TRUE,0.052208,,,5000 Cost of Goods,300000 Sales,13100 Inventory Asset,FALSE
19284,1772-W8,1772,Length Units,,Operations,Strouse-HQ,,Average,Default Cost Category,"White Polyethylene Single Sided Medical Foam Tape, 83 # Liner",TRUE,0.599292667,"3M Company, Inc. Converter Markets",3141,The Strouse Corporation,TRUE,0.599292667,,,5000 Cost of Goods,300000 Sales,13100 Inventory Asset,FALSE
19288,Z23984-1-1,Z23984-1-1,"Each (Use for Boxes, Bags, Cores, Cases)",3,Operations,Strouse-HQ,,Average,Default Cost Category,17 9/16 X 4 5/16 X 17 15/16 - 32ECT,TRUE,0.79,Packaging Services of Maryland,4040,The Strouse Corporation,TRUE,0.79,,,5000 Cost of Goods,300000 Sales,13100 Inventory Asset,FALSE
19289,Z239842-1,Z239842-1,"Each (Use for Boxes, Bags, Cores, Cases)",3,Operations,Strouse-HQ,,Average,Default Cost Category,13 15/16 X 4 5/16 X 17 9/16 - 32ECT,TRUE,,Packaging Services of Maryland,4040,The Strouse Corporation,TRUE,,,,5000 Cost of Goods,300000 Sales,13100 Inventory Asset,FALSE
19290,Z239840-1,Z239840-1,"Each (Use for Boxes, Bags, Cores, Cases)",3,Operations,Strouse-HQ,,Average,Default Cost Category,17 9/16 X 3 3/4 X 17 9/16 - 32ECT,TRUE,,Packaging Services of Maryland,4040,The Strouse Corporation,TRUE,,,,5000 Cost of Goods,300000 Sales,13100 Inventory Asset,FALSE
19295,415-W4.25,415,Length Units,,Operations,Strouse-HQ,,Average,Default Cost Category,"Double coated PET, 4 mil, 400, 55# DK",TRUE,0.336375514,"3M Company, Inc. Converter Markets",3141,The Strouse Corporation,TRUE,0.336375514,,,5000 Cost of Goods,300000 Sales,13100 Inventory Asset,FALSE
19303,3.3NPET- E-W9.5,3.3NPET- E,Length Units,,Operations,Strouse-HQ,,Average,Default Cost Category,"Nonwoven, 3.3NPET-E@9.5"" white",TRUE,0.306611533,"Schweitzer-Mauduit International, Inc.( formerly DelStar Technologies, Inc.)",3573,The Strouse Corporation,TRUE,0.306611533,,,5000 Cost of Goods,300000 Sales,13100 Inventory Asset,FALSE
19307,5906-W6,5906,Length Units,,Operations,Strouse-HQ,,Average,Default Cost Category,"6 mil, Acrylic foam tape, double-coated Black VHB",TRUE,1.654564815,"3M Company, Inc. Converter Markets",3141,The Strouse Corporation,TRUE,1.654564815,,,5000 Cost of Goods,300000 Sales,13100 Inventory Asset,FALSE
19315,Paper CoreB/B-W1.875-T180,Paper CoreB/B,"Each (Use for Boxes, Bags, Cores, Cases)",3,Operations,Strouse-HQ,,Average,Default Cost Category,"3.032"" I.D .180"" wall Brown / Brown Cores, knife cut",TRUE,,OX Paper Tube & Core Co,3296,The Strouse Corporation,TRUE,,,,5000 Cost of Goods,300000 Sales,13100 Inventory Asset,FALSE
19317,966NP-W6.25,966NP,Length Units,,Operations,Strouse-HQ,,Average,Default Cost Category,"2 mil, 100, 62#DK (unprinted)",TRUE,0.30774,"3M Company, Inc. Converter Markets",3141,The Strouse Corporation,TRUE,0.30774,,,5000 Cost of Goods,300000 Sales,13100 Inventory Asset,FALSE
19319,2 mil Clear PET-W2.5,2 mil Clear PET,Length Units,,Operations,Strouse-HQ,,Average,Default Cost Category,2 mil Clear Polyester,TRUE,0.01008,TEAM Plastics,3304,The Strouse Corporation,TRUE,0.01008,,,5000 Cost of Goods,300000 Sales,13100 Inventory Asset,FALSE
19339,TM8720-W6,TM8720,Length Units,,Operations,Strouse-HQ,,Average,Default Cost Category,Medical Adhesive ,TRUE,0.117504,MacTac,3255,The Strouse Corporation,TRUE,0.117504,,,5000 Cost of Goods,300000 Sales,13100 Inventory Asset,FALSE
19340,4317-00250W-W2.5,4317-00250W,"Each (Use for Boxes, Bags, Cores, Cases)",3,Operations,Strouse-HQ,,Average,Default Cost Category,"3.020"" ID, 0.125"" REX Tape, White liner, Parch cover",TRUE,,"Yazoo Mills, Inc.",3272,The Strouse Corporation,TRUE,,,,5000 Cost of Goods,300000 Sales,13100 Inventory Asset,FALSE
19347,CO404 902750-W2.75,CO404 902750,Length Units,,Operations,Strouse-HQ,,Average,Default Cost Category,Blue Splicing Tape ,TRUE,0.102237654,Tapeworks,4043,The Strouse Corporation,TRUE,0.102237654,,,5000 Cost of Goods,300000 Sales,13100 Inventory Asset,FALSE
19351,7871-W4,7871,Length Units,,Operations,Strouse-HQ,,Average,Default Cost Category,"2 mil  White Polyester TC, 350, 55# DK",TRUE,0.182342364,"3M Company, Inc. Converter Markets",3141,The Strouse Corporation,TRUE,0.182342364,,,5000 Cost of Goods,300000 Sales,13100 Inventory Asset,FALSE
19355,9471FL-W2.75,9471FL,Length Units,,Operations,Strouse-HQ,,Average,Default Cost Category,"2 mil, 300LSE , 2 mil PET liner",TRUE,0.168208889,"3M Company, Inc. Converter Markets",3141,The Strouse Corporation,TRUE,0.168208889,,,5000 Cost of Goods,300000 Sales,13100 Inventory Asset,FALSE
19370,9828-W27,9828,Length Units,,Operations,Strouse-HQ,,Average,Default Cost Category,"3.5 mil, PET, D/C, 340, 55# DK",TRUE,0.5978325,"3M Company, Inc. Converter Markets",3141,The Strouse Corporation,TRUE,0.5978325,,,5000 Cost of Goods,300000 Sales,13100 Inventory Asset,FALSE
19371,9425HT-W48,9425HT,Length Units,,Operations,Strouse-HQ,,Average,Default Cost Category,"5 mil, D/C PET, 420/1050, 58# PCK",TRUE,10.62408333,"3M Company, Inc. Converter Markets",3141,The Strouse Corporation,TRUE,10.62408333,,,5000 Cost of Goods,300000 Sales,13100 Inventory Asset,FALSE
19381,339-W6.22,339,Length Units,,Operations,Strouse-HQ,,Average,Default Cost Category,".010 Melinex 339, White Opaque treated two sides",TRUE,0.286666636,Tekra Corp. N.C.,3537,The Strouse Corporation,TRUE,0.286666636,,,5000 Cost of Goods,300000 Sales,13100 Inventory Asset,FALSE
19387,966NP-W3.75,966NP,Length Units,,Operations,Strouse-HQ,,Average,Default Cost Category,"2 mil, 100, 62#DK (unprinted)",TRUE,0.14457963,"3M Company, Inc. Converter Markets",3141,The Strouse Corporation,TRUE,0.14457963,,,5000 Cost of Goods,300000 Sales,13100 Inventory Asset,FALSE
19388,4701-40-W27,4701-40,Length Units,,Operations,Strouse-HQ,,Average,Default Cost Category,"Foam, 1/2"" Cellular PU foam, 15#, BLACK. 4701-40",TRUE,12.7,Reilly Foam Corporation,3286,The Strouse Corporation,TRUE,12.7,,,5000 Cost of Goods,300000 Sales,13100 Inventory Asset,FALSE
19409,.024 pt Candesce 1CS Printed-W12.5,.024 pt Candesce 1CS Printed,Length Units,,Operations,Strouse-HQ,,Average,Default Cost Category,"Candesce 1CS  .024pt Candesce 1CS, 6"" ID Core",TRUE,0.059850044,Manchester Industries,4048,The Strouse Corporation,TRUE,0.059850044,,,5000 Cost of Goods,300000 Sales,13100 Inventory Asset,FALSE
19411,1080 Matte Black-W60,1080 Matte Black,Length Units,,Operations,Strouse-HQ,,Average,Default Cost Category,"1080, 3M Wrap Film, Matte Black",TRUE,8.166266667,"Grimco, Inc.",3368,The Strouse Corporation,TRUE,8.166266667,,,5000 Cost of Goods,300000 Sales,13100 Inventory Asset,FALSE
19422,DC-PEF06A-W0.75,DC-PEF06A,Length Units,,Operations,Strouse-HQ,,Average,Default Cost Category,"Black Double coated foam w/ Acrylic Adhesive 1/16""",TRUE,0.061666667,Adhesive Tape Products,3237,The Strouse Corporation,TRUE,0.061666667,,,5000 Cost of Goods,300000 Sales,13100 Inventory Asset,FALSE
19432,467MP-W5.625,467MP,Length Units,,Operations,Strouse-HQ,,Average,Default Cost Category,"2 mil, 200MP, 58# PCK",TRUE,0.307752474,"3M Company, Inc. Converter Markets",3141,The Strouse Corporation,TRUE,0.307752474,,,5000 Cost of Goods,300000 Sales,13100 Inventory Asset,FALSE
19437,8671-W6,8671,Length Units,,Operations,Strouse-HQ,,Average,Default Cost Category,14 mil polyurethane protective tape,TRUE,3.77,"3M Company, Inc. Converter Markets",3141,The Strouse Corporation,TRUE,3.77,,,5000 Cost of Goods,300000 Sales,13100 Inventory Asset,FALSE
19439,1522-W2,1522,Length Units,,Operations,Strouse-HQ,,Average,Default Cost Category,6.3 mil D/C polyethylene with 80 lb. BK liner,TRUE,0.102966667,"3M Company, Inc. Converter Markets",3141,The Strouse Corporation,TRUE,0.102966667,,,5000 Cost of Goods,300000 Sales,13100 Inventory Asset,FALSE
19440,9795R-W4,9795R,Length Units,,Operations,Strouse-HQ,,Average,Default Cost Category,"9795R, Polyolefin Tape, Transparent, non-fluorescing film w/ silicone PSA",TRUE,1.321800926,"3M Company, Inc. Converter Markets",3141,The Strouse Corporation,TRUE,1.321800926,,,5000 Cost of Goods,300000 Sales,13100 Inventory Asset,FALSE
19443,53 Lb. C2S BG0-W3.75,53 Lb. C2S BG0,Length Units,,Operations,Strouse-HQ,,Average,Default Cost Category,3.2 mil 53 lb. Easy Release Liner C2S (Easy/Easy),TRUE,0.016948413,"Channeled Resources, Inc. (GMC Coatings)",3277,The Strouse Corporation,TRUE,0.016948413,,,5000 Cost of Goods,300000 Sales,13100 Inventory Asset,FALSE
19454,4926-W12,4926,Length Units,,Operations,Strouse-HQ,,Average,Default Cost Category,"15 mil, VHB, Double Coated Grey Foam Tape",TRUE,9.050426852,"3M Company, Inc. Converter Markets",3141,The Strouse Corporation,TRUE,9.050426852,,,5000 Cost of Goods,300000 Sales,13100 Inventory Asset,FALSE
19460,1772-W9.6,1772,Length Units,,Operations,Strouse-HQ,,Average,Default Cost Category,"White Polyethylene Single Sided Medical Foam Tape, 83 # Liner",TRUE,0.611666667,"3M Company, Inc. Converter Markets",3141,The Strouse Corporation,TRUE,0.611666667,,,5000 Cost of Goods,300000 Sales,13100 Inventory Asset,FALSE
19462,Z245372,Z245372,"Each (Use for Boxes, Bags, Cores, Cases)",3,Operations,Strouse-HQ,,Average,Default Cost Category,"13"" X 6"" X 2.5""
 KEMI/KLA",TRUE,,Packaging Services of Maryland,4040,The Strouse Corporation,TRUE,,,,5000 Cost of Goods,300000 Sales,13100 Inventory Asset,FALSE
19474,4317-00050W-W0.5,4317-00050W,"Each (Use for Boxes, Bags, Cores, Cases)",3,Operations,Strouse-HQ,,Average,Default Cost Category,"3.020"" ID, 0.125"" REX Tape, White liner, Parch cover",TRUE,,"Yazoo Mills, Inc.",3272,The Strouse Corporation,TRUE,,,,5000 Cost of Goods,300000 Sales,13100 Inventory Asset,FALSE
19476,4905-W0.25,4905,Length Units,,Operations,Strouse-HQ,,Average,Default Cost Category,"20 mil, VHB,  double coated clear",TRUE,0.204861111,"3M Company, Inc. Converter Markets",3141,The Strouse Corporation,TRUE,0.204861111,,,5000 Cost of Goods,300000 Sales,13100 Inventory Asset,FALSE
19480,"Special, A-454 200 Poly H9 Silicone Side Up-W7.875","Special, A-454 200 Poly H9 Silicone Side Up (BACK SIDE of Release Liner Corona Treated)",Length Units,,Operations,Strouse-HQ,,Average,Default Cost Category,"Special, A-454 200 Poly H9 Silicone Side Up (BACK SIDE of Release Liner Corona Treated)",TRUE,0.21168,"FLEXcon Company, Inc.",3247,The Strouse Corporation,TRUE,0.21168,,,5000 Cost of Goods,300000 Sales,13100 Inventory Asset,FALSE
19493,7300-W48,7300,Length Units,,Operations,Strouse-HQ,,Average,Default Cost Category,Masking Film,TRUE,0,"3M Company, Inc. Converter Markets",3141,The Strouse Corporation,TRUE,0,,,5000 Cost of Goods,300000 Sales,13100 Inventory Asset,FALSE
19500,BF 18473 5 mil PP-W10,BF 18473 5 mil PP,Length Units,,Operations,Strouse-HQ,,Average,Default Cost Category,CSM - 5 mil Polypropylene,TRUE,0,Bostik Inc. ,3376,The Strouse Corporation,TRUE,0,,,5000 Cost of Goods,300000 Sales,13100 Inventory Asset,FALSE
19502,9275-W72.834,9275,Length Units,,Operations,Strouse-HQ,,Average,Default Cost Category,Novaguard 9275,TRUE,0.609,"Novacel, Inc",3389,The Strouse Corporation,TRUE,0.609,,,5000 Cost of Goods,300000 Sales,13100 Inventory Asset,FALSE
19510,9086-W54,9086,Length Units,,Operations,Strouse-HQ,,Average,Default Cost Category,Double Coated Translucent Tape 7.5 mil,TRUE,3.691492525,"3M Company, Inc. Converter Markets",3141,The Strouse Corporation,TRUE,3.691492525,,,5000 Cost of Goods,300000 Sales,13100 Inventory Asset,FALSE
19512,4492W-W12,4492W,Length Units,,Operations,Strouse-HQ,,Average,Default Cost Category,"1/32"", 430, Double Coated White",TRUE,1.896860185,"3M Company, Inc. Converter Markets",3141,The Strouse Corporation,TRUE,1.896860185,,,5000 Cost of Goods,300000 Sales,13100 Inventory Asset,FALSE
19527,4979F-W6.25,4979F,Length Units,,Operations,Strouse-HQ,,Average,Default Cost Category,"Foam, 62 mil, VHB, double coated, Black",TRUE,5.594258333,"3M Company, Inc. Converter Markets",3141,The Strouse Corporation,TRUE,5.594258333,,,5000 Cost of Goods,300000 Sales,13100 Inventory Asset,FALSE
19540,Velcro 830 type 29 WHITE-W8,Velcro 830 type 29 WHITE,Length Units,,Operations,Strouse-HQ,,Average,Default Cost Category,"Hook, Velcro HTH 830 type 29 WHITE",TRUE,0.476666667,U.S. Slide Fastener Corp.,4190,The Strouse Corporation,TRUE,0.476666667,,,5000 Cost of Goods,300000 Sales,13100 Inventory Asset,FALSE
19541,4997-W5.25,4997,Length Units,,Operations,Strouse-HQ,,Average,Default Cost Category,4 mil Release Liner,TRUE,0.151198413,"3M Company, Inc. Converter Markets",3141,The Strouse Corporation,TRUE,0.151198413,,,5000 Cost of Goods,300000 Sales,13100 Inventory Asset,FALSE
19548,86375K65-W36,86375K65,Length Units,,Operations,Strouse-HQ,,Average,Default Cost Category,"Polyurethane Foam, 1/32” T, w/ PSA, Open Cell, BLACK",TRUE,19.17333333,McMaster-Carr,3281,The Strouse Corporation,TRUE,19.17333333,,,5000 Cost of Goods,300000 Sales,13100 Inventory Asset,FALSE
19560,SP4275-W21,SP4275,"Each (Use for Boxes, Bags, Cores, Cases)",3,Operations,Strouse-HQ,,Average,Default Cost Category,CSM - R4271 sponge 1/32” thick w/psa 2 sides,TRUE,0,GT Industries - Tulsa,3572,The Strouse Corporation,TRUE,0,,,5000 Cost of Goods,300000 Sales,13100 Inventory Asset,FALSE
19562,468MP-W10.5,468MP,Length Units,,Operations,Strouse-HQ,,Average,Default Cost Category,"5 mil, 200MP, 58#PCK",TRUE,0.649018519,"3M Company, Inc. Converter Markets",3141,The Strouse Corporation,TRUE,0.649018519,,,5000 Cost of Goods,300000 Sales,13100 Inventory Asset,FALSE
19563,468MPF-W10.5,468MPF,Length Units,,Operations,Strouse-HQ,,Average,Default Cost Category,"5 mil, 200MP on PET Film Liner",TRUE,0.778909259,"3M Company, Inc. Converter Markets",3141,The Strouse Corporation,TRUE,0.778909259,,,5000 Cost of Goods,300000 Sales,13100 Inventory Asset,FALSE
19566,3195C/EZ-W3.15625,3195C/EZ,Length Units,,Operations,Strouse-HQ,,Average,Default Cost Category,"3195C/EZ, 3 mil, Clear  Protective Film.  Perfed every 15.7""",TRUE,0.04471,"Pregis PolyMask, Inc.",4045,The Strouse Corporation,TRUE,0.04471,,,5000 Cost of Goods,300000 Sales,13100 Inventory Asset,FALSE
19577,FRA 616-W28,FRA 616,Length Units,,Operations,Strouse-HQ,,Average,Default Cost Category,"Liner, FRA 616, 10.55 mil BPK",TRUE,0.224347143,Fox River Associates,4046,The Strouse Corporation,TRUE,0.224347143,,,5000 Cost of Goods,300000 Sales,13100 Inventory Asset,FALSE
19585,93010LE-W2.5,93010LE,Length Units,,Operations,Strouse-HQ,,Average,Default Cost Category,"3.9 mil, D/C PET, 300LSE, 58#PCK",TRUE,0.123205556,"3M Company, Inc. Converter Markets",3141,The Strouse Corporation,TRUE,0.123205556,,,5000 Cost of Goods,300000 Sales,13100 Inventory Asset,FALSE
19593,9471LE-W1.875,9471LE,Length Units,,Operations,Strouse-HQ,,Average,Default Cost Category,"2 mil, 300LSE, 58#PCK",TRUE,0.079838606,"3M Company, Inc. Converter Markets",3141,The Strouse Corporation,TRUE,0.079838606,,,5000 Cost of Goods,300000 Sales,13100 Inventory Asset,FALSE
19596,444-W36,444,Length Units,,Operations,Strouse-HQ,,Average,Default Cost Category,"3.8 mil, 300, 55# DK- Log",TRUE,5.917037037,"3M Company, Inc. Converter Markets",3141,The Strouse Corporation,TRUE,5.917037037,,,5000 Cost of Goods,300000 Sales,13100 Inventory Asset,FALSE
19604,371-W5.435,371,Length Units,,Operations,Strouse-HQ,,Average,Default Cost Category,"Clear Polypropylene, Hot melt rubber",TRUE,0.032715178,"3M Company, Inc. Converter Markets",3141,The Strouse Corporation,TRUE,0.032715178,,,5000 Cost of Goods,300000 Sales,13100 Inventory Asset,FALSE
19618,4317-007250-W7.25,4317-007250,"Each (Use for Boxes, Bags, Cores, Cases)",3,Operations,Strouse-HQ,,Average,Default Cost Category,"3.020"" ID, 0.125"" REX Tape, White liner, Parch cover",TRUE,,"Yazoo Mills, Inc.",3272,The Strouse Corporation,TRUE,,,,5000 Cost of Goods,300000 Sales,13100 Inventory Asset,FALSE
19619,SP590HT-DC2-W12,SP590HT-DC2,Length Units,,Operations,Strouse-HQ,,Average,Default Cost Category,"SP590HT-DC2, 1 mil polyimide film with 2 mil silicone with 2 mil PET liner",TRUE,3.984433333,Adhesive Applications,3312,The Strouse Corporation,TRUE,3.984433333,,,5000 Cost of Goods,300000 Sales,13100 Inventory Asset,FALSE
19622,9088-200-W61,9088-200,Length Units,,Operations,Strouse-HQ,,Average,Default Cost Category," High Performance Double Coated Tape 9088 Clear, 8.3 mil, ",TRUE,2.963687805,"3M Company, Inc. Converter Markets",3141,The Strouse Corporation,TRUE,2.963687805,,,5000 Cost of Goods,300000 Sales,13100 Inventory Asset,FALSE
19634,468MPF-W2.5,468MPF,Length Units,,Operations,Strouse-HQ,,Average,Default Cost Category,"5 mil, 200MP on PET Film Liner",TRUE,0.213281893,"3M Company, Inc. Converter Markets",3141,The Strouse Corporation,TRUE,0.213281893,,,5000 Cost of Goods,300000 Sales,13100 Inventory Asset,FALSE
19644,SJ3531 - Black-W4,SJ3531 - Black,Length Units,,Operations,Strouse-HQ,,Average,Default Cost Category,"Loop, Rubber, Black, General Purpose PSA",TRUE,1.3254,"3M Company, Inc. Converter Markets",3141,The Strouse Corporation,TRUE,1.3254,,,5000 Cost of Goods,300000 Sales,13100 Inventory Asset,FALSE
19652,04174-70055-04-W50,04174-70055-04,Length Units,,Operations,Strouse-HQ,,Average,Default Cost Category,"04174, Tape, Linered Light Green, PVC Fineline Masking, ",TRUE,3.255633333,Tesa Tape,4044,The Strouse Corporation,TRUE,3.255633333,,,5000 Cost of Goods,300000 Sales,13100 Inventory Asset,FALSE
19684,1510-W48 - CatID-19684,1510,Length Units,,Operations,Strouse-HQ,,Average,Default Cost Category,Clear Protecrite 4.6 mil Polypropylene with rubber adhesive,TRUE,0.6152,American Biltrite,3238,The Strouse Corporation,TRUE,0.6152,,,5000 Cost of Goods,300000 Sales,13100 Inventory Asset,FALSE
19685,1510-W6.25,1510,Length Units,,Operations,Strouse-HQ,,Average,Default Cost Category,Clear Protecrite 4.6 mil Polypropylene with rubber adhesive,TRUE,0.080104167,American Biltrite,3238,The Strouse Corporation,TRUE,0.080104167,,,5000 Cost of Goods,300000 Sales,13100 Inventory Asset,FALSE
19697,G-64-W7.874,G-64,Length Units,,Operations,Strouse-HQ,,Average,Default Cost Category,"Adwill G-64, Non-UV Dicing Tape",TRUE,1.219512195,"Lintec of America, Inc.",3385,The Strouse Corporation,TRUE,1.219512195,,,5000 Cost of Goods,300000 Sales,13100 Inventory Asset,FALSE
19700,1571CW-W60,1571CW,Length Units,,Operations,Strouse-HQ,,Average,Default Cost Category,"CSM - Tedlar Tape, 1.5 mil, Grey",TRUE,0,"TCOM, L.P.",3551,The Strouse Corporation,TRUE,0,,,5000 Cost of Goods,300000 Sales,13100 Inventory Asset,FALSE
19709,8510 UV Blue-W48,8510 UV Blue,Length Units,,Operations,Strouse-HQ,,Average,Default Cost Category,"8510, Blue,Protective Film, 3 mil LDPE, Rubber Adhesive, UV Blue",TRUE,0.49519697,American Biltrite,3238,The Strouse Corporation,TRUE,0.49519697,,,5000 Cost of Goods,300000 Sales,13100 Inventory Asset,FALSE
19712,F9460PC-W5.875,F9460PC,Length Units,,Operations,Strouse-HQ,,Average,Default Cost Category,"2 mil, 100MP, 58# PCK",TRUE,0.927011667,"3M Company, Inc. Converter Markets",3141,The Strouse Corporation,TRUE,0.927011667,,,5000 Cost of Goods,300000 Sales,13100 Inventory Asset,FALSE
19713,7300-W42,7300,Length Units,,Operations,Strouse-HQ,,Average,Default Cost Category,"Masking Film, Slit down from 48"", cross web perfed every 75.25"", printed on treated side "" This Side Up""",TRUE,0.04856,Corydon Converting Company,3665,The Strouse Corporation,TRUE,0.04856,,,5000 Cost of Goods,300000 Sales,13100 Inventory Asset,FALSE
19726,931-W3.1875,931,Length Units,,Operations,Strouse-HQ,,Average,Default Cost Category,White Transit Film,TRUE,0.038860647,American Biltrite,3238,The Strouse Corporation,TRUE,0.038860647,,,5000 Cost of Goods,300000 Sales,13100 Inventory Asset,FALSE
19731,931-W50.483,931,Length Units,,Operations,Strouse-HQ,,Average,Default Cost Category,White Transit Film,TRUE,0.591378788,American Biltrite,3238,The Strouse Corporation,TRUE,0.591378788,,,5000 Cost of Goods,300000 Sales,13100 Inventory Asset,FALSE
19733,7840HL-W9,7840HL,Length Units,,Operations,Strouse-HQ,,Average,Default Cost Category,"7840HL, PET,2.3 mil Matte White  Laser Imprintable, 310, 78# Clay coated liner",TRUE,0.42224,"3M Company, Inc. Converter Markets",3141,The Strouse Corporation,TRUE,0.42224,,,5000 Cost of Goods,300000 Sales,13100 Inventory Asset,FALSE
19734,500-W47.25,500,Length Units,,Operations,Strouse-HQ,,Average,Default Cost Category,Double coated PVC,TRUE,3.767621951,"Nitto America, Inc.",3256,The Strouse Corporation,TRUE,3.767621951,,,5000 Cost of Goods,300000 Sales,13100 Inventory Asset,FALSE
19742,9579-W0.5,9579,Length Units,,Operations,Strouse-HQ,,Average,Default Cost Category,"CSM - 9 mil, 700/745/760, D/C HPDE, 62# DK",TRUE,0,3M Medical Solutions Division,3645,The Strouse Corporation,TRUE,0,,,5000 Cost of Goods,300000 Sales,13100 Inventory Asset,FALSE
19743,9579-W0.92,9579,Length Units,,Operations,Strouse-HQ,,Average,Default Cost Category,"CSM - 9 mil, 700/745/760, D/C HPDE, 62# DK",TRUE,0,3M Medical Solutions Division,3645,The Strouse Corporation,TRUE,0,,,5000 Cost of Goods,300000 Sales,13100 Inventory Asset,FALSE
19754,Z250457-1,Z250457-1,"Each (Use for Boxes, Bags, Cores, Cases)",3,Operations,Strouse-HQ,,Average,Default Cost Category,"64 Hole Insert 18 5/8 x 18 5/8 x 0
D/C Non-Joined  ",TRUE,,Packaging Services of Maryland,4040,The Strouse Corporation,TRUE,,,,5000 Cost of Goods,300000 Sales,13100 Inventory Asset,FALSE
19757,PTFE-35S-W0.5,PTFE-35S,"Each (Use for Boxes, Bags, Cores, Cases)",3,Operations,Strouse-HQ,,Average,Default Cost Category,"PTFE-35S, 3.5 mil, White pipe thread seal tape, 100% Virgin",TRUE,0.000769231,Adhesive Tape Products,3237,The Strouse Corporation,TRUE,0.000769231,,,5000 Cost of Goods,300000 Sales,13100 Inventory Asset,FALSE
19767,583-W6,583,Length Units,,Operations,Strouse-HQ,,Average,Default Cost Category,"5.5 mil, 1200A, Thermo-Bond Film",TRUE,0.69198963,"3M Company, Inc. Converter Markets",3141,The Strouse Corporation,TRUE,0.69198963,,,5000 Cost of Goods,300000 Sales,13100 Inventory Asset,FALSE
19769,"12.5"" - Chevron Pouch Unprinted 202681 Rev A-W5.5","12.5"" - Chevron Pouch Unprinted 202681 Rev A","Each (Use for Boxes, Bags, Cores, Cases)",3,Operations,Strouse-HQ,,Average,Default Cost Category,"Chevron Pouch with 0.375"" Seal widths - Unprinted  5.5"" x 12.5""",TRUE,,SteriPax Incorporated,3395,The Strouse Corporation,TRUE,,,,5000 Cost of Goods,300000 Sales,13100 Inventory Asset,FALSE
19781,Printed Cartridge Label-W0.661,Printed Cartridge Label,"Each (Use for Boxes, Bags, Cores, Cases)",3,Operations,Strouse-HQ,,Average,Default Cost Category,"2 mil white polyester, 1 mil clear polyester lamination(3M 7816)",TRUE,0.037979491,Topflight Corporation,3651,The Strouse Corporation,TRUE,0.037979491,,,5000 Cost of Goods,300000 Sales,13100 Inventory Asset,FALSE
19785,KPT-1-W0.5,KPT-1,Length Units,,Operations,Strouse-HQ,,Average,Default Cost Category,1 mil Polyimide with silicone adhesive,TRUE,0.030092593,Adhesive Tape Products,3237,The Strouse Corporation,TRUE,0.030092593,,,5000 Cost of Goods,300000 Sales,13100 Inventory Asset,FALSE
19786,KPT-1-W1,KPT-1,Length Units,,Operations,Strouse-HQ,,Average,Default Cost Category,1 mil Polyimide with silicone adhesive,TRUE,0.044827586,Adhesive Tape Products,3237,The Strouse Corporation,TRUE,0.044827586,,,5000 Cost of Goods,300000 Sales,13100 Inventory Asset,FALSE
19791,DERMAFLEX V400 H White TC-348 H-566 Spec 50K-8-W8.57,DERMAFLEX V400 H White TC-348 H-566 Spec 50K-8,Length Units,,Operations,Strouse-HQ,,Average,Default Cost Category,DERMAFLEX V 400 H White TC-348 H-566 Spec 50K-8,TRUE,0.373309203,"FLEXcon Company, Inc.",3247,The Strouse Corporation,TRUE,0.373309203,,,5000 Cost of Goods,300000 Sales,13100 Inventory Asset,FALSE
19792,5915P-W2.125,5915P,Length Units,,Operations,Strouse-HQ,,Average,Default Cost Category,"16 mil, Acrylic foam tape, double-coated Black VHB paper liner",TRUE,1.255017593,"3M Company, Inc. Converter Markets",3141,The Strouse Corporation,TRUE,1.255017593,,,5000 Cost of Goods,300000 Sales,13100 Inventory Asset,FALSE
19796,DC-PEF06R - Special White 3.2 mil Liner-W60,DC-PEF06R - Special White 3.2 mil Liner,Length Units,,Operations,Strouse-HQ,,Average,Default Cost Category,"DC-PEF06R, Foam, 1/16” , White Foam DC Rubber, Special White 3.2 mil Liner ",TRUE,6.50462963,Adhesive Tape Products,3237,The Strouse Corporation,TRUE,6.50462963,,,5000 Cost of Goods,300000 Sales,13100 Inventory Asset,FALSE
19803,BH Tape (A135 Plus)-W7.75,BH Tape (A135 Plus),Length Units,,Operations,Strouse-HQ,,Average,Default Cost Category,"CSM - Medical Tape, 4 mil DC, A135 Plus ",TRUE,0,3M Medical Solutions Division,3645,The Strouse Corporation,TRUE,0,,,5000 Cost of Goods,300000 Sales,13100 Inventory Asset,FALSE
19804,BH Tape (A135 Plus)-W7,BH Tape (A135 Plus),Length Units,,Operations,Strouse-HQ,,Average,Default Cost Category,"CSM - Medical Tape, 4 mil DC, A135 Plus",TRUE,0,3M Medical Solutions Division,3645,The Strouse Corporation,TRUE,0,,,5000 Cost of Goods,300000 Sales,13100 Inventory Asset,FALSE
19821,60-W1,60,Length Units,,Operations,Strouse-HQ,,Average,Default Cost Category,"PTFE Film Electrical Tape 60 Translucent, Silicone Adhesive",TRUE,0.665408333,"3M Company, Inc. Converter Markets",3141,The Strouse Corporation,TRUE,0.665408333,,,5000 Cost of Goods,300000 Sales,13100 Inventory Asset,FALSE
19827,SAM-00089-W10,SAM-00089,Length Units,,Operations,Strouse-HQ,,Average,Default Cost Category,10 pt. C2S White Tag,TRUE,0.1701,The Griff Network,3251,The Strouse Corporation,TRUE,0.1701,,,5000 Cost of Goods,300000 Sales,13100 Inventory Asset,FALSE
19829,DS311-W39.37,DS311,Length Units,,Operations,Strouse-HQ,,Average,Default Cost Category,"Polyester, 9 mils, White/Black, Solar Backsheet",TRUE,0.893140244,Dunmore International Corporation,3358,The Strouse Corporation,TRUE,0.893140244,,,5000 Cost of Goods,300000 Sales,13100 Inventory Asset,FALSE
19851,1865-008500-W8.5,1865-008500,"Each (Use for Boxes, Bags, Cores, Cases)",3,Operations,Strouse-HQ,,Average,Default Cost Category,"3.020"" ID, 0.125"" REX Stock cores",TRUE,,"Yazoo Mills, Inc.",3272,The Strouse Corporation,TRUE,,,,5000 Cost of Goods,300000 Sales,13100 Inventory Asset,FALSE
19862,100AV-W2.375,100AV,Length Units,,Operations,Strouse-HQ,,Average,Default Cost Category,"1 mil Polyimide, No PSA",TRUE,0.12464,Kaneka North America – Apical Division,3252,The Strouse Corporation,TRUE,0.12464,,,5000 Cost of Goods,300000 Sales,13100 Inventory Asset,FALSE
19864,24S56W-Perf10-W8 - CatID-19864,24S56W-Perf10,Length Units,,Operations,Strouse-HQ,,Average,Default Cost Category,"White Protective Polyethylene, Perfed every 10""",TRUE,0.131875,"Pregis PolyMask, Inc.",4045,The Strouse Corporation,TRUE,0.131875,,,5000 Cost of Goods,300000 Sales,13100 Inventory Asset,FALSE
19870,9471LE-W6.45,9471LE,Length Units,,Operations,Strouse-HQ,,Average,Default Cost Category,"2 mil, 300LSE, 58#PCK",TRUE,0.306762973,"3M Company, Inc. Converter Markets",3141,The Strouse Corporation,TRUE,0.306762973,,,5000 Cost of Goods,300000 Sales,13100 Inventory Asset,FALSE
19871,060GM0074740SC025HC S7620060-W10,060GM0074740SC025HC S7620060,Length Units,,Operations,Strouse-HQ,,Average,Default Cost Category,"Kraft Label Stock, 747 adhesive, Green Bay",TRUE,0.12792,Green Bay Packaging Inc.,3250,The Strouse Corporation,TRUE,0.12792,,,5000 Cost of Goods,300000 Sales,13100 Inventory Asset,FALSE
19879,51825C-W48,51825C,Length Units,,Operations,Strouse-HQ,,Average,Default Cost Category,5 mil Clear Polymask,TRUE,0.89638,"Pregis PolyMask, Inc.",4045,The Strouse Corporation,TRUE,0.89638,,,5000 Cost of Goods,300000 Sales,13100 Inventory Asset,FALSE
19881,4317-001000-W1,4317-001000,"Each (Use for Boxes, Bags, Cores, Cases)",3,Operations,Strouse-HQ,,Average,Default Cost Category,"3.020"" ID, 0.125"" REX Tape, Strouse liner, Parch cover",TRUE,,"Yazoo Mills, Inc.",3272,The Strouse Corporation,TRUE,,,,5000 Cost of Goods,300000 Sales,13100 Inventory Asset,FALSE
19883,5962P-W6.25,5962P,Length Units,,Operations,Strouse-HQ,,Average,Default Cost Category,"62 mil, D/C Black Acrylic Foam, VHB",TRUE,4.542939815,"3M Company, Inc. Converter Markets",3141,The Strouse Corporation,TRUE,4.542939815,,,5000 Cost of Goods,300000 Sales,13100 Inventory Asset,FALSE
19891,130002-W9.25,130002,Length Units,,Operations,Strouse-HQ,,Average,Default Cost Category,"Hydrocolloid, 130002, .020"" thick , medium tack with 66# C1S A1000 liner ",TRUE,2.448170732,Amparo Medical,3388,The Strouse Corporation,TRUE,2.448170732,,,5000 Cost of Goods,300000 Sales,13100 Inventory Asset,FALSE
19901,"7333 - Jumbo - 50"" Usable-W50","7333 - Jumbo - 50"" Usable",Length Units,,Operations,Strouse-HQ,,Average,Default Cost Category,"7333 Protective film, high tack",TRUE,0.22968,American Biltrite,3238,The Strouse Corporation,TRUE,0.22968,,,5000 Cost of Goods,300000 Sales,13100 Inventory Asset,FALSE
19905,Q100 (FRA-3307)-W2.75,Q100 (FRA-3307),Length Units,,Operations,Strouse-HQ,,Average,Default Cost Category,2 mil Clear Polyester S1S Premium Release Liner,TRUE,0.017358,Fox River Associates,4046,The Strouse Corporation,TRUE,0.017358,,,5000 Cost of Goods,300000 Sales,13100 Inventory Asset,FALSE
19910,25A25C-W6,25A25C,Length Units,,Operations,Strouse-HQ,,Average,Default Cost Category,"25A25C, 2.5 mil Clear  Protective Film",TRUE,0.071733333,"Pregis PolyMask, Inc.",4045,The Strouse Corporation,TRUE,0.071733333,,,5000 Cost of Goods,300000 Sales,13100 Inventory Asset,FALSE
19919,4951-W2.5,4951,Length Units,,Operations,Strouse-HQ,,Average,Default Cost Category,"45 mil, VHB, White",TRUE,2.307599074,"3M Company, Inc. Converter Markets",3141,The Strouse Corporation,TRUE,2.307599074,,,5000 Cost of Goods,300000 Sales,13100 Inventory Asset,FALSE
19920,3 mil Polyester Item# 12263-W48,3 mil Polyester Item# 12263,Length Units,,Operations,Strouse-HQ,,Average,Default Cost Category,"Polyester, 3 mil Clear (Un-treated)",TRUE,0.269912,Technicote (Sil-Tech),3263,The Strouse Corporation,TRUE,0.269912,,,5000 Cost of Goods,300000 Sales,13100 Inventory Asset,FALSE
19923,Roscolux 94-W20,Roscolux 94,"Each (Use for Boxes, Bags, Cores, Cases)",3,Operations,Strouse-HQ,,Average,Default Cost Category,"Poly Sheet, Kelly Green, Roscolux 94",TRUE,0.299583333,Parlights. Inc.,3337,The Strouse Corporation,TRUE,0.299583333,,,5000 Cost of Goods,300000 Sales,13100 Inventory Asset,FALSE
19924,4919F-W12,4919F,Length Units,,Operations,Strouse-HQ,,Average,Default Cost Category,"4919F, Closed-cell Acrylic Foam Tape, 25 mil, Double coated, Pressure Sensitive ",TRUE,10.99237824,"3M Company, Inc. Converter Markets",3141,The Strouse Corporation,TRUE,10.99237824,,,5000 Cost of Goods,300000 Sales,13100 Inventory Asset,FALSE
19925,5952-W6.5,5952,Length Units,,Operations,Strouse-HQ,,Average,Default Cost Category,"45 mil, D/C Acrylic Foam, VHB Black",TRUE,5.536388889,"3M Company, Inc. Converter Markets",3141,The Strouse Corporation,TRUE,5.536388889,,,5000 Cost of Goods,300000 Sales,13100 Inventory Asset,FALSE
19934,54 Lb. C2S-W1.5,54 Lb. C2S,Length Units,,Operations,Strouse-HQ,,Average,Default Cost Category,"Liner, 54#,C2S Premium Release, Natural",TRUE,0.006778777,"Channeled Resources, Inc. (GMC Coatings)",3277,The Strouse Corporation,TRUE,0.006778777,,,5000 Cost of Goods,300000 Sales,13100 Inventory Asset,FALSE
19935,3 mil Polyester-W8,3 mil Polyester,Length Units,,Operations,Strouse-HQ,,Average,Default Cost Category,"Polyester, 3 mil Clear (Un-treated)",TRUE,0.3936,TEAM Plastics,3304,The Strouse Corporation,TRUE,0.3936,,,5000 Cost of Goods,300000 Sales,13100 Inventory Asset,FALSE
19937,S1001-W4,S1001,Length Units,,Operations,Strouse-HQ,,Average,Default Cost Category,Silicone Transfer Tape - 2 mil,TRUE,0.948888889,Adhesive Applications,3312,The Strouse Corporation,TRUE,0.948888889,,,5000 Cost of Goods,300000 Sales,13100 Inventory Asset,FALSE
19949,3195C/EZ-W10,3195C/EZ,Length Units,,Operations,Strouse-HQ,,Average,Default Cost Category,"3195C/EZ, 3 mil, Clear  Protective Film",TRUE,0.17454,"Pregis PolyMask, Inc.",4045,The Strouse Corporation,TRUE,0.17454,,,5000 Cost of Goods,300000 Sales,13100 Inventory Asset,FALSE
19975,31804C-W16,31804C,Length Units,,Operations,Strouse-HQ,,Average,Default Cost Category,31804C Protective Film,TRUE,0.16282,"Pregis PolyMask, Inc.",4045,The Strouse Corporation,TRUE,0.16282,,,5000 Cost of Goods,300000 Sales,13100 Inventory Asset,FALSE
19976,401+-W1.889,401+,Length Units,,Operations,Strouse-HQ,,Average,Default Cost Category,Green Performance Masking ,TRUE,0.002224869,"3M Company, Inc. Converter Markets",3141,The Strouse Corporation,TRUE,0.002224869,,,5000 Cost of Goods,300000 Sales,13100 Inventory Asset,FALSE
19987,HDPE 12 mil Natural-W5.125,HDPE 12 mil Natural,Length Units,,Operations,Strouse-HQ,,Average,Default Cost Category,".012"" Polyethylene, Natural HDPE SWS - Corona Treated",TRUE,0.076176,Bostik Inc. ,3376,The Strouse Corporation,TRUE,0.076176,,,5000 Cost of Goods,300000 Sales,13100 Inventory Asset,FALSE
19992,204149-C-W5.5,204149-C,"Each (Use for Boxes, Bags, Cores, Cases)",3,Operations,Strouse-HQ,,Average,Default Cost Category,"9.5"" x 5.5"" printed 2 colors,Black and PMS10220C Zeltiq artwork number 204249-C, label drawing 204149-C",TRUE,,SteriPax Incorporated,3395,The Strouse Corporation,TRUE,,,,5000 Cost of Goods,300000 Sales,13100 Inventory Asset,FALSE
19995,FLX51117-W54,FLX51117,Length Units,,Operations,Strouse-HQ,,Average,Default Cost Category,"Silicone adhesive, 1 mil T, FLEXcon SA6101 LR",TRUE,9.4608,"FLEXcon Company, Inc.",3247,The Strouse Corporation,TRUE,9.4608,,,5000 Cost of Goods,300000 Sales,13100 Inventory Asset,FALSE
19999,KPT-2-W19.7,KPT-2,Length Units,,Operations,Strouse-HQ,,Average,Default Cost Category,"KPT-2, 2 mil Polyimide tape with Silicone adhesive.",TRUE,1.259259259,Adhesive Tape Products,3237,The Strouse Corporation,TRUE,1.259259259,,,5000 Cost of Goods,300000 Sales,13100 Inventory Asset,FALSE
20001,373 Blue-W1.889,373 Blue,Length Units,,Operations,Strouse-HQ,,Average,Default Cost Category,2.5 mil Blue P/P Box Sealing   48mm X 50M,TRUE,0.025280488,"3M Company, Inc. Converter Markets",3141,The Strouse Corporation,TRUE,0.025280488,,,5000 Cost of Goods,300000 Sales,13100 Inventory Asset,FALSE
20006,205535-B-W5.5,205535-B,"Each (Use for Boxes, Bags, Cores, Cases)",3,Operations,Strouse-HQ,,Average,Default Cost Category,"12.5"" x 5.5"" printed 2 colors, Zeltiq part number 205536-B, Strouse part number 205535-B",TRUE,,SteriPax Incorporated,3395,The Strouse Corporation,TRUE,,,,5000 Cost of Goods,300000 Sales,13100 Inventory Asset,FALSE
20013,3302-W4,3302,Length Units,,Operations,Strouse-HQ,,Average,Default Cost Category,"3302, Conductive Aluminum Foil Tape",TRUE,0.956425,"3M Company, Inc. Converter Markets",3141,The Strouse Corporation,TRUE,0.956425,,,5000 Cost of Goods,300000 Sales,13100 Inventory Asset,FALSE
20020,P-672 Black 101991-W3,P-672 Black 101991,Length Units,,Operations,Strouse-HQ,,Average,Default Cost Category,"P-672, Industrial grade coated cloth tape, Waterproof, High tensile strength, 14 mil thick ",TRUE,0.236222222,"Shurtape Technologies, LLC",3259,The Strouse Corporation,TRUE,0.236222222,,,5000 Cost of Goods,300000 Sales,13100 Inventory Asset,FALSE
20022,ECG-8055H-W19.685,ECG-8055H,Length Units,,Operations,Strouse-HQ,,Average,Default Cost Category,"ECG-8055H, Electronically conductive Cushioning Gasket",TRUE,14.11323171,"3M Company, Inc. Converter Markets",3141,The Strouse Corporation,TRUE,14.11323171,,,5000 Cost of Goods,300000 Sales,13100 Inventory Asset,FALSE
20028,93010LE-W6,93010LE,Length Units,,Operations,Strouse-HQ,,Average,Default Cost Category,"93010LE, 3.9 mil, D/C PET, 300LSE, 58#PCK",TRUE,0.319471111,"3M Company, Inc. Converter Markets",3141,The Strouse Corporation,TRUE,0.319471111,,,5000 Cost of Goods,300000 Sales,13100 Inventory Asset,FALSE
20029,8067-W2,8067,Length Units,,Operations,Strouse-HQ,,Average,Default Cost Category,"8067, Tape, All Weather Flashing Tape, Tan with a back scored liner",TRUE,0.1412,"3M Company, Inc. Converter Markets",3141,The Strouse Corporation,TRUE,0.1412,,,5000 Cost of Goods,300000 Sales,13100 Inventory Asset,FALSE
20043,CO404-W20,CO404,Length Units,,Operations,Strouse-HQ,,Average,Default Cost Category,Blue Splicing Tape - LOG,TRUE,0.706944444,Tapeworks,4043,The Strouse Corporation,TRUE,0.706944444,,,5000 Cost of Goods,300000 Sales,13100 Inventory Asset,FALSE
20049,4929-W3.75,4929,Length Units,,Operations,Strouse-HQ,,Average,Default Cost Category,"Foam, 25 mil, VHB, double coated black",TRUE,3.937552315,"3M Company, Inc. Converter Markets",3141,The Strouse Corporation,TRUE,3.937552315,,,5000 Cost of Goods,300000 Sales,13100 Inventory Asset,FALSE
20051,53 Lb. C2S BG0/BG0-W6,53 Lb. C2S BG0/BG0,Length Units,,Operations,Strouse-HQ,,Average,Default Cost Category,3.2 mil 53 lb. Easy Release Liner C2S (Easy/Easy),TRUE,0.02376,"Channeled Resources, Inc. (GMC Coatings)",3277,The Strouse Corporation,TRUE,0.02376,,,5000 Cost of Goods,300000 Sales,13100 Inventory Asset,FALSE
20052,HP 460 - Clear ID# 129483-W10.5,HP 460 - Clear ID# 129483,Length Units,,Operations,Strouse-HQ,,Average,Default Cost Category,"HP 460, 2.5 mil , BOPP tape Top side printable ",TRUE,0.017992664,"Shurtape Technologies, LLC",3259,The Strouse Corporation,TRUE,0.017992664,,,5000 Cost of Goods,300000 Sales,13100 Inventory Asset,FALSE
20053,SJ3526N-W1 - CatID-20053,SJ3526N,Length Units,,Operations,Strouse-HQ,,Average,Default Cost Category,"SJ3526N, Hook, 1” x 50 yards, black, Hi Performance PSA",TRUE,0.90852,"3M Company, Inc. Converter Markets",3141,The Strouse Corporation,TRUE,0.90852,,,5000 Cost of Goods,300000 Sales,13100 Inventory Asset,FALSE
20054,SJ3527N-W1 - CatID-20054,SJ3527N,Length Units,,Operations,Strouse-HQ,,Average,Default Cost Category,"SJ3527N, Loop, Black, Hi Performance PSA",TRUE,0.958488667,"3M Company, Inc. Converter Markets",3141,The Strouse Corporation,TRUE,0.958488667,,,5000 Cost of Goods,300000 Sales,13100 Inventory Asset,FALSE
20058,4317-00550W-W5.5,4317-00550W,"Each (Use for Boxes, Bags, Cores, Cases)",3,Operations,Strouse-HQ,,Average,Default Cost Category,"3.020"" ID, 0.125"" REX Tape, White liner, Parch cover",TRUE,,"Yazoo Mills, Inc.",3272,The Strouse Corporation,TRUE,,,,5000 Cost of Goods,300000 Sales,13100 Inventory Asset,FALSE
20059,2477P-W2.75,2477P,Length Units,,Operations,Strouse-HQ,,Average,Default Cost Category,"Tape, D/C Silicone/ Acrylic Medical Tape 2477P",TRUE,0.448604091,"3M Company, Inc. Converter Markets",3141,The Strouse Corporation,TRUE,0.448604091,,,5000 Cost of Goods,300000 Sales,13100 Inventory Asset,FALSE
20060,2476P-W3.75,2476P,Length Units,,Operations,Strouse-HQ,,Average,Default Cost Category,"2476P, Spunlace Polyester nonwoven Tape with Silicone adhesive",TRUE,0.491805,"3M Company, Inc. Converter Markets",3141,The Strouse Corporation,TRUE,0.491805,,,5000 Cost of Goods,300000 Sales,13100 Inventory Asset,FALSE
20075,TC-250B-W5,TC-250B,Length Units,,Operations,Strouse-HQ,,Average,Default Cost Category,TC-250B Thermally Conductive Adhesive Tape,TRUE,2.8908,PPI Adhesive Products Corp,3403,The Strouse Corporation,TRUE,2.8908,,,5000 Cost of Goods,300000 Sales,13100 Inventory Asset,FALSE
20090,1529-W10,1529,Length Units,,Operations,Strouse-HQ,,Average,Default Cost Category,"1529, White Printable Rayon Nonwoven Medical tape",TRUE,0.428962667,"3M Company, Inc. Converter Markets",3141,The Strouse Corporation,TRUE,0.428962667,,,5000 Cost of Goods,300000 Sales,13100 Inventory Asset,FALSE
20091,5100-85-W48,5100-85,Length Units,,Operations,Strouse-HQ,,Average,Default Cost Category,"CSM - 3M 5100-85, Scotchlite Reflective Film, Black ",TRUE,0,Tidewater Valve and Fitting,3574,The Strouse Corporation,TRUE,0,,,5000 Cost of Goods,300000 Sales,13100 Inventory Asset,FALSE
20092,1529-W8,1529,Length Units,,Operations,Strouse-HQ,,Average,Default Cost Category,"1529, White Printable Rayon Nonwoven Medical tape",TRUE,0.34317,"3M Company, Inc. Converter Markets",3141,The Strouse Corporation,TRUE,0.34317,,,5000 Cost of Goods,300000 Sales,13100 Inventory Asset,FALSE
20093,3302-W2,3302,Length Units,,Operations,Strouse-HQ,,Average,Default Cost Category,"3302, Conductive Aluminum Foil Tape",TRUE,0.669386111,"3M Company, Inc. Converter Markets",3141,The Strouse Corporation,TRUE,0.669386111,,,5000 Cost of Goods,300000 Sales,13100 Inventory Asset,FALSE
20102,1522-W4,1522,Length Units,,Operations,Strouse-HQ,,Average,Default Cost Category,"1522, Tape, 6.3 mil D/C transparent polyethylene, 80#, Medical",TRUE,0.331855556,"3M Company, Inc. Converter Markets",3141,The Strouse Corporation,TRUE,0.331855556,,,5000 Cost of Goods,300000 Sales,13100 Inventory Asset,FALSE
20103,19298-W8.625,19298,Length Units,,Operations,Strouse-HQ,,Average,Default Cost Category,"Litho, matte with AT-20  #19298",TRUE,0.077625,Fasson / Avery Dennison Label & Packaging Materials     (acct. 5387),3246,The Strouse Corporation,TRUE,0.077625,,,5000 Cost of Goods,300000 Sales,13100 Inventory Asset,FALSE
20108,3903 Red-W49,3903 Red,Length Units,,Operations,Strouse-HQ,,Average,Default Cost Category,"3903, Tape, Red Vinyl  Embossed Duct",TRUE,0.75852,"3M Company, Inc. Converter Markets",3141,The Strouse Corporation,TRUE,0.75852,,,5000 Cost of Goods,300000 Sales,13100 Inventory Asset,FALSE
20112,EE12 LtB-W5.9,EE12 LtB,Length Units,,Operations,Strouse-HQ,,Average,Default Cost Category,"EE12, printable film tape. Light Blue",TRUE,0.087878788,Elliott Group International,3344,The Strouse Corporation,TRUE,0.087878788,,,5000 Cost of Goods,300000 Sales,13100 Inventory Asset,FALSE
20114,5930P-W6,5930P,Length Units,,Operations,Strouse-HQ,,Average,Default Cost Category,"5930P,Foam, .032, D/C Black Acrylic , VHB ",TRUE,4.973233796,"3M Company, Inc. Converter Markets",3141,The Strouse Corporation,TRUE,4.973233796,,,5000 Cost of Goods,300000 Sales,13100 Inventory Asset,FALSE
20116,8671-W2,8671,Length Units,,Operations,Strouse-HQ,,Average,Default Cost Category,"8671, 14 mil, Polyurethane Protective, acrylic, linered",TRUE,1.256666667,"3M Company, Inc. Converter Markets",3141,The Strouse Corporation,TRUE,1.256666667,,,5000 Cost of Goods,300000 Sales,13100 Inventory Asset,FALSE
20117,7246-W54,7246,Length Units,,Operations,Strouse-HQ,,Average,Default Cost Category,"7246, Label Stock, 2.2 mil White Matte PET, TT3, 350, 40# DK",TRUE,2.681877,"3M Company, Inc. Converter Markets",3141,The Strouse Corporation,TRUE,2.681877,,,5000 Cost of Goods,300000 Sales,13100 Inventory Asset,FALSE
20122,W10002-W28,W10002,Length Units,,Operations,Strouse-HQ,,Average,Default Cost Category,"W10002 Fluorosilicone Release Liner, Polyester, Easy Release ",TRUE,0.7,"Adhesives Research, Inc.",3301,The Strouse Corporation,TRUE,0.7,,,5000 Cost of Goods,300000 Sales,13100 Inventory Asset,FALSE
20127,69-W1,69,Length Units,,Operations,Strouse-HQ,,Average,Default Cost Category,"Electrical Glass Cloth Tape, 7 mil White with Silicone Adhesive (Linerless)",TRUE,0.10669946,"3M Company, Inc. Converter Markets",3141,The Strouse Corporation,TRUE,0.10669946,,,5000 Cost of Goods,300000 Sales,13100 Inventory Asset,FALSE
20128,5702-W2,5702,Length Units,,Operations,Strouse-HQ,,Average,Default Cost Category,"5702, Tape, Black & Yellow Safety Stripe ",TRUE,0.355044444,"3M Company, Inc. Converter Markets",3141,The Strouse Corporation,TRUE,0.355044444,,,5000 Cost of Goods,300000 Sales,13100 Inventory Asset,FALSE
20133,8172CL-W12,8172CL,Length Units,,Operations,Strouse-HQ,,Average,Default Cost Category,"8172CL,12"",  2 mil Transfer Tape, Double linered laminating adhesive, optically clear ",TRUE,1.255555556,"3M Company, Inc. Converter Markets",3141,The Strouse Corporation,TRUE,1.255555556,,,5000 Cost of Goods,300000 Sales,13100 Inventory Asset,FALSE
20135,5423-W6,5423,Length Units,,Operations,Strouse-HQ,,Average,Default Cost Category,"5423, 10 mil, UHMW, Clear PE Tape",TRUE,6.711666667,"3M Company, Inc. Converter Markets",3141,The Strouse Corporation,TRUE,6.711666667,,,5000 Cost of Goods,300000 Sales,13100 Inventory Asset,FALSE
20144,8212-W2.5,8212,Length Units,,Operations,Strouse-HQ,,Average,Default Cost Category,"8212 OCA, 2 mil Transfer Tape, Double linered laminating adhesive, optically clear",TRUE,0.213685185,"3M Company, Inc. Converter Markets",3141,The Strouse Corporation,TRUE,0.213685185,,,5000 Cost of Goods,300000 Sales,13100 Inventory Asset,FALSE
20149,FM01N-W3,FM01N,Length Units,,Operations,Strouse-HQ,,Average,Default Cost Category,"FM01N, Overlaminate Label Materials, Clear Polyester NTC",TRUE,0.047032,"3M Company, Inc. Converter Markets",3141,The Strouse Corporation,TRUE,0.047032,,,5000 Cost of Goods,300000 Sales,13100 Inventory Asset,FALSE
20150,FP016902-W3,FP016902,Length Units,,Operations,Strouse-HQ,,Average,Default Cost Category,"FP016902 Removable Label Materials, 0.0023 White Polypropylene TC2S",TRUE,0.064451375,"3M Company, Inc. Converter Markets",3141,The Strouse Corporation,TRUE,0.064451375,,,5000 Cost of Goods,300000 Sales,13100 Inventory Asset,FALSE
20151,FRA 312 (Q200)-W3,FRA 312 (Q200),Length Units,,Operations,Strouse-HQ,,Average,Default Cost Category,"Liner, 2 mil Q200, polyester clear, S1S Easy - Medium ",TRUE,0.019872,Fox River Associates,4046,The Strouse Corporation,TRUE,0.019872,,,5000 Cost of Goods,300000 Sales,13100 Inventory Asset,FALSE
20163,3743-W2.83,3743,Length Units,,Operations,Strouse-HQ,,Average,Default Cost Category,"3743 Clear carton sealing tape. 1.6 mil film, ",TRUE,0.05192622,"3M Company, Inc. Converter Markets",3141,The Strouse Corporation,TRUE,0.05192622,,,5000 Cost of Goods,300000 Sales,13100 Inventory Asset,FALSE
20170,4701-40-20062-04-W54,4701-40-20062-04,Length Units,,Operations,Strouse-HQ,,Average,Default Cost Category,"Foam, Poron, 1/16"", 4701-40-20062-04",TRUE,8.50503268,Stockwell Elastomerics,3335,The Strouse Corporation,TRUE,8.50503268,,,5000 Cost of Goods,300000 Sales,13100 Inventory Asset,FALSE
20175,9415PC-W2.5,9415PC,Length Units,,Operations,Strouse-HQ,,Average,Default Cost Category,"2 mil, 400/1000, 78# PCK (differential adh.)",TRUE,0.332881462,"3M Company, Inc. Converter Markets",3141,The Strouse Corporation,TRUE,0.332881462,,,5000 Cost of Goods,300000 Sales,13100 Inventory Asset,FALSE
20177,4955-W1.5,4955,Length Units,,Operations,Strouse-HQ,,Average,Default Cost Category,"4955, Foam, 80 mil, VHB, double coated white",TRUE,1.970528704,"3M Company, Inc. Converter Markets",3141,The Strouse Corporation,TRUE,1.970528704,,,5000 Cost of Goods,300000 Sales,13100 Inventory Asset,FALSE
20179,9019-W54,9019,Length Units,,Operations,Strouse-HQ,,Average,Default Cost Category,"9019, Tape, 1.1 mil, D/C PET, 300, 55# DK",TRUE,3.549518519,"3M Company, Inc. Converter Markets",3141,The Strouse Corporation,TRUE,3.549518519,,,5000 Cost of Goods,300000 Sales,13100 Inventory Asset,FALSE
20187,53 Lb. C2S BG0-BG0-W3.25,53 Lb. C2S BG0-BG0,Length Units,,Operations,Strouse-HQ,,Average,Default Cost Category,3.2 mil 53 lb. Easy Release Liner C2S (Easy/Easy),TRUE,,"Channeled Resources, Inc. (GMC Coatings)",3277,The Strouse Corporation,TRUE,,,,5000 Cost of Goods,300000 Sales,13100 Inventory Asset,FALSE
20191,8901-W2.25,8901,Length Units,,Operations,Strouse-HQ,,Average,Default Cost Category,"Blue Polyester Tape, Silicone adhesive",TRUE,0.217680093,"3M Company, Inc. Converter Markets",3141,The Strouse Corporation,TRUE,0.217680093,,,5000 Cost of Goods,300000 Sales,13100 Inventory Asset,FALSE
20193,62855-W48.82,62855,Length Units,,Operations,Strouse-HQ,,Average,Default Cost Category,"62855, 35.43mils Double-sided PE foam tape",TRUE,7.575262508,Tesa Tape,4044,The Strouse Corporation,TRUE,7.575262508,,,5000 Cost of Goods,300000 Sales,13100 Inventory Asset,FALSE
20213,SO#65151-W28,SO#65151,Length Units,,Operations,Strouse-HQ,,Average,Default Cost Category,"3 mil Single wound sheeting, treated to 40 dyne, ""Easy Split 3"" Spec",TRUE,0.1437408,Brentwood Plastics,4047,The Strouse Corporation,TRUE,0.1437408,,,5000 Cost of Goods,300000 Sales,13100 Inventory Asset,FALSE
20214,5908-W10,5908,Length Units,,Operations,Strouse-HQ,,Average,Default Cost Category,"5908, VHB Tape .010"" Black foam",TRUE,3.2568,"3M Company, Inc. Converter Markets",3141,The Strouse Corporation,TRUE,3.2568,,,5000 Cost of Goods,300000 Sales,13100 Inventory Asset,FALSE
20215,23120-W10.25,23120,Length Units,,Operations,Strouse-HQ,,Average,Default Cost Category,"Polyester, 2 mil, NEXgen Thermfilm matte silver. acrylic PSA 50# Semi-Bleached Kraft Liner",TRUE,0.29643,"FLEXcon Company, Inc.",3247,The Strouse Corporation,TRUE,0.29643,,,5000 Cost of Goods,300000 Sales,13100 Inventory Asset,FALSE
20217,23120-W54,23120,Length Units,,Operations,Strouse-HQ,,Average,Default Cost Category,"Polyester, 2 mil, NEXgen Thermfilm matte silver. acrylic PSA 50# Semi-Bleached Kraft Liner",TRUE,1.20528,"FLEXcon Company, Inc.",3247,The Strouse Corporation,TRUE,1.20528,,,5000 Cost of Goods,300000 Sales,13100 Inventory Asset,FALSE
20218,19298-W6,19298,Length Units,,Operations,Strouse-HQ,,Average,Default Cost Category,"Litho, matte with AT-20  #19298",TRUE,0.062423993,Fasson / Avery Dennison Label & Packaging Materials     (acct. 5387),3246,The Strouse Corporation,TRUE,0.062423993,,,5000 Cost of Goods,300000 Sales,13100 Inventory Asset,FALSE
20219,Q100 (FRA-3307)-W4.75,Q100 (FRA-3307),Length Units,,Operations,Strouse-HQ,,Average,Default Cost Category,2 mil Clear Polyester S1S Premium Release Liner,TRUE,0.029982,Fox River Associates,4046,The Strouse Corporation,TRUE,0.029982,,,5000 Cost of Goods,300000 Sales,13100 Inventory Asset,FALSE
20220,25A29C-W48 - CatID-20220,25A29C,Length Units,,Operations,Strouse-HQ,,Average,Default Cost Category,2.5 mil Clear Protective Film,TRUE,0.55745,"Pregis PolyMask, Inc.",4045,The Strouse Corporation,TRUE,0.55745,,,5000 Cost of Goods,300000 Sales,13100 Inventory Asset,FALSE
20227,3317A01257A_C,3317A01257A_C,"Each (Use for Boxes, Bags, Cores, Cases)",3,Operations,Strouse-HQ,,Average,Default Cost Category,"Tray - Reg.
24pt, White un-printed, Medium Ring Carton - Advantage",TRUE,0.375,Menasha Packaging Company,4049,The Strouse Corporation,TRUE,0.375,,,5000 Cost of Goods,300000 Sales,13100 Inventory Asset,FALSE
20231,540920178-W9,540920178,Length Units,,Operations,Strouse-HQ,,Average,Default Cost Category,"Thermal Transfer Litho, Transtherm 1C, S2550 ",TRUE,0.051084,Fasson / Avery Dennison Label & Packaging Materials     (acct. 5387),3246,The Strouse Corporation,TRUE,0.051084,,,5000 Cost of Goods,300000 Sales,13100 Inventory Asset,FALSE
20233,RBL# 432-W18,RBL# 432,Length Units,,Operations,Strouse-HQ,,Average,Default Cost Category,"432, Collision Wrap Film",TRUE,0.2997,"RBL Products, Inc.",3412,The Strouse Corporation,TRUE,0.2997,,,5000 Cost of Goods,300000 Sales,13100 Inventory Asset,FALSE
20237,9701-W4,9701,Length Units,,Operations,Strouse-HQ,,Average,Default Cost Category,CoTran 9701 Backing Polyurethane Film,TRUE,0.578987121,"3M Company, Inc. Converter Markets",3141,The Strouse Corporation,TRUE,0.578987121,,,5000 Cost of Goods,300000 Sales,13100 Inventory Asset,FALSE
20238,HDPE 12 mil Natural-W22,HDPE 12 mil Natural,Length Units,,Operations,Strouse-HQ,,Average,Default Cost Category,".012"" Polyethylene, Natural HDPE SWS - Corona Treated",TRUE,0.235076,Bostik Inc. ,3376,The Strouse Corporation,TRUE,0.235076,,,5000 Cost of Goods,300000 Sales,13100 Inventory Asset,FALSE
20249,SJ3572 BL HK-W2,SJ3572 BL HK,Length Units,,Operations,Strouse-HQ,,Average,Default Cost Category,"CSM - Hook, BLACK, Hi Performance & Temp, VHB PSA",TRUE,0,3M CHIM Mfg,3679,The Strouse Corporation,TRUE,0,,,5000 Cost of Goods,300000 Sales,13100 Inventory Asset,FALSE
20250,SJ3571 BL LP-W2,SJ3571 BL LP,Length Units,,Operations,Strouse-HQ,,Average,Default Cost Category,"CSM - Loop, BLACK, Hi Performance & Temp, VHB PSA",TRUE,0,3M CHIM Mfg,3679,The Strouse Corporation,TRUE,0,,,5000 Cost of Goods,300000 Sales,13100 Inventory Asset,FALSE
20256,060GM0074740SC025HC S7620060-W7,060GM0074740SC025HC S7620060,Length Units,,Operations,Strouse-HQ,,Average,Default Cost Category,"Kraft Label Stock, 747 adhesive, Green Bay",TRUE,0.089544,Green Bay Packaging Inc.,3250,The Strouse Corporation,TRUE,0.089544,,,5000 Cost of Goods,300000 Sales,13100 Inventory Asset,FALSE
20261,PP-800-W0.75,PP-800,Length Units,,Operations,Strouse-HQ,,Average,Default Cost Category,"Polypropylene,PP-800 Heavy Duty Tensilized Black P/P on PLASTIC CORE",TRUE,0.0105,Adhesive Tape Products,3237,The Strouse Corporation,TRUE,0.0105,,,5000 Cost of Goods,300000 Sales,13100 Inventory Asset,FALSE
20262,EE12 R-W5.9,EE12 R,Length Units,,Operations,Strouse-HQ,,Average,Default Cost Category,"EE12, printable film tape. Red",TRUE,0.07319697,Elliott Group International,3344,The Strouse Corporation,TRUE,0.07319697,,,5000 Cost of Goods,300000 Sales,13100 Inventory Asset,FALSE
20264,9460PC-W2,9460PC,Length Units,,Operations,Strouse-HQ,,Average,Default Cost Category,"2 mil, 100MP, 58# PCK Adhesive Transfer Tape",TRUE,0.241081797,"3M Company, Inc. Converter Markets",3141,The Strouse Corporation,TRUE,0.241081797,,,5000 Cost of Goods,300000 Sales,13100 Inventory Asset,FALSE
20266,23120-W2.75,23120,Length Units,,Operations,Strouse-HQ,,Average,Default Cost Category,"Polyester, 2 mil, NEXgen Thermfilm matte silver. acrylic PSA 50# Semi-Bleached Kraft Liner",TRUE,0.07953,"FLEXcon Company, Inc.",3247,The Strouse Corporation,TRUE,0.07953,,,5000 Cost of Goods,300000 Sales,13100 Inventory Asset,FALSE
20272,62932-60021-00-W54,62932-60021-00,Length Units,,Operations,Strouse-HQ,,Average,Default Cost Category,"62932, Black, 19.7 mil T, Double sided PE Foam Tape",TRUE,8.816121212,Tesa Tape,4044,The Strouse Corporation,TRUE,8.816121212,,,5000 Cost of Goods,300000 Sales,13100 Inventory Asset,FALSE
20273,SJ3572 WH HK-W2,SJ3572 WH HK,Length Units,,Operations,Strouse-HQ,,Average,Default Cost Category,"CSM - Hook, WHITE, Hi Performance & Temp, VHB PSA",TRUE,0,3M CHIM Mfg,3679,The Strouse Corporation,TRUE,0,,,5000 Cost of Goods,300000 Sales,13100 Inventory Asset,FALSE
20274,SJ3571 WH LP-W2,SJ3571 WH LP,Length Units,,Operations,Strouse-HQ,,Average,Default Cost Category,"CSM - Loop, WHITE, Hi Performance & Temp, VHB PSA",TRUE,0,3M CHIM Mfg,3679,The Strouse Corporation,TRUE,0,,,5000 Cost of Goods,300000 Sales,13100 Inventory Asset,FALSE
20276,"Special, A-454 400 Poly H9 Silicone Side Up-W10","Special, A-454 400 Poly H9 Silicone Side Up",Length Units,,Operations,Strouse-HQ,,Average,Default Cost Category,"Soft Anvil, Special, A-454 400 Poly H9 Silicone Side Up",TRUE,0.3516,"FLEXcon Company, Inc.",3247,The Strouse Corporation,TRUE,0.3516,,,5000 Cost of Goods,300000 Sales,13100 Inventory Asset,FALSE
20277,Z246070-1,Z246070-1,"Each (Use for Boxes, Bags, Cores, Cases)",3,Operations,Strouse-HQ,,Average,Default Cost Category,"20 7/8 X 20 X 26
44ECT-SW",TRUE,,Packaging Services of Maryland,4040,The Strouse Corporation,TRUE,,,,5000 Cost of Goods,300000 Sales,13100 Inventory Asset,FALSE
20278,77150,77150,"Each (Use for Boxes, Bags, Cores, Cases)",3,Operations,Strouse-HQ,,Average,Default Cost Category,"20 3/4 X 16 3/4 X 26
44ECT-SW",TRUE,,BCI - Allsize Division,3334,The Strouse Corporation,TRUE,,,,5000 Cost of Goods,300000 Sales,13100 Inventory Asset,FALSE
20279,Z239704-1,Z239704-1,"Each (Use for Boxes, Bags, Cores, Cases)",3,Operations,Strouse-HQ,,Average,Default Cost Category,"22 X 17 X 26
44ECT-SW",TRUE,,Packaging Services of Maryland,4040,The Strouse Corporation,TRUE,,,,5000 Cost of Goods,300000 Sales,13100 Inventory Asset,FALSE
20280,78 lb. C1S BG0-W10,78 lb. C1S BG0,Length Units,,Operations,Strouse-HQ,,Average,Default Cost Category,4.4 mil 78 lb. Easy Release C1S Liner,TRUE,0.04284,"Channeled Resources, Inc. (GMC Coatings)",3277,The Strouse Corporation,TRUE,0.04284,,,5000 Cost of Goods,300000 Sales,13100 Inventory Asset,FALSE
20281,SJ4570 CLR DLLP-W2,SJ4570 CLR DLLP,Length Units,,Operations,Strouse-HQ,,Average,Default Cost Category,"CSM - Low Profile Dual Lock, Clear",TRUE,0,3M CHIM Mfg,3679,The Strouse Corporation,TRUE,0,,,5000 Cost of Goods,300000 Sales,13100 Inventory Asset,FALSE
20282,SJ4575 BL DLLP-W2,SJ4575 BL DLLP,Length Units,,Operations,Strouse-HQ,,Average,Default Cost Category,"CSM - Low Profile Dual Lock, Black",TRUE,0,3M CHIM Mfg,3679,The Strouse Corporation,TRUE,0,,,5000 Cost of Goods,300000 Sales,13100 Inventory Asset,FALSE
20301,MS11405-W7,MS11405,Length Units,,Operations,Strouse-HQ,,Average,Default Cost Category,"CSM - 10mil 60Duro Elastomer on 5mil PET, PS-2288-356-DEV",TRUE,0,Neodyne Bioscience,3625,The Strouse Corporation,TRUE,0,,,5000 Cost of Goods,300000 Sales,13100 Inventory Asset,FALSE
20305,4116-W1.75,4116,Length Units,,Operations,Strouse-HQ,,Average,Default Cost Category,"1/16"", 350, single coated white",TRUE,0.593826333,"3M Company, Inc. Converter Markets",3141,The Strouse Corporation,TRUE,0.593826333,,,5000 Cost of Goods,300000 Sales,13100 Inventory Asset,FALSE
20308,FM30K S152-W36,FM30K S152,Length Units,,Operations,Strouse-HQ,,Average,Default Cost Category,CSM - FM30K S152 Activated Carbon Cloth,TRUE,0,"Global Safety First, LLC",3603,The Strouse Corporation,TRUE,0,,,5000 Cost of Goods,300000 Sales,13100 Inventory Asset,FALSE
20309,FLX000322-W6,FLX000322,Length Units,,Operations,Strouse-HQ,,Average,Default Cost Category,CSM - 2.0 mil gloss topcoated silver polyester,TRUE,0,"Uticom Systems, Inc.",3267,The Strouse Corporation,TRUE,0,,,5000 Cost of Goods,300000 Sales,13100 Inventory Asset,FALSE
20311,DC-3106R/P-W0.7086,DC-3106R/P,Length Units,,Operations,Strouse-HQ,,Average,Default Cost Category,0.5 mil Clear Polyester film,TRUE,0.040277778,Adhesive Tape Products,3237,The Strouse Corporation,TRUE,0.040277778,,,5000 Cost of Goods,300000 Sales,13100 Inventory Asset,FALSE
20316,916113-W6,916113,Length Units,,Operations,Strouse-HQ,,Average,Default Cost Category,"Flocking, 55 pound black on paper w/PSA",TRUE,0.779997596,Edmund Industrial Optics,3318,The Strouse Corporation,TRUE,0.779997596,,,5000 Cost of Goods,300000 Sales,13100 Inventory Asset,FALSE
20317,RF7170 White Loop-W2.25,RF7170 White Loop,Length Units,,Operations,Strouse-HQ,,Average,Default Cost Category,"CSM - RF7170 White Loop, 3/4"" dots",TRUE,0,3M CHIM Mfg,3679,The Strouse Corporation,TRUE,0,,,5000 Cost of Goods,300000 Sales,13100 Inventory Asset,FALSE
20318,RF7040 White Hook-W2.25,RF7040 White Hook,Length Units,,Operations,Strouse-HQ,,Average,Default Cost Category,"CSM - RF7170 White Hook, 3/4"" dots",TRUE,0,3M CHIM Mfg,3679,The Strouse Corporation,TRUE,0,,,5000 Cost of Goods,300000 Sales,13100 Inventory Asset,FALSE
20319,RF7061 Black Loop-W2.25,RF7061 Black Loop,Length Units,,Operations,Strouse-HQ,,Average,Default Cost Category,"CSM - RF7061 Black Loop, 5/8"" dots",TRUE,0,3M CHIM Mfg,3679,The Strouse Corporation,TRUE,0,,,5000 Cost of Goods,300000 Sales,13100 Inventory Asset,FALSE
20320,RF7061 Black Hook-W2.25,RF7061 Black Hook,Length Units,,Operations,Strouse-HQ,,Average,Default Cost Category,"CSM - RF7061 Black Hook, 5/8"" dots",TRUE,0,3M CHIM Mfg,3679,The Strouse Corporation,TRUE,0,,,5000 Cost of Goods,300000 Sales,13100 Inventory Asset,FALSE
20322,RF7060 White Loop-W2.25,RF7060 White Loop,Length Units,,Operations,Strouse-HQ,,Average,Default Cost Category,"CSM - RF7060 White Loop, 5/8"" dots",TRUE,0,3M CHIM Mfg,3679,The Strouse Corporation,TRUE,0,,,5000 Cost of Goods,300000 Sales,13100 Inventory Asset,FALSE
20323,RF7060 White Hook-W2.25,RF7060 White Hook,Length Units,,Operations,Strouse-HQ,,Average,Default Cost Category,"CSM - RF7060 White Hook, 5/8"" dots",TRUE,0,3M CHIM Mfg,3679,The Strouse Corporation,TRUE,0,,,5000 Cost of Goods,300000 Sales,13100 Inventory Asset,FALSE
20324,RF7020 White Loop-W2.25,RF7020 White Loop,Length Units,,Operations,Strouse-HQ,,Average,Default Cost Category,"CSM - RF7020 White Loop, 7/8"" square",TRUE,0,3M CHIM Mfg,3679,The Strouse Corporation,TRUE,0,,,5000 Cost of Goods,300000 Sales,13100 Inventory Asset,FALSE
20325,RF7020 White Hook-W2.25,RF7020 White Hook,Length Units,,Operations,Strouse-HQ,,Average,Default Cost Category,"CSM - RF7020 White Hook, 7/8"" square",TRUE,0,3M CHIM Mfg,3679,The Strouse Corporation,TRUE,0,,,5000 Cost of Goods,300000 Sales,13100 Inventory Asset,FALSE
20326,RF7021 Black Loop-W2.25,RF7021 Black Loop,Length Units,,Operations,Strouse-HQ,,Average,Default Cost Category,"CSM - RF7021 Black Loop, 7/8"" square",TRUE,0,3M CHIM Mfg,3679,The Strouse Corporation,TRUE,0,,,5000 Cost of Goods,300000 Sales,13100 Inventory Asset,FALSE
20327,RF7021 Black Hook-W2.25,RF7021 Black Hook,Length Units,,Operations,Strouse-HQ,,Average,Default Cost Category,"CSM - RF7021 Black Hook, 7/8"" square",TRUE,0,3M CHIM Mfg,3679,The Strouse Corporation,TRUE,0,,,5000 Cost of Goods,300000 Sales,13100 Inventory Asset,FALSE
20328,54lb C2S SL1/SL4 Liner-W40,54lb C2S SL1/SL4 Liner,Length Units,,Operations,Strouse-HQ,,Average,Default Cost Category,"3.2 mil 54 lb, C2S SL1/SL4 Easy/Medium Release Liner - LOG",TRUE,0.23376,"Channeled Resources, Inc. (GMC Coatings)",3277,The Strouse Corporation,TRUE,0.23376,,,5000 Cost of Goods,300000 Sales,13100 Inventory Asset,FALSE
20329,9085-W6,9085,Length Units,,Operations,Strouse-HQ,,Average,Default Cost Category,"9085, Ultra high temperature transfer tape 5 mil",TRUE,1.097474537,"3M Company, Inc. Converter Markets",3141,The Strouse Corporation,TRUE,1.097474537,,,5000 Cost of Goods,300000 Sales,13100 Inventory Asset,FALSE
20331,4929-W6.25,4929,Length Units,,Operations,Strouse-HQ,,Average,Default Cost Category,"4929, Foam, 25 mil, VHB, double coated black",TRUE,6.310185185,"3M Company, Inc. Converter Markets",3141,The Strouse Corporation,TRUE,6.310185185,,,5000 Cost of Goods,300000 Sales,13100 Inventory Asset,FALSE
20334,9848-W48,9848,Length Units,,Operations,Strouse-HQ,,Average,Default Cost Category,"9848, 1.4 MilBlue Film With Acrylic Adhesive",TRUE,0.215435887,"Novacel, Inc",3389,The Strouse Corporation,TRUE,0.215435887,,,5000 Cost of Goods,300000 Sales,13100 Inventory Asset,FALSE
20336,8146-2-W5,8146-2,Length Units,,Operations,Strouse-HQ,,Average,Default Cost Category,"2 mil, Optically Clear, Double Linered (PET) ",TRUE,0.494797593,"3M Company, Inc. Converter Markets",3141,The Strouse Corporation,TRUE,0.494797593,,,5000 Cost of Goods,300000 Sales,13100 Inventory Asset,FALSE
20337,218 Green-W48,218 Green,Length Units,,Operations,Strouse-HQ,,Average,Default Cost Category,Green Fine Line Masking ,TRUE,5.008752778,"3M Company, Inc. Converter Markets",3141,The Strouse Corporation,TRUE,5.008752778,,,5000 Cost of Goods,300000 Sales,13100 Inventory Asset,FALSE
20341,54lb C2S SL1/SL4 Liner-W3.5,54lb C2S SL1/SL4 Liner,Length Units,,Operations,Strouse-HQ,,Average,Default Cost Category,"3.2 mil 54 lb, C2S SL1/SL4 Easy/Medium Release Liner",TRUE,0.01428,"Channeled Resources, Inc. (GMC Coatings)",3277,The Strouse Corporation,TRUE,0.01428,,,5000 Cost of Goods,300000 Sales,13100 Inventory Asset,FALSE
20343,HP260 - Clear-W5.905,HP260 - Clear,Length Units,,Operations,Strouse-HQ,,Average,Default Cost Category,"1.9 mil CLEAR polypropylene tape, printable (150mm x 914M) #147721",TRUE,0.014259512,"Shurtape Technologies, LLC",3259,The Strouse Corporation,TRUE,0.014259512,,,5000 Cost of Goods,300000 Sales,13100 Inventory Asset,FALSE
20352,25A29C-W60,25A29C,Length Units,,Operations,Strouse-HQ,,Average,Default Cost Category,2.5 mil Clear  Protective Film,TRUE,0.8065,"Pregis PolyMask, Inc.",4045,The Strouse Corporation,TRUE,0.8065,,,5000 Cost of Goods,300000 Sales,13100 Inventory Asset,FALSE
20353,19298-W7,19298,Length Units,,Operations,Strouse-HQ,,Average,Default Cost Category,"Litho, matte with AT-20  #19298",TRUE,0.04914,Fasson / Avery Dennison Label & Packaging Materials     (acct. 5387),3246,The Strouse Corporation,TRUE,0.04914,,,5000 Cost of Goods,300000 Sales,13100 Inventory Asset,FALSE
20359,Z242166,Z242166,"Each (Use for Boxes, Bags, Cores, Cases)",3,Operations,Strouse-HQ,,Average,Default Cost Category,"23 X 12 1/4 X 7
RSC 200#-SW",TRUE,,Packaging Services of Maryland,4040,The Strouse Corporation,TRUE,,,,5000 Cost of Goods,300000 Sales,13100 Inventory Asset,FALSE
20360,SF4862-96 / RDT 14032-W60,SF4862-96 / RDT 14032,Length Units,,Operations,Strouse-HQ,,Average,Default Cost Category,"SF4862-96 (OLD RDT14032), S/C  1/16"" foam, 2.2 mil ACR ,96# PCK",TRUE,2.1312,MacTac,3255,The Strouse Corporation,TRUE,2.1312,,,5000 Cost of Goods,300000 Sales,13100 Inventory Asset,FALSE
20364,Polyken 2916P-W60,Polyken 2916P,Length Units,,Operations,Strouse-HQ,,Average,Default Cost Category,"2916P , Polyken 1/16"", Single  coated PE foam tape",TRUE,1.989,Berry Global,3254,The Strouse Corporation,TRUE,1.989,,,5000 Cost of Goods,300000 Sales,13100 Inventory Asset,FALSE
20367,4929-W6.5,4929,Length Units,,Operations,Strouse-HQ,,Average,Default Cost Category,"4929, Foam, 25 mil, VHB, double coated black",TRUE,4.963796296,"3M Company, Inc. Converter Markets",3141,The Strouse Corporation,TRUE,4.963796296,,,5000 Cost of Goods,300000 Sales,13100 Inventory Asset,FALSE
20370,1194-W23,1194,Length Units,,Operations,Strouse-HQ,,Average,Default Cost Category,"1194, Tape, 3 mil, Copper Foil, NonConductive Acrylic Adhesive (linered)",TRUE,8.817645,"3M Company, Inc. Converter Markets",3141,The Strouse Corporation,TRUE,8.817645,,,5000 Cost of Goods,300000 Sales,13100 Inventory Asset,FALSE
20373,9495LE-W24,9495LE,Length Units,,Operations,Strouse-HQ,,Average,Default Cost Category,"6.7 mil, D/C PET, 300LSE, 58#PCK",TRUE,1.917523889,"3M Company, Inc. Converter Markets",3141,The Strouse Corporation,TRUE,1.917523889,,,5000 Cost of Goods,300000 Sales,13100 Inventory Asset,FALSE
20404,3 mil Polyester Item# 12263-W6.25,3 mil Polyester Item# 12263,Length Units,,Operations,Strouse-HQ,,Average,Default Cost Category,"Polyester, 3 mil Clear (Un-treated)",TRUE,0.123,TEAM Plastics,3304,The Strouse Corporation,TRUE,0.123,,,5000 Cost of Goods,300000 Sales,13100 Inventory Asset,FALSE
20409,2517-W0.9449,2517,Length Units,,Operations,Strouse-HQ,,Average,Default Cost Category,Brown Kraft Flatback,TRUE,0.038927222,"3M Company, Inc. Converter Markets",3141,The Strouse Corporation,TRUE,0.038927222,,,5000 Cost of Goods,300000 Sales,13100 Inventory Asset,FALSE
20410,2517-W2.8346,2517,Length Units,,Operations,Strouse-HQ,,Average,Default Cost Category,Brown Kraft Flatback,TRUE,0.116312222,"3M Company, Inc. Converter Markets",3141,The Strouse Corporation,TRUE,0.116312222,,,5000 Cost of Goods,300000 Sales,13100 Inventory Asset,FALSE
20413,2 Mil Poly S1S-W3,2 Mil Poly S1S,Length Units,,Operations,Strouse-HQ,,Average,Default Cost Category,"Liner, 2 mil white Polyethylene, S1S",TRUE,0.01584,The Griff Network,3251,The Strouse Corporation,TRUE,0.01584,,,5000 Cost of Goods,300000 Sales,13100 Inventory Asset,FALSE
20415,2 White EVA - Palziv-W7.75,2 White EVA - Palziv,Length Units,,Operations,Strouse-HQ,,Average,Default Cost Category,"Foam, 0.5"" Thick, 2 White EVA - Manufactured by Palziv",TRUE,1.114,Rubberlite,3303,The Strouse Corporation,TRUE,1.114,,,5000 Cost of Goods,300000 Sales,13100 Inventory Asset,FALSE
20419,5930P-W6.25,5930P,Length Units,,Operations,Strouse-HQ,,Average,Default Cost Category,"5930P,Foam, .032, D/C Black Acrylic , VHB ",TRUE,3.972746759,"3M Company, Inc. Converter Markets",3141,The Strouse Corporation,TRUE,3.972746759,,,5000 Cost of Goods,300000 Sales,13100 Inventory Asset,FALSE
20422,3319A00751 - Tray,3319A00751 - Tray,"Each (Use for Boxes, Bags, Cores, Cases)",3,Operations,Strouse-HQ,,Average,Default Cost Category,"Plus Tray - 207604-D
Artwork - 208108-A",TRUE,,Menasha Packaging Company,4049,The Strouse Corporation,TRUE,,,,5000 Cost of Goods,300000 Sales,13100 Inventory Asset,FALSE
20432,8 mil Eco-Clear-W54,8 mil Eco-Clear,Length Units,,Operations,Strouse-HQ,,Average,Default Cost Category,"Static Cling, 8 mil clear on 8pt liner",TRUE,0.96,"Xcel Products, Inc.",3411,The Strouse Corporation,TRUE,0.96,,,5000 Cost of Goods,300000 Sales,13100 Inventory Asset,FALSE
20435,4926-W6.75,4926,Length Units,,Operations,Strouse-HQ,,Average,Default Cost Category,"4926, Foam, 15 mil, VHB, double coated grey",TRUE,4.340555556,"3M Company, Inc. Converter Markets",3141,The Strouse Corporation,TRUE,4.340555556,,,5000 Cost of Goods,300000 Sales,13100 Inventory Asset,FALSE
20442,GK-17-W24,GK-17,Length Units,,Operations,Strouse-HQ,,Average,Default Cost Category,"Formex, 17 Mil",TRUE,1.96,"ESPE Mfg. Co., Inc.",3364,The Strouse Corporation,TRUE,1.96,,,5000 Cost of Goods,300000 Sales,13100 Inventory Asset,FALSE
20444,2A04B-W60,2A04B,Length Units,,Operations,Strouse-HQ,,Average,Default Cost Category,"2A04B, 2 mil Blue Polymask Protective Film",TRUE,0.35281,"Pregis PolyMask, Inc.",4045,The Strouse Corporation,TRUE,0.35281,,,5000 Cost of Goods,300000 Sales,13100 Inventory Asset,FALSE
20445,SP590-W18,SP590,Length Units,,Operations,Strouse-HQ,,Average,Default Cost Category,"SP590, Polysil Polyimide Silicone Adhesive Tape",TRUE,1.5225,Adhesive Applications,3312,The Strouse Corporation,TRUE,1.5225,,,5000 Cost of Goods,300000 Sales,13100 Inventory Asset,FALSE
20446,DT8-W41.7,DT8,Length Units,,Operations,Strouse-HQ,,Average,Default Cost Category,"DT8, Duct tape -  Log",TRUE,0.416666667,"3M Company, Inc. Converter Markets",3141,The Strouse Corporation,TRUE,0.416666667,,,5000 Cost of Goods,300000 Sales,13100 Inventory Asset,FALSE
20447,13220L Blue-W11,13220L Blue,Length Units,,Operations,Strouse-HQ,,Average,Default Cost Category,13220L 2 mil  Blue masking,TRUE,0.0418,"Pregis PolyMask, Inc.",4045,The Strouse Corporation,TRUE,0.0418,,,5000 Cost of Goods,300000 Sales,13100 Inventory Asset,FALSE
20449,630-W2,630,Length Units,,Operations,Strouse-HQ,,Average,Default Cost Category,"630, Safety Walk Tape, Yellow",TRUE,0.55525,"3M Company, Inc. Converter Markets",3141,The Strouse Corporation,TRUE,0.55525,,,5000 Cost of Goods,300000 Sales,13100 Inventory Asset,FALSE
20451,201+-W0.945,201+,Length Units,,Operations,Strouse-HQ,,Average,Default Cost Category,General Purpose Masking Tape,TRUE,0.011523889,"3M Company, Inc. Converter Markets",3141,The Strouse Corporation,TRUE,0.011523889,,,5000 Cost of Goods,300000 Sales,13100 Inventory Asset,FALSE
20452,2307-W1.417,2307,Length Units,,Operations,Strouse-HQ,,Average,Default Cost Category,Highland Masking (36mm),TRUE,0.018266667,"3M Company, Inc. Converter Markets",3141,The Strouse Corporation,TRUE,0.018266667,,,5000 Cost of Goods,300000 Sales,13100 Inventory Asset,FALSE
20455,78 lb. C1S S75-W5,78 lb. C1S S75,Length Units,,Operations,Strouse-HQ,,Average,Default Cost Category,4.4 mil 78 lb. Tight Release C1S Liner,TRUE,0.02508,"Channeled Resources, Inc. (GMC Coatings)",3277,The Strouse Corporation,TRUE,0.02508,,,5000 Cost of Goods,300000 Sales,13100 Inventory Asset,FALSE
20456,3M Dusted Crystal-W48,3M Dusted Crystal,Length Units,,Operations,Strouse-HQ,,Average,Default Cost Category,"CSM - 3M Dusted Crystal, 3M™ Scotchcal™ Dusted Crystal Special Effects Graphic Film 7725. ",TRUE,0,"Paul Rabinowitz Glass Co., Inc.",3663,The Strouse Corporation,TRUE,0,,,5000 Cost of Goods,300000 Sales,13100 Inventory Asset,FALSE
20459,FRA 328 S2S-W60,FRA 328 S2S,Length Units,,Operations,Strouse-HQ,,Average,Default Cost Category,"4 mil PET Liner, FRA 328, S2S 
Easy/Medium",TRUE,0.7601,Fox River Associates,4046,The Strouse Corporation,TRUE,0.7601,,,5000 Cost of Goods,300000 Sales,13100 Inventory Asset,FALSE
20461,V800-W57,V800,Length Units,,Operations,Strouse-HQ,,Average,Default Cost Category,"Foam, 0.079” V800, grey vinyl, no PSA (2mm)",TRUE,2.82,Gaska Tape Inc.,3249,The Strouse Corporation,TRUE,2.82,,,5000 Cost of Goods,300000 Sales,13100 Inventory Asset,FALSE
20462,D9430434-W8.5,D9430434,Length Units,,Operations,Strouse-HQ,,Average,Default Cost Category,"PFA, Norton PFA Film, D9430434, 1 mil thick.",TRUE,0.7816,Saint-Gobain Performance Plastics,3299,The Strouse Corporation,TRUE,0.7816,,,5000 Cost of Goods,300000 Sales,13100 Inventory Asset,FALSE
20463,HT-800-W36,HT-800,Length Units,,Operations,Strouse-HQ,,Average,Default Cost Category,"Black 1/32"" Thick Medium Density Silicone Sponge",TRUE,20.85,Greene Rubber Company,3406,The Strouse Corporation,TRUE,20.85,,,5000 Cost of Goods,300000 Sales,13100 Inventory Asset,FALSE
20468,54lb C2S SL1/SL4 Liner-W7,54lb C2S SL1/SL4 Liner,Length Units,,Operations,Strouse-HQ,,Average,Default Cost Category,"3.2 mil 54 lb, C2S SL1/SL4 Easy/Medium Release Liner",TRUE,0.029467308,"Channeled Resources, Inc. (GMC Coatings)",3277,The Strouse Corporation,TRUE,0.029467308,,,5000 Cost of Goods,300000 Sales,13100 Inventory Asset,FALSE
20471,470L-W8,470L,Length Units,,Operations,Strouse-HQ,,Average,Default Cost Category,"470L, Electroplating Tape, Linered",TRUE,0.985416667,"3M Company, Inc. Converter Markets",3141,The Strouse Corporation,TRUE,0.985416667,,,5000 Cost of Goods,300000 Sales,13100 Inventory Asset,FALSE
20473,EMI Grade 31595-W8.5,EMI Grade 31595,Length Units,,Operations,Strouse-HQ,,Average,Default Cost Category,CSM - Blotting Paper,TRUE,0,EMI Specialty Papers,3682,The Strouse Corporation,TRUE,0,,,5000 Cost of Goods,300000 Sales,13100 Inventory Asset,FALSE
20475,112P05-W23.5,112P05,Length Units,,Operations,Strouse-HQ,,Average,Default Cost Category,112P05 3M Viscoelastic Damping Polymer (pressure sensitive),TRUE,4.678203889,"3M Company, Inc. Converter Markets",3141,The Strouse Corporation,TRUE,4.678203889,,,5000 Cost of Goods,300000 Sales,13100 Inventory Asset,FALSE
20476,53 Lb. C2S BG0-BG0-W26.5,53 Lb. C2S BG0-BG0,Length Units,,Operations,Strouse-HQ,,Average,Default Cost Category,3.2 mil 53 lb. Easy Release Liner C2S (Easy/Easy),TRUE,0.154866,"Channeled Resources, Inc. (GMC Coatings)",3277,The Strouse Corporation,TRUE,0.154866,,,5000 Cost of Goods,300000 Sales,13100 Inventory Asset,FALSE
20477,8574K19-W24,8574K19,"Each (Use for Boxes, Bags, Cores, Cases)",3,Operations,Strouse-HQ,,Average,Default Cost Category,"8574K19 0.040"" Clear Polycarbonate Film",TRUE,0.626666667,McMaster-Carr,3281,The Strouse Corporation,TRUE,0.626666667,,,5000 Cost of Goods,300000 Sales,13100 Inventory Asset,FALSE
20480,5310-W19.685,5310,Length Units,,Operations,Strouse-HQ,,Average,Default Cost Category,"5310 Acrylic Foam Double Sided Tape, 40 Mil Thick",TRUE,3.148148148,AFTC USA Inc.,3393,The Strouse Corporation,TRUE,3.148148148,,,5000 Cost of Goods,300000 Sales,13100 Inventory Asset,FALSE
20482,893-W1.889,893,Length Units,,Operations,Strouse-HQ,,Average,Default Cost Category,"893, Tape, 6 mil, Clear Filament ",TRUE,0.109042778,"3M Company, Inc. Converter Markets",3141,The Strouse Corporation,TRUE,0.109042778,,,5000 Cost of Goods,300000 Sales,13100 Inventory Asset,FALSE
20483,S-7590-W2,S-7590,"Each (Use for Boxes, Bags, Cores, Cases)",3,Operations,Strouse-HQ,,Average,Default Cost Category,"S-7590, U-Secure Security Tape, 2.0"" x 9.0"" strips, 100/pack",TRUE,4.444444444,ULINE,3330,The Strouse Corporation,TRUE,4.444444444,,,5000 Cost of Goods,300000 Sales,13100 Inventory Asset,FALSE
20484,Black EPE-W39.37,Black EPE,Length Units,,Operations,Strouse-HQ,,Average,Default Cost Category,CSM - Black Coveme EPE EBK/P125/EBK,TRUE,0,"Silfab Solar, Inc.",3673,The Strouse Corporation,TRUE,0,,,5000 Cost of Goods,300000 Sales,13100 Inventory Asset,FALSE
20489,54 Lb C2S SL1/SL1 HCW-W10.75,54 Lb C2S SL1/SL1 HCW,Length Units,,Operations,Strouse-HQ,,Average,Default Cost Category,"Liner, 54#,C2S SL1 Release (Both Sides) 
HCW (Heavy Coat Weight)",TRUE,0.04257,"Channeled Resources, Inc. (GMC Coatings)",3277,The Strouse Corporation,TRUE,0.04257,,,5000 Cost of Goods,300000 Sales,13100 Inventory Asset,FALSE
20493,Clear EPE-W39.37,Clear EPE,Length Units,,Operations,Strouse-HQ,,Average,Default Cost Category,CSM - Clear Coveme EPE ET/P125/ET,TRUE,0,"Silfab Solar, Inc.",3673,The Strouse Corporation,TRUE,0,,,5000 Cost of Goods,300000 Sales,13100 Inventory Asset,FALSE
20496,SJ4570 LPDL Clear-W2.25,SJ4570 LPDL Clear,Length Units,,Operations,Strouse-HQ,,Average,Default Cost Category,"CSM - SJ4570 Low Profile Dual Lock Clear, 7/8"" square",TRUE,0,3M CHIM Mfg,3679,The Strouse Corporation,TRUE,0,,,5000 Cost of Goods,300000 Sales,13100 Inventory Asset,FALSE
20498,8214-W60,8214,Length Units,,Operations,Strouse-HQ,,Average,Default Cost Category,"4 mil, Optically Clear Laminating Adhesive",TRUE,7.241792222,"3M Company, Inc. Converter Markets",3141,The Strouse Corporation,TRUE,7.241792222,,,5000 Cost of Goods,300000 Sales,13100 Inventory Asset,FALSE
20499,SJ4575 LPDL Black-W2.25,SJ4575 LPDL Black,Length Units,,Operations,Strouse-HQ,,Average,Default Cost Category,"CSM - SJ4575 Low Profile Dual Lock Black, 7/8"" square",TRUE,0,3M CHIM Mfg,3679,The Strouse Corporation,TRUE,0,,,5000 Cost of Goods,300000 Sales,13100 Inventory Asset,FALSE
20500,ECG- 7073H-W19.685,ECG- 7073H,Length Units,,Operations,Strouse-HQ,,Average,Default Cost Category,"ECG-7073H, , Electrically Conductive Cushioning Gasket Tape",TRUE,23.60554878,"3M Company, Inc. Converter Markets",3141,The Strouse Corporation,TRUE,23.60554878,,,5000 Cost of Goods,300000 Sales,13100 Inventory Asset,FALSE
20501,4288-W59,4288,Length Units,,Operations,Strouse-HQ,,Average,Default Cost Category,4288  Medium Duty Tensilised Strapping Tape,TRUE,1.157055556,Tesa Tape,4044,The Strouse Corporation,TRUE,1.157055556,,,5000 Cost of Goods,300000 Sales,13100 Inventory Asset,FALSE
20502,2R2.020-W54,2R2.020,Length Units,,Operations,Strouse-HQ,,Average,Default Cost Category,"CSM - 2R2.020 D/C Black 0.020"" Hard Vinyl Tape",TRUE,0,Adheso-Graphics,3664,The Strouse Corporation,TRUE,0,,,5000 Cost of Goods,300000 Sales,13100 Inventory Asset,FALSE
20505,SP-590-2DPDL-04-W7.874,SP-590-2DPDL-04,Length Units,,Operations,Strouse-HQ,,Average,Default Cost Category,"SP-590-2DPDL-04
2 mil Polyimide C2S Silicone Adhesive between 2 Fluorosilicone Coated Liners",TRUE,0,Xerox Corporation,3609,The Strouse Corporation,TRUE,0,,,5000 Cost of Goods,300000 Sales,13100 Inventory Asset,FALSE
20507,433-W48,433,Length Units,,Operations,Strouse-HQ,,Average,Default Cost Category,"433 Protective film, 3 mil clear, transit adhesive",TRUE,0.7338,"RBL Products, Inc.",3412,The Strouse Corporation,TRUE,0.7338,,,5000 Cost of Goods,300000 Sales,13100 Inventory Asset,FALSE
20513,53 Lb. C2S BG0/BG0-W4.5,53 Lb. C2S BG0/BG0,Length Units,,Operations,Strouse-HQ,,Average,Default Cost Category,3.2 mil 53 lb. Easy Release Liner C2S BG0/BG0(Easy/Easy),TRUE,0.026296063,"Channeled Resources, Inc. (GMC Coatings)",3277,The Strouse Corporation,TRUE,0.026296063,,,5000 Cost of Goods,300000 Sales,13100 Inventory Asset,FALSE
20516,IE 6035T-W23.5,IE 6035T,"Each (Use for Boxes, Bags, Cores, Cases)",3,Operations,Strouse-HQ,,Average,Default Cost Category,"Poly Strand, 5-ply IE 6035T
23.5 x 60 sheets",TRUE,0,Aerotuf  (Adv. Comp. Structures/Cargo Composites),3644,The Strouse Corporation,TRUE,0,,,5000 Cost of Goods,300000 Sales,13100 Inventory Asset,FALSE
20518,12906-W9.5,12906,Length Units,,Operations,Strouse-HQ,,Average,Default Cost Category,"Label Stock, #12906,Transtherm 1C, 40SEK w/S2501, Exact",TRUE,0.036936,Fasson / Avery Dennison Label & Packaging Materials     (acct. 5387),3246,The Strouse Corporation,TRUE,0.036936,,,5000 Cost of Goods,300000 Sales,13100 Inventory Asset,FALSE
20522,4972-W49.21,4972,Length Units,,Operations,Strouse-HQ,,Average,Default Cost Category,"4972, double coated PET, 1.8 mil",TRUE,2.00304878,Tesa Tape,4044,The Strouse Corporation,TRUE,2.00304878,,,5000 Cost of Goods,300000 Sales,13100 Inventory Asset,FALSE
20531,060GM0074740SC025HC S7620060-W4,060GM0074740SC025HC S7620060,Length Units,,Operations,Strouse-HQ,,Average,Default Cost Category,"Kraft Label Stock, 747 adhesive, Green Bay",TRUE,0.051168,Green Bay Packaging Inc.,3250,The Strouse Corporation,TRUE,0.051168,,,5000 Cost of Goods,300000 Sales,13100 Inventory Asset,FALSE
20532,PALCLEAR® UV Stable-W48,PALCLEAR® UV Stable,"Each (Use for Boxes, Bags, Cores, Cases)",3,Operations,Strouse-HQ,,Average,Default Cost Category,"PVC, 0.059"" Thick, Clear",TRUE,0.479166667,"Piedmont Plastics, Inc. Beltsville",3257,The Strouse Corporation,TRUE,0.479166667,,,5000 Cost of Goods,300000 Sales,13100 Inventory Asset,FALSE
20533,92-W1,92,Length Units,,Operations,Strouse-HQ,,Average,Default Cost Category,"Polyimide, 1 mil, 2 mil silicone thermosetting adhesive",TRUE,0.363796296,"3M Company, Inc. Converter Markets",3141,The Strouse Corporation,TRUE,0.363796296,,,5000 Cost of Goods,300000 Sales,13100 Inventory Asset,FALSE
20539,903-1502-ND-W12,903-1502-ND,"Each (Use for Boxes, Bags, Cores, Cases)",3,Operations,Strouse-HQ,,Average,Default Cost Category,"Absorbing Sheet, ECCOSORB ELASTOMERS, 0.010X12X12 - 21124201",TRUE,11.01583333,Digi-Key Corporation,3317,The Strouse Corporation,TRUE,11.01583333,,,5000 Cost of Goods,300000 Sales,13100 Inventory Asset,FALSE
20544,8902-W48,8902,Length Units,,Operations,Strouse-HQ,,Average,Default Cost Category,"8902, 2 mil, Blue PET, Silicone Adhesive",TRUE,5.009583333,"3M Company, Inc. Converter Markets",3141,The Strouse Corporation,TRUE,5.009583333,,,5000 Cost of Goods,300000 Sales,13100 Inventory Asset,FALSE
20546,HDS-90 C2S-W60,HDS-90 C2S,Length Units,,Operations,Strouse-HQ,,Average,Default Cost Category,Silicone Free Release Liner C2S- LOG,TRUE,1.060666667,Classic Printers & Converters,3331,The Strouse Corporation,TRUE,1.060666667,,,5000 Cost of Goods,300000 Sales,13100 Inventory Asset,FALSE
20547,RP45-W7.5,RP45,Length Units,,Operations,Strouse-HQ,,Average,Default Cost Category,"RP45, 45 mil, D/C Acrylic, VHB",TRUE,1.747731481,"3M Company, Inc. Converter Markets",3141,The Strouse Corporation,TRUE,1.747731481,,,5000 Cost of Goods,300000 Sales,13100 Inventory Asset,FALSE
20550,SP-590-2DPDL-04-W5.25,SP-590-2DPDL-04,Length Units,,Operations,Strouse-HQ,,Average,Default Cost Category,"SP-590-2DPDL-04
2 mil Polyimide C2S Silicone Adhesive between 2 Fluorosilicone Coated Liners",TRUE,1.588575,Adhesive Applications,3312,The Strouse Corporation,TRUE,1.588575,,,5000 Cost of Goods,300000 Sales,13100 Inventory Asset,FALSE
20552,966NP-W4.25,966NP,Length Units,,Operations,Strouse-HQ,,Average,Default Cost Category,"2 mil, 100, 62#DK (unprinted)",TRUE,0.181955,"3M Company, Inc. Converter Markets",3141,The Strouse Corporation,TRUE,0.181955,,,5000 Cost of Goods,300000 Sales,13100 Inventory Asset,FALSE
20555,203-W0.709,203,Length Units,,Operations,Strouse-HQ,,Average,Default Cost Category,"203, 4.7 mil masking tape",TRUE,0.0076,"3M Company, Inc. Converter Markets",3141,The Strouse Corporation,TRUE,0.0076,,,5000 Cost of Goods,300000 Sales,13100 Inventory Asset,FALSE
20556,203-W0.945,203,Length Units,,Operations,Strouse-HQ,,Average,Default Cost Category,"203, 4.7 mil masking tape",TRUE,0.0095,"3M Company, Inc. Converter Markets",3141,The Strouse Corporation,TRUE,0.0095,,,5000 Cost of Goods,300000 Sales,13100 Inventory Asset,FALSE
20557,TT500 V-606F-W60,TT500 V-606F,Length Units,,Operations,Strouse-HQ,,Average,Default Cost Category,"Flexmount, TT500, V-606F 60 LA PFW",TRUE,4.8456,"FLEXcon Company, Inc.",3247,The Strouse Corporation,TRUE,4.8456,,,5000 Cost of Goods,300000 Sales,13100 Inventory Asset,FALSE
20558,54lb C2S SL1/SL4 Liner-W2.75,54lb C2S SL1/SL4 Liner,Length Units,,Operations,Strouse-HQ,,Average,Default Cost Category,"3.2 mil 54 lb, C2S SL1/SL4 Easy/Medium Release Liner",TRUE,0.016071,"Channeled Resources, Inc. (GMC Coatings)",3277,The Strouse Corporation,TRUE,0.016071,,,5000 Cost of Goods,300000 Sales,13100 Inventory Asset,FALSE
20559,1510-W2.5,1510,Length Units,,Operations,Strouse-HQ,,Average,Default Cost Category,3.8 mil Hi Tack D/C thin polyethylene with 54 lb. BK liner,TRUE,0.186761667,"3M Company, Inc. Converter Markets",3141,The Strouse Corporation,TRUE,0.186761667,,,5000 Cost of Goods,300000 Sales,13100 Inventory Asset,FALSE
20564,9172MP-W24,9172MP,Length Units,,Operations,Strouse-HQ,,Average,Default Cost Category,"2mil, 200MP, 3mil HDDPE + 58# PCK",TRUE,2.079729444,"3M Company, Inc. Converter Markets",3141,The Strouse Corporation,TRUE,2.079729444,,,5000 Cost of Goods,300000 Sales,13100 Inventory Asset,FALSE
20568,4412N-W3,4412N,Length Units,,Operations,Strouse-HQ,,Average,Default Cost Category,EXTREME SEALING TAPE-TRANSLUCENT,TRUE,1.458407407,"3M Company, Inc. Converter Markets",3141,The Strouse Corporation,TRUE,1.458407407,,,5000 Cost of Goods,300000 Sales,13100 Inventory Asset,FALSE
20570,MELINEX 462-W8.5,MELINEX 462,Length Units,,Operations,Strouse-HQ,,Average,Default Cost Category,"Polyester, MELINEX 462 - 7Mil Thick, 8.5""",TRUE,0.17123,Polymershapes - Jessup,3375,The Strouse Corporation,TRUE,0.17123,,,5000 Cost of Goods,300000 Sales,13100 Inventory Asset,FALSE
20571,MELINEX 462-W10,MELINEX 462,Length Units,,Operations,Strouse-HQ,,Average,Default Cost Category,"Polyester, MELINEX 462 - 7Mil Thick, 10""",TRUE,0.170592,Polymershapes - Jessup,3375,The Strouse Corporation,TRUE,0.170592,,,5000 Cost of Goods,300000 Sales,13100 Inventory Asset,FALSE
20573,12906-W6,12906,Length Units,,Operations,Strouse-HQ,,Average,Default Cost Category,"Label Stock, #12906,Transtherm 1C, 40SEK w/S2501, Exact",TRUE,0.024984,Fasson / Avery Dennison Label & Packaging Materials     (acct. 5387),3246,The Strouse Corporation,TRUE,0.024984,,,5000 Cost of Goods,300000 Sales,13100 Inventory Asset,FALSE
20577,102511-001 Rev A-W1,102511-001 Rev A,"Each (Use for Boxes, Bags, Cores, Cases)",3,Operations,Strouse-HQ,,Average,Default Cost Category,Eversense XL Adhesive patch box,TRUE,,Influence Communications,3689,The Strouse Corporation,TRUE,,,,5000 Cost of Goods,300000 Sales,13100 Inventory Asset,FALSE
20578,S-5503-W1.5,S-5503,"Each (Use for Boxes, Bags, Cores, Cases)",3,Operations,Strouse-HQ,,Average,Default Cost Category,"Mailing labels - Clear acetate, 1.5"" dia.",TRUE,,ULINE,3330,The Strouse Corporation,TRUE,,,,5000 Cost of Goods,300000 Sales,13100 Inventory Asset,FALSE
20579,4952-W6.25,4952,Length Units,,Operations,Strouse-HQ,,Average,Default Cost Category,"4952, Foam, 45 mil,  VHB, double coated white",TRUE,6.280185185,"3M Company, Inc. Converter Markets",3141,The Strouse Corporation,TRUE,6.280185185,,,5000 Cost of Goods,300000 Sales,13100 Inventory Asset,FALSE
20581,78 lb. C1S BG0-W30.25,78 lb. C1S BG0,Length Units,,Operations,Strouse-HQ,,Average,Default Cost Category,4.4 mil 78 lb. Easy Release C1S Liner - LOG,TRUE,0.19602,"Channeled Resources, Inc. (GMC Coatings)",3277,The Strouse Corporation,TRUE,0.19602,,,5000 Cost of Goods,300000 Sales,13100 Inventory Asset,FALSE
20583,JMT Hydrocolloid-W9.25,JMT Hydrocolloid,Length Units,,Operations,Strouse-HQ,,Average,Default Cost Category,"CSM - JMT Hydrocolloid, 0.25mm thick with 0.05 mm film liner 
",TRUE,0,Johnson Medtech,3658,The Strouse Corporation,TRUE,0,,,5000 Cost of Goods,300000 Sales,13100 Inventory Asset,FALSE
20584,78 lb. C1S BG0-W9.75 - CatID-20584,78 lb. C1S BG0,Length Units,,Operations,Strouse-HQ,,Average,Default Cost Category,4.4 mil 78 lb. Easy Release C1S Liner - LOG,TRUE,0.038025,"Channeled Resources, Inc. (GMC Coatings)",3277,The Strouse Corporation,TRUE,0.038025,,,5000 Cost of Goods,300000 Sales,13100 Inventory Asset,FALSE
20585,MS11436 Rev A-W6.75,MS11436 Rev A,Length Units,,Operations,Strouse-HQ,,Average,Default Cost Category,"Coated DOW MG2402, Roll Form, 6 mils",TRUE,0,Neodyne Bioscience,3625,The Strouse Corporation,TRUE,0,,,5000 Cost of Goods,300000 Sales,13100 Inventory Asset,FALSE
20590,Sikaplan® WP 1120 – 20HL-W86.59,Sikaplan® WP 1120 – 20HL,Length Units,,Operations,Strouse-HQ,,Average,Default Cost Category,"CSM - Sheet waterproofing membrane 
Black and Yellow in color",TRUE,0,"Melnor, Inc.",3688,The Strouse Corporation,TRUE,0,,,5000 Cost of Goods,300000 Sales,13100 Inventory Asset,FALSE
20591,4492W-W20.5,4492W,Length Units,,Operations,Strouse-HQ,,Average,Default Cost Category,"1/32"", 430, Double Coated White",TRUE,2.518703704,"3M Company, Inc. Converter Markets",3141,The Strouse Corporation,TRUE,2.518703704,,,5000 Cost of Goods,300000 Sales,13100 Inventory Asset,FALSE
20592,MS11531 Rev 01-W6.75,MS11531 Rev 01,Length Units,,Operations,Strouse-HQ,,Average,Default Cost Category,"Coated DOW MG2402, Roll Form, 4 mils",TRUE,0,Neodyne Bioscience,3625,The Strouse Corporation,TRUE,0,,,5000 Cost of Goods,300000 Sales,13100 Inventory Asset,FALSE
20593,MS11530 Rev 01-W6.75,MS11530 Rev 01,Length Units,,Operations,Strouse-HQ,,Average,Default Cost Category,"Coated DOW MG2402, Roll Form, 4.5 mils",TRUE,0,Neodyne Bioscience,3625,The Strouse Corporation,TRUE,0,,,5000 Cost of Goods,300000 Sales,13100 Inventory Asset,FALSE
20594,MS11529 Rev 01-W6.75,MS11529 Rev 01,Length Units,,Operations,Strouse-HQ,,Average,Default Cost Category,"Coated DOW MG2402, Roll Form, 5 mils",TRUE,0,Neodyne Bioscience,3625,The Strouse Corporation,TRUE,0,,,5000 Cost of Goods,300000 Sales,13100 Inventory Asset,FALSE
20596,56202-W2.25,56202,Length Units,,Operations,Strouse-HQ,,Average,Default Cost Category,56202 3 Mil Clear PET 2270T/000,TRUE,0.029629799,"Loparex, LLC.",3287,The Strouse Corporation,TRUE,0.029629799,,,5000 Cost of Goods,300000 Sales,13100 Inventory Asset,FALSE
20597,F9473PC-W24,F9473PC,Length Units,,Operations,Strouse-HQ,,Average,Default Cost Category,"F9473PC, 24"" Adhesive Transfer Tape, Clear",TRUE,7.588314815,"3M Company, Inc. Converter Markets",3141,The Strouse Corporation,TRUE,7.588314815,,,5000 Cost of Goods,300000 Sales,13100 Inventory Asset,FALSE
20598,RP45-W0.75 - CatID-20598,RP45,Length Units,,Operations,Strouse-HQ,,Average,Default Cost Category,"RP45, 45 mil, D/C Acrylic, VHB",TRUE,0.226555556,"3M Company, Inc. Converter Markets",3141,The Strouse Corporation,TRUE,0.226555556,,,5000 Cost of Goods,300000 Sales,13100 Inventory Asset,FALSE
20599,RP45-W3,RP45,Length Units,,Operations,Strouse-HQ,,Average,Default Cost Category,"RP45, 45 mil, D/C Acrylic, VHB",TRUE,0.85786034,"3M Company, Inc. Converter Markets",3141,The Strouse Corporation,TRUE,0.85786034,,,5000 Cost of Goods,300000 Sales,13100 Inventory Asset,FALSE
20601,8412-W48,8412,Length Units,,Operations,Strouse-HQ,,Average,Default Cost Category,"8412, Tape, PET, 6.3 mil Transparent Film ",TRUE,13.25700139,"3M Company, Inc. Converter Markets",3141,The Strouse Corporation,TRUE,13.25700139,,,5000 Cost of Goods,300000 Sales,13100 Inventory Asset,FALSE
20602,3M Mat Crystal I-W50,3M Mat Crystal I,Length Units,,Operations,Strouse-HQ,,Average,Default Cost Category,CSM - 3M Fasara Crystal Window Film,TRUE,0,"Paul Rabinowitz Glass Co., Inc.",3663,The Strouse Corporation,TRUE,0,,,5000 Cost of Goods,300000 Sales,13100 Inventory Asset,FALSE
20603,RP45-W0.75 - CatID-20603,RP45,Length Units,,Operations,Strouse-HQ,,Average,Default Cost Category,"CSM - 3M RP45, 45 mil, D/C Acrylic, VHB",TRUE,0,Trex Company,3685,The Strouse Corporation,TRUE,0,,,5000 Cost of Goods,300000 Sales,13100 Inventory Asset,FALSE
20604,0.00092 PLYSWTLGG-W4,0.00092 PLYSWTLGG,Length Units,,Operations,Strouse-HQ,,Average,Default Cost Category,"Polyester, 1 Mil, Clear",TRUE,0.009048,"Piedmont Plastics, Inc. Beltsville",3257,The Strouse Corporation,TRUE,0.009048,,,5000 Cost of Goods,300000 Sales,13100 Inventory Asset,FALSE
20607,4790-92-12250-04-W6,4790-92-12250-04,Length Units,,Operations,Strouse-HQ,,Average,Default Cost Category,"Poron Foam,  .250"" Th, 4790-92-12250-04, Plain",TRUE,1.244448,Merryweather Foam,3320,The Strouse Corporation,TRUE,1.244448,,,5000 Cost of Goods,300000 Sales,13100 Inventory Asset,FALSE
20608,4790-92-12250-04-W8 - CatID-20608,4790-92-12250-04,Length Units,,Operations,Strouse-HQ,,Average,Default Cost Category,"Poron Foam,  .250"" Th, 4790-92-12250-04, Plain",TRUE,1.659264,Merryweather Foam,3320,The Strouse Corporation,TRUE,1.659264,,,5000 Cost of Goods,300000 Sales,13100 Inventory Asset,FALSE
20609,8820-W14,8820,Length Units,,Operations,Strouse-HQ,,Average,Default Cost Category,"8820, 20 mil, Thermally Conductive Adhesive Transfer ",TRUE,24.66177037,"3M Company, Inc. Converter Markets",3141,The Strouse Corporation,TRUE,24.66177037,,,5000 Cost of Goods,300000 Sales,13100 Inventory Asset,FALSE
20610,4950-W1 - CatID-20610,4950,Length Units,,Operations,Strouse-HQ,,Average,Default Cost Category,"45 mil, VHB, White",TRUE,1.040956481,"3M Company, Inc. Converter Markets",3141,The Strouse Corporation,TRUE,1.040956481,,,5000 Cost of Goods,300000 Sales,13100 Inventory Asset,FALSE
20611,9960-W24.5,9960,Length Units,,Operations,Strouse-HQ,,Average,Default Cost Category,"9960, Microfluidic hydrophilic film",TRUE,1.767792593,"3M Company, Inc. Converter Markets",3141,The Strouse Corporation,TRUE,1.767792593,,,5000 Cost of Goods,300000 Sales,13100 Inventory Asset,FALSE
20612,9984-W24.5,9984,Length Units,,Operations,Strouse-HQ,,Average,Default Cost Category,"9984, Diagnostic microfluidic film",TRUE,1.056488981,"3M Company, Inc. Converter Markets",3141,The Strouse Corporation,TRUE,1.056488981,,,5000 Cost of Goods,300000 Sales,13100 Inventory Asset,FALSE
20613,9965-W24.5,9965,Length Units,,Operations,Strouse-HQ,,Average,Default Cost Category,"9965, White polyester Double coated Diagnostic tape",TRUE,3.0576,"3M Company, Inc. Converter Markets",3141,The Strouse Corporation,TRUE,3.0576,,,5000 Cost of Goods,300000 Sales,13100 Inventory Asset,FALSE
20614,0.00092 PLYSWTLGG-W2,0.00092 PLYSWTLGG,Length Units,,Operations,Strouse-HQ,,Average,Default Cost Category,"Polyester, 1 Mil, Clear",TRUE,0.004524,"Piedmont Plastics, Inc. Beltsville",3257,The Strouse Corporation,TRUE,0.004524,,,5000 Cost of Goods,300000 Sales,13100 Inventory Asset,FALSE
20616,8645-W39.5,8645,Length Units,,Operations,Strouse-HQ,,Average,Default Cost Category,Tissue paper,TRUE,,The Strouse Corporation,3138,The Strouse Corporation,TRUE,,,,5000 Cost of Goods,300000 Sales,13100 Inventory Asset,FALSE
20619,White Filter Paper-W14,White Filter Paper,Length Units,,Operations,Strouse-HQ,,Average,Default Cost Category,CSM - White Filter Paper,TRUE,0,"W.R. Rayson Co., Inc.",3620,The Strouse Corporation,TRUE,0,,,5000 Cost of Goods,300000 Sales,13100 Inventory Asset,FALSE
20621,PLASTIFLEX GLSO/S-W86.59,PLASTIFLEX GLSO/S,Length Units,,Operations,Strouse-HQ,,Average,Default Cost Category,"CSM - Sheet waterproofing membrane
Black and Blue in color",TRUE,0,"Melnor, Inc.",3688,The Strouse Corporation,TRUE,0,,,5000 Cost of Goods,300000 Sales,13100 Inventory Asset,FALSE
20623,Hydroblock P2000TR-W13.386,Hydroblock P2000TR,Length Units,,Operations,Strouse-HQ,,Average,Default Cost Category,"CSM - Hydroblock P2000TR, 2mil thick",TRUE,0,Freshpoint Quality Assurance Ltd. d/b/a Evigence Sensors ,3686,The Strouse Corporation,TRUE,0,,,5000 Cost of Goods,300000 Sales,13100 Inventory Asset,FALSE
20624,P77-W13.11,P77,Length Units,,Operations,Strouse-HQ,,Average,Default Cost Category,CSM - Transfer Adhesive,TRUE,0,Freshpoint Quality Assurance Ltd. d/b/a Evigence Sensors ,3686,The Strouse Corporation,TRUE,0,,,5000 Cost of Goods,300000 Sales,13100 Inventory Asset,FALSE
20625,Aluminum Foil-W7.2835,Aluminum Foil,Length Units,,Operations,Strouse-HQ,,Average,Default Cost Category,CSM - Aluminum Foil Laminate,TRUE,0,Freshpoint Quality Assurance Ltd. d/b/a Evigence Sensors ,3686,The Strouse Corporation,TRUE,0,,,5000 Cost of Goods,300000 Sales,13100 Inventory Asset,FALSE
20626,Active Adhesive-W6.4961,Active Adhesive,Length Units,,Operations,Strouse-HQ,,Average,Default Cost Category,CSM - Active Adhesive Laminate,TRUE,0,Freshpoint Quality Assurance Ltd. d/b/a Evigence Sensors ,3686,The Strouse Corporation,TRUE,0,,,5000 Cost of Goods,300000 Sales,13100 Inventory Asset,FALSE
20627,Coated Metalized-W6.6929,Coated Metalized,Length Units,,Operations,Strouse-HQ,,Average,Default Cost Category,CSM - Coated Metalized Laminate,TRUE,0,Freshpoint Quality Assurance Ltd. d/b/a Evigence Sensors ,3686,The Strouse Corporation,TRUE,0,,,5000 Cost of Goods,300000 Sales,13100 Inventory Asset,FALSE
20631,96042-W24,96042,Length Units,,Operations,Strouse-HQ,,Average,Default Cost Category,"96042, 5 mil D/C Silicone Adhesive",TRUE,5.272213333,"3M Company, Inc. Converter Markets",3141,The Strouse Corporation,TRUE,5.272213333,,,5000 Cost of Goods,300000 Sales,13100 Inventory Asset,FALSE
20632,1774W-W24,1774W,Length Units,,Operations,Strouse-HQ,,Average,Default Cost Category,"Tape, Foam, 22.5 mil, polyethylene ",TRUE,1.543468545,"3M Company, Inc. Converter Markets",3141,The Strouse Corporation,TRUE,1.543468545,,,5000 Cost of Goods,300000 Sales,13100 Inventory Asset,FALSE
20635,1521-W4,1521,Length Units,,Operations,Strouse-HQ,,Average,Default Cost Category,"1521, Polyethelene tape, 6.4 mil. 83#liner",TRUE,0.174086333,"3M Company, Inc. Converter Markets",3141,The Strouse Corporation,TRUE,0.174086333,,,5000 Cost of Goods,300000 Sales,13100 Inventory Asset,FALSE
20636,1522-W24,1522,Length Units,,Operations,Strouse-HQ,,Average,Default Cost Category,"1522, Tape, 6.3 mil D/C transparent polyethylene, 80#, Medical",TRUE,1.991133333,"3M Company, Inc. Converter Markets",3141,The Strouse Corporation,TRUE,1.991133333,,,5000 Cost of Goods,300000 Sales,13100 Inventory Asset,FALSE
20638,9965-W23.5,9965,Length Units,,Operations,Strouse-HQ,,Average,Default Cost Category,"9965, White polyester Double coated Diagnostic tape",TRUE,2.9328,"3M Company, Inc. Converter Markets",3141,The Strouse Corporation,TRUE,2.9328,,,5000 Cost of Goods,300000 Sales,13100 Inventory Asset,FALSE
20639,FLX067109-W9,FLX067109,Length Units,,Operations,Strouse-HQ,,Average,Default Cost Category,FLX067109 DERMAFLEX M/M 1500 CLEAR H-566 200 Poly SC-6,TRUE,0.86292,"FLEXcon Company, Inc.",3247,The Strouse Corporation,TRUE,0.86292,,,5000 Cost of Goods,300000 Sales,13100 Inventory Asset,FALSE
20641,TM8101-W10,TM8101,Length Units,,Operations,Strouse-HQ,,Average,Default Cost Category,"Tape,  Single Coated, 2.0 Mil Medical Grade Acrylic, 1.3 Oz White Sontara",TRUE,0.2544,MacTac,3255,The Strouse Corporation,TRUE,0.2544,,,5000 Cost of Goods,300000 Sales,13100 Inventory Asset,FALSE
20642,TM8101-W9,TM8101,Length Units,,Operations,Strouse-HQ,,Average,Default Cost Category,"Tape,  Single Coated, 2.0 Mil Medical Grade Acrylic, 1.3 Oz White Sontara",TRUE,0.22896,MacTac,3255,The Strouse Corporation,TRUE,0.22896,,,5000 Cost of Goods,300000 Sales,13100 Inventory Asset,FALSE
20643,4928-00033-20-W54,4928-00033-20,Length Units,,Operations,Strouse-HQ,,Average,Default Cost Category,"Double sided 125µm transparent filmic tape, 4928",TRUE,1.920151515,Tesa Tape,4044,The Strouse Corporation,TRUE,1.920151515,,,5000 Cost of Goods,300000 Sales,13100 Inventory Asset,FALSE
20644,4790-92-20081-04-W54,4790-92-20081-04,Length Units,,Operations,Strouse-HQ,,Average,Default Cost Category,"Poron, 81 Mil, Extra Soft Supported, Black",TRUE,6.9,Merryweather Foam,3320,The Strouse Corporation,TRUE,6.9,,,5000 Cost of Goods,300000 Sales,13100 Inventory Asset,FALSE
20646,2 mil Clear Polyester-W53,2 mil Clear Polyester,Length Units,,Operations,Strouse-HQ,,Average,Default Cost Category,"Polyester, 2 mil Clear (Un-treated) - LOG",TRUE,0.213696,Technicote (Sil-Tech),3263,The Strouse Corporation,TRUE,0.213696,,,5000 Cost of Goods,300000 Sales,13100 Inventory Asset,FALSE
20648,S-1542-W12,S-1542,Length Units,,Operations,Strouse-HQ,,Average,Default Cost Category,"Anti-Static Tubing, 6 mil Pink 12""",TRUE,0.258,ULINE,3330,The Strouse Corporation,TRUE,0.258,,,5000 Cost of Goods,300000 Sales,13100 Inventory Asset,FALSE
20649,FLX067109-W6,FLX067109,Length Units,,Operations,Strouse-HQ,,Average,Default Cost Category,FLX067109 DERMAFLEX M/M 1500 CLEAR H-566 200 Poly SC-6,TRUE,0.57528,"FLEXcon Company, Inc.",3247,The Strouse Corporation,TRUE,0.57528,,,5000 Cost of Goods,300000 Sales,13100 Inventory Asset,FALSE
20650,"0.25"" thick, 40 duro rubber-W18","0.25"" thick, 40 duro rubber","Each (Use for Boxes, Bags, Cores, Cases)",3,Operations,Strouse-HQ,,Average,Default Cost Category,"CSM - 0.25"" thick, 40 duro rubber 18""x36"" Sheets",TRUE,0,AAC Independent,3693,The Strouse Corporation,TRUE,0,,,5000 Cost of Goods,300000 Sales,13100 Inventory Asset,FALSE
20653,04987-09037-00-W27,04987-09037-00,Length Units,,Operations,Strouse-HQ,,Average,Default Cost Category,"CSM-  Double Sided paper tape, premium tissue reinforced Dbl-sided",TRUE,0,Tesa Tape,4044,The Strouse Corporation,TRUE,0,,,5000 Cost of Goods,300000 Sales,13100 Inventory Asset,FALSE
20657,7305-W48,7305,Length Units,,Operations,Strouse-HQ,,Average,Default Cost Category,Protective Tape - Clear - LOG,TRUE,0.208833333,American Biltrite,3238,The Strouse Corporation,TRUE,0.208833333,,,5000 Cost of Goods,300000 Sales,13100 Inventory Asset,FALSE
20658,53874-W5.5,53874,Length Units,,Operations,Strouse-HQ,,Average,Default Cost Category,"Label Stock, #53874, Fasson® Trans-Therm® 2C/S2550/40#CK",TRUE,0.022374,Fasson / Avery Dennison Label & Packaging Materials     (acct. 5387),3246,The Strouse Corporation,TRUE,0.022374,,,5000 Cost of Goods,300000 Sales,13100 Inventory Asset,FALSE
20659,8777(8047)-W60,8777(8047),Length Units,,Operations,Strouse-HQ,,Average,Default Cost Category,"8777(8047), Sealing Tape, Tan, Solid Liner",TRUE,4.929146667,"3M Company, Inc. Converter Markets",3141,The Strouse Corporation,TRUE,4.929146667,,,5000 Cost of Goods,300000 Sales,13100 Inventory Asset,FALSE
20660,5952P-W5.25,5952P,Length Units,,Operations,Strouse-HQ,,Average,Default Cost Category,"5952P VHB Tape, Black, 45 Mil",TRUE,4.323834259,"3M Company, Inc. Converter Markets",3141,The Strouse Corporation,TRUE,4.323834259,,,5000 Cost of Goods,300000 Sales,13100 Inventory Asset,FALSE
20661,54lb C2S SL1/SL4 Liner-W5.75,54lb C2S SL1/SL4 Liner,Length Units,,Operations,Strouse-HQ,,Average,Default Cost Category,"3.2 mil 54 lb, C2S SL1/SL4 Easy/Medium Release Liner",TRUE,0.0239085,"Channeled Resources, Inc. (GMC Coatings)",3277,The Strouse Corporation,TRUE,0.0239085,,,5000 Cost of Goods,300000 Sales,13100 Inventory Asset,FALSE
20671,1772-W10.5,1772,Length Units,,Operations,Strouse-HQ,,Average,Default Cost Category,"White Polyethylene Single Sided Medical Foam Tape, 83 # Liner",TRUE,0.898988667,"3M Company, Inc. Converter Markets",3141,The Strouse Corporation,TRUE,0.898988667,,,5000 Cost of Goods,300000 Sales,13100 Inventory Asset,FALSE
20673,FRA 310-W4.5,FRA 310,Length Units,,Operations,Strouse-HQ,,Average,Default Cost Category,"Liner, 2 mil PET clear, FRA 310, Fluorosilicone, Easy Release",TRUE,0.136602274,Fox River Associates,4046,The Strouse Corporation,TRUE,0.136602274,,,5000 Cost of Goods,300000 Sales,13100 Inventory Asset,FALSE
20674,CSM - 3195C/EZ-W3.9375,CSM - 3195C/EZ,Length Units,,Operations,Strouse-HQ,,Average,Default Cost Category,"3195C/EZ, 3 mil, Clear  Protective Film.  Perfed every 15.75""",TRUE,0,Protective Packaging Products P3,3600,The Strouse Corporation,TRUE,0,,,5000 Cost of Goods,300000 Sales,13100 Inventory Asset,FALSE
20676,MELINEX 462-W11,MELINEX 462,Length Units,,Operations,Strouse-HQ,,Average,Default Cost Category,"Polyester, MELINEX 462 - 7Mil Thick, 11""",TRUE,0.1975,Polymershapes - Jessup,3375,The Strouse Corporation,TRUE,0.1975,,,5000 Cost of Goods,300000 Sales,13100 Inventory Asset,FALSE
20677,MELINEX 462-W7,MELINEX 462,Length Units,,Operations,Strouse-HQ,,Average,Default Cost Category,"Polyester, MELINEX 462 - 7Mil Thick, 7""",TRUE,0.1256808,Polymershapes - Jessup,3375,The Strouse Corporation,TRUE,0.1256808,,,5000 Cost of Goods,300000 Sales,13100 Inventory Asset,FALSE
20678,610-W12,610,Length Units,,Operations,Strouse-HQ,,Average,Default Cost Category,"Safety Walk, General Purpose Tread",TRUE,3.2654,"3M Company, Inc. Converter Markets",3141,The Strouse Corporation,TRUE,3.2654,,,5000 Cost of Goods,300000 Sales,13100 Inventory Asset,FALSE
20679,4466W-W1.25,4466W,Length Units,,Operations,Strouse-HQ,,Average,Default Cost Category,"Foam, 1/16"" (R-45), double coated white",TRUE,0.197005556,"3M Company, Inc. Converter Markets",3141,The Strouse Corporation,TRUE,0.197005556,,,5000 Cost of Goods,300000 Sales,13100 Inventory Asset,FALSE
20680,4466W-W0.5,4466W,Length Units,,Operations,Strouse-HQ,,Average,Default Cost Category,"Foam, 1/16"" (R-45), double coated white",TRUE,,"3M Company, Inc. Converter Markets",3141,The Strouse Corporation,TRUE,,,,5000 Cost of Goods,300000 Sales,13100 Inventory Asset,FALSE
20681,2460-W12,2460,Length Units,,Operations,Strouse-HQ,,Average,Default Cost Category,"2460, 12"" x 60 Yd. plastic core Gold Ultra Thin Masking tape",TRUE,0.435222222,"3M Company, Inc. Converter Markets",3141,The Strouse Corporation,TRUE,0.435222222,,,5000 Cost of Goods,300000 Sales,13100 Inventory Asset,FALSE
20682,S-15724Y-W2,S-15724Y,Length Units,,Operations,Strouse-HQ,,Average,Default Cost Category,"Industrial Thermal Transfer Labels - Yellow, 2 x 3""",TRUE,0.059574468,ULINE,3330,The Strouse Corporation,TRUE,0.059574468,,,5000 Cost of Goods,300000 Sales,13100 Inventory Asset,FALSE
20688,966NP-W5.5,966NP,Length Units,,Operations,Strouse-HQ,,Average,Default Cost Category,"2 mil, 100, 62#DK (unprinted)",TRUE,0.295432407,"3M Company, Inc. Converter Markets",3141,The Strouse Corporation,TRUE,0.295432407,,,5000 Cost of Goods,300000 Sales,13100 Inventory Asset,FALSE
20689,78lb. Medium SCK-W48,78lb. Medium SCK,Length Units,,Operations,Strouse-HQ,,Average,Default Cost Category,78 lb. Medium SCK Release Liner,TRUE,0.1699776,The Griff Network,3251,The Strouse Corporation,TRUE,0.1699776,,,5000 Cost of Goods,300000 Sales,13100 Inventory Asset,FALSE
20692,1772-W6,1772,Length Units,,Operations,Strouse-HQ,,Average,Default Cost Category,"White Polyethylene Single Sided Medical Foam Tape, 83 # Liner",TRUE,0.467022333,"3M Company, Inc. Converter Markets",3141,The Strouse Corporation,TRUE,0.467022333,,,5000 Cost of Goods,300000 Sales,13100 Inventory Asset,FALSE
20695,EE12 LtG-W5.9,EE12 LtG,Length Units,,Operations,Strouse-HQ,,Average,Default Cost Category,"EE12, printable film tape. Light Green",TRUE,0.054309091,Elliott Group International,3344,The Strouse Corporation,TRUE,0.054309091,,,5000 Cost of Goods,300000 Sales,13100 Inventory Asset,FALSE
20696,EE12 W-W5.9,EE12 W,Length Units,,Operations,Strouse-HQ,,Average,Default Cost Category,"EE12, printable film tape. White",TRUE,0.087878788,Elliott Group International,3344,The Strouse Corporation,TRUE,0.087878788,,,5000 Cost of Goods,300000 Sales,13100 Inventory Asset,FALSE
20699,54lb C2S SL1/SL4 Liner-W10.25,54lb C2S SL1/SL4 Liner,Length Units,,Operations,Strouse-HQ,,Average,Default Cost Category,"3.2 mil 54 lb, C2S SL1/SL4 Easy/Medium Release Liner",TRUE,0.0426195,"Channeled Resources, Inc. (GMC Coatings)",3277,The Strouse Corporation,TRUE,0.0426195,,,5000 Cost of Goods,300000 Sales,13100 Inventory Asset,FALSE
20704,HDPE 10 mil Natural-W5.125,HDPE 10 mil Natural,Length Units,,Operations,Strouse-HQ,,Average,Default Cost Category,"Treated.010"" Polyethylene, Natural HDPE SWS - Corona ",TRUE,0.049839599,Bostik Inc. ,3376,The Strouse Corporation,TRUE,0.049839599,,,5000 Cost of Goods,300000 Sales,13100 Inventory Asset,FALSE
20705,9731-W1.625,9731,Length Units,,Operations,Strouse-HQ,,Average,Default Cost Category,"9731, Tape, 5.5 mil, D/C PET, 350/Silicone, PET/PCK",TRUE,1.026490741,"3M Company, Inc. Converter Markets",3141,The Strouse Corporation,TRUE,1.026490741,,,5000 Cost of Goods,300000 Sales,13100 Inventory Asset,FALSE
20706,1774T-W27.375,1774T,Length Units,,Operations,Strouse-HQ,,Average,Default Cost Category,"Tape, Foam, Tan, 22.5 mil, polyethylene ",TRUE,2.790618182,"3M Company, Inc. Converter Markets",3141,The Strouse Corporation,TRUE,2.790618182,,,5000 Cost of Goods,300000 Sales,13100 Inventory Asset,FALSE
20707,1.2 mil PET C1S L3-W30.5,1.2 mil PET C1S L3,Length Units,,Operations,Strouse-HQ,,Average,Default Cost Category,"1.2 mil PET C1S, L3",TRUE,0.10248,"Channeled Resources, Inc. (GMC Coatings)",3277,The Strouse Corporation,TRUE,0.10248,,,5000 Cost of Goods,300000 Sales,13100 Inventory Asset,FALSE
20708,54lb C2S SL1/SL4 Liner-W3,54lb C2S SL1/SL4 Liner,Length Units,,Operations,Strouse-HQ,,Average,Default Cost Category,"3.2 mil 54 lb, C2S SL1/SL4 Easy/Medium Release Liner",TRUE,0.012474,"Channeled Resources, Inc. (GMC Coatings)",3277,The Strouse Corporation,TRUE,0.012474,,,5000 Cost of Goods,300000 Sales,13100 Inventory Asset,FALSE
20709,1571CW-W64,1571CW,Length Units,,Operations,Strouse-HQ,,Average,Default Cost Category,"CSM - Tedlar Tape, 1.5 mil, White",TRUE,0,"TCOM, L.P.",3551,The Strouse Corporation,TRUE,0,,,5000 Cost of Goods,300000 Sales,13100 Inventory Asset,FALSE
20710,4790-92-25021-04P-W54,4790-92-25021-04P,Length Units,,Operations,Strouse-HQ,,Average,Default Cost Category,"Poron, 21 Mil, Extra Soft Supported, Black",TRUE,5.45,Merryweather Foam,3320,The Strouse Corporation,TRUE,5.45,,,5000 Cost of Goods,300000 Sales,13100 Inventory Asset,FALSE
20711,4790-92-25041-1604-W54,4790-92-25041-1604,Length Units,,Operations,Strouse-HQ,,Average,Default Cost Category,"Poron, 41 Mil, Extra Soft Supported, Black",TRUE,5.8,Merryweather Foam,3320,The Strouse Corporation,TRUE,5.8,,,5000 Cost of Goods,300000 Sales,13100 Inventory Asset,FALSE
20716,1527-W1.25,1527,Length Units,,Operations,Strouse-HQ,,Average,Default Cost Category,"1527, Transparent Hypoallergenic tape. Sold by case",TRUE,0.095796667,"3M Company, Inc. Converter Markets",3141,The Strouse Corporation,TRUE,0.095796667,,,5000 Cost of Goods,300000 Sales,13100 Inventory Asset,FALSE
20717,6 Mil PET-W0.48,6 Mil PET,Length Units,,Operations,Strouse-HQ,,Average,Default Cost Category,"CSM - 6 Mil PET, Textured and Metalized on one side",TRUE,0,Vectorsun,3695,The Strouse Corporation,TRUE,0,,,5000 Cost of Goods,300000 Sales,13100 Inventory Asset,FALSE
20720,Hydroblock PS2000N-W48,Hydroblock PS2000N,Length Units,,Operations,Strouse-HQ,,Average,Default Cost Category,"CSM - Hydroblock PS2000N, 2.5mil thick",TRUE,0,Freshpoint Quality Assurance Ltd. d/b/a Evigence Sensors ,3686,The Strouse Corporation,TRUE,0,,,5000 Cost of Goods,300000 Sales,13100 Inventory Asset,FALSE
20722,4492B-W0.5,4492B,Length Units,,Operations,Strouse-HQ,,Average,Default Cost Category,"1/32"", D/C Black PE, 430",TRUE,0.068361111,"3M Company, Inc. Converter Markets",3141,The Strouse Corporation,TRUE,0.068361111,,,5000 Cost of Goods,300000 Sales,13100 Inventory Asset,FALSE
20724,A-454 150 Poly H9 Silicone Side Up-W7.25,A-454 150 Poly H9 Silicone Side Up,Length Units,,Operations,Strouse-HQ,,Average,Default Cost Category,A-454 150 Poly H9 Silicone Side Up,TRUE,0.085583004,"FLEXcon Company, Inc.",3247,The Strouse Corporation,TRUE,0.085583004,,,5000 Cost of Goods,300000 Sales,13100 Inventory Asset,FALSE
20725,FLX051800-W11,FLX051800,Length Units,,Operations,Strouse-HQ,,Average,Default Cost Category,A-454 150 Poly H9 Silicone Side Up,TRUE,0.16236,"FLEXcon Company, Inc.",3247,The Strouse Corporation,TRUE,0.16236,,,5000 Cost of Goods,300000 Sales,13100 Inventory Asset,FALSE
20728,FLX051800 A-454 150 Poly H9 Silicone Side Up-W60,FLX051800 A-454 150 Poly H9 Silicone Side Up,Length Units,,Operations,Strouse-HQ,,Average,Default Cost Category,A-454 150 Poly H9 Silicone Side Up,TRUE,0.7848,"FLEXcon Company, Inc.",3247,The Strouse Corporation,TRUE,0.7848,,,5000 Cost of Goods,300000 Sales,13100 Inventory Asset,FALSE
20729,966-W0.5,966,Length Units,,Operations,Strouse-HQ,,Average,Default Cost Category,Adhesive Transfer,TRUE,0.037220389,"3M Company, Inc. Converter Markets",3141,The Strouse Corporation,TRUE,0.037220389,,,5000 Cost of Goods,300000 Sales,13100 Inventory Asset,FALSE
20731,7600-W8,7600,Length Units,,Operations,Strouse-HQ,,Average,Default Cost Category,"3.5 mil, White Gloss Vinyl, 500, 43# DK",TRUE,0.34368,"3M Company, Inc. Converter Markets",3141,The Strouse Corporation,TRUE,0.34368,,,5000 Cost of Goods,300000 Sales,13100 Inventory Asset,FALSE
20732,8214-W12,8214,Length Units,,Operations,Strouse-HQ,,Average,Default Cost Category,"4 mil, Optically Clear Laminating Adhesive",TRUE,1.448686869,"3M Company, Inc. Converter Markets",3141,The Strouse Corporation,TRUE,1.448686869,,,5000 Cost of Goods,300000 Sales,13100 Inventory Asset,FALSE
20738,MH-7396-W27,MH-7396,Length Units,,Operations,Strouse-HQ,,Average,Default Cost Category,"Adhesive transfer, 1.5 mil medical, 53 lb. liner ",TRUE,2.1199968,"Adhesives Research, Inc.",3301,The Strouse Corporation,TRUE,2.1199968,,,5000 Cost of Goods,300000 Sales,13100 Inventory Asset,FALSE
20741,Haze White-W6.5,Haze White,Length Units,,Operations,Strouse-HQ,,Average,Default Cost Category,CSM - Haze White,TRUE,0,Freshpoint Quality Assurance Ltd. d/b/a Evigence Sensors ,3686,The Strouse Corporation,TRUE,0,,,5000 Cost of Goods,300000 Sales,13100 Inventory Asset,FALSE
20746,54lb C2S SL1/SL4 Liner-W5.5,54lb C2S SL1/SL4 Liner,Length Units,,Operations,Strouse-HQ,,Average,Default Cost Category,"3.2 mil 54 lb, C2S SL1/SL4 Easy/Medium Release Liner",TRUE,0.032142,"Channeled Resources, Inc. (GMC Coatings)",3277,The Strouse Corporation,TRUE,0.032142,,,5000 Cost of Goods,300000 Sales,13100 Inventory Asset,FALSE
20747,1080 Matte Dark Gray-W60,1080 Matte Dark Gray,Length Units,,Operations,Strouse-HQ,,Average,Default Cost Category,"1080, 3M Wrap Film, Matte Dark Gray",TRUE,8.166266667,"Grimco, Inc.",3368,The Strouse Corporation,TRUE,8.166266667,,,5000 Cost of Goods,300000 Sales,13100 Inventory Asset,FALSE
20748,1080 Satin White Aluminum-W60,1080 Satin White Aluminum,Length Units,,Operations,Strouse-HQ,,Average,Default Cost Category,"1080, 3M Wrap Film, Satin White Aluminum",TRUE,6.959333333,"Grimco, Inc.",3368,The Strouse Corporation,TRUE,6.959333333,,,5000 Cost of Goods,300000 Sales,13100 Inventory Asset,FALSE
20749,UltraCool-IR8360-W60,UltraCool-IR8360,Length Units,,Operations,Strouse-HQ,,Average,Default Cost Category,"UltraCool-IR8360, UV Blocking Solar Film",TRUE,6.71,"Decorative Films, LLC",3699,The Strouse Corporation,TRUE,6.71,,,5000 Cost of Goods,300000 Sales,13100 Inventory Asset,FALSE
20753,54lb C2S SL1/SL4 Liner-W4.75,54lb C2S SL1/SL4 Liner,Length Units,,Operations,Strouse-HQ,,Average,Default Cost Category,"3.2 mil 54 lb, C2S SL1/SL4 Easy/Medium Release Liner",TRUE,0.017953333,"Channeled Resources, Inc. (GMC Coatings)",3277,The Strouse Corporation,TRUE,0.017953333,,,5000 Cost of Goods,300000 Sales,13100 Inventory Asset,FALSE
20770,9671LE-W54,9671LE,Length Units,,Operations,Strouse-HQ,,Average,Default Cost Category,"2 mil, 300LSE, 83# PCK ",TRUE,3.114357222,"3M Company, Inc. Converter Markets",3141,The Strouse Corporation,TRUE,3.114357222,,,5000 Cost of Goods,300000 Sales,13100 Inventory Asset,FALSE
20772,3340-W2.5,3340,Length Units,,Operations,Strouse-HQ,,Average,Default Cost Category,"3340, Silver foil tape, 2.5"" x 50 yards, 9 rolls/case",TRUE,0.083214,"3M Company, Inc. Converter Markets",3141,The Strouse Corporation,TRUE,0.083214,,,5000 Cost of Goods,300000 Sales,13100 Inventory Asset,FALSE
20774,M50000C1 N713-W61.5,M50000C1 N713,Length Units,,Operations,Strouse-HQ,,Average,Default Cost Category,CSM - Westridge Military 500D 100% Nylon Mulitcam(R),TRUE,0,"Infrared Tools, LLC ( IR.TOOLS )",3581,The Strouse Corporation,TRUE,0,,,5000 Cost of Goods,300000 Sales,13100 Inventory Asset,FALSE
20775,10 pt.-W47,10 pt.,Length Units,,Operations,Strouse-HQ,,Average,Default Cost Category,CSM- 10 Pt. Paper,TRUE,0,Colony Packaging & Machine,3538,The Strouse Corporation,TRUE,0,,,5000 Cost of Goods,300000 Sales,13100 Inventory Asset,FALSE
20777,54lb C2S SL1/SL4 Liner-W4,54lb C2S SL1/SL4 Liner,Length Units,,Operations,Strouse-HQ,,Average,Default Cost Category,"3.2 mil 54 lb, C2S SL1/SL4 Easy/Medium Release Liner",TRUE,0.023376,"Channeled Resources, Inc. (GMC Coatings)",3277,The Strouse Corporation,TRUE,0.023376,,,5000 Cost of Goods,300000 Sales,13100 Inventory Asset,FALSE
20781,HDPE 12 mil Natural-W7.875,HDPE 12 mil Natural,Length Units,,Operations,Strouse-HQ,,Average,Default Cost Category,".012"" Polyethylene, Natural HDPE SWS - Corona Treated",TRUE,0.135815385,Bostik Inc. ,3376,The Strouse Corporation,TRUE,0.135815385,,,5000 Cost of Goods,300000 Sales,13100 Inventory Asset,FALSE
20782,HDPE 10 mil Natural-W11.625,HDPE 10 mil Natural,Length Units,,Operations,Strouse-HQ,,Average,Default Cost Category,".010"" Polyethylene, Natural HDPE SWS - Corona Treated",TRUE,0.2005,Bostik Inc. ,3376,The Strouse Corporation,TRUE,0.2005,,,5000 Cost of Goods,300000 Sales,13100 Inventory Asset,FALSE
20783,8210-W4,8210,Length Units,,Operations,Strouse-HQ,,Average,Default Cost Category,"8210, light pink film tape",TRUE,0.078808796,"3M Company, Inc. Converter Markets",3141,The Strouse Corporation,TRUE,0.078808796,,,5000 Cost of Goods,300000 Sales,13100 Inventory Asset,FALSE
20784,2476P-W1.5,2476P,Length Units,,Operations,Strouse-HQ,,Average,Default Cost Category,"2476P, Spunlace Polyester nonwoven Tape with Silicone adhesive",TRUE,0.196722212,"3M Company, Inc. Converter Markets",3141,The Strouse Corporation,TRUE,0.196722212,,,5000 Cost of Goods,300000 Sales,13100 Inventory Asset,FALSE
20785,5962P-W5.125,5962P,Length Units,,Operations,Strouse-HQ,,Average,Default Cost Category,"62 mil, D/C Black Acrylic Foam, VHB",TRUE,4.839170679,"3M Company, Inc. Converter Markets",3141,The Strouse Corporation,TRUE,4.839170679,,,5000 Cost of Goods,300000 Sales,13100 Inventory Asset,FALSE
20786,5300-W2,5300,Length Units,,Operations,Strouse-HQ,,Average,Default Cost Category,"Tape, clear Polyester Tabbing Tape, Automotive",TRUE,0.147777778,"3M Company, Inc. Converter Markets",3141,The Strouse Corporation,TRUE,0.147777778,,,5000 Cost of Goods,300000 Sales,13100 Inventory Asset,FALSE
20788,5952P-W10,5952P,Length Units,,Operations,Strouse-HQ,,Average,Default Cost Category,"5952P VHB Tape, Black, 45 Mil",TRUE,6.56834537,"3M Company, Inc. Converter Markets",3141,The Strouse Corporation,TRUE,6.56834537,,,5000 Cost of Goods,300000 Sales,13100 Inventory Asset,FALSE
20790,201+-W1.417,201+,Length Units,,Operations,Strouse-HQ,,Average,Default Cost Category,General Purpose Masking Tape,TRUE,0.019463333,"3M Company, Inc. Converter Markets",3141,The Strouse Corporation,TRUE,0.019463333,,,5000 Cost of Goods,300000 Sales,13100 Inventory Asset,FALSE
20798,CSM - Fusion Sheets-W14.25,CSM - Fusion Sheets,"Each (Use for Boxes, Bags, Cores, Cases)",3,Operations,Strouse-HQ,,Average,Default Cost Category,Fusion Sheet (14.25” x 38”),TRUE,0,Mobile Outfitters,3704,The Strouse Corporation,TRUE,0,,,5000 Cost of Goods,300000 Sales,13100 Inventory Asset,FALSE
20799,8555-W48,8555,Length Units,,Operations,Strouse-HQ,,Average,Default Cost Category,"8555, High Temperature Nylon Film Tape 8555, White",TRUE,14.3153912,"3M Company, Inc. Converter Markets",3141,The Strouse Corporation,TRUE,14.3153912,,,5000 Cost of Goods,300000 Sales,13100 Inventory Asset,FALSE
20800,93020LE-W4.8125,93020LE,Length Units,,Operations,Strouse-HQ,,Average,Default Cost Category,"12.9 mil PET, D/C, 300LSE, 58#PCK",TRUE,0.271555556,"3M Company, Inc. Converter Markets",3141,The Strouse Corporation,TRUE,0.271555556,,,5000 Cost of Goods,300000 Sales,13100 Inventory Asset,FALSE
20803,CSM - S1001-1DC11-W4,CSM - S1001-1DC11,Length Units,,Operations,Strouse-HQ,,Average,Default Cost Category,S1001-1DC11 from Adhesive Applications,TRUE,0,KYOCERA AVX Components LLC,3546,The Strouse Corporation,TRUE,0,,,5000 Cost of Goods,300000 Sales,13100 Inventory Asset,FALSE
20804,CSM - SP590HT-DC2-W4,CSM - SP590HT-DC2,Length Units,,Operations,Strouse-HQ,,Average,Default Cost Category,SP590HT-DC2 from Adhesive Applications,TRUE,0,KYOCERA AVX Components LLC,3546,The Strouse Corporation,TRUE,0,,,5000 Cost of Goods,300000 Sales,13100 Inventory Asset,FALSE
20806,9627-W8,9627,Length Units,,Operations,Strouse-HQ,,Average,Default Cost Category,"5 mil, 360, 58# PCK",TRUE,0.833333333,"3M Company, Inc. Converter Markets",3141,The Strouse Corporation,TRUE,0.833333333,,,5000 Cost of Goods,300000 Sales,13100 Inventory Asset,FALSE
20807,8132LE roll-W48,8132LE roll,Length Units,,Operations,Strouse-HQ,,Average,Default Cost Category,"8132LE,48"" x 180 yd , 2 mil Adhesive transfer,",TRUE,3.454111111,"3M Company, Inc. Converter Markets",3141,The Strouse Corporation,TRUE,3.454111111,,,5000 Cost of Goods,300000 Sales,13100 Inventory Asset,FALSE
20808,FM1-AL05-W3.5,FM1-AL05,Length Units,,Operations,Strouse-HQ,,Average,Default Cost Category,"Foil, HS230, Blister Lidding. 0.5 mil foil w/ 1 mil EVA",TRUE,1.199998857,Fastel Adhesives,3707,The Strouse Corporation,TRUE,1.199998857,,,5000 Cost of Goods,300000 Sales,13100 Inventory Asset,FALSE
20810,8146-2-W7,8146-2,Length Units,,Operations,Strouse-HQ,,Average,Default Cost Category,"2 mil, Optically Clear, Double Linered (PET) ",TRUE,0.692592593,"3M Company, Inc. Converter Markets",3141,The Strouse Corporation,TRUE,0.692592593,,,5000 Cost of Goods,300000 Sales,13100 Inventory Asset,FALSE
20811,1 mil Alum Alloy 1000-W4,1 mil Alum Alloy 1000,Length Units,,Operations,Strouse-HQ,,Average,Default Cost Category,"Foil, 1 mil Aluminum alloy 1000",TRUE,0.158803198,"ALL-FOILS, Inc.",3365,The Strouse Corporation,TRUE,0.158803198,,,5000 Cost of Goods,300000 Sales,13100 Inventory Asset,FALSE
20812,HDPE 10 mil Natural-W23.25,HDPE 10 mil Natural,Length Units,,Operations,Strouse-HQ,,Average,Default Cost Category,".010"" Polyethylene, Natural HDPE SWS - Corona Treated",TRUE,0.2261,Bostik Inc. ,3376,The Strouse Corporation,TRUE,0.2261,,,5000 Cost of Goods,300000 Sales,13100 Inventory Asset,FALSE
20814,1774T-W1.125,1774T,Length Units,,Operations,Strouse-HQ,,Average,Default Cost Category,"Tape, Foam, Tan, 22.5 mil, polyethylene ",TRUE,0.114681532,"3M Company, Inc. Converter Markets",3141,The Strouse Corporation,TRUE,0.114681532,,,5000 Cost of Goods,300000 Sales,13100 Inventory Asset,FALSE
20816,PALSUN UV 1/S-W48,PALSUN UV 1/S,"Each (Use for Boxes, Bags, Cores, Cases)",3,Operations,Strouse-HQ,,Average,Default Cost Category,"PC, 0.060"" Thick, Clear",TRUE,0,"Piedmont Plastics, Inc. Beltsville",3257,The Strouse Corporation,TRUE,0,,,5000 Cost of Goods,300000 Sales,13100 Inventory Asset,FALSE
20819,I0705-W60,I0705,Length Units,,Operations,Strouse-HQ,,Average,Default Cost Category,"Foam, 0.094"" T, DC Hypur-Cel Grey w/PSA-60",TRUE,4.1,Rubberlite,3303,The Strouse Corporation,TRUE,4.1,,,5000 Cost of Goods,300000 Sales,13100 Inventory Asset,FALSE
20821,5958FR-W1.75,5958FR,Length Units,,Operations,Strouse-HQ,,Average,Default Cost Category,"5958FR, Foam, 40 mil, D/C Acrylic Foam, VHB Black",TRUE,1.278210417,"3M Company, Inc. Converter Markets",3141,The Strouse Corporation,TRUE,1.278210417,,,5000 Cost of Goods,300000 Sales,13100 Inventory Asset,FALSE
20827,10092-W7.75,10092,Length Units,,Operations,Strouse-HQ,,Average,Default Cost Category,1 mil Clear Poly Overlam,TRUE,0.09207,"FLEXcon Company, Inc.",3247,The Strouse Corporation,TRUE,0.09207,,,5000 Cost of Goods,300000 Sales,13100 Inventory Asset,FALSE
20828,10092-W7.5,10092,Length Units,,Operations,Strouse-HQ,,Average,Default Cost Category,1 mil Clear Poly Overlam,TRUE,0.0891,"FLEXcon Company, Inc.",3247,The Strouse Corporation,TRUE,0.0891,,,5000 Cost of Goods,300000 Sales,13100 Inventory Asset,FALSE
20829,FLX051800-2 A-454 150 Poly H9 Silicone Side Up-W60,FLX051800-2 A-454 150 Poly H9 Silicone Side Up,Length Units,,Operations,Strouse-HQ,,Average,Default Cost Category,A-454 150 Poly H9 Silicone Side Up,TRUE,0.7848,"FLEXcon Company, Inc.",3247,The Strouse Corporation,TRUE,0.7848,,,5000 Cost of Goods,300000 Sales,13100 Inventory Asset,FALSE
20832,FRA T375 (Q200) C2S-W3,FRA T375 (Q200) C2S,Length Units,,Operations,Strouse-HQ,,Average,Default Cost Category,"Liner, 2 mil Q200, polyester clear, C2S 
Easy - Medium ",TRUE,0.033001314,Fox River Associates,4046,The Strouse Corporation,TRUE,0.033001314,,,5000 Cost of Goods,300000 Sales,13100 Inventory Asset,FALSE
20833,9795R-W6,9795R,Length Units,,Operations,Strouse-HQ,,Average,Default Cost Category,"9795R, Polyolefin Tape, Transparent, non-fluorescing film w/ silicone PSA",TRUE,1.908287037,"3M Company, Inc. Converter Markets",3141,The Strouse Corporation,TRUE,1.908287037,,,5000 Cost of Goods,300000 Sales,13100 Inventory Asset,FALSE
20834,153150160-W4,153150160,Length Units,,Operations,Strouse-HQ,,Average,Default Cost Category,"Bright Silver Foil- 
BRT SLV FOIL/C2500/40#SC",TRUE,0.037056,Fasson / Avery Dennison Label & Packaging Materials     (acct. 5387),3246,The Strouse Corporation,TRUE,0.037056,,,5000 Cost of Goods,300000 Sales,13100 Inventory Asset,FALSE
20836,56202/25578-W2.25,56202/25578,Length Units,,Operations,Strouse-HQ,,Average,Default Cost Category,CSM - 56202 3 Mil Clear PET 2270T/000,TRUE,0,3M CHIM Mfg,3679,The Strouse Corporation,TRUE,0,,,5000 Cost of Goods,300000 Sales,13100 Inventory Asset,FALSE
20837,4914-W2.25,4914,Length Units,,Operations,Strouse-HQ,,Average,Default Cost Category,"4914, .010"" White D/C Acrylic Foam",TRUE,1.944372333,"3M Company, Inc. Converter Markets",3141,The Strouse Corporation,TRUE,1.944372333,,,5000 Cost of Goods,300000 Sales,13100 Inventory Asset,FALSE
20839,2477P-W1.75,2477P,Length Units,,Operations,Strouse-HQ,,Average,Default Cost Category,"Tape, D/C Silicone/ Acrylic Medical Tape 2477P",TRUE,0.277741667,"3M Company, Inc. Converter Markets",3141,The Strouse Corporation,TRUE,0.277741667,,,5000 Cost of Goods,300000 Sales,13100 Inventory Asset,FALSE
20840,9458-W16,9458,Length Units,,Operations,Strouse-HQ,,Average,Default Cost Category,"9458, 1 mil, 300, 55#DK",TRUE,1.070783889,"3M Company, Inc. Converter Markets",3141,The Strouse Corporation,TRUE,1.070783889,,,5000 Cost of Goods,300000 Sales,13100 Inventory Asset,FALSE
20841,1043-W17,1043,Length Units,,Operations,Strouse-HQ,,Average,Default Cost Category,"Polyester, 1 mil (0.92) guage, Dupont type A, untreated",TRUE,0.06324,"Transcendia (Transilwrap Company, Inc.)",3266,The Strouse Corporation,TRUE,0.06324,,,5000 Cost of Goods,300000 Sales,13100 Inventory Asset,FALSE
20843,4914-W30,4914,Length Units,,Operations,Strouse-HQ,,Average,Default Cost Category,"4914, .010"" White D/C Acrylic Foam",TRUE,18.84074074,"3M Company, Inc. Converter Markets",3141,The Strouse Corporation,TRUE,18.84074074,,,5000 Cost of Goods,300000 Sales,13100 Inventory Asset,FALSE
20844,RFID Tags-W1.102 - CatID-20844,RFID Tags,"Each (Use for Boxes, Bags, Cores, Cases)",3,Operations,Strouse-HQ,,Average,Default Cost Category,I00PADIA9D25,TRUE,0.202359347,Identiv,3419,The Strouse Corporation,TRUE,0.202359347,,,5000 Cost of Goods,300000 Sales,13100 Inventory Asset,FALSE
20847,93010LE-W3,93010LE,Length Units,,Operations,Strouse-HQ,,Average,Default Cost Category,"93010LE, 3.9 mil, D/C PET, 300LSE, 58#PCK",TRUE,0.164786944,"3M Company, Inc. Converter Markets",3141,The Strouse Corporation,TRUE,0.164786944,,,5000 Cost of Goods,300000 Sales,13100 Inventory Asset,FALSE
20849,FLX051800 A-454 150 Poly H9 Silicone Side Up-W11,FLX051800 A-454 150 Poly H9 Silicone Side Up,Length Units,,Operations,Strouse-HQ,,Average,Default Cost Category,A-454 150 Poly H9 Silicone Side Up,TRUE,0.14388,"FLEXcon Company, Inc.",3247,The Strouse Corporation,TRUE,0.14388,,,5000 Cost of Goods,300000 Sales,13100 Inventory Asset,FALSE
20850,Special M/M 500 White Liner-W4.5,Special M/M 500 White Liner,Length Units,,Operations,Strouse-HQ,,Average,Default Cost Category,Special M/M 500 White Liner,TRUE,0.21114,"FLEXcon Company, Inc.",3247,The Strouse Corporation,TRUE,0.21114,,,5000 Cost of Goods,300000 Sales,13100 Inventory Asset,FALSE
20851,9458-W6,9458,Length Units,,Operations,Strouse-HQ,,Average,Default Cost Category,"9458, 1 mil, 300, 55#DK",TRUE,0.401543889,"3M Company, Inc. Converter Markets",3141,The Strouse Corporation,TRUE,0.401543889,,,5000 Cost of Goods,300000 Sales,13100 Inventory Asset,FALSE
20852,"Special, A-454 400 Poly H9 Silicone Side Up-W60","Special, A-454 400 Poly H9 Silicone Side Up",Length Units,,Operations,Strouse-HQ,,Average,Default Cost Category,"Soft Anvil, Special, A-454 400 Poly H9 Silicone Side Up",TRUE,2.1384,"FLEXcon Company, Inc.",3247,The Strouse Corporation,TRUE,2.1384,,,5000 Cost of Goods,300000 Sales,13100 Inventory Asset,FALSE
20857,9449S-W3,9449S,Length Units,,Operations,Strouse-HQ,,Average,Default Cost Category,"0.4 mil 1000 Adhesive, 55# DK liner",TRUE,0.225435185,"3M Company, Inc. Converter Markets",3141,The Strouse Corporation,TRUE,0.225435185,,,5000 Cost of Goods,300000 Sales,13100 Inventory Asset,FALSE
20858,764-B-W49,764-B,Length Units,,Operations,Strouse-HQ,,Average,Default Cost Category,"General Purpose Vinyl Tape, Blue, 5.2 mil",TRUE,0.958448148,"3M Company, Inc. Converter Markets",3141,The Strouse Corporation,TRUE,0.958448148,,,5000 Cost of Goods,300000 Sales,13100 Inventory Asset,FALSE
20859,609 CLEAR POLYESTER OVERLAMINATE-W60,609 CLEAR POLYESTER OVERLAMINATE,Length Units,,Operations,Strouse-HQ,,Average,Default Cost Category,0.92mil Clear PET/0.5mil High Grade Clear Emulsion Acrylic,TRUE,0.4104,Avery Dennison  (Formerly know as ACPO Ltd.),3300,The Strouse Corporation,TRUE,0.4104,,,5000 Cost of Goods,300000 Sales,13100 Inventory Asset,FALSE
20866,1772S-W8,1772S,Length Units,,Operations,Strouse-HQ,,Average,Default Cost Category,"White Polyethylene Single Sided Medical Foam Tape, Low Release Liner",TRUE,0.509733333,"3M Company, Inc. Converter Markets",3141,The Strouse Corporation,TRUE,0.509733333,,,5000 Cost of Goods,300000 Sales,13100 Inventory Asset,FALSE
20867,FLX051800-2 A-454 150 Poly H9 Silicone Side Up-W7.25,FLX051800-2 A-454 150 Poly H9 Silicone Side Up,Length Units,,Operations,Strouse-HQ,,Average,Default Cost Category,A-454 150 Poly H9 Silicone Side Up,TRUE,0.09483,"FLEXcon Company, Inc.",3247,The Strouse Corporation,TRUE,0.09483,,,5000 Cost of Goods,300000 Sales,13100 Inventory Asset,FALSE
20870,FLX051800-2 A-454 150 Poly H9 Silicone Side Up-W6.375,FLX051800-2 A-454 150 Poly H9 Silicone Side Up,Length Units,,Operations,Strouse-HQ,,Average,Default Cost Category,A-454 150 Poly H9 Silicone Side Up,TRUE,0.075254021,"FLEXcon Company, Inc.",3247,The Strouse Corporation,TRUE,0.075254021,,,5000 Cost of Goods,300000 Sales,13100 Inventory Asset,FALSE
20871,RP45-W6.25,RP45,Length Units,,Operations,Strouse-HQ,,Average,Default Cost Category,"RP45, 45 mil, D/C Acrylic, VHB",TRUE,1.718469907,"3M Company, Inc. Converter Markets",3141,The Strouse Corporation,TRUE,1.718469907,,,5000 Cost of Goods,300000 Sales,13100 Inventory Asset,FALSE
20872,2477P-W1.25,2477P,Length Units,,Operations,Strouse-HQ,,Average,Default Cost Category,"Tape, D/C Silicone/ Acrylic Medical Tape 2477P",TRUE,0.198387,"3M Company, Inc. Converter Markets",3141,The Strouse Corporation,TRUE,0.198387,,,5000 Cost of Goods,300000 Sales,13100 Inventory Asset,FALSE
20873,2477P-W6.875,2477P,Length Units,,Operations,Strouse-HQ,,Average,Default Cost Category,"Tape, D/C Silicone/ Acrylic Medical Tape 2477P",TRUE,1.134243,"3M Company, Inc. Converter Markets",3141,The Strouse Corporation,TRUE,1.134243,,,5000 Cost of Goods,300000 Sales,13100 Inventory Asset,FALSE
20874,7333 - Jumbo-W62,7333 - Jumbo,Length Units,,Operations,Strouse-HQ,,Average,Default Cost Category,"7333 Protective film, high tack",TRUE,0.273792,American Biltrite,3238,The Strouse Corporation,TRUE,0.273792,,,5000 Cost of Goods,300000 Sales,13100 Inventory Asset,FALSE
20876,9793R-W6,9793R,Length Units,,Operations,Strouse-HQ,,Average,Default Cost Category,"9793R, Polyolefin Tape, Transparent, non-fluorescing film with a hydrophobic adhesive.",TRUE,0,"3M Company, Inc. Converter Markets",3141,The Strouse Corporation,TRUE,0,,,5000 Cost of Goods,300000 Sales,13100 Inventory Asset,FALSE
20879,3M1080G10-60025-W60,3M1080G10-60025,Length Units,,Operations,Strouse-HQ,,Average,Default Cost Category,"1080, 3M Wrap Film, Gloss White",TRUE,7.5632,"Grimco, Inc.",3368,The Strouse Corporation,TRUE,7.5632,,,5000 Cost of Goods,300000 Sales,13100 Inventory Asset,FALSE
20882,1194-W7.7,1194,"Each (Use for Boxes, Bags, Cores, Cases)",3,Operations,Strouse-HQ,,Average,Default Cost Category,"1194, Tape, 3 mil, Copper Foil, NonConductive Acrylic Adhesive (linered)",TRUE,0.59419,"3M Company, Inc. Converter Markets",3141,The Strouse Corporation,TRUE,0.59419,,,5000 Cost of Goods,300000 Sales,13100 Inventory Asset,FALSE
20883,FRA 312 (Q200)-W4,FRA 312 (Q200),Length Units,,Operations,Strouse-HQ,,Average,Default Cost Category,"Liner, 2 mil Q200, polyester clear, S1S Easy - Medium ",TRUE,0.026496,Fox River Associates,4046,The Strouse Corporation,TRUE,0.026496,,,5000 Cost of Goods,300000 Sales,13100 Inventory Asset,FALSE
20884,9445-W24,9445,Length Units,,Operations,Strouse-HQ,,Average,Default Cost Category,"9445 , Adhesive Transfer, 5 mil 350, 55# DK",TRUE,3.201385802,"3M Company, Inc. Converter Markets",3141,The Strouse Corporation,TRUE,3.201385802,,,5000 Cost of Goods,300000 Sales,13100 Inventory Asset,FALSE
20885,4997-W11,4997,Length Units,,Operations,Strouse-HQ,,Average,Default Cost Category,"4997, 4 mil Liner, 70# BK, C1S",TRUE,0.768382716,"3M Company, Inc. Converter Markets",3141,The Strouse Corporation,TRUE,0.768382716,,,5000 Cost of Goods,300000 Sales,13100 Inventory Asset,FALSE
20886,5952-W1.75,5952,Length Units,,Operations,Strouse-HQ,,Average,Default Cost Category,"45 mil, D/C Acrylic Foam, VHB Black",TRUE,1.298713194,"3M Company, Inc. Converter Markets",3141,The Strouse Corporation,TRUE,1.298713194,,,5000 Cost of Goods,300000 Sales,13100 Inventory Asset,FALSE
20887,40PR-W1,40PR,Length Units,,Operations,Strouse-HQ,,Average,Default Cost Category,Clear Anti-Static Tape,TRUE,0.140273611,"3M Company, Inc. Converter Markets",3141,The Strouse Corporation,TRUE,0.140273611,,,5000 Cost of Goods,300000 Sales,13100 Inventory Asset,FALSE
20888,5915P-W2,5915P,Length Units,,Operations,Strouse-HQ,,Average,Default Cost Category,"16 mil, Acrylic foam tape, double-coated Black VHB paper liner",TRUE,1.448974756,"3M Company, Inc. Converter Markets",3141,The Strouse Corporation,TRUE,1.448974756,,,5000 Cost of Goods,300000 Sales,13100 Inventory Asset,FALSE
20889,7725-131-W48,7725-131,Length Units,,Operations,Strouse-HQ,,Average,Default Cost Category,"7725-131, Gold Vinyl Label Stock",TRUE,4.468904,"3M Company, Inc. Converter Markets",3141,The Strouse Corporation,TRUE,4.468904,,,5000 Cost of Goods,300000 Sales,13100 Inventory Asset,FALSE
20892,"CSM - Grey TPO Rubber, 43mils thick-W10","CSM - Grey TPO Rubber, 43mils thick",Length Units,,Operations,Strouse-HQ,,Average,Default Cost Category,"CSM - Grey TPO Rubber, 43mils thick",TRUE,0,"Fres-Co Systems USA, Inc.",3680,The Strouse Corporation,TRUE,0,,,5000 Cost of Goods,300000 Sales,13100 Inventory Asset,FALSE
20895,16 mil Copper Foil-W2,16 mil Copper Foil,Length Units,,Operations,Strouse-HQ,,Average,Default Cost Category,"Copper, 16 Mil, alloy 110 copper  ¼ hard temper",TRUE,5,United States Brass and Copper,3717,The Strouse Corporation,TRUE,5,,,5000 Cost of Goods,300000 Sales,13100 Inventory Asset,FALSE
20897,2 mil Clear Polyester - Coated L-3 UV-W53,2 mil Clear Polyester - Coated L-3 UV,Length Units,,Operations,Strouse-HQ,,Average,Default Cost Category,"Polyester, 2 mil Clear - Coated L-3 UV",TRUE,0,Technicote (Sil-Tech),3263,The Strouse Corporation,TRUE,0,,,5000 Cost of Goods,300000 Sales,13100 Inventory Asset,FALSE
20898,9445-W10.5,9445,Length Units,,Operations,Strouse-HQ,,Average,Default Cost Category,"9445 , Adhesive Transfer, 5 mil 350, 55# DK",TRUE,1.400606289,"3M Company, Inc. Converter Markets",3141,The Strouse Corporation,TRUE,1.400606289,,,5000 Cost of Goods,300000 Sales,13100 Inventory Asset,FALSE
20899,9445-W6,9445,Length Units,,Operations,Strouse-HQ,,Average,Default Cost Category,"9445 , Adhesive Transfer, 5 mil 350, 55# DK",TRUE,0.885111111,"3M Company, Inc. Converter Markets",3141,The Strouse Corporation,TRUE,0.885111111,,,5000 Cost of Goods,300000 Sales,13100 Inventory Asset,FALSE
20900,4997-W3.75,4997,Length Units,,Operations,Strouse-HQ,,Average,Default Cost Category,"4997, 4 mil Liner, 70# BK, C1S",TRUE,0.126938272,"3M Company, Inc. Converter Markets",3141,The Strouse Corporation,TRUE,0.126938272,,,5000 Cost of Goods,300000 Sales,13100 Inventory Asset,FALSE
20901,4910-W12,4910,Length Units,,Operations,Strouse-HQ,,Average,Default Cost Category,"4910, Foam, 40 mil, VHB, double coated clear",TRUE,7.187685185,"3M Company, Inc. Converter Markets",3141,The Strouse Corporation,TRUE,7.187685185,,,5000 Cost of Goods,300000 Sales,13100 Inventory Asset,FALSE
20903,2393-W1.889,2393,Length Units,,Operations,Strouse-HQ,,Average,Default Cost Category,2393 Masking Tape,TRUE,0.086,"3M Company, Inc. Converter Markets",3141,The Strouse Corporation,TRUE,0.086,,,5000 Cost of Goods,300000 Sales,13100 Inventory Asset,FALSE
20905,Cat 1269-W28,Cat 1269,Length Units,,Operations,Strouse-HQ,,Average,Default Cost Category,Radio Clear Transparent Film,TRUE,30,"Less EMF, Inc.",3637,The Strouse Corporation,TRUE,30,,,5000 Cost of Goods,300000 Sales,13100 Inventory Asset,FALSE
20906,102511-001 Rev B-W1,102511-001 Rev B,"Each (Use for Boxes, Bags, Cores, Cases)",3,Operations,Strouse-HQ,,Average,Default Cost Category,Eversense XL Adhesive patch box,TRUE,,Senseonics,3633,The Strouse Corporation,TRUE,,,,5000 Cost of Goods,300000 Sales,13100 Inventory Asset,FALSE
20907,T-363-W52,T-363,Length Units,,Operations,Strouse-HQ,,Average,Default Cost Category,2 mil Clear Polyester,TRUE,0.281682927,Fox River Associates,4046,The Strouse Corporation,TRUE,0.281682927,,,5000 Cost of Goods,300000 Sales,13100 Inventory Asset,FALSE
20908,BH Tape (A135 Plus)-W9.5,BH Tape (A135 Plus),Length Units,,Operations,Strouse-HQ,,Average,Default Cost Category,"CSM - Medical Tape, 4 mil DC, A135 Plus",TRUE,0,3M Medical Solutions Division,3645,The Strouse Corporation,TRUE,0,,,5000 Cost of Goods,300000 Sales,13100 Inventory Asset,FALSE
20911,9738-W4.125,9738,Length Units,,Operations,Strouse-HQ,,Average,Default Cost Category,4.3 mil clear double coated tape,TRUE,0.088726638,"3M Company, Inc. Converter Markets",3141,The Strouse Corporation,TRUE,0.088726638,,,5000 Cost of Goods,300000 Sales,13100 Inventory Asset,FALSE
20915,MH-93687-W2.16,MH-93687,Length Units,,Operations,Strouse-HQ,,Average,Default Cost Category,CSM - Double Coated Film,TRUE,0,"Cue Health, Inc.",3715,The Strouse Corporation,TRUE,0,,,5000 Cost of Goods,300000 Sales,13100 Inventory Asset,FALSE
20916,MH-93688-W2.16,MH-93688,Length Units,,Operations,Strouse-HQ,,Average,Default Cost Category,CSM - Transfer Film,TRUE,0,"Cue Health, Inc.",3715,The Strouse Corporation,TRUE,0,,,5000 Cost of Goods,300000 Sales,13100 Inventory Asset,FALSE
20917,W2910-W1.575,W2910,Length Units,,Operations,Strouse-HQ,,Average,Default Cost Category,CSM - PET Interleave,TRUE,0,"Cue Health, Inc.",3715,The Strouse Corporation,TRUE,0,,,5000 Cost of Goods,300000 Sales,13100 Inventory Asset,FALSE
20919,5915P-W6.25,5915P,Length Units,,Operations,Strouse-HQ,,Average,Default Cost Category,"16 mil, Acrylic foam tape, double-coated Black VHB paper liner",TRUE,3.647486111,"3M Company, Inc. Converter Markets",3141,The Strouse Corporation,TRUE,3.647486111,,,5000 Cost of Goods,300000 Sales,13100 Inventory Asset,FALSE
20920,White EPE-W39.37,White EPE,Length Units,,Operations,Strouse-HQ,,Average,Default Cost Category,CSM - White Coveme EPE EW/P125/EW,TRUE,0,"Silfab Solar, Inc.",3673,The Strouse Corporation,TRUE,0,,,5000 Cost of Goods,300000 Sales,13100 Inventory Asset,FALSE
20921,966NP-W5,966NP,Length Units,,Operations,Strouse-HQ,,Average,Default Cost Category,"2 mil, 100, 62#DK (unprinted)",TRUE,0.192774074,"3M Company, Inc. Converter Markets",3141,The Strouse Corporation,TRUE,0.192774074,,,5000 Cost of Goods,300000 Sales,13100 Inventory Asset,FALSE
20922,966NP-W5.375,966NP,Length Units,,Operations,Strouse-HQ,,Average,Default Cost Category,"2 mil, 100, 62#DK (unprinted)",TRUE,0.231329074,"3M Company, Inc. Converter Markets",3141,The Strouse Corporation,TRUE,0.231329074,,,5000 Cost of Goods,300000 Sales,13100 Inventory Asset,FALSE
20923,F9469PC-W18,F9469PC,Length Units,,Operations,Strouse-HQ,,Average,Default Cost Category,5 mil Adhesive Transfer Tape (Printed Liner),TRUE,3.125953333,"3M Company, Inc. Converter Markets",3141,The Strouse Corporation,TRUE,3.125953333,,,5000 Cost of Goods,300000 Sales,13100 Inventory Asset,FALSE
20924,1526-W13,1526,Length Units,,Operations,Strouse-HQ,,Average,Default Cost Category,"Tape, S/C Polyethylene film, 63# hypoallergenic acrylate PSA",TRUE,0.397553333,"3M Company, Inc. Converter Markets",3141,The Strouse Corporation,TRUE,0.397553333,,,5000 Cost of Goods,300000 Sales,13100 Inventory Asset,FALSE
20925,1526-W9,1526,Length Units,,Operations,Strouse-HQ,,Average,Default Cost Category,"Tape, S/C Polyethylene film, 63# hypoallergenic acrylate PSA",TRUE,0.275226667,"3M Company, Inc. Converter Markets",3141,The Strouse Corporation,TRUE,0.275226667,,,5000 Cost of Goods,300000 Sales,13100 Inventory Asset,FALSE
20927,7600-W7,7600,Length Units,,Operations,Strouse-HQ,,Average,Default Cost Category,"3.5 mil, White Gloss Vinyl, 500, 43# DK",TRUE,0.262836,"3M Company, Inc. Converter Markets",3141,The Strouse Corporation,TRUE,0.262836,,,5000 Cost of Goods,300000 Sales,13100 Inventory Asset,FALSE
20929,9965-W24,9965,Length Units,,Operations,Strouse-HQ,,Average,Default Cost Category,"9965, White polyester Double coated Diagnostic tape",TRUE,4.792319907,"3M Company, Inc. Converter Markets",3141,The Strouse Corporation,TRUE,4.792319907,,,5000 Cost of Goods,300000 Sales,13100 Inventory Asset,FALSE
20932,07065-W12.2,07065,Length Units,,Operations,Strouse-HQ,,Average,Default Cost Category,47 mil double-sided acrylic foam tape,TRUE,0,Tesa Tape,4044,The Strouse Corporation,TRUE,0,,,5000 Cost of Goods,300000 Sales,13100 Inventory Asset,FALSE
20943,4945-W1,4945,Length Units,,Operations,Strouse-HQ,,Average,Default Cost Category,"Foam, 3/64"" (.045) VHB, double coated white ",TRUE,1.247534259,"3M Company, Inc. Converter Markets",3141,The Strouse Corporation,TRUE,1.247534259,,,5000 Cost of Goods,300000 Sales,13100 Inventory Asset,FALSE
20947,CF3350-002-W10,CF3350-002,"Each (Use for Boxes, Bags, Cores, Cases)",3,Operations,Strouse-HQ,,Average,Default Cost Category,"CF3350-002, Loctite Hysol Hot Melt Adhesive",TRUE,15.5,BondingSource.com,3723,The Strouse Corporation,TRUE,15.5,,,5000 Cost of Goods,300000 Sales,13100 Inventory Asset,FALSE
20951,16 mil Copper Foil-W3.5,16 mil Copper Foil,Length Units,,Operations,Strouse-HQ,,Average,Default Cost Category,"Copper, 16 Mil, alloy 110 copper  ¼ hard temper",TRUE,2.10168,United States Brass and Copper,3717,The Strouse Corporation,TRUE,2.10168,,,5000 Cost of Goods,300000 Sales,13100 Inventory Asset,FALSE
20952,467MP-W4,467MP,Length Units,,Operations,Strouse-HQ,,Average,Default Cost Category,"467MP, 2 mil, 200MP, 58# PCK",TRUE,0.243202593,"3M Company, Inc. Converter Markets",3141,The Strouse Corporation,TRUE,0.243202593,,,5000 Cost of Goods,300000 Sales,13100 Inventory Asset,FALSE
20960,9965-W48,9965,Length Units,,Operations,Strouse-HQ,,Average,Default Cost Category,"9965, White polyester Double coated Diagnostic tape",TRUE,9.584638889,"3M Company, Inc. Converter Markets",3141,The Strouse Corporation,TRUE,9.584638889,,,5000 Cost of Goods,300000 Sales,13100 Inventory Asset,FALSE
20962,CGT-665C-W4,CGT-665C,Length Units,,Operations,Strouse-HQ,,Average,Default Cost Category,"Matte Black Cloth Tape, Gaffers",TRUE,0.191666667,Adhesive Tape Products,3237,The Strouse Corporation,TRUE,0.191666667,,,5000 Cost of Goods,300000 Sales,13100 Inventory Asset,FALSE
20963,401+-W0.4724,401+,Length Units,,Operations,Strouse-HQ,,Average,Default Cost Category,Green Performance Masking ,TRUE,0.011155556,"3M Company, Inc. Converter Markets",3141,The Strouse Corporation,TRUE,0.011155556,,,5000 Cost of Goods,300000 Sales,13100 Inventory Asset,FALSE
20968,54 lb. C1S S0(BG0)-W2.75,54 lb. C1S S0(BG0),"Each (Use for Boxes, Bags, Cores, Cases)",3,Operations,Strouse-HQ,,Average,Default Cost Category,3.2 mil 54 lb. Easy Release C1S Liner,TRUE,0.0095997,"Channeled Resources, Inc. (GMC Coatings)",3277,The Strouse Corporation,TRUE,0.0095997,,,5000 Cost of Goods,300000 Sales,13100 Inventory Asset,FALSE
20969,78 lb. C1S BG0-W18,78 lb. C1S BG0,Length Units,,Operations,Strouse-HQ,,Average,Default Cost Category,4.4 mil 78 lb. Easy Release C1S Liner,TRUE,0.11664,"Channeled Resources, Inc. (GMC Coatings)",3277,The Strouse Corporation,TRUE,0.11664,,,5000 Cost of Goods,300000 Sales,13100 Inventory Asset,FALSE
20971,78 lb. C1S BG0-W4,78 lb. C1S BG0,Length Units,,Operations,Strouse-HQ,,Average,Default Cost Category,4.4 mil 78 lb. Easy Release C1S Liner - LOG,TRUE,0.02592,"Channeled Resources, Inc. (GMC Coatings)",3277,The Strouse Corporation,TRUE,0.02592,,,5000 Cost of Goods,300000 Sales,13100 Inventory Asset,FALSE
20975,Nomex 410 (NMX4102I)-W36,Nomex 410 (NMX4102I),Length Units,,Operations,Strouse-HQ,,Average,Default Cost Category,"Nomex 410, 2 mil, Insulation paper, high inherent dielectric strength, mechanical toughness, flexibility & resilience",TRUE,2.133333333,EIS Electrical,3244,The Strouse Corporation,TRUE,2.133333333,,,5000 Cost of Goods,300000 Sales,13100 Inventory Asset,FALSE
20981,1774T-W6,1774T,Length Units,,Operations,Strouse-HQ,,Average,Default Cost Category,"1774,Foam tape, 22.5milsT, polyurethane, 63# liner Tan",TRUE,0.558378889,"3M Company, Inc. Converter Markets",3141,The Strouse Corporation,TRUE,0.558378889,,,5000 Cost of Goods,300000 Sales,13100 Inventory Asset,FALSE
20983,MED 5707-W10,MED 5707,Length Units,,Operations,Strouse-HQ,,Average,Default Cost Category,"MED 5707, Single Coated 2.4 oz, White Spunlaced Non-Woven Tape",TRUE,0.4914,Avery Dennison-Specialty Tape Division,3239,The Strouse Corporation,TRUE,0.4914,,,5000 Cost of Goods,300000 Sales,13100 Inventory Asset,FALSE
20985,468MP-W2.4375,468MP,Length Units,,Operations,Strouse-HQ,,Average,Default Cost Category,"5 mil, 200MP, 58#PCK",TRUE,0.185690648,"3M Company, Inc. Converter Markets",3141,The Strouse Corporation,TRUE,0.185690648,,,5000 Cost of Goods,300000 Sales,13100 Inventory Asset,FALSE
20987,W10002-W56,W10002,Length Units,,Operations,Strouse-HQ,,Average,Default Cost Category,"W10002 Fluorosilicone Release Liner, Polyester, Easy Release ",TRUE,1.4,"Adhesives Research, Inc.",3301,The Strouse Corporation,TRUE,1.4,,,5000 Cost of Goods,300000 Sales,13100 Inventory Asset,FALSE
20988,MED 5707-W7,MED 5707,Length Units,,Operations,Strouse-HQ,,Average,Default Cost Category,"MED 5707, Single Coated 2.4 oz, White Spunlaced Non-Woven Tape  ",TRUE,0.386613333,Avery - Vancive Medical Technologies,3390,The Strouse Corporation,TRUE,0.386613333,,,5000 Cost of Goods,300000 Sales,13100 Inventory Asset,FALSE
20993,1510-W4,1510,Length Units,,Operations,Strouse-HQ,,Average,Default Cost Category,Clear Protecrite 4.6 mil Polypropylene with rubber adhesive,TRUE,0.040266667,American Biltrite,3238,The Strouse Corporation,TRUE,0.040266667,,,5000 Cost of Goods,300000 Sales,13100 Inventory Asset,FALSE
20995,8686-W24,8686,Length Units,,Operations,Strouse-HQ,,Average,Default Cost Category,"8686, Polyurethane Protective Tape",TRUE,15.69019537,"3M Company, Inc. Converter Markets",3141,The Strouse Corporation,TRUE,15.69019537,,,5000 Cost of Goods,300000 Sales,13100 Inventory Asset,FALSE
20997,RP62-W4.8125,RP62,Length Units,,Operations,Strouse-HQ,,Average,Default Cost Category,"RP62, 62 mil, D/C Acrylic, VHB",TRUE,1.438762654,"3M Company, Inc. Converter Markets",3141,The Strouse Corporation,TRUE,1.438762654,,,5000 Cost of Goods,300000 Sales,13100 Inventory Asset,FALSE
20998,8686-W36,8686,Length Units,,Operations,Strouse-HQ,,Average,Default Cost Category,"8686, Polyurethane Protective Tape",TRUE,22.02803148,"3M Company, Inc. Converter Markets",3141,The Strouse Corporation,TRUE,22.02803148,,,5000 Cost of Goods,300000 Sales,13100 Inventory Asset,FALSE
21000,GPH-110GF-W2.5,GPH-110GF,Length Units,,Operations,Strouse-HQ,,Average,Default Cost Category,"GPH-110GF, 45 mil, Gray, Acrylic foam",TRUE,0.853548765,"3M Company, Inc. Converter Markets",3141,The Strouse Corporation,TRUE,0.853548765,,,5000 Cost of Goods,300000 Sales,13100 Inventory Asset,FALSE
21001,3903 Gray-W2,3903 Gray,Length Units,,Operations,Strouse-HQ,,Average,Default Cost Category,"3903, Tape, Gray Vinyl  Embossed Duct",TRUE,0.034692667,"3M Company, Inc. Converter Markets",3141,The Strouse Corporation,TRUE,0.034692667,,,5000 Cost of Goods,300000 Sales,13100 Inventory Asset,FALSE
21002,5930-W6.5,5930,Length Units,,Operations,Strouse-HQ,,Average,Default Cost Category,"5930,Foam, .032, D/C Black Acrylic , VHB ",TRUE,4.13165463,"3M Company, Inc. Converter Markets",3141,The Strouse Corporation,TRUE,4.13165463,,,5000 Cost of Goods,300000 Sales,13100 Inventory Asset,FALSE
21005,CSM-9960-W24.5,CSM-9960,Length Units,,Operations,Strouse-HQ,,Average,Default Cost Category,"CSM - 9960, Microfluidic hydrophilic film",TRUE,0,"Creative Materials, Inc.",3678,The Strouse Corporation,TRUE,0,,,5000 Cost of Goods,300000 Sales,13100 Inventory Asset,FALSE
21006,9860CDD-W11.806,9860CDD,Length Units,,Operations,Strouse-HQ,,Average,Default Cost Category,9860CDD 2.6mil printed film with acrylic adhesive,TRUE,0.060226667,"Novacel, Inc",3389,The Strouse Corporation,TRUE,0.060226667,,,5000 Cost of Goods,300000 Sales,13100 Inventory Asset,FALSE
21007,2080EL-W1.5,2080EL,Length Units,,Operations,Strouse-HQ,,Average,Default Cost Category,"2080EL, Scotch Blue painter's tape, ",TRUE,0.031916111,"3M Company, Inc. Converter Markets",3141,The Strouse Corporation,TRUE,0.031916111,,,5000 Cost of Goods,300000 Sales,13100 Inventory Asset,FALSE
21008,Gray Vinyl-W18,Gray Vinyl,Length Units,,Operations,Strouse-HQ,,Average,Default Cost Category,"CSM - Gray Vinyl, 45 durometer",TRUE,0,Spec Bond,3713,The Strouse Corporation,TRUE,0,,,5000 Cost of Goods,300000 Sales,13100 Inventory Asset,FALSE
21009,Foam Tape-W56,Foam Tape,Length Units,,Operations,Strouse-HQ,,Average,Default Cost Category,"CSM - Double Sided 1/32"" Foam Tape, White",TRUE,0,Spec Bond,3713,The Strouse Corporation,TRUE,0,,,5000 Cost of Goods,300000 Sales,13100 Inventory Asset,FALSE
21010,Foam Tape-W18,Foam Tape,Length Units,,Operations,Strouse-HQ,,Average,Default Cost Category,"CSM - Double Sided 1/32"" Foam Tape, White",TRUE,0,Spec Bond,3713,The Strouse Corporation,TRUE,0,,,5000 Cost of Goods,300000 Sales,13100 Inventory Asset,FALSE
21011,10 pt.-W35,10 pt.,Length Units,,Operations,Strouse-HQ,,Average,Default Cost Category,New CSM- 10 Pt. Paper,TRUE,0,Colony Packaging & Machine,3538,The Strouse Corporation,TRUE,0,,,5000 Cost of Goods,300000 Sales,13100 Inventory Asset,FALSE
21020,62934 - Black-W53.54,62934 - Black,Length Units,,Operations,Strouse-HQ,,Average,Default Cost Category,"Double Sided, 0.0315"" Thick,  Black Foam Tape, 62934",TRUE,8.453292683,Tesa Tape,4044,The Strouse Corporation,TRUE,8.453292683,,,5000 Cost of Goods,300000 Sales,13100 Inventory Asset,FALSE
21022,Strouse Supplied 1526 - Printed-W13,Strouse Supplied 1526 - Printed,Length Units,,Operations,Strouse-HQ,,Average,Default Cost Category,3M 1526 Printed with Graphic,TRUE,0.077777778,Hub Label Company,3137,The Strouse Corporation,TRUE,0.077777778,,,5000 Cost of Goods,300000 Sales,13100 Inventory Asset,FALSE
21026,467MP-W0.5,467MP,Length Units,,Operations,Strouse-HQ,,Average,Default Cost Category,"467MP, 2 mil, 200MP, 58# PCK",TRUE,0.025718333,"3M Company, Inc. Converter Markets",3141,The Strouse Corporation,TRUE,0.025718333,,,5000 Cost of Goods,300000 Sales,13100 Inventory Asset,FALSE
21027,92255T8/92255T999-W50,92255T8/92255T999,Length Units,,Operations,Strouse-HQ,,Average,Default Cost Category,"Ultr-Thin Polyester Filter Fabric, 0.007"" thick, Rayon/Polyester",TRUE,0.526533333,McMaster-Carr,3281,The Strouse Corporation,TRUE,0.526533333,,,5000 Cost of Goods,300000 Sales,13100 Inventory Asset,FALSE
21031,850T-W48,850T,Length Units,,Operations,Strouse-HQ,,Average,Default Cost Category,"850, Tape, PET 1.9 mil Transparent - LOG",TRUE,5.214331019,"3M Company, Inc. Converter Markets",3141,The Strouse Corporation,TRUE,5.214331019,,,5000 Cost of Goods,300000 Sales,13100 Inventory Asset,FALSE
21044,TM8150-W58,TM8150,Length Units,,Operations,Strouse-HQ,,Average,Default Cost Category,"Nonwoven, 2.4 oz. tan spunlace, medical adh., 60# SCK, TM8150",TRUE,2.24112,MacTac,3255,The Strouse Corporation,TRUE,2.24112,,,5000 Cost of Goods,300000 Sales,13100 Inventory Asset,FALSE
21045,966-W38,966,Length Units,,Operations,Strouse-HQ,,Average,Default Cost Category,Adhesive Transfer Tape,TRUE,2.959263889,"3M Company, Inc. Converter Markets",3141,The Strouse Corporation,TRUE,2.959263889,,,5000 Cost of Goods,300000 Sales,13100 Inventory Asset,FALSE
21046,966-W10,966,Length Units,,Operations,Strouse-HQ,,Average,Default Cost Category,Adhesive Transfer Tape,TRUE,0.77875,"3M Company, Inc. Converter Markets",3141,The Strouse Corporation,TRUE,0.77875,,,5000 Cost of Goods,300000 Sales,13100 Inventory Asset,FALSE
21048,9627-W1.375,9627,Length Units,,Operations,Strouse-HQ,,Average,Default Cost Category,"5 mil, 360, 58# PCK",TRUE,0.15149537,"3M Company, Inc. Converter Markets",3141,The Strouse Corporation,TRUE,0.15149537,,,5000 Cost of Goods,300000 Sales,13100 Inventory Asset,FALSE
21050,T-10964-W29,T-10964,Length Units,,Operations,Strouse-HQ,,Average,Default Cost Category,CSM - Sage Green Nomex Outershell Fabric,TRUE,0,Tex Shield,3587,The Strouse Corporation,TRUE,0,,,5000 Cost of Goods,300000 Sales,13100 Inventory Asset,FALSE
21052,FP0862-W14,FP0862,Length Units,,Operations,Strouse-HQ,,Average,Default Cost Category,"FP0862, Removable Label Materials, .002 Clear Polypropylene TC2S",TRUE,0.3214008,"3M Company, Inc. Converter Markets",3141,The Strouse Corporation,TRUE,0.3214008,,,5000 Cost of Goods,300000 Sales,13100 Inventory Asset,FALSE
21055,54 lb. C1S S0(BG0)-W5.5,54 lb. C1S S0(BG0),Length Units,,Operations,Strouse-HQ,,Average,Default Cost Category,3.2 mil 54 lb. Easy Release C1S Liner,TRUE,0.0191994,"Channeled Resources, Inc. (GMC Coatings)",3277,The Strouse Corporation,TRUE,0.0191994,,,5000 Cost of Goods,300000 Sales,13100 Inventory Asset,FALSE
21059,GPH-110GF-W2.625,GPH-110GF,Length Units,,Operations,Strouse-HQ,,Average,Default Cost Category,"GPH-110GF, 45 mil, Gray, Acrylic foam",TRUE,0.989192593,"3M Company, Inc. Converter Markets",3141,The Strouse Corporation,TRUE,0.989192593,,,5000 Cost of Goods,300000 Sales,13100 Inventory Asset,FALSE
21061,ZeonorFilm ZF14-188-W53,ZeonorFilm ZF14-188,Length Units,,Operations,Strouse-HQ,,Average,Default Cost Category,"ZeonorFilm ZF14-188, Optical film",TRUE,18.27743902,"Zeon Specialty Materials, Inc.",3724,The Strouse Corporation,TRUE,18.27743902,,,5000 Cost of Goods,300000 Sales,13100 Inventory Asset,FALSE
21064,JJ#4602 - Top - 1 per Pallet,JJ#4602 - Top - 1 per Pallet,"Each (Use for Boxes, Bags, Cores, Cases)",3,Operations,Strouse-HQ,,Average,Default Cost Category,"DC 50 ½ x 42 1/8 x 15/16  350DW
Die cut top Divider",TRUE,,Columbia Container,3394,The Strouse Corporation,TRUE,,,,5000 Cost of Goods,300000 Sales,13100 Inventory Asset,FALSE
21065,JJ#4602 - Bot - 1 per Pallet,JJ#4602 - Bot - 1 per Pallet,"Each (Use for Boxes, Bags, Cores, Cases)",3,Operations,Strouse-HQ,,Average,Default Cost Category,"DC 50 ½ x 42 1/8 x 15/16  350DW
Die cut bottom Divider -  3 layers glued together",TRUE,,Columbia Container,3394,The Strouse Corporation,TRUE,,,,5000 Cost of Goods,300000 Sales,13100 Inventory Asset,FALSE
21066,JJ#4602 - Tray - 2 per Pallet,JJ#4602 - Tray - 2 per Pallet,"Each (Use for Boxes, Bags, Cores, Cases)",3,Operations,Strouse-HQ,,Average,Default Cost Category,"SC SL Tray 51 ¼ x 42 7/8 x 5  275DW
Scored & Slotted Top and Bottom Trays",TRUE,,Columbia Container,3394,The Strouse Corporation,TRUE,,,,5000 Cost of Goods,300000 Sales,13100 Inventory Asset,FALSE
21067,JJ#4602 - Wall - 2 per Pallet,JJ#4602 - Wall - 2 per Pallet,"Each (Use for Boxes, Bags, Cores, Cases)",3,Operations,Strouse-HQ,,Average,Default Cost Category,"3 Cell Insert 23 2/16 x 50 8/16 x 30  350DW
""Walls""",TRUE,,Columbia Container,3394,The Strouse Corporation,TRUE,,,,5000 Cost of Goods,300000 Sales,13100 Inventory Asset,FALSE
21068,W6017-W28,W6017,Length Units,,Operations,Strouse-HQ,,Average,Default Cost Category,"Liner, 7 Mil, White, UV-cured, Platinum Catalyzed, Solventless Silicone, Easy Release One Side",TRUE,2.5,"Adhesives Research, Inc.",3301,The Strouse Corporation,TRUE,2.5,,,5000 Cost of Goods,300000 Sales,13100 Inventory Asset,FALSE
21073,433L-W8,433L,Length Units,,Operations,Strouse-HQ,,Average,Default Cost Category,"433L, High Temperature Aluminum Foil Tape , Silver, Linered Version",TRUE,3.615834444,"3M Company, Inc. Converter Markets",3141,The Strouse Corporation,TRUE,3.615834444,,,5000 Cost of Goods,300000 Sales,13100 Inventory Asset,FALSE
21075,5952P-W1,5952P,Length Units,,Operations,Strouse-HQ,,Average,Default Cost Category,"5952P VHB Tape, Black, 45 Mil",TRUE,0.656835185,"3M Company, Inc. Converter Markets",3141,The Strouse Corporation,TRUE,0.656835185,,,5000 Cost of Goods,300000 Sales,13100 Inventory Asset,FALSE
21078,D-3-W5.5,D-3,Length Units,,Operations,Strouse-HQ,,Average,Default Cost Category,"CSM - Reagent/Optical Pad, D-3",TRUE,0,StanBio Laboratory LP EKF Diagnostics,3629,The Strouse Corporation,TRUE,0,,,5000 Cost of Goods,300000 Sales,13100 Inventory Asset,FALSE
21082,"10356M, DF100 2mil-W16.5","10356M, DF100 2mil",Length Units,,Operations,Strouse-HQ,,Average,Default Cost Category,"Chemfilm Type C films ultra thin single layer, DF100 are multilayer cast PTFE films.",TRUE,6.435,Saint-Gobain Performance Plastics,3299,The Strouse Corporation,TRUE,6.435,,,5000 Cost of Goods,300000 Sales,13100 Inventory Asset,FALSE
21084,4991-W13,4991,Length Units,,Operations,Strouse-HQ,,Average,Default Cost Category,"90 mil, D/C Grey Acrylic, VHB",TRUE,11.98488194,"3M Company, Inc. Converter Markets",3141,The Strouse Corporation,TRUE,11.98488194,,,5000 Cost of Goods,300000 Sales,13100 Inventory Asset,FALSE
21086,TM4230-W13,TM4230,Length Units,,Operations,Strouse-HQ,,Average,Default Cost Category,"TM4230, 1/32"" PE Foam, 60#SCK",TRUE,0.99996,MacTac,3255,The Strouse Corporation,TRUE,0.99996,,,5000 Cost of Goods,300000 Sales,13100 Inventory Asset,FALSE
21087,TM4230-W8,TM4230,Length Units,,Operations,Strouse-HQ,,Average,Default Cost Category,"TM4230, 1/32"" PE Foam, 60#SCK",TRUE,0.61536,MacTac,3255,The Strouse Corporation,TRUE,0.61536,,,5000 Cost of Goods,300000 Sales,13100 Inventory Asset,FALSE
21089,153150160-W6,153150160,Length Units,,Operations,Strouse-HQ,,Average,Default Cost Category,"Bright Silver Foil- 
BRT SLV FOIL/C2500/40#SC",TRUE,0.063071992,Fasson / Avery Dennison Label & Packaging Materials     (acct. 5387),3246,The Strouse Corporation,TRUE,0.063071992,,,5000 Cost of Goods,300000 Sales,13100 Inventory Asset,FALSE
21090,1509-W24,1509,Length Units,,Operations,Strouse-HQ,,Average,Default Cost Category,"1509, double coated medical grade tape, 4.9 mil, 80# liner",TRUE,1.153872,"3M Company, Inc. Converter Markets",3141,The Strouse Corporation,TRUE,1.153872,,,5000 Cost of Goods,300000 Sales,13100 Inventory Asset,FALSE
21091,Q200-W24.5,Q200,Length Units,,Operations,Strouse-HQ,,Average,Default Cost Category,"Liner, 2 mil Q200, polyester clear, S1S Easy - Medium ",TRUE,0.134064,Fox River Associates,4046,The Strouse Corporation,TRUE,0.134064,,,5000 Cost of Goods,300000 Sales,13100 Inventory Asset,FALSE
21092,FT1804-W60,FT1804,Length Units,,Operations,Strouse-HQ,,Average,Default Cost Category,"FT1804, Double Coated 2 mil rubber, 1/8” white PE foam, 76# liner ",TRUE,2.6424,Coating & Converting Technologies,4042,The Strouse Corporation,TRUE,2.6424,,,5000 Cost of Goods,300000 Sales,13100 Inventory Asset,FALSE
21093,62934-W5,62934,Length Units,,Operations,Strouse-HQ,,Average,Default Cost Category,"Double Sided, 0.0315"" Thick,  Black Foam Tape, 62934",TRUE,0.78943712,Tesa Tape,4044,The Strouse Corporation,TRUE,0.78943712,,,5000 Cost of Goods,300000 Sales,13100 Inventory Asset,FALSE
21094,8B35-W5.25,8B35,Length Units,,Operations,Strouse-HQ,,Average,Default Cost Category,"Lexan, Velvet Matte PC, 5 Mil Thick, 8B35",TRUE,0.16666,Polymershapes - Jessup,3375,The Strouse Corporation,TRUE,0.16666,,,5000 Cost of Goods,300000 Sales,13100 Inventory Asset,FALSE
21095,9495B-W5,9495B,Length Units,,Operations,Strouse-HQ,,Average,Default Cost Category,"9495B, 5.7 mil, Black PET   200MP, 58# PCK",TRUE,0.585101111,"3M Company, Inc. Converter Markets",3141,The Strouse Corporation,TRUE,0.585101111,,,5000 Cost of Goods,300000 Sales,13100 Inventory Asset,FALSE
21096,FRA 354-W5.25,FRA 354,Length Units,,Operations,Strouse-HQ,,Average,Default Cost Category,"Liner, 2 mil polyester, FRA 354, clear",TRUE,0.073395,Fox River Associates,4046,The Strouse Corporation,TRUE,0.073395,,,5000 Cost of Goods,300000 Sales,13100 Inventory Asset,FALSE
21097,4 mil Clear PET Untreated-W3,4 mil Clear PET Untreated,Length Units,,Operations,Strouse-HQ,,Average,Default Cost Category,"Polyester, 4 mil clear general purpose, untreated",TRUE,0.0668,TEAM Plastics,3304,The Strouse Corporation,TRUE,0.0668,,,5000 Cost of Goods,300000 Sales,13100 Inventory Asset,FALSE
21098,FRA 312 (Q200)-W40.5,FRA 312 (Q200),Length Units,,Operations,Strouse-HQ,,Average,Default Cost Category,"Liner, 2 mil Q200, polyester clear, S1S Easy - Medium ",TRUE,0.200232,Fox River Associates,4046,The Strouse Corporation,TRUE,0.200232,,,5000 Cost of Goods,300000 Sales,13100 Inventory Asset,FALSE
21099,9495B-W54,9495B,Length Units,,Operations,Strouse-HQ,,Average,Default Cost Category,"9495B, 5.7 mil, Black PET   200MP, 58# PCK",TRUE,5.239123333,"3M Company, Inc. Converter Markets",3141,The Strouse Corporation,TRUE,5.239123333,,,5000 Cost of Goods,300000 Sales,13100 Inventory Asset,FALSE
21101,110047-W9.25,110047,Length Units,,Operations,Strouse-HQ,,Average,Default Cost Category,"Hydrocolloid, 20 Mil, Very High Tack Conformity, Self Wound Roll.",TRUE,3.125,Amparo Medical,3388,The Strouse Corporation,TRUE,3.125,,,5000 Cost of Goods,300000 Sales,13100 Inventory Asset,FALSE
21102,1774W-W12,1774W,Length Units,,Operations,Strouse-HQ,,Average,Default Cost Category,White Polyethylene Single Sided Medical Foam Tape,TRUE,0.785955556,"3M Company, Inc. Converter Markets",3141,The Strouse Corporation,TRUE,0.785955556,,,5000 Cost of Goods,300000 Sales,13100 Inventory Asset,FALSE
21108,T-363-W59,T-363,Length Units,,Operations,Strouse-HQ,,Average,Default Cost Category,2 mil Clear Polyester,TRUE,0.31959,Fox River Associates,4046,The Strouse Corporation,TRUE,0.31959,,,5000 Cost of Goods,300000 Sales,13100 Inventory Asset,FALSE
21111,25A29C-W15,25A29C,Length Units,,Operations,Strouse-HQ,,Average,Default Cost Category,2.5 mil Clear  Protective Film,TRUE,0.20566,"Pregis PolyMask, Inc.",4045,The Strouse Corporation,TRUE,0.20566,,,5000 Cost of Goods,300000 Sales,13100 Inventory Asset,FALSE
21112,M82,M82,Length Units,,Operations,Strouse-HQ,,Average,Default Cost Category,"M82, Scotch Definite Length Dispenser, 4 inch",TRUE,,"3M Company, Inc. Converter Markets",3141,The Strouse Corporation,TRUE,,,,5000 Cost of Goods,300000 Sales,13100 Inventory Asset,FALSE
21114,"CSM - Grey TPO Rubber, 33mils thick-W10","CSM - Grey TPO Rubber, 33mils thick",Length Units,,Operations,Strouse-HQ,,Average,Default Cost Category,"CSM - Grey TPO Rubber, 33mils thick",TRUE,0,"Fres-Co Systems USA, Inc.",3680,The Strouse Corporation,TRUE,0,,,5000 Cost of Goods,300000 Sales,13100 Inventory Asset,FALSE
21118,130002(130113)-W10.75,130002(130113),Length Units,,Operations,Strouse-HQ,,Average,Default Cost Category,"Hydrocolloid, 130002(130113), .020"" thick , medium tack with 66# C1S A1000 liner ",TRUE,2.756097561,Amparo Medical,3388,The Strouse Corporation,TRUE,2.756097561,,,5000 Cost of Goods,300000 Sales,13100 Inventory Asset,FALSE
21119,93055-W2,93055,Length Units,,Operations,Strouse-HQ,,Average,Default Cost Category,"93055, Tape, 3.5 mil, Teflon PTFE, Silicone Adhesive",TRUE,0.908333333,"Adhesives Research, Inc.",3301,The Strouse Corporation,TRUE,0.908333333,,,5000 Cost of Goods,300000 Sales,13100 Inventory Asset,FALSE
21120,Tesa 4863-W2,Tesa 4863,Length Units,,Operations,Strouse-HQ,,Average,Default Cost Category,"Tesa 4863, silicone rubber fabric tape",TRUE,2.951219512,"Jemmco, LLC",3738,The Strouse Corporation,TRUE,2.951219512,,,5000 Cost of Goods,300000 Sales,13100 Inventory Asset,FALSE
21121,10907 Green-W49.6,10907 Green,Length Units,,Operations,Strouse-HQ,,Average,Default Cost Category,"CSM - Green Masking Tape
",TRUE,0,Davis Publications (Tape Art),3714,The Strouse Corporation,TRUE,0,,,5000 Cost of Goods,300000 Sales,13100 Inventory Asset,FALSE
21122,12808 Blue-W49.6,12808 Blue,Length Units,,Operations,Strouse-HQ,,Average,Default Cost Category,"CSM - Blue Masking Tape
",TRUE,0,Davis Publications (Tape Art),3714,The Strouse Corporation,TRUE,0,,,5000 Cost of Goods,300000 Sales,13100 Inventory Asset,FALSE
21123,2AFR White-W6.25,2AFR White,Length Units,,Operations,Strouse-HQ,,Average,Default Cost Category,"Foam, 1/8"" 2AFR White Volara w/PSA-60",TRUE,0.248979167,Rubberlite,3303,The Strouse Corporation,TRUE,0.248979167,,,5000 Cost of Goods,300000 Sales,13100 Inventory Asset,FALSE
21127,"Special, A-454 200 Poly H9 Silicone Side Up-W4.875","Special, A-454 200 Poly H9 Silicone Side Up (BACK SIDE of Release Liner Corona Treated)",Length Units,,Operations,Strouse-HQ,,Average,Default Cost Category,"Special, A-454 200 Poly H9 Silicone Side Up (BACK SIDE of Release Liner Corona Treated)",TRUE,0.13104,"FLEXcon Company, Inc.",3247,The Strouse Corporation,TRUE,0.13104,,,5000 Cost of Goods,300000 Sales,13100 Inventory Asset,FALSE
21138,54 lb. C1S S0(BG0)-W5,54 lb. C1S S0(BG0),Length Units,,Operations,Strouse-HQ,,Average,Default Cost Category,3.2 mil 54 lb. Easy Release C1S Liner,TRUE,0.020184,"Channeled Resources, Inc. (GMC Coatings)",3277,The Strouse Corporation,TRUE,0.020184,,,5000 Cost of Goods,300000 Sales,13100 Inventory Asset,FALSE
21139,Q200-W10,Q200,Length Units,,Operations,Strouse-HQ,,Average,Default Cost Category,2 mil Clear Polyester S1S Medium Release Liner - Silicone is Solvent Platinum with no CRA.,TRUE,0.06624,Fox River Associates,4046,The Strouse Corporation,TRUE,0.06624,,,5000 Cost of Goods,300000 Sales,13100 Inventory Asset,FALSE
21141,Scotch 810K4-W0.75,Scotch 810K4,Length Units,,Operations,Strouse-HQ,,Average,Default Cost Category,"Scotch 810K4, transparent tape, 0.75"" x 1000"", 4 Pack Qty",TRUE,0.075003,"3M Company, Inc. Converter Markets",3141,The Strouse Corporation,TRUE,0.075003,,,5000 Cost of Goods,300000 Sales,13100 Inventory Asset,FALSE
21142,54 lb. Uncoated-W30.5,54 lb. Uncoated,Length Units,,Operations,Strouse-HQ,,Average,Default Cost Category,3.2 mil 54# Paper Liner- Uncoated,TRUE,0.08418,"Channeled Resources, Inc. (GMC Coatings)",3277,The Strouse Corporation,TRUE,0.08418,,,5000 Cost of Goods,300000 Sales,13100 Inventory Asset,FALSE
21143,54 lb. Uncoated-W32,54 lb. Uncoated,Length Units,,Operations,Strouse-HQ,,Average,Default Cost Category,3.2 mil 54# Paper Liner- Uncoated,TRUE,0.08832,"Channeled Resources, Inc. (GMC Coatings)",3277,The Strouse Corporation,TRUE,0.08832,,,5000 Cost of Goods,300000 Sales,13100 Inventory Asset,FALSE
21144,35- Yellow-W0.5,35- Yellow,Length Units,,Operations,Strouse-HQ,,Average,Default Cost Category,"35, 3M Electrical Grade Vinyl Yellow 0.5""",TRUE,0.06765,"3M Company, Inc. Converter Markets",3141,The Strouse Corporation,TRUE,0.06765,,,5000 Cost of Goods,300000 Sales,13100 Inventory Asset,FALSE
21148,UPF 50 Spandex-W55,UPF 50 Spandex,Length Units,,Operations,Strouse-HQ,,Average,Default Cost Category,CSM - UPF 50 Spandex,TRUE,0,Sunrise Strips,3677,The Strouse Corporation,TRUE,0,,,5000 Cost of Goods,300000 Sales,13100 Inventory Asset,FALSE
21150,"204-2HD6 Virgin PTFE film, 2 mil thick-W23","204-2HD6 Virgin PTFE film, 2 mil thick",Length Units,,Operations,Strouse-HQ,,Average,Default Cost Category,"CSM - 204-2HD6 Virgin PTFE film, 2 mil thick",TRUE,0,Acton Technologies,3719,The Strouse Corporation,TRUE,0,,,5000 Cost of Goods,300000 Sales,13100 Inventory Asset,FALSE
21152,1181-W3.15,1181,Length Units,,Operations,Strouse-HQ,,Average,Default Cost Category,3 mil copper conductive foil,TRUE,2.308194737,"3M Company, Inc. Converter Markets",3141,The Strouse Corporation,TRUE,2.308194737,,,5000 Cost of Goods,300000 Sales,13100 Inventory Asset,FALSE
21155,13220L-W20,13220L,Length Units,,Operations,Strouse-HQ,,Average,Default Cost Category,13220L 2 mil  Clear masking (SG2108C),TRUE,0.074284571,"Pregis PolyMask, Inc.",4045,The Strouse Corporation,TRUE,0.074284571,,,5000 Cost of Goods,300000 Sales,13100 Inventory Asset,FALSE
21156,5952-W9.5,5952,Length Units,,Operations,Strouse-HQ,,Average,Default Cost Category,"45 mil, D/C Acrylic Foam, VHB",TRUE,6.453712963,"3M Company, Inc. Converter Markets",3141,The Strouse Corporation,TRUE,6.453712963,,,5000 Cost of Goods,300000 Sales,13100 Inventory Asset,FALSE
21157,78 lb. C1S BG40-W37.5,78 lb. C1S BG40,Length Units,,Operations,Strouse-HQ,,Average,Default Cost Category,4.4 mil 78 lb. Medium Release C1S Liner BG40,TRUE,0.16065,"Channeled Resources, Inc. (GMC Coatings)",3277,The Strouse Corporation,TRUE,0.16065,,,5000 Cost of Goods,300000 Sales,13100 Inventory Asset,FALSE
21158,78 lb. C1S BG0-W37.5,78 lb. C1S BG0,Length Units,,Operations,Strouse-HQ,,Average,Default Cost Category,4.4 mil 78 lb. Easy Release C1S Liner  BG0,TRUE,0.16065,"Channeled Resources, Inc. (GMC Coatings)",3277,The Strouse Corporation,TRUE,0.16065,,,5000 Cost of Goods,300000 Sales,13100 Inventory Asset,FALSE
21159,50550-00004-00-W7.874,50550-00004-00,Length Units,,Operations,Strouse-HQ,,Average,Default Cost Category,"Polypropylene Film Tape, 2.8 Mil, Clear",TRUE,0.204647256,Tesa Tape,4044,The Strouse Corporation,TRUE,0.204647256,,,5000 Cost of Goods,300000 Sales,13100 Inventory Asset,FALSE
21160,78 lb. C1S BG0-W7.25,78 lb. C1S BG0,Length Units,,Operations,Strouse-HQ,,Average,Default Cost Category,4.4 mil 78 lb. Easy Release C1S Liner  BG0,TRUE,0.031059,"Channeled Resources, Inc. (GMC Coatings)",3277,The Strouse Corporation,TRUE,0.031059,,,5000 Cost of Goods,300000 Sales,13100 Inventory Asset,FALSE
21162,1614C-W20,1614C,Length Units,,Operations,Strouse-HQ,,Average,Default Cost Category,"1614C, 1.3 mil Clear PET Protective Tape",TRUE,0.31142,"Pregis PolyMask, Inc.",4045,The Strouse Corporation,TRUE,0.31142,,,5000 Cost of Goods,300000 Sales,13100 Inventory Asset,FALSE
21165,NFT004-15-W15,NFT004-15,Length Units,,Operations,Strouse-HQ,,Average,Default Cost Category,"NETIC® S3-6 Foil, 0.004"" T, MuMETAL foil, EMI Shielding Nickel Alloy  with double-faced Pressure Sensitive Tape (PST) with release coated liner",TRUE,33.68,Magnetic Shield Corporation,3670,The Strouse Corporation,TRUE,33.68,,,5000 Cost of Goods,300000 Sales,13100 Inventory Asset,FALSE
21166,9495B-W4,9495B,Length Units,,Operations,Strouse-HQ,,Average,Default Cost Category,"9495B, 5.7 mil, Black PET   200MP, 58# PCK",TRUE,0.468080741,"3M Company, Inc. Converter Markets",3141,The Strouse Corporation,TRUE,0.468080741,,,5000 Cost of Goods,300000 Sales,13100 Inventory Asset,FALSE
21168,8997-W3,8997,Length Units,,Operations,Strouse-HQ,,Average,Default Cost Category,"8997, Polyimide Tape, 1.0 mil backing w/ 1.4 mil silicone PSA",TRUE,0.258860406,"3M Company, Inc. Converter Markets",3141,The Strouse Corporation,TRUE,0.258860406,,,5000 Cost of Goods,300000 Sales,13100 Inventory Asset,FALSE
21169,5932-W3,5932,Length Units,,Operations,Strouse-HQ,,Average,Default Cost Category,"5932, Liner, 2 mil non silicone PET, C1S",TRUE,0.291963472,"3M Company, Inc. Converter Markets",3141,The Strouse Corporation,TRUE,0.291963472,,,5000 Cost of Goods,300000 Sales,13100 Inventory Asset,FALSE
21170,53 Lb. C2S BG0/BG0-W5.5,53 Lb. C2S BG0/BG0,Length Units,,Operations,Strouse-HQ,,Average,Default Cost Category,3.2 mil 53 lb. Easy Release Liner C2S BG0/BG0(Easy/Easy),TRUE,0.02178,"Channeled Resources, Inc. (GMC Coatings)",3277,The Strouse Corporation,TRUE,0.02178,,,5000 Cost of Goods,300000 Sales,13100 Inventory Asset,FALSE
21175,1524-W5,1524,Length Units,,Operations,Strouse-HQ,,Average,Default Cost Category,"1524, polyester fiber filled transfer adhesive, 2.5 mils, 54# liner",TRUE,0.339745363,"3M Company, Inc. Converter Markets",3141,The Strouse Corporation,TRUE,0.339745363,,,5000 Cost of Goods,300000 Sales,13100 Inventory Asset,FALSE
21176,931-W55.125,931,Length Units,,Operations,Strouse-HQ,,Average,Default Cost Category,White Transit Film,TRUE,0.672060606,American Biltrite,3238,The Strouse Corporation,TRUE,0.672060606,,,5000 Cost of Goods,300000 Sales,13100 Inventory Asset,FALSE
21177,3195C/EZ-W2.5625,3195C/EZ,Length Units,,Operations,Strouse-HQ,,Average,Default Cost Category,"3195C/EZ, 3 mil, Clear  Protective Film.  Perfed every 15.75""",TRUE,0.03614,"Pregis PolyMask, Inc.",4045,The Strouse Corporation,TRUE,0.03614,,,5000 Cost of Goods,300000 Sales,13100 Inventory Asset,FALSE
21178,4957F-W12,4957F,Length Units,,Operations,Strouse-HQ,,Average,Default Cost Category,"4957F, Foam, VHB. 62 mil, double coated grey",TRUE,11.5180787,"3M Company, Inc. Converter Markets",3141,The Strouse Corporation,TRUE,11.5180787,,,5000 Cost of Goods,300000 Sales,13100 Inventory Asset,FALSE
21180,T-363-W60,T-363,Length Units,,Operations,Strouse-HQ,,Average,Default Cost Category,2 mil Clear Polyester,TRUE,0.225853659,Fox River Associates,4046,The Strouse Corporation,TRUE,0.225853659,,,5000 Cost of Goods,300000 Sales,13100 Inventory Asset,FALSE
21184,414-LONGDC-W1,414-LONGDC,Length Units,,Operations,Strouse-HQ,,Average,Default Cost Category,"414-LONGDC, Scotch Extreme Mounting Tape, come on 1"" core",TRUE,0.413741374,"3M Company, Inc. Converter Markets",3141,The Strouse Corporation,TRUE,0.413741374,,,5000 Cost of Goods,300000 Sales,13100 Inventory Asset,FALSE
21186,R450-W6.5,R450,Length Units,,Operations,Strouse-HQ,,Average,Default Cost Category,CSM - R450 Adhesive,TRUE,0,Corning,3691,The Strouse Corporation,TRUE,0,,,5000 Cost of Goods,300000 Sales,13100 Inventory Asset,FALSE
21187,T170-W6.299,T170,Length Units,,Operations,Strouse-HQ,,Average,Default Cost Category,CSM - T170 Adhesive,TRUE,0,Corning,3691,The Strouse Corporation,TRUE,0,,,5000 Cost of Goods,300000 Sales,13100 Inventory Asset,FALSE
21190,9415PC-W23,9415PC,Length Units,,Operations,Strouse-HQ,,Average,Default Cost Category,"2 mil, 400/1000, 78# PCK (differential adh.)",TRUE,3.203287037,"3M Company, Inc. Converter Markets",3141,The Strouse Corporation,TRUE,3.203287037,,,5000 Cost of Goods,300000 Sales,13100 Inventory Asset,FALSE
21191,5952-W10.75,5952,Length Units,,Operations,Strouse-HQ,,Average,Default Cost Category,"45 mil, D/C Acrylic Foam, VHB",TRUE,7.302883333,"3M Company, Inc. Converter Markets",3141,The Strouse Corporation,TRUE,7.302883333,,,5000 Cost of Goods,300000 Sales,13100 Inventory Asset,FALSE
21192,12M715-W12,12M715,"Each (Use for Boxes, Bags, Cores, Cases)",3,Operations,Strouse-HQ,,Average,Default Cost Category,"Poron Microcellular Urethane, 3/16"" Thick, Black w/PSA",TRUE,1.654166667,Grainger,3290,The Strouse Corporation,TRUE,1.654166667,,,5000 Cost of Goods,300000 Sales,13100 Inventory Asset,FALSE
21193,FRA 354-W60.6,FRA 354,Length Units,,Operations,Strouse-HQ,,Average,Default Cost Category,2 mil Clear Polyester Release Liner S2S (Easy/Easy),TRUE,0.666841176,Fox River Associates,4046,The Strouse Corporation,TRUE,0.666841176,,,5000 Cost of Goods,300000 Sales,13100 Inventory Asset,FALSE
21194,35 Green-W0.5,35 Green,Length Units,,Operations,Strouse-HQ,,Average,Default Cost Category,"35, 3M  Electrical Grade Vinyl",TRUE,0.05313,"3M Company, Inc. Converter Markets",3141,The Strouse Corporation,TRUE,0.05313,,,5000 Cost of Goods,300000 Sales,13100 Inventory Asset,FALSE
21196,FT1804-W3,FT1804,Length Units,,Operations,Strouse-HQ,,Average,Default Cost Category,"FT1804, Double Coated 2 mil rubber, 1/8” white PE foam, 76# liner ",TRUE,0.13212,Coating & Converting Technologies,4042,The Strouse Corporation,TRUE,0.13212,,,5000 Cost of Goods,300000 Sales,13100 Inventory Asset,FALSE
21197,FLX054104-W6,FLX054104,Length Units,,Operations,Strouse-HQ,,Average,Default Cost Category,"Silver Polyester  (2 mil, water based acrylic PSA 50# Bleached Kraft Liner)",TRUE,0.10872,"FLEXcon Company, Inc.",3247,The Strouse Corporation,TRUE,0.10872,,,5000 Cost of Goods,300000 Sales,13100 Inventory Asset,FALSE
21198,Scotch 810K16-W0.75,Scotch 810K16,Length Units,,Operations,Strouse-HQ,,Average,Default Cost Category,"Scotch 810K16, transparent tape, 0.75"" x 1000"", 16 rolls in a pack, 6 Pack MOQ",TRUE,0.281411256,"3M Company, Inc. Converter Markets",3141,The Strouse Corporation,TRUE,0.281411256,,,5000 Cost of Goods,300000 Sales,13100 Inventory Asset,FALSE
21200,1460N14-W6,1460N14,"Each (Use for Boxes, Bags, Cores, Cases)",3,Operations,Strouse-HQ,,Average,Default Cost Category,"High-Temperature Silicone Rubber Sheet
with Certificate, 1/8"" Thick, 50A Durometer, ",TRUE,1.726666667,McMaster-Carr,3281,The Strouse Corporation,TRUE,1.726666667,,,5000 Cost of Goods,300000 Sales,13100 Inventory Asset,FALSE
21204,8997-W19.7,8997,Length Units,,Operations,Strouse-HQ,,Average,Default Cost Category,"8997, Polyimide Tape, 1.0 mil backing w/ 1.4 mil silicone PSA",TRUE,1.69985,3M DeKalb (DK6),3741,The Strouse Corporation,TRUE,1.69985,,,5000 Cost of Goods,300000 Sales,13100 Inventory Asset,FALSE
21206,4A White Volara-W60,4A White Volara,Length Units,,Operations,Strouse-HQ,,Average,Default Cost Category,"Foam, .063"" white 4A Volara.",TRUE,0.942755556,Rubberlite,3303,The Strouse Corporation,TRUE,0.942755556,,,5000 Cost of Goods,300000 Sales,13100 Inventory Asset,FALSE
21212,BPGC-MXX-W1.25,BPGC-MXX,Length Units,,Operations,Strouse-HQ,,Average,Default Cost Category,10 mil White PVC,TRUE,0.0995,"Hopp Companies, Inc.",3624,The Strouse Corporation,TRUE,0.0995,,,5000 Cost of Goods,300000 Sales,13100 Inventory Asset,FALSE
21215,MYP-3RS-W43.5,MYP-3RS,Length Units,,Operations,Strouse-HQ,,Average,Default Cost Category,Silicone Adhesive Tape - Red - LOG,TRUE,1.199074074,Adhesive Tape Products,3237,The Strouse Corporation,TRUE,1.199074074,,,5000 Cost of Goods,300000 Sales,13100 Inventory Asset,FALSE
21216,MYP-36US-W43.5,MYP-36US,Length Units,,Operations,Strouse-HQ,,Average,Default Cost Category,"Silicone splicing Tape, MYP-36US, dark blue",TRUE,1.199074074,Adhesive Tape Products,3237,The Strouse Corporation,TRUE,1.199074074,,,5000 Cost of Goods,300000 Sales,13100 Inventory Asset,FALSE
21217,2A825C-W43.5,2A825C,Length Units,,Operations,Strouse-HQ,,Average,Default Cost Category,2 mil Clear Polymask - LOG,TRUE,0.40604,"Pregis PolyMask, Inc.",4045,The Strouse Corporation,TRUE,0.40604,,,5000 Cost of Goods,300000 Sales,13100 Inventory Asset,FALSE
21219,8836-W10.43,8836,Length Units,,Operations,Strouse-HQ,,Average,Default Cost Category,"Printed lidding film, CSM - T700 Sealing film",TRUE,0,AMCOR Flexibles,3343,The Strouse Corporation,TRUE,0,,,5000 Cost of Goods,300000 Sales,13100 Inventory Asset,FALSE
21229,Teflon PFA200LP-W6,Teflon PFA200LP,Length Units,,Operations,Strouse-HQ,,Average,Default Cost Category,"CSM - 2 mil PFA200LP, CHEMFilm Fluoropolymer",TRUE,0,Atlantic Corporation-Raleigh,3567,The Strouse Corporation,TRUE,0,,,5000 Cost of Goods,300000 Sales,13100 Inventory Asset,FALSE
21233,54 lb C2S SL1/SL4 Liner-W6.75,54 lb C2S SL1/SL4 Liner,Length Units,,Operations,Strouse-HQ,,Average,Default Cost Category,"3.2 mil 54 lb, C2S SL1/SL4 Easy/Medium Release Liner",TRUE,0.0280665,"Channeled Resources, Inc. (GMC Coatings)",3277,The Strouse Corporation,TRUE,0.0280665,,,5000 Cost of Goods,300000 Sales,13100 Inventory Asset,FALSE
21234,V45R3R-W10,V45R3R,Length Units,,Operations,Strouse-HQ,,Average,Default Cost Category,Versapor-450R,TRUE,32.72357724,Pall Corporation (Life Sciences),3313,The Strouse Corporation,TRUE,32.72357724,,,5000 Cost of Goods,300000 Sales,13100 Inventory Asset,FALSE
21236,110 Annealed Copper-W6.125,110 Annealed Copper,Length Units,,Operations,Strouse-HQ,,Average,Default Cost Category,"0.0014 x 6.125""",TRUE,1.7681,"ALL-FOILS, Inc.",3365,The Strouse Corporation,TRUE,1.7681,,,5000 Cost of Goods,300000 Sales,13100 Inventory Asset,FALSE
21237,MELINEX 462-W4,MELINEX 462,Length Units,,Operations,Strouse-HQ,,Average,Default Cost Category,"Polyester, MELINEX 462 - 5Mil Thick, ",TRUE,0.062,Polymershapes - Jessup,3375,The Strouse Corporation,TRUE,0.062,,,5000 Cost of Goods,300000 Sales,13100 Inventory Asset,FALSE
21238,WB-1078-1,WB-1078-1,"Each (Use for Boxes, Bags, Cores, Cases)",3,Operations,Strouse-HQ,,Average,Default Cost Category,Water based silver conductive,TRUE,,Applied Ink Solutions,3743,The Strouse Corporation,TRUE,,,,5000 Cost of Goods,300000 Sales,13100 Inventory Asset,FALSE
21239,9425-W48,9425,Length Units,,Operations,Strouse-HQ,,Average,Default Cost Category,"9425 Removable Repositionable Tape, Clear",TRUE,8.668649537,"3M Company, Inc. Converter Markets",3141,The Strouse Corporation,TRUE,8.668649537,,,5000 Cost of Goods,300000 Sales,13100 Inventory Asset,FALSE
21242,9738-W11,9738,Length Units,,Operations,Strouse-HQ,,Average,Default Cost Category,4.3 mil clear double coated tape,TRUE,0.334696502,"3M Company, Inc. Converter Markets",3141,The Strouse Corporation,TRUE,0.334696502,,,5000 Cost of Goods,300000 Sales,13100 Inventory Asset,FALSE
21245,Q300-W2,Q300,Length Units,,Operations,Strouse-HQ,,Average,Default Cost Category,2 mil Clear Polyester S1S Medium Release Liner,TRUE,0.0129072,Fox River Associates,4046,The Strouse Corporation,TRUE,0.0129072,,,5000 Cost of Goods,300000 Sales,13100 Inventory Asset,FALSE
21249,CSM - Regupol Vibration 300-W48,CSM - Regupol Vibration 300,Length Units,,Operations,Strouse-HQ,,Average,Default Cost Category,CSM - Regupol Vibration 300 - 8/17 mm dimpled.,TRUE,0,AAC Independent,3693,The Strouse Corporation,TRUE,0,,,5000 Cost of Goods,300000 Sales,13100 Inventory Asset,FALSE
21250,6035PC-W24,6035PC,Length Units,,Operations,Strouse-HQ,,Average,Default Cost Category,"6035PC, 5 mil, 300MP, 58# PC liner",TRUE,2.336256944,"3M Company, Inc. Converter Markets",3141,The Strouse Corporation,TRUE,2.336256944,,,5000 Cost of Goods,300000 Sales,13100 Inventory Asset,FALSE
21251,MD-200-W24,MD-200,Length Units,,Operations,Strouse-HQ,,Average,Default Cost Category,"MD-200, weight silt fence ",TRUE,0,"CEM, Inc.",3675,The Strouse Corporation,TRUE,0,,,5000 Cost of Goods,300000 Sales,13100 Inventory Asset,FALSE
21253,1530-W7,1530,Length Units,,Operations,Strouse-HQ,,Average,Default Cost Category,"1530, Tape, White Rayon Nonwoven, unlinered, Medical",TRUE,0.265092593,"3M Company, Inc. Converter Markets",3141,The Strouse Corporation,TRUE,0.265092593,,,5000 Cost of Goods,300000 Sales,13100 Inventory Asset,FALSE
21254,1530-W6,1530,Length Units,,Operations,Strouse-HQ,,Average,Default Cost Category,"1530, Tape, White Rayon Nonwoven, unlinered, Medical",TRUE,0.227222222,"3M Company, Inc. Converter Markets",3141,The Strouse Corporation,TRUE,0.227222222,,,5000 Cost of Goods,300000 Sales,13100 Inventory Asset,FALSE
21255,RP45-W24,RP45,Length Units,,Operations,Strouse-HQ,,Average,Default Cost Category,"RP45, 45 mil, D/C Acrylic, VHB",TRUE,7.069226852,"3M Company, Inc. Converter Markets",3141,The Strouse Corporation,TRUE,7.069226852,,,5000 Cost of Goods,300000 Sales,13100 Inventory Asset,FALSE
21256,P152-Yellow-W2,P152-Yellow,Length Units,,Operations,Strouse-HQ,,Average,Default Cost Category,"P152, GP PVC film tape. YELLOW",TRUE,0.03287037,Berry Global,3254,The Strouse Corporation,TRUE,0.03287037,,,5000 Cost of Goods,300000 Sales,13100 Inventory Asset,FALSE
21257,9832-W48,9832,Length Units,,Operations,Strouse-HQ,,Average,Default Cost Category,"4.8 mil, D/C PET, 300MP, 58# PCK",TRUE,2.082451111,"3M Company, Inc. Converter Markets",3141,The Strouse Corporation,TRUE,2.082451111,,,5000 Cost of Goods,300000 Sales,13100 Inventory Asset,FALSE
21258,CSM-8555-W2,CSM-8555,Length Units,,Operations,Strouse-HQ,,Average,Default Cost Category,"CSM-8555, High Temperature Nylon Film Tape 8555, White",TRUE,0,PPG Aerospace PRC-DeSoto Int'l - ASC Philly,3632,The Strouse Corporation,TRUE,0,,,5000 Cost of Goods,300000 Sales,13100 Inventory Asset,FALSE
21260,40443-W4,40443,Length Units,,Operations,Strouse-HQ,,Average,Default Cost Category,"Label Stock, #40443, 2 mil White Print Treated Polyester/S730/50#SCK",TRUE,0.089567986,Fasson / Avery Dennison Label & Packaging Materials     (acct. 5387),3246,The Strouse Corporation,TRUE,0.089567986,,,5000 Cost of Goods,300000 Sales,13100 Inventory Asset,FALSE
21262,7070UV-W48,7070UV,Length Units,,Operations,Strouse-HQ,,Average,Default Cost Category,7070UV 8 mil Adhesived-Back Polyurethane Film,TRUE,21.77142685,"3M Company, Inc. Converter Markets",3141,The Strouse Corporation,TRUE,21.77142685,,,5000 Cost of Goods,300000 Sales,13100 Inventory Asset,FALSE
21264,RB200S-W5,RB200S,Length Units,,Operations,Strouse-HQ,,Average,Default Cost Category,"0.0018""T, Protective E-mask Film",TRUE,0.191432927,"Nitto America, Inc.",3256,The Strouse Corporation,TRUE,0.191432927,,,5000 Cost of Goods,300000 Sales,13100 Inventory Asset,FALSE
21269,CSM - Chemfilm FEP FG-W6,CSM - Chemfilm FEP FG,Length Units,,Operations,Strouse-HQ,,Average,Default Cost Category,CSM - 2 mil FEP FG Chemfilm.,TRUE,0,Atlantic Corporation-Raleigh,3567,The Strouse Corporation,TRUE,0,,,5000 Cost of Goods,300000 Sales,13100 Inventory Asset,FALSE
21270,Chemfilm FEP FG-W13,Chemfilm FEP FG,Length Units,,Operations,Strouse-HQ,,Average,Default Cost Category,CSM - 2 mil FEP FG Chemfilm. (St. Gobain),TRUE,0,Atlantic Corporation-Raleigh,3567,The Strouse Corporation,TRUE,0,,,5000 Cost of Goods,300000 Sales,13100 Inventory Asset,FALSE
21271,112P02-W23.5,112P02,Length Units,,Operations,Strouse-HQ,,Average,Default Cost Category,112P02 Viscoelastic Damping Polymer,TRUE,2.965050926,"3M Company, Inc. Converter Markets",3141,The Strouse Corporation,TRUE,2.965050926,,,5000 Cost of Goods,300000 Sales,13100 Inventory Asset,FALSE
21274,2AFR Black-W7.5,2AFR Black,Length Units,,Operations,Strouse-HQ,,Average,Default Cost Category,"Foam, 1/8"" 2AFR Black Volara w/PSA-60",TRUE,0.25,Rubberlite,3303,The Strouse Corporation,TRUE,0.25,,,5000 Cost of Goods,300000 Sales,13100 Inventory Asset,FALSE
21277,3317A02075R8 - Sleeve - CatID-21277,3317A02075R8 - Sleeve,"Each (Use for Boxes, Bags, Cores, Cases)",3,Operations,Strouse-HQ,,Average,Default Cost Category,"Advantage Sleeve - 207601-D
Artwork - 208008-B color 7445C",TRUE,,Menasha Packaging Company,4049,The Strouse Corporation,TRUE,,,,5000 Cost of Goods,300000 Sales,13100 Inventory Asset,FALSE
21279,5341-W35.433,5341,Length Units,,Operations,Strouse-HQ,,Average,Default Cost Category,"5341, Foam, 1.2mm, Gray, Closed Cell Acrylic Foam, Acrylic Adhesive, PAPER LINER",TRUE,4.62962963,AFTC USA Inc.,3393,The Strouse Corporation,TRUE,4.62962963,,,5000 Cost of Goods,300000 Sales,13100 Inventory Asset,FALSE
21281,54091-W9,54091,Length Units,,Operations,Strouse-HQ,,Average,Default Cost Category,Fasson Trans-Therm 1C/S2550/40#CK,TRUE,0.050976,Fasson / Avery Dennison Label & Packaging Materials     (acct. 5387),3246,The Strouse Corporation,TRUE,0.050976,,,5000 Cost of Goods,300000 Sales,13100 Inventory Asset,FALSE
21287,3332-1-W61.5,3332-1,Length Units,,Operations,Strouse-HQ,,Average,Default Cost Category,"Foam Tape, 1/32"" Thick, Black, Closed Cell, Acrylic Adhesive, Kraft Liner",TRUE,3.215138889,Adhesive Applications,3312,The Strouse Corporation,TRUE,3.215138889,,,5000 Cost of Goods,300000 Sales,13100 Inventory Asset,FALSE
21289,WBC16-W16,WBC16,Length Units,,Operations,Strouse-HQ,,Average,Default Cost Category,"2 mil, High Density Polyethylene Low Temp Protective Film",TRUE,0.0384,Gelpac Poly USA ,3616,The Strouse Corporation,TRUE,0.0384,,,5000 Cost of Goods,300000 Sales,13100 Inventory Asset,FALSE
21290,4949-W1.5,4949,Length Units,,Operations,Strouse-HQ,,Average,Default Cost Category,"45 mil, VHB, double coated Black - Log",TRUE,1.365887037,"3M Company, Inc. Converter Markets",3141,The Strouse Corporation,TRUE,1.365887037,,,5000 Cost of Goods,300000 Sales,13100 Inventory Asset,FALSE
21291,5925WF-W6.25,5925WF,Length Units,,Operations,Strouse-HQ,,Average,Default Cost Category,"5925WF, Foam, 25 mil, 3.375"",  D/C WHITE Acrylic , VHB ",TRUE,4.06970463,"3M Company, Inc. Converter Markets",3141,The Strouse Corporation,TRUE,4.06970463,,,5000 Cost of Goods,300000 Sales,13100 Inventory Asset,FALSE
21292,DELNAT0.125X24X48-W24,DELNAT0.125X24X48,"Each (Use for Boxes, Bags, Cores, Cases)",3,Operations,Strouse-HQ,,Average,Default Cost Category,"Delrin, Natural, 1/8 X 24 X 48",TRUE,1.875,AMAZON.Com,3378,The Strouse Corporation,TRUE,1.875,,,5000 Cost of Goods,300000 Sales,13100 Inventory Asset,FALSE
21293,OPMF,OPMF,"Each (Use for Boxes, Bags, Cores, Cases)",3,Operations,Strouse-HQ,,Average,Default Cost Category,Matte Overprint Varnish,TRUE,,Interactive Inks & Coatings,3366,The Strouse Corporation,TRUE,,,,5000 Cost of Goods,300000 Sales,13100 Inventory Asset,FALSE
21296,M403I440P00EZ-W36,M403I440P00EZ,Length Units,,Operations,Strouse-HQ,,Average,Default Cost Category,2 mil CLR PET Liner/S80B+/40# FS Liner,TRUE,4.78656,3 Sigma Corporation,3610,The Strouse Corporation,TRUE,4.78656,,,5000 Cost of Goods,300000 Sales,13100 Inventory Asset,FALSE
21301,DMRE12-13008 STD,DMRE12-13008 STD,"Each (Use for Boxes, Bags, Cores, Cases)",3,Operations,Strouse-HQ,,Average,Default Cost Category,Target Red,TRUE,,Interactive Inks & Coatings,3366,The Strouse Corporation,TRUE,,,,5000 Cost of Goods,300000 Sales,13100 Inventory Asset,FALSE
21303,DIBL12-18010 STD,DIBL12-18010 STD,"Each (Use for Boxes, Bags, Cores, Cases)",3,Operations,Strouse-HQ,,Average,Default Cost Category,2766C  Blue,TRUE,,Interactive Inks & Coatings,3366,The Strouse Corporation,TRUE,,,,5000 Cost of Goods,300000 Sales,13100 Inventory Asset,FALSE
21366,ACFBL42-18001 STD,ACFBL42-18001 STD,"Each (Use for Boxes, Bags, Cores, Cases)",3,Operations,Strouse-HQ,,Average,Default Cost Category,Health Blue,TRUE,,Interactive Inks & Coatings,3366,The Strouse Corporation,TRUE,,,,5000 Cost of Goods,300000 Sales,13100 Inventory Asset,FALSE
21367,ACFRE43-19001 STD,ACFRE43-19001 STD,"Each (Use for Boxes, Bags, Cores, Cases)",3,Operations,Strouse-HQ,,Average,Default Cost Category,Target Red,TRUE,,Interactive Inks & Coatings,3366,The Strouse Corporation,TRUE,,,,5000 Cost of Goods,300000 Sales,13100 Inventory Asset,FALSE
21368,ACFOR43-19006 STD,ACFOR43-19006 STD,"Each (Use for Boxes, Bags, Cores, Cases)",3,Operations,Strouse-HQ,,Average,Default Cost Category,LED curable Pantone 021 Orange. Matched using a 400 line anilox with 3.5 bcm,TRUE,,Interactive Inks & Coatings,3366,The Strouse Corporation,TRUE,,,,5000 Cost of Goods,300000 Sales,13100 Inventory Asset,FALSE
21369,ACFRE43-A1797 STD,ACFRE43-A1797 STD,"Each (Use for Boxes, Bags, Cores, Cases)",3,Operations,Strouse-HQ,,Average,Default Cost Category,LED Curable PMS 1797C Red,TRUE,,Interactive Inks & Coatings,3366,The Strouse Corporation,TRUE,,,,5000 Cost of Goods,300000 Sales,13100 Inventory Asset,FALSE
21370,ACFBK42-01 STD,ACFBK42-01 STD,"Each (Use for Boxes, Bags, Cores, Cases)",3,Operations,Strouse-HQ,,Average,Default Cost Category,LED High Adhesion Process Black,TRUE,,Interactive Inks & Coatings,3366,The Strouse Corporation,TRUE,,,,5000 Cost of Goods,300000 Sales,13100 Inventory Asset,FALSE
21371,ACFCG43-18001 STD,ACFCG43-18001 STD,"Each (Use for Boxes, Bags, Cores, Cases)",3,Operations,Strouse-HQ,,Average,Default Cost Category,Cool Grey 11C,TRUE,,Interactive Inks & Coatings,3366,The Strouse Corporation,TRUE,,,,5000 Cost of Goods,300000 Sales,13100 Inventory Asset,FALSE
21372,ACFCG43-A5 STD,ACFCG43-A5 STD,"Each (Use for Boxes, Bags, Cores, Cases)",3,Operations,Strouse-HQ,,Average,Default Cost Category,Cool Grey 5C,TRUE,,Interactive Inks & Coatings,3366,The Strouse Corporation,TRUE,,,,5000 Cost of Goods,300000 Sales,13100 Inventory Asset,FALSE
21373,ACFBL43-A293 STD,ACFBL43-A293 STD,"Each (Use for Boxes, Bags, Cores, Cases)",3,Operations,Strouse-HQ,,Average,Default Cost Category,"PMS 293 Blue, UV LED",TRUE,,Interactive Inks & Coatings,3366,The Strouse Corporation,TRUE,,,,5000 Cost of Goods,300000 Sales,13100 Inventory Asset,FALSE
21374,ACFBK33-1 STD,ACFBK33-1 STD,"Each (Use for Boxes, Bags, Cores, Cases)",3,Operations,Strouse-HQ,,Average,Default Cost Category,High Adhesion Dense Black,TRUE,,Interactive Inks & Coatings,3366,The Strouse Corporation,TRUE,,,,5000 Cost of Goods,300000 Sales,13100 Inventory Asset,FALSE
21378,SS-200,SS-200,"Each (Use for Boxes, Bags, Cores, Cases)",3,Operations,Strouse-HQ,,Average,Default Cost Category,Pantone Yellow,TRUE,,"Brewers Ink-a division of KOR-CHEM, Inc.",3240,The Strouse Corporation,TRUE,,,,5000 Cost of Goods,300000 Sales,13100 Inventory Asset,FALSE
21380,SS-901,SS-901,"Each (Use for Boxes, Bags, Cores, Cases)",3,Operations,Strouse-HQ,,Average,Default Cost Category,Special Black,TRUE,,"Brewers Ink-a division of KOR-CHEM, Inc.",3240,The Strouse Corporation,TRUE,,,,5000 Cost of Goods,300000 Sales,13100 Inventory Asset,FALSE
21434,Q100 (FRA-3307)-W5.5,Q100 (FRA-3307),Length Units,,Operations,Strouse-HQ,,Average,Default Cost Category,2 mil Clear Polyester S1S Premium Release Liner,TRUE,0.03592864,Fox River Associates,4046,The Strouse Corporation,TRUE,0.03592864,,,5000 Cost of Goods,300000 Sales,13100 Inventory Asset,FALSE
21435,471 - Blue-W2,471 - Blue,Length Units,,Operations,Strouse-HQ,,Average,Default Cost Category,"5.2 mil, Blue Vinyl, Rubber",TRUE,0.252822222,"3M Company, Inc. Converter Markets",3141,The Strouse Corporation,TRUE,0.252822222,,,5000 Cost of Goods,300000 Sales,13100 Inventory Asset,FALSE
21436,54 lb. C1S S0(BG0)-W2,54 lb. C1S S0(BG0),Length Units,,Operations,Strouse-HQ,,Average,Default Cost Category,3.2 mil 54 lb. Easy Release C1S Liner,TRUE,0.00732,"Channeled Resources, Inc. (GMC Coatings)",3277,The Strouse Corporation,TRUE,0.00732,,,5000 Cost of Goods,300000 Sales,13100 Inventory Asset,FALSE
21437,9709-W6,9709,Length Units,,Operations,Strouse-HQ,,Average,Default Cost Category,"Fluorosilicone Release Liner, 3 mils.",TRUE,0.63288,"3M Company, Inc. Converter Markets",3141,The Strouse Corporation,TRUE,0.63288,,,5000 Cost of Goods,300000 Sales,13100 Inventory Asset,FALSE
21438,9709-W4.5,9709,Length Units,,Operations,Strouse-HQ,,Average,Default Cost Category,"Fluorosilicone Release Liner, 3 mils.",TRUE,0.47466,"3M Company, Inc. Converter Markets",3141,The Strouse Corporation,TRUE,0.47466,,,5000 Cost of Goods,300000 Sales,13100 Inventory Asset,FALSE
21439,10 mil GP PET-W7,10 mil GP PET,Length Units,,Operations,Strouse-HQ,,Average,Default Cost Category,10 mil GP PET,TRUE,0.21,TEAM Plastics,3304,The Strouse Corporation,TRUE,0.21,,,5000 Cost of Goods,300000 Sales,13100 Inventory Asset,FALSE
21440,5 mil GP PET-W7,5 mil GP PET,Length Units,,Operations,Strouse-HQ,,Average,Default Cost Category,5 mil GP PET,TRUE,0.147,TEAM Plastics,3304,The Strouse Corporation,TRUE,0.147,,,5000 Cost of Goods,300000 Sales,13100 Inventory Asset,FALSE
21443,5952P-W2.5,5952P,Length Units,,Operations,Strouse-HQ,,Average,Default Cost Category,"45 mil, D/C Acrylic Foam, VHB, With paper liner",TRUE,1.642083333,"3M Company, Inc. Converter Markets",3141,The Strouse Corporation,TRUE,1.642083333,,,5000 Cost of Goods,300000 Sales,13100 Inventory Asset,FALSE
21444,FRA 310-W6,FRA 310,Length Units,,Operations,Strouse-HQ,,Average,Default Cost Category,"Liner, 2 mil PET clear, FRA 310, Fluorosilicone, Easy Release",TRUE,0.1820756,Fox River Associates,4046,The Strouse Corporation,TRUE,0.1820756,,,5000 Cost of Goods,300000 Sales,13100 Inventory Asset,FALSE
21445,9709-W3,9709,Length Units,,Operations,Strouse-HQ,,Average,Default Cost Category,"Fluorosilicone Release Liner, 3 mils.",TRUE,0.316663137,"3M Company, Inc. Converter Markets",3141,The Strouse Corporation,TRUE,0.316663137,,,5000 Cost of Goods,300000 Sales,13100 Inventory Asset,FALSE
21447,78 lb. C1S S75-W3,78 lb. C1S S75,Length Units,,Operations,Strouse-HQ,,Average,Default Cost Category,4.4 mil 78 lb. Tight Release C1S Liner,TRUE,0.015048,"Channeled Resources, Inc. (GMC Coatings)",3277,The Strouse Corporation,TRUE,0.015048,,,5000 Cost of Goods,300000 Sales,13100 Inventory Asset,FALSE
21448,DERMAFLEX V400 H White TC-848 H-529 Spec 50K-8-W8.57,DERMAFLEX V400 H White TC-848 H-529 Spec 50K-8,Length Units,,Operations,Strouse-HQ,,Average,Default Cost Category,DERMAFLEX V 400 H White TC-848 H-529 Spec 50K-8,TRUE,0.3733092,"FLEXcon Company, Inc.",3247,The Strouse Corporation,TRUE,0.3733092,,,5000 Cost of Goods,300000 Sales,13100 Inventory Asset,FALSE
21449,5915P-W5.375,5915P,Length Units,,Operations,Strouse-HQ,,Average,Default Cost Category,"5915P VHB Tape, Black, 16 mil",TRUE,3.105810185,"3M Company, Inc. Converter Markets",3141,The Strouse Corporation,TRUE,3.105810185,,,5000 Cost of Goods,300000 Sales,13100 Inventory Asset,FALSE
21450,4466W-W2,4466W,Length Units,,Operations,Strouse-HQ,,Average,Default Cost Category,"4466, Foam, 1/16"" (R-45), double coated White",TRUE,0.315185185,"3M Company, Inc. Converter Markets",3141,The Strouse Corporation,TRUE,0.315185185,,,5000 Cost of Goods,300000 Sales,13100 Inventory Asset,FALSE
21451,"53 Lb. C2S BG0/BG0 Channeled Resources, Inc-W6.75","53 Lb. C2S BG0/BG0Channeled Resources, Inc. (GMC Coatings)",Length Units,,Operations,Strouse-HQ,,Average,Default Cost Category,3.2 mil 53 lb. Easy Release Liner C2S (Easy/Easy),TRUE,0.039447,"Channeled Resources, Inc. (GMC Coatings)",3277,The Strouse Corporation,TRUE,0.039447,,,5000 Cost of Goods,300000 Sales,13100 Inventory Asset,FALSE
21452,2668-W1,2668,"Each (Use for Boxes, Bags, Cores, Cases)",3,Operations,Strouse-HQ,,Average,Default Cost Category,"3M 2668 cover tape, 25.5mm x 300 meters.",TRUE,,V - Tek Incorporated,3582,The Strouse Corporation,TRUE,,,,5000 Cost of Goods,300000 Sales,13100 Inventory Asset,FALSE
21456,100Rpvc-W1,100Rpvc,Length Units,,Operations,Strouse-HQ,,Average,Default Cost Category,Red UPVC,TRUE,0.005916385,The Strouse Corporation,3138,The Strouse Corporation,TRUE,0.005916385,,,5000 Cost of Goods,300000 Sales,13100 Inventory Asset,FALSE
21463,2090-4FT-60YD-W48,2090-4FT-60YD,Length Units,,Operations,Strouse-HQ,,Average,Default Cost Category,"2090, ScotchBlue Painter's Tape",TRUE,0.900444444,"3M Company, Inc. Converter Markets",3141,The Strouse Corporation,TRUE,0.900444444,,,5000 Cost of Goods,300000 Sales,13100 Inventory Asset,FALSE
21465,54091-W4.5,54091,Length Units,,Operations,Strouse-HQ,,Average,Default Cost Category,Fasson® Trans-Therm 1C/S2550/40#CK,TRUE,0.023652325,Fasson / Avery Dennison Label & Packaging Materials     (acct. 5387),3246,The Strouse Corporation,TRUE,0.023652325,,,5000 Cost of Goods,300000 Sales,13100 Inventory Asset,FALSE
21467,54 lb. C1S S0-W5.125,54 lb. C1S S0,Length Units,,Operations,Strouse-HQ,,Average,Default Cost Category,3.2 mil 54 lb. Easy Release C1S Liner,TRUE,0.021771,"Channeled Resources, Inc. (GMC Coatings)",3277,The Strouse Corporation,TRUE,0.021771,,,5000 Cost of Goods,300000 Sales,13100 Inventory Asset,FALSE
21469,2080EL-W1.41,2080EL,Length Units,,Operations,Strouse-HQ,,Average,Default Cost Category,"2080EL, Scotch Blue painter's tape, ",TRUE,0.031444444,"3M Company, Inc. Converter Markets",3141,The Strouse Corporation,TRUE,0.031444444,,,5000 Cost of Goods,300000 Sales,13100 Inventory Asset,FALSE
21473,8510 UV Blue-W40,8510 UV Blue,Length Units,,Operations,Strouse-HQ,,Average,Default Cost Category,"8510, Blue,Protective Film, 2 mil LDPE, Rubber Adhesive, UV Blue",TRUE,0.412,American Biltrite,3238,The Strouse Corporation,TRUE,0.412,,,5000 Cost of Goods,300000 Sales,13100 Inventory Asset,FALSE
21474,FLX051800-W5,FLX051800,Length Units,,Operations,Strouse-HQ,,Average,Default Cost Category,A-454 150 Poly H9 Silicone Side Up,TRUE,0.0738,"FLEXcon Company, Inc.",3247,The Strouse Corporation,TRUE,0.0738,,,5000 Cost of Goods,300000 Sales,13100 Inventory Asset,FALSE
21475,78 lb. C1S BG0-W9.625,78 lb. C1S BG0,Length Units,,Operations,Strouse-HQ,,Average,Default Cost Category,4.4 mil 78 lb. Easy Release C1S Liner,TRUE,0.0412335,"Channeled Resources, Inc. (GMC Coatings)",3277,The Strouse Corporation,TRUE,0.0412335,,,5000 Cost of Goods,300000 Sales,13100 Inventory Asset,FALSE
21476,2538A-W54,2538A,Length Units,,Operations,Strouse-HQ,,Average,Default Cost Category,"2538A, Double coated tape, 60# C2S Karft, Rubber adhesive",TRUE,2.295013333,Berry Global,3254,The Strouse Corporation,TRUE,2.295013333,,,5000 Cost of Goods,300000 Sales,13100 Inventory Asset,FALSE
21482,WF2SYTOMENS-W10.4,WF2SYTOMENS,Length Units,,Operations,Strouse-HQ,,Average,Default Cost Category,"CSM, Lidding Film, 265mm x 216mm - Finished Roll Size Length 2,250'. Job 31891-01. Windset Farms 2LB Symphony Tomato Ensemble",TRUE,0,AMCOR Flexibles,3343,The Strouse Corporation,TRUE,0,,,5000 Cost of Goods,300000 Sales,13100 Inventory Asset,FALSE
21483,WF2CCGRPTOMBL-W10.4,WF2CCGRPTOMBL,Length Units,,Operations,Strouse-HQ,,Average,Default Cost Category,"CSM, Lidding Film, 265mm x 216mm - Finished Roll Size Length 2,250'. Job 31890-01. Windset Farms 2LB Concerto Tomato Bili",TRUE,0,AMCOR Flexibles,3343,The Strouse Corporation,TRUE,0,,,5000 Cost of Goods,300000 Sales,13100 Inventory Asset,FALSE
21484,WF20RGGRPTOM-W10.4,WF20RGGRPTOM,Length Units,,Operations,Strouse-HQ,,Average,Default Cost Category,"CSM, Lidding Film, 265mm x 216mm - Finished Roll Size Length 2,250'. Job 31889-01. Windset Farms 2LB Organic Grape Tomato",TRUE,0,AMCOR Flexibles,3343,The Strouse Corporation,TRUE,0,,,5000 Cost of Goods,300000 Sales,13100 Inventory Asset,FALSE
21485,WF1.5SYTOMENSBL-W10.4,WF1.5SYTOMENSBL,Length Units,,Operations,Strouse-HQ,,Average,Default Cost Category,"CSM, Lidding Film, 265mm x 216mm - Finished Roll Size Length 2,250'. Job 31888-01. Windset Farms 1.5LB Symphony Tomato Ensemble Bili",TRUE,0,AMCOR Flexibles,3343,The Strouse Corporation,TRUE,0,,,5000 Cost of Goods,300000 Sales,13100 Inventory Asset,FALSE
21486,WF1.5CCGRPTOMBL-W10.4,WF1.5CCGRPTOMBL,Length Units,,Operations,Strouse-HQ,,Average,Default Cost Category,"CSM, Lidding Film, 265mm x 216mm - Finished Roll Size Length 2,250'. Job 31887-01. Windset Farms 1.5LB Concerto Grape Tomato Bili.",TRUE,0,AMCOR Flexibles,3343,The Strouse Corporation,TRUE,0,,,5000 Cost of Goods,300000 Sales,13100 Inventory Asset,FALSE
21487,9627-W2,9627,Length Units,,Operations,Strouse-HQ,,Average,Default Cost Category,"Adhesive Transfer Tape 9627, Clear, 5 mil",TRUE,0.230388889,"3M Company, Inc. Converter Markets",3141,The Strouse Corporation,TRUE,0.230388889,,,5000 Cost of Goods,300000 Sales,13100 Inventory Asset,FALSE
21494,54 lb. C1S S0-W12.25,54 lb. C1S S0,Length Units,,Operations,Strouse-HQ,,Average,Default Cost Category,3.2 mil 54 lb. Easy Release C1S Liner,TRUE,0.052479,"Channeled Resources, Inc. (GMC Coatings)",3277,The Strouse Corporation,TRUE,0.052479,,,5000 Cost of Goods,300000 Sales,13100 Inventory Asset,FALSE
21496,1538-W2.75,1538,Length Units,,Operations,Strouse-HQ,,Average,Default Cost Category,"1538, Rayon Acetate Woven Tape, ",TRUE,0.225638194,"3M Company, Inc. Converter Markets",3141,The Strouse Corporation,TRUE,0.225638194,,,5000 Cost of Goods,300000 Sales,13100 Inventory Asset,FALSE
21503,1538-W48,1538,Length Units,,Operations,Strouse-HQ,,Average,Default Cost Category,"1538, Rayon Acetate Woven Tape, ",TRUE,3.833333333,"3M Company, Inc. Converter Markets",3141,The Strouse Corporation,TRUE,3.833333333,,,5000 Cost of Goods,300000 Sales,13100 Inventory Asset,FALSE
21504,SJ3507-W8,SJ3507,Length Units,,Operations,Strouse-HQ,,Average,Default Cost Category,"SJ3507, white loop fastener,",TRUE,2.3235,"3M Company, Inc. Converter Markets",3141,The Strouse Corporation,TRUE,2.3235,,,5000 Cost of Goods,300000 Sales,13100 Inventory Asset,FALSE
21506,303-0023-000-W45.28,303-0023-000,Length Units,,Operations,Strouse-HQ,,Average,Default Cost Category,CSM - Metalized Film  (SF69600800-1150),TRUE,0,JEM Engineering,3746,The Strouse Corporation,TRUE,0,,,5000 Cost of Goods,300000 Sales,13100 Inventory Asset,FALSE
21508,1280 - CatID-21508,1280,Length Units,,Operations,Strouse-HQ,,Average,Default Cost Category,"Circuit Plating Tape 1280 Red, 12 in x 72 yds x 4.2 mil, 1/Case, Bulk",TRUE,0.796083333,"3M Company, Inc. Converter Markets",3141,The Strouse Corporation,TRUE,0.796083333,,,5000 Cost of Goods,300000 Sales,13100 Inventory Asset,FALSE
21510,105/52-W0.64,105/52,Length Units,,Operations,Strouse-HQ,,Average,Default Cost Category,CSM - Saatifil Monofilament Polyester PES 105/52 PW Hyphil ribbon monolayer ,TRUE,0,StanBio Laboratory LP EKF Diagnostics,3629,The Strouse Corporation,TRUE,0,,,5000 Cost of Goods,300000 Sales,13100 Inventory Asset,FALSE
21514,CSM - Gold band-W0.018,CSM - Gold band,Length Units,,Operations,Strouse-HQ,,Average,Default Cost Category,"CSM - Gold band 0.018"" wide x 0.002"" thick",TRUE,0,Deringer-Ney,3747,The Strouse Corporation,TRUE,0,,,5000 Cost of Goods,300000 Sales,13100 Inventory Asset,FALSE
21515,X149051.4.75-W0.75,X149051.4.75,Length Units,,Operations,Strouse-HQ,,Average,Default Cost Category,"110 Annealed Copper, 0.0014"" Thick",TRUE,0.480225806,"ALL-FOILS, Inc.",3365,The Strouse Corporation,TRUE,0.480225806,,,5000 Cost of Goods,300000 Sales,13100 Inventory Asset,FALSE
21516,9707-W0.5,9707,Length Units,,Operations,Strouse-HQ,,Average,Default Cost Category,2 mil Electrically Conductive Adhesive Transfer Tape,TRUE,0.600880247,"3M Company, Inc. Converter Markets",3141,The Strouse Corporation,TRUE,0.600880247,,,5000 Cost of Goods,300000 Sales,13100 Inventory Asset,FALSE
21518,56 - 300ft-W24,56 - 300ft,Length Units,,Operations,Strouse-HQ,,Average,Default Cost Category,"Tape, 2.2 mil, PET Yellow Electrical, linerless 300 ft rolls (100yds) - LOG",TRUE,0.967725667,"3M Company, Inc. Converter Markets",3141,The Strouse Corporation,TRUE,0.967725667,,,5000 Cost of Goods,300000 Sales,13100 Inventory Asset,FALSE
21519,T-363-W2.5,T-363,Length Units,,Operations,Strouse-HQ,,Average,Default Cost Category,2 mil Clear Polyester,TRUE,0.01527,Fox River Associates,4046,The Strouse Corporation,TRUE,0.01527,,,5000 Cost of Goods,300000 Sales,13100 Inventory Asset,FALSE
21524,281-W3,281,Length Units,,Operations,Strouse-HQ,,Average,Default Cost Category,"Polyken, Black duct tape",TRUE,0.054055556,Elliott Group International,3344,The Strouse Corporation,TRUE,0.054055556,,,5000 Cost of Goods,300000 Sales,13100 Inventory Asset,FALSE
21526,54lb C2S SL1/SL4 Liner-W3.75,54lb C2S SL1/SL4 Liner,Length Units,,Operations,Strouse-HQ,,Average,Default Cost Category,"3.2 mil 54 lb, C2S SL1/SL4 Easy/Medium Release Liner",TRUE,0.01485,"Channeled Resources, Inc. (GMC Coatings)",3277,The Strouse Corporation,TRUE,0.01485,,,5000 Cost of Goods,300000 Sales,13100 Inventory Asset,FALSE
21528,2380-W1.5,2380,Length Units,,Operations,Strouse-HQ,,Average,Default Cost Category,"7.5 mil, Crepe Masking, Nat. Syn. Rubber Blend",TRUE,0.028507213,"3M Company, Inc. Converter Markets",3141,The Strouse Corporation,TRUE,0.028507213,,,5000 Cost of Goods,300000 Sales,13100 Inventory Asset,FALSE
21534,9576-W24.25,9576,Length Units,,Operations,Strouse-HQ,,Average,Default Cost Category,"9576, 4 mil D/C  clear polypropylene tape",TRUE,2.107179252,"3M Company, Inc. Converter Markets",3141,The Strouse Corporation,TRUE,2.107179252,,,5000 Cost of Goods,300000 Sales,13100 Inventory Asset,FALSE
21535,S-4126-W300,S-4126,"Each (Use for Boxes, Bags, Cores, Cases)",3,Operations,Strouse-HQ,,Average,Default Cost Category,12 x 12 x 10 Corrugated Boxes,TRUE,,ULINE,3330,The Strouse Corporation,TRUE,,,,5000 Cost of Goods,300000 Sales,13100 Inventory Asset,FALSE
21536,1225-W5,1225,"Each (Use for Boxes, Bags, Cores, Cases)",3,Operations,Strouse-HQ,,Average,Default Cost Category,"CSM - 5"" reusable spool ",TRUE,,Deringer-Ney,3747,The Strouse Corporation,TRUE,,,,5000 Cost of Goods,300000 Sales,13100 Inventory Asset,FALSE
21537,7600-W12,7600,Length Units,,Operations,Strouse-HQ,,Average,Default Cost Category,"3.5 mil, White Gloss Vinyl, 500, 43# DK",TRUE,,"3M Company, Inc. Converter Markets",3141,The Strouse Corporation,TRUE,,,,5000 Cost of Goods,300000 Sales,13100 Inventory Asset,FALSE
21538,F9460PC-W13,F9460PC,Length Units,,Operations,Strouse-HQ,,Average,Default Cost Category,"2 mil, 100MP, 58# PCK",TRUE,1.809881667,"3M Company, Inc. Converter Markets",3141,The Strouse Corporation,TRUE,1.809881667,,,5000 Cost of Goods,300000 Sales,13100 Inventory Asset,FALSE
21540,SJ3507-W24,SJ3507,Length Units,,Operations,Strouse-HQ,,Average,Default Cost Category,"SJ3507, white loop fastener,",TRUE,5.7977975,"3M Company, Inc. Converter Markets",3141,The Strouse Corporation,TRUE,5.7977975,,,5000 Cost of Goods,300000 Sales,13100 Inventory Asset,FALSE
21541,AVX-Silver-W1.33,AVX-Silver,Length Units,,Operations,Strouse-HQ,,Average,Default Cost Category,"Polyimide, Double Coated, 1.5mils silver pigmented Silicone adhesive, 1mil polyimide carrier, tape, FS liner on each side.
",TRUE,0.965384259,Adhesive Applications,3312,The Strouse Corporation,TRUE,0.965384259,,,5000 Cost of Goods,300000 Sales,13100 Inventory Asset,FALSE
21542,AVX-Silver-W2.4,AVX-Silver,Length Units,,Operations,Strouse-HQ,,Average,Default Cost Category,"Polyimide, Double Coated, 1.5mils silver pigmented Silicone adhesive, 1mil polyimide carrier, tape, FS liner on each side.
",TRUE,0.570453704,Adhesive Applications,3312,The Strouse Corporation,TRUE,0.570453704,,,5000 Cost of Goods,300000 Sales,13100 Inventory Asset,FALSE
21545,WNDST015LBGTMTPSLWWEFCS-W10.4,WNDST015LBGTMTPSLWWEFCS,Length Units,,Operations,Strouse-HQ,,Average,Default Cost Category,CSM - 1.5LB Grape Windset Topseal JJ# 8904,TRUE,0,AMCOR Flexibles,3343,The Strouse Corporation,TRUE,0,,,5000 Cost of Goods,300000 Sales,13100 Inventory Asset,FALSE
21546,WNDST015LBSYMTPSLWWEFV2-W10.4,WNDST015LBSYMTPSLWWEFV2,Length Units,,Operations,Strouse-HQ,,Average,Default Cost Category,CSM - 1.5LB Symphony Windset TopSeal JJ# 8905,TRUE,0,AMCOR Flexibles,3343,The Strouse Corporation,TRUE,0,,,5000 Cost of Goods,300000 Sales,13100 Inventory Asset,FALSE
21547,WNDST002LBGTMTPSLWWENCS-W10.4,WNDST002LBGTMTPSLWWENCS,Length Units,,Operations,Strouse-HQ,,Average,Default Cost Category,CSM - 2LB Concerto Grape Tomato JJ# 8885,TRUE,0,AMCOR Flexibles,3343,The Strouse Corporation,TRUE,0,,,5000 Cost of Goods,300000 Sales,13100 Inventory Asset,FALSE
21548,WNDST002LBSYMTPSLWWENFT-W10.4,WNDST002LBSYMTPSLWWENFT,Length Units,,Operations,Strouse-HQ,,Average,Default Cost Category,CSM - 2LB Symphony Tomato Fair Trade JJ# 8902,TRUE,0,AMCOR Flexibles,3343,The Strouse Corporation,TRUE,0,,,5000 Cost of Goods,300000 Sales,13100 Inventory Asset,FALSE
21549,PRZCH0681GCYMTPSLWWEFAX-W10.4,PRZCH0681GCYMTPSLWWEFAX,Length Units,,Operations,Strouse-HQ,,Average,Default Cost Category,CSM - 681g Pres Cher Axiany Cherry Tom JJ# 8903,TRUE,0,AMCOR Flexibles,3343,The Strouse Corporation,TRUE,0,,,5000 Cost of Goods,300000 Sales,13100 Inventory Asset,FALSE
21550,PRZCH0681GTOMTPSLWWVRPK-W10.4,PRZCH0681GTOMTPSLWWVRPK,Length Units,,Operations,Strouse-HQ,,Average,Default Cost Category,CSM - 681g Pres Chc Variety Pack Tom JJ# 8906,TRUE,0,AMCOR Flexibles,3343,The Strouse Corporation,TRUE,0,,,5000 Cost of Goods,300000 Sales,13100 Inventory Asset,FALSE
21551,AVX-Silver-W4,AVX-Silver,Length Units,,Operations,Strouse-HQ,,Average,Default Cost Category,"Polyimide, Double Coated, 1.5mils silver pigmented Silicone adhesive, 1mil polyimide carrier, tape, FS liner on each side.
",TRUE,1.970366204,Adhesive Applications,3312,The Strouse Corporation,TRUE,1.970366204,,,5000 Cost of Goods,300000 Sales,13100 Inventory Asset,FALSE
21556,102510-001 Rev A (SNSREVA-US)-W1,102510-001 Rev A (SNSREVA-US),"Each (Use for Boxes, Bags, Cores, Cases)",3,Operations,Strouse-HQ,,Average,Default Cost Category,"Flat Sheet Printed CMYK x 1 side on 18PT C1S TANGO COVER AQ Coating Aqueous 1 side only 10.6"" x 12.7"" DIE CUT CONVERT & SCORE",TRUE,,Minuteman Press,3648,The Strouse Corporation,TRUE,,,,5000 Cost of Goods,300000 Sales,13100 Inventory Asset,FALSE
21562,8815-W7,8815,Length Units,,Operations,Strouse-HQ,,Average,Default Cost Category,3M™ Thermally Conductive Adhesive Transfer Tape 8815,TRUE,9.127278704,"3M Company, Inc. Converter Markets",3141,The Strouse Corporation,TRUE,9.127278704,,,5000 Cost of Goods,300000 Sales,13100 Inventory Asset,FALSE
21564,CSM- Printed Metalized Film (VVM7)-W6.299,CSM- Printed Metalized Film (VVM7),Length Units,,Operations,Strouse-HQ,,Average,Default Cost Category,CSM- Printed Metalized Film (VVM7),TRUE,0,Freshpoint Quality Assurance Ltd. d/b/a Evigence Sensors ,3686,The Strouse Corporation,TRUE,0,,,5000 Cost of Goods,300000 Sales,13100 Inventory Asset,FALSE
21565,CSM - Printed Active Adhesive Laminate (VVM7)-W13,CSM - Printed Active Adhesive Laminate (VVM7),Length Units,,Operations,Strouse-HQ,,Average,Default Cost Category,CSM - Printed Active Adhesive Laminate (VVM7),TRUE,0,Freshpoint Quality Assurance Ltd. d/b/a Evigence Sensors ,3686,The Strouse Corporation,TRUE,0,,,5000 Cost of Goods,300000 Sales,13100 Inventory Asset,FALSE
21566,CSM - P77 Laminate Adhesive-W13,CSM - P77 Laminate Adhesive,Length Units,,Operations,Strouse-HQ,,Average,Default Cost Category,CSM - P77 Laminate Adhesive,TRUE,0,Freshpoint Quality Assurance Ltd. d/b/a Evigence Sensors ,3686,The Strouse Corporation,TRUE,0,,,5000 Cost of Goods,300000 Sales,13100 Inventory Asset,FALSE
21567,CSM - Hydro Block-W13,CSM - Hydro Block,Length Units,,Operations,Strouse-HQ,,Average,Default Cost Category,CSM - Hydro Block,TRUE,0,Freshpoint Quality Assurance Ltd. d/b/a Evigence Sensors ,3686,The Strouse Corporation,TRUE,0,,,5000 Cost of Goods,300000 Sales,13100 Inventory Asset,FALSE
21568,CSM - Aluminum Foil-W6.299,CSM - Aluminum Foil,Length Units,,Operations,Strouse-HQ,,Average,Default Cost Category,CSM - Aluminum Foil,TRUE,0,Freshpoint Quality Assurance Ltd. d/b/a Evigence Sensors ,3686,The Strouse Corporation,TRUE,0,,,5000 Cost of Goods,300000 Sales,13100 Inventory Asset,FALSE
21570,060GM0074740SC025HC S7620060-W3,060GM0074740SC025HC S7620060,Length Units,,Operations,Strouse-HQ,,Average,Default Cost Category,"Kraft Label Stock, 747 adhesive, Green Bay",TRUE,0.038232,Green Bay Packaging Inc.,3250,The Strouse Corporation,TRUE,0.038232,,,5000 Cost of Goods,300000 Sales,13100 Inventory Asset,FALSE
21571,2 mil T50-W6.25,2 mil T50,Length Units,,Operations,Strouse-HQ,,Average,Default Cost Category,Poly Liner Tight Release,TRUE,0.059895,Solutia Performance Films,1059,The Strouse Corporation,TRUE,0.059895,,,5000 Cost of Goods,300000 Sales,13100 Inventory Asset,FALSE
21572,5905Cpvc-W5.905 - CatID-21572,5905Cpvc,Length Units,,Operations,Strouse-HQ,,Average,Default Cost Category,Clear UPVC,TRUE,0.0247336,Adhesive Tape Printers LLC,3339,The Strouse Corporation,TRUE,0.0247336,,,5000 Cost of Goods,300000 Sales,13100 Inventory Asset,FALSE
21573,8583K61-W36,8583K61,Length Units,,Operations,Strouse-HQ,,Average,Default Cost Category,"Rubber, Neoprene, 1/32"" Thick, Black, w/PSA",TRUE,30.75,McMaster-Carr,3281,The Strouse Corporation,TRUE,30.75,,,5000 Cost of Goods,300000 Sales,13100 Inventory Asset,FALSE
21575,5423-W1,5423,Length Units,,Operations,Strouse-HQ,,Average,Default Cost Category,"5423 UHMW Film Tape, Transparent,  ",TRUE,1.510037963,"3M Company, Inc. Converter Markets",3141,The Strouse Corporation,TRUE,1.510037963,,,5000 Cost of Goods,300000 Sales,13100 Inventory Asset,FALSE
21576,4701-50-20093-04-W3,4701-50-20093-04,Length Units,,Operations,Strouse-HQ,,Average,Default Cost Category,"Foam, .093, Black Poron",TRUE,0.565,Merryweather Foam,3320,The Strouse Corporation,TRUE,0.565,,,5000 Cost of Goods,300000 Sales,13100 Inventory Asset,FALSE
21577,9877-W5,9877,Length Units,,Operations,Strouse-HQ,,Average,Default Cost Category,"9877, 4.5 mil, High Performance D/C polyester tape, medical",TRUE,0.377731481,"3M Company, Inc. Converter Markets",3141,The Strouse Corporation,TRUE,0.377731481,,,5000 Cost of Goods,300000 Sales,13100 Inventory Asset,FALSE
21578,Melinex 462-W8,Melinex 462,Length Units,,Operations,Strouse-HQ,,Average,Default Cost Category,5mil PET,TRUE,0.124,Polymershapes - Jessup,3375,The Strouse Corporation,TRUE,0.124,,,5000 Cost of Goods,300000 Sales,13100 Inventory Asset,FALSE
21581,140712-W12,140712,Length Units,,Operations,Strouse-HQ,,Average,Default Cost Category,Green 35# Machine Glazed  Masking Paper,TRUE,0.04305,Kardol LLC,3350,The Strouse Corporation,TRUE,0.04305,,,5000 Cost of Goods,300000 Sales,13100 Inventory Asset,FALSE
21583,6035PC-W13,6035PC,Length Units,,Operations,Strouse-HQ,,Average,Default Cost Category,"6035PC, Adhesive Transfer Tape, Clear",TRUE,1.248707778,"3M Company, Inc. Converter Markets",3141,The Strouse Corporation,TRUE,1.248707778,,,5000 Cost of Goods,300000 Sales,13100 Inventory Asset,FALSE
21584,FT 445-W54,FT 445,Length Units,,Operations,Strouse-HQ,,Average,Default Cost Category,"577115554S   5.6 mil Double Coated Tape

",TRUE,2.3652,Avery Dennison-Specialty Tape Division,3239,The Strouse Corporation,TRUE,2.3652,,,5000 Cost of Goods,300000 Sales,13100 Inventory Asset,FALSE
21585,85383,85383,"Each (Use for Boxes, Bags, Cores, Cases)",3,Operations,Strouse-HQ,,Average,Default Cost Category,11 x 11 x 10 1/2,TRUE,,BCI - Allsize Division,3334,The Strouse Corporation,TRUE,,,,5000 Cost of Goods,300000 Sales,13100 Inventory Asset,FALSE
21586,51118-W2.25,51118,Length Units,,Operations,Strouse-HQ,,Average,Default Cost Category,3.0 CL PET 7370T/000 Loparex                                                   release: 500g/cm or 200g/in,TRUE,0.031098562,"Loparex, LLC.",3287,The Strouse Corporation,TRUE,0.031098562,,,5000 Cost of Goods,300000 Sales,13100 Inventory Asset,FALSE
21587,8212-W3.5,8212,Length Units,,Operations,Strouse-HQ,,Average,Default Cost Category,"Optically Clear Adhesive 8212,",TRUE,0.299147778,"3M Company, Inc. Converter Markets",3141,The Strouse Corporation,TRUE,0.299147778,,,5000 Cost of Goods,300000 Sales,13100 Inventory Asset,FALSE
21588,8212-W3,8212,Length Units,,Operations,Strouse-HQ,,Average,Default Cost Category,"Optically Clear Adhesive 8212,",TRUE,0.911615556,"3M Company, Inc. Converter Markets",3141,The Strouse Corporation,TRUE,0.911615556,,,5000 Cost of Goods,300000 Sales,13100 Inventory Asset,FALSE
21589,8212-W1,8212,Length Units,,Operations,Strouse-HQ,,Average,Default Cost Category,"Optically Clear Adhesive 8212,",TRUE,0.303872407,"3M Company, Inc. Converter Markets",3141,The Strouse Corporation,TRUE,0.303872407,,,5000 Cost of Goods,300000 Sales,13100 Inventory Asset,FALSE
21590,1567-W6.5,1567,Length Units,,Operations,Strouse-HQ,,Average,Default Cost Category,"1567, Double coated polyester, medical grade",TRUE,0.43757963,"3M Company, Inc. Converter Markets",3141,The Strouse Corporation,TRUE,0.43757963,,,5000 Cost of Goods,300000 Sales,13100 Inventory Asset,FALSE
21592,1567-W2.5,1567,Length Units,,Operations,Strouse-HQ,,Average,Default Cost Category,"1567, Double coated polyester, medical grade",TRUE,0.185308845,"3M Company, Inc. Converter Markets",3141,The Strouse Corporation,TRUE,0.185308845,,,5000 Cost of Goods,300000 Sales,13100 Inventory Asset,FALSE
21593,8805-W22,8805,Length Units,,Operations,Strouse-HQ,,Average,Default Cost Category,"8805, 5 mil Thermally conductive adhesive, with PET liner",TRUE,15.34523426,"3M Company, Inc. Converter Markets",3141,The Strouse Corporation,TRUE,15.34523426,,,5000 Cost of Goods,300000 Sales,13100 Inventory Asset,FALSE
21594,42 lb. C1S S0-W13.25,42 lb. C1S S0,Length Units,,Operations,Strouse-HQ,,Average,Default Cost Category,2.5 mil 42# Easy Release Liner,TRUE,0.068847,"Channeled Resources, Inc. (GMC Coatings)",3277,The Strouse Corporation,TRUE,0.068847,,,5000 Cost of Goods,300000 Sales,13100 Inventory Asset,FALSE
21595,8671-W18.5,8671,Length Units,,Operations,Strouse-HQ,,Average,Default Cost Category,"14 mil, Polyurethane Protective, acrylic, linered",TRUE,17.04234167,"3M Company, Inc. Converter Markets",3141,The Strouse Corporation,TRUE,17.04234167,,,5000 Cost of Goods,300000 Sales,13100 Inventory Asset,FALSE
21598,XP-3771-11-W9.9,XP-3771-11,Length Units,,Operations,Strouse-HQ,,Average,Default Cost Category,CSM - silicone adhesive,TRUE,0,"Nourisse Naturals,  LLC",3674,The Strouse Corporation,TRUE,0,,,5000 Cost of Goods,300000 Sales,13100 Inventory Asset,FALSE
21599,8932-W1.889,8932,Length Units,,Operations,Strouse-HQ,,Average,Default Cost Category,"8932, Tape, 4 mil, Clear Filament",TRUE,0.024073333,"3M Company, Inc. Converter Markets",3141,The Strouse Corporation,TRUE,0.024073333,,,5000 Cost of Goods,300000 Sales,13100 Inventory Asset,FALSE
21600,PRVSL001PTGTMTPSLUSPTMD-W6.89,PRVSL001PTGTMTPSLUSPTMD,Length Units,,Operations,Strouse-HQ,,Average,Default Cost Category,CSM - 1 PT Prvt Select Petit Medley USA JJ# 8926,TRUE,0,AMCOR Flexibles,3343,The Strouse Corporation,TRUE,0,,,5000 Cost of Goods,300000 Sales,13100 Inventory Asset,FALSE
21601,PRVSL001PTCYMTPSLUSPTSN-W6.89,PRVSL001PTCYMTPSLUSPTSN,Length Units,,Operations,Strouse-HQ,,Average,Default Cost Category,CSM - 1 PT Prvt Select Petit Cherry USA JJ# 8927,TRUE,0,AMCOR Flexibles,3343,The Strouse Corporation,TRUE,0,,,5000 Cost of Goods,300000 Sales,13100 Inventory Asset,FALSE
21602,WNDST001PTSYMTPSLWWEFNA-W6.89,WNDST001PTSYMTPSLWWEFNA,Length Units,,Operations,Strouse-HQ,,Average,Default Cost Category,CSM - 1 PT Symphony TomatoJJ# 8928,TRUE,0,AMCOR Flexibles,3343,The Strouse Corporation,TRUE,0,,,5000 Cost of Goods,300000 Sales,13100 Inventory Asset,FALSE
21603,WNDST001PTCYMTPSLWWEFNA-W6.89,WNDST001PTCYMTPSLWWEFNA,Length Units,,Operations,Strouse-HQ,,Average,Default Cost Category,CSM - 1 PT Cameo Cherry Tomato JJ# 8929,TRUE,0,AMCOR Flexibles,3343,The Strouse Corporation,TRUE,0,,,5000 Cost of Goods,300000 Sales,13100 Inventory Asset,FALSE
21604,WNDST001PTGTMTPSLWWEFNA-W6.89,WNDST001PTGTMTPSLWWEFNA,Length Units,,Operations,Strouse-HQ,,Average,Default Cost Category,CSM - 1 PT Concerto Grape Tomato JJ# 8930,TRUE,0,AMCOR Flexibles,3343,The Strouse Corporation,TRUE,0,,,5000 Cost of Goods,300000 Sales,13100 Inventory Asset,FALSE
21605,PRVSL001PTGTMTPSLMXPTMD-W6.5,PRVSL001PTGTMTPSLMXPTMD,Length Units,,Operations,Strouse-HQ,,Average,Default Cost Category,CSM - 1 PT Prvt Select Petit Medley MX JJ# 8934,TRUE,0,AMCOR Flexibles,3343,The Strouse Corporation,TRUE,0,,,5000 Cost of Goods,300000 Sales,13100 Inventory Asset,FALSE
21606,PRVSL001PTCTMTPSLMXPTGD-W6.5,PRVSL001PTCTMTPSLMXPTGD,Length Units,,Operations,Strouse-HQ,,Average,Default Cost Category,CSM - 1 PT Prvt Select Petit Gold Cherry MX JJ#  8935,TRUE,0,"Bemis Packaging, Inc.",3760,The Strouse Corporation,TRUE,0,,,5000 Cost of Goods,300000 Sales,13100 Inventory Asset,FALSE
21607,PRVSL001PTCYMTPSLMXPTSN-W6.5,PRVSL001PTCYMTPSLMXPTSN,Length Units,,Operations,Strouse-HQ,,Average,Default Cost Category,CSM - 1 PT Prvt Select Petit Cherry MX JJ#  8936,TRUE,0,"Bemis Packaging, Inc.",3760,The Strouse Corporation,TRUE,0,,,5000 Cost of Goods,300000 Sales,13100 Inventory Asset,FALSE
21608,PRVSL001PTGTMTPSLMXPTNA-W6.5,PRVSL001PTGTMTPSLMXPTNA,Length Units,,Operations,Strouse-HQ,,Average,Default Cost Category,CSM - 1 PT Prvt Select Petit Grape MX JJ# 8937,TRUE,0,"Bemis Packaging, Inc.",3760,The Strouse Corporation,TRUE,0,,,5000 Cost of Goods,300000 Sales,13100 Inventory Asset,FALSE
21609,965-W48,965,Length Units,,Operations,Strouse-HQ,,Average,Default Cost Category,"3M™ Adhesive Transfer Tape 965, Clear, 2.3 mil",TRUE,4.413111111,"3M Company, Inc. Converter Markets",3141,The Strouse Corporation,TRUE,4.413111111,,,5000 Cost of Goods,300000 Sales,13100 Inventory Asset,FALSE
21611,S5005 DC-W4,S5005 DC,Length Units,,Operations,Strouse-HQ,,Average,Default Cost Category,".5 mil pet,C2S, with 2.25 mil silicone, double linered with 2 mil FS coated PET ",TRUE,1.896,Adhesive Applications,3312,The Strouse Corporation,TRUE,1.896,,,5000 Cost of Goods,300000 Sales,13100 Inventory Asset,FALSE
21612,PLYSAWTLGG.010-W48.75,PLYSAWTLGG.010,Length Units,,Operations,Strouse-HQ,,Average,Default Cost Category,"Polyester, 10 mil, white, type A",TRUE,2.14,"Piedmont Plastics, Inc. Beltsville",3257,The Strouse Corporation,TRUE,2.14,,,5000 Cost of Goods,300000 Sales,13100 Inventory Asset,FALSE
21613,BX102404800012-W48,BX102404800012,Length Units,,Operations,Strouse-HQ,,Average,Default Cost Category,CSM - single-ply fiberglass/polypropylene weave,TRUE,0,Aerotuf  (Adv. Comp. Structures/Cargo Composites),3644,The Strouse Corporation,TRUE,0,,,5000 Cost of Goods,300000 Sales,13100 Inventory Asset,FALSE
21617,SP590HT-DC2-W36,SP590HT-DC2,Length Units,,Operations,Strouse-HQ,,Average,Default Cost Category,"SP590HT-DC2, 1 mil polyimide film with 2 mil silicone with 2 mil PET liner",TRUE,11.95330889,Adhesive Applications,3312,The Strouse Corporation,TRUE,11.95330889,,,5000 Cost of Goods,300000 Sales,13100 Inventory Asset,FALSE
21618,9793R-W5.312,9793R,Length Units,,Operations,Strouse-HQ,,Average,Default Cost Category,"9793R, Polyolefin Tape, Transparent, non-fluorescing film with a hydrophobic adhesive.",TRUE,0.505230222,"3M Company, Inc. Converter Markets",3141,The Strouse Corporation,TRUE,0.505230222,,,5000 Cost of Goods,300000 Sales,13100 Inventory Asset,FALSE
21620,FRA 310-W10,FRA 310,Length Units,,Operations,Strouse-HQ,,Average,Default Cost Category,"Liner, 2 mil PET clear, FRA 310, Fluorosilicone, Easy Release",TRUE,0.340953333,Fox River Associates,4046,The Strouse Corporation,TRUE,0.340953333,,,5000 Cost of Goods,300000 Sales,13100 Inventory Asset,FALSE
21622,51 lb. C1S BG0-W40,51 lb. C1S BG0,Length Units,,Operations,Strouse-HQ,,Average,Default Cost Category,3.2 mil 51 lb. Easy Release C1S Liner,TRUE,0,"Channeled Resources, Inc. (GMC Coatings)",3277,The Strouse Corporation,TRUE,0,,,5000 Cost of Goods,300000 Sales,13100 Inventory Asset,FALSE
21626,40PR-W0.75,40PR,Length Units,,Operations,Strouse-HQ,,Average,Default Cost Category,Clear Anti-Static Tape,TRUE,0.072401852,"3M Company, Inc. Converter Markets",3141,The Strouse Corporation,TRUE,0.072401852,,,5000 Cost of Goods,300000 Sales,13100 Inventory Asset,FALSE
21627,4317-002500-W2.5,4317-002500,"Each (Use for Boxes, Bags, Cores, Cases)",3,Operations,Strouse-HQ,,Average,Default Cost Category,"3.020"" ID, 0.125"" REX Tape, Strouse liner, Parch cover",TRUE,,"Yazoo Mills, Inc.",3272,The Strouse Corporation,TRUE,,,,5000 Cost of Goods,300000 Sales,13100 Inventory Asset,FALSE
21628,EC001552,EC001552,"Each (Use for Boxes, Bags, Cores, Cases)",3,Operations,Strouse-HQ,,Average,Default Cost Category,"PH Adjuster- Paper
( 8# per gal)",TRUE,,Siegwerk Environmental Inks,3245,The Strouse Corporation,TRUE,,,,5000 Cost of Goods,300000 Sales,13100 Inventory Asset,FALSE
21629,PL-18452E,PL-18452E,"Each (Use for Boxes, Bags, Cores, Cases)",3,Operations,Strouse-HQ,,Average,Default Cost Category,Printed Insert - Instruction Sheet ,TRUE,,PHARMACEUTIC Litho & Label,3383,The Strouse Corporation,TRUE,,,,5000 Cost of Goods,300000 Sales,13100 Inventory Asset,FALSE
21630,PG28A-W0.7,PG28A,Length Units,,Operations,Strouse-HQ,,Average,Default Cost Category,Masking Tape (18mm x 55 meters),TRUE,0.020277778,Intertape Polymer Group,3311,The Strouse Corporation,TRUE,0.020277778,,,5000 Cost of Goods,300000 Sales,13100 Inventory Asset,FALSE
21636,78 lb. C1S BG0-W7,78 lb. C1S BG0,Length Units,,Operations,Strouse-HQ,,Average,Default Cost Category,4.4 mil 78 lb. Easy Release C1S Liner - LOG,TRUE,0.042253333,"Channeled Resources, Inc. (GMC Coatings)",3277,The Strouse Corporation,TRUE,0.042253333,,,5000 Cost of Goods,300000 Sales,13100 Inventory Asset,FALSE
21637,ACFBL23-2766,ACFBL23-2766,"Each (Use for Boxes, Bags, Cores, Cases)",3,Operations,Strouse-HQ,,Average,Default Cost Category,STD  (2766 Violet),TRUE,,Interactive Inks & Coatings,3366,The Strouse Corporation,TRUE,,,,5000 Cost of Goods,300000 Sales,13100 Inventory Asset,FALSE
21640,54lb C2S SL1/SL4 Liner-W9,54lb C2S SL1/SL4 Liner,Length Units,,Operations,Strouse-HQ,,Average,Default Cost Category,"3.2 mil 54 lb, C2S SL1/SL4 Easy/Medium Release Liner",TRUE,0.037422,"Channeled Resources, Inc. (GMC Coatings)",3277,The Strouse Corporation,TRUE,0.037422,,,5000 Cost of Goods,300000 Sales,13100 Inventory Asset,FALSE
21641,62932-60021-00-W53.5,62932-60021-00,Length Units,,Operations,Strouse-HQ,,Average,Default Cost Category,"62932, Black, 19.7 mil T, Double sided PE Foam Tape",TRUE,7.139030303,Tesa Tape,4044,The Strouse Corporation,TRUE,7.139030303,,,5000 Cost of Goods,300000 Sales,13100 Inventory Asset,FALSE
21642,25# paper-W5,25# paper,Length Units,,Operations,Strouse-HQ,,Average,Default Cost Category,Cold Seal material,TRUE,0.027777778,American PrintPak,3762,The Strouse Corporation,TRUE,0.027777778,,,5000 Cost of Goods,300000 Sales,13100 Inventory Asset,FALSE
21644,WNDST002LBGTMTPSLWWENFT-W10.4,WNDST002LBGTMTPSLWWENFT,Length Units,,Operations,Strouse-HQ,,Average,Default Cost Category,CSM - Concerto Tomato Fair Trade JT# 8957,TRUE,0,AMCOR Flexibles,3343,The Strouse Corporation,TRUE,0,,,5000 Cost of Goods,300000 Sales,13100 Inventory Asset,FALSE
21645,5423-W4,5423,Length Units,,Operations,Strouse-HQ,,Average,Default Cost Category,"5423, 10 mil, UHMW, Clear PE Tape",TRUE,8.764,TapeCase Ltd.,3652,The Strouse Corporation,TRUE,8.764,,,5000 Cost of Goods,300000 Sales,13100 Inventory Asset,FALSE
21649,9833-W6.5,9833,Length Units,,Operations,Strouse-HQ,,Average,Default Cost Category,"9833, S/C Polyethelene Medical Tape",TRUE,0.316225,"3M Company, Inc. Converter Markets",3141,The Strouse Corporation,TRUE,0.316225,,,5000 Cost of Goods,300000 Sales,13100 Inventory Asset,FALSE
21652,54091-W4,54091,Length Units,,Operations,Strouse-HQ,,Average,Default Cost Category,Fasson® Trans-Therm 1C/S2550/40#CK,TRUE,0.015216,Fasson / Avery Dennison Label & Packaging Materials     (acct. 5387),3246,The Strouse Corporation,TRUE,0.015216,,,5000 Cost of Goods,300000 Sales,13100 Inventory Asset,FALSE
21653,CSM - Gauze-W2,CSM - Gauze,Length Units,,Operations,Strouse-HQ,,Average,Default Cost Category,CSM - Gauze pad material,TRUE,0,United Health Products Inc.,3751,The Strouse Corporation,TRUE,0,,,5000 Cost of Goods,300000 Sales,13100 Inventory Asset,FALSE
21654,CSM - Gauze-W4,CSM - Gauze,Length Units,,Operations,Strouse-HQ,,Average,Default Cost Category,CSM - Gauze pad material,TRUE,0,United Health Products Inc.,3751,The Strouse Corporation,TRUE,0,,,5000 Cost of Goods,300000 Sales,13100 Inventory Asset,FALSE
21656,7953MP-W48,7953MP,Length Units,,Operations,Strouse-HQ,,Average,Default Cost Category,"7953MP, 3.5 mil, clear, membrane switch spacer",TRUE,4.692493148,"3M Company, Inc. Converter Markets",3141,The Strouse Corporation,TRUE,4.692493148,,,5000 Cost of Goods,300000 Sales,13100 Inventory Asset,FALSE
21659,D9413374-W6,D9413374,Length Units,,Operations,Strouse-HQ,,Average,Default Cost Category,CSM - Chem film FEP FG 002 x 6000,TRUE,0,Atlantic Corporation-Raleigh,3567,The Strouse Corporation,TRUE,0,,,5000 Cost of Goods,300000 Sales,13100 Inventory Asset,FALSE
21660,CSM - Gauze-W8,CSM - Gauze,Length Units,,Operations,Strouse-HQ,,Average,Default Cost Category,CSM - Gauze pad material,TRUE,0,United Health Products Inc.,3751,The Strouse Corporation,TRUE,0,,,5000 Cost of Goods,300000 Sales,13100 Inventory Asset,FALSE
21661,6866-W24,6866,Length Units,,Operations,Strouse-HQ,,Average,Default Cost Category,"PVC, rubber adhesive, surface protection tape,  linered - Gold",TRUE,7.64,Bron Tapes ,3783,The Strouse Corporation,TRUE,7.64,,,5000 Cost of Goods,300000 Sales,13100 Inventory Asset,FALSE
21662,3903 Blue-W49,3903 Blue,Length Units,,Operations,Strouse-HQ,,Average,Default Cost Category,"3903, Tape, Blue Vinyl  Embossed Duct",TRUE,1.252109333,"3M Company, Inc. Converter Markets",3141,The Strouse Corporation,TRUE,1.252109333,,,5000 Cost of Goods,300000 Sales,13100 Inventory Asset,FALSE
21666,10 x 10 x 10 3/8 RSC 200C Cartons,10 x 10 x 10 3/8 RSC 200C Cartons,"Each (Use for Boxes, Bags, Cores, Cases)",3,Operations,Strouse-HQ,,Average,Default Cost Category,10 x 10 x 10 3/8 RSC 200C Cartons,TRUE,,BCI - Allsize Division,3334,The Strouse Corporation,TRUE,,,,5000 Cost of Goods,300000 Sales,13100 Inventory Asset,FALSE
21667,10 x 10 x 7 1/8 RSC 200C Cartons,10 x 10 x 7 1/8 RSC 200C Cartons,"Each (Use for Boxes, Bags, Cores, Cases)",3,Operations,Strouse-HQ,,Average,Default Cost Category,10 x 10 x 7 1/8 RSC 200C Cartons,TRUE,,BCI - Allsize Division,3334,The Strouse Corporation,TRUE,,,,5000 Cost of Goods,300000 Sales,13100 Inventory Asset,FALSE
21668,RM1240-8.50-W8.5,RM1240-8.50,Length Units,,Operations,Strouse-HQ,,Average,Default Cost Category,32 mil Hydrogel,TRUE,1.632,"Katecho, Inc.",3611,The Strouse Corporation,TRUE,1.632,,,5000 Cost of Goods,300000 Sales,13100 Inventory Asset,FALSE
21669,T80NR-W74,T80NR,Length Units,,Operations,Strouse-HQ,,Average,Default Cost Category,CSM 80 mil PVC-P Membrane,TRUE,0,Renesco,3758,The Strouse Corporation,TRUE,0,,,5000 Cost of Goods,300000 Sales,13100 Inventory Asset,FALSE
21672,RE-18-W3,RE-18,Length Units,,Operations,Strouse-HQ,,Average,Default Cost Category,3 mil clear PET/RE-18/40# liner,TRUE,0.052632,3 Sigma Corporation,3610,The Strouse Corporation,TRUE,0.052632,,,5000 Cost of Goods,300000 Sales,13100 Inventory Asset,FALSE
21673,32A71111-C-W4,32A71111-C,Length Units,,Operations,Strouse-HQ,,Average,Default Cost Category,HIPS RL 0.015 CTS CTS Opaque White 105 MT/MT - Digihips Dg,TRUE,0,Polymershapes - Jessup,3375,The Strouse Corporation,TRUE,0,,,5000 Cost of Goods,300000 Sales,13100 Inventory Asset,FALSE
21676,1512-W24,1512,Length Units,,Operations,Strouse-HQ,,Average,Default Cost Category,Clear Protecrite  4.6 mil Polypropylene with rubber adhesive,TRUE,0.206,American Biltrite,3238,The Strouse Corporation,TRUE,0.206,,,5000 Cost of Goods,300000 Sales,13100 Inventory Asset,FALSE
21677,ACFBL44-19002 STD,ACFBL44-19002 STD,"Each (Use for Boxes, Bags, Cores, Cases)",3,Operations,Strouse-HQ,,Average,Default Cost Category,LED Pantone 288U,TRUE,,Interactive Inks & Coatings,3366,The Strouse Corporation,TRUE,,,,5000 Cost of Goods,300000 Sales,13100 Inventory Asset,FALSE
21682,3426A-W12.75,3426A,Length Units,,Operations,Strouse-HQ,,Average,Default Cost Category,Polyken 3426A Medical Acrylic Transfer Tape,TRUE,0.3954896,Berry Global,3254,The Strouse Corporation,TRUE,0.3954896,,,5000 Cost of Goods,300000 Sales,13100 Inventory Asset,FALSE
21683,EKF BHB-W6,EKF BHB,Length Units,,Operations,Strouse-HQ,,Average,Default Cost Category,CSM - EKF BHB reagent membrane,TRUE,0,StanBio Laboratory LP EKF Diagnostics,3629,The Strouse Corporation,TRUE,0,,,5000 Cost of Goods,300000 Sales,13100 Inventory Asset,FALSE
21684,9952-W5,9952,Length Units,,Operations,Strouse-HQ,,Average,Default Cost Category,"9952, Polyester Tape, 11.2 mils",TRUE,0.521351687,"3M Company, Inc. Converter Markets",3141,The Strouse Corporation,TRUE,0.521351687,,,5000 Cost of Goods,300000 Sales,13100 Inventory Asset,FALSE
21686,9956-W45,9956,Length Units,,Operations,Strouse-HQ,,Average,Default Cost Category,"9956, Liner, 2.9 mil PET, C1S, Fluoropolymer",TRUE,3.004583333,"3M Company, Inc. Converter Markets",3141,The Strouse Corporation,TRUE,3.004583333,,,5000 Cost of Goods,300000 Sales,13100 Inventory Asset,FALSE
21689,401310-W58,401310,Length Units,,Operations,Strouse-HQ,,Average,Default Cost Category,"7.9NLYB-E @ 58.00"";250LY

",TRUE,1.292936,SWM International,3764,The Strouse Corporation,TRUE,1.292936,,,5000 Cost of Goods,300000 Sales,13100 Inventory Asset,FALSE
21690,9948-W8.5 - CatID-21690,9948,Length Units,,Operations,Strouse-HQ,,Average,Default Cost Category,"9948,Tape,Clear Non woven, Medical",TRUE,0.578339721,"3M Company, Inc. Converter Markets",3141,The Strouse Corporation,TRUE,0.578339721,,,5000 Cost of Goods,300000 Sales,13100 Inventory Asset,FALSE
21697,FRA 316-W5.5,FRA 316,Length Units,,Operations,Strouse-HQ,,Average,Default Cost Category,"Liner, 4 mil PET Liner, FRA 316, S2S",TRUE,0.082896,Fox River Associates,4046,The Strouse Corporation,TRUE,0.082896,,,5000 Cost of Goods,300000 Sales,13100 Inventory Asset,FALSE
21699,CSM - 4991-W0.75,CSM - 4991,Length Units,,Operations,Strouse-HQ,,Average,Default Cost Category,"90 mil, D/C Grey Acrylic, VHB",TRUE,0,Veritiv - Portland,3557,The Strouse Corporation,TRUE,0,,,5000 Cost of Goods,300000 Sales,13100 Inventory Asset,FALSE
21700,8545HS-W24,8545HS,Length Units,,Operations,Strouse-HQ,,Average,Default Cost Category,"Polyurethane Protective Tape, Matte Black.",TRUE,71.82243241,"3M Company, Inc. Converter Markets",3141,The Strouse Corporation,TRUE,71.82243241,,,5000 Cost of Goods,300000 Sales,13100 Inventory Asset,FALSE
21701,W6019-W28,W6019,Length Units,,Operations,Strouse-HQ,,Average,Default Cost Category,"10 mil, white, UV-cured, Platinum catalyzed, easy release one side",TRUE,3,"Adhesives Research, Inc.",3301,The Strouse Corporation,TRUE,3,,,5000 Cost of Goods,300000 Sales,13100 Inventory Asset,FALSE
21702,ACFVI43-19012 STD,ACFVI43-19012 STD,"Each (Use for Boxes, Bags, Cores, Cases)",3,Operations,Strouse-HQ,,Average,Default Cost Category,"LED Pantone 267U
",TRUE,,Interactive Inks & Coatings,3366,The Strouse Corporation,TRUE,,,,5000 Cost of Goods,300000 Sales,13100 Inventory Asset,FALSE
21707,96042-W48,96042,Length Units,,Operations,Strouse-HQ,,Average,Default Cost Category,"96042, 5 mil D/C Silicone Adhesive",TRUE,11.02922778,"3M Company, Inc. Converter Markets",3141,The Strouse Corporation,TRUE,11.02922778,,,5000 Cost of Goods,300000 Sales,13100 Inventory Asset,FALSE
21708,9952-W28,9952,Length Units,,Operations,Strouse-HQ,,Average,Default Cost Category,"9952, Polyester Tape, 11.2 mils",TRUE,2.919569444,"3M Company, Inc. Converter Markets",3141,The Strouse Corporation,TRUE,2.919569444,,,5000 Cost of Goods,300000 Sales,13100 Inventory Asset,FALSE
21709,9948-W39.5,9948,Length Units,,Operations,Strouse-HQ,,Average,Default Cost Category,"9948,Tape,Clear Non woven, Medical",TRUE,2.687578704,"3M Company, Inc. Converter Markets",3141,The Strouse Corporation,TRUE,2.687578704,,,5000 Cost of Goods,300000 Sales,13100 Inventory Asset,FALSE
21710,7667-W12,7667,Length Units,,Operations,Strouse-HQ,,Average,Default Cost Category,"Single Coat .8mil of 7667 Dow Silicone on 2mil White Printable PET. 2mil PET Fluoro Liner   
",TRUE,9.090909091,Lamart Corporation,3598,The Strouse Corporation,TRUE,9.090909091,,,5000 Cost of Goods,300000 Sales,13100 Inventory Asset,FALSE
21711,401+-W5.669,401+,Length Units,,Operations,Strouse-HQ,,Average,Default Cost Category,Green Performance Masking 401+ (144mm x 55M) ,TRUE,0.133402222,"3M Company, Inc. Converter Markets",3141,The Strouse Corporation,TRUE,0.133402222,,,5000 Cost of Goods,300000 Sales,13100 Inventory Asset,FALSE
21713,5909-W6,5909,Length Units,,Operations,Strouse-HQ,,Average,Default Cost Category,"5909, VHB Tape, Black, 12 mil (0.30 mm)",TRUE,4.503981481,Digi-Key Corporation,3317,The Strouse Corporation,TRUE,4.503981481,,,5000 Cost of Goods,300000 Sales,13100 Inventory Asset,FALSE
21715,510 Black-W18,510 Black,Length Units,,Operations,Strouse-HQ,,Average,Default Cost Category,Safety Walk,TRUE,6.7158,"3M Company, Inc. Converter Markets",3141,The Strouse Corporation,TRUE,6.7158,,,5000 Cost of Goods,300000 Sales,13100 Inventory Asset,FALSE
21724,4317-001125W-W1.125,4317-001125W,"Each (Use for Boxes, Bags, Cores, Cases)",3,Operations,Strouse-HQ,,Average,Default Cost Category,"3.020"" ID, 0.125"" REX Tape, White liner, Parch cover",TRUE,,"Yazoo Mills, Inc.",3272,The Strouse Corporation,TRUE,,,,5000 Cost of Goods,300000 Sales,13100 Inventory Asset,FALSE
21728,4317-01100P-W11,4317-01100P,"Each (Use for Boxes, Bags, Cores, Cases)",3,Operations,Strouse-HQ,,Average,Default Cost Category,"3.020"" ID, 0.125"" REX Tape, Strouse liner, Parch cover. Saw cut",TRUE,,"Yazoo Mills, Inc.",3272,The Strouse Corporation,TRUE,,,,5000 Cost of Goods,300000 Sales,13100 Inventory Asset,FALSE
21729,4317-00350W-W3.5,4317-00350W,"Each (Use for Boxes, Bags, Cores, Cases)",3,Operations,Strouse-HQ,,Average,Default Cost Category,"3.020"" ID, 0.125"" REX Tape, White liner, Parch cover.",TRUE,,"Yazoo Mills, Inc.",3272,The Strouse Corporation,TRUE,,,,5000 Cost of Goods,300000 Sales,13100 Inventory Asset,FALSE
21730,CSM - 4962-W54,CSM - 4962,Length Units,,Operations,Strouse-HQ,,Average,Default Cost Category,6 mil  Double-sided non-woven,TRUE,0,Piedmont National,3554,The Strouse Corporation,TRUE,0,,,5000 Cost of Goods,300000 Sales,13100 Inventory Asset,FALSE
21731,9611-W35.43,9611,Length Units,,Operations,Strouse-HQ,,Average,Default Cost Category,"9611 AM, 43 mil black LSE",TRUE,8.333333333,AFTC USA Inc.,3393,The Strouse Corporation,TRUE,8.333333333,,,5000 Cost of Goods,300000 Sales,13100 Inventory Asset,FALSE
21733,880-W48,880,Length Units,,Operations,Strouse-HQ,,Average,Default Cost Category,Filament Tape 880 Translucent ,TRUE,4.884463333,"3M Company, Inc. Converter Markets",3141,The Strouse Corporation,TRUE,4.884463333,,,5000 Cost of Goods,300000 Sales,13100 Inventory Asset,FALSE
21734,9495LE w/ plastic core-W54,9495LE w/ plastic core,Length Units,,Operations,Strouse-HQ,,Average,Default Cost Category,"6.7 mil, D/C PET, 300LSE, 58#PCK - LOG",TRUE,5.500016667,"3M Company, Inc. Converter Markets",3141,The Strouse Corporation,TRUE,5.500016667,,,5000 Cost of Goods,300000 Sales,13100 Inventory Asset,FALSE
21735,97057-W12,97057,Length Units,,Operations,Strouse-HQ,,Average,Default Cost Category,"Conductive Transfer Tape, 2.0 mil",TRUE,11.39092593,"3M Company, Inc. Converter Markets",3141,The Strouse Corporation,TRUE,11.39092593,,,5000 Cost of Goods,300000 Sales,13100 Inventory Asset,FALSE
21737,4317-001890W-W1.89,4317-001890W,"Each (Use for Boxes, Bags, Cores, Cases)",3,Operations,Strouse-HQ,,Average,Default Cost Category,"3.020"" ID, 0.125"" REX Tape, White liner, Parch cover.",TRUE,,"Yazoo Mills, Inc.",3272,The Strouse Corporation,TRUE,,,,5000 Cost of Goods,300000 Sales,13100 Inventory Asset,FALSE
21738,Volara 6A White-W60,Volara 6A White,Length Units,,Operations,Strouse-HQ,,Average,Default Cost Category,"Foam, Volara 6A White, .063"" x 60"" x 1050'",TRUE,1.527980952,Rubberlite,3303,The Strouse Corporation,TRUE,1.527980952,,,5000 Cost of Goods,300000 Sales,13100 Inventory Asset,FALSE
21739,54 lb C2S SL1/SL4 Liner-W5.75,54 lb C2S SL1/SL4 Liner,Length Units,,Operations,Strouse-HQ,,Average,Default Cost Category,"3.2 mil 54 lb, C2S SL1/SL4 Easy/Medium Release Liner",TRUE,0.0239085,"Channeled Resources, Inc. (GMC Coatings)",3277,The Strouse Corporation,TRUE,0.0239085,,,5000 Cost of Goods,300000 Sales,13100 Inventory Asset,FALSE
21740,PF-4-W24 - CatID-21740,PF-4,"Each (Use for Boxes, Bags, Cores, Cases)",3,Operations,Strouse-HQ,,Average,Default Cost Category,"Foam, .055"", C-Foam, PF-4 Closed cell.",TRUE,1.208333333,PPG Aerospace Cuming Microwave,3763,The Strouse Corporation,TRUE,1.208333333,,,5000 Cost of Goods,300000 Sales,13100 Inventory Asset,FALSE
21747,9469PC-W48.5,9469PC,Length Units,,Operations,Strouse-HQ,,Average,Default Cost Category,"5 mil, 100MP, 58# PCK- LOG",TRUE,8.443060556,"3M Company, Inc. Converter Markets",3141,The Strouse Corporation,TRUE,8.443060556,,,5000 Cost of Goods,300000 Sales,13100 Inventory Asset,FALSE
21748,9469PC-W11.5,9469PC,Length Units,,Operations,Strouse-HQ,,Average,Default Cost Category,"5 mil, 100MP, 58# PCK- LOG",TRUE,2.001962222,"3M Company, Inc. Converter Markets",3141,The Strouse Corporation,TRUE,2.001962222,,,5000 Cost of Goods,300000 Sales,13100 Inventory Asset,FALSE
21750,XP-3771-11-W10,XP-3771-11,Length Units,,Operations,Strouse-HQ,,Average,Default Cost Category,CSM - silicone adhesive,TRUE,0,"Nourisse Naturals,  LLC",3674,The Strouse Corporation,TRUE,0,,,5000 Cost of Goods,300000 Sales,13100 Inventory Asset,FALSE
21751,140718-W18,140718,Length Units,,Operations,Strouse-HQ,,Average,Default Cost Category,35# green masking paper,TRUE,0.03295,Kardol LLC,3350,The Strouse Corporation,TRUE,0.03295,,,5000 Cost of Goods,300000 Sales,13100 Inventory Asset,FALSE
21752,TRPV0014-W37,TRPV0014,Length Units,,Operations,Strouse-HQ,,Average,Default Cost Category,CSM - .3mm thick clear PVC,TRUE,0,Terumo Medical,3662,The Strouse Corporation,TRUE,0,,,5000 Cost of Goods,300000 Sales,13100 Inventory Asset,FALSE
21753,TRPV0016-W36.6,TRPV0016,Length Units,,Operations,Strouse-HQ,,Average,Default Cost Category,CSM - .5mm thick clear PVC,TRUE,0,Terumo Medical,3662,The Strouse Corporation,TRUE,0,,,5000 Cost of Goods,300000 Sales,13100 Inventory Asset,FALSE
21754,C748135-W0.748,C748135,"Each (Use for Boxes, Bags, Cores, Cases)",3,Operations,Strouse-HQ,,Average,Default Cost Category,"Plastic Cores, ABS, 6.04"" ID x 0.135"" Wall.",TRUE,,NorthCore Industries,3284,The Strouse Corporation,TRUE,,,,5000 Cost of Goods,300000 Sales,13100 Inventory Asset,FALSE
21755,FUB5P14-NZ-W11.875,FUB5P14-NZ,"Each (Use for Boxes, Bags, Cores, Cases)",3,Operations,Strouse-HQ,,Average,Default Cost Category,"CSM - 5lb. SUP W/Zip Clear/Black 500PCS/56L 
Size: 11-7/8""W x 6-1/8""G x 19""H ",TRUE,,"Nelson Innovations, LLC",3740,The Strouse Corporation,TRUE,,,,5000 Cost of Goods,300000 Sales,13100 Inventory Asset,FALSE
21757,"10"" I.D-W3.7","10"" I.D","Each (Use for Boxes, Bags, Cores, Cases)",3,Operations,Strouse-HQ,,Average,Default Cost Category,"10.0"" I.D. X 0.375""  Brown / Brown cores, knife cut",TRUE,0,OX Paper Tube & Core Co,3296,The Strouse Corporation,TRUE,0,,,5000 Cost of Goods,300000 Sales,13100 Inventory Asset,FALSE
21758,15135215-W2.25,15135215,"Each (Use for Boxes, Bags, Cores, Cases)",3,Operations,Strouse-HQ,,Average,Default Cost Category,"Plastic Core, PP, 6.03 I.D., 0.155"" wall Natural",TRUE,,Sonoco Plastics,3323,The Strouse Corporation,TRUE,,,,5000 Cost of Goods,300000 Sales,13100 Inventory Asset,FALSE
21759,SG-2010,SG-2010,"Each (Use for Boxes, Bags, Cores, Cases)",3,Operations,Strouse-HQ,,Average,Default Cost Category,CSM - SG Kickstand for adhesive application ,TRUE,,Rugged Logic Inc,3639,The Strouse Corporation,TRUE,,,,5000 Cost of Goods,300000 Sales,13100 Inventory Asset,FALSE
21760,SG-2022,SG-2022,"Each (Use for Boxes, Bags, Cores, Cases)",3,Operations,Strouse-HQ,,Average,Default Cost Category,CSM - SG Kickstand for adhesive application ,TRUE,,Rugged Logic Inc,3639,The Strouse Corporation,TRUE,,,,5000 Cost of Goods,300000 Sales,13100 Inventory Asset,FALSE
21761,4919F-W10,4919F,Length Units,,Operations,Strouse-HQ,,Average,Default Cost Category,"4919F, Closed-cell Acrylic Foam Tape, 25 mil, Double coated, Pressure Sensitive",TRUE,7.667830093,"3M Company, Inc. Converter Markets",3141,The Strouse Corporation,TRUE,7.667830093,,,5000 Cost of Goods,300000 Sales,13100 Inventory Asset,FALSE
21763,15.5NLYB_E-W29,15.5NLYB_E,Length Units,,Operations,Strouse-HQ,,Average,Default Cost Category,15.5NLYB_E,TRUE,2.69352,SWM International,3764,The Strouse Corporation,TRUE,2.69352,,,5000 Cost of Goods,300000 Sales,13100 Inventory Asset,FALSE
21764,PL-18452F,PL-18452F,"Each (Use for Boxes, Bags, Cores, Cases)",3,Operations,Strouse-HQ,,Average,Default Cost Category,Printed Insert - Instruction Sheet ,TRUE,,PHARMACEUTIC Litho & Label,3383,The Strouse Corporation,TRUE,,,,5000 Cost of Goods,300000 Sales,13100 Inventory Asset,FALSE
21765,FT 445-W8,FT 445,Length Units,,Operations,Strouse-HQ,,Average,Default Cost Category,"577115554S   5.6 mil Double Coated Tape

",TRUE,0.33804,Avery Dennison-Specialty Tape Division,3239,The Strouse Corporation,TRUE,0.33804,,,5000 Cost of Goods,300000 Sales,13100 Inventory Asset,FALSE
21770,"204-2HD6 Virgin PTFE film, 1 mil thick-W17","204-2HD6 Virgin PTFE film, 1 mil thick",Length Units,,Operations,Strouse-HQ,,Average,Default Cost Category,"CSM - 204-2HD6 Virgin PTFE film, 1 mil thick",TRUE,0,Acton Technologies,3719,The Strouse Corporation,TRUE,0,,,5000 Cost of Goods,300000 Sales,13100 Inventory Asset,FALSE
21771,"204-2HD6 Virgin PTFE film, .5 mil thick-W17","204-2HD6 Virgin PTFE film, .5 mil thick",Length Units,,Operations,Strouse-HQ,,Average,Default Cost Category,"CSM - 204-2HD6 Virgin PTFE film, .5 mil thick",TRUE,0,Acton Technologies,3719,The Strouse Corporation,TRUE,0,,,5000 Cost of Goods,300000 Sales,13100 Inventory Asset,FALSE
21772,DG40LGHS-W4,DG40LGHS,Length Units,,Operations,Strouse-HQ,,Average,Default Cost Category,Dura Grip Brand Sew-On Hook Light Gray No adhesive,TRUE,,Hook and Loop.com,3772,The Strouse Corporation,TRUE,,,,5000 Cost of Goods,300000 Sales,13100 Inventory Asset,FALSE
21777,2A825C-W12,2A825C,Length Units,,Operations,Strouse-HQ,,Average,Default Cost Category,2 mil Clear Polymask ,TRUE,0.1024,"Pregis PolyMask, Inc.",4045,The Strouse Corporation,TRUE,0.1024,,,5000 Cost of Goods,300000 Sales,13100 Inventory Asset,FALSE
21779,7333-W7 - CatID-21779,7333,Length Units,,Operations,Strouse-HQ,,Average,Default Cost Category,CSM - Clear Protecrite,TRUE,0,BGR Inc,3543,The Strouse Corporation,TRUE,0,,,5000 Cost of Goods,300000 Sales,13100 Inventory Asset,FALSE
21792,FLX001449-W0.5,FLX001449,Length Units,,Operations,Strouse-HQ,,Average,Default Cost Category,"FLEXmark, MM, 050,silver, V-156 78B, M&O-6 IAW ",TRUE,0.022527273,"FLEXcon Company, Inc.",3247,The Strouse Corporation,TRUE,0.022527273,,,5000 Cost of Goods,300000 Sales,13100 Inventory Asset,FALSE
21793,FLX001449-W1,FLX001449,Length Units,,Operations,Strouse-HQ,,Average,Default Cost Category,"FLEXmark, MM, 050,silver, V-156 78B, M&O-6 IAW ",TRUE,0.068833333,"FLEXcon Company, Inc.",3247,The Strouse Corporation,TRUE,0.068833333,,,5000 Cost of Goods,300000 Sales,13100 Inventory Asset,FALSE
21794,101655-004,101655-004,"Each (Use for Boxes, Bags, Cores, Cases)",3,Operations,Strouse-HQ,,Average,Default Cost Category,White Patches,TRUE,,Senseonics,3633,The Strouse Corporation,TRUE,,,,5000 Cost of Goods,300000 Sales,13100 Inventory Asset,FALSE
21795,101655-005,101655-005,"Each (Use for Boxes, Bags, Cores, Cases)",3,Operations,Strouse-HQ,,Average,Default Cost Category,Clear Patches,TRUE,,Senseonics,3633,The Strouse Corporation,TRUE,,,,5000 Cost of Goods,300000 Sales,13100 Inventory Asset,FALSE
21797,4052-W2,4052,Length Units,,Operations,Strouse-HQ,,Average,Default Cost Category," Foam, 1/32"", D/C Black Urethane, 100",TRUE,1.119760648,"3M Company, Inc. Converter Markets",3141,The Strouse Corporation,TRUE,1.119760648,,,5000 Cost of Goods,300000 Sales,13100 Inventory Asset,FALSE
21803,31004134-W2.91,31004134,"Each (Use for Boxes, Bags, Cores, Cases)",3,Operations,Strouse-HQ,,Average,Default Cost Category,"CSM - Magnetic Shield 0.70"" x 2.91"" ",TRUE,,3M- Scott Safety,3712,The Strouse Corporation,TRUE,,,,5000 Cost of Goods,300000 Sales,13100 Inventory Asset,FALSE
21805,UL181A-P-W3.9,UL181A-P,Length Units,,Operations,Strouse-HQ,,Average,Default Cost Category,"Aluminum Foil Tape 1581A, 2 mil",TRUE,0.195528704,"3M Company, Inc. Converter Markets",3141,The Strouse Corporation,TRUE,0.195528704,,,5000 Cost of Goods,300000 Sales,13100 Inventory Asset,FALSE
21806,FG-6400-10-301 - CatID-21806,FG-6400-10-301,"Each (Use for Boxes, Bags, Cores, Cases)",3,Operations,Strouse-HQ,,Average,Default Cost Category,CSM - 08079447001 - Eversense 1.2 Adhesive Patches 30 white,TRUE,,Senseonics,3633,The Strouse Corporation,TRUE,,,,5000 Cost of Goods,300000 Sales,13100 Inventory Asset,FALSE
21807,FG-6400-10-306,FG-6400-10-306,"Each (Use for Boxes, Bags, Cores, Cases)",3,Operations,Strouse-HQ,,Average,Default Cost Category,"CSM - 08689954001 - Adhesive Patches, 180-pk, Eversense, AUT/DEU/ITA/NLD/POL/ESP/GBR/BEL/FRA/CHE/ZAF, xl",TRUE,,Senseonics,3633,The Strouse Corporation,TRUE,,,,5000 Cost of Goods,300000 Sales,13100 Inventory Asset,FALSE
21808,FG-6400-30-306,FG-6400-30-306,"Each (Use for Boxes, Bags, Cores, Cases)",3,Operations,Strouse-HQ,,Average,Default Cost Category,"CSM - Adhesive Patches, 180pk, Eversense, FIN, XL",TRUE,,Senseonics,3633,The Strouse Corporation,TRUE,,,,5000 Cost of Goods,300000 Sales,13100 Inventory Asset,FALSE
21809,FG-6400-10-301 - CatID-21809,FG-6400-10-301,"Each (Use for Boxes, Bags, Cores, Cases)",3,Operations,Strouse-HQ,,Average,Default Cost Category,CSM - Eversense Adhesive Patches 30-pack white,TRUE,,Senseonics,3633,The Strouse Corporation,TRUE,,,,5000 Cost of Goods,300000 Sales,13100 Inventory Asset,FALSE
21810,FG-6400-30-301,FG-6400-30-301,"Each (Use for Boxes, Bags, Cores, Cases)",3,Operations,Strouse-HQ,,Average,Default Cost Category,CSM - Eversense Adhesive Patches 30-pack white,TRUE,,Senseonics,3633,The Strouse Corporation,TRUE,,,,5000 Cost of Goods,300000 Sales,13100 Inventory Asset,FALSE
21813,78 lb. C1S BG0-W5,78 lb. C1S BG0,Length Units,,Operations,Strouse-HQ,,Average,Default Cost Category,4.4 mil 78 lb. Easy Release C1S Liner - LOG,TRUE,0.02142,"Channeled Resources, Inc. (GMC Coatings)",3277,The Strouse Corporation,TRUE,0.02142,,,5000 Cost of Goods,300000 Sales,13100 Inventory Asset,FALSE
21815,15284-W5.5,15284,Length Units,,Operations,Strouse-HQ,,Average,Default Cost Category,"Label stockChartreuse (Yellow-green) Fluorescent Label Stock-C-2500
""EXACT""",TRUE,0.033,Avery Dennison-Specialty Tape Division,3239,The Strouse Corporation,TRUE,0.033,,,5000 Cost of Goods,300000 Sales,13100 Inventory Asset,FALSE
21817,TM5170-W60,TM5170,Length Units,,Operations,Strouse-HQ,,Average,Default Cost Category, transparent polyurethane film coated on one side with 1.0 mil of skin friendly breathable medical grade acrylic adhesive,TRUE,,MacTac,3255,The Strouse Corporation,TRUE,,,,5000 Cost of Goods,300000 Sales,13100 Inventory Asset,FALSE
21821,"204-2HD6 Virgin PTFE film, 1 mil thick-W24","204-2HD6 Virgin PTFE film, 1 mil thick",Length Units,,Operations,Strouse-HQ,,Average,Default Cost Category,"CSM - 204-2HD6 Virgin PTFE film, 1 mil thick",TRUE,0,Acton Technologies,3719,The Strouse Corporation,TRUE,0,,,5000 Cost of Goods,300000 Sales,13100 Inventory Asset,FALSE
21823,234-P-W57,234-P,Length Units,,Operations,Strouse-HQ,,Average,Default Cost Category,General Purpose Masking Tape,TRUE,2.724253333,"3M Company, Inc. Converter Markets",3141,The Strouse Corporation,TRUE,2.724253333,,,5000 Cost of Goods,300000 Sales,13100 Inventory Asset,FALSE
21824,AG-400-W3.811,AG-400,"Each (Use for Boxes, Bags, Cores, Cases)",3,Operations,Strouse-HQ,,Average,Default Cost Category," Anti-Glare, Polycarbonate (3.811"" x 6.472"")",TRUE,0.652039555,Polymershapes - Jessup,3375,The Strouse Corporation,TRUE,0.652039555,,,5000 Cost of Goods,300000 Sales,13100 Inventory Asset,FALSE
21825,Z239769-1,Z239769-1,"Each (Use for Boxes, Bags, Cores, Cases)",3,Operations,Strouse-HQ,,Average,Default Cost Category,11 1/2 x 11 1/2 x 7 1/2   RSC Jnt/L/W 200C,TRUE,,Packaging Services of Maryland,4040,The Strouse Corporation,TRUE,,,,5000 Cost of Goods,300000 Sales,13100 Inventory Asset,FALSE
21826,Z239770-1,Z239770-1,"Each (Use for Boxes, Bags, Cores, Cases)",3,Operations,Strouse-HQ,,Average,Default Cost Category,9 1/4 x 9 1/4 x 11 1/2   RSC Jnt/L/W 200C,TRUE,,Packaging Services of Maryland,4040,The Strouse Corporation,TRUE,,,,5000 Cost of Goods,300000 Sales,13100 Inventory Asset,FALSE
21827,SFW-80-W18,SFW-80,Length Units,,Operations,Strouse-HQ,,Average,Default Cost Category,80 gauge clear stretch wrap film,TRUE,0.011261333,Weiss Brothers of Hagerstown,3271,The Strouse Corporation,TRUE,0.011261333,,,5000 Cost of Goods,300000 Sales,13100 Inventory Asset,FALSE
21829,51134-W24.625,51134,Length Units,,Operations,Strouse-HQ,,Average,Default Cost Category,"CSM- Polyethylene Protective Tape, Clear, Acrylic Adhesive ",TRUE,0,Tesa Tape,4044,The Strouse Corporation,TRUE,0,,,5000 Cost of Goods,300000 Sales,13100 Inventory Asset,FALSE
21830,9836-W6,9836,Length Units,,Operations,Strouse-HQ,,Average,Default Cost Category,"9836, Polyurethane tape on poly carrier.",TRUE,0,3M Medical Solutions Division,3645,The Strouse Corporation,TRUE,0,,,5000 Cost of Goods,300000 Sales,13100 Inventory Asset,FALSE
21832,EKF BHB-W5.5,EKF BHB,Length Units,,Operations,Strouse-HQ,,Average,Default Cost Category,CSM - EKF BHB reagent membrane,TRUE,0,StanBio Laboratory LP EKF Diagnostics,3629,The Strouse Corporation,TRUE,0,,,5000 Cost of Goods,300000 Sales,13100 Inventory Asset,FALSE
21834,PIF#9319,PIF#9319,"Each (Use for Boxes, Bags, Cores, Cases)",3,Operations,Strouse-HQ,,Average,Default Cost Category,Duraflex PMS 7680 Purple ,TRUE,,"Brewers Ink-a division of KOR-CHEM, Inc.",3240,The Strouse Corporation,TRUE,,,,5000 Cost of Goods,300000 Sales,13100 Inventory Asset,FALSE
21835,PIF#9320,PIF#9320,"Each (Use for Boxes, Bags, Cores, Cases)",3,Operations,Strouse-HQ,,Average,Default Cost Category,Duraflex PMS #8 Cool Grey ,TRUE,,"Brewers Ink-a division of KOR-CHEM, Inc.",3240,The Strouse Corporation,TRUE,,,,5000 Cost of Goods,300000 Sales,13100 Inventory Asset,FALSE
21839,467MP-W20,467MP,Length Units,,Operations,Strouse-HQ,,Average,Default Cost Category,"2 mil, 200MP, 58# PCK",TRUE,1.094231111,"3M Company, Inc. Converter Markets",3141,The Strouse Corporation,TRUE,1.094231111,,,5000 Cost of Goods,300000 Sales,13100 Inventory Asset,FALSE
21840,70740 ACX-W15.74,70740 ACX,Length Units,,Operations,Strouse-HQ,,Average,Default Cost Category,"Double sided, foam, Acrylic, Hi performance ",TRUE,21.22896341,Tesa Tape,4044,The Strouse Corporation,TRUE,21.22896341,,,5000 Cost of Goods,300000 Sales,13100 Inventory Asset,FALSE
21841,620E-W10,620E,Length Units,,Operations,Strouse-HQ,,Average,Default Cost Category,Clear Polyester overlaminate ,TRUE,0.10704,Avery Dennison  (Formerly know as ACPO Ltd.),3300,The Strouse Corporation,TRUE,0.10704,,,5000 Cost of Goods,300000 Sales,13100 Inventory Asset,FALSE
21842,78148-W4.5,78148,Length Units,,Operations,Strouse-HQ,,Average,Default Cost Category,"Label Stock, #78148, 2 mil Polypropylene, Clear, R3500",TRUE,0.040932,Fasson / Avery Dennison Label & Packaging Materials     (acct. 5387),3246,The Strouse Corporation,TRUE,0.040932,,,5000 Cost of Goods,300000 Sales,13100 Inventory Asset,FALSE
21843,1522-W9,1522,Length Units,,Operations,Strouse-HQ,,Average,Default Cost Category,"1522, Tape, 6.3 mil D/C transparent polyethylene, 80#, Medical",TRUE,0.747839815,"3M Company, Inc. Converter Markets",3141,The Strouse Corporation,TRUE,0.747839815,,,5000 Cost of Goods,300000 Sales,13100 Inventory Asset,FALSE
21848,CSM-HB44T,CSM-HB44T,"Each (Use for Boxes, Bags, Cores, Cases)",3,Operations,Strouse-HQ,,Average,Default Cost Category,CSM - packaging PHP 35715-K 100000151454 6 x 7.63in.,TRUE,,"Nelson Innovations, LLC",3740,The Strouse Corporation,TRUE,,,,5000 Cost of Goods,300000 Sales,13100 Inventory Asset,FALSE
21849,CSM-HB46T,CSM-HB46T,"Each (Use for Boxes, Bags, Cores, Cases)",3,Operations,Strouse-HQ,,Average,Default Cost Category,CSM - packaging PHP 35715-K 1000001.51721 6.5 x 9.63in,TRUE,,"Nelson Innovations, LLC",3740,The Strouse Corporation,TRUE,,,,5000 Cost of Goods,300000 Sales,13100 Inventory Asset,FALSE
21850,CVT-660 Orange-W2,CVT-660 Orange,Length Units,,Operations,Strouse-HQ,,Average,Default Cost Category,Colored vinyl tape orange ,TRUE,0.025444444,Adhesive Tape Products,3237,The Strouse Corporation,TRUE,0.025444444,,,5000 Cost of Goods,300000 Sales,13100 Inventory Asset,FALSE
21851,PPT-P7680,PPT-P7680,"Each (Use for Boxes, Bags, Cores, Cases)",3,Operations,Strouse-HQ,,Average,Default Cost Category,PPT Pantone 7680 Purple ,TRUE,,ippi-Image Prntg Prod. Int'l,3298,The Strouse Corporation,TRUE,,,,5000 Cost of Goods,300000 Sales,13100 Inventory Asset,FALSE
21852,PPT-CG8-1G,PPT-CG8-1G,"Each (Use for Boxes, Bags, Cores, Cases)",3,Operations,Strouse-HQ,,Average,Default Cost Category,PPT Pantone Cool Grey 8,TRUE,,ippi-Image Prntg Prod. Int'l,3298,The Strouse Corporation,TRUE,,,,5000 Cost of Goods,300000 Sales,13100 Inventory Asset,FALSE
21854,RE-18-W6,RE-18,Length Units,,Operations,Strouse-HQ,,Average,Default Cost Category,3 mil clear PET/RE-18/40# liner,TRUE,0.099288,3 Sigma Corporation,3610,The Strouse Corporation,TRUE,0.099288,,,5000 Cost of Goods,300000 Sales,13100 Inventory Asset,FALSE
21855,415-W24,415,Length Units,,Operations,Strouse-HQ,,Average,Default Cost Category,"Double coated PET, 4 mil, 400, 55# DK",TRUE,2.10712963,"3M Company, Inc. Converter Markets",3141,The Strouse Corporation,TRUE,2.10712963,,,5000 Cost of Goods,300000 Sales,13100 Inventory Asset,FALSE
21859,FG-6403-01-300,FG-6403-01-300,"Each (Use for Boxes, Bags, Cores, Cases)",3,Operations,Strouse-HQ,,Average,Default Cost Category,CSM - Eversense Adhesive Patches 3 30-packs white & 1 10-pack clear,TRUE,,Senseonics,3633,The Strouse Corporation,TRUE,,,,5000 Cost of Goods,300000 Sales,13100 Inventory Asset,FALSE
21860,FG-6402-01-300,FG-6402-01-300,"Each (Use for Boxes, Bags, Cores, Cases)",3,Operations,Strouse-HQ,,Average,Default Cost Category,CSM - Eversense Adhesive Patches 30-pack white,TRUE,,Senseonics,3633,The Strouse Corporation,TRUE,,,,5000 Cost of Goods,300000 Sales,13100 Inventory Asset,FALSE
21866,FRA 312 (Q200)-W5,FRA 312 (Q200),Length Units,,Operations,Strouse-HQ,,Average,Default Cost Category,"Liner, 2 mil Q200, polyester clear, S1S Easy - Medium ",TRUE,0.02556,Fox River Associates,4046,The Strouse Corporation,TRUE,0.02556,,,5000 Cost of Goods,300000 Sales,13100 Inventory Asset,FALSE
21868,7731FL-W6.75,7731FL,Length Units,,Operations,Strouse-HQ,,Average,Default Cost Category,"2 mil,  Clear NTC, 400, 1.5 mil PET",TRUE,0.242900069,"3M Company, Inc. Converter Markets",3141,The Strouse Corporation,TRUE,0.242900069,,,5000 Cost of Goods,300000 Sales,13100 Inventory Asset,FALSE
21869,7731FL-W7.75,7731FL,Length Units,,Operations,Strouse-HQ,,Average,Default Cost Category,"2 mil, Clear NTC, 400, 1.5 mil PET",TRUE,0.320394267,"3M Company, Inc. Converter Markets",3141,The Strouse Corporation,TRUE,0.320394267,,,5000 Cost of Goods,300000 Sales,13100 Inventory Asset,FALSE
21870,9964-W6,9964,Length Units,,Operations,Strouse-HQ,,Average,Default Cost Category,CSM - Clear Polyester Diagnostic Tape,TRUE,0,"Agilent Technologies, Inc.",3562,The Strouse Corporation,TRUE,0,,,5000 Cost of Goods,300000 Sales,13100 Inventory Asset,FALSE
21872,1345-W3,1345,Length Units,,Operations,Strouse-HQ,,Average,Default Cost Category,4 mil embossed tin plated copper foil,TRUE,2.310542593,"3M Company, Inc. Converter Markets",3141,The Strouse Corporation,TRUE,2.310542593,,,5000 Cost of Goods,300000 Sales,13100 Inventory Asset,FALSE
21874,2477P-W7,2477P,Length Units,,Operations,Strouse-HQ,,Average,Default Cost Category,"Tape, D/C Silicone/ Acrylic Medical Tape 2477P",TRUE,1.141901061,"3M Company, Inc. Converter Markets",3141,The Strouse Corporation,TRUE,1.141901061,,,5000 Cost of Goods,300000 Sales,13100 Inventory Asset,FALSE
21875,FRA 3312 S1S-W61,FRA 3312 S1S,Length Units,,Operations,Strouse-HQ,,Average,Default Cost Category,5 mil Clear Polyester Release Liner S1S - medium,TRUE,0.6426,Fox River Associates,4046,The Strouse Corporation,TRUE,0.6426,,,5000 Cost of Goods,300000 Sales,13100 Inventory Asset,FALSE
21878,Kapton-W3.25,Kapton,Length Units,,Operations,Strouse-HQ,,Average,Default Cost Category,"CSM - 50 micron Kapton with adhesive laminated
",TRUE,0,3M Electronics Materials,3627,The Strouse Corporation,TRUE,0,,,5000 Cost of Goods,300000 Sales,13100 Inventory Asset,FALSE
21880,SM600-W8.5,SM600,Length Units,,Operations,Strouse-HQ,,Average,Default Cost Category,Code: 252809,TRUE,1.969169231,"Shurtape Technologies, LLC",3259,The Strouse Corporation,TRUE,1.969169231,,,5000 Cost of Goods,300000 Sales,13100 Inventory Asset,FALSE
21881,70730-60000-24-W15.74,70730-60000-24,Length Units,,Operations,Strouse-HQ,,Average,Default Cost Category,Tesa ACX plus ,TRUE,16.1472561,Tesa Tape,4044,The Strouse Corporation,TRUE,16.1472561,,,5000 Cost of Goods,300000 Sales,13100 Inventory Asset,FALSE
21882,Hydroblock P2000TR-W12.992,Hydroblock P2000TR,Length Units,,Operations,Strouse-HQ,,Average,Default Cost Category,"CSM - Hydroblock P2000TR, 2mil thick",TRUE,0,Freshpoint Quality Assurance Ltd. d/b/a Evigence Sensors ,3686,The Strouse Corporation,TRUE,0,,,5000 Cost of Goods,300000 Sales,13100 Inventory Asset,FALSE
21887,467MP-W8.25,467MP,Length Units,,Operations,Strouse-HQ,,Average,Default Cost Category,"467MP, 2 mil, 200MP, 58# PCK,24""",TRUE,0.451440556,"3M Company, Inc. Converter Markets",3141,The Strouse Corporation,TRUE,0.451440556,,,5000 Cost of Goods,300000 Sales,13100 Inventory Asset,FALSE
21889,KM10T- 6.625 - 0.020-W6.625,KM10T- 6.625 - 0.020,Length Units,,Operations,Strouse-HQ,,Average,Default Cost Category,"20mil thick w/ 5mil release liner

",TRUE,1.431,"Katecho, Inc.",3611,The Strouse Corporation,TRUE,1.431,,,5000 Cost of Goods,300000 Sales,13100 Inventory Asset,FALSE
21890,KM10T- 4.625 - 0.020-W4.625,KM10T- 4.625 - 0.020,Length Units,,Operations,Strouse-HQ,,Average,Default Cost Category,"20mil thick w/ 5mil release liner

",TRUE,0.999,"Katecho, Inc.",3611,The Strouse Corporation,TRUE,0.999,,,5000 Cost of Goods,300000 Sales,13100 Inventory Asset,FALSE
21892,371-W1.899,371,Length Units,,Operations,Strouse-HQ,,Average,Default Cost Category,Clear Polypropylene,TRUE,0.005086724,Veritiv - Hanover,3269,The Strouse Corporation,TRUE,0.005086724,,,5000 Cost of Goods,300000 Sales,13100 Inventory Asset,FALSE
21894,TRPV0014-W36,TRPV0014,Length Units,,Operations,Strouse-HQ,,Average,Default Cost Category,CSM - .3mm thick clear PVC,TRUE,0,Terumo Medical,3662,The Strouse Corporation,TRUE,0,,,5000 Cost of Goods,300000 Sales,13100 Inventory Asset,FALSE
21895,TRPV0016-W36,TRPV0016,Length Units,,Operations,Strouse-HQ,,Average,Default Cost Category,CSM - .5mm thick clear PVC,TRUE,0,Terumo Medical,3662,The Strouse Corporation,TRUE,0,,,5000 Cost of Goods,300000 Sales,13100 Inventory Asset,FALSE
21896,CID-THRM-T2500-W48,CID-THRM-T2500,Length Units,,Operations,Strouse-HQ,,Average,Default Cost Category,"CSM- Low Emissivity Film, Desert Tan, Standard Gloss, No PSA (CID-THRM-T2500)",TRUE,0,"Infrared Tools, LLC ( IR.TOOLS )",3581,The Strouse Corporation,TRUE,0,,,5000 Cost of Goods,300000 Sales,13100 Inventory Asset,FALSE
21897,S-4125,S-4125,"Each (Use for Boxes, Bags, Cores, Cases)",3,Operations,Strouse-HQ,,Average,Default Cost Category,12 x 12 x 12 Corrugated Boxes,TRUE,,ULINE,3330,The Strouse Corporation,TRUE,,,,5000 Cost of Goods,300000 Sales,13100 Inventory Asset,FALSE
21905,9086 Plastic core-W54,9086 Plastic core,Length Units,,Operations,Strouse-HQ,,Average,Default Cost Category,Double Coated Translucent Tape 7.5 mil,TRUE,3.778351313,"3M Company, Inc. Converter Markets",3141,The Strouse Corporation,TRUE,3.778351313,,,5000 Cost of Goods,300000 Sales,13100 Inventory Asset,FALSE
21907,BX102404800012-W45,BX102404800012,Length Units,,Operations,Strouse-HQ,,Average,Default Cost Category,CSM - single-ply fiberglass/polypropylene weave,TRUE,0,Aerotuf  (Adv. Comp. Structures/Cargo Composites),3644,The Strouse Corporation,TRUE,0,,,5000 Cost of Goods,300000 Sales,13100 Inventory Asset,FALSE
21908,SCPM-44X-W13.8125,SCPM-44X,Length Units,,Operations,Strouse-HQ,,Average,Default Cost Category,Graphic Arts Pre-Mask - LOG,TRUE,0.197888448,"3M Company, Inc. Converter Markets",3141,The Strouse Corporation,TRUE,0.197888448,,,5000 Cost of Goods,300000 Sales,13100 Inventory Asset,FALSE
21910,SCPM-44X-W12.25,SCPM-44X,Length Units,,Operations,Strouse-HQ,,Average,Default Cost Category,Graphic Arts Pre-Mask - LOG,TRUE,0.175502877,"3M Company, Inc. Converter Markets",3141,The Strouse Corporation,TRUE,0.175502877,,,5000 Cost of Goods,300000 Sales,13100 Inventory Asset,FALSE
21911,2A White Volara .125” thick foam-W60,2A White Volara .125” thick foam,Length Units,,Operations,Strouse-HQ,,Average,Default Cost Category,"foam, 1/8"" T Polyethylene cross-linked foam, white, Volara 2A",TRUE,0.63775,Rubberlite,3303,The Strouse Corporation,TRUE,0.63775,,,5000 Cost of Goods,300000 Sales,13100 Inventory Asset,FALSE
21912,"204-2HD6 Virgin PTFE film, 1 mil thick-W14.5","204-2HD6 Virgin PTFE film, 1 mil thick",Length Units,,Operations,Strouse-HQ,,Average,Default Cost Category,"CSM - 204-2HD6 Virgin PTFE film, 1 mil thick",TRUE,0,Acton Technologies,3719,The Strouse Corporation,TRUE,0,,,5000 Cost of Goods,300000 Sales,13100 Inventory Asset,FALSE
21915,1522H-W11,1522H,Length Units,,Operations,Strouse-HQ,,Average,Default Cost Category,"1522H, Tape, 13 mil High adhesion D/C, Yellow Kraft C2S 5.5 mil T",TRUE,1.775252294,"3M Company, Inc. Converter Markets",3141,The Strouse Corporation,TRUE,1.775252294,,,5000 Cost of Goods,300000 Sales,13100 Inventory Asset,FALSE
21916,OFV0202-W6,OFV0202,Length Units,,Operations,Strouse-HQ,,Average,Default Cost Category,"OFV0202, Label Stock, 3.4mil Soft White Vinyl, TC6, P1400, 50# SC",TRUE,,"3M Company, Inc. Converter Markets",3141,The Strouse Corporation,TRUE,,,,5000 Cost of Goods,300000 Sales,13100 Inventory Asset,FALSE
21917,8993LC-W50.4,8993LC,Length Units,,Operations,Strouse-HQ,,Average,Default Cost Category,"Low tack Polyester Tape 8993LC, Clear",TRUE,1.437886667,"3M Company, Inc. Converter Markets",3141,The Strouse Corporation,TRUE,1.437886667,,,5000 Cost of Goods,300000 Sales,13100 Inventory Asset,FALSE
21923,9627-W7,9627,Length Units,,Operations,Strouse-HQ,,Average,Default Cost Category,"5 mil, 360, 58# PCK",TRUE,0.991082222,"3M Company, Inc. Converter Markets",3141,The Strouse Corporation,TRUE,0.991082222,,,5000 Cost of Goods,300000 Sales,13100 Inventory Asset,FALSE
21924,ACFPG43-01 STD,ACFPG43-01 STD,"Each (Use for Boxes, Bags, Cores, Cases)",3,Operations,Strouse-HQ,,Average,Default Cost Category,395nm Green Base,TRUE,,Interactive Inks & Coatings,3366,The Strouse Corporation,TRUE,,,,5000 Cost of Goods,300000 Sales,13100 Inventory Asset,FALSE
21925,ACFYE43-01 STD,ACFYE43-01 STD,"Each (Use for Boxes, Bags, Cores, Cases)",3,Operations,Strouse-HQ,,Average,Default Cost Category,395NM YELLOW BASE,TRUE,,Interactive Inks & Coatings,3366,The Strouse Corporation,TRUE,,,,5000 Cost of Goods,300000 Sales,13100 Inventory Asset,FALSE
21926,ACFPP44-01 STD,ACFPP44-01 STD,"Each (Use for Boxes, Bags, Cores, Cases)",3,Operations,Strouse-HQ,,Average,Default Cost Category,Purple LED,TRUE,,Interactive Inks & Coatings,3366,The Strouse Corporation,TRUE,,,,5000 Cost of Goods,300000 Sales,13100 Inventory Asset,FALSE
21928,CSM - DPL003-60PYEL-W61,CSM - DPL003-60PYEL,Length Units,,Operations,Strouse-HQ,,Average,Default Cost Category,"Nonwoven, Delnet yellow, Ultrasonically welded",TRUE,0,"Global Safety First, LLC",3603,The Strouse Corporation,TRUE,0,,,5000 Cost of Goods,300000 Sales,13100 Inventory Asset,FALSE
21929,CatID-21929-W9.7,,Length Units,,Operations,Strouse-HQ,,Average,Default Cost Category,7mil Clear APET Film ABBMXXF aniti fog,TRUE,,Polymershapes - Jessup,3375,The Strouse Corporation,TRUE,,,,5000 Cost of Goods,300000 Sales,13100 Inventory Asset,FALSE
21931,EGM1 Foam-W54,EGM1 Foam,Length Units,,Operations,Strouse-HQ,,Average,Default Cost Category,"Tan .75"" thick",TRUE,1.451513514,Wm. T. Burnett & Co.,3384,The Strouse Corporation,TRUE,1.451513514,,,5000 Cost of Goods,300000 Sales,13100 Inventory Asset,FALSE
21940,CSM - 16 mil Copper Foil-W3.5,CSM - 16 mil Copper Foil,Length Units,,Operations,Strouse-HQ,,Average,Default Cost Category,"CS - Copper, 16 Mil, alloy 110 copper  ¼ hard temper",TRUE,0,Harger Lightning & Grounding,3701,The Strouse Corporation,TRUE,0,,,5000 Cost of Goods,300000 Sales,13100 Inventory Asset,FALSE
21943,"10"" I.D-W3.5","10"" I.D","Each (Use for Boxes, Bags, Cores, Cases)",3,Operations,Strouse-HQ,,Average,Default Cost Category,"10.0"" I.D. X 0.375""  Brown / Brown cores, knife cut",TRUE,,OX Paper Tube & Core Co,3296,The Strouse Corporation,TRUE,,,,5000 Cost of Goods,300000 Sales,13100 Inventory Asset,FALSE
21947,256 GREEN-W2,256 GREEN,Length Units,,Operations,Strouse-HQ,,Average,Default Cost Category,"256 Tape, 5.8 mil, GREEN Flatback Masking, Rubber Adhesive, Printable",TRUE,0.251505556,"3M Company, Inc. Converter Markets",3141,The Strouse Corporation,TRUE,0.251505556,,,5000 Cost of Goods,300000 Sales,13100 Inventory Asset,FALSE
21949,TRPV0031-W37,TRPV0031,Length Units,,Operations,Strouse-HQ,,Average,Default Cost Category,CSM - .5mm thick Band PVC,TRUE,0,Terumo Medical,3662,The Strouse Corporation,TRUE,0,,,5000 Cost of Goods,300000 Sales,13100 Inventory Asset,FALSE
21953,M14407-W5.5,M14407,Length Units,,Operations,Strouse-HQ,,Average,Default Cost Category,CSM - OPS-PET laminate film,TRUE,0,"Rheonix, Inc",3774,The Strouse Corporation,TRUE,0,,,5000 Cost of Goods,300000 Sales,13100 Inventory Asset,FALSE
21957,396-W24,396,Length Units,,Operations,Strouse-HQ,,Average,Default Cost Category,Clear Super Bond Polyester,TRUE,2.191012037,"3M Company, Inc. Converter Markets",3141,The Strouse Corporation,TRUE,2.191012037,,,5000 Cost of Goods,300000 Sales,13100 Inventory Asset,FALSE
21958,4914-W6.25,4914,Length Units,,Operations,Strouse-HQ,,Average,Default Cost Category,"4914, .010"" White D/C Acrylic Foam",TRUE,5.222177778,"3M Company, Inc. Converter Markets",3141,The Strouse Corporation,TRUE,5.222177778,,,5000 Cost of Goods,300000 Sales,13100 Inventory Asset,FALSE
21961,CSM - Regupol Vibration 480-W48,CSM - Regupol Vibration 480,Length Units,,Operations,Strouse-HQ,,Average,Default Cost Category,CSM - Regupol Vibration 480 15mm ,TRUE,0,AAC Independent,3693,The Strouse Corporation,TRUE,0,,,5000 Cost of Goods,300000 Sales,13100 Inventory Asset,FALSE
21962,8.0 micron PCTE-W11.81,8.0 micron PCTE,Length Units,,Operations,Strouse-HQ,,Average,Default Cost Category,"Polycarbonate, track etched, 8.0 micron membrane",TRUE,9.906593407,Sterlitech Corporation ,3782,The Strouse Corporation,TRUE,9.906593407,,,5000 Cost of Goods,300000 Sales,13100 Inventory Asset,FALSE
21963,855-W48,855,Length Units,,Operations,Strouse-HQ,,Average,Default Cost Category,"3.4 mil, S/C Nylon Film, Rubber Adhesive, White",TRUE,7.017635648,"3M Company, Inc. Converter Markets",3141,The Strouse Corporation,TRUE,7.017635648,,,5000 Cost of Goods,300000 Sales,13100 Inventory Asset,FALSE
21964,855-W6,855,Length Units,,Operations,Strouse-HQ,,Average,Default Cost Category,"3.4 mil, S/C Nylon Film, Rubber Adhesive, White",TRUE,0.877197685,"3M Company, Inc. Converter Markets",3141,The Strouse Corporation,TRUE,0.877197685,,,5000 Cost of Goods,300000 Sales,13100 Inventory Asset,FALSE
21967,4008-W2,4008,Length Units,,Operations,Strouse-HQ,,Average,Default Cost Category,"4008, Foam, 1/8"", 100, double coated",TRUE,1.452078704,"3M Company, Inc. Converter Markets",3141,The Strouse Corporation,TRUE,1.452078704,,,5000 Cost of Goods,300000 Sales,13100 Inventory Asset,FALSE
21972,9832F-W4,9832F,Length Units,,Operations,Strouse-HQ,,Average,Default Cost Category,"Medical Film 9832F, Polyurethane on White 78# Carrier",TRUE,0.094747619,"3M Company, Inc. Converter Markets",3141,The Strouse Corporation,TRUE,0.094747619,,,5000 Cost of Goods,300000 Sales,13100 Inventory Asset,FALSE
21973,9832F-W2,9832F,Length Units,,Operations,Strouse-HQ,,Average,Default Cost Category,"Medical Film 9832F, Polyurethane on White 78# Carrier",TRUE,0.047374095,"3M Company, Inc. Converter Markets",3141,The Strouse Corporation,TRUE,0.047374095,,,5000 Cost of Goods,300000 Sales,13100 Inventory Asset,FALSE
21976,5905Ypvc-W5.669,5905Ypvc,Length Units,,Operations,Strouse-HQ,,Average,Default Cost Category,Yellow UPVC,TRUE,0.027402957,Adhesive Tape Products,3237,The Strouse Corporation,TRUE,0.027402957,,,5000 Cost of Goods,300000 Sales,13100 Inventory Asset,FALSE
21979,15mil Clear APET-W48.5,15mil Clear APET,Length Units,,Operations,Strouse-HQ,,Average,Default Cost Category,15mil Clear APET Film ABBMXXF aniti fog,TRUE,0.83808,Polymershapes - Jessup,3375,The Strouse Corporation,TRUE,0.83808,,,5000 Cost of Goods,300000 Sales,13100 Inventory Asset,FALSE
21981,130133-W7.75,130133,Length Units,,Operations,Strouse-HQ,,Average,Default Cost Category,"Hydrocolloid, 130133, .020"" thick , medium tack with 66# C1S A1000 liner ",TRUE,1.841463415,Amparo Medical,3388,The Strouse Corporation,TRUE,1.841463415,,,5000 Cost of Goods,300000 Sales,13100 Inventory Asset,FALSE
21982,BT-3854-W1,BT-3854,Length Units,,Operations,Strouse-HQ,,Average,Default Cost Category,Double sided clear tape ,TRUE,0.185185185,Bron Tapes ,3783,The Strouse Corporation,TRUE,0.185185185,,,5000 Cost of Goods,300000 Sales,13100 Inventory Asset,FALSE
21983,BT-3854 RED-W2,BT-3854 RED,Length Units,,Operations,Strouse-HQ,,Average,Default Cost Category,Double sided clear tape ,TRUE,0.503703704,Bron Tapes ,3783,The Strouse Corporation,TRUE,0.503703704,,,5000 Cost of Goods,300000 Sales,13100 Inventory Asset,FALSE
21984,BT-3854-W3,BT-3854,Length Units,,Operations,Strouse-HQ,,Average,Default Cost Category,Double sided clear tape ,TRUE,0.5814,Bron Tapes ,3783,The Strouse Corporation,TRUE,0.5814,,,5000 Cost of Goods,300000 Sales,13100 Inventory Asset,FALSE
21987,19436779-W61,19436779,Length Units,,Operations,Strouse-HQ,,Average,Default Cost Category,.007 Melinex  FS1,TRUE,,"TEKRA - a Division of EIS, Inc.",3309,The Strouse Corporation,TRUE,,,,5000 Cost of Goods,300000 Sales,13100 Inventory Asset,FALSE
21988,KAP-ROLL-11158-A-W1,KAP-ROLL-11158-A,Length Units,,Operations,Strouse-HQ,,Average,Default Cost Category,"Polymide, 5 mil , Acrylic Adhesive ",TRUE,0.731481481,Teknitape,3786,The Strouse Corporation,TRUE,0.731481481,,,5000 Cost of Goods,300000 Sales,13100 Inventory Asset,FALSE
21990,9792R-W12,9792R,Length Units,,Operations,Strouse-HQ,,Average,Default Cost Category,"Microfluidic Diagnostic Tape , Single Sided Aluminum Tape",TRUE,1.16352,"3M Company, Inc. Converter Markets",3141,The Strouse Corporation,TRUE,1.16352,,,5000 Cost of Goods,300000 Sales,13100 Inventory Asset,FALSE
21992,Fog PET-W56,Fog PET,Length Units,,Operations,Strouse-HQ,,Average,Default Cost Category,6.5mil Anti-Fog PET coated one side ,TRUE,,Mitsubishi Polyester Film ,3785,The Strouse Corporation,TRUE,,,,5000 Cost of Goods,300000 Sales,13100 Inventory Asset,FALSE
21994,9792R-W6,9792R,Length Units,,Operations,Strouse-HQ,,Average,Default Cost Category,"Microfluidic Diagnostic Tape , Single Sided Aluminum Tape",TRUE,0.58176,"3M Company, Inc. Converter Markets",3141,The Strouse Corporation,TRUE,0.58176,,,5000 Cost of Goods,300000 Sales,13100 Inventory Asset,FALSE
21995,S-18348,S-18348,"Each (Use for Boxes, Bags, Cores, Cases)",3,Operations,Strouse-HQ,,Average,Default Cost Category,16 x 12 x 8  32 ECT box 25/300,TRUE,0,"Nelson Innovations, LLC",3740,The Strouse Corporation,TRUE,0,,,5000 Cost of Goods,300000 Sales,13100 Inventory Asset,FALSE
21996,S-21023,S-21023,"Each (Use for Boxes, Bags, Cores, Cases)",3,Operations,Strouse-HQ,,Average,Default Cost Category,16 x 12 x 4  32 ECT box 25/450,TRUE,,"Nelson Innovations, LLC",3740,The Strouse Corporation,TRUE,,,,5000 Cost of Goods,300000 Sales,13100 Inventory Asset,FALSE
21997,S-18987,S-18987,"Each (Use for Boxes, Bags, Cores, Cases)",3,Operations,Strouse-HQ,,Average,Default Cost Category,"2"" x 330' ""MADE IN USA"" tape 36/CT",TRUE,0,"Nelson Innovations, LLC",3740,The Strouse Corporation,TRUE,0,,,5000 Cost of Goods,300000 Sales,13100 Inventory Asset,FALSE
22004,396-W22,396,Length Units,,Operations,Strouse-HQ,,Average,Default Cost Category,Clear Super Bond Polyester,TRUE,2.008437037,"3M Company, Inc. Converter Markets",3141,The Strouse Corporation,TRUE,2.008437037,,,5000 Cost of Goods,300000 Sales,13100 Inventory Asset,FALSE
22006,AG640 sensingAxelgaard gel-W8.75,AG640 sensingAxelgaard gel,Length Units,,Operations,Strouse-HQ,,Average,Default Cost Category,hydro gel designed for ECG application,TRUE,1.64,Axelgaard Manufacturing Co. ,3792,The Strouse Corporation,TRUE,1.64,,,5000 Cost of Goods,300000 Sales,13100 Inventory Asset,FALSE
22007,19436778-W60.5,19436778,Length Units,,Operations,Strouse-HQ,,Average,Default Cost Category,.0065 anti-fog 2 sides,TRUE,0.773275862,"TEKRA - a Division of EIS, Inc.",3309,The Strouse Corporation,TRUE,0.773275862,,,5000 Cost of Goods,300000 Sales,13100 Inventory Asset,FALSE
22009,1522-W6.5,1522,Length Units,,Operations,Strouse-HQ,,Average,Default Cost Category,"1522, Tape, 6.3 mil D/C transparent polyethylene, 80#, Medical",TRUE,0.558661574,"3M Company, Inc. Converter Markets",3141,The Strouse Corporation,TRUE,0.558661574,,,5000 Cost of Goods,300000 Sales,13100 Inventory Asset,FALSE
22013,1522-W2.875,1522,Length Units,,Operations,Strouse-HQ,,Average,Default Cost Category,"1522, Tape, 6.3 mil D/C transparent polyethylene, 80#, Medical",TRUE,0.2337,"3M Company, Inc. Converter Markets",3141,The Strouse Corporation,TRUE,0.2337,,,5000 Cost of Goods,300000 Sales,13100 Inventory Asset,FALSE
22014,9672LE-W3,9672LE,Length Units,,Operations,Strouse-HQ,,Average,Default Cost Category,"5 mil, 300LSE, 83# PCK liner ",TRUE,0.258595679,"3M Company, Inc. Converter Markets",3141,The Strouse Corporation,TRUE,0.258595679,,,5000 Cost of Goods,300000 Sales,13100 Inventory Asset,FALSE
22019,NFM04501-W9,NFM04501,Length Units,,Operations,Strouse-HQ,,Average,Default Cost Category,Nanoweb,TRUE,0.325619048,Midwest Textiles & Supplies,3790,The Strouse Corporation,TRUE,0.325619048,,,5000 Cost of Goods,300000 Sales,13100 Inventory Asset,FALSE
22026,Commerical Nitrile-W36,Commerical Nitrile,Length Units,,Operations,Strouse-HQ,,Average,Default Cost Category,"70 duro, 6mm thick, Black, Rubber",TRUE,15.93,Cypress Sponge,3791,The Strouse Corporation,TRUE,15.93,,,5000 Cost of Goods,300000 Sales,13100 Inventory Asset,FALSE
22028,1524-W7.5,1524,Length Units,,Operations,Strouse-HQ,,Average,Default Cost Category,"Medical Transfer Adhesive 1524, Fiber Filled Polyester, 60# Liner,3 IN Fiber",TRUE,0.731365741,"3M Company, Inc. Converter Markets",3141,The Strouse Corporation,TRUE,0.731365741,,,5000 Cost of Goods,300000 Sales,13100 Inventory Asset,FALSE
22030,53 Lb. C2S BG0/BG0-W6.5,53 Lb. C2S BG0/BG0,Length Units,,Operations,Strouse-HQ,,Average,Default Cost Category,3.2 mil 53 lb. Easy Release Liner C2S BG0/BG0(Easy/Easy),TRUE,0.02574,"Channeled Resources, Inc. (GMC Coatings)",3277,The Strouse Corporation,TRUE,0.02574,,,5000 Cost of Goods,300000 Sales,13100 Inventory Asset,FALSE
22031,53 Lb. C2S BG0/BG0-W6.625,53 Lb. C2S BG0/BG0,Length Units,,Operations,Strouse-HQ,,Average,Default Cost Category,3.2 mil 53 lb. Easy Release Liner C2S BG0/BG0(Easy/Easy),TRUE,0.026235,"Channeled Resources, Inc. (GMC Coatings)",3277,The Strouse Corporation,TRUE,0.026235,,,5000 Cost of Goods,300000 Sales,13100 Inventory Asset,FALSE
22040,3007760-W36,3007760,Length Units,,Operations,Strouse-HQ,,Average,Default Cost Category,Bisco BF2000 Black Trimmed 0.188,TRUE,0,GM Nameplate-NC (Boyd),3564,The Strouse Corporation,TRUE,0,,,5000 Cost of Goods,300000 Sales,13100 Inventory Asset,FALSE
22042,54 lb. C1S SL4 (S38)-W24.5,54 lb. C1S SL4 (S38),Length Units,,Operations,Strouse-HQ,,Average,Default Cost Category,3.2 mil 54 lb. Medium Release C1S Liner,TRUE,0.104076,"Channeled Resources, Inc. (GMC Coatings)",3277,The Strouse Corporation,TRUE,0.104076,,,5000 Cost of Goods,300000 Sales,13100 Inventory Asset,FALSE
22043,RP62-W48,RP62,Length Units,,Operations,Strouse-HQ,,Average,Default Cost Category,"RP62, 62 mil, D/C Acrylic, VHB",TRUE,13.86239352,"3M Company, Inc. Converter Markets",3141,The Strouse Corporation,TRUE,13.86239352,,,5000 Cost of Goods,300000 Sales,13100 Inventory Asset,FALSE
22049,425-W40,425,Length Units,,Operations,Strouse-HQ,,Average,Default Cost Category,"Aluminum Foil Tape 425, Silver, 4.6 mil",TRUE,5.667051111,"3M Company, Inc. Converter Markets",3141,The Strouse Corporation,TRUE,5.667051111,,,5000 Cost of Goods,300000 Sales,13100 Inventory Asset,FALSE
22050,427-W40,427,Length Units,,Operations,Strouse-HQ,,Average,Default Cost Category,"Aluminum Foil Tape 427, Silver, 4.6 mil",TRUE,8.631665,"3M Company, Inc. Converter Markets",3141,The Strouse Corporation,TRUE,8.631665,,,5000 Cost of Goods,300000 Sales,13100 Inventory Asset,FALSE
22051,8.0 micron PCTE-W1.25 - CatID-22051,8.0 micron PCTE,Length Units,,Operations,Strouse-HQ,,Average,Default Cost Category,"Polycarbonate, track etched, 8.0 micron membrane",TRUE,3.0132,Sterlitech Corporation ,3782,The Strouse Corporation,TRUE,3.0132,,,5000 Cost of Goods,300000 Sales,13100 Inventory Asset,FALSE
22054,CHK05635 Hook-W28,CHK05635 Hook,Length Units,,Operations,Strouse-HQ,,Average,Default Cost Category,"3M™ Hook Non Pressure Sensitive Adhesive CHK05635, ",TRUE,2.613240427,"3M Company, Inc. Converter Markets",3141,The Strouse Corporation,TRUE,2.613240427,,,5000 Cost of Goods,300000 Sales,13100 Inventory Asset,FALSE
22055,2477P-W5.9375,2477P,Length Units,,Operations,Strouse-HQ,,Average,Default Cost Category,"Medical Silicone Tape 2477P, Double Sided Silicone/Acrylate Thermoplastic Elastomer, ",TRUE,1.032269697,"3M Company, Inc. Converter Markets",3141,The Strouse Corporation,TRUE,1.032269697,,,5000 Cost of Goods,300000 Sales,13100 Inventory Asset,FALSE
22057,Z18547-1,Z18547-1,"Each (Use for Boxes, Bags, Cores, Cases)",3,Operations,Strouse-HQ,,Average,Default Cost Category,"CSM - Nelderm face shields printed 
16 x 12 x 8",TRUE,,"Nelson Innovations, LLC",3740,The Strouse Corporation,TRUE,,,,5000 Cost of Goods,300000 Sales,13100 Inventory Asset,FALSE
22060,7993MP-W18,7993MP,"Each (Use for Boxes, Bags, Cores, Cases)",3,Operations,Strouse-HQ,,Average,Default Cost Category,"Membrane Switch Spacer Single Coated Clear, 3 mil, Sheet",TRUE,0.107941667,"3M Company, Inc. Converter Markets",3141,The Strouse Corporation,TRUE,0.107941667,,,5000 Cost of Goods,300000 Sales,13100 Inventory Asset,FALSE
22069,FWS50X4-W48,FWS50X4,Length Units,,Operations,Strouse-HQ,,Average,Default Cost Category,CSM - Permanent Marker Whiteboard Surface ,TRUE,0,Energy Products Distribution,3676,The Strouse Corporation,TRUE,0,,,5000 Cost of Goods,300000 Sales,13100 Inventory Asset,FALSE
22070,72436173-C-W6.75,72436173-C,Length Units,,Operations,Strouse-HQ,,Average,Default Cost Category,"Polyester, 5 Mil, White, Print Treated",TRUE,0.1575,Polymershapes - Jessup,3375,The Strouse Corporation,TRUE,0.1575,,,5000 Cost of Goods,300000 Sales,13100 Inventory Asset,FALSE
22071,"1"" Plastic cores-W1","1"" Plastic cores","Each (Use for Boxes, Bags, Cores, Cases)",3,Operations,Strouse-HQ,,Average,Default Cost Category,"Plastic cores, HDPE, 3.038 I.D. 0.10"" wall",TRUE,0,NorthCore Industries,3284,The Strouse Corporation,TRUE,0,,,5000 Cost of Goods,300000 Sales,13100 Inventory Asset,FALSE
22072,"1.5"" Plastic cores-W1.5","1.5"" Plastic cores","Each (Use for Boxes, Bags, Cores, Cases)",3,Operations,Strouse-HQ,,Average,Default Cost Category,"Plastic cores, HDPE, 3.038 I.D. 0.10"" wall",TRUE,0,NorthCore Industries,3284,The Strouse Corporation,TRUE,0,,,5000 Cost of Goods,300000 Sales,13100 Inventory Asset,FALSE
22073,2000-W2,2000,"Each (Use for Boxes, Bags, Cores, Cases)",3,Operations,Strouse-HQ,,Average,Default Cost Category,"Plastic cores, HDPE, 3.038 I.D. 0.10"" wall",TRUE,0,NorthCore Industries,3284,The Strouse Corporation,TRUE,0,,,5000 Cost of Goods,300000 Sales,13100 Inventory Asset,FALSE
22085,7336-W26,7336,Length Units,,Operations,Strouse-HQ,,Average,Default Cost Category,Low profile medical hook,TRUE,2.867419266,"3M Company, Inc. Converter Markets",3141,The Strouse Corporation,TRUE,2.867419266,,,5000 Cost of Goods,300000 Sales,13100 Inventory Asset,FALSE
22086,7337-W48,7337,Length Units,,Operations,Strouse-HQ,,Average,Default Cost Category,low profile medical loop,TRUE,5.468333333,"3M Company, Inc. Converter Markets",3141,The Strouse Corporation,TRUE,5.468333333,,,5000 Cost of Goods,300000 Sales,13100 Inventory Asset,FALSE
22088,C0567-W6,C0567,Length Units,,Operations,Strouse-HQ,,Average,Default Cost Category,CSM - Ascorbic Acid Reagent Membrane ,TRUE,,DCN,3623,The Strouse Corporation,TRUE,,,,5000 Cost of Goods,300000 Sales,13100 Inventory Asset,FALSE
22089,Melinex-W3.5,Melinex,Length Units,,Operations,Strouse-HQ,,Average,Default Cost Category,CSM - 10 Mil Melinex,TRUE,0,DCN,3623,The Strouse Corporation,TRUE,0,,,5000 Cost of Goods,300000 Sales,13100 Inventory Asset,FALSE
22090,444-W3.375,444,Length Units,,Operations,Strouse-HQ,,Average,Default Cost Category,"3.8 mil, 300, 55# DK ",TRUE,0.482786458,"3M Company, Inc. Converter Markets",3141,The Strouse Corporation,TRUE,0.482786458,,,5000 Cost of Goods,300000 Sales,13100 Inventory Asset,FALSE
22092,CSM - DPL003-60PGREY-W61,CSM - DPL003-60PGREY,Length Units,,Operations,Strouse-HQ,,Average,Default Cost Category,"Nonwoven, Delnet GREY, Ultrasonically welded",TRUE,0,"Global Safety First, LLC",3603,The Strouse Corporation,TRUE,0,,,5000 Cost of Goods,300000 Sales,13100 Inventory Asset,FALSE
22096,8A35VD-W4.5,8A35VD,Length Units,,Operations,Strouse-HQ,,Average,Default Cost Category,"Polycarbonate, 5 Mil, Clear, Velvet Textured",TRUE,0.2575,Polymershapes - Jessup,3375,The Strouse Corporation,TRUE,0.2575,,,5000 Cost of Goods,300000 Sales,13100 Inventory Asset,FALSE
22101,4926-W6,4926,Length Units,,Operations,Strouse-HQ,,Average,Default Cost Category,"CSM - Foam, 15 mil, VHB, double coated grey",TRUE,0,Tidewater Valve and Fitting,3574,The Strouse Corporation,TRUE,0,,,5000 Cost of Goods,300000 Sales,13100 Inventory Asset,FALSE
22102,4701-37-14118-04-W54,4701-37-14118-04,Length Units,,Operations,Strouse-HQ,,Average,Default Cost Category,CSM - Rogers .118 Poron ,TRUE,0,GM Nameplate-NC (Boyd),3564,The Strouse Corporation,TRUE,0,,,5000 Cost of Goods,300000 Sales,13100 Inventory Asset,FALSE
22103,Q300-W10,Q300,Length Units,,Operations,Strouse-HQ,,Average,Default Cost Category,2 mil Clear Polyester S1S Medium Release Liner,TRUE,,Fox River Associates,4046,The Strouse Corporation,TRUE,,,,5000 Cost of Goods,300000 Sales,13100 Inventory Asset,FALSE
22104,FLX015706-W60,FLX015706,Length Units,,Operations,Strouse-HQ,,Average,Default Cost Category,"DermaFLEX TT 200 H-566 Poly C2S, 2.0 mil (51 micron) pressure sensitive acrylic adhesive, poly liner.",TRUE,4.9104,"FLEXcon Company, Inc.",3247,The Strouse Corporation,TRUE,4.9104,,,5000 Cost of Goods,300000 Sales,13100 Inventory Asset,FALSE
22105,DT17-W1.890,DT17,Length Units,,Operations,Strouse-HQ,,Average,Default Cost Category,"Duct tape, Black ",TRUE,0.059668571,"3M Company, Inc. Converter Markets",3141,The Strouse Corporation,TRUE,0.059668571,,,5000 Cost of Goods,300000 Sales,13100 Inventory Asset,FALSE
22106,FLX001449-W54,FLX001449,Length Units,,Operations,Strouse-HQ,,Average,Default Cost Category,"FLEXmark, MM, 050,silver, V-156 78B, M&O-6 IAW ",TRUE,3.38904,"FLEXcon Company, Inc.",3247,The Strouse Corporation,TRUE,3.38904,,,5000 Cost of Goods,300000 Sales,13100 Inventory Asset,FALSE
22107,PT205HD-W5,PT205HD,Length Units,,Operations,Strouse-HQ,,Average,Default Cost Category,CSM - 5 mil Polyimide Masking Tape ,TRUE,0,Identco International,3606,The Strouse Corporation,TRUE,0,,,5000 Cost of Goods,300000 Sales,13100 Inventory Asset,FALSE
22108,1384952-1,1384952-1,"Each (Use for Boxes, Bags, Cores, Cases)",3,Operations,Strouse-HQ,,Average,Default Cost Category,CSM - Box 16 x 12 x 8 printed purple ,TRUE,,"Nelson Innovations, LLC",3740,The Strouse Corporation,TRUE,,,,5000 Cost of Goods,300000 Sales,13100 Inventory Asset,FALSE
22109,White Forte V3-W5.5,White Forte V3,Length Units,,Operations,Strouse-HQ,,Average,Default Cost Category,"48 gauge, 3.0 mil PET, White Forte V3",TRUE,0.288,Paxxus,3796,The Strouse Corporation,TRUE,0.288,,,5000 Cost of Goods,300000 Sales,13100 Inventory Asset,FALSE
22110,21-1158B-W5.5,21-1158B,Length Units,,Operations,Strouse-HQ,,Average,Default Cost Category,"48 gauge, PET/28.8# Allegro B2
3.0 mil",TRUE,0.09,Paxxus,3796,The Strouse Corporation,TRUE,0.09,,,5000 Cost of Goods,300000 Sales,13100 Inventory Asset,FALSE
22111,631-W5,631,Length Units,,Operations,Strouse-HQ,,Average,Default Cost Category,1 mil Matte PET Overlam,TRUE,0.05166,Avery Dennison  (Formerly know as ACPO Ltd.),3300,The Strouse Corporation,TRUE,0.05166,,,5000 Cost of Goods,300000 Sales,13100 Inventory Asset,FALSE
22112,303-0023-000-W51.97,303-0023-000,Length Units,,Operations,Strouse-HQ,,Average,Default Cost Category,CSM - Metalized Film (SF69600800-1150),TRUE,0,JEM Engineering,3746,The Strouse Corporation,TRUE,0,,,5000 Cost of Goods,300000 Sales,13100 Inventory Asset,FALSE
22114,BF 18473 8 mil PP-W10,BF 18473 8 mil PP,Length Units,,Operations,Strouse-HQ,,Average,Default Cost Category,CSM - 8 mil Polypropylene,TRUE,0,Bostik Inc. ,3376,The Strouse Corporation,TRUE,0,,,5000 Cost of Goods,300000 Sales,13100 Inventory Asset,FALSE
22118,DG20LGHR-W2,DG20LGHR,Length Units,,Operations,Strouse-HQ,,Average,Default Cost Category,"Grey Hook, with adhesive",TRUE,0.436666667,Hook and Loop.com,3772,The Strouse Corporation,TRUE,0.436666667,,,5000 Cost of Goods,300000 Sales,13100 Inventory Asset,FALSE
22119,90445-W27,90445,Length Units,,Operations,Strouse-HQ,,Average,Default Cost Category,"90445 ARcare, 3.2 mil double coated polyester. double 2 mil PET liners",TRUE,4.5499968,"Adhesives Research, Inc.",3301,The Strouse Corporation,TRUE,4.5499968,,,5000 Cost of Goods,300000 Sales,13100 Inventory Asset,FALSE
22124,8A35-112-W9,8A35-112,Length Units,,Operations,Strouse-HQ,,Average,Default Cost Category,"Polycarbonate, velvet textured, 5 mil thick",TRUE,0.222727273,Polymershapes - Jessup,3375,The Strouse Corporation,TRUE,0.222727273,,,5000 Cost of Goods,300000 Sales,13100 Inventory Asset,FALSE
22127,P152-Green-W2,P152-Green,Length Units,,Operations,Strouse-HQ,,Average,Default Cost Category,"P152, GP PVC film tape. Green",TRUE,0.039259259,Berry Global,3254,The Strouse Corporation,TRUE,0.039259259,,,5000 Cost of Goods,300000 Sales,13100 Inventory Asset,FALSE
22129,PSF61150-W60.2,PSF61150,Length Units,,Operations,Strouse-HQ,,Average,Default Cost Category,"Adhesive, Optically Clear Mounting. FaceMount",TRUE,7.232,mybinding.com,3798,The Strouse Corporation,TRUE,7.232,,,5000 Cost of Goods,300000 Sales,13100 Inventory Asset,FALSE
22130,FUB2P14-NZ-W9,FUB2P14-NZ,"Each (Use for Boxes, Bags, Cores, Cases)",3,Operations,Strouse-HQ,,Average,Default Cost Category,"CSM - 2lb. SUP W/Zip Clear/Black 500PCS/33L 
Size: 9""W x 4-3/4""G x 13-1/2""H",TRUE,0,"Nelson Innovations, LLC",3740,The Strouse Corporation,TRUE,0,,,5000 Cost of Goods,300000 Sales,13100 Inventory Asset,FALSE
22133,1522H-W2.99 - CatID-22133,1522H,Length Units,,Operations,Strouse-HQ,,Average,Default Cost Category,"1522H, Tape, 13 mil High adhesion D/C, Yellow Kraft C2S 5.5 mil T 76mm x 100m",TRUE,,"3M Company, Inc. Converter Markets",3141,The Strouse Corporation,TRUE,,,,5000 Cost of Goods,300000 Sales,13100 Inventory Asset,FALSE
22134,S-4582,S-4582,"Each (Use for Boxes, Bags, Cores, Cases)",3,Operations,Strouse-HQ,,Average,Default Cost Category,"CSM - 6 x 4 x 3"" Corrugated Boxes (Uline)",TRUE,,"Nelson Innovations, LLC",3740,The Strouse Corporation,TRUE,,,,5000 Cost of Goods,300000 Sales,13100 Inventory Asset,FALSE
22135,S-12771,S-12771,"Each (Use for Boxes, Bags, Cores, Cases)",3,Operations,Strouse-HQ,,Average,Default Cost Category,CSM - 36 x 20 x 12 Corrugated Garment Boxes (Uline),TRUE,,"Nelson Innovations, LLC",3740,The Strouse Corporation,TRUE,,,,5000 Cost of Goods,300000 Sales,13100 Inventory Asset,FALSE
22136,S-16736,S-16736,"Each (Use for Boxes, Bags, Cores, Cases)",3,Operations,Strouse-HQ,,Average,Default Cost Category,"14 x 11 x 11"" Corrugated Boxes 25/bundle",TRUE,1.41,ULINE,3330,The Strouse Corporation,TRUE,1.41,,,5000 Cost of Goods,300000 Sales,13100 Inventory Asset,FALSE
22137,S-15148,S-15148,"Each (Use for Boxes, Bags, Cores, Cases)",3,Operations,Strouse-HQ,,Average,Default Cost Category,"13 x 10 x 2"" White Tab Locking Literature Mailers 50/bundle",TRUE,1.53,ULINE,3330,The Strouse Corporation,TRUE,1.53,,,5000 Cost of Goods,300000 Sales,13100 Inventory Asset,FALSE
22138,2308-W1.889,2308,Length Units,,Operations,Strouse-HQ,,Average,Default Cost Category,"Masking Tape - Hi temp, Natural (48mm x 55M)",TRUE,0.03765,"3M Company, Inc. Converter Markets",3141,The Strouse Corporation,TRUE,0.03765,,,5000 Cost of Goods,300000 Sales,13100 Inventory Asset,FALSE
22139,BF 18473 8 mil PP-W9.75,BF 18473 8 mil PP,Length Units,,Operations,Strouse-HQ,,Average,Default Cost Category,CSM - 8 mil Polypropylene,TRUE,0,Bostik Inc. ,3376,The Strouse Corporation,TRUE,0,,,5000 Cost of Goods,300000 Sales,13100 Inventory Asset,FALSE
22140,BF 18473 8 mil PP-W9.875,BF 18473 8 mil PP,Length Units,,Operations,Strouse-HQ,,Average,Default Cost Category,CSM - 8 mil Polypropylene,TRUE,0,Bostik Inc. ,3376,The Strouse Corporation,TRUE,0,,,5000 Cost of Goods,300000 Sales,13100 Inventory Asset,FALSE
22143,4298-W1.889,4298,Length Units,,Operations,Strouse-HQ,,Average,Default Cost Category,"Clear general purpose tape 
48mm x 55m",TRUE,0.0235,Tesa Tape,4044,The Strouse Corporation,TRUE,0.0235,,,5000 Cost of Goods,300000 Sales,13100 Inventory Asset,FALSE
22148,2477P-W6.5,2477P,Length Units,,Operations,Strouse-HQ,,Average,Default Cost Category,"2477P, Tape, Double coated silicone/acrylic medical tape",TRUE,1.595362273,"3M Company, Inc. Converter Markets",3141,The Strouse Corporation,TRUE,1.595362273,,,5000 Cost of Goods,300000 Sales,13100 Inventory Asset,FALSE
22149,6D1921056-W56,6D1921056,Length Units,,Operations,Strouse-HQ,,Average,Default Cost Category,CSM - 70# UNBL C1S SCK M-11,TRUE,0,American Biltrite,3238,The Strouse Corporation,TRUE,0,,,5000 Cost of Goods,300000 Sales,13100 Inventory Asset,FALSE
22150,Y534-W50,Y534,Length Units,,Operations,Strouse-HQ,,Average,Default Cost Category,CSM - Autowrap Clear Protective film,TRUE,0,American Biltrite,3238,The Strouse Corporation,TRUE,0,,,5000 Cost of Goods,300000 Sales,13100 Inventory Asset,FALSE
22154,8212-W4,8212,Length Units,,Operations,Strouse-HQ,,Average,Default Cost Category,"8212 OCA, 2 mil Transfer Tape, Double linered laminating adhesive, optically clear",TRUE,0.341883333,"3M Company, Inc. Converter Markets",3141,The Strouse Corporation,TRUE,0.341883333,,,5000 Cost of Goods,300000 Sales,13100 Inventory Asset,FALSE
22155,614URM-W3.5,614URM,Length Units,,Operations,Strouse-HQ,,Average,Default Cost Category,"614REM/614URM , 1.82 mil Clear Polyester Overlaminate Removable Adhesive",TRUE,0.044268,Avery Dennison  (Formerly know as ACPO Ltd.),3300,The Strouse Corporation,TRUE,0.044268,,,5000 Cost of Goods,300000 Sales,13100 Inventory Asset,FALSE
22157,2090-W0.9448,2090,Length Units,,Operations,Strouse-HQ,,Average,Default Cost Category,"Tape, Masking, Blue Painter's Tape ",TRUE,0.015166667,"3M Company, Inc. Converter Markets",3141,The Strouse Corporation,TRUE,0.015166667,,,5000 Cost of Goods,300000 Sales,13100 Inventory Asset,FALSE
22162,7860-W6,7860,Length Units,,Operations,Strouse-HQ,,Average,Default Cost Category,"2 mil, Gloss White, Thermal transfer 
printable label",TRUE,0.267808753,"3M Company, Inc. Converter Markets",3141,The Strouse Corporation,TRUE,0.267808753,,,5000 Cost of Goods,300000 Sales,13100 Inventory Asset,FALSE
22163,Membrane-W4,Membrane,Length Units,,Operations,Strouse-HQ,,Average,Default Cost Category,Auto-Oxidized membrane ,TRUE,0,Google/Fitbit LLC,3749,The Strouse Corporation,TRUE,0,,,5000 Cost of Goods,300000 Sales,13100 Inventory Asset,FALSE
22164,GRMM0001-W4,GRMM0001,Length Units,,Operations,Strouse-HQ,,Average,Default Cost Category,GRMM0001,TRUE,0,Google/Fitbit LLC,3749,The Strouse Corporation,TRUE,0,,,5000 Cost of Goods,300000 Sales,13100 Inventory Asset,FALSE
22165,"VCI Sheeting, 4 mil, Blue-W36","VCI Sheeting, 4 mil, Blue",Length Units,,Operations,Strouse-HQ,,Average,Default Cost Category,"VCI Sheeting, 4 mil, Blue",TRUE,0.5,Edco Supply Corporation ,3800,The Strouse Corporation,TRUE,0.5,,,5000 Cost of Goods,300000 Sales,13100 Inventory Asset,FALSE
22167,FLX001449-W6,FLX001449,Length Units,,Operations,Strouse-HQ,,Average,Default Cost Category,"FLEXmark, MM, 050,silver, V-156 78B, M&O-6 IAW ",TRUE,0.32976,"FLEXcon Company, Inc.",3247,The Strouse Corporation,TRUE,0.32976,,,5000 Cost of Goods,300000 Sales,13100 Inventory Asset,FALSE
22168,Y534-W60,Y534,Length Units,,Operations,Strouse-HQ,,Average,Default Cost Category,CSM - Autowrap Clear Protective film,TRUE,,American Biltrite,3238,The Strouse Corporation,TRUE,,,,5000 Cost of Goods,300000 Sales,13100 Inventory Asset,FALSE
22169,HB44T,HB44T,"Each (Use for Boxes, Bags, Cores, Cases)",3,Operations,Strouse-HQ,,Average,Default Cost Category,NelDerm pouch label ,TRUE,,Strategic Factory ,3797,The Strouse Corporation,TRUE,,,,5000 Cost of Goods,300000 Sales,13100 Inventory Asset,FALSE
22170,HB46T,HB46T,"Each (Use for Boxes, Bags, Cores, Cases)",3,Operations,Strouse-HQ,,Average,Default Cost Category,NelDerm pouch label ,TRUE,,Strategic Factory ,3797,The Strouse Corporation,TRUE,,,,5000 Cost of Goods,300000 Sales,13100 Inventory Asset,FALSE
22171,A25-90-68-W6,A25-90-68,Length Units,,Operations,Strouse-HQ,,Average,Default Cost Category,CSM- Foil Laminate Tape ,TRUE,0,Morphix Technologies,3619,The Strouse Corporation,TRUE,0,,,5000 Cost of Goods,300000 Sales,13100 Inventory Asset,FALSE
22172,4790-92-09020-04-P-W54,4790-92-09020-04-P,Length Units,,Operations,Strouse-HQ,,Average,Default Cost Category,"Poron, 20 Mil, Extra Soft Slow Rebound Supported, Black",TRUE,7.3,Merryweather Foam,3320,The Strouse Corporation,TRUE,7.3,,,5000 Cost of Goods,300000 Sales,13100 Inventory Asset,FALSE
22174,8979-W1.89 - CatID-22174,8979,Length Units,,Operations,Strouse-HQ,,Average,Default Cost Category,"Duct Tape, Slate Blue (48mm x 54.8M) ",TRUE,0.122116201,"3M Company, Inc. Converter Markets",3141,The Strouse Corporation,TRUE,0.122116201,,,5000 Cost of Goods,300000 Sales,13100 Inventory Asset,FALSE
22175,4576-W1.968,4576,Length Units,,Operations,Strouse-HQ,,Average,Default Cost Category,PV00 (50mm x 50m),TRUE,0.065609756,Tesa Tape,4044,The Strouse Corporation,TRUE,0.065609756,,,5000 Cost of Goods,300000 Sales,13100 Inventory Asset,FALSE
22176,07140-09005-03-W1.496,07140-09005-03,Length Units,,Operations,Strouse-HQ,,Average,Default Cost Category,"flange masking tape, 38mm x 66 meters; 16/case",TRUE,0.188101852,Tesa Tape,4044,The Strouse Corporation,TRUE,0.188101852,,,5000 Cost of Goods,300000 Sales,13100 Inventory Asset,FALSE
22177,9836-W4,9836,Length Units,,Operations,Strouse-HQ,,Average,Default Cost Category,"9836, Polyurethane tape on poly carrier.",TRUE,0.220877467,"3M Company, Inc. Converter Markets",3141,The Strouse Corporation,TRUE,0.220877467,,,5000 Cost of Goods,300000 Sales,13100 Inventory Asset,FALSE
22178,72436173-C-W4,72436173-C,Length Units,,Operations,Strouse-HQ,,Average,Default Cost Category,"Polyester, 5 Mil, White, Print Treated",TRUE,0.093328571,Polymershapes - Jessup,3375,The Strouse Corporation,TRUE,0.093328571,,,5000 Cost of Goods,300000 Sales,13100 Inventory Asset,FALSE
22179,MOD345796,MOD345796,"Each (Use for Boxes, Bags, Cores, Cases)",3,Operations,Strouse-HQ,,Average,Default Cost Category,"8.5 x 7 4mil, Zip Top Tamper-Evident 1000per case ",TRUE,131.86,Consolidated Plastics ,3801,The Strouse Corporation,TRUE,131.86,,,5000 Cost of Goods,300000 Sales,13100 Inventory Asset,FALSE
22181,N1902S - INS card,N1902S - INS card,"Each (Use for Boxes, Bags, Cores, Cases)",3,Operations,Strouse-HQ,,Average,Default Cost Category,"CSM -  universal  instructions card 200 per pkg. 
",TRUE,0,"Global Safety First, LLC",3603,The Strouse Corporation,TRUE,0,,,5000 Cost of Goods,300000 Sales,13100 Inventory Asset,FALSE
22182,N1902S - INFO card,N1902S - INFO card,"Each (Use for Boxes, Bags, Cores, Cases)",3,Operations,Strouse-HQ,,Average,Default Cost Category,"CSM - small/petite  information card 100 per pkg. 

",TRUE,,"Global Safety First, LLC",3603,The Strouse Corporation,TRUE,,,,5000 Cost of Goods,300000 Sales,13100 Inventory Asset,FALSE
22185,CSM-1772-W7.25,CSM-1772,Length Units,,Operations,Strouse-HQ,,Average,Default Cost Category,"CSM - 1772,Foam tape, 1/16"" T, polyethylene, 83# liner",TRUE,0,3M Medical Solutions Division,3645,The Strouse Corporation,TRUE,0,,,5000 Cost of Goods,300000 Sales,13100 Inventory Asset,FALSE
22186,9948-W8.5 - CatID-22186,9948,Length Units,,Operations,Strouse-HQ,,Average,Default Cost Category,"CSM - 9948,Tape,Clear Non woven, Medical",TRUE,0,3M Medical Solutions Division,3645,The Strouse Corporation,TRUE,0,,,5000 Cost of Goods,300000 Sales,13100 Inventory Asset,FALSE
22192,FRA 343-W2,FRA 343,Length Units,,Operations,Strouse-HQ,,Average,Default Cost Category,"5 mil, S1S, PET liner ",TRUE,0.02976,Fox River Associates,4046,The Strouse Corporation,TRUE,0.02976,,,5000 Cost of Goods,300000 Sales,13100 Inventory Asset,FALSE
22193,8.0 micron PCTE-W1.25 - CatID-22193,8.0 micron PCTE,Length Units,,Operations,Strouse-HQ,,Average,Default Cost Category,"Polycarbonate, track etched, 8.0 micron membrane",TRUE,2.93880295,Sterlitech Corporation ,3782,The Strouse Corporation,TRUE,2.93880295,,,5000 Cost of Goods,300000 Sales,13100 Inventory Asset,FALSE
22195,FRA 343-W60,FRA 343,Length Units,,Operations,Strouse-HQ,,Average,Default Cost Category,"5 mil, S1S, PET liner ",TRUE,,Fox River Associates,4046,The Strouse Corporation,TRUE,,,,5000 Cost of Goods,300000 Sales,13100 Inventory Asset,FALSE
22197,TRPV0031-W31.889,TRPV0031,Length Units,,Operations,Strouse-HQ,,Average,Default Cost Category,CSM - .5mm thick Band PVC,TRUE,,Terumo Medical,3662,The Strouse Corporation,TRUE,,,,5000 Cost of Goods,300000 Sales,13100 Inventory Asset,FALSE
22198,TRPV0034-W33.464,TRPV0034,Length Units,,Operations,Strouse-HQ,,Average,Default Cost Category,CSM -  0.3mm thick Balloon PVC,TRUE,0,Terumo Medical,3662,The Strouse Corporation,TRUE,0,,,5000 Cost of Goods,300000 Sales,13100 Inventory Asset,FALSE
22199,S-4852,S-4852,"Each (Use for Boxes, Bags, Cores, Cases)",3,Operations,Strouse-HQ,,Average,Default Cost Category,CSM - 11 x 11 x 9 box,TRUE,,"Nelson Innovations, LLC",3740,The Strouse Corporation,TRUE,,,,5000 Cost of Goods,300000 Sales,13100 Inventory Asset,FALSE
22207,8010-W48,8010,Length Units,,Operations,Strouse-HQ,,Average,Default Cost Category,"Polycarbonate, 5 mil optically clear, mask one side",TRUE,1.199653179,Polymershapes - Jessup,3375,The Strouse Corporation,TRUE,1.199653179,,,5000 Cost of Goods,300000 Sales,13100 Inventory Asset,FALSE
22210,PM200 White No PS-W0.5,PM200 White No PS,Length Units,,Operations,Strouse-HQ,,Average,Default Cost Category,"PM200 White No PS, 2 mil white PET",TRUE,0.01434,"FLEXcon Company, Inc.",3247,The Strouse Corporation,TRUE,0.01434,,,5000 Cost of Goods,300000 Sales,13100 Inventory Asset,FALSE
22213,2124C-W48,2124C,Length Units,,Operations,Strouse-HQ,,Average,Default Cost Category,1.8mil thick clear film with acrylic adhesive,TRUE,0.351166667,"Pregis PolyMask, Inc.",4045,The Strouse Corporation,TRUE,0.351166667,,,5000 Cost of Goods,300000 Sales,13100 Inventory Asset,FALSE
22221,7053-W54,7053,Length Units,,Operations,Strouse-HQ,,Average,Default Cost Category,CSM - Screen Printable Vinyl Performance Durable Label material.,TRUE,1.676376,"3M Company, Inc. Converter Markets",3141,The Strouse Corporation,TRUE,1.676376,,,5000 Cost of Goods,300000 Sales,13100 Inventory Asset,FALSE
22222,A464-W54,A464,Length Units,,Operations,Strouse-HQ,,Average,Default Cost Category,"CSM - Adhesive transfer tape, 4 mil LSE acrylic with MS76 liner",TRUE,1.679666667,Adhesive Applications,3312,The Strouse Corporation,TRUE,1.679666667,,,5000 Cost of Goods,300000 Sales,13100 Inventory Asset,FALSE
22223,Reagent-W3.5,Reagent,Length Units,,Operations,Strouse-HQ,,Average,Default Cost Category,CSM - Reagent,TRUE,0,DCN,3623,The Strouse Corporation,TRUE,0,,,5000 Cost of Goods,300000 Sales,13100 Inventory Asset,FALSE
22224,966NP-W5.3125,966NP,Length Units,,Operations,Strouse-HQ,,Average,Default Cost Category,"2 mil, 100, 62#DK (unprinted)",TRUE,0.262606667,"3M Company, Inc. Converter Markets",3141,The Strouse Corporation,TRUE,0.262606667,,,5000 Cost of Goods,300000 Sales,13100 Inventory Asset,FALSE
22225,FLX058304-W60,FLX058304,Length Units,,Operations,Strouse-HQ,,Average,Default Cost Category,Dermaflex TT 200 H-566 60 LA PFW,TRUE,5.4576,"FLEXcon Company, Inc.",3247,The Strouse Corporation,TRUE,5.4576,,,5000 Cost of Goods,300000 Sales,13100 Inventory Asset,FALSE
22227,Z242879-1,Z242879-1,"Each (Use for Boxes, Bags, Cores, Cases)",3,Operations,Strouse-HQ,,Average,Default Cost Category,"16 x 12 x 4 Strouse name, logo, and made in the USA  Blue hex 00457C",TRUE,0.903,Packaging Services of Maryland,4040,The Strouse Corporation,TRUE,0.903,,,5000 Cost of Goods,300000 Sales,13100 Inventory Asset,FALSE
22228,Z242881-1,Z242881-1,"Each (Use for Boxes, Bags, Cores, Cases)",3,Operations,Strouse-HQ,,Average,Default Cost Category,"16 x 12 x 6 Strouse name, logo, and made in the USA  Blue hex 00457C",TRUE,0.978,Packaging Services of Maryland,4040,The Strouse Corporation,TRUE,0.978,,,5000 Cost of Goods,300000 Sales,13100 Inventory Asset,FALSE
22229,Z242882-1,Z242882-1,"Each (Use for Boxes, Bags, Cores, Cases)",3,Operations,Strouse-HQ,,Average,Default Cost Category,"16 x 12 x 8 Strouse name, logo, and made in the USA   Blue hex 00457C",TRUE,,Packaging Services of Maryland,4040,The Strouse Corporation,TRUE,,,,5000 Cost of Goods,300000 Sales,13100 Inventory Asset,FALSE
22230,S-13478,S-13478,"Each (Use for Boxes, Bags, Cores, Cases)",3,Operations,Strouse-HQ,,Average,Default Cost Category,CSM - 7 x 10 4mil resealable BG 500/CT,TRUE,,"Global Safety First, LLC",3603,The Strouse Corporation,TRUE,,,,5000 Cost of Goods,300000 Sales,13100 Inventory Asset,FALSE
22232,62856-W48.81,62856,Length Units,,Operations,Strouse-HQ,,Average,Default Cost Category,"Foam, Double sided PE Foam tape, 1.2 mm",TRUE,6.45367378,Tesa Tape,4044,The Strouse Corporation,TRUE,6.45367378,,,5000 Cost of Goods,300000 Sales,13100 Inventory Asset,FALSE
22233,401M-W2 - CatID-22233,401M,Length Units,,Operations,Strouse-HQ,,Average,Default Cost Category,"Double Coated Paper Tape 401M, Natural",TRUE,,"3M Company, Inc. Converter Markets",3141,The Strouse Corporation,TRUE,,,,5000 Cost of Goods,300000 Sales,13100 Inventory Asset,FALSE
22234,25.S1448.D890.N95-W58,25.S1448.D890.N95,Length Units,,Operations,Strouse-HQ,,Average,Default Cost Category,25 gsm nonwoven filter media ,TRUE,0.389208544,NPS Corporation ,3803,The Strouse Corporation,TRUE,0.389208544,,,5000 Cost of Goods,300000 Sales,13100 Inventory Asset,FALSE
22238,30030-W57,30030,Length Units,,Operations,Strouse-HQ,,Average,Default Cost Category,PBN ll Spunbond ,TRUE,0.044533333,"CEREX Advanced Fabrics, Inc.",3612,The Strouse Corporation,TRUE,0.044533333,,,5000 Cost of Goods,300000 Sales,13100 Inventory Asset,FALSE
22239,35-W0.75 - CatID-22239,35,Length Units,,Operations,Strouse-HQ,,Average,Default Cost Category,Orange Vinyl Color Coding Electrical Tape,TRUE,0.078916667,"3M Company, Inc. Converter Markets",3141,The Strouse Corporation,TRUE,0.078916667,,,5000 Cost of Goods,300000 Sales,13100 Inventory Asset,FALSE
22242,SJ3572-W2,SJ3572,Length Units,,Operations,Strouse-HQ,,Average,Default Cost Category,"Hook Fastener , Black,",TRUE,1.394988667,"3M Company, Inc. Converter Markets",3141,The Strouse Corporation,TRUE,1.394988667,,,5000 Cost of Goods,300000 Sales,13100 Inventory Asset,FALSE
22243,SJ3571-W2,SJ3571,Length Units,,Operations,Strouse-HQ,,Average,Default Cost Category,"Loop Fastener , Black,",TRUE,1.394988667,"3M Company, Inc. Converter Markets",3141,The Strouse Corporation,TRUE,1.394988667,,,5000 Cost of Goods,300000 Sales,13100 Inventory Asset,FALSE
22244,IB8161-78-W60,IB8161-78,Length Units,,Operations,Strouse-HQ,,Average,Default Cost Category,"8161 Adhesive, double sided, .5 mil PET, 78# SCK",TRUE,3.2508,MacTac,3255,The Strouse Corporation,TRUE,3.2508,,,5000 Cost of Goods,300000 Sales,13100 Inventory Asset,FALSE
22245,231-W57 - CatID-22245,231,Length Units,,Operations,Strouse-HQ,,Average,Default Cost Category,"Masking Tape  Tan,, 7.6 mil, ",TRUE,3.046389444,"3M Company, Inc. Converter Markets",3141,The Strouse Corporation,TRUE,3.046389444,,,5000 Cost of Goods,300000 Sales,13100 Inventory Asset,FALSE
22246,35Wpvc-W3.75,35Wpvc,Length Units,,Operations,Strouse-HQ,,Average,Default Cost Category,White UPVC ,TRUE,0.015712036,The Strouse Corporation,3138,The Strouse Corporation,TRUE,0.015712036,,,5000 Cost of Goods,300000 Sales,13100 Inventory Asset,FALSE
22247,FT1804-W9.75,FT1804,Length Units,,Operations,Strouse-HQ,,Average,Default Cost Category,"FT1804, Double Coated 2 mil rubber, 1/8” white PE foam, 76# liner",TRUE,0.52944,Coating & Converting Technologies,4042,The Strouse Corporation,TRUE,0.52944,,,5000 Cost of Goods,300000 Sales,13100 Inventory Asset,FALSE
22248,54 lb. Uncoated-W10.66,54 lb. Uncoated,Length Units,,Operations,Strouse-HQ,,Average,Default Cost Category,3.2 mil 54 lb. Uncoated Liner,TRUE,0.0294216,"Channeled Resources, Inc. (GMC Coatings)",3277,The Strouse Corporation,TRUE,0.0294216,,,5000 Cost of Goods,300000 Sales,13100 Inventory Asset,FALSE
22251,N1902L - INFO card,N1902L - INFO card,"Each (Use for Boxes, Bags, Cores, Cases)",3,Operations,Strouse-HQ,,Average,Default Cost Category,CSM - large  information card 100 per pkg.,TRUE,,"Global Safety First, LLC",3603,The Strouse Corporation,TRUE,,,,5000 Cost of Goods,300000 Sales,13100 Inventory Asset,FALSE
22252,APR 1510-W54,APR 1510,Length Units,,Operations,Strouse-HQ,,Average,Default Cost Category,"Adhesive, removable, APR1510",TRUE,1.80712963,Adhesive Applications,3312,The Strouse Corporation,TRUE,1.80712963,,,5000 Cost of Goods,300000 Sales,13100 Inventory Asset,FALSE
22254,4492B-W4.5,4492B,Length Units,,Operations,Strouse-HQ,,Average,Default Cost Category,"1/32"", D/C Black PE, 430",TRUE,0.588103519,"3M Company, Inc. Converter Markets",3141,The Strouse Corporation,TRUE,0.588103519,,,5000 Cost of Goods,300000 Sales,13100 Inventory Asset,FALSE
22260,Z239845,Z239845,"Each (Use for Boxes, Bags, Cores, Cases)",3,Operations,Strouse-HQ,,Average,Default Cost Category,26 x 26 x 3 Bottom,TRUE,,Packaging Services of Maryland,4040,The Strouse Corporation,TRUE,,,,5000 Cost of Goods,300000 Sales,13100 Inventory Asset,FALSE
22261,Z239846,Z239846,"Each (Use for Boxes, Bags, Cores, Cases)",3,Operations,Strouse-HQ,,Average,Default Cost Category,26 x 26 x 3 Top,TRUE,,Packaging Services of Maryland,4040,The Strouse Corporation,TRUE,,,,5000 Cost of Goods,300000 Sales,13100 Inventory Asset,FALSE
22262,4919F-W6.25,4919F,Length Units,,Operations,Strouse-HQ,,Average,Default Cost Category,"4919F, Closed-cell Acrylic Foam Tape, 25 mil, Double coated, Pressure Sensitive",TRUE,4.792394444,"3M Company, Inc. Converter Markets",3141,The Strouse Corporation,TRUE,4.792394444,,,5000 Cost of Goods,300000 Sales,13100 Inventory Asset,FALSE
22273,21942-DEV-W56,21942-DEV,Length Units,,Operations,Strouse-HQ,,Average,Default Cost Category,CSM - PET-PSA 306,TRUE,0,Funai Lexington Technology Corporation,3642,The Strouse Corporation,TRUE,0,,,5000 Cost of Goods,300000 Sales,13100 Inventory Asset,FALSE
22274,R10DC06100-W6,R10DC06100,Length Units,,Operations,Strouse-HQ,,Average,Default Cost Category,".010""Clear, General Purpose Dura-Lar PET Polyester",TRUE,0.28656,Grafix Plastics,3340,The Strouse Corporation,TRUE,0.28656,,,5000 Cost of Goods,300000 Sales,13100 Inventory Asset,FALSE
22276,8411-W16,8411,Length Units,,Operations,Strouse-HQ,,Average,Default Cost Category,"1.5 mil, Transparent Polyester, Acrylic Adhesive",TRUE,1.187927778,"3M Company, Inc. Converter Markets",3141,The Strouse Corporation,TRUE,1.187927778,,,5000 Cost of Goods,300000 Sales,13100 Inventory Asset,FALSE
22277,4997-W9.5,4997,Length Units,,Operations,Strouse-HQ,,Average,Default Cost Category,"4997, 4 mil Liner, 70# BK, C1S",TRUE,0.3825,"3M Company, Inc. Converter Markets",3141,The Strouse Corporation,TRUE,0.3825,,,5000 Cost of Goods,300000 Sales,13100 Inventory Asset,FALSE
22278,9449S-W9,9449S,Length Units,,Operations,Strouse-HQ,,Average,Default Cost Category,"9449S, 4 mil, 1000 Adhesive, single liner",TRUE,0.865976528,"3M Company, Inc. Converter Markets",3141,The Strouse Corporation,TRUE,0.865976528,,,5000 Cost of Goods,300000 Sales,13100 Inventory Asset,FALSE
22281,9472LE-W4,9472LE,Length Units,,Operations,Strouse-HQ,,Average,Default Cost Category,"5 mil, 300LSE, 58# PCK",TRUE,0.319136667,"3M Company, Inc. Converter Markets",3141,The Strouse Corporation,TRUE,0.319136667,,,5000 Cost of Goods,300000 Sales,13100 Inventory Asset,FALSE
22284,8411-W2,8411,Length Units,,Operations,Strouse-HQ,,Average,Default Cost Category,"1.5 mil, Transparent Polyester, Acrylic Adhesive",TRUE,0.136027778,"3M Company, Inc. Converter Markets",3141,The Strouse Corporation,TRUE,0.136027778,,,5000 Cost of Goods,300000 Sales,13100 Inventory Asset,FALSE
22289,231-W57 - CatID-22289,231,Length Units,,Operations,Strouse-HQ,,Average,Default Cost Category,"Masking Tape  Tan,, 7.6 mil, Plastic core",TRUE,3.351005,"3M Company, Inc. Converter Markets",3141,The Strouse Corporation,TRUE,3.351005,,,5000 Cost of Goods,300000 Sales,13100 Inventory Asset,FALSE
22292,12000-W7.7,12000,Length Units,,Operations,Strouse-HQ,,Average,Default Cost Category,"4 layer lamination , Ultrasonic  Bonding""",TRUE,0.170015718,"Beckmann Converting, Inc.",3657,The Strouse Corporation,TRUE,0.170015718,,,5000 Cost of Goods,300000 Sales,13100 Inventory Asset,FALSE
22293,Kapton-W2,Kapton,Length Units,,Operations,Strouse-HQ,,Average,Default Cost Category,CSM - Kapton 200HN/UCT,TRUE,0,3M Electronics Materials Solutions Division,3739,The Strouse Corporation,TRUE,0,,,5000 Cost of Goods,300000 Sales,13100 Inventory Asset,FALSE
22294,Reels,Reels,"Each (Use for Boxes, Bags, Cores, Cases)",3,Operations,Strouse-HQ,,Average,Default Cost Category,CSM - Reels /  Kapton 200HN/UCT,TRUE,,3M Electronics Materials Solutions Division,3739,The Strouse Corporation,TRUE,,,,5000 Cost of Goods,300000 Sales,13100 Inventory Asset,FALSE
22296,54 lb. Uncoated-W3.25,54 lb. Uncoated,Length Units,,Operations,Strouse-HQ,,Average,Default Cost Category,3.2 mil 54 lb. Uncoated Liner,TRUE,0.00897,"Channeled Resources, Inc. (GMC Coatings)",3277,The Strouse Corporation,TRUE,0.00897,,,5000 Cost of Goods,300000 Sales,13100 Inventory Asset,FALSE
22297,9874-W19.5,9874,Length Units,,Operations,Strouse-HQ,,Average,Default Cost Category,"Tape, D/C Transparent Polyethylene film, 60# hypoallergenic acrylate PSA",TRUE,1.410644432,3M Medical Specialities,4181,The Strouse Corporation,TRUE,1.410644432,,,5000 Cost of Goods,300000 Sales,13100 Inventory Asset,FALSE
22298,4951-W1,4951,Length Units,,Operations,Strouse-HQ,,Average,Default Cost Category,"45 mil, VHB, White",TRUE,1.422646296,"3M Company, Inc. Converter Markets",3141,The Strouse Corporation,TRUE,1.422646296,,,5000 Cost of Goods,300000 Sales,13100 Inventory Asset,FALSE
22299,1587-W5.25,1587,Length Units,,Operations,Strouse-HQ,,Average,Default Cost Category,"Medical Tape 1587, Double Sided Differential Adhesive Polyester, 60# Liner",TRUE,0.270423619,"3M Company, Inc. Converter Markets",3141,The Strouse Corporation,TRUE,0.270423619,,,5000 Cost of Goods,300000 Sales,13100 Inventory Asset,FALSE
22301,1587-W0.75,1587,Length Units,,Operations,Strouse-HQ,,Average,Default Cost Category,"Medical Tape 1587, Double Sided Differential Adhesive Polyester, 60# Liner",TRUE,0.03861,"3M Company, Inc. Converter Markets",3141,The Strouse Corporation,TRUE,0.03861,,,5000 Cost of Goods,300000 Sales,13100 Inventory Asset,FALSE
22303,APR 1510-W4.9,APR 1510,Length Units,,Operations,Strouse-HQ,,Average,Default Cost Category,"Adhesive, removable, APR1510",TRUE,0.163980281,Adhesive Applications,3312,The Strouse Corporation,TRUE,0.163980281,,,5000 Cost of Goods,300000 Sales,13100 Inventory Asset,FALSE
22311,966NP-W2,966NP,Length Units,,Operations,Strouse-HQ,,Average,Default Cost Category,"2 mil, 100, 62#DK (unprinted)",TRUE,0.077111111,"3M Company, Inc. Converter Markets",3141,The Strouse Corporation,TRUE,0.077111111,,,5000 Cost of Goods,300000 Sales,13100 Inventory Asset,FALSE
22312,Nano NP 113-W7,Nano NP 113,Length Units,,Operations,Strouse-HQ,,Average,Default Cost Category,Nano NP 113 - Filter media,TRUE,0,"Global Safety First, LLC",3603,The Strouse Corporation,TRUE,0,,,5000 Cost of Goods,300000 Sales,13100 Inventory Asset,FALSE
22313,Nano-W7,Nano,Length Units,,Operations,Strouse-HQ,,Average,Default Cost Category,Nano  X7 - Filter media,TRUE,0,"Global Safety First, LLC",3603,The Strouse Corporation,TRUE,0,,,5000 Cost of Goods,300000 Sales,13100 Inventory Asset,FALSE
22318,6612 HIPS-W8,6612 HIPS,Length Units,,Operations,Strouse-HQ,,Average,Default Cost Category,"HIPS, .015 White HIPS, Matte/Gloss",TRUE,0.102320988,Polymershapes - Jessup,3375,The Strouse Corporation,TRUE,0.102320988,,,5000 Cost of Goods,300000 Sales,13100 Inventory Asset,FALSE
22319,CSM-Spacer-W12.59,CSM-Spacer,Length Units,,Operations,Strouse-HQ,,Average,Default Cost Category,CSM - Spacer,TRUE,0,Freshpoint Quality Assurance Ltd. d/b/a Evigence Sensors ,3686,The Strouse Corporation,TRUE,0,,,5000 Cost of Goods,300000 Sales,13100 Inventory Asset,FALSE
22321,1522-W4.781,1522,Length Units,,Operations,Strouse-HQ,,Average,Default Cost Category,6.3 mil D/C polyethylene with 80 lb. BK liner,TRUE,0.253109655,"3M Company, Inc. Converter Markets",3141,The Strouse Corporation,TRUE,0.253109655,,,5000 Cost of Goods,300000 Sales,13100 Inventory Asset,FALSE
22322,467MP-W10,467MP,Length Units,,Operations,Strouse-HQ,,Average,Default Cost Category,"2 mil, 200MP, 58# PCK",TRUE,0.608,"3M Company, Inc. Converter Markets",3141,The Strouse Corporation,TRUE,0.608,,,5000 Cost of Goods,300000 Sales,13100 Inventory Asset,FALSE
22323,2364-W2.834,2364,Length Units,,Operations,Strouse-HQ,,Average,Default Cost Category,"6.5 mil, Crepe Masking, Nat. Syn. Rubber Blend",TRUE,0.027833333,"3M Company, Inc. Converter Markets",3141,The Strouse Corporation,TRUE,0.027833333,,,5000 Cost of Goods,300000 Sales,13100 Inventory Asset,FALSE
22326,FRA 310-W60,FRA 310,Length Units,,Operations,Strouse-HQ,,Average,Default Cost Category,"Liner, 2 mil PET clear, FRA 310, Fluorosilicone, Easy Release",TRUE,2.04575,Fox River Associates,4046,The Strouse Corporation,TRUE,2.04575,,,5000 Cost of Goods,300000 Sales,13100 Inventory Asset,FALSE
22327,E4640-W28,E4640,Length Units,,Operations,Strouse-HQ,,Average,Default Cost Category,Maxima seam tape sea green,TRUE,0,Burlington Fabrics,3805,The Strouse Corporation,TRUE,0,,,5000 Cost of Goods,300000 Sales,13100 Inventory Asset,FALSE
22328,03C98-W28,03C98,Length Units,,Operations,Strouse-HQ,,Average,Default Cost Category,Xalt seam tape sea green,TRUE,0,Burlington Fabrics,3805,The Strouse Corporation,TRUE,0,,,5000 Cost of Goods,300000 Sales,13100 Inventory Asset,FALSE
22331,1043-W12,1043,Length Units,,Operations,Strouse-HQ,,Average,Default Cost Category,"Polyester, 1 mil DuPont Mylar Grade A",TRUE,0.0337824,"Transcendia (Transilwrap Company, Inc.)",3266,The Strouse Corporation,TRUE,0.0337824,,,5000 Cost of Goods,300000 Sales,13100 Inventory Asset,FALSE
22333,IB5121-72-W54,IB5121-72,Length Units,,Operations,Strouse-HQ,,Average,Default Cost Category,IB5121-72 DC 0.5 Mil PET PERM/REMOVABLE,TRUE,1.15992,MacTac,3255,The Strouse Corporation,TRUE,1.15992,,,5000 Cost of Goods,300000 Sales,13100 Inventory Asset,FALSE
22334,5915P-W9.5,5915P,Length Units,,Operations,Strouse-HQ,,Average,Default Cost Category,"16 mil, Acrylic foam tape, double-coated Black VHB paper liner",TRUE,6.882630093,"3M Company, Inc. Converter Markets",3141,The Strouse Corporation,TRUE,6.882630093,,,5000 Cost of Goods,300000 Sales,13100 Inventory Asset,FALSE
22335,7333-W7 - CatID-22335,7333,Length Units,,Operations,Strouse-HQ,,Average,Default Cost Category,CSM - ABI Protective film,TRUE,0,BGR Inc,3543,The Strouse Corporation,TRUE,0,,,5000 Cost of Goods,300000 Sales,13100 Inventory Asset,FALSE
22336,8992L-W24,8992L,Length Units,,Operations,Strouse-HQ,,Average,Default Cost Category,"8992L, 2 mil green polyester with silicone adhesive. Linered",TRUE,1.482095833,"3M Company, Inc. Converter Markets",3141,The Strouse Corporation,TRUE,1.482095833,,,5000 Cost of Goods,300000 Sales,13100 Inventory Asset,FALSE
22337,Z2011-W31.49,Z2011,Length Units,,Operations,Strouse-HQ,,Average,Default Cost Category,High performance grey double sided acrylic coated foam tape,TRUE,0,Saint-Gobain PPL Corp,3802,The Strouse Corporation,TRUE,0,,,5000 Cost of Goods,300000 Sales,13100 Inventory Asset,FALSE
22338,DM-4305-W4.375,DM-4305,Length Units,,Operations,Strouse-HQ,,Average,Default Cost Category,CSM - 1 mil patterned pu,TRUE,0,Global BioMedical Technologies,3765,The Strouse Corporation,TRUE,0,,,5000 Cost of Goods,300000 Sales,13100 Inventory Asset,FALSE
22339,005-0662-000,005-0662-000,"Each (Use for Boxes, Bags, Cores, Cases)",3,Operations,Strouse-HQ,,Average,Default Cost Category,CSM - Machined Mandrel Rev A,TRUE,,JEM Engineering,3746,The Strouse Corporation,TRUE,,,,5000 Cost of Goods,300000 Sales,13100 Inventory Asset,FALSE
22342,EL-92734-W13,EL-92734,Length Units,,Operations,Strouse-HQ,,Average,Default Cost Category,CSM - ARCare 92734,TRUE,0,Freshpoint Quality Assurance Ltd. d/b/a Evigence Sensors ,3686,The Strouse Corporation,TRUE,0,,,5000 Cost of Goods,300000 Sales,13100 Inventory Asset,FALSE
22344,444-W24,444,Length Units,,Operations,Strouse-HQ,,Average,Default Cost Category,"3.8 mil, 300, 55# DK",TRUE,3.433148148,"3M Company, Inc. Converter Markets",3141,The Strouse Corporation,TRUE,3.433148148,,,5000 Cost of Goods,300000 Sales,13100 Inventory Asset,FALSE
22350,S5005 DC-W4.25,S5005 DC,Length Units,,Operations,Strouse-HQ,,Average,Default Cost Category,".5 mil pet,C2S, with 2.25 mil silicone, double linered with 2 mil FS coated PET",TRUE,1.912611111,Adhesive Applications,3312,The Strouse Corporation,TRUE,1.912611111,,,5000 Cost of Goods,300000 Sales,13100 Inventory Asset,FALSE
22354,0524-W50,0524,Length Units,,Operations,Strouse-HQ,,Average,Default Cost Category,CSM - Auto wrap clear protective film,TRUE,0,American Biltrite,3238,The Strouse Corporation,TRUE,0,,,5000 Cost of Goods,300000 Sales,13100 Inventory Asset,FALSE
22355,1522-W3,1522,Length Units,,Operations,Strouse-HQ,,Average,Default Cost Category,6.3 mil D/C polyethylene with 80 lb. BK liner,TRUE,0.225659444,"3M Company, Inc. Converter Markets",3141,The Strouse Corporation,TRUE,0.225659444,,,5000 Cost of Goods,300000 Sales,13100 Inventory Asset,FALSE
22363,8993LC-W12,8993LC,Length Units,,Operations,Strouse-HQ,,Average,Default Cost Category,"Low tack Polyester Tape 8993LC, Clear",TRUE,0.711875,"3M Company, Inc. Converter Markets",3141,The Strouse Corporation,TRUE,0.711875,,,5000 Cost of Goods,300000 Sales,13100 Inventory Asset,FALSE
22365,205561-W11.34,205561,Length Units,,Operations,Strouse-HQ,,Average,Default Cost Category,"HP 460, Clear 288MM x 914M",TRUE,0.038525684,"Shurtape Technologies, LLC",3259,The Strouse Corporation,TRUE,0.038525684,,,5000 Cost of Goods,300000 Sales,13100 Inventory Asset,FALSE
22366,218 Green-W4,218 Green,Length Units,,Operations,Strouse-HQ,,Average,Default Cost Category,Green Fine Line Masking,TRUE,0,"3M Company, Inc. Converter Markets",3141,The Strouse Corporation,TRUE,0,,,5000 Cost of Goods,300000 Sales,13100 Inventory Asset,FALSE
22367,HDPE liner 1.5 easy release-W30,HDPE liner 1.5 easy release,Length Units,,Operations,Strouse-HQ,,Average,Default Cost Category,HDPE liner 1.5 easy release,TRUE,0.425,The Griff Network,3251,The Strouse Corporation,TRUE,0.425,,,5000 Cost of Goods,300000 Sales,13100 Inventory Asset,FALSE
22368,FRA 312 (Q200)-W5.5,FRA 312 (Q200),Length Units,,Operations,Strouse-HQ,,Average,Default Cost Category,"Liner, 2 mil Q200, polyester clear, S1S Easy - Medium",TRUE,0.028116,Fox River Associates,4046,The Strouse Corporation,TRUE,0.028116,,,5000 Cost of Goods,300000 Sales,13100 Inventory Asset,FALSE
22369,FRA 312 (Q200)-W5.25,FRA 312 (Q200),Length Units,,Operations,Strouse-HQ,,Average,Default Cost Category,2 mil Clear Polyester S1S Easy - Medium Release Liner,TRUE,0.034776,Fox River Associates,4046,The Strouse Corporation,TRUE,0.034776,,,5000 Cost of Goods,300000 Sales,13100 Inventory Asset,FALSE
22370,DM-2270-W8.75,DM-2270,Length Units,,Operations,Strouse-HQ,,Average,Default Cost Category,CSM - White PU NW,TRUE,0,Global BioMedical Technologies,3765,The Strouse Corporation,TRUE,0,,,5000 Cost of Goods,300000 Sales,13100 Inventory Asset,FALSE
22374,27-W0.75,27,Length Units,,Operations,Strouse-HQ,,Average,Default Cost Category,Glass Cloth Electrical Tape,TRUE,0.154862121,"3M Company, Inc. Converter Markets",3141,The Strouse Corporation,TRUE,0.154862121,,,5000 Cost of Goods,300000 Sales,13100 Inventory Asset,FALSE
22375,54lb C2S SL1/SL4 Liner-W6.25,54lb C2S SL1/SL4 Liner,Length Units,,Operations,Strouse-HQ,,Average,Default Cost Category,"3.2 mil 54 lb, C2S SL1/SL4 Easy/Medium Release Liner",TRUE,0.036525,"Channeled Resources, Inc. (GMC Coatings)",3277,The Strouse Corporation,TRUE,0.036525,,,5000 Cost of Goods,300000 Sales,13100 Inventory Asset,FALSE
22376,401M-W2 - CatID-22376,401M,Length Units,,Operations,Strouse-HQ,,Average,Default Cost Category,"Double Coated Paper Tape 401M, Natural",TRUE,0.371467593,"3M Company, Inc. Converter Markets",3141,The Strouse Corporation,TRUE,0.371467593,,,5000 Cost of Goods,300000 Sales,13100 Inventory Asset,FALSE
22378,1524-W18,1524,Length Units,,Operations,Strouse-HQ,,Average,Default Cost Category,"1524, polyester fiber filled transfer adhesive, 2.5 mils, 54# liner",TRUE,1.573474963,"3M Company, Inc. Converter Markets",3141,The Strouse Corporation,TRUE,1.573474963,,,5000 Cost of Goods,300000 Sales,13100 Inventory Asset,FALSE
22380,54 lb. C1S S0-W2.2,54 lb. C1S S0,Length Units,,Operations,Strouse-HQ,,Average,Default Cost Category,3.2 mil 54 lb. Easy Release C1S Liner,TRUE,0.00767976,"Channeled Resources, Inc. (GMC Coatings)",3277,The Strouse Corporation,TRUE,0.00767976,,,5000 Cost of Goods,300000 Sales,13100 Inventory Asset,FALSE
22381,X149051.4.75-W3,X149051.4.75,Length Units,,Operations,Strouse-HQ,,Average,Default Cost Category,"110 Annealed Copper, 0.0014"" Thick",TRUE,0.700675676,"ALL-FOILS, Inc.",3365,The Strouse Corporation,TRUE,0.700675676,,,5000 Cost of Goods,300000 Sales,13100 Inventory Asset,FALSE
22383,Pro cling CV800-W9,Pro cling CV800,Length Units,,Operations,Strouse-HQ,,Average,Default Cost Category,"Vinyl, cling w/ 60# Gloss liner",TRUE,0.145044,PRO Tapes & Specialties ,3654,The Strouse Corporation,TRUE,0.145044,,,5000 Cost of Goods,300000 Sales,13100 Inventory Asset,FALSE
22385,32040-W24.625,32040,Length Units,,Operations,Strouse-HQ,,Average,Default Cost Category,"AR coated 0.005"" think PET",TRUE,0,Dontech. Inc.,3622,The Strouse Corporation,TRUE,0,,,5000 Cost of Goods,300000 Sales,13100 Inventory Asset,FALSE
22386,"204-2HD6 Virgin PTFE film, 1 mil thick-W25","204-2HD6 Virgin PTFE film, 1 mil thick",Length Units,,Operations,Strouse-HQ,,Average,Default Cost Category,"CSM - 204-2HD6 Virgin PTFE film, 1 mil thick",TRUE,0,Acton Technologies,3719,The Strouse Corporation,TRUE,0,,,5000 Cost of Goods,300000 Sales,13100 Inventory Asset,FALSE
22387,T9EXPPS080R400M-W4,T9EXPPS080R400M,Length Units,,Operations,Strouse-HQ,,Average,Default Cost Category,Asymmetric Polysulfone membrane - UNCOATED,TRUE,0,Google/Fitbit LLC,3749,The Strouse Corporation,TRUE,0,,,5000 Cost of Goods,300000 Sales,13100 Inventory Asset,FALSE
22388,7516-060000-W60,7516-060000,Length Units,,Operations,Strouse-HQ,,Average,Default Cost Category,"3.032"" ID, 0.375"" REX Tape, Brown / Brown",TRUE,,"Yazoo Mills, Inc.",3272,The Strouse Corporation,TRUE,,,,5000 Cost of Goods,300000 Sales,13100 Inventory Asset,FALSE
22389,1509-W4,1509,Length Units,,Operations,Strouse-HQ,,Average,Default Cost Category,"1509, double coated medical grade tape, 4.9 mil, 80# liner",TRUE,0.330005556,"3M Company, Inc. Converter Markets",3141,The Strouse Corporation,TRUE,0.330005556,,,5000 Cost of Goods,300000 Sales,13100 Inventory Asset,FALSE
22390,3426A-W3,3426A,Length Units,,Operations,Strouse-HQ,,Average,Default Cost Category,"3426A, Polyken 3426A Medical Acrylic Transfer Tape",TRUE,0.093056376,Berry Global,3254,The Strouse Corporation,TRUE,0.093056376,,,5000 Cost of Goods,300000 Sales,13100 Inventory Asset,FALSE
22391,447DL-W18,447DL,Length Units,,Operations,Strouse-HQ,,Average,Default Cost Category,Flexomount™ Plate Mounting Tape,TRUE,4.038055556,"3M Company, Inc. Converter Markets",3141,The Strouse Corporation,TRUE,4.038055556,,,5000 Cost of Goods,300000 Sales,13100 Inventory Asset,FALSE
22396,2380-W1.25,2380,Length Units,,Operations,Strouse-HQ,,Average,Default Cost Category,"7.5 mil, Crepe Masking, Nat. Syn. Rubber Blend",TRUE,0.040328889,"3M Company, Inc. Converter Markets",3141,The Strouse Corporation,TRUE,0.040328889,,,5000 Cost of Goods,300000 Sales,13100 Inventory Asset,FALSE
22401,614URM-W8.25,614URM,Length Units,,Operations,Strouse-HQ,,Average,Default Cost Category,"614REM/614URM , 1.82 mil Clear Polyester Overlaminate Removable Adhesive",TRUE,0.087704,Avery Dennison  (Formerly know as ACPO Ltd.),3300,The Strouse Corporation,TRUE,0.087704,,,5000 Cost of Goods,300000 Sales,13100 Inventory Asset,FALSE
22402,21-1148G-W9.875,21-1148G,Length Units,,Operations,Strouse-HQ,,Average,Default Cost Category,"48 gauge, PET/2 mil Allegro T2",TRUE,0.46,Paxxus,3796,The Strouse Corporation,TRUE,0.46,,,5000 Cost of Goods,300000 Sales,13100 Inventory Asset,FALSE
22403,10-0013-W9.875,10-0013,Length Units,,Operations,Strouse-HQ,,Average,Default Cost Category,1059B Tyvek - Printed,TRUE,0.414414324,Paxxus,3796,The Strouse Corporation,TRUE,0.414414324,,,5000 Cost of Goods,300000 Sales,13100 Inventory Asset,FALSE
22405,4936-W0.75,4936,Length Units,,Operations,Strouse-HQ,,Average,Default Cost Category,"25 mil, VHB, double coated grey",TRUE,0,"3M Company, Inc. Converter Markets",3141,The Strouse Corporation,TRUE,0,,,5000 Cost of Goods,300000 Sales,13100 Inventory Asset,FALSE
22406,456-W6,456,Length Units,,Operations,Strouse-HQ,,Average,Default Cost Category,"PET, Melinex 456, .002"" thick optically clear.",TRUE,0.21,Polymershapes - Jessup,3375,The Strouse Corporation,TRUE,0.21,,,5000 Cost of Goods,300000 Sales,13100 Inventory Asset,FALSE
22407,8146-1-W6,8146-1,Length Units,,Operations,Strouse-HQ,,Average,Default Cost Category,1mil Optically Clear Adhesive,TRUE,0.511430286,"3M Company, Inc. Converter Markets",3141,The Strouse Corporation,TRUE,0.511430286,,,5000 Cost of Goods,300000 Sales,13100 Inventory Asset,FALSE
22408,3A07-0064-110-00-W6,3A07-0064-110-00,Length Units,,Operations,Strouse-HQ,,Average,Default Cost Category,CSM FITBIT MESH SEFAR,TRUE,0,Google/Fitbit LLC,3749,The Strouse Corporation,TRUE,0,,,5000 Cost of Goods,300000 Sales,13100 Inventory Asset,FALSE
22409,RE-5-W8.25,RE-5,Length Units,,Operations,Strouse-HQ,,Average,Default Cost Category,2 mil clear TC PET/RE-5(4#) /40# liner,TRUE,0.120384,3 Sigma Corporation,3610,The Strouse Corporation,TRUE,0.120384,,,5000 Cost of Goods,300000 Sales,13100 Inventory Asset,FALSE
22411,40PR-W2,40PR,Length Units,,Operations,Strouse-HQ,,Average,Default Cost Category,Clear Anti-Static Tape,TRUE,0.191435185,"3M Company, Inc. Converter Markets",3141,The Strouse Corporation,TRUE,0.191435185,,,5000 Cost of Goods,300000 Sales,13100 Inventory Asset,FALSE
22423,54# C1S - SL1-W7.5,54# C1S - SL1,Length Units,,Operations,Strouse-HQ,,Average,Default Cost Category,"3.2 mil 54 lb, C1S SL1 Release Liner
(Silicone Wound OUT)",TRUE,0,"Channeled Resources, Inc. (GMC Coatings)",3277,The Strouse Corporation,TRUE,0,,,5000 Cost of Goods,300000 Sales,13100 Inventory Asset,FALSE
22425,Calcium Reagent-W3.5,Calcium Reagent,Length Units,,Operations,Strouse-HQ,,Average,Default Cost Category,CSM - Calcium Reagent,TRUE,0,DCN,3623,The Strouse Corporation,TRUE,0,,,5000 Cost of Goods,300000 Sales,13100 Inventory Asset,FALSE
22426,Magnesium Reagent-W3.5,Magnesium Reagent,Length Units,,Operations,Strouse-HQ,,Average,Default Cost Category,CSM - Magnesium Reagent,TRUE,0,DCN,3623,The Strouse Corporation,TRUE,0,,,5000 Cost of Goods,300000 Sales,13100 Inventory Asset,FALSE
22427,Asorbic Acid Reagent-W3.5,Asorbic Acid Reagent,Length Units,,Operations,Strouse-HQ,,Average,Default Cost Category,CSM - Asorbic Acid Reagent,TRUE,0,DCN,3623,The Strouse Corporation,TRUE,0,,,5000 Cost of Goods,300000 Sales,13100 Inventory Asset,FALSE
22428,DM-2270-W5.25,DM-2270,Length Units,,Operations,Strouse-HQ,,Average,Default Cost Category,CSM - White PU NW,TRUE,0,Global BioMedical Technologies,3765,The Strouse Corporation,TRUE,0,,,5000 Cost of Goods,300000 Sales,13100 Inventory Asset,FALSE
22429,1774T-W2.4,1774T,Length Units,,Operations,Strouse-HQ,,Average,Default Cost Category,"Tape, Foam, Tan, 22.5 mil, polyethylene",TRUE,0.198984722,"3M Company, Inc. Converter Markets",3141,The Strouse Corporation,TRUE,0.198984722,,,5000 Cost of Goods,300000 Sales,13100 Inventory Asset,FALSE
22432,444-W1,444,Length Units,,Operations,Strouse-HQ,,Average,Default Cost Category,CSM - Tape DBL Coated white,TRUE,0,"Measurement Specialties,  a TE Connectivity Company",3568,The Strouse Corporation,TRUE,0,,,5000 Cost of Goods,300000 Sales,13100 Inventory Asset,FALSE
22439,TGRMM0001-W0.75,TGRMM0001,Length Units,,Operations,Strouse-HQ,,Average,Default Cost Category,Trigliceride  membrane,TRUE,0,Google/Fitbit LLC,3749,The Strouse Corporation,TRUE,0,,,5000 Cost of Goods,300000 Sales,13100 Inventory Asset,FALSE
22440,TCRMM0001-W0.75,TCRMM0001,Length Units,,Operations,Strouse-HQ,,Average,Default Cost Category,Cholesterol  membrane,TRUE,0,Google/Fitbit LLC,3749,The Strouse Corporation,TRUE,0,,,5000 Cost of Goods,300000 Sales,13100 Inventory Asset,FALSE
22441,GRMM0001-W0.75,GRMM0001,Length Units,,Operations,Strouse-HQ,,Average,Default Cost Category,GRMM0001,TRUE,0,Google/Fitbit LLC,3749,The Strouse Corporation,TRUE,0,,,5000 Cost of Goods,300000 Sales,13100 Inventory Asset,FALSE
22443,9776-W2,9776,Length Units,,Operations,Strouse-HQ,,Average,Default Cost Category,"9776, Tan Polyethylene Foam Tape 1/32"", 72# Liner",TRUE,0.427738889,"3M Company, Inc. Converter Markets",3141,The Strouse Corporation,TRUE,0.427738889,,,5000 Cost of Goods,300000 Sales,13100 Inventory Asset,FALSE
22444,4317-000625-W0.625,4317-000625,"Each (Use for Boxes, Bags, Cores, Cases)",3,Operations,Strouse-HQ,,Average,Default Cost Category,"3.020"" ID, 0.125"" REX Tape, Strouse liner, Parch cover.",TRUE,0,"Yazoo Mills, Inc.",3272,The Strouse Corporation,TRUE,0,,,5000 Cost of Goods,300000 Sales,13100 Inventory Asset,FALSE
22445,2500-W2.5,2500,"Each (Use for Boxes, Bags, Cores, Cases)",3,Operations,Strouse-HQ,,Average,Default Cost Category,"Plastic cores, HDPE, 3.038 I.D. 0.10"" wall",TRUE,,NorthCore Industries,3284,The Strouse Corporation,TRUE,,,,5000 Cost of Goods,300000 Sales,13100 Inventory Asset,FALSE
22446,1521-W3.375,1521,Length Units,,Operations,Strouse-HQ,,Average,Default Cost Category,"1521, Polyethelene tape, 6.4 mil. 83#liner, 6"" ID core.",TRUE,0.146885333,"3M Company, Inc. Converter Markets",3141,The Strouse Corporation,TRUE,0.146885333,,,5000 Cost of Goods,300000 Sales,13100 Inventory Asset,FALSE
22447,5500-63-W5.5,5500-63,"Each (Use for Boxes, Bags, Cores, Cases)",3,Operations,Strouse-HQ,,Average,Default Cost Category,"Plastic cores, HDPE, 3.038 I.D. 0.10"" wall",TRUE,0,NorthCore Industries,3284,The Strouse Corporation,TRUE,0,,,5000 Cost of Goods,300000 Sales,13100 Inventory Asset,FALSE
22451,1509-W6.25,1509,Length Units,,Operations,Strouse-HQ,,Average,Default Cost Category,"1509, double coated medical grade tape, 4.9 mil, 80# liner",TRUE,0.377144907,"3M Company, Inc. Converter Markets",3141,The Strouse Corporation,TRUE,0.377144907,,,5000 Cost of Goods,300000 Sales,13100 Inventory Asset,FALSE
22452,2 White EVA-W6.5,2 White EVA,Length Units,,Operations,Strouse-HQ,,Average,Default Cost Category,"Foam, 0.5"" Thick, 2 White EVA",TRUE,0.7101,Rubberlite,3303,The Strouse Corporation,TRUE,0.7101,,,5000 Cost of Goods,300000 Sales,13100 Inventory Asset,FALSE
22454,RE-5-W5.25,RE-5,Length Units,,Operations,Strouse-HQ,,Average,Default Cost Category,2 mil clear TC PET/RE-5(4#) /40# liner,TRUE,0.076608,3 Sigma Corporation,3610,The Strouse Corporation,TRUE,0.076608,,,5000 Cost of Goods,300000 Sales,13100 Inventory Asset,FALSE
22455,RE-5-W5.75,RE-5,Length Units,,Operations,Strouse-HQ,,Average,Default Cost Category,2 mil clear TC PET/RE-5(4#) /40# liner,TRUE,0.083904,3 Sigma Corporation,3610,The Strouse Corporation,TRUE,0.083904,,,5000 Cost of Goods,300000 Sales,13100 Inventory Asset,FALSE
22456,RE-5-W1.25,RE-5,Length Units,,Operations,Strouse-HQ,,Average,Default Cost Category,2 mil clear TC PET/RE-5(4#) /40# liner,TRUE,0.01824,3 Sigma Corporation,3610,The Strouse Corporation,TRUE,0.01824,,,5000 Cost of Goods,300000 Sales,13100 Inventory Asset,FALSE
22458,8992L-W50.4,8992L,Length Units,,Operations,Strouse-HQ,,Average,Default Cost Category,"8992L, 2 mil green polyester with silicone adhesive. Linered",TRUE,3.119398148,"3M Company, Inc. Converter Markets",3141,The Strouse Corporation,TRUE,3.119398148,,,5000 Cost of Goods,300000 Sales,13100 Inventory Asset,FALSE
22459,9472LE-W2,9472LE,Length Units,,Operations,Strouse-HQ,,Average,Default Cost Category,"5 mil, 300LSE, 58# PCK",TRUE,0.159555556,"3M Company, Inc. Converter Markets",3141,The Strouse Corporation,TRUE,0.159555556,,,5000 Cost of Goods,300000 Sales,13100 Inventory Asset,FALSE
22461,42 lb. C1S S0-W1.61,42 lb. C1S S0,Length Units,,Operations,Strouse-HQ,,Average,Default Cost Category,2.5 mil 42# Easy Release Liner,TRUE,0.00552552,"Channeled Resources, Inc. (GMC Coatings)",3277,The Strouse Corporation,TRUE,0.00552552,,,5000 Cost of Goods,300000 Sales,13100 Inventory Asset,FALSE
22462,54 lb. C1S S0(BG0)-W4.92,54 lb. C1S S0(BG0),Length Units,,Operations,Strouse-HQ,,Average,Default Cost Category,3.2 mil 54 lb. Easy Release C1S Liner,TRUE,0.017174736,"Channeled Resources, Inc. (GMC Coatings)",3277,The Strouse Corporation,TRUE,0.017174736,,,5000 Cost of Goods,300000 Sales,13100 Inventory Asset,FALSE
22463,54 lb. C1S S0(BG0)-W2.6,54 lb. C1S S0(BG0),Length Units,,Operations,Strouse-HQ,,Average,Default Cost Category,3.2 mil 54 lb. Easy Release C1S Liner,TRUE,0.00907608,"Channeled Resources, Inc. (GMC Coatings)",3277,The Strouse Corporation,TRUE,0.00907608,,,5000 Cost of Goods,300000 Sales,13100 Inventory Asset,FALSE
22464,69-W48,69,Length Units,,Operations,Strouse-HQ,,Average,Default Cost Category,"Electrical Glass Cloth Tape, 7 mil White with Silicone Adhesive (Linerless), untrimmed.",TRUE,5.835462963,"3M Company, Inc. Converter Markets",3141,The Strouse Corporation,TRUE,5.835462963,,,5000 Cost of Goods,300000 Sales,13100 Inventory Asset,FALSE
22465,S-2630-W16,S-2630,"Each (Use for Boxes, Bags, Cores, Cases)",3,Operations,Strouse-HQ,,Average,Default Cost Category,"16 x 16"" 200 lb Corrugated Pads 50/bundle",TRUE,,ULINE,3330,The Strouse Corporation,TRUE,,,,5000 Cost of Goods,300000 Sales,13100 Inventory Asset,FALSE
22466,"CSM - .002"" Polyester-W16","CSM - .002"" Polyester",Length Units,,Operations,Strouse-HQ,,Average,Default Cost Category,"CSM - .002"" Polyester",TRUE,0,BGR Inc,3543,The Strouse Corporation,TRUE,0,,,5000 Cost of Goods,300000 Sales,13100 Inventory Asset,FALSE
22467,600REM-W9 - CatID-22467,600REM,Length Units,,Operations,Strouse-HQ,,Average,Default Cost Category,1.0 Mil PET remove,TRUE,0,BGR Inc,3543,The Strouse Corporation,TRUE,0,,,5000 Cost of Goods,300000 Sales,13100 Inventory Asset,FALSE
22468,838-W48,838,Length Units,,Operations,Strouse-HQ,,Average,Default Cost Category,"838, Tape, 3.4 mil, Tedlar, White, Weather Resistant, Acrylic Adehsive",TRUE,12.65212963,"3M Company, Inc. Converter Markets",3141,The Strouse Corporation,TRUE,12.65212963,,,5000 Cost of Goods,300000 Sales,13100 Inventory Asset,FALSE
22469,468MP-W3.44,468MP,Length Units,,Operations,Strouse-HQ,,Average,Default Cost Category,"5 mil, 200MP, 58#PCK",TRUE,0.226374119,"3M Company, Inc. Converter Markets",3141,The Strouse Corporation,TRUE,0.226374119,,,5000 Cost of Goods,300000 Sales,13100 Inventory Asset,FALSE
22471,3960 - WH-W1.89,3960 - WH,Length Units,,Operations,Strouse-HQ,,Average,Default Cost Category,"White Duct Tape 3960-WH 1.88 in x 60 yd (48 mm x 54,8 m)",TRUE,0.033111111,"3M Company, Inc. Converter Markets",3141,The Strouse Corporation,TRUE,0.033111111,,,5000 Cost of Goods,300000 Sales,13100 Inventory Asset,FALSE
22472,60152,60152,"Each (Use for Boxes, Bags, Cores, Cases)",3,Operations,Strouse-HQ,,Average,Default Cost Category,Adhesion Promoter PU / HPVC,TRUE,,Tesa Tape,4044,The Strouse Corporation,TRUE,,,,5000 Cost of Goods,300000 Sales,13100 Inventory Asset,FALSE
22474,F9465PC-W24,F9465PC,Length Units,,Operations,Strouse-HQ,,Average,Default Cost Category,Adhesive Transfer Tape,TRUE,4.232592222,"3M Company, Inc. Converter Markets",3141,The Strouse Corporation,TRUE,4.232592222,,,5000 Cost of Goods,300000 Sales,13100 Inventory Asset,FALSE
22475,21-1148G-W7,21-1148G,Length Units,,Operations,Strouse-HQ,,Average,Default Cost Category,"48 gauge, PET/2 mil Allegro T2",TRUE,0.16,Paxxus,3796,The Strouse Corporation,TRUE,0.16,,,5000 Cost of Goods,300000 Sales,13100 Inventory Asset,FALSE
22476,10-0013-W7,10-0013,Length Units,,Operations,Strouse-HQ,,Average,Default Cost Category,1059B Tyvek 6.5mil,TRUE,0.16,Paxxus,3796,The Strouse Corporation,TRUE,0.16,,,5000 Cost of Goods,300000 Sales,13100 Inventory Asset,FALSE
22478,Z243820-1,Z243820-1,"Each (Use for Boxes, Bags, Cores, Cases)",3,Operations,Strouse-HQ,,Average,Default Cost Category,24 x 20 x 12 200C,TRUE,,Packaging Services of Maryland,4040,The Strouse Corporation,TRUE,,,,5000 Cost of Goods,300000 Sales,13100 Inventory Asset,FALSE
22479,Z-243799-1,Z-243799-1,"Each (Use for Boxes, Bags, Cores, Cases)",3,Operations,Strouse-HQ,,Average,Default Cost Category,11 1/2 x 7 1/2 x 5  (White),TRUE,,Packaging Services of Maryland,4040,The Strouse Corporation,TRUE,,,,5000 Cost of Goods,300000 Sales,13100 Inventory Asset,FALSE
22480,HP260 - Tan-W5.67,HP260 - Tan,Length Units,,Operations,Strouse-HQ,,Average,Default Cost Category,"1.9 mil TAN polypropylene tape, printable (144mm x 914M) #132370",TRUE,0.012901935,"Shurtape Technologies, LLC",3259,The Strouse Corporation,TRUE,0.012901935,,,5000 Cost of Goods,300000 Sales,13100 Inventory Asset,FALSE
22484,78 lb. C1S BG40-W2.3,78 lb. C1S BG40,Length Units,,Operations,Strouse-HQ,,Average,Default Cost Category,4.4 mil 78 lb. Medium Release C1S Liner - LOG,TRUE,0.0098532,"Channeled Resources, Inc. (GMC Coatings)",3277,The Strouse Corporation,TRUE,0.0098532,,,5000 Cost of Goods,300000 Sales,13100 Inventory Asset,FALSE
22485,78 lb. C1S BG40-W1.72,78 lb. C1S BG40,Length Units,,Operations,Strouse-HQ,,Average,Default Cost Category,4.4 mil 78 lb. Medium Release C1S Liner ,TRUE,0.00736848,"Channeled Resources, Inc. (GMC Coatings)",3277,The Strouse Corporation,TRUE,0.00736848,,,5000 Cost of Goods,300000 Sales,13100 Inventory Asset,FALSE
22486,468MP-W2.92,468MP,Length Units,,Operations,Strouse-HQ,,Average,Default Cost Category,"5 mil, 200MP, 58#PCK",TRUE,0.192154776,"3M Company, Inc. Converter Markets",3141,The Strouse Corporation,TRUE,0.192154776,,,5000 Cost of Goods,300000 Sales,13100 Inventory Asset,FALSE
22491,RE-18-W3.5,RE-18,Length Units,,Operations,Strouse-HQ,,Average,Default Cost Category,3 mil clear PET/RE-18/40# liner,TRUE,0.061404,3 Sigma Corporation,3610,The Strouse Corporation,TRUE,0.061404,,,5000 Cost of Goods,300000 Sales,13100 Inventory Asset,FALSE
22495,53874-W4.5,53874,Length Units,,Operations,Strouse-HQ,,Average,Default Cost Category,"Label Stock, #53874, Fasson® Trans-Therm® 2C/S2550/40#CK",TRUE,0.018766,Fasson / Avery Dennison Label & Packaging Materials     (acct. 5387),3246,The Strouse Corporation,TRUE,0.018766,,,5000 Cost of Goods,300000 Sales,13100 Inventory Asset,FALSE
22496,Release Paper-W19.685,Release Paper,Length Units,,Operations,Strouse-HQ,,Average,Default Cost Category,Release Paper for testing with Adhesives,TRUE,0,Johnson Medtech,3658,The Strouse Corporation,TRUE,0,,,5000 Cost of Goods,300000 Sales,13100 Inventory Asset,FALSE
22498,9082-W21,9082,Length Units,,Operations,Strouse-HQ,,Average,Default Cost Category,"9082, Ultra high temperature transfer tape 2 mil",TRUE,2.962642222,"3M Company, Inc. Converter Markets",3141,The Strouse Corporation,TRUE,2.962642222,,,5000 Cost of Goods,300000 Sales,13100 Inventory Asset,FALSE
22499,9082-W27,9082,Length Units,,Operations,Strouse-HQ,,Average,Default Cost Category,"9082, Ultra high temperature transfer tape 2 mil",TRUE,3.809110556,"3M Company, Inc. Converter Markets",3141,The Strouse Corporation,TRUE,3.809110556,,,5000 Cost of Goods,300000 Sales,13100 Inventory Asset,FALSE
22500,33+-W0.75,33+,Length Units,,Operations,Strouse-HQ,,Average,Default Cost Category,Scotch® Super 33+ Vinyl Electrical black,TRUE,0.0635,"3M Company, Inc. Converter Markets",3141,The Strouse Corporation,TRUE,0.0635,,,5000 Cost of Goods,300000 Sales,13100 Inventory Asset,FALSE
22505,RE-18-W5.5,RE-18,Length Units,,Operations,Strouse-HQ,,Average,Default Cost Category,3 mil clear PET/RE-18/40# liner,TRUE,0.096492,3 Sigma Corporation,3610,The Strouse Corporation,TRUE,0.096492,,,5000 Cost of Goods,300000 Sales,13100 Inventory Asset,FALSE
22506,54 Lb. C2S BG0/BG0-W40,54 Lb. C2S BG0/BG0,Length Units,,Operations,Strouse-HQ,,Average,Default Cost Category,3.2 mil 54 lb. Easy Release Liner C2S BG0/BG0(Easy/Easy),TRUE,0.16632,"Channeled Resources, Inc. (GMC Coatings)",3277,The Strouse Corporation,TRUE,0.16632,,,5000 Cost of Goods,300000 Sales,13100 Inventory Asset,FALSE
22509,8805-W2,8805,Length Units,,Operations,Strouse-HQ,,Average,Default Cost Category,"8805, 5 mil Thermally conductive adhesive, PET liner",TRUE,1.485514815,"3M Company, Inc. Converter Markets",3141,The Strouse Corporation,TRUE,1.485514815,,,5000 Cost of Goods,300000 Sales,13100 Inventory Asset,FALSE
22511,RE-18-W3.75,RE-18,Length Units,,Operations,Strouse-HQ,,Average,Default Cost Category,3 mil clear PET/RE-18/40# liner,TRUE,0.07434,3 Sigma Corporation,3610,The Strouse Corporation,TRUE,0.07434,,,5000 Cost of Goods,300000 Sales,13100 Inventory Asset,FALSE
22514,Z243800-1,Z243800-1,"Each (Use for Boxes, Bags, Cores, Cases)",3,Operations,Strouse-HQ,,Average,Default Cost Category,12 x 12 x 6   RSC Jnt/L/W 200C,TRUE,,Packaging Services of Maryland,4040,The Strouse Corporation,TRUE,,,,5000 Cost of Goods,300000 Sales,13100 Inventory Asset,FALSE
22515,Z243801-1,Z243801-1,"Each (Use for Boxes, Bags, Cores, Cases)",3,Operations,Strouse-HQ,,Average,Default Cost Category,24 x 24 x 8   RSC Jnt/L/W 200C,TRUE,,Packaging Services of Maryland,4040,The Strouse Corporation,TRUE,,,,5000 Cost of Goods,300000 Sales,13100 Inventory Asset,FALSE
22518,4941-W1.375,4941,Length Units,,Operations,Strouse-HQ,,Average,Default Cost Category,"45 mil, VHB,double coated grey",TRUE,1.131164815,"3M Company, Inc. Converter Markets",3141,The Strouse Corporation,TRUE,1.131164815,,,5000 Cost of Goods,300000 Sales,13100 Inventory Asset,FALSE
22520,FT 445-W6,FT 445,Length Units,,Operations,Strouse-HQ,,Average,Default Cost Category,"577115554S   5.6 mil Double Coated Tape

",TRUE,0.25353,Avery Dennison-Specialty Tape Division,3239,The Strouse Corporation,TRUE,0.25353,,,5000 Cost of Goods,300000 Sales,13100 Inventory Asset,FALSE
22521,8850-W36,8850,Length Units,,Operations,Strouse-HQ,,Average,Default Cost Category,"8850, Silver, Retroreflective",TRUE,11.52014634,"3M Company, Inc. Converter Markets",3141,The Strouse Corporation,TRUE,11.52014634,,,5000 Cost of Goods,300000 Sales,13100 Inventory Asset,FALSE
22528,3426A-74PC-W18,3426A-74PC,Length Units,,Operations,Strouse-HQ,,Average,Default Cost Category,Polyken 3426A Medical Acrylic Transfer Tape on PC liner,TRUE,0,Berry Global,3254,The Strouse Corporation,TRUE,0,,,5000 Cost of Goods,300000 Sales,13100 Inventory Asset,FALSE
22530,78 lb. C1S BG0-W10.5,78 lb. C1S BG0,Length Units,,Operations,Strouse-HQ,,Average,Default Cost Category,4.4 mil 78 lb. Easy Release C1S Liner,TRUE,0.068166,"Channeled Resources, Inc. (GMC Coatings)",3277,The Strouse Corporation,TRUE,0.068166,,,5000 Cost of Goods,300000 Sales,13100 Inventory Asset,FALSE
22533,3302-W60,3302,Length Units,,Operations,Strouse-HQ,,Average,Default Cost Category,"3302, Conductive Aluminum Foil Tape",TRUE,14.34643056,"3M Company, Inc. Converter Markets",3141,The Strouse Corporation,TRUE,14.34643056,,,5000 Cost of Goods,300000 Sales,13100 Inventory Asset,FALSE
22534,9495B-W3.5,9495B,Length Units,,Operations,Strouse-HQ,,Average,Default Cost Category,"5.7 mil, 200MP, 58# PCK - BLACK",TRUE,0.339572809,"3M Company, Inc. Converter Markets",3141,The Strouse Corporation,TRUE,0.339572809,,,5000 Cost of Goods,300000 Sales,13100 Inventory Asset,FALSE
22535,9495B-W3,9495B,Length Units,,Operations,Strouse-HQ,,Average,Default Cost Category,"5.7 mil, 200MP, 58# PCK - BLACK",TRUE,0.291062407,"3M Company, Inc. Converter Markets",3141,The Strouse Corporation,TRUE,0.291062407,,,5000 Cost of Goods,300000 Sales,13100 Inventory Asset,FALSE
22536,467MP-W3.875,467MP,Length Units,,Operations,Strouse-HQ,,Average,Default Cost Category,"2 mil, 200MP, 58# PCK",TRUE,0.224325589,"3M Company, Inc. Converter Markets",3141,The Strouse Corporation,TRUE,0.224325589,,,5000 Cost of Goods,300000 Sales,13100 Inventory Asset,FALSE
22537,899437,899437,"Each (Use for Boxes, Bags, Cores, Cases)",3,Operations,Strouse-HQ,,Average,Default Cost Category,12 2-1/2 .022 chipboard sheet,TRUE,,Packaging Services of Maryland,4040,The Strouse Corporation,TRUE,,,,5000 Cost of Goods,300000 Sales,13100 Inventory Asset,FALSE
22539,Z245052-1,Z245052-1,"Each (Use for Boxes, Bags, Cores, Cases)",3,Operations,Strouse-HQ,,Average,Default Cost Category,23 7/8 x 23 7/8 pad,TRUE,,Packaging Services of Maryland,4040,The Strouse Corporation,TRUE,,,,5000 Cost of Goods,300000 Sales,13100 Inventory Asset,FALSE
22540,M6600000TSC-W9,M6600000TSC,Length Units,,Operations,Strouse-HQ,,Average,Default Cost Category,78# Liner,TRUE,0.077867857,3 Sigma Corporation,3610,The Strouse Corporation,TRUE,0.077867857,,,5000 Cost of Goods,300000 Sales,13100 Inventory Asset,FALSE
22541,303-0023-000-W0.6692,303-0023-000,Length Units,,Operations,Strouse-HQ,,Average,Default Cost Category,CSM - Metalized Film  (SF69600800-1150),TRUE,,JEM Engineering,3746,The Strouse Corporation,TRUE,,,,5000 Cost of Goods,300000 Sales,13100 Inventory Asset,FALSE
22545,RE-18-W2,RE-18,Length Units,,Operations,Strouse-HQ,,Average,Default Cost Category,3 mil clear PET/RE-18/40# liner,TRUE,0.1875,3 Sigma Corporation,3610,The Strouse Corporation,TRUE,0.1875,,,5000 Cost of Goods,300000 Sales,13100 Inventory Asset,FALSE
22547,35Tpvc-W3.5,35Tpvc,Length Units,,Operations,Strouse-HQ,,Average,Default Cost Category,"Tan UPVC, 3 mil",TRUE,0.014664567,The Strouse Corporation,3138,The Strouse Corporation,TRUE,0.014664567,,,5000 Cost of Goods,300000 Sales,13100 Inventory Asset,FALSE
22549,1510-W48 - CatID-22549,1510,Length Units,,Operations,Strouse-HQ,,Average,Default Cost Category,CSM - W573-0085-122,TRUE,0,American Biltrite,3238,The Strouse Corporation,TRUE,0,,,5000 Cost of Goods,300000 Sales,13100 Inventory Asset,FALSE
22552,78 lb. C1S BG0-W4.75,78 lb. C1S BG0,Length Units,,Operations,Strouse-HQ,,Average,Default Cost Category,4.4 mil 78 lb. Easy Release C1S Liner - LOG,TRUE,0.020349,"Channeled Resources, Inc. (GMC Coatings)",3277,The Strouse Corporation,TRUE,0.020349,,,5000 Cost of Goods,300000 Sales,13100 Inventory Asset,FALSE
22553,78 lb. C1S BG0-W4.84,78 lb. C1S BG0,Length Units,,Operations,Strouse-HQ,,Average,Default Cost Category,4.4 mil 78 lb. Easy Release C1S Liner - LOG,TRUE,0.02073456,"Channeled Resources, Inc. (GMC Coatings)",3277,The Strouse Corporation,TRUE,0.02073456,,,5000 Cost of Goods,300000 Sales,13100 Inventory Asset,FALSE
22554,78 lb. C1S BG0-W5.25,78 lb. C1S BG0,Length Units,,Operations,Strouse-HQ,,Average,Default Cost Category,4.4 mil 78 lb. Easy Release C1S Liner - LOG,TRUE,0.022491,"Channeled Resources, Inc. (GMC Coatings)",3277,The Strouse Corporation,TRUE,0.022491,,,5000 Cost of Goods,300000 Sales,13100 Inventory Asset,FALSE
22555,T9EXPPA200R600R-W6,T9EXPPA200R600R,Length Units,,Operations,Strouse-HQ,,Average,Default Cost Category,CSM - Vivid Plasma SEP-GR,TRUE,0,Pall Corporation (Life Sciences),3313,The Strouse Corporation,TRUE,0,,,5000 Cost of Goods,300000 Sales,13100 Inventory Asset,FALSE
22556,3M8850R1-W1,3M8850R1,Length Units,,Operations,Strouse-HQ,,Average,Default Cost Category,"8850, Silver, Retroreflective",TRUE,0.5,Identi - Tape Inc.,3823,The Strouse Corporation,TRUE,0.5,,,5000 Cost of Goods,300000 Sales,13100 Inventory Asset,FALSE
22557,9969-W12,9969,Length Units,,Operations,Strouse-HQ,,Average,Default Cost Category,Microfluidic Diagnostic  Adhesive Transfer Tape,TRUE,0.956666667,"3M Company, Inc. Converter Markets",3141,The Strouse Corporation,TRUE,0.956666667,,,5000 Cost of Goods,300000 Sales,13100 Inventory Asset,FALSE
22559,42 lb. C1S S0-W13.5,42 lb. C1S S0,Length Units,,Operations,Strouse-HQ,,Average,Default Cost Category,2.5 mil 42# Easy Release Liner,TRUE,0.070146,"Channeled Resources, Inc. (GMC Coatings)",3277,The Strouse Corporation,TRUE,0.070146,,,5000 Cost of Goods,300000 Sales,13100 Inventory Asset,FALSE
22561,SP-2022-000-39-W3 - CatID-22561,SP-2022-000-39,Length Units,,Operations,Strouse-HQ,,Average,Default Cost Category,"CSM - Copper/ Aluminum metalized 2 mil PET, deep dyed Red",TRUE,0,DyneTec (A Dontech Company),3820,The Strouse Corporation,TRUE,0,,,5000 Cost of Goods,300000 Sales,13100 Inventory Asset,FALSE
22562,SP-2022-000-39-W6 - CatID-22562,SP-2022-000-39,Length Units,,Operations,Strouse-HQ,,Average,Default Cost Category,"CSM - Copper/ Aluminum metalized 2 mil PET, deep dyed Red",TRUE,0,DyneTec (A Dontech Company),3820,The Strouse Corporation,TRUE,0,,,5000 Cost of Goods,300000 Sales,13100 Inventory Asset,FALSE
22564,SP-2068-000-39-W3 - CatID-22564,SP-2068-000-39,Length Units,,Operations,Strouse-HQ,,Average,Default Cost Category,"CSM - Copper/Tin metalized 2 mil PET, deep dyed Red",TRUE,0,DyneTec (A Dontech Company),3820,The Strouse Corporation,TRUE,0,,,5000 Cost of Goods,300000 Sales,13100 Inventory Asset,FALSE
22565,FR700-701-W3.5,FR700-701,Length Units,,Operations,Strouse-HQ,,Average,Default Cost Category,10 mil Black Lexan,TRUE,0.205714286,Polymershapes - Jessup,3375,The Strouse Corporation,TRUE,0.205714286,,,5000 Cost of Goods,300000 Sales,13100 Inventory Asset,FALSE
22569,54 Lb. C2S BG0/BG0-W5.25,54 Lb. C2S BG0/BG0,Length Units,,Operations,Strouse-HQ,,Average,Default Cost Category,3.2 mil 54 lb. Easy Release Liner C2S BG0/BG0(Easy/Easy),TRUE,0.0218295,"Channeled Resources, Inc. (GMC Coatings)",3277,The Strouse Corporation,TRUE,0.0218295,,,5000 Cost of Goods,300000 Sales,13100 Inventory Asset,FALSE
22570,54 Lb. C2S BG0/BG0-W5.625,54 Lb. C2S BG0/BG0,Length Units,,Operations,Strouse-HQ,,Average,Default Cost Category,3.2 mil 54 lb. Easy Release Liner C2S BG0/BG0(Easy/Easy),TRUE,0.02338875,"Channeled Resources, Inc. (GMC Coatings)",3277,The Strouse Corporation,TRUE,0.02338875,,,5000 Cost of Goods,300000 Sales,13100 Inventory Asset,FALSE
22571,CatID-22571-W4,,Length Units,,Operations,Strouse-HQ,,Average,Default Cost Category,Coated Ahlstrom,TRUE,0,DCN,3623,The Strouse Corporation,TRUE,0,,,5000 Cost of Goods,300000 Sales,13100 Inventory Asset,FALSE
22572,9874-W20,9874,Length Units,,Operations,Strouse-HQ,,Average,Default Cost Category,"Tape, D/C Transparent Polyethylene film, 60# hypoallergenic acrylate PSA",TRUE,1.446814802,3M Medical Specialities,4181,The Strouse Corporation,TRUE,1.446814802,,,5000 Cost of Goods,300000 Sales,13100 Inventory Asset,FALSE
22573,9874-W23.875,9874,Length Units,,Operations,Strouse-HQ,,Average,Default Cost Category,"Tape, D/C Transparent Polyethylene film, 60# hypoallergenic acrylate PSA",TRUE,1.727135169,3M Medical Specialities,4181,The Strouse Corporation,TRUE,1.727135169,,,5000 Cost of Goods,300000 Sales,13100 Inventory Asset,FALSE
22576,468MP-W2.55,468MP,Length Units,,Operations,Strouse-HQ,,Average,Default Cost Category,"5 mil, 200MP, 58#PCK",TRUE,0.167807333,"3M Company, Inc. Converter Markets",3141,The Strouse Corporation,TRUE,0.167807333,,,5000 Cost of Goods,300000 Sales,13100 Inventory Asset,FALSE
22578,C315135-W0.315,C315135,"Each (Use for Boxes, Bags, Cores, Cases)",3,Operations,Strouse-HQ,,Average,Default Cost Category,"Plastic Cores, ABS, 6.04"" ID x 0.135"" Wall
6.04 +/- .015”  ID    .135 +/- .015” Wall
.315 +/- .015” Length  / (8 mm)",TRUE,,NorthCore Industries,3284,The Strouse Corporation,TRUE,,,,5000 Cost of Goods,300000 Sales,13100 Inventory Asset,FALSE
22579,A-454 150 Poly H9 Silicone Side Up-W2,A-454 150 Poly H9 Silicone Side Up,Length Units,,Operations,Strouse-HQ,,Average,Default Cost Category,A-454 150 Poly H9 Silicone Side Up,TRUE,0.02616,"FLEXcon Company, Inc.",3247,The Strouse Corporation,TRUE,0.02616,,,5000 Cost of Goods,300000 Sales,13100 Inventory Asset,FALSE
22580,7331 / 7860-W6,7331 / 7860,Length Units,,Operations,Strouse-HQ,,Average,Default Cost Category,"2 mil,Thermal Transfer Polyester Label Material",TRUE,0.267808753,"3M Company, Inc. Converter Markets",3141,The Strouse Corporation,TRUE,0.267808753,,,5000 Cost of Goods,300000 Sales,13100 Inventory Asset,FALSE
22582,9495LE-W18,9495LE,Length Units,,Operations,Strouse-HQ,,Average,Default Cost Category,"6.7 mil, D/C PET, 300LSE, 58#PCK - LOG",TRUE,2.299342222,"3M Company, Inc. Converter Markets",3141,The Strouse Corporation,TRUE,2.299342222,,,5000 Cost of Goods,300000 Sales,13100 Inventory Asset,FALSE
22583,67-40-0750-T418-W7.5,67-40-0750-T418,Length Units,,Operations,Strouse-HQ,,Average,Default Cost Category,"Tape, T418, thermally conductive tape",TRUE,12.319025,Parker Hannifin Corp - Chomerics Division ,3824,The Strouse Corporation,TRUE,12.319025,,,5000 Cost of Goods,300000 Sales,13100 Inventory Asset,FALSE
22585,4317-000591-W0.591,4317-000591,"Each (Use for Boxes, Bags, Cores, Cases)",3,Operations,Strouse-HQ,,Average,Default Cost Category,"3.020"" ID, 0.125"" REX Tape, Strouse liner, Parch cover.",TRUE,,"Yazoo Mills, Inc.",3272,The Strouse Corporation,TRUE,,,,5000 Cost of Goods,300000 Sales,13100 Inventory Asset,FALSE
22588,500-W52.36,500,Length Units,,Operations,Strouse-HQ,,Average,Default Cost Category,"Tape, Kraft #500, red",TRUE,0.512195122,Sekisui Products LLC,3825,The Strouse Corporation,TRUE,0.512195122,,,5000 Cost of Goods,300000 Sales,13100 Inventory Asset,FALSE
22589,X20055-W4,X20055,Length Units,,Operations,Strouse-HQ,,Average,Default Cost Category,X20055,TRUE,0,Adhesive Applications,3312,The Strouse Corporation,TRUE,0,,,5000 Cost of Goods,300000 Sales,13100 Inventory Asset,FALSE
22590,3001-022-CL-W26.5,3001-022-CL,Length Units,,Operations,Strouse-HQ,,Average,Default Cost Category,"Film, Polyolefin, 3 mil",TRUE,0.08466,"Novacel, Inc",3389,The Strouse Corporation,TRUE,0.08466,,,5000 Cost of Goods,300000 Sales,13100 Inventory Asset,FALSE
22591,FRA-617-W27,FRA-617,Length Units,,Operations,Strouse-HQ,,Average,Default Cost Category,"Liner, 88# Bleached polycoated kraft PE/2 S1S",TRUE,0.185003979,Fox River Associates,4046,The Strouse Corporation,TRUE,0.185003979,,,5000 Cost of Goods,300000 Sales,13100 Inventory Asset,FALSE
22604,IB1190XTP2-W6,IB1190XTP2,Length Units,,Operations,Strouse-HQ,,Average,Default Cost Category,macbond rubber DC PET with 2mil PET liner,TRUE,0,MacTac,3255,The Strouse Corporation,TRUE,0,,,5000 Cost of Goods,300000 Sales,13100 Inventory Asset,FALSE
22606,281-W1,281,Length Units,,Operations,Strouse-HQ,,Average,Default Cost Category,Black Polycoated Tape,TRUE,0.0205,Elliott Group International,3344,The Strouse Corporation,TRUE,0.0205,,,5000 Cost of Goods,300000 Sales,13100 Inventory Asset,FALSE
22607,"UPF 50 Spandex,blue-W55 - CatID-22607","UPF 50 Spandex,blue",Length Units,,Operations,Strouse-HQ,,Average,Default Cost Category,"CSM - UPF 50 Spandex, Blue",TRUE,0,Sunrise Strips,3677,The Strouse Corporation,TRUE,0,,,5000 Cost of Goods,300000 Sales,13100 Inventory Asset,FALSE
22608,"UPF 50 Spandex,Pink-W55","UPF 50 Spandex,Pink",Length Units,,Operations,Strouse-HQ,,Average,Default Cost Category,"CSM - UPF 50 Spandex, Pink",TRUE,0,Sunrise Strips,3677,The Strouse Corporation,TRUE,0,,,5000 Cost of Goods,300000 Sales,13100 Inventory Asset,FALSE
22609,"UPF 50 Spandex, Turquoise-W55","UPF 50 Spandex, Turquoise",Length Units,,Operations,Strouse-HQ,,Average,Default Cost Category,"CSM - UPF 50 Spandex, Turquoise",TRUE,0,Sunrise Strips,3677,The Strouse Corporation,TRUE,0,,,5000 Cost of Goods,300000 Sales,13100 Inventory Asset,FALSE
22610,5905Wpvc-W5.669,5905Wpvc,Length Units,,Operations,Strouse-HQ,,Average,Default Cost Category,White UPVC,TRUE,,Adhesive Tape Printers LLC,3339,The Strouse Corporation,TRUE,,,,5000 Cost of Goods,300000 Sales,13100 Inventory Asset,FALSE
22611,7070UV-W12,7070UV,Length Units,,Operations,Strouse-HQ,,Average,Default Cost Category,7070UV 8 mil Adhesived-Back Polyurethane Film,TRUE,5.442800926,"3M Company, Inc. Converter Markets",3141,The Strouse Corporation,TRUE,5.442800926,,,5000 Cost of Goods,300000 Sales,13100 Inventory Asset,FALSE
22614,"UPF 50 Spandex,blue-W55 - CatID-22614","UPF 50 Spandex,blue",Length Units,,Operations,Strouse-HQ,,Average,Default Cost Category,"CSM - UPF 50 Spandex, Blue / White pattern",TRUE,0,Sunrise Strips,3677,The Strouse Corporation,TRUE,0,,,5000 Cost of Goods,300000 Sales,13100 Inventory Asset,FALSE
22616,9738-W4.85,9738,Length Units,,Operations,Strouse-HQ,,Average,Default Cost Category,4.3 mil clear double coated tape,TRUE,0.104321016,"3M Company, Inc. Converter Markets",3141,The Strouse Corporation,TRUE,0.104321016,,,5000 Cost of Goods,300000 Sales,13100 Inventory Asset,FALSE
22617,S-16982-W2,S-16982,Length Units,,Operations,Strouse-HQ,,Average,Default Cost Category,"Carton Sealing Tape - 2.6 Mil, 2"" x 110 yds, Clear 36 rolls/case",TRUE,0.013030303,ULINE,3330,The Strouse Corporation,TRUE,0.013030303,,,5000 Cost of Goods,300000 Sales,13100 Inventory Asset,FALSE
22618,9415PC-W48,9415PC,Length Units,,Operations,Strouse-HQ,,Average,Default Cost Category,"2 mil, 400/1000, 78# PCK (differential adh.)",TRUE,5.276906019,"3M Company, Inc. Converter Markets",3141,The Strouse Corporation,TRUE,5.276906019,,,5000 Cost of Goods,300000 Sales,13100 Inventory Asset,FALSE
22619,R-0021-01-001-W24,R-0021-01-001,Length Units,,Operations,Strouse-HQ,,Average,Default Cost Category,CSM- Thermal Film Tan,TRUE,0,"Infrared Tools, LLC ( IR.TOOLS )",3581,The Strouse Corporation,TRUE,0,,,5000 Cost of Goods,300000 Sales,13100 Inventory Asset,FALSE
22620,78 lb. C1S BG0-W6.75,78 lb. C1S BG0,Length Units,,Operations,Strouse-HQ,,Average,Default Cost Category,4.4 mil 78 lb. Easy Release C1S Liner - LOG,TRUE,0.028917,"Channeled Resources, Inc. (GMC Coatings)",3277,The Strouse Corporation,TRUE,0.028917,,,5000 Cost of Goods,300000 Sales,13100 Inventory Asset,FALSE
22621,2-5-8805-W2,2-5-8805,Length Units,,Operations,Strouse-HQ,,Average,Default Cost Category,THERM PAD 4.57MX50.8MM WHT,TRUE,8.334333774,Digi-Key Corporation,3317,The Strouse Corporation,TRUE,8.334333774,,,5000 Cost of Goods,300000 Sales,13100 Inventory Asset,FALSE
22622,1510-W4.25,1510,Length Units,,Operations,Strouse-HQ,,Average,Default Cost Category,Clear Protecrite 4.6 mil Polypropylene with rubber adhesive,TRUE,0.042783333,American Biltrite,3238,The Strouse Corporation,TRUE,0.042783333,,,5000 Cost of Goods,300000 Sales,13100 Inventory Asset,FALSE
22626,9713-W24,9713,Length Units,,Operations,Strouse-HQ,,Average,Default Cost Category,9713 Electrically conductive tape. 3.0 mil w 4.0 mil Liner.,TRUE,17.08033241,"3M Company, Inc. Converter Markets",3141,The Strouse Corporation,TRUE,17.08033241,,,5000 Cost of Goods,300000 Sales,13100 Inventory Asset,FALSE
22627,C0571-W3.5,C0571,Length Units,,Operations,Strouse-HQ,,Average,Default Cost Category,CSM - Magnesium Reagent Membrane,TRUE,0,DCN,3623,The Strouse Corporation,TRUE,0,,,5000 Cost of Goods,300000 Sales,13100 Inventory Asset,FALSE
22628,C0567-W3.5,C0567,Length Units,,Operations,Strouse-HQ,,Average,Default Cost Category,CSM - Ascorbic Acid Reagent Membrane,TRUE,0,DCN,3623,The Strouse Corporation,TRUE,0,,,5000 Cost of Goods,300000 Sales,13100 Inventory Asset,FALSE
22629,C0570-W3.5,C0570,Length Units,,Operations,Strouse-HQ,,Average,Default Cost Category,CSM - Calcium Reagent Membrane,TRUE,0,DCN,3623,The Strouse Corporation,TRUE,0,,,5000 Cost of Goods,300000 Sales,13100 Inventory Asset,FALSE
22630,C0588-W3.5,C0588,Length Units,,Operations,Strouse-HQ,,Average,Default Cost Category,CSM - PH Reagent Membrane,TRUE,0,DCN,3623,The Strouse Corporation,TRUE,0,,,5000 Cost of Goods,300000 Sales,13100 Inventory Asset,FALSE
22631,C0590-W3.5,C0590,Length Units,,Operations,Strouse-HQ,,Average,Default Cost Category,CSM - Specific Gravity Reagent Membrane,TRUE,0,DCN,3623,The Strouse Corporation,TRUE,0,,,5000 Cost of Goods,300000 Sales,13100 Inventory Asset,FALSE
22632,C0569-W3.5,C0569,Length Units,,Operations,Strouse-HQ,,Average,Default Cost Category,CSM - BHB Reagent Membrane,TRUE,0,DCN,3623,The Strouse Corporation,TRUE,0,,,5000 Cost of Goods,300000 Sales,13100 Inventory Asset,FALSE
22634,Printed Metalized-W6.69,Printed Metalized,Length Units,,Operations,Strouse-HQ,,Average,Default Cost Category,CSM - Printed Metalized Film (VVM7),TRUE,0,Freshpoint Quality Assurance Ltd. d/b/a Evigence Sensors ,3686,The Strouse Corporation,TRUE,0,,,5000 Cost of Goods,300000 Sales,13100 Inventory Asset,FALSE
22635,P77-W12.99,P77,Length Units,,Operations,Strouse-HQ,,Average,Default Cost Category,CSM - P77 Laminate adhesive,TRUE,0,Freshpoint Quality Assurance Ltd. d/b/a Evigence Sensors ,3686,The Strouse Corporation,TRUE,0,,,5000 Cost of Goods,300000 Sales,13100 Inventory Asset,FALSE
22636,Active adhesive-W13.11,Active adhesive,Length Units,,Operations,Strouse-HQ,,Average,Default Cost Category,CSM - Active adhesive,TRUE,0,Freshpoint Quality Assurance Ltd. d/b/a Evigence Sensors ,3686,The Strouse Corporation,TRUE,0,,,5000 Cost of Goods,300000 Sales,13100 Inventory Asset,FALSE
22637,Active adhesive-W12.79,Active adhesive,Length Units,,Operations,Strouse-HQ,,Average,Default Cost Category,CSM - Active adhesive,TRUE,0,Freshpoint Quality Assurance Ltd. d/b/a Evigence Sensors ,3686,The Strouse Corporation,TRUE,0,,,5000 Cost of Goods,300000 Sales,13100 Inventory Asset,FALSE
22638,Printed metalized film-W7.87,Printed metalized film,Length Units,,Operations,Strouse-HQ,,Average,Default Cost Category,CSM - Printed metalized film,TRUE,0,Freshpoint Quality Assurance Ltd. d/b/a Evigence Sensors ,3686,The Strouse Corporation,TRUE,0,,,5000 Cost of Goods,300000 Sales,13100 Inventory Asset,FALSE
22639,Printed metalized film-W6.3,Printed metalized film,Length Units,,Operations,Strouse-HQ,,Average,Default Cost Category,CSM - Printed metalized film,TRUE,,Freshpoint Quality Assurance Ltd. d/b/a Evigence Sensors ,3686,The Strouse Corporation,TRUE,,,,5000 Cost of Goods,300000 Sales,13100 Inventory Asset,FALSE
22640,Spacer 220u-W12.6,Spacer 220u,Length Units,,Operations,Strouse-HQ,,Average,Default Cost Category,CSM - Spacer 220u,TRUE,0,Freshpoint Quality Assurance Ltd. d/b/a Evigence Sensors ,3686,The Strouse Corporation,TRUE,0,,,5000 Cost of Goods,300000 Sales,13100 Inventory Asset,FALSE
22641,Aggressive Adhesive-W6,Aggressive Adhesive,Length Units,,Operations,Strouse-HQ,,Average,Default Cost Category,CSM - Aggressive Adhesive,TRUE,0,Freshpoint Quality Assurance Ltd. d/b/a Evigence Sensors ,3686,The Strouse Corporation,TRUE,0,,,5000 Cost of Goods,300000 Sales,13100 Inventory Asset,FALSE
22642,Foil-W7.5,Foil,Length Units,,Operations,Strouse-HQ,,Average,Default Cost Category,CSM - Non Act Al foil 9mic-PP60 white-977-Glasn yellow,TRUE,0,Freshpoint Quality Assurance Ltd. d/b/a Evigence Sensors ,3686,The Strouse Corporation,TRUE,0,,,5000 Cost of Goods,300000 Sales,13100 Inventory Asset,FALSE
22643,ActivAdhes-W13,ActivAdhes,Length Units,,Operations,Strouse-HQ,,Average,Default Cost Category,CSM - RD Non ActivAdhes P77 dusilicon PET30-glassin,TRUE,0,Freshpoint Quality Assurance Ltd. d/b/a Evigence Sensors ,3686,The Strouse Corporation,TRUE,0,,,5000 Cost of Goods,300000 Sales,13100 Inventory Asset,FALSE
22644,A360657-W6,A360657,Length Units,,Operations,Strouse-HQ,,Average,Default Cost Category,2M Cl BOPP TC/C2075/40#BG,TRUE,0,Avery Dennison-Specialty Tape Division,3239,The Strouse Corporation,TRUE,0,,,5000 Cost of Goods,300000 Sales,13100 Inventory Asset,FALSE
22646,CatID-22646-W15,,"Each (Use for Boxes, Bags, Cores, Cases)",3,Operations,Strouse-HQ,,Average,Default Cost Category,"CSM - Foil Bags, labeled, prefilled with desiccant  15"" x 23""",TRUE,0,DCN,3623,The Strouse Corporation,TRUE,0,,,5000 Cost of Goods,300000 Sales,13100 Inventory Asset,FALSE
22647,32B88111-W40.5,32B88111,Length Units,,Operations,Strouse-HQ,,Average,Default Cost Category,Hips RL 0.015 WT 105 MT/MT EX NM PRIMEX DIGIHIPS,TRUE,0.58,Polymershapes - Jessup,3375,The Strouse Corporation,TRUE,0.58,,,5000 Cost of Goods,300000 Sales,13100 Inventory Asset,FALSE
22648,9108-RL-W27,9108-RL,Length Units,,Operations,Strouse-HQ,,Average,Default Cost Category,RELEASE LINER 78# CCK Silicone Coated One Side,TRUE,0,"Channeled Resources, Inc. (GMC Coatings)",3277,The Strouse Corporation,TRUE,0,,,5000 Cost of Goods,300000 Sales,13100 Inventory Asset,FALSE
22654,IB1190XTP2-W60,IB1190XTP2,Length Units,,Operations,Strouse-HQ,,Average,Default Cost Category,macbond rubber DC PET with 2mil PET liner,TRUE,1.1592,MacTac,3255,The Strouse Corporation,TRUE,1.1592,,,5000 Cost of Goods,300000 Sales,13100 Inventory Asset,FALSE
22657,S-5953-W4,S-5953,Length Units,,Operations,Strouse-HQ,,Average,Default Cost Category,"Industrial Thermal Transfer Labels - 4"" x 2.5"" 2,200/roll - For Senseonics",TRUE,10.8,ULINE,3330,The Strouse Corporation,TRUE,10.8,,,5000 Cost of Goods,300000 Sales,13100 Inventory Asset,FALSE
22659,941-W4.5,941,Length Units,,Operations,Strouse-HQ,,Average,Default Cost Category,"941, Tape, 2 mil Adhesive Transfer, 100, 58# PCK",TRUE,0.380926111,"3M Company, Inc. Converter Markets",3141,The Strouse Corporation,TRUE,0.380926111,,,5000 Cost of Goods,300000 Sales,13100 Inventory Asset,FALSE
22660,9672LE-W24,9672LE,Length Units,,Operations,Strouse-HQ,,Average,Default Cost Category,"Adhesive Transfer Tape 9672LE, Clear, 5 mil",TRUE,2.136731481,"3M Company, Inc. Converter Markets",3141,The Strouse Corporation,TRUE,2.136731481,,,5000 Cost of Goods,300000 Sales,13100 Inventory Asset,FALSE
22662,S-7909-W12,S-7909,"Each (Use for Boxes, Bags, Cores, Cases)",3,Operations,Strouse-HQ,,Average,Default Cost Category,"Chipboard Pads - .022"" thick 625 per case ",TRUE,0.0076,ULINE,3330,The Strouse Corporation,TRUE,0.0076,,,5000 Cost of Goods,300000 Sales,13100 Inventory Asset,FALSE
22664,2520-W0.75,2520,Length Units,,Operations,Strouse-HQ,,Average,Default Cost Category,"Varnished Cambric Tape 2520,  Yellow",TRUE,0.354003333,"3M Company, Inc. Converter Markets",3141,The Strouse Corporation,TRUE,0.354003333,,,5000 Cost of Goods,300000 Sales,13100 Inventory Asset,FALSE
22665,060GM0074740SC025HC S7620060-W5,060GM0074740SC025HC S7620060,Length Units,,Operations,Strouse-HQ,,Average,Default Cost Category,"Kraft Label Stock, 747 adhesive, Green Bay",TRUE,,Green Bay Packaging Inc.,3250,The Strouse Corporation,TRUE,,,,5000 Cost of Goods,300000 Sales,13100 Inventory Asset,FALSE
22674,8212-W4.5,8212,Length Units,,Operations,Strouse-HQ,,Average,Default Cost Category,"8212 OCA, 2 mil Transfer Tape, Double linered laminating adhesive, optically clear",TRUE,0.384618704,"3M Company, Inc. Converter Markets",3141,The Strouse Corporation,TRUE,0.384618704,,,5000 Cost of Goods,300000 Sales,13100 Inventory Asset,FALSE
22677,8.0 micron PCTE-W1.75,8.0 micron PCTE,Length Units,,Operations,Strouse-HQ,,Average,Default Cost Category,"Polycarbonate, track etched, 8.0 micron membrane",TRUE,4.547129995,Sterlitech Corporation ,3782,The Strouse Corporation,TRUE,4.547129995,,,5000 Cost of Goods,300000 Sales,13100 Inventory Asset,FALSE
22679,3 mil Polyester-W3.5,3 mil Polyester,Length Units,,Operations,Strouse-HQ,,Average,Default Cost Category,3 mil Polyester Clear - Untreated,TRUE,0.1078014,TEAM Plastics,3304,The Strouse Corporation,TRUE,0.1078014,,,5000 Cost of Goods,300000 Sales,13100 Inventory Asset,FALSE
22682,9629FL-W0.5,9629FL,Length Units,,Operations,Strouse-HQ,,Average,Default Cost Category,"4 mil, PET, D/C, 360, PET liner",TRUE,0.042433889,"3M Company, Inc. Converter Markets",3141,The Strouse Corporation,TRUE,0.042433889,,,5000 Cost of Goods,300000 Sales,13100 Inventory Asset,FALSE
22683,7610-W2,7610,Length Units,,Operations,Strouse-HQ,,Average,Default Cost Category,High Gain Reflective Sheeting,TRUE,0,"3M Company, Inc. Converter Markets",3141,The Strouse Corporation,TRUE,0,,,5000 Cost of Goods,300000 Sales,13100 Inventory Asset,FALSE
22693,LSE-160WF-W4.75,LSE-160WF,Length Units,,Operations,Strouse-HQ,,Average,Default Cost Category,"White VHB, adhesive. LSE-160WF",TRUE,2.193757099,"3M Company, Inc. Converter Markets",3141,The Strouse Corporation,TRUE,2.193757099,,,5000 Cost of Goods,300000 Sales,13100 Inventory Asset,FALSE
22694,218 Green-W0.75,218 Green,Length Units,,Operations,Strouse-HQ,,Average,Default Cost Category,Green Fine Line Masking,TRUE,0.064889444,"3M Company, Inc. Converter Markets",3141,The Strouse Corporation,TRUE,0.064889444,,,5000 Cost of Goods,300000 Sales,13100 Inventory Asset,FALSE
22697,3320A00613-04,3320A00613-04,"Each (Use for Boxes, Bags, Cores, Cases)",3,Operations,Strouse-HQ,,Average,Default Cost Category,Comfort Release Carton #4 folding carton 16pt C1S SBS Ink and coating: 4C + SAQ/0 (24.219 x 14.25,TRUE,,Menasha Packaging Company,4049,The Strouse Corporation,TRUE,,,,5000 Cost of Goods,300000 Sales,13100 Inventory Asset,FALSE
22698,3320A00613-03,3320A00613-03,"Each (Use for Boxes, Bags, Cores, Cases)",3,Operations,Strouse-HQ,,Average,Default Cost Category,Comfort Release Carton #3 folding carton 16pt C1S SBS Ink and coating: 4C + SAQ/0 (25.1562 x 10),TRUE,,Menasha Packaging Company,4049,The Strouse Corporation,TRUE,,,,5000 Cost of Goods,300000 Sales,13100 Inventory Asset,FALSE
22704,140709-W9,140709,Length Units,,Operations,Strouse-HQ,,Average,Default Cost Category,Green 35# Machine Glazed  Masking Paper,TRUE,0.01343125,Kardol LLC,3350,The Strouse Corporation,TRUE,0.01343125,,,5000 Cost of Goods,300000 Sales,13100 Inventory Asset,FALSE
22706,53470-W7,53470,Length Units,,Operations,Strouse-HQ,,Average,Default Cost Category,Natural LabelTM FSC®/Sox2/40#SCK TNR,TRUE,0.04872,Fasson / Avery Dennison Label & Packaging Materials     (acct. 5387),3246,The Strouse Corporation,TRUE,0.04872,,,5000 Cost of Goods,300000 Sales,13100 Inventory Asset,FALSE
22707,53470-W10,53470,Length Units,,Operations,Strouse-HQ,,Average,Default Cost Category,Natural LabelTM FSC®/Sox2/40#SCK TNR,TRUE,0.0696,Fasson / Avery Dennison Label & Packaging Materials     (acct. 5387),3246,The Strouse Corporation,TRUE,0.0696,,,5000 Cost of Goods,300000 Sales,13100 Inventory Asset,FALSE
22708,256-W0.75,256,Length Units,,Operations,Strouse-HQ,,Average,Default Cost Category,"Scotch® Printable Flatback Paper Tape 256, White,  6.7 mil",TRUE,0.068739444,"3M Company, Inc. Converter Markets",3141,The Strouse Corporation,TRUE,0.068739444,,,5000 Cost of Goods,300000 Sales,13100 Inventory Asset,FALSE
22709,53470-W1,53470,Length Units,,Operations,Strouse-HQ,,Average,Default Cost Category,Natural LabelTM FSC®/Sox2/40#SCK TNR,TRUE,,Fasson / Avery Dennison Label & Packaging Materials     (acct. 5387),3246,The Strouse Corporation,TRUE,,,,5000 Cost of Goods,300000 Sales,13100 Inventory Asset,FALSE
22711,7731FL-W7.5,7731FL,Length Units,,Operations,Strouse-HQ,,Average,Default Cost Category,"2 mil, Clear NTC, 400, 1.5 mil PET",TRUE,0.310058933,"3M Company, Inc. Converter Markets",3141,The Strouse Corporation,TRUE,0.310058933,,,5000 Cost of Goods,300000 Sales,13100 Inventory Asset,FALSE
22712,32B88111-W8,32B88111,Length Units,,Operations,Strouse-HQ,,Average,Default Cost Category,Hips RL 0.015 WT 105 MT/MT EX NM PRIMEX DIGIHIPS,TRUE,0.1351968,Polymershapes - Jessup,3375,The Strouse Corporation,TRUE,0.1351968,,,5000 Cost of Goods,300000 Sales,13100 Inventory Asset,FALSE
22713,IB1190XTP2-W4.75,IB1190XTP2,Length Units,,Operations,Strouse-HQ,,Average,Default Cost Category,macbond rubber DC PET with 2mil PET liner,TRUE,0.11286,MacTac,3255,The Strouse Corporation,TRUE,0.11286,,,5000 Cost of Goods,300000 Sales,13100 Inventory Asset,FALSE
22715,4701-30-25045-04-W54,4701-30-25045-04,Length Units,,Operations,Strouse-HQ,,Average,Default Cost Category,"Foam, Poron, .045"" thick, Black",TRUE,8.0004,Stockwell Elastomerics,3335,The Strouse Corporation,TRUE,8.0004,,,5000 Cost of Goods,300000 Sales,13100 Inventory Asset,FALSE
22717,462 Melinex-W51,462 Melinex,Length Units,,Operations,Strouse-HQ,,Average,Default Cost Category,"Mylar, .002"" clear",TRUE,0.424101266,"TEKRA - a Division of EIS, Inc.",3309,The Strouse Corporation,TRUE,0.424101266,,,5000 Cost of Goods,300000 Sales,13100 Inventory Asset,FALSE
22719,72436173-C-W1.5,72436173-C,Length Units,,Operations,Strouse-HQ,,Average,Default Cost Category,"Polyester, 5 Mil, White, Print Treated",TRUE,0.035,Polymershapes - Jessup,3375,The Strouse Corporation,TRUE,0.035,,,5000 Cost of Goods,300000 Sales,13100 Inventory Asset,FALSE
22721,04A 0711F 3698-W7,04A 0711F 3698,"Each (Use for Boxes, Bags, Cores, Cases)",3,Operations,Strouse-HQ,,Average,Default Cost Category,"Tyvek Pouch, TY1059 UNP 7"" x 11.5""",TRUE,,SteriPax Incorporated,3395,The Strouse Corporation,TRUE,,,,5000 Cost of Goods,300000 Sales,13100 Inventory Asset,FALSE
22722,9100-W2.83,9100,Length Units,,Operations,Strouse-HQ,,Average,Default Cost Category,"9100, 2.5 mil clear BOPP tape with hot melt rubber adhesive.",TRUE,0.01400934,Intertape Polymer Group,3311,The Strouse Corporation,TRUE,0.01400934,,,5000 Cost of Goods,300000 Sales,13100 Inventory Asset,FALSE
22723,TM 5170-W5,TM 5170,Length Units,,Operations,Strouse-HQ,,Average,Default Cost Category,"Tape, 4 mil P/U film tape, acrylic medical adhesive, 4.5 mil liner",TRUE,0.192,MacTac,3255,The Strouse Corporation,TRUE,0.192,,,5000 Cost of Goods,300000 Sales,13100 Inventory Asset,FALSE
22724,1016 P/R-W61.5,1016 P/R,Length Units,,Operations,Strouse-HQ,,Average,Default Cost Category,"Foam, 1/16"" white 1016 P/R, permanent adhesive on exposed side, removable under liner",TRUE,2.436759259,Adhesive Applications,3312,The Strouse Corporation,TRUE,2.436759259,,,5000 Cost of Goods,300000 Sales,13100 Inventory Asset,FALSE
22725,583-W48,583,Length Units,,Operations,Strouse-HQ,,Average,Default Cost Category,"5.5 mil, 1200A, Thermo-Bond Film",TRUE,4.423105556,"3M Company, Inc. Converter Markets",3141,The Strouse Corporation,TRUE,4.423105556,,,5000 Cost of Goods,300000 Sales,13100 Inventory Asset,FALSE
22726,LSE-110WF-W2.25,LSE-110WF,Length Units,,Operations,Strouse-HQ,,Average,Default Cost Category,"LSE-110WF, Foam, Vhb, 45 mil, white",TRUE,0.849062037,"3M Company, Inc. Converter Markets",3141,The Strouse Corporation,TRUE,0.849062037,,,5000 Cost of Goods,300000 Sales,13100 Inventory Asset,FALSE
22727,Tape dispenser-W1,Tape dispenser,"Each (Use for Boxes, Bags, Cores, Cases)",3,Operations,Strouse-HQ,,Average,Default Cost Category,"3M heavy duty 1"" tape dispenser",TRUE,,"3M Company, Inc. Converter Markets",3141,The Strouse Corporation,TRUE,,,,5000 Cost of Goods,300000 Sales,13100 Inventory Asset,FALSE
22728,13059 White-W10,13059 White,Length Units,,Operations,Strouse-HQ,,Average,Default Cost Category,"LDPE .002"" thick Heavy White Tint single Wound sheeting",TRUE,0.023,"Curbell Plastics, Inc",3636,The Strouse Corporation,TRUE,0.023,,,5000 Cost of Goods,300000 Sales,13100 Inventory Asset,FALSE
22729,13059 Clear-W10,13059 Clear,Length Units,,Operations,Strouse-HQ,,Average,Default Cost Category,"LDPE Clear .002"" Single Wound Sheeting",TRUE,0.017952,"Curbell Plastics, Inc",3636,The Strouse Corporation,TRUE,0.017952,,,5000 Cost of Goods,300000 Sales,13100 Inventory Asset,FALSE
22732,256-W0.375,256,Length Units,,Operations,Strouse-HQ,,Average,Default Cost Category,"5.8 mil, White Flatback Masking, Rubber Adhesive, Printable",TRUE,0.096412778,"3M Company, Inc. Converter Markets",3141,The Strouse Corporation,TRUE,0.096412778,,,5000 Cost of Goods,300000 Sales,13100 Inventory Asset,FALSE
22733,78 lb. C1S BG0-W8.125,78 lb. C1S BG0,Length Units,,Operations,Strouse-HQ,,Average,Default Cost Category,4.4 mil 78 lb. Easy Release C1S Liner,TRUE,0.0348075,"Channeled Resources, Inc. (GMC Coatings)",3277,The Strouse Corporation,TRUE,0.0348075,,,5000 Cost of Goods,300000 Sales,13100 Inventory Asset,FALSE
22734,78 lb. C1S BG0-W9.5,78 lb. C1S BG0,Length Units,,Operations,Strouse-HQ,,Average,Default Cost Category,4.4 mil 78 lb. Easy Release C1S Liner,TRUE,0.040698,"Channeled Resources, Inc. (GMC Coatings)",3277,The Strouse Corporation,TRUE,0.040698,,,5000 Cost of Goods,300000 Sales,13100 Inventory Asset,FALSE
22739,77855-W10,77855,Length Units,,Operations,Strouse-HQ,,Average,Default Cost Category,"Polyester, 77855 1 mil clear w/T/C, S730 adhesive, 1 mil PET liner. EXACT. 77855",TRUE,0.11676,Fasson / Avery Dennison Label & Packaging Materials     (acct. 5387),3246,The Strouse Corporation,TRUE,0.11676,,,5000 Cost of Goods,300000 Sales,13100 Inventory Asset,FALSE
22745,5915P-W3.5,5915P,Length Units,,Operations,Strouse-HQ,,Average,Default Cost Category,"5915P VHB Tape, Black, 16 mil",TRUE,2.535705324,"3M Company, Inc. Converter Markets",3141,The Strouse Corporation,TRUE,2.535705324,,,5000 Cost of Goods,300000 Sales,13100 Inventory Asset,FALSE
22748,DG20WHHR-W2,DG20WHHR,Length Units,,Operations,Strouse-HQ,,Average,Default Cost Category,"White  Hook, with adhesive",TRUE,0.4,Hook and Loop.com,3772,The Strouse Corporation,TRUE,0.4,,,5000 Cost of Goods,300000 Sales,13100 Inventory Asset,FALSE
22753,BRC-CDNE-W3,BRC-CDNE,Length Units,,Operations,Strouse-HQ,,Average,Default Cost Category,"Slit roll yellow with black print ""Caution Do Not Enter",TRUE,0.01025,Adhesive Tape Products,3237,The Strouse Corporation,TRUE,0.01025,,,5000 Cost of Goods,300000 Sales,13100 Inventory Asset,FALSE
22754,54 lb. C1S S0-W5.05,54 lb. C1S S0,Length Units,,Operations,Strouse-HQ,,Average,Default Cost Category,3.2 mil 54 lb. Easy Release C1S Liner,TRUE,0.016786101,"Channeled Resources, Inc. (GMC Coatings)",3277,The Strouse Corporation,TRUE,0.016786101,,,5000 Cost of Goods,300000 Sales,13100 Inventory Asset,FALSE
22755,Q100 (FRA-3307)-W2.73,Q100 (FRA-3307),Length Units,,Operations,Strouse-HQ,,Average,Default Cost Category,2 mil Clear Polyester S1S Premium Release Liner,TRUE,0.01781598,Fox River Associates,4046,The Strouse Corporation,TRUE,0.01781598,,,5000 Cost of Goods,300000 Sales,13100 Inventory Asset,FALSE
22756,35-W0.75 - CatID-22756,35,Length Units,,Operations,Strouse-HQ,,Average,Default Cost Category,Red Vinyl Color Coding Electrical Tape,TRUE,0.057,"3M Company, Inc. Converter Markets",3141,The Strouse Corporation,TRUE,0.057,,,5000 Cost of Goods,300000 Sales,13100 Inventory Asset,FALSE
22758,614URM-W2.25,614URM,Length Units,,Operations,Strouse-HQ,,Average,Default Cost Category,"614REM/614URM , 1.82 mil Clear Polyester Overlaminate Removable Adhesive",TRUE,0.02392,Avery Dennison  (Formerly know as ACPO Ltd.),3300,The Strouse Corporation,TRUE,0.02392,,,5000 Cost of Goods,300000 Sales,13100 Inventory Asset,FALSE
22759,TRPV0031-W33.07,TRPV0031,Length Units,,Operations,Strouse-HQ,,Average,Default Cost Category,CSM - .5mm thick Band PVC,TRUE,0,Terumo Medical,3662,The Strouse Corporation,TRUE,0,,,5000 Cost of Goods,300000 Sales,13100 Inventory Asset,FALSE
22760,TRPV0038-W38.38,TRPV0038,Length Units,,Operations,Strouse-HQ,,Average,Default Cost Category,CSM - .5mm large Band PVC,TRUE,0,Terumo Medical,3662,The Strouse Corporation,TRUE,0,,,5000 Cost of Goods,300000 Sales,13100 Inventory Asset,FALSE
22762,IB1190XTP2-W58,IB1190XTP2,Length Units,,Operations,Strouse-HQ,,Average,Default Cost Category,macbond rubber DC PET with 2mil PET liner,TRUE,1.12056,MacTac,3255,The Strouse Corporation,TRUE,1.12056,,,5000 Cost of Goods,300000 Sales,13100 Inventory Asset,FALSE
22765,D11510478-W6,D11510478,Length Units,,Operations,Strouse-HQ,,Average,Default Cost Category,CSM - 2 mil 200LP PFA Film DuPont/Chemours Teflon,TRUE,0,Atlantic Corporation-Raleigh,3567,The Strouse Corporation,TRUE,0,,,5000 Cost of Goods,300000 Sales,13100 Inventory Asset,FALSE
22768,"Special, A-454, 200 Poly H-9 silicone side up-W9","Special, A-454, 200 Poly H-9 silicone side up",Length Units,,Operations,Strouse-HQ,,Average,Default Cost Category,"Soft Anvil, A-454, 200 Poly H-9 silicone side up",TRUE,0.24192,"FLEXcon Company, Inc.",3247,The Strouse Corporation,TRUE,0.24192,,,5000 Cost of Goods,300000 Sales,13100 Inventory Asset,FALSE
22769,5480-W1.5,5480,Length Units,,Operations,Strouse-HQ,,Average,Default Cost Category,PTFE Single Coated Tape,TRUE,1.356637963,"3M Company, Inc. Converter Markets",3141,The Strouse Corporation,TRUE,1.356637963,,,5000 Cost of Goods,300000 Sales,13100 Inventory Asset,FALSE
22773,LS-1550-W54,LS-1550,Length Units,,Operations,Strouse-HQ,,Average,Default Cost Category,E-A-R™ ISOLOSS™ LS Foam,TRUE,17.42135833,"3M Company, Inc. Converter Markets",3141,The Strouse Corporation,TRUE,17.42135833,,,5000 Cost of Goods,300000 Sales,13100 Inventory Asset,FALSE
22775,TT100 V29 200 Poly SC6 200 Poly H9-W13.7,TT100 V29 200 Poly SC6 200 Poly H9,Length Units,,Operations,Strouse-HQ,,Average,Default Cost Category,TT100 V29 200 Poly SC6 200 Poly H9,TRUE,0.56718,"FLEXcon Company, Inc.",3247,The Strouse Corporation,TRUE,0.56718,,,5000 Cost of Goods,300000 Sales,13100 Inventory Asset,FALSE
22776,9874-W11.375,9874,Length Units,,Operations,Strouse-HQ,,Average,Default Cost Category,"Tape, D/C Transparent Polyethylene film, 60# hypoallergenic acrylate PSA",TRUE,,3M Medical Specialities,4181,The Strouse Corporation,TRUE,,,,5000 Cost of Goods,300000 Sales,13100 Inventory Asset,FALSE
22777,2AFR White-W22,2AFR White,Length Units,,Operations,Strouse-HQ,,Average,Default Cost Category,"Foam, 1/8"" 2AFR White Volara w/PSA-60 - LOG",TRUE,0,Rubberlite,3303,The Strouse Corporation,TRUE,0,,,5000 Cost of Goods,300000 Sales,13100 Inventory Asset,FALSE
22778,528-W3,528,Length Units,,Operations,Strouse-HQ,,Average,Default Cost Category,"528, Impact Stripping Tape, Tan Rubber, Acrylic, 85 mils",TRUE,1.552753333,"3M Company, Inc. Converter Markets",3141,The Strouse Corporation,TRUE,1.552753333,,,5000 Cost of Goods,300000 Sales,13100 Inventory Asset,FALSE
22779,481-W3,481,Length Units,,Operations,Strouse-HQ,,Average,Default Cost Category,"481 Tape, 9.5 mil, Black Preservation",TRUE,0.519543519,"3M Company, Inc. Converter Markets",3141,The Strouse Corporation,TRUE,0.519543519,,,5000 Cost of Goods,300000 Sales,13100 Inventory Asset,FALSE
22782,EE12 W-W6,EE12 W,Length Units,,Operations,Strouse-HQ,,Average,Default Cost Category,"EE12, printable film tape. White",TRUE,0.054309091,Elliott Group International,3344,The Strouse Corporation,TRUE,0.054309091,,,5000 Cost of Goods,300000 Sales,13100 Inventory Asset,FALSE
22783,TT100 V29 200 Poly SC6 200 Poly H9-W4.625,TT100 V29 200 Poly SC6 200 Poly H9,Length Units,,Operations,Strouse-HQ,,Average,Default Cost Category,TT100 V29 200 Poly SC6 200 Poly H9,TRUE,0.191474972,"FLEXcon Company, Inc.",3247,The Strouse Corporation,TRUE,0.191474972,,,5000 Cost of Goods,300000 Sales,13100 Inventory Asset,FALSE
22784,TT100 V29 200 Poly SC6 200 Poly H9-W5.46875,TT100 V29 200 Poly SC6 200 Poly H9,Length Units,,Operations,Strouse-HQ,,Average,Default Cost Category,TT100 V29 200 Poly SC6 200 Poly H9,TRUE,0.226406239,"FLEXcon Company, Inc.",3247,The Strouse Corporation,TRUE,0.226406239,,,5000 Cost of Goods,300000 Sales,13100 Inventory Asset,FALSE
22785,614URM-W0.5,614URM,Length Units,,Operations,Strouse-HQ,,Average,Default Cost Category,"614REM/614URM , 1.82 mil Clear Polyester Overlaminate Removable Adhesive",TRUE,,Avery Dennison  (Formerly know as ACPO Ltd.),3300,The Strouse Corporation,TRUE,,,,5000 Cost of Goods,300000 Sales,13100 Inventory Asset,FALSE
22786,FLX051800-W2,FLX051800,Length Units,,Operations,Strouse-HQ,,Average,Default Cost Category,A-454 150 Poly H9 Silicone Side Up,TRUE,0.02952,"FLEXcon Company, Inc.",3247,The Strouse Corporation,TRUE,0.02952,,,5000 Cost of Goods,300000 Sales,13100 Inventory Asset,FALSE
22787,T-363-W57,T-363,Length Units,,Operations,Strouse-HQ,,Average,Default Cost Category,2 mil Clear Polyester,TRUE,0.3078,Fox River Associates,4046,The Strouse Corporation,TRUE,0.3078,,,5000 Cost of Goods,300000 Sales,13100 Inventory Asset,FALSE
22788,Roscolux 26-W20,Roscolux 26,"Each (Use for Boxes, Bags, Cores, Cases)",3,Operations,Strouse-HQ,,Average,Default Cost Category,"Poly Sheet, Light Red, Roscolux 26",TRUE,0.299583333,Parlights. Inc.,3337,The Strouse Corporation,TRUE,0.299583333,,,5000 Cost of Goods,300000 Sales,13100 Inventory Asset,FALSE
22799,1280-W6,1280,Length Units,,Operations,Strouse-HQ,,Average,Default Cost Category,"1280, Red Circuit plating tape",TRUE,0.461523843,"3M Company, Inc. Converter Markets",3141,The Strouse Corporation,TRUE,0.461523843,,,5000 Cost of Goods,300000 Sales,13100 Inventory Asset,FALSE
22801,467MPF-W1.5,467MPF,Length Units,,Operations,Strouse-HQ,,Average,Default Cost Category,"2 mil, 200, 2 mil PET liner.",TRUE,0.047944444,"3M Company, Inc. Converter Markets",3141,The Strouse Corporation,TRUE,0.047944444,,,5000 Cost of Goods,300000 Sales,13100 Inventory Asset,FALSE
22802,"Special, A-454, 200 Poly H-9 silicone side up-W6","Special, A-454, 200 Poly H-9 silicone side up",Length Units,,Operations,Strouse-HQ,,Average,Default Cost Category,"Soft Anvil, A-454, 200 Poly H-9 silicone side up",TRUE,0.16128,"FLEXcon Company, Inc.",3247,The Strouse Corporation,TRUE,0.16128,,,5000 Cost of Goods,300000 Sales,13100 Inventory Asset,FALSE
22803,Z247262,Z247262,"Each (Use for Boxes, Bags, Cores, Cases)",3,Operations,Strouse-HQ,,Average,Default Cost Category,13 x 6 x 2 1/2 diecut   (2 sided white) 200E MW 42# Inside Kemilite Outside ,TRUE,,Packaging Services of Maryland,4040,The Strouse Corporation,TRUE,,,,5000 Cost of Goods,300000 Sales,13100 Inventory Asset,FALSE
22804,19640-W6,19640,Length Units,,Operations,Strouse-HQ,,Average,Default Cost Category,54# Semi-gloss/AT20N/1.2 mil PET - Exact program,TRUE,0,Fasson / Avery Dennison Label & Packaging Materials     (acct. 5387),3246,The Strouse Corporation,TRUE,0,,,5000 Cost of Goods,300000 Sales,13100 Inventory Asset,FALSE
22811,2255-2-W6.125,2255-2,Length Units,,Operations,Strouse-HQ,,Average,Default Cost Category,"Teflon, 2 mil High Modulus PTFE coated film with silicone adhesive",TRUE,2.888518519,Saint-Gobain Performance Plastics,3299,The Strouse Corporation,TRUE,2.888518519,,,5000 Cost of Goods,300000 Sales,13100 Inventory Asset,FALSE
22814,54 Lb C2S SL1/SL1-W1.75,54 Lb C2S SL1/SL1,Length Units,,Operations,Strouse-HQ,,Average,Default Cost Category,"Liner, 54#,C2S SL1 Release( Both Sides) ",TRUE,0.0066297,"Channeled Resources, Inc. (GMC Coatings)",3277,The Strouse Corporation,TRUE,0.0066297,,,5000 Cost of Goods,300000 Sales,13100 Inventory Asset,FALSE
22815,1522H-W2.99 - CatID-22815,1522H,Length Units,,Operations,Strouse-HQ,,Average,Default Cost Category,"CSM - 1522H, Tape, 13 mil High adhesion D/C, Yellow Kraft C2S 5.5 mil T 76mm x 100m",TRUE,0,Venus Concept,3771,The Strouse Corporation,TRUE,0,,,5000 Cost of Goods,300000 Sales,13100 Inventory Asset,FALSE
22818,54lb C2S SL1/SL4 Liner-W2.3,54lb C2S SL1/SL4 Liner,Length Units,,Operations,Strouse-HQ,,Average,Default Cost Category,"3.2 mil 54 lb, C2S SL1/SL4 Easy/Medium Release Liner",TRUE,0.009108,"Channeled Resources, Inc. (GMC Coatings)",3277,The Strouse Corporation,TRUE,0.009108,,,5000 Cost of Goods,300000 Sales,13100 Inventory Asset,FALSE
22821,1280-W1,1280,Length Units,,Operations,Strouse-HQ,,Average,Default Cost Category,"CSM - 1280, Red Circuit plating tape",TRUE,0,Deringer-Ney,3747,The Strouse Corporation,TRUE,0,,,5000 Cost of Goods,300000 Sales,13100 Inventory Asset,FALSE
22822,BT-3854 RED-W1,BT-3854 RED,Length Units,,Operations,Strouse-HQ,,Average,Default Cost Category,Double sided RED tape ,TRUE,0.228703704,Bron Tapes ,3783,The Strouse Corporation,TRUE,0.228703704,,,5000 Cost of Goods,300000 Sales,13100 Inventory Asset,FALSE
22826,RE-5-W2,RE-5,Length Units,,Operations,Strouse-HQ,,Average,Default Cost Category,"Low Tack, RE-5",TRUE,0.036148966,3 Sigma Corporation,3610,The Strouse Corporation,TRUE,0.036148966,,,5000 Cost of Goods,300000 Sales,13100 Inventory Asset,FALSE
22827,UCT10-W47.24,UCT10,Length Units,,Operations,Strouse-HQ,,Average,Default Cost Category,CSM - 10um DC PET Tape ,TRUE,0,3M Electronics Materials,3627,The Strouse Corporation,TRUE,0,,,5000 Cost of Goods,300000 Sales,13100 Inventory Asset,FALSE
22828,D11261262-W4,D11261262,Length Units,,Operations,Strouse-HQ,,Average,Default Cost Category,CSM - 2mil Kapton ,TRUE,0,3M Electronics Materials,3627,The Strouse Corporation,TRUE,0,,,5000 Cost of Goods,300000 Sales,13100 Inventory Asset,FALSE
22834,54 lb. C1S S0-W10,54 lb. C1S S0,Length Units,,Operations,Strouse-HQ,,Average,Default Cost Category,3.2 mil 54 lb. Easy Release C1S Liner,TRUE,0.034908,"Channeled Resources, Inc. (GMC Coatings)",3277,The Strouse Corporation,TRUE,0.034908,,,5000 Cost of Goods,300000 Sales,13100 Inventory Asset,FALSE
22835,1567-W48,1567,Length Units,,Operations,Strouse-HQ,,Average,Default Cost Category,"1567, Double coated polyester, medical grade",TRUE,3.557929825,"3M Company, Inc. Converter Markets",3141,The Strouse Corporation,TRUE,3.557929825,,,5000 Cost of Goods,300000 Sales,13100 Inventory Asset,FALSE
22836,F9469PC-W2.18,F9469PC,Length Units,,Operations,Strouse-HQ,,Average,Default Cost Category,5 mil Adhesive Transfer Tape (Printed Liner),TRUE,0.354162699,"3M Company, Inc. Converter Markets",3141,The Strouse Corporation,TRUE,0.354162699,,,5000 Cost of Goods,300000 Sales,13100 Inventory Asset,FALSE
22837,F9469PC-W2.17,F9469PC,Length Units,,Operations,Strouse-HQ,,Average,Default Cost Category,5 mil Adhesive Transfer Tape (Printed Liner),TRUE,0.3525381,"3M Company, Inc. Converter Markets",3141,The Strouse Corporation,TRUE,0.3525381,,,5000 Cost of Goods,300000 Sales,13100 Inventory Asset,FALSE
22838,54385-W3.75 - CatID-22838,54385,Length Units,,Operations,Strouse-HQ,,Average,Default Cost Category,Bright Silver Foil- BRT SLV FOIL/C2500/40#SC with C4500 adhesive ,TRUE,0.034560825,Fasson / Avery Dennison Label & Packaging Materials     (acct. 5387),3246,The Strouse Corporation,TRUE,0.034560825,,,5000 Cost of Goods,300000 Sales,13100 Inventory Asset,FALSE
22840,PP-800-W32.6,PP-800,Length Units,,Operations,Strouse-HQ,,Average,Default Cost Category,Black Strapping Tape,TRUE,0.333333333,Adhesive Tape Products,3237,The Strouse Corporation,TRUE,0.333333333,,,5000 Cost of Goods,300000 Sales,13100 Inventory Asset,FALSE
22843,33515-W46.25,33515,Length Units,,Operations,Strouse-HQ,,Average,Default Cost Category,"Vinyl  Tape - Gray (0.015"")",TRUE,7.864,"3M Company, Inc. Converter Markets",3141,The Strouse Corporation,TRUE,7.864,,,5000 Cost of Goods,300000 Sales,13100 Inventory Asset,FALSE
22844,365-W7.22,365,Length Units,,Operations,Strouse-HQ,,Average,Default Cost Category,3M(TM) Thermosetable Glass Cloth Tape 365,TRUE,2.094777778,"3M Company, Inc. Converter Markets",3141,The Strouse Corporation,TRUE,2.094777778,,,5000 Cost of Goods,300000 Sales,13100 Inventory Asset,FALSE
22847,78 lb. C1S S75-W40,78 lb. C1S S75,Length Units,,Operations,Strouse-HQ,,Average,Default Cost Category,4.4 mil 78 lb. Tight Release C1S Liner,TRUE,0.18624,"Channeled Resources, Inc. (GMC Coatings)",3277,The Strouse Corporation,TRUE,0.18624,,,5000 Cost of Goods,300000 Sales,13100 Inventory Asset,FALSE
22848,505FDA-W60,505FDA,Length Units,,Operations,Strouse-HQ,,Average,Default Cost Category,"BOPP, Clear, Film",TRUE,0.15264,Avery Dennison  (Formerly know as ACPO Ltd.),3300,The Strouse Corporation,TRUE,0.15264,,,5000 Cost of Goods,300000 Sales,13100 Inventory Asset,FALSE
22850,SPR4L5400GG-W36,SPR4L5400GG,Length Units,,Operations,Strouse-HQ,,Average,Default Cost Category,"LDPE, Protective film, Rubber adhesive",TRUE,0.242524756,"Pregis PolyMask, Inc.",4045,The Strouse Corporation,TRUE,0.242524756,,,5000 Cost of Goods,300000 Sales,13100 Inventory Asset,FALSE
22854,C0569-W5.5,C0569,Length Units,,Operations,Strouse-HQ,,Average,Default Cost Category,CSM - BHB Reagent Membrane,TRUE,0,StanBio Laboratory LP EKF Diagnostics,3629,The Strouse Corporation,TRUE,0,,,5000 Cost of Goods,300000 Sales,13100 Inventory Asset,FALSE
22856,468MP-W11.9062,468MP,Length Units,,Operations,Strouse-HQ,,Average,Default Cost Category,"5 mil, 200MP, 58#PCK",TRUE,0.783504579,"3M Company, Inc. Converter Markets",3141,The Strouse Corporation,TRUE,0.783504579,,,5000 Cost of Goods,300000 Sales,13100 Inventory Asset,FALSE
22857,Q100 (FRA-3307)-W3.6,Q100 (FRA-3307),Length Units,,Operations,Strouse-HQ,,Average,Default Cost Category,2 mil Clear Polyester S1S Premium Release Liner,TRUE,0.023518182,Fox River Associates,4046,The Strouse Corporation,TRUE,0.023518182,,,5000 Cost of Goods,300000 Sales,13100 Inventory Asset,FALSE
22858,Q100 (FRA-3307)-W3.68,Q100 (FRA-3307),Length Units,,Operations,Strouse-HQ,,Average,Default Cost Category,2 mil Clear Polyester S1S Premium Release Liner,TRUE,0.024016,Fox River Associates,4046,The Strouse Corporation,TRUE,0.024016,,,5000 Cost of Goods,300000 Sales,13100 Inventory Asset,FALSE
22863,9091010-W12,9091010,Length Units,,Operations,Strouse-HQ,,Average,Default Cost Category,2 mil uncoated LDPE ,TRUE,0.666666667,"Pregis PolyMask, Inc.",4045,The Strouse Corporation,TRUE,0.666666667,,,5000 Cost of Goods,300000 Sales,13100 Inventory Asset,FALSE
22865,462 Melinex-W4,462 Melinex,Length Units,,Operations,Strouse-HQ,,Average,Default Cost Category,"Melinex 462, .002"", Tekra Part# 19336950",TRUE,0.033262844,"TEKRA - a Division of EIS, Inc.",3309,The Strouse Corporation,TRUE,0.033262844,,,5000 Cost of Goods,300000 Sales,13100 Inventory Asset,FALSE
22867,1522-W4.8125,1522,Length Units,,Operations,Strouse-HQ,,Average,Default Cost Category,6.3 mil D/C polyethylene with 80 lb. BK liner,TRUE,0.322943056,"3M Company, Inc. Converter Markets",3141,The Strouse Corporation,TRUE,0.322943056,,,5000 Cost of Goods,300000 Sales,13100 Inventory Asset,FALSE
22873,78 lb. C1S BG40-W18.25,78 lb. C1S BG40,Length Units,,Operations,Strouse-HQ,,Average,Default Cost Category,4.4 mil 78 lb. Medium Release C1S Liner ,TRUE,0.078183,"Channeled Resources, Inc. (GMC Coatings)",3277,The Strouse Corporation,TRUE,0.078183,,,5000 Cost of Goods,300000 Sales,13100 Inventory Asset,FALSE
22875,966-W10.875,966,Length Units,,Operations,Strouse-HQ,,Average,Default Cost Category,Adhesive Transfer,TRUE,0.809555556,"3M Company, Inc. Converter Markets",3141,The Strouse Corporation,TRUE,0.809555556,,,5000 Cost of Goods,300000 Sales,13100 Inventory Asset,FALSE
22883,FKM-04-W10.1,FKM-04,Length Units,,Operations,Strouse-HQ,,Average,Default Cost Category,CSM - Foam ,TRUE,0,"Cri-Tech, Inc",3816,The Strouse Corporation,TRUE,0,,,5000 Cost of Goods,300000 Sales,13100 Inventory Asset,FALSE
22885,AG640-W8.75,AG640,Length Units,,Operations,Strouse-HQ,,Average,Default Cost Category,CSM - Gel ,TRUE,0,Johnson Medtech,3658,The Strouse Corporation,TRUE,0,,,5000 Cost of Goods,300000 Sales,13100 Inventory Asset,FALSE
22886,2 White EVA - Palziv-W6,2 White EVA - Palziv,Length Units,,Operations,Strouse-HQ,,Average,Default Cost Category,"Foam, 0.5"" Thick, 2 White EVA - Manufactured by Palziv",TRUE,0.784,Rubberlite,3303,The Strouse Corporation,TRUE,0.784,,,5000 Cost of Goods,300000 Sales,13100 Inventory Asset,FALSE
22890,2 White EVA - Palziv-W6.75,2 White EVA - Palziv,Length Units,,Operations,Strouse-HQ,,Average,Default Cost Category,"Foam, 0.5"" Thick, 2 White EVA - Manufactured by Palziv",TRUE,0.784,Rubberlite,3303,The Strouse Corporation,TRUE,0.784,,,5000 Cost of Goods,300000 Sales,13100 Inventory Asset,FALSE
22894,PP-800-W16.875,PP-800,Length Units,,Operations,Strouse-HQ,,Average,Default Cost Category,Black Strapping Tape,TRUE,0.172555556,Adhesive Tape Products,3237,The Strouse Corporation,TRUE,0.172555556,,,5000 Cost of Goods,300000 Sales,13100 Inventory Asset,FALSE
22896,APR 1510-W56,APR 1510,Length Units,,Operations,Strouse-HQ,,Average,Default Cost Category,"Adhesive, removable, APR1510",TRUE,1.604222222,Adhesive Applications,3312,The Strouse Corporation,TRUE,1.604222222,,,5000 Cost of Goods,300000 Sales,13100 Inventory Asset,FALSE
22898,92-W2.5,92,Length Units,,Operations,Strouse-HQ,,Average,Default Cost Category,"Polyimide Film Electrical Tape 92, Thermosetting Acrylic Adhesive",TRUE,0.625462963,"3M Company, Inc. Converter Markets",3141,The Strouse Corporation,TRUE,0.625462963,,,5000 Cost of Goods,300000 Sales,13100 Inventory Asset,FALSE
22899,RFID Tags-W1.102 - CatID-22899,RFID Tags,"Each (Use for Boxes, Bags, Cores, Cases)",3,Operations,Strouse-HQ,,Average,Default Cost Category,I00PADID9D25,TRUE,0.192377495,Identiv,3419,The Strouse Corporation,TRUE,0.192377495,,,5000 Cost of Goods,300000 Sales,13100 Inventory Asset,FALSE
22902,4712Y-W6,4712Y,Length Units,,Operations,Strouse-HQ,,Average,Default Cost Category,"5 mil, Rubber, Linered Yellow Vinyl Tape",TRUE,0.467303477,"3M Company, Inc. Converter Markets",3141,The Strouse Corporation,TRUE,0.467303477,,,5000 Cost of Goods,300000 Sales,13100 Inventory Asset,FALSE
22903,9425HT-W24,9425HT,Length Units,,Operations,Strouse-HQ,,Average,Default Cost Category,"5 mil, D/C PET, 420/1050, 58# PCK",TRUE,4.600908333,"3M Company, Inc. Converter Markets",3141,The Strouse Corporation,TRUE,4.600908333,,,5000 Cost of Goods,300000 Sales,13100 Inventory Asset,FALSE
22908,4712G-W6,4712G,Length Units,,Operations,Strouse-HQ,,Average,Default Cost Category,"5 mil, Rubber, Linered GREEN Vinyl Tape",TRUE,0.420851319,"3M Company, Inc. Converter Markets",3141,The Strouse Corporation,TRUE,0.420851319,,,5000 Cost of Goods,300000 Sales,13100 Inventory Asset,FALSE
22913,PS55-W5.5,PS55,Length Units,,Operations,Strouse-HQ,,Average,Default Cost Category,Paper Unprinted ,TRUE,0.125240146,Nelipak healthcare packing ,3846,The Strouse Corporation,TRUE,0.125240146,,,5000 Cost of Goods,300000 Sales,13100 Inventory Asset,FALSE
22914,35709-G-W5.5,35709-G,Length Units,,Operations,Strouse-HQ,,Average,Default Cost Category,Film 12/50 Polyplex Unprinted ,TRUE,0.0808,Nelipak healthcare packing ,3846,The Strouse Corporation,TRUE,0.0808,,,5000 Cost of Goods,300000 Sales,13100 Inventory Asset,FALSE
22915,35709-G-W8,35709-G,Length Units,,Operations,Strouse-HQ,,Average,Default Cost Category,Film 12/50 Polyplex Unprinted ,TRUE,0.103289896,Nelipak healthcare packing ,3846,The Strouse Corporation,TRUE,0.103289896,,,5000 Cost of Goods,300000 Sales,13100 Inventory Asset,FALSE
22916,PS55-W8,PS55,Length Units,,Operations,Strouse-HQ,,Average,Default Cost Category,Paper Unprinted ,TRUE,0.164800079,Nelipak healthcare packing ,3846,The Strouse Corporation,TRUE,0.164800079,,,5000 Cost of Goods,300000 Sales,13100 Inventory Asset,FALSE
22917,3073-W2.83,3073,Length Units,,Operations,Strouse-HQ,,Average,Default Cost Category,"Recycled Corrugate Box Sealing Tape 3073, Clear",TRUE,0.030131707,"3M Company, Inc. Converter Markets",3141,The Strouse Corporation,TRUE,0.030131707,,,5000 Cost of Goods,300000 Sales,13100 Inventory Asset,FALSE
22918,850BLK-W1,850BLK,Length Units,,Operations,Strouse-HQ,,Average,Default Cost Category,"850, Tape, PET 1.9 mil Black",TRUE,0.201893519,"3M Company, Inc. Converter Markets",3141,The Strouse Corporation,TRUE,0.201893519,,,5000 Cost of Goods,300000 Sales,13100 Inventory Asset,FALSE
22919,9472LE-W24.25,9472LE,Length Units,,Operations,Strouse-HQ,,Average,Default Cost Category,"5 mil, 300LSE, 58# PCK",TRUE,2.119363889,"3M Company, Inc. Converter Markets",3141,The Strouse Corporation,TRUE,2.119363889,,,5000 Cost of Goods,300000 Sales,13100 Inventory Asset,FALSE
22920,78 lb. C1S S75-W7.125,78 lb. C1S S75,Length Units,,Operations,Strouse-HQ,,Average,Default Cost Category,4.4 mil 78 lb. Tight Release C1S Liner,TRUE,0.035739,"Channeled Resources, Inc. (GMC Coatings)",3277,The Strouse Corporation,TRUE,0.035739,,,5000 Cost of Goods,300000 Sales,13100 Inventory Asset,FALSE
22922,10337,10337,"Each (Use for Boxes, Bags, Cores, Cases)",3,Operations,Strouse-HQ,,Average,Default Cost Category,Tape Dispenser ,TRUE,,Staples,3260,The Strouse Corporation,TRUE,,,,5000 Cost of Goods,300000 Sales,13100 Inventory Asset,FALSE
22923,S-11077,S-11077,"Each (Use for Boxes, Bags, Cores, Cases)",3,Operations,Strouse-HQ,,Average,Default Cost Category,"24 x 16 x 24"" 2 Mil Gusseted Poly Bags 250/carton	",TRUE,,ULINE,3330,The Strouse Corporation,TRUE,,,,5000 Cost of Goods,300000 Sales,13100 Inventory Asset,FALSE
22932,78 lb. C1S BG40-W2.56,78 lb. C1S BG40,Length Units,,Operations,Strouse-HQ,,Average,Default Cost Category,4.4 mil 78 lb. Medium Release C1S Liner,TRUE,0.01096704,"Channeled Resources, Inc. (GMC Coatings)",3277,The Strouse Corporation,TRUE,0.01096704,,,5000 Cost of Goods,300000 Sales,13100 Inventory Asset,FALSE
22934,RE-5-W3,RE-5,Length Units,,Operations,Strouse-HQ,,Average,Default Cost Category,2 mil clear TC PET/RE-5(4#) /40# liner,TRUE,0.05202069,3 Sigma Corporation,3610,The Strouse Corporation,TRUE,0.05202069,,,5000 Cost of Goods,300000 Sales,13100 Inventory Asset,FALSE
22938,FRA 3306 S1S-W4 - CatID-22938,FRA 3306 S1S,Length Units,,Operations,Strouse-HQ,,Average,Default Cost Category,"2 mil PET Liner, FRA 3306, S1S Medium release",TRUE,0.021121212,Fox River Associates,4046,The Strouse Corporation,TRUE,0.021121212,,,5000 Cost of Goods,300000 Sales,13100 Inventory Asset,FALSE
22942,FRA 312 (Q200)-W54.33,FRA 312 (Q200),Length Units,,Operations,Strouse-HQ,,Average,Default Cost Category,2 mil Clear Polyester S1S Easy - Medium Release Liner,TRUE,0.3,Fox River Associates,4046,The Strouse Corporation,TRUE,0.3,,,5000 Cost of Goods,300000 Sales,13100 Inventory Asset,FALSE
22943,Q300-W56,Q300,Length Units,,Operations,Strouse-HQ,,Average,Default Cost Category,2 mil Clear Polyester S1S Medium Release Liner,TRUE,0.3145,Fox River Associates,4046,The Strouse Corporation,TRUE,0.3145,,,5000 Cost of Goods,300000 Sales,13100 Inventory Asset,FALSE
22944,Q300-W25,Q300,Length Units,,Operations,Strouse-HQ,,Average,Default Cost Category,2 mil Clear Polyester S1S Medium Release Liner,TRUE,0.1461,Fox River Associates,4046,The Strouse Corporation,TRUE,0.1461,,,5000 Cost of Goods,300000 Sales,13100 Inventory Asset,FALSE
22946,78 lb. C1S BG0-W6,78 lb. C1S BG0,Length Units,,Operations,Strouse-HQ,,Average,Default Cost Category,4.4 mil 78 lb. Easy Release C1S Liner - LOG,TRUE,0.0257,"Channeled Resources, Inc. (GMC Coatings)",3277,The Strouse Corporation,TRUE,0.0257,,,5000 Cost of Goods,300000 Sales,13100 Inventory Asset,FALSE
22953,9576-W6.156,9576,Length Units,,Operations,Strouse-HQ,,Average,Default Cost Category,"Double Coated Tape Clear, 4 mil",TRUE,0.458700813,"3M Company, Inc. Converter Markets",3141,The Strouse Corporation,TRUE,0.458700813,,,5000 Cost of Goods,300000 Sales,13100 Inventory Asset,FALSE
22955,1524-W12,1524,Length Units,,Operations,Strouse-HQ,,Average,Default Cost Category,"1524, polyester fiber filled transfer adhesive, 2.5 mils, 54# liner",TRUE,1.048983407,"3M Company, Inc. Converter Markets",3141,The Strouse Corporation,TRUE,1.048983407,,,5000 Cost of Goods,300000 Sales,13100 Inventory Asset,FALSE
22957,9816M-W8,9816M,Length Units,,Operations,Strouse-HQ,,Average,Default Cost Category,"3.5 mil Double Coated Tape, Rubber Adhesive on 74# Kraft Liner",TRUE,0.2514,"3M Company, Inc. Converter Markets",3141,The Strouse Corporation,TRUE,0.2514,,,5000 Cost of Goods,300000 Sales,13100 Inventory Asset,FALSE
22959,PT1100-W11.811,PT1100,Length Units,,Operations,Strouse-HQ,,Average,Default Cost Category,Acrylic Foam Tape ,TRUE,4.076111111,"3M Company, Inc. Converter Markets",3141,The Strouse Corporation,TRUE,4.076111111,,,5000 Cost of Goods,300000 Sales,13100 Inventory Asset,FALSE
22960,78 lb. C1S-W48,78 lb. C1S,Length Units,,Operations,Strouse-HQ,,Average,Default Cost Category,4.5 mil C1S Silicone Medium Release Liner (not clay coated),TRUE,0.23,The Griff Network,3251,The Strouse Corporation,TRUE,0.23,,,5000 Cost of Goods,300000 Sales,13100 Inventory Asset,FALSE
22961,6A White Volara/PSA-60-W60,6A White Volara/PSA-60,Length Units,,Operations,Strouse-HQ,,Average,Default Cost Category,"Foam .063"" thick, 6A, white volara /with PSA-60",TRUE,2.655761905,Rubberlite,3303,The Strouse Corporation,TRUE,2.655761905,,,5000 Cost of Goods,300000 Sales,13100 Inventory Asset,FALSE
22970,54 lb. C1S S0-W2.65,54 lb. C1S S0,Length Units,,Operations,Strouse-HQ,,Average,Default Cost Category,3.2 mil 54 lb. Easy Release C1S Liner,TRUE,0.00925,"Channeled Resources, Inc. (GMC Coatings)",3277,The Strouse Corporation,TRUE,0.00925,,,5000 Cost of Goods,300000 Sales,13100 Inventory Asset,FALSE
22971,827 Clear-W4,827 Clear,Length Units,,Operations,Strouse-HQ,,Average,Default Cost Category,"827, PE film tape, Rubber adhesive,
Clear ",TRUE,0.141,Berry Global,3254,The Strouse Corporation,TRUE,0.141,,,5000 Cost of Goods,300000 Sales,13100 Inventory Asset,FALSE
22972,93375K607-W1,93375K607,Length Units,,Operations,Strouse-HQ,,Average,Default Cost Category,"Multipurpose Neoprene Foam Strip with Adhesive-Back, Soft, 1/32"" thick",TRUE,3.135,McMaster-Carr,3281,The Strouse Corporation,TRUE,3.135,,,5000 Cost of Goods,300000 Sales,13100 Inventory Asset,FALSE
22975,33515-W10.75,33515,Length Units,,Operations,Strouse-HQ,,Average,Default Cost Category,"Vinyl  Tape - Gray (0.015"")",TRUE,1.828,"3M Company, Inc. Converter Markets",3141,The Strouse Corporation,TRUE,1.828,,,5000 Cost of Goods,300000 Sales,13100 Inventory Asset,FALSE
22979,9425HT-W11.625,9425HT,Length Units,,Operations,Strouse-HQ,,Average,Default Cost Category,"5 mil, D/C PET, 420/1050, 58# PCK",TRUE,2.709344444,"3M Company, Inc. Converter Markets",3141,The Strouse Corporation,TRUE,2.709344444,,,5000 Cost of Goods,300000 Sales,13100 Inventory Asset,FALSE
22981,8427-002000-W2,8427-002000,"Each (Use for Boxes, Bags, Cores, Cases)",3,Operations,Strouse-HQ,,Average,Default Cost Category,"1.035"" ID, 0.125"" REX Tape, White liner, Parch cover.",TRUE,,"Yazoo Mills, Inc.",3272,The Strouse Corporation,TRUE,,,,5000 Cost of Goods,300000 Sales,13100 Inventory Asset,FALSE
22982,35-W0.75 - CatID-22982,35,Length Units,,Operations,Strouse-HQ,,Average,Default Cost Category,"35, 3M GREY,  Electrical Grade Vinyl",TRUE,0.060419697,"3M Company, Inc. Converter Markets",3141,The Strouse Corporation,TRUE,0.060419697,,,5000 Cost of Goods,300000 Sales,13100 Inventory Asset,FALSE
22985,1280 - CatID-22985,1280,Length Units,,Operations,Strouse-HQ,,Average,Default Cost Category,"Circuit Plating Tape 1280 Red, 4.2 mil",TRUE,0.045014815,"3M Company, Inc. Converter Markets",3141,The Strouse Corporation,TRUE,0.045014815,,,5000 Cost of Goods,300000 Sales,13100 Inventory Asset,FALSE
22989,401+-W2.625,401+,Length Units,,Operations,Strouse-HQ,,Average,Default Cost Category,Performance Masking  401+,TRUE,0.080489198,"3M Company, Inc. Converter Markets",3141,The Strouse Corporation,TRUE,0.080489198,,,5000 Cost of Goods,300000 Sales,13100 Inventory Asset,FALSE
22991,2132-W5.438,2132,Length Units,,Operations,Strouse-HQ,,Average,Default Cost Category,"Double Coated Foam 1/32"" Rubber",TRUE,0.349118827,Avery Dennison-Specialty Tape Division,3239,The Strouse Corporation,TRUE,0.349118827,,,5000 Cost of Goods,300000 Sales,13100 Inventory Asset,FALSE
22992,467MPF-W3.75,467MPF,Length Units,,Operations,Strouse-HQ,,Average,Default Cost Category,"2 mil, 200, 2 mil PET liner.",TRUE,0.294770642,"3M Company, Inc. Converter Markets",3141,The Strouse Corporation,TRUE,0.294770642,,,5000 Cost of Goods,300000 Sales,13100 Inventory Asset,FALSE
22993,467MPF-W3.93,467MPF,Length Units,,Operations,Strouse-HQ,,Average,Default Cost Category,"2 mil, 200, 2 mil PET liner.",TRUE,0.204920571,"3M Company, Inc. Converter Markets",3141,The Strouse Corporation,TRUE,0.204920571,,,5000 Cost of Goods,300000 Sales,13100 Inventory Asset,FALSE
22994,467MPF-W3.82,467MPF,Length Units,,Operations,Strouse-HQ,,Average,Default Cost Category,"2 mil, 200, 2 mil PET liner.",TRUE,0.199184881,"3M Company, Inc. Converter Markets",3141,The Strouse Corporation,TRUE,0.199184881,,,5000 Cost of Goods,300000 Sales,13100 Inventory Asset,FALSE
22995,467MPF-W3.8,467MPF,Length Units,,Operations,Strouse-HQ,,Average,Default Cost Category,"2 mil, 200, 2 mil PET liner.",TRUE,0.198148148,"3M Company, Inc. Converter Markets",3141,The Strouse Corporation,TRUE,0.198148148,,,5000 Cost of Goods,300000 Sales,13100 Inventory Asset,FALSE
22997,5319-W35.4,5319,Length Units,,Operations,Strouse-HQ,,Average,Default Cost Category,"Double sided Foam tape, Acrylic,Black, 25 mil",TRUE,4.166666667,AFTC USA Inc.,3393,The Strouse Corporation,TRUE,4.166666667,,,5000 Cost of Goods,300000 Sales,13100 Inventory Asset,FALSE
22998,4611-W6,4611,Length Units,,Operations,Strouse-HQ,,Average,Default Cost Category,"45 mil, D/C Grey Acrylic, VHB ",TRUE,3.466561111,"3M Company, Inc. Converter Markets",3141,The Strouse Corporation,TRUE,3.466561111,,,5000 Cost of Goods,300000 Sales,13100 Inventory Asset,FALSE
22999,8898 Ivory-W0.944,8898 Ivory,Length Units,,Operations,Strouse-HQ,,Average,Default Cost Category,"Strapping Tape 8898, Ivory, 24 mm x 55 m, 4.6 mil, 36 rolls per case",TRUE,0.009333333,"3M Company, Inc. Converter Markets",3141,The Strouse Corporation,TRUE,0.009333333,,,5000 Cost of Goods,300000 Sales,13100 Inventory Asset,FALSE
23001,FM01860N-W6,FM01860N,Length Units,,Operations,Strouse-HQ,,Average,Default Cost Category,"Polyester, Removable Label Material",TRUE,0.18139308,"3M Company, Inc. Converter Markets",3141,The Strouse Corporation,TRUE,0.18139308,,,5000 Cost of Goods,300000 Sales,13100 Inventory Asset,FALSE
23004,8891-W5.25,8891,Length Units,,Operations,Strouse-HQ,,Average,Default Cost Category,"PREPRINTED, 2.5 mil 42# Easy Release Liner - PRODIGAL SON VENTURES",TRUE,0.018018,"Channeled Resources, Inc. (GMC Coatings)",3277,The Strouse Corporation,TRUE,0.018018,,,5000 Cost of Goods,300000 Sales,13100 Inventory Asset,FALSE
23005,9469PC-W37,9469PC,Length Units,,Operations,Strouse-HQ,,Average,Default Cost Category,"Adhesive Transfer Tape, Transparent, 5 mil, ",TRUE,7.4897,"3M Company, Inc. Converter Markets",3141,The Strouse Corporation,TRUE,7.4897,,,5000 Cost of Goods,300000 Sales,13100 Inventory Asset,FALSE
23006,9469PC-W23,9469PC,Length Units,,Operations,Strouse-HQ,,Average,Default Cost Category,"Adhesive Transfer Tape, Transparent, 5 mil, ",TRUE,4.655761111,"3M Company, Inc. Converter Markets",3141,The Strouse Corporation,TRUE,4.655761111,,,5000 Cost of Goods,300000 Sales,13100 Inventory Asset,FALSE
23010,468MP-W2.9,468MP,Length Units,,Operations,Strouse-HQ,,Average,Default Cost Category,"5 mil, 200MP, 58#PCK",TRUE,0.195642857,"3M Company, Inc. Converter Markets",3141,The Strouse Corporation,TRUE,0.195642857,,,5000 Cost of Goods,300000 Sales,13100 Inventory Asset,FALSE
23011,MD-1320-60NL-54-W7.71,MD-1320-60NL-54,Length Units,,Operations,Strouse-HQ,,Average,Default Cost Category,"Adhesive, double coated, medical, rubber based adhesive.",TRUE,0.11312225,Coating & Converting Technologies,4042,The Strouse Corporation,TRUE,0.11312225,,,5000 Cost of Goods,300000 Sales,13100 Inventory Asset,FALSE
23012,467MP-W16,467MP,Length Units,,Operations,Strouse-HQ,,Average,Default Cost Category,"2 mil, 200MP, 58# PCK",TRUE,0.926247593,"3M Company, Inc. Converter Markets",3141,The Strouse Corporation,TRUE,0.926247593,,,5000 Cost of Goods,300000 Sales,13100 Inventory Asset,FALSE
23016,T9EXPPA0010W00M-W11,T9EXPPA0010W00M,Length Units,,Operations,Strouse-HQ,,Average,Default Cost Category,CSM - MMM0.1 Membrane,TRUE,0,Google/Fitbit LLC,3749,The Strouse Corporation,TRUE,0,,,5000 Cost of Goods,300000 Sales,13100 Inventory Asset,FALSE
23019,Nomex 410-W3.875,Nomex 410,Length Units,,Operations,Strouse-HQ,,Average,Default Cost Category,"Nomex 410, 2 mil, Insulation paper, high inherent dielectric strength, mechanical toughness, flexibility & resilience",TRUE,0.246913556,"Electrolock, Inc.",3646,The Strouse Corporation,TRUE,0.246913556,,,5000 Cost of Goods,300000 Sales,13100 Inventory Asset,FALSE
23020,GPM-63-W55.5,GPM-63,Length Units,,Operations,Strouse-HQ,,Average,Default Cost Category,"Masking Tape, 5 mil utility",TRUE,0.383333333,Adhesive Tape Products,3237,The Strouse Corporation,TRUE,0.383333333,,,5000 Cost of Goods,300000 Sales,13100 Inventory Asset,FALSE
23023,5419-W4,5419,Length Units,,Operations,Strouse-HQ,,Average,Default Cost Category,Low Static Polyimide Film Tape,TRUE,2.204884259,"3M Company, Inc. Converter Markets",3141,The Strouse Corporation,TRUE,2.204884259,,,5000 Cost of Goods,300000 Sales,13100 Inventory Asset,FALSE
23024,9907T-W5,9907T,Length Units,,Operations,Strouse-HQ,,Average,Default Cost Category,"Tape, Tan Elastic Nonwoven , 55# Liner",TRUE,0.56819439,"3M Company, Inc. Converter Markets",3141,The Strouse Corporation,TRUE,0.56819439,,,5000 Cost of Goods,300000 Sales,13100 Inventory Asset,FALSE
23025,54 Lb. C2S BG0/BG0-W6.75,54 Lb. C2S BG0/BG0,Length Units,,Operations,Strouse-HQ,,Average,Default Cost Category,3.2 mil 54 lb. Easy Release Liner C2S BG0/BG0(Easy/Easy),TRUE,0.0305046,"Channeled Resources, Inc. (GMC Coatings)",3277,The Strouse Corporation,TRUE,0.0305046,,,5000 Cost of Goods,300000 Sales,13100 Inventory Asset,FALSE
23028,BFI4170-0003-W12,BFI4170-0003,Length Units,,Operations,Strouse-HQ,,Average,Default Cost Category,4170 White treated outside SWS Film (opacity),TRUE,0.0525,Bostik Inc. ,3376,The Strouse Corporation,TRUE,0.0525,,,5000 Cost of Goods,300000 Sales,13100 Inventory Asset,FALSE
23029,427000-0035-W50,427000-0035,Length Units,,Operations,Strouse-HQ,,Average,Default Cost Category,CSM - 70 NAT SC M11 50,TRUE,0,American Biltrite,3238,The Strouse Corporation,TRUE,0,,,5000 Cost of Goods,300000 Sales,13100 Inventory Asset,FALSE
23033,FLX006979-W6,FLX006979,Length Units,,Operations,Strouse-HQ,,Average,Default Cost Category,Dermaflex NNRU 100 clear H-566 spe 50K-9,TRUE,0,"FLEXcon Company, Inc.",3247,The Strouse Corporation,TRUE,0,,,5000 Cost of Goods,300000 Sales,13100 Inventory Asset,FALSE
23038,UPVC - 24C Dark Green-W2,UPVC - 24C Dark Green,Length Units,,Operations,Strouse-HQ,,Average,Default Cost Category,Dark Green PVC,TRUE,0.01787037,Adhesive Tape Products,3237,The Strouse Corporation,TRUE,0.01787037,,,5000 Cost of Goods,300000 Sales,13100 Inventory Asset,FALSE
23042,TRPV0030 rev. 2-W33.46,TRPV0030 rev. 2,Length Units,,Operations,Strouse-HQ,,Average,Default Cost Category,"CSM - Balloon, PVC, unslit TRB2 ",TRUE,0,Terumo Medical,3662,The Strouse Corporation,TRUE,0,,,5000 Cost of Goods,300000 Sales,13100 Inventory Asset,FALSE
23043,TRPV0031 Rev. 3-W33.07,TRPV0031 Rev. 3,Length Units,,Operations,Strouse-HQ,,Average,Default Cost Category,"CSM - REG Band, PVC, unslit TRB2",TRUE,0,Terumo Medical,3662,The Strouse Corporation,TRUE,0,,,5000 Cost of Goods,300000 Sales,13100 Inventory Asset,FALSE
23044,TRPV0038 rev. 3-W38.39,TRPV0038 rev. 3,Length Units,,Operations,Strouse-HQ,,Average,Default Cost Category,"CSM - LRG Band, PVC, unslit TRB2",TRUE,0,Terumo Medical,3662,The Strouse Corporation,TRUE,0,,,5000 Cost of Goods,300000 Sales,13100 Inventory Asset,FALSE
23045,8985L-W24,8985L,Length Units,,Operations,Strouse-HQ,,Average,Default Cost Category,"Tape, 8985L Anodization Masking, purple",TRUE,1.842890741,"3M Company, Inc. Converter Markets",3141,The Strouse Corporation,TRUE,1.842890741,,,5000 Cost of Goods,300000 Sales,13100 Inventory Asset,FALSE
23047,BH Tape (A135)-W7.75,BH Tape (A135),Length Units,,Operations,Strouse-HQ,,Average,Default Cost Category,"CSM - Medical Tape, 4 mil DC, A135",TRUE,0,3M Medical Solutions Division,3645,The Strouse Corporation,TRUE,0,,,5000 Cost of Goods,300000 Sales,13100 Inventory Asset,FALSE
23048,MED 5707-W5,MED 5707,Length Units,,Operations,Strouse-HQ,,Average,Default Cost Category,"MED 5707, Single Coated 2.4 oz, White Spunlaced Non-Woven Tape",TRUE,0.2822008,Avery - Vancive Medical Technologies,3390,The Strouse Corporation,TRUE,0.2822008,,,5000 Cost of Goods,300000 Sales,13100 Inventory Asset,FALSE
23052,8898 Blue-W0.708,8898 Blue,Length Units,,Operations,Strouse-HQ,,Average,Default Cost Category,Blue Strapping Tape. 18mm x 55M,TRUE,,"3M Company, Inc. Converter Markets",3141,The Strouse Corporation,TRUE,,,,5000 Cost of Goods,300000 Sales,13100 Inventory Asset,FALSE
23059,15106C-W51,15106C,Length Units,,Operations,Strouse-HQ,,Average,Default Cost Category,"Polymask, 15106C",TRUE,0.082236316,"Pregis PolyMask, Inc.",4045,The Strouse Corporation,TRUE,0.082236316,,,5000 Cost of Goods,300000 Sales,13100 Inventory Asset,FALSE
23060,SP-2068-000-39-W6 - CatID-23060,SP-2068-000-39,Length Units,,Operations,Strouse-HQ,,Average,Default Cost Category,"CSM - Copper/Tin metalized 2 mil PET, deep dyed Red",TRUE,0,DyneTec (A Dontech Company),3820,The Strouse Corporation,TRUE,0,,,5000 Cost of Goods,300000 Sales,13100 Inventory Asset,FALSE
23061,8896 - Ivory-W0.9448,8896 - Ivory,Length Units,,Operations,Strouse-HQ,,Average,Default Cost Category,"Strapping Tape 8896, Ivory, 24 mm x 110 m, 36 rolls per case",TRUE,0,"3M Company, Inc. Converter Markets",3141,The Strouse Corporation,TRUE,0,,,5000 Cost of Goods,300000 Sales,13100 Inventory Asset,FALSE
23062,1521-W5.25,1521,Length Units,,Operations,Strouse-HQ,,Average,Default Cost Category,"1521, Polyethelene tape, 6.4 mil. 83#liner",TRUE,0.228488333,"3M Company, Inc. Converter Markets",3141,The Strouse Corporation,TRUE,0.228488333,,,5000 Cost of Goods,300000 Sales,13100 Inventory Asset,FALSE
23063,9576-W2,9576,Length Units,,Operations,Strouse-HQ,,Average,Default Cost Category,"Double Coated Tape , Clear, 4 mil, 24 rolls per case",TRUE,0,"3M Company, Inc. Converter Markets",3141,The Strouse Corporation,TRUE,0,,,5000 Cost of Goods,300000 Sales,13100 Inventory Asset,FALSE
23066,1ID75090-W0.75,1ID75090,"Each (Use for Boxes, Bags, Cores, Cases)",3,Operations,Strouse-HQ,,Average,Default Cost Category,"Plastic Cores, HDPE, 1.02"" ID x 0.090"" Wall",TRUE,,NorthCore Industries,3284,The Strouse Corporation,TRUE,,,,5000 Cost of Goods,300000 Sales,13100 Inventory Asset,FALSE
23067,C60000135ABS-W60,C60000135ABS,"Each (Use for Boxes, Bags, Cores, Cases)",3,Operations,Strouse-HQ,,Average,Default Cost Category,"Plastic Cores, ABS, 6.04"" ID x 0.135"" Wall",TRUE,,NorthCore Industries,3284,The Strouse Corporation,TRUE,,,,5000 Cost of Goods,300000 Sales,13100 Inventory Asset,FALSE
23071,15079444-W60,15079444,"Each (Use for Boxes, Bags, Cores, Cases)",3,Operations,Strouse-HQ,,Average,Default Cost Category,"Plastic Core, PP, 6.03 I.D., 0.155"" wall Natural",TRUE,,Sonoco Plastics,3323,The Strouse Corporation,TRUE,,,,5000 Cost of Goods,300000 Sales,13100 Inventory Asset,FALSE
23072,427000-0036-W61,427000-0036,Length Units,,Operations,Strouse-HQ,,Average,Default Cost Category,CSM 70 MAT SC M11 61 DUALBAK,TRUE,0,American Biltrite,3238,The Strouse Corporation,TRUE,0,,,5000 Cost of Goods,300000 Sales,13100 Inventory Asset,FALSE
23076,PaperCoreB/B-W64-T180,PaperCoreB/B,"Each (Use for Boxes, Bags, Cores, Cases)",3,Operations,Strouse-HQ,,Average,Default Cost Category,"3.032"" I.D. X 0.180""  Brown / Brown cores, knife cut",TRUE,,OX Paper Tube & Core Co,3296,The Strouse Corporation,TRUE,,,,5000 Cost of Goods,300000 Sales,13100 Inventory Asset,FALSE
23077,7604-060000-W60,7604-060000,"Each (Use for Boxes, Bags, Cores, Cases)",3,Operations,Strouse-HQ,,Average,Default Cost Category,"6.040"" ID, 0.375"" REX Tape, Brown / Brown",TRUE,,"Yazoo Mills, Inc.",3272,The Strouse Corporation,TRUE,,,,5000 Cost of Goods,300000 Sales,13100 Inventory Asset,FALSE
23078,44089-000875-W0.875,44089-000875,"Each (Use for Boxes, Bags, Cores, Cases)",3,Operations,Strouse-HQ,,Average,Default Cost Category,"1.021"" ID, 0.125"" REX Tape",TRUE,,"Yazoo Mills, Inc.",3272,The Strouse Corporation,TRUE,,,,5000 Cost of Goods,300000 Sales,13100 Inventory Asset,FALSE
23079,CatID-23079-W3.59,,"Each (Use for Boxes, Bags, Cores, Cases)",3,Operations,Strouse-HQ,,Average,Default Cost Category,"3.032"" I.D .180"" wall Brown / Brown Cores, knife cut",TRUE,,OX Paper Tube & Core Co,3296,The Strouse Corporation,TRUE,,,,5000 Cost of Goods,300000 Sales,13100 Inventory Asset,FALSE
23080,RE-18-W2.5,RE-18,Length Units,,Operations,Strouse-HQ,,Average,Default Cost Category,3 mil clear PET/RE-18/40# liner,TRUE,0.053524878,3 Sigma Corporation,3610,The Strouse Corporation,TRUE,0.053524878,,,5000 Cost of Goods,300000 Sales,13100 Inventory Asset,FALSE
23082,Plastic Sheet-W24-T1.5,Plastic Sheet,"Each (Use for Boxes, Bags, Cores, Cases)",3,Operations,Strouse-HQ,,Average,Default Cost Category,"24"" x 24"" 1.5mil clear polyethylene sheets (1000 Sheets per roll)",TRUE,,Chesapeake Packaging of VA,3241,The Strouse Corporation,TRUE,,,,5000 Cost of Goods,300000 Sales,13100 Inventory Asset,FALSE
23084,A2015DC-W54,A2015DC,Length Units,,Operations,Strouse-HQ,,Average,Default Cost Category,"Adhesive, acrylic based, double coated",TRUE,2.429104938,Adhesive Applications,3312,The Strouse Corporation,TRUE,2.429104938,,,5000 Cost of Goods,300000 Sales,13100 Inventory Asset,FALSE
23085,8591-W24,8591,Length Units,,Operations,Strouse-HQ,,Average,Default Cost Category,"Paint Protection Film , 14 mil, Transparent",TRUE,5.776018519,"3M Company, Inc. Converter Markets",3141,The Strouse Corporation,TRUE,5.776018519,,,5000 Cost of Goods,300000 Sales,13100 Inventory Asset,FALSE
23086,8898 Blue-W1.889,8898 Blue,Length Units,,Operations,Strouse-HQ,,Average,Default Cost Category,Blue Film  Strapping Tape (48mm),TRUE,0,"3M Company, Inc. Converter Markets",3141,The Strouse Corporation,TRUE,0,,,5000 Cost of Goods,300000 Sales,13100 Inventory Asset,FALSE
23087,T9PA200W900R-W9,T9PA200W900R,Length Units,,Operations,Strouse-HQ,,Average,Default Cost Category,"CSM - VIVID PLASMA SEPARATION-GR-9""",TRUE,0,Google/Fitbit LLC,3749,The Strouse Corporation,TRUE,0,,,5000 Cost of Goods,300000 Sales,13100 Inventory Asset,FALSE
23089,208-W0.5,208,Length Units,,Operations,Strouse-HQ,,Average,Default Cost Category,"Clear, Polypropylene, Medium Coat Weight",TRUE,0.001188,Achem ,3855,The Strouse Corporation,TRUE,0.001188,,,5000 Cost of Goods,300000 Sales,13100 Inventory Asset,FALSE
23091,1205-W0.5,1205,Length Units,,Operations,Strouse-HQ,,Average,Default Cost Category,"Polyimide Film Electrical Tape , Amber, Acrylic Adhesive, 1 mil film,",TRUE,0.203480556,"3M Company, Inc. Converter Markets",3141,The Strouse Corporation,TRUE,0.203480556,,,5000 Cost of Goods,300000 Sales,13100 Inventory Asset,FALSE
23092,A802-W23.75,A802,Length Units,,Operations,Strouse-HQ,,Average,Default Cost Category,"LSE, Acrylic , 2mil , Clear ",TRUE,0.91392,Adhesive Applications,3312,The Strouse Corporation,TRUE,0.91392,,,5000 Cost of Goods,300000 Sales,13100 Inventory Asset,FALSE
23093,"CSM-fiber tape 27"" outside dims 25"" with 25"" of material-W27","CSM - fiber tape 27"" outside dims 25"" with 25"" of material",Length Units,,Operations,Strouse-HQ,,Average,Default Cost Category,"CSM - fiber tape 27"" outside dims 25"" with 25"" of material ",TRUE,0,North Sails ,3830,The Strouse Corporation,TRUE,0,,,5000 Cost of Goods,300000 Sales,13100 Inventory Asset,FALSE
23094,8926-02-W23,8926-02,Length Units,,Operations,Strouse-HQ,,Average,Default Cost Category,CSM - Thermally Conductive Interface Tape,TRUE,0,JumpLights LLC,3722,The Strouse Corporation,TRUE,0,,,5000 Cost of Goods,300000 Sales,13100 Inventory Asset,FALSE
23098,1522-W2.125,1522,Length Units,,Operations,Strouse-HQ,,Average,Default Cost Category,6.3 mil D/C polyethylene with 80 lb. BK liner,TRUE,,"3M Company, Inc. Converter Markets",3141,The Strouse Corporation,TRUE,,,,5000 Cost of Goods,300000 Sales,13100 Inventory Asset,FALSE
23101,3150.160-W6.29 - CatID-23101,3150.160,Length Units,,Operations,Strouse-HQ,,Average,Default Cost Category,CSM - Hydrophilic PU foam,TRUE,0,Global BioMedical Technologies,3765,The Strouse Corporation,TRUE,0,,,5000 Cost of Goods,300000 Sales,13100 Inventory Asset,FALSE
23103,40PR-W6.75,40PR,Length Units,,Operations,Strouse-HQ,,Average,Default Cost Category,Clear Anti-Static Tape,TRUE,0.646018519,"3M Company, Inc. Converter Markets",3141,The Strouse Corporation,TRUE,0.646018519,,,5000 Cost of Goods,300000 Sales,13100 Inventory Asset,FALSE
23107,9907W-W7,9907W,Length Units,,Operations,Strouse-HQ,,Average,Default Cost Category,"Single sided Elastic Nonwoven Fabric, 55# Liner ",TRUE,0.79547225,"3M Company, Inc. Converter Markets",3141,The Strouse Corporation,TRUE,0.79547225,,,5000 Cost of Goods,300000 Sales,13100 Inventory Asset,FALSE
23108,SG15106B-W48,SG15106B,Length Units,,Operations,Strouse-HQ,,Average,Default Cost Category,"Polymask, SG15106B",TRUE,0.10415,"Pregis PolyMask, Inc.",4045,The Strouse Corporation,TRUE,0.10415,,,5000 Cost of Goods,300000 Sales,13100 Inventory Asset,FALSE
23109,MD-1320-61-54-W7.71,MD-1320-61-54,Length Units,,Operations,Strouse-HQ,,Average,Default Cost Category,"Adhesive, double coated, medical, rubber based adhesive.",TRUE,0.22624455,Coating & Converting Technologies,4042,The Strouse Corporation,TRUE,0.22624455,,,5000 Cost of Goods,300000 Sales,13100 Inventory Asset,FALSE
23110,Nomex 410-W4.25,Nomex 410,Length Units,,Operations,Strouse-HQ,,Average,Default Cost Category,"Nomex 410, 2 mil, Insulation paper, high inherent dielectric strength, mechanical toughness, flexibility & resilience",TRUE,0.2727,"Electrolock, Inc.",3646,The Strouse Corporation,TRUE,0.2727,,,5000 Cost of Goods,300000 Sales,13100 Inventory Asset,FALSE
23111,444-W3.5,444,Length Units,,Operations,Strouse-HQ,,Average,Default Cost Category,"3.8 mil, 300, 55# DK ",TRUE,0.626694444,"3M Company, Inc. Converter Markets",3141,The Strouse Corporation,TRUE,0.626694444,,,5000 Cost of Goods,300000 Sales,13100 Inventory Asset,FALSE
23112,PE-3-W8.75,PE-3,Length Units,,Operations,Strouse-HQ,,Average,Default Cost Category,2 mil clear non topcoated PET/PE-3A(FG)/40# liner ,TRUE,0,3 Sigma Corporation,3610,The Strouse Corporation,TRUE,0,,,5000 Cost of Goods,300000 Sales,13100 Inventory Asset,FALSE
23113,PE-3-W3.75,PE-3,Length Units,,Operations,Strouse-HQ,,Average,Default Cost Category,2 mil clear non topcoated PET/PE-3A(FG)/40# liner ,TRUE,0,3 Sigma Corporation,3610,The Strouse Corporation,TRUE,0,,,5000 Cost of Goods,300000 Sales,13100 Inventory Asset,FALSE
23115,CatID-23115-W0.079,,Unit-Base M (Use for Finished Goods),5,Operations,Strouse-HQ,,Average,Default Cost Category,2.0mm  SS440C  Grade 25 Stainless Steel Balls// PART IN M,TRUE,,Salem Specialty Ball Co.,3860,The Strouse Corporation,TRUE,,,,5000 Cost of Goods,300000 Sales,13100 Inventory Asset,FALSE
23116,468MP-W16,468MP,Length Units,,Operations,Strouse-HQ,,Average,Default Cost Category,"5 mil, 200MP, 58#PCK",TRUE,1.218888889,"3M Company, Inc. Converter Markets",3141,The Strouse Corporation,TRUE,1.218888889,,,5000 Cost of Goods,300000 Sales,13100 Inventory Asset,FALSE
23123,468MP-W1.96,468MP,Length Units,,Operations,Strouse-HQ,,Average,Default Cost Category,"5 mil, 200MP, 58#PCK",TRUE,0.237088235,"3M Company, Inc. Converter Markets",3141,The Strouse Corporation,TRUE,0.237088235,,,5000 Cost of Goods,300000 Sales,13100 Inventory Asset,FALSE
23124,78 lb. C1S BG0-W8,78 lb. C1S BG0,Length Units,,Operations,Strouse-HQ,,Average,Default Cost Category,4.4 mil 78 lb. Easy Release C1S Liner ,TRUE,0.051933333,"Channeled Resources, Inc. (GMC Coatings)",3277,The Strouse Corporation,TRUE,0.051933333,,,5000 Cost of Goods,300000 Sales,13100 Inventory Asset,FALSE
23128,32B88111-W6.75,32B88111,Length Units,,Operations,Strouse-HQ,,Average,Default Cost Category,Hips RL 0.015 WT 105 MT/MT EX NM PRIMEX DIGIHIPS (In-house),TRUE,0.11407228,Polymershapes - Jessup,3375,The Strouse Corporation,TRUE,0.11407228,,,5000 Cost of Goods,300000 Sales,13100 Inventory Asset,FALSE
23133,5915P-W24,5915P,Length Units,,Operations,Strouse-HQ,,Average,Default Cost Category,"5915P VHB Tape, Black, 16 mil",TRUE,17.32159074,"3M Company, Inc. Converter Markets",3141,The Strouse Corporation,TRUE,17.32159074,,,5000 Cost of Goods,300000 Sales,13100 Inventory Asset,FALSE
23138,4083-W1.25,4083,Length Units,,Operations,Strouse-HQ,,Average,Default Cost Category,"Diamond Grade™ DG³ Reflective Sheeting , Fluorescent Yellow-Green, ",TRUE,0.434295333,"3M Company, Inc. Converter Markets",3141,The Strouse Corporation,TRUE,0.434295333,,,5000 Cost of Goods,300000 Sales,13100 Inventory Asset,FALSE
23139,614URM-W7,614URM,Length Units,,Operations,Strouse-HQ,,Average,Default Cost Category,"1.82 mil Clear Polyester Overlaminate Removable Adhesive
",TRUE,0.088536,Avery Dennison  (Formerly know as ACPO Ltd.),3300,The Strouse Corporation,TRUE,0.088536,,,5000 Cost of Goods,300000 Sales,13100 Inventory Asset,FALSE
23141,1086781-W1.889,1086781,Length Units,,Operations,Strouse-HQ,,Average,Default Cost Category,827 CLR Poly SPL (48mm x 33m),TRUE,0.073333333,Berry Global,3254,The Strouse Corporation,TRUE,0.073333333,,,5000 Cost of Goods,300000 Sales,13100 Inventory Asset,FALSE
23146,TT100 V29 200 Poly SC6 200 Poly H9-W20.0312,TT100 V29 200 Poly SC6 200 Poly H9,Length Units,,Operations,Strouse-HQ,,Average,Default Cost Category,TT100 V29 200 Poly SC6 200 Poly H9,TRUE,0.896596429,"FLEXcon Company, Inc.",3247,The Strouse Corporation,TRUE,0.896596429,,,5000 Cost of Goods,300000 Sales,13100 Inventory Asset,FALSE
23147,983-23-W1.25,983-23,Length Units,,Operations,Strouse-HQ,,Average,Default Cost Category,"Tape, ES Fluorescent  Yellow-Green 
No premask option ",TRUE,0.340092667,"3M Company, Inc. Converter Markets",3141,The Strouse Corporation,TRUE,0.340092667,,,5000 Cost of Goods,300000 Sales,13100 Inventory Asset,FALSE
23148,AG625-6-W8.75,AG625-6,Length Units,,Operations,Strouse-HQ,,Average,Default Cost Category,CSM - Hydro Gel,TRUE,0,Johnson Medtech,3658,The Strouse Corporation,TRUE,0,,,5000 Cost of Goods,300000 Sales,13100 Inventory Asset,FALSE
23149,78-6164-0078-0,78-6164-0078-0,"Each (Use for Boxes, Bags, Cores, Cases)",3,Operations,Strouse-HQ,,Average,Default Cost Category,CSM - Reels ,TRUE,,3M Electronic Solutions Division,3591,The Strouse Corporation,TRUE,,,,5000 Cost of Goods,300000 Sales,13100 Inventory Asset,FALSE
23154,192584-W10,192584,Length Units,,Operations,Strouse-HQ,,Average,Default Cost Category,CSM - NOR5001 6mil Sil Gel White PC,TRUE,0,"Nourisse Naturals,  LLC",3674,The Strouse Corporation,TRUE,0,,,5000 Cost of Goods,300000 Sales,13100 Inventory Asset,FALSE
23157,UPVC - 24YP-W5.905,UPVC - 24YP,Length Units,,Operations,Strouse-HQ,,Average,Default Cost Category,Yellow UPVC (150mm),TRUE,0.030018473,Adhesive Tape Products,3237,The Strouse Corporation,TRUE,0.030018473,,,5000 Cost of Goods,300000 Sales,13100 Inventory Asset,FALSE
23158,6612 HIPS-W40.5,6612 HIPS,Length Units,,Operations,Strouse-HQ,,Average,Default Cost Category,"HIPS, .015 White HIPS, Matte/Gloss",TRUE,0.518,Polymershapes - Jessup,3375,The Strouse Corporation,TRUE,0.518,,,5000 Cost of Goods,300000 Sales,13100 Inventory Asset,FALSE
23160,"1/8"" EPDM-W36","1/8"" EPDM",Length Units,,Operations,Strouse-HQ,,Average,Default Cost Category,"1/8"" EPDM",TRUE,0,Lockheed Martin Corporation - RMS Baltimore,3822,The Strouse Corporation,TRUE,0,,,5000 Cost of Goods,300000 Sales,13100 Inventory Asset,FALSE
23161,54lb C2S SL1/SL4 Liner-W3.36,54lb C2S SL1/SL4 Liner,Length Units,,Operations,Strouse-HQ,,Average,Default Cost Category,"3.2 mil 54 lb, C2S SL1/SL4 Easy/Medium Release Liner",TRUE,0.01397088,"Channeled Resources, Inc. (GMC Coatings)",3277,The Strouse Corporation,TRUE,0.01397088,,,5000 Cost of Goods,300000 Sales,13100 Inventory Asset,FALSE
23168,401+-W58,401+,Length Units,,Operations,Strouse-HQ,,Average,Default Cost Category,Performance Masking  401+,TRUE,1.778381111,"3M Company, Inc. Converter Markets",3141,The Strouse Corporation,TRUE,1.778381111,,,5000 Cost of Goods,300000 Sales,13100 Inventory Asset,FALSE
23171,467MP-W4.5,467MP,Length Units,,Operations,Strouse-HQ,,Average,Default Cost Category,"2 mil, 200MP, 58# PCK",TRUE,0.270861111,"3M Company, Inc. Converter Markets",3141,The Strouse Corporation,TRUE,0.270861111,,,5000 Cost of Goods,300000 Sales,13100 Inventory Asset,FALSE
23172,467MP-W5.375,467MP,Length Units,,Operations,Strouse-HQ,,Average,Default Cost Category,"2 mil, 200MP, 58# PCK",TRUE,0.323525,"3M Company, Inc. Converter Markets",3141,The Strouse Corporation,TRUE,0.323525,,,5000 Cost of Goods,300000 Sales,13100 Inventory Asset,FALSE
23175,5357-W35.43,5357,Length Units,,Operations,Strouse-HQ,,Average,Default Cost Category,"Foam tape, Acrylic Adhesive, .062"" thick",TRUE,6.111111111,AFTC USA Inc.,3393,The Strouse Corporation,TRUE,6.111111111,,,5000 Cost of Goods,300000 Sales,13100 Inventory Asset,FALSE
23176,9824-W54,9824,Length Units,,Operations,Strouse-HQ,,Average,Default Cost Category,"9824, Double Coated Tape, Clear",TRUE,1.909144815,"3M Company, Inc. Converter Markets",3141,The Strouse Corporation,TRUE,1.909144815,,,5000 Cost of Goods,300000 Sales,13100 Inventory Asset,FALSE
23177,25A29C-W9.5,25A29C,Length Units,,Operations,Strouse-HQ,,Average,Default Cost Category,2.5 mil Clear  Protective Film,TRUE,0.12823,"Pregis PolyMask, Inc.",4045,The Strouse Corporation,TRUE,0.12823,,,5000 Cost of Goods,300000 Sales,13100 Inventory Asset,FALSE
23178,FP0862-W12,FP0862,Length Units,,Operations,Strouse-HQ,,Average,Default Cost Category,"FP0862, Removable Label Materials, .002 Clear Polypropylene TC2S",TRUE,0.2754864,"3M Company, Inc. Converter Markets",3141,The Strouse Corporation,TRUE,0.2754864,,,5000 Cost of Goods,300000 Sales,13100 Inventory Asset,FALSE
23185,78 lb. C1S BG0-W9.25,78 lb. C1S BG0,Length Units,,Operations,Strouse-HQ,,Average,Default Cost Category,4.4 mil 78 lb. Easy Release C1S Liner - LOG,TRUE,0.055833333,"Channeled Resources, Inc. (GMC Coatings)",3277,The Strouse Corporation,TRUE,0.055833333,,,5000 Cost of Goods,300000 Sales,13100 Inventory Asset,FALSE
23186,4930-W1.25,4930,Length Units,,Operations,Strouse-HQ,,Average,Default Cost Category,"Foam, 25 mil, VHB, double coated white",TRUE,1.24770463,"3M Company, Inc. Converter Markets",3141,The Strouse Corporation,TRUE,1.24770463,,,5000 Cost of Goods,300000 Sales,13100 Inventory Asset,FALSE
23187,CSM - PVDF 3 mil thick-W19,CSM - PVDF 3 mil thick,Length Units,,Operations,Strouse-HQ,,Average,Default Cost Category,CSM - PVDF 3 mil thick,TRUE,0,"NanoNiFe, LLC",3861,The Strouse Corporation,TRUE,0,,,5000 Cost of Goods,300000 Sales,13100 Inventory Asset,FALSE
23188,4930-W4,4930,"Each (Use for Boxes, Bags, Cores, Cases)",3,Operations,Strouse-HQ,,Average,Default Cost Category,"3M 4930 VHB Tape 4"" x 10"", White, 25 mil, 6PK",TRUE,6.81,Zoro.com,3718,The Strouse Corporation,TRUE,6.81,,,5000 Cost of Goods,300000 Sales,13100 Inventory Asset,FALSE
23190,9458-W10,9458,Length Units,,Operations,Strouse-HQ,,Average,Default Cost Category,"Adhesive Transfer Tape , Clear, 1 mil",TRUE,0.701623148,"3M Company, Inc. Converter Markets",3141,The Strouse Corporation,TRUE,0.701623148,,,5000 Cost of Goods,300000 Sales,13100 Inventory Asset,FALSE
23194,Spandex-W58 - CatID-23194,Spandex,Length Units,,Operations,Strouse-HQ,,Average,Default Cost Category,"CSM - Spandex, MILISKIN SHINY - MOCHA 62",TRUE,,Sunrise Strips,3677,The Strouse Corporation,TRUE,,,,5000 Cost of Goods,300000 Sales,13100 Inventory Asset,FALSE
23195,Spandex-W58 - CatID-23195,Spandex,Length Units,,Operations,Strouse-HQ,,Average,Default Cost Category,"CSM - Spandex, MILISKIN MATTE - SAMBA YELLOW 11",TRUE,,Sunrise Strips,3677,The Strouse Corporation,TRUE,,,,5000 Cost of Goods,300000 Sales,13100 Inventory Asset,FALSE
23196,Spandex-W58 - CatID-23196,Spandex,Length Units,,Operations,Strouse-HQ,,Average,Default Cost Category,"CSM - Spandex, ARABIAN BLUE 29",TRUE,,Sunrise Strips,3677,The Strouse Corporation,TRUE,,,,5000 Cost of Goods,300000 Sales,13100 Inventory Asset,FALSE
23197,PMS 525,PMS 525,"Each (Use for Boxes, Bags, Cores, Cases)",3,Operations,Strouse-HQ,,Average,Default Cost Category,Purple water base film III,TRUE,,Siegwerk Environmental Inks,3245,The Strouse Corporation,TRUE,,,,5000 Cost of Goods,300000 Sales,13100 Inventory Asset,FALSE
23198,PMS 7408,PMS 7408,"Each (Use for Boxes, Bags, Cores, Cases)",3,Operations,Strouse-HQ,,Average,Default Cost Category,Yellow water base film III,TRUE,,Siegwerk Environmental Inks,3245,The Strouse Corporation,TRUE,,,,5000 Cost of Goods,300000 Sales,13100 Inventory Asset,FALSE
23199,4929-W0.95,4929,Length Units,,Operations,Strouse-HQ,,Average,Default Cost Category,"Foam, 25 mil, VHB, double coated black",TRUE,0.775555556,"3M Company, Inc. Converter Markets",3141,The Strouse Corporation,TRUE,0.775555556,,,5000 Cost of Goods,300000 Sales,13100 Inventory Asset,FALSE
23200,9874-W6,9874,Length Units,,Operations,Strouse-HQ,,Average,Default Cost Category,"9874, double coated PE film, medical  easy removal from skin",TRUE,0.392211111,"3M Company, Inc. Converter Markets",3141,The Strouse Corporation,TRUE,0.392211111,,,5000 Cost of Goods,300000 Sales,13100 Inventory Asset,FALSE
23204,F-2001-W42 - CatID-23204,F-2001,"Each (Use for Boxes, Bags, Cores, Cases)",3,Operations,Strouse-HQ,,Average,Default Cost Category,"Foam, Black , .236"" thick  (42"" x 72"")",TRUE,0.536111111,Rubberlite,3303,The Strouse Corporation,TRUE,0.536111111,,,5000 Cost of Goods,300000 Sales,13100 Inventory Asset,FALSE
23205,GPH 060GF-W6.25,GPH 060GF,Length Units,,Operations,Strouse-HQ,,Average,Default Cost Category,"VHB™ Tape , Gray, 25 mil, Film Liner",TRUE,2.549814815,"3M Company, Inc. Converter Markets",3141,The Strouse Corporation,TRUE,2.549814815,,,5000 Cost of Goods,300000 Sales,13100 Inventory Asset,FALSE
23208,2693-W0.9448,2693,Length Units,,Operations,Strouse-HQ,,Average,Default Cost Category,"High Performance Masking Tape 2693, Tan, 24 mm x 55 m, 7.9 mil, 36 per case",TRUE,0.014444444,"3M Company, Inc. Converter Markets",3141,The Strouse Corporation,TRUE,0.014444444,,,5000 Cost of Goods,300000 Sales,13100 Inventory Asset,FALSE
23209,56-W0.25,56,Length Units,,Operations,Strouse-HQ,,Average,Default Cost Category,"Polyester Film Electrical Tape 56, a 2.2-mil tape, 1/4 in x 72 yds, yellow, 3-in plastic core, Bulk (SLP), 144 Rolls/Case",TRUE,0.0172125,"3M Company, Inc. Converter Markets",3141,The Strouse Corporation,TRUE,0.0172125,,,5000 Cost of Goods,300000 Sales,13100 Inventory Asset,FALSE
23211,"53 Lb. C2S BG0/BG0 Channeled Resources, Inc-W5.66","53 Lb. C2S BG0/BG0Channeled Resources, Inc. (GMC Coatings)",Length Units,,Operations,Strouse-HQ,,Average,Default Cost Category,3.2 mil 53 lb. Easy Release Liner C2S (Easy/Easy),TRUE,0.02558,"Channeled Resources, Inc. (GMC Coatings)",3277,The Strouse Corporation,TRUE,0.02558,,,5000 Cost of Goods,300000 Sales,13100 Inventory Asset,FALSE
23213,"53 Lb. C2S BG0/BG0 Channeled Resources, Inc-W5.7","53 Lb. C2S BG0/BG0Channeled Resources, Inc. (GMC Coatings)",Length Units,,Operations,Strouse-HQ,,Average,Default Cost Category,3.2 mil 53 lb. Easy Release Liner C2S (Easy/Easy),TRUE,0.02576,"Channeled Resources, Inc. (GMC Coatings)",3277,The Strouse Corporation,TRUE,0.02576,,,5000 Cost of Goods,300000 Sales,13100 Inventory Asset,FALSE
23214,472 Black-W2,472 Black,Length Units,,Operations,Strouse-HQ,,Average,Default Cost Category,"472, 10 mil, Rubber, Vinyl tape, Black",TRUE,0.337898148,"3M Company, Inc. Converter Markets",3141,The Strouse Corporation,TRUE,0.337898148,,,5000 Cost of Goods,300000 Sales,13100 Inventory Asset,FALSE
23215,10092-W7.6875,10092,Length Units,,Operations,Strouse-HQ,,Average,Default Cost Category,1 mil Clear Poly Overlam,TRUE,0.10368008,"FLEXcon Company, Inc.",3247,The Strouse Corporation,TRUE,0.10368008,,,5000 Cost of Goods,300000 Sales,13100 Inventory Asset,FALSE
23217,Kapton - 200HN-W4,Kapton - 200HN,Length Units,,Operations,Strouse-HQ,,Average,Default Cost Category,CSM - 50 micron Kapton 200HN - D11261262,TRUE,0,3M Electronics Materials,3627,The Strouse Corporation,TRUE,0,,,5000 Cost of Goods,300000 Sales,13100 Inventory Asset,FALSE
23219,SP000005012500-TBD-W1.25,SP000005012500-TBD,Length Units,,Operations,Strouse-HQ,,Average,Default Cost Category,"Polyethylene, ultra high molecular weight, 5 mil",TRUE,0.07278,Saint-Gobain Performance Plastics,3299,The Strouse Corporation,TRUE,0.07278,,,5000 Cost of Goods,300000 Sales,13100 Inventory Asset,FALSE
23221,54 lb. C1S SL4 (S38)-W3.6,54 lb. C1S SL4 (S38),Length Units,,Operations,Strouse-HQ,,Average,Default Cost Category,3.2 mil 54 lb. Medium Release C1S Liner,TRUE,0.017711951,"Channeled Resources, Inc. (GMC Coatings)",3277,The Strouse Corporation,TRUE,0.017711951,,,5000 Cost of Goods,300000 Sales,13100 Inventory Asset,FALSE
23224,4965 (75507-60000-00)-W54.015,4965 (75507-60000-00),Length Units,,Operations,Strouse-HQ,,Average,Default Cost Category,CSM Double-Sided Polyester Film Tape,TRUE,0,Viant Co. - Coastal Life Systems,3641,The Strouse Corporation,TRUE,0,,,5000 Cost of Goods,300000 Sales,13100 Inventory Asset,FALSE
23225,IB1190XTP2-W3,IB1190XTP2,Length Units,,Operations,Strouse-HQ,,Average,Default Cost Category,macbond rubber DC PET with 2mil PET liner,TRUE,0.07128,MacTac,3255,The Strouse Corporation,TRUE,0.07128,,,5000 Cost of Goods,300000 Sales,13100 Inventory Asset,FALSE
23228,TM4230-W60,TM4230,Length Units,,Operations,Strouse-HQ,,Average,Default Cost Category,"TM4230, 1/32"" PE Foam, 60#SCK",TRUE,5.4,MacTac,3255,The Strouse Corporation,TRUE,5.4,,,5000 Cost of Goods,300000 Sales,13100 Inventory Asset,FALSE
23230,SJ3551CF-W1,SJ3551CF,Length Units,,Operations,Strouse-HQ,,Average,Default Cost Category,"3M™ Dual Lock™ Reclosable Fastener, Black, Type 400",TRUE,2.270933333,"3M Company, Inc. Converter Markets",3141,The Strouse Corporation,TRUE,2.270933333,,,5000 Cost of Goods,300000 Sales,13100 Inventory Asset,FALSE
23231,Q300-W10.25,Q300,Length Units,,Operations,Strouse-HQ,,Average,Default Cost Category,2 mil Clear Polyester S1S Medium Release Liner,TRUE,0.0661494,Fox River Associates,4046,The Strouse Corporation,TRUE,0.0661494,,,5000 Cost of Goods,300000 Sales,13100 Inventory Asset,FALSE
23236,3317A02075R8 - Sleeve - CatID-23236,3317A02075R8 - Sleeve,"Each (Use for Boxes, Bags, Cores, Cases)",3,Operations,Strouse-HQ,,Average,Default Cost Category,"Advantage Sleeve - 207601-D
Artwork - 208008-C color 7445C",TRUE,,Menasha Packaging Company,4049,The Strouse Corporation,TRUE,,,,5000 Cost of Goods,300000 Sales,13100 Inventory Asset,FALSE
23241,PET Tape-W47.24,PET Tape,Length Units,,Operations,Strouse-HQ,,Average,Default Cost Category,CSM - DC PET Tape UCT10 - LOG,TRUE,,3M Electronics Materials Solutions Division,3739,The Strouse Corporation,TRUE,,,,5000 Cost of Goods,300000 Sales,13100 Inventory Asset,FALSE
23246,CSM Print-W4.646,CSM Print,Length Units,,Operations,Strouse-HQ,,Average,Default Cost Category,CSM - Printed Film,TRUE,0,Sorma USA,3863,The Strouse Corporation,TRUE,0,,,5000 Cost of Goods,300000 Sales,13100 Inventory Asset,FALSE
23248,5952P-W2.25,5952P,Length Units,,Operations,Strouse-HQ,,Average,Default Cost Category,"45 mil, D/C Acrylic Foam, VHB, With paper liner",TRUE,1.42105625,"3M Company, Inc. Converter Markets",3141,The Strouse Corporation,TRUE,1.42105625,,,5000 Cost of Goods,300000 Sales,13100 Inventory Asset,FALSE
23249,SQHM3 Prosave-W49.21,SQHM3 Prosave,Length Units,,Operations,Strouse-HQ,,Average,Default Cost Category,"Film, SQHM3 anti glare",TRUE,8.654720156,Kimoto Tech Inc.,3684,The Strouse Corporation,TRUE,8.654720156,,,5000 Cost of Goods,300000 Sales,13100 Inventory Asset,FALSE
23250,14.0 micron PCTE-W1.25,14.0 micron PCTE,Length Units,,Operations,Strouse-HQ,,Average,Default Cost Category,"Polycarbonate, track etched, 14.0 micron membrane",TRUE,3.166649639,Sterlitech Corporation ,3782,The Strouse Corporation,TRUE,3.166649639,,,5000 Cost of Goods,300000 Sales,13100 Inventory Asset,FALSE
23251,14.0 micron PCTE-W1.75,14.0 micron PCTE,Length Units,,Operations,Strouse-HQ,,Average,Default Cost Category,"Polycarbonate, track etched, 14.0 micron membrane",TRUE,4.316759879,Sterlitech Corporation ,3782,The Strouse Corporation,TRUE,4.316759879,,,5000 Cost of Goods,300000 Sales,13100 Inventory Asset,FALSE
23252,SJ3550CF-W2,SJ3550CF,Length Units,,Operations,Strouse-HQ,,Average,Default Cost Category,"Dual Lock, Black, Type 250, Clear Adhesive",TRUE,4.542318667,"3M Company, Inc. Converter Markets",3141,The Strouse Corporation,TRUE,4.542318667,,,5000 Cost of Goods,300000 Sales,13100 Inventory Asset,FALSE
23254,2476P-W9.5,2476P,Length Units,,Operations,Strouse-HQ,,Average,Default Cost Category,"2476P, Spunlace Polyester nonwoven Tape with Silicone adhesive",TRUE,1.464432523,"3M Company, Inc. Converter Markets",3141,The Strouse Corporation,TRUE,1.464432523,,,5000 Cost of Goods,300000 Sales,13100 Inventory Asset,FALSE
23256,BH Tape (A135 )-W9.5,BH Tape (A135 ),Length Units,,Operations,Strouse-HQ,,Average,Default Cost Category,"CSM - Medical Tape, 4 mil DC, A135 Plus",TRUE,0,3M Medical Solutions Division,3645,The Strouse Corporation,TRUE,0,,,5000 Cost of Goods,300000 Sales,13100 Inventory Asset,FALSE
23257,BH Tape (A135)-W7,BH Tape (A135),Length Units,,Operations,Strouse-HQ,,Average,Default Cost Category,"CSM - Medical Tape, 4 mil DC, A135 Plus",TRUE,0,3M Medical Solutions Division,3645,The Strouse Corporation,TRUE,0,,,5000 Cost of Goods,300000 Sales,13100 Inventory Asset,FALSE
23258,2476P-W5,2476P,Length Units,,Operations,Strouse-HQ,,Average,Default Cost Category,"2476P, Spunlace Polyester nonwoven Tape with Silicone adhesive",TRUE,0.770753935,"3M Company, Inc. Converter Markets",3141,The Strouse Corporation,TRUE,0.770753935,,,5000 Cost of Goods,300000 Sales,13100 Inventory Asset,FALSE
23259,54 lb. C1S S0-W5.4,54 lb. C1S S0,Length Units,,Operations,Strouse-HQ,,Average,Default Cost Category,3.2 mil 54 lb. Easy Release C1S Liner,TRUE,0.0218,"Channeled Resources, Inc. (GMC Coatings)",3277,The Strouse Corporation,TRUE,0.0218,,,5000 Cost of Goods,300000 Sales,13100 Inventory Asset,FALSE
23260,4965 - PV2-W6,4965 - PV2,Length Units,,Operations,Strouse-HQ,,Average,Default Cost Category,"8 mil  Double-sided Polyester, Translucent",TRUE,,Tesa Tape,4044,The Strouse Corporation,TRUE,,,,5000 Cost of Goods,300000 Sales,13100 Inventory Asset,FALSE
23261,2255-2-W9.36,2255-2,Length Units,,Operations,Strouse-HQ,,Average,Default Cost Category,"Teflon, 2 mil High Modulus PTFE coated film with silicone adhesive",TRUE,4.121759259,Saint-Gobain Performance Plastics,3299,The Strouse Corporation,TRUE,4.121759259,,,5000 Cost of Goods,300000 Sales,13100 Inventory Asset,FALSE
23262,A462DC-W27,A462DC,Length Units,,Operations,Strouse-HQ,,Average,Default Cost Category,"Adhesive, double-coated LSE acrylic",TRUE,1.425925926,Adhesive Applications,3312,The Strouse Corporation,TRUE,1.425925926,,,5000 Cost of Goods,300000 Sales,13100 Inventory Asset,FALSE
23263,TDS P0321-W2.375,TDS P0321,Length Units,,Operations,Strouse-HQ,,Average,Default Cost Category,CSM - 1.5 mil  Aluminum bonding Film,TRUE,0,Natech Plastics,3659,The Strouse Corporation,TRUE,0,,,5000 Cost of Goods,300000 Sales,13100 Inventory Asset,FALSE
23264,234-W0.9448,234,Length Units,,Operations,Strouse-HQ,,Average,Default Cost Category,General Purpose Masking Tape,TRUE,0.044077778,"3M Company, Inc. Converter Markets",3141,The Strouse Corporation,TRUE,0.044077778,,,5000 Cost of Goods,300000 Sales,13100 Inventory Asset,FALSE
23265,RP+110GF-W6.25,RP+110GF,Length Units,,Operations,Strouse-HQ,,Average,Default Cost Category,"VHB™ Tape, Gray, 45 mil, Film Liner, Roll, Config",TRUE,2.232074074,"3M Company, Inc. Converter Markets",3141,The Strouse Corporation,TRUE,2.232074074,,,5000 Cost of Goods,300000 Sales,13100 Inventory Asset,FALSE
23266,CPL-200-W3.937,CPL-200,Length Units,,Operations,Strouse-HQ,,Average,Default Cost Category,CSM - 4.5 mil  Aluminum/LDPE lidding Film (Amcor),TRUE,0,Natech Plastics,3659,The Strouse Corporation,TRUE,0,,,5000 Cost of Goods,300000 Sales,13100 Inventory Asset,FALSE
23269,P-726-W6,P-726,Length Units,,Operations,Strouse-HQ,,Average,Default Cost Category,"6 mil, White Flatback Paper Tape, Very high adhesion RBA",TRUE,0.28187963,PRO Tapes & Specialties ,3654,The Strouse Corporation,TRUE,0.28187963,,,5000 Cost of Goods,300000 Sales,13100 Inventory Asset,FALSE
23270,472 Black-W6,472 Black,Length Units,,Operations,Strouse-HQ,,Average,Default Cost Category,"472, 10 mil, Rubber, Vinyl tape, Black",TRUE,1.074476852,"3M Company, Inc. Converter Markets",3141,The Strouse Corporation,TRUE,1.074476852,,,5000 Cost of Goods,300000 Sales,13100 Inventory Asset,FALSE
23272,191231-W2,191231,Length Units,,Operations,Strouse-HQ,,Average,Default Cost Category,Hook Material - S0H088 2-0/0 010 0172 25YD 20000800100172DD WHITE ,TRUE,0.72,Velcro USA,3672,The Strouse Corporation,TRUE,0.72,,,5000 Cost of Goods,300000 Sales,13100 Inventory Asset,FALSE
23273,TM4200-W4.5,TM4200,Length Units,,Operations,Strouse-HQ,,Average,Default Cost Category,"CSM - DC 1/16"" Medical Foam 899/594 60# SCK",TRUE,0,Johnson Medtech,3658,The Strouse Corporation,TRUE,0,,,5000 Cost of Goods,300000 Sales,13100 Inventory Asset,FALSE
23275,4411N-W1.5,4411N,Length Units,,Operations,Strouse-HQ,,Average,Default Cost Category,"3M™ Extreme Sealing Tape, Translucent, 40 mil, Roll, Config",TRUE,0.583548148,"3M Company, Inc. Converter Markets",3141,The Strouse Corporation,TRUE,0.583548148,,,5000 Cost of Goods,300000 Sales,13100 Inventory Asset,FALSE
23279,PP-800-W14.25,PP-800,Length Units,,Operations,Strouse-HQ,,Average,Default Cost Category,Black Strapping Tape,TRUE,0.143333333,Adhesive Tape Products,3237,The Strouse Corporation,TRUE,0.143333333,,,5000 Cost of Goods,300000 Sales,13100 Inventory Asset,FALSE
23283,582U-W12,582U,Length Units,,Operations,Strouse-HQ,,Average,Default Cost Category,"Premask & Application Tape, TransferRite Ultra (Medium Tack)",TRUE,0.158333333,American Biltrite,3238,The Strouse Corporation,TRUE,0.158333333,,,5000 Cost of Goods,300000 Sales,13100 Inventory Asset,FALSE
23284,4016-W1,4016,Length Units,,Operations,Strouse-HQ,,Average,Default Cost Category,"Double Coated Urethane Foam Tape 4016, Off White,  62 mil, 9 rolls per case",TRUE,0.576301852,"3M Company, Inc. Converter Markets",3141,The Strouse Corporation,TRUE,0.576301852,,,5000 Cost of Goods,300000 Sales,13100 Inventory Asset,FALSE
23285,54 lb. Uncoated-W6,54 lb. Uncoated,Length Units,,Operations,Strouse-HQ,,Average,Default Cost Category,3.2 mil 54 lb. Uncoated Liner,TRUE,0.01656,"Channeled Resources, Inc. (GMC Coatings)",3277,The Strouse Corporation,TRUE,0.01656,,,5000 Cost of Goods,300000 Sales,13100 Inventory Asset,FALSE
23286,TM4230-W6 - CatID-23286,TM4230,Length Units,,Operations,Strouse-HQ,,Average,Default Cost Category,"TM4230, 1/32"" PE Foam, 60#SCK",TRUE,0.46152,MacTac,3255,The Strouse Corporation,TRUE,0.46152,,,5000 Cost of Goods,300000 Sales,13100 Inventory Asset,FALSE
23289,4229P-W4.5,4229P,Length Units,,Operations,Strouse-HQ,,Average,Default Cost Category,"CSM - Double coated acrylic foam, 0.76 mm thick",TRUE,0,Cowles Products,3604,The Strouse Corporation,TRUE,0,,,5000 Cost of Goods,300000 Sales,13100 Inventory Asset,FALSE
23290,54 lb. Uncoated-W4.66,54 lb. Uncoated,Length Units,,Operations,Strouse-HQ,,Average,Default Cost Category,3.2 mil 54 lb. Uncoated Liner,TRUE,0.003824,"Channeled Resources, Inc. (GMC Coatings)",3277,The Strouse Corporation,TRUE,0.003824,,,5000 Cost of Goods,300000 Sales,13100 Inventory Asset,FALSE
23291,8212-W5,8212,Length Units,,Operations,Strouse-HQ,,Average,Default Cost Category,2 mil Optically Clear Transfer Adhesive,TRUE,0.42732,"3M Company, Inc. Converter Markets",3141,The Strouse Corporation,TRUE,0.42732,,,5000 Cost of Goods,300000 Sales,13100 Inventory Asset,FALSE
23306,5908-W5,5908,Length Units,,Operations,Strouse-HQ,,Average,Default Cost Category,"5908, VHB Tape .010"" Black foam",TRUE,1.628567284,"3M Company, Inc. Converter Markets",3141,The Strouse Corporation,TRUE,1.628567284,,,5000 Cost of Goods,300000 Sales,13100 Inventory Asset,FALSE
23308,9828-W7.5,9828,Length Units,,Operations,Strouse-HQ,,Average,Default Cost Category,"3.5 mil, PET, D/C, 340, 55# DK",TRUE,0.166064583,"3M Company, Inc. Converter Markets",3141,The Strouse Corporation,TRUE,0.166064583,,,5000 Cost of Goods,300000 Sales,13100 Inventory Asset,FALSE
23309,FT 445 2M PET-W8,FT 445 2M PET,Length Units,,Operations,Strouse-HQ,,Average,Default Cost Category,"57405NC54S, double coated BOPP tape, 9.2 mil total with PET liner ",TRUE,0.30048,Avery Dennison-Specialty Tape Division,3239,The Strouse Corporation,TRUE,0.30048,,,5000 Cost of Goods,300000 Sales,13100 Inventory Asset,FALSE
23311,CatID-23311,,"Each (Use for Boxes, Bags, Cores, Cases)",3,Operations,Strouse-HQ,,Average,Default Cost Category,LED PMS 420C Grey ,TRUE,,Interactive Inks & Coatings,3366,The Strouse Corporation,TRUE,,,,5000 Cost of Goods,300000 Sales,13100 Inventory Asset,FALSE
23312,2123R-W3,2123R,Length Units,,Operations,Strouse-HQ,,Average,Default Cost Category,"Adhesive transfer 2123R, synthetic rubber.",TRUE,0.066660366,Avery Dennison-Specialty Tape Division,3239,The Strouse Corporation,TRUE,0.066660366,,,5000 Cost of Goods,300000 Sales,13100 Inventory Asset,FALSE
23313,SCE41B-W54,SCE41B,Length Units,,Operations,Strouse-HQ,,Average,Default Cost Category,"Neoprene Foam, 0.063” SCE41B, Black, no adhesive",TRUE,2.7248,Rubberlite,3303,The Strouse Corporation,TRUE,2.7248,,,5000 Cost of Goods,300000 Sales,13100 Inventory Asset,FALSE
23314,Q300-W9.85,Q300,Length Units,,Operations,Strouse-HQ,,Average,Default Cost Category,2 mil Clear Polyester S1S Medium Release Liner,TRUE,0.0553176,Fox River Associates,4046,The Strouse Corporation,TRUE,0.0553176,,,5000 Cost of Goods,300000 Sales,13100 Inventory Asset,FALSE
23315,1524-W9.25 - CatID-23315,1524,Length Units,,Operations,Strouse-HQ,,Average,Default Cost Category,"1524, polyester fiber filled transfer adhesive, 2.5 mils, 54# liner",TRUE,0.618888917,"3M Company, Inc. Converter Markets",3141,The Strouse Corporation,TRUE,0.618888917,,,5000 Cost of Goods,300000 Sales,13100 Inventory Asset,FALSE
23316,2123R-W9.25,2123R,Length Units,,Operations,Strouse-HQ,,Average,Default Cost Category,"Adhesive transfer 2123R, synthetic rubber.",TRUE,0.194816006,Avery Dennison-Specialty Tape Division,3239,The Strouse Corporation,TRUE,0.194816006,,,5000 Cost of Goods,300000 Sales,13100 Inventory Asset,FALSE
23317,Q100 (FRA-3307)-W10.375,Q100 (FRA-3307),Length Units,,Operations,Strouse-HQ,,Average,Default Cost Category,2 mil Clear Polyester S1S Premium Release Liner,TRUE,0.0865275,Fox River Associates,4046,The Strouse Corporation,TRUE,0.0865275,,,5000 Cost of Goods,300000 Sales,13100 Inventory Asset,FALSE
23318,75507-60000-00-W54,75507-60000-00,Length Units,,Operations,Strouse-HQ,,Average,Default Cost Category,"Adhesive, 75507 double-sided tackified acrylic. 3 mil",TRUE,1.934085569,Tesa Tape,4044,The Strouse Corporation,TRUE,1.934085569,,,5000 Cost of Goods,300000 Sales,13100 Inventory Asset,FALSE
23320,UC-HPRP3BY-W19.69,UC-HPRP3BY,Length Units,,Operations,Strouse-HQ,,Average,Default Cost Category,"Liner, High performance release paper",TRUE,0.543292683,UChem Shanghai ,3867,The Strouse Corporation,TRUE,0.543292683,,,5000 Cost of Goods,300000 Sales,13100 Inventory Asset,FALSE
23321,1524-W11.25,1524,Length Units,,Operations,Strouse-HQ,,Average,Default Cost Category,"1524, polyester fiber filled transfer adhesive, 2.5 mils, 54# liner",TRUE,0.764427067,"3M Company, Inc. Converter Markets",3141,The Strouse Corporation,TRUE,0.764427067,,,5000 Cost of Goods,300000 Sales,13100 Inventory Asset,FALSE
23324,Q100 (FRA-3307)-W11,Q100 (FRA-3307),Length Units,,Operations,Strouse-HQ,,Average,Default Cost Category,2 mil Clear Polyester S1S Premium Release Liner,TRUE,0.09174,Fox River Associates,4046,The Strouse Corporation,TRUE,0.09174,,,5000 Cost of Goods,300000 Sales,13100 Inventory Asset,FALSE
23325,9874-W10.5,9874,Length Units,,Operations,Strouse-HQ,,Average,Default Cost Category,"9874, double coated PE film, medical  easy removal from skin",TRUE,0.686369444,"3M Company, Inc. Converter Markets",3141,The Strouse Corporation,TRUE,0.686369444,,,5000 Cost of Goods,300000 Sales,13100 Inventory Asset,FALSE
23329,10 pt.-W17.3125,10 pt.,Length Units,,Operations,Strouse-HQ,,Average,Default Cost Category,New CSM- 10 Pt. Paper,TRUE,0,Colony Packaging & Machine,3538,The Strouse Corporation,TRUE,0,,,5000 Cost of Goods,300000 Sales,13100 Inventory Asset,FALSE
23332,9916-W4,9916,Length Units,,Operations,Strouse-HQ,,Average,Default Cost Category,"Medical Tan Non-woven Tape, 3M 9916",TRUE,0.2489701,"3M Company, Inc. Converter Markets",3141,The Strouse Corporation,TRUE,0.2489701,,,5000 Cost of Goods,300000 Sales,13100 Inventory Asset,FALSE
23333,156841-W2,156841,Length Units,,Operations,Strouse-HQ,,Average,Default Cost Category,"Velcro, silver grey",TRUE,0.877333333,Velcro USA,3672,The Strouse Corporation,TRUE,0.877333333,,,5000 Cost of Goods,300000 Sales,13100 Inventory Asset,FALSE
23334,FRA 354-W60.5,FRA 354,Length Units,,Operations,Strouse-HQ,,Average,Default Cost Category,"Liner, 2 mil polyester, FRA 354, clear",TRUE,0.84579,Fox River Associates,4046,The Strouse Corporation,TRUE,0.84579,,,5000 Cost of Goods,300000 Sales,13100 Inventory Asset,FALSE
23335,L2 + T5-W4,L2 + T5,Length Units,,Operations,Strouse-HQ,,Average,Default Cost Category,Scotch Adhesive Transfer Tape ,TRUE,0,"3M Company, Inc. Converter Markets",3141,The Strouse Corporation,TRUE,0,,,5000 Cost of Goods,300000 Sales,13100 Inventory Asset,FALSE
23336,10 pt.-W5.25,10 pt.,Length Units,,Operations,Strouse-HQ,,Average,Default Cost Category,New CSM- 10 Pt. Paper,TRUE,0,Colony Packaging & Machine,3538,The Strouse Corporation,TRUE,0,,,5000 Cost of Goods,300000 Sales,13100 Inventory Asset,FALSE
23349,37853-W56,37853,Length Units,,Operations,Strouse-HQ,,Average,Default Cost Category,Dirt trap protection material,TRUE,2.24883,"3M Company, Inc. Converter Markets",3141,The Strouse Corporation,TRUE,2.24883,,,5000 Cost of Goods,300000 Sales,13100 Inventory Asset,FALSE
23351,MED 5707-W11,MED 5707,Length Units,,Operations,Strouse-HQ,,Average,Default Cost Category,"MED 5707, Single Coated 2.4 oz, White Spunlaced Non-Woven Tape",TRUE,0.6073452,Avery - Vancive Medical Technologies,3390,The Strouse Corporation,TRUE,0.6073452,,,5000 Cost of Goods,300000 Sales,13100 Inventory Asset,FALSE
23352,MED 5707-W4,MED 5707,Length Units,,Operations,Strouse-HQ,,Average,Default Cost Category,"MED 5707, Single Coated 2.4 oz, White Spunlaced Non-Woven Tape",TRUE,0.2208528,Avery - Vancive Medical Technologies,3390,The Strouse Corporation,TRUE,0.2208528,,,5000 Cost of Goods,300000 Sales,13100 Inventory Asset,FALSE
23353,X20055-W6,X20055,Length Units,,Operations,Strouse-HQ,,Average,Default Cost Category,,TRUE,0,Adhesive Applications,3312,The Strouse Corporation,TRUE,0,,,5000 Cost of Goods,300000 Sales,13100 Inventory Asset,FALSE
23354,OPP-20C Blue-W49,OPP-20C Blue,Length Units,,Operations,Strouse-HQ,,Average,Default Cost Category,Blue colored polypropylene ,TRUE,0.168181818,Adhesive Tape Products,3237,The Strouse Corporation,TRUE,0.168181818,,,5000 Cost of Goods,300000 Sales,13100 Inventory Asset,FALSE
23359,L3 + T5-W4,L3 + T5,Length Units,,Operations,Strouse-HQ,,Average,Default Cost Category,Scotch Adhesive Transfer Tape ,TRUE,0,"3M Company, Inc. Converter Markets",3141,The Strouse Corporation,TRUE,0,,,5000 Cost of Goods,300000 Sales,13100 Inventory Asset,FALSE
23360,SEV Vizion-W11,SEV Vizion,Length Units,,Operations,Strouse-HQ,,Average,Default Cost Category,"2# SEV Vizion Natural 1"" ",TRUE,2.5898,Rubberlite,3303,The Strouse Corporation,TRUE,2.5898,,,5000 Cost of Goods,300000 Sales,13100 Inventory Asset,FALSE
23365,9425HT-W4.625,9425HT,Length Units,,Operations,Strouse-HQ,,Average,Default Cost Category,"5 mil, D/C PET, 420/1050, 58# PCK",TRUE,0.891444444,"3M Company, Inc. Converter Markets",3141,The Strouse Corporation,TRUE,0.891444444,,,5000 Cost of Goods,300000 Sales,13100 Inventory Asset,FALSE
23367,Q300-W5.4,Q300,Length Units,,Operations,Strouse-HQ,,Average,Default Cost Category,2 mil Clear Polyester S1S Medium Release Liner,TRUE,0.0303264,Fox River Associates,4046,The Strouse Corporation,TRUE,0.0303264,,,5000 Cost of Goods,300000 Sales,13100 Inventory Asset,FALSE
23368,130140-W8,130140,Length Units,,Operations,Strouse-HQ,,Average,Default Cost Category,"Hydrocolliod, High Tack, 70mil",TRUE,11.08214545,Amparo Medical,3388,The Strouse Corporation,TRUE,11.08214545,,,5000 Cost of Goods,300000 Sales,13100 Inventory Asset,FALSE
23369,PlasticCore - HDPE-W10.669-T200,PlasticCore - HDPE,"Each (Use for Boxes, Bags, Cores, Cases)",3,Operations,Strouse-HQ,,Average,Default Cost Category,"10.669""  3.04""ID x .200"" Wall HDPE",TRUE,,NorthCore Industries,3284,The Strouse Corporation,TRUE,,,,5000 Cost of Goods,300000 Sales,13100 Inventory Asset,FALSE
23370,PlasticCore - HDPE-W12.008-T200,PlasticCore - HDPE,"Each (Use for Boxes, Bags, Cores, Cases)",3,Operations,Strouse-HQ,,Average,Default Cost Category,"12.008""  3.04""ID x .200"" Wall HDPE",TRUE,,NorthCore Industries,3284,The Strouse Corporation,TRUE,,,,5000 Cost of Goods,300000 Sales,13100 Inventory Asset,FALSE
23371,PlasticCore - HDPE-W3.622-T200,PlasticCore - HDPE,"Each (Use for Boxes, Bags, Cores, Cases)",3,Operations,Strouse-HQ,,Average,Default Cost Category,"3.622""  3.04""ID x .200"" Wall HDPE",TRUE,,NorthCore Industries,3284,The Strouse Corporation,TRUE,,,,5000 Cost of Goods,300000 Sales,13100 Inventory Asset,FALSE
23372,PlasticCore - HDPE-W3.425-T200,PlasticCore - HDPE,"Each (Use for Boxes, Bags, Cores, Cases)",3,Operations,Strouse-HQ,,Average,Default Cost Category,"3.425""  3.04""ID x .200"" Wall HDPE",TRUE,,NorthCore Industries,3284,The Strouse Corporation,TRUE,,,,5000 Cost of Goods,300000 Sales,13100 Inventory Asset,FALSE
23373,PlasticCore - HDPE-W3.74-T200,PlasticCore - HDPE,"Each (Use for Boxes, Bags, Cores, Cases)",3,Operations,Strouse-HQ,,Average,Default Cost Category,"3.74""  3.04""ID x .200"" Wall HDPE",TRUE,,NorthCore Industries,3284,The Strouse Corporation,TRUE,,,,5000 Cost of Goods,300000 Sales,13100 Inventory Asset,FALSE
23374,DC-411OR/P-W0.7086,DC-411OR/P,Length Units,,Operations,Strouse-HQ,,Average,Default Cost Category,"3.7 mil exclusive of liner. 1.0 mil clear polyester film differentially
coated with a high tack and low tack solvent based acrylic
adhesive.",TRUE,0.040277778,Adhesive Tape Products,3237,The Strouse Corporation,TRUE,0.040277778,,,5000 Cost of Goods,300000 Sales,13100 Inventory Asset,FALSE
23375,AG625-W8.7,AG625,Length Units,,Operations,Strouse-HQ,,Average,Default Cost Category,"Sensing Gel, 25mil",TRUE,1.373333333,Axelgaard Manufacturing Co. ,3792,The Strouse Corporation,TRUE,1.373333333,,,5000 Cost of Goods,300000 Sales,13100 Inventory Asset,FALSE
23376,RP+160GF-W4.875,RP+160GF,Length Units,,Operations,Strouse-HQ,,Average,Default Cost Category,"VHB, Gray, 62 mil, RP+160GF Film liner",TRUE,1.741016975,"3M Company, Inc. Converter Markets",3141,The Strouse Corporation,TRUE,1.741016975,,,5000 Cost of Goods,300000 Sales,13100 Inventory Asset,FALSE
23377,13059 White-W30,13059 White,Length Units,,Operations,Strouse-HQ,,Average,Default Cost Category,"LDPE .002"" thick Heavy White Tint single Wound sheeting",TRUE,0.069,"Curbell Plastics, Inc",3636,The Strouse Corporation,TRUE,0.069,,,5000 Cost of Goods,300000 Sales,13100 Inventory Asset,FALSE
23378,75312-W9,75312,Length Units,,Operations,Strouse-HQ,,Average,Default Cost Category,250/S1000/44# PK opaque label stock ,TRUE,0.149472727,Avery Dennison-Specialty Tape Division,3239,The Strouse Corporation,TRUE,0.149472727,,,5000 Cost of Goods,300000 Sales,13100 Inventory Asset,FALSE
23384,79-W12.25,79,Length Units,,Operations,Strouse-HQ,,Average,Default Cost Category,"Electrical Glass Cloth Tape, 7 mil White with Acrylic Adhesive (Linerless) ",TRUE,1.279722222,"3M Company, Inc. Converter Markets",3141,The Strouse Corporation,TRUE,1.279722222,,,5000 Cost of Goods,300000 Sales,13100 Inventory Asset,FALSE
23386,"10356M, DF100 2mil-W8.25","10356M, DF100 2mil",Length Units,,Operations,Strouse-HQ,,Average,Default Cost Category,"Chemfilm DF100, Type C films ultra thin single layer, are multilayer cast PTFE films.",TRUE,3.6685,Saint-Gobain Performance Plastics,3299,The Strouse Corporation,TRUE,3.6685,,,5000 Cost of Goods,300000 Sales,13100 Inventory Asset,FALSE
23392,PSVI13-22049,PSVI13-22049,"Each (Use for Boxes, Bags, Cores, Cases)",3,Operations,Strouse-HQ,,Average,Default Cost Category,STD 101-10 Violet ,TRUE,,Interactive Inks & Coatings,3366,The Strouse Corporation,TRUE,,,,5000 Cost of Goods,300000 Sales,13100 Inventory Asset,FALSE
23393,PSCG13-22048,PSCG13-22048,"Each (Use for Boxes, Bags, Cores, Cases)",3,Operations,Strouse-HQ,,Average,Default Cost Category,STD Cool Grey 6,TRUE,,Interactive Inks & Coatings,3366,The Strouse Corporation,TRUE,,,,5000 Cost of Goods,300000 Sales,13100 Inventory Asset,FALSE
23394,OPMP,OPMP,"Each (Use for Boxes, Bags, Cores, Cases)",3,Operations,Strouse-HQ,,Average,Default Cost Category,Matte Overprint Varnish ,TRUE,,Interactive Inks & Coatings,3366,The Strouse Corporation,TRUE,,,,5000 Cost of Goods,300000 Sales,13100 Inventory Asset,FALSE
23400,75312-W7.25,75312,Length Units,,Operations,Strouse-HQ,,Average,Default Cost Category,250/S1000/44# PK opaque label stock ,TRUE,0,Fasson / Avery Dennison Label & Packaging Materials     (acct. 5387),3246,The Strouse Corporation,TRUE,0,,,5000 Cost of Goods,300000 Sales,13100 Inventory Asset,FALSE
23408,PSBN13-22053,PSBN13-22053,"Each (Use for Boxes, Bags, Cores, Cases)",3,Operations,Strouse-HQ,,Average,Default Cost Category,STD (3.2 BCM) 2467 Brown Primex ,TRUE,,Interactive Inks & Coatings,3366,The Strouse Corporation,TRUE,,,,5000 Cost of Goods,300000 Sales,13100 Inventory Asset,FALSE
23409,RE-18 2 mil-W11.63,RE-18 2 mil,Length Units,,Operations,Strouse-HQ,,Average,Default Cost Category,"RE-18 adhesive, 2 mil PET, Self wound, LTC",TRUE,0.179753236,3 Sigma Corporation,3610,The Strouse Corporation,TRUE,0.179753236,,,5000 Cost of Goods,300000 Sales,13100 Inventory Asset,FALSE
23410,CatID-23410-W8,,Length Units,,Operations,Strouse-HQ,,Average,Default Cost Category,SYNP RL 0.020 WT 105 MT/MT CRNA TRT Primex Vivid print ,TRUE,0.337554553,Polymershapes - Jessup,3375,The Strouse Corporation,TRUE,0.337554553,,,5000 Cost of Goods,300000 Sales,13100 Inventory Asset,FALSE
23411,53470-W5,53470,Length Units,,Operations,Strouse-HQ,,Average,Default Cost Category,Natural LabelTM FSC®/Sox2/40#SCK TNR,TRUE,0.0348,Fasson / Avery Dennison Label & Packaging Materials     (acct. 5387),3246,The Strouse Corporation,TRUE,0.0348,,,5000 Cost of Goods,300000 Sales,13100 Inventory Asset,FALSE
23412,RE-18 2 mil-W7.25,RE-18 2 mil,Length Units,,Operations,Strouse-HQ,,Average,Default Cost Category,"RE-18 adhesive, 2 mil PET, Self wound, LTC",TRUE,0.150517538,3 Sigma Corporation,3610,The Strouse Corporation,TRUE,0.150517538,,,5000 Cost of Goods,300000 Sales,13100 Inventory Asset,FALSE
23413,1650-W5.905,1650,Length Units,,Operations,Strouse-HQ,,Average,Default Cost Category,Tan UPVC (150mm x 990m) 2mil,TRUE,0.028365148,Rapid Packaging,4041,The Strouse Corporation,TRUE,0.028365148,,,5000 Cost of Goods,300000 Sales,13100 Inventory Asset,FALSE
23414,5547-S-W5.905,5547-S,Length Units,,Operations,Strouse-HQ,,Average,Default Cost Category,White UPVC (150mm x 990m) 2mil,TRUE,,Rapid Packaging,4041,The Strouse Corporation,TRUE,,,,5000 Cost of Goods,300000 Sales,13100 Inventory Asset,FALSE
23415,1652-W5.905,1652,Length Units,,Operations,Strouse-HQ,,Average,Default Cost Category,Yellow UPVC (150mm x 990m) 2mil,TRUE,0.042509236,Rapid Packaging,4041,The Strouse Corporation,TRUE,0.042509236,,,5000 Cost of Goods,300000 Sales,13100 Inventory Asset,FALSE
23416,1646-W5.905,1646,Length Units,,Operations,Strouse-HQ,,Average,Default Cost Category,Dark Green UPVC (150mm x 990m) 2mil,TRUE,0.042509236,Rapid Packaging,4041,The Strouse Corporation,TRUE,0.042509236,,,5000 Cost of Goods,300000 Sales,13100 Inventory Asset,FALSE
23417,1644-W5.905,1644,Length Units,,Operations,Strouse-HQ,,Average,Default Cost Category,Dark Blue UPVC (150mm x 990m) 2mil,TRUE,0.042509236,Rapid Packaging,4041,The Strouse Corporation,TRUE,0.042509236,,,5000 Cost of Goods,300000 Sales,13100 Inventory Asset,FALSE
23418,5548-S-W5.905,5548-S,Length Units,,Operations,Strouse-HQ,,Average,Default Cost Category,Black UPVC (150mm x 990m) 2mil,TRUE,0.042509236,Rapid Packaging,4041,The Strouse Corporation,TRUE,0.042509236,,,5000 Cost of Goods,300000 Sales,13100 Inventory Asset,FALSE
23419,1649-S-W5.905,1649-S,Length Units,,Operations,Strouse-HQ,,Average,Default Cost Category,Red UPVC (150mm x 990m) 2mil,TRUE,0.042509236,Rapid Packaging,4041,The Strouse Corporation,TRUE,0.042509236,,,5000 Cost of Goods,300000 Sales,13100 Inventory Asset,FALSE
23420,RE-18 2 mil-W7.875,RE-18 2 mil,Length Units,,Operations,Strouse-HQ,,Average,Default Cost Category,"RE-18 adhesive, 2 mil PET, Self wound, LTC",TRUE,0.13201648,3 Sigma Corporation,3610,The Strouse Corporation,TRUE,0.13201648,,,5000 Cost of Goods,300000 Sales,13100 Inventory Asset,FALSE
23422,4056-W24,4056,Length Units,,Operations,Strouse-HQ,,Average,Default Cost Category,"4056 Double Coated Urethane Foam Tape, Black",TRUE,17.26557407,"3M Company, Inc. Converter Markets",3141,The Strouse Corporation,TRUE,17.26557407,,,5000 Cost of Goods,300000 Sales,13100 Inventory Asset,FALSE
23427,F-2001-W42 - CatID-23427,F-2001,Length Units,,Operations,Strouse-HQ,,Average,Default Cost Category,Foam ,TRUE,7.1062,Rubberlite,3303,The Strouse Corporation,TRUE,7.1062,,,5000 Cost of Goods,300000 Sales,13100 Inventory Asset,FALSE
23431,SG15106B-W0.69,SG15106B,Length Units,,Operations,Strouse-HQ,,Average,Default Cost Category,"Polymask, SG15106B",TRUE,0.00348,"Pregis PolyMask, Inc.",4045,The Strouse Corporation,TRUE,0.00348,,,5000 Cost of Goods,300000 Sales,13100 Inventory Asset,FALSE
23432,S2822-W3.5,S2822,Length Units,,Operations,Strouse-HQ,,Average,Default Cost Category,CSM - Silicone single coat ,TRUE,0,"Waterway Business Solutions, Inc.",3857,The Strouse Corporation,TRUE,0,,,5000 Cost of Goods,300000 Sales,13100 Inventory Asset,FALSE
23433,FBA8218GL-W3.5,FBA8218GL,Length Units,,Operations,Strouse-HQ,,Average,Default Cost Category,CSM - double coat acrylic,TRUE,0,"Waterway Business Solutions, Inc.",3857,The Strouse Corporation,TRUE,0,,,5000 Cost of Goods,300000 Sales,13100 Inventory Asset,FALSE
23435,12.125 x 11-W13,12.125 x 11,"Each (Use for Boxes, Bags, Cores, Cases)",3,Operations,Strouse-HQ,,Average,Default Cost Category,"Flat sheet 14.125"" x 13"" No print on 16PT C2S Tango Cover - White ",TRUE,,Full Sail ,3875,The Strouse Corporation,TRUE,,,,5000 Cost of Goods,300000 Sales,13100 Inventory Asset,FALSE
23436,12.125 x 7.25-W7.25,12.125 x 7.25,"Each (Use for Boxes, Bags, Cores, Cases)",3,Operations,Strouse-HQ,,Average,Default Cost Category,"Tray 14.125"" x 9.5"" No print on 16PT C2S Tango Cover - White ",TRUE,,Full Sail ,3875,The Strouse Corporation,TRUE,,,,5000 Cost of Goods,300000 Sales,13100 Inventory Asset,FALSE
23439,FLX000306-W5,FLX000306,Length Units,,Operations,Strouse-HQ,,Average,Default Cost Category,DPM FW Flex White Vinyl Hi-Perf Adh Roll Liner,TRUE,0.1206,"FLEXcon Company, Inc.",3247,The Strouse Corporation,TRUE,0.1206,,,5000 Cost of Goods,300000 Sales,13100 Inventory Asset,FALSE
23440,RE-18 2 mil-W3.74,RE-18 2 mil,Length Units,,Operations,Strouse-HQ,,Average,Default Cost Category,"RE-18 adhesive, 2 mil PET, Self wound, LTC",TRUE,0.05780544,3 Sigma Corporation,3610,The Strouse Corporation,TRUE,0.05780544,,,5000 Cost of Goods,300000 Sales,13100 Inventory Asset,FALSE
23441,RE-18 2 mil-W5.25,RE-18 2 mil,Length Units,,Operations,Strouse-HQ,,Average,Default Cost Category,"RE-18 adhesive, 2 mil PET, Self wound, LTC",TRUE,0.081143704,3 Sigma Corporation,3610,The Strouse Corporation,TRUE,0.081143704,,,5000 Cost of Goods,300000 Sales,13100 Inventory Asset,FALSE
23442,RE-18 2 mil-W3.375,RE-18 2 mil,Length Units,,Operations,Strouse-HQ,,Average,Default Cost Category,"RE-18 adhesive, 2 mil PET, Self wound, LTC",TRUE,0.056578457,3 Sigma Corporation,3610,The Strouse Corporation,TRUE,0.056578457,,,5000 Cost of Goods,300000 Sales,13100 Inventory Asset,FALSE
23443,54lb C2S SL1/SL4 Liner-W5,54lb C2S SL1/SL4 Liner,Length Units,,Operations,Strouse-HQ,,Average,Default Cost Category,"3.2 mil 54 lb, C2S SL1/SL4 Easy/Medium Release Liner",TRUE,0.021124661,"Channeled Resources, Inc. (GMC Coatings)",3277,The Strouse Corporation,TRUE,0.021124661,,,5000 Cost of Goods,300000 Sales,13100 Inventory Asset,FALSE
23444,Dualplex Neoprene Sponge-W12,Dualplex Neoprene Sponge,"Each (Use for Boxes, Bags, Cores, Cases)",3,Operations,Strouse-HQ,,Average,Default Cost Category,"Neoprene, Dualplex  Sponge, .125"" thick",TRUE,0.313888889,AMAZON.Com,3378,The Strouse Corporation,TRUE,0.313888889,,,5000 Cost of Goods,300000 Sales,13100 Inventory Asset,FALSE
23445,9828-W12,9828,Length Units,,Operations,Strouse-HQ,,Average,Default Cost Category,"3.5 mil, PET, D/C, 340, 55# DK",TRUE,0.265703333,"3M Company, Inc. Converter Markets",3141,The Strouse Corporation,TRUE,0.265703333,,,5000 Cost of Goods,300000 Sales,13100 Inventory Asset,FALSE
23446,54091-W3.125,54091,Length Units,,Operations,Strouse-HQ,,Average,Default Cost Category,Fasson Trans-Therm 1C/S2550/40#CK,TRUE,0.01604999,Fasson / Avery Dennison Label & Packaging Materials     (acct. 5387),3246,The Strouse Corporation,TRUE,0.01604999,,,5000 Cost of Goods,300000 Sales,13100 Inventory Asset,FALSE
23447,24SBS08X4700-W8,24SBS08X4700,Length Units,,Operations,Strouse-HQ,,Average,Default Cost Category,".024 SBS 8"" Coil Stock 4700'",TRUE,0.061996787,Graphic Packing International (GPI) ,3876,The Strouse Corporation,TRUE,0.061996787,,,5000 Cost of Goods,300000 Sales,13100 Inventory Asset,FALSE
23450,480-W2,480,Length Units,,Operations,Strouse-HQ,,Average,Default Cost Category,"Polyethylene Tape 480, Transparent,5.1 mil, 24 rolls per case, Plastic Core",TRUE,0.447783333,"3M Company, Inc. Converter Markets",3141,The Strouse Corporation,TRUE,0.447783333,,,5000 Cost of Goods,300000 Sales,13100 Inventory Asset,FALSE
23451,850-W2 - CatID-23451,850,Length Units,,Operations,Strouse-HQ,,Average,Default Cost Category,"Polyester Film Tape, Transparent, 2 in x 72 yd, 1.9 mil, 24 rolls per",TRUE,0.403814815,"3M Company, Inc. Converter Markets",3141,The Strouse Corporation,TRUE,0.403814815,,,5000 Cost of Goods,300000 Sales,13100 Inventory Asset,FALSE
23453,UC-HPRP3BY-W19.39,UC-HPRP3BY,Length Units,,Operations,Strouse-HQ,,Average,Default Cost Category,"Liner, High performance release paper",TRUE,0.543292683,UChem Shanghai ,3867,The Strouse Corporation,TRUE,0.543292683,,,5000 Cost of Goods,300000 Sales,13100 Inventory Asset,FALSE
23454,CO404-W12,CO404,Length Units,,Operations,Strouse-HQ,,Average,Default Cost Category,Blue Splicing Tape - LOG,TRUE,0.424166204,Tapeworks,4043,The Strouse Corporation,TRUE,0.424166204,,,5000 Cost of Goods,300000 Sales,13100 Inventory Asset,FALSE
23455,444-W12.3125,444,Length Units,,Operations,Strouse-HQ,,Average,Default Cost Category,"3.8 mil, 300, 55# DK ",TRUE,2.214722222,"3M Company, Inc. Converter Markets",3141,The Strouse Corporation,TRUE,2.214722222,,,5000 Cost of Goods,300000 Sales,13100 Inventory Asset,FALSE
23457,3903-W3,3903,Length Units,,Operations,Strouse-HQ,,Average,Default Cost Category,Vinyl Duct Tape - White,TRUE,0.069533333,"3M Company, Inc. Converter Markets",3141,The Strouse Corporation,TRUE,0.069533333,,,5000 Cost of Goods,300000 Sales,13100 Inventory Asset,FALSE
23458,2123R-W16.25 - CatID-23458,2123R,Length Units,,Operations,Strouse-HQ,,Average,Default Cost Category,2 mil Adhesive transfer ,TRUE,0,Avery Dennison-Specialty Tape Division,3239,The Strouse Corporation,TRUE,0,,,5000 Cost of Goods,300000 Sales,13100 Inventory Asset,FALSE
23459,2123R-W7.125,2123R,Length Units,,Operations,Strouse-HQ,,Average,Default Cost Category,2 mil Adhesive transfer ,TRUE,0,Avery Dennison-Specialty Tape Division,3239,The Strouse Corporation,TRUE,0,,,5000 Cost of Goods,300000 Sales,13100 Inventory Asset,FALSE
23460,468MP-W11.75,468MP,Length Units,,Operations,Strouse-HQ,,Average,Default Cost Category,"5 mil, 200MP, 58#PCK",TRUE,0.987851852,"3M Company, Inc. Converter Markets",3141,The Strouse Corporation,TRUE,0.987851852,,,5000 Cost of Goods,300000 Sales,13100 Inventory Asset,FALSE
23462,PPT-5001,PPT-5001,"Each (Use for Boxes, Bags, Cores, Cases)",3,Operations,Strouse-HQ,,Average,Default Cost Category,PMS 185 Red Ink 1 GAL Can,TRUE,,ippi-Image Prntg Prod. Int'l,3298,The Strouse Corporation,TRUE,,,,5000 Cost of Goods,300000 Sales,13100 Inventory Asset,FALSE
23463,9471LE-W3,9471LE,Length Units,,Operations,Strouse-HQ,,Average,Default Cost Category,"2 mil, 300LSE, 58#PCK",TRUE,0.156297917,"3M Company, Inc. Converter Markets",3141,The Strouse Corporation,TRUE,0.156297917,,,5000 Cost of Goods,300000 Sales,13100 Inventory Asset,FALSE
23465,125677-W5.67,125677,Length Units,,Operations,Strouse-HQ,,Average,Default Cost Category,HP 460,TRUE,0,"Shurtape Technologies, LLC",3259,The Strouse Corporation,TRUE,0,,,5000 Cost of Goods,300000 Sales,13100 Inventory Asset,FALSE
23472,RA6-W57,RA6,Length Units,,Operations,Strouse-HQ,,Average,Default Cost Category,"RA6, bi-directional paper filament tape",TRUE,4.53492,Intertape Polymer Group,3311,The Strouse Corporation,TRUE,4.53492,,,5000 Cost of Goods,300000 Sales,13100 Inventory Asset,FALSE
23473,FP022102-W4,FP022102,Length Units,,Operations,Strouse-HQ,,Average,Default Cost Category,"White Polypropylene, Thermal transfer",TRUE,0.0992496,"3M Company, Inc. Converter Markets",3141,The Strouse Corporation,TRUE,0.0992496,,,5000 Cost of Goods,300000 Sales,13100 Inventory Asset,FALSE
23474,FP022102-W5.5,FP022102,Length Units,,Operations,Strouse-HQ,,Average,Default Cost Category,"White Polypropylene, Thermal transfer",TRUE,0.136468133,"3M Company, Inc. Converter Markets",3141,The Strouse Corporation,TRUE,0.136468133,,,5000 Cost of Goods,300000 Sales,13100 Inventory Asset,FALSE
23475,DNP D-EL408PH(3)-W7.874,DNP D-EL408PH(3),Length Units,,Operations,Strouse-HQ,,Average,Default Cost Category,Overwrap,TRUE,0,KYOCERA AVX Components LLC,3546,The Strouse Corporation,TRUE,0,,,5000 Cost of Goods,300000 Sales,13100 Inventory Asset,FALSE
23477,GPH 160GF-W4.75,GPH 160GF,Length Units,,Operations,Strouse-HQ,,Average,Default Cost Category,"VHB™ Tape, Gray, 62 mil, Film Liner.",TRUE,2.131665741,"3M Company, Inc. Converter Markets",3141,The Strouse Corporation,TRUE,2.131665741,,,5000 Cost of Goods,300000 Sales,13100 Inventory Asset,FALSE
23478,LS-2012-W54,LS-2012,Length Units,,Operations,Strouse-HQ,,Average,Default Cost Category,LS Foam,TRUE,8.114753125,"3M Company, Inc. Converter Markets",3141,The Strouse Corporation,TRUE,8.114753125,,,5000 Cost of Goods,300000 Sales,13100 Inventory Asset,FALSE
23480,R-RZ013021-W6.25,R-RZ013021,Length Units,,Operations,Strouse-HQ,,Average,Default Cost Category,Brown Tag Silicon Release Liner,TRUE,0.215475,The Griff Network,3251,The Strouse Corporation,TRUE,0.215475,,,5000 Cost of Goods,300000 Sales,13100 Inventory Asset,FALSE
23483,2123R-W16.25 - CatID-23483,2123R,Length Units,,Operations,Strouse-HQ,,Average,Default Cost Category,CSM - 2 mil Adhesive transfer ,TRUE,0,Johnson Medtech,3658,The Strouse Corporation,TRUE,0,,,5000 Cost of Goods,300000 Sales,13100 Inventory Asset,FALSE
23484,BT-3854-3 RED-W3,BT-3854-3 RED,Length Units,,Operations,Strouse-HQ,,Average,Default Cost Category,Double sided RED tape ,TRUE,0.755555556,Bron Tapes ,3783,The Strouse Corporation,TRUE,0.755555556,,,5000 Cost of Goods,300000 Sales,13100 Inventory Asset,FALSE
23492,1510-W4.125,1510,Length Units,,Operations,Strouse-HQ,,Average,Default Cost Category,Clear Protecrite 4.6 mil Polypropylene with rubber adhesive,TRUE,0.1046,American Biltrite,3238,The Strouse Corporation,TRUE,0.1046,,,5000 Cost of Goods,300000 Sales,13100 Inventory Asset,FALSE
23493,B5558-W10,B5558,Length Units,,Operations,Strouse-HQ,,Average,Default Cost Category,Natural LabelTM FSC®/Sox2/40#SCK TNR,TRUE,0.070799952,Fasson / Avery Dennison Label & Packaging Materials     (acct. 5387),3246,The Strouse Corporation,TRUE,0.070799952,,,5000 Cost of Goods,300000 Sales,13100 Inventory Asset,FALSE
23494,B5558-W8,B5558,Length Units,,Operations,Strouse-HQ,,Average,Default Cost Category,Natural LabelTM FSC®/Sox2/40#SCK TNR,TRUE,0.056640106,Fasson / Avery Dennison Label & Packaging Materials     (acct. 5387),3246,The Strouse Corporation,TRUE,0.056640106,,,5000 Cost of Goods,300000 Sales,13100 Inventory Asset,FALSE
23496,42 lb. C1S S0-W3.65,42 lb. C1S S0,Length Units,,Operations,Strouse-HQ,,Average,Default Cost Category,2.5 mil 4 2# Easy Release Liner,TRUE,0.017643192,"Channeled Resources, Inc. (GMC Coatings)",3277,The Strouse Corporation,TRUE,0.017643192,,,5000 Cost of Goods,300000 Sales,13100 Inventory Asset,FALSE
23497,6038PC-W54,6038PC,Length Units,,Operations,Strouse-HQ,,Average,Default Cost Category,8 mil Low Fogging Adhesive,TRUE,8.346388889,"3M Company, Inc. Converter Markets",3141,The Strouse Corporation,TRUE,8.346388889,,,5000 Cost of Goods,300000 Sales,13100 Inventory Asset,FALSE
23498,78 lb. C1S BG0-W9.375,78 lb. C1S BG0,Length Units,,Operations,Strouse-HQ,,Average,Default Cost Category,4.4 mil 78 lb. Easy Release C1S Liner - LOG,TRUE,0.056586667,"Channeled Resources, Inc. (GMC Coatings)",3277,The Strouse Corporation,TRUE,0.056586667,,,5000 Cost of Goods,300000 Sales,13100 Inventory Asset,FALSE
23499,HP 460-W5.66 - CatID-23499,HP 460,Length Units,,Operations,Strouse-HQ,,Average,Default Cost Category,"HP 460, 2.5 mil , BOPP tape Top side printable (White)",TRUE,0.025130387,"Shurtape Technologies, LLC",3259,The Strouse Corporation,TRUE,0.025130387,,,5000 Cost of Goods,300000 Sales,13100 Inventory Asset,FALSE
23500,S-4796,S-4796,"Each (Use for Boxes, Bags, Cores, Cases)",3,Operations,Strouse-HQ,,Average,Default Cost Category,"22 x 14 x 6"" Corrugated Boxes - 20/bundle",TRUE,,ULINE,3330,The Strouse Corporation,TRUE,,,,5000 Cost of Goods,300000 Sales,13100 Inventory Asset,FALSE
23505,HP 460-W5.66 - CatID-23505,HP 460,Length Units,,Operations,Strouse-HQ,,Average,Default Cost Category,"HP 460, 2.5 mil , BOPP tape Top side printable (clear)",TRUE,0.025130387,"Shurtape Technologies, LLC",3259,The Strouse Corporation,TRUE,0.025130387,,,5000 Cost of Goods,300000 Sales,13100 Inventory Asset,FALSE
23508,54385-W6,54385,Length Units,,Operations,Strouse-HQ,,Average,Default Cost Category,BRT SLV FOIL/C4500/40#SCK,TRUE,0.06048,Fasson / Avery Dennison Label & Packaging Materials     (acct. 5387),3246,The Strouse Corporation,TRUE,0.06048,,,5000 Cost of Goods,300000 Sales,13100 Inventory Asset,FALSE
23512,SG15106B-W0.5,SG15106B,Length Units,,Operations,Strouse-HQ,,Average,Default Cost Category,"Polymask, SG15106B",TRUE,0.00269,"Pregis PolyMask, Inc.",4045,The Strouse Corporation,TRUE,0.00269,,,5000 Cost of Goods,300000 Sales,13100 Inventory Asset,FALSE
23514,827-W1.889,827,Length Units,,Operations,Strouse-HQ,,Average,Default Cost Category,"827, PE film tape, Rubber adhesive,
Black",TRUE,0.073333333,Berry Global,3254,The Strouse Corporation,TRUE,0.073333333,,,5000 Cost of Goods,300000 Sales,13100 Inventory Asset,FALSE
23515,8427-001890-W1.890,8427-001890,"Each (Use for Boxes, Bags, Cores, Cases)",3,Operations,Strouse-HQ,,Average,Default Cost Category,"1.035"" ID, 0.125"" REX Tape, White liner, Parch cover.",TRUE,,"Yazoo Mills, Inc.",3272,The Strouse Corporation,TRUE,,,,5000 Cost of Goods,300000 Sales,13100 Inventory Asset,FALSE
23517,4950-W1 - CatID-23517,4950,Length Units,,Operations,Strouse-HQ,,Average,Default Cost Category,"4950, Foam, 45 mil, VHB, White. ",TRUE,1.197066667,"3M Company, Inc. Converter Markets",3141,The Strouse Corporation,TRUE,1.197066667,,,5000 Cost of Goods,300000 Sales,13100 Inventory Asset,FALSE
23520,RP+230GF-W6.25,RP+230GF,Length Units,,Operations,Strouse-HQ,,Average,Default Cost Category,"VHB acrylic adhesive, 90mil RP+230
GF",TRUE,2.757267593,"3M Company, Inc. Converter Markets",3141,The Strouse Corporation,TRUE,2.757267593,,,5000 Cost of Goods,300000 Sales,13100 Inventory Asset,FALSE
23523,MP21004948-R6 - Sleeve,MP21004948-R6 - Sleeve,"Each (Use for Boxes, Bags, Cores, Cases)",3,Operations,Strouse-HQ,,Average,Default Cost Category,"Plus Sleeve- assembled
Black print on sides only  (glue tabs)
",TRUE,,Menasha Packaging Company,4049,The Strouse Corporation,TRUE,,,,5000 Cost of Goods,300000 Sales,13100 Inventory Asset,FALSE
23525,MP20003557-R21 - Sleeve,MP20003557-R21 - Sleeve,"Each (Use for Boxes, Bags, Cores, Cases)",3,Operations,Strouse-HQ,,Average,Default Cost Category,"Petite Sleeve - assembled
Black print on sides only  (glue tabs)",TRUE,,Menasha Packaging Company,4049,The Strouse Corporation,TRUE,,,,5000 Cost of Goods,300000 Sales,13100 Inventory Asset,FALSE
23527,AVX-Silver-W2,AVX-Silver,Length Units,,Operations,Strouse-HQ,,Average,Default Cost Category,"Polyimide, Double Coated, 1.5mils silver pigmented Silicone adhesive, 1mil polyimide carrier, tape, FS liner on each side.
",TRUE,,Adhesive Applications,3312,The Strouse Corporation,TRUE,,,,5000 Cost of Goods,300000 Sales,13100 Inventory Asset,FALSE
23528,1524-W9.25 - CatID-23528,1524,Length Units,,Operations,Strouse-HQ,,Average,Default Cost Category,"1524, polyester fiber filled transfer adhesive, 2.5 mils, 54# liner",TRUE,1.223101852,TapeCase Ltd.,3652,The Strouse Corporation,TRUE,1.223101852,,,5000 Cost of Goods,300000 Sales,13100 Inventory Asset,FALSE
23530,4076-W5,4076,Length Units,,Operations,Strouse-HQ,,Average,Default Cost Category,"Medical Tape 4076, Polyester Spunlace Nonwoven Extended Wear, 83# Liner",TRUE,0.315035995,"3M Company, Inc. Converter Markets",3141,The Strouse Corporation,TRUE,0.315035995,,,5000 Cost of Goods,300000 Sales,13100 Inventory Asset,FALSE
23532,4076-W7,4076,Length Units,,Operations,Strouse-HQ,,Average,Default Cost Category,"Medical Tape 4076, Polyester Spunlace Nonwoven Extended Wear, 83# Liner",TRUE,0.472555556,"3M Company, Inc. Converter Markets",3141,The Strouse Corporation,TRUE,0.472555556,,,5000 Cost of Goods,300000 Sales,13100 Inventory Asset,FALSE
23533,MED 6017-W6,MED 6017,Length Units,,Operations,Strouse-HQ,,Average,Default Cost Category,"Adhesive, 6017 medical double coated",TRUE,0.4356,Avery - Vancive Medical Technologies,3390,The Strouse Corporation,TRUE,0.4356,,,5000 Cost of Goods,300000 Sales,13100 Inventory Asset,FALSE
23538,DP8825NS - CatID-23538,DP8825NS,"Each (Use for Boxes, Bags, Cores, Cases)",3,Operations,Strouse-HQ,,Average,Default Cost Category,3M Scotchweld Low Odor Acrylic Adhesive DP8825NS Green (490 mL Cartridges)   6/case,TRUE,,"3M Company, Inc. Converter Markets",3141,The Strouse Corporation,TRUE,,,,5000 Cost of Goods,300000 Sales,13100 Inventory Asset,FALSE
23539,CatID-23539,,"Each (Use for Boxes, Bags, Cores, Cases)",3,Operations,Strouse-HQ,,Average,Default Cost Category,"3M Scotchweld Dual Drive Pneumatic 10:1 Applicator, 490 mL, 1/case ",TRUE,,"3M Company, Inc. Converter Markets",3141,The Strouse Corporation,TRUE,,,,5000 Cost of Goods,300000 Sales,13100 Inventory Asset,FALSE
23540,DP8825NS - CatID-23540,DP8825NS,"Each (Use for Boxes, Bags, Cores, Cases)",3,Operations,Strouse-HQ,,Average,Default Cost Category,"3M Scotchweld EPX Mixing Nozzle, Helical Orange, 490mL, high throughput, 36 nozzles/case",TRUE,,"3M Company, Inc. Converter Markets",3141,The Strouse Corporation,TRUE,,,,5000 Cost of Goods,300000 Sales,13100 Inventory Asset,FALSE
23541,9495LE-W5.4,9495LE,Length Units,,Operations,Strouse-HQ,,Average,Default Cost Category,"6.7 mil, D/C PET, 300LSE, 58#PCK",TRUE,0.502931833,"3M Company, Inc. Converter Markets",3141,The Strouse Corporation,TRUE,0.502931833,,,5000 Cost of Goods,300000 Sales,13100 Inventory Asset,FALSE
23545,2380-P-W22.625,2380-P,Length Units,,Operations,Strouse-HQ,,Average,Default Cost Category,"7.5 mil, Crepe Masking, Nat. Syn. Rubber Blend - LOG",TRUE,0.44719,"3M Company, Inc. Converter Markets",3141,The Strouse Corporation,TRUE,0.44719,,,5000 Cost of Goods,300000 Sales,13100 Inventory Asset,FALSE
23547,192830-W5,192830,Length Units,,Operations,Strouse-HQ,,Average,Default Cost Category,CSM - NOR5001 6mil Sil Gel White PC TRGT,TRUE,0,"Nourisse Naturals,  LLC",3674,The Strouse Corporation,TRUE,0,,,5000 Cost of Goods,300000 Sales,13100 Inventory Asset,FALSE
23554,2123R-W2,2123R,Length Units,,Operations,Strouse-HQ,,Average,Default Cost Category,"Adhesive transfer 2123R, synthetic rubber.",TRUE,0.042122256,Avery Dennison-Specialty Tape Division,3239,The Strouse Corporation,TRUE,0.042122256,,,5000 Cost of Goods,300000 Sales,13100 Inventory Asset,FALSE
23557,S-5323,S-5323,"Each (Use for Boxes, Bags, Cores, Cases)",3,Operations,Strouse-HQ,,Average,Default Cost Category,"5"" x 8"", Nonabrasive 1/8"" polyethylene foam pouch",TRUE,,ULINE,3330,The Strouse Corporation,TRUE,,,,5000 Cost of Goods,300000 Sales,13100 Inventory Asset,FALSE
23563,8896-W0.9448,8896,Length Units,,Operations,Strouse-HQ,,Average,Default Cost Category,"Scotch® Strapping Tape Blue, 24 mm x 55 m, 36 rolls per case",TRUE,0.009833333,"3M Company, Inc. Converter Markets",3141,The Strouse Corporation,TRUE,0.009833333,,,5000 Cost of Goods,300000 Sales,13100 Inventory Asset,FALSE
23564,54 lb. C1S S0(BG0)-W4,54 lb. C1S S0(BG0),Length Units,,Operations,Strouse-HQ,,Average,Default Cost Category,3.2 mil 54 lb. Easy Release C1S Liner,TRUE,0.0139632,"Channeled Resources, Inc. (GMC Coatings)",3277,The Strouse Corporation,TRUE,0.0139632,,,5000 Cost of Goods,300000 Sales,13100 Inventory Asset,FALSE
23565,OPP-20C Blue-W6,OPP-20C Blue,Length Units,,Operations,Strouse-HQ,,Average,Default Cost Category,Blue colored polypropylene ,TRUE,0.020606061,Adhesive Tape Products,3237,The Strouse Corporation,TRUE,0.020606061,,,5000 Cost of Goods,300000 Sales,13100 Inventory Asset,FALSE
23566,MP22001659r1 - Sleeve only,MP22001659r1 - Sleeve only,"Each (Use for Boxes, Bags, Cores, Cases)",3,Operations,Strouse-HQ,,Average,Default Cost Category,"Advantage Sleeve only - black print on sides only 
To use in place of printed 3317A02075R8",TRUE,,Menasha Packaging Company,4049,The Strouse Corporation,TRUE,,,,5000 Cost of Goods,300000 Sales,13100 Inventory Asset,FALSE
23567,02-W191-30-0031-05,02-W191-30-0031-05,"Each (Use for Boxes, Bags, Cores, Cases)",3,Operations,Strouse-HQ,,Average,Default Cost Category,"Black Neoprene - Commercial Grade - 50A
1/32"" x 36"" x 60""",TRUE,,Rubber Cal ,3885,The Strouse Corporation,TRUE,,,,5000 Cost of Goods,300000 Sales,13100 Inventory Asset,FALSE
23568,LD-15-W50,LD-15,"Each (Use for Boxes, Bags, Cores, Cases)",3,Operations,Strouse-HQ,,Average,Default Cost Category,"White Plastazote Foam .5"" thick ",TRUE,0,UFP Technologies ,3886,The Strouse Corporation,TRUE,0,,,5000 Cost of Goods,300000 Sales,13100 Inventory Asset,FALSE
23574,4646-W2.25,4646,Length Units,,Operations,Strouse-HQ,,Average,Default Cost Category,"4646, Foam, 25 mil, D/C Grey Acrylic, VHB",TRUE,0.891,"3M Company, Inc. Converter Markets",3141,The Strouse Corporation,TRUE,0.891,,,5000 Cost of Goods,300000 Sales,13100 Inventory Asset,FALSE
23575,7mil clear PET-W20,7mil clear PET,Length Units,,Operations,Strouse-HQ,,Average,Default Cost Category,7mil clear PET,TRUE,1.2,TEAM Plastics,3304,The Strouse Corporation,TRUE,1.2,,,5000 Cost of Goods,300000 Sales,13100 Inventory Asset,FALSE
23576,MP21116165,MP21116165,"Each (Use for Boxes, Bags, Cores, Cases)",3,Operations,Strouse-HQ,,Average,Default Cost Category,GB113 Transparent Dressing Carton 1/c,TRUE,,Menasha Packaging Company,4049,The Strouse Corporation,TRUE,,,,5000 Cost of Goods,300000 Sales,13100 Inventory Asset,FALSE
23577,78 lb. C1S BG40-W9.5,78 lb. C1S BG40,Length Units,,Operations,Strouse-HQ,,Average,Default Cost Category,"Liner, 78#, Medium release, C1S BG40  SCK",TRUE,0.06156,"Channeled Resources, Inc. (GMC Coatings)",3277,The Strouse Corporation,TRUE,0.06156,,,5000 Cost of Goods,300000 Sales,13100 Inventory Asset,FALSE
23582,FT 445 (with PET liner)-W6,FT 445 (with PET liner),Length Units,,Operations,Strouse-HQ,,Average,Default Cost Category,"FT 445, double coated BOPP tape, 9.2 mil total  (with PET liner)

",TRUE,0.22536,Avery Dennison-Specialty Tape Division,3239,The Strouse Corporation,TRUE,0.22536,,,5000 Cost of Goods,300000 Sales,13100 Inventory Asset,FALSE
23584,850-W2 - CatID-23584,850,Length Units,,Operations,Strouse-HQ,,Average,Default Cost Category,"3M™ Polyester Film Tape 850, Silver, 2 in x 72 yd, 1.9 mil, 24 rolls per case (plastic core)",TRUE,0.403814815,"3M Company, Inc. Converter Markets",3141,The Strouse Corporation,TRUE,0.403814815,,,5000 Cost of Goods,300000 Sales,13100 Inventory Asset,FALSE
23586,42 lb. C1S S0-W5.8,42 lb. C1S S0,Length Units,,Operations,Strouse-HQ,,Average,Default Cost Category,2.5 mil 42# Easy Release Liner,TRUE,0.03014,"Channeled Resources, Inc. (GMC Coatings)",3277,The Strouse Corporation,TRUE,0.03014,,,5000 Cost of Goods,300000 Sales,13100 Inventory Asset,FALSE
23587,53 Lb. C2S BG0/BG0-W13.625,53 Lb. C2S BG0/BG0,Length Units,,Operations,Strouse-HQ,,Average,Default Cost Category,3.2 mil 53 lb. Easy Release Liner C2S BG0/BG0(Easy/Easy),TRUE,0.079626667,"Channeled Resources, Inc. (GMC Coatings)",3277,The Strouse Corporation,TRUE,0.079626667,,,5000 Cost of Goods,300000 Sales,13100 Inventory Asset,FALSE
23588,53 Lb. C2S BG0/BG0-W13,53 Lb. C2S BG0/BG0,Length Units,,Operations,Strouse-HQ,,Average,Default Cost Category,3.2 mil 53 lb. Easy Release Liner C2S BG0/BG0(Easy/Easy),TRUE,0.075973333,"Channeled Resources, Inc. (GMC Coatings)",3277,The Strouse Corporation,TRUE,0.075973333,,,5000 Cost of Goods,300000 Sales,13100 Inventory Asset,FALSE
23589,FT8305-W9 - CatID-23589,FT8305,Length Units,,Operations,Strouse-HQ,,Average,Default Cost Category," double coated, rubber adhesive",TRUE,,Avery Dennison-Specialty Tape Division,3239,The Strouse Corporation,TRUE,,,,5000 Cost of Goods,300000 Sales,13100 Inventory Asset,FALSE
23590,TPE-X36B-W1,TPE-X36B,Length Units,,Operations,Strouse-HQ,,Average,Default Cost Category,Silicone self adhering tape,TRUE,0.427777778,MOCAP,3937,The Strouse Corporation,TRUE,0.427777778,,,5000 Cost of Goods,300000 Sales,13100 Inventory Asset,FALSE
23591,614URM-W9,614URM,Length Units,,Operations,Strouse-HQ,,Average,Default Cost Category,"614URM , 1.82 mil Clear Polyester Overlaminate Removable Adhesive",TRUE,0.113832,Avery Dennison  (Formerly know as ACPO Ltd.),3300,The Strouse Corporation,TRUE,0.113832,,,5000 Cost of Goods,300000 Sales,13100 Inventory Asset,FALSE
23596,160C-W5.6692,160C,Length Units,,Operations,Strouse-HQ,,Average,Default Cost Category,Lt. Blue UPVC ,TRUE,0.05304878,Decker Tape Products,3242,The Strouse Corporation,TRUE,0.05304878,,,5000 Cost of Goods,300000 Sales,13100 Inventory Asset,FALSE
23599,501+-W24,501+,Length Units,,Operations,Strouse-HQ,,Average,Default Cost Category,Special High Temp Masking  501+,TRUE,0.799745556,"3M Company, Inc. Converter Markets",3141,The Strouse Corporation,TRUE,0.799745556,,,5000 Cost of Goods,300000 Sales,13100 Inventory Asset,FALSE
23600,HP260 - Tan-W1.89,HP260 - Tan,Length Units,,Operations,Strouse-HQ,,Average,Default Cost Category,"1.9 mil TAN polypropylene tape, printable (144mm x 914M) #132370",TRUE,0.004300645,"Shurtape Technologies, LLC",3259,The Strouse Corporation,TRUE,0.004300645,,,5000 Cost of Goods,300000 Sales,13100 Inventory Asset,FALSE
23601,TT200 L344 200 Poly LA-W6,TT200 L344 200 Poly LA,Length Units,,Operations,Strouse-HQ,,Average,Default Cost Category,Flexmount TT200 L344 200 Poly LA,TRUE,0.1836,"FLEXcon Company, Inc.",3247,The Strouse Corporation,TRUE,0.1836,,,5000 Cost of Goods,300000 Sales,13100 Inventory Asset,FALSE
23602,7305-W27,7305,Length Units,,Operations,Strouse-HQ,,Average,Default Cost Category,Protective Tape - White ,TRUE,0.1755,American Biltrite,3238,The Strouse Corporation,TRUE,0.1755,,,5000 Cost of Goods,300000 Sales,13100 Inventory Asset,FALSE
23604,2693 -PL-W14.75,2693 -PL,Length Units,,Operations,Strouse-HQ,,Average,Default Cost Category,"8.5 mil, Masking Tape with plastic core",TRUE,0.652111111,"3M Company, Inc. Converter Markets",3141,The Strouse Corporation,TRUE,0.652111111,,,5000 Cost of Goods,300000 Sales,13100 Inventory Asset,FALSE
23605,40PR-W12.25,40PR,Length Units,,Operations,Strouse-HQ,,Average,Default Cost Category,Clear Anti-Static Tape,TRUE,1.39125,"3M Company, Inc. Converter Markets",3141,The Strouse Corporation,TRUE,1.39125,,,5000 Cost of Goods,300000 Sales,13100 Inventory Asset,FALSE
23607,54385-W3.75 - CatID-23607,54385,Length Units,,Operations,Strouse-HQ,,Average,Default Cost Category,"Bright Silver Foil- 
BRT SLV FOIL/C4500/40#SCK",TRUE,0.039375,Fasson / Avery Dennison Label & Packaging Materials     (acct. 5387),3246,The Strouse Corporation,TRUE,0.039375,,,5000 Cost of Goods,300000 Sales,13100 Inventory Asset,FALSE
23609,PFA Film-W8.5,PFA Film,Length Units,,Operations,Strouse-HQ,,Average,Default Cost Category,"Film, PFA, 200 gauge",TRUE,0.927271778,Polymershapes - Jessup,3375,The Strouse Corporation,TRUE,0.927271778,,,5000 Cost of Goods,300000 Sales,13100 Inventory Asset,FALSE
23611,EL-92734-W13.5,EL-92734,Length Units,,Operations,Strouse-HQ,,Average,Default Cost Category,CSM - ARCare 92734,TRUE,0,Freshpoint Quality Assurance Ltd. d/b/a Evigence Sensors ,3686,The Strouse Corporation,TRUE,0,,,5000 Cost of Goods,300000 Sales,13100 Inventory Asset,FALSE
23613,42 lb. C1S S0-W3.7,42 lb. C1S S0,Length Units,,Operations,Strouse-HQ,,Average,Default Cost Category,2.5 mil 42# Easy Release Liner - LOG,TRUE,0.019226667,"Channeled Resources, Inc. (GMC Coatings)",3277,The Strouse Corporation,TRUE,0.019226667,,,5000 Cost of Goods,300000 Sales,13100 Inventory Asset,FALSE
23614,PaperCoreB/B-W8.75-T180,PaperCoreB/B,"Each (Use for Boxes, Bags, Cores, Cases)",3,Operations,Strouse-HQ,,Average,Default Cost Category,"10.0"" I.D. X 0.375""  Brown / Brown cores, knife cut",TRUE,,OX Paper Tube & Core Co,3296,The Strouse Corporation,TRUE,,,,5000 Cost of Goods,300000 Sales,13100 Inventory Asset,FALSE
23616,54 lb. C1S S0-W3.64,54 lb. C1S S0,Length Units,,Operations,Strouse-HQ,,Average,Default Cost Category,3.2 mil 54 lb. Easy Release C1S Liner,TRUE,0.014693542,"Channeled Resources, Inc. (GMC Coatings)",3277,The Strouse Corporation,TRUE,0.014693542,,,5000 Cost of Goods,300000 Sales,13100 Inventory Asset,FALSE
23617,FT 445 2M PET-W7.71,FT 445 2M PET,Length Units,,Operations,Strouse-HQ,,Average,Default Cost Category,"57405NC54S, double coated BOPP tape, 9.2 mil total with PET liner",TRUE,0.304390789,Avery Dennison-Specialty Tape Division,3239,The Strouse Corporation,TRUE,0.304390789,,,5000 Cost of Goods,300000 Sales,13100 Inventory Asset,FALSE
23618,HP 460-W11.338,HP 460,Length Units,,Operations,Strouse-HQ,,Average,Default Cost Category,"HP 460, 2.5 mil , BOPP tape Top side printable (clear)",TRUE,0.0503002,"Shurtape Technologies, LLC",3259,The Strouse Corporation,TRUE,0.0503002,,,5000 Cost of Goods,300000 Sales,13100 Inventory Asset,FALSE
23621,Protect 470 – MIL-PRF-131K C1-W48,Protect 470 – MIL-PRF-131K C1,Length Units,,Operations,Strouse-HQ,,Average,Default Cost Category,"Heat Sealable OPP/PE/Foil/PE
",TRUE,0.626666667,Protective Packaging Corporation ,3893,The Strouse Corporation,TRUE,0.626666667,,,5000 Cost of Goods,300000 Sales,13100 Inventory Asset,FALSE
23622,54 lb. C1S S0(BG0)-W14.75,54 lb. C1S S0(BG0),Length Units,,Operations,Strouse-HQ,,Average,Default Cost Category,3.2 mil 54 lb. Easy Release C1S Liner,TRUE,0.059544,"Channeled Resources, Inc. (GMC Coatings)",3277,The Strouse Corporation,TRUE,0.059544,,,5000 Cost of Goods,300000 Sales,13100 Inventory Asset,FALSE
23623,160C - Red-W5.669,160C - Red,Length Units,,Operations,Strouse-HQ,,Average,Default Cost Category,Printable film tape (RED),TRUE,0.053006098,Decker Tape Products,3242,The Strouse Corporation,TRUE,0.053006098,,,5000 Cost of Goods,300000 Sales,13100 Inventory Asset,FALSE
23624,32B88111 (blue)-W24,32B88111 (blue),Length Units,,Operations,Strouse-HQ,,Average,Default Cost Category,Hips RL 0.015 WT 105 MT/MT EX NM PRIMEX DIGIHIPS (blue),TRUE,0.4055875,Polymershapes - Jessup,3375,The Strouse Corporation,TRUE,0.4055875,,,5000 Cost of Goods,300000 Sales,13100 Inventory Asset,FALSE
23625,9828-W9.25,9828,Length Units,,Operations,Strouse-HQ,,Average,Default Cost Category,"3.5 mil, PET, D/C, 340, 55# DK",TRUE,0.204819444,"3M Company, Inc. Converter Markets",3141,The Strouse Corporation,TRUE,0.204819444,,,5000 Cost of Goods,300000 Sales,13100 Inventory Asset,FALSE
23626,10-526854-4.7082,10-526854-4.7082,"Each (Use for Boxes, Bags, Cores, Cases)",3,Operations,Strouse-HQ,,Average,Default Cost Category,Film III 348C Green,TRUE,,Siegwerk Environmental Inks,3245,The Strouse Corporation,TRUE,,,,5000 Cost of Goods,300000 Sales,13100 Inventory Asset,FALSE
23640,3955-WH-W1.89,3955-WH,Length Units,,Operations,Strouse-HQ,,Average,Default Cost Category,"White Duct Tape 3955-WH,  (48 mm x 50.2 m), 9 rls/cs",TRUE,0.033111111,"3M Company, Inc. Converter Markets",3141,The Strouse Corporation,TRUE,0.033111111,,,5000 Cost of Goods,300000 Sales,13100 Inventory Asset,FALSE
23641,4191046963-W28,4191046963,Length Units,,Operations,Strouse-HQ,,Average,Default Cost Category,Low Profile white PP/PE Hook,TRUE,0,3M Medical Solutions Division,3645,The Strouse Corporation,TRUE,0,,,5000 Cost of Goods,300000 Sales,13100 Inventory Asset,FALSE
23643,5053-W6,5053,Length Units,,Operations,Strouse-HQ,,Average,Default Cost Category,CSM - fluoro liner 3M 5053,TRUE,0,"Waterway Business Solutions, Inc.",3857,The Strouse Corporation,TRUE,0,,,5000 Cost of Goods,300000 Sales,13100 Inventory Asset,FALSE
23644,853-W2.5,853,Length Units,,Operations,Strouse-HQ,,Average,Default Cost Category,1.1 mil Clear PET ,TRUE,0.341816358,"3M Company, Inc. Converter Markets",3141,The Strouse Corporation,TRUE,0.341816358,,,5000 Cost of Goods,300000 Sales,13100 Inventory Asset,FALSE
23645,853-W6,853,Length Units,,Operations,Strouse-HQ,,Average,Default Cost Category,1.1 mil Clear PET ,TRUE,0.820359259,"3M Company, Inc. Converter Markets",3141,The Strouse Corporation,TRUE,0.820359259,,,5000 Cost of Goods,300000 Sales,13100 Inventory Asset,FALSE
23646,9461P-W48,9461P,Length Units,,Operations,Strouse-HQ,,Average,Default Cost Category,1 mil 100 Adhesive Transfer,TRUE,4.173920556,"3M Company, Inc. Converter Markets",3141,The Strouse Corporation,TRUE,4.173920556,,,5000 Cost of Goods,300000 Sales,13100 Inventory Asset,FALSE
23652,FRA 310-W3.72,FRA 310,Length Units,,Operations,Strouse-HQ,,Average,Default Cost Category,"Liner, 2 mil PET clear, FRA 310, Fluorosilicone, Easy Release",TRUE,0.1643976,Fox River Associates,4046,The Strouse Corporation,TRUE,0.1643976,,,5000 Cost of Goods,300000 Sales,13100 Inventory Asset,FALSE
23654,MS-15520-W2,MS-15520,Length Units,,Operations,Strouse-HQ,,Average,Default Cost Category,"MedSource MS-15520 Tape, Cloth, Porous",TRUE,0.04491,MegaDepot ,3896,The Strouse Corporation,TRUE,0.04491,,,5000 Cost of Goods,300000 Sales,13100 Inventory Asset,FALSE
23657,4930-W3.75,4930,Length Units,,Operations,Strouse-HQ,,Average,Default Cost Category,"4930, Foam, 25 mil, VHB, double coated white",TRUE,3.743055556,"3M Company, Inc. Converter Markets",3141,The Strouse Corporation,TRUE,3.743055556,,,5000 Cost of Goods,300000 Sales,13100 Inventory Asset,FALSE
23661,2255-2-W8.813,2255-2,Length Units,,Operations,Strouse-HQ,,Average,Default Cost Category,"Teflon, 2 mil High Modulus PTFE coated film with silicone adhesive",TRUE,4.925833333,Saint-Gobain Performance Plastics,3299,The Strouse Corporation,TRUE,4.925833333,,,5000 Cost of Goods,300000 Sales,13100 Inventory Asset,FALSE
23662,5419-W23.75,5419,Length Units,,Operations,Strouse-HQ,,Average,Default Cost Category,2.7 mil Low Static Polyimide ,TRUE,14.79333889,"3M Company, Inc. Converter Markets",3141,The Strouse Corporation,TRUE,14.79333889,,,5000 Cost of Goods,300000 Sales,13100 Inventory Asset,FALSE
23663,COFF0360A206MV12-W22.5,COFF0360A206MV12,Length Units,,Operations,Strouse-HQ,,Average,Default Cost Category,TR coffee Fil WS 36.00 CR BL,TRUE,0.027647995,Twin Rivers Paper Company ,3898,The Strouse Corporation,TRUE,0.027647995,,,5000 Cost of Goods,300000 Sales,13100 Inventory Asset,FALSE
23665,FBA8218GL-W9,FBA8218GL,Length Units,,Operations,Strouse-HQ,,Average,Default Cost Category,CSM - double coat acrylic,TRUE,0,"Waterway Business Solutions, Inc.",3857,The Strouse Corporation,TRUE,0,,,5000 Cost of Goods,300000 Sales,13100 Inventory Asset,FALSE
23666,(HCW) MD-1320-61-54-W7.71,(HCW) MD-1320-61-54,Length Units,,Operations,Strouse-HQ,,Average,Default Cost Category,"Adhesive, double coated, medical, rubber based adhesive. With Higher coat weight",TRUE,0,Coating & Converting Technologies,4042,The Strouse Corporation,TRUE,0,,,5000 Cost of Goods,300000 Sales,13100 Inventory Asset,FALSE
23668,78 lb. C1S BG0-W7.875,78 lb. C1S BG0,Length Units,,Operations,Strouse-HQ,,Average,Default Cost Category,4.4 mil 78 lb. Easy Release C1S Liner ,TRUE,0.051126667,"Channeled Resources, Inc. (GMC Coatings)",3277,The Strouse Corporation,TRUE,0.051126667,,,5000 Cost of Goods,300000 Sales,13100 Inventory Asset,FALSE
23673,GPM-63-W49.2,GPM-63,Length Units,,Operations,Strouse-HQ,,Average,Default Cost Category,"Masking Tape, 5 mil utility",TRUE,0.333333333,Adhesive Tape Products,3237,The Strouse Corporation,TRUE,0.333333333,,,5000 Cost of Goods,300000 Sales,13100 Inventory Asset,FALSE
23674,PG21-W2,PG21,Length Units,,Operations,Strouse-HQ,,Average,Default Cost Category,High Temp Premium Paper Masking tape (48mm x 55m),TRUE,,Intertape Polymer Group,3311,The Strouse Corporation,TRUE,,,,5000 Cost of Goods,300000 Sales,13100 Inventory Asset,FALSE
23675,5915P-W5.5,5915P,Length Units,,Operations,Strouse-HQ,,Average,Default Cost Category,"16 mil, Acrylic foam tape, double-coated Black VHB paper liner",TRUE,3.984666667,"3M Company, Inc. Converter Markets",3141,The Strouse Corporation,TRUE,3.984666667,,,5000 Cost of Goods,300000 Sales,13100 Inventory Asset,FALSE
23677,KPT-1-W11,KPT-1,Length Units,,Operations,Strouse-HQ,,Average,Default Cost Category,1 mil Polyimide with silicone adhesive,TRUE,0.4875,Adhesive Tape Products,3237,The Strouse Corporation,TRUE,0.4875,,,5000 Cost of Goods,300000 Sales,13100 Inventory Asset,FALSE
23678,TM8750-W7.75,TM8750,Length Units,,Operations,Strouse-HQ,,Average,Default Cost Category,D/C .5Mil PET/2.6/2.6/80# SCK,TRUE,0,MacTac,3255,The Strouse Corporation,TRUE,0,,,5000 Cost of Goods,300000 Sales,13100 Inventory Asset,FALSE
23680,TT100 V29 200 Poly SC6 200 Poly H9-W36.75,TT100 V29 200 Poly SC6 200 Poly H9,Length Units,,Operations,Strouse-HQ,,Average,Default Cost Category,TT100 V29 200 Poly SC6 200 Poly H9,TRUE,1.85661,"FLEXcon Company, Inc.",3247,The Strouse Corporation,TRUE,1.85661,,,5000 Cost of Goods,300000 Sales,13100 Inventory Asset,FALSE
23682,TM8750-W6,TM8750,Length Units,,Operations,Strouse-HQ,,Average,Default Cost Category,Medical Adhesive ,TRUE,0.13104,MacTac,3255,The Strouse Corporation,TRUE,0.13104,,,5000 Cost of Goods,300000 Sales,13100 Inventory Asset,FALSE
23683,TM8750-W4.25,TM8750,Length Units,,Operations,Strouse-HQ,,Average,Default Cost Category,Medical Adhesive ,TRUE,0.09282,MacTac,3255,The Strouse Corporation,TRUE,0.09282,,,5000 Cost of Goods,300000 Sales,13100 Inventory Asset,FALSE
23685,FRA 3306 S1S-W4 - CatID-23685,FRA 3306 S1S,Length Units,,Operations,Strouse-HQ,,Average,Default Cost Category,"2 mil PET Liner, FRA 3306, S1S Medium release",TRUE,0.02688,Fox River Associates,4046,The Strouse Corporation,TRUE,0.02688,,,5000 Cost of Goods,300000 Sales,13100 Inventory Asset,FALSE
23688,TM8720-W8.1875,TM8720,Length Units,,Operations,Strouse-HQ,,Average,Default Cost Category,Medical Adhesive ,TRUE,0.1657,MacTac,3255,The Strouse Corporation,TRUE,0.1657,,,5000 Cost of Goods,300000 Sales,13100 Inventory Asset,FALSE
23692,DigiSeal-W27,DigiSeal,Length Units,,Operations,Strouse-HQ,,Average,Default Cost Category,"CSM - 6 mil, DigiSeal UV Laminating Film",TRUE,0,Proto Labels,3594,The Strouse Corporation,TRUE,0,,,5000 Cost of Goods,300000 Sales,13100 Inventory Asset,FALSE
23693,DigiSeal-W25,DigiSeal,Length Units,,Operations,Strouse-HQ,,Average,Default Cost Category,"CSM - 6 mil, DigiSeal UV Laminating Film",TRUE,0,Proto Labels,3594,The Strouse Corporation,TRUE,0,,,5000 Cost of Goods,300000 Sales,13100 Inventory Asset,FALSE
23694,DigiSeal-W40,DigiSeal,Length Units,,Operations,Strouse-HQ,,Average,Default Cost Category,"CSM - 6 mil, DigiSeal UV Laminating Film",TRUE,0,Proto Labels,3594,The Strouse Corporation,TRUE,0,,,5000 Cost of Goods,300000 Sales,13100 Inventory Asset,FALSE
23695,CatID-23695-W52.5,,Length Units,,Operations,Strouse-HQ,,Average,Default Cost Category,Paper 50# ,TRUE,0.07812,Matthias Paper Corporation,4191,The Strouse Corporation,TRUE,0.07812,,,5000 Cost of Goods,300000 Sales,13100 Inventory Asset,FALSE
23697,1345-W2,1345,Length Units,,Operations,Strouse-HQ,,Average,Default Cost Category,Embossed Tin-Plated Copper Foil EMI Shielding Tape ,TRUE,,"3M Company, Inc. Converter Markets",3141,The Strouse Corporation,TRUE,,,,5000 Cost of Goods,300000 Sales,13100 Inventory Asset,FALSE
23702,9471LE-W8.375,9471LE,Length Units,,Operations,Strouse-HQ,,Average,Default Cost Category,"2 mil, 300LSE, 58#PCK",TRUE,0.508865185,"3M Company, Inc. Converter Markets",3141,The Strouse Corporation,TRUE,0.508865185,,,5000 Cost of Goods,300000 Sales,13100 Inventory Asset,FALSE
280,78 lb. C1S-W6,78 lb. C1S,Length Units,,Operations,Strouse-HQ,,Average,Default Cost Category,4.5 mil C1S Silicone Easy Release Liner,TRUE,,The Griff Network,3251,The Strouse Corporation,TRUE,,,,5000 Cost of Goods,300000 Sales,13100 Inventory Asset,FALSE
554,468MP-W24,468MP,Length Units,,Operations,Strouse-HQ,,Average,Default Cost Category,"5 mil, 200MP, 58#PCK",TRUE,0.018033573,"3M Company, Inc. Converter Markets",3141,The Strouse Corporation,TRUE,0.018033573,,,5000 Cost of Goods,300000 Sales,13100 Inventory Asset,FALSE
904,78 lb. C1S BG40-W5.75,78 lb. C1S BG40,Length Units,,Operations,Strouse-HQ,,Average,Default Cost Category,4.4 mil 78 lb. Medium Release C1S Liner,TRUE,0.038654,"Channeled Resources, Inc. (GMC Coatings)",3277,The Strouse Corporation,TRUE,0.038654,,,5000 Cost of Goods,300000 Sales,13100 Inventory Asset,FALSE
1142,F9469PC-W24,F9469PC,Length Units,,Operations,Strouse-HQ,,Average,Default Cost Category,5 mil Adhesive Transfer Tape (Printed Liner) - LOG,TRUE,0.00361547,"3M Company, Inc. Converter Markets",3141,The Strouse Corporation,TRUE,0.00361547,,,5000 Cost of Goods,300000 Sales,13100 Inventory Asset,FALSE
1162,16836-W6,16836,Length Units,,Operations,Strouse-HQ,,Average,Default Cost Category,100# Tag Stock,TRUE,0.053621988,Fasson / Avery Dennison Label & Packaging Materials     (acct. 5387),3246,The Strouse Corporation,TRUE,0.053621988,,,5000 Cost of Goods,300000 Sales,13100 Inventory Asset,FALSE
2606,9495LE-W54,9495LE,Length Units,,Operations,Strouse-HQ,,Average,Default Cost Category,"6.7 mil, D/C PET, 300LSE, 58#PCK - LOG",TRUE,0.348,"3M Company, Inc. Converter Markets",3141,The Strouse Corporation,TRUE,0.348,,,5000 Cost of Goods,300000 Sales,13100 Inventory Asset,FALSE
2631,234-W57,234,Length Units,,Operations,Strouse-HQ,,Average,Default Cost Category,General Purpose Masking Tape,TRUE,0.361111111,"3M Company, Inc. Converter Markets",3141,The Strouse Corporation,TRUE,0.361111111,,,5000 Cost of Goods,300000 Sales,13100 Inventory Asset,FALSE
2694,42 lb. C1S S0-W7,42 lb. C1S S0,Length Units,,Operations,Strouse-HQ,,Average,Default Cost Category,2.5 mil 42# Easy Release Liner,TRUE,0.566361,"Channeled Resources, Inc. (GMC Coatings)",3277,The Strouse Corporation,TRUE,0.566361,,,5000 Cost of Goods,300000 Sales,13100 Inventory Asset,FALSE
10339,0129-W19,0129,Length Units,,Operations,Strouse-HQ,,Average,Default Cost Category,Protective Tape,TRUE,0.623166667,"Ideal Tape Co., Inc.",3540,The Strouse Corporation,TRUE,0.623166667,,,5000 Cost of Goods,300000 Sales,13100 Inventory Asset,FALSE
11803,231-W1,231,Length Units,,Operations,Strouse-HQ,,Average,Default Cost Category,"6.1 mil, Rubber, Tan Masking",TRUE,0.132715741,"3M Company, Inc. Converter Markets",3141,The Strouse Corporation,TRUE,0.132715741,,,5000 Cost of Goods,300000 Sales,13100 Inventory Asset,FALSE
12039,371-W1.889,371,Length Units,,Operations,Strouse-HQ,,Average,Default Cost Category,"Clear Polypropylene, Hot melt rubber",TRUE,0.497222222,"3M Company, Inc. Converter Markets",3141,The Strouse Corporation,TRUE,0.497222222,,,5000 Cost of Goods,300000 Sales,13100 Inventory Asset,FALSE
12153,9495LE-W9,9495LE,Length Units,,Operations,Strouse-HQ,,Average,Default Cost Category,"6.7 mil, D/C PET, 300LSE, 58#PCK",TRUE,0.057882222,"3M Company, Inc. Converter Markets",3141,The Strouse Corporation,TRUE,0.057882222,,,5000 Cost of Goods,300000 Sales,13100 Inventory Asset,FALSE
12319,530106-W59,530106,Length Units,,Operations,Strouse-HQ,,Average,Default Cost Category,CSM - Black Repair Kit Filter Fabric,TRUE,0.390518519,Tex Shield,3587,The Strouse Corporation,TRUE,0.390518519,,,5000 Cost of Goods,300000 Sales,13100 Inventory Asset,FALSE
12386,500AV-W1.25,500AV,Length Units,,Operations,Strouse-HQ,,Average,Default Cost Category,"5 mil Polyimide, No PSA",TRUE,0.59047383,Kaneka North America – Apical Division,3252,The Strouse Corporation,TRUE,0.59047383,,,5000 Cost of Goods,300000 Sales,13100 Inventory Asset,FALSE
12450,821-W4,821,Length Units,,Operations,Strouse-HQ,,Average,Default Cost Category,Scotch® Label Protection Pick,TRUE,0.526759167,"3M Company, Inc. Converter Markets",3141,The Strouse Corporation,TRUE,0.526759167,,,5000 Cost of Goods,300000 Sales,13100 Inventory Asset,FALSE
12472,2392-W12,2392,Length Units,,Operations,Strouse-HQ,,Average,Default Cost Category,2392 Masking Tape,TRUE,4.214091667,"3M Company, Inc. Converter Markets",3141,The Strouse Corporation,TRUE,4.214091667,,,5000 Cost of Goods,300000 Sales,13100 Inventory Asset,FALSE
12528,468MP-W1,468MP,Length Units,,Operations,Strouse-HQ,,Average,Default Cost Category,"5 mil, 200MP, 58#PCK",TRUE,0.024536,"3M Company, Inc. Converter Markets",3141,The Strouse Corporation,TRUE,0.024536,,,5000 Cost of Goods,300000 Sales,13100 Inventory Asset,FALSE
12610,750Wpvc-W0.75,750Wpvc,Length Units,,Operations,Strouse-HQ,,Average,Default Cost Category,White UPVC ,TRUE,0.67234537,Adhesive Tape Products,3237,The Strouse Corporation,TRUE,0.67234537,,,5000 Cost of Goods,300000 Sales,13100 Inventory Asset,FALSE
12662,10 mil Poly-W3,10 mil Poly,Length Units,,Operations,Strouse-HQ,,Average,Default Cost Category,10 mil Clear Polyester,TRUE,0.652914815,"Transcendia (Transilwrap Company, Inc.)",3266,The Strouse Corporation,TRUE,0.652914815,,,5000 Cost of Goods,300000 Sales,13100 Inventory Asset,FALSE
12903,SST-636C-W49,SST-636C,Length Units,,Operations,Strouse-HQ,,Average,Default Cost Category,"Black & Yellow Safety Tape- Conformable Soft PVC Vinyl, Synthetic Rubber Adhesive",TRUE,0.112432,Adhesive Tape Products,3237,The Strouse Corporation,TRUE,0.112432,,,5000 Cost of Goods,300000 Sales,13100 Inventory Asset,FALSE
13036,5905Tpvc-W5.905,5905Tpvc,Length Units,,Operations,Strouse-HQ,,Average,Default Cost Category,Tan UPVC (150mm),TRUE,0.634333333,Adhesive Tape Printers LLC,3339,The Strouse Corporation,TRUE,0.634333333,,,5000 Cost of Goods,300000 Sales,13100 Inventory Asset,FALSE
13757,4737T-W6,4737T,Length Units,,Operations,Strouse-HQ,,Average,Default Cost Category,"5.1 mil, Vinyl Masking, Fine Line High Temp Blue, Rubber w/83# Liner ",TRUE,2.039055556,"3M Company, Inc. Converter Markets",3141,The Strouse Corporation,TRUE,2.039055556,,,5000 Cost of Goods,300000 Sales,13100 Inventory Asset,FALSE
14072,4737T-W5.5,4737T,Length Units,,Operations,Strouse-HQ,,Average,Default Cost Category,"5.1 mil, Vinyl Masking, Fine Line High Temp Blue, Rubber w/83# Liner ",TRUE,0.266631944,"3M Company, Inc. Converter Markets",3141,The Strouse Corporation,TRUE,0.266631944,,,5000 Cost of Goods,300000 Sales,13100 Inventory Asset,FALSE
14572,1598K16,1598K16,"Each (Use for Boxes, Bags, Cores, Cases)",3,Operations,Strouse-HQ,,Average,Default Cost Category,1.0mm  440C Stainless Steel Bearings,TRUE,0.02448,McMaster-Carr,3281,The Strouse Corporation,TRUE,0.02448,,,5000 Cost of Goods,300000 Sales,13100 Inventory Asset,FALSE
14640,3 mil Corona Treated White PolyPro-W12,3 mil Corona Treated White PolyPro,Length Units,,Operations,Strouse-HQ,,Average,Default Cost Category,3 mil Corona Treated White Polypropylene- Wound OUT,TRUE,0.0034908,"Piedmont Plastics, Inc. Beltsville",3257,The Strouse Corporation,TRUE,0.0034908,,,5000 Cost of Goods,300000 Sales,13100 Inventory Asset,FALSE
14734,54 lb. C1S S0-W7.5,54 lb. C1S S0,Length Units,,Operations,Strouse-HQ,,Average,Default Cost Category,3.2 mil 54 lb. Easy Release C1S Liner,TRUE,0.185613715,"Channeled Resources, Inc. (GMC Coatings)",3277,The Strouse Corporation,TRUE,0.185613715,,,5000 Cost of Goods,300000 Sales,13100 Inventory Asset,FALSE
14766,232-W4.625,232,Length Units,,Operations,Strouse-HQ,,Average,Default Cost Category,"6.3 mil, Crepe Masking, Rubber",TRUE,0.092061728,"3M Company, Inc. Converter Markets",3141,The Strouse Corporation,TRUE,0.092061728,,,5000 Cost of Goods,300000 Sales,13100 Inventory Asset,FALSE
14831,1598K16-W0.039,1598K16,"Each (Use for Boxes, Bags, Cores, Cases)",3,Operations,Strouse-HQ,,Average,Default Cost Category,1.0mm  440C  Grade 25 Stainless Steel Balls,TRUE,0.25776,McMaster-Carr,3281,The Strouse Corporation,TRUE,0.25776,,,5000 Cost of Goods,300000 Sales,13100 Inventory Asset,FALSE
14833,1598K18-W0.079,1598K18,"Each (Use for Boxes, Bags, Cores, Cases)",3,Operations,Strouse-HQ,,Average,Default Cost Category,2.0mm  440C  Grade 25 Stainless Steel Balls,TRUE,0.252038056,McMaster-Carr,3281,The Strouse Corporation,TRUE,0.252038056,,,5000 Cost of Goods,300000 Sales,13100 Inventory Asset,FALSE
14959,V400F Orange TC160 V23-W3.375,V400F Orange TC160 V23,Length Units,,Operations,Strouse-HQ,,Average,Default Cost Category,V400F Orange TC160 V23,TRUE,1.304166667,"FLEXcon Company, Inc.",3247,The Strouse Corporation,TRUE,1.304166667,,,5000 Cost of Goods,300000 Sales,13100 Inventory Asset,FALSE
14978,2AFR Black-W3,2AFR Black,Length Units,,Operations,Strouse-HQ,,Average,Default Cost Category,"Foam, 1/8"" 2AFR Black Volara w/PSA-60",TRUE,0.1195665,Rubberlite,3303,The Strouse Corporation,TRUE,0.1195665,,,5000 Cost of Goods,300000 Sales,13100 Inventory Asset,FALSE
15162,1598K22-W0.098,1598K22,"Each (Use for Boxes, Bags, Cores, Cases)",3,Operations,Strouse-HQ,,Average,Default Cost Category,2.5mm  440C  Grade 25 Stainless Steel Balls. 250/Pkg.,TRUE,0.0015,McMaster-Carr,3281,The Strouse Corporation,TRUE,0.0015,,,5000 Cost of Goods,300000 Sales,13100 Inventory Asset,FALSE
15220,1524-W48,1524,Length Units,,Operations,Strouse-HQ,,Average,Default Cost Category,Medical Polyester Fiber Reinforced Transfer Adhesive,TRUE,0.209300926,"3M Company, Inc. Converter Markets",3141,The Strouse Corporation,TRUE,0.209300926,,,5000 Cost of Goods,300000 Sales,13100 Inventory Asset,FALSE
15294,M-3003-09,M-3003-09,"Each (Use for Boxes, Bags, Cores, Cases)",3,Operations,Strouse-HQ,,Average,Default Cost Category,White Vials CSP Grade M-3003-09 with molecular sieve desiccant,TRUE,2.327548889,CSP Technologies,3373,The Strouse Corporation,TRUE,2.327548889,,,5000 Cost of Goods,300000 Sales,13100 Inventory Asset,FALSE
15364,33515-W6,33515,Length Units,,Operations,Strouse-HQ,,Average,Default Cost Category,"Vinyl  Tape - Gray (0.015"")",TRUE,0.446644778,"3M Company, Inc. Converter Markets",3141,The Strouse Corporation,TRUE,0.446644778,,,5000 Cost of Goods,300000 Sales,13100 Inventory Asset,FALSE
15741,1318-1  Y-W24,1318-1  Y,Length Units,,Operations,Strouse-HQ,,Average,Default Cost Category,Polyester Electrical tape - Yellow (plastic core) - 1 mil backing,TRUE,0.5961585,"3M Company, Inc. Converter Markets",3141,The Strouse Corporation,TRUE,0.5961585,,,5000 Cost of Goods,300000 Sales,13100 Inventory Asset,FALSE
15874,2364-W5.25,2364,Length Units,,Operations,Strouse-HQ,,Average,Default Cost Category,"6.5 mil, Crepe Masking, Nat. Syn. Rubber Blend",TRUE,0.0014076,"3M Company, Inc. Converter Markets",3141,The Strouse Corporation,TRUE,0.0014076,,,5000 Cost of Goods,300000 Sales,13100 Inventory Asset,FALSE
16195,9738-W54,9738,Length Units,,Operations,Strouse-HQ,,Average,Default Cost Category,4.3 mil clear double coated tape,TRUE,0.8188,"3M Company, Inc. Converter Markets",3141,The Strouse Corporation,TRUE,0.8188,,,5000 Cost of Goods,300000 Sales,13100 Inventory Asset,FALSE
16252,Q100  (FRA-3307)-W3,Q100  (FRA-3307),Length Units,,Operations,Strouse-HQ,,Average,Default Cost Category,2 mil Clear Polyester S1S Premium Release Liner,TRUE,0.008848485,Fox River Associates,4046,The Strouse Corporation,TRUE,0.008848485,,,5000 Cost of Goods,300000 Sales,13100 Inventory Asset,FALSE
16406,33515-W60,33515,Length Units,,Operations,Strouse-HQ,,Average,Default Cost Category,"Vinyl  Tape - Gray (0.015"") Log",TRUE,0.310790123,"3M Company, Inc. Converter Markets",3141,The Strouse Corporation,TRUE,0.310790123,,,5000 Cost of Goods,300000 Sales,13100 Inventory Asset,FALSE
16466,E-Max 303,E-Max 303,"Each (Use for Boxes, Bags, Cores, Cases)",3,Operations,Strouse-HQ,,Average,Default Cost Category,E-Max 303 UV Adhesive 30ml,TRUE,0.498768333,Ellsworth Adhesives - Toluca (CA),3576,The Strouse Corporation,TRUE,0.498768333,,,5000 Cost of Goods,300000 Sales,13100 Inventory Asset,FALSE
16509,125tpvc-W0.125,125tpvc,Length Units,,Operations,Strouse-HQ,,Average,Default Cost Category,Tan UPVC,TRUE,0.364351111,The Strouse Corporation,3138,The Strouse Corporation,TRUE,0.364351111,,,5000 Cost of Goods,300000 Sales,13100 Inventory Asset,FALSE
16593,2477P-W2.5,2477P,Length Units,,Operations,Strouse-HQ,,Average,Default Cost Category,"Tape, D/C Silicone/ Acrylic Medical Tape 2477P",TRUE,0.022679856,3M Medical Specialities,4181,The Strouse Corporation,TRUE,0.022679856,,,5000 Cost of Goods,300000 Sales,13100 Inventory Asset,FALSE
16779,2380-W0.5,2380,Length Units,,Operations,Strouse-HQ,,Average,Default Cost Category,"7.5 mil, Crepe Masking, Nat. Syn. Rubber Blend ",TRUE,0.029273778,"3M Company, Inc. Converter Markets",3141,The Strouse Corporation,TRUE,0.029273778,,,5000 Cost of Goods,300000 Sales,13100 Inventory Asset,FALSE
16935,181-W4,181,Length Units,,Operations,Strouse-HQ,,Average,Default Cost Category,"CSM- Autowrap, White  ",TRUE,1.060704,American Biltrite,3238,The Strouse Corporation,TRUE,1.060704,,,5000 Cost of Goods,300000 Sales,13100 Inventory Asset,FALSE
17036,92-W12,92,Length Units,,Operations,Strouse-HQ,,Average,Default Cost Category,"Polyimideadhesive, 1 mil, 2 mil silicone thermosetting adhesive",TRUE,0.00426736,"3M Company, Inc. Converter Markets",3141,The Strouse Corporation,TRUE,0.00426736,,,5000 Cost of Goods,300000 Sales,13100 Inventory Asset,FALSE
17069,Z239693-1-W11.5,Z239693-1,"Each (Use for Boxes, Bags, Cores, Cases)",3,Operations,Strouse-HQ,,Average,Default Cost Category,"11-1/2"" x 8-7/8"" x 10-5/8""  RSC 200C Kraft/Mot WH Carton  ",TRUE,1.195665,Packaging Services of Maryland,4040,The Strouse Corporation,TRUE,1.195665,,,5000 Cost of Goods,300000 Sales,13100 Inventory Asset,FALSE
17174,Q100  (FRA-3307)-W4.25,Q100  (FRA-3307),Length Units,,Operations,Strouse-HQ,,Average,Default Cost Category,2 mil Clear Polyester S1S Premium Release Liner,TRUE,0.132851667,Fox River Associates,4046,The Strouse Corporation,TRUE,0.132851667,,,5000 Cost of Goods,300000 Sales,13100 Inventory Asset,FALSE
17379,54 lb. C1S S0-W10.25,54 lb. C1S S0,Length Units,,Operations,Strouse-HQ,,Average,Default Cost Category,3.2 mil 54 lb. Easy Release C1S Liner,TRUE,,"Channeled Resources, Inc. (GMC Coatings)",3277,The Strouse Corporation,TRUE,,,,5000 Cost of Goods,300000 Sales,13100 Inventory Asset,FALSE
17471,"EMR1 - 0.197""-W48","EMR1 - 0.197""",Length Units,,Operations,Strouse-HQ,,Average,Default Cost Category,"Foam, .197"" Thick, EMR1, Polyether Polyurethane, Meets GMW14196-1A",TRUE,1.67567037,Wm. T. Burnett & Co.,3384,The Strouse Corporation,TRUE,1.67567037,,,5000 Cost of Goods,300000 Sales,13100 Inventory Asset,FALSE
17473,427-W6.5,427,Length Units,,Operations,Strouse-HQ,,Average,Default Cost Category,"CSM- 5 mil Aluminum Foil, (linered)",TRUE,1.023983333,Hubbard Supply,3602,The Strouse Corporation,TRUE,1.023983333,,,5000 Cost of Goods,300000 Sales,13100 Inventory Asset,FALSE
17530,SJ3506-W8,SJ3506,Length Units,,Operations,Strouse-HQ,,Average,Default Cost Category,"CSM - Hook, White, Recloseable with PSA",TRUE,0.0123165,3M Medical Solutions Division,3645,The Strouse Corporation,TRUE,0.0123165,,,5000 Cost of Goods,300000 Sales,13100 Inventory Asset,FALSE
17568,94 Primer ,94 Primer ,"Each (Use for Boxes, Bags, Cores, Cases)",3,Operations,Strouse-HQ,,Average,Default Cost Category,Primer 94- Pint,TRUE,0.74125,"3M Company, Inc. Converter Markets",3141,The Strouse Corporation,TRUE,0.74125,,,5000 Cost of Goods,300000 Sales,13100 Inventory Asset,FALSE
17729,IE 6035T-W18,IE 6035T,Length Units,,Operations,Strouse-HQ,,Average,Default Cost Category,"Poly Strand, IE 6035T",TRUE,0.0056304,Aerotuf  (Adv. Comp. Structures/Cargo Composites),3644,The Strouse Corporation,TRUE,0.0056304,,,5000 Cost of Goods,300000 Sales,13100 Inventory Asset,FALSE
17774,1524-W6,1524,Length Units,,Operations,Strouse-HQ,,Average,Default Cost Category,Medical Polyester Fiber Reinforced Transfer Adhesive,TRUE,0.291742446,3M Medical Specialities,4181,The Strouse Corporation,TRUE,0.291742446,,,5000 Cost of Goods,300000 Sales,13100 Inventory Asset,FALSE
17861,S-20485,S-20485,"Each (Use for Boxes, Bags, Cores, Cases)",3,Operations,Strouse-HQ,,Average,Default Cost Category,"12 x 12 x 13"" Corrugated Boxes 25/bundle ",TRUE,4.122258333,ULINE,3330,The Strouse Corporation,TRUE,4.122258333,,,5000 Cost of Goods,300000 Sales,13100 Inventory Asset,FALSE
18009,SJ3572-W1,SJ3572,Length Units,,Operations,Strouse-HQ,,Average,Default Cost Category,"Hook, BLACK, Hi Performance & Temp, VHB PSA",TRUE,2.713621111,"3M Company, Inc. Converter Markets",3141,The Strouse Corporation,TRUE,2.713621111,,,5000 Cost of Goods,300000 Sales,13100 Inventory Asset,FALSE
18219,8815-W4,8815,Length Units,,Operations,Strouse-HQ,,Average,Default Cost Category,Thermally conductive adhesive transfer ,TRUE,0.150193167,"3M Company, Inc. Converter Markets",3141,The Strouse Corporation,TRUE,0.150193167,,,5000 Cost of Goods,300000 Sales,13100 Inventory Asset,FALSE
18433,2174-006-W5.5,2174-006,"Each (Use for Boxes, Bags, Cores, Cases)",3,Operations,Strouse-HQ,,Average,Default Cost Category,"Tyvek Pouch, MINI LINER, TY1059 Unprinted, 5.50"" x 9.50""",TRUE,27.0048,PEELMASTER Medical Packaging,3382,The Strouse Corporation,TRUE,27.0048,,,5000 Cost of Goods,300000 Sales,13100 Inventory Asset,FALSE
18602,1504XL-W6,1504XL,Length Units,,Operations,Strouse-HQ,,Average,Default Cost Category,"Medical Tape, 4 mil rubber, hi-tack. ",TRUE,0.009,"3M Company, Inc. Converter Markets",3141,The Strouse Corporation,TRUE,0.009,,,5000 Cost of Goods,300000 Sales,13100 Inventory Asset,FALSE
18606,FRA 310-W3,FRA 310,Length Units,,Operations,Strouse-HQ,,Average,Default Cost Category,"Liner, 2 mil PET clear, FRA 310, Fluorosilicone, Easy Release",TRUE,0.495,Fox River Associates,4046,The Strouse Corporation,TRUE,0.495,,,5000 Cost of Goods,300000 Sales,13100 Inventory Asset,FALSE
18632,15059-W6,15059,Length Units,,Operations,Strouse-HQ,,Average,Default Cost Category,"Polyester, MM 200 Silver TC 848 No PS",TRUE,0.029088994,"FLEXcon Company, Inc.",3247,The Strouse Corporation,TRUE,0.029088994,,,5000 Cost of Goods,300000 Sales,13100 Inventory Asset,FALSE
18768,Nashua 398-W2,Nashua 398,Length Units,,Operations,Strouse-HQ,,Average,Default Cost Category,"398, Black Duct Tape",TRUE,0.078001543,Berry Global,3254,The Strouse Corporation,TRUE,0.078001543,,,5000 Cost of Goods,300000 Sales,13100 Inventory Asset,FALSE
19065,4735L-W4.375,4735L,Length Units,,Operations,Strouse-HQ,,Average,Default Cost Category,"Vinyl, Orange, Linered",TRUE,0.1172535,"3M Company, Inc. Converter Markets",3141,The Strouse Corporation,TRUE,0.1172535,,,5000 Cost of Goods,300000 Sales,13100 Inventory Asset,FALSE
19207,980-W1,980,"Each (Use for Boxes, Bags, Cores, Cases)",3,Operations,Strouse-HQ,,Average,Default Cost Category,Ionized Air Gun #980,TRUE,0.02475,Static Control Systems ,3261,The Strouse Corporation,TRUE,0.02475,,,5000 Cost of Goods,300000 Sales,13100 Inventory Asset,FALSE
19263,2080-W0.94,2080,Length Units,,Operations,Strouse-HQ,,Average,Default Cost Category,"2080, Safe release Blue Painters masking tape",TRUE,0.64121,"3M Company, Inc. Converter Markets",3141,The Strouse Corporation,TRUE,0.64121,,,5000 Cost of Goods,300000 Sales,13100 Inventory Asset,FALSE
19277,"9.5"" - Chevron Pouch  Unprinted 202681 Rev A-W5.5","9.5"" - Chevron Pouch  Unprinted 202681 Rev A","Each (Use for Boxes, Bags, Cores, Cases)",3,Operations,Strouse-HQ,,Average,Default Cost Category,"Chevron Pouch with 0.375"" Seal widths - Unprinted  5.5"" x 9.5"" 202681 Rev A",TRUE,0.390744167,SteriPax Incorporated,3395,The Strouse Corporation,TRUE,0.390744167,,,5000 Cost of Goods,300000 Sales,13100 Inventory Asset,FALSE
19423,Z245902-1-W13,Z245902-1,"Each (Use for Boxes, Bags, Cores, Cases)",3,Operations,Strouse-HQ,,Average,Default Cost Category,13 x 11 x 12 ¼  32ECT-C,TRUE,0.007266,Packaging Services of Maryland,4040,The Strouse Corporation,TRUE,0.007266,,,5000 Cost of Goods,300000 Sales,13100 Inventory Asset,FALSE
19576,5952P-W6.5,5952P,Length Units,,Operations,Strouse-HQ,,Average,Default Cost Category,"CSM - 45 mil, D/C Acrylic Foam, VHB, With paper liner",TRUE,0,Tidewater Valve and Fitting,3574,The Strouse Corporation,TRUE,0,,,5000 Cost of Goods,300000 Sales,13100 Inventory Asset,FALSE
19642,9472LE-W54,9472LE,Length Units,,Operations,Strouse-HQ,,Average,Default Cost Category,"9472LE, 5 mil, 300LSE, 58# PCK",TRUE,2.568248148,"3M Company, Inc. Converter Markets",3141,The Strouse Corporation,TRUE,2.568248148,,,5000 Cost of Goods,300000 Sales,13100 Inventory Asset,FALSE
19720,3195C/EZ-W3.938,3195C/EZ,Length Units,,Operations,Strouse-HQ,,Average,Default Cost Category,"3195C/EZ, 3 mil, Clear  Protective Film.  Perfed every 640 mm",TRUE,0.026516667,"Pregis PolyMask, Inc.",4045,The Strouse Corporation,TRUE,0.026516667,,,5000 Cost of Goods,300000 Sales,13100 Inventory Asset,FALSE
19750,4941 -W1.5,4941 ,Length Units,,Operations,Strouse-HQ,,Average,Default Cost Category,"45 mil, VHB,double coated grey",TRUE,0.025354955,"3M Company, Inc. Converter Markets",3141,The Strouse Corporation,TRUE,0.025354955,,,5000 Cost of Goods,300000 Sales,13100 Inventory Asset,FALSE
19784,4241-W48,4241,Length Units,,Operations,Strouse-HQ,,Average,Default Cost Category,2.4 mil blue film with rubber adhesive,TRUE,0.479380556,"Novacel, Inc",3389,The Strouse Corporation,TRUE,0.479380556,,,5000 Cost of Goods,300000 Sales,13100 Inventory Asset,FALSE
19865,24S56W-Perf14-W14,24S56W-Perf14,Length Units,,Operations,Strouse-HQ,,Average,Default Cost Category,"White Protective Polyethylene, Perfed every 14""",TRUE,1.375003889,"Pregis PolyMask, Inc.",4045,The Strouse Corporation,TRUE,1.375003889,,,5000 Cost of Goods,300000 Sales,13100 Inventory Asset,FALSE
19872,Super 77,Super 77,"Each (Use for Boxes, Bags, Cores, Cases)",3,Operations,Strouse-HQ,,Average,Default Cost Category,"Super 77, Spray Adhesive,16.75oz.,  12 cans per case",TRUE,0.087444444,"3M Company, Inc. Converter Markets",3141,The Strouse Corporation,TRUE,0.087444444,,,5000 Cost of Goods,300000 Sales,13100 Inventory Asset,FALSE
19874,4188C-W10.5,4188C,Length Units,,Operations,Strouse-HQ,,Average,Default Cost Category,4 mil Clear PE Protective Film,TRUE,3.594697222,"Pregis PolyMask, Inc.",4045,The Strouse Corporation,TRUE,3.594697222,,,5000 Cost of Goods,300000 Sales,13100 Inventory Asset,FALSE
19933,2104C-W6,2104C,Length Units,,Operations,Strouse-HQ,,Average,Default Cost Category,2 mil Clear Polymask,TRUE,3.440513333,"Pregis PolyMask, Inc.",4045,The Strouse Corporation,TRUE,3.440513333,,,5000 Cost of Goods,300000 Sales,13100 Inventory Asset,FALSE
19939,Belbien Architectural Film-W48,Belbien Architectural Film,Length Units,,Operations,Strouse-HQ,,Average,Default Cost Category,CSM - Belbien Architectural Film,TRUE,4.732706296,Interior Design Solutions,3626,The Strouse Corporation,TRUE,4.732706296,,,5000 Cost of Goods,300000 Sales,13100 Inventory Asset,FALSE
20019,Laser Cut Stencil,Laser Cut Stencil,"Each (Use for Boxes, Bags, Cores, Cases)",3,Operations,Strouse-HQ,,Average,Default Cost Category,"7"" x 15"" Strouse provided laminated material. Laser cut and UV printed. Remove cut pieces and pack",TRUE,0.162722222,Kohn Creative,4192,The Strouse Corporation,TRUE,0.162722222,,,5000 Cost of Goods,300000 Sales,13100 Inventory Asset,FALSE
20038,2174-009-W5.5,2174-009,"Each (Use for Boxes, Bags, Cores, Cases)",3,Operations,Strouse-HQ,,Average,Default Cost Category,"204149 TY1059 2COLORS
(PMS 10220 & black)
9.5"" x 5.5"" printed",TRUE,1.04286,PEELMASTER Medical Packaging,3382,The Strouse Corporation,TRUE,1.04286,,,5000 Cost of Goods,300000 Sales,13100 Inventory Asset,FALSE
20087,"12A11-00005 0.125"" x 1.25"" x 3.25"" -W3.25","12A11-00005 0.125"" x 1.25"" x 3.25"" ",Length Units,,Operations,Strouse-HQ,,Average,Default Cost Category,"Neoprene Rubber Die Cuts, 1/8"" Thick, 80 Durometer, With 3M 93020LE Adh, Supplied in rolls, 3"" ID Cores, 1,920 pieces per roll",TRUE,0.153719444,LAMATEK,3310,The Strouse Corporation,TRUE,0.153719444,,,5000 Cost of Goods,300000 Sales,13100 Inventory Asset,FALSE
20088,"12A11-00006 0.125"" x 0.625"" x 8"" -W8","12A11-00006 0.125"" x 0.625"" x 8"" ",Length Units,,Operations,Strouse-HQ,,Average,Default Cost Category,"Neoprene Rubber Die Cuts, 1/8"" Thick, 80 Durometer, With 3M 93020LE Adh, Supplied in rolls, 3"" ID Cores, 967 pieces per roll",TRUE,2.965218519,LAMATEK,3310,The Strouse Corporation,TRUE,2.965218519,,,5000 Cost of Goods,300000 Sales,13100 Inventory Asset,FALSE
20089,"12A11-00007 0.125"" x 0.625"" x 15"" -W15","12A11-00007 0.125"" x 0.625"" x 15"" ",Length Units,,Operations,Strouse-HQ,,Average,Default Cost Category,"Neoprene Rubber Die Cuts, 1/8"" Thick, 80 Durometer, With 3M 93020LE Adh, Supplied in rolls, 3"" ID Cores, 967 pieces per roll",TRUE,0.01134,LAMATEK,3310,The Strouse Corporation,TRUE,0.01134,,,5000 Cost of Goods,300000 Sales,13100 Inventory Asset,FALSE
20208,3317A01372B_B,3317A01372B_B,"Each (Use for Boxes, Bags, Cores, Cases)",3,Operations,Strouse-HQ,,Average,Default Cost Category,"Sleeve - Plus
24pt, White un-printed, Large Ring Carton - Advantage Plus",TRUE,0.236345926,Menasha Packaging Company,4049,The Strouse Corporation,TRUE,0.236345926,,,5000 Cost of Goods,300000 Sales,13100 Inventory Asset,FALSE
20221,3317A01372A_D,3317A01372A_D,"Each (Use for Boxes, Bags, Cores, Cases)",3,Operations,Strouse-HQ,,Average,Default Cost Category,"Tray - Plus
24pt, White un-printed, Large Ring Carton - Advantage Plus",TRUE,0.115662963,Menasha Packaging Company,4049,The Strouse Corporation,TRUE,0.115662963,,,5000 Cost of Goods,300000 Sales,13100 Inventory Asset,FALSE
20226,3317A01257B_B,3317A01257B_B,"Each (Use for Boxes, Bags, Cores, Cases)",3,Operations,Strouse-HQ,,Average,Default Cost Category,"Sleeve - Reg.
24pt, White un-printed, Medium Ring Carton - Advantage",TRUE,0.001055688,Menasha Packaging Company,4049,The Strouse Corporation,TRUE,0.001055688,,,5000 Cost of Goods,300000 Sales,13100 Inventory Asset,FALSE
20251,Paint Repair Bag-W242,Paint Repair Bag,"Each (Use for Boxes, Bags, Cores, Cases)",3,Operations,Strouse-HQ,,Average,Default Cost Category,"242"" x 78"" x .003"", paint repair bag, 20 bags/roll",TRUE,3.976666667,"Transcendia (Transilwrap Company, Inc.)",3266,The Strouse Corporation,TRUE,3.976666667,,,5000 Cost of Goods,300000 Sales,13100 Inventory Asset,FALSE
20283,PL-18452D,PL-18452D,"Each (Use for Boxes, Bags, Cores, Cases)",3,Operations,Strouse-HQ,,Average,Default Cost Category,Printed Insert - Instruction Sheet ,TRUE,0.0383328,PHARMACEUTIC Litho & Label,3383,The Strouse Corporation,TRUE,0.0383328,,,5000 Cost of Goods,300000 Sales,13100 Inventory Asset,FALSE
20342,25A29C-W6,25A29C,Length Units,,Operations,Strouse-HQ,,Average,Default Cost Category,2.5 mil Clear  Protective Film,TRUE,0.041574782,"Pregis PolyMask, Inc.",4045,The Strouse Corporation,TRUE,0.041574782,,,5000 Cost of Goods,300000 Sales,13100 Inventory Asset,FALSE
20421,20421,20421,"Each (Use for Boxes, Bags, Cores, Cases)",3,Operations,Strouse-HQ,,Average,Default Cost Category,"Sleeve - Plus
24pt, White printed two color, Large Ring Carton - Advantage Plus",TRUE,0.076064866,Menasha Packaging Company,4049,The Strouse Corporation,TRUE,0.076064866,,,5000 Cost of Goods,300000 Sales,13100 Inventory Asset,FALSE
20423,20423,20423,"Each (Use for Boxes, Bags, Cores, Cases)",3,Operations,Strouse-HQ,,Average,Default Cost Category,"Sleeve - Reg.
24pt, White printed two color, Medium Ring Carton - Advantage",TRUE,3.1813,Menasha Packaging Company,4049,The Strouse Corporation,TRUE,3.1813,,,5000 Cost of Goods,300000 Sales,13100 Inventory Asset,FALSE
20424,3317A02075R8 - Tray,3317A02075R8 - Tray,"Each (Use for Boxes, Bags, Cores, Cases)",3,Operations,Strouse-HQ,,Average,Default Cost Category,"Advantage Tray - 207602-D
Artwork - 208108-A",TRUE,0.069194444,Menasha Packaging Company,4049,The Strouse Corporation,TRUE,0.069194444,,,5000 Cost of Goods,300000 Sales,13100 Inventory Asset,FALSE
20426,3319A00748 - Tray,3319A00748 - Tray,"Each (Use for Boxes, Bags, Cores, Cases)",3,Operations,Strouse-HQ,,Average,Default Cost Category,"Petite Tray - 207606-D
Artwork - 208108-A",TRUE,0.414,Menasha Packaging Company,4049,The Strouse Corporation,TRUE,0.414,,,5000 Cost of Goods,300000 Sales,13100 Inventory Asset,FALSE
20450,EL 7876-W6.75,EL 7876,Length Units,,Operations,Strouse-HQ,,Average,Default Cost Category,"EL 7876, 2 mil SR-18 silicone adhesive between 2, 2 mil PET release liners",TRUE,4.08267037,"Adhesives Research, Inc.",3301,The Strouse Corporation,TRUE,4.08267037,,,5000 Cost of Goods,300000 Sales,13100 Inventory Asset,FALSE
20467,4126C-W48,4126C,Length Units,,Operations,Strouse-HQ,,Average,Default Cost Category,Polyethylene Protective Tape,TRUE,0.044283889,"Pregis PolyMask, Inc.",4045,The Strouse Corporation,TRUE,0.044283889,,,5000 Cost of Goods,300000 Sales,13100 Inventory Asset,FALSE
20497,2349 - Yellow Safety Walk,2349 - Yellow Safety Walk,"Each (Use for Boxes, Bags, Cores, Cases)",3,Operations,Strouse-HQ,,Average,Default Cost Category,Water Jet cut parts to shape per supplied DXF File. Strouse to supply material,TRUE,0.833906852,"LAI International, Inc.",3352,The Strouse Corporation,TRUE,0.833906852,,,5000 Cost of Goods,300000 Sales,13100 Inventory Asset,FALSE
20554,1509-W6,1509,Length Units,,Operations,Strouse-HQ,,Average,Default Cost Category,Medical Tape,TRUE,0.208397222,"3M Company, Inc. Converter Markets",3141,The Strouse Corporation,TRUE,0.208397222,,,5000 Cost of Goods,300000 Sales,13100 Inventory Asset,FALSE
20569,2174-013,2174-013,"Each (Use for Boxes, Bags, Cores, Cases)",3,Operations,Strouse-HQ,,Average,Default Cost Category,"Tyvek Pouch, MINI LINER, TY1059 Unprinted, 5.50"" x 12.50""",TRUE,1.246137593,PEELMASTER Medical Packaging,3382,The Strouse Corporation,TRUE,1.246137593,,,5000 Cost of Goods,300000 Sales,13100 Inventory Asset,FALSE
20580,PN6865 -W0,PN6865 ,"Each (Use for Boxes, Bags, Cores, Cases)",3,Operations,Strouse-HQ,,Average,Default Cost Category,Scotch(R) Apron Taper,TRUE,0.656538889,"3M Company, Inc. Converter Markets",3141,The Strouse Corporation,TRUE,0.656538889,,,5000 Cost of Goods,300000 Sales,13100 Inventory Asset,FALSE
20586,"12A11-00001 0.125"" x 1.25"" x 3.25"" -W3.25","12A11-00001 0.125"" x 1.25"" x 3.25"" ","Each (Use for Boxes, Bags, Cores, Cases)",3,Operations,Strouse-HQ,,Average,Default Cost Category,"Neoprene Rubber Die Cuts, 1/8"" Thick, 80 Durometer, With 3M 300LSE Adh, Supplied in rolls, 3"" ID Cores, 960 pieces per roll",TRUE,0.163045139,LAMATEK,3310,The Strouse Corporation,TRUE,0.163045139,,,5000 Cost of Goods,300000 Sales,13100 Inventory Asset,FALSE
20587,"12A11-00002 0.125"" x 0.625"" x 8"" -W8","12A11-00002 0.125"" x 0.625"" x 8"" ","Each (Use for Boxes, Bags, Cores, Cases)",3,Operations,Strouse-HQ,,Average,Default Cost Category,"Neoprene Rubber Die Cuts, 1/8"" Thick, 80 Durometer, With 3M 300LSE Adh, Supplied in rolls, 3"" ID Cores, 967 pieces per roll",TRUE,0.9744,LAMATEK,3310,The Strouse Corporation,TRUE,0.9744,,,5000 Cost of Goods,300000 Sales,13100 Inventory Asset,FALSE
20588,"12A11-00003 0.125"" x 0.625"" x 15"" -W15","12A11-00003 0.125"" x 0.625"" x 15"" ","Each (Use for Boxes, Bags, Cores, Cases)",3,Operations,Strouse-HQ,,Average,Default Cost Category,"Neoprene Rubber Die Cuts, 1/8"" Thick, 80 Durometer, With 3M 300LSE Adh, Supplied in rolls, 3"" ID Cores, 967 pieces per roll",TRUE,0.467666667,LAMATEK,3310,The Strouse Corporation,TRUE,0.467666667,,,5000 Cost of Goods,300000 Sales,13100 Inventory Asset,FALSE
20654,1524-W24,1524,Length Units,,Operations,Strouse-HQ,,Average,Default Cost Category,CSM - 3M 1524,TRUE,0.041203704,Johnson Medtech,3658,The Strouse Corporation,TRUE,0.041203704,,,5000 Cost of Goods,300000 Sales,13100 Inventory Asset,FALSE
20665,54lb C2S SL1/SL4 Liner-W1.5,54lb C2S SL1/SL4 Liner,Length Units,,Operations,Strouse-HQ,,Average,Default Cost Category,"3.2 mil 54 lb, C2S SL1/SL4 Easy/Medium Release Liner",TRUE,0.027,"Channeled Resources, Inc. (GMC Coatings)",3277,The Strouse Corporation,TRUE,0.027,,,5000 Cost of Goods,300000 Sales,13100 Inventory Asset,FALSE
20730,966-W1,966,Length Units,,Operations,Strouse-HQ,,Average,Default Cost Category,Adhesive Transfer,TRUE,0.8332,"3M Company, Inc. Converter Markets",3141,The Strouse Corporation,TRUE,0.8332,,,5000 Cost of Goods,300000 Sales,13100 Inventory Asset,FALSE
20733,20423-1,20423-1,"Each (Use for Boxes, Bags, Cores, Cases)",3,Operations,Strouse-HQ,,Average,Default Cost Category,"Sleeve - Reg.
24pt, White printed two color, Medium Ring Carton - Advantage",TRUE,0.153237963,Menasha Packaging Company,4049,The Strouse Corporation,TRUE,0.153237963,,,5000 Cost of Goods,300000 Sales,13100 Inventory Asset,FALSE
20734,20424-1,20424-1,"Each (Use for Boxes, Bags, Cores, Cases)",3,Operations,Strouse-HQ,,Average,Default Cost Category,"Tray - Reg.
24pt, White printed two color, Medium Ring Carton - Advantage",TRUE,1.017261111,Menasha Packaging Company,4049,The Strouse Corporation,TRUE,1.017261111,,,5000 Cost of Goods,300000 Sales,13100 Inventory Asset,FALSE
20737,2A White-W60,2A White,Length Units,,Operations,Strouse-HQ,,Average,Default Cost Category,"Foam, .188"" 2A White Volara without PSA",TRUE,0.01942446,Rubberlite,3303,The Strouse Corporation,TRUE,0.01942446,,,5000 Cost of Goods,300000 Sales,13100 Inventory Asset,FALSE
20745,4979F-W5.125,4979F,Length Units,,Operations,Strouse-HQ,,Average,Default Cost Category,"4979F, 62 mil, VHB, double coated, Black",TRUE,0.1749975,"3M Company, Inc. Converter Markets",3141,The Strouse Corporation,TRUE,0.1749975,,,5000 Cost of Goods,300000 Sales,13100 Inventory Asset,FALSE
20789,850T-W2,850T,Length Units,,Operations,Strouse-HQ,,Average,Default Cost Category,"850, Tape, PET 1.9 mil Transparent ",TRUE,1.459222222,"3M Company, Inc. Converter Markets",3141,The Strouse Corporation,TRUE,1.459222222,,,5000 Cost of Goods,300000 Sales,13100 Inventory Asset,FALSE
20793,242NR02-W4,242NR02,Length Units,,Operations,Strouse-HQ,,Average,Default Cost Category,"242NR02, Ultra-Pure Viscoelastic Damping Polymer",TRUE,0.11382,"3M Company, Inc. Converter Markets",3141,The Strouse Corporation,TRUE,0.11382,,,5000 Cost of Goods,300000 Sales,13100 Inventory Asset,FALSE
20820,CatID-20820-W0.45,,"Each (Use for Boxes, Bags, Cores, Cases)",3,Operations,Strouse-HQ,,Average,Default Cost Category,"Hydrophobic ePTFE membrane, NPWT, 1.0 micron referenced pore size",TRUE,0.027595652,"W.L. Gore & Associates, Inc. (Airport Rd.)",3559,The Strouse Corporation,TRUE,0.027595652,,,5000 Cost of Goods,300000 Sales,13100 Inventory Asset,FALSE
20822,Identiv RFID Tags-W1.1,Identiv RFID Tags,"Each (Use for Boxes, Bags, Cores, Cases)",3,Operations,Strouse-HQ,,Average,Default Cost Category,"CSM - I00PADIA9D25-E000
",TRUE,0.021007317,Ellsworth Adhesives - Orlando (FL),3634,The Strouse Corporation,TRUE,0.021007317,,,5000 Cost of Goods,300000 Sales,13100 Inventory Asset,FALSE
20845,1380-W18.11,1380,Length Units,,Operations,Strouse-HQ,,Average,Default Cost Category,"1380, Magnetic Shielding with Thermosetting Rubber Adhesive",TRUE,0.015444,"3M Company, Inc. Converter Markets",3141,The Strouse Corporation,TRUE,0.015444,,,5000 Cost of Goods,300000 Sales,13100 Inventory Asset,FALSE
20860,"Brown Stripper Pad 7100, 20""-W20","Brown Stripper Pad 7100, 20""","Each (Use for Boxes, Bags, Cores, Cases)",3,Operations,Strouse-HQ,,Average,Default Cost Category,"Brown stripper pad 7100, 20""; 5/case",TRUE,0.031176,"3M Company, Inc. Converter Markets",3141,The Strouse Corporation,TRUE,0.031176,,,5000 Cost of Goods,300000 Sales,13100 Inventory Asset,FALSE
20926,Strouse Supplied 1526 - Printed-W6,Strouse Supplied 1526 - Printed,Length Units,,Operations,Strouse-HQ,,Average,Default Cost Category,"3M 1526 Tape - Printed and Slit
3 Color - White, PMS 525, PMS 7408
",TRUE,0.225754169,Bizerba Label Solutions,3720,The Strouse Corporation,TRUE,0.225754169,,,5000 Cost of Goods,300000 Sales,13100 Inventory Asset,FALSE
20938,20425-1,20425-1,"Each (Use for Boxes, Bags, Cores, Cases)",3,Operations,Strouse-HQ,,Average,Default Cost Category,"Sleeve - Petite
24pt, White printed two color, Small Ring Carton - Advantage Petite",TRUE,0.01506,Menasha Packaging Company,4049,The Strouse Corporation,TRUE,0.01506,,,5000 Cost of Goods,300000 Sales,13100 Inventory Asset,FALSE
20939,20426-1,20426-1,"Each (Use for Boxes, Bags, Cores, Cases)",3,Operations,Strouse-HQ,,Average,Default Cost Category,"Tray - Petite
24pt, White printed two color, Small Ring Carton - Advantage Petite",TRUE,0.0314172,Menasha Packaging Company,4049,The Strouse Corporation,TRUE,0.0314172,,,5000 Cost of Goods,300000 Sales,13100 Inventory Asset,FALSE
20999,SJ5632-W4.5,SJ5632,Length Units,,Operations,Strouse-HQ,,Average,Default Cost Category,"CSM - 1/32”, Clear Resilient Roll Stock, 100, 110# SCK",TRUE,0.0369,Veritiv - Westampton ,3561,The Strouse Corporation,TRUE,0.0369,,,5000 Cost of Goods,300000 Sales,13100 Inventory Asset,FALSE
21014,10 pt.-W6,10 pt.,Length Units,,Operations,Strouse-HQ,,Average,Default Cost Category,New CSM- 10 Pt. Paper,TRUE,0.043542,Colony Packaging & Machine,3538,The Strouse Corporation,TRUE,0.043542,,,5000 Cost of Goods,300000 Sales,13100 Inventory Asset,FALSE
21040,PS-1691-W39.37,PS-1691,Length Units,,Operations,Strouse-HQ,,Average,Default Cost Category,"PS-1691, Foil & PET w/a Thermally Conductive PSA, Heat Spreader",TRUE,0.145371429,"Polymer Science, Inc.",3716,The Strouse Corporation,TRUE,0.145371429,,,5000 Cost of Goods,300000 Sales,13100 Inventory Asset,FALSE
21081,S1001-1DC11-W54,S1001-1DC11,Length Units,,Operations,Strouse-HQ,,Average,Default Cost Category,"Double coated silicone adhesive tape with two liners, S1001-1DC11",TRUE,0.019125,Adhesive Applications,3312,The Strouse Corporation,TRUE,0.019125,,,5000 Cost of Goods,300000 Sales,13100 Inventory Asset,FALSE
21100,3655C-W8.504,3655C,Length Units,,Operations,Strouse-HQ,,Average,Default Cost Category,"3655C, Polyimide, 0.065"" Total Thickness, silicone adhesive, linered",TRUE,0.609351852,"Nitto America, Inc.",3256,The Strouse Corporation,TRUE,0.609351852,,,5000 Cost of Goods,300000 Sales,13100 Inventory Asset,FALSE
21103,RP45-W12,RP45,Length Units,,Operations,Strouse-HQ,,Average,Default Cost Category,"RP45, 45 mil, D/C Acrylic, VHB",TRUE,0.463770417,"3M Company, Inc. Converter Markets",3141,The Strouse Corporation,TRUE,0.463770417,,,5000 Cost of Goods,300000 Sales,13100 Inventory Asset,FALSE
21124,"Core 0.5"" wide, 2"" Diameter-W0.5","Core 0.5"" wide, 2"" Diameter","Each (Use for Boxes, Bags, Cores, Cases)",3,Operations,Strouse-HQ,,Average,Default Cost Category,"CSM - Core 0.5"" wide, 2"" Diameter",TRUE,0.57724537,Davis Publications (Tape Art),3714,The Strouse Corporation,TRUE,0.57724537,,,5000 Cost of Goods,300000 Sales,13100 Inventory Asset,FALSE
21125,"Core 1"" wide, 2"" Diameter-W1","Core 1"" wide, 2"" Diameter","Each (Use for Boxes, Bags, Cores, Cases)",3,Operations,Strouse-HQ,,Average,Default Cost Category,"CSM - Core 1"" wide, 2"" Diameter",TRUE,0.0159816,Davis Publications (Tape Art),3714,The Strouse Corporation,TRUE,0.0159816,,,5000 Cost of Goods,300000 Sales,13100 Inventory Asset,FALSE
21126,"Core 2"" wide, 2"" Diameter-W2","Core 2"" wide, 2"" Diameter","Each (Use for Boxes, Bags, Cores, Cases)",3,Operations,Strouse-HQ,,Average,Default Cost Category,"CSM - Core 2"" wide, 2"" Diameter",TRUE,2.445722222,Davis Publications (Tape Art),3714,The Strouse Corporation,TRUE,2.445722222,,,5000 Cost of Goods,300000 Sales,13100 Inventory Asset,FALSE
21227,9471-W1,9471,Length Units,,Operations,Strouse-HQ,,Average,Default Cost Category,"2 mil, 300, 60#DK Adhesive Transfer Tape",TRUE,0.0242208,"3M Company, Inc. Converter Markets",3141,The Strouse Corporation,TRUE,0.0242208,,,5000 Cost of Goods,300000 Sales,13100 Inventory Asset,FALSE
21471,4179 Blue-W4,4179 Blue,Length Units,,Operations,Strouse-HQ,,Average,Default Cost Category,"Tape, 4 mil Blue Protective Polyethylene ",TRUE,0.205611111,"Pregis PolyMask, Inc.",4045,The Strouse Corporation,TRUE,0.205611111,,,5000 Cost of Goods,300000 Sales,13100 Inventory Asset,FALSE
21472,AF 42-W41,AF 42,Length Units,,Operations,Strouse-HQ,,Average,Default Cost Category,"AF 42, Bonding Film, Epoxy, 4 mil",TRUE,0.011272727,"3M Company, Inc. Converter Markets",3141,The Strouse Corporation,TRUE,0.011272727,,,5000 Cost of Goods,300000 Sales,13100 Inventory Asset,FALSE
21479,S-2257,S-2257,Length Units,,Operations,Strouse-HQ,,Average,Default Cost Category,"4mil matte PE coated with medical grade acrylic PSA on a 54# Kraft liner
",TRUE,0.750349224,DermaMed,3353,The Strouse Corporation,TRUE,0.750349224,,,5000 Cost of Goods,300000 Sales,13100 Inventory Asset,FALSE
21488,11392885,11392885,Length Units,,Operations,Strouse-HQ,,Average,Default Cost Category,"8.0 micron track etched polycarbonate membrane 
",TRUE,0.01125,I.W. Tremont Co. Inc.,3752,The Strouse Corporation,TRUE,0.01125,,,5000 Cost of Goods,300000 Sales,13100 Inventory Asset,FALSE
21522,25A29B-W1.438,25A29B,Length Units,,Operations,Strouse-HQ,,Average,Default Cost Category,"25A29B, 2.5 mil BLUE Protective Film Perfed every 12.25""",TRUE,0.19363,"Pregis PolyMask, Inc.",4045,The Strouse Corporation,TRUE,0.19363,,,5000 Cost of Goods,300000 Sales,13100 Inventory Asset,FALSE
21531,2364-W0.945,2364,Length Units,,Operations,Strouse-HQ,,Average,Default Cost Category,"6.5 mil, Crepe Masking, Nat. Syn. Rubber Blend",TRUE,0.3754829,"3M Company, Inc. Converter Markets",3141,The Strouse Corporation,TRUE,0.3754829,,,5000 Cost of Goods,300000 Sales,13100 Inventory Asset,FALSE
21671,PF-4-W24 - CatID-21671,PF-4,"Each (Use for Boxes, Bags, Cores, Cases)",3,Operations,Strouse-HQ,,Average,Default Cost Category,"Foam, .062"", C-Foam, PF-4 Closed cell.",TRUE,0.031693716,PPG Aerospace Cuming Microwave,3763,The Strouse Corporation,TRUE,0.031693716,,,5000 Cost of Goods,300000 Sales,13100 Inventory Asset,FALSE
21796,5952-W3,5952,Length Units,,Operations,Strouse-HQ,,Average,Default Cost Category,"45 mil, D/C Acrylic Foam, VHB, With paper liner",TRUE,0.134361111,"3M Company, Inc. Converter Markets",3141,The Strouse Corporation,TRUE,0.134361111,,,5000 Cost of Goods,300000 Sales,13100 Inventory Asset,FALSE
21828,CDT-36-W2,CDT-36,Length Units,,Operations,Strouse-HQ,,Average,Default Cost Category,White Cloth Tape,TRUE,4.411768519,Adhesive Tape Products,3237,The Strouse Corporation,TRUE,4.411768519,,,5000 Cost of Goods,300000 Sales,13100 Inventory Asset,FALSE
21833,467MPF-W2,467MPF,Length Units,,Operations,Strouse-HQ,,Average,Default Cost Category,"Adhesive Transfer Tape 467MPF, Clear, 2 mil, ",TRUE,0.089574074,"3M Company, Inc. Converter Markets",3141,The Strouse Corporation,TRUE,0.089574074,,,5000 Cost of Goods,300000 Sales,13100 Inventory Asset,FALSE
21954,8212-W12,8212,Length Units,,Operations,Strouse-HQ,,Average,Default Cost Category,2 mil Optically Clear Transfer Adhesive,TRUE,1.008876296,"3M Company, Inc. Converter Markets",3141,The Strouse Corporation,TRUE,1.008876296,,,5000 Cost of Goods,300000 Sales,13100 Inventory Asset,FALSE
21965,3104C-W48,3104C,Length Units,,Operations,Strouse-HQ,,Average,Default Cost Category,3 mil Clear Polymask,TRUE,0.005148,"Pregis PolyMask, Inc.",4045,The Strouse Corporation,TRUE,0.005148,,,5000 Cost of Goods,300000 Sales,13100 Inventory Asset,FALSE
21978,15mil Clear APET-W9.7,15mil Clear APET,Length Units,,Operations,Strouse-HQ,,Average,Default Cost Category,15mil Clear APET Film ABBMXXF aniti fog,TRUE,0.06426,Polymershapes - Jessup,3375,The Strouse Corporation,TRUE,0.06426,,,5000 Cost of Goods,300000 Sales,13100 Inventory Asset,FALSE
22003,DE-100-W48,DE-100,Length Units,,Operations,Strouse-HQ,,Average,Default Cost Category,10 mil Polyester film,TRUE,0.298509547,"Filmquest Group, Inc.",3781,The Strouse Corporation,TRUE,0.298509547,,,5000 Cost of Goods,300000 Sales,13100 Inventory Asset,FALSE
22161,C26000-002-W12,C26000-002,Length Units,,Operations,Strouse-HQ,,Average,Default Cost Category,"CSM - 0.002"" thick cartridge brass foil",TRUE,0.021250385,"Teslake, Inc.",3799,The Strouse Corporation,TRUE,0.021250385,,,5000 Cost of Goods,300000 Sales,13100 Inventory Asset,FALSE
22187,9836-W7.25,9836,Length Units,,Operations,Strouse-HQ,,Average,Default Cost Category,"CSM - 9836, Polyurethane tape on poly liner.",TRUE,0,3M Medical Solutions Division,3645,The Strouse Corporation,TRUE,0,,,5000 Cost of Goods,300000 Sales,13100 Inventory Asset,FALSE
22279,BSN00465-W1,BSN00465,"Each (Use for Boxes, Bags, Cores, Cases)",3,Operations,Strouse-HQ,,Average,Default Cost Category,"Handheld Tape Dispenser, 1"" Core, Portable, Lightweight, Retractable Blade, Translucent, Plastic, Smoke ",TRUE,0,OnTimeSupplies.com,3870,The Strouse Corporation,TRUE,0,,,5000 Cost of Goods,300000 Sales,13100 Inventory Asset,FALSE
22305,100023PE1,100023PE1,"Each (Use for Boxes, Bags, Cores, Cases)",3,Operations,Strouse-HQ,,Average,Default Cost Category,"Lab sheet 6"" x 6"" x 0.070"" with 1mil PU on paper release liner",TRUE,2.363140741,Amparo Medical,3388,The Strouse Corporation,TRUE,2.363140741,,,5000 Cost of Goods,300000 Sales,13100 Inventory Asset,FALSE
22320,CatID-22320-W6,,Length Units,,Operations,Strouse-HQ,,Average,Default Cost Category,CSM - Printed Active Adhesive Laminate (VVM7),TRUE,0.252754197,Freshpoint Quality Assurance Ltd. d/b/a Evigence Sensors ,3686,The Strouse Corporation,TRUE,0.252754197,,,5000 Cost of Goods,300000 Sales,13100 Inventory Asset,FALSE
22359,3179C-W11,3179C,Length Units,,Operations,Strouse-HQ,,Average,Default Cost Category,3 mil Clear Protective Film,TRUE,0.25168,"Pregis PolyMask, Inc.",4045,The Strouse Corporation,TRUE,0.25168,,,5000 Cost of Goods,300000 Sales,13100 Inventory Asset,FALSE
22404,FM046902-W13.5,FM046902,Length Units,,Operations,Strouse-HQ,,Average,Default Cost Category,"Label material, Thermal Transfer Label Material",TRUE,0.01071,"3M Company, Inc. Converter Markets",3141,The Strouse Corporation,TRUE,0.01071,,,5000 Cost of Goods,300000 Sales,13100 Inventory Asset,FALSE
22418,600REM-W9 - CatID-22418,600REM,Length Units,,Operations,Strouse-HQ,,Average,Default Cost Category,"600REM, Polyester, 1. mil, Clear, removable acrylic adhesive.",TRUE,0.018351667,Avery Dennison  (Formerly know as ACPO Ltd.),3300,The Strouse Corporation,TRUE,0.018351667,,,5000 Cost of Goods,300000 Sales,13100 Inventory Asset,FALSE
22436,13220L-W17.25,13220L,Length Units,,Operations,Strouse-HQ,,Average,Default Cost Category,"CSM - 2 mil, Clear Masking Protective Film",TRUE,0.029988,Acton Technologies,3719,The Strouse Corporation,TRUE,0.029988,,,5000 Cost of Goods,300000 Sales,13100 Inventory Asset,FALSE
22513,2693 -PL-W57,2693 -PL,Length Units,,Operations,Strouse-HQ,,Average,Default Cost Category,"8.5 mil, Masking Tape with plastic core",TRUE,0.046754896,"3M Company, Inc. Converter Markets",3141,The Strouse Corporation,TRUE,0.046754896,,,5000 Cost of Goods,300000 Sales,13100 Inventory Asset,FALSE
22519,4941-W0.75,4941,Length Units,,Operations,Strouse-HQ,,Average,Default Cost Category,"45 mil, VHB,double coated grey",TRUE,0.0081708,"3M Company, Inc. Converter Markets",3141,The Strouse Corporation,TRUE,0.0081708,,,5000 Cost of Goods,300000 Sales,13100 Inventory Asset,FALSE
22656,200MT-W12,200MT,Length Units,,Operations,Strouse-HQ,,Average,Default Cost Category,"Polyimide Film, Kapton",TRUE,0,"DuPont Specialty Products USA, LLC",3829,The Strouse Corporation,TRUE,0,,,5000 Cost of Goods,300000 Sales,13100 Inventory Asset,FALSE
22658,54 Lb C2S SL1/SL1 HCW-W3.25,54 Lb C2S SL1/SL1 HCW,Length Units,,Operations,Strouse-HQ,,Average,Default Cost Category,"Liner, 54#,C2S SL1 Release (Both Sides) 
HCW (Heavy Coat Weight)",TRUE,0.251033333,"Channeled Resources, Inc. (GMC Coatings)",3277,The Strouse Corporation,TRUE,0.251033333,,,5000 Cost of Goods,300000 Sales,13100 Inventory Asset,FALSE
22673,6 x 6 foam-W6,6 x 6 foam,"Each (Use for Boxes, Bags, Cores, Cases)",3,Operations,Strouse-HQ,,Average,Default Cost Category,"Tebery Foam packaging, Squares- 1 mm X 6"" X 6""",TRUE,0.20784,AMAZON.Com,3378,The Strouse Corporation,TRUE,0.20784,,,5000 Cost of Goods,300000 Sales,13100 Inventory Asset,FALSE
22714,5480-W2,5480,Length Units,,Operations,Strouse-HQ,,Average,Default Cost Category,"5480, Tape, 3.8 mil  PTFE Film",TRUE,5.480944444,"3M Company, Inc. Converter Markets",3141,The Strouse Corporation,TRUE,5.480944444,,,5000 Cost of Goods,300000 Sales,13100 Inventory Asset,FALSE
22716,9576,9576,Length Units,,Operations,Strouse-HQ,,Average,Default Cost Category,"Double Coated Tape Clear, 4 mil",TRUE,0.03146,"3M Company, Inc. Converter Markets",3141,The Strouse Corporation,TRUE,0.03146,,,5000 Cost of Goods,300000 Sales,13100 Inventory Asset,FALSE
22751,69-W2,69,Length Units,,Operations,Strouse-HQ,,Average,Default Cost Category,"Electrical Glass Cloth Tape, 7 mil White with Silicone Adhesive (Linerless), untrimmed.",TRUE,0.05874,"3M Company, Inc. Converter Markets",3141,The Strouse Corporation,TRUE,0.05874,,,5000 Cost of Goods,300000 Sales,13100 Inventory Asset,FALSE
22910,2307-W3.78,2307,Length Units,,Operations,Strouse-HQ,,Average,Default Cost Category,"Masking Tape 2307, Tan, 96 mm x 55 m, 5.2 mil, 8 per case",TRUE,0.02592,"3M Company, Inc. Converter Markets",3141,The Strouse Corporation,TRUE,0.02592,,,5000 Cost of Goods,300000 Sales,13100 Inventory Asset,FALSE
22911,54 lb. C1S S0 (BG0)-W40,54 lb. C1S S0 (BG0),Length Units,,Operations,Strouse-HQ,,Average,Default Cost Category,3.2 mil 54 lb. Easy Release C1S Liner,TRUE,1.105040865,"Channeled Resources, Inc. (GMC Coatings)",3277,The Strouse Corporation,TRUE,1.105040865,,,5000 Cost of Goods,300000 Sales,13100 Inventory Asset,FALSE
22945,SJ30H,SJ30H,Length Units,,Operations,Strouse-HQ,,Average,Default Cost Category,"High Tack Hook Fastener Tape Black, 4 per case",TRUE,0.070433067,"3M Company, Inc. Converter Markets",3141,The Strouse Corporation,TRUE,0.070433067,,,5000 Cost of Goods,300000 Sales,13100 Inventory Asset,FALSE
22954,101990-W1.889,101990,Length Units,,Operations,Strouse-HQ,,Average,Default Cost Category,P-672 Black (48mm x 55m),TRUE,0.390275,"Shurtape Technologies, LLC",3259,The Strouse Corporation,TRUE,0.390275,,,5000 Cost of Goods,300000 Sales,13100 Inventory Asset,FALSE
22973,33515-W23.875,33515,Length Units,,Operations,Strouse-HQ,,Average,Default Cost Category,"Vinyl  Tape - Gray (0.015"")",TRUE,5.102609259,"3M Company, Inc. Converter Markets",3141,The Strouse Corporation,TRUE,5.102609259,,,5000 Cost of Goods,300000 Sales,13100 Inventory Asset,FALSE
22986,MD 1320-W7.688,MD 1320,Length Units,,Operations,Strouse-HQ,,Average,Default Cost Category,"Adhesive, double coated, medical, rubber based adhesive.",TRUE,5.353846154,Coating & Converting Technologies,4042,The Strouse Corporation,TRUE,5.353846154,,,5000 Cost of Goods,300000 Sales,13100 Inventory Asset,FALSE
23017,IB1200XTW60-W3.375,IB1200XTW60,Length Units,,Operations,Strouse-HQ,,Average,Default Cost Category,"double coated film, 1.2/1.8 mil on .005mil PET",TRUE,0.100008,MacTac,3255,The Strouse Corporation,TRUE,0.100008,,,5000 Cost of Goods,300000 Sales,13100 Inventory Asset,FALSE
23018,IB1200XTW60-W2.625,IB1200XTW60,Length Units,,Operations,Strouse-HQ,,Average,Default Cost Category,"double coated film, 1.2/1.8 mil on .005mil PET",TRUE,0.013608,MacTac,3255,The Strouse Corporation,TRUE,0.013608,,,5000 Cost of Goods,300000 Sales,13100 Inventory Asset,FALSE
23049,3051-W2,3051,Length Units,,Operations,Strouse-HQ,,Average,Default Cost Category,Low Tack Paper Tape,TRUE,0.0133245,"3M Company, Inc. Converter Markets",3141,The Strouse Corporation,TRUE,0.0133245,,,5000 Cost of Goods,300000 Sales,13100 Inventory Asset,FALSE
23126,PS55-W6.771,PS55,Length Units,,Operations,Strouse-HQ,,Average,Default Cost Category,Printed paper ,TRUE,0.86,Nelipak healthcare packing ,3846,The Strouse Corporation,TRUE,0.86,,,5000 Cost of Goods,300000 Sales,13100 Inventory Asset,FALSE
23127,35709-G-W6.771,35709-G,Length Units,,Operations,Strouse-HQ,,Average,Default Cost Category,Film 12/50 Polyplex Unprinted ,TRUE,0.8951436,Nelipak healthcare packing ,3846,The Strouse Corporation,TRUE,0.8951436,,,5000 Cost of Goods,300000 Sales,13100 Inventory Asset,FALSE
23140,5908-W12,5908,Length Units,,Operations,Strouse-HQ,,Average,Default Cost Category,"5908, VHB Tape .010"" Black foam",TRUE,0.143767386,"3M Company, Inc. Converter Markets",3141,The Strouse Corporation,TRUE,0.143767386,,,5000 Cost of Goods,300000 Sales,13100 Inventory Asset,FALSE
23156,Armasport MC Natural-W56,Armasport MC Natural,Length Units,,Operations,Strouse-HQ,,Average,Default Cost Category,"Foam,  0.094"" Thick ",TRUE,1.128317015,Rubberlite,3303,The Strouse Corporation,TRUE,1.128317015,,,5000 Cost of Goods,300000 Sales,13100 Inventory Asset,FALSE
23189,S0H088 2-0/0 324 0172-W2,S0H088 2-0/0 324 0172,Length Units,,Operations,Strouse-HQ,,Average,Default Cost Category,"Hook Material ,Silver grey",TRUE,0.027144,Velcro USA,3672,The Strouse Corporation,TRUE,0.027144,,,5000 Cost of Goods,300000 Sales,13100 Inventory Asset,FALSE
23234,3290-W6,3290,Length Units,,Operations,Strouse-HQ,,Average,Default Cost Category," Reflective Tape- White, Engineering Grade",TRUE,0.020856,"3M Company, Inc. Converter Markets",3141,The Strouse Corporation,TRUE,0.020856,,,5000 Cost of Goods,300000 Sales,13100 Inventory Asset,FALSE
23243,4646-W11,4646,Length Units,,Operations,Strouse-HQ,,Average,Default Cost Category,"25 mil, D/C Grey Acrylic, VHB",TRUE,0.325651543,Grainger,3290,The Strouse Corporation,TRUE,0.325651543,,,5000 Cost of Goods,300000 Sales,13100 Inventory Asset,FALSE
23271,RP62-W4.75,RP62,Length Units,,Operations,Strouse-HQ,,Average,Default Cost Category,"RP62, 62 mil, D/C Acrylic, VHB",TRUE,0.316143519,"3M Company, Inc. Converter Markets",3141,The Strouse Corporation,TRUE,0.316143519,,,5000 Cost of Goods,300000 Sales,13100 Inventory Asset,FALSE
23293,9916-W46,9916,Length Units,,Operations,Strouse-HQ,,Average,Default Cost Category,"Medical Tan Non-woven Tape, 3M 9916",TRUE,0.033162125,"3M Company, Inc. Converter Markets",3141,The Strouse Corporation,TRUE,0.033162125,,,5000 Cost of Goods,300000 Sales,13100 Inventory Asset,FALSE
23350,RE-18-W8,RE-18,Length Units,,Operations,Strouse-HQ,,Average,Default Cost Category,3 mil clear PET/RE-18/40# liner,TRUE,0.004985971,3 Sigma Corporation,3610,The Strouse Corporation,TRUE,0.004985971,,,5000 Cost of Goods,300000 Sales,13100 Inventory Asset,FALSE
23362,51134-W25.625,51134,Length Units,,Operations,Strouse-HQ,,Average,Default Cost Category,"CSM- Polyethylene Protective Tape, Clear, Acrylic Adhesive",TRUE,18.97,Tesa Tape,4044,The Strouse Corporation,TRUE,18.97,,,5000 Cost of Goods,300000 Sales,13100 Inventory Asset,FALSE
23364,1509-W7.75,1509,Length Units,,Operations,Strouse-HQ,,Average,Default Cost Category,Medical Tape,TRUE,0.11644735,3M Medical Specialities,4181,The Strouse Corporation,TRUE,0.11644735,,,5000 Cost of Goods,300000 Sales,13100 Inventory Asset,FALSE
23385,PFA Film-W8.25,PFA Film,Length Units,,Operations,Strouse-HQ,,Average,Default Cost Category,"Film, PFA, 50 gauge",TRUE,0.311534398,Polymershapes - Jessup,3375,The Strouse Corporation,TRUE,0.311534398,,,5000 Cost of Goods,300000 Sales,13100 Inventory Asset,FALSE
23434,W10002-W4.5,W10002,Length Units,,Operations,Strouse-HQ,,Average,Default Cost Category,CSM - fluoro liner ,TRUE,0.029406,"Waterway Business Solutions, Inc.",3857,The Strouse Corporation,TRUE,0.029406,,,5000 Cost of Goods,300000 Sales,13100 Inventory Asset,FALSE
23488,1519CW-W7.5,1519CW,Length Units,,Operations,Strouse-HQ,,Average,Default Cost Category,"Aluminum Foil Tape, 5 mil, Acrylic",TRUE,0.0226902,"3M Company, Inc. Converter Markets",3141,The Strouse Corporation,TRUE,0.0226902,,,5000 Cost of Goods,300000 Sales,13100 Inventory Asset,FALSE
23519,Release Liner-W8,Release Liner,Length Units,,Operations,Strouse-HQ,,Average,Default Cost Category,"Repair Paste Release Liner, 8 in x 60 ft, 1 Roll/Case",TRUE,0.00683919,"3M Company, Inc. Converter Markets",3141,The Strouse Corporation,TRUE,0.00683919,,,5000 Cost of Goods,300000 Sales,13100 Inventory Asset,FALSE
23521,IE 6035T - White-W22.5,IE 6035T - White,"Each (Use for Boxes, Bags, Cores, Cases)",3,Operations,Strouse-HQ,,Average,Default Cost Category,"Poly Strand, 5-ply IE 6035T - White film
22.5 x 60 sheets",TRUE,0.31,Aerotuf  (Adv. Comp. Structures/Cargo Composites),3644,The Strouse Corporation,TRUE,0.31,,,5000 Cost of Goods,300000 Sales,13100 Inventory Asset,FALSE
23542,96 Tray-W4,96 Tray,"Each (Use for Boxes, Bags, Cores, Cases)",3,Operations,Strouse-HQ,,Average,Default Cost Category,96 well tray for adhesive assembly,TRUE,0.799214708,Meso Scale Discovery A division of Meso Scale Diagnostics,3613,The Strouse Corporation,TRUE,0.799214708,,,5000 Cost of Goods,300000 Sales,13100 Inventory Asset,FALSE
23543,384 Tray-W4,384 Tray,"Each (Use for Boxes, Bags, Cores, Cases)",3,Operations,Strouse-HQ,,Average,Default Cost Category,384 well tray for adhesive assembly,TRUE,0.019116,Meso Scale Discovery A division of Meso Scale Diagnostics,3613,The Strouse Corporation,TRUE,0.019116,,,5000 Cost of Goods,300000 Sales,13100 Inventory Asset,FALSE
23544,DM-4305,DM-4305,Length Units,,Operations,Strouse-HQ,,Average,Default Cost Category,CSM - 1 mil patterned pu,TRUE,0.02025,Global BioMedical Technologies,3765,The Strouse Corporation,TRUE,0.02025,,,5000 Cost of Goods,300000 Sales,13100 Inventory Asset,FALSE
23546,DM-2270-W5.5,DM-2270,Length Units,,Operations,Strouse-HQ,,Average,Default Cost Category,CSM - White PU NW,TRUE,0.06795,Global BioMedical Technologies,3765,The Strouse Corporation,TRUE,0.06795,,,5000 Cost of Goods,300000 Sales,13100 Inventory Asset,FALSE
23561,3M 501+-W59,3M 501+,Length Units,,Operations,Strouse-HQ,,Average,Default Cost Category,"Masking tape, 501+",TRUE,0.01116,"R.S. Hughes Company, Inc. ",3883,The Strouse Corporation,TRUE,0.01116,,,5000 Cost of Goods,300000 Sales,13100 Inventory Asset,FALSE
23594,9485PC-W4,9485PC,Length Units,,Operations,Strouse-HQ,,Average,Default Cost Category,"5 mil, 350, 62# PCK",TRUE,0.089105556,"3M Company, Inc. Converter Markets",3141,The Strouse Corporation,TRUE,0.089105556,,,5000 Cost of Goods,300000 Sales,13100 Inventory Asset,FALSE
23656,5419-W22 - CatID-23656,5419,Length Units,,Operations,Strouse-HQ,,Average,Default Cost Category,2.7 mil Low Static Polyimide - with Plastic core ,TRUE,0.138253333,"3M Company, Inc. Converter Markets",3141,The Strouse Corporation,TRUE,0.138253333,,,5000 Cost of Goods,300000 Sales,13100 Inventory Asset,FALSE
23659,4914-W12,4914,Length Units,,Operations,Strouse-HQ,,Average,Default Cost Category,"3M™ VHB™ Tape , White",TRUE,0.01701765,"3M Company, Inc. Converter Markets",3141,The Strouse Corporation,TRUE,0.01701765,,,5000 Cost of Goods,300000 Sales,13100 Inventory Asset,FALSE
23670,R-AC005015A-W48,R-AC005015A,Length Units,,Operations,Strouse-HQ,,Average,Default Cost Category,55 lb. Tight C1S Densified Kraft Release Liner - LOG,TRUE,0.504437778,The Griff Network,3251,The Strouse Corporation,TRUE,0.504437778,,,5000 Cost of Goods,300000 Sales,13100 Inventory Asset,FALSE
23681,9690-W9,9690,Length Units,,Operations,Strouse-HQ,,Average,Default Cost Category,"5 mil, 300MP, 83# PCK",TRUE,10.22096852,3M Medical Solutions Division,3645,The Strouse Corporation,TRUE,10.22096852,,,5000 Cost of Goods,300000 Sales,13100 Inventory Asset,FALSE
23696,RE-18-W5,RE-18,Length Units,,Operations,Strouse-HQ,,Average,Default Cost Category,3 mil clear PET/RE-18/40# liner,TRUE,0.008309951,3 Sigma Corporation,3610,The Strouse Corporation,TRUE,0.008309951,,,5000 Cost of Goods,300000 Sales,13100 Inventory Asset,FALSE
23707,FLX068983-W60,FLX068983,Length Units,,Operations,Strouse-HQ,,Average,Default Cost Category,Omni Wave - TT 200 Black H-502 150 Poly H-9 4499-8,TRUE,8.4525,"FLEXcon Company, Inc.",3247,The Strouse Corporation,TRUE,8.4525,,,5000 Cost of Goods,300000 Sales,13100 Inventory Asset,FALSE
23710,5908-W6,5908,Length Units,,Operations,Strouse-HQ,,Average,Default Cost Category,"10 mil, Acrylic foam tape, double-coated Black VHB",TRUE,,"3M Company, Inc. Converter Markets",3141,The Strouse Corporation,TRUE,,,,5000 Cost of Goods,300000 Sales,13100 Inventory Asset,FALSE
23712,4075-W48,4075,Length Units,,Operations,Strouse-HQ,,Average,Default Cost Category,"Medical Transfer Adhesive, Extended Wear, Poly Liner",TRUE,0.00858,"3M Company, Inc. Converter Markets",3141,The Strouse Corporation,TRUE,0.00858,,,5000 Cost of Goods,300000 Sales,13100 Inventory Asset,FALSE
23714,9917-W48,9917,Length Units,,Operations,Strouse-HQ,,Average,Default Cost Category,"Double Sided Spunlaced Nonwoven Fabric, 62# Liner",TRUE,0.004363494,"3M Company, Inc. Converter Markets",3141,The Strouse Corporation,TRUE,0.004363494,,,5000 Cost of Goods,300000 Sales,13100 Inventory Asset,FALSE
23719,467MP-W0.25,467MP,Length Units,,Operations,Strouse-HQ,,Average,Default Cost Category,"2 mil, 200MP, 58# PCK",TRUE,0.042336,"3M Company, Inc. Converter Markets",3141,The Strouse Corporation,TRUE,0.042336,,,5000 Cost of Goods,300000 Sales,13100 Inventory Asset,FALSE
23720,1181-W2.5,1181,Length Units,,Operations,Strouse-HQ,,Average,Default Cost Category,"3 mil copper conductive foil (23"" x 60 Yards)",TRUE,0.653009259,"3M Company, Inc. Converter Markets",3141,The Strouse Corporation,TRUE,0.653009259,,,5000 Cost of Goods,300000 Sales,13100 Inventory Asset,FALSE
23723,54 lb. C1S S0 (BG0)-W5.7,54 lb. C1S S0 (BG0),Length Units,,Operations,Strouse-HQ,,Average,Default Cost Category,3.2 mil 54 lb. Easy Release C1S Liner,TRUE,3.200787037,"Channeled Resources, Inc. (GMC Coatings)",3277,The Strouse Corporation,TRUE,3.200787037,,,5000 Cost of Goods,300000 Sales,13100 Inventory Asset,FALSE
23724,54 lb. C1S S0 (BG0)-W6,54 lb. C1S S0 (BG0),Length Units,,Operations,Strouse-HQ,,Average,Default Cost Category,3.2 mil 54 lb. Easy Release C1S Liner,TRUE,0.197064,"Channeled Resources, Inc. (GMC Coatings)",3277,The Strouse Corporation,TRUE,0.197064,,,5000 Cost of Goods,300000 Sales,13100 Inventory Asset,FALSE
23725,78 lb. C1S BG0-W9.75 - CatID-23725,78 lb. C1S BG0,Length Units,,Operations,Strouse-HQ,,Average,Default Cost Category,4.4 mil 78 lb. Easy Release C1S Liner - LOG,TRUE,0.023094595,"Channeled Resources, Inc. (GMC Coatings)",3277,The Strouse Corporation,TRUE,0.023094595,,,5000 Cost of Goods,300000 Sales,13100 Inventory Asset,FALSE
23726,TT100 V29 200 Poly SC6 200 Poly H9-W40,TT100 V29 200 Poly SC6 200 Poly H9,Length Units,,Operations,Strouse-HQ,,Average,Default Cost Category,TT100 V29 200 Poly SC6 200 Poly H9,TRUE,0.060816199,"FLEXcon Company, Inc.",3247,The Strouse Corporation,TRUE,0.060816199,,,5000 Cost of Goods,300000 Sales,13100 Inventory Asset,FALSE
23728,2693 -PL-W36.5,2693 -PL,Length Units,,Operations,Strouse-HQ,,Average,Default Cost Category,"8.5 mil, Masking Tape with plastic core",TRUE,0.010584,"3M Company, Inc. Converter Markets",3141,The Strouse Corporation,TRUE,0.010584,,,5000 Cost of Goods,300000 Sales,13100 Inventory Asset,FALSE
23729,CatID-23729,,"Each (Use for Boxes, Bags, Cores, Cases)",3,Operations,Strouse-HQ,,Average,Default Cost Category,CSM - Cartons - Universal - Fishburne Tabs ,TRUE,0.0546,"Fishburne May, LLC",1908,The Strouse Corporation,TRUE,0.0546,,,5000 Cost of Goods,300000 Sales,13100 Inventory Asset,FALSE
23730,CatID-23730,,"Each (Use for Boxes, Bags, Cores, Cases)",3,Operations,Strouse-HQ,,Average,Default Cost Category,CSM - Labels - Universal - #122985,TRUE,0.63225,"Fishburne May, LLC",1908,The Strouse Corporation,TRUE,0.63225,,,5000 Cost of Goods,300000 Sales,13100 Inventory Asset,FALSE
23731,CatID-23731,,"Each (Use for Boxes, Bags, Cores, Cases)",3,Operations,Strouse-HQ,,Average,Default Cost Category,CSM - Wafer Seals - Uline S-5503,TRUE,0.023972399,"Fishburne May, LLC",1908,The Strouse Corporation,TRUE,0.023972399,,,5000 Cost of Goods,300000 Sales,13100 Inventory Asset,FALSE
23733,500AV-W2,500AV,Length Units,,Operations,Strouse-HQ,,Average,Default Cost Category,"Polyimide, 5 mil, No PSA",TRUE,0.0239724,Kaneka North America – Apical Division,3252,The Strouse Corporation,TRUE,0.0239724,,,5000 Cost of Goods,300000 Sales,13100 Inventory Asset,FALSE
23735,232-PL-W3.75,232-PL,Length Units,,Operations,Strouse-HQ,,Average,Default Cost Category,"6.3 mil, Crepe Masking, Hi Performance, Rubber - LOG",TRUE,0.138694533,"3M Company, Inc. Converter Markets",3141,The Strouse Corporation,TRUE,0.138694533,,,5000 Cost of Goods,300000 Sales,13100 Inventory Asset,FALSE
23736,FRA 310-W40.55,FRA 310,Length Units,,Operations,Strouse-HQ,,Average,Default Cost Category,"Liner, 2 mil PET clear, FRA 310, Fluorosilicone, Easy Release",TRUE,0.01584,Fox River Associates,4046,The Strouse Corporation,TRUE,0.01584,,,5000 Cost of Goods,300000 Sales,13100 Inventory Asset,FALSE
23737,SUPOR-200-W2,SUPOR-200,Length Units,,Operations,Strouse-HQ,,Average,Default Cost Category," CSM - SUPOR-200, PES Memebrane",TRUE,0.00191455,Pall Corporation (Life Sciences),3313,The Strouse Corporation,TRUE,0.00191455,,,5000 Cost of Goods,300000 Sales,13100 Inventory Asset,FALSE
23739,FRA 3502-W53.54,FRA 3502,Length Units,,Operations,Strouse-HQ,,Average,Default Cost Category,2 mil Clear Polyester Release Liner S1S,TRUE,0.022548,Fox River Associates,4046,The Strouse Corporation,TRUE,0.022548,,,5000 Cost of Goods,300000 Sales,13100 Inventory Asset,FALSE
