Strouse Cat ID,Item Name/Number,Vendor Name/Code,Primary Units Type,Primary Units Type ID,Department,Location,Track Landed Cost,Costing Method,Cost Category,Purchase Description,Use Bin,Purchase Price,Bin Number,Preferred (Per Location),COGS Account,Asset Account,Income Account,Tax Schedule
1322,1043-W2,1043,Length Units,7,Operations,Strouse-HQ,,Average,Default Cost Category,"Polyester, 1 mil DuPont Mylar Grade A",TRUE,0.0056304,,,5000 Cost of Goods,300000 Sales,13100 Inventory Asset,FALSE
1594,55 lb. Tight C1S-W7,55 lb. Tight C1S,Length Units,7,Operations,Strouse-HQ,,Average,Default Cost Category,55 lb. Tight C1S Densified Kraft Release Liner,TRUE,0.0315,,,5000 Cost of Goods,300000 Sales,13100 Inventory Asset,FALSE
1609,55 lb. Tight C1S-W2,55 lb. Tight C1S,Length Units,7,Operations,Strouse-HQ,,Average,Default Cost Category,55 lb. Tight C1S Densified Kraft Release Liner,TRUE,0.009,,,5000 Cost of Goods,300000 Sales,13100 Inventory Asset,FALSE
1706,1043-W3.5,1043,Length Units,7,Operations,Strouse-HQ,,Average,Default Cost Category,"Polyester, 1 mil DuPont Mylar Grade A",TRUE,0.007266,,,5000 Cost of Goods,300000 Sales,13100 Inventory Asset,FALSE
1995,1043-W0.375,1043,Length Units,7,Operations,Strouse-HQ,,Average,Default Cost Category,"Polyester, 1 mil DuPont Mylar Grade A",TRUE,0.001055688,,,5000 Cost of Goods,300000 Sales,13100 Inventory Asset,FALSE
2103,1043-W1,1043,Length Units,7,Operations,Strouse-HQ,,Average,Default Cost Category,"Polyester, 1 mil DuPont Mylar Grade A",TRUE,0.0028152,,,5000 Cost of Goods,300000 Sales,13100 Inventory Asset,FALSE
2235,24S56W-W48,24S56W,Length Units,7,Operations,Strouse-HQ,,Average,Default Cost Category,White Protective Polyethylene,TRUE,0.414,,,5000 Cost of Goods,300000 Sales,13100 Inventory Asset,FALSE
2398,55 lb. Tight C1S-W4,55 lb. Tight C1S,Length Units,7,Operations,Strouse-HQ,,Average,Default Cost Category,55 lb. Tight C1S Densified Kraft Release Liner,TRUE,0.01942446,,,5000 Cost of Goods,300000 Sales,13100 Inventory Asset,FALSE
2454,78 lb. C1S-W10.25,78 lb. C1S,Length Units,7,Operations,Strouse-HQ,,Average,Default Cost Category,4.5 mil C1S Silicone Easy Release Liner,TRUE,0.015621,,,5000 Cost of Goods,300000 Sales,13100 Inventory Asset,FALSE
2464,55 lb. Tight C1S-W4.25,55 lb. Tight C1S,Length Units,7,Operations,Strouse-HQ,,Average,Default Cost Category,55 lb. Tight C1S Densified Kraft Release Liner,TRUE,0.019125,,,5000 Cost of Goods,300000 Sales,13100 Inventory Asset,FALSE
2514,24950-W2,24950,Length Units,7,Operations,Strouse-HQ,,Average,Default Cost Category,7300 Series C1S Polyester Release Liner,TRUE,0.0159816,,,5000 Cost of Goods,300000 Sales,13100 Inventory Asset,FALSE
2546,92170-W7,92170,Length Units,7,Operations,Strouse-HQ,,Average,Default Cost Category,"3 mil Anti-Glare protection film, self wetting adhesive",TRUE,2.725374815,,,5000 Cost of Goods,300000 Sales,13100 Inventory Asset,FALSE
2597,55 lb. Tight C1S-W2.5,55 lb. Tight C1S,Length Units,7,Operations,Strouse-HQ,,Average,Default Cost Category,55 lb. Tight C1S Densified Kraft Release Liner,TRUE,0.01125,,,5000 Cost of Goods,300000 Sales,13100 Inventory Asset,FALSE
2825,Soft Anvil - 50 lb. Glacier Smooth-W17.5,Soft Anvil - 50 lb. Glacier Smooth,Length Units,7,Operations,Strouse-HQ,,Average,Default Cost Category,Soft Anvil - 50# Glacier Opaque White Smooth,TRUE,0.0147,,,5000 Cost of Goods,300000 Sales,13100 Inventory Asset,FALSE
10333,55 lb. Tight C1S-W5,55 lb. Tight C1S,Length Units,7,Operations,Strouse-HQ,,Average,Default Cost Category,55 lb. Tight C1S Densified Kraft Release Liner,TRUE,0.026216667,,,5000 Cost of Goods,300000 Sales,13100 Inventory Asset,FALSE
10647,4017-2/90-W7.625,4017-2/90,Length Units,,Operations,Strouse-HQ,,Average,Default Cost Category,90 lb. C2S Silicone Release Liner,TRUE,0.11644735,,,5000 Cost of Goods,300000 Sales,13100 Inventory Asset,FALSE
10749,55 lb. Tight C1S-W4.5,55 lb. Tight C1S,Length Units,,Operations,Strouse-HQ,,Average,Default Cost Category,55 lb. Tight C1S Densified Kraft Release Liner,TRUE,0.02025,,,5000 Cost of Goods,300000 Sales,13100 Inventory Asset,FALSE
10776,1043-W3,1043,Length Units,,Operations,Strouse-HQ,,Average,Default Cost Category,"Polyester, 1 mil DuPont Mylar Grade A",TRUE,0.01116,,,5000 Cost of Goods,300000 Sales,13100 Inventory Asset,FALSE
10797,3W25X-W6,3W25X,Length Units,,Operations,Strouse-HQ,,Average,Default Cost Category,3 mil Polymask,TRUE,0.04370625,,,5000 Cost of Goods,300000 Sales,13100 Inventory Asset,FALSE
11986,4179C-W5.333,4179C,Length Units,,Operations,Strouse-HQ,,Average,Default Cost Category,4 mil Clear Polymask,TRUE,0.060816199,,,5000 Cost of Goods,300000 Sales,13100 Inventory Asset,FALSE
12053,27520-W3,27520,Length Units,,Operations,Strouse-HQ,,Average,Default Cost Category,7300 Series C1S Polyester Release Liner,TRUE,0.023972399,,,5000 Cost of Goods,300000 Sales,13100 Inventory Asset,FALSE
12109,24950-W3,24950,Length Units,,Operations,Strouse-HQ,,Average,Default Cost Category,7300 Series C1S Polyester Release Liner,TRUE,0.0239724,,,5000 Cost of Goods,300000 Sales,13100 Inventory Asset,FALSE
12126,4022-2 mil PE-C1S-W2.625,4022-2 mil PE-C1S,Length Units,,Operations,Strouse-HQ,,Average,Default Cost Category,2 mil S1S Blue HDPE IN-C1S,TRUE,0.01584,,,5000 Cost of Goods,300000 Sales,13100 Inventory Asset,FALSE
12327,1043-W0.25,1043,Length Units,,Operations,Strouse-HQ,,Average,Default Cost Category,"Polyester, 1 mil DuPont Mylar Grade A",TRUE,0.0007038,,,5000 Cost of Goods,300000 Sales,13100 Inventory Asset,FALSE
12444,4017-2/90-W8,4017-2/90,Length Units,,Operations,Strouse-HQ,,Average,Default Cost Category,90# C2S Silicone Release Liner,TRUE,0.1392,,,5000 Cost of Goods,300000 Sales,13100 Inventory Asset,FALSE
13047,HPN-09809-W2.5,HPN-09809,Length Units,,Operations,Strouse-HQ,,Average,Default Cost Category,6 mil Natural Latex Sheeting ,TRUE,0.168650794,,,5000 Cost of Goods,300000 Sales,13100 Inventory Asset,FALSE
13078,55 lb. Tight C2S-W3,55 lb. Tight C2S,Length Units,,Operations,Strouse-HQ,,Average,Default Cost Category,55 lb. Tight C2S Densified Kraft Release Liner,TRUE,0.0195,,,5000 Cost of Goods,300000 Sales,13100 Inventory Asset,FALSE
13352,50 lb. Glacier Smooth-W4.375,50 lb. Glacier Smooth,Length Units,,Operations,Strouse-HQ,,Average,Default Cost Category,Soft Anvil - 50# Glacier Opaque White Smooth,TRUE,0.003675,,,5000 Cost of Goods,300000 Sales,13100 Inventory Asset,FALSE
13645,92170-W5.25,92170,Length Units,,Operations,Strouse-HQ,,Average,Default Cost Category,"3 mil Anti-Glare protection film, self wetting adhesive",TRUE,0.097804,,,5000 Cost of Goods,300000 Sales,13100 Inventory Asset,FALSE
13646,92170-W3.843,92170,Length Units,,Operations,Strouse-HQ,,Average,Default Cost Category,"3 mil Anti-Glare protection film, self wetting adhesive",TRUE,1.496230773,,,5000 Cost of Goods,300000 Sales,13100 Inventory Asset,FALSE
13834,54 lb. C1S S0-W3.5,54 lb. C1S S0,Length Units,,Operations,Strouse-HQ,,Average,Default Cost Category,3.2 mil 54 lb. Easy Release C1S Liner,TRUE,0.015636596,,,5000 Cost of Goods,300000 Sales,13100 Inventory Asset,FALSE
13963,1043-W1.375,1043,Length Units,,Operations,Strouse-HQ,,Average,Default Cost Category,"Polyester, 1 mil DuPont Mylar Grade A",TRUE,0.0038709,,,5000 Cost of Goods,300000 Sales,13100 Inventory Asset,FALSE
14162,EE 1010L - 3mm-W1.625,EE 1010L - 3mm,Length Units,,Operations,Strouse-HQ,,Average,Default Cost Category,3 mm thick Nitto Foam,TRUE,0.146765562,,,5000 Cost of Goods,300000 Sales,13100 Inventory Asset,FALSE
14386,51134-W26,51134,Length Units,,Operations,Strouse-HQ,,Average,Default Cost Category,"CSM- Polyethylene Protective Tape, Clear, Acrylic Adhesive (540mm X 330M)",TRUE,0,,,5000 Cost of Goods,300000 Sales,13100 Inventory Asset,FALSE
14553,55 lb. Medium Release-W2,55 lb. Medium Release,Length Units,,Operations,Strouse-HQ,,Average,Default Cost Category,55 lb. Medium Release Liner,TRUE,0.009,,,5000 Cost of Goods,300000 Sales,13100 Inventory Asset,FALSE
14620,62856 PV06-W3,62856 PV06,Length Units,,Operations,Strouse-HQ,,Average,Default Cost Category,"Double-sided tape (Black) , PE Foam backing and acrylic adhesive (1240mm)",TRUE,0.396742241,,,5000 Cost of Goods,300000 Sales,13100 Inventory Asset,FALSE
14627,S305-W3.6,S305,Length Units,,Operations,Strouse-HQ,,Average,Default Cost Category,"Polyester film, double coated,  60# Liner",TRUE,0.122808889,,,5000 Cost of Goods,300000 Sales,13100 Inventory Asset,FALSE
14662,5979-W1.5,5979,"Each (Use for Boxes, Bags, Cores, Cases)",3,Operations,Strouse-HQ,,Average,Default Cost Category,"Die cut circles for JT's 5932, 5935, 5936, 5937.",TRUE,,,,5000 Cost of Goods,300000 Sales,13100 Inventory Asset,FALSE
14686,GT7108-W1.25,GT7108,Length Units,,Operations,Strouse-HQ,,Average,Default Cost Category,Foam VHB Tape,TRUE,0.375181583,,,5000 Cost of Goods,300000 Sales,13100 Inventory Asset,FALSE
14818,6040-W6,6040,Length Units,,Operations,Strouse-HQ,,Average,Default Cost Category,Printed 1526 for Job Jackets 5978 and 5979,TRUE,0.4,,,5000 Cost of Goods,300000 Sales,13100 Inventory Asset,FALSE
14845,Tivar 1000 - UV-W24,Tivar 1000 - UV,"Each (Use for Boxes, Bags, Cores, Cases)",3,Operations,Strouse-HQ,,Average,Default Cost Category,"TREATED - 1/8"" UHMW-UV,Tivar, black",TRUE,2.214583333,,,5000 Cost of Goods,300000 Sales,13100 Inventory Asset,FALSE
15034,13220L-W8,13220L,Length Units,,Operations,Strouse-HQ,,Average,Default Cost Category,"2 mil, Clear Masking Protective Film",TRUE,0.025344,,,5000 Cost of Goods,300000 Sales,13100 Inventory Asset,FALSE
15154,13220L-W14.75,13220L,Length Units,,Operations,Strouse-HQ,,Average,Default Cost Category,"2 mil, Clear Masking Protective Film",TRUE,0.046727726,,,5000 Cost of Goods,300000 Sales,13100 Inventory Asset,FALSE
15203,42 lb. C1S S0-W3.625,42 lb. C1S S0,Length Units,,Operations,Strouse-HQ,,Average,Default Cost Category,2.5 mil 42# Easy Release Liner,TRUE,0.013486667,,,5000 Cost of Goods,300000 Sales,13100 Inventory Asset,FALSE
15320,P221-W3,P221,Length Units,,Operations,Strouse-HQ,,Average,Default Cost Category,"Nitto P-221, .001"" polyimide ",TRUE,0.663825556,,,5000 Cost of Goods,300000 Sales,13100 Inventory Asset,FALSE
15352,13220L-W5.75,13220L,Length Units,,Operations,Strouse-HQ,,Average,Default Cost Category,"2 mil, Clear Masking Protective Film",TRUE,0.018215893,,,5000 Cost of Goods,300000 Sales,13100 Inventory Asset,FALSE
15771,OpPad/Reagent - LIGHT SENSITIVE-W0.275,OpPad/Reagent - LIGHT SENSITIVE,Length Units,,Operations,Strouse-HQ,,Average,Default Cost Category,CSM - OpPad/Reagent - LIGHT SENSITIVE,TRUE,0,,,5000 Cost of Goods,300000 Sales,13100 Inventory Asset,FALSE
16022,P224-W0.75,P224,Length Units,,Operations,Strouse-HQ,,Average,Default Cost Category,"Nitto P-224, .001"" polyimide ",TRUE,0.134455668,,,5000 Cost of Goods,300000 Sales,13100 Inventory Asset,FALSE
16146,614URM-W5,614URM,Length Units,,Operations,Strouse-HQ,,Average,Default Cost Category,1.82 mil Clear Polyester Overlaminate Removable Adhesive,TRUE,0.053153333,,,5000 Cost of Goods,300000 Sales,13100 Inventory Asset,FALSE
16198,2 mil T30-W2.5,2 mil T30,Length Units,,Operations,Strouse-HQ,,Average,Default Cost Category,Poly Liner Medium Release,TRUE,0.02395834,,,5000 Cost of Goods,300000 Sales,13100 Inventory Asset,FALSE
16279,PUL8591-W4,PUL8591,Length Units,,Operations,Strouse-HQ,,Average,Default Cost Category,"Paint Protection Film 8591, 14 mil, Transparent",TRUE,1.017160494,,,5000 Cost of Goods,300000 Sales,13100 Inventory Asset,FALSE
16657,"50#, White,Finch Opaque-W3.9375","50#, White,Finch Opaque",Length Units,,Operations,Strouse-HQ,,Average,Default Cost Category,"Paper, 50#, White,Finch Opaque Smooth",TRUE,0.004394255,,,5000 Cost of Goods,300000 Sales,13100 Inventory Asset,FALSE
17150,P221-W4.5,P221,Length Units,,Operations,Strouse-HQ,,Average,Default Cost Category,"Nitto P-221, .001"" polyimide ",TRUE,0.995738333,,,5000 Cost of Goods,300000 Sales,13100 Inventory Asset,FALSE
17184,"EMR1 - 0.197""-W8","EMR1 - 0.197""",Length Units,,Operations,Strouse-HQ,,Average,Default Cost Category,"0.197"" thick Polyether, Gray",TRUE,0.233190476,,,5000 Cost of Goods,300000 Sales,13100 Inventory Asset,FALSE
17564,78 lb. C1S BG40-W5.5,78 lb. C1S BG40,Length Units,,Operations,Strouse-HQ,,Average,Default Cost Category,4.4 mil 78 lb. Medium Release C1S Liner BG40,TRUE,0.023556929,,,5000 Cost of Goods,300000 Sales,13100 Inventory Asset,FALSE
17830,PM200 Clear Matte No PS TC348-W2.875,PM200 Clear Matte No PS TC348,Length Units,,Operations,Strouse-HQ,,Average,Default Cost Category,PM200 Clear Matte No PS TC348,TRUE,0,,,5000 Cost of Goods,300000 Sales,13100 Inventory Asset,FALSE
17962,78 lb. C1S BG40-W16.25,78 lb. C1S BG40,Length Units,,Operations,Strouse-HQ,,Average,Default Cost Category,4.4 mil 78 lb. Medium Release C1S Liner BG40,TRUE,0.069615,,,5000 Cost of Goods,300000 Sales,13100 Inventory Asset,FALSE
18022,401+-W5,401+,Length Units,,Operations,Strouse-HQ,,Average,Default Cost Category,Performance Masking  401+,TRUE,0.153312757,,,5000 Cost of Goods,300000 Sales,13100 Inventory Asset,FALSE
18049,401+-W4,401+,Length Units,,Operations,Strouse-HQ,,Average,Default Cost Category,Performance Masking  401+,TRUE,0.122650206,,,5000 Cost of Goods,300000 Sales,13100 Inventory Asset,FALSE
18131,FRA 152-W5,FRA 152,Length Units,,Operations,Strouse-HQ,,Average,Default Cost Category,3.5 mil HDPE release liner,TRUE,0,,,5000 Cost of Goods,300000 Sales,13100 Inventory Asset,FALSE
18185,"EMR1 - 0.197""-W4","EMR1 - 0.197""",Length Units,,Operations,Strouse-HQ,,Average,Default Cost Category,"Foam, .197"" Thick, EMR1, Polyether Polyurethane, Meets GMW14196-1A",TRUE,0.036696,,,5000 Cost of Goods,300000 Sales,13100 Inventory Asset,FALSE
18305,7500 - 0.625-W0.625,7500 - 0.625,Length Units,,Operations,Strouse-HQ,,Average,Default Cost Category,Tail adhesive,TRUE,0.046444444,,,5000 Cost of Goods,300000 Sales,13100 Inventory Asset,FALSE
18306,7501 - 0.375-W0.375,7501 - 0.375,Length Units,,Operations,Strouse-HQ,,Average,Default Cost Category,Anchor adhesive,TRUE,0.044175926,,,5000 Cost of Goods,300000 Sales,13100 Inventory Asset,FALSE
18307,7468-1776/1567-W0.125,7468-1776/1567,Length Units,,Operations,Strouse-HQ,,Average,Default Cost Category,1776/1567 for 16 cm Ver 2 Anchor/Tail assembly - Neodyne,TRUE,0.0125,,,5000 Cost of Goods,300000 Sales,13100 Inventory Asset,FALSE
18386,401+-W5.5,401+,Length Units,,Operations,Strouse-HQ,,Average,Default Cost Category,Performance Masking  401+,TRUE,0.061478976,,,5000 Cost of Goods,300000 Sales,13100 Inventory Asset,FALSE
18441,P212HD-W17.25,P212HD,Length Units,,Operations,Strouse-HQ,,Average,Default Cost Category,"Nitto P212HD, 0.010"" Glass Cloth tape, silicone adhesive  LOG",TRUE,4.399163981,,,5000 Cost of Goods,300000 Sales,13100 Inventory Asset,FALSE
18484,51825C-W6.857,51825C,Length Units,,Operations,Strouse-HQ,,Average,Default Cost Category,5 mil Clear Polymask,TRUE,0.070862809,,,5000 Cost of Goods,300000 Sales,13100 Inventory Asset,FALSE
18495,51825C-W4,51825C,Length Units,,Operations,Strouse-HQ,,Average,Default Cost Category,5 mil Clear Polymask,TRUE,0.0413375,,,5000 Cost of Goods,300000 Sales,13100 Inventory Asset,FALSE
18496,51825C-W6.25,51825C,Length Units,,Operations,Strouse-HQ,,Average,Default Cost Category,5 mil Clear Polymask,TRUE,0.064589844,,,5000 Cost of Goods,300000 Sales,13100 Inventory Asset,FALSE
18653,1.2 mil PET C1S L3-W4.25,1.2 mil PET C1S L3,Length Units,,Operations,Strouse-HQ,,Average,Default Cost Category,"1.2 mil PET C1S, L3",TRUE,0.01428,,,5000 Cost of Goods,300000 Sales,13100 Inventory Asset,FALSE
18669,K24-W3.5,K24,Length Units,,Operations,Strouse-HQ,,Average,Default Cost Category,3 Ply Poly Coated Embossed Tissue,TRUE,0.015679293,,,5000 Cost of Goods,300000 Sales,13100 Inventory Asset,FALSE
18671,Blue Fabric 7 mil-W13,Blue Fabric 7 mil,Length Units,,Operations,Strouse-HQ,,Average,Default Cost Category,"CSM Blue Fabric 7 mil
",TRUE,0,,,5000 Cost of Goods,300000 Sales,13100 Inventory Asset,FALSE
18706,CSM - BFI9260/BFI345196/BFI119260-W10,CSM - BFI9260/BFI345196/BFI119260,Length Units,,Operations,Strouse-HQ,,Average,Default Cost Category,HDPE/LDPE/HDPE Coextrusion with Photochromic Additive 20 Mil ,TRUE,0,,,5000 Cost of Goods,300000 Sales,13100 Inventory Asset,FALSE
18720,"50#, White,Finch Opaque-W10.5","50#, White,Finch Opaque",Length Units,,Operations,Strouse-HQ,,Average,Default Cost Category,"Paper, 50#, White,Finch Opaque Smooth",TRUE,0.010460578,,,5000 Cost of Goods,300000 Sales,13100 Inventory Asset,FALSE
18899,Skyrol special-W9.75,Skyrol special,Length Units,,Operations,Strouse-HQ,,Average,Default Cost Category,CSM - Skyrol special,TRUE,0,,,5000 Cost of Goods,300000 Sales,13100 Inventory Asset,FALSE
18914,12906-W3.125,12906,Length Units,,Operations,Strouse-HQ,,Average,Default Cost Category,"Thermal Transfer Litho, Transtherm 1C, S 2501",TRUE,0.017448214,,,5000 Cost of Goods,300000 Sales,13100 Inventory Asset,FALSE
18949,OM 59-W15,OM 59,Length Units,,Operations,Strouse-HQ,,Average,Default Cost Category,Orange Masking Tape,TRUE,0.418559322,,,5000 Cost of Goods,300000 Sales,13100 Inventory Asset,FALSE
18991,"EMR1 - 0.394""-W9.6","EMR1 - 0.394""",Length Units,,Operations,Strouse-HQ,,Average,Default Cost Category,"Foam, 0.394"" Thick, EMR1, Polyether Polyurethane, Meets GMW14196-1A",TRUE,0.29045977,,,5000 Cost of Goods,300000 Sales,13100 Inventory Asset,FALSE
19009,2916P-W9,2916P,Length Units,,Operations,Strouse-HQ,,Average,Default Cost Category,"1/16"" White Polyethylene Foam",TRUE,0.5967,,,5000 Cost of Goods,300000 Sales,13100 Inventory Asset,FALSE
19037,MATL0050-W4.5,MATL0050,"Each (Use for Boxes, Bags, Cores, Cases)",3,Operations,Strouse-HQ,,Average,Default Cost Category,CSM - AS203/AS203/Skyrol/AS203/Skyrol/AS203 (JJ 7900),TRUE,0,,,5000 Cost of Goods,300000 Sales,13100 Inventory Asset,FALSE
19151,78 lb. C1S BG40-W5.25,78 lb. C1S BG40,Length Units,,Operations,Strouse-HQ,,Average,Default Cost Category,4.4 mil 78 lb. Medium Release C1S Liner BG40,TRUE,0.022491,,,5000 Cost of Goods,300000 Sales,13100 Inventory Asset,FALSE
19181,24950-W3.5,24950,Length Units,,Operations,Strouse-HQ,,Average,Default Cost Category,7300 Series C1S Polyester Release Liner ,TRUE,0.0279678,,,5000 Cost of Goods,300000 Sales,13100 Inventory Asset,FALSE
19258,Q300-W12.5,Q300,Length Units,,Operations,Strouse-HQ,,Average,Default Cost Category,2 mil Clear Polyester S1S Medium Release Liner,TRUE,0.07305,,,5000 Cost of Goods,300000 Sales,13100 Inventory Asset,FALSE
19272,7880-W4,7880,"Each (Use for Boxes, Bags, Cores, Cases)",3,Operations,Strouse-HQ,,Average,Default Cost Category,"Arrow labels from JJ 7880, for shoeboxes for pouched gaskets",TRUE,0.04,,,5000 Cost of Goods,300000 Sales,13100 Inventory Asset,FALSE
19354,7960 - 0.25-W0.25,7960 - 0.25,"Each (Use for Boxes, Bags, Cores, Cases)",3,Operations,Strouse-HQ,,Average,Default Cost Category,Anchor adhesive,TRUE,0.055221286,,,5000 Cost of Goods,300000 Sales,13100 Inventory Asset,FALSE
19379,9828-W2.5,9828,Length Units,,Operations,Strouse-HQ,,Average,Default Cost Category,"3.5 mil, PET, D/C, 340, 55# DK",TRUE,0.055354861,,,5000 Cost of Goods,300000 Sales,13100 Inventory Asset,FALSE
19380,9828-W4.75,9828,Length Units,,Operations,Strouse-HQ,,Average,Default Cost Category,"3.5 mil, PET, D/C, 340, 55# DK",TRUE,0.094509729,,,5000 Cost of Goods,300000 Sales,13100 Inventory Asset,FALSE
19393,FRA 367-W5.6,FRA 367,Length Units,,Operations,Strouse-HQ,,Average,Default Cost Category,"2 mil PET Liner, FRA 367, S2S Easy/Medium",TRUE,0.038304,,,5000 Cost of Goods,300000 Sales,13100 Inventory Asset,FALSE
19419,54 lb. C1S SL4 (S38)-W12.25,54 lb. C1S SL4 (S38),Length Units,,Operations,Strouse-HQ,,Average,Default Cost Category,3.2 mil 54 lb. Medium Release C1S Liner,TRUE,0.055419,,,5000 Cost of Goods,300000 Sales,13100 Inventory Asset,FALSE
19442,1522-W1.5,1522,Length Units,,Operations,Strouse-HQ,,Average,Default Cost Category,6.3 mil D/C polyethylene with 80 lb. BK liner,TRUE,0.128921902,,,5000 Cost of Goods,300000 Sales,13100 Inventory Asset,FALSE
19492,FRA 354-W4.85,FRA 354,Length Units,,Operations,Strouse-HQ,,Average,Default Cost Category,2 mil Clear Polyester Release Liner S2S (Easy/Easy),TRUE,0.051798,,,5000 Cost of Goods,300000 Sales,13100 Inventory Asset,FALSE
19511,6978 - 9471LE/S1001-Neo-W0.25,6978 - 9471LE/S1001-Neo,Length Units,,Operations,Strouse-HQ,,Average,Default Cost Category,9471LE/S1001/Blue tape for Anchor/Tail assembly - Neodyne,TRUE,24.15,,,5000 Cost of Goods,300000 Sales,13100 Inventory Asset,FALSE
19537,19042-48#195009-W3.25,19042-48#195009,Length Units,,Operations,Strouse-HQ,,Average,Default Cost Category,"Mylar A, 3 mil, White translucent polyester",TRUE,0.118181818,,,5000 Cost of Goods,300000 Sales,13100 Inventory Asset,FALSE
19587,FRA 616-W20.5,FRA 616,Length Units,,Operations,Strouse-HQ,,Average,Default Cost Category,"Liner, FRA 616, 10.55 mil BPK",TRUE,0.164254158,,,5000 Cost of Goods,300000 Sales,13100 Inventory Asset,FALSE
19589,FRA 616-W14,FRA 616,Length Units,,Operations,Strouse-HQ,,Average,Default Cost Category,"Liner, FRA 616, 10.55 mil BPK",TRUE,0.112173571,,,5000 Cost of Goods,300000 Sales,13100 Inventory Asset,FALSE
19657,04174-70055-04-W6.25,04174-70055-04,Length Units,,Operations,Strouse-HQ,,Average,Default Cost Category,"04174, Tape, Linered Light Green, PVC Fineline Masking, ",TRUE,0.406954167,,,5000 Cost of Goods,300000 Sales,13100 Inventory Asset,FALSE
19717,04174-70055-04-W6,04174-70055-04,Length Units,,Operations,Strouse-HQ,,Average,Default Cost Category,"04174, Tape, Linered Light Green, PVC Fineline Masking, ",TRUE,0.390676,,,5000 Cost of Goods,300000 Sales,13100 Inventory Asset,FALSE
19718,87630A-W4,87630A,Length Units,,Operations,Strouse-HQ,,Average,Default Cost Category,"87630A, Surface Protective Film, Self-wetting",TRUE,0.0558696,,,5000 Cost of Goods,300000 Sales,13100 Inventory Asset,FALSE
19797,DC-PEF06R - Special White 3.2 mil Liner-W2,DC-PEF06R - Special White 3.2 mil Liner,Length Units,,Operations,Strouse-HQ,,Average,Default Cost Category,"DC-PEF06R, Foam, 1/16” , White Foam DC Rubber, Special White 3.2 mil Liner ",TRUE,0.216820988,,,5000 Cost of Goods,300000 Sales,13100 Inventory Asset,FALSE
19808,1902-W6.125,1902,Length Units,,Operations,Strouse-HQ,,Average,Default Cost Category,Pinpoint bonded w/30gsm/30gsm/Delnet Gray,TRUE,0.050814982,,,5000 Cost of Goods,300000 Sales,13100 Inventory Asset,FALSE
19861,401+-W12,401+,Length Units,,Operations,Strouse-HQ,,Average,Default Cost Category,Performance Masking  401+,TRUE,0.367950617,,,5000 Cost of Goods,300000 Sales,13100 Inventory Asset,FALSE
19895,1902-W7.125,1902,Length Units,,Operations,Strouse-HQ,,Average,Default Cost Category,Pinpoint bonded w/30gsm/30gsm/Delnet Gray,TRUE,0.059111305,,,5000 Cost of Goods,300000 Sales,13100 Inventory Asset,FALSE
19899,7333-W7 - CatID-19899,7333,Length Units,,Operations,Strouse-HQ,,Average,Default Cost Category,"7333 Protective film, high tack",TRUE,0.032153333,,,5000 Cost of Goods,300000 Sales,13100 Inventory Asset,FALSE
19916,8293,8293,"Each (Use for Boxes, Bags, Cores, Cases)",3,Operations,Strouse-HQ,,Average,Default Cost Category,"Clamshell seals.  1"" Dia with internal perf.",TRUE,0,,,5000 Cost of Goods,300000 Sales,13100 Inventory Asset,FALSE
20056,4017-2/90-W24.5,4017-2/90,Length Units,,Operations,Strouse-HQ,,Average,Default Cost Category,90 lb. C2S Silicone Release Liner,TRUE,0.3381,,,5000 Cost of Goods,300000 Sales,13100 Inventory Asset,FALSE
20096,3302-W1,3302,Length Units,,Operations,Strouse-HQ,,Average,Default Cost Category,"3302, Conductive Aluminum Foil Tape",TRUE,0.239107176,,,5000 Cost of Goods,300000 Sales,13100 Inventory Asset,FALSE
20118,8326-W2.84,8326,Unit-Base M (Use for Finished Goods),5,Operations,Strouse-HQ,,Average,Default Cost Category,JT 8326 White Phoenix Patches - Senseonics,TRUE,0,,,5000 Cost of Goods,300000 Sales,13100 Inventory Asset,FALSE
20124,W10002-W2.5,W10002,Length Units,,Operations,Strouse-HQ,,Average,Default Cost Category,"W10002 Fluorosilicone Release Liner, Polyester, Easy Release ",TRUE,0.062499,,,5000 Cost of Goods,300000 Sales,13100 Inventory Asset,FALSE
20195,53 Lb. Liner C2S-W2.25,53 Lb. Liner C2S,Length Units,,Operations,Strouse-HQ,,Average,Default Cost Category,"3.2 mil 53 lb. Easy Release Liner, C2S,BG0/BG0",TRUE,0.013149,,,5000 Cost of Goods,300000 Sales,13100 Inventory Asset,FALSE
20230,8458,8458,"Each (Use for Boxes, Bags, Cores, Cases)",3,Operations,Strouse-HQ,,Average,Default Cost Category,"6"" x 4"" Printed Label for Advantage, Color 10220C (Metallic Purple), Strouse-made in-house",TRUE,0,,,5000 Cost of Goods,300000 Sales,13100 Inventory Asset,FALSE
20288,2A04B-W10,2A04B,Length Units,,Operations,Strouse-HQ,,Average,Default Cost Category,"2A04B, 2 mil Blue Polymask Protective Film",TRUE,0.058801667,,,5000 Cost of Goods,300000 Sales,13100 Inventory Asset,FALSE
20314,301+-W8.25,301+,Length Units,,Operations,Strouse-HQ,,Average,Default Cost Category,Yellow Performance Masking - 301+,TRUE,0.061782148,,,5000 Cost of Goods,300000 Sales,13100 Inventory Asset,FALSE
20358,SF4862-96 / RDT 14032-W3.5,SF4862-96 / RDT 14032,Length Units,,Operations,Strouse-HQ,,Average,Default Cost Category,"SF4862-96 (OLD RDT14032), S/C  1/16"" foam, 2.2 mil ACR ,96# PCK",TRUE,0.12432,,,5000 Cost of Goods,300000 Sales,13100 Inventory Asset,FALSE
20433,54lb C2S SL1/SL4 Liner-W2,54lb C2S SL1/SL4 Liner,Length Units,,Operations,Strouse-HQ,,Average,Default Cost Category,"3.2 mil 54 lb, C2S SL1/SL4 Easy/Medium Release Liner",TRUE,0.008316,,,5000 Cost of Goods,300000 Sales,13100 Inventory Asset,FALSE
20453,5906-W24,5906,Length Units,,Operations,Strouse-HQ,,Average,Default Cost Category,"5906, VHB Tape .006"" Black foam",TRUE,5.063647343,,,5000 Cost of Goods,300000 Sales,13100 Inventory Asset,FALSE
20470,Polyken 2916P-W3.5,Polyken 2916P,Length Units,,Operations,Strouse-HQ,,Average,Default Cost Category,"2916P , Polyken 1/16"", Single  coated PE foam tape",TRUE,0.116025,,,5000 Cost of Goods,300000 Sales,13100 Inventory Asset,FALSE
20472,301+-W5.5,301+,Length Units,,Operations,Strouse-HQ,,Average,Default Cost Category,Yellow Performance Masking - 301+,TRUE,0.029474577,,,5000 Cost of Goods,300000 Sales,13100 Inventory Asset,FALSE
20491,5310-W4.5,5310,Length Units,,Operations,Strouse-HQ,,Average,Default Cost Category,"5310 Acrylic Foam Double Sided Tape, 40 Mil Thick",TRUE,0.719668106,,,5000 Cost of Goods,300000 Sales,13100 Inventory Asset,FALSE
20494,13220L-W6.75,13220L,Length Units,,Operations,Strouse-HQ,,Average,Default Cost Category,13220L 2 mil  clear masking,TRUE,0.021383875,,,5000 Cost of Goods,300000 Sales,13100 Inventory Asset,FALSE
20525,13220L-W9,13220L,Length Units,,Operations,Strouse-HQ,,Average,Default Cost Category,"2 mil, Clear Masking Protective Film",TRUE,0.028511833,,,5000 Cost of Goods,300000 Sales,13100 Inventory Asset,FALSE
20553,8576-W2.84,8576,Unit-Base M (Use for Finished Goods),5,Operations,Strouse-HQ,,Average,Default Cost Category,JT 8576 Clear Phoenix Patches - Senseonics,TRUE,0,,,5000 Cost of Goods,300000 Sales,13100 Inventory Asset,FALSE
20562,4972-W4.25,4972,Length Units,,Operations,Strouse-HQ,,Average,Default Cost Category,"4972, double coated PET, 1.8 mil",TRUE,0.172992427,,,5000 Cost of Goods,300000 Sales,13100 Inventory Asset,FALSE
20600,54lb C2S SL1/SL4 Liner-W3.25,54lb C2S SL1/SL4 Liner,Length Units,,Operations,Strouse-HQ,,Average,Default Cost Category,"3.2 mil 54 lb, C2S SL1/SL4 Easy/Medium Release Liner",TRUE,0.018993,,,5000 Cost of Goods,300000 Sales,13100 Inventory Asset,FALSE
20691,OM 59-W13,OM 59,Length Units,,Operations,Strouse-HQ,,Average,Default Cost Category,Orange Masking Tape - log,TRUE,0.362751412,,,5000 Cost of Goods,300000 Sales,13100 Inventory Asset,FALSE
20700,4790-92-25021-04P-W4.5,4790-92-25021-04P,Length Units,,Operations,Strouse-HQ,,Average,Default Cost Category,"Poron, 21 Mil, Extra Soft Supported, Black",TRUE,0.454166667,,,5000 Cost of Goods,300000 Sales,13100 Inventory Asset,FALSE
20701,4928-00033-20-W1.375,4928-00033-20,Length Units,,Operations,Strouse-HQ,,Average,Default Cost Category,"Double sided 125µm transparent filmic tape, 4928",TRUE,0.048892747,,,5000 Cost of Goods,300000 Sales,13100 Inventory Asset,FALSE
20702,4790-92-25041-1604-W1.5,4790-92-25041-1604,Length Units,,Operations,Strouse-HQ,,Average,Default Cost Category,"Poron, 41 Mil, Extra Soft Supported, Black",TRUE,0.161111111,,,5000 Cost of Goods,300000 Sales,13100 Inventory Asset,FALSE
20713,4928-00033-20-W0.75,4928-00033-20,Length Units,,Operations,Strouse-HQ,,Average,Default Cost Category,"Double sided 125µm transparent filmic tape, 4928",TRUE,0.026668771,,,5000 Cost of Goods,300000 Sales,13100 Inventory Asset,FALSE
20715,8926-02-W4.73,8926-02,Length Units,,Operations,Strouse-HQ,,Average,Default Cost Category,"Thermally conductive tape, 0.20mm",TRUE,1.1705151,,,5000 Cost of Goods,300000 Sales,13100 Inventory Asset,FALSE
20721,5952P-W1.25,5952P,Length Units,,Operations,Strouse-HQ,,Average,Default Cost Category,"5952P VHB Tape, Black, 45 Mil",TRUE,0.82927381,,,5000 Cost of Goods,300000 Sales,13100 Inventory Asset,FALSE
20766,Polyken 2916P-W3,Polyken 2916P,Length Units,,Operations,Strouse-HQ,,Average,Default Cost Category,"2916P , Polyken 1/16"", Single  coated PE foam tape",TRUE,0.09945,,,5000 Cost of Goods,300000 Sales,13100 Inventory Asset,FALSE
20792,5906-W0.75,5906,Length Units,,Operations,Strouse-HQ,,Average,Default Cost Category,"5906, VHB Tape .006"" Black foam",TRUE,0.206820602,,,5000 Cost of Goods,300000 Sales,13100 Inventory Asset,FALSE
20813,2380-W3,2380,Length Units,,Operations,Strouse-HQ,,Average,Default Cost Category,"7.5 mil, Crepe Masking, Nat. Syn. Rubber Blend",TRUE,0.057014425,,,5000 Cost of Goods,300000 Sales,13100 Inventory Asset,FALSE
20826,55 lb. Tight C2S-W10.25,55 lb. Tight C2S,Length Units,,Operations,Strouse-HQ,,Average,Default Cost Category,"Liner, 55# Densified White, Tight C2S Release ",TRUE,0.066625,,,5000 Cost of Goods,300000 Sales,13100 Inventory Asset,FALSE
20855,AF111-W1,AF111,Length Units,,Operations,Strouse-HQ,,Average,Default Cost Category,"10 mil Bonding Film, Epoxy",TRUE,0,,,5000 Cost of Goods,300000 Sales,13100 Inventory Asset,FALSE
20890,SVX-200-W8,SVX-200,Length Units,,Operations,Strouse-HQ,,Average,Default Cost Category,"Hydrophobic membrane, SVX-200, 1.0 micron referenced pore size.  ",TRUE,,,,5000 Cost of Goods,300000 Sales,13100 Inventory Asset,FALSE
20902,24950-W6.25,24950,Length Units,,Operations,Strouse-HQ,,Average,Default Cost Category,7300 Series C1S Polyester Release Liner,TRUE,0.0499425,,,5000 Cost of Goods,300000 Sales,13100 Inventory Asset,FALSE
20934,8390-W3,8390,Unit-Base M (Use for Finished Goods),5,Operations,Strouse-HQ,,Average,Default Cost Category,"2"" x 3"" Bag Labels - For Senseonics",TRUE,0,,,5000 Cost of Goods,300000 Sales,13100 Inventory Asset,FALSE
20935,1001-W4,1001,Unit-Base M (Use for Finished Goods),5,Operations,Strouse-HQ,,Average,Default Cost Category,"2.5"" x 4"" Labels - Strouse made in house",TRUE,0,,,5000 Cost of Goods,300000 Sales,13100 Inventory Asset,FALSE
20944,White EPE-W9.8425,White EPE,Length Units,,Operations,Strouse-HQ,,Average,Default Cost Category,CSM - White Coveme EPE EW/P125/EW,TRUE,0,,,5000 Cost of Goods,300000 Sales,13100 Inventory Asset,FALSE
20953,Nomex 410-W4,Nomex 410,Length Units,,Operations,Strouse-HQ,,Average,Default Cost Category,"Nomex 410, 2 mil, Insulation paper, high inherent dielectric strength, mechanical toughness, flexibility & resilience",TRUE,0.237037037,,,5000 Cost of Goods,300000 Sales,13100 Inventory Asset,FALSE
20954,KPT-2-W1.625,KPT-2,Length Units,,Operations,Strouse-HQ,,Average,Default Cost Category,"KPT-2, 2 mil Polyimide tape with Silicone adhesive.",TRUE,0.103872908,,,5000 Cost of Goods,300000 Sales,13100 Inventory Asset,FALSE
20961,3 mil Polyester Item# 12263-W4,3 mil Polyester Item# 12263,Length Units,,Operations,Strouse-HQ,,Average,Default Cost Category,"Polyester, 3 mil Clear (Un-treated)",TRUE,0.0156,,,5000 Cost of Goods,300000 Sales,13100 Inventory Asset,FALSE
20973,W10002-W6,W10002,Length Units,,Operations,Strouse-HQ,,Average,Default Cost Category,"W10002 Fluorosilicone Release Liner, Polyester, Easy Release ",TRUE,0.1499976,,,5000 Cost of Goods,300000 Sales,13100 Inventory Asset,FALSE
20978,W10002-W4.125,W10002,Length Units,,Operations,Strouse-HQ,,Average,Default Cost Category,"W10002 Fluorosilicone Release Liner, Polyester, Easy Release ",TRUE,0.103125,,,5000 Cost of Goods,300000 Sales,13100 Inventory Asset,FALSE
20979,W10002-W4.625,W10002,Length Units,,Operations,Strouse-HQ,,Average,Default Cost Category,"W10002 Fluorosilicone Release Liner, Polyester, Easy Release ",TRUE,0.115625,,,5000 Cost of Goods,300000 Sales,13100 Inventory Asset,FALSE
20990,GT7108-W3.71,GT7108,Length Units,,Operations,Strouse-HQ,,Average,Default Cost Category,Foam VHB Tape,TRUE,0.927800662,,,5000 Cost of Goods,300000 Sales,13100 Inventory Asset,FALSE
21018,GT7108-W1.125,GT7108,Length Units,,Operations,Strouse-HQ,,Average,Default Cost Category,Foam VHB Tape,TRUE,0.281341171,,,5000 Cost of Goods,300000 Sales,13100 Inventory Asset,FALSE
21021,MBDestan0240500-W6,MBDestan0240500,Length Units,,Operations,Strouse-HQ,,Average,Default Cost Category,"CSM - Monterey Bay Tan, No Power Film",TRUE,0,,,5000 Cost of Goods,300000 Sales,13100 Inventory Asset,FALSE
21030,99786-W15.5,99786,Length Units,,Operations,Strouse-HQ,,Average,Default Cost Category,5.5 mils 300mp adhesive w/ nonwoven 4.2 mil kraft liner,TRUE,0.779544615,,,5000 Cost of Goods,300000 Sales,13100 Inventory Asset,FALSE
21088,92255T8/92255T999-W3.5,92255T8/92255T999,Length Units,,Operations,Strouse-HQ,,Average,Default Cost Category,"Ultr-Thin Polyester Filter Fabric, 0.007"" thick, Rayon/Polyester",TRUE,0.0368592,,,5000 Cost of Goods,300000 Sales,13100 Inventory Asset,FALSE
21104,54lb C2S SL1/SL4 Liner-W12.25,54lb C2S SL1/SL4 Liner,Length Units,,Operations,Strouse-HQ,,Average,Default Cost Category,"3.2 mil 54 lb, C2S SL1/SL4 Easy/Medium Release Liner",TRUE,0.071589,,,5000 Cost of Goods,300000 Sales,13100 Inventory Asset,FALSE
21132,55 lb. Tight C1S-W31.5,55 lb. Tight C1S,Length Units,,Operations,Strouse-HQ,,Average,Default Cost Category,55 lb. Tight C1S Densified Kraft Release Liner,TRUE,0.14175,,,5000 Cost of Goods,300000 Sales,13100 Inventory Asset,FALSE
21137,S1001-1DC11-W10.5,S1001-1DC11,Length Units,,Operations,Strouse-HQ,,Average,Default Cost Category,"CSM - Double coated silicone adhesive tape with two liners, S1001-1DC11",TRUE,0,,,5000 Cost of Goods,300000 Sales,13100 Inventory Asset,FALSE
21140,CSM - ZeonorFilm ZF14-188-W53,CSM - ZeonorFilm ZF14-188,Length Units,,Operations,Strouse-HQ,,Average,Default Cost Category,"CSM - ZeonorFilm ZF14-188, Optical film",TRUE,0,,,5000 Cost of Goods,300000 Sales,13100 Inventory Asset,FALSE
21149,Q200-W6,Q200,Length Units,,Operations,Strouse-HQ,,Average,Default Cost Category,"Liner, 2 mil Q200, polyester clear, S1S Easy - Medium ",TRUE,0.039744,,,5000 Cost of Goods,300000 Sales,13100 Inventory Asset,FALSE
21154,3 mil Corona Treated White PolyPro-W6,3 mil Corona Treated White PolyPro,Length Units,,Operations,Strouse-HQ,,Average,Default Cost Category,"Polypropylene, WHITE 3.0 mil. with one side corona treated, treated side wound OUT.",TRUE,0.025,,,5000 Cost of Goods,300000 Sales,13100 Inventory Asset,FALSE
21179,015 mil Wht HIPS-W6.25,015 mil Wht HIPS,Length Units,,Operations,Strouse-HQ,,Average,Default Cost Category,"Polystyrene, 15 mil , WHITE",TRUE,0.0753125,,,5000 Cost of Goods,300000 Sales,13100 Inventory Asset,FALSE
21213,MYP-36US-W1,MYP-36US,Length Units,,Operations,Strouse-HQ,,Average,Default Cost Category,"Silicone splicing Tape, MYP-36US, dark blue",TRUE,0.027564921,,,5000 Cost of Goods,300000 Sales,13100 Inventory Asset,FALSE
21259,62934 - Black-W4.25,62934 - Black,Length Units,,Operations,Strouse-HQ,,Average,Default Cost Category,"62934, DS PE Foam Mounting Tape",TRUE,0.620624994,,,5000 Cost of Goods,300000 Sales,13100 Inventory Asset,FALSE
21267,FRA 312 (Q200)-W2,FRA 312 (Q200),Length Units,,Operations,Strouse-HQ,,Average,Default Cost Category,"Liner, 2 mil Q200, polyester clear, S1S Easy - Medium ",TRUE,0.013248,,,5000 Cost of Goods,300000 Sales,13100 Inventory Asset,FALSE
21268,Black EPE-W9.8425,Black EPE,Length Units,,Operations,Strouse-HQ,,Average,Default Cost Category,CSM - Black Coveme EPE EBK/P125/EBK,TRUE,0,,,5000 Cost of Goods,300000 Sales,13100 Inventory Asset,FALSE
21272,62934 - Black-W3.5,62934 - Black,Length Units,,Operations,Strouse-HQ,,Average,Default Cost Category,"62934, DS PE Foam Mounting Tape",TRUE,0.511102936,,,5000 Cost of Goods,300000 Sales,13100 Inventory Asset,FALSE
21273,62934 - Black-W3.25,62934 - Black,Length Units,,Operations,Strouse-HQ,,Average,Default Cost Category,"62934, DS PE Foam Mounting Tape",TRUE,0.474595584,,,5000 Cost of Goods,300000 Sales,13100 Inventory Asset,FALSE
21285,8997L-W4,8997L,Length Units,,Operations,Strouse-HQ,,Average,Default Cost Category,"8997L, Polyimide Tape, 1.0 mil backing w/ 1.4 mil silicone PSA, Linered",TRUE,0,,,5000 Cost of Goods,300000 Sales,13100 Inventory Asset,FALSE
21288,8916-W3,8916,Unit-Base M (Use for Finished Goods),5,Operations,Strouse-HQ,,Average,Default Cost Category,"1.5"" x 3"" Bag Labels - For Senseonics",TRUE,0,,,5000 Cost of Goods,300000 Sales,13100 Inventory Asset,FALSE
21441,M403I440P00EZ-W6,M403I440P00EZ,Length Units,,Operations,Strouse-HQ,,Average,Default Cost Category,2 mil CLR PET Liner/S80B+/40# FS Liner,TRUE,0.79776,,,5000 Cost of Goods,300000 Sales,13100 Inventory Asset,FALSE
21442,M403I440P00EZ-W4.5,M403I440P00EZ,Length Units,,Operations,Strouse-HQ,,Average,Default Cost Category,2 mil CLR PET Liner/S80B+/40# FS Liner,TRUE,0.59832,,,5000 Cost of Goods,300000 Sales,13100 Inventory Asset,FALSE
21462,3332-1-W5,3332-1,Length Units,,Operations,Strouse-HQ,,Average,Default Cost Category,"Foam Tape, 1/32"" Thick, Black, Closed Cell, Acrylic Adhesive, Kraft Liner",TRUE,0.261388889,,,5000 Cost of Goods,300000 Sales,13100 Inventory Asset,FALSE
21477,78 lb. C1S BG40-W24,78 lb. C1S BG40,Length Units,,Operations,Strouse-HQ,,Average,Default Cost Category,"Liner, 78#, Medium release, C1S BG40  SCK",TRUE,0.102816,,,5000 Cost of Goods,300000 Sales,13100 Inventory Asset,FALSE
21490,3 mil Polyester Item# 12263-W2.5,3 mil Polyester Item# 12263,Length Units,,Operations,Strouse-HQ,,Average,Default Cost Category,"Polyester, 3 mil Clear (Un-treated)",TRUE,0.01278,,,5000 Cost of Goods,300000 Sales,13100 Inventory Asset,FALSE
21507,8510 UV Blue-W5.9,8510 UV Blue,Length Units,,Operations,Strouse-HQ,,Average,Default Cost Category,"8510, Blue,Protective Film, 2 mil LDPE, Rubber Adhesive, UV Blue",TRUE,0.060867961,,,5000 Cost of Goods,300000 Sales,13100 Inventory Asset,FALSE
21553,2538A-W23.5,2538A,Length Units,,Operations,Strouse-HQ,,Average,Default Cost Category,"2538A, Double coated tape, 60# C2S Karft, Rubber adhesive",TRUE,0.998755802,,,5000 Cost of Goods,300000 Sales,13100 Inventory Asset,FALSE
21582,965-W3.5,965,Length Units,,Operations,Strouse-HQ,,Average,Default Cost Category,"3M™ Adhesive Transfer Tape 965, Clear, 2.3 mil",TRUE,0.321789352,,,5000 Cost of Goods,300000 Sales,13100 Inventory Asset,FALSE
21648,7.9NLYB-E-W4,7.9NLYB-E,Length Units,,Operations,Strouse-HQ,,Average,Default Cost Category,Nonwoven,TRUE,0.089168,,,5000 Cost of Goods,300000 Sales,13100 Inventory Asset,FALSE
21650,9956-W7.25,9956,Length Units,,Operations,Strouse-HQ,,Average,Default Cost Category,"9956, Liner, 2.9 mil PET, C1S, Fluoropolymer",TRUE,0.484071759,,,5000 Cost of Goods,300000 Sales,13100 Inventory Asset,FALSE
21655,62932-60021-00-W4,62932-60021-00,Length Units,,Operations,Strouse-HQ,,Average,Default Cost Category,"62932, Black, 19.7 mil T, Double sided PE Foam Tape",TRUE,0.653046016,,,5000 Cost of Goods,300000 Sales,13100 Inventory Asset,FALSE
21663,3903 Blue-W6,3903 Blue,Length Units,,Operations,Strouse-HQ,,Average,Default Cost Category,"3903, Tape, Blue Vinyl  Embossed Duct",TRUE,0.15331951,,,5000 Cost of Goods,300000 Sales,13100 Inventory Asset,FALSE
21674,M403I440P00EZ-W2.75,M403I440P00EZ,Length Units,,Operations,Strouse-HQ,,Average,Default Cost Category,2 mil CLR PET Liner/S80B+/40# FS Liner,TRUE,0.36564,,,5000 Cost of Goods,300000 Sales,13100 Inventory Asset,FALSE
21679,OP-6000170-G-W48,OP-6000170-G,Length Units,,Operations,Strouse-HQ,,Average,Default Cost Category,CSM - Doubler ,TRUE,,,,5000 Cost of Goods,300000 Sales,13100 Inventory Asset,FALSE
21691,1772-W7.25,1772,Length Units,,Operations,Strouse-HQ,,Average,Default Cost Category,"White 1/16"" Polyethylene Single Sided Medical Foam Tape, 83 # Liner",TRUE,0.508525825,,,5000 Cost of Goods,300000 Sales,13100 Inventory Asset,FALSE
21694,54lb C2S SL1/SL4 Liner-W13,54lb C2S SL1/SL4 Liner,Length Units,,Operations,Strouse-HQ,,Average,Default Cost Category,"3.2 mil 54 lb, C2S SL1/SL4 Easy/Medium Release Liner",TRUE,0.054725,,,5000 Cost of Goods,300000 Sales,13100 Inventory Asset,FALSE
21695,W10002-W4.25,W10002,Length Units,,Operations,Strouse-HQ,,Average,Default Cost Category,"W10002 Fluorosilicone Release Liner, Polyester, Easy Release ",TRUE,0.10625,,,5000 Cost of Goods,300000 Sales,13100 Inventory Asset,FALSE
21698,W6019-W18,W6019,Length Units,,Operations,Strouse-HQ,,Average,Default Cost Category,"10 mil, white, UV-cured, Platinum catalyzed, easy release one side",TRUE,1.928571429,,,5000 Cost of Goods,300000 Sales,13100 Inventory Asset,FALSE
21704,96042-W2.5,96042,Length Units,,Operations,Strouse-HQ,,Average,Default Cost Category,"96042, 5 mil D/C Silicone Adhesive",TRUE,0.574438947,,,5000 Cost of Goods,300000 Sales,13100 Inventory Asset,FALSE
21717,4 mil Blue HDPE-W1.95,4 mil Blue HDPE,Length Units,,Operations,Strouse-HQ,,Average,Default Cost Category,4 mil S1S Blue HDPE IN,TRUE,0.026577238,,,5000 Cost of Goods,300000 Sales,13100 Inventory Asset,FALSE
21732,1510-W18,1510,Length Units,,Operations,Strouse-HQ,,Average,Default Cost Category,3.8 mil Hi Tack D/C thin polyethylene with 54 lb. BK liner,TRUE,1.237493734,,,5000 Cost of Goods,300000 Sales,13100 Inventory Asset,FALSE
21736,"50#, White,Finch Opaque-W5.625","50#, White,Finch Opaque",Length Units,,Operations,Strouse-HQ,,Average,Default Cost Category,"Paper, 50#, White,Finch Opaque Smooth",TRUE,0.006277508,,,5000 Cost of Goods,300000 Sales,13100 Inventory Asset,FALSE
21762,8995-W8.8,8995,"Each (Use for Boxes, Bags, Cores, Cases)",3,Operations,Strouse-HQ,,Average,Default Cost Category,3M 4919F flashcut for JT 8996,TRUE,0,,,5000 Cost of Goods,300000 Sales,13100 Inventory Asset,FALSE
21767,1509-W18,1509,Length Units,,Operations,Strouse-HQ,,Average,Default Cost Category,"1509, double coated medical grade tape, 4.9 mil, 80# liner",TRUE,0.865404,,,5000 Cost of Goods,300000 Sales,13100 Inventory Asset,FALSE
21768,FRA 312 (Q200)-W4.25,FRA 312 (Q200),Length Units,,Operations,Strouse-HQ,,Average,Default Cost Category,"Liner, 2 mil Q200, polyester clear, S1S Easy - Medium ",TRUE,0.021012,,,5000 Cost of Goods,300000 Sales,13100 Inventory Asset,FALSE
21769,7667-W6,7667,Length Units,,Operations,Strouse-HQ,,Average,Default Cost Category,"Single Coat .8mil of 7667 Dow Silicone on 2mil White Printable PET. 2mil PET Fluoro Liner   
",TRUE,4.545549738,,,5000 Cost of Goods,300000 Sales,13100 Inventory Asset,FALSE
21789,9948-W4.75,9948,Length Units,,Operations,Strouse-HQ,,Average,Default Cost Category,"9948,Tape,Clear Non woven, Medical",TRUE,0.323189844,,,5000 Cost of Goods,300000 Sales,13100 Inventory Asset,FALSE
21798,TRPV0016-W5.5,TRPV0016,Length Units,,Operations,Strouse-HQ,,Average,Default Cost Category,CSM - .5mm thick clear PVC,TRUE,0,,,5000 Cost of Goods,300000 Sales,13100 Inventory Asset,FALSE
21800,15.5NLYB_E-W4,15.5NLYB_E,Length Units,,Operations,Strouse-HQ,,Average,Default Cost Category,15.5NLYB_E,TRUE,0.37152,,,5000 Cost of Goods,300000 Sales,13100 Inventory Asset,FALSE
21837,5915P-W1.59,5915P,Length Units,,Operations,Strouse-HQ,,Average,Default Cost Category,"5915P VHB Tape, Black, 16 mil",TRUE,0.91874199,,,5000 Cost of Goods,300000 Sales,13100 Inventory Asset,FALSE
21845,505B-W2,505B,Length Units,,Operations,Strouse-HQ,,Average,Default Cost Category,"505B, Polypropylene tape, 1.0 mil, Clear, .7 mil acrylic adhesive.",TRUE,0,,,5000 Cost of Goods,300000 Sales,13100 Inventory Asset,FALSE
21856,FRA 312 (Q200)-W13,FRA 312 (Q200),Length Units,,Operations,Strouse-HQ,,Average,Default Cost Category,"Liner, 2 mil Q200, polyester clear, S1S Easy - Medium ",TRUE,0.064272,,,5000 Cost of Goods,300000 Sales,13100 Inventory Asset,FALSE
21877,TRPV0016-W3.625,TRPV0016,Length Units,,Operations,Strouse-HQ,,Average,Default Cost Category,CSM - .5mm thick clear PVC,TRUE,0,,,5000 Cost of Goods,300000 Sales,13100 Inventory Asset,FALSE
21884,4910-W2.25,4910,Length Units,,Operations,Strouse-HQ,,Average,Default Cost Category,"4910, Foam, 40 mil, VHB, double coated clear",TRUE,0.959447708,,,5000 Cost of Goods,300000 Sales,13100 Inventory Asset,FALSE
21888,87630A-W8.5,87630A,Length Units,,Operations,Strouse-HQ,,Average,Default Cost Category,"87630A, Surface Protective Film, Self-wetting & anti-static polyester tape, W/ release liner ",TRUE,0.246944641,,,5000 Cost of Goods,300000 Sales,13100 Inventory Asset,FALSE
21899,19342-29#211090-W6,19342-29#211090,Length Units,,Operations,Strouse-HQ,,Average,Default Cost Category,"Polyester, 5 mil DuPont Mylar Grade A",TRUE,0.105882353,,,5000 Cost of Goods,300000 Sales,13100 Inventory Asset,FALSE
21901,2A White Volara .125” thick foam-W3.33,2A White Volara .125” thick foam,Length Units,,Operations,Strouse-HQ,,Average,Default Cost Category,"foam, 1/8"" T Polyethylene cross-linked foam, white, Volara 2A",TRUE,0.035395125,,,5000 Cost of Goods,300000 Sales,13100 Inventory Asset,FALSE
21903,2A White-W3.33,2A White,Length Units,,Operations,Strouse-HQ,,Average,Default Cost Category,"Foam, .188"" 2A White Volara without PSA",TRUE,0.054202688,,,5000 Cost of Goods,300000 Sales,13100 Inventory Asset,FALSE
21904,8993LC-W3,8993LC,Length Units,,Operations,Strouse-HQ,,Average,Default Cost Category,"Low tack Polyester Tape 8993LC, Clear",TRUE,0.073435111,,,5000 Cost of Goods,300000 Sales,13100 Inventory Asset,FALSE
21919,6035PC-W2.66,6035PC,Length Units,,Operations,Strouse-HQ,,Average,Default Cost Category,"6035PC, 5 mil, 300MP, 58# PC liner",TRUE,0.258935028,,,5000 Cost of Goods,300000 Sales,13100 Inventory Asset,FALSE
21945,2A White-W9.5,2A White,Length Units,,Operations,Strouse-HQ,,Average,Default Cost Category,"Foam, .188""  2A White Volara without PSA",TRUE,0.1700975,,,5000 Cost of Goods,300000 Sales,13100 Inventory Asset,FALSE
21946,9037-W8,9037,"Each (Use for Boxes, Bags, Cores, Cases)",3,Operations,Strouse-HQ,,Average,Default Cost Category,"Strouse PU Hoop Face Shield 10"" x 8""",TRUE,0,,,5000 Cost of Goods,300000 Sales,13100 Inventory Asset,FALSE
21955,1522-W3.25,1522,Length Units,,Operations,Strouse-HQ,,Average,Default Cost Category,6.3 mil D/C polyethylene with 80 lb. BK liner,TRUE,0.167321693,,,5000 Cost of Goods,300000 Sales,13100 Inventory Asset,FALSE
21960,15.5NLYB_E-W2,15.5NLYB_E,Length Units,,Operations,Strouse-HQ,,Average,Default Cost Category,15.5NLYB_E,TRUE,0.18576,,,5000 Cost of Goods,300000 Sales,13100 Inventory Asset,FALSE
21980,Dressing tape JT 9007-W2.83,Dressing tape JT 9007,Length Units,,Operations,Strouse-HQ,,Average,Default Cost Category,CSM - printed packing tape white / printed two colors ,TRUE,0,,,5000 Cost of Goods,300000 Sales,13100 Inventory Asset,FALSE
21993,9037/9052-W9.7,9037/9052,Length Units,,Operations,Strouse-HQ,,Average,Default Cost Category,82577,TRUE,0.124548,,,5000 Cost of Goods,300000 Sales,13100 Inventory Asset,FALSE
21999,4914-W1.75,4914,Length Units,,Operations,Strouse-HQ,,Average,Default Cost Category,"4914, .010"" White D/C Acrylic Foam",TRUE,1.2343737,,,5000 Cost of Goods,300000 Sales,13100 Inventory Asset,FALSE
22010,CSM 7053-1210-006-55-W6,CSM 7053-1210-006-55,Length Units,,Operations,Strouse-HQ,,Average,Default Cost Category,CSM FITBIT MESH SEFAR,TRUE,0,,,5000 Cost of Goods,300000 Sales,13100 Inventory Asset,FALSE
22021,Nomex 410-W3.82,Nomex 410,Length Units,,Operations,Strouse-HQ,,Average,Default Cost Category,"Nomex 410, 2 mil, Insulation paper, high inherent dielectric strength, mechanical toughness, flexibility & resilience",TRUE,0.212575926,,,5000 Cost of Goods,300000 Sales,13100 Inventory Asset,FALSE
22022,Nomex 410-W3.47,Nomex 410,Length Units,,Operations,Strouse-HQ,,Average,Default Cost Category,"Nomex 410, 2 mil, Insulation paper, high inherent dielectric strength, mechanical toughness, flexibility & resilience",TRUE,0.193099074,,,5000 Cost of Goods,300000 Sales,13100 Inventory Asset,FALSE
22023,9956-W5.25,9956,Length Units,,Operations,Strouse-HQ,,Average,Default Cost Category,"9956, Liner, 2.9 mil PET, C1S, Fluoropolymer",TRUE,0.350534722,,,5000 Cost of Goods,300000 Sales,13100 Inventory Asset,FALSE
22033,3903 Blue-W5.9,3903 Blue,Length Units,,Operations,Strouse-HQ,,Average,Default Cost Category,"3903, Tape, Blue Vinyl  Embossed Duct",TRUE,0.106416735,,,5000 Cost of Goods,300000 Sales,13100 Inventory Asset,FALSE
22036,9956-W2.625,9956,Length Units,,Operations,Strouse-HQ,,Average,Default Cost Category,"9956, Liner, 2.9 mil PET, C1S, Fluoropolymer",TRUE,0.175267361,,,5000 Cost of Goods,300000 Sales,13100 Inventory Asset,FALSE
22037,9956-W2.906,9956,Length Units,,Operations,Strouse-HQ,,Average,Default Cost Category,"9956, Liner, 2.9 mil PET, C1S, Fluoropolymer",TRUE,0.194029315,,,5000 Cost of Goods,300000 Sales,13100 Inventory Asset,FALSE
22038,9956-W2.781,9956,Length Units,,Operations,Strouse-HQ,,Average,Default Cost Category,"9956, Liner, 2.9 mil PET, C1S, Fluoropolymer",TRUE,0.18568325,,,5000 Cost of Goods,300000 Sales,13100 Inventory Asset,FALSE
22041,FRA 312 (Q200)-W2.5,FRA 312 (Q200),Length Units,,Operations,Strouse-HQ,,Average,Default Cost Category,"Liner, 2 mil Q200, polyester clear, S1S Easy - Medium ",TRUE,0.01236,,,5000 Cost of Goods,300000 Sales,13100 Inventory Asset,FALSE
22048,EGM1 Foam-W4,EGM1 Foam,Length Units,,Operations,Strouse-HQ,,Average,Default Cost Category,"Tan .75"" thick",TRUE,0.215496267,,,5000 Cost of Goods,300000 Sales,13100 Inventory Asset,FALSE
22068,54lb C2S SL1/SL4 Liner-W2.875,54lb C2S SL1/SL4 Liner,Length Units,,Operations,Strouse-HQ,,Average,Default Cost Category,"3.2 mil 54 lb, C2S SL1/SL4 Easy/Medium Release Liner",TRUE,0.01195425,,,5000 Cost of Goods,300000 Sales,13100 Inventory Asset,FALSE
22079,RB200S-W5.59375,RB200S,Length Units,,Operations,Strouse-HQ,,Average,Default Cost Category,"0.0018""T, Protective E-mask Film",TRUE,0.155462817,,,5000 Cost of Goods,300000 Sales,13100 Inventory Asset,FALSE
22080,RB200S-W4.625,RB200S,Length Units,,Operations,Strouse-HQ,,Average,Default Cost Category,"0.0018""T, Protective E-mask Film",TRUE,0.128538003,,,5000 Cost of Goods,300000 Sales,13100 Inventory Asset,FALSE
22083,PRT-104027-1-W1.25,PRT-104027-1,"Each (Use for Boxes, Bags, Cores, Cases)",3,Operations,Strouse-HQ,,Average,Default Cost Category,CSM - Printed Short piece,TRUE,,,,5000 Cost of Goods,300000 Sales,13100 Inventory Asset,FALSE
22084,PRT-104027-2-W3,PRT-104027-2,"Each (Use for Boxes, Bags, Cores, Cases)",3,Operations,Strouse-HQ,,Average,Default Cost Category,Long piece,TRUE,,,,5000 Cost of Goods,300000 Sales,13100 Inventory Asset,FALSE
22087,130133-W3.75,130133,Length Units,,Operations,Strouse-HQ,,Average,Default Cost Category,"Hydrocolloid, 130133, .020"" thick , medium tack with 66# C1S A1000 liner ",TRUE,0.891030685,,,5000 Cost of Goods,300000 Sales,13100 Inventory Asset,FALSE
22122,T9EXPPA200R600R-W0.236,T9EXPPA200R600R,Length Units,,Operations,Strouse-HQ,,Average,Default Cost Category,"CSM-VIVID PLASMA SEPARATION-GR-6""",TRUE,0,,,5000 Cost of Goods,300000 Sales,13100 Inventory Asset,FALSE
22125,PSF61150-W9.25,PSF61150,Length Units,,Operations,Strouse-HQ,,Average,Default Cost Category,"Adhesive, Optically Clear Mounting. FaceMount",TRUE,1.111229236,,,5000 Cost of Goods,300000 Sales,13100 Inventory Asset,FALSE
22126,8993LC-W6,8993LC,Length Units,,Operations,Strouse-HQ,,Average,Default Cost Category,"Low tack Polyester Tape 8993LC, Clear",TRUE,0.146870222,,,5000 Cost of Goods,300000 Sales,13100 Inventory Asset,FALSE
22131,19436778-W9.7,19436778,Length Units,,Operations,Strouse-HQ,,Average,Default Cost Category,.0065 anti-fog 2 sides,TRUE,0.124548,,,5000 Cost of Goods,300000 Sales,13100 Inventory Asset,FALSE
22142,72436173-C-W3.375,72436173-C,Length Units,,Operations,Strouse-HQ,,Average,Default Cost Category,"Polyester, 5 Mil, White, Print Treated",TRUE,0.078757143,,,5000 Cost of Goods,300000 Sales,13100 Inventory Asset,FALSE
22146,7337-W2.75,7337,Length Units,,Operations,Strouse-HQ,,Average,Default Cost Category,low profile medical loop,TRUE,0.313289931,,,5000 Cost of Goods,300000 Sales,13100 Inventory Asset,FALSE
22147,1522H-W1.375,1522H,Length Units,,Operations,Strouse-HQ,,Average,Default Cost Category,"1522H, Tape, 13 mil High adhesion D/C, Yellow Kraft C2S 5.5 mil T 76mm x 100m",TRUE,0.221906537,,,5000 Cost of Goods,300000 Sales,13100 Inventory Asset,FALSE
22152,72436173-C-W3.125,72436173-C,Length Units,,Operations,Strouse-HQ,,Average,Default Cost Category,"Polyester, 5 Mil, White, Print Treated",TRUE,0.072751323,,,5000 Cost of Goods,300000 Sales,13100 Inventory Asset,FALSE
22153,9094-W2.5,9094,"Each (Use for Boxes, Bags, Cores, Cases)",3,Operations,Strouse-HQ,,Average,Default Cost Category,"4"" x 2.5"" Labels - Strouse made in house",TRUE,0,,,5000 Cost of Goods,300000 Sales,13100 Inventory Asset,FALSE
22173,4928-00033-20-W2.5,4928-00033-20,Length Units,,Operations,Strouse-HQ,,Average,Default Cost Category,"Double sided 125µm transparent filmic tape, 4928",TRUE,0.088895903,,,5000 Cost of Goods,300000 Sales,13100 Inventory Asset,FALSE
22200,PSF61150-W4.375,PSF61150,Length Units,,Operations,Strouse-HQ,,Average,Default Cost Category,"Adhesive, Optically Clear Mounting. FaceMount",TRUE,0.525581395,,,5000 Cost of Goods,300000 Sales,13100 Inventory Asset,FALSE
22204,8777(8047)-W3.5,8777(8047),Length Units,,Operations,Strouse-HQ,,Average,Default Cost Category,"8777(8047), Sealing Tape, Tan, Solid Liner",TRUE,0.24724,,,5000 Cost of Goods,300000 Sales,13100 Inventory Asset,FALSE
22205,1510-W3.5,1510,Length Units,,Operations,Strouse-HQ,,Average,Default Cost Category,3.8 mil Hi Tack D/C thin polyethylene with 54 lb. BK liner,TRUE,0.240623782,,,5000 Cost of Goods,300000 Sales,13100 Inventory Asset,FALSE
22208,8010-W9,8010,Length Units,,Operations,Strouse-HQ,,Average,Default Cost Category,"Polycarbonate, 5 mil optically clear, mask one side",TRUE,0.224934971,,,5000 Cost of Goods,300000 Sales,13100 Inventory Asset,FALSE
22226,Volara 6A White-W6,Volara 6A White,Length Units,,Operations,Strouse-HQ,,Average,Default Cost Category,"Foam, Volara 6A White (.063"")",TRUE,0.1148,,,5000 Cost of Goods,300000 Sales,13100 Inventory Asset,FALSE
22235,FLX058304-W5,FLX058304,Length Units,,Operations,Strouse-HQ,,Average,Default Cost Category,Dermaflex TT 200 H-566 60 LA PFW,TRUE,0.4548,,,5000 Cost of Goods,300000 Sales,13100 Inventory Asset,FALSE
22236,FLX058304-W4.4,FLX058304,Length Units,,Operations,Strouse-HQ,,Average,Default Cost Category,Dermaflex TT 200 H-566 60 LA PFW,TRUE,0.400224,,,5000 Cost of Goods,300000 Sales,13100 Inventory Asset,FALSE
22258,7053-W4.5,7053,Length Units,,Operations,Strouse-HQ,,Average,Default Cost Category,CSM - Screen Printable Vinyl Performance Durable Label material.,TRUE,0.139698,,,5000 Cost of Goods,300000 Sales,13100 Inventory Asset,FALSE
22259,A464-W4.5,A464,Length Units,,Operations,Strouse-HQ,,Average,Default Cost Category,"CSM - Adhesive transfer tape, 4 mil LSE acrylic with MS76 liner",TRUE,0.139972222,,,5000 Cost of Goods,300000 Sales,13100 Inventory Asset,FALSE
22264,A464-W4.375,A464,Length Units,,Operations,Strouse-HQ,,Average,Default Cost Category,"CSM - Adhesive transfer tape, 4 mil LSE acrylic with MS76 liner",TRUE,0.136084105,,,5000 Cost of Goods,300000 Sales,13100 Inventory Asset,FALSE
22265,Q200-W3.85,Q200,Length Units,,Operations,Strouse-HQ,,Average,Default Cost Category,2 mil Clear Polyester S1S Medium Release Liner - Silicone is Solvent Platinum with no CRA.,TRUE,0.0190344,,,5000 Cost of Goods,300000 Sales,13100 Inventory Asset,FALSE
22266,7053-W4.25,7053,Length Units,,Operations,Strouse-HQ,,Average,Default Cost Category,CSM - Screen Printable Vinyl Performance Durable Label material.,TRUE,0.131937,,,5000 Cost of Goods,300000 Sales,13100 Inventory Asset,FALSE
22287,NFT004-15-W3,NFT004-15,Length Units,,Operations,Strouse-HQ,,Average,Default Cost Category,"NETIC® S3-6 Foil, 0.004"" T, MuMETAL foil, EMI Shielding Nickel Alloy  with double-faced Pressure Sensitive Tape (PST) with release coated liner",TRUE,4.842,,,5000 Cost of Goods,300000 Sales,13100 Inventory Asset,FALSE
22295,1318-1 B-W24,1318-1 B,Length Units,,Operations,Strouse-HQ,,Average,Default Cost Category,Polyester Electrical tape - Black - 1 mil backing,TRUE,0.897163426,,,5000 Cost of Goods,300000 Sales,13100 Inventory Asset,FALSE
22330,9828-W11.625,9828,Length Units,,Operations,Strouse-HQ,,Average,Default Cost Category,"9828, 3.5 mil, D/C PET, 340, 55# DK",TRUE,0.231300095,,,5000 Cost of Goods,300000 Sales,13100 Inventory Asset,FALSE
22332,IB5121-72-W11.625,IB5121-72,Length Units,,Operations,Strouse-HQ,,Average,Default Cost Category,IB5121-72 DC 0.5 Mil PET PERM/REMOVABLE,TRUE,0.249705,,,5000 Cost of Goods,300000 Sales,13100 Inventory Asset,FALSE
22340,62934 - Black-W3.125,62934 - Black,Length Units,,Operations,Strouse-HQ,,Average,Default Cost Category,"62934, DS PE Foam Mounting Tape",TRUE,0.456341908,,,5000 Cost of Goods,300000 Sales,13100 Inventory Asset,FALSE
22341,62934 - Black-W3,62934 - Black,Length Units,,Operations,Strouse-HQ,,Average,Default Cost Category,"62934, DS PE Foam Mounting Tape",TRUE,0.438088231,,,5000 Cost of Goods,300000 Sales,13100 Inventory Asset,FALSE
22346,Y534-W17.75,Y534,Length Units,,Operations,Strouse-HQ,,Average,Default Cost Category,CSM - Autowrap Clear Protective film,TRUE,0,,,5000 Cost of Goods,300000 Sales,13100 Inventory Asset,FALSE
22348,4 mil Blue HDPE-W1.9,4 mil Blue HDPE,Length Units,,Operations,Strouse-HQ,,Average,Default Cost Category,4 mil S1S Blue HDPE IN,TRUE,0.015403571,,,5000 Cost of Goods,300000 Sales,13100 Inventory Asset,FALSE
22349,4 mil Blue HDPE-W1.99,4 mil Blue HDPE,Length Units,,Operations,Strouse-HQ,,Average,Default Cost Category,4 mil S1S Blue HDPE IN,TRUE,0.016133214,,,5000 Cost of Goods,300000 Sales,13100 Inventory Asset,FALSE
22353,6D1921056-W23,6D1921056,Length Units,,Operations,Strouse-HQ,,Average,Default Cost Category,CSM - 70# UNBL C1S SCK M-11,TRUE,0,,,5000 Cost of Goods,300000 Sales,13100 Inventory Asset,FALSE
22356,4790-92-09020-04-P-W2.7,4790-92-09020-04-P,Length Units,,Operations,Strouse-HQ,,Average,Default Cost Category,"Poron, 20 Mil, Extra Soft Slow Rebound Supported, Black",TRUE,0.365,,,5000 Cost of Goods,300000 Sales,13100 Inventory Asset,FALSE
22357,0524-W23,0524,Length Units,,Operations,Strouse-HQ,,Average,Default Cost Category,CSM - Auto wrap clear protective film,TRUE,0,,,5000 Cost of Goods,300000 Sales,13100 Inventory Asset,FALSE
22358,0524-W21,0524,Length Units,,Operations,Strouse-HQ,,Average,Default Cost Category,CSM - Auto wrap clear protective film,TRUE,0,,,5000 Cost of Goods,300000 Sales,13100 Inventory Asset,FALSE
22364,1524-W23.5,1524,Length Units,,Operations,Strouse-HQ,,Average,Default Cost Category,CSM - 3M 1524,TRUE,0,,,5000 Cost of Goods,300000 Sales,13100 Inventory Asset,FALSE
22372,OM 59-W3.5,OM 59,Length Units,,Operations,Strouse-HQ,,Average,Default Cost Category,Orange Masking Tape - log,TRUE,0.061891203,,,5000 Cost of Goods,300000 Sales,13100 Inventory Asset,FALSE
22377,IB5121-72-W7.375,IB5121-72,Length Units,,Operations,Strouse-HQ,,Average,Default Cost Category,IB5121-72 DC 0.5 Mil PET PERM/REMOVABLE,TRUE,0.158415,,,5000 Cost of Goods,300000 Sales,13100 Inventory Asset,FALSE
22384,6D1921056-W8.5,6D1921056,Length Units,,Operations,Strouse-HQ,,Average,Default Cost Category,CSM - 70# UNBL C1S SCK M-11,TRUE,0,,,5000 Cost of Goods,300000 Sales,13100 Inventory Asset,FALSE
22392,GLU Membrane-W0.75,GLU Membrane,Length Units,,Operations,Strouse-HQ,,Average,Default Cost Category,Asymmetric Polysulfone membrane with GLU coating,TRUE,,,,5000 Cost of Goods,300000 Sales,13100 Inventory Asset,FALSE
22393,TC Membrane-W0.75,TC Membrane,Length Units,,Operations,Strouse-HQ,,Average,Default Cost Category,Asymmetric Polysulfone membrane with TC coating,TRUE,,,,5000 Cost of Goods,300000 Sales,13100 Inventory Asset,FALSE
22394,TG Membrane-W0.75,TG Membrane,Length Units,,Operations,Strouse-HQ,,Average,Default Cost Category,Asymmetric Polysulfone membrane with TG coating,TRUE,,,,5000 Cost of Goods,300000 Sales,13100 Inventory Asset,FALSE
22395,T9EXPPS080R400M-W0.75,T9EXPPS080R400M,Length Units,,Operations,Strouse-HQ,,Average,Default Cost Category,Asymmetric Polysulfone membrane - UNCOATED,TRUE,0,,,5000 Cost of Goods,300000 Sales,13100 Inventory Asset,FALSE
22412,6D1921056-W8.625,6D1921056,Length Units,,Operations,Strouse-HQ,,Average,Default Cost Category,CSM - 70# UNBL C1S SCK M-11,TRUE,0,,,5000 Cost of Goods,300000 Sales,13100 Inventory Asset,FALSE
22434,8510 UV Blue-W4.07,8510 UV Blue,Length Units,,Operations,Strouse-HQ,,Average,Default Cost Category,"8510, Blue,Protective Film, 2 mil LDPE, Rubber Adhesive, UV Blue",TRUE,0.034934167,,,5000 Cost of Goods,300000 Sales,13100 Inventory Asset,FALSE
22438,1522-W3.08,1522,Length Units,,Operations,Strouse-HQ,,Average,Default Cost Category,6.3 mil D/C polyethylene with 80 lb. BK liner,TRUE,0.163048926,,,5000 Cost of Goods,300000 Sales,13100 Inventory Asset,FALSE
22449,53 Lb. Liner C2S-W6.5,53 Lb. Liner C2S,Length Units,,Operations,Strouse-HQ,,Average,Default Cost Category,"3.2 mil 53 lb. Easy Release Liner, C2S,BG0/BG0",TRUE,0.02574,,,5000 Cost of Goods,300000 Sales,13100 Inventory Asset,FALSE
22482,"CSM - .002"" Polyester-W10","CSM - .002"" Polyester",Length Units,,Operations,Strouse-HQ,,Average,Default Cost Category,"CSM - .002"" Polyester",TRUE,0,,,5000 Cost of Goods,300000 Sales,13100 Inventory Asset,FALSE
22483,"CSM - .002"" Polyester-W4","CSM - .002"" Polyester",Length Units,,Operations,Strouse-HQ,,Average,Default Cost Category,"CSM - .002"" Polyester",TRUE,0,,,5000 Cost of Goods,300000 Sales,13100 Inventory Asset,FALSE
22487,3426A-W2.96,3426A,Length Units,,Operations,Strouse-HQ,,Average,Default Cost Category,Polyken 3426A Medical Acrylic Transfer Tape,TRUE,0.091814815,,,5000 Cost of Goods,300000 Sales,13100 Inventory Asset,FALSE
22488,5909-W2.5,5909,Length Units,,Operations,Strouse-HQ,,Average,Default Cost Category,"5909, VHB Tape, Black, 12 mil (0.30 mm)",TRUE,1.876658951,,,5000 Cost of Goods,300000 Sales,13100 Inventory Asset,FALSE
22489,FRA 616-W3,FRA 616,Length Units,,Operations,Strouse-HQ,,Average,Default Cost Category,"Liner, FRA 616, 10.55 mil BPK",TRUE,0.024037194,,,5000 Cost of Goods,300000 Sales,13100 Inventory Asset,FALSE
22492,5909-W1.5,5909,Length Units,,Operations,Strouse-HQ,,Average,Default Cost Category,"5909, VHB Tape, Black, 12 mil (0.30 mm)",TRUE,0.402046528,,,5000 Cost of Goods,300000 Sales,13100 Inventory Asset,FALSE
22493,FRA 616-W2,FRA 616,Length Units,,Operations,Strouse-HQ,,Average,Default Cost Category,"Liner, FRA 616, 10.55 mil BPK",TRUE,0.0160248,,,5000 Cost of Goods,300000 Sales,13100 Inventory Asset,FALSE
22494,RE-18-W2.25,RE-18,Length Units,,Operations,Strouse-HQ,,Average,Default Cost Category,3 mil clear PET/RE-18/40# liner,TRUE,0.037233,,,5000 Cost of Goods,300000 Sales,13100 Inventory Asset,FALSE
22501,5909-W2.25,5909,Length Units,,Operations,Strouse-HQ,,Average,Default Cost Category,"5909, VHB Tape, Black, 12 mil (0.30 mm)",TRUE,0.603069792,,,5000 Cost of Goods,300000 Sales,13100 Inventory Asset,FALSE
22503,5909-W4,5909,Length Units,,Operations,Strouse-HQ,,Average,Default Cost Category,"5909, VHB Tape, Black, 12 mil (0.30 mm)",TRUE,1.164846296,,,5000 Cost of Goods,300000 Sales,13100 Inventory Asset,FALSE
22504,FRA 616-W4.5,FRA 616,Length Units,,Operations,Strouse-HQ,,Average,Default Cost Category,"Liner, FRA 616, 10.55 mil BPK",TRUE,0.036055791,,,5000 Cost of Goods,300000 Sales,13100 Inventory Asset,FALSE
22507,5909-W2,5909,Length Units,,Operations,Strouse-HQ,,Average,Default Cost Category,"5909, VHB Tape, Black, 12 mil (0.30 mm)",TRUE,0.536061111,,,5000 Cost of Goods,300000 Sales,13100 Inventory Asset,FALSE
22512,8993LC-W3.5,8993LC,Length Units,,Operations,Strouse-HQ,,Average,Default Cost Category,"Low tack Polyester Tape 8993LC, Clear",TRUE,0.085674296,,,5000 Cost of Goods,300000 Sales,13100 Inventory Asset,FALSE
22526,DE-100-W4.25,DE-100,Length Units,,Operations,Strouse-HQ,,Average,Default Cost Category,CSM - 10 mil Polyester film,TRUE,0.071644731,,,5000 Cost of Goods,300000 Sales,13100 Inventory Asset,FALSE
22529,6613-W3.5,6613,Length Units,,Operations,Strouse-HQ,,Average,Default Cost Category,CSM - Coated Ahlstrom 6613,TRUE,,,,5000 Cost of Goods,300000 Sales,13100 Inventory Asset,FALSE
22544,8993LC-W1.75,8993LC,Length Units,,Operations,Strouse-HQ,,Average,Default Cost Category,"Low tack Polyester Tape 8993LC, Clear",TRUE,0.042837148,,,5000 Cost of Goods,300000 Sales,13100 Inventory Asset,FALSE
22546,614URM-W1.5,614URM,Length Units,,Operations,Strouse-HQ,,Average,Default Cost Category,1.82 mil Clear Polyester Overlaminate Removable Adhesive,TRUE,0.0150444,,,5000 Cost of Goods,300000 Sales,13100 Inventory Asset,FALSE
22550,Nomex 410-W3.65,Nomex 410,Length Units,,Operations,Strouse-HQ,,Average,Default Cost Category,"Nomex 410, 2 mil, Insulation paper, high inherent dielectric strength, mechanical toughness, flexibility & resilience",TRUE,0.203115741,,,5000 Cost of Goods,300000 Sales,13100 Inventory Asset,FALSE
22577,CHK05635 Hook-W0.5,CHK05635 Hook,Length Units,,Operations,Strouse-HQ,,Average,Default Cost Category,3M™ Hook Non Pressure Sensitive Adhesive CHK05635,TRUE,0.046665,,,5000 Cost of Goods,300000 Sales,13100 Inventory Asset,FALSE
22581,4317-005188-W5.1875,4317-005188,"Each (Use for Boxes, Bags, Cores, Cases)",3,Operations,Strouse-HQ,,Average,Default Cost Category,"3.020"" ID, 0.125"" REX Tape, White liner, Parch cover.",TRUE,,,,5000 Cost of Goods,300000 Sales,13100 Inventory Asset,FALSE
22598,FRA 616-W3.87,FRA 616,Length Units,,Operations,Strouse-HQ,,Average,Default Cost Category,"Liner, FRA 616, 10.55 mil BPK",TRUE,0.03100798,,,5000 Cost of Goods,300000 Sales,13100 Inventory Asset,FALSE
22600,FRA 616-W2.33,FRA 616,Length Units,,Operations,Strouse-HQ,,Average,Default Cost Category,"Liner, FRA 616, 10.55 mil BPK",TRUE,0.018668887,,,5000 Cost of Goods,300000 Sales,13100 Inventory Asset,FALSE
22602,FRA 616-W2.05,FRA 616,Length Units,,Operations,Strouse-HQ,,Average,Default Cost Category,"Liner, FRA 616, 10.55 mil BPK",TRUE,0.016425416,,,5000 Cost of Goods,300000 Sales,13100 Inventory Asset,FALSE
22605,CHK05635 Hook-W9.5,CHK05635 Hook,Length Units,,Operations,Strouse-HQ,,Average,Default Cost Category,3M™ Hook Non Pressure Sensitive Adhesive CHK05635,TRUE,0.886635,,,5000 Cost of Goods,300000 Sales,13100 Inventory Asset,FALSE
22623,286-W4,286,"Each (Use for Boxes, Bags, Cores, Cases)",3,Operations,Strouse-HQ,,Average,Default Cost Category,"LABEL, 6"" x 4"",White Product ID Label",TRUE,0,,,5000 Cost of Goods,300000 Sales,13100 Inventory Asset,FALSE
22625,1510-W4.1875,1510,Length Units,,Operations,Strouse-HQ,,Average,Default Cost Category,CSM - W573-0085-122,TRUE,0,,,5000 Cost of Goods,300000 Sales,13100 Inventory Asset,FALSE
22633,6612 HIPS-W4,6612 HIPS,Length Units,,Operations,Strouse-HQ,,Average,Default Cost Category,"HIPS, .015 White HIPS, Matte/Gloss",TRUE,0.049396799,,,5000 Cost of Goods,300000 Sales,13100 Inventory Asset,FALSE
22649,130133-W3.875,130133,Length Units,,Operations,Strouse-HQ,,Average,Default Cost Category,"Hydrocolloid, 130133, .020"" thick , medium tack with 66# C1S A1000 liner",TRUE,0.920731707,,,5000 Cost of Goods,300000 Sales,13100 Inventory Asset,FALSE
22651,130133-W3.5,130133,Length Units,,Operations,Strouse-HQ,,Average,Default Cost Category,"Hydrocolloid, 130133, .020"" thick , medium tack with 66# C1S A1000 liner",TRUE,0.831628639,,,5000 Cost of Goods,300000 Sales,13100 Inventory Asset,FALSE
22652,130133-W3.375,130133,Length Units,,Operations,Strouse-HQ,,Average,Default Cost Category,"Hydrocolloid, 130133, .020"" thick , medium tack with 66# C1S A1000 liner",TRUE,0.801927616,,,5000 Cost of Goods,300000 Sales,13100 Inventory Asset,FALSE
22655,62934 - Black-W4,62934 - Black,Length Units,,Operations,Strouse-HQ,,Average,Default Cost Category,"62934, DS PE Foam Mounting Tape",TRUE,0.584117642,,,5000 Cost of Goods,300000 Sales,13100 Inventory Asset,FALSE
22675,FRA 354-W2.5,FRA 354,Length Units,,Operations,Strouse-HQ,,Average,Default Cost Category,"Liner, 2 mil polyester, FRA 354, clear",TRUE,0.03495,,,5000 Cost of Goods,300000 Sales,13100 Inventory Asset,FALSE
22676,8993LC-W2,8993LC,Length Units,,Operations,Strouse-HQ,,Average,Default Cost Category,"8993LC, polyester tape, 3 mil",TRUE,0.048956741,,,5000 Cost of Goods,300000 Sales,13100 Inventory Asset,FALSE
22681,25A29C-W2.15,25A29C,Length Units,,Operations,Strouse-HQ,,Average,Default Cost Category,2.5 mil Clear  Protective Film,TRUE,0,,,5000 Cost of Goods,300000 Sales,13100 Inventory Asset,FALSE
22699,6D1921056-W21,6D1921056,Length Units,,Operations,Strouse-HQ,,Average,Default Cost Category,CSM - 70# UNBL C1S SCK M-11,TRUE,0,,,5000 Cost of Goods,300000 Sales,13100 Inventory Asset,FALSE
22701,8993LC-W3.75,8993LC,Length Units,,Operations,Strouse-HQ,,Average,Default Cost Category,"8993LC, polyester tape, 3 mil",TRUE,0.091793889,,,5000 Cost of Goods,300000 Sales,13100 Inventory Asset,FALSE
22702,R-0021-01-001-W6,R-0021-01-001,Length Units,,Operations,Strouse-HQ,,Average,Default Cost Category,CSM- Thermal Film Tan,TRUE,0,,,5000 Cost of Goods,300000 Sales,13100 Inventory Asset,FALSE
22703,78lb. Medium SCK-W6,78lb. Medium SCK,Length Units,,Operations,Strouse-HQ,,Average,Default Cost Category,78 lb. Medium SCK Release Liner,TRUE,0.0212472,,,5000 Cost of Goods,300000 Sales,13100 Inventory Asset,FALSE
22761,"Special, A-454 400 Poly H9 Silicone Side Up-W9","Special, A-454 400 Poly H9 Silicone Side Up",Length Units,,Operations,Strouse-HQ,,Average,Default Cost Category,"Soft Anvil, Special, A-454 400 Poly H9 Silicone Side Up",TRUE,0.32076,,,5000 Cost of Goods,300000 Sales,13100 Inventory Asset,FALSE
22767,42 lb. C1S S0-W2.12,42 lb. C1S S0,Length Units,,Operations,Strouse-HQ,,Average,Default Cost Category,2.5 mil 42# Easy Release Liner,TRUE,0.0078864,,,5000 Cost of Goods,300000 Sales,13100 Inventory Asset,FALSE
22770,"Special, A-454 400 Poly H9 Silicone Side Up-W9.891","Special, A-454 400 Poly H9 Silicone Side Up",Length Units,,Operations,Strouse-HQ,,Average,Default Cost Category,"Soft Anvil, Special, A-454 400 Poly H9 Silicone Side Up",TRUE,0.35251524,,,5000 Cost of Goods,300000 Sales,13100 Inventory Asset,FALSE
22772,APR 1510-W2,APR 1510,Length Units,,Operations,Strouse-HQ,,Average,Default Cost Category,"Adhesive, removable, APR1510",TRUE,0.054014394,,,5000 Cost of Goods,300000 Sales,13100 Inventory Asset,FALSE
22800,462 Melinex-W2,462 Melinex,Length Units,,Operations,Strouse-HQ,,Average,Default Cost Category,"Mylar, .002"" clear",TRUE,0.015456,,,5000 Cost of Goods,300000 Sales,13100 Inventory Asset,FALSE
22824,7953MP-W2,7953MP,Length Units,,Operations,Strouse-HQ,,Average,Default Cost Category,"7953MP, 3.5 mil, clear, membrane switch spacer",TRUE,0.195520548,,,5000 Cost of Goods,300000 Sales,13100 Inventory Asset,FALSE
22832,205561-W9,205561,Length Units,,Operations,Strouse-HQ,,Average,Default Cost Category,"HP 460, Clear 288MM x 914M",TRUE,,,,5000 Cost of Goods,300000 Sales,13100 Inventory Asset,FALSE
22839,505FDA-W2,505FDA,Length Units,,Operations,Strouse-HQ,,Average,Default Cost Category,"BOPP, Clear, Film",TRUE,0.005088,,,5000 Cost of Goods,300000 Sales,13100 Inventory Asset,FALSE
22852,56-W9.5,56,Length Units,,Operations,Strouse-HQ,,Average,Default Cost Category,"Tape, 2.2 mil, PET Yellow Electrical, linerless",TRUE,0.383055556,,,5000 Cost of Goods,300000 Sales,13100 Inventory Asset,FALSE
22889,1567-W4,1567,Length Units,,Operations,Strouse-HQ,,Average,Default Cost Category,"1567, Double coated polyester, medical grade",TRUE,0.359228395,,,5000 Cost of Goods,300000 Sales,13100 Inventory Asset,FALSE
22921,6035PC-W10,6035PC,Length Units,,Operations,Strouse-HQ,,Average,Default Cost Category,"6035PC, 5 mil, 300MP, 58# PC liner",TRUE,0.973440394,,,5000 Cost of Goods,300000 Sales,13100 Inventory Asset,FALSE
22924,9275-W3,9275,Length Units,,Operations,Strouse-HQ,,Average,Default Cost Category,9275 2.4 Mil White Protective Film,TRUE,0.021573192,,,5000 Cost of Goods,300000 Sales,13100 Inventory Asset,FALSE
22949,505FDA-W27.375,505FDA,Length Units,,Operations,Strouse-HQ,,Average,Default Cost Category,"BOPP, Clear, Film",TRUE,0.069642,,,5000 Cost of Goods,300000 Sales,13100 Inventory Asset,FALSE
22950,505FDA-W9.5,505FDA,Length Units,,Operations,Strouse-HQ,,Average,Default Cost Category,"BOPP, Clear, Film",TRUE,0.024168,,,5000 Cost of Goods,300000 Sales,13100 Inventory Asset,FALSE
22958,614URM-W2,614URM,Length Units,,Operations,Strouse-HQ,,Average,Default Cost Category,"614REM/614URM , 1.82 mil Clear Polyester Overlaminate Removable Adhesive",TRUE,0.021261576,,,5000 Cost of Goods,300000 Sales,13100 Inventory Asset,FALSE
22964,RB300S-W32.875,RB300S,Length Units,,Operations,Strouse-HQ,,Average,Default Cost Category,"0.002""T, Protective E-mask Film",TRUE,0.991341463,,,5000 Cost of Goods,300000 Sales,13100 Inventory Asset,FALSE
22965,1280-W2.81,1280,Length Units,,Operations,Strouse-HQ,,Average,Default Cost Category,"CSM - 1280, Red Circuit plating tape",TRUE,0.195625,,,5000 Cost of Goods,300000 Sales,13100 Inventory Asset,FALSE
22967,FRA 354-W1.25,FRA 354,Length Units,,Operations,Strouse-HQ,,Average,Default Cost Category,"Liner, 2 mil polyester, FRA 354, clear",TRUE,0.017475,,,5000 Cost of Goods,300000 Sales,13100 Inventory Asset,FALSE
22980,6A White Volara/PSA-60-W6,6A White Volara/PSA-60,Length Units,,Operations,Strouse-HQ,,Average,Default Cost Category,"Foam .063"" thick, 6A, white volara /with PSA-60",TRUE,0.26557619,,,5000 Cost of Goods,300000 Sales,13100 Inventory Asset,FALSE
23000,5908-W2.5,5908,Length Units,,Operations,Strouse-HQ,,Average,Default Cost Category,"5908, VHB Tape .010"" Black foam",TRUE,0.8142,,,5000 Cost of Goods,300000 Sales,13100 Inventory Asset,FALSE
23007,467MPF-W5.4,467MPF,Length Units,,Operations,Strouse-HQ,,Average,Default Cost Category,"467MPF, Adhesive Transfer, 2 mil, 200, 2 mil PET liner.",TRUE,0.432034875,,,5000 Cost of Goods,300000 Sales,13100 Inventory Asset,FALSE
23008,1509-W3.94,1509,Length Units,,Operations,Strouse-HQ,,Average,Default Cost Category,"1509, double coated medical grade tape, 4.9 mil, 80# liner",TRUE,0.214930556,,,5000 Cost of Goods,300000 Sales,13100 Inventory Asset,FALSE
23013,5908-W2.25,5908,Length Units,,Operations,Strouse-HQ,,Average,Default Cost Category,"5908, VHB Tape .010"" Black foam",TRUE,0.57288,,,5000 Cost of Goods,300000 Sales,13100 Inventory Asset,FALSE
23021,4288-W27.25,4288,Length Units,,Operations,Strouse-HQ,,Average,Default Cost Category,4288  Medium Duty Tensilised Strapping Tape,TRUE,0.534388889,,,5000 Cost of Goods,300000 Sales,13100 Inventory Asset,FALSE
23022,78 lb. C1S-W11.75,78 lb. C1S,Length Units,,Operations,Strouse-HQ,,Average,Default Cost Category,4.5 mil C1S Silicone Medium Release Liner (not clay coated),TRUE,0.056712963,,,5000 Cost of Goods,300000 Sales,13100 Inventory Asset,FALSE
23026,2916P-W9.5,2916P,Length Units,,Operations,Strouse-HQ,,Average,Default Cost Category,"1/16"" White Polyethylene Foam",TRUE,0.314925,,,5000 Cost of Goods,300000 Sales,13100 Inventory Asset,FALSE
23035,2916P-W9.33,2916P,Length Units,,Operations,Strouse-HQ,,Average,Default Cost Category,"1/16"" White Polyethylene Foam",TRUE,0.3092895,,,5000 Cost of Goods,300000 Sales,13100 Inventory Asset,FALSE
23036,2916P-W9.42,2916P,Length Units,,Operations,Strouse-HQ,,Average,Default Cost Category,"1/16"" White Polyethylene Foam",TRUE,0.312273,,,5000 Cost of Goods,300000 Sales,13100 Inventory Asset,FALSE
23037,2916P-W9.14,2916P,Length Units,,Operations,Strouse-HQ,,Average,Default Cost Category,"1/16"" White Polyethylene Foam",TRUE,0.302991,,,5000 Cost of Goods,300000 Sales,13100 Inventory Asset,FALSE
23041,614URM-W3 - CatID-23041,614URM,Length Units,,Operations,Strouse-HQ,,Average,Default Cost Category,"614REM/614URM , 1.82 mil Clear Polyester Overlaminate Removable Adhesive",TRUE,0,,,5000 Cost of Goods,300000 Sales,13100 Inventory Asset,FALSE
23050,4926-W1.7,4926,Length Units,,Operations,Strouse-HQ,,Average,Default Cost Category,"CSM - Foam, 15 mil, VHB, double coated grey",TRUE,0,,,5000 Cost of Goods,300000 Sales,13100 Inventory Asset,FALSE
23051,1043-W1.04,1043,Length Units,,Operations,Strouse-HQ,,Average,Default Cost Category,"Polyester, 1 mil DuPont Mylar Grade A",TRUE,0.003193651,,,5000 Cost of Goods,300000 Sales,13100 Inventory Asset,FALSE
23074,467MPF-W0.315,467MPF,Length Units,,Operations,Strouse-HQ,,Average,Default Cost Category,"467MPF, Adhesive Transfer, 2 mil, 200, 2 mil PET liner.",TRUE,0.0084,,,5000 Cost of Goods,300000 Sales,13100 Inventory Asset,FALSE
23075,A2015DC-W6,A2015DC,Length Units,,Operations,Strouse-HQ,,Average,Default Cost Category,"Adhesive, acrylic based, double coated",TRUE,0.269900549,,,5000 Cost of Goods,300000 Sales,13100 Inventory Asset,FALSE
23081,13220L-W8.75,13220L,Length Units,,Operations,Strouse-HQ,,Average,Default Cost Category,"2 mil, Clear Masking Protective Film",TRUE,0.027719837,,,5000 Cost of Goods,300000 Sales,13100 Inventory Asset,FALSE
23083,462 Melinex-W4.25,462 Melinex,Length Units,,Operations,Strouse-HQ,,Average,Default Cost Category,"Mylar, .002"" clear",TRUE,0.0325,,,5000 Cost of Goods,300000 Sales,13100 Inventory Asset,FALSE
23090,"10"" I.D-W5.5","10"" I.D","Each (Use for Boxes, Bags, Cores, Cases)",3,Operations,Strouse-HQ,,Average,Default Cost Category,"10.0"" I.D. X 0.375""  Brown / Brown cores, knife cut",TRUE,,,,5000 Cost of Goods,300000 Sales,13100 Inventory Asset,FALSE
23105,"VCI Sheeting, Blue-W5.69-T4","VCI Sheeting, Blue","Each (Use for Boxes, Bags, Cores, Cases)",3,Operations,Strouse-HQ,,Average,Default Cost Category,"VCI Sheeting, 4 mil, Blue",TRUE,0.07112,,,5000 Cost of Goods,300000 Sales,13100 Inventory Asset,FALSE
23106,"VCI Sheeting, Blue-W5.75-T4","VCI Sheeting, Blue","Each (Use for Boxes, Bags, Cores, Cases)",3,Operations,Strouse-HQ,,Average,Default Cost Category,"VCI Sheeting, 4 mil, Blue",TRUE,0.07188,,,5000 Cost of Goods,300000 Sales,13100 Inventory Asset,FALSE
23114,4907-4908-4909-W18,4907-4908-4909,Length Units,,Operations,Strouse-HQ,,Average,Default Cost Category,3M SCPM-44X material laminated to 78# liner for PREMIER SUPPLY,TRUE,0,,,5000 Cost of Goods,300000 Sales,13100 Inventory Asset,FALSE
23117,55 lb. Tight C2S-W4.25,55 lb. Tight C2S,Length Units,,Operations,Strouse-HQ,,Average,Default Cost Category,"Liner, 55# Densified White, Tight C2S Release ",TRUE,0.05304,,,5000 Cost of Goods,300000 Sales,13100 Inventory Asset,FALSE
23118,54lb C2S SL1/SL4 Liner-W3.63,54lb C2S SL1/SL4 Liner,Length Units,,Operations,Strouse-HQ,,Average,Default Cost Category,"3.2 mil 54 lb, C2S SL1/SL4 Easy/Medium Release Liner",TRUE,0.019453333,,,5000 Cost of Goods,300000 Sales,13100 Inventory Asset,FALSE
23119,13125Wpvc-W1.3125,13125Wpvc,Length Units,,Operations,Strouse-HQ,,Average,Default Cost Category,White UPVC,TRUE,0.008627827,,,5000 Cost of Goods,300000 Sales,13100 Inventory Asset,FALSE
23121,25A29C-W1,25A29C,Length Units,,Operations,Strouse-HQ,,Average,Default Cost Category,2.5 mil Clear  Protective Film,TRUE,0.01371,,,5000 Cost of Goods,300000 Sales,13100 Inventory Asset,FALSE
23129,8993LC-W6.5,8993LC,Length Units,,Operations,Strouse-HQ,,Average,Default Cost Category,"Low tack Polyester Tape 8993LC, Clear",TRUE,,,,5000 Cost of Goods,300000 Sales,13100 Inventory Asset,FALSE
23135,8510 UV Blue-W5.83,8510 UV Blue,Length Units,,Operations,Strouse-HQ,,Average,Default Cost Category,"8510, Blue,Protective Film, 2 mil LDPE, Rubber Adhesive, UV Blue",TRUE,0.056590909,,,5000 Cost of Goods,300000 Sales,13100 Inventory Asset,FALSE
23136,8510 UV Blue-W5.76,8510 UV Blue,Length Units,,Operations,Strouse-HQ,,Average,Default Cost Category,"8510, Blue,Protective Film, 2 mil LDPE, Rubber Adhesive, UV Blue",TRUE,0.056590909,,,5000 Cost of Goods,300000 Sales,13100 Inventory Asset,FALSE
23143,8637-W10.25,8637,Length Units,,Operations,Strouse-HQ,,Average,Default Cost Category,"QR code printed FlexCon part:23120, for use with Transaxle",TRUE,0,,,5000 Cost of Goods,300000 Sales,13100 Inventory Asset,FALSE
23144,FRA 312 (Q200)-W3.25,FRA 312 (Q200),Length Units,,Operations,Strouse-HQ,,Average,Default Cost Category,"Liner, 2 mil Q200, polyester clear, S1S Easy - Medium ",TRUE,0.021528,,,5000 Cost of Goods,300000 Sales,13100 Inventory Asset,FALSE
23145,3150.160-W6.29 - CatID-23145,3150.160,Length Units,,Operations,Strouse-HQ,,Average,Default Cost Category,CSM - 2.5 mm Hydrophilic PU foam UNCOATED,TRUE,0,,,5000 Cost of Goods,300000 Sales,13100 Inventory Asset,FALSE
23150,0524-W25,0524,Length Units,,Operations,Strouse-HQ,,Average,Default Cost Category,CSM - Auto wrap clear protective film,TRUE,0,,,5000 Cost of Goods,300000 Sales,13100 Inventory Asset,FALSE
23151,8510 UV Blue-W5.5,8510 UV Blue,Length Units,,Operations,Strouse-HQ,,Average,Default Cost Category,"8510, Blue,Protective Film, 2 mil LDPE, Rubber Adhesive, UV Blue",TRUE,0.051878788,,,5000 Cost of Goods,300000 Sales,13100 Inventory Asset,FALSE
23152,8510 UV Blue-W5.4,8510 UV Blue,Length Units,,Operations,Strouse-HQ,,Average,Default Cost Category,"8510, Blue,Protective Film, 2 mil LDPE, Rubber Adhesive, UV Blue",TRUE,0.053045455,,,5000 Cost of Goods,300000 Sales,13100 Inventory Asset,FALSE
23153,1522H-W2.9,1522H,Length Units,,Operations,Strouse-HQ,,Average,Default Cost Category,"CSM - 1522H, Tape, 13 mil High adhesion D/C, Yellow Kraft C2S 5.5 mil T 76mm x 100m",TRUE,0.461559633,,,5000 Cost of Goods,300000 Sales,13100 Inventory Asset,FALSE
23167,PC 13952 JT 9278-W4,PC 13952 JT 9278,"Each (Use for Boxes, Bags, Cores, Cases)",3,Operations,Strouse-HQ,,Average,Default Cost Category,"Blank Label, 6"" x 4"", White Product ID Label for S150 - Little Cs",TRUE,,,,5000 Cost of Goods,300000 Sales,13100 Inventory Asset,FALSE
23169,5357-W6.25,5357,Length Units,,Operations,Strouse-HQ,,Average,Default Cost Category,"Foam tape, Acrylic Adhesive, .062"" thick",TRUE,1.078025528,,,5000 Cost of Goods,300000 Sales,13100 Inventory Asset,FALSE
23174,9824-W11.625,9824,Length Units,,Operations,Strouse-HQ,,Average,Default Cost Category,"9824, Double Coated Tape, Clear",TRUE,0.410996453,,,5000 Cost of Goods,300000 Sales,13100 Inventory Asset,FALSE
23181,9133,9133,Length Units,,Operations,Strouse-HQ,,Average,Default Cost Category,scored S5005 for JJ9133,TRUE,0,,,5000 Cost of Goods,300000 Sales,13100 Inventory Asset,FALSE
23193,FRA 312 (Q200)-W1.25,FRA 312 (Q200),Length Units,,Operations,Strouse-HQ,,Average,Default Cost Category,2 mil Clear Polyester S1S Easy - Medium Release Liner,TRUE,0.015975,,,5000 Cost of Goods,300000 Sales,13100 Inventory Asset,FALSE
23206,8993LC-W2.5,8993LC,Length Units,,Operations,Strouse-HQ,,Average,Default Cost Category,"Low tack Polyester Tape 8993LC, Clear",TRUE,0.061195926,,,5000 Cost of Goods,300000 Sales,13100 Inventory Asset,FALSE
23207,614URM-W2.5,614URM,Length Units,,Operations,Strouse-HQ,,Average,Default Cost Category,"614REM/614URM , 1.82 mil Clear Polyester Overlaminate Removable Adhesive",TRUE,0.02657697,,,5000 Cost of Goods,300000 Sales,13100 Inventory Asset,FALSE
23216,UCT10-W4,UCT10,Length Units,,Operations,Strouse-HQ,,Average,Default Cost Category,CSM - 10um DC PET Tape ,TRUE,,,,5000 Cost of Goods,300000 Sales,13100 Inventory Asset,FALSE
23218,9286-W2,9286,Length Units,,Operations,Strouse-HQ,,Average,Default Cost Category,CSM - Kapton 200HN/UCT-10 post lamination - feeder for JJ8841,TRUE,0,,,5000 Cost of Goods,300000 Sales,13100 Inventory Asset,FALSE
23220,5319-W6,5319,Length Units,,Operations,Strouse-HQ,,Average,Default Cost Category,"Double sided Foam tape, Acrylic,Black, 25 mil",TRUE,0.706214689,,,5000 Cost of Goods,300000 Sales,13100 Inventory Asset,FALSE
23229,TM4230-W6 - CatID-23229,TM4230,Length Units,,Operations,Strouse-HQ,,Average,Default Cost Category,"CSM - TM4230, 1/32"" PE Foam, 60#SCK",TRUE,0.54,,,5000 Cost of Goods,300000 Sales,13100 Inventory Asset,FALSE
23232,SQHM3 Prosave-W7,SQHM3 Prosave,Length Units,,Operations,Strouse-HQ,,Average,Default Cost Category,"Film, SQHM3 anti glare",TRUE,1.231112398,,,5000 Cost of Goods,300000 Sales,13100 Inventory Asset,FALSE
23245,9824-W6.75,9824,Length Units,,Operations,Strouse-HQ,,Average,Default Cost Category,"9824, Double Coated Tape, Clear",TRUE,0.238648148,,,5000 Cost of Goods,300000 Sales,13100 Inventory Asset,FALSE
23253,1509-W9,1509,Length Units,,Operations,Strouse-HQ,,Average,Default Cost Category,"1509, double coated medical grade tape, 4.9 mil, 80# liner",TRUE,0.988401015,,,5000 Cost of Goods,300000 Sales,13100 Inventory Asset,FALSE
23268,PET Tape-W4,PET Tape,Length Units,,Operations,Strouse-HQ,,Average,Default Cost Category,CSM - DC PET Tape UCT10 ,TRUE,0,,,5000 Cost of Goods,300000 Sales,13100 Inventory Asset,FALSE
23287,9738-W5.062,9738,Length Units,,Operations,Strouse-HQ,,Average,Default Cost Category,4.3 mil Clear  Double Coated Tape,TRUE,0.125314815,,,5000 Cost of Goods,300000 Sales,13100 Inventory Asset,FALSE
23288,FRA 312 (Q200)-W2.25,FRA 312 (Q200),Length Units,,Operations,Strouse-HQ,,Average,Default Cost Category,2 mil Clear Polyester S1S Easy - Medium Release Liner,TRUE,0.014904,,,5000 Cost of Goods,300000 Sales,13100 Inventory Asset,FALSE
23294,42 lb. C1S S0-W0.44,42 lb. C1S S0,Length Units,,Operations,Strouse-HQ,,Average,Default Cost Category,2.5 mil 42# Easy Release Liner,TRUE,0.002122066,,,5000 Cost of Goods,300000 Sales,13100 Inventory Asset,FALSE
23295,42 lb. C1S S0-W3.68,42 lb. C1S S0,Length Units,,Operations,Strouse-HQ,,Average,Default Cost Category,2.5 mil 42# Easy Release Liner,TRUE,0.013691667,,,5000 Cost of Goods,300000 Sales,13100 Inventory Asset,FALSE
23296,FRA 312 (Q200)-W1.43,FRA 312 (Q200),Length Units,,Operations,Strouse-HQ,,Average,Default Cost Category,2 mil Clear Polyester S1S Easy - Medium Release Liner,TRUE,0.007824,,,5000 Cost of Goods,300000 Sales,13100 Inventory Asset,FALSE
23297,FRA 312 (Q200)-W0.43,FRA 312 (Q200),Length Units,,Operations,Strouse-HQ,,Average,Default Cost Category,2 mil Clear Polyester S1S Easy - Medium Release Liner,TRUE,0.002352,,,5000 Cost of Goods,300000 Sales,13100 Inventory Asset,FALSE
23301,21942-DEV-W4.5,21942-DEV,Length Units,,Operations,Strouse-HQ,,Average,Default Cost Category,CSM - PET-PSA 306,TRUE,0,,,5000 Cost of Goods,300000 Sales,13100 Inventory Asset,FALSE
23302,21942-DEV-W26,21942-DEV,Length Units,,Operations,Strouse-HQ,,Average,Default Cost Category,CSM - PET-PSA 306,TRUE,0,,,5000 Cost of Goods,300000 Sales,13100 Inventory Asset,FALSE
23303,21942-DEV-W6,21942-DEV,Length Units,,Operations,Strouse-HQ,,Average,Default Cost Category,CSM - PET-PSA 306,TRUE,0,,,5000 Cost of Goods,300000 Sales,13100 Inventory Asset,FALSE
23304,9455K91-W36,9455K91,Length Units,,Operations,Strouse-HQ,,Average,Default Cost Category,"Multipurpose Neoprene Rubber Sheet
36"" Wide, 1/32"" Thick, 70A (Hard)",TRUE,1.239166667,,,5000 Cost of Goods,300000 Sales,13100 Inventory Asset,FALSE
23319,75507-60000-00-W6,75507-60000-00,Length Units,,Operations,Strouse-HQ,,Average,Default Cost Category,"Adhesive, 75507 double-sided tackified acrylic. 3 mil",TRUE,0.214898397,,,5000 Cost of Goods,300000 Sales,13100 Inventory Asset,FALSE
23322,SQHM3 Prosave-W6,SQHM3 Prosave,Length Units,,Operations,Strouse-HQ,,Average,Default Cost Category,"Film, SQHM3 anti glare",TRUE,1.055242604,,,5000 Cost of Goods,300000 Sales,13100 Inventory Asset,FALSE
23323,Q300-W11.5,Q300,Length Units,,Operations,Strouse-HQ,,Average,Default Cost Category,"Liner, 2 mil Clear PET,Q300,  medium release ",TRUE,0.067206,,,5000 Cost of Goods,300000 Sales,13100 Inventory Asset,FALSE
23330,1774W-W6,1774W,Length Units,,Operations,Strouse-HQ,,Average,Default Cost Category,White Polyethylene Single Sided Medical Foam Tape,TRUE,0.385915493,,,5000 Cost of Goods,300000 Sales,13100 Inventory Asset,FALSE
23331,1774W-W9,1774W,Length Units,,Operations,Strouse-HQ,,Average,Default Cost Category,White Polyethylene Single Sided Medical Foam Tape,TRUE,0.578873239,,,5000 Cost of Goods,300000 Sales,13100 Inventory Asset,FALSE
23337,"VCI Sheeting, Blue-W3-T4","VCI Sheeting, Blue","Each (Use for Boxes, Bags, Cores, Cases)",3,Operations,Strouse-HQ,,Average,Default Cost Category,"VCI Sheeting, 4 mil, Blue",TRUE,0.0375,,,5000 Cost of Goods,300000 Sales,13100 Inventory Asset,FALSE
23338,"VCI Sheeting, Blue-W2.3-T4","VCI Sheeting, Blue","Each (Use for Boxes, Bags, Cores, Cases)",3,Operations,Strouse-HQ,,Average,Default Cost Category,"VCI Sheeting, 4 mil, Blue",TRUE,0.02876,,,5000 Cost of Goods,300000 Sales,13100 Inventory Asset,FALSE
23339,75507-60000-00-W5,75507-60000-00,Length Units,,Operations,Strouse-HQ,,Average,Default Cost Category,"Adhesive, 75507 double-sided tackified acrylic. 3 mil",TRUE,0.162804878,,,5000 Cost of Goods,300000 Sales,13100 Inventory Asset,FALSE
23342,IB8161-78-W3.875,IB8161-78,Length Units,,Operations,Strouse-HQ,,Average,Default Cost Category,"8161 Adhesive, double sided, .5 mil PET, 78# SCK",TRUE,0.2099475,,,5000 Cost of Goods,300000 Sales,13100 Inventory Asset,FALSE
23358,55 lb. Tight C1S-W2.625,55 lb. Tight C1S,Length Units,,Operations,Strouse-HQ,,Average,Default Cost Category,55 lb. Tight C1S Densified Kraft Release Liner,TRUE,0.013766667,,,5000 Cost of Goods,300000 Sales,13100 Inventory Asset,FALSE
23381,FRA 367-W1.25,FRA 367,Length Units,,Operations,Strouse-HQ,,Average,Default Cost Category,"2 mil PET Liner, FRA 367, S2S Easy/Medium",TRUE,0.00855,,,5000 Cost of Goods,300000 Sales,13100 Inventory Asset,FALSE
23391,UC-HPRP3BY-W11.25,UC-HPRP3BY,Length Units,,Operations,Strouse-HQ,,Average,Default Cost Category,"Liner, High performance release paper",TRUE,0.310413544,,,5000 Cost of Goods,300000 Sales,13100 Inventory Asset,FALSE
23395,75507-60000-00-W5.93,75507-60000-00,Length Units,,Operations,Strouse-HQ,,Average,Default Cost Category,"Adhesive, 75507 double-sided tackified acrylic. 3 mil",TRUE,0.212391249,,,5000 Cost of Goods,300000 Sales,13100 Inventory Asset,FALSE
23396,75507-60000-00-W5.81,75507-60000-00,Length Units,,Operations,Strouse-HQ,,Average,Default Cost Category,"Adhesive, 75507 double-sided tackified acrylic. 3 mil",TRUE,0.189175988,,,5000 Cost of Goods,300000 Sales,13100 Inventory Asset,FALSE
23397,UC-HPRP3BY-W8.625,UC-HPRP3BY,Length Units,,Operations,Strouse-HQ,,Average,Default Cost Category,"Liner, High performance release paper",TRUE,0.237987805,,,5000 Cost of Goods,300000 Sales,13100 Inventory Asset,FALSE
23401,5908-W1.96,5908,Length Units,,Operations,Strouse-HQ,,Average,Default Cost Category,"5908, VHB Tape .010"" Black foam",TRUE,0.601898148,,,5000 Cost of Goods,300000 Sales,13100 Inventory Asset,FALSE
23404,FRA 367-W1.866,FRA 367,Length Units,,Operations,Strouse-HQ,,Average,Default Cost Category,"2 mil PET Liner, FRA 367, S2S Easy/Medium",TRUE,0.01276344,,,5000 Cost of Goods,300000 Sales,13100 Inventory Asset,FALSE
23429,RB200S-W11.25,RB200S,Length Units,,Operations,Strouse-HQ,,Average,Default Cost Category,"0.0018""T, Protective E-mask Film",TRUE,0.312667683,,,5000 Cost of Goods,300000 Sales,13100 Inventory Asset,FALSE
23470,FBA8218GL-W3.75,FBA8218GL,Length Units,,Operations,Strouse-HQ,,Average,Default Cost Category,CSM - double coat acrylic,TRUE,0,,,5000 Cost of Goods,300000 Sales,13100 Inventory Asset,FALSE
23482,5319-W5.9,5319,Length Units,,Operations,Strouse-HQ,,Average,Default Cost Category,"Double sided Foam tape, Acrylic,Black, 25 mil",TRUE,0,,,5000 Cost of Goods,300000 Sales,13100 Inventory Asset,FALSE
23486,LS-2012-W3,LS-2012,Length Units,,Operations,Strouse-HQ,,Average,Default Cost Category,LS Foam,TRUE,0.450819618,,,5000 Cost of Goods,300000 Sales,13100 Inventory Asset,FALSE
23487,SCE41B-W5.25,SCE41B,Length Units,,Operations,Strouse-HQ,,Average,Default Cost Category,"Neoprene Foam, 0.063” SCE41B, Black, no adhesive",TRUE,0.2649,,,5000 Cost of Goods,300000 Sales,13100 Inventory Asset,FALSE
23491,SCE41B-W7.82,SCE41B,Length Units,,Operations,Strouse-HQ,,Average,Default Cost Category,"Neoprene Foam, 0.063” SCE41B, Black, no adhesive",TRUE,0.394591407,,,5000 Cost of Goods,300000 Sales,13100 Inventory Asset,FALSE
23495,Q200-W12,Q200,Length Units,,Operations,Strouse-HQ,,Average,Default Cost Category,"Liner, 2 mil Q200, polyester clear, S1S Easy - Medium ",TRUE,0.067032,,,5000 Cost of Goods,300000 Sales,13100 Inventory Asset,FALSE
23504,614URM-W5.5,614URM,Length Units,,Operations,Strouse-HQ,,Average,Default Cost Category,1.82 mil Clear Polyester Overlaminate Removable Adhesive,TRUE,,,,5000 Cost of Goods,300000 Sales,13100 Inventory Asset,FALSE
23506,7158,7158,Length Units,,Operations,Strouse-HQ,,Average,Default Cost Category,laminated foam with adhesive for JJ7158 (Ellsworth-Bloomington),TRUE,0,,,5000 Cost of Goods,300000 Sales,13100 Inventory Asset,FALSE
23510,2916P-W9.3,2916P,Length Units,,Operations,Strouse-HQ,,Average,Default Cost Category,"1/16"" White Polyethylene Foam",TRUE,0.616566667,,,5000 Cost of Goods,300000 Sales,13100 Inventory Asset,FALSE
23511,2916P-W5.125,2916P,Length Units,,Operations,Strouse-HQ,,Average,Default Cost Category,"1/16"" White Polyethylene Foam",TRUE,0.3398,,,5000 Cost of Goods,300000 Sales,13100 Inventory Asset,FALSE
23534,4 mil Blue HDPE-W28,4 mil Blue HDPE,Length Units,,Operations,Strouse-HQ,,Average,Default Cost Category,4 mil S1S Blue HDPE IN,TRUE,0.38161875,,,5000 Cost of Goods,300000 Sales,13100 Inventory Asset,FALSE
23537,BFI4170-0003-W6,BFI4170-0003,Length Units,,Operations,Strouse-HQ,,Average,Default Cost Category,4170 White treated outside SWS Film (opacity),TRUE,0.024764922,,,5000 Cost of Goods,300000 Sales,13100 Inventory Asset,FALSE
23548,9333,9333,"Each (Use for Boxes, Bags, Cores, Cases)",3,Operations,Strouse-HQ,,Average,Default Cost Category,Overlabel for Allergan Plus carton  (silver),TRUE,0,,,5000 Cost of Goods,300000 Sales,13100 Inventory Asset,FALSE
23549,9331,9331,"Each (Use for Boxes, Bags, Cores, Cases)",3,Operations,Strouse-HQ,,Average,Default Cost Category,Overlabel for Allergan advantage carton,TRUE,0,,,5000 Cost of Goods,300000 Sales,13100 Inventory Asset,FALSE
23550,9332,9332,"Each (Use for Boxes, Bags, Cores, Cases)",3,Operations,Strouse-HQ,,Average,Default Cost Category,Overlabel for Allergan petite carton,TRUE,0,,,5000 Cost of Goods,300000 Sales,13100 Inventory Asset,FALSE
23553,6756-W2.25,6756,Length Units,,Operations,Strouse-HQ,,Average,Default Cost Category,"Q3474 slit, floodcoated yellow with black print for JJ 6756",TRUE,0,,,5000 Cost of Goods,300000 Sales,13100 Inventory Asset,FALSE
23560,8555-W8.875,8555,Length Units,,Operations,Strouse-HQ,,Average,Default Cost Category,"8555, High Temperature Nylon Film Tape 8555, White",TRUE,2.646851852,,,5000 Cost of Goods,300000 Sales,13100 Inventory Asset,FALSE
23569,SCE41B-W2.5,SCE41B,Length Units,,Operations,Strouse-HQ,,Average,Default Cost Category,"Neoprene Foam, 0.063” SCE41B, Black, no adhesive",TRUE,0.126148148,,,5000 Cost of Goods,300000 Sales,13100 Inventory Asset,FALSE
23570,192584-W4.5,192584,Length Units,,Operations,Strouse-HQ,,Average,Default Cost Category,CSM - NOR5001 6mil Sil Gel White PC,TRUE,0,,,5000 Cost of Goods,300000 Sales,13100 Inventory Asset,FALSE
23571,192584-W4.375,192584,Length Units,,Operations,Strouse-HQ,,Average,Default Cost Category,CSM - NOR5001 6mil Sil Gel White PC,TRUE,0,,,5000 Cost of Goods,300000 Sales,13100 Inventory Asset,FALSE
23572,35Ypvc-W3.5,35Ypvc,Length Units,,Operations,Strouse-HQ,,Average,Default Cost Category,Yellow UPVC (150mm x 990m) 2mil,TRUE,0.026803702,,,5000 Cost of Goods,300000 Sales,13100 Inventory Asset,FALSE
23573,24Ypvc-W2.4,24Ypvc,Length Units,,Operations,Strouse-HQ,,Average,Default Cost Category,Yellow UPVC (150mm x 990m) 2mil,TRUE,0.018379682,,,5000 Cost of Goods,300000 Sales,13100 Inventory Asset,FALSE
23578,8993LC-W3.6,8993LC,Length Units,,Operations,Strouse-HQ,,Average,Default Cost Category,"Low tack Polyester Tape 8993LC, Clear",TRUE,0.10270619,,,5000 Cost of Goods,300000 Sales,13100 Inventory Asset,FALSE
23580,8993LC-W3.73,8993LC,Length Units,,Operations,Strouse-HQ,,Average,Default Cost Category,"Low tack Polyester Tape 8993LC, Clear",TRUE,0.106415025,,,5000 Cost of Goods,300000 Sales,13100 Inventory Asset,FALSE
23583,4017-2/90-W31,4017-2/90,Length Units,,Operations,Strouse-HQ,,Average,Default Cost Category,90 lb. C2S Silicone Release Liner ,TRUE,0.5394,,,5000 Cost of Goods,300000 Sales,13100 Inventory Asset,FALSE
23585,54 lb. C1S SL4 (S38)-W14,54 lb. C1S SL4 (S38),Length Units,,Operations,Strouse-HQ,,Average,Default Cost Category,3.2 mil 54 lb. Medium Release C1S Liner,TRUE,0.0656,,,5000 Cost of Goods,300000 Sales,13100 Inventory Asset,FALSE
23592,FT8305-W9 - CatID-23592,FT8305,Length Units,,Operations,Strouse-HQ,,Average,Default Cost Category,"CSM - double coated, rubber adhesive",TRUE,0.353808,,,5000 Cost of Goods,300000 Sales,13100 Inventory Asset,FALSE
23593,FP024802-W5.125,FP024802,Length Units,,Operations,Strouse-HQ,,Average,Default Cost Category,.002 Clear Polypropylene TC2S/ P1480 Perm  50#,TRUE,0.111294964,,,5000 Cost of Goods,300000 Sales,13100 Inventory Asset,FALSE
23598,APR 1510-W12,APR 1510,Length Units,,Operations,Strouse-HQ,,Average,Default Cost Category,"Adhesive, removable, APR1510",TRUE,0.401584362,,,5000 Cost of Goods,300000 Sales,13100 Inventory Asset,FALSE
23612,CSM-MED 6017-W6,CSM-MED 6017,Length Units,,Operations,Strouse-HQ,,Average,Default Cost Category,"CSM - Adhesive, 6017 medical double coated",TRUE,,,,5000 Cost of Goods,300000 Sales,13100 Inventory Asset,FALSE
23619,9103,9103,Length Units,,Operations,Strouse-HQ,,Average,Default Cost Category,"""Comfort Release"" printed on the film side of the DM-2270, PMS 296 for GB113 (Global Biomedical CSM)",TRUE,0,,,5000 Cost of Goods,300000 Sales,13100 Inventory Asset,FALSE
23628,9381,9381,"Each (Use for Boxes, Bags, Cores, Cases)",3,Operations,Strouse-HQ,,Average,Default Cost Category,"6"" x 3.939"" Printed Label for Adv Petite, Color 10130C (Metallic Brown), Strouse-made in-house",TRUE,0,,,5000 Cost of Goods,300000 Sales,13100 Inventory Asset,FALSE
23629,9382,9382,"Each (Use for Boxes, Bags, Cores, Cases)",3,Operations,Strouse-HQ,,Average,Default Cost Category,"6"" x 3.939"" Printed Label for Advantage, Color 10220C (Metallic Purple), Strouse-made in-house",TRUE,,,,5000 Cost of Goods,300000 Sales,13100 Inventory Asset,FALSE
23634,8986-W6.25,8986,Length Units,,Operations,Strouse-HQ,,Average,Default Cost Category,"Laminated 6"" 3903 Blue on 6.25"" 42 lb. C1S SO for JT8986",TRUE,0,,,5000 Cost of Goods,300000 Sales,13100 Inventory Asset,FALSE
23642,OPP-20UP-W5.669,OPP-20UP,Length Units,,Operations,Strouse-HQ,,Average,Default Cost Category,Dark Blue UPVC,TRUE,,,,5000 Cost of Goods,300000 Sales,13100 Inventory Asset,FALSE
23653,S5005 DC-W1.6,S5005 DC,Length Units,,Operations,Strouse-HQ,,Average,Default Cost Category,".5 mil pet,C2S, with 2.25 mil silicone, double linered with 2 mil FS coated PET ",TRUE,0.720036364,,,5000 Cost of Goods,300000 Sales,13100 Inventory Asset,FALSE
23655,7675 (NEW),7675 (NEW),"Each (Use for Boxes, Bags, Cores, Cases)",3,Operations,Strouse-HQ,,Average,Default Cost Category,"6"" x 3.939"" Printed Label for Foam Borders (C-Foam), Color 2766C (Dark Purple), Strouse-made in-house",TRUE,0,,,5000 Cost of Goods,300000 Sales,13100 Inventory Asset,FALSE
23658,2124C-W5,2124C,Length Units,,Operations,Strouse-HQ,,Average,Default Cost Category,1.8mil thick clear film with acrylic adhesive,TRUE,0.036579861,,,5000 Cost of Goods,300000 Sales,13100 Inventory Asset,FALSE
23660,4191046963-W9.33,4191046963,Length Units,,Operations,Strouse-HQ,,Average,Default Cost Category,Low Profile white PP/PE Hook,TRUE,0,,,5000 Cost of Goods,300000 Sales,13100 Inventory Asset,FALSE
23664,8510 UV Blue-W5.75,8510 UV Blue,Length Units,,Operations,Strouse-HQ,,Average,Default Cost Category,"8510, Blue,Protective Film, 2 mil LDPE, Rubber Adhesive, UV Blue",TRUE,0.05932047,,,5000 Cost of Goods,300000 Sales,13100 Inventory Asset,FALSE
23667,5053-W4.5,5053,Length Units,,Operations,Strouse-HQ,,Average,Default Cost Category,CSM - fluoro liner 3M 5053,TRUE,0,,,5000 Cost of Goods,300000 Sales,13100 Inventory Asset,FALSE
23671,R-AC005015A-W5.75,R-AC005015A,Length Units,,Operations,Strouse-HQ,,Average,Default Cost Category,55 lb. Tight C1S Densified Kraft Release Liner - LOG,TRUE,0.034932049,,,5000 Cost of Goods,300000 Sales,13100 Inventory Asset,FALSE
23676,3317A02075R8 - Sleeve - CatID-23676,3317A02075R8 - Sleeve,"Each (Use for Boxes, Bags, Cores, Cases)",3,Operations,Strouse-HQ,,Average,Default Cost Category,"Advantage Sleeve - assembled
Black print on sides only  (glue tabs)",TRUE,,,,5000 Cost of Goods,300000 Sales,13100 Inventory Asset,FALSE
23687,R-AC005015A-W2,R-AC005015A,Length Units,,Operations,Strouse-HQ,,Average,Default Cost Category,55 lb. Tight C1S Densified Kraft Release Liner - LOG,TRUE,0.012153333,,,5000 Cost of Goods,300000 Sales,13100 Inventory Asset,FALSE
23690,COFF0360A206MV12-W7,COFF0360A206MV12,Length Units,,Operations,Strouse-HQ,,Average,Default Cost Category,TR coffee Fil WS 36.00 CR BL,TRUE,0.008601599,,,5000 Cost of Goods,300000 Sales,13100 Inventory Asset,FALSE
23698,614-W5.5,614,Length Units,,Operations,Strouse-HQ,,Average,Default Cost Category,Clear Polyester Overlaminate ,TRUE,,,,5000 Cost of Goods,300000 Sales,13100 Inventory Asset,FALSE
23699,614-W2.25,614,Length Units,,Operations,Strouse-HQ,,Average,Default Cost Category,Clear Polyester Overlaminate ,TRUE,0.020404,,,5000 Cost of Goods,300000 Sales,13100 Inventory Asset,FALSE
23700,614-W2,614,Length Units,,Operations,Strouse-HQ,,Average,Default Cost Category,Clear Polyester Overlaminate ,TRUE,0.018136889,,,5000 Cost of Goods,300000 Sales,13100 Inventory Asset,FALSE
23701,614-W8.25,614,Length Units,,Operations,Strouse-HQ,,Average,Default Cost Category,Clear Polyester Overlaminate ,TRUE,0.074814,,,5000 Cost of Goods,300000 Sales,13100 Inventory Asset,FALSE
14166,GT7108-W2,GT7108,Length Units,,Operations,Strouse-HQ,,Average,Default Cost Category,Foam VHB Tape,TRUE,0.470555556,,,5000 Cost of Goods,300000 Sales,13100 Inventory Asset,FALSE
14936,42 lb. C1S S0-W2,42 lb. C1S S0,Length Units,,Operations,Strouse-HQ,,Average,Default Cost Category,2.5 mil 42# Easy Release Liner,TRUE,0.684583796,,,5000 Cost of Goods,300000 Sales,13100 Inventory Asset,FALSE
15204,42 lb. C1S S0-W3.875,42 lb. C1S S0,Length Units,,Operations,Strouse-HQ,,Average,Default Cost Category,2.5 mil 42# Easy Release Liner,TRUE,5.023222222,,,5000 Cost of Goods,300000 Sales,13100 Inventory Asset,FALSE
18230,INT-E100-2MIL-W4,INT-E100-2MIL,Length Units,,Operations,Strouse-HQ,,Average,Default Cost Category,0,TRUE,0.019896091,,,5000 Cost of Goods,300000 Sales,13100 Inventory Asset,FALSE
18341,RPS/CK31/CN50/10PAKLBL,RPS/CK31/CN50/10PAKLBL,"Each (Use for Boxes, Bags, Cores, Cases)",3,Operations,Strouse-HQ,,Average,Default Cost Category,Fujitsu Bag Label RPS/CK31/CN50/10PAK for JJ5249,TRUE,0.17136,,,5000 Cost of Goods,300000 Sales,13100 Inventory Asset,FALSE
18345,RPS/CN3&CK3/10PAKLBL,RPS/CN3&CK3/10PAKLBL,"Each (Use for Boxes, Bags, Cores, Cases)",3,Operations,Strouse-HQ,,Average,Default Cost Category,Fujitsu Bag Label RPS/CN3&CK3/10PAK for JJ 5158,TRUE,0.012072,,,5000 Cost of Goods,300000 Sales,13100 Inventory Asset,FALSE
18354,RPS/CN3&CK3/ 25PAKLBL,RPS/CN3&CK3/ 25PAKLBL,"Each (Use for Boxes, Bags, Cores, Cases)",3,Operations,Strouse-HQ,,Average,Default Cost Category,Fujitsu Bag Label RPS/CN3&CK3/ 25PAK for JJ 5159,TRUE,0.0315,,,5000 Cost of Goods,300000 Sales,13100 Inventory Asset,FALSE
19876,51825C-W2,51825C,Length Units,,Operations,Strouse-HQ,,Average,Default Cost Category,5 mil Clear Polymask,TRUE,0.05704865,,,5000 Cost of Goods,300000 Sales,13100 Inventory Asset,FALSE
19915,FP024802-W7,FP024802,Length Units,,Operations,Strouse-HQ,,Average,Default Cost Category,"FP024802, 2mil clear PP TC2s/P1480 perm.24/50# SC remoist",TRUE,2.270853846,,,5000 Cost of Goods,300000 Sales,13100 Inventory Asset,FALSE
20313,SJ3550CF-W6,SJ3550CF,Length Units,,Operations,Strouse-HQ,,Average,Default Cost Category,"Dual Lock, Black, Type 250, Clear Adhesive",TRUE,0.0028152,,,5000 Cost of Goods,300000 Sales,13100 Inventory Asset,FALSE
20565,SJ3527N - 1/2 sheet-W1,SJ3527N - 1/2 sheet,Length Units,,Operations,Strouse-HQ,,Average,Default Cost Category,"Loop, White, Rubber, Hi Performance PSA - sheeted at 1/2"" for internal use",TRUE,0.03753,,,5000 Cost of Goods,300000 Sales,13100 Inventory Asset,FALSE
21076,54lb C2S SL1/SL4 Liner-W1.25,54lb C2S SL1/SL4 Liner,Length Units,,Operations,Strouse-HQ,,Average,Default Cost Category,"Liner, 54#, Easy/Medium Release, C2S, (SL1/SL4)",TRUE,0.015621,,,5000 Cost of Goods,300000 Sales,13100 Inventory Asset,FALSE
21263,12906-W4.5,12906,Length Units,,Operations,Strouse-HQ,,Average,Default Cost Category,"Label Stock, #12906,Transtherm 1C, 40SEK w/S2501, Exact",TRUE,2.725374815,,,5000 Cost of Goods,300000 Sales,13100 Inventory Asset,FALSE
21638,MC-VS 30/AS-W1,MC-VS 30/AS,"Each (Use for Boxes, Bags, Cores, Cases)",3,Operations,Strouse-HQ,,Average,Default Cost Category,"MC-VS-30/AS : 30"" ESD Hook and Loop Tray Strap",TRUE,0.0191994,,,5000 Cost of Goods,300000 Sales,13100 Inventory Asset,FALSE
21678,5952P-W6,5952P,Length Units,,Operations,Strouse-HQ,,Average,Default Cost Category,"5952P, VHB Tape, Black, 45 mil, Paper Liner",TRUE,,,,5000 Cost of Goods,300000 Sales,13100 Inventory Asset,FALSE
21703,1181-W2.875,1181,Length Units,,Operations,Strouse-HQ,,Average,Default Cost Category,"1181, Tape, 2.6 mil, Copper Foil, Conductive Acrylic Adhesive, (linered)",TRUE,0.0121104,,,5000 Cost of Goods,300000 Sales,13100 Inventory Asset,FALSE
21712,8B35-W3,8B35,Length Units,,Operations,Strouse-HQ,,Average,Default Cost Category,"Polycarbonate, 10 mil, clear velvet matte",TRUE,1.013683333,,,5000 Cost of Goods,300000 Sales,13100 Inventory Asset,FALSE
21791,505B-W6,505B,Length Units,,Operations,Strouse-HQ,,Average,Default Cost Category,"505B, Polypropylene tape, 1.0 mil, Clear, .7 mil acrylic adhesive.",TRUE,0.095748657,,,5000 Cost of Goods,300000 Sales,13100 Inventory Asset,FALSE
21831,UL181A-P plastic core-W3.9,UL181A-P plastic core,Length Units,,Operations,Strouse-HQ,,Average,Default Cost Category,"Aluminum Foil Tape 1581A, 2 mil",TRUE,0.268853333,,,5000 Cost of Goods,300000 Sales,13100 Inventory Asset,FALSE
21871,1181-W9,1181,Length Units,,Operations,Strouse-HQ,,Average,Default Cost Category,"1181, Tape, 2.6 mil, Copper Foil, Conductive Acrylic Adhesive, (linered)",TRUE,0.232088415,,,5000 Cost of Goods,300000 Sales,13100 Inventory Asset,FALSE
21876,70730-60000-W15.75,70730-60000,Length Units,,Operations,Strouse-HQ,,Average,Default Cost Category,"Foam tape, double sided acrylic, high resistance",TRUE,0.05652,,,5000 Cost of Goods,300000 Sales,13100 Inventory Asset,FALSE
21900,OFV0202-W3.25,OFV0202,Length Units,,Operations,Strouse-HQ,,Average,Default Cost Category,"OFV0202, Label Stock, 3.4mil Soft White Vinyl, TC6, P1400, 50# SC",TRUE,0.02418,,,5000 Cost of Goods,300000 Sales,13100 Inventory Asset,FALSE
21927,DPL003-60PYEL-W61,DPL003-60PYEL,Length Units,,Operations,Strouse-HQ,,Average,Default Cost Category,"Nonwoven, Delnet yellow Ultrasonically welded",TRUE,0.09519,,,5000 Cost of Goods,300000 Sales,13100 Inventory Asset,FALSE
22061,72104173-C-W4,72104173-C,Length Units,,Operations,Strouse-HQ,,Average,Default Cost Category,"Polyester, 5 Mil Clear",TRUE,0.0147,,,5000 Cost of Goods,300000 Sales,13100 Inventory Asset,FALSE
22156,DT17-W41.732,DT17,Length Units,,Operations,Strouse-HQ,,Average,Default Cost Category,"Duct tape, Black ",TRUE,0.212682494,,,5000 Cost of Goods,300000 Sales,13100 Inventory Asset,FALSE
22160,9628FL-W54,9628FL,Length Units,,Operations,Strouse-HQ,,Average,Default Cost Category,"9628FL, 2 mil 360 high perform./3.2 mil liner",TRUE,0.015399,,,5000 Cost of Goods,300000 Sales,13100 Inventory Asset,FALSE
22263,ECF 568-W12,ECF 568,Length Units,,Operations,Strouse-HQ,,Average,Default Cost Category,Loctite Ablestik 5 mil,TRUE,0.021168,,,5000 Cost of Goods,300000 Sales,13100 Inventory Asset,FALSE
22316,8992L-W54,8992L,Length Units,,Operations,Strouse-HQ,,Average,Default Cost Category,"8992L, 2 mil green polyester with silicone adhesive. Linered",TRUE,0.051408,,,5000 Cost of Goods,300000 Sales,13100 Inventory Asset,FALSE
22417,44093-W40,44093,Length Units,,Operations,Strouse-HQ,,Average,Default Cost Category,"Polyester, 2 mil clear, Type D high clarity, meets FDA 21 CFR 177.1630",TRUE,0.9522,,,5000 Cost of Goods,300000 Sales,13100 Inventory Asset,FALSE
22508,FRA 616-W2.25,FRA 616,Length Units,,Operations,Strouse-HQ,,Average,Default Cost Category,"Liner, FRA 616, 10.55 mil BPK",TRUE,0.027279,,,5000 Cost of Goods,300000 Sales,13100 Inventory Asset,FALSE
22613,7495-W5,7495,Length Units,,Operations,Strouse-HQ,,Average,Default Cost Category,16 cm Ver 2. Die cut pull strip set. Unprinted,TRUE,0.0924012,,,5000 Cost of Goods,300000 Sales,13100 Inventory Asset,FALSE
22763,SPR4L5400GG-W48,SPR4L5400GG,Length Units,,Operations,Strouse-HQ,,Average,Default Cost Category,"LDPE, Protective film, Rubber adhesive",TRUE,4.22662963,,,5000 Cost of Goods,300000 Sales,13100 Inventory Asset,FALSE
22789,1016 P/R-W2.75,1016 P/R,Length Units,,Operations,Strouse-HQ,,Average,Default Cost Category,"Foam, 1/16"" white 1016 P/R, permanent adhesive on exposed side, removable under liner",TRUE,0.079060026,,,5000 Cost of Goods,300000 Sales,13100 Inventory Asset,FALSE
22866,Active Adhesive VVM14-W6.496,Active Adhesive VVM14,Length Units,,Operations,Strouse-HQ,,Average,Default Cost Category,CSM - Active Adhesive Laminate - VVM14,TRUE,0,,,5000 Cost of Goods,300000 Sales,13100 Inventory Asset,FALSE
22925,9471LE-W12.5,9471LE,Length Units,,Operations,Strouse-HQ,,Average,Default Cost Category,"9471LE, 2 mil, 300LSE, 58#PCK",TRUE,0.330443889,,,5000 Cost of Goods,300000 Sales,13100 Inventory Asset,FALSE
22926,4701-30-20062-04-W12.75,4701-30-20062-04,"Each (Use for Boxes, Bags, Cores, Cases)",3,Operations,Strouse-HQ,,Average,Default Cost Category,"Foam, Poron, Black, no PSA. .0625""",TRUE,0.026216667,,,5000 Cost of Goods,300000 Sales,13100 Inventory Asset,FALSE
22990,FRA 312 (Q200) -W4.75,FRA 312 (Q200) ,Length Units,,Operations,Strouse-HQ,,Average,Default Cost Category,"Liner, 2 mil Q200, polyester clear, S1S Easy - Medium ",TRUE,0.088776978,,,5000 Cost of Goods,300000 Sales,13100 Inventory Asset,FALSE
23166,54092-W6,54092,Length Units,,Operations,Strouse-HQ,,Average,Default Cost Category,Fasson® Trans­Therm 1C/S2550/40#CK,TRUE,4.917806481,,,5000 Cost of Goods,300000 Sales,13100 Inventory Asset,FALSE
23173,LDPE-W12,LDPE,Length Units,,Operations,Strouse-HQ,,Average,Default Cost Category,"LDPE, 2 mil uncoated.",TRUE,1.68146037,,,5000 Cost of Goods,300000 Sales,13100 Inventory Asset,FALSE
23192,FRA 312 (Q200)-W2.68,FRA 312 (Q200),Length Units,,Operations,Strouse-HQ,,Average,Default Cost Category,2 mil Clear Polyester S1S Easy - Medium Release Liner,TRUE,0.008568,,,5000 Cost of Goods,300000 Sales,13100 Inventory Asset,FALSE
23276,L3+T5-W4,L3+T5,"Each (Use for Boxes, Bags, Cores, Cases)",3,Operations,Strouse-HQ,,Average,Default Cost Category,5 mil transfer,TRUE,0.652659259,,,5000 Cost of Goods,300000 Sales,13100 Inventory Asset,FALSE
23307,SCE41B-W42,SCE41B,Length Units,,Operations,Strouse-HQ,,Average,Default Cost Category,"Neoprene Foam, 0.063” SCE41B, Black, no adhesive",TRUE,0.0038291,,,5000 Cost of Goods,300000 Sales,13100 Inventory Asset,FALSE
23363,SEV Vizion Natural-W8,SEV Vizion Natural,Length Units,,Operations,Strouse-HQ,,Average,Default Cost Category,"2#, EVA, White, 1' thick",TRUE,0.072,,,5000 Cost of Goods,300000 Sales,13100 Inventory Asset,FALSE
23366,63-W6.25,63,Length Units,,Operations,Strouse-HQ,,Average,Default Cost Category,Teflon Tape with Silicone Adh.,TRUE,0.068,,,5000 Cost of Goods,300000 Sales,13100 Inventory Asset,FALSE
23379,SEV Vizion Natural-W11,SEV Vizion Natural,Length Units,,Operations,Strouse-HQ,,Average,Default Cost Category,"2#, EVA, White, 1' thick",TRUE,0.230980741,,,5000 Cost of Goods,300000 Sales,13100 Inventory Asset,FALSE
23380,1509-W10.75,1509,Length Units,,Operations,Strouse-HQ,,Average,Default Cost Category,"1509, double coated medical grade tape, 4.9 mil, 80# liner",TRUE,0.163044444,,,5000 Cost of Goods,300000 Sales,13100 Inventory Asset,FALSE
23421,4735L-W3,4735L,Length Units,,Operations,Strouse-HQ,,Average,Default Cost Category,"Vinyl, Orange, Linered",TRUE,0.0558528,,,5000 Cost of Goods,300000 Sales,13100 Inventory Asset,FALSE
23507,827-W3.78,827,Length Units,,Operations,Strouse-HQ,,Average,Default Cost Category,"827, PE film tape, Rubber adhesive,
Black",TRUE,0.583139124,,,5000 Cost of Goods,300000 Sales,13100 Inventory Asset,FALSE
23513,LD-15 - White-W42,LD-15 - White,"Each (Use for Boxes, Bags, Cores, Cases)",3,Operations,Strouse-HQ,,Average,Default Cost Category,"Plastazote LD-15 foam, White, 0.5"" thick",TRUE,0.009485977,,,5000 Cost of Goods,300000 Sales,13100 Inventory Asset,FALSE
23581,5201-W6.25,5201,Length Units,,Operations,Strouse-HQ,,Average,Default Cost Category,laminated white masking tape from Step 1 JT 5201 OBBCO,TRUE,0.120669,,,5000 Cost of Goods,300000 Sales,13100 Inventory Asset,FALSE
23603,4926-W3,4926,Length Units,,Operations,Strouse-HQ,,Average,Default Cost Category,"4926, Foam, 15 mil, VHB, double coated grey",TRUE,0.04370625,,,5000 Cost of Goods,300000 Sales,13100 Inventory Asset,FALSE
23620,11229-W24,11229,Length Units,,Operations,Strouse-HQ,,Average,Default Cost Category,CSM - 5.5 mil Paper ,TRUE,0.397478519,,,5000 Cost of Goods,300000 Sales,13100 Inventory Asset,FALSE
23630,9383,9383,"Each (Use for Boxes, Bags, Cores, Cases)",3,Operations,Strouse-HQ,,Average,Default Cost Category,"6"" x 3.939"" Printed Label for Advantage Plus, Color 10077C (Metallic Silver), Strouse-made in-house",TRUE,0.035340573,,,5000 Cost of Goods,300000 Sales,13100 Inventory Asset,FALSE
23708,FLX068885-W60,FLX068885,Length Units,,Operations,Strouse-HQ,,Average,Default Cost Category,CSM - Omni Wave - TT 200 Black H-502 150 Poly H-9 4499-8,TRUE,0.009972,,,5000 Cost of Goods,300000 Sales,13100 Inventory Asset,FALSE
23721,6035PC-W11,6035PC,Length Units,,Operations,Strouse-HQ,,Average,Default Cost Category,"6035PC, 5 mil, 300MP, 58# PC liner",TRUE,0.007038,,,5000 Cost of Goods,300000 Sales,13100 Inventory Asset,FALSE
23722,IB8161-78-W3.75,IB8161-78,Length Units,,Operations,Strouse-HQ,,Average,Default Cost Category,"8161 Adhesive, double sided, .5 mil PET, 78# SCK",TRUE,0.018304514,,,5000 Cost of Goods,300000 Sales,13100 Inventory Asset,FALSE
23732,8717-W1.59,8717,"Each (Use for Boxes, Bags, Cores, Cases)",3,Operations,Strouse-HQ,,Average,Default Cost Category,Oral Hydration indicator - JT 8717,TRUE,0.032174985,,,5000 Cost of Goods,300000 Sales,13100 Inventory Asset,FALSE
23738,468MP-W3.38,468MP,Length Units,,Operations,Strouse-HQ,,Average,Default Cost Category,"5 mil, 200MP, 58#PCK",TRUE,0.23544,,,5000 Cost of Goods,300000 Sales,13100 Inventory Asset,FALSE
