Item Name/Number,Internal Id,PACKAGING/FINISHING INSTRUCTIONS,Production Instruction
192,879,"Number Across Run/Finish –  1/1
Where Finished –  On Press
Length per Roll/Unit – 402'
Core Type –  3"" Paper 1/8"" Strouse Brown
Core Width – 5.750""
Core Label – Yes
Dividers – Corrugated
Bag Size – 
Qty. Per Bag – 1 Roll
Box Size –  13 x 13 x 13
Qty. Per Box – 4 M
Weight/box – 38
Box Per Pallet – 
Pallet Type – ","Core  –  3"" Paper 1/8"" Strouse Brown
Width – 5.750""
Number Across Run/FInish –  1/1
Core Label – Yes
±10% –  Yes
Unwind Dir. Run – Parts Out
Unwind Dir. Finish –  Parts Out
Diecut/Continuous/Sheet –  Die Cut
Partial Case –  No
Pieces per roll/Unit – 500
Length per roll/unit –  402'
Finish – On Press
Application – Automatic"
194,880,"Number Across Run/Finish –  2/1
Where Finished –  On Press
Length per Roll/Unit – 110'
Core Type –  CS 3.0""
Core Width – 3""
Core Label – Yes
Dividers – 
Bag Size – 
Qty. Per Bag – 1 Roll
Box Size –  12 x 12 x 12
Qty. Per Box – 20 M
Weight/box – 20
Box Per Pallet – 
Pallet Type – ","Core  –  CS 3.0""
Width – 3""
Number Across Run/FInish –  2/1
Core Label – Yes
±10% –  Yes
Unwind Dir. Run – N/A
Unwind Dir. Finish –  N/A
Diecut/Continuous/Sheet –  Die Cut
Partial Case –  Yes
Pieces per roll/Unit – 500
Length per roll/unit –  110'
Finish – On Press
Application – Hand"
286,881,"Number Across Run/Finish –  2/1
Where Finished –  Web Techniques
Length per Roll/Unit – 510'
Core Type –  3"" Paper 1/8"" White Brown
Core Width – 4.125""
Core Label – Yes
Dividers – Corrugated on top and bottom
Bag Size – 
Qty. Per Bag – 2 Rolls
Box Size –  10 x 10 x 10
Qty. Per Box – 6 Rolls
Weight/box – 
Box Per Pallet – 
Pallet Type – ","Core  –  3"" Paper 1/8"" White Brown
Width – 4.125""
Number Across Run/FInish –  2/1
Core Label – Yes
±10% –  Yes
Unwind Dir. Run – Parts Out
Unwind Dir. Finish –  Parts Out
Diecut/Continuous/Sheet –  Die Cut
Partial Case –  Yes
Pieces per roll/Unit – 1,000
Length per roll/unit –  510'
Finish – Web Techniques
Application – Hand"
519,882,"Number Across Run/Finish –  1/
Where Finished –  On Press
Length per Roll/Unit – 
Core Type –  3"" Paper (3/8"" wall)
Core Width – 3.937""
Core Label – Yes
Dividers – Paper
Bag Size – 
Qty. Per Bag – 
Box Size –  10 x 10 x 10
Qty. Per Box – 
Weight/box – 
Box Per Pallet – 
Pallet Type – ","Core  –  3"" Paper (3/8"" wall)
Width – 3.937""
Number Across Run/FInish –  1/
Core Label – Yes
±10% –  OK
Unwind Dir. Run – N/A
Unwind Dir. Finish –  
Diecut/Continuous/Sheet –  Continuous
Partial Case –  Yes
Pieces per roll/Unit – 1 Roll
Length per roll/unit –  
Finish – On Press
Application – Automatic"
1226,883,"Number Across Run/Finish –  4/4
Where Finished –  On Press
Length per Roll/Unit – 493'
Core Type –  3"" Paper 1/8"" White Brown
Core Width – 3.5""
Core Label – Yes
Dividers – 
Bag Size – 
Qty. Per Bag – 
Box Size –  14-1/4 x 9-1/2 x 12-5/8
Qty. Per Box – 8 Rolls
Weight/box – 
Box Per Pallet – 
Pallet Type – ","Core  –  3"" Paper 1/8"" White Brown
Width – 3.5""
Number Across Run/FInish –  4/4
Core Label – Yes
±10% –  Yes
Unwind Dir. Run – Parts Out
Unwind Dir. Finish –  Parts Out
Diecut/Continuous/Sheet –  Die Cut
Partial Case –  Yes
Pieces per roll/Unit – 9,000
Length per roll/unit –  493'
Finish – On Press
Application – Hand"
1305,884,"Number Across Run/Finish –  1/1
Where Finished –  Web Techniques
Length per Roll/Unit – 500'
Core Type –  3"" Paper 1/8"" White Brown
Core Width – 8""
Core Label – Yes
Dividers – 
Bag Size – 
Qty. Per Bag – 1 Roll
Box Size –  11 x 11 x 8
Qty. Per Box – 2 M
Weight/box – 26
Box Per Pallet – 
Pallet Type – ","Core  –  3"" Paper 1/8"" White Brown
Width – 8""
Number Across Run/FInish –  1/1
Core Label – Yes
±10% –  Ask
Unwind Dir. Run – 2
Unwind Dir. Finish –  1
Diecut/Continuous/Sheet –  Die Cut
Partial Case –  Ask
Pieces per roll/Unit – 1 Roll
Length per roll/unit –  500'
Finish – Web Techniques
Application – Automatic"
1735,885,"Number Across Run/Finish –  4/4
Where Finished –  Off Press
Length per Roll/Unit – 425'
Core Type –  3"" Paper 1/8"" White Brown
Core Width – 4.25""
Core Label – Yes
Dividers – 
Bag Size – 
Qty. Per Bag – 
Box Size –  10 x 10 x 10
Qty. Per Box – 6 Rolls
Weight/box – 
Box Per Pallet – 
Pallet Type – ","Core  –  3"" Paper 1/8"" White Brown
Width – 4.25""
Number Across Run/FInish –  4/4
Core Label – Yes
±10% –  OK
Unwind Dir. Run – Parts Out
Unwind Dir. Finish –  Parts Out
Diecut/Continuous/Sheet –  Die Cut
Partial Case –  Yes
Pieces per roll/Unit – 25,000
Length per roll/unit –  425'
Finish – Off Press
Application – Hand"
1771,886,"Number Across Run/Finish –  2/1
Where Finished –  Web Techniques
Length per Roll/Unit – 45'
Core Type –  3"" Paper 1/8"" White Brown
Core Width – 1.0""
Core Label – Yes
Dividers – 
Bag Size – 
Qty. Per Bag – 1 Roll
Box Size –  10 x 10 x 10
Qty. Per Box – 20 M
Weight/box – 5
Box Per Pallet – 
Pallet Type – ","Core  –  3"" Paper 1/8"" White Brown
Width – 1.0""
Number Across Run/FInish –  2/1
Core Label – Yes
±10% –  OK
Unwind Dir. Run – Parts Out
Unwind Dir. Finish –  Parts Out
Diecut/Continuous/Sheet –  Die Cut
Partial Case –  Yes
Pieces per roll/Unit – 1,000
Length per roll/unit –  45'
Finish – Web Techniques
Application – Hand"
1812,887,"Number Across Run/Finish –  2/2
Where Finished –  On Press
Length per Roll/Unit – 210'
Core Type –  3"" Paper 1/8"" White Brown
Core Width – 5""
Core Label – No
Dividers – 
Bag Size – 
Qty. Per Bag – 
Box Size –  10 x 10 x 10
Qty. Per Box – 
Weight/box – 
Box Per Pallet – 
Pallet Type – ","Core  –  3"" Paper 1/8"" White Brown
Width – 5""
Number Across Run/FInish –  2/2
Core Label – No
±10% –  Yes
Unwind Dir. Run – Parts Out
Unwind Dir. Finish –  Parts Out
Diecut/Continuous/Sheet –  Die Cut
Partial Case –  Yes
Pieces per roll/Unit – 1 Roll
Length per roll/unit –  210'
Finish – On Press
Application – Hand"
1831,888,"Number Across Run/Finish –  1/1
Where Finished –  On Press
Length per Roll/Unit – 500'
Core Type –  3"" Plastic
Core Width – 6""
Core Label – Yes
Dividers – 
Bag Size – 
Qty. Per Bag – 1 Roll
Box Size –  12 x 12 x 12
Qty. Per Box – 1 M/Ft
Weight/box – 
Box Per Pallet – 
Pallet Type – ","Core  –  3"" Plastic
Width – 6""
Number Across Run/FInish –  1/1
Core Label – Yes
±10% –  Yes
Unwind Dir. Run – N/A
Unwind Dir. Finish –  N/A
Diecut/Continuous/Sheet –  Continuous
Partial Case –  Yes
Pieces per roll/Unit – 1 Roll
Length per roll/unit –  500'
Finish – On Press
Application – Automatic"
2190,889,"Number Across Run/Finish –  3/3
Where Finished –  On Press
Length per Roll/Unit – 500'
Core Type –  3"" Paper 1/8"" White Brown
Core Width – 1.875""
Core Label – Yes
Dividers – 
Bag Size – 
Qty. Per Bag – 
Box Size –  10 x 10 x 10
Qty. Per Box – 
Weight/box – 
Box Per Pallet – 
Pallet Type – ","Core  –  3"" Paper 1/8"" White Brown
Width – 1.875""
Number Across Run/FInish –  3/3
Core Label – Yes
±10% –  Yes
Unwind Dir. Run – Parts Out
Unwind Dir. Finish –  Parts Out
Diecut/Continuous/Sheet –  Die Cut
Partial Case –  Yes
Pieces per roll/Unit – 10,588
Length per roll/unit –  500'
Finish – On Press
Application – Hand"
2329,890,"Number Across Run/Finish –  1/1
Where Finished –  Off Press
Length per Roll/Unit – 123'
Core Type –  3"" Paper 1/8"" Strouse Brown
Core Width – 1.625""
Core Label – Yes - See Note
Dividers – 
Bag Size – 
Qty. Per Bag – 1 Roll
Box Size –  16.5 x 16.5 x 8
Qty. Per Box – Best fit per order 
Weight/box – 
Box Per Pallet – 
Pallet Type – ","Core  –  3"" Paper 1/8"" Strouse Brown
Width – 1.625""
Number Across Run/FInish –  1/1
Core Label – Yes - See Note
±10% –  No
Unwind Dir. Run – Parts Out
Unwind Dir. Finish –  Parts Out
Diecut/Continuous/Sheet –  Die Cut
Partial Case –  Yes
Pieces per roll/Unit – 2,500
Length per roll/unit –  123'
Finish – Off Press
Application – Hand"
2347,891,"Number Across Run/Finish –  1/1
Where Finished –  Off Press
Length per Roll/Unit – 1,000'
Core Type –  10"" Paper 3/8"" Brown Brown
Core Width – 3.7""
Core Label – Yes
Dividers – Corrugated  
Bag Size – 
Qty. Per Bag – 1 Rolls
Box Size –  10 x 10 x 10
Qty. Per Box – 2 M/Ft
Weight/box – 
Box Per Pallet – 
Pallet Type – ","Core  –  10"" Paper 3/8"" Brown Brown
Width – 3.7""
Number Across Run/FInish –  1/1
Core Label – Yes
±10% –  Yes
Unwind Dir. Run – N/A
Unwind Dir. Finish –  N/A
Diecut/Continuous/Sheet –  Die Cut
Partial Case –  Yes
Pieces per roll/Unit – 1 Roll
Length per roll/unit –  1,000'
Finish – Off Press
Application – Hand"
2563,892,"Number Across Run/Finish –  1/1
Where Finished –  Off Press
Length per Roll/Unit – 240'
Core Type –  3"" Paper 1/8"" Strouse Brown
Core Width – 3.0""
Core Label – Yes
Dividers – Paper
Bag Size – 
Qty. Per Bag – 3 Rolls
Box Size –  
Qty. Per Box – 6 M
Weight/box – 
Box Per Pallet – 
Pallet Type – ","Core  –  3"" Paper 1/8"" Strouse Brown
Width – 3.0""
Number Across Run/FInish –  1/1
Core Label – Yes
±10% –  Yes
Unwind Dir. Run – 3
Unwind Dir. Finish –  4
Diecut/Continuous/Sheet –  Die Cut
Partial Case –  Yes
Pieces per roll/Unit – 1,000
Length per roll/unit –  240'
Finish – Off Press
Application – Hand"
2693,893,"Number Across Run/Finish –  1/1
Where Finished –  On Press
Length per Roll/Unit – 210'
Core Type –  3"" Paper (1/8"" wall)
Core Width – 2.375""
Core Label – Yes
Dividers – 
Bag Size – 
Qty. Per Bag – 
Box Size –  19 x 11 x 13
Qty. Per Box – 
Weight/box – 
Box Per Pallet – 
Pallet Type – ","Core  –  3"" Paper (1/8"" wall)
Width – 2.375""
Number Across Run/FInish –  1/1
Core Label – Yes
±10% –  No
Unwind Dir. Run – Out
Unwind Dir. Finish –  Out
Diecut/Continuous/Sheet –  Die Cut
Partial Case –  Yes
Pieces per roll/Unit – 5,040
Length per roll/unit –  210'
Finish – On Press
Application – Hand"
2737,894,"Number Across Run/Finish –  2/1
Where Finished –  On Press
Length per Roll/Unit – 469'
Core Type –  3"" Paper 1/8"" White Brown
Core Width – 1.75""
Core Label – Yes
Dividers – Corrugated 12 x 12
Bag Size – 
Qty. Per Bag – 
Box Size –  Best Fit Per Qty
Qty. Per Box – 40 M
Weight/box – 14
Box Per Pallet – 
Pallet Type – ","Core  –  3"" Paper 1/8"" White Brown
Width – 1.75""
Number Across Run/FInish –  2/1
Core Label – Yes
±10% –  Ask
Unwind Dir. Run – parts Out
Unwind Dir. Finish –  parts Out
Diecut/Continuous/Sheet –  Die Cut
Partial Case –  Ask
Pieces per roll/Unit – 5,000
Length per roll/unit –  469'
Finish – On Press
Application – Automatic"
2749,895,"Number Across Run/Finish –  1/1
Where Finished –  Off Press
Length per Roll/Unit – 53'
Core Type –  3"" Paper 1/8"" Strouse Brown
Core Width – 2.5""
Core Label – Yes - See Note
Dividers – 
Bag Size – 
Qty. Per Bag – 1 Roll
Box Size –  16 1/2 x 8 1/2 x 13
Qty. Per Box – Best fit per order 
Weight/box – 
Box Per Pallet – 
Pallet Type – ","Core  –  3"" Paper 1/8"" Strouse Brown
Width – 2.5""
Number Across Run/FInish –  1/1
Core Label – Yes - See Note
±10% –  No
Unwind Dir. Run – Parts Out
Unwind Dir. Finish –  Parts Out
Diecut/Continuous/Sheet –  Die Cut
Partial Case –  Yes
Pieces per roll/Unit – 1,000
Length per roll/unit –  53'
Finish – Off Press
Application – Hand"
2886,896,"Number Across Run/Finish –  1/1
Where Finished –  Off Press
Length per Roll/Unit – 53'
Core Type –  3"" Paper 1/8"" Strouse Brown
Core Width – 2.5""
Core Label – Yes - See Note
Dividers – 
Bag Size – 
Qty. Per Bag – 1 Roll
Box Size –  12 x 12 x 12
Qty. Per Box – Best fit per order 
Weight/box – 
Box Per Pallet – 
Pallet Type – ","Core  –  3"" Paper 1/8"" Strouse Brown
Width – 2.5""
Number Across Run/FInish –  1/1
Core Label – Yes - See Note
±10% –  No
Unwind Dir. Run – Parts Out
Unwind Dir. Finish –  Parts Out
Diecut/Continuous/Sheet –  Die Cut
Partial Case –  Yes
Pieces per roll/Unit – 1,000
Length per roll/unit –  53'
Finish – Off Press
Application – "
2926,897,"Number Across Run/Finish –  2/1
Where Finished –  Off Press
Length per Roll/Unit – 167'
Core Type –  3"" Paper 1/8"" White Brown
Core Width – 1.50""
Core Label – Yes
Dividers – 
Bag Size – 
Qty. Per Bag – 1 Roll
Box Size –  14 x 14 x 14
Qty. Per Box – 4 M
Weight/box – 2
Box Per Pallet – 
Pallet Type – ","Core  –  3"" Paper 1/8"" White Brown
Width – 1.50""
Number Across Run/FInish –  2/1
Core Label – Yes
±10% –  Yes
Unwind Dir. Run – Parts Out
Unwind Dir. Finish –  Parts Out
Diecut/Continuous/Sheet –  Die Cut
Partial Case –  Yes
Pieces per roll/Unit – 2,000
Length per roll/unit –  167'
Finish – Off Press
Application – "
3036,898,"Number Across Run/Finish –  1/
Where Finished –  Off Press
Length per Roll/Unit – 1,000'
Core Type –  10"" Paper 3/8"" Brown Brown
Core Width – 3.70""
Core Label – Yes
Dividers – 
Bag Size – 
Qty. Per Bag – 1 
Box Size –  10 x 10 x 10
Qty. Per Box – 2 
Weight/box – 14
Box Per Pallet – 
Pallet Type – ","Core  –  10"" Paper 3/8"" Brown Brown
Width – 3.70""
Number Across Run/FInish –  1/
Core Label – Yes
±10% –  No
Unwind Dir. Run – 
Unwind Dir. Finish –  
Diecut/Continuous/Sheet –  Die Cut
Partial Case –  Yes
Pieces per roll/Unit – 1 Roll
Length per roll/unit –  1,000'
Finish – Off Press
Application – Hand"
3053,899,"Number Across Run/Finish –  3/3
Where Finished –  On Press
Length per Roll/Unit – 108'
Core Type –  3"" Paper 1/8"" Strouse Brown
Core Width – 1.5""
Core Label – Yes
Dividers – 
Bag Size – 
Qty. Per Bag – 1 Roll
Box Size –  10 x 10 x 10
Qty. Per Box – 186 M
Weight/box – 
Box Per Pallet – 
Pallet Type – ","Core  –  3"" Paper 1/8"" Strouse Brown
Width – 1.5""
Number Across Run/FInish –  3/3
Core Label – Yes
±10% –  Yes
Unwind Dir. Run – Parts Out
Unwind Dir. Finish –  Parts Out
Diecut/Continuous/Sheet –  Die Cut
Partial Case –  Yes
Pieces per roll/Unit – 10,360
Length per roll/unit –  108'
Finish – On Press
Application – Hand"
3082,900,"Number Across Run/Finish –  2/1
Where Finished –  On Press
Length per Roll/Unit – 168'
Core Type –  N/A
Core Width – N/A
Core Label – No
Dividers – 
Bag Size – 
Qty. Per Bag – 4 M
Box Size –  10 x 10 x 10
Qty. Per Box – 4 M
Weight/box – 6
Box Per Pallet – 
Pallet Type – ","Core  –  N/A
Width – N/A
Number Across Run/FInish –  2/1
Core Label – No
±10% –  Ask
Unwind Dir. Run – N/A
Unwind Dir. Finish –  N/A
Diecut/Continuous/Sheet –  Sheet
Partial Case –  Yes
Pieces per roll/Unit – 4,000
Length per roll/unit –  168'
Finish – On Press
Application – Hand"
3083,901,"Number Across Run/Finish –  2/1
Where Finished –  On Press
Length per Roll/Unit – 168'
Core Type –  N/A
Core Width – N/A
Core Label – No
Dividers – 
Bag Size – 
Qty. Per Bag – 4 M
Box Size –  14 x 14 x 8
Qty. Per Box – 4 M
Weight/box – 6
Box Per Pallet – 
Pallet Type – ","Core  –  N/A
Width – N/A
Number Across Run/FInish –  2/1
Core Label – No
±10% –  Ask
Unwind Dir. Run – N/A
Unwind Dir. Finish –  N/A
Diecut/Continuous/Sheet –  Sheet
Partial Case –  Yes
Pieces per roll/Unit – 4,000
Length per roll/unit –  168'
Finish – On Press
Application – Hand"
3114,902,"Number Across Run/Finish –  1/1
Where Finished –  On Press
Length per Roll/Unit – 71'
Core Type –  N/A
Core Width – N/A
Core Label – Yes
W/O #
Date:
OP#
Dividers – 7"" x 9"" Polyflute
Bag Size – 
Qty. Per Bag – 0.1 M
Box Size –  12 x 12 x 12
Qty. Per Box – 2,000 Each
Weight/box – 24
Box Per Pallet – 
Pallet Type – ","Core  –  N/A
Width – N/A
Number Across Run/FInish –  1/1
Core Label – Yes
W/O #
Date:
OP#
±10% –  Yes
Unwind Dir. Run – N/A
Unwind Dir. Finish –  N/A
Diecut/Continuous/Sheet –  Sheet
Partial Case –  No
Pieces per roll/Unit – 100
Length per roll/unit –  71'
Finish – On Press
Application – Hand"
3136,903,"Number Across Run/Finish –  1/1
Where Finished –  Off Press
Length per Roll/Unit – 1,000'
Core Type –  10"" Paper 3/8"" Brown Brown
Core Width – 3.7""
Core Label – Yes
Dividers – Corrugated  
Bag Size – 
Qty. Per Bag – 1 Roll
Box Size –  13 x 13 x 13
Qty. Per Box – 2 M/Ft
Weight/box – 21
Box Per Pallet – 
Pallet Type – ","Core  –  10"" Paper 3/8"" Brown Brown
Width – 3.7""
Number Across Run/FInish –  1/1
Core Label – Yes
±10% –  Yes
Unwind Dir. Run – N/A
Unwind Dir. Finish –  N/A
Diecut/Continuous/Sheet –  Die Cut
Partial Case –  Yes
Pieces per roll/Unit – 1 Roll
Length per roll/unit –  1,000'
Finish – Off Press
Application – Hand"
3164,904,"Number Across Run/Finish –  1/1
Where Finished –  On Press
Length per Roll/Unit – 65'
Core Type –  3"" Paper 1/8"" White Brown
Core Width – 0.75""
Core Label – Yes
Dividers – 
Bag Size – 
Qty. Per Bag – 500 Rolls
Box Size –  11 x 11 x 14
Qty. Per Box – 500 Rolls
Weight/box – 
Box Per Pallet – 
Pallet Type – ","Core  –  3"" Paper 1/8"" White Brown
Width – 0.75""
Number Across Run/FInish –  1/1
Core Label – Yes
±10% –  Yes
Unwind Dir. Run – Parts Out
Unwind Dir. Finish –  Parts Out
Diecut/Continuous/Sheet –  Die Cut
Partial Case –  Yes
Pieces per roll/Unit – 1,546
Length per roll/unit –  65'
Finish – On Press
Application – Hand"
3282,905,"Number Across Run/Finish –  1/1
Where Finished –  Web Techniques
Length per Roll/Unit – 167'
Core Type –  3"" Paper 1/8"" White Brown
Core Width – 4.468""
Core Label – Yes
Dividers – Corrugated
Bag Size – 
Qty. Per Bag – 10 Rolls
Box Size –  12 1/2 x 8 1/2 x 12 5/8
Qty. Per Box – 10 M
Weight/box – 25
Box Per Pallet – 
Pallet Type – ","Core  –  3"" Paper 1/8"" White Brown
Width – 4.468""
Number Across Run/FInish –  1/1
Core Label – Yes
±10% –  No
Unwind Dir. Run – 4
Unwind Dir. Finish –  3
Diecut/Continuous/Sheet –  Die Cut
Partial Case –  Yes
Pieces per roll/Unit – 1,000
Length per roll/unit –  167'
Finish – Web Techniques
Application – Hand"
3345,906,"Number Across Run/Finish –  7/1
Where Finished –  On Press
Length per Roll/Unit – 1 Sheet
Core Type –  N/A
Core Width – N/A
Core Label – No
Dividers – 
Bag Size – 
Qty. Per Bag – 30 Each
Box Size –  14 x 14 x 14
Qty. Per Box – 30 Each
Weight/box – 
Box Per Pallet – 
Pallet Type – ","Core  –  N/A
Width – N/A
Number Across Run/FInish –  7/1
Core Label – No
±10% –  Yes
Unwind Dir. Run – N/A
Unwind Dir. Finish –  
Diecut/Continuous/Sheet –  Sheet
Partial Case –  Yes
Pieces per roll/Unit – 1 Sheet
Length per roll/unit –  1 Sheet
Finish – On Press
Application – Hand"
3356,907,"Number Across Run/Finish –  1/1
Where Finished –  On Press
Length per Roll/Unit – 0
Core Type –  N/A
Core Width – N/A
Core Label – Yes
Dividers – 
Bag Size – 
Qty. Per Bag – 4.8 M
Box Size –  14 1/4 x 8 3/4  x 12 5/8
Qty. Per Box – 48 M
Weight/box – 
Box Per Pallet – 
Pallet Type – ","Core  –  N/A
Width – N/A
Number Across Run/FInish –  1/1
Core Label – Yes
±10% –  Yes
Unwind Dir. Run – N/A
Unwind Dir. Finish –  N/A
Diecut/Continuous/Sheet –  Sheet
Partial Case –  Yes
Pieces per roll/Unit – 4,800
Length per roll/unit –  0
Finish – On Press
Application – Automatic"
3479,908,"Number Across Run/Finish –  2/1
Where Finished –  Off Press
Length per Roll/Unit – 505'
Core Type –  3"" Paper (1/8"" wall)
Core Width – 1.1""
Core Label – Yes
Dividers – 
Bag Size – 
Qty. Per Bag – 10 M
Box Size –  8 1/8 x 8 1/8 x 32 Top & Bottom Log Box
Qty. Per Box – 100 M
Weight/box – 
Box Per Pallet – 
Pallet Type – ","Core  –  3"" Paper (1/8"" wall)
Width – 1.1""
Number Across Run/FInish –  2/1
Core Label – Yes
±10% –  Yes
Unwind Dir. Run – Parts Out
Unwind Dir. Finish –  See note
Diecut/Continuous/Sheet –  Die Cut
Partial Case –  Yes
Pieces per roll/Unit – 10,000
Length per roll/unit –  505'
Finish – Off Press
Application – Automatic"
3516,909,"Number Across Run/Finish –  24/1
Where Finished –  On Press
Length per Roll/Unit – 1 Sheet
Core Type –  N/A
Core Width – N/A
Core Label – No
Dividers – 
Bag Size – 
Qty. Per Bag – 100 Each
Box Size –  Best Fit Per Qty
Qty. Per Box – 100 Each
Weight/box – 
Box Per Pallet – 
Pallet Type – ","Core  –  N/A
Width – N/A
Number Across Run/FInish –  24/1
Core Label – No
±10% –  Ask
Unwind Dir. Run – N/A
Unwind Dir. Finish –  N/A
Diecut/Continuous/Sheet –  Sheet
Partial Case –  Ask
Pieces per roll/Unit – 1 Sheet
Length per roll/unit –  1 Sheet
Finish – On Press
Application – Automatic"
3524,910,"Number Across Run/Finish –  16/1
Where Finished –  On Press
Length per Roll/Unit – 1'
Core Type –  N/A
Core Width – N/A
Core Label – No
Dividers – 
Bag Size – 
Qty. Per Bag – 250 Pcs
Box Size –  
Qty. Per Box – 1 M
Weight/box – 
Box Per Pallet – 
Pallet Type – ","Core  –  N/A
Width – N/A
Number Across Run/FInish –  16/1
Core Label – No
±10% –  Yes
Unwind Dir. Run – N/A
Unwind Dir. Finish –  N/A
Diecut/Continuous/Sheet –  Die Cut Sheet
Partial Case –  Yes
Pieces per roll/Unit – 
Length per roll/unit –  1'
Finish – On Press
Application – Hand"
3538,911,"Number Across Run/Finish –  1/
Where Finished –  On Press
Length per Roll/Unit – 678'
Core Type –  N/A
Core Width – 
Core Label – Yes
Dividers – 
Bag Size – 
Qty. Per Bag – 
Box Size –  12 x 12 x 12
Qty. Per Box – 
Weight/box – 
Box Per Pallet – 
Pallet Type – ","Core  –  N/A
Width – 
Number Across Run/FInish –  1/
Core Label – Yes
±10% –  Ask
Unwind Dir. Run – 
Unwind Dir. Finish –  
Diecut/Continuous/Sheet –  Sheet
Partial Case –  Ask
Pieces per roll/Unit – 1 Roll
Length per roll/unit –  678'
Finish – On Press
Application – Hand"
3551,912,"Number Across Run/Finish –  2/1
Where Finished –  On Press
Length per Roll/Unit – 190'
Core Type –  3"" Paper 1/8"" Strouse Brown
Core Width – 2""
Core Label – Yes
Dividers – 
Bag Size – 
Qty. Per Bag – 1 Roll
Box Size –  20.25 x 20.25 x 2.5 cake
Qty. Per Box – 10 M
Weight/box – 
Box Per Pallet – 
Pallet Type – ","Core  –  3"" Paper 1/8"" Strouse Brown
Width – 2""
Number Across Run/FInish –  2/1
Core Label – Yes
±10% –  Yes
Unwind Dir. Run – Parts Out
Unwind Dir. Finish –  Parts Out
Diecut/Continuous/Sheet –  Die Cut
Partial Case –  Yes
Pieces per roll/Unit – 1 Roll
Length per roll/unit –  190'
Finish – On Press
Application – Automatic"
3614,913,"Number Across Run/Finish –  1/1
Where Finished –  On Press
Length per Roll/Unit – 167'
Core Type –  N/A
Core Width – N/A
Core Label – No
Dividers – 19 x 19 Cardboard
Bag Size – 
Qty. Per Bag – 
Box Size –  12 x 12 x 12
Qty. Per Box – 100 Sheets
Weight/box – 41
Box Per Pallet – 20
Pallet Type – ","Core  –  N/A
Width – N/A
Number Across Run/FInish –  1/1
Core Label – No
±10% –  Yes
Unwind Dir. Run – N/A
Unwind Dir. Finish –  N/A
Diecut/Continuous/Sheet –  Sheet
Partial Case –  Yes
Pieces per roll/Unit – 100
Length per roll/unit –  167'
Finish – On Press
Application – Automatic"
3664,914,"Number Across Run/Finish –  1/1
Where Finished –  On Press
Length per Roll/Unit – 56'
Core Type –  3"" Paper 1/8"" Strouse Brown
Core Width – 2.5""
Core Label – Yes
Dividers – 
Bag Size – 
Qty. Per Bag – 5 M
Box Size –  12 x 12 x 4
Qty. Per Box – 10 M
Weight/box – 
Box Per Pallet – 
Pallet Type – ","Core  –  3"" Paper 1/8"" Strouse Brown
Width – 2.5""
Number Across Run/FInish –  1/1
Core Label – Yes
±10% –  Yes
Unwind Dir. Run – Parts Out
Unwind Dir. Finish –  Parts Out
Diecut/Continuous/Sheet –  Die Cut
Partial Case –  Yes
Pieces per roll/Unit – 1,000
Length per roll/unit –  56'
Finish – On Press
Application – Hand"
3683,915,"Number Across Run/Finish –  16/1
Where Finished –  On Press
Length per Roll/Unit – 1'
Core Type –  N/A
Core Width – N/A
Core Label – No
Dividers – 
Bag Size – 
Qty. Per Bag – 250 Pcs
Box Size –  10 x 10 x 10
Qty. Per Box – 1 M
Weight/box – 
Box Per Pallet – 
Pallet Type – ","Core  –  N/A
Width – N/A
Number Across Run/FInish –  16/1
Core Label – No
±10% –  Yes
Unwind Dir. Run – N/A
Unwind Dir. Finish –  N/A
Diecut/Continuous/Sheet –  Die Cut Sheet
Partial Case –  Yes
Pieces per roll/Unit – 
Length per roll/unit –  1'
Finish – On Press
Application – Automatic"
3771,916,"Number Across Run/Finish –  25/1
Where Finished –  On Press
Length per Roll/Unit – 1 Sheet
Core Type –  N/A
Core Width – N/A
Core Label – No
Dividers – 
Bag Size – 
Qty. Per Bag – 355 Each
Box Size –  10 x 10 x 10
Qty. Per Box – 5,000 
Weight/box – 
Box Per Pallet – 
Pallet Type – ","Core  –  N/A
Width – N/A
Number Across Run/FInish –  25/1
Core Label – No
±10% –  Yes
Unwind Dir. Run – N/A
Unwind Dir. Finish –  N/A
Diecut/Continuous/Sheet –  Die Cut Sheet
Partial Case –  Yes
Pieces per roll/Unit – 1 Sheet
Length per roll/unit –  1 Sheet
Finish – On Press
Application – Hand"
4115,917,"Number Across Run/Finish –  2/2
Where Finished –  On Press
Length per Roll/Unit – 209'
Core Type –  N/A
Core Width – N/A
Core Label – No
Dividers – 
Bag Size – 
Qty. Per Bag – 5 M
Box Size –  12 x 12 x 10
Qty. Per Box – 5 M
Weight/box – 
Box Per Pallet – 
Pallet Type – ","Core  –  N/A
Width – N/A
Number Across Run/FInish –  2/2
Core Label – No
±10% –  Yes
Unwind Dir. Run – N/A
Unwind Dir. Finish –  N/A
Diecut/Continuous/Sheet –  Sheet
Partial Case –  Yes
Pieces per roll/Unit – 5,000
Length per roll/unit –  209'
Finish – On Press
Application – Hand"
4200,918,"Number Across Run/Finish –  1/1
Where Finished –  On Press
Length per Roll/Unit – 425'
Core Type –  N/A
Core Width – N/A
Core Label – No
Dividers – 
Bag Size – 
Qty. Per Bag – 10 M
Box Size –  10 x 10 x 10
Qty. Per Box – 10 M
Weight/box – 12
Box Per Pallet – 
Pallet Type – ","Core  –  N/A
Width – N/A
Number Across Run/FInish –  1/1
Core Label – No
±10% –  Yes
Unwind Dir. Run – N/A
Unwind Dir. Finish –  N/A
Diecut/Continuous/Sheet –  Sheet
Partial Case –  Yes
Pieces per roll/Unit – 1 Roll
Length per roll/unit –  425'
Finish – On Press
Application – Hand"
4220,919,"Number Across Run/Finish –  48/1
Where Finished –  Off Press
Length per Roll/Unit – N/A
Core Type –  N/A
Core Width – N/A
Core Label – No
Dividers – 
Bag Size – 
Qty. Per Bag – 1000 M
Box Size –  6 x 6 x 6
Qty. Per Box – 1,000 M
Weight/box – 
Box Per Pallet – 
Pallet Type – ","Core  –  N/A
Width – N/A
Number Across Run/FInish –  48/1
Core Label – No
±10% –  Yes
Unwind Dir. Run – N/A
Unwind Dir. Finish –  N/A
Diecut/Continuous/Sheet –  Die Cut
Partial Case –  Yes
Pieces per roll/Unit – 1,000
Length per roll/unit –  N/A
Finish – Off Press
Application – Hand"
4276,920,"Number Across Run/Finish –  1/1
Where Finished –  Off Press
Length per Roll/Unit – 1,000'
Core Type –  10"" Paper 3/8"" Brown Brown
Core Width – 3.7""
Core Label – Yes
Dividers – 
Bag Size – 
Qty. Per Bag – 1 M
Box Size –  11 x 11 x 14
Qty. Per Box – 1 M
Weight/box – 
Box Per Pallet – 
Pallet Type – ","Core  –  10"" Paper 3/8"" Brown Brown
Width – 3.7""
Number Across Run/FInish –  1/1
Core Label – Yes
±10% –  OK
Unwind Dir. Run – N/A
Unwind Dir. Finish –  N/A
Diecut/Continuous/Sheet –  Continuous Die Cut
Partial Case –  Yes
Pieces per roll/Unit – 1 Roll
Length per roll/unit –  1,000'
Finish – Off Press
Application – Automatic"
4398,921,"Number Across Run/Finish –  2/1
Where Finished –  On Press
Length per Roll/Unit – 131'
Core Type –  3"" Paper 1/8"" White Brown
Core Width – 3.125""
Core Label – Yes
Dividers – 
Bag Size – 
Qty. Per Bag – 
Box Size –  12 1/2 x 8 1/2 x 12 5/8
Qty. Per Box – 8 M
Weight/box – 
Box Per Pallet – 
Pallet Type – ","Core  –  3"" Paper 1/8"" White Brown
Width – 3.125""
Number Across Run/FInish –  2/1
Core Label – Yes
±10% –  OK
Unwind Dir. Run – Parts Out
Unwind Dir. Finish –  Parts Out
Diecut/Continuous/Sheet –  Die Cut
Partial Case –  Yes
Pieces per roll/Unit – 500
Length per roll/unit –  131'
Finish – On Press
Application – Hand"
4467,922,"Number Across Run/Finish –  2/1
Where Finished –  On Press
Length per Roll/Unit – 180'
Core Type –  3"" Paper 1/8"" White Brown
Core Width – 2.0""
Core Label – Yes
Dividers – 
Bag Size – 
Qty. Per Bag – 6  Rolls
Box Size –  Best Fit Per Qty
Qty. Per Box – 12 M
Weight/box – 
Box Per Pallet – 
Pallet Type – ","Core  –  3"" Paper 1/8"" White Brown
Width – 2.0""
Number Across Run/FInish –  2/1
Core Label – Yes
±10% –  Ask
Unwind Dir. Run – Parts Out
Unwind Dir. Finish –  Parts Out
Diecut/Continuous/Sheet –  Die Cut
Partial Case –  Ask
Pieces per roll/Unit – 1,000
Length per roll/unit –  180'
Finish – On Press
Application – Automatic"
4494,923,"Number Across Run/Finish –  1/1
Where Finished –  On Press
Length per Roll/Unit – 210'
Core Type –  3"" Paper 1/8"" White Brown
Core Width – 0.625""
Core Label – No
Dividers – 
Bag Size – 
Qty. Per Bag – 
Box Size –  10 x 10 x 10
Qty. Per Box – 3 M
Weight/box – 
Box Per Pallet – 
Pallet Type – ","Core  –  3"" Paper 1/8"" White Brown
Width – 0.625""
Number Across Run/FInish –  1/1
Core Label – No
±10% –  No
Unwind Dir. Run – Parts Out
Unwind Dir. Finish –  Parts Out
Diecut/Continuous/Sheet –  Die Cut
Partial Case –  Yes
Pieces per roll/Unit – 1 Roll
Length per roll/unit –  210'
Finish – On Press
Application – Hand"
4538,924,"Number Across Run/Finish –  1/1
Where Finished –  Web Techniques
Length per Roll/Unit – 260'
Core Type –  3"" Paper 1/8"" White Brown
Core Width – 4.25""
Core Label – No
Dividers – 
Bag Size – 
Qty. Per Bag – 
Box Size –  10 x 10 x 10
Qty. Per Box – 30 M
Weight/box – 
Box Per Pallet – 
Pallet Type – ","Core  –  3"" Paper 1/8"" White Brown
Width – 4.25""
Number Across Run/FInish –  1/1
Core Label – No
±10% –  OK
Unwind Dir. Run – 2
Unwind Dir. Finish –  1
Diecut/Continuous/Sheet –  Die Cut
Partial Case –  Yes
Pieces per roll/Unit – 5,000
Length per roll/unit –  260'
Finish – Web Techniques
Application – Hand"
4636,925,"Number Across Run/Finish –  2/1
Where Finished –  On Press
Length per Roll/Unit – 521'
Core Type –  N/A
Core Width – N/A
Core Label – No
Dividers – 
Bag Size – 
Qty. Per Bag – 5 M
Box Size –  8 x 8 x 8
Qty. Per Box – 5 M
Weight/box – 
Box Per Pallet – 
Pallet Type – ","Core  –  N/A
Width – N/A
Number Across Run/FInish –  2/1
Core Label – No
±10% –  Yes
Unwind Dir. Run – N/A
Unwind Dir. Finish –  N/A
Diecut/Continuous/Sheet –  Die Cut Sheet
Partial Case –  Yes
Pieces per roll/Unit – 5,000
Length per roll/unit –  521'
Finish – On Press
Application – Hand"
4689,926,"Number Across Run/Finish –  1/1
Where Finished –  On Press
Length per Roll/Unit – 398
Core Type –  3"" Paper 1/8"" White Brown
Core Width – 5.1875""
Core Label – Yes
Dividers – 
Bag Size – 
Qty. Per Bag – 
Box Size –  9 x 9 x 13
Qty. Per Box – 4 Rolls
Weight/box – 
Box Per Pallet – 
Pallet Type – ","Core  –  3"" Paper 1/8"" White Brown
Width – 5.1875""
Number Across Run/FInish –  1/1
Core Label – Yes
±10% –  Yes
Unwind Dir. Run – Parts Out
Unwind Dir. Finish –  Parts Out
Diecut/Continuous/Sheet –  Die Cut
Partial Case –  Yes
Pieces per roll/Unit – 1,525
Length per roll/unit –  398
Finish – On Press
Application – Hand"
4690,927,"Number Across Run/Finish –  3/1
Where Finished –  On Press
Length per Roll/Unit – 153'
Core Type –  N/A
Core Width – N/A
Core Label – No
Dividers – 
Bag Size – 
Qty. Per Bag – 50 
Box Size –  8 x 8 x 8
Qty. Per Box – 500 
Weight/box – 
Box Per Pallet – 
Pallet Type – ","Core  –  N/A
Width – N/A
Number Across Run/FInish –  3/1
Core Label – No
±10% –  OK
Unwind Dir. Run – N/A
Unwind Dir. Finish –  N/A
Diecut/Continuous/Sheet –  Die Cut Sheet
Partial Case –  Yes
Pieces per roll/Unit – 500
Length per roll/unit –  153'
Finish – On Press
Application – Hand"
4730,928,"Number Across Run/Finish –  1/1
Where Finished –  On Press
Length per Roll/Unit – 143'
Core Type –  3"" Paper 1/8"" White Brown
Core Width – 2""
Core Label – Yes
Dividers – 
Bag Size – 
Qty. Per Bag – 3 Rolls
Box Size –  16 x 16 x 10-1/4
Qty. Per Box – 3 M
Weight/box – 
Box Per Pallet – 
Pallet Type – ","Core  –  3"" Paper 1/8"" White Brown
Width – 2""
Number Across Run/FInish –  1/1
Core Label – Yes
±10% –  Yes
Unwind Dir. Run – Parts Out
Unwind Dir. Finish –  Parts Out
Diecut/Continuous/Sheet –  Die Cut
Partial Case –  Yes
Pieces per roll/Unit – 1,000
Length per roll/unit –  143'
Finish – On Press
Application – Hand"
4735,929,"Number Across Run/Finish –  1/1
Where Finished –  On Press
Length per Roll/Unit – 1,000'
Core Type –  10"" Paper 3/8"" Brown Brown
Core Width – 3.7""
Core Label – Yes
Dividers – 16 x 16
Bag Size – 
Qty. Per Bag – 1 Roll
Box Size –  8 1/8 x 8 1/8 x 32 Top & Bottom Log Box
Qty. Per Box – 2 Rolls
Weight/box – 
Box Per Pallet – 
Pallet Type – ","Core  –  10"" Paper 3/8"" Brown Brown
Width – 3.7""
Number Across Run/FInish –  1/1
Core Label – Yes
±10% –  OK
Unwind Dir. Run – N/A
Unwind Dir. Finish –  N/A
Diecut/Continuous/Sheet –  Die Cut
Partial Case –  Yes
Pieces per roll/Unit – 1 Roll
Length per roll/unit –  1,000'
Finish – On Press
Application – "
4884,930,"Number Across Run/Finish –  1/1
Where Finished –  On Press
Length per Roll/Unit – 240'
Core Type –  3"" Paper 1/8"" Strouse Brown
Core Width – 2""
Core Label – Yes
Dividers – 
Bag Size – 
Qty. Per Bag – 3 M
Box Size –  12 x 12 x 10
Qty. Per Box – 3 M
Weight/box – 
Box Per Pallet – 
Pallet Type – ","Core  –  3"" Paper 1/8"" Strouse Brown
Width – 2""
Number Across Run/FInish –  1/1
Core Label – Yes
±10% –  Yes
Unwind Dir. Run – Parts Out
Unwind Dir. Finish –  Parts Out
Diecut/Continuous/Sheet –  Die Cut
Partial Case –  Yes
Pieces per roll/Unit – 1,000
Length per roll/unit –  240'
Finish – On Press
Application – Hand"
4905,931,"Number Across Run/Finish –  1/
Where Finished –  On Press
Length per Roll/Unit – 240'
Core Type –  N/A
Core Width – N/A
Core Label – Yes
Dividers – 
Bag Size – 
Qty. Per Bag – 500 pcs
Box Size –  25 x 17 x 2.5
Qty. Per Box – 2,000 Each
Weight/box – 
Box Per Pallet – 
Pallet Type – ","Core  –  N/A
Width – N/A
Number Across Run/FInish –  1/
Core Label – Yes
±10% –  Yes
Unwind Dir. Run – N/A
Unwind Dir. Finish –  N/A
Diecut/Continuous/Sheet –  Die Cut Sheet
Partial Case –  Yes
Pieces per roll/Unit – 500
Length per roll/unit –  240'
Finish – On Press
Application – Hand"
4907,932,"Number Across Run/Finish –  1/1
Where Finished –  On Press
Length per Roll/Unit – 542'
Core Type –  N/A
Core Width – N/A
Core Label – No
Dividers – 
Bag Size – 
Qty. Per Bag – 
Box Size –  40 x 17 x 2 1/2
Qty. Per Box – 250 
Weight/box – 
Box Per Pallet – 
Pallet Type – ","Core  –  N/A
Width – N/A
Number Across Run/FInish –  1/1
Core Label – No
±10% –  Yes
Unwind Dir. Run – N/A
Unwind Dir. Finish –  N/A
Diecut/Continuous/Sheet –  Die Cut Sheet
Partial Case –  Yes
Pieces per roll/Unit – 250
Length per roll/unit –  542'
Finish – On Press
Application – Hand"
4908,933,"Number Across Run/Finish –  1/1
Where Finished –  On Press
Length per Roll/Unit – N/A
Core Type –  N/A
Core Width – N/A
Core Label – No
Dividers – 
Bag Size – 
Qty. Per Bag – 
Box Size –  40 x 17 x 2.5
Qty. Per Box – 125 Each
Weight/box – 
Box Per Pallet – 32
Pallet Type – ","Core  –  N/A
Width – N/A
Number Across Run/FInish –  1/1
Core Label – No
±10% –  Yes
Unwind Dir. Run – N/A
Unwind Dir. Finish –  N/A
Diecut/Continuous/Sheet –  Die Cut
Partial Case –  Yes
Pieces per roll/Unit – 125
Length per roll/unit –  N/A
Finish – On Press
Application – Hand"
4909,934,"Number Across Run/Finish –  1/1
Where Finished –  On Press
Length per Roll/Unit – N/A
Core Type –  N/A
Core Width – N/A
Core Label – 
Dividers – 
Bag Size – 
Qty. Per Bag – 
Box Size –  12 x 12 x 10
Qty. Per Box – 125 Each
Weight/box – 30
Box Per Pallet – 
Pallet Type – ","Core  –  N/A
Width – N/A
Number Across Run/FInish –  1/1
Core Label – 
±10% –  Yes
Unwind Dir. Run – N/A
Unwind Dir. Finish –  N/A
Diecut/Continuous/Sheet –  Die Cut
Partial Case –  Yes
Pieces per roll/Unit – 125
Length per roll/unit –  N/A
Finish – On Press
Application – "
4924,935,"Number Across Run/Finish –  2/1
Where Finished –  Web Techniques
Length per Roll/Unit – 460'
Core Type –  3"" Paper 1/8"" Strouse Brown
Core Width – 1.06""
Core Label – Yes
Dividers – 
Bag Size – 
Qty. Per Bag – 10 
Box Size –  16 1/2 x 8 1/2 x 13
Qty. Per Box – 10 
Weight/box – 
Box Per Pallet – 
Pallet Type – ","Core  –  3"" Paper 1/8"" Strouse Brown
Width – 1.06""
Number Across Run/FInish –  2/1
Core Label – Yes
±10% –  Yes
Unwind Dir. Run – 4
Unwind Dir. Finish –  Parts Out
Diecut/Continuous/Sheet –  Continuous Die Cut
Partial Case –  Yes
Pieces per roll/Unit – 10,000
Length per roll/unit –  460'
Finish – Web Techniques
Application – Hand"
4951,936,"Number Across Run/Finish –  3/1
Where Finished –  On Press
Length per Roll/Unit – 2'
Core Type –  N/A
Core Width – N/A
Core Label – No
Dividers – 
Bag Size – 
Qty. Per Bag – 25 Each
Box Size –  12 x 12 x 10
Qty. Per Box –  M
Weight/box – 
Box Per Pallet – 
Pallet Type – ","Core  –  N/A
Width – N/A
Number Across Run/FInish –  3/1
Core Label – No
±10% –  Yes
Unwind Dir. Run – N/A
Unwind Dir. Finish –  N/A
Diecut/Continuous/Sheet –  Sheet
Partial Case –  Yes
Pieces per roll/Unit – 50
Length per roll/unit –  2'
Finish – On Press
Application – "
4980,937,"Number Across Run/Finish –  1/1
Where Finished –  Off Press
Length per Roll/Unit – 77'
Core Type –  N/A
Core Width – 
Core Label – Yes
Dividers – 
Bag Size – 
Qty. Per Bag – 250 Each
Box Size –  12 x 12 x 12
Qty. Per Box – 2 M
Weight/box – 
Box Per Pallet – 
Pallet Type – ","Core  –  N/A
Width – 
Number Across Run/FInish –  1/1
Core Label – Yes
±10% –  Yes
Unwind Dir. Run – N/A
Unwind Dir. Finish –  N/A
Diecut/Continuous/Sheet –  Die Cut Sheet
Partial Case –  Yes
Pieces per roll/Unit – 250
Length per roll/unit –  77'
Finish – Off Press
Application – Automatic"
4982,938,"Number Across Run/Finish –  1/1
Where Finished –  On Press
Length per Roll/Unit – 50
Core Type –  3"" Paper 1/8"" Strouse Brown
Core Width – 1.250""
Core Label – Yes
Dividers – Paper
Bag Size – 
Qty. Per Bag – 9 Rolls
Box Size –  8 x 8 x 8
Qty. Per Box – 4 M
Weight/box – 
Box Per Pallet – 
Pallet Type – ","Core  –  3"" Paper 1/8"" Strouse Brown
Width – 1.250""
Number Across Run/FInish –  1/1
Core Label – Yes
±10% –  Yes
Unwind Dir. Run – 5354 Out
Unwind Dir. Finish –  5354 Out
Diecut/Continuous/Sheet –  Continuous Die Cut
Partial Case –  Yes
Pieces per roll/Unit – 400
Length per roll/unit –  50
Finish – On Press
Application – Hand"
5005,939,"Number Across Run/Finish –  1/1
Where Finished –  On Press
Length per Roll/Unit – 180'
Core Type –  3"" Paper 1/8"" White Brown
Core Width – 1""
Core Label – Yes
Dividers – 
Bag Size – 
Qty. Per Bag – 2 Rolls
Box Size –  11 x 11 x 8
Qty. Per Box – 2 Rolls
Weight/box – 
Box Per Pallet – 
Pallet Type – ","Core  –  3"" Paper 1/8"" White Brown
Width – 1""
Number Across Run/FInish –  1/1
Core Label – Yes
±10% –  No
Unwind Dir. Run – parts Out
Unwind Dir. Finish –  N/A
Diecut/Continuous/Sheet –  Continuous Die Cut
Partial Case –  No
Pieces per roll/Unit – 1 Roll
Length per roll/unit –  180'
Finish – On Press
Application – Hand"
5108,940,"Number Across Run/Finish –  1/1
Where Finished –  On Press
Length per Roll/Unit – 396'
Core Type –  N/A
Core Width – N/A
Core Label – Yes - On Bag
Dividers – 
Bag Size – 
Qty. Per Bag – 3.168 M/Sets
Box Size –  12 x 12 x 10
Qty. Per Box – 3 M/Sets
Weight/box – 
Box Per Pallet – 
Pallet Type – ","Core  –  N/A
Width – N/A
Number Across Run/FInish –  1/1
Core Label – Yes - On Bag
±10% –  Ask
Unwind Dir. Run – N/A
Unwind Dir. Finish –  N/A
Diecut/Continuous/Sheet –  Die Cut Sheet
Partial Case –  Yes
Pieces per roll/Unit – 3,168
Length per roll/unit –  396'
Finish – On Press
Application – Hand"
5158,941,"Number Across Run/Finish –  2/1
Where Finished –  Off Press
Length per Roll/Unit – 2'
Core Type –  N/A
Core Width – 
Core Label – Yes - Bag Labels
Dividers – 
Bag Size – 
Qty. Per Bag – 1 
Box Size –  12 x 12 x 10
Qty. Per Box – 2 
Weight/box – 
Box Per Pallet – 
Pallet Type – ","Core  –  N/A
Width – 
Number Across Run/FInish –  2/1
Core Label – Yes - Bag Labels
±10% –  ask
Unwind Dir. Run – N/A
Unwind Dir. Finish –  
Diecut/Continuous/Sheet –  Die Cut Sheet
Partial Case –  Ask
Pieces per roll/Unit – 10
Length per roll/unit –  2'
Finish – Off Press
Application – Hand"
5159,942,"Number Across Run/Finish –  2/1
Where Finished –  Off Press
Length per Roll/Unit – 5'
Core Type –  N/A
Core Width – 
Core Label – Yes - Bag Labels
Dividers – 
Bag Size – 
Qty. Per Bag – 25; 500 per small box 
Box Size –  14 x 14 x 14
Qty. Per Box – 20 bags 
Weight/box – 
Box Per Pallet – 
Pallet Type – ","Core  –  N/A
Width – 
Number Across Run/FInish –  2/1
Core Label – Yes - Bag Labels
±10% –  Yes
Unwind Dir. Run – N/A
Unwind Dir. Finish –  
Diecut/Continuous/Sheet –  Die Cut Sheet
Partial Case –  Yes
Pieces per roll/Unit – 25
Length per roll/unit –  5'
Finish – Off Press
Application – "
5182,943,"Number Across Run/Finish –  1/1
Where Finished –  Off Press
Length per Roll/Unit – 417'
Core Type –  3"" Paper 1/8"" Strouse Brown
Core Width – 6""
Core Label – Yes in core and on outside of roll.
Dividers – 
Bag Size – 
Qty. Per Bag – 1 Roll
Box Size –  12 x 12 x 10
Qty. Per Box – 10 M
Weight/box – 
Box Per Pallet – 
Pallet Type – ","Core  –  3"" Paper 1/8"" Strouse Brown
Width – 6""
Number Across Run/FInish –  1/1
Core Label – Yes in core and on outside of roll.
±10% –  No
Unwind Dir. Run – Parts Out
Unwind Dir. Finish –  Parts Out
Diecut/Continuous/Sheet –  Continuous Die Cut
Partial Case –  Yes
Pieces per roll/Unit – 10,000
Length per roll/unit –  417'
Finish – Off Press
Application – Automatic"
5183,944,"Number Across Run/Finish –  1/1
Where Finished –  Off Press
Length per Roll/Unit – 417'
Core Type –  3"" Paper 1/8"" Strouse Brown
Core Width – 2""
Core Label – Yes in core and on outside of roll.
Dividers – 
Bag Size – 
Qty. Per Bag – 1 Roll
Box Size –  12 x 12 x 12
Qty. Per Box – 10 M
Weight/box – 
Box Per Pallet – 
Pallet Type – ","Core  –  3"" Paper 1/8"" Strouse Brown
Width – 2""
Number Across Run/FInish –  1/1
Core Label – Yes in core and on outside of roll.
±10% –  No
Unwind Dir. Run – Parts Out
Unwind Dir. Finish –  Parts Out
Diecut/Continuous/Sheet –  Continuous Die Cut
Partial Case –  Yes
Pieces per roll/Unit – 10,000
Length per roll/unit –  417'
Finish – Off Press
Application – Hand"
5184,945,"Number Across Run/Finish –  1/1
Where Finished –  Off Press
Length per Roll/Unit – 282'
Core Type –  3"" Paper 1/8"" Strouse Brown
Core Width – 6""
Core Label – Yes in core and on outside of roll.
Dividers – 
Bag Size – 
Qty. Per Bag – 1 Roll
Box Size –  11 x 11 x 14
Qty. Per Box – 3 M
Weight/box – 
Box Per Pallet – 
Pallet Type – ","Core  –  3"" Paper 1/8"" Strouse Brown
Width – 6""
Number Across Run/FInish –  1/1
Core Label – Yes in core and on outside of roll.
±10% –  No
Unwind Dir. Run – Parts Out
Unwind Dir. Finish –  Parts Out
Diecut/Continuous/Sheet –  Continuous Die Cut
Partial Case –  Yes
Pieces per roll/Unit – 3,000
Length per roll/unit –  282'
Finish – Off Press
Application – "
5249,946,"Number Across Run/Finish –  1/1
Where Finished –  Off Press
Length per Roll/Unit – 2'
Core Type –  N/A
Core Width – 
Core Label – Yes - Bag Labels
Dividers – 
Bag Size – 
Qty. Per Bag – 10, 500 per small box 
Box Size –  
Qty. Per Box – 50 bags 
Weight/box – 
Box Per Pallet – 
Pallet Type – ","Core  –  N/A
Width – 
Number Across Run/FInish –  1/1
Core Label – Yes - Bag Labels
±10% –  ask
Unwind Dir. Run – N/A
Unwind Dir. Finish –  
Diecut/Continuous/Sheet –  Die Cut Sheet
Partial Case –  Ask
Pieces per roll/Unit – 10
Length per roll/unit –  2'
Finish – Off Press
Application – "
5267,947,"Number Across Run/Finish –  1/1
Where Finished –  On Press
Length per Roll/Unit – 425'
Core Type –  N/A
Core Width – N/A
Core Label – No
Dividers – 
Bag Size – 
Qty. Per Bag – 
Box Size –  12 x 12 x 10
Qty. Per Box – 250 Each
Weight/box – 
Box Per Pallet – 
Pallet Type – ","Core  –  N/A
Width – N/A
Number Across Run/FInish –  1/1
Core Label – No
±10% –  Yes
Unwind Dir. Run – N/A
Unwind Dir. Finish –  N/A
Diecut/Continuous/Sheet –  Continuous
Partial Case –  Ask
Pieces per roll/Unit – 250
Length per roll/unit –  425'
Finish – On Press
Application – Automatic"
5277,948,"Number Across Run/Finish –  1/1
Where Finished –  Off Press
Length per Roll/Unit – 417'
Core Type –  3"" Paper 1/8"" Strouse Brown
Core Width – 4.6""
Core Label – Yes in core and on outside of roll.
Dividers – 
Bag Size – 
Qty. Per Bag – 1 Roll
Box Size –  12 x 12 x 10
Qty. Per Box – 10 M
Weight/box – 
Box Per Pallet – 
Pallet Type – ","Core  –  3"" Paper 1/8"" Strouse Brown
Width – 4.6""
Number Across Run/FInish –  1/1
Core Label – Yes in core and on outside of roll.
±10% –  No
Unwind Dir. Run – 5
Unwind Dir. Finish –  Parts Out
Diecut/Continuous/Sheet –  Continuous Die Cut
Partial Case –  Yes
Pieces per roll/Unit – 10,000
Length per roll/unit –  417'
Finish – Off Press
Application – Hand"
5278,949,"Number Across Run/Finish –  1/1
Where Finished –  Off Press
Length per Roll/Unit – 417'
Core Type –  3"" Paper 1/8"" Strouse Brown
Core Width – 5.5""
Core Label – Yes in core and on outside of roll.
Dividers – 
Bag Size – 
Qty. Per Bag – 1 Roll
Box Size –  12 x 12 x 10
Qty. Per Box – 10 M
Weight/box – 
Box Per Pallet – 
Pallet Type – ","Core  –  3"" Paper 1/8"" Strouse Brown
Width – 5.5""
Number Across Run/FInish –  1/1
Core Label – Yes in core and on outside of roll.
±10% –  No
Unwind Dir. Run – 5
Unwind Dir. Finish –  Parts Out
Diecut/Continuous/Sheet –  Continuous Die Cut
Partial Case –  Yes
Pieces per roll/Unit – 10,000
Length per roll/unit –  417'
Finish – Off Press
Application – "
5279,950,"Number Across Run/Finish –  1/1
Where Finished –  Off Press
Length per Roll/Unit – 417'
Core Type –  3"" Paper 1/8"" Strouse Brown
Core Width – 2.5""
Core Label – Yes in core and on outside of roll.
Dividers – 
Bag Size – 
Qty. Per Bag – 1 Roll
Box Size –  12 x 12 x 12
Qty. Per Box – 10 M
Weight/box – 
Box Per Pallet – 
Pallet Type – ","Core  –  3"" Paper 1/8"" Strouse Brown
Width – 2.5""
Number Across Run/FInish –  1/1
Core Label – Yes in core and on outside of roll.
±10% –  No
Unwind Dir. Run – Parts Out
Unwind Dir. Finish –  Parts Out
Diecut/Continuous/Sheet –  Continuous Die Cut
Partial Case –  Yes
Pieces per roll/Unit – 10,000
Length per roll/unit –  417'
Finish – Off Press
Application – "
5280,951,"Number Across Run/Finish –  1/1
Where Finished –  Off Press
Length per Roll/Unit – 417'
Core Type –  3"" Paper 1/8"" Strouse Brown
Core Width – 2.5""
Core Label – Yes in core and on outside of roll.
Dividers – 
Bag Size – 
Qty. Per Bag – 1 Roll
Box Size –  12 x 12 x 10
Qty. Per Box – 10 M
Weight/box – 
Box Per Pallet – 
Pallet Type – ","Core  –  3"" Paper 1/8"" Strouse Brown
Width – 2.5""
Number Across Run/FInish –  1/1
Core Label – Yes in core and on outside of roll.
±10% –  No
Unwind Dir. Run – 5
Unwind Dir. Finish –  Parts Out
Diecut/Continuous/Sheet –  Continuous Die Cut
Partial Case –  Yes
Pieces per roll/Unit – 10,000
Length per roll/unit –  417'
Finish – Off Press
Application – "
5281,952,"Number Across Run/Finish –  1/1
Where Finished –  Off Press
Length per Roll/Unit – 417'
Core Type –  3"" Paper 1/8"" Strouse Brown
Core Width – 2.75""
Core Label – Yes in core and on outside of roll.
Dividers – 
Bag Size – 
Qty. Per Bag – 2 Rolls
Box Size –  12 x 12 x 10
Qty. Per Box – 20 M
Weight/box – 
Box Per Pallet – 
Pallet Type – ","Core  –  3"" Paper 1/8"" Strouse Brown
Width – 2.75""
Number Across Run/FInish –  1/1
Core Label – Yes in core and on outside of roll.
±10% –  No
Unwind Dir. Run – 5
Unwind Dir. Finish –  Parts Out
Diecut/Continuous/Sheet –  Continuous Die Cut
Partial Case –  Yes
Pieces per roll/Unit – 10,000
Length per roll/unit –  417'
Finish – Off Press
Application – "
5282,953,"Number Across Run/Finish –  1/1
Where Finished –  Off Press
Length per Roll/Unit – 350'
Core Type –  3"" Paper 1/8"" Strouse Brown
Core Width – 6""
Core Label – Yes in core and on outside of roll.
Dividers – 
Bag Size – 
Qty. Per Bag – 1 Roll
Box Size –  12 x 12 x 10
Qty. Per Box – 3 M
Weight/box – 
Box Per Pallet – 
Pallet Type – ","Core  –  3"" Paper 1/8"" Strouse Brown
Width – 6""
Number Across Run/FInish –  1/1
Core Label – Yes in core and on outside of roll.
±10% –  No
Unwind Dir. Run – 5
Unwind Dir. Finish –  Parts Out
Diecut/Continuous/Sheet –  Continuous Die Cut
Partial Case –  Yes
Pieces per roll/Unit – 3,000
Length per roll/unit –  350'
Finish – Off Press
Application – "
5283,954,"Number Across Run/Finish –  1/1
Where Finished –  Off Press
Length per Roll/Unit – 438'
Core Type –  3"" Paper 1/8"" Strouse Brown
Core Width – 6""
Core Label – Yes in core and on outside of roll.
Dividers – 
Bag Size – 
Qty. Per Bag – 1 Roll
Box Size –  19-1/2 X 19-1/2 X 4
Qty. Per Box – 3 M
Weight/box – 
Box Per Pallet – 
Pallet Type – ","Core  –  3"" Paper 1/8"" Strouse Brown
Width – 6""
Number Across Run/FInish –  1/1
Core Label – Yes in core and on outside of roll.
±10% –  No
Unwind Dir. Run – 5
Unwind Dir. Finish –  Parts Out
Diecut/Continuous/Sheet –  Continuous Die Cut
Partial Case –  Yes
Pieces per roll/Unit – 3,000
Length per roll/unit –  438'
Finish – Off Press
Application – "
5308,955,"Number Across Run/Finish –  1/1
Where Finished –  On Press
Length per Roll/Unit – 323'
Core Type –  N/A
Core Width – N/A
Core Label – No
Dividers – 
Bag Size – 
Qty. Per Bag – 
Box Size –  11 x 11 x 14
Qty. Per Box – 200 Each
Weight/box – 19
Box Per Pallet – 
Pallet Type – ","Core  –  N/A
Width – N/A
Number Across Run/FInish –  1/1
Core Label – No
±10% –  yes
Unwind Dir. Run – N/A
Unwind Dir. Finish –  N/A
Diecut/Continuous/Sheet –  Sheet
Partial Case –  Yes
Pieces per roll/Unit – 200
Length per roll/unit –  323'
Finish – On Press
Application – "
5354,956,"Number Across Run/Finish –  1/1
Where Finished –  On Press
Length per Roll/Unit – 52'
Core Type –  N/A
Core Width – N/A
Core Label – No
Dividers – 
Bag Size – 
Qty. Per Bag – 200 Each
Box Size –  8 x 8 x 8
Qty. Per Box – 400 Each
Weight/box – 
Box Per Pallet – 
Pallet Type – ","Core  –  N/A
Width – N/A
Number Across Run/FInish –  1/1
Core Label – No
±10% –  Yes
Unwind Dir. Run – N/A
Unwind Dir. Finish –  N/A
Diecut/Continuous/Sheet –  Die Cut Sheet
Partial Case –  Yes
Pieces per roll/Unit – 200
Length per roll/unit –  52'
Finish – On Press
Application – "
5371,957,"Number Across Run/Finish –  1/1
Where Finished –  On Press
Length per Roll/Unit – 73'
Core Type –  3"" Paper 1/8"" White Brown
Core Width – 3.5""
Core Label – Yes
Dividers – 
Bag Size – 
Qty. Per Bag – 4 Roll
Box Size –  8 x 8 x 8
Qty. Per Box – 4 M
Weight/box – 
Box Per Pallet – 
Pallet Type – ","Core  –  3"" Paper 1/8"" White Brown
Width – 3.5""
Number Across Run/FInish –  1/1
Core Label – Yes
±10% –  Yes
Unwind Dir. Run – Parts Out
Unwind Dir. Finish –  Parts Out
Diecut/Continuous/Sheet –  Continuous Die Cut
Partial Case –  Yes
Pieces per roll/Unit – 1,000
Length per roll/unit –  73'
Finish – On Press
Application – "
5470,958,"Number Across Run/Finish –  1/1
Where Finished –  Off Press
Length per Roll/Unit – 287'
Core Type –  N/A
Core Width – N/A
Core Label – No
Dividers – 
Bag Size – 
Qty. Per Bag – 500 Each
Box Size –  special
Qty. Per Box – 3 M
Weight/box – 
Box Per Pallet – 
Pallet Type – ","Core  –  N/A
Width – N/A
Number Across Run/FInish –  1/1
Core Label – No
±10% –  Yes
Unwind Dir. Run – N/A
Unwind Dir. Finish –  N/A
Diecut/Continuous/Sheet –  Die Cut Sheet
Partial Case –  Yes
Pieces per roll/Unit – 500
Length per roll/unit –  287'
Finish – Off Press
Application – "
5473,959,"Number Across Run/Finish –  1/1
Where Finished –  Off Press
Length per Roll/Unit – 183'
Core Type –  N/A
Core Width – N/A
Core Label – Yes - Bag Labels
Dividers – 
Bag Size – 
Qty. Per Bag – 100 Each
Box Size –  14 x 14 x 10
Qty. Per Box – See note 
Weight/box – 
Box Per Pallet – 
Pallet Type – ","Core  –  N/A
Width – N/A
Number Across Run/FInish –  1/1
Core Label – Yes - Bag Labels
±10% –  No
Unwind Dir. Run – 
Unwind Dir. Finish –  N/A
Diecut/Continuous/Sheet –  Die Cut Sheet
Partial Case –  Yes
Pieces per roll/Unit – 2,500
Length per roll/unit –  183'
Finish – Off Press
Application – "
5541,960,"Number Across Run/Finish –  1/1
Where Finished –  Off Press
Length per Roll/Unit – 417'
Core Type –  3"" Paper 1/8"" Strouse Brown
Core Width – 2.75""
Core Label – Yes in core and on outside of roll.
Dividers – 
Bag Size – 
Qty. Per Bag – 1 Roll
Box Size –  16 1/2 x 8 1/2 x 13
Qty. Per Box – 10 M
Weight/box – 
Box Per Pallet – 
Pallet Type – ","Core  –  3"" Paper 1/8"" Strouse Brown
Width – 2.75""
Number Across Run/FInish –  1/1
Core Label – Yes in core and on outside of roll.
±10% –  No
Unwind Dir. Run – 5
Unwind Dir. Finish –  Parts Out
Diecut/Continuous/Sheet –  Continuous Die Cut
Partial Case –  Yes
Pieces per roll/Unit – 10,000
Length per roll/unit –  417'
Finish – Off Press
Application – "
5542,961,"Number Across Run/Finish –  1/1
Where Finished –  Off Press
Length per Roll/Unit – 313'
Core Type –  3"" Paper 1/8"" Strouse Brown
Core Width – 6""
Core Label – Yes in core and on outside of roll.
Dividers – 
Bag Size – 
Qty. Per Bag – 1 Roll
Box Size –  12 x 12 x 10
Qty. Per Box – 3 M
Weight/box – 
Box Per Pallet – 
Pallet Type – ","Core  –  3"" Paper 1/8"" Strouse Brown
Width – 6""
Number Across Run/FInish –  1/1
Core Label – Yes in core and on outside of roll.
±10% –  No
Unwind Dir. Run – 5
Unwind Dir. Finish –  Parts Out
Diecut/Continuous/Sheet –  Continuous Die Cut
Partial Case –  Yes
Pieces per roll/Unit – 3,000
Length per roll/unit –  313'
Finish – Off Press
Application – "
5543,962,"Number Across Run/Finish –  1/1
Where Finished –  Off Press
Length per Roll/Unit – 417'
Core Type –  3"" Paper 1/8"" Strouse Brown
Core Width – 4.6""
Core Label – Yes in core and on outside of roll.
Dividers – 
Bag Size – 
Qty. Per Bag – 1 Roll
Box Size –  12 x 12 x 10
Qty. Per Box – 10 M
Weight/box – 
Box Per Pallet – 
Pallet Type – ","Core  –  3"" Paper 1/8"" Strouse Brown
Width – 4.6""
Number Across Run/FInish –  1/1
Core Label – Yes in core and on outside of roll.
±10% –  No
Unwind Dir. Run – 5
Unwind Dir. Finish –  Parts Out
Diecut/Continuous/Sheet –  Continuous Die Cut
Partial Case –  Yes
Pieces per roll/Unit – 10,000
Length per roll/unit –  417'
Finish – Off Press
Application – "
5544,963,"Number Across Run/Finish –  1/1
Where Finished –  Off Press
Length per Roll/Unit – 125'
Core Type –  3"" Paper 1/8"" Strouse Brown
Core Width – 5.75""
Core Label – Yes in core and on outside of roll.
Dividers – 
Bag Size – 
Qty. Per Bag – 1 Roll
Box Size –  12 x 12 x 12
Qty. Per Box – 3 M
Weight/box – 
Box Per Pallet – 
Pallet Type – ","Core  –  3"" Paper 1/8"" Strouse Brown
Width – 5.75""
Number Across Run/FInish –  1/1
Core Label – Yes in core and on outside of roll.
±10% –  No
Unwind Dir. Run – 5
Unwind Dir. Finish –  Parts Out
Diecut/Continuous/Sheet –  Continuous Die Cut
Partial Case –  Yes
Pieces per roll/Unit – 3,000
Length per roll/unit –  125'
Finish – Off Press
Application – "
5547,964,"Number Across Run/Finish –  1/1
Where Finished –  On Press
Length per Roll/Unit – 42'
Core Type –  3"" Paper 1/8"" Strouse Brown
Core Width – 5""
Core Label – Yes
Dividers – 
Bag Size – 
Qty. Per Bag – 1 Roll
Box Size –  Custom-medium
Qty. Per Box – 1 M
Weight/box – 
Box Per Pallet – 
Pallet Type – ","Core  –  3"" Paper 1/8"" Strouse Brown
Width – 5""
Number Across Run/FInish –  1/1
Core Label – Yes
±10% –  ask
Unwind Dir. Run – Parts Out
Unwind Dir. Finish –  Parts Out
Diecut/Continuous/Sheet –  Continuous Die Cut
Partial Case –  Ask
Pieces per roll/Unit – 1,000
Length per roll/unit –  42'
Finish – On Press
Application – "
5557,965,"Number Across Run/Finish –  7/1
Where Finished –  On Press
Length per Roll/Unit – 1 Sheets
Core Type –  N/A
Core Width – N/A
Core Label – No
Dividers – 
Bag Size – 
Qty. Per Bag – 50 
Box Size –  12 x 12 x 12
Qty. Per Box – 50 
Weight/box – 
Box Per Pallet – 
Pallet Type – ","Core  –  N/A
Width – N/A
Number Across Run/FInish –  7/1
Core Label – No
±10% –  Ask
Unwind Dir. Run – N/A
Unwind Dir. Finish –  N/A
Diecut/Continuous/Sheet –  Sheet
Partial Case –  Ask
Pieces per roll/Unit – 1 Roll
Length per roll/unit –  1 Sheets
Finish – On Press
Application – "
5579,966,"Number Across Run/Finish –  2/1
Where Finished –  On Press
Length per Roll/Unit – 5,500'
Core Type –  3"" Paper 1/8"" Strouse Brown
Core Width – 3.9375""
Core Label – 
Dividers – 
Bag Size – 
Qty. Per Bag – 2 
Box Size –  14 x 14 x 8
Qty. Per Box – 2 
Weight/box – 
Box Per Pallet – 
Pallet Type – ","Core  –  3"" Paper 1/8"" Strouse Brown
Width – 3.9375""
Number Across Run/FInish –  2/1
Core Label – 
±10% –  Yes
Unwind Dir. Run – N/A
Unwind Dir. Finish –  N/A
Diecut/Continuous/Sheet –  Continuous
Partial Case –  Yes
Pieces per roll/Unit – 1 Roll
Length per roll/unit –  5,500'
Finish – On Press
Application – "
5597,967,"Number Across Run/Finish –  1/1
Where Finished –  On Press
Length per Roll/Unit – 365'
Core Type –  3"" Paper 1/8"" Strouse Brown
Core Width – 2.500""
Core Label – Yes
Dividers – 
Bag Size – 
Qty. Per Bag – 4 Rolls
Box Size –  11 x 11 x 8
Qty. Per Box – 10 M
Weight/box – 
Box Per Pallet – 
Pallet Type – ","Core  –  3"" Paper 1/8"" Strouse Brown
Width – 2.500""
Number Across Run/FInish –  1/1
Core Label – Yes
±10% –  Yes
Unwind Dir. Run – Parts Out
Unwind Dir. Finish –  Parts Out
Diecut/Continuous/Sheet –  Continuous Die Cut
Partial Case –  Ask
Pieces per roll/Unit – 2,500
Length per roll/unit –  365'
Finish – On Press
Application – "
5599,968,"Number Across Run/Finish –  1/1
Where Finished –  On Press
Length per Roll/Unit – 500'
Core Type –  3"" Plastic 0.10"" HDPE
Core Width – 6.0""
Core Label – Special - 5599 core big
Dividers – 
Bag Size – 
Qty. Per Bag – 1 Roll
Box Size –  14 x 14 x 10
Qty. Per Box – 3 Rolls
Weight/box – 
Box Per Pallet – 
Pallet Type – ","Core  –  3"" Plastic 0.10"" HDPE
Width – 6.0""
Number Across Run/FInish –  1/1
Core Label – Special - 5599 core big
±10% –  ask
Unwind Dir. Run – N/A
Unwind Dir. Finish –  N/A
Diecut/Continuous/Sheet –  Continuous
Partial Case –  Ask
Pieces per roll/Unit – 1 Roll
Length per roll/unit –  500'
Finish – On Press
Application – "
5630,969,"Number Across Run/Finish –  1/1
Where Finished –  On Press
Length per Roll/Unit – 125'
Core Type –  3"" Paper 1/8"" White Brown
Core Width – 1""
Core Label – Yes
Dividers – 
Bag Size – 
Qty. Per Bag – 1 Roll
Box Size –  12 x 12 x 12
Qty. Per Box – 8 M
Weight/box – 
Box Per Pallet – 
Pallet Type – ","Core  –  3"" Paper 1/8"" White Brown
Width – 1""
Number Across Run/FInish –  1/1
Core Label – Yes
±10% –  ask
Unwind Dir. Run – Parts Out
Unwind Dir. Finish –  Parts Out
Diecut/Continuous/Sheet –  Die Cut
Partial Case –  Ask
Pieces per roll/Unit – 2,000
Length per roll/unit –  125'
Finish – On Press
Application – "
5631,970,"Number Across Run/Finish –  1/1
Where Finished –  On Press
Length per Roll/Unit – 209'
Core Type –  3"" Paper 1/8"" White Brown
Core Width – 1.75""
Core Label – Yes
Dividers – 
Bag Size – 
Qty. Per Bag – 1 Roll
Box Size –  16 x 16 x 16
Qty. Per Box – 10 M
Weight/box – 
Box Per Pallet – 
Pallet Type – ","Core  –  3"" Paper 1/8"" White Brown
Width – 1.75""
Number Across Run/FInish –  1/1
Core Label – Yes
±10% –  ask
Unwind Dir. Run – Parts Out
Unwind Dir. Finish –  Parts Out
Diecut/Continuous/Sheet –  Die Cut
Partial Case –  Ask
Pieces per roll/Unit – 2,000
Length per roll/unit –  209'
Finish – On Press
Application – "
5632,971,"Number Across Run/Finish –  1/1
Where Finished –  On Press
Length per Roll/Unit – 167'
Core Type –  3"" Paper 1/8"" White Brown
Core Width – 1.75""
Core Label – Yes
Dividers – Corrugated
Bag Size – 
Qty. Per Bag – 1 Roll
Box Size –  16 x 16 x 10-1/4
Qty. Per Box – 12 M
Weight/box – 
Box Per Pallet – 
Pallet Type – ","Core  –  3"" Paper 1/8"" White Brown
Width – 1.75""
Number Across Run/FInish –  1/1
Core Label – Yes
±10% –  ask
Unwind Dir. Run – Parts Out
Unwind Dir. Finish –  Parts Out
Diecut/Continuous/Sheet –  Die Cut
Partial Case –  Ask
Pieces per roll/Unit – 2,000
Length per roll/unit –  167'
Finish – On Press
Application – "
5633,972,"Number Across Run/Finish –  1/1
Where Finished –  On Press
Length per Roll/Unit – 146'
Core Type –  3"" Paper 1/8"" White Brown
Core Width – 1.5""
Core Label – Yes
Dividers – Corrugated
Bag Size – 
Qty. Per Bag – 1 Roll
Box Size –  12 x 12 x 12
Qty. Per Box – 12 M
Weight/box – 
Box Per Pallet – 
Pallet Type – ","Core  –  3"" Paper 1/8"" White Brown
Width – 1.5""
Number Across Run/FInish –  1/1
Core Label – Yes
±10% –  Yes
Unwind Dir. Run – Parts Out
Unwind Dir. Finish –  Parts Out
Diecut/Continuous/Sheet –  Die Cut
Partial Case –  No
Pieces per roll/Unit – 2,000
Length per roll/unit –  146'
Finish – On Press
Application – "
5635,973,"Number Across Run/Finish –  1/1
Where Finished –  On Press
Length per Roll/Unit – 291'
Core Type –  3"" Paper (1/8"" wall)
Core Width – 3.75""
Core Label – No
Dividers – 
Bag Size – 
Qty. Per Bag – 
Box Size –  
Qty. Per Box – 8 M
Weight/box – 
Box Per Pallet – 
Pallet Type – ","Core  –  3"" Paper (1/8"" wall)
Width – 3.75""
Number Across Run/FInish –  1/1
Core Label – No
±10% –  OK
Unwind Dir. Run – N/A
Unwind Dir. Finish –  N/A
Diecut/Continuous/Sheet –  Die Cut
Partial Case –  Yes
Pieces per roll/Unit – 1,000
Length per roll/unit –  291'
Finish – On Press
Application – "
5651,974,"Number Across Run/Finish –  1/1
Where Finished –  On Press
Length per Roll/Unit – 125'
Core Type –  N/A
Core Width – N/A
Core Label – No
Dividers – 3 x 4.5 Silicone
Bag Size – 
Qty. Per Bag – 25 Each
Box Size –  12 x 12 x 4
Qty. Per Box – 500 Each
Weight/box – 
Box Per Pallet – 
Pallet Type – ","Core  –  N/A
Width – N/A
Number Across Run/FInish –  1/1
Core Label – No
±10% –  ask
Unwind Dir. Run – N/A
Unwind Dir. Finish –  N/A
Diecut/Continuous/Sheet –  Sheet
Partial Case –  Ask
Pieces per roll/Unit – 500
Length per roll/unit –  125'
Finish – On Press
Application – "
5660,975,"Number Across Run/Finish –  1/1
Where Finished –  On Press
Length per Roll/Unit – 101'
Core Type –  3"" Paper 1/8"" White Brown
Core Width – 3.625""
Core Label – Yes
Dividers – 
Bag Size – 
Qty. Per Bag – 1 Roll
Box Size –  8 x 8 x 8
Qty. Per Box – 4 Rolls
Weight/box – 
Box Per Pallet – 
Pallet Type – ","Core  –  3"" Paper 1/8"" White Brown
Width – 3.625""
Number Across Run/FInish –  1/1
Core Label – Yes
±10% –  ask
Unwind Dir. Run – Parts In
Unwind Dir. Finish –  Parts In
Diecut/Continuous/Sheet –  Die Cut
Partial Case –  Ask
Pieces per roll/Unit – 5,000
Length per roll/unit –  101'
Finish – On Press
Application – "
5672,976,"Number Across Run/Finish –  1/1
Where Finished –  Off Press
Length per Roll/Unit – 417'
Core Type –  3"" Paper 1/8"" Strouse Brown
Core Width – 5""
Core Label – Yes in core and on outside of roll.
Dividers – 
Bag Size – 
Qty. Per Bag – 1 Roll
Box Size –  8 x 8 x 8
Qty. Per Box – 10 M
Weight/box – 
Box Per Pallet – 
Pallet Type – ","Core  –  3"" Paper 1/8"" Strouse Brown
Width – 5""
Number Across Run/FInish –  1/1
Core Label – Yes in core and on outside of roll.
±10% –  No
Unwind Dir. Run – Parts Out
Unwind Dir. Finish –  Parts Out
Diecut/Continuous/Sheet –  Continuous Die Cut
Partial Case –  Yes
Pieces per roll/Unit – 10,000
Length per roll/unit –  417'
Finish – Off Press
Application – "
5673,977,"Number Across Run/Finish –  1/1
Where Finished –  Off Press
Length per Roll/Unit – 500'
Core Type –  3"" Paper 1/8"" White Brown
Core Width – 6""
Core Label – Yes in core and on outside of roll.
Dividers – 
Bag Size – 
Qty. Per Bag – 1 Roll
Box Size –  12 x 12 x 12
Qty. Per Box – 3 M
Weight/box – 
Box Per Pallet – 
Pallet Type – ","Core  –  3"" Paper 1/8"" White Brown
Width – 6""
Number Across Run/FInish –  1/1
Core Label – Yes in core and on outside of roll.
±10% –  No
Unwind Dir. Run – Parts Out
Unwind Dir. Finish –  Parts Out
Diecut/Continuous/Sheet –  Continuous Die Cut
Partial Case –  Yes
Pieces per roll/Unit – 3,000
Length per roll/unit –  500'
Finish – Off Press
Application – "
5674,978,"Number Across Run/Finish –  1/1
Where Finished –  On Press
Length per Roll/Unit – 360'
Core Type –  3"" Paper 1/8"" White Brown
Core Width – 4.75""
Core Label – Yes
Dividers – 
Bag Size – 
Qty. Per Bag – 2 Rolls
Box Size –  14 x 14 x 10
Qty. Per Box – 2,000 Each
Weight/box – 
Box Per Pallet – 
Pallet Type – ","Core  –  3"" Paper 1/8"" White Brown
Width – 4.75""
Number Across Run/FInish –  1/1
Core Label – Yes
±10% –  ask
Unwind Dir. Run – Parts Out
Unwind Dir. Finish –  Parts Out
Diecut/Continuous/Sheet –  Continuous Die Cut
Partial Case –  Ask
Pieces per roll/Unit – 1,000
Length per roll/unit –  360'
Finish – On Press
Application – "
5682,979,"Number Across Run/Finish –  2/1
Where Finished –  Web Techniques
Length per Roll/Unit – 32'
Core Type –  3"" Paper 1/8"" White Brown
Core Width – 1.63""
Core Label – Yes
Dividers – 
Bag Size – 
Qty. Per Bag – 5 
Box Size –  11 x 11 x 14
Qty. Per Box – 45 
Weight/box – 
Box Per Pallet – 
Pallet Type – ","Core  –  3"" Paper 1/8"" White Brown
Width – 1.63""
Number Across Run/FInish –  2/1
Core Label – Yes
±10% –  Yes
Unwind Dir. Run – Parts In
Unwind Dir. Finish –  5
Diecut/Continuous/Sheet –  Continuous Die Cut
Partial Case –  Yes
Pieces per roll/Unit – 1 Roll
Length per roll/unit –  32'
Finish – Web Techniques
Application – "
5689,980,"Number Across Run/Finish –  2/2
Where Finished –  Web Techniques
Length per Roll/Unit – 136'
Core Type –  3"" Paper 1/8"" Strouse Brown
Core Width – 2.75""
Core Label – Yes
Dividers – 
Bag Size – 
Qty. Per Bag – 5 Rolls
Box Size –  10 x 10 x 10
Qty. Per Box – 20 Rolls
Weight/box – 
Box Per Pallet – 
Pallet Type – ","Core  –  3"" Paper 1/8"" Strouse Brown
Width – 2.75""
Number Across Run/FInish –  2/2
Core Label – Yes
±10% –  Yes
Unwind Dir. Run – 2
Unwind Dir. Finish –  1
Diecut/Continuous/Sheet –  Die Cut
Partial Case –  Yes
Pieces per roll/Unit – 1 Roll
Length per roll/unit –  136'
Finish – Web Techniques
Application – "
5751,981,"Number Across Run/Finish –  1/1
Where Finished –  Web Techniques
Length per Roll/Unit – 105'
Core Type –  3"" Plastic 0.10"" HDPE
Core Width – 0.75""
Core Label – Yes
Dividers – Round Polyflute
Bag Size – 
Qty. Per Bag – 1 Roll
Box Size –  23 x 23 x 2.5 cake
Qty. Per Box – 30 M
Weight/box – 
Box Per Pallet – 
Pallet Type – ","Core  –  3"" Plastic 0.10"" HDPE
Width – 0.75""
Number Across Run/FInish –  1/1
Core Label – Yes
±10% –  Yes
Unwind Dir. Run – Parts Out
Unwind Dir. Finish –  Parts Out
Diecut/Continuous/Sheet –  Die Cut
Partial Case –  Yes
Pieces per roll/Unit – 2,500
Length per roll/unit –  105'
Finish – Web Techniques
Application – "
5781,982,"Number Across Run/Finish –  1/1
Where Finished –  On Press
Length per Roll/Unit – 385'
Core Type –  N/A
Core Width – N/A
Core Label – 
Dividers – 
Bag Size – 
Qty. Per Bag – 
Box Size –  26 x 26 x 3 T&B
Qty. Per Box – 200 
Weight/box – 30
Box Per Pallet – See Below
Pallet Type – ","Core  –  N/A
Width – N/A
Number Across Run/FInish –  1/1
Core Label – 
±10% –  Yes
Unwind Dir. Run – N/A
Unwind Dir. Finish –  
Diecut/Continuous/Sheet –  Die Cut Sheet
Partial Case –  No
Pieces per roll/Unit – 1 Roll
Length per roll/unit –  385'
Finish – On Press
Application – "
5782,983,"Number Across Run/Finish –  1/1
Where Finished –  On Press
Length per Roll/Unit – 215'
Core Type –  N/A
Core Width – N/A
Core Label – 
Dividers – 
Bag Size – 
Qty. Per Bag – 
Box Size –  12 x 12 x 10
Qty. Per Box – 100 
Weight/box – 
Box Per Pallet – See Below
Pallet Type – ","Core  –  N/A
Width – N/A
Number Across Run/FInish –  1/1
Core Label – 
±10% –  Yes
Unwind Dir. Run – 
Unwind Dir. Finish –  
Diecut/Continuous/Sheet –  Die Cut Sheet
Partial Case –  No
Pieces per roll/Unit – 100
Length per roll/unit –  215'
Finish – On Press
Application – "
5851,984,"Number Across Run/Finish –  16/1
Where Finished –  On Press
Length per Roll/Unit – N/A
Core Type –  N/A
Core Width – N/A
Core Label – No
Dividers – 
Bag Size – 
Qty. Per Bag – 25 Each
Box Size –  14 x 14 x 14
Qty. Per Box – 100 Each
Weight/box – 
Box Per Pallet – 
Pallet Type – ","Core  –  N/A
Width – N/A
Number Across Run/FInish –  16/1
Core Label – No
±10% –  Yes
Unwind Dir. Run – N/A
Unwind Dir. Finish –  N/A
Diecut/Continuous/Sheet –  Sheet
Partial Case –  Yes
Pieces per roll/Unit – N/A
Length per roll/unit –  N/A
Finish – On Press
Application – "
5855,985,"Number Across Run/Finish –  1/1
Where Finished –  Off Press
Length per Roll/Unit – 1,400'
Core Type –  3"" Plastic 0.10"" HDPE
Core Width – 13""
Core Label – Yes
Dividers – 
Bag Size – 
Qty. Per Bag – 1 Roll
Box Size –  8 x 8 x 8
Qty. Per Box – 1 Roll
Weight/box – 
Box Per Pallet – 
Pallet Type – ","Core  –  3"" Plastic 0.10"" HDPE
Width – 13""
Number Across Run/FInish –  1/1
Core Label – Yes
±10% –  Ask
Unwind Dir. Run – N/A
Unwind Dir. Finish –  N/A
Diecut/Continuous/Sheet –  Continuous
Partial Case –  Ask
Pieces per roll/Unit – 1,200
Length per roll/unit –  1,400'
Finish – Off Press
Application – "
5898,986,"Number Across Run/Finish –  1/1
Where Finished –  On Press
Length per Roll/Unit – 94'
Core Type –  3"" Paper 1/8"" Strouse Brown
Core Width – 2.75""
Core Label – Yes
Dividers – 
Bag Size – 
Qty. Per Bag – 4 M
Box Size –  12 x 12 x 12
Qty. Per Box – 4 M
Weight/box – 
Box Per Pallet – 
Pallet Type – ","Core  –  3"" Paper 1/8"" Strouse Brown
Width – 2.75""
Number Across Run/FInish –  1/1
Core Label – Yes
±10% –  No
Unwind Dir. Run – Parts Out
Unwind Dir. Finish –  Parts Out
Diecut/Continuous/Sheet –  Continuous Die Cut
Partial Case –  Yes
Pieces per roll/Unit – 1,000
Length per roll/unit –  94'
Finish – On Press
Application – "
5899,987,"Number Across Run/Finish –  1/1
Where Finished –  On Press
Length per Roll/Unit – 94'
Core Type –  3"" Paper 1/8"" Strouse Brown
Core Width – 2.25""
Core Label – Yes
Dividers – 
Bag Size – 
Qty. Per Bag – 
Box Size –  12 x 12 x 12
Qty. Per Box – 5 
Weight/box – 
Box Per Pallet – 
Pallet Type – ","Core  –  3"" Paper 1/8"" Strouse Brown
Width – 2.25""
Number Across Run/FInish –  1/1
Core Label – Yes
±10% –  No
Unwind Dir. Run – Parts Out
Unwind Dir. Finish –  Parts Out
Diecut/Continuous/Sheet –  Die Cut
Partial Case –  Yes
Pieces per roll/Unit – 1,000
Length per roll/unit –  94'
Finish – On Press
Application – "
5908,988,"Number Across Run/Finish –  1/1
Where Finished –  On Press
Length per Roll/Unit – 395'
Core Type –  3"" Paper 1/8"" Strouse Brown
Core Width – 1.875""
Core Label – Yes
Dividers – 
Bag Size – 
Qty. Per Bag – 4 Rolls
Box Size –  10 x 10 x 10
Qty. Per Box – 10 M
Weight/box – 
Box Per Pallet – 
Pallet Type – ","Core  –  3"" Paper 1/8"" Strouse Brown
Width – 1.875""
Number Across Run/FInish –  1/1
Core Label – Yes
±10% –  Yes
Unwind Dir. Run – Parts Out
Unwind Dir. Finish –  Parts Out
Diecut/Continuous/Sheet –  Die Cut
Partial Case –  Yes
Pieces per roll/Unit – 2,500
Length per roll/unit –  395'
Finish – On Press
Application – "
5932,989,"Number Across Run/Finish –  1/1
Where Finished –  On Press
Length per Roll/Unit – 9'
Core Type –  3"" Plastic 0.10"" HDPE
Core Width – 1.25""
Core Label – Yes
Dividers – Lexmark Style
Bag Size – 
Qty. Per Bag – 1 Roll
Box Size –  12 x 12 x 12
Qty. Per Box – 1 M
Weight/box – 
Box Per Pallet – 
Pallet Type – ","Core  –  3"" Plastic 0.10"" HDPE
Width – 1.25""
Number Across Run/FInish –  1/1
Core Label – Yes
±10% –  Yes
Unwind Dir. Run – Parts Out
Unwind Dir. Finish –  Parts Out
Diecut/Continuous/Sheet –  Die Cut
Partial Case –  Yes
Pieces per roll/Unit – 100
Length per roll/unit –  9'
Finish – On Press
Application – "
5936,990,"Number Across Run/Finish –  1/1
Where Finished –  On Press
Length per Roll/Unit – 9'
Core Type –  3"" Plastic 0.10"" HDPE
Core Width – 1.25""
Core Label – Yes
Dividers – Lexmark Style
Bag Size – 
Qty. Per Bag – 1 Roll
Box Size –  16 1/2 x 8 1/2 x 13
Qty. Per Box – 4 M
Weight/box – 
Box Per Pallet – 
Pallet Type – ","Core  –  3"" Plastic 0.10"" HDPE
Width – 1.25""
Number Across Run/FInish –  1/1
Core Label – Yes
±10% –  Yes
Unwind Dir. Run – Parts Out
Unwind Dir. Finish –  Parts Out
Diecut/Continuous/Sheet –  Die Cut
Partial Case –  Yes
Pieces per roll/Unit – 100
Length per roll/unit –  9'
Finish – On Press
Application – "
5937,991,"Number Across Run/Finish –  1/1
Where Finished –  On Press
Length per Roll/Unit – 9'
Core Type –  3"" Plastic 0.10"" HDPE
Core Width – 1.25""
Core Label – Yes
Dividers – Lexmark Style
Bag Size – 
Qty. Per Bag – 1 Roll
Box Size –  14 x 14 x 10
Qty. Per Box – 6 M
Weight/box – 
Box Per Pallet – 
Pallet Type – ","Core  –  3"" Plastic 0.10"" HDPE
Width – 1.25""
Number Across Run/FInish –  1/1
Core Label – Yes
±10% –  Yes
Unwind Dir. Run – See Drawing
Unwind Dir. Finish –  See Drawing
Diecut/Continuous/Sheet –  Die Cut
Partial Case –  Yes
Pieces per roll/Unit – 100
Length per roll/unit –  9'
Finish – On Press
Application – "
5944,992,"Number Across Run/Finish –  2/2
Where Finished –  On Press
Length per Roll/Unit – 152'
Core Type –  6"" Paper 3/8"" Brown Brown
Core Width – 3.25""
Core Label – Yes
Dividers – 
Bag Size – 
Qty. Per Bag – 1 M
Box Size –  8 x 8 x 8
Qty. Per Box – 1 M
Weight/box – 
Box Per Pallet – 
Pallet Type – ","Core  –  6"" Paper 3/8"" Brown Brown
Width – 3.25""
Number Across Run/FInish –  2/2
Core Label – Yes
±10% –  Yes
Unwind Dir. Run – Parts Out
Unwind Dir. Finish –  Parts Out
Diecut/Continuous/Sheet –  Die Cut
Partial Case –  Yes
Pieces per roll/Unit – 1,000
Length per roll/unit –  152'
Finish – On Press
Application – "
5964,993,"Number Across Run/Finish –  1/1
Where Finished –  On Press
Length per Roll/Unit – 395'
Core Type –  3"" Paper 1/8"" Strouse Brown
Core Width – 1.875""
Core Label – Yes
Dividers – 
Bag Size – 
Qty. Per Bag – 4 Rolls
Box Size –  10 x 10 x 10
Qty. Per Box – 10 M
Weight/box – 
Box Per Pallet – 
Pallet Type – ","Core  –  3"" Paper 1/8"" Strouse Brown
Width – 1.875""
Number Across Run/FInish –  1/1
Core Label – Yes
±10% –  Yes
Unwind Dir. Run – Parts Out
Unwind Dir. Finish –  
Diecut/Continuous/Sheet –  Die Cut
Partial Case –  Yes
Pieces per roll/Unit – 2,500
Length per roll/unit –  395'
Finish – On Press
Application – "
5966,994,"Number Across Run/Finish –  1/1
Where Finished –  On Press
Length per Roll/Unit – 105'
Core Type –  N/A
Core Width – N/A
Core Label – No
Dividers – 
Bag Size – 
Qty. Per Bag – 2.5 M
Box Size –  10 x 10 x 10
Qty. Per Box – 3 M
Weight/box – 
Box Per Pallet – 
Pallet Type – ","Core  –  N/A
Width – N/A
Number Across Run/FInish –  1/1
Core Label – No
±10% –  Yes
Unwind Dir. Run – N/A
Unwind Dir. Finish –  N/A
Diecut/Continuous/Sheet –  Sheet
Partial Case –  Yes
Pieces per roll/Unit – 1 Roll
Length per roll/unit –  105'
Finish – On Press
Application – "
5979,995,"Number Across Run/Finish –  4/1
Where Finished –  Off Press
Length per Roll/Unit – 835'
Core Type –  6"" plastic, 0.155"" PP
Core Width – 1.25""
Core Label – Yes
Dividers – 
Bag Size – 
Qty. Per Bag – 1 
Box Size –  12 x 12 x 12
Qty. Per Box – 8 
Weight/box – 
Box Per Pallet – 
Pallet Type – ","Core  –  6"" plastic, 0.155"" PP
Width – 1.25""
Number Across Run/FInish –  4/1
Core Label – Yes
±10% –  Yes
Unwind Dir. Run – N/A
Unwind Dir. Finish –  N/A
Diecut/Continuous/Sheet –  Die Cut
Partial Case –  Yes
Pieces per roll/Unit – 1 Roll
Length per roll/unit –  835'
Finish – Off Press
Application – "
6007,996,"Number Across Run/Finish –  5/1
Where Finished –  On Press
Length per Roll/Unit – 84'
Core Type –  3"" Plastic 0.10"" HDPE
Core Width – 1.125""
Core Label – Yes
Dividers – IZI BB style
Bag Size – 
Qty. Per Bag – 1 M
Box Size –  10 x 10 x 10
Qty. Per Box – 36 M
Weight/box – 
Box Per Pallet – 
Pallet Type – ","Core  –  3"" Plastic 0.10"" HDPE
Width – 1.125""
Number Across Run/FInish –  5/1
Core Label – Yes
±10% –  Yes
Unwind Dir. Run – N/A
Unwind Dir. Finish –  Out
Diecut/Continuous/Sheet –  Die Cut
Partial Case –  Yes
Pieces per roll/Unit – 1,000
Length per roll/unit –  84'
Finish – On Press
Application – "
6040,997,"Number Across Run/Finish –  1/1
Where Finished –  On Press
Length per Roll/Unit – 3,000'
Core Type –  3"" Plastic 0.10"" HDPE
Core Width – 1.25""
Core Label – 
Dividers – 
Bag Size – 
Qty. Per Bag – 1 
Box Size –  12 x 12 x 12
Qty. Per Box – 8 
Weight/box – 
Box Per Pallet – 
Pallet Type – ","Core  –  3"" Plastic 0.10"" HDPE
Width – 1.25""
Number Across Run/FInish –  1/1
Core Label – 
±10% –  Yes
Unwind Dir. Run – N/A
Unwind Dir. Finish –  N/A
Diecut/Continuous/Sheet –  Continuous
Partial Case –  N/A
Pieces per roll/Unit – 1 Roll
Length per roll/unit –  3,000'
Finish – On Press
Application – "
6052,998,"Number Across Run/Finish –  8/1
Where Finished –  On Press
Length per Roll/Unit – 302'
Core Type –  3"" Paper 1/8"" Strouse Brown
Core Width – 0.933""
Core Label – Yes
Dividers – 
Bag Size – 
Qty. Per Bag – 10 M
Box Size –  12 x 12 x 12
Qty. Per Box – 40 M
Weight/box – 
Box Per Pallet – 
Pallet Type – ","Core  –  3"" Paper 1/8"" Strouse Brown
Width – 0.933""
Number Across Run/FInish –  8/1
Core Label – Yes
±10% –  Yes
Unwind Dir. Run – Foil Out
Unwind Dir. Finish –  Foil Out
Diecut/Continuous/Sheet –  Die Cut
Partial Case –  Yes
Pieces per roll/Unit – 1,000
Length per roll/unit –  302'
Finish – On Press
Application – "
6053,999,"Number Across Run/Finish –  8/1
Where Finished –  On Press
Length per Roll/Unit – 302'
Core Type –  3"" Paper 1/8"" Strouse Brown
Core Width – 1.014""
Core Label – Yes
Dividers – 
Bag Size – 
Qty. Per Bag – 10 M
Box Size –  14 x 14 x 14
Qty. Per Box – 40 M
Weight/box – 
Box Per Pallet – 
Pallet Type – ","Core  –  3"" Paper 1/8"" Strouse Brown
Width – 1.014""
Number Across Run/FInish –  8/1
Core Label – Yes
±10% –  Yes
Unwind Dir. Run – Foil Out
Unwind Dir. Finish –  Foil Out
Diecut/Continuous/Sheet –  Die Cut
Partial Case –  Yes
Pieces per roll/Unit – 1,000
Length per roll/unit –  302'
Finish – On Press
Application – "
6067,1000,"Number Across Run/Finish –  1/1
Where Finished –  On Press
Length per Roll/Unit – 240'
Core Type –  3"" Paper 1/8"" White Brown
Core Width – 4.5""
Core Label – Yes
Dividers – 
Bag Size – 
Qty. Per Bag – 1 M
Box Size –  10 x 10 x 10
Qty. Per Box – 5 M
Weight/box – 
Box Per Pallet – 
Pallet Type – ","Core  –  3"" Paper 1/8"" White Brown
Width – 4.5""
Number Across Run/FInish –  1/1
Core Label – Yes
±10% –  No
Unwind Dir. Run – Parts Out
Unwind Dir. Finish –  Parts Out
Diecut/Continuous/Sheet –  Die Cut
Partial Case –  No
Pieces per roll/Unit – 1,000
Length per roll/unit –  240'
Finish – On Press
Application – "
6107,1001,"Number Across Run/Finish –  1/1
Where Finished –  Off Press
Length per Roll/Unit – 105'
Core Type –  3"" Plastic
Core Width – 1.79""
Core Label – Yes
Dividers – 
Bag Size – 
Qty. Per Bag – 1 Roll
Box Size –  16.5 x 16.5 x 10.25
Qty. Per Box – 4 M
Weight/box – 
Box Per Pallet – 
Pallet Type – ","Core  –  3"" Plastic
Width – 1.79""
Number Across Run/FInish –  1/1
Core Label – Yes
±10% –  Yes
Unwind Dir. Run – Parts In
Unwind Dir. Finish –  Parts In
Diecut/Continuous/Sheet –  Continuous Die Cut
Partial Case –  Yes
Pieces per roll/Unit – 5,000
Length per roll/unit –  105'
Finish – Off Press
Application – "
6108,1002,"Number Across Run/Finish –  1/1
Where Finished –  On Press
Length per Roll/Unit – 250'
Core Type –  N/A
Core Width – N/A
Core Label – Yes - on bag
Dividers – 
Bag Size – 
Qty. Per Bag – 0.2 M
Box Size –  Log Cradles
Qty. Per Box – 3 M
Weight/box – 
Box Per Pallet – 
Pallet Type – ","Core  –  N/A
Width – N/A
Number Across Run/FInish –  1/1
Core Label – Yes - on bag
±10% –  Yes
Unwind Dir. Run – N/A
Unwind Dir. Finish –  N/A
Diecut/Continuous/Sheet –  Sheet
Partial Case –  Yes
Pieces per roll/Unit – 200
Length per roll/unit –  250'
Finish – On Press
Application – "
6118,1003,"Number Across Run/Finish –  3/1
Where Finished –  On Press
Length per Roll/Unit – 100'
Core Type –  3"" Paper 1/8"" White Brown
Core Width – 3""
Core Label – Yes
Dividers – 
Bag Size – 
Qty. Per Bag – 3 Rolls
Box Size –  14 x 14 x 14
Qty. Per Box – 3 Rolls
Weight/box – 
Box Per Pallet – 
Pallet Type – ","Core  –  3"" Paper 1/8"" White Brown
Width – 3""
Number Across Run/FInish –  3/1
Core Label – Yes
±10% –  Yes
Unwind Dir. Run – Foam Out
Unwind Dir. Finish –  Foam Out
Diecut/Continuous/Sheet –  Continuous Die Cut
Partial Case –  Yes
Pieces per roll/Unit – 65
Length per roll/unit –  100'
Finish – On Press
Application – "
6173,1004,"Number Across Run/Finish –  2/1
Where Finished –  On Press
Length per Roll/Unit – 130'
Core Type –  3"" Paper 1/8"" White Brown
Core Width – 2.5""
Core Label – Yes
Dividers – 
Bag Size – 
Qty. Per Bag – 4 Rolls
Box Size –  16 1/2 x 8 1/2 x 13
Qty. Per Box – 4 M
Weight/box – 
Box Per Pallet – 
Pallet Type – ","Core  –  3"" Paper 1/8"" White Brown
Width – 2.5""
Number Across Run/FInish –  2/1
Core Label – Yes
±10% –  Yes
Unwind Dir. Run – Parts Out
Unwind Dir. Finish –  Parts Out
Diecut/Continuous/Sheet –  Die Cut
Partial Case –  Yes
Pieces per roll/Unit – 1,000
Length per roll/unit –  130'
Finish – On Press
Application – "
6180,1005,"Number Across Run/Finish –  1/1
Where Finished –  On Press
Length per Roll/Unit – 262'
Core Type –  3"" Paper 1/8"" White Brown
Core Width – 6.0""
Core Label – Yes
Dividers – 
Bag Size – 
Qty. Per Bag – 2 Rolls
Box Size –  10 x 10 x 10
Qty. Per Box – 20 M
Weight/box – 
Box Per Pallet – 
Pallet Type – ","Core  –  3"" Paper 1/8"" White Brown
Width – 6.0""
Number Across Run/FInish –  1/1
Core Label – Yes
±10% –  Yes
Unwind Dir. Run – Parts Out
Unwind Dir. Finish –  Parts Out
Diecut/Continuous/Sheet –  Die Cut
Partial Case –  Yes
Pieces per roll/Unit – 5,000
Length per roll/unit –  262'
Finish – On Press
Application – "
6199,1006,"Number Across Run/Finish –  1/1
Where Finished –  On Press
Length per Roll/Unit – 75'
Core Type –  3"" Paper 1/8"" Strouse Brown
Core Width – 1.0""
Core Label – Yes
Dividers – 
Bag Size – 
Qty. Per Bag – 3 Rolls
Box Size –  14 x 14 x 8
Qty. Per Box – 15 M
Weight/box – 
Box Per Pallet – 
Pallet Type – ","Core  –  3"" Paper 1/8"" Strouse Brown
Width – 1.0""
Number Across Run/FInish –  1/1
Core Label – Yes
±10% –  Yes
Unwind Dir. Run – Parts Out
Unwind Dir. Finish –  Parts Out
Diecut/Continuous/Sheet –  Die Cut
Partial Case –  Yes
Pieces per roll/Unit – 2,500
Length per roll/unit –  75'
Finish – On Press
Application – "
6224,1007,"Number Across Run/Finish –  1/1
Where Finished –  On Press
Length per Roll/Unit – 417'
Core Type –  3"" Paper 1/8"" Strouse Brown
Core Width – 3.250""
Core Label – Yes
Dividers – 
Bag Size – 
Qty. Per Bag – 3 Rolls
Box Size –  12 x 12 x 12
Qty. Per Box – 15 M
Weight/box – 
Box Per Pallet – 
Pallet Type – ","Core  –  3"" Paper 1/8"" Strouse Brown
Width – 3.250""
Number Across Run/FInish –  1/1
Core Label – Yes
±10% –  Yes
Unwind Dir. Run – Parts Out
Unwind Dir. Finish –  Parts Out
Diecut/Continuous/Sheet –  Die Cut
Partial Case –  Yes
Pieces per roll/Unit – 2,500
Length per roll/unit –  417'
Finish – On Press
Application – "
6240,1008,"Number Across Run/Finish –  4/1
Where Finished –  On Press
Length per Roll/Unit – 94'
Core Type –  3"" Plastic 0.10"" HDPE
Core Width – 0.5""
Core Label – Yes - See Note
Dividers – Special Polyflute
Bag Size – 
Qty. Per Bag – 25 M
Box Size –  16 x 16 x 10-1/4
Qty. Per Box – 60 Rolls
Weight/box – 
Box Per Pallet – 
Pallet Type – ","Core  –  3"" Plastic 0.10"" HDPE
Width – 0.5""
Number Across Run/FInish –  4/1
Core Label – Yes - See Note
±10% –  No
Unwind Dir. Run – Parts In
Unwind Dir. Finish –  Parts In
Diecut/Continuous/Sheet –  Die Cut
Partial Case –  Yes
Pieces per roll/Unit – 5,000
Length per roll/unit –  94'
Finish – On Press
Application – "
6241,1009,"Number Across Run/Finish –  1/1
Where Finished –  On Press
Length per Roll/Unit – 667'
Core Type –  N/A
Core Width – N/A
Core Label – No
Dividers – 
Bag Size – 
Qty. Per Bag – 500 Each
Box Size –  10 x 10 x 10
Qty. Per Box – 500 Each
Weight/box – 
Box Per Pallet – 
Pallet Type – ","Core  –  N/A
Width – N/A
Number Across Run/FInish –  1/1
Core Label – No
±10% –  Yes
Unwind Dir. Run – N/A
Unwind Dir. Finish –  N/A
Diecut/Continuous/Sheet –  Sheet
Partial Case –  Yes
Pieces per roll/Unit – 500
Length per roll/unit –  667'
Finish – On Press
Application – "
6258,1010,"Number Across Run/Finish –  1/1
Where Finished –  On Press
Length per Roll/Unit – 63'
Core Type –  3"" Paper 1/8"" Strouse Brown
Core Width – 3""
Core Label – Yes
Dividers – 
Bag Size – 
Qty. Per Bag – 4 Rolls
Box Size –  10 x 10 x 10
Qty. Per Box – 20 Rolls
Weight/box – 
Box Per Pallet – 
Pallet Type – ","Core  –  3"" Paper 1/8"" Strouse Brown
Width – 3""
Number Across Run/FInish –  1/1
Core Label – Yes
±10% –  Yes
Unwind Dir. Run – Tab on Op. Side
Unwind Dir. Finish –  Parts Out
Diecut/Continuous/Sheet –  Die Cut
Partial Case –  Yes
Pieces per roll/Unit – 3,000
Length per roll/unit –  63'
Finish – On Press
Application – "
6280,1011,"Number Across Run/Finish –  2/2
Where Finished –  On Press
Length per Roll/Unit – 108'
Core Type –  3"" Paper 1/8"" Strouse Brown
Core Width – 2.250""
Core Label – Yes
Dividers – 
Bag Size – 
Qty. Per Bag – 1 Roll
Box Size –  12 x 12 x 13
Qty. Per Box – 8 M
Weight/box – 
Box Per Pallet – 
Pallet Type – ","Core  –  3"" Paper 1/8"" Strouse Brown
Width – 2.250""
Number Across Run/FInish –  2/2
Core Label – Yes
±10% –  Yes
Unwind Dir. Run – Parts Out
Unwind Dir. Finish –  Parts Out
Diecut/Continuous/Sheet –  Die Cut
Partial Case –  Yes
Pieces per roll/Unit – 1,970
Length per roll/unit –  108'
Finish – On Press
Application – "
6288,1012,"Number Across Run/Finish –  1/1
Where Finished –  On Press
Length per Roll/Unit – See WO
Core Type –  3"" Plastic 0.10"" HDPE
Core Width – 12.25""
Core Label – Yes
Dividers – 
Bag Size – 
Qty. Per Bag – 1 Roll
Box Size –  11 x 11 x 8
Qty. Per Box – 1 Roll
Weight/box – 
Box Per Pallet – 
Pallet Type – ","Core  –  3"" Plastic 0.10"" HDPE
Width – 12.25""
Number Across Run/FInish –  1/1
Core Label – Yes
±10% –  Ask
Unwind Dir. Run – N/A
Unwind Dir. Finish –  N/A
Diecut/Continuous/Sheet –  Continuous
Partial Case –  Ask
Pieces per roll/Unit – 1 Roll
Length per roll/unit –  See WO
Finish – On Press
Application – "
6331,1013,"Number Across Run/Finish –  10/1
Where Finished –  On Press
Length per Roll/Unit – 105'
Core Type –  N/A
Core Width – N/A
Core Label – No
Dividers – No
Bag Size – 
Qty. Per Bag – 25 M
Box Size –  12 x 12 x 4
Qty. Per Box – 25 M
Weight/box – 
Box Per Pallet – 
Pallet Type – ","Core  –  N/A
Width – N/A
Number Across Run/FInish –  10/1
Core Label – No
±10% –  Yes
Unwind Dir. Run – N/A
Unwind Dir. Finish –  N/A
Diecut/Continuous/Sheet –  Die Cut Sheet
Partial Case –  No
Pieces per roll/Unit – 1 Roll
Length per roll/unit –  105'
Finish – On Press
Application – "
6335,1014,"Number Across Run/Finish –  1/1
Where Finished –  On Press
Length per Roll/Unit – 50'
Core Type –  N/A
Core Width – N/A
Core Label – No
Dividers – 
Bag Size – 
Qty. Per Bag – 50 Each
Box Size –  10 x 10 x 10
Qty. Per Box – 150 Each
Weight/box – 
Box Per Pallet – 
Pallet Type – ","Core  –  N/A
Width – N/A
Number Across Run/FInish –  1/1
Core Label – No
±10% –  Yes
Unwind Dir. Run – N/A
Unwind Dir. Finish –  N/A
Diecut/Continuous/Sheet –  Sheet
Partial Case –  Yes
Pieces per roll/Unit – 50
Length per roll/unit –  50'
Finish – On Press
Application – "
6340,1015,"Number Across Run/Finish –  2/1
Where Finished –  Web Techniques
Length per Roll/Unit – 5'
Core Type –  3"" Paper 1/8"" Strouse Brown
Core Width – 1.0
Core Label – Yes
Dividers – 
Bag Size – 
Qty. Per Bag – 5 
Box Size –  8 x 8 x 8
Qty. Per Box – 10 
Weight/box – 
Box Per Pallet – 
Pallet Type – ","Core  –  3"" Paper 1/8"" Strouse Brown
Width – 1.0
Number Across Run/FInish –  2/1
Core Label – Yes
±10% –  No
Unwind Dir. Run – Parts Out
Unwind Dir. Finish –  Parts Out
Diecut/Continuous/Sheet –  Die Cut
Partial Case –  Ask
Pieces per roll/Unit – 1 Roll
Length per roll/unit –  5'
Finish – Web Techniques
Application – "
6391,1016,"Number Across Run/Finish –  2/2
Where Finished –  On Press
Length per Roll/Unit – 27'
Core Type –  3"" Paper 1/8"" White Brown
Core Width – 1.75""
Core Label – Yes
Dividers – 
Bag Size – 
Qty. Per Bag – 1 
Box Size –  14 x 14 x 6
Qty. Per Box – 3 
Weight/box – 
Box Per Pallet – 
Pallet Type – ","Core  –  3"" Paper 1/8"" White Brown
Width – 1.75""
Number Across Run/FInish –  2/2
Core Label – Yes
±10% –  Yes
Unwind Dir. Run – Parts Out
Unwind Dir. Finish –  Parts Out
Diecut/Continuous/Sheet –  Die Cut
Partial Case –  Yes
Pieces per roll/Unit – 1 Roll
Length per roll/unit –  27'
Finish – On Press
Application – "
6415,1017,"Number Across Run/Finish –  1/1
Where Finished –  Off Press
Length per Roll/Unit – 125'
Core Type –  3"" Paper 1/8"" Strouse Brown
Core Width – 6""
Core Label – Yes in core and on outside of roll.
Dividers – 
Bag Size – 
Qty. Per Bag – 1 Roll
Box Size –  
Qty. Per Box – 3 M
Weight/box – 
Box Per Pallet – 
Pallet Type – ","Core  –  3"" Paper 1/8"" Strouse Brown
Width – 6""
Number Across Run/FInish –  1/1
Core Label – Yes in core and on outside of roll.
±10% –  No
Unwind Dir. Run – Parts Out
Unwind Dir. Finish –  Parts Out
Diecut/Continuous/Sheet –  Continuous Die Cut
Partial Case –  Yes
Pieces per roll/Unit – 3,000
Length per roll/unit –  125'
Finish – Off Press
Application – "
6422,1018,"Number Across Run/Finish –  6/1
Where Finished –  On Press
Length per Roll/Unit – TBD
Core Type –  6"" plastic, 0.155"" PP
Core Width – Various
Core Label – No
Dividers – Paper
Bag Size – 
Qty. Per Bag – 25 Rolls
Box Size –  12 x 12 x 10
Qty. Per Box – 
Weight/box – 
Box Per Pallet – 
Pallet Type – ","Core  –  6"" plastic, 0.155"" PP
Width – Various
Number Across Run/FInish –  6/1
Core Label – No
±10% –  Yes
Unwind Dir. Run – N/A
Unwind Dir. Finish –  N/A
Diecut/Continuous/Sheet –  Continuous
Partial Case –  Yes
Pieces per roll/Unit – 
Length per roll/unit –  TBD
Finish – On Press
Application – "
6425,1019,"Number Across Run/Finish –  1/1
Where Finished –  On Press
Length per Roll/Unit – 183'
Core Type –  6"" plastic, 0.155"" PP
Core Width – 3""
Core Label – No
Dividers – 
Bag Size – 
Qty. Per Bag – 10 
Box Size –  12 x 12 x 10
Qty. Per Box – 3,200 Each
Weight/box – 
Box Per Pallet – 18
Pallet Type – ","Core  –  6"" plastic, 0.155"" PP
Width – 3""
Number Across Run/FInish –  1/1
Core Label – No
±10% –  Yes
Unwind Dir. Run – Parts Out
Unwind Dir. Finish –  Parts Out
Diecut/Continuous/Sheet –  Continuous Sheet
Partial Case –  Yes
Pieces per roll/Unit – 10
Length per roll/unit –  183'
Finish – On Press
Application – "
6427,1020,"Number Across Run/Finish –  2/1
Where Finished –  Off Press
Length per Roll/Unit – TBD
Core Type –  3"" Plastic 0.10"" HDPE
Core Width – 2.8""
Core Label – No
Dividers – 
Bag Size – 
Qty. Per Bag – 1 
Box Size –  10 x 10 x 10
Qty. Per Box – 320 
Weight/box – 
Box Per Pallet – 
Pallet Type – ","Core  –  3"" Plastic 0.10"" HDPE
Width – 2.8""
Number Across Run/FInish –  2/1
Core Label – No
±10% –  Yes
Unwind Dir. Run – Arrow to gear
Unwind Dir. Finish –  See note
Diecut/Continuous/Sheet –  Continuous
Partial Case –  Yes
Pieces per roll/Unit – 1 Roll
Length per roll/unit –  TBD
Finish – Off Press
Application – "
6441,1021,"Number Across Run/Finish –  2/1
Where Finished –  Off Press
Length per Roll/Unit – 500'
Core Type –  3"" Paper 1/8"" White Brown
Core Width – 3.25""
Core Label – Yes
Dividers – 
Bag Size – 
Qty. Per Bag – 3 Rolls
Box Size –  11 x 11 x 8
Qty. Per Box – 2 M
Weight/box – 
Box Per Pallet – 
Pallet Type – ","Core  –  3"" Paper 1/8"" White Brown
Width – 3.25""
Number Across Run/FInish –  2/1
Core Label – Yes
±10% –  Yes
Unwind Dir. Run – 4
Unwind Dir. Finish –  7
Diecut/Continuous/Sheet –  Die Cut
Partial Case –  Yes
Pieces per roll/Unit – 500
Length per roll/unit –  500'
Finish – Off Press
Application – "
6442,1022,"Number Across Run/Finish –  2/1
Where Finished –  Off Press
Length per Roll/Unit – 500'
Core Type –  3"" Paper 1/8"" White Brown
Core Width – 3.75""
Core Label – Yes
Dividers – Paper
Bag Size – 
Qty. Per Bag – 2 Rolls
Box Size –  14 x 14 x 10
Qty. Per Box – 1 M
Weight/box – 
Box Per Pallet – 
Pallet Type – ","Core  –  3"" Paper 1/8"" White Brown
Width – 3.75""
Number Across Run/FInish –  2/1
Core Label – Yes
±10% –  Yes
Unwind Dir. Run – 4
Unwind Dir. Finish –  7
Diecut/Continuous/Sheet –  Die Cut
Partial Case –  Yes
Pieces per roll/Unit – 500
Length per roll/unit –  500'
Finish – Off Press
Application – "
6445,1023,"Number Across Run/Finish –  1/1
Where Finished –  On Press
Length per Roll/Unit – 1 Sheet
Core Type –  N/A
Core Width – N/A
Core Label – No
Dividers – 
Bag Size – 
Qty. Per Bag – 180 Sheets
Box Size –  8 x 8 x 8
Qty. Per Box –  M
Weight/box – 
Box Per Pallet – 
Pallet Type – ","Core  –  N/A
Width – N/A
Number Across Run/FInish –  1/1
Core Label – No
±10% –  Yes
Unwind Dir. Run – N/A
Unwind Dir. Finish –  N/A
Diecut/Continuous/Sheet –  Die Cut Sheet
Partial Case –  Yes
Pieces per roll/Unit – 1 Sheet
Length per roll/unit –  1 Sheet
Finish – On Press
Application – "
6511,1024,"Number Across Run/Finish –  1/1
Where Finished –  On Press
Length per Roll/Unit – 105'
Core Type –  3"" Paper 1/8"" Strouse Brown
Core Width – 1.375""
Core Label – Yes
Dividers – 
Bag Size – 
Qty. Per Bag – 10 M
Box Size –  10 x 10 x 10
Qty. Per Box – 10 M
Weight/box – 
Box Per Pallet – 
Pallet Type – ","Core  –  3"" Paper 1/8"" Strouse Brown
Width – 1.375""
Number Across Run/FInish –  1/1
Core Label – Yes
±10% –  Yes
Unwind Dir. Run – Parts Out
Unwind Dir. Finish –  Parts Out
Diecut/Continuous/Sheet –  Continuous Die Cut
Partial Case –  Yes
Pieces per roll/Unit – 2,000
Length per roll/unit –  105'
Finish – On Press
Application – "
6524,1025,"Number Across Run/Finish –  1/1
Where Finished –  On Press
Length per Roll/Unit – 42'
Core Type –  N/A
Core Width – N/A
Core Label – No
Dividers – 
Bag Size – 
Qty. Per Bag – 100 Each
Box Size –  12 x 12 x 4
Qty. Per Box – 100 Each
Weight/box – 
Box Per Pallet – 
Pallet Type – ","Core  –  N/A
Width – N/A
Number Across Run/FInish –  1/1
Core Label – No
±10% –  No 
Unwind Dir. Run – N/A
Unwind Dir. Finish –  N/A
Diecut/Continuous/Sheet –  Sheet
Partial Case –  No
Pieces per roll/Unit – 100
Length per roll/unit –  42'
Finish – On Press
Application – "
6525,1026,"Number Across Run/Finish –  1/1
Where Finished –  On Press
Length per Roll/Unit – 91'
Core Type –  N/A
Core Width – N/A
Core Label – No
Dividers – 
Bag Size – 
Qty. Per Bag – 100 Each
Box Size –  12 x 12 x 4
Qty. Per Box – 100 Each
Weight/box – 
Box Per Pallet – 
Pallet Type – ","Core  –  N/A
Width – N/A
Number Across Run/FInish –  1/1
Core Label – No
±10% –  No
Unwind Dir. Run – N/A
Unwind Dir. Finish –  N/A
Diecut/Continuous/Sheet –  Sheet
Partial Case –  No
Pieces per roll/Unit – 100
Length per roll/unit –  91'
Finish – On Press
Application – "
6526,1027,"Number Across Run/Finish –  1/1
Where Finished –  On Press
Length per Roll/Unit – 88'
Core Type –  N/A
Core Width – N/A
Core Label – No
Dividers – 
Bag Size – 
Qty. Per Bag – 100 Each
Box Size –  special
Qty. Per Box – 100 Each
Weight/box – 
Box Per Pallet – 
Pallet Type – ","Core  –  N/A
Width – N/A
Number Across Run/FInish –  1/1
Core Label – No
±10% –  No
Unwind Dir. Run – N/A
Unwind Dir. Finish –  N/A
Diecut/Continuous/Sheet –  Sheet
Partial Case –  No
Pieces per roll/Unit – 100
Length per roll/unit –  88'
Finish – On Press
Application – "
6531,1028,"Number Across Run/Finish –  1/1
Where Finished –  On Press
Length per Roll/Unit – N/A
Core Type –  N/A
Core Width – N/A
Core Label – No
Dividers – 
Bag Size – 
Qty. Per Bag – 
Box Size –  Best Fit Per Qty
Qty. Per Box – 6 Pads
Weight/box – 
Box Per Pallet – 
Pallet Type – ","Core  –  N/A
Width – N/A
Number Across Run/FInish –  1/1
Core Label – No
±10% –  No
Unwind Dir. Run – N/A
Unwind Dir. Finish –  N/A
Diecut/Continuous/Sheet –  Sheet
Partial Case –  No
Pieces per roll/Unit – 1 Pad
Length per roll/unit –  N/A
Finish – On Press
Application – "
6551,1029,"Number Across Run/Finish –  3/1
Where Finished –  On Press
Length per Roll/Unit – 678'
Core Type –  3"" Paper (1/8"" wall)
Core Width – 3.125""
Core Label – Yes
Dividers – 
Bag Size – 
Qty. Per Bag – 
Box Size –  12 x 12 x 4
Qty. Per Box – 4 Rolls
Weight/box – 
Box Per Pallet – 
Pallet Type – ","Core  –  3"" Paper (1/8"" wall)
Width – 3.125""
Number Across Run/FInish –  3/1
Core Label – Yes
±10% –  Yes
Unwind Dir. Run – Parts Out
Unwind Dir. Finish –  Parts Out
Diecut/Continuous/Sheet –  Die Cut
Partial Case –  Yes
Pieces per roll/Unit – 5,000
Length per roll/unit –  678'
Finish – On Press
Application – "
6552,1030,"Number Across Run/Finish –  1/1
Where Finished –  On Press
Length per Roll/Unit – 58'
Core Type –  N/A
Core Width – N/A
Core Label – No
Dividers – 
Bag Size – 
Qty. Per Bag – 100 Each
Box Size –  8 x 8 x 8
Qty. Per Box – 100 Each
Weight/box – 
Box Per Pallet – 
Pallet Type – ","Core  –  N/A
Width – N/A
Number Across Run/FInish –  1/1
Core Label – No
±10% –  Yes
Unwind Dir. Run – N/A
Unwind Dir. Finish –  N/A
Diecut/Continuous/Sheet –  Die Cut Sheet
Partial Case –  Yes
Pieces per roll/Unit – 100
Length per roll/unit –  58'
Finish – On Press
Application – "
6597,1031,"Number Across Run/Finish –  1/1
Where Finished –  On Press
Length per Roll/Unit – 92'
Core Type –  N/A
Core Width – N/A
Core Label – n/a
Dividers – 
Bag Size – 
Qty. Per Bag – 50 sets 
Box Size –  14 1/4 x 8 3/4  x 12 5/8
Qty. Per Box – 50 
Weight/box – 
Box Per Pallet – 
Pallet Type – ","Core  –  N/A
Width – N/A
Number Across Run/FInish –  1/1
Core Label – n/a
±10% –  Yes
Unwind Dir. Run – N/A
Unwind Dir. Finish –  N/A
Diecut/Continuous/Sheet –  Die Cut Sheet
Partial Case –  Yes
Pieces per roll/Unit – 100
Length per roll/unit –  92'
Finish – On Press
Application – "
6631,1032,"Number Across Run/Finish –  1/1
Where Finished –  On Press
Length per Roll/Unit – 92'
Core Type –  N/A
Core Width – N/A
Core Label – n/a
Dividers – 
Bag Size – 
Qty. Per Bag – 50 sets 
Box Size –  16 x 16 x 10-1/4
Qty. Per Box – 50 
Weight/box – 
Box Per Pallet – 
Pallet Type – ","Core  –  N/A
Width – N/A
Number Across Run/FInish –  1/1
Core Label – n/a
±10% –  Yes
Unwind Dir. Run – N/A
Unwind Dir. Finish –  N/A
Diecut/Continuous/Sheet –  Die Cut Sheet
Partial Case –  Yes
Pieces per roll/Unit – 100
Length per roll/unit –  92'
Finish – On Press
Application – "
6634,1033,"Number Across Run/Finish –  1/1
Where Finished –  On Press
Length per Roll/Unit – 350'
Core Type –  3"" Paper 1/8"" White Brown
Core Width – 8""
Core Label – Yes
Dividers – 
Bag Size – 
Qty. Per Bag – 1 Roll
Box Size –  10 x 10 x 10
Qty. Per Box – 2 M
Weight/box – 
Box Per Pallet – 
Pallet Type – ","Core  –  3"" Paper 1/8"" White Brown
Width – 8""
Number Across Run/FInish –  1/1
Core Label – Yes
±10% –  Yes
Unwind Dir. Run – N/A
Unwind Dir. Finish –  N/A
Diecut/Continuous/Sheet –  Die Cut
Partial Case –  Yes
Pieces per roll/Unit – 600
Length per roll/unit –  350'
Finish – On Press
Application – "
6638,1034,"Number Across Run/Finish –  1/1
Where Finished –  On Press
Length per Roll/Unit – 591'
Core Type –  3"" Paper 1/8"" White Brown
Core Width – 7""
Core Label – Yes
Dividers – 
Bag Size – 
Qty. Per Bag – 1 Roll
Box Size –  10 x 10 x 10
Qty. Per Box –  M
Weight/box – 
Box Per Pallet – 
Pallet Type – ","Core  –  3"" Paper 1/8"" White Brown
Width – 7""
Number Across Run/FInish –  1/1
Core Label – Yes
±10% –  Yes
Unwind Dir. Run – Parts Out
Unwind Dir. Finish –  Parts Out
Diecut/Continuous/Sheet –  Die Cut
Partial Case –  Yes
Pieces per roll/Unit – 266
Length per roll/unit –  591'
Finish – On Press
Application – "
6639,1035,"Number Across Run/Finish –  1/1
Where Finished –  On Press
Length per Roll/Unit – 591'
Core Type –  3"" Paper 1/8"" White Brown
Core Width – 7""
Core Label – Yes
Dividers – 
Bag Size – 
Qty. Per Bag – 1 Roll
Box Size –  16 1/2 x 8 1/2 x 13
Qty. Per Box –  M
Weight/box – 
Box Per Pallet – 
Pallet Type – ","Core  –  3"" Paper 1/8"" White Brown
Width – 7""
Number Across Run/FInish –  1/1
Core Label – Yes
±10% –  Yes
Unwind Dir. Run – Parts Out
Unwind Dir. Finish –  Parts Out
Diecut/Continuous/Sheet –  Die Cut
Partial Case –  Yes
Pieces per roll/Unit – 266
Length per roll/unit –  591'
Finish – On Press
Application – "
6640,1036,"Number Across Run/Finish –  1/1
Where Finished –  On Press
Length per Roll/Unit – 575'
Core Type –  3"" Paper 1/8"" White Brown
Core Width – 10""
Core Label – Yes
Dividers – 
Bag Size – 
Qty. Per Bag – 1 Roll
Box Size –  16 1/2 x 8 1/2 x 13
Qty. Per Box – 1 M
Weight/box – 
Box Per Pallet – 
Pallet Type – ","Core  –  3"" Paper 1/8"" White Brown
Width – 10""
Number Across Run/FInish –  1/1
Core Label – Yes
±10% –  Yes
Unwind Dir. Run – Parts Out
Unwind Dir. Finish –  Parts Out
Diecut/Continuous/Sheet –  Die Cut
Partial Case –  No
Pieces per roll/Unit – 400
Length per roll/unit –  575'
Finish – On Press
Application – "
6641,1037,"Number Across Run/Finish –  1/1
Where Finished –  On Press
Length per Roll/Unit – 575'
Core Type –  3"" Paper 1/8"" White Brown
Core Width – 10""
Core Label – Yes
Dividers – 
Bag Size – 
Qty. Per Bag – 1 Roll
Box Size –  13 x 13 x 13
Qty. Per Box – 1 M
Weight/box – 
Box Per Pallet – 
Pallet Type – ","Core  –  3"" Paper 1/8"" White Brown
Width – 10""
Number Across Run/FInish –  1/1
Core Label – Yes
±10% –  Yes
Unwind Dir. Run – Parts Out
Unwind Dir. Finish –  Parts Out
Diecut/Continuous/Sheet –  Die Cut
Partial Case –  No
Pieces per roll/Unit – 400
Length per roll/unit –  575'
Finish – On Press
Application – "
6660,1038,"Number Across Run/Finish –  1/1
Where Finished –  On Press
Length per Roll/Unit – 97'
Core Type –  3"" Paper 1/8"" White Brown
Core Width – 4""
Core Label – Yes
Dividers – 
Bag Size – 
Qty. Per Bag – 
Box Size –  12 x 12 x 12
Qty. Per Box – 2 M
Weight/box – 
Box Per Pallet – 
Pallet Type – ","Core  –  3"" Paper 1/8"" White Brown
Width – 4""
Number Across Run/FInish –  1/1
Core Label – Yes
±10% –  Yes
Unwind Dir. Run – Parts Out
Unwind Dir. Finish –  Parts Out
Diecut/Continuous/Sheet –  Die Cut
Partial Case –  Yes
Pieces per roll/Unit – 150
Length per roll/unit –  97'
Finish – On Press
Application – "
6695,1039,"Number Across Run/Finish –  1/1
Where Finished –  On Press
Length per Roll/Unit – 511'
Core Type –  3"" Paper 1/8"" Strouse Brown
Core Width – 6.75""
Core Label – Yes
Dividers – 
Bag Size – 
Qty. Per Bag – 1 Roll
Box Size –  8 x 8 x 8
Qty. Per Box – 4 M
Weight/box – 
Box Per Pallet – 
Pallet Type – ","Core  –  3"" Paper 1/8"" Strouse Brown
Width – 6.75""
Number Across Run/FInish –  1/1
Core Label – Yes
±10% –  Yes
Unwind Dir. Run – N/A
Unwind Dir. Finish –  N/A
Diecut/Continuous/Sheet –  Die Cut
Partial Case –  Yes
Pieces per roll/Unit – 1,000
Length per roll/unit –  511'
Finish – On Press
Application – "
6704,1040,"Number Across Run/Finish –  4/1
Where Finished –  On Press
Length per Roll/Unit – 352'
Core Type –  3"" Paper 1/8"" White Brown
Core Width – 1.500""
Core Label – Yes
Dividers – 
Bag Size – 
Qty. Per Bag – 20 
Box Size –  10 x 10 x 10
Qty. Per Box – 20 Rolls
Weight/box – 
Box Per Pallet – 
Pallet Type – ","Core  –  3"" Paper 1/8"" White Brown
Width – 1.500""
Number Across Run/FInish –  4/1
Core Label – Yes
±10% –  Yes
Unwind Dir. Run – Parts Out
Unwind Dir. Finish –  Parts Out
Diecut/Continuous/Sheet –  Die Cut
Partial Case –  Yes
Pieces per roll/Unit – 3,750
Length per roll/unit –  352'
Finish – On Press
Application – "
6729,1041,"Number Across Run/Finish –  1/1
Where Finished –  On Press
Length per Roll/Unit – 46'
Core Type –  3"" Paper 1/8"" White Brown
Core Width – 2.125""
Core Label – No
Dividers – 
Bag Size – 
Qty. Per Bag – 3 Rolls
Box Size –  8 x 8 x 8
Qty. Per Box – 1 M
Weight/box – 
Box Per Pallet – 
Pallet Type – ","Core  –  3"" Paper 1/8"" White Brown
Width – 2.125""
Number Across Run/FInish –  1/1
Core Label – No
±10% –  Yes
Unwind Dir. Run – Parts Out
Unwind Dir. Finish –  Parts Out
Diecut/Continuous/Sheet –  Die Cut
Partial Case –  Yes
Pieces per roll/Unit – 100
Length per roll/unit –  46'
Finish – On Press
Application – "
6730,1042,"Number Across Run/Finish –  5/5
Where Finished –  On Press
Length per Roll/Unit – 17'
Core Type –  3"" Paper 1/8"" White Brown
Core Width – 3.0""
Core Label – No
Dividers – 
Bag Size – 
Qty. Per Bag – 1 Roll
Box Size –  8 x 8 x 8
Qty. Per Box – 16 M
Weight/box – 
Box Per Pallet – 
Pallet Type – ","Core  –  3"" Paper 1/8"" White Brown
Width – 3.0""
Number Across Run/FInish –  5/5
Core Label – No
±10% –  Yes
Unwind Dir. Run – Parts Out
Unwind Dir. Finish –  Parts Out
Diecut/Continuous/Sheet –  Die Cut
Partial Case –  Yes
Pieces per roll/Unit – 2,000
Length per roll/unit –  17'
Finish – On Press
Application – "
6738,1043,"Number Across Run/Finish –  1/1
Where Finished –  On Press
Length per Roll/Unit – 32'
Core Type –  N/A
Core Width – N/A
Core Label – No
Dividers – 
Bag Size – 
Qty. Per Bag – 100 
Box Size –  12 x 12 x 12
Qty. Per Box – 2,000 
Weight/box – 
Box Per Pallet – 
Pallet Type – ","Core  –  N/A
Width – N/A
Number Across Run/FInish –  1/1
Core Label – No
±10% –  Yes
Unwind Dir. Run – N/A
Unwind Dir. Finish –  N/A
Diecut/Continuous/Sheet –  Sheet
Partial Case –  Yes
Pieces per roll/Unit – 1 Roll
Length per roll/unit –  32'
Finish – On Press
Application – "
6756,1044,"Number Across Run/Finish –  1/1
Where Finished –  On Press
Length per Roll/Unit – 417'
Core Type –  3"" Paper 1/8"" White Brown
Core Width – 1.75""
Core Label – Yes
Dividers – 
Bag Size – 
Qty. Per Bag – 5,000 Each
Box Size –  6 x 6 x 6
Qty. Per Box – 10,000 Each
Weight/box – 
Box Per Pallet – 
Pallet Type – ","Core  –  3"" Paper 1/8"" White Brown
Width – 1.75""
Number Across Run/FInish –  1/1
Core Label – Yes
±10% –  Yes
Unwind Dir. Run – Parts Out
Unwind Dir. Finish –  3
Diecut/Continuous/Sheet –  Die Cut
Partial Case –  Yes
Pieces per roll/Unit – 5,000
Length per roll/unit –  417'
Finish – On Press
Application – "
6761,1045,"Number Across Run/Finish –  2/1
Where Finished –  On Press
Length per Roll/Unit – 235'
Core Type –  N/A
Core Width – N/A
Core Label – No
Dividers – 
Bag Size – 
Qty. Per Bag – 0.2 M
Box Size –  8 x 8 x 8
Qty. Per Box – 5 M
Weight/box – 
Box Per Pallet – 
Pallet Type – ","Core  –  N/A
Width – N/A
Number Across Run/FInish –  2/1
Core Label – No
±10% –  Yes
Unwind Dir. Run – N/A
Unwind Dir. Finish –  
Diecut/Continuous/Sheet –  Die Cut Sheet
Partial Case –  Yes
Pieces per roll/Unit – 200
Length per roll/unit –  235'
Finish – On Press
Application – "
6782,1046,"Number Across Run/Finish –  2/2
Where Finished –  On Press
Length per Roll/Unit – 84'
Core Type –  N/A
Core Width – N/A
Core Label – No
Dividers – 
Bag Size – 
Qty. Per Bag – 200 Sheets
Box Size –  8 x 8 x 8
Qty. Per Box – 20 M
Weight/box – 
Box Per Pallet – 
Pallet Type – ","Core  –  N/A
Width – N/A
Number Across Run/FInish –  2/2
Core Label – No
±10% –  Yes
Unwind Dir. Run – N/A
Unwind Dir. Finish –  N/A
Diecut/Continuous/Sheet –  Die Cut Sheet
Partial Case –  Yes
Pieces per roll/Unit – 200 Sheets
Length per roll/unit –  84'
Finish – On Press
Application – "
6786,1047,"Number Across Run/Finish –  2/1
Where Finished –  On Press
Length per Roll/Unit – 313'
Core Type –  N/A
Core Width – N/A
Core Label – Yes - on bag
Dividers – 
Bag Size – 
Qty. Per Bag – 1 
Box Size –  Best Fit Per Qty
Qty. Per Box – 1 
Weight/box – 
Box Per Pallet – 
Pallet Type – ","Core  –  N/A
Width – N/A
Number Across Run/FInish –  2/1
Core Label – Yes - on bag
±10% –  Yes
Unwind Dir. Run – N/A
Unwind Dir. Finish –  N/A
Diecut/Continuous/Sheet –  Die Cut Sheet
Partial Case –  Yes
Pieces per roll/Unit – 1 Roll
Length per roll/unit –  313'
Finish – On Press
Application – "
6800,1048,"Number Across Run/Finish –  1/1
Where Finished –  On Press
Length per Roll/Unit – 128'
Core Type –  N/A
Core Width – N/A
Core Label – No
Dividers – 
Bag Size – 
Qty. Per Bag – 
Box Size –  16.5 x 16.5 x 10.25
Qty. Per Box – 222 Each
Weight/box – 
Box Per Pallet – 
Pallet Type – ","Core  –  N/A
Width – N/A
Number Across Run/FInish –  1/1
Core Label – No
±10% –  No
Unwind Dir. Run – N/A
Unwind Dir. Finish –  N/A
Diecut/Continuous/Sheet –  Die Cut Sheet
Partial Case –  Yes
Pieces per roll/Unit – 
Length per roll/unit –  128'
Finish – On Press
Application – "
6801,1049,"Number Across Run/Finish –  1/1
Where Finished –  On Press
Length per Roll/Unit – 124'
Core Type –  N/A
Core Width – N/A
Core Label – No
Dividers – 
Bag Size – 
Qty. Per Bag – 
Box Size –  Best Fit Per Qty
Qty. Per Box – Best fit per order 
Weight/box – 
Box Per Pallet – 
Pallet Type – ","Core  –  N/A
Width – N/A
Number Across Run/FInish –  1/1
Core Label – No
±10% –  No
Unwind Dir. Run – N/A
Unwind Dir. Finish –  N/A
Diecut/Continuous/Sheet –  Die Cut Sheet
Partial Case –  Yes
Pieces per roll/Unit – 
Length per roll/unit –  124'
Finish – On Press
Application – "
6813,1050,"Number Across Run/Finish –  1/1
Where Finished –  On Press
Length per Roll/Unit – 21'
Core Type –  N/A
Core Width – N/A
Core Label – No
Dividers – 
Bag Size – 
Qty. Per Bag – 
Box Size –  Custom-folding
Qty. Per Box – 10 Each
Weight/box – 
Box Per Pallet – 
Pallet Type – ","Core  –  N/A
Width – N/A
Number Across Run/FInish –  1/1
Core Label – No
±10% –  No
Unwind Dir. Run – N/A
Unwind Dir. Finish –  N/A
Diecut/Continuous/Sheet –  Die Cut Sheet
Partial Case –  Yes
Pieces per roll/Unit – 
Length per roll/unit –  21'
Finish – On Press
Application – "
6814,1051,"Number Across Run/Finish –  1/1
Where Finished –  On Press
Length per Roll/Unit – 23'
Core Type –  N/A
Core Width – N/A
Core Label – No
Dividers – 
Bag Size – 
Qty. Per Bag – 
Box Size –  Custom-folding
Qty. Per Box – 10 Each
Weight/box – 
Box Per Pallet – 
Pallet Type – ","Core  –  N/A
Width – N/A
Number Across Run/FInish –  1/1
Core Label – No
±10% –  No
Unwind Dir. Run – N/A
Unwind Dir. Finish –  N/A
Diecut/Continuous/Sheet –  Die Cut Sheet
Partial Case –  Yes
Pieces per roll/Unit – 
Length per roll/unit –  23'
Finish – On Press
Application – "
6815,1052,"Number Across Run/Finish –  1/1
Where Finished –  On Press
Length per Roll/Unit – 28'
Core Type –  N/A
Core Width – N/A
Core Label – No
Dividers – 
Bag Size – 
Qty. Per Bag – 
Box Size –  Custom-folding
Qty. Per Box – 10 Each
Weight/box – 
Box Per Pallet – 
Pallet Type – ","Core  –  N/A
Width – N/A
Number Across Run/FInish –  1/1
Core Label – No
±10% –  No
Unwind Dir. Run – N/A
Unwind Dir. Finish –  N/A
Diecut/Continuous/Sheet –  Die Cut Sheet
Partial Case –  Yes
Pieces per roll/Unit – 
Length per roll/unit –  28'
Finish – On Press
Application – "
6816,1053,"Number Across Run/Finish –  1/1
Where Finished –  On Press
Length per Roll/Unit – 30'
Core Type –  N/A
Core Width – N/A
Core Label – No
Dividers – 
Bag Size – 
Qty. Per Bag – 
Box Size –  Custom-folding
Qty. Per Box – 10 Each
Weight/box – 
Box Per Pallet – 
Pallet Type – ","Core  –  N/A
Width – N/A
Number Across Run/FInish –  1/1
Core Label – No
±10% –  No
Unwind Dir. Run – N/A
Unwind Dir. Finish –  N/A
Diecut/Continuous/Sheet –  Die Cut Sheet
Partial Case –  Yes
Pieces per roll/Unit – 
Length per roll/unit –  30'
Finish – On Press
Application – "
6817,1054,"Number Across Run/Finish –  1/1
Where Finished –  On Press
Length per Roll/Unit – 24'
Core Type –  N/A
Core Width – N/A
Core Label – No
Dividers – 
Bag Size – 
Qty. Per Bag – 
Box Size –  Best Fit Per Qty
Qty. Per Box – 10 Each
Weight/box – 
Box Per Pallet – 
Pallet Type – ","Core  –  N/A
Width – N/A
Number Across Run/FInish –  1/1
Core Label – No
±10% –  No
Unwind Dir. Run – N/A
Unwind Dir. Finish –  N/A
Diecut/Continuous/Sheet –  Die Cut Sheet
Partial Case –  Yes
Pieces per roll/Unit – 
Length per roll/unit –  24'
Finish – On Press
Application – "
6818,1055,"Number Across Run/Finish –  1/1
Where Finished –  On Press
Length per Roll/Unit – 25'
Core Type –  N/A
Core Width – N/A
Core Label – No
Dividers – 
Bag Size – 
Qty. Per Bag – 
Box Size –  Best Fit Per Qty
Qty. Per Box – 10 
Weight/box – 
Box Per Pallet – 
Pallet Type – ","Core  –  N/A
Width – N/A
Number Across Run/FInish –  1/1
Core Label – No
±10% –  No
Unwind Dir. Run – N/A
Unwind Dir. Finish –  N/A
Diecut/Continuous/Sheet –  Die Cut Sheet
Partial Case –  Yes
Pieces per roll/Unit – 
Length per roll/unit –  25'
Finish – On Press
Application – "
6819,1056,"Number Across Run/Finish –  1/1
Where Finished –  On Press
Length per Roll/Unit – 23'
Core Type –  N/A
Core Width – N/A
Core Label – No
Dividers – 
Bag Size – 
Qty. Per Bag – 
Box Size –  Best Fit Per Qty
Qty. Per Box – Best fit per order 
Weight/box – 
Box Per Pallet – 
Pallet Type – ","Core  –  N/A
Width – N/A
Number Across Run/FInish –  1/1
Core Label – No
±10% –  No
Unwind Dir. Run – N/A
Unwind Dir. Finish –  N/A
Diecut/Continuous/Sheet –  Die Cut Sheet
Partial Case –  Yes
Pieces per roll/Unit – 
Length per roll/unit –  23'
Finish – On Press
Application – "
6820,1057,"Number Across Run/Finish –  1/1
Where Finished –  On Press
Length per Roll/Unit – 25'
Core Type –  N/A
Core Width – N/A
Core Label – No
Dividers – 
Bag Size – 
Qty. Per Bag – 
Box Size –  Best Fit Per Qty
Qty. Per Box – 10 
Weight/box – 
Box Per Pallet – 
Pallet Type – ","Core  –  N/A
Width – N/A
Number Across Run/FInish –  1/1
Core Label – No
±10% –  No
Unwind Dir. Run – N/A
Unwind Dir. Finish –  N/A
Diecut/Continuous/Sheet –  Die Cut Sheet
Partial Case –  Yes
Pieces per roll/Unit – 
Length per roll/unit –  25'
Finish – On Press
Application – "
6821,1058,"Number Across Run/Finish –  1/1
Where Finished –  On Press
Length per Roll/Unit – 21'
Core Type –  N/A
Core Width – N/A
Core Label – No
Dividers – 
Bag Size – 
Qty. Per Bag – 
Box Size –  Custom-folding
Qty. Per Box – Best fit per order 
Weight/box – 
Box Per Pallet – 
Pallet Type – ","Core  –  N/A
Width – N/A
Number Across Run/FInish –  1/1
Core Label – No
±10% –  No
Unwind Dir. Run – N/A
Unwind Dir. Finish –  N/A
Diecut/Continuous/Sheet –  Die Cut Sheet
Partial Case –  Yes
Pieces per roll/Unit – 
Length per roll/unit –  21'
Finish – On Press
Application – "
6822,1059,"Number Across Run/Finish –  1/1
Where Finished –  On Press
Length per Roll/Unit – 23'
Core Type –  N/A
Core Width – N/A
Core Label – No
Dividers – 
Bag Size – 
Qty. Per Bag – 
Box Size –  Best Fit Per Qty
Qty. Per Box – 10 Each
Weight/box – 
Box Per Pallet – 
Pallet Type – ","Core  –  N/A
Width – N/A
Number Across Run/FInish –  1/1
Core Label – No
±10% –  No
Unwind Dir. Run – N/A
Unwind Dir. Finish –  N/A
Diecut/Continuous/Sheet –  Die Cut Sheet
Partial Case –  Yes
Pieces per roll/Unit – 
Length per roll/unit –  23'
Finish – On Press
Application – "
6823,1060,"Number Across Run/Finish –  1/1
Where Finished –  On Press
Length per Roll/Unit – 28'
Core Type –  N/A
Core Width – N/A
Core Label – No
Dividers – 
Bag Size – 
Qty. Per Bag – 
Box Size –  Custom-folding
Qty. Per Box – Best fit per order 
Weight/box – 
Box Per Pallet – 
Pallet Type – ","Core  –  N/A
Width – N/A
Number Across Run/FInish –  1/1
Core Label – No
±10% –  No
Unwind Dir. Run – N/A
Unwind Dir. Finish –  N/A
Diecut/Continuous/Sheet –  Die Cut Sheet
Partial Case –  Yes
Pieces per roll/Unit – 
Length per roll/unit –  28'
Finish – On Press
Application – "
6824,1061,"Number Across Run/Finish –  1/1
Where Finished –  On Press
Length per Roll/Unit – 30'
Core Type –  N/A
Core Width – N/A
Core Label – No
Dividers – 
Bag Size – 
Qty. Per Bag – 
Box Size –  Custom-folding
Qty. Per Box – 10 Each
Weight/box – 
Box Per Pallet – 
Pallet Type – ","Core  –  N/A
Width – N/A
Number Across Run/FInish –  1/1
Core Label – No
±10% –  No
Unwind Dir. Run – N/A
Unwind Dir. Finish –  N/A
Diecut/Continuous/Sheet –  Die Cut Sheet
Partial Case –  Yes
Pieces per roll/Unit – 
Length per roll/unit –  30'
Finish – On Press
Application – "
6825,1062,"Number Across Run/Finish –  1/1
Where Finished –  On Press
Length per Roll/Unit – 24'
Core Type –  N/A
Core Width – N/A
Core Label – No
Dividers – 
Bag Size – 
Qty. Per Bag – 
Box Size –  Custom-folding
Qty. Per Box – 10 Each
Weight/box – 
Box Per Pallet – 
Pallet Type – ","Core  –  N/A
Width – N/A
Number Across Run/FInish –  1/1
Core Label – No
±10% –  No
Unwind Dir. Run – N/A
Unwind Dir. Finish –  N/A
Diecut/Continuous/Sheet –  Die Cut Sheet
Partial Case –  Yes
Pieces per roll/Unit – 
Length per roll/unit –  24'
Finish – On Press
Application – "
6826,1063,"Number Across Run/Finish –  1/1
Where Finished –  On Press
Length per Roll/Unit – 25'
Core Type –  N/A
Core Width – N/A
Core Label – No
Dividers – 
Bag Size – 
Qty. Per Bag – 
Box Size –  12 x 12 x 12
Qty. Per Box – 10 Each
Weight/box – 
Box Per Pallet – 
Pallet Type – ","Core  –  N/A
Width – N/A
Number Across Run/FInish –  1/1
Core Label – No
±10% –  No
Unwind Dir. Run – N/A
Unwind Dir. Finish –  N/A
Diecut/Continuous/Sheet –  Die Cut Sheet
Partial Case –  Yes
Pieces per roll/Unit – 
Length per roll/unit –  25'
Finish – On Press
Application – "
6835,1064,"Number Across Run/Finish –  1/1
Where Finished –  On Press
Length per Roll/Unit – 7'
Core Type –  N/A
Core Width – N/A
Core Label – Yes - on bag
Dividers – 
Bag Size – 
Qty. Per Bag – 25 Each
Box Size –  6 x 6 x 6
Qty. Per Box – 500 Each
Weight/box – 
Box Per Pallet – 
Pallet Type – ","Core  –  N/A
Width – N/A
Number Across Run/FInish –  1/1
Core Label – Yes - on bag
±10% –  Yes
Unwind Dir. Run – N/A
Unwind Dir. Finish –  N/A
Diecut/Continuous/Sheet –  Die Cut Sheet
Partial Case –  Yes
Pieces per roll/Unit – 
Length per roll/unit –  7'
Finish – On Press
Application – "
6836,1065,"Number Across Run/Finish –  2/1
Where Finished –  On Press
Length per Roll/Unit – 1'
Core Type –  N/A
Core Width – N/A
Core Label – Yes - on bag
Dividers – 
Bag Size – 
Qty. Per Bag – 25 Each
Box Size –  10 x 10 x 10
Qty. Per Box – 500 Each
Weight/box – 
Box Per Pallet – 
Pallet Type – ","Core  –  N/A
Width – N/A
Number Across Run/FInish –  2/1
Core Label – Yes - on bag
±10% –  Yes
Unwind Dir. Run – N/A
Unwind Dir. Finish –  N/A
Diecut/Continuous/Sheet –  Sheet
Partial Case –  Yes
Pieces per roll/Unit – 25
Length per roll/unit –  1'
Finish – On Press
Application – "
6923,1066,"Number Across Run/Finish –  1/1
Where Finished –  On Press
Length per Roll/Unit – 139'
Core Type –  N/A
Core Width – N/A
Core Label – No
Dividers – 7 x 9
Bag Size – 
Qty. Per Bag – 250 Each
Box Size –  12 x 12 x 12
Qty. Per Box – 5 M
Weight/box – 
Box Per Pallet – 
Pallet Type – ","Core  –  N/A
Width – N/A
Number Across Run/FInish –  1/1
Core Label – No
±10% –  Yes
Unwind Dir. Run – N/A
Unwind Dir. Finish –  N/A
Diecut/Continuous/Sheet –  Die Cut Sheet
Partial Case –  Yes
Pieces per roll/Unit – 250
Length per roll/unit –  139'
Finish – On Press
Application – "
6931,1067,"Number Across Run/Finish –  1/1
Where Finished –  On Press
Length per Roll/Unit – 84'
Core Type –  N/A
Core Width – N/A
Core Label – 
Dividers – 
Bag Size – 
Qty. Per Bag – 2  Each
Box Size –  10 x 10 x 10
Qty. Per Box – 24 Pouches
Weight/box – 
Box Per Pallet – 64
Pallet Type – ","Core  –  N/A
Width – N/A
Number Across Run/FInish –  1/1
Core Label – 
±10% –  ASK
Unwind Dir. Run – N/A
Unwind Dir. Finish –  N/A
Diecut/Continuous/Sheet –  Die Cut Sheet
Partial Case –  Ask
Pieces per roll/Unit – 1 Roll
Length per roll/unit –  84'
Finish – On Press
Application – "
6945,1068,"Number Across Run/Finish –  1/1
Where Finished –  On Press
Length per Roll/Unit – 146'
Core Type –  N/A
Core Width – N/A
Core Label – Yes - on bag
Dividers – 
Bag Size – 
Qty. Per Bag – 25 M
Box Size –  14 x 14 x 8
Qty. Per Box – 25 M
Weight/box – 
Box Per Pallet – 
Pallet Type – ","Core  –  N/A
Width – N/A
Number Across Run/FInish –  1/1
Core Label – Yes - on bag
±10% –  Yes
Unwind Dir. Run – N/A
Unwind Dir. Finish –  N/A
Diecut/Continuous/Sheet –  Die Cut Sheet
Partial Case –  Yes
Pieces per roll/Unit – 1,000
Length per roll/unit –  146'
Finish – On Press
Application – "
6960,1069,"Number Across Run/Finish –  31/
Where Finished –  On Press
Length per Roll/Unit – 
Core Type –  N/A
Core Width – N/A
Core Label – n/a
Dividers – 
Bag Size – 
Qty. Per Bag – 40 
Box Size –  9 x 9 x 13
Qty. Per Box – 40 
Weight/box – 
Box Per Pallet – 
Pallet Type – ","Core  –  N/A
Width – N/A
Number Across Run/FInish –  31/
Core Label – n/a
±10% –  Yes
Unwind Dir. Run – N/A
Unwind Dir. Finish –  N/A
Diecut/Continuous/Sheet –  Sheet
Partial Case –  Yes
Pieces per roll/Unit – 1 Roll
Length per roll/unit –  
Finish – On Press
Application – "
6970,1070,"Number Across Run/Finish –  1/1
Where Finished –  On Press
Length per Roll/Unit – 32'
Core Type –  3"" Paper 1/8"" Strouse Brown
Core Width – 5.25""
Core Label – Yes
Dividers – 
Bag Size – 
Qty. Per Bag – 2 M
Box Size –  Best Fit Per Qty
Qty. Per Box – 8 M
Weight/box – 
Box Per Pallet – 
Pallet Type – ","Core  –  3"" Paper 1/8"" Strouse Brown
Width – 5.25""
Number Across Run/FInish –  1/1
Core Label – Yes
±10% –  Yes
Unwind Dir. Run – Parts Out
Unwind Dir. Finish –  Parts Out
Diecut/Continuous/Sheet –  Die Cut
Partial Case –  Yes
Pieces per roll/Unit – 1,000
Length per roll/unit –  32'
Finish – On Press
Application – "
6978,1071,"Number Across Run/Finish –  14/1
Where Finished –  On Press
Length per Roll/Unit – 540
Core Type –  3"" Plastic 0.10"" HDPE
Core Width – 0.25""
Core Label – No
Dividers – Paper
Bag Size – 
Qty. Per Bag – 2 
Box Size –  12 x 12 x 10
Qty. Per Box – 4 
Weight/box – 
Box Per Pallet – 
Pallet Type – ","Core  –  3"" Plastic 0.10"" HDPE
Width – 0.25""
Number Across Run/FInish –  14/1
Core Label – No
±10% –  Yes
Unwind Dir. Run – 9471LE Out
Unwind Dir. Finish –  9471LE Out
Diecut/Continuous/Sheet –  Continuous
Partial Case –  Yes
Pieces per roll/Unit – 1 Roll
Length per roll/unit –  540
Finish – On Press
Application – "
7004,1072,"Number Across Run/Finish –  1/1
Where Finished –  On Press
Length per Roll/Unit – 35'
Core Type –  N/A
Core Width – N/A
Core Label – No
Dividers – 
Bag Size – 
Qty. Per Bag – 100 Parts
Box Size –  Best Fit Per Qty
Qty. Per Box – 1 M
Weight/box – 
Box Per Pallet – 
Pallet Type – ","Core  –  N/A
Width – N/A
Number Across Run/FInish –  1/1
Core Label – No
±10% –  Yes
Unwind Dir. Run – N/A
Unwind Dir. Finish –  N/A
Diecut/Continuous/Sheet –  Die Cut Sheet
Partial Case –  Yes
Pieces per roll/Unit – 100
Length per roll/unit –  35'
Finish – On Press
Application – "
7023,1073,"Number Across Run/Finish –  1/1
Where Finished –  On Press
Length per Roll/Unit – 183'
Core Type –  N/A
Core Width – N/A
Core Label – No
Dividers – Cardboard
Bag Size – 
Qty. Per Bag – 500 Parts
Box Size –  16.5 x 16.5 x 8
Qty. Per Box – 2,500 M
Weight/box – 
Box Per Pallet – 
Pallet Type – ","Core  –  N/A
Width – N/A
Number Across Run/FInish –  1/1
Core Label – No
±10% –  Yes
Unwind Dir. Run – N/A
Unwind Dir. Finish –  N/A
Diecut/Continuous/Sheet –  Die Cut Sheet
Partial Case –  Yes
Pieces per roll/Unit – 250
Length per roll/unit –  183'
Finish – On Press
Application – "
7024,1074,"Number Across Run/Finish –  1/1
Where Finished –  On Press
Length per Roll/Unit – 183'
Core Type –  N/A
Core Width – N/A
Core Label – No
Dividers – Cardboard
Bag Size – 
Qty. Per Bag – 250 Parts
Box Size –  8 x 8 x 8
Qty. Per Box – 1 M
Weight/box – 
Box Per Pallet – 
Pallet Type – ","Core  –  N/A
Width – N/A
Number Across Run/FInish –  1/1
Core Label – No
±10% –  Yes
Unwind Dir. Run – N/A
Unwind Dir. Finish –  N/A
Diecut/Continuous/Sheet –  Die Cut Sheet
Partial Case –  Yes
Pieces per roll/Unit – 250
Length per roll/unit –  183'
Finish – On Press
Application – "
7046,1075,"Number Across Run/Finish –  1/1
Where Finished –  On Press
Length per Roll/Unit – 63'
Core Type –  3"" Plastic 0.10"" HDPE
Core Width – 2""
Core Label – Yes
Dividers – 
Bag Size – 
Qty. Per Bag – 2 Rolls
Box Size –  16.5 x 16.5 x 8
Qty. Per Box – 10 M
Weight/box – 
Box Per Pallet – 
Pallet Type – ","Core  –  3"" Plastic 0.10"" HDPE
Width – 2""
Number Across Run/FInish –  1/1
Core Label – Yes
±10% –  Yes
Unwind Dir. Run – Parts Out
Unwind Dir. Finish –  Parts Out
Diecut/Continuous/Sheet –  Die Cut
Partial Case –  Yes
Pieces per roll/Unit – 1,000
Length per roll/unit –  63'
Finish – On Press
Application – "
7047,1076,"Number Across Run/Finish –  2/1
Where Finished –  On Press
Length per Roll/Unit – 261'
Core Type –  3"" Plastic 0.10"" HDPE
Core Width – 1.75""
Core Label – Yes
Dividers – 
Bag Size – 
Qty. Per Bag – 4 Rolls
Box Size –  10 x 10 x 10
Qty. Per Box – 20 Rolls
Weight/box – 
Box Per Pallet – 
Pallet Type – ","Core  –  3"" Plastic 0.10"" HDPE
Width – 1.75""
Number Across Run/FInish –  2/1
Core Label – Yes
±10% –  Yes
Unwind Dir. Run – Parts Out
Unwind Dir. Finish –  Parts Out
Diecut/Continuous/Sheet –  Die Cut
Partial Case –  Yes
Pieces per roll/Unit – 1,000
Length per roll/unit –  261'
Finish – On Press
Application – "
7052,1077,"Number Across Run/Finish –  4/1
Where Finished –  Web Techniques
Length per Roll/Unit – 136'
Core Type –  1"" Paper 1/8"" White White
Core Width – 0.875""
Core Label – Yes
Dividers – 
Bag Size – 
Qty. Per Bag – 
Box Size –  14 x 14 x 8
Qty. Per Box – 
Weight/box – 
Box Per Pallet – 
Pallet Type – ","Core  –  1"" Paper 1/8"" White White
Width – 0.875""
Number Across Run/FInish –  4/1
Core Label – Yes
±10% –  Yes
Unwind Dir. Run – Parts Out
Unwind Dir. Finish –  Parts Out
Diecut/Continuous/Sheet –  Die Cut
Partial Case –  Yes
Pieces per roll/Unit – 1,000
Length per roll/unit –  136'
Finish – Web Techniques
Application – "
7055,1078,"Number Across Run/Finish –  1/1
Where Finished –  On Press
Length per Roll/Unit – 61'
Core Type –  3"" Paper 3/8"" Brown Brown
Core Width – 7.5""
Core Label – Yes
Dividers – 
Bag Size – 
Qty. Per Bag – 1 Roll
Box Size –  Best Fit Per Qty
Qty. Per Box – 1 Roll
Weight/box – 
Box Per Pallet – 
Pallet Type – ","Core  –  3"" Paper 3/8"" Brown Brown
Width – 7.5""
Number Across Run/FInish –  1/1
Core Label – Yes
±10% –  Yes
Unwind Dir. Run – Foam Out
Unwind Dir. Finish –  Foam Out
Diecut/Continuous/Sheet –  Die Cut
Partial Case –  Yes
Pieces per roll/Unit – 280
Length per roll/unit –  61'
Finish – On Press
Application – "
7061,1079,"Number Across Run/Finish –  1/1
Where Finished –  On Press
Length per Roll/Unit – 10""
Core Type –  N/A
Core Width – N/A
Core Label – No
Dividers – 
Bag Size – 
Qty. Per Bag – 5 Each
Box Size –  10 x 10 x 10
Qty. Per Box – 2,150 Each
Weight/box – 
Box Per Pallet – 
Pallet Type – ","Core  –  N/A
Width – N/A
Number Across Run/FInish –  1/1
Core Label – No
±10% –  Yes
Unwind Dir. Run – N/A
Unwind Dir. Finish –  N/A
Diecut/Continuous/Sheet –  Sheet
Partial Case –  Yes
Pieces per roll/Unit – 5
Length per roll/unit –  10""
Finish – On Press
Application – "
7081,1080,"Number Across Run/Finish –  4/1
Where Finished –  On Press
Length per Roll/Unit – 170 Yd
Core Type –  N/A
Core Width – N/A
Core Label – Yes - on bag
Dividers – 
Bag Size – 
Qty. Per Bag – 5 M
Box Size –  12 x 12 x 12
Qty. Per Box – 63,720 Each
Weight/box – 
Box Per Pallet – 
Pallet Type – ","Core  –  N/A
Width – N/A
Number Across Run/FInish –  4/1
Core Label – Yes - on bag
±10% –  No
Unwind Dir. Run – N/A
Unwind Dir. Finish –  N/A
Diecut/Continuous/Sheet –  Sheet
Partial Case –  Yes
Pieces per roll/Unit – 5,000
Length per roll/unit –  170 Yd
Finish – On Press
Application – "
7082,1081,"Number Across Run/Finish –  4/1
Where Finished –  On Press
Length per Roll/Unit – 323 Yd
Core Type –  N/A
Core Width – N/A
Core Label – Yes - on bag
Dividers – 
Bag Size – 
Qty. Per Bag – 5 M
Box Size –  14 x 14 x 10
Qty. Per Box – 60,264 Each
Weight/box – 
Box Per Pallet – 
Pallet Type – ","Core  –  N/A
Width – N/A
Number Across Run/FInish –  4/1
Core Label – Yes - on bag
±10% –  No
Unwind Dir. Run – N/A
Unwind Dir. Finish –  N/A
Diecut/Continuous/Sheet –  Sheet
Partial Case –  Yes
Pieces per roll/Unit – 5,000
Length per roll/unit –  323 Yd
Finish – On Press
Application – "
7086,1082,"Number Across Run/Finish –  1/1
Where Finished –  On Press
Length per Roll/Unit – 14'
Core Type –  N/A
Core Width – N/A
Core Label – No
Dividers – Paper
Bag Size – 
Qty. Per Bag – 25 Each
Box Size –  12 x 12 x 12
Qty. Per Box – 750 Each
Weight/box – 
Box Per Pallet – 
Pallet Type – ","Core  –  N/A
Width – N/A
Number Across Run/FInish –  1/1
Core Label – No
±10% –  Yes
Unwind Dir. Run – N/A
Unwind Dir. Finish –  N/A
Diecut/Continuous/Sheet –  Die Cut Sheet
Partial Case –  Yes
Pieces per roll/Unit – 25
Length per roll/unit –  14'
Finish – On Press
Application – "
7126,1083,"Number Across Run/Finish –  1/1
Where Finished –  On Press
Length per Roll/Unit – 834'
Core Type –  3"" Paper 1/8"" White Brown
Core Width – N/A
Core Label – No
Dividers – 
Bag Size – 
Qty. Per Bag – 2.5 M
Box Size –  11 x 11 x 14
Qty. Per Box – 3 M
Weight/box – 
Box Per Pallet – 
Pallet Type – ","Core  –  3"" Paper 1/8"" White Brown
Width – N/A
Number Across Run/FInish –  1/1
Core Label – No
±10% –  Yes
Unwind Dir. Run – N/A
Unwind Dir. Finish –  N/A
Diecut/Continuous/Sheet –  Die Cut Sheet
Partial Case –  Yes
Pieces per roll/Unit – 2,500
Length per roll/unit –  834'
Finish – On Press
Application – "
7145,1084,"Number Across Run/Finish –  1/1
Where Finished –  On Press
Length per Roll/Unit – 177'
Core Type –  3"" Paper 1/8"" White Brown
Core Width – 2.75""
Core Label – Yes
Dividers – 
Bag Size – 
Qty. Per Bag – 5 Rolls
Box Size –  Various Sizes
Qty. Per Box – 5 M
Weight/box – 
Box Per Pallet – 
Pallet Type – ","Core  –  3"" Paper 1/8"" White Brown
Width – 2.75""
Number Across Run/FInish –  1/1
Core Label – Yes
±10% –  Yes
Unwind Dir. Run – N/A
Unwind Dir. Finish –  N/A
Diecut/Continuous/Sheet –  Die Cut
Partial Case –  Yes
Pieces per roll/Unit – 1,000
Length per roll/unit –  177'
Finish – On Press
Application – "
7158,1085,"Number Across Run/Finish –  1/1
Where Finished –  On Press
Length per Roll/Unit – 9'
Core Type –  N/A
Core Width – N/A
Core Label – No
Dividers – 
Bag Size – 
Qty. Per Bag – 200 Each
Box Size –  
Qty. Per Box – See Note 
Weight/box – 
Box Per Pallet – 
Pallet Type – ","Core  –  N/A
Width – N/A
Number Across Run/FInish –  1/1
Core Label – No
±10% –  Yes
Unwind Dir. Run – N/A
Unwind Dir. Finish –  N/A
Diecut/Continuous/Sheet –  Sheet
Partial Case –  Yes
Pieces per roll/Unit – 200
Length per roll/unit –  9'
Finish – On Press
Application – "
7166,1086,"Number Across Run/Finish –  2/1
Where Finished –  Web Techniques
Length per Roll/Unit – 500'
Core Type –  3"" Paper (1/8"" wall)
Core Width – 4.125""
Core Label – No
Dividers – 
Bag Size – 
Qty. Per Bag – 
Box Size –  10 x 10 x 10
Qty. Per Box – 
Weight/box – 
Box Per Pallet – 
Pallet Type – ","Core  –  3"" Paper (1/8"" wall)
Width – 4.125""
Number Across Run/FInish –  2/1
Core Label – No
±10% –  Yes
Unwind Dir. Run – N/A
Unwind Dir. Finish –  N/A
Diecut/Continuous/Sheet –  Die Cut
Partial Case –  Yes
Pieces per roll/Unit – 500
Length per roll/unit –  500'
Finish – Web Techniques
Application – "
7180,1087,"Number Across Run/Finish –  12/1
Where Finished –  On Press
Length per Roll/Unit – 300'
Core Type –  3"" Paper 1/8"" Strouse Brown
Core Width – 0.625""
Core Label – Yes
Dividers – Paper
Bag Size – 
Qty. Per Bag – 12 Rolls
Box Size –  Best Fit Per Qty
Qty. Per Box – 43 M
Weight/box – 
Box Per Pallet – 36
Pallet Type – ","Core  –  3"" Paper 1/8"" Strouse Brown
Width – 0.625""
Number Across Run/FInish –  12/1
Core Label – Yes
±10% –  Yes
Unwind Dir. Run – Parts Out
Unwind Dir. Finish –  Parts Out
Diecut/Continuous/Sheet –  Die Cut
Partial Case –  Yes
Pieces per roll/Unit – 3,583
Length per roll/unit –  300'
Finish – On Press
Application – "
7191,1088,"Number Across Run/Finish –  1/1
Where Finished –  Off Press
Length per Roll/Unit – 1,000'
Core Type –  As Recd.
Core Width – 1.4375""
Core Label – 
Dividers – 
Bag Size – 
Qty. Per Bag – 
Box Size –  11 x 11 x 14
Qty. Per Box – 
Weight/box – 
Box Per Pallet – 
Pallet Type – ","Core  –  As Recd.
Width – 1.4375""
Number Across Run/FInish –  1/1
Core Label – 
±10% –  Yes
Unwind Dir. Run – N/A
Unwind Dir. Finish –  
Diecut/Continuous/Sheet –  Continuous
Partial Case –  Yes
Pieces per roll/Unit – 1 Roll
Length per roll/unit –  1,000'
Finish – Off Press
Application – "
7194,1089,"Number Across Run/Finish –  2/1
Where Finished –  On Press
Length per Roll/Unit – 300'
Core Type –  3"" Paper 1/8"" White Brown
Core Width – 3.25""
Core Label – Yes
Dividers – 
Bag Size – 
Qty. Per Bag – 4 Rolls
Box Size –  10 x 10 x 10
Qty. Per Box – 5 M
Weight/box – 
Box Per Pallet – 
Pallet Type – ","Core  –  3"" Paper 1/8"" White Brown
Width – 3.25""
Number Across Run/FInish –  2/1
Core Label – Yes
±10% –  Yes
Unwind Dir. Run – Parts Out
Unwind Dir. Finish –  Parts Out
Diecut/Continuous/Sheet –  Die Cut
Partial Case –  Yes
Pieces per roll/Unit – 1,250
Length per roll/unit –  300'
Finish – On Press
Application – "
7195,1090,"Number Across Run/Finish –  2/1
Where Finished –  On Press
Length per Roll/Unit – 300'
Core Type –  3"" Paper 1/8"" White Brown
Core Width – 3""
Core Label – Yes
Dividers – 
Bag Size – 
Qty. Per Bag – 4 Rolls
Box Size –  11 x 11 x 8
Qty. Per Box – 5 M
Weight/box – 
Box Per Pallet – 
Pallet Type – ","Core  –  3"" Paper 1/8"" White Brown
Width – 3""
Number Across Run/FInish –  2/1
Core Label – Yes
±10% –  Yes
Unwind Dir. Run – Parts Out
Unwind Dir. Finish –  Parts Out
Diecut/Continuous/Sheet –  Die Cut
Partial Case –  Yes
Pieces per roll/Unit – 1,250
Length per roll/unit –  300'
Finish – On Press
Application – "
7196,1091,"Number Across Run/Finish –  3/3
Where Finished –  On Press
Length per Roll/Unit – 245'
Core Type –  3"" Paper 1/8"" White Brown
Core Width – 6.25""
Core Label – Yes
Dividers – 
Bag Size – 
Qty. Per Bag – 1 Rolls
Box Size –  8 x 8 x 8
Qty. Per Box – 3 M
Weight/box – 
Box Per Pallet – 
Pallet Type – ","Core  –  3"" Paper 1/8"" White Brown
Width – 6.25""
Number Across Run/FInish –  3/3
Core Label – Yes
±10% –  Yes
Unwind Dir. Run – Parts Out
Unwind Dir. Finish –  Parts Out
Diecut/Continuous/Sheet –  Die Cut
Partial Case –  Yes
Pieces per roll/Unit – 1,500
Length per roll/unit –  245'
Finish – On Press
Application – "
7211,1092,"Number Across Run/Finish –  1/1
Where Finished –  On Press
Length per Roll/Unit – 417'
Core Type –  N/A
Core Width – N/A
Core Label – No
Dividers – 
Bag Size – 
Qty. Per Bag – 0.25 M
Box Size –  14 x 14 x 8
Qty. Per Box –  M
Weight/box – 
Box Per Pallet – 
Pallet Type – ","Core  –  N/A
Width – N/A
Number Across Run/FInish –  1/1
Core Label – No
±10% –  Yes
Unwind Dir. Run – N/A
Unwind Dir. Finish –  N/A
Diecut/Continuous/Sheet –  Die Cut Sheet
Partial Case –  Yes
Pieces per roll/Unit – 250
Length per roll/unit –  417'
Finish – On Press
Application – "
7233,1093,"Number Across Run/Finish –  1/1
Where Finished –  On Press
Length per Roll/Unit – 37'
Core Type –  N/A
Core Width – N/A
Core Label – Yes
Dividers – 
Bag Size – 
Qty. Per Bag – 
Box Size –  Custom-folding
Qty. Per Box – 500 Each
Weight/box – 
Box Per Pallet – 
Pallet Type – ","Core  –  N/A
Width – N/A
Number Across Run/FInish –  1/1
Core Label – Yes
±10% –  No
Unwind Dir. Run – N/A
Unwind Dir. Finish –  N/A
Diecut/Continuous/Sheet –  Sheet
Partial Case –  Yes
Pieces per roll/Unit – 25
Length per roll/unit –  37'
Finish – On Press
Application – "
7262,1094,"Number Across Run/Finish –  3/1
Where Finished –  On Press
Length per Roll/Unit – N/A
Core Type –  N/A
Core Width – N/A
Core Label – No
Dividers – 
Bag Size – 
Qty. Per Bag – 
Box Size –  Best Fit Per Qty
Qty. Per Box – 50 Each
Weight/box – 
Box Per Pallet – 
Pallet Type – ","Core  –  N/A
Width – N/A
Number Across Run/FInish –  3/1
Core Label – No
±10% –  No
Unwind Dir. Run – N/A
Unwind Dir. Finish –  N/A
Diecut/Continuous/Sheet –  Die Cut Sheet
Partial Case –  Yes
Pieces per roll/Unit – 
Length per roll/unit –  N/A
Finish – On Press
Application – "
7263,1095,"Number Across Run/Finish –  3/1
Where Finished –  On Press
Length per Roll/Unit – N/A
Core Type –  N/A
Core Width – N/A
Core Label – No
Dividers – 
Bag Size – 
Qty. Per Bag – 
Box Size –  Custom-folding
Qty. Per Box – Best fit per order 
Weight/box – 
Box Per Pallet – 
Pallet Type – ","Core  –  N/A
Width – N/A
Number Across Run/FInish –  3/1
Core Label – No
±10% –  No
Unwind Dir. Run – N/A
Unwind Dir. Finish –  N/A
Diecut/Continuous/Sheet –  Die Cut Sheet
Partial Case –  Yes
Pieces per roll/Unit – 10
Length per roll/unit –  N/A
Finish – On Press
Application – "
7264,1096,"Number Across Run/Finish –  2/1
Where Finished –  On Press
Length per Roll/Unit – N/A
Core Type –  N/A
Core Width – N/A
Core Label – No
Dividers – 
Bag Size – 
Qty. Per Bag – 
Box Size –  11 x 11 x 8
Qty. Per Box – 5 Each
Weight/box – 
Box Per Pallet – 
Pallet Type – ","Core  –  N/A
Width – N/A
Number Across Run/FInish –  2/1
Core Label – No
±10% –  No
Unwind Dir. Run – N/A
Unwind Dir. Finish –  N/A
Diecut/Continuous/Sheet –  Die Cut Sheet
Partial Case –  Yes
Pieces per roll/Unit – 
Length per roll/unit –  N/A
Finish – On Press
Application – "
7272,1097,"Number Across Run/Finish –  1/1
Where Finished –  On Press
Length per Roll/Unit – 105'
Core Type –  3"" Paper 1/8"" White Brown
Core Width – 3.750""
Core Label – Yes
Dividers – 
Bag Size – 
Qty. Per Bag – 2 Rolls
Box Size –  12 x 12 x 13
Qty. Per Box – 8 M
Weight/box – 
Box Per Pallet – 
Pallet Type – ","Core  –  3"" Paper 1/8"" White Brown
Width – 3.750""
Number Across Run/FInish –  1/1
Core Label – Yes
±10% –  Yes
Unwind Dir. Run – See Drawing
Unwind Dir. Finish –  See Drawing
Diecut/Continuous/Sheet –  Die Cut
Partial Case –  Yes
Pieces per roll/Unit – 2,500
Length per roll/unit –  105'
Finish – On Press
Application – "
7273,1098,"Number Across Run/Finish –  3/1
Where Finished –  On Press
Length per Roll/Unit – 706'
Core Type –  3"" Plastic 0.10"" HDPE
Core Width – 1.5""
Core Label – Yes
Dividers – Lexmark style
Bag Size – 
Qty. Per Bag – 1 Roll
Box Size –  12 x 12 x 12
Qty. Per Box – 100 M
Weight/box – 14
Box Per Pallet – 
Pallet Type – ","Core  –  3"" Plastic 0.10"" HDPE
Width – 1.5""
Number Across Run/FInish –  3/1
Core Label – Yes
±10% –  Yes
Unwind Dir. Run – See Note
Unwind Dir. Finish –  See Note
Diecut/Continuous/Sheet –  Die Cut
Partial Case –  Ask
Pieces per roll/Unit – 12,500
Length per roll/unit –  706'
Finish – On Press
Application – "
7274,1099,"Number Across Run/Finish –  4/1
Where Finished –  On Press
Length per Roll/Unit – 1,086'
Core Type –  3"" Plastic 0.10"" HDPE
Core Width – 31.7 mm
Core Label – Yes
Dividers – Lexmark style
Bag Size – 
Qty. Per Bag – 1 Roll
Box Size –  10 x 10 x 10
Qty. Per Box – 100 M
Weight/box – 14
Box Per Pallet – 
Pallet Type – ","Core  –  3"" Plastic 0.10"" HDPE
Width – 31.7 mm
Number Across Run/FInish –  4/1
Core Label – Yes
±10% –  Yes
Unwind Dir. Run – See Note
Unwind Dir. Finish –  See Note
Diecut/Continuous/Sheet –  Die Cut
Partial Case –  Ask
Pieces per roll/Unit – 12,500
Length per roll/unit –  1,086'
Finish – On Press
Application – "
7296,1100,"Number Across Run/Finish –  4/1
Where Finished –  Off Press
Length per Roll/Unit – 882'
Core Type –  3"" Plastic 0.10"" HDPE
Core Width – 31.7 mm
Core Label – Yes
Dividers – Lexmark style
Bag Size – 
Qty. Per Bag – 1 Roll
Box Size –  16 1/2 x 8 1/2 x 13
Qty. Per Box – 100 M
Weight/box – 
Box Per Pallet – 
Pallet Type – ","Core  –  3"" Plastic 0.10"" HDPE
Width – 31.7 mm
Number Across Run/FInish –  4/1
Core Label – Yes
±10% –  Yes
Unwind Dir. Run – See Note
Unwind Dir. Finish –  See Note
Diecut/Continuous/Sheet –  Die Cut
Partial Case –  Yes
Pieces per roll/Unit – 12,500
Length per roll/unit –  882'
Finish – Off Press
Application – "
7307,1101,"Number Across Run/Finish –  1/1
Where Finished –  On Press
Length per Roll/Unit – 11'
Core Type –  N/A
Core Width – N/A
Core Label – No
Dividers – 
Bag Size – 
Qty. Per Bag – 50 
Box Size –  14 x 14 x 8
Qty. Per Box – 250 
Weight/box – 
Box Per Pallet – 
Pallet Type – ","Core  –  N/A
Width – N/A
Number Across Run/FInish –  1/1
Core Label – No
±10% –  Yes
Unwind Dir. Run – N/A
Unwind Dir. Finish –  N/A
Diecut/Continuous/Sheet –  Sheet
Partial Case –  Yes
Pieces per roll/Unit – 250
Length per roll/unit –  11'
Finish – On Press
Application – "
7321,1102,"Number Across Run/Finish –  3/1
Where Finished –  On Press
Length per Roll/Unit – 46'
Core Type –  N/A
Core Width – N/A
Core Label – No
Dividers – 
Bag Size – 
Qty. Per Bag – 600 
Box Size –  8 x 8 x 8
Qty. Per Box – 2,400 
Weight/box – 
Box Per Pallet – 
Pallet Type – ","Core  –  N/A
Width – N/A
Number Across Run/FInish –  3/1
Core Label – No
±10% –  Yes
Unwind Dir. Run – N/A
Unwind Dir. Finish –  N/A
Diecut/Continuous/Sheet –  Die Cut Sheet
Partial Case –  Yes
Pieces per roll/Unit – 600
Length per roll/unit –  46'
Finish – On Press
Application – "
7324,1103,"Number Across Run/Finish –  1/1
Where Finished –  On Press
Length per Roll/Unit – 3'
Core Type –  N/A
Core Width – N/A
Core Label – No
Dividers – 
Bag Size – 
Qty. Per Bag – 25 Each
Box Size –  Best Fit Per Qty
Qty. Per Box – 100 Each
Weight/box – 
Box Per Pallet – 
Pallet Type – ","Core  –  N/A
Width – N/A
Number Across Run/FInish –  1/1
Core Label – No
±10% –  Yes
Unwind Dir. Run – N/A
Unwind Dir. Finish –  N/A
Diecut/Continuous/Sheet –  Die Cut Sheet
Partial Case –  Yes
Pieces per roll/Unit – 
Length per roll/unit –  3'
Finish – On Press
Application – "
7325,1104,"Number Across Run/Finish –  1/1
Where Finished –  On Press
Length per Roll/Unit – 2'
Core Type –  N/A
Core Width – N/A
Core Label – No
Dividers – 
Bag Size – 
Qty. Per Bag – 25 
Box Size –  14 x 14 x 8
Qty. Per Box – 100 
Weight/box – 
Box Per Pallet – 
Pallet Type – ","Core  –  N/A
Width – N/A
Number Across Run/FInish –  1/1
Core Label – No
±10% –  Yes
Unwind Dir. Run – N/A
Unwind Dir. Finish –  N/A
Diecut/Continuous/Sheet –  Die Cut Sheet
Partial Case –  Yes
Pieces per roll/Unit – 
Length per roll/unit –  2'
Finish – On Press
Application – "
7374,1105,"Number Across Run/Finish –  1/1
Where Finished –  Off Press
Length per Roll/Unit – 180
Core Type –  N/A
Core Width – As Rec'd
Core Label – 
Dividers – 
Bag Size – 
Qty. Per Bag – As Received 
Box Size –  14 x 14 x 8
Qty. Per Box – As Received 
Weight/box – 
Box Per Pallet – 
Pallet Type – ","Core  –  N/A
Width – As Rec'd
Number Across Run/FInish –  1/1
Core Label – 
±10% –  
Unwind Dir. Run – 
Unwind Dir. Finish –  
Diecut/Continuous/Sheet –  Continuous
Partial Case –  
Pieces per roll/Unit – 
Length per roll/unit –  180
Finish – Off Press
Application – "
7393,1106,"Number Across Run/Finish –  1/1
Where Finished –  On Press
Length per Roll/Unit – 77'
Core Type –  3"" Paper 1/8"" White Brown
Core Width – 3.25""
Core Label – Yes
Dividers – 
Bag Size – 
Qty. Per Bag – 3 Rolls
Box Size –  10 x 10 x 10
Qty. Per Box – 3 M
Weight/box – 
Box Per Pallet – 
Pallet Type – ","Core  –  3"" Paper 1/8"" White Brown
Width – 3.25""
Number Across Run/FInish –  1/1
Core Label – Yes
±10% –  Yes
Unwind Dir. Run – Parts Out
Unwind Dir. Finish –  Parts Out
Diecut/Continuous/Sheet –  Die Cut
Partial Case –  Yes
Pieces per roll/Unit – 250
Length per roll/unit –  77'
Finish – On Press
Application – "
7413,1107,"Number Across Run/Finish –  1/1
Where Finished –  On Press
Length per Roll/Unit – 42'
Core Type –  N/A
Core Width – N/A
Core Label – No
Dividers – 
Bag Size – 
Qty. Per Bag – 
Box Size –  14 x 14 x 8
Qty. Per Box –  M
Weight/box – 
Box Per Pallet – 27
Pallet Type – ","Core  –  N/A
Width – N/A
Number Across Run/FInish –  1/1
Core Label – No
±10% –  Ask CS
Unwind Dir. Run – N/A
Unwind Dir. Finish –  N/A
Diecut/Continuous/Sheet –  Die Cut Sheet
Partial Case –  Ask
Pieces per roll/Unit – 40
Length per roll/unit –  42'
Finish – On Press
Application – "
7450,1108,"Number Across Run/Finish –  1/
Where Finished –  Off Press
Length per Roll/Unit – 180
Core Type –  N/A
Core Width – As Rec'd
Core Label – 
Dividers – 
Bag Size – 
Qty. Per Bag – As Received 
Box Size –  12 x 12 x 10
Qty. Per Box – As Received 
Weight/box – 
Box Per Pallet – 
Pallet Type – ","Core  –  N/A
Width – As Rec'd
Number Across Run/FInish –  1/
Core Label – 
±10% –  
Unwind Dir. Run – N/A
Unwind Dir. Finish –  
Diecut/Continuous/Sheet –  Continuous
Partial Case –  
Pieces per roll/Unit – 
Length per roll/unit –  180
Finish – Off Press
Application – "
7458,1109,"Number Across Run/Finish –  9/1
Where Finished –  On Press
Length per Roll/Unit – 60 Yd
Core Type –  3"" Paper 0.180"" Brown Brown
Core Width – 5.938""
Core Label – Yes
Dividers – Paper
Bag Size – 
Qty. Per Bag – 2 Rolls
Box Size –  6 x 6 x 6
Qty. Per Box – 8 Rolls
Weight/box – 
Box Per Pallet – 
Pallet Type – ","Core  –  3"" Paper 0.180"" Brown Brown
Width – 5.938""
Number Across Run/FInish –  9/1
Core Label – Yes
±10% –  No
Unwind Dir. Run – Adh. In
Unwind Dir. Finish –  Adh. In
Diecut/Continuous/Sheet –  Continuous
Partial Case –  Yes
Pieces per roll/Unit – 1 Roll
Length per roll/unit –  60 Yd
Finish – On Press
Application – "
7468,1110,"Number Across Run/Finish –  20/1
Where Finished –  On Press
Length per Roll/Unit – 615'
Core Type –  3"" Plastic 0.10"" HDPE
Core Width – 0.125""
Core Label – No
Dividers – Paper
Bag Size – 
Qty. Per Bag – 2 Rolls
Box Size –  14 x 14 x 8
Qty. Per Box – 4 Rolls
Weight/box – 
Box Per Pallet – 
Pallet Type – ","Core  –  3"" Plastic 0.10"" HDPE
Width – 0.125""
Number Across Run/FInish –  20/1
Core Label – No
±10% –  Yes
Unwind Dir. Run – Non-Woven Out
Unwind Dir. Finish –  Non-Woven Out
Diecut/Continuous/Sheet –  Continuous
Partial Case –  Yes
Pieces per roll/Unit – 1 Roll
Length per roll/unit –  615'
Finish – On Press
Application – "
7470,1111,"Number Across Run/Finish –  1/
Where Finished –  Off Press
Length per Roll/Unit – 180
Core Type –  N/A
Core Width – As Rec'd
Core Label – 
Dividers – 
Bag Size – 
Qty. Per Bag – As Received 
Box Size –  14 x 14 x 8
Qty. Per Box – As Received 
Weight/box – 0
Box Per Pallet – 
Pallet Type – ","Core  –  N/A
Width – As Rec'd
Number Across Run/FInish –  1/
Core Label – 
±10% –  
Unwind Dir. Run – N/A
Unwind Dir. Finish –  
Diecut/Continuous/Sheet –  Continuous
Partial Case –  
Pieces per roll/Unit – 
Length per roll/unit –  180
Finish – Off Press
Application – "
7482,1112,"Number Across Run/Finish –  1/1
Where Finished –  On Press
Length per Roll/Unit – 335'
Core Type –  3"" Plastic 0.10"" HDPE
Core Width – 5""
Core Label – Yes
Dividers – 
Bag Size – 
Qty. Per Bag – 2 Rolls
Box Size –  16 x 16 x 16
Qty. Per Box – 2 M
Weight/box – 
Box Per Pallet – 
Pallet Type – ","Core  –  3"" Plastic 0.10"" HDPE
Width – 5""
Number Across Run/FInish –  1/1
Core Label – Yes
±10% –  Yes
Unwind Dir. Run – Parts In
Unwind Dir. Finish –  Parts In
Diecut/Continuous/Sheet –  Die Cut
Partial Case –  Yes
Pieces per roll/Unit – 500
Length per roll/unit –  335'
Finish – On Press
Application – "
7485,1113,"Number Across Run/Finish –  1/1
Where Finished –  On Press
Length per Roll/Unit – 380'
Core Type –  3"" Paper (1/8"" wall)
Core Width – 12.000""
Core Label – Yes
Dividers – 
Bag Size – 
Qty. Per Bag – 1 
Box Size –  Best Fit Per Qty
Qty. Per Box – 1 
Weight/box – 
Box Per Pallet – 
Pallet Type – ","Core  –  3"" Paper (1/8"" wall)
Width – 12.000""
Number Across Run/FInish –  1/1
Core Label – Yes
±10% –  Yes
Unwind Dir. Run – Parts Out
Unwind Dir. Finish –  Parts Out
Diecut/Continuous/Sheet –  Die Cut
Partial Case –  Yes
Pieces per roll/Unit – 200
Length per roll/unit –  380'
Finish – On Press
Application – "
7493,1114,"Number Across Run/Finish –  1/1
Where Finished –  On Press
Length per Roll/Unit – 243'
Core Type –  N/A
Core Width – N/A
Core Label – No
Dividers – 
Bag Size – 
Qty. Per Bag – 150 
Box Size –  
Qty. Per Box – 150 
Weight/box – 
Box Per Pallet – 
Pallet Type – ","Core  –  N/A
Width – N/A
Number Across Run/FInish –  1/1
Core Label – No
±10% –  Yes
Unwind Dir. Run – N/A
Unwind Dir. Finish –  N/A
Diecut/Continuous/Sheet –  Sheet
Partial Case –  Yes
Pieces per roll/Unit – 1,000
Length per roll/unit –  243'
Finish – On Press
Application – "
7495,1115,"Number Across Run/Finish –  1/1
Where Finished –  On Press
Length per Roll/Unit – 
Core Type –  3"" Plastic 0.10"" HDPE
Core Width – 5""
Core Label – Yes
Dividers – 
Bag Size – 
Qty. Per Bag – 2 Rolls
Box Size –  14 x 14 x 8
Qty. Per Box – 4 Rolls
Weight/box – 
Box Per Pallet – 
Pallet Type – ","Core  –  3"" Plastic 0.10"" HDPE
Width – 5""
Number Across Run/FInish –  1/1
Core Label – Yes
±10% –  Yes
Unwind Dir. Run – N/A
Unwind Dir. Finish –  N/A
Diecut/Continuous/Sheet –  Continuous Die Cut
Partial Case –  Yes
Pieces per roll/Unit – 1 Roll
Length per roll/unit –  
Finish – On Press
Application – "
7500,1116,"Number Across Run/Finish –  7/1
Where Finished –  On Press
Length per Roll/Unit – 1,080'
Core Type –  3"" Plastic 0.10"" HDPE
Core Width – 0.625""
Core Label – 
Dividers – Paper
Bag Size – 
Qty. Per Bag – 2 Rolls
Box Size –  
Qty. Per Box – 4 Rolls
Weight/box – 
Box Per Pallet – 
Pallet Type – ","Core  –  3"" Plastic 0.10"" HDPE
Width – 0.625""
Number Across Run/FInish –  7/1
Core Label – 
±10% –  Yes
Unwind Dir. Run – Blue Out
Unwind Dir. Finish –  Blue Out
Diecut/Continuous/Sheet –  Continuous
Partial Case –  Yes
Pieces per roll/Unit – 
Length per roll/unit –  1,080'
Finish – On Press
Application – "
7501,1117,"Number Across Run/Finish –  12/1
Where Finished –  On Press
Length per Roll/Unit – 1,080'
Core Type –  3"" Plastic 0.10"" HDPE
Core Width – 0.375""
Core Label – 
Dividers – Paper
Bag Size – 
Qty. Per Bag – 2 Rolls
Box Size –  12 x 12 x 4
Qty. Per Box – 4 Rolls
Weight/box – 
Box Per Pallet – 
Pallet Type – ","Core  –  3"" Plastic 0.10"" HDPE
Width – 0.375""
Number Across Run/FInish –  12/1
Core Label – 
±10% –  Yes
Unwind Dir. Run – Blue Out
Unwind Dir. Finish –  Blue Out
Diecut/Continuous/Sheet –  Continuous
Partial Case –  Yes
Pieces per roll/Unit – 1 Roll
Length per roll/unit –  1,080'
Finish – On Press
Application – "
7506,1118,"Number Across Run/Finish –  1/1
Where Finished –  On Press
Length per Roll/Unit – 179'
Core Type –  N/A
Core Width – N/A
Core Label – Yes
Dividers – Cardboard
Bag Size – 
Qty. Per Bag – 300 Parts
Box Size –  9 x 9 x 13
Qty. Per Box – 2 M
Weight/box – 
Box Per Pallet – 
Pallet Type – ","Core  –  N/A
Width – N/A
Number Across Run/FInish –  1/1
Core Label – Yes
±10% –  Yes
Unwind Dir. Run – N/A
Unwind Dir. Finish –  N/A
Diecut/Continuous/Sheet –  Die Cut Sheet
Partial Case –  Yes
Pieces per roll/Unit – 300
Length per roll/unit –  179'
Finish – On Press
Application – "
7510,1119,"Number Across Run/Finish –  1/1
Where Finished –  Off Press
Length per Roll/Unit – 524'
Core Type –  3"" Plastic 0.10"" HDPE
Core Width – 38.1 mm
Core Label – Yes
Dividers – Lexmark style
Bag Size – 
Qty. Per Bag – 1 Roll
Box Size –  14 x 14 x 8
Qty. Per Box – 25 M
Weight/box – 3
Box Per Pallet – 
Pallet Type – ","Core  –  3"" Plastic 0.10"" HDPE
Width – 38.1 mm
Number Across Run/FInish –  1/1
Core Label – Yes
±10% –  Yes
Unwind Dir. Run – See Drawing
Unwind Dir. Finish –  See Drawing
Diecut/Continuous/Sheet –  Die Cut
Partial Case –  Yes
Pieces per roll/Unit – 12,500
Length per roll/unit –  524'
Finish – Off Press
Application – "
7529,1120,"Number Across Run/Finish –  1/1
Where Finished –  On Press
Length per Roll/Unit – 196'
Core Type –  3"" Paper 1/8"" White Brown
Core Width – 4""
Core Label – Yes
Dividers – 
Bag Size – 
Qty. Per Bag – 3 Rolls
Box Size –  13 x 13 x 13
Qty. Per Box – 15 M
Weight/box – 
Box Per Pallet – 
Pallet Type – ","Core  –  3"" Paper 1/8"" White Brown
Width – 4""
Number Across Run/FInish –  1/1
Core Label – Yes
±10% –  Yes
Unwind Dir. Run – Parts Out
Unwind Dir. Finish –  Parts Out
Diecut/Continuous/Sheet –  Die Cut
Partial Case –  Yes
Pieces per roll/Unit – 1,250
Length per roll/unit –  196'
Finish – On Press
Application – "
7530,1121,"Number Across Run/Finish –  1/1
Where Finished –  On Press
Length per Roll/Unit – 157'
Core Type –  3"" Paper 1/8"" White Brown
Core Width – 4.25""
Core Label – Yes
Dividers – 
Bag Size – 
Qty. Per Bag – 1 Roll
Box Size –  14 1/4 x 8 3/4  x 12 5/8
Qty. Per Box – 12 M
Weight/box – 
Box Per Pallet – 
Pallet Type – ","Core  –  3"" Paper 1/8"" White Brown
Width – 4.25""
Number Across Run/FInish –  1/1
Core Label – Yes
±10% –  Yes
Unwind Dir. Run – Parts Out
Unwind Dir. Finish –  Parts Out
Diecut/Continuous/Sheet –  Die Cut
Partial Case –  Yes
Pieces per roll/Unit – 1,000
Length per roll/unit –  157'
Finish – On Press
Application – "
7543,1122,"Number Across Run/Finish –  2/1
Where Finished –  On Press
Length per Roll/Unit – 1 Sheet
Core Type –  N/A
Core Width – N/A
Core Label – No
Dividers – 
Bag Size – 
Qty. Per Bag – 
Box Size –  14 x 14 x 8
Qty. Per Box – 100 Each
Weight/box – 
Box Per Pallet – 
Pallet Type – ","Core  –  N/A
Width – N/A
Number Across Run/FInish –  2/1
Core Label – No
±10% –  Yes
Unwind Dir. Run – N/A
Unwind Dir. Finish –  N/A
Diecut/Continuous/Sheet –  Die Cut Sheet
Partial Case –  Yes
Pieces per roll/Unit – 10
Length per roll/unit –  1 Sheet
Finish – On Press
Application – "
7566,1123,"Number Across Run/Finish –  3/1
Where Finished –  On Press
Length per Roll/Unit – 148'
Core Type –  N/A
Core Width – N/A
Core Label – Yes
Dividers – Cardboard
Bag Size – 
Qty. Per Bag – 300 Parts
Box Size –  10 x 10 x 10
Qty. Per Box – 2 M
Weight/box – 
Box Per Pallet – 
Pallet Type – ","Core  –  N/A
Width – N/A
Number Across Run/FInish –  3/1
Core Label – Yes
±10% –  Yes
Unwind Dir. Run – N/A
Unwind Dir. Finish –  N/A
Diecut/Continuous/Sheet –  Die Cut Sheet
Partial Case –  Yes
Pieces per roll/Unit – 300
Length per roll/unit –  148'
Finish – On Press
Application – "
7567,1124,"Number Across Run/Finish –  3/1
Where Finished –  On Press
Length per Roll/Unit – 72'
Core Type –  N/A
Core Width – N/A
Core Label – Yes
Dividers – Cardboard
Bag Size – 
Qty. Per Bag – 300 Parts
Box Size –  14 x 14 x 8
Qty. Per Box – 4 M
Weight/box – 
Box Per Pallet – 
Pallet Type – ","Core  –  N/A
Width – N/A
Number Across Run/FInish –  3/1
Core Label – Yes
±10% –  Yes
Unwind Dir. Run – N/A
Unwind Dir. Finish –  N/A
Diecut/Continuous/Sheet –  Die Cut Sheet
Partial Case –  Yes
Pieces per roll/Unit – 300
Length per roll/unit –  72'
Finish – On Press
Application – "
7578,1125,"Number Across Run/Finish –  1/1
Where Finished –  On Press
Length per Roll/Unit – 47'
Core Type –  N/A
Core Width – N/A
Core Label – Yes - on bag
Dividers – Cardboard
Bag Size – 
Qty. Per Bag – 300 Parts
Box Size –  13 x 13 x 13
Qty. Per Box – 2 M
Weight/box – 
Box Per Pallet – 
Pallet Type – ","Core  –  N/A
Width – N/A
Number Across Run/FInish –  1/1
Core Label – Yes - on bag
±10% –  Yes
Unwind Dir. Run – N/A
Unwind Dir. Finish –  N/A
Diecut/Continuous/Sheet –  Die Cut Sheet
Partial Case –  Yes
Pieces per roll/Unit – 300
Length per roll/unit –  47'
Finish – On Press
Application – "
7579,1126,"Number Across Run/Finish –  1/1
Where Finished –  On Press
Length per Roll/Unit – 443'
Core Type –  3"" Paper 1/8"" Strouse Brown
Core Width – 6.25""
Core Label – Yes
Dividers – 
Bag Size – 
Qty. Per Bag – 1 Roll
Box Size –  13 x 13 x 13
Qty. Per Box – 4 Rolls
Weight/box – 
Box Per Pallet – 
Pallet Type – ","Core  –  3"" Paper 1/8"" Strouse Brown
Width – 6.25""
Number Across Run/FInish –  1/1
Core Label – Yes
±10% –  Yes
Unwind Dir. Run – Parts Out
Unwind Dir. Finish –  Parts Out
Diecut/Continuous/Sheet –  Die Cut
Partial Case –  Yes
Pieces per roll/Unit – 2,500
Length per roll/unit –  443'
Finish – On Press
Application – "
7580,1127,"Number Across Run/Finish –  1/1
Where Finished –  On Press
Length per Roll/Unit – 323'
Core Type –  3"" Paper 1/8"" Strouse Brown
Core Width – 6.25""
Core Label – Yes
Dividers – 
Bag Size – 
Qty. Per Bag – 2 Rolls
Box Size –  12 x 12 x 4
Qty. Per Box – 8 M
Weight/box – 
Box Per Pallet – 
Pallet Type – ","Core  –  3"" Paper 1/8"" Strouse Brown
Width – 6.25""
Number Across Run/FInish –  1/1
Core Label – Yes
±10% –  Yes
Unwind Dir. Run – Parts Out
Unwind Dir. Finish –  Parts Out
Diecut/Continuous/Sheet –  Die Cut
Partial Case –  Yes
Pieces per roll/Unit – 1,000
Length per roll/unit –  323'
Finish – On Press
Application – "
7581,1128,"Number Across Run/Finish –  1/1
Where Finished –  On Press
Length per Roll/Unit – 69'
Core Type –  N/A
Core Width – N/A
Core Label – Yes - on bag
Dividers – Cardboard
Bag Size – 
Qty. Per Bag – 300 Parts
Box Size –  10 x 10 x 10
Qty. Per Box – 2 M
Weight/box – 
Box Per Pallet – 
Pallet Type – ","Core  –  N/A
Width – N/A
Number Across Run/FInish –  1/1
Core Label – Yes - on bag
±10% –  Yes
Unwind Dir. Run – N/A
Unwind Dir. Finish –  N/A
Diecut/Continuous/Sheet –  Die Cut Sheet
Partial Case –  Yes
Pieces per roll/Unit – 300
Length per roll/unit –  69'
Finish – On Press
Application – "
7590,1129,"Number Across Run/Finish –  1/1
Where Finished –  On Press
Length per Roll/Unit – 131'
Core Type –  3"" Paper (1/8"" wall)
Core Width – 2.83""
Core Label – Yes
Dividers – 
Bag Size – 
Qty. Per Bag – 2 Rolls
Box Size –  10 x 10 x 10
Qty. Per Box – 2 Rolls
Weight/box – 
Box Per Pallet – 
Pallet Type – ","Core  –  3"" Paper (1/8"" wall)
Width – 2.83""
Number Across Run/FInish –  1/1
Core Label – Yes
±10% –  Yes
Unwind Dir. Run – Parts Out
Unwind Dir. Finish –  Parts Out
Diecut/Continuous/Sheet –  Die Cut
Partial Case –  Yes
Pieces per roll/Unit – 2,500
Length per roll/unit –  131'
Finish – On Press
Application – "
7596,1130,"Number Across Run/Finish –  2/1
Where Finished –  On Press
Length per Roll/Unit – 26'
Core Type –  N/A
Core Width – N/A
Core Label – Yes - on bag
Dividers – 
Bag Size – 
Qty. Per Bag – 100 
Box Size –  12 x 12 x 10
Qty. Per Box – 3,000 
Weight/box – 
Box Per Pallet – 
Pallet Type – ","Core  –  N/A
Width – N/A
Number Across Run/FInish –  2/1
Core Label – Yes - on bag
±10% –  No
Unwind Dir. Run – N/A
Unwind Dir. Finish –  N/A
Diecut/Continuous/Sheet –  Die Cut Sheet
Partial Case –  Yes
Pieces per roll/Unit – 100
Length per roll/unit –  26'
Finish – On Press
Application – "
7597,1131,"Number Across Run/Finish –  2/1
Where Finished –  On Press
Length per Roll/Unit – 26'
Core Type –  N/A
Core Width – N/A
Core Label – Yes - on bag
Dividers – 
Bag Size – 
Qty. Per Bag – 100 Each
Box Size –  16 1/2 x 8 1/2 x 13
Qty. Per Box – 3,000 Each
Weight/box – 
Box Per Pallet – 
Pallet Type – ","Core  –  N/A
Width – N/A
Number Across Run/FInish –  2/1
Core Label – Yes - on bag
±10% –  No
Unwind Dir. Run – N/A
Unwind Dir. Finish –  N/A
Diecut/Continuous/Sheet –  Die Cut Sheet
Partial Case –  Yes
Pieces per roll/Unit – 100
Length per roll/unit –  26'
Finish – On Press
Application – "
7601,1132,"Number Across Run/Finish –  1/1
Where Finished –  Off Press
Length per Roll/Unit – See WO
Core Type –  3"" Plastic
Core Width – 6""
Core Label – Yes in core and on outside of roll.
Dividers – 
Bag Size – 
Qty. Per Bag – 1 Roll
Box Size –  10 x 10 x 10
Qty. Per Box – 
Weight/box – 
Box Per Pallet – 
Pallet Type – ","Core  –  3"" Plastic
Width – 6""
Number Across Run/FInish –  1/1
Core Label – Yes in core and on outside of roll.
±10% –  No
Unwind Dir. Run – 5
Unwind Dir. Finish –  Parts Out
Diecut/Continuous/Sheet –  Continuous Die Cut
Partial Case –  Yes
Pieces per roll/Unit – See WO
Length per roll/unit –  See WO
Finish – Off Press
Application – "
7604,1133,"Number Across Run/Finish –  2/1
Where Finished –  On Press
Length per Roll/Unit – 17'
Core Type –  N/A
Core Width – N/A
Core Label – Yes
Dividers – 
Bag Size – 
Qty. Per Bag – 100 Each
Box Size –  12 x 12 x 12
Qty. Per Box – 5 M
Weight/box – 
Box Per Pallet – 
Pallet Type – ","Core  –  N/A
Width – N/A
Number Across Run/FInish –  2/1
Core Label – Yes
±10% –  No
Unwind Dir. Run – N/A
Unwind Dir. Finish –  N/A
Diecut/Continuous/Sheet –  Die Cut Sheet
Partial Case –  Yes
Pieces per roll/Unit – 100
Length per roll/unit –  17'
Finish – On Press
Application – "
7605,1134,"Number Across Run/Finish –  2/1
Where Finished –  On Press
Length per Roll/Unit – 17'
Core Type –  N/A
Core Width – N/A
Core Label – Yes
Dividers – 
Bag Size – 
Qty. Per Bag – 100 Each
Box Size –  14 x 14 x 8
Qty. Per Box – 2,000 Each
Weight/box – 
Box Per Pallet – 
Pallet Type – ","Core  –  N/A
Width – N/A
Number Across Run/FInish –  2/1
Core Label – Yes
±10% –  No
Unwind Dir. Run – N/A
Unwind Dir. Finish –  N/A
Diecut/Continuous/Sheet –  Die Cut Sheet
Partial Case –  Yes
Pieces per roll/Unit – 100
Length per roll/unit –  17'
Finish – On Press
Application – "
7674,1135,"Number Across Run/Finish –  1/1
Where Finished –  On Press
Length per Roll/Unit – 179'
Core Type –  N/A
Core Width – N/A
Core Label – Yes
Dividers – Cardboard
Bag Size – 
Qty. Per Bag – 300 Parts
Box Size –  16 1/2 x 8 1/2 x 13
Qty. Per Box – 2 M
Weight/box – 
Box Per Pallet – 
Pallet Type – ","Core  –  N/A
Width – N/A
Number Across Run/FInish –  1/1
Core Label – Yes
±10% –  Yes
Unwind Dir. Run – N/A
Unwind Dir. Finish –  N/A
Diecut/Continuous/Sheet –  Die Cut Sheet
Partial Case –  Yes
Pieces per roll/Unit – 300
Length per roll/unit –  179'
Finish – On Press
Application – "
7675,1136,"Number Across Run/Finish –  2/1
Where Finished –  Web Techniques
Length per Roll/Unit – 510'
Core Type –  3"" Paper 1/8"" White Brown
Core Width – 4.125""
Core Label – Yes
Dividers – 
Bag Size – 
Qty. Per Bag – 
Box Size –  14 x 14 x 8
Qty. Per Box – 6 M
Weight/box – 
Box Per Pallet – 
Pallet Type – ","Core  –  3"" Paper 1/8"" White Brown
Width – 4.125""
Number Across Run/FInish –  2/1
Core Label – Yes
±10% –  Yes
Unwind Dir. Run – 3
Unwind Dir. Finish –  4
Diecut/Continuous/Sheet –  Die Cut
Partial Case –  Yes
Pieces per roll/Unit – 1,000
Length per roll/unit –  510'
Finish – Web Techniques
Application – "
7677,1137,"Number Across Run/Finish –  2/1
Where Finished –  On Press
Length per Roll/Unit – 209'
Core Type –  3"" Paper 1/8"" White Brown
Core Width – 2.50""
Core Label – Yes
Dividers – 
Bag Size – 
Qty. Per Bag – 2 M
Box Size –  14 x 14 x 8
Qty. Per Box – 8 M
Weight/box – 
Box Per Pallet – 
Pallet Type – ","Core  –  3"" Paper 1/8"" White Brown
Width – 2.50""
Number Across Run/FInish –  2/1
Core Label – Yes
±10% –  Yes
Unwind Dir. Run – Parts Out
Unwind Dir. Finish –  Parts Out
Diecut/Continuous/Sheet –  Die Cut
Partial Case –  Yes
Pieces per roll/Unit – 500
Length per roll/unit –  209'
Finish – On Press
Application – "
7685,1138,"Number Across Run/Finish –  3/1
Where Finished –  Off Press
Length per Roll/Unit – 990'
Core Type –  N/A
Core Width – N/A
Core Label – No
Dividers – 
Bag Size – 
Qty. Per Bag – 3.75 M
Box Size –  12 x 12 x 13
Qty. Per Box – 4 M
Weight/box – 
Box Per Pallet – 
Pallet Type – ","Core  –  N/A
Width – N/A
Number Across Run/FInish –  3/1
Core Label – No
±10% –  Yes
Unwind Dir. Run – N/A
Unwind Dir. Finish –  N/A
Diecut/Continuous/Sheet –  Die Cut Sheet
Partial Case –  Yes
Pieces per roll/Unit – 3,750
Length per roll/unit –  990'
Finish – Off Press
Application – "
7700,1139,"Number Across Run/Finish –  2/1
Where Finished –  Web Techniques
Length per Roll/Unit – 477'
Core Type –  3"" Plastic 0.10"" HDPE
Core Width – 67 mm
Core Label – Yes
Dividers – Lexmark Style
Bag Size – 
Qty. Per Bag – 5 M
Box Size –  14 1/4 x 8 3/4  x 12 5/8
Qty. Per Box – 25 M
Weight/box – 
Box Per Pallet – 
Pallet Type – ","Core  –  3"" Plastic 0.10"" HDPE
Width – 67 mm
Number Across Run/FInish –  2/1
Core Label – Yes
±10% –  Yes
Unwind Dir. Run – See Drawing
Unwind Dir. Finish –  See Drawing
Diecut/Continuous/Sheet –  Die Cut
Partial Case –  Yes
Pieces per roll/Unit – 5,000
Length per roll/unit –  477'
Finish – Web Techniques
Application – "
7726,1140,"Number Across Run/Finish –  2/1
Where Finished –  Off Press
Length per Roll/Unit – 651'
Core Type –  6"" Paper 3/8"" Brown Brown
Core Width – N/A
Core Label – No
Dividers – 
Bag Size – 
Qty. Per Bag – 
Box Size –  16 x 16 x 10-1/4
Qty. Per Box – 3 M
Weight/box – 
Box Per Pallet – 44 (110 M)
Pallet Type – ","Core  –  6"" Paper 3/8"" Brown Brown
Width – N/A
Number Across Run/FInish –  2/1
Core Label – No
±10% –  Yes
Unwind Dir. Run – N/A
Unwind Dir. Finish –  N/A
Diecut/Continuous/Sheet –  Die Cut
Partial Case –  No
Pieces per roll/Unit – 2,500
Length per roll/unit –  651'
Finish – Off Press
Application – "
7727,1141,"Number Across Run/Finish –  8/1
Where Finished –  On Press
Length per Roll/Unit – 1,146'
Core Type –  3"" Paper 1/8"" White Brown
Core Width – 1.125""
Core Label – Yes
Dividers – 
Bag Size – 
Qty. Per Bag – 9 Rolls
Box Size –  16 x 16 x 10-1/4
Qty. Per Box – 90 M
Weight/box – 
Box Per Pallet – 16 (1440 M)
Pallet Type – ","Core  –  3"" Paper 1/8"" White Brown
Width – 1.125""
Number Across Run/FInish –  8/1
Core Label – Yes
±10% –  Yes
Unwind Dir. Run – See Note
Unwind Dir. Finish –  See Note
Diecut/Continuous/Sheet –  Die Cut
Partial Case –  No
Pieces per roll/Unit – 10,000
Length per roll/unit –  1,146'
Finish – On Press
Application – "
7728,1142,"Number Across Run/Finish –  9/1
Where Finished –  On Press
Length per Roll/Unit – 1,151'
Core Type –  3"" Paper 1/8"" White Brown
Core Width – 1""
Core Label – Yes
Dividers – 
Bag Size – 
Qty. Per Bag – 9 Rolls
Box Size –  16 1/2 x 8 1/2 x 13
Qty. Per Box – 59 M
Weight/box – 
Box Per Pallet – 16 (936 M)
Pallet Type – ","Core  –  3"" Paper 1/8"" White Brown
Width – 1""
Number Across Run/FInish –  9/1
Core Label – Yes
±10% –  Yes
Unwind Dir. Run – See Note
Unwind Dir. Finish –  See Note
Diecut/Continuous/Sheet –  Die Cut
Partial Case –  No
Pieces per roll/Unit – 6,500
Length per roll/unit –  1,151'
Finish – On Press
Application – "
7740,1143,"Number Across Run/Finish –  1/1
Where Finished –  On Press
Length per Roll/Unit – 198'
Core Type –  N/A
Core Width – N/A
Core Label – Yes - on bag
Dividers – Cardboard
Bag Size – 
Qty. Per Bag – 1 M
Box Size –  14 x 14 x 8
Qty. Per Box – 6 M
Weight/box – 
Box Per Pallet – 
Pallet Type – ","Core  –  N/A
Width – N/A
Number Across Run/FInish –  1/1
Core Label – Yes - on bag
±10% –  Yes
Unwind Dir. Run – N/A
Unwind Dir. Finish –  N/A
Diecut/Continuous/Sheet –  Die Cut Sheet
Partial Case –  Yes
Pieces per roll/Unit – 1,000
Length per roll/unit –  198'
Finish – On Press
Application – "
7741,1144,"Number Across Run/Finish –  1/1
Where Finished –  On Press
Length per Roll/Unit – 198'
Core Type –  N/A
Core Width – N/A
Core Label – Yes - on bag
Dividers – Cardboard
Bag Size – 
Qty. Per Bag – 1 M
Box Size –  8 x 8 x 8
Qty. Per Box – 6 M
Weight/box – 
Box Per Pallet – 
Pallet Type – ","Core  –  N/A
Width – N/A
Number Across Run/FInish –  1/1
Core Label – Yes - on bag
±10% –  Yes
Unwind Dir. Run – N/A
Unwind Dir. Finish –  N/A
Diecut/Continuous/Sheet –  Die Cut Sheet
Partial Case –  Yes
Pieces per roll/Unit – 1,000
Length per roll/unit –  198'
Finish – On Press
Application – "
7746,1145,"Number Across Run/Finish –  1/1
Where Finished –  On Press
Length per Roll/Unit – 110'
Core Type –  N/A
Core Width – N/A
Core Label – No
Dividers – 
Bag Size – 
Qty. Per Bag – 500 Each
Box Size –  14 x 14 x 10
Qty. Per Box – 500 Each
Weight/box – 
Box Per Pallet – 
Pallet Type – ","Core  –  N/A
Width – N/A
Number Across Run/FInish –  1/1
Core Label – No
±10% –  Yes
Unwind Dir. Run – N/A
Unwind Dir. Finish –  N/A
Diecut/Continuous/Sheet –  Die Cut Sheet
Partial Case –  Yes
Pieces per roll/Unit – 500
Length per roll/unit –  110'
Finish – On Press
Application – "
7747,1146,"Number Across Run/Finish –  1/1
Where Finished –  On Press
Length per Roll/Unit – 37'
Core Type –  N/A
Core Width – N/A
Core Label – No
Dividers – Special
Bag Size – 
Qty. Per Bag – 125 Each
Box Size –  11 x 11 x 8
Qty. Per Box – 1,500 Each
Weight/box – 
Box Per Pallet – 
Pallet Type – ","Core  –  N/A
Width – N/A
Number Across Run/FInish –  1/1
Core Label – No
±10% –  Yes
Unwind Dir. Run – N/A
Unwind Dir. Finish –  N/A
Diecut/Continuous/Sheet –  Die Cut Sheet
Partial Case –  Yes
Pieces per roll/Unit – 125
Length per roll/unit –  37'
Finish – On Press
Application – "
7753,1147,"Number Across Run/Finish –  1/1
Where Finished –  On Press
Length per Roll/Unit – 303'
Core Type –  6"" plastic, 0.155"" PP
Core Width – 7.88""
Core Label – Yes
Dividers – 
Bag Size – 
Qty. Per Bag – 1 Roll
Box Size –  14 x 14 x 8
Qty. Per Box – 1 M
Weight/box – 
Box Per Pallet – 
Pallet Type – ","Core  –  6"" plastic, 0.155"" PP
Width – 7.88""
Number Across Run/FInish –  1/1
Core Label – Yes
±10% –  Yes
Unwind Dir. Run – Parts Out
Unwind Dir. Finish –  Parts Out
Diecut/Continuous/Sheet –  Die Cut
Partial Case –  Yes
Pieces per roll/Unit – 500
Length per roll/unit –  303'
Finish – On Press
Application – "
7763,1148,"Number Across Run/Finish –  1/1
Where Finished –  On Press
Length per Roll/Unit – 33'
Core Type –  3"" Paper 1/8"" Strouse Brown
Core Width – 0.625""
Core Label – No
Dividers – 
Bag Size – 
Qty. Per Bag – 4 Rolls
Box Size –  14 x 14 x 8
Qty. Per Box – 4,000 Each
Weight/box – 
Box Per Pallet – 
Pallet Type – ","Core  –  3"" Paper 1/8"" Strouse Brown
Width – 0.625""
Number Across Run/FInish –  1/1
Core Label – No
±10% –  Yes
Unwind Dir. Run – Parts Out
Unwind Dir. Finish –  Parts Out
Diecut/Continuous/Sheet –  Die Cut
Partial Case –  Yes
Pieces per roll/Unit – 1,000
Length per roll/unit –  33'
Finish – On Press
Application – "
7776,1149,"Number Across Run/Finish –  1/1
Where Finished –  On Press
Length per Roll/Unit – 17'
Core Type –  N/A
Core Width – N/A
Core Label – No
Dividers – 
Bag Size – 
Qty. Per Bag – 50 Each
Box Size –  19 x 11 x 13
Qty. Per Box – 
Weight/box – 
Box Per Pallet – 
Pallet Type – ","Core  –  N/A
Width – N/A
Number Across Run/FInish –  1/1
Core Label – No
±10% –  Yes
Unwind Dir. Run – N/A
Unwind Dir. Finish –  N/A
Diecut/Continuous/Sheet –  Die Cut Sheet
Partial Case –  Yes
Pieces per roll/Unit – 50
Length per roll/unit –  17'
Finish – On Press
Application – "
7786,1150,"Number Across Run/Finish –  2/2
Where Finished –  On Press
Length per Roll/Unit – 282'
Core Type –  N/A
Core Width – N/A
Core Label – No
Dividers – 
Bag Size – 
Qty. Per Bag – 125 Sheets 
Box Size –  26 x 26 x 3 T&B
Qty. Per Box – 1 M
Weight/box – 
Box Per Pallet – 
Pallet Type – ","Core  –  N/A
Width – N/A
Number Across Run/FInish –  2/2
Core Label – No
±10% –  No
Unwind Dir. Run – N/A
Unwind Dir. Finish –  N/A
Diecut/Continuous/Sheet –  Die Cut Sheet
Partial Case –  Yes
Pieces per roll/Unit – 1,500
Length per roll/unit –  282'
Finish – On Press
Application – "
7789,1151,"Number Across Run/Finish –  1/1
Where Finished –  Off Press
Length per Roll/Unit – 100'
Core Type –  N/A
Core Width – N/A
Core Label – No
Dividers – 
Bag Size – 
Qty. Per Bag – 50 Each
Box Size –  12 x 12 x 13
Qty. Per Box – 3 Bags
Weight/box – 
Box Per Pallet – 
Pallet Type – ","Core  –  N/A
Width – N/A
Number Across Run/FInish –  1/1
Core Label – No
±10% –  Yes
Unwind Dir. Run – N/A
Unwind Dir. Finish –  N/A
Diecut/Continuous/Sheet –  Sheet
Partial Case –  Yes
Pieces per roll/Unit – 50
Length per roll/unit –  100'
Finish – Off Press
Application – "
7802,1152,"Number Across Run/Finish –  1/1
Where Finished –  Off Press
Length per Roll/Unit – 3
Core Type –  N/A
Core Width – N/A
Core Label – No
Dividers – As Received
Bag Size – 
Qty. Per Bag – As Received 
Box Size –  18 x 18 x 8
Qty. Per Box – As Received 
Weight/box – 0
Box Per Pallet – 
Pallet Type – ","Core  –  N/A
Width – N/A
Number Across Run/FInish –  1/1
Core Label – No
±10% –  Yes
Unwind Dir. Run – N/A
Unwind Dir. Finish –  N/A
Diecut/Continuous/Sheet –  Sheet
Partial Case –  No
Pieces per roll/Unit – 
Length per roll/unit –  3
Finish – Off Press
Application – "
7806,1153,"Number Across Run/Finish –  4/1
Where Finished –  On Press
Length per Roll/Unit – 47'
Core Type –  6"" plastic, 0.155"" PP
Core Width – 2.25""
Core Label – Yes
Dividers – 
Bag Size – 
Qty. Per Bag – 3 Rolls
Box Size –  14 x 14 x 8
Qty. Per Box – 1 M
Weight/box – 
Box Per Pallet – 28
Pallet Type – ","Core  –  6"" plastic, 0.155"" PP
Width – 2.25""
Number Across Run/FInish –  4/1
Core Label – Yes
±10% –  Yes
Unwind Dir. Run – Parts Out
Unwind Dir. Finish –  Parts Out
Diecut/Continuous/Sheet –  Die Cut
Partial Case –  Yes
Pieces per roll/Unit – 250
Length per roll/unit –  47'
Finish – On Press
Application – "
7821,1154,"Number Across Run/Finish –  1/1
Where Finished –  On Press
Length per Roll/Unit – 375'
Core Type –  3"" Paper 1/8"" White Brown
Core Width – 9.25""
Core Label – Yes
Dividers – 
Bag Size – 
Qty. Per Bag – 1 Roll
Box Size –  12 x 12 x 6
Qty. Per Box – 1 Rolls
Weight/box – 
Box Per Pallet – 
Pallet Type – ","Core  –  3"" Paper 1/8"" White Brown
Width – 9.25""
Number Across Run/FInish –  1/1
Core Label – Yes
±10% –  Yes
Unwind Dir. Run – Parts Out
Unwind Dir. Finish –  Parts Out
Diecut/Continuous/Sheet –  Die Cut
Partial Case –  Yes
Pieces per roll/Unit – 500
Length per roll/unit –  375'
Finish – On Press
Application – "
7827,1155,"Number Across Run/Finish –  1/1
Where Finished –  On Press
Length per Roll/Unit – 14'
Core Type –  N/A
Core Width – N/A
Core Label – Yes - on bag
Dividers – 
Bag Size – 
Qty. Per Bag – 50 Each
Box Size –  10 x 10 x 10
Qty. Per Box – 2,000 Each
Weight/box – 
Box Per Pallet – 
Pallet Type – ","Core  –  N/A
Width – N/A
Number Across Run/FInish –  1/1
Core Label – Yes - on bag
±10% –  Yes
Unwind Dir. Run – N/A
Unwind Dir. Finish –  N/A
Diecut/Continuous/Sheet –  Die Cut Sheet
Partial Case –  Yes
Pieces per roll/Unit – 50 Sheets
Length per roll/unit –  14'
Finish – On Press
Application – "
7853,1156,"Number Across Run/Finish –  1/1
Where Finished –  On Press
Length per Roll/Unit – 47'
Core Type –  3"" Plastic 0.10"" HDPE
Core Width – 8.250""
Core Label – Yes
Dividers – 
Bag Size – 
Qty. Per Bag – 1 
Box Size –  12 x 12 x 4
Qty. Per Box – 1 
Weight/box – 
Box Per Pallet – 
Pallet Type – ","Core  –  3"" Plastic 0.10"" HDPE
Width – 8.250""
Number Across Run/FInish –  1/1
Core Label – Yes
±10% –  No
Unwind Dir. Run – Parts Out
Unwind Dir. Finish –  Parts Out
Diecut/Continuous/Sheet –  Die Cut
Partial Case –  Yes
Pieces per roll/Unit – 500
Length per roll/unit –  47'
Finish – On Press
Application – "
7856,1157,"Number Across Run/Finish –  1/1
Where Finished –  On Press
Length per Roll/Unit – 75'
Core Type –  N/A
Core Width – N/A
Core Label – No
Dividers – 
Bag Size – 
Qty. Per Bag – 100 Each
Box Size –  9 x 9 x 13
Qty. Per Box – 200 Each
Weight/box – 
Box Per Pallet – 
Pallet Type – ","Core  –  N/A
Width – N/A
Number Across Run/FInish –  1/1
Core Label – No
±10% –  Yes
Unwind Dir. Run – N/A
Unwind Dir. Finish –  N/A
Diecut/Continuous/Sheet –  Sheet
Partial Case –  Yes
Pieces per roll/Unit – 200
Length per roll/unit –  75'
Finish – On Press
Application – "
7867,1158,"Number Across Run/Finish –  1/1
Where Finished –  On Press
Length per Roll/Unit – 252'
Core Type –  N/A
Core Width – N/A
Core Label – No
Dividers – 
Bag Size – 
Qty. Per Bag – 2,500 Each
Box Size –  
Qty. Per Box – 1 Bags
Weight/box – 
Box Per Pallet – 
Pallet Type – ","Core  –  N/A
Width – N/A
Number Across Run/FInish –  1/1
Core Label – No
±10% –  Yes
Unwind Dir. Run – N/A
Unwind Dir. Finish –  N/A
Diecut/Continuous/Sheet –  Die Cut Sheet
Partial Case –  Yes
Pieces per roll/Unit – 2,500
Length per roll/unit –  252'
Finish – On Press
Application – "
7880,1159,"Number Across Run/Finish –  1/1
Where Finished –  Web Techniques
Length per Roll/Unit – 334'
Core Type –  3"" Paper 1/8"" White Brown
Core Width – 4.5""
Core Label – No
Dividers – 
Bag Size – 
Qty. Per Bag – 1 Roll
Box Size –  24 x 24 x 6
Qty. Per Box – 
Weight/box – 
Box Per Pallet – 
Pallet Type – ","Core  –  3"" Paper 1/8"" White Brown
Width – 4.5""
Number Across Run/FInish –  1/1
Core Label – No
±10% –  Yes
Unwind Dir. Run – Parts Out
Unwind Dir. Finish –  Parts Out
Diecut/Continuous/Sheet –  Die Cut
Partial Case –  Yes
Pieces per roll/Unit – 2,000
Length per roll/unit –  334'
Finish – Web Techniques
Application – "
7881,1160,"Number Across Run/Finish –  1/1
Where Finished –  On Press
Length per Roll/Unit – 100'
Core Type –  N/A
Core Width – N/A
Core Label – No
Dividers – 
Bag Size – 
Qty. Per Bag – 50 Each
Box Size –  16 x 16 x 16
Qty. Per Box – 50 Each
Weight/box – 
Box Per Pallet – 
Pallet Type – ","Core  –  N/A
Width – N/A
Number Across Run/FInish –  1/1
Core Label – No
±10% –  Yes
Unwind Dir. Run – N/A
Unwind Dir. Finish –  N/A
Diecut/Continuous/Sheet –  Sheet
Partial Case –  Yes
Pieces per roll/Unit – 50
Length per roll/unit –  100'
Finish – On Press
Application – "
7897,1161,"Number Across Run/Finish –  2/1
Where Finished –  On Press
Length per Roll/Unit – N/A
Core Type –  N/A
Core Width – N/A
Core Label – No
Dividers – 
Bag Size – 
Qty. Per Bag – 20 
Box Size –  8 x 8 x 8
Qty. Per Box – 20 
Weight/box – 
Box Per Pallet – 
Pallet Type – ","Core  –  N/A
Width – N/A
Number Across Run/FInish –  2/1
Core Label – No
±10% –  Yes
Unwind Dir. Run – N/A
Unwind Dir. Finish –  N/A
Diecut/Continuous/Sheet –  Die Cut Sheet
Partial Case –  Yes
Pieces per roll/Unit – 100
Length per roll/unit –  N/A
Finish – On Press
Application – "
7900,1162,"Number Across Run/Finish –  2/1
Where Finished –  On Press
Length per Roll/Unit – 34'
Core Type –  N/A
Core Width – N/A
Core Label – Yes
Dividers – 
Bag Size – 
Qty. Per Bag – 100 
Box Size –  Best Fit Per Qty
Qty. Per Box – 1,000 
Weight/box – 
Box Per Pallet – 
Pallet Type – ","Core  –  N/A
Width – N/A
Number Across Run/FInish –  2/1
Core Label – Yes
±10% –  Yes
Unwind Dir. Run – N/A
Unwind Dir. Finish –  N/A
Diecut/Continuous/Sheet –  Sheet
Partial Case –  Yes
Pieces per roll/Unit – 100
Length per roll/unit –  34'
Finish – On Press
Application – "
7903,1163,"Number Across Run/Finish –  1/1
Where Finished –  On Press
Length per Roll/Unit – 5'
Core Type –  N/A
Core Width – N/A
Core Label – 
Dividers – 
Bag Size – 
Qty. Per Bag – 1 Each
Box Size –  14 x 14 x 8
Qty. Per Box – 24 Pouches 
Weight/box – 
Box Per Pallet – 48
Pallet Type – ","Core  –  N/A
Width – N/A
Number Across Run/FInish –  1/1
Core Label – 
±10% –  Yes
Unwind Dir. Run – N/A
Unwind Dir. Finish –  N/A
Diecut/Continuous/Sheet –  Die Cut Sheet
Partial Case –  Ask
Pieces per roll/Unit – 24
Length per roll/unit –  5'
Finish – On Press
Application – "
7938,1164,"Number Across Run/Finish –  3/1
Where Finished –  On Press
Length per Roll/Unit – 863'
Core Type –  3"" Plastic 0.10"" HDPE
Core Width – 1.461 mm
Core Label – Yes
Dividers – Lexmark style
Bag Size – 
Qty. Per Bag – 1 Roll
Box Size –  12 x 12 x 13
Qty. Per Box – 8 M
Weight/box – 
Box Per Pallet – 
Pallet Type – ","Core  –  3"" Plastic 0.10"" HDPE
Width – 1.461 mm
Number Across Run/FInish –  3/1
Core Label – Yes
±10% –  Yes
Unwind Dir. Run – See note
Unwind Dir. Finish –  See note
Diecut/Continuous/Sheet –  Continuous Die Cut
Partial Case –  Yes
Pieces per roll/Unit – 12,500
Length per roll/unit –  863'
Finish – On Press
Application – "
7939,1165,"Number Across Run/Finish –  4/1
Where Finished –  Off Press
Length per Roll/Unit – 662'
Core Type –  3"" Plastic 0.10"" HDPE
Core Width – 37.1 mm
Core Label – Yes
Dividers – Lexmark style
Bag Size – 
Qty. Per Bag – 1 Roll
Box Size –  12 x 12 x 10
Qty. Per Box – 50 M
Weight/box – 13
Box Per Pallet – 
Pallet Type – ","Core  –  3"" Plastic 0.10"" HDPE
Width – 37.1 mm
Number Across Run/FInish –  4/1
Core Label – Yes
±10% –  Yes
Unwind Dir. Run – See Note
Unwind Dir. Finish –  See Note
Diecut/Continuous/Sheet –  Die Cut
Partial Case –  Yes
Pieces per roll/Unit – 6,250
Length per roll/unit –  662'
Finish – Off Press
Application – "
7954,1166,"Number Across Run/Finish –  2/2
Where Finished –  On Press
Length per Roll/Unit – 625'
Core Type –  3"" Paper (1/8"" wall)
Core Width – 3.125""
Core Label – Yes
Dividers – 
Bag Size – 
Qty. Per Bag – 5 M
Box Size –  13 x 6 x 2.5 WH
Qty. Per Box – 10 M
Weight/box – 
Box Per Pallet – 
Pallet Type – ","Core  –  3"" Paper (1/8"" wall)
Width – 3.125""
Number Across Run/FInish –  2/2
Core Label – Yes
±10% –  Yes
Unwind Dir. Run – Parts Out 
Unwind Dir. Finish –  Parts Out
Diecut/Continuous/Sheet –  Continuous Die Cut
Partial Case –  Yes
Pieces per roll/Unit – 5,000
Length per roll/unit –  625'
Finish – On Press
Application – "
7963,1167,"Number Across Run/Finish –  1/1
Where Finished –  On Press
Length per Roll/Unit – 4'
Core Type –  N/A
Core Width – N/A
Core Label – 
Dividers – 
Bag Size – 
Qty. Per Bag – 1 Each
Box Size –  14 x 14 x 8
Qty. Per Box – 16 Pouches 
Weight/box – 
Box Per Pallet – 27
Pallet Type – ","Core  –  N/A
Width – N/A
Number Across Run/FInish –  1/1
Core Label – 
±10% –  Yes
Unwind Dir. Run – N/A
Unwind Dir. Finish –  N/A
Diecut/Continuous/Sheet –  Die Cut Sheet
Partial Case –  Ask
Pieces per roll/Unit – 16
Length per roll/unit –  4'
Finish – On Press
Application – "
7991,1168,"Number Across Run/Finish –  1/1
Where Finished –  On Press
Length per Roll/Unit – 33'
Core Type –  N/A
Core Width – N/A
Core Label – No
Dividers – 
Bag Size – 
Qty. Per Bag – 500 Each
Box Size –  6 x 6 x 6
Qty. Per Box – 15 M
Weight/box – 
Box Per Pallet – 
Pallet Type – ","Core  –  N/A
Width – N/A
Number Across Run/FInish –  1/1
Core Label – No
±10% –  Yes
Unwind Dir. Run – N/A
Unwind Dir. Finish –  N/A
Diecut/Continuous/Sheet –  Die Cut Sheet
Partial Case –  Yes
Pieces per roll/Unit – 500
Length per roll/unit –  33'
Finish – On Press
Application – "
7994,1169,"Number Across Run/Finish –  1/1
Where Finished –  On Press
Length per Roll/Unit – 16'
Core Type –  N/A
Core Width – N/A
Core Label – No
Dividers – 
Bag Size – 
Qty. Per Bag – 100 Each
Box Size –  
Qty. Per Box – 400 Each
Weight/box – 
Box Per Pallet – 
Pallet Type – ","Core  –  N/A
Width – N/A
Number Across Run/FInish –  1/1
Core Label – No
±10% –  Yes
Unwind Dir. Run – N/A
Unwind Dir. Finish –  N/A
Diecut/Continuous/Sheet –  Sheet
Partial Case –  Yes
Pieces per roll/Unit – 100
Length per roll/unit –  16'
Finish – On Press
Application – "
8022,1170,"Number Across Run/Finish –  2/1
Where Finished –  Off Press
Length per Roll/Unit – 625'
Core Type –  6"" Paper 3/8"" Brown Brown
Core Width – N/A
Core Label – No
Dividers – 
Bag Size – 
Qty. Per Bag – 
Box Size –  12 x 12 x 4
Qty. Per Box – 3 M
Weight/box – 
Box Per Pallet – 48 (120 M)
Pallet Type – ","Core  –  6"" Paper 3/8"" Brown Brown
Width – N/A
Number Across Run/FInish –  2/1
Core Label – No
±10% –  Yes
Unwind Dir. Run – N/A
Unwind Dir. Finish –  N/A
Diecut/Continuous/Sheet –  Die Cut
Partial Case –  No
Pieces per roll/Unit – 2,500
Length per roll/unit –  625'
Finish – Off Press
Application – "
8035,1171,"Number Across Run/Finish –  2/1
Where Finished –  On Press
Length per Roll/Unit – 102'
Core Type –  N/A
Core Width – N/A
Core Label – No
Dividers – 
Bag Size – 
Qty. Per Bag – 250 Each
Box Size –  Best Fit Per Qty
Qty. Per Box – 3 M
Weight/box – 
Box Per Pallet – 
Pallet Type – ","Core  –  N/A
Width – N/A
Number Across Run/FInish –  2/1
Core Label – No
±10% –  Yes
Unwind Dir. Run – N/A
Unwind Dir. Finish –  N/A
Diecut/Continuous/Sheet –  Die Cut Sheet
Partial Case –  Yes
Pieces per roll/Unit – 250
Length per roll/unit –  102'
Finish – On Press
Application – "
8037,1172,"Number Across Run/Finish –  2/1
Where Finished –  On Press
Length per Roll/Unit – 860'
Core Type –  6"" Paper 3/8"" Brown Brown
Core Width – 3.75""
Core Label – Yes
Dividers – 19 x 19 Cardboard
Bag Size – 
Qty. Per Bag – 1 Roll
Box Size –  CUSTOMER SUPPLIED
Qty. Per Box – 13 M
Weight/box – 
Box Per Pallet – 4 (50 M) 
Pallet Type – ","Core  –  6"" Paper 3/8"" Brown Brown
Width – 3.75""
Number Across Run/FInish –  2/1
Core Label – Yes
±10% –  Yes
Unwind Dir. Run – See notes
Unwind Dir. Finish –  See notes
Diecut/Continuous/Sheet –  Die Cut
Partial Case –  No
Pieces per roll/Unit – 2,500
Length per roll/unit –  860'
Finish – On Press
Application – "
8075,1173,"Number Across Run/Finish –  2/1
Where Finished –  On Press
Length per Roll/Unit – 16'
Core Type –  N/A
Core Width – N/A
Core Label – No
Dividers – 
Bag Size – 
Qty. Per Bag – 500 Each
Box Size –  12 x 12 x 4
Qty. Per Box – 2,000 Each
Weight/box – 
Box Per Pallet – 
Pallet Type – ","Core  –  N/A
Width – N/A
Number Across Run/FInish –  2/1
Core Label – No
±10% –  Yes
Unwind Dir. Run – N/A
Unwind Dir. Finish –  N/A
Diecut/Continuous/Sheet –  Die Cut Sheet
Partial Case –  Yes
Pieces per roll/Unit – 
Length per roll/unit –  16'
Finish – On Press
Application – "
8090,1174,"Number Across Run/Finish –  1000/1
Where Finished –  On Press
Length per Roll/Unit – 188'
Core Type –  3"" Paper 1/8"" Strouse Brown
Core Width – 0.500""
Core Label – No
Dividers – 
Bag Size – 
Qty. Per Bag – 2000 Rolls
Box Size –  14 x 14 x 14
Qty. Per Box – 2,000 M
Weight/box – 
Box Per Pallet – 
Pallet Type – ","Core  –  3"" Paper 1/8"" Strouse Brown
Width – 0.500""
Number Across Run/FInish –  1000/1
Core Label – No
±10% –  Yes
Unwind Dir. Run – N/A
Unwind Dir. Finish –  Parts Out
Diecut/Continuous/Sheet –  Die Cut
Partial Case –  Yes
Pieces per roll/Unit – 1,000
Length per roll/unit –  188'
Finish – On Press
Application – "
8093,1175,"Number Across Run/Finish –  1/1
Where Finished –  On Press
Length per Roll/Unit – 615'
Core Type –  3"" Paper 1/8"" White Brown
Core Width – 7.0""
Core Label – Yes
Dividers – 
Bag Size – 
Qty. Per Bag – 2 Rolls
Box Size –  10 x 10 x 10
Qty. Per Box – 4 M
Weight/box – 
Box Per Pallet – 
Pallet Type – ","Core  –  3"" Paper 1/8"" White Brown
Width – 7.0""
Number Across Run/FInish –  1/1
Core Label – Yes
±10% –  Yes
Unwind Dir. Run – See Drawing
Unwind Dir. Finish –  See Drawing
Diecut/Continuous/Sheet –  Continuous Die Cut
Partial Case –  Yes
Pieces per roll/Unit – 500
Length per roll/unit –  615'
Finish – On Press
Application – "
8094,1176,"Number Across Run/Finish –  2/1
Where Finished –  On Press
Length per Roll/Unit – 1'
Core Type –  N/A
Core Width – N/A
Core Label – No
Dividers – 
Bag Size – 
Qty. Per Bag – 50 Each
Box Size –  12 x 12 x 10
Qty. Per Box – 50 Each
Weight/box – 
Box Per Pallet – 
Pallet Type – ","Core  –  N/A
Width – N/A
Number Across Run/FInish –  2/1
Core Label – No
±10% –  Yes
Unwind Dir. Run – N/A
Unwind Dir. Finish –  N/A
Diecut/Continuous/Sheet –  Sheet
Partial Case –  Yes
Pieces per roll/Unit – 25
Length per roll/unit –  1'
Finish – On Press
Application – "
8128,1177,"Number Across Run/Finish –  1/1
Where Finished –  On Press
Length per Roll/Unit – 210'
Core Type –  3"" Paper 1/8"" White Brown
Core Width – 1.875""
Core Label – Yes
Dividers – 
Bag Size – 
Qty. Per Bag – 4 Rolls
Box Size –  12 x 12 x 10
Qty. Per Box – 16 M
Weight/box – 
Box Per Pallet – 
Pallet Type – ","Core  –  3"" Paper 1/8"" White Brown
Width – 1.875""
Number Across Run/FInish –  1/1
Core Label – Yes
±10% –  Yes
Unwind Dir. Run – Parts Out
Unwind Dir. Finish –  Parts Out
Diecut/Continuous/Sheet –  Die Cut
Partial Case –  Yes
Pieces per roll/Unit – 4,000
Length per roll/unit –  210'
Finish – On Press
Application – "
8129,1178,"Number Across Run/Finish –  2/1
Where Finished –  On Press
Length per Roll/Unit – 210'
Core Type –  3"" Paper 1/8"" White Brown
Core Width – 1.500""
Core Label – Yes
Dividers – 
Bag Size – 
Qty. Per Bag – 4 M
Box Size –  13 x 13 x 13
Qty. Per Box – 20 M
Weight/box – 
Box Per Pallet – 
Pallet Type – ","Core  –  3"" Paper 1/8"" White Brown
Width – 1.500""
Number Across Run/FInish –  2/1
Core Label – Yes
±10% –  Yes
Unwind Dir. Run – Parts Out
Unwind Dir. Finish –  Parts Out
Diecut/Continuous/Sheet –  Die Cut
Partial Case –  Yes
Pieces per roll/Unit – 4,000
Length per roll/unit –  210'
Finish – On Press
Application – "
8130,1179,"Number Across Run/Finish –  1/1
Where Finished –  On Press
Length per Roll/Unit – 210'
Core Type –  3"" Paper 1/8"" White Brown
Core Width – 3.75""
Core Label – Yes
Dividers – 
Bag Size – 
Qty. Per Bag – 1 Roll
Box Size –  14 x 14 x 14
Qty. Per Box – 20 M
Weight/box – 
Box Per Pallet – 
Pallet Type – ","Core  –  3"" Paper 1/8"" White Brown
Width – 3.75""
Number Across Run/FInish –  1/1
Core Label – Yes
±10% –  Yes
Unwind Dir. Run – Parts Out
Unwind Dir. Finish –  Parts Out
Diecut/Continuous/Sheet –  Die Cut
Partial Case –  Yes
Pieces per roll/Unit – 4,000
Length per roll/unit –  210'
Finish – On Press
Application – "
8133,1180,"Number Across Run/Finish –  3/1
Where Finished –  On Press
Length per Roll/Unit – 84'
Core Type –  N/A
Core Width – N/A
Core Label – No
Dividers – 
Bag Size – 
Qty. Per Bag – 1.5 M
Box Size –  9 x 9 x 13
Qty. Per Box – 2 M
Weight/box – 
Box Per Pallet – 
Pallet Type – ","Core  –  N/A
Width – N/A
Number Across Run/FInish –  3/1
Core Label – No
±10% –  Yes
Unwind Dir. Run – N/A
Unwind Dir. Finish –  N/A
Diecut/Continuous/Sheet –  Sheet
Partial Case –  Yes
Pieces per roll/Unit – 1,500
Length per roll/unit –  84'
Finish – On Press
Application – "
8142,1181,"Number Across Run/Finish –  1/1
Where Finished –  On Press
Length per Roll/Unit – 136'
Core Type –  3"" Paper 1/8"" White Brown
Core Width – 6.75""
Core Label – Yes
Dividers – 
Bag Size – 
Qty. Per Bag – 2 Rolls
Box Size –  10 x 10 x 10
Qty. Per Box – 2 Rolls
Weight/box – 
Box Per Pallet – 
Pallet Type – ","Core  –  3"" Paper 1/8"" White Brown
Width – 6.75""
Number Across Run/FInish –  1/1
Core Label – Yes
±10% –  Yes
Unwind Dir. Run – Parts Out
Unwind Dir. Finish –  Parts Out
Diecut/Continuous/Sheet –  Die Cut
Partial Case –  Yes
Pieces per roll/Unit – 1,000
Length per roll/unit –  136'
Finish – On Press
Application – "
8150,1182,"Number Across Run/Finish –  1/1
Where Finished –  On Press
Length per Roll/Unit – 157'
Core Type –  3"" Paper 1/8"" White Brown
Core Width – 2""
Core Label – Yes
Dividers – 
Bag Size – 
Qty. Per Bag – 1 Roll
Box Size –  13 x 13 x 13
Qty. Per Box – 3,000 Each
Weight/box – 
Box Per Pallet – 
Pallet Type – ","Core  –  3"" Paper 1/8"" White Brown
Width – 2""
Number Across Run/FInish –  1/1
Core Label – Yes
±10% –  Yes
Unwind Dir. Run – Parts Out
Unwind Dir. Finish –  Parts Out
Diecut/Continuous/Sheet –  Die Cut
Partial Case –  Yes
Pieces per roll/Unit – 3,000
Length per roll/unit –  157'
Finish – On Press
Application – "
8173,1183,"Number Across Run/Finish –  1/1
Where Finished –  On Press
Length per Roll/Unit – 250'
Core Type –  3"" Paper 1/8"" Strouse Brown
Core Width – 6.25""
Core Label – No
Dividers – 
Bag Size – 
Qty. Per Bag – 2 Rolls
Box Size –  10 x 6 x 3.75
Qty. Per Box – 4 M
Weight/box – 
Box Per Pallet – 
Pallet Type – ","Core  –  3"" Paper 1/8"" Strouse Brown
Width – 6.25""
Number Across Run/FInish –  1/1
Core Label – No
±10% –  Yes
Unwind Dir. Run – parts Out
Unwind Dir. Finish –  Parts Out
Diecut/Continuous/Sheet –  Continuous Die Cut
Partial Case –  Yes
Pieces per roll/Unit – 500
Length per roll/unit –  250'
Finish – On Press
Application – "
8178,1184,"Number Across Run/Finish –  1/1
Where Finished –  On Press
Length per Roll/Unit – 5'
Core Type –  N/A
Core Width – N/A
Core Label – 
Dividers – 
Bag Size – 
Qty. Per Bag – 1 Each
Box Size –  10 x 10 x 10
Qty. Per Box – 24 Pouches 
Weight/box – 
Box Per Pallet – 36
Pallet Type – ","Core  –  N/A
Width – N/A
Number Across Run/FInish –  1/1
Core Label – 
±10% –  Yes
Unwind Dir. Run – N/A
Unwind Dir. Finish –  N/A
Diecut/Continuous/Sheet –  Die Cut Sheet
Partial Case –  Ask
Pieces per roll/Unit – 24
Length per roll/unit –  5'
Finish – On Press
Application – "
8183,1185,"Number Across Run/Finish –  1/1
Where Finished –  On Press
Length per Roll/Unit – 42'
Core Type –  3"" Plastic 0.10"" HDPE
Core Width – 6.39""
Core Label – Yes
Dividers – 
Bag Size – 
Qty. Per Bag – 1 Rolls
Box Size –  10 x 10 x 10
Qty. Per Box – 4 Rolls
Weight/box – 
Box Per Pallet – 
Pallet Type – ","Core  –  3"" Plastic 0.10"" HDPE
Width – 6.39""
Number Across Run/FInish –  1/1
Core Label – Yes
±10% –  No
Unwind Dir. Run – Parts Out
Unwind Dir. Finish –  Parts Out
Diecut/Continuous/Sheet –  Die Cut
Partial Case –  Yes
Pieces per roll/Unit – 500
Length per roll/unit –  42'
Finish – On Press
Application – "
8184,1186,"Number Across Run/Finish –  1/1
Where Finished –  On Press
Length per Roll/Unit – 46'
Core Type –  3"" Plastic 0.10"" HDPE
Core Width – 7.10""
Core Label – Yes
Dividers – 
Bag Size – 
Qty. Per Bag – 1 
Box Size –  8 x 8 x 8
Qty. Per Box – 4 
Weight/box – 
Box Per Pallet – 
Pallet Type – ","Core  –  3"" Plastic 0.10"" HDPE
Width – 7.10""
Number Across Run/FInish –  1/1
Core Label – Yes
±10% –  No
Unwind Dir. Run – Parts Out
Unwind Dir. Finish –  Parts Out
Diecut/Continuous/Sheet –  Die Cut
Partial Case –  Yes
Pieces per roll/Unit – 500
Length per roll/unit –  46'
Finish – On Press
Application – "
8191,1187,"Number Across Run/Finish –  1/1
Where Finished –  On Press
Length per Roll/Unit – 230'
Core Type –  3"" Paper 1/8"" Strouse Brown
Core Width – 5""
Core Label – Yes
Dividers – 
Bag Size – 
Qty. Per Bag – 1 Roll
Box Size –  8 x 8 x 8
Qty. Per Box – 1 M
Weight/box – 
Box Per Pallet – 
Pallet Type – ","Core  –  3"" Paper 1/8"" Strouse Brown
Width – 5""
Number Across Run/FInish –  1/1
Core Label – Yes
±10% –  Yes
Unwind Dir. Run – Parts Out
Unwind Dir. Finish –  Parts Out
Diecut/Continuous/Sheet –  Die Cut
Partial Case –  Yes
Pieces per roll/Unit – 1,000
Length per roll/unit –  230'
Finish – On Press
Application – "
8207,1188,"Number Across Run/Finish –  1/1
Where Finished –  On Press
Length per Roll/Unit – 230'
Core Type –  3"" Paper 1/8"" Strouse Brown
Core Width – 5""
Core Label – Yes
Dividers – 
Bag Size – 
Qty. Per Bag – 1 
Box Size –  11.5 x 8.875 x 10.625
Qty. Per Box – 1 
Weight/box – 
Box Per Pallet – 
Pallet Type – ","Core  –  3"" Paper 1/8"" Strouse Brown
Width – 5""
Number Across Run/FInish –  1/1
Core Label – Yes
±10% –  Yes
Unwind Dir. Run – Parts Out
Unwind Dir. Finish –  Parts Out
Diecut/Continuous/Sheet –  Die Cut
Partial Case –  Yes
Pieces per roll/Unit – 1,000
Length per roll/unit –  230'
Finish – On Press
Application – "
8221,1189,"Number Across Run/Finish –  1/1
Where Finished –  Off Press
Length per Roll/Unit – 459'
Core Type –  N/A
Core Width – N/A
Core Label – No
Dividers – 
Bag Size – 
Qty. Per Bag – 0.25 M
Box Size –  12 x 12 x 10
Qty. Per Box – 4 
Weight/box – 
Box Per Pallet – 
Pallet Type – ","Core  –  N/A
Width – N/A
Number Across Run/FInish –  1/1
Core Label – No
±10% –  Yes
Unwind Dir. Run – N/A
Unwind Dir. Finish –  N/A
Diecut/Continuous/Sheet –  Die Cut Sheet
Partial Case –  Yes
Pieces per roll/Unit – 500
Length per roll/unit –  459'
Finish – Off Press
Application – "
8226,1190,"Number Across Run/Finish –  2/1
Where Finished –  On Press
Length per Roll/Unit – 52'
Core Type –  3"" Paper 1/8"" Strouse Brown
Core Width – 0.75""
Core Label – Yes
Dividers – 
Bag Size – 
Qty. Per Bag – 1 Roll
Box Size –  16.5 x 16.5 x 8
Qty. Per Box – 6 M
Weight/box – 
Box Per Pallet – 
Pallet Type – ","Core  –  3"" Paper 1/8"" Strouse Brown
Width – 0.75""
Number Across Run/FInish –  2/1
Core Label – Yes
±10% –  Yes
Unwind Dir. Run – Parts In
Unwind Dir. Finish –  Parts In
Diecut/Continuous/Sheet –  Die Cut
Partial Case –  Yes
Pieces per roll/Unit – 2,000
Length per roll/unit –  52'
Finish – On Press
Application – "
8227,1191,"Number Across Run/Finish –  1/1
Where Finished –  On Press
Length per Roll/Unit – 105'
Core Type –  3"" Paper 1/8"" Strouse Brown
Core Width – 1.75""
Core Label – Yes
Dividers – 9"" Round PolyFlute
Bag Size – 
Qty. Per Bag – 4 Rolls
Box Size –  12 x 12 x 6
Qty. Per Box – 10 M
Weight/box – 
Box Per Pallet – 
Pallet Type – ","Core  –  3"" Paper 1/8"" Strouse Brown
Width – 1.75""
Number Across Run/FInish –  1/1
Core Label – Yes
±10% –  Yes
Unwind Dir. Run – Parts Out
Unwind Dir. Finish –  Parts Out
Diecut/Continuous/Sheet –  Die Cut
Partial Case –  Yes
Pieces per roll/Unit – 1,250
Length per roll/unit –  105'
Finish – On Press
Application – "
8233,1192,"Number Across Run/Finish –  3/1
Where Finished –  On Press
Length per Roll/Unit – 18'
Core Type –  N/A
Core Width – N/A
Core Label – No
Dividers – 
Bag Size – 
Qty. Per Bag – 1 M
Box Size –  14 x 14 x 8
Qty. Per Box – 6 M
Weight/box – 
Box Per Pallet – 
Pallet Type – ","Core  –  N/A
Width – N/A
Number Across Run/FInish –  3/1
Core Label – No
±10% –  Yes
Unwind Dir. Run – N/A
Unwind Dir. Finish –  N/A
Diecut/Continuous/Sheet –  Die Cut Sheet
Partial Case –  Yes
Pieces per roll/Unit – 1,000
Length per roll/unit –  18'
Finish – On Press
Application – "
8264,1193,"Number Across Run/Finish –  1/1
Where Finished –  On Press
Length per Roll/Unit – 250'
Core Type –  N/A
Core Width – N/A
Core Label – Yes - on bag
Dividers – 
Bag Size – 
Qty. Per Bag – 0.2 M
Box Size –  
Qty. Per Box – 3 M
Weight/box – 
Box Per Pallet – 
Pallet Type – ","Core  –  N/A
Width – N/A
Number Across Run/FInish –  1/1
Core Label – Yes - on bag
±10% –  Yes
Unwind Dir. Run – N/A
Unwind Dir. Finish –  N/A
Diecut/Continuous/Sheet –  Sheet
Partial Case –  Yes
Pieces per roll/Unit – 200
Length per roll/unit –  250'
Finish – On Press
Application – "
8270,1194,"Number Across Run/Finish –  2/1
Where Finished –  Web Techniques
Length per Roll/Unit – 792'
Core Type –  3"" Paper 1/8"" White Brown
Core Width – 3.5""
Core Label – Yes
Dividers – Paper
Bag Size – 
Qty. Per Bag – 2 Rolls
Box Size –  11 x 11 x 8
Qty. Per Box – 2 Rolls
Weight/box – 
Box Per Pallet – 
Pallet Type – ","Core  –  3"" Paper 1/8"" White Brown
Width – 3.5""
Number Across Run/FInish –  2/1
Core Label – Yes
±10% –  Yes
Unwind Dir. Run – 4
Unwind Dir. Finish –  3
Diecut/Continuous/Sheet –  Die Cut
Partial Case –  Yes
Pieces per roll/Unit – 500
Length per roll/unit –  792'
Finish – Web Techniques
Application – "
8271,1195,"Number Across Run/Finish –  2/1
Where Finished –  Web Techniques
Length per Roll/Unit – 792'
Core Type –  3"" Paper 1/8"" White Brown
Core Width – 3.5""
Core Label – Yes
Dividers – Paper
Bag Size – 
Qty. Per Bag – 2 Rolls
Box Size –  10 x 10 x 10
Qty. Per Box – 2 Rolls
Weight/box – 
Box Per Pallet – 
Pallet Type – ","Core  –  3"" Paper 1/8"" White Brown
Width – 3.5""
Number Across Run/FInish –  2/1
Core Label – Yes
±10% –  Yes
Unwind Dir. Run – 4
Unwind Dir. Finish –  3
Diecut/Continuous/Sheet –  Die Cut
Partial Case –  Yes
Pieces per roll/Unit – 500
Length per roll/unit –  792'
Finish – Web Techniques
Application – "
8272,1196,"Number Across Run/Finish –  2/1
Where Finished –  Web Techniques
Length per Roll/Unit – 792'
Core Type –  3"" Paper 1/8"" White Brown
Core Width – 5""
Core Label – Yes
Dividers – Paper
Bag Size – 
Qty. Per Bag – 2 Rolls
Box Size –  11 x 11 x 8
Qty. Per Box – 2 Rolls
Weight/box – 
Box Per Pallet – 
Pallet Type – ","Core  –  3"" Paper 1/8"" White Brown
Width – 5""
Number Across Run/FInish –  2/1
Core Label – Yes
±10% –  Yes
Unwind Dir. Run – 4
Unwind Dir. Finish –  3
Diecut/Continuous/Sheet –  Die Cut
Partial Case –  Yes
Pieces per roll/Unit – 500
Length per roll/unit –  792'
Finish – Web Techniques
Application – "
8273,1197,"Number Across Run/Finish –  2/1
Where Finished –  Web Techniques
Length per Roll/Unit – 792'
Core Type –  3"" Paper 1/8"" White Brown
Core Width – 3.5""
Core Label – Yes
Dividers – Paper
Bag Size – 
Qty. Per Bag – 2 Rolls
Box Size –  10 x 10 x 10
Qty. Per Box – 2 Rolls
Weight/box – 
Box Per Pallet – 
Pallet Type – ","Core  –  3"" Paper 1/8"" White Brown
Width – 3.5""
Number Across Run/FInish –  2/1
Core Label – Yes
±10% –  Yes
Unwind Dir. Run – 4
Unwind Dir. Finish –  3
Diecut/Continuous/Sheet –  Die Cut
Partial Case –  Yes
Pieces per roll/Unit – 500
Length per roll/unit –  792'
Finish – Web Techniques
Application – "
8286,1198,"Number Across Run/Finish –  9/1
Where Finished –  On Press
Length per Roll/Unit – 115'
Core Type –  N/A
Core Width – N/A
Core Label – No
Dividers – 
Bag Size – 
Qty. Per Bag – 250 Each
Box Size –  12 x 12 x 10
Qty. Per Box – 500 Each
Weight/box – 
Box Per Pallet – 
Pallet Type – ","Core  –  N/A
Width – N/A
Number Across Run/FInish –  9/1
Core Label – No
±10% –  Yes
Unwind Dir. Run – N/A
Unwind Dir. Finish –  N/A
Diecut/Continuous/Sheet –  Sheet
Partial Case –  Yes
Pieces per roll/Unit – 250
Length per roll/unit –  115'
Finish – On Press
Application – "
8293,1199,"Number Across Run/Finish –  6/1
Where Finished –  On Press
Length per Roll/Unit – 463'
Core Type –  3"" Paper 1/8"" White Brown
Core Width – 1.125""
Core Label – No
Dividers – 
Bag Size – 
Qty. Per Bag – 
Box Size –  16 x 16 x 16
Qty. Per Box – Best fit per order 
Weight/box – 
Box Per Pallet – 
Pallet Type – ","Core  –  3"" Paper 1/8"" White Brown
Width – 1.125""
Number Across Run/FInish –  6/1
Core Label – No
±10% –  Yes
Unwind Dir. Run – Parts Out
Unwind Dir. Finish –  Parts Out
Diecut/Continuous/Sheet –  Die Cut
Partial Case –  Yes
Pieces per roll/Unit – 5,000
Length per roll/unit –  463'
Finish – On Press
Application – "
8296,1200,"Number Across Run/Finish –  8/1
Where Finished –  On Press
Length per Roll/Unit – 215'
Core Type –  N/A
Core Width – N/A
Core Label – No
Dividers – 
Bag Size – 
Qty. Per Bag – 250 Each
Box Size –  6 x 6 x 6
Qty. Per Box – 500 Each
Weight/box – 
Box Per Pallet – 
Pallet Type – ","Core  –  N/A
Width – N/A
Number Across Run/FInish –  8/1
Core Label – No
±10% –  Yes
Unwind Dir. Run – N/A
Unwind Dir. Finish –  N/A
Diecut/Continuous/Sheet –  Sheet
Partial Case –  Yes
Pieces per roll/Unit – 
Length per roll/unit –  215'
Finish – On Press
Application – "
8304,1201,"Number Across Run/Finish –  12/1
Where Finished –  Off Press
Length per Roll/Unit – N/A
Core Type –  N/A
Core Width – N/A
Core Label – No
Dividers – 
Bag Size – 
Qty. Per Bag – 125 Each
Box Size –  12 x 12 x 12
Qty. Per Box – 125 Each
Weight/box – 
Box Per Pallet – 
Pallet Type – ","Core  –  N/A
Width – N/A
Number Across Run/FInish –  12/1
Core Label – No
±10% –  Yes
Unwind Dir. Run – N/A
Unwind Dir. Finish –  N/A
Diecut/Continuous/Sheet –  Sheet
Partial Case –  Yes
Pieces per roll/Unit – 125
Length per roll/unit –  N/A
Finish – Off Press
Application – "
8314,1202,"Number Across Run/Finish –  5/1
Where Finished –  On Press
Length per Roll/Unit – 195'
Core Type –  3"" Paper 1/8"" Strouse Brown
Core Width – 1.9""
Core Label – Yes
Dividers – 
Bag Size – 
Qty. Per Bag – 6 Rolls
Box Size –  10 x 10 x 10
Qty. Per Box – 2 M
Weight/box – 
Box Per Pallet – 
Pallet Type – ","Core  –  3"" Paper 1/8"" Strouse Brown
Width – 1.9""
Number Across Run/FInish –  5/1
Core Label – Yes
±10% –  Yes
Unwind Dir. Run – Parts Out
Unwind Dir. Finish –  Parts Out
Diecut/Continuous/Sheet –  Die Cut
Partial Case –  Yes
Pieces per roll/Unit – 100
Length per roll/unit –  195'
Finish – On Press
Application – "
8315,1203,"Number Across Run/Finish –  5/1
Where Finished –  On Press
Length per Roll/Unit – 114'
Core Type –  3"" Paper 1/8"" Strouse Brown
Core Width – 1.8""
Core Label – Yes
Dividers – 
Bag Size – 
Qty. Per Bag – 5 Rolls
Box Size –  12 x 12 x 10
Qty. Per Box – 2 M
Weight/box – 
Box Per Pallet – 
Pallet Type – ","Core  –  3"" Paper 1/8"" Strouse Brown
Width – 1.8""
Number Across Run/FInish –  5/1
Core Label – Yes
±10% –  Yes
Unwind Dir. Run – Parts Out
Unwind Dir. Finish –  Parts Out
Diecut/Continuous/Sheet –  Die Cut
Partial Case –  Yes
Pieces per roll/Unit – 100
Length per roll/unit –  114'
Finish – On Press
Application – "
8319,1204,"Number Across Run/Finish –  1/1
Where Finished –  On Press
Length per Roll/Unit – 160'
Core Type –  3"" Paper 1/8"" White Brown
Core Width – 1.25""
Core Label – Yes
Dividers – 
Bag Size – 
Qty. Per Bag – 
Box Size –  12 x 12 x 10
Qty. Per Box – 2,500 Each
Weight/box – 
Box Per Pallet – 
Pallet Type – ","Core  –  3"" Paper 1/8"" White Brown
Width – 1.25""
Number Across Run/FInish –  1/1
Core Label – Yes
±10% –  Yes
Unwind Dir. Run – Parts Out
Unwind Dir. Finish –  Parts Out
Diecut/Continuous/Sheet –  Die Cut
Partial Case –  Yes
Pieces per roll/Unit – 500
Length per roll/unit –  160'
Finish – On Press
Application – "
8329,1205,"Number Across Run/Finish –  8/1
Where Finished –  On Press
Length per Roll/Unit – 120'
Core Type –  N/A
Core Width – N/A
Core Label – No
Dividers – 
Bag Size – 
Qty. Per Bag – 1 M
Box Size –  12 x 12 x 13
Qty. Per Box – 8 M
Weight/box – 
Box Per Pallet – 
Pallet Type – ","Core  –  N/A
Width – N/A
Number Across Run/FInish –  8/1
Core Label – No
±10% –  Yes
Unwind Dir. Run – N/A
Unwind Dir. Finish –  N/A
Diecut/Continuous/Sheet –  Die Cut Sheet
Partial Case –  Yes
Pieces per roll/Unit – 1,000
Length per roll/unit –  120'
Finish – On Press
Application – "
8331,1206,"Number Across Run/Finish –  1/1
Where Finished –  On Press
Length per Roll/Unit – 230'
Core Type –  N/A
Core Width – N/A
Core Label – No
Dividers – 
Bag Size – 
Qty. Per Bag – 1 M
Box Size –  16 x 16 x 10-1/4
Qty. Per Box – 2 M
Weight/box – 
Box Per Pallet – 
Pallet Type – ","Core  –  N/A
Width – N/A
Number Across Run/FInish –  1/1
Core Label – No
±10% –  Yes
Unwind Dir. Run – N/A
Unwind Dir. Finish –  N/A
Diecut/Continuous/Sheet –  Die Cut Sheet
Partial Case –  Yes
Pieces per roll/Unit – 1,000
Length per roll/unit –  230'
Finish – On Press
Application – "
8334,1207,"Number Across Run/Finish –  1/1
Where Finished –  On Press
Length per Roll/Unit – 20'
Core Type –  N/A
Core Width – N/A
Core Label – No
Dividers – 
Bag Size – 
Qty. Per Bag – 15 Each
Box Size –  12 x 12 x 12
Qty. Per Box – 15 Each
Weight/box – 
Box Per Pallet – 
Pallet Type – ","Core  –  N/A
Width – N/A
Number Across Run/FInish –  1/1
Core Label – No
±10% –  Yes
Unwind Dir. Run – N/A
Unwind Dir. Finish –  N/A
Diecut/Continuous/Sheet –  Sheet
Partial Case –  Yes
Pieces per roll/Unit – 15
Length per roll/unit –  20'
Finish – On Press
Application – "
8337,1208,"Number Across Run/Finish –  2/1
Where Finished –  On Press
Length per Roll/Unit – 495'
Core Type –  3"" Paper 1/8"" White Brown
Core Width – 0.5""
Core Label – No
Dividers – 
Bag Size – 
Qty. Per Bag – 20 Rolls
Box Size –  10 x 10 x 10
Qty. Per Box – 100 M
Weight/box – 
Box Per Pallet – 
Pallet Type – ","Core  –  3"" Paper 1/8"" White Brown
Width – 0.5""
Number Across Run/FInish –  2/1
Core Label – No
±10% –  Yes
Unwind Dir. Run – Parts Out
Unwind Dir. Finish –  Parts Out
Diecut/Continuous/Sheet –  Die Cut
Partial Case –  Yes
Pieces per roll/Unit – 5,000
Length per roll/unit –  495'
Finish – On Press
Application – "
8338,1209,"Number Across Run/Finish –  2/1
Where Finished –  On Press
Length per Roll/Unit – 198'
Core Type –  3"" Paper 1/8"" White Brown
Core Width – 0.5""
Core Label – No
Dividers – 
Bag Size – 
Qty. Per Bag – 20 Rolls
Box Size –  10 x 10 x 10
Qty. Per Box – 100 M
Weight/box – 
Box Per Pallet – 
Pallet Type – ","Core  –  3"" Paper 1/8"" White Brown
Width – 0.5""
Number Across Run/FInish –  2/1
Core Label – No
±10% –  Yes
Unwind Dir. Run – Parts Out
Unwind Dir. Finish –  Parts Out
Diecut/Continuous/Sheet –  Die Cut
Partial Case –  Yes
Pieces per roll/Unit – 5,000
Length per roll/unit –  198'
Finish – On Press
Application – "
8339,1210,"Number Across Run/Finish –  2/1
Where Finished –  On Press
Length per Roll/Unit – 189'
Core Type –  3"" Paper 1/8"" White Brown
Core Width – 0.5""
Core Label – No
Dividers – 
Bag Size – 
Qty. Per Bag – 20 Rolls
Box Size –  10 x 10 x 10
Qty. Per Box – 100 M
Weight/box – 
Box Per Pallet – 
Pallet Type – ","Core  –  3"" Paper 1/8"" White Brown
Width – 0.5""
Number Across Run/FInish –  2/1
Core Label – No
±10% –  Yes
Unwind Dir. Run – Parts Out
Unwind Dir. Finish –  Parts Out
Diecut/Continuous/Sheet –  Die Cut
Partial Case –  Yes
Pieces per roll/Unit – 5,000
Length per roll/unit –  189'
Finish – On Press
Application – "
8364,1211,"Number Across Run/Finish –  1/1
Where Finished –  Off Press
Length per Roll/Unit – 125'
Core Type –  N/A
Core Width – N/A
Core Label – No
Dividers – 
Bag Size – 
Qty. Per Bag – 1 Each
Box Size –  8 x 8 x 8
Qty. Per Box – 5 M
Weight/box – 
Box Per Pallet – 
Pallet Type – ","Core  –  N/A
Width – N/A
Number Across Run/FInish –  1/1
Core Label – No
±10% –  Yes
Unwind Dir. Run – N/A
Unwind Dir. Finish –  N/A
Diecut/Continuous/Sheet –  Sheet
Partial Case –  Yes
Pieces per roll/Unit – 1,000
Length per roll/unit –  125'
Finish – Off Press
Application – "
8372,1212,"Number Across Run/Finish –  7/1
Where Finished –  On Press
Length per Roll/Unit – N/A
Core Type –  N/A
Core Width – N/A
Core Label – No
Dividers – 
Bag Size – 
Qty. Per Bag – 100 Each
Box Size –  12 3/4 x 11 x 4
Qty. Per Box – 1,000 Each
Weight/box – 
Box Per Pallet – 
Pallet Type – ","Core  –  N/A
Width – N/A
Number Across Run/FInish –  7/1
Core Label – No
±10% –  Yes
Unwind Dir. Run – N/A
Unwind Dir. Finish –  N/A
Diecut/Continuous/Sheet –  Die Cut Sheet
Partial Case –  Yes
Pieces per roll/Unit – 
Length per roll/unit –  N/A
Finish – On Press
Application – "
8373,1213,"Number Across Run/Finish –  3/1
Where Finished –  On Press
Length per Roll/Unit – N/A
Core Type –  N/A
Core Width – N/A
Core Label – No
Dividers – 
Bag Size – 
Qty. Per Bag – 100 Each
Box Size –  6 x 6 x 6
Qty. Per Box – 1,000 Each
Weight/box – 
Box Per Pallet – 
Pallet Type – ","Core  –  N/A
Width – N/A
Number Across Run/FInish –  3/1
Core Label – No
±10% –  No
Unwind Dir. Run – N/A
Unwind Dir. Finish –  N/A
Diecut/Continuous/Sheet –  Sheet
Partial Case –  Yes
Pieces per roll/Unit – 
Length per roll/unit –  N/A
Finish – On Press
Application – "
8375,1214,"Number Across Run/Finish –  48/1
Where Finished –  On Press
Length per Roll/Unit – N/A
Core Type –  N/A
Core Width – N/A
Core Label – No
Dividers – 
Bag Size – 
Qty. Per Bag – 100 Each
Box Size –  10 x 10 x 10
Qty. Per Box – 100 Each
Weight/box – 
Box Per Pallet – 
Pallet Type – ","Core  –  N/A
Width – N/A
Number Across Run/FInish –  48/1
Core Label – No
±10% –  No
Unwind Dir. Run – N/A
Unwind Dir. Finish –  N/A
Diecut/Continuous/Sheet –  Sheet
Partial Case –  Yes
Pieces per roll/Unit – 
Length per roll/unit –  N/A
Finish – On Press
Application – "
8376,1215,"Number Across Run/Finish –  1/1
Where Finished –  On Press
Length per Roll/Unit – N/A
Core Type –  N/A
Core Width – N/A
Core Label – No
Dividers – 
Bag Size – 
Qty. Per Bag – 100 Each
Box Size –  13 x 13 x 10
Qty. Per Box – 1,000 Each
Weight/box – 
Box Per Pallet – 
Pallet Type – ","Core  –  N/A
Width – N/A
Number Across Run/FInish –  1/1
Core Label – No
±10% –  No
Unwind Dir. Run – N/A
Unwind Dir. Finish –  N/A
Diecut/Continuous/Sheet –  Die Cut Sheet
Partial Case –  Yes
Pieces per roll/Unit – 100
Length per roll/unit –  N/A
Finish – On Press
Application – "
8382,1216,"Number Across Run/Finish –  1/1
Where Finished –  On Press
Length per Roll/Unit – 2'
Core Type –  N/A
Core Width – N/A
Core Label – No
Dividers – 
Bag Size – 
Qty. Per Bag – 36 
Box Size –  12 x 12 x 12
Qty. Per Box – 60,000 
Weight/box – 
Box Per Pallet – 
Pallet Type – ","Core  –  N/A
Width – N/A
Number Across Run/FInish –  1/1
Core Label – No
±10% –  Yes
Unwind Dir. Run – N/A
Unwind Dir. Finish –  N/A
Diecut/Continuous/Sheet –  Sheet
Partial Case –  Yes
Pieces per roll/Unit – 
Length per roll/unit –  2'
Finish – On Press
Application – "
8395,1217,"Number Across Run/Finish –  1/1
Where Finished –  On Press
Length per Roll/Unit – 375'
Core Type –  N/A
Core Width – N/A
Core Label – No
Dividers – 
Bag Size – 
Qty. Per Bag – 200 
Box Size –  16 1/2 x 8 1/2 x 13
Qty. Per Box – 200 
Weight/box – 
Box Per Pallet – 
Pallet Type – ","Core  –  N/A
Width – N/A
Number Across Run/FInish –  1/1
Core Label – No
±10% –  Yes
Unwind Dir. Run – N/A
Unwind Dir. Finish –  N/A
Diecut/Continuous/Sheet –  Die Cut Sheet
Partial Case –  Yes
Pieces per roll/Unit – 
Length per roll/unit –  375'
Finish – On Press
Application – "
8416,1218,"Number Across Run/Finish –  3/1
Where Finished –  On Press
Length per Roll/Unit – N/A
Core Type –  N/A
Core Width – N/A
Core Label – Yes - on bag
Dividers – 
Bag Size – 
Qty. Per Bag – 100 Each
Box Size –  14 1/4 x 8 3/4  x 12 5/8
Qty. Per Box – 1,000 Each
Weight/box – 
Box Per Pallet – 
Pallet Type – ","Core  –  N/A
Width – N/A
Number Across Run/FInish –  3/1
Core Label – Yes - on bag
±10% –  Yes
Unwind Dir. Run – N/A
Unwind Dir. Finish –  N/A
Diecut/Continuous/Sheet –  Die Cut Sheet
Partial Case –  Yes
Pieces per roll/Unit – 
Length per roll/unit –  N/A
Finish – On Press
Application – "
8435,1219,"Number Across Run/Finish –  6/1
Where Finished –  On Press
Length per Roll/Unit – 886'
Core Type –  3"" Paper 1/8"" White Brown
Core Width – 39.5 mm
Core Label – Yes
Dividers – Paper
Bag Size – 
Qty. Per Bag – 6 Rolls
Box Size –  18 x 18 x 8
Qty. Per Box – 24 M
Weight/box – 
Box Per Pallet – 
Pallet Type – ","Core  –  3"" Paper 1/8"" White Brown
Width – 39.5 mm
Number Across Run/FInish –  6/1
Core Label – Yes
±10% –  Yes
Unwind Dir. Run – Adh. In
Unwind Dir. Finish –  Adh. In
Diecut/Continuous/Sheet –  Continuous
Partial Case –  Yes
Pieces per roll/Unit – 1,000
Length per roll/unit –  886'
Finish – On Press
Application – "
8437,1220,"Number Across Run/Finish –  3/3
Where Finished –  On Press
Length per Roll/Unit – 207'
Core Type –  6"" plastic, 0.155"" PP
Core Width – 2""
Core Label – Yes
Dividers – 
Bag Size – 
Qty. Per Bag – 2 Rolls
Box Size –  10 x 10 x 10
Qty. Per Box – 11,640 Each
Weight/box – 
Box Per Pallet – 
Pallet Type – ","Core  –  6"" plastic, 0.155"" PP
Width – 2""
Number Across Run/FInish –  3/3
Core Label – Yes
±10% –  Yes
Unwind Dir. Run – Parts Out
Unwind Dir. Finish –  Parts Out
Diecut/Continuous/Sheet –  Die Cut
Partial Case –  Yes
Pieces per roll/Unit – 2,910
Length per roll/unit –  207'
Finish – On Press
Application – "
8440,1221,"Number Across Run/Finish –  1/1
Where Finished –  On Press
Length per Roll/Unit – 11'
Core Type –  3"" Paper 1/8"" Strouse Brown
Core Width – 4.375""
Core Label – Yes
Dividers – 
Bag Size – 
Qty. Per Bag – 2 Rolls
Box Size –  12 x 12 x 12
Qty. Per Box –  M
Weight/box – 
Box Per Pallet – 
Pallet Type – ","Core  –  3"" Paper 1/8"" Strouse Brown
Width – 4.375""
Number Across Run/FInish –  1/1
Core Label – Yes
±10% –  Yes
Unwind Dir. Run – Parts Out
Unwind Dir. Finish –  Parts Out
Diecut/Continuous/Sheet –  Die Cut
Partial Case –  Yes
Pieces per roll/Unit – 50
Length per roll/unit –  11'
Finish – On Press
Application – "
8442,1222,"Number Across Run/Finish –  1/1
Where Finished –  On Press
Length per Roll/Unit – 334'
Core Type –  N/A
Core Width – N/A
Core Label – No
Dividers – 
Bag Size – 
Qty. Per Bag – 1 M
Box Size –  22 X 17 X 26
Qty. Per Box – 1 M
Weight/box – 
Box Per Pallet – 
Pallet Type – ","Core  –  N/A
Width – N/A
Number Across Run/FInish –  1/1
Core Label – No
±10% –  Yes
Unwind Dir. Run – N/A
Unwind Dir. Finish –  N/A
Diecut/Continuous/Sheet –  Sheet
Partial Case –  Yes
Pieces per roll/Unit – 1,000
Length per roll/unit –  334'
Finish – On Press
Application – "
8444,1223,"Number Across Run/Finish –  1/1
Where Finished –  Off Press
Length per Roll/Unit – 2'
Core Type –  N/A
Core Width – N/A
Core Label – No
Dividers – 
Bag Size – 
Qty. Per Bag – 
Box Size –  20 3/4 X 16 3/4 X 26
Qty. Per Box – 204 
Weight/box – 
Box Per Pallet – 8
Pallet Type – ","Core  –  N/A
Width – N/A
Number Across Run/FInish –  1/1
Core Label – No
±10% –  Yes
Unwind Dir. Run – N/A
Unwind Dir. Finish –  N/A
Diecut/Continuous/Sheet –  Die Cut Sheet
Partial Case –  Ask
Pieces per roll/Unit – 8
Length per roll/unit –  2'
Finish – Off Press
Application – "
8445,1224,"Number Across Run/Finish –  1/1
Where Finished –  Off Press
Length per Roll/Unit – 3'
Core Type –  N/A
Core Width – N/A
Core Label – No
Dividers – 
Bag Size – 
Qty. Per Bag – 
Box Size –  20 7/8 X 20 X 26
Qty. Per Box – 136 
Weight/box – 
Box Per Pallet – 8
Pallet Type – ","Core  –  N/A
Width – N/A
Number Across Run/FInish –  1/1
Core Label – No
±10% –  Yes
Unwind Dir. Run – N/A
Unwind Dir. Finish –  N/A
Diecut/Continuous/Sheet –  Die Cut Sheet
Partial Case –  Ask
Pieces per roll/Unit – 8
Length per roll/unit –  3'
Finish – Off Press
Application – "
8446,1225,"Number Across Run/Finish –  1/1
Where Finished –  Off Press
Length per Roll/Unit – 1'
Core Type –  N/A
Core Width – N/A
Core Label – No
Dividers – 
Bag Size – 
Qty. Per Bag – 
Box Size –  16 1/2 x 8 1/2 x 13
Qty. Per Box – 240 
Weight/box – 
Box Per Pallet – 8
Pallet Type – ","Core  –  N/A
Width – N/A
Number Across Run/FInish –  1/1
Core Label – No
±10% –  Yes
Unwind Dir. Run – N/A
Unwind Dir. Finish –  N/A
Diecut/Continuous/Sheet –  Die Cut Sheet
Partial Case –  Ask
Pieces per roll/Unit – 8
Length per roll/unit –  1'
Finish – Off Press
Application – "
8458,1226,"Number Across Run/Finish –  2/1
Where Finished –  Web Techniques
Length per Roll/Unit – 510'
Core Type –  3"" Paper 1/8"" White Brown
Core Width – 4.125""
Core Label – Yes
Dividers – 
Bag Size – 
Qty. Per Bag – 
Box Size –  12 x 12 x 4
Qty. Per Box – 6 M
Weight/box – 
Box Per Pallet – 
Pallet Type – ","Core  –  3"" Paper 1/8"" White Brown
Width – 4.125""
Number Across Run/FInish –  2/1
Core Label – Yes
±10% –  Yes
Unwind Dir. Run – 3
Unwind Dir. Finish –  4
Diecut/Continuous/Sheet –  Die Cut
Partial Case –  Yes
Pieces per roll/Unit – 1,000
Length per roll/unit –  510'
Finish – Web Techniques
Application – "
8469,1227,"Number Across Run/Finish –  1/1
Where Finished –  On Press
Length per Roll/Unit – 30'
Core Type –  N/A
Core Width – N/A
Core Label – Yes - On Bag
Dividers – 
Bag Size – 
Qty. Per Bag – 75 Each
Box Size –  
Qty. Per Box – 75 Each
Weight/box – 
Box Per Pallet – 
Pallet Type – ","Core  –  N/A
Width – N/A
Number Across Run/FInish –  1/1
Core Label – Yes - On Bag
±10% –  Yes
Unwind Dir. Run – N/A
Unwind Dir. Finish –  N/A
Diecut/Continuous/Sheet –  Die Cut Sheet
Partial Case –  Yes
Pieces per roll/Unit – 50
Length per roll/unit –  30'
Finish – On Press
Application – "
8477,1228,"Number Across Run/Finish –  1/1
Where Finished –  Off Press
Length per Roll/Unit – 13'
Core Type –  N/A
Core Width – N/A
Core Label – No
Dividers – See notes
Bag Size – 
Qty. Per Bag – 
Box Size –  23 x 12 1/4 x 7
Qty. Per Box – 3 M
Weight/box – 
Box Per Pallet – 
Pallet Type – ","Core  –  N/A
Width – N/A
Number Across Run/FInish –  1/1
Core Label – No
±10% –  Yes
Unwind Dir. Run – N/A
Unwind Dir. Finish –  N/A
Diecut/Continuous/Sheet –  Die Cut Sheet
Partial Case –  No
Pieces per roll/Unit – 50 Sheets
Length per roll/unit –  13'
Finish – Off Press
Application – "
8478,1229,"Number Across Run/Finish –  1/1
Where Finished –  Off Press
Length per Roll/Unit – 13'
Core Type –  N/A
Core Width – N/A
Core Label – No
Dividers – See notes
Bag Size – 
Qty. Per Bag – 
Box Size –  23 x 12 1/4 x 7
Qty. Per Box – 3 M
Weight/box – 
Box Per Pallet – 
Pallet Type – ","Core  –  N/A
Width – N/A
Number Across Run/FInish –  1/1
Core Label – No
±10% –  Yes
Unwind Dir. Run – N/A
Unwind Dir. Finish –  N/A
Diecut/Continuous/Sheet –  Die Cut Sheet
Partial Case –  No
Pieces per roll/Unit – 50 Sheets
Length per roll/unit –  13'
Finish – Off Press
Application – "
8479,1230,"Number Across Run/Finish –  1/1
Where Finished –  Off Press
Length per Roll/Unit – 13'
Core Type –  N/A
Core Width – N/A
Core Label – No
Dividers – See notes
Bag Size – 
Qty. Per Bag – 
Box Size –  23 x 12 1/4 x 7
Qty. Per Box – 3 M
Weight/box – 
Box Per Pallet – 
Pallet Type – ","Core  –  N/A
Width – N/A
Number Across Run/FInish –  1/1
Core Label – No
±10% –  Yes
Unwind Dir. Run – N/A
Unwind Dir. Finish –  N/A
Diecut/Continuous/Sheet –  Die Cut Sheet
Partial Case –  No
Pieces per roll/Unit – 50 Sheets
Length per roll/unit –  13'
Finish – Off Press
Application – "
8480,1231,"Number Across Run/Finish –  1/1
Where Finished –  Off Press
Length per Roll/Unit – 13'
Core Type –  N/A
Core Width – N/A
Core Label – No
Dividers – See notes
Bag Size – 
Qty. Per Bag – 
Box Size –  23 x 12 1/4 x 7
Qty. Per Box – 3 M
Weight/box – 
Box Per Pallet – 
Pallet Type – ","Core  –  N/A
Width – N/A
Number Across Run/FInish –  1/1
Core Label – No
±10% –  Yes
Unwind Dir. Run – N/A
Unwind Dir. Finish –  N/A
Diecut/Continuous/Sheet –  Die Cut Sheet
Partial Case –  No
Pieces per roll/Unit – 50 Sheets
Length per roll/unit –  13'
Finish – Off Press
Application – "
8481,1232,"Number Across Run/Finish –  1/1
Where Finished –  Off Press
Length per Roll/Unit – 13'
Core Type –  N/A
Core Width – N/A
Core Label – No
Dividers – See notes
Bag Size – 
Qty. Per Bag – 
Box Size –  23 x 12 1/4 x 7
Qty. Per Box – 3 M
Weight/box – 
Box Per Pallet – 
Pallet Type – ","Core  –  N/A
Width – N/A
Number Across Run/FInish –  1/1
Core Label – No
±10% –  Yes
Unwind Dir. Run – N/A
Unwind Dir. Finish –  N/A
Diecut/Continuous/Sheet –  Die Cut Sheet
Partial Case –  No
Pieces per roll/Unit – 50 Sheets
Length per roll/unit –  13'
Finish – Off Press
Application – "
8482,1233,"Number Across Run/Finish –  1/1
Where Finished –  Off Press
Length per Roll/Unit – 13'
Core Type –  N/A
Core Width – N/A
Core Label – No
Dividers – See notes
Bag Size – 
Qty. Per Bag – 
Box Size –  23 x 12 1/4 x 7
Qty. Per Box – 3 M
Weight/box – 
Box Per Pallet – 
Pallet Type – ","Core  –  N/A
Width – N/A
Number Across Run/FInish –  1/1
Core Label – No
±10% –  Yes
Unwind Dir. Run – N/A
Unwind Dir. Finish –  N/A
Diecut/Continuous/Sheet –  Die Cut Sheet
Partial Case –  No
Pieces per roll/Unit – 50 Sheets
Length per roll/unit –  13'
Finish – Off Press
Application – "
8483,1234,"Number Across Run/Finish –  1/1
Where Finished –  Off Press
Length per Roll/Unit – 13'
Core Type –  N/A
Core Width – N/A
Core Label – No
Dividers – See notes
Bag Size – 
Qty. Per Bag – 
Box Size –  23 x 12 1/4 x 7
Qty. Per Box – 3 M
Weight/box – 
Box Per Pallet – 
Pallet Type – ","Core  –  N/A
Width – N/A
Number Across Run/FInish –  1/1
Core Label – No
±10% –  Yes
Unwind Dir. Run – N/A
Unwind Dir. Finish –  N/A
Diecut/Continuous/Sheet –  Die Cut Sheet
Partial Case –  No
Pieces per roll/Unit – 50 Sheets
Length per roll/unit –  13'
Finish – Off Press
Application – "
8484,1235,"Number Across Run/Finish –  1/1
Where Finished –  Off Press
Length per Roll/Unit – 13'
Core Type –  N/A
Core Width – N/A
Core Label – No
Dividers – See notes
Bag Size – 
Qty. Per Bag – 
Box Size –  23 x 12 1/4 x 7
Qty. Per Box – 3 M
Weight/box – 
Box Per Pallet – 
Pallet Type – ","Core  –  N/A
Width – N/A
Number Across Run/FInish –  1/1
Core Label – No
±10% –  Yes
Unwind Dir. Run – N/A
Unwind Dir. Finish –  N/A
Diecut/Continuous/Sheet –  Die Cut Sheet
Partial Case –  No
Pieces per roll/Unit – 50 Sheets
Length per roll/unit –  13'
Finish – Off Press
Application – "
8485,1236,"Number Across Run/Finish –  1/1
Where Finished –  Off Press
Length per Roll/Unit – 13'
Core Type –  N/A
Core Width – N/A
Core Label – No
Dividers – See notes
Bag Size – 
Qty. Per Bag – 
Box Size –  23 x 12 1/4 x 7
Qty. Per Box – 3 M
Weight/box – 
Box Per Pallet – 
Pallet Type – ","Core  –  N/A
Width – N/A
Number Across Run/FInish –  1/1
Core Label – No
±10% –  Yes
Unwind Dir. Run – N/A
Unwind Dir. Finish –  N/A
Diecut/Continuous/Sheet –  Die Cut Sheet
Partial Case –  No
Pieces per roll/Unit – 50 Sheets
Length per roll/unit –  13'
Finish – Off Press
Application – "
8486,1237,"Number Across Run/Finish –  1/1
Where Finished –  Off Press
Length per Roll/Unit – 13'
Core Type –  N/A
Core Width – N/A
Core Label – No
Dividers – See notes
Bag Size – 
Qty. Per Bag – 
Box Size –  20.25 x 20.25 x 2.5 cake
Qty. Per Box – 3 M
Weight/box – 
Box Per Pallet – 
Pallet Type – ","Core  –  N/A
Width – N/A
Number Across Run/FInish –  1/1
Core Label – No
±10% –  Yes
Unwind Dir. Run – N/A
Unwind Dir. Finish –  N/A
Diecut/Continuous/Sheet –  Die Cut Sheet
Partial Case –  No
Pieces per roll/Unit – 50 Sheets
Length per roll/unit –  13'
Finish – Off Press
Application – "
8498,1238,"Number Across Run/Finish –  1/1
Where Finished –  On Press
Length per Roll/Unit – 447'
Core Type –  N/A
Core Width – N/A
Core Label – No
Dividers – 
Bag Size – 
Qty. Per Bag – 
Box Size –  10 x 10 x 10
Qty. Per Box –  
Weight/box – 
Box Per Pallet – 
Pallet Type – ","Core  –  N/A
Width – N/A
Number Across Run/FInish –  1/1
Core Label – No
±10% –  Yes
Unwind Dir. Run – N/A
Unwind Dir. Finish –  N/A
Diecut/Continuous/Sheet –  Sheet
Partial Case –  Yes
Pieces per roll/Unit – 300
Length per roll/unit –  447'
Finish – On Press
Application – "
8510,1239,"Number Across Run/Finish –  5/1
Where Finished –  On Press
Length per Roll/Unit – 22'
Core Type –  N/A
Core Width – N/A
Core Label – Yes - on bag
Dividers – 
Bag Size – 
Qty. Per Bag – 446 Each
Box Size –  14 x 14 x 10
Qty. Per Box – 1,784 Each
Weight/box – 
Box Per Pallet – 
Pallet Type – ","Core  –  N/A
Width – N/A
Number Across Run/FInish –  5/1
Core Label – Yes - on bag
±10% –  No
Unwind Dir. Run – N/A
Unwind Dir. Finish –  N/A
Diecut/Continuous/Sheet –  Sheet
Partial Case –  Yes
Pieces per roll/Unit – 446
Length per roll/unit –  22'
Finish – On Press
Application – "
8514,1240,"Number Across Run/Finish –  1/1
Where Finished –  Off Press
Length per Roll/Unit – 21'
Core Type –  N/A
Core Width – N/A
Core Label – Yes - on bag
Dividers – 
Bag Size – 
Qty. Per Bag – See note 
Box Size –  14 x 14 x 10
Qty. Per Box – 1 M
Weight/box – 
Box Per Pallet – 
Pallet Type – ","Core  –  N/A
Width – N/A
Number Across Run/FInish –  1/1
Core Label – Yes - on bag
±10% –  Yes
Unwind Dir. Run – N/A
Unwind Dir. Finish –  N/A
Diecut/Continuous/Sheet –  Die Cut Sheet
Partial Case –  Yes
Pieces per roll/Unit – 100
Length per roll/unit –  21'
Finish – Off Press
Application – "
8515,1241,"Number Across Run/Finish –  1/1
Where Finished –  Off Press
Length per Roll/Unit – 16'
Core Type –  N/A
Core Width – N/A
Core Label – Yes - on bag
Dividers – 
Bag Size – 
Qty. Per Bag – See note 
Box Size –  8 x 8 x 8
Qty. Per Box – 2 M
Weight/box – 
Box Per Pallet – 
Pallet Type – ","Core  –  N/A
Width – N/A
Number Across Run/FInish –  1/1
Core Label – Yes - on bag
±10% –  Yes
Unwind Dir. Run – N/A
Unwind Dir. Finish –  N/A
Diecut/Continuous/Sheet –  Die Cut Sheet
Partial Case –  Yes
Pieces per roll/Unit – 100
Length per roll/unit –  16'
Finish – Off Press
Application – "
8529,1242,"Number Across Run/Finish –  4/1
Where Finished –  On Press
Length per Roll/Unit – 545'
Core Type –  3"" Paper 1/8"" White Brown
Core Width – See JT
Core Label – Yes
Dividers – 
Bag Size – 
Qty. Per Bag – 5 Rolls
Box Size –  12 x 12 x 10
Qty. Per Box – 5 M
Weight/box – 
Box Per Pallet – 
Pallet Type – ","Core  –  3"" Paper 1/8"" White Brown
Width – See JT
Number Across Run/FInish –  4/1
Core Label – Yes
±10% –  Yes
Unwind Dir. Run – Adh. In
Unwind Dir. Finish –  Adh. In
Diecut/Continuous/Sheet –  Continuous
Partial Case –  Yes
Pieces per roll/Unit – 500
Length per roll/unit –  545'
Finish – On Press
Application – "
8535,1243,"Number Across Run/Finish –  6/1
Where Finished –  On Press
Length per Roll/Unit – 641'
Core Type –  3"" Paper 1/8"" White Brown
Core Width – See JT
Core Label – Yes
Dividers – 
Bag Size – 
Qty. Per Bag – 5 Rolls
Box Size –  12 x 12 x 4
Qty. Per Box – 5 M
Weight/box – 
Box Per Pallet – 
Pallet Type – ","Core  –  3"" Paper 1/8"" White Brown
Width – See JT
Number Across Run/FInish –  6/1
Core Label – Yes
±10% –  Yes
Unwind Dir. Run – Adh. In
Unwind Dir. Finish –  Adh. In
Diecut/Continuous/Sheet –  Continuous
Partial Case –  Yes
Pieces per roll/Unit – 500
Length per roll/unit –  641'
Finish – On Press
Application – "
8540,1244,"Number Across Run/Finish –  4/1
Where Finished –  On Press
Length per Roll/Unit – 94'
Core Type –  3"" Paper 1/8"" Strouse Brown
Core Width – 2""
Core Label – Yes
Dividers – 
Bag Size – 
Qty. Per Bag – 2 Rolls
Box Size –  13 x 13 x 13
Qty. Per Box – 4 M
Weight/box – 
Box Per Pallet – 
Pallet Type – ","Core  –  3"" Paper 1/8"" Strouse Brown
Width – 2""
Number Across Run/FInish –  4/1
Core Label – Yes
±10% –  Yes
Unwind Dir. Run – Parts Out
Unwind Dir. Finish –  Parts Out
Diecut/Continuous/Sheet –  Die Cut
Partial Case –  Yes
Pieces per roll/Unit – 1,000
Length per roll/unit –  94'
Finish – On Press
Application – "
8578,1245,"Number Across Run/Finish –  1/1
Where Finished –  On Press
Length per Roll/Unit – 344'
Core Type –  3"" Paper 1/8"" White Brown
Core Width – 8.5""
Core Label – Yes
Dividers – 
Bag Size – 
Qty. Per Bag – 1 
Box Size –  12 x 12 x 12
Qty. Per Box – 1 
Weight/box – 
Box Per Pallet – 
Pallet Type – ","Core  –  3"" Paper 1/8"" White Brown
Width – 8.5""
Number Across Run/FInish –  1/1
Core Label – Yes
±10% –  Yes
Unwind Dir. Run – Parts Out
Unwind Dir. Finish –  Parts Out
Diecut/Continuous/Sheet –  Die Cut
Partial Case –  Yes
Pieces per roll/Unit – 500
Length per roll/unit –  344'
Finish – On Press
Application – "
8579,1246,"Number Across Run/Finish –  1/1
Where Finished –  On Press
Length per Roll/Unit – 146'
Core Type –  3"" Paper 1/8"" White Brown
Core Width – 5.75""
Core Label – Yes
Dividers – 
Bag Size – 
Qty. Per Bag – 1 Rolls
Box Size –  10 x 10 x 10
Qty. Per Box – 4 M
Weight/box – 
Box Per Pallet – 
Pallet Type – ","Core  –  3"" Paper 1/8"" White Brown
Width – 5.75""
Number Across Run/FInish –  1/1
Core Label – Yes
±10% –  Yes
Unwind Dir. Run – Parts Out
Unwind Dir. Finish –  Parts Out
Diecut/Continuous/Sheet –  Continuous
Partial Case –  Yes
Pieces per roll/Unit – 500
Length per roll/unit –  146'
Finish – On Press
Application – "
8592,1247,"Number Across Run/Finish –  6/3
Where Finished –  On Press
Length per Roll/Unit – 48'
Core Type –  3"" Paper 1/8"" White Brown
Core Width – 0.875""
Core Label – Yes
Dividers – 
Bag Size – 
Qty. Per Bag – 12 Rolls
Box Size –  12 x 12 x 13
Qty. Per Box – 10 M
Weight/box – 
Box Per Pallet – 
Pallet Type – ","Core  –  3"" Paper 1/8"" White Brown
Width – 0.875""
Number Across Run/FInish –  6/3
Core Label – Yes
±10% –  Yes
Unwind Dir. Run – Parts Out
Unwind Dir. Finish –  Parts Out
Diecut/Continuous/Sheet –  Die Cut
Partial Case –  Yes
Pieces per roll/Unit – 800
Length per roll/unit –  48'
Finish – On Press
Application – "
8594,1248,"Number Across Run/Finish –  2/1
Where Finished –  On Press
Length per Roll/Unit – 326'
Core Type –  3"" Paper 1/8"" White Brown
Core Width – 3.125""
Core Label – Yes
Dividers – 
Bag Size – 
Qty. Per Bag – 4 Rolls
Box Size –  12 x 12 x 12
Qty. Per Box – 20 M
Weight/box – 
Box Per Pallet – 
Pallet Type – ","Core  –  3"" Paper 1/8"" White Brown
Width – 3.125""
Number Across Run/FInish –  2/1
Core Label – Yes
±10% –  Yes
Unwind Dir. Run – Parts Out
Unwind Dir. Finish –  Parts Out
Diecut/Continuous/Sheet –  Die Cut
Partial Case –  Yes
Pieces per roll/Unit – 1,250
Length per roll/unit –  326'
Finish – On Press
Application – "
8604,1249,"Number Across Run/Finish –  2/2
Where Finished –  On Press
Length per Roll/Unit – 92'
Core Type –  3"" Paper 1/8"" Strouse Brown
Core Width – 1.000""
Core Label – Yes
Dividers – 
Bag Size – 
Qty. Per Bag – 6 
Box Size –  12 x 12 x 4
Qty. Per Box – 41 
Weight/box – 
Box Per Pallet – 
Pallet Type – ","Core  –  3"" Paper 1/8"" Strouse Brown
Width – 1.000""
Number Across Run/FInish –  2/2
Core Label – Yes
±10% –  Yes
Unwind Dir. Run – Parts Out
Unwind Dir. Finish –  Parts Out
Diecut/Continuous/Sheet –  Die Cut
Partial Case –  Yes
Pieces per roll/Unit – 6,750
Length per roll/unit –  92'
Finish – On Press
Application – "
8611,1250,"Number Across Run/Finish –  35/1
Where Finished –  On Press
Length per Roll/Unit – N/A
Core Type –  N/A
Core Width – N/A
Core Label – No
Dividers – 
Bag Size – 
Qty. Per Bag – 250 Each
Box Size –  12 x 12 x 4
Qty. Per Box – 1,000 Each
Weight/box – 
Box Per Pallet – 
Pallet Type – ","Core  –  N/A
Width – N/A
Number Across Run/FInish –  35/1
Core Label – No
±10% –  Yes
Unwind Dir. Run – N/A
Unwind Dir. Finish –  N/A
Diecut/Continuous/Sheet –  Sheet
Partial Case –  Yes
Pieces per roll/Unit – 250
Length per roll/unit –  N/A
Finish – On Press
Application – "
8612,1251,"Number Across Run/Finish –  28/1
Where Finished –  On Press
Length per Roll/Unit – N/A
Core Type –  N/A
Core Width – N/A
Core Label – No
Dividers – 
Bag Size – 
Qty. Per Bag – 250 Each
Box Size –  6 x 6 x 6
Qty. Per Box – 1,000 Each
Weight/box – 
Box Per Pallet – 
Pallet Type – ","Core  –  N/A
Width – N/A
Number Across Run/FInish –  28/1
Core Label – No
±10% –  Yes
Unwind Dir. Run – N/A
Unwind Dir. Finish –  N/A
Diecut/Continuous/Sheet –  Sheet
Partial Case –  Yes
Pieces per roll/Unit – 250
Length per roll/unit –  N/A
Finish – On Press
Application – "
8613,1252,"Number Across Run/Finish –  28/1
Where Finished –  On Press
Length per Roll/Unit – N/A
Core Type –  N/A
Core Width – N/A
Core Label – No
Dividers – 
Bag Size – 
Qty. Per Bag – 250 Each
Box Size –  16 x 16 x 16
Qty. Per Box – 1,000 Each
Weight/box – 
Box Per Pallet – 
Pallet Type – ","Core  –  N/A
Width – N/A
Number Across Run/FInish –  28/1
Core Label – No
±10% –  Yes
Unwind Dir. Run – N/A
Unwind Dir. Finish –  N/A
Diecut/Continuous/Sheet –  Sheet
Partial Case –  Yes
Pieces per roll/Unit – 250
Length per roll/unit –  N/A
Finish – On Press
Application – "
8614,1253,"Number Across Run/Finish –  1/1
Where Finished –  On Press
Length per Roll/Unit – 144'
Core Type –  10"" Paper 3/8"" Brown Brown
Core Width – 5.5""
Core Label – Yes
Dividers – Se note
Bag Size – 
Qty. Per Bag – 
Box Size –  12 x 12 x 12
Qty. Per Box – 
Weight/box – 
Box Per Pallet – 
Pallet Type – ","Core  –  10"" Paper 3/8"" Brown Brown
Width – 5.5""
Number Across Run/FInish –  1/1
Core Label – Yes
±10% –  Yes
Unwind Dir. Run – Parts Out
Unwind Dir. Finish –  Parts Out
Diecut/Continuous/Sheet –  Die Cut
Partial Case –  Yes
Pieces per roll/Unit – 500
Length per roll/unit –  144'
Finish – On Press
Application – "
8626,1254,"Number Across Run/Finish –  24/1
Where Finished –  On Press
Length per Roll/Unit – 125'
Core Type –  N/A
Core Width – N/A
Core Label – No
Dividers – 
Bag Size – 
Qty. Per Bag – 75 M
Box Size –  13 x 13 x 13
Qty. Per Box – 75 M
Weight/box – 
Box Per Pallet – 
Pallet Type – ","Core  –  N/A
Width – N/A
Number Across Run/FInish –  24/1
Core Label – No
±10% –  Yes
Unwind Dir. Run – N/A
Unwind Dir. Finish –  N/A
Diecut/Continuous/Sheet –  Sheet
Partial Case –  Yes
Pieces per roll/Unit – 75,000
Length per roll/unit –  125'
Finish – On Press
Application – "
8637,1255,"Number Across Run/Finish –  3/1
Where Finished –  On Press
Length per Roll/Unit – 170'
Core Type –  3"" Paper 1/8"" Strouse Brown
Core Width – 3.125""
Core Label – Yes
Dividers – 
Bag Size – 
Qty. Per Bag – 2 Rolls
Box Size –  Best Fit Per Qty
Qty. Per Box – 10 M
Weight/box – 
Box Per Pallet – 
Pallet Type – ","Core  –  3"" Paper 1/8"" Strouse Brown
Width – 3.125""
Number Across Run/FInish –  3/1
Core Label – Yes
±10% –  Yes
Unwind Dir. Run – See notes
Unwind Dir. Finish –  1
Diecut/Continuous/Sheet –  Die Cut
Partial Case –  Yes
Pieces per roll/Unit – 1,250
Length per roll/unit –  170'
Finish – On Press
Application – "
8638,1256,"Number Across Run/Finish –  1/1
Where Finished –  On Press
Length per Roll/Unit – 167'
Core Type –  3"" Paper 1/8"" Strouse Brown
Core Width – 2.500""
Core Label – No
Dividers – 
Bag Size – 
Qty. Per Bag – 1 
Box Size –  14 x 14 x 14
Qty. Per Box – Best fit per order 
Weight/box – 
Box Per Pallet – 
Pallet Type – ","Core  –  3"" Paper 1/8"" Strouse Brown
Width – 2.500""
Number Across Run/FInish –  1/1
Core Label – No
±10% –  Yes
Unwind Dir. Run – Parts Out
Unwind Dir. Finish –  Parts Out
Diecut/Continuous/Sheet –  Die Cut
Partial Case –  Yes
Pieces per roll/Unit – 2,000
Length per roll/unit –  167'
Finish – On Press
Application – "
8650,1257,"Number Across Run/Finish –  1/1
Where Finished –  On Press
Length per Roll/Unit – 75'
Core Type –  N/A
Core Width – N/A
Core Label – No
Dividers – 
Bag Size – 
Qty. Per Bag – 50 Each
Box Size –  16 x 16 x 16
Qty. Per Box – 500 Each
Weight/box – 
Box Per Pallet – 
Pallet Type – ","Core  –  N/A
Width – N/A
Number Across Run/FInish –  1/1
Core Label – No
±10% –  Yes
Unwind Dir. Run – N/A
Unwind Dir. Finish –  N/A
Diecut/Continuous/Sheet –  Sheet
Partial Case –  Yes
Pieces per roll/Unit – 50
Length per roll/unit –  75'
Finish – On Press
Application – "
8651,1258,"Number Across Run/Finish –  1/1
Where Finished –  On Press
Length per Roll/Unit – 145'
Core Type –  10"" Paper 3/8"" Brown Brown
Core Width – 5.000""
Core Label – Yes
Dividers – 
Bag Size – 
Qty. Per Bag – 2 Roll
Box Size –  14 x 14 x 10
Qty. Per Box – 2 Each
Weight/box – 
Box Per Pallet – 
Pallet Type – ","Core  –  10"" Paper 3/8"" Brown Brown
Width – 5.000""
Number Across Run/FInish –  1/1
Core Label – Yes
±10% –  Yes
Unwind Dir. Run – Parts Out
Unwind Dir. Finish –  Parts Out
Diecut/Continuous/Sheet –  Die Cut
Partial Case –  Yes
Pieces per roll/Unit – 500
Length per roll/unit –  145'
Finish – On Press
Application – "
8658,1259,"Number Across Run/Finish –  1/1
Where Finished –  On Press
Length per Roll/Unit – 94'
Core Type –  N/A
Core Width – N/A
Core Label – No
Dividers – 
Bag Size – 
Qty. Per Bag – .25 M
Box Size –  
Qty. Per Box – 6 M
Weight/box – 
Box Per Pallet – 
Pallet Type – ","Core  –  N/A
Width – N/A
Number Across Run/FInish –  1/1
Core Label – No
±10% –  Yes
Unwind Dir. Run – N/A
Unwind Dir. Finish –  N/A
Diecut/Continuous/Sheet –  Die Cut Sheet
Partial Case –  Yes
Pieces per roll/Unit – 250
Length per roll/unit –  94'
Finish – On Press
Application – "
8659,1260,"Number Across Run/Finish –  6/1
Where Finished –  On Press
Length per Roll/Unit – 50'
Core Type –  3"" Paper 1/8"" Strouse Brown
Core Width – 10 mm
Core Label – Yes
Dividers – 
Bag Size – 
Qty. Per Bag – 1 
Box Size –  14 x 14 x 10
Qty. Per Box – 2 
Weight/box – 
Box Per Pallet – 
Pallet Type – ","Core  –  3"" Paper 1/8"" Strouse Brown
Width – 10 mm
Number Across Run/FInish –  6/1
Core Label – Yes
±10% –  Yes
Unwind Dir. Run – Parts Out
Unwind Dir. Finish –  Parts Out
Diecut/Continuous/Sheet –  Die Cut
Partial Case –  Yes
Pieces per roll/Unit – 1,000
Length per roll/unit –  50'
Finish – On Press
Application – "
8663,1261,"Number Across Run/Finish –  1/1
Where Finished –  On Press
Length per Roll/Unit – 94'
Core Type –  N/A
Core Width – N/A
Core Label – No
Dividers – 
Bag Size – 
Qty. Per Bag – 0.25 M
Box Size –  12 x 12 x 12
Qty. Per Box – 6 M
Weight/box – 
Box Per Pallet – 
Pallet Type – ","Core  –  N/A
Width – N/A
Number Across Run/FInish –  1/1
Core Label – No
±10% –  Yes
Unwind Dir. Run – N/A
Unwind Dir. Finish –  N/A
Diecut/Continuous/Sheet –  Die Cut Sheet
Partial Case –  Yes
Pieces per roll/Unit – 250
Length per roll/unit –  94'
Finish – On Press
Application – "
8665,1262,"Number Across Run/Finish –  1/1
Where Finished –  On Press
Length per Roll/Unit – 216'
Core Type –  6"" Paper 3/8"" Brown Brown
Core Width – 24.5""
Core Label – No
Dividers – 
Bag Size – 
Qty. Per Bag – 1 Roll
Box Size –  9 x 9 x 13
Qty. Per Box – 1 Roll
Weight/box – 
Box Per Pallet – 
Pallet Type – ","Core  –  6"" Paper 3/8"" Brown Brown
Width – 24.5""
Number Across Run/FInish –  1/1
Core Label – No
±10% –  Yes
Unwind Dir. Run – Tape Out
Unwind Dir. Finish –  Tape Out
Diecut/Continuous/Sheet –  Continuous
Partial Case –  Yes
Pieces per roll/Unit – 1 Roll
Length per roll/unit –  216'
Finish – On Press
Application – "
8668,1263,"Number Across Run/Finish –  2/2
Where Finished –  On Press
Length per Roll/Unit – 28'
Core Type –  3"" Paper 1/8"" Strouse Brown
Core Width – 1.375""
Core Label – Yes
Dividers – 
Bag Size – 
Qty. Per Bag – 8 
Box Size –  10 x 10 x 10
Qty. Per Box – 20 
Weight/box – 
Box Per Pallet – 
Pallet Type – ","Core  –  3"" Paper 1/8"" Strouse Brown
Width – 1.375""
Number Across Run/FInish –  2/2
Core Label – Yes
±10% –  Yes
Unwind Dir. Run – Parts Out
Unwind Dir. Finish –  Parts Out
Diecut/Continuous/Sheet –  Die Cut
Partial Case –  Yes
Pieces per roll/Unit – 2,500
Length per roll/unit –  28'
Finish – On Press
Application – "
8669,1264,"Number Across Run/Finish –  2/2
Where Finished –  On Press
Length per Roll/Unit – 23'
Core Type –  3"" Paper 1/8"" Strouse Brown
Core Width – 0.75""
Core Label – Yes
Dividers – 
Bag Size – 
Qty. Per Bag – 8 
Box Size –  10 x 10 x 10
Qty. Per Box – 20 
Weight/box – 
Box Per Pallet – 
Pallet Type – ","Core  –  3"" Paper 1/8"" Strouse Brown
Width – 0.75""
Number Across Run/FInish –  2/2
Core Label – Yes
±10% –  Yes
Unwind Dir. Run – Parts Out
Unwind Dir. Finish –  Parts Out
Diecut/Continuous/Sheet –  Die Cut
Partial Case –  Yes
Pieces per roll/Unit – 2,500
Length per roll/unit –  23'
Finish – On Press
Application – "
8675,1265,"Number Across Run/Finish –  1/1
Where Finished –  On Press
Length per Roll/Unit – 592'
Core Type –  3"" Paper 1/8"" Strouse Brown
Core Width – 7.250""
Core Label – Yes
Dividers – 
Bag Size – 
Qty. Per Bag – 1 Roll
Box Size –  13 x 13 x 13
Qty. Per Box – 1 Roll
Weight/box – 
Box Per Pallet – 
Pallet Type – ","Core  –  3"" Paper 1/8"" Strouse Brown
Width – 7.250""
Number Across Run/FInish –  1/1
Core Label – Yes
±10% –  Yes
Unwind Dir. Run – Parts In
Unwind Dir. Finish –  Parts In
Diecut/Continuous/Sheet –  Die Cut
Partial Case –  Yes
Pieces per roll/Unit – 6,400
Length per roll/unit –  592'
Finish – On Press
Application – "
8689,1266,"Number Across Run/Finish –  2/1
Where Finished –  On Press
Length per Roll/Unit – 105'
Core Type –  3"" Paper 1/8"" Strouse Brown
Core Width – 1.25""
Core Label – No
Dividers – 
Bag Size – 
Qty. Per Bag – 1 
Box Size –  9 x 9 x 13
Qty. Per Box – Best fit per order 
Weight/box – 
Box Per Pallet – 
Pallet Type – ","Core  –  3"" Paper 1/8"" Strouse Brown
Width – 1.25""
Number Across Run/FInish –  2/1
Core Label – No
±10% –  Yes
Unwind Dir. Run – Parts Out
Unwind Dir. Finish –  Parts Out
Diecut/Continuous/Sheet –  Die Cut
Partial Case –  Yes
Pieces per roll/Unit – 1,250
Length per roll/unit –  105'
Finish – On Press
Application – "
8691,1267,"Number Across Run/Finish –  2/2
Where Finished –  On Press
Length per Roll/Unit – 159'
Core Type –  3"" Paper 1/8"" Strouse Brown
Core Width – 4.25""
Core Label – Yes
Dividers – 
Bag Size – 
Qty. Per Bag – 3 Rolls
Box Size –  12 x 12 x 4
Qty. Per Box – 4 M
Weight/box – 
Box Per Pallet – 
Pallet Type – ","Core  –  3"" Paper 1/8"" Strouse Brown
Width – 4.25""
Number Across Run/FInish –  2/2
Core Label – Yes
±10% –  Yes
Unwind Dir. Run – Parts Out
Unwind Dir. Finish –  Parts Out
Diecut/Continuous/Sheet –  Die Cut
Partial Case –  Yes
Pieces per roll/Unit – 1,250
Length per roll/unit –  159'
Finish – On Press
Application – "
8692,1268,"Number Across Run/Finish –  2/2
Where Finished –  On Press
Length per Roll/Unit – 86'
Core Type –  3"" Paper 1/8"" Strouse Brown
Core Width – 0.625""
Core Label – No
Dividers – 
Bag Size – 
Qty. Per Bag – 4 
Box Size –  9 1/4 x 9 1/4 x 11 1/2
Qty. Per Box – 20 
Weight/box – 
Box Per Pallet – 
Pallet Type – ","Core  –  3"" Paper 1/8"" Strouse Brown
Width – 0.625""
Number Across Run/FInish –  2/2
Core Label – No
±10% –  Yes
Unwind Dir. Run – Parts Out
Unwind Dir. Finish –  Parts Out
Diecut/Continuous/Sheet –  Die Cut
Partial Case –  Yes
Pieces per roll/Unit – 5,000
Length per roll/unit –  86'
Finish – On Press
Application – "
8693,1269,"Number Across Run/Finish –  1/1
Where Finished –  On Press
Length per Roll/Unit – 429'
Core Type –  3"" Paper 1/8"" Strouse Brown
Core Width – 11.000""
Core Label – Yes
Dividers – 
Bag Size – 
Qty. Per Bag – 1 Roll
Box Size –  16 x 16 x 10-1/4
Qty. Per Box – 1 Rolls
Weight/box – 
Box Per Pallet – 
Pallet Type – ","Core  –  3"" Paper 1/8"" Strouse Brown
Width – 11.000""
Number Across Run/FInish –  1/1
Core Label – Yes
±10% –  Yes
Unwind Dir. Run – Parts In
Unwind Dir. Finish –  Parts In
Diecut/Continuous/Sheet –  Die Cut
Partial Case –  Yes
Pieces per roll/Unit – 4,600
Length per roll/unit –  429'
Finish – On Press
Application – "
8707,1270,"Number Across Run/Finish –  5/1
Where Finished –  On Press
Length per Roll/Unit – 15'
Core Type –  N/A
Core Width – N/A
Core Label – No
Dividers – 
Bag Size – 
Qty. Per Bag – 500 Each
Box Size –  11 x 11 x 14
Qty. Per Box – 3 M
Weight/box – 
Box Per Pallet – 
Pallet Type – ","Core  –  N/A
Width – N/A
Number Across Run/FInish –  5/1
Core Label – No
±10% –  Yes
Unwind Dir. Run – N/A
Unwind Dir. Finish –  N/A
Diecut/Continuous/Sheet –  Die Cut Sheet
Partial Case –  Yes
Pieces per roll/Unit – 500
Length per roll/unit –  15'
Finish – On Press
Application – "
8717,1271,"Number Across Run/Finish –  2/1
Where Finished –  On Press
Length per Roll/Unit – 37'
Core Type –  N/A
Core Width – N/A
Core Label – No
Dividers – 
Bag Size – 
Qty. Per Bag – 250 Each
Box Size –  12 x 12 x 12
Qty. Per Box – 2,500 Each
Weight/box – 
Box Per Pallet – 
Pallet Type – ","Core  –  N/A
Width – N/A
Number Across Run/FInish –  2/1
Core Label – No
±10% –  Yes
Unwind Dir. Run – N/A
Unwind Dir. Finish –  N/A
Diecut/Continuous/Sheet –  Die Cut Sheet
Partial Case –  Yes
Pieces per roll/Unit – 250
Length per roll/unit –  37'
Finish – On Press
Application – "
8725,1272,"Number Across Run/Finish –  1/1
Where Finished –  On Press
Length per Roll/Unit – 17'
Core Type –  N/A
Core Width – ""
Core Label – No
Dividers – 
Bag Size – 
Qty. Per Bag – 150 Each
Box Size –  12 x 12 x 4
Qty. Per Box – 150 Each
Weight/box – 
Box Per Pallet – 
Pallet Type – ","Core  –  N/A
Width – ""
Number Across Run/FInish –  1/1
Core Label – No
±10% –  Yes
Unwind Dir. Run – N/A
Unwind Dir. Finish –  N/A
Diecut/Continuous/Sheet –  Sheet
Partial Case –  Yes
Pieces per roll/Unit – 50
Length per roll/unit –  17'
Finish – On Press
Application – "
8726,1273,"Number Across Run/Finish –  1/1
Where Finished –  On Press
Length per Roll/Unit – 287'
Core Type –  N/A
Core Width – N/A
Core Label – No
Dividers – 
Bag Size – 
Qty. Per Bag – 2.5 M
Box Size –  10 x 10 x 10
Qty. Per Box – 3 M
Weight/box – 
Box Per Pallet – 
Pallet Type – ","Core  –  N/A
Width – N/A
Number Across Run/FInish –  1/1
Core Label – No
±10% –  Yes
Unwind Dir. Run – N/A
Unwind Dir. Finish –  N/A
Diecut/Continuous/Sheet –  Die Cut Sheet
Partial Case –  Yes
Pieces per roll/Unit – 2,500
Length per roll/unit –  287'
Finish – On Press
Application – "
8727,1274,"Number Across Run/Finish –  1/1
Where Finished –  On Press
Length per Roll/Unit – 45'
Core Type –  3"" Paper 1/8"" White Brown
Core Width – 2""
Core Label – Yes
Dividers – 
Bag Size – 
Qty. Per Bag – 5 M
Box Size –  13 x 13 x 13
Qty. Per Box – 20 M
Weight/box – 
Box Per Pallet – 
Pallet Type – ","Core  –  3"" Paper 1/8"" White Brown
Width – 2""
Number Across Run/FInish –  1/1
Core Label – Yes
±10% –  Yes
Unwind Dir. Run – Parts Out
Unwind Dir. Finish –  Parts Out
Diecut/Continuous/Sheet –  Die Cut
Partial Case –  Yes
Pieces per roll/Unit – 1,000
Length per roll/unit –  45'
Finish – On Press
Application – "
8728,1275,"Number Across Run/Finish –  3/1
Where Finished –  On Press
Length per Roll/Unit – 170'
Core Type –  3"" Paper 1/8"" Strouse Brown
Core Width – 3.125""
Core Label – Yes
Dividers – 
Bag Size – 
Qty. Per Bag – 4 Rolls
Box Size –  6 x 6 x 6
Qty. Per Box – 8 Rolls
Weight/box – 
Box Per Pallet – 
Pallet Type – ","Core  –  3"" Paper 1/8"" Strouse Brown
Width – 3.125""
Number Across Run/FInish –  3/1
Core Label – Yes
±10% –  Yes
Unwind Dir. Run – Parts Out
Unwind Dir. Finish –  Parts Out
Diecut/Continuous/Sheet –  Die Cut
Partial Case –  Yes
Pieces per roll/Unit – 1,250
Length per roll/unit –  170'
Finish – On Press
Application – "
8733,1276,"Number Across Run/Finish –  2/1
Where Finished –  On Press
Length per Roll/Unit – 834'
Core Type –  3"" Paper 0.180"" Brown Brown
Core Width – 3.75""
Core Label – Yes
Dividers – 16 x 16
Bag Size – 
Qty. Per Bag – 2 Rolls
Box Size –  10 x 10 x 10
Qty. Per Box – 2 Rolls
Weight/box – 
Box Per Pallet – 20
Pallet Type – ","Core  –  3"" Paper 0.180"" Brown Brown
Width – 3.75""
Number Across Run/FInish –  2/1
Core Label – Yes
±10% –  Yes
Unwind Dir. Run – Parts Out
Unwind Dir. Finish –  Parts Out
Diecut/Continuous/Sheet –  Die Cut
Partial Case –  Yes
Pieces per roll/Unit – 2,500
Length per roll/unit –  834'
Finish – On Press
Application – "
8738,1277,"Number Across Run/Finish –  3/1
Where Finished –  Off Press
Length per Roll/Unit – 84'
Core Type –  N/A
Core Width – N/A
Core Label – No
Dividers – 
Bag Size – 
Qty. Per Bag – 5000 Each
Box Size –  19 x 11 x 13
Qty. Per Box – 5,000 Each
Weight/box – 
Box Per Pallet – 
Pallet Type – ","Core  –  N/A
Width – N/A
Number Across Run/FInish –  3/1
Core Label – No
±10% –  Yes
Unwind Dir. Run – N/A
Unwind Dir. Finish –  N/A
Diecut/Continuous/Sheet –  Die Cut Sheet
Partial Case –  Yes
Pieces per roll/Unit – 1,000
Length per roll/unit –  84'
Finish – Off Press
Application – "
8747,1278,"Number Across Run/Finish –  3/1
Where Finished –  Web Techniques
Length per Roll/Unit – 115'
Core Type –  3"" Paper (1/8) PRINT
Core Width – 1.375""
Core Label – No
Dividers – 
Bag Size – 
Qty. Per Bag – 7 Rolls
Box Size –  13 x 13 x 13
Qty. Per Box – 10 Rolls
Weight/box – 
Box Per Pallet – 
Pallet Type – ","Core  –  3"" Paper (1/8) PRINT
Width – 1.375""
Number Across Run/FInish –  3/1
Core Label – No
±10% –  Yes
Unwind Dir. Run – 3
Unwind Dir. Finish –  4
Diecut/Continuous/Sheet –  Die Cut
Partial Case –  Yes
Pieces per roll/Unit – 1,000
Length per roll/unit –  115'
Finish – Web Techniques
Application – "
8751,1279,"Number Across Run/Finish –  3/1
Where Finished –  On Press
Length per Roll/Unit – 300'
Core Type –  3"" Paper 1/8"" White Brown
Core Width – 2.5""
Core Label – Yes
Dividers – Paper
Bag Size – 
Qty. Per Bag – 3 Rolls
Box Size –  12 x 12 x 4
Qty. Per Box – 11 M
Weight/box – 
Box Per Pallet – 36
Pallet Type – ","Core  –  3"" Paper 1/8"" White Brown
Width – 2.5""
Number Across Run/FInish –  3/1
Core Label – Yes
±10% –  Yes
Unwind Dir. Run – Parts Out
Unwind Dir. Finish –  Parts Out
Diecut/Continuous/Sheet –  Die Cut
Partial Case –  Yes
Pieces per roll/Unit – 3,500
Length per roll/unit –  300'
Finish – On Press
Application – "
8755,1280,"Number Across Run/Finish –  2/1
Where Finished –  On Press
Length per Roll/Unit – 180'
Core Type –  N/A
Core Width – N/A
Core Label – No
Dividers – 
Bag Size – 
Qty. Per Bag – 360 Each
Box Size –  12 x 12 x 4
Qty. Per Box – 720 Each
Weight/box – 
Box Per Pallet – 
Pallet Type – ","Core  –  N/A
Width – N/A
Number Across Run/FInish –  2/1
Core Label – No
±10% –  Yes
Unwind Dir. Run – N/A
Unwind Dir. Finish –  N/A
Diecut/Continuous/Sheet –  Die Cut Sheet
Partial Case –  Yes
Pieces per roll/Unit – 360
Length per roll/unit –  180'
Finish – On Press
Application – "
8756,1281,"Number Across Run/Finish –  2/1
Where Finished –  On Press
Length per Roll/Unit – 180'
Core Type –  N/A
Core Width – N/A
Core Label – No
Dividers – 
Bag Size – 
Qty. Per Bag – 360 Each
Box Size –  18 x 18 x 8
Qty. Per Box – 720 Each
Weight/box – 
Box Per Pallet – 
Pallet Type – ","Core  –  N/A
Width – N/A
Number Across Run/FInish –  2/1
Core Label – No
±10% –  Yes
Unwind Dir. Run – N/A
Unwind Dir. Finish –  N/A
Diecut/Continuous/Sheet –  Die Cut Sheet
Partial Case –  Yes
Pieces per roll/Unit – 360
Length per roll/unit –  180'
Finish – On Press
Application – "
8758,1282,"Number Across Run/Finish –  9/1
Where Finished –  On Press
Length per Roll/Unit – 1,151'
Core Type –  3"" Paper 1/8"" White Brown
Core Width – 1""
Core Label – Yes
Dividers – 
Bag Size – 
Qty. Per Bag – 9 Rolls
Box Size –  10 x 10 x 10
Qty. Per Box – 59 M
Weight/box – 
Box Per Pallet – 16 (936 M)
Pallet Type – ","Core  –  3"" Paper 1/8"" White Brown
Width – 1""
Number Across Run/FInish –  9/1
Core Label – Yes
±10% –  Yes
Unwind Dir. Run – See Note
Unwind Dir. Finish –  See Note
Diecut/Continuous/Sheet –  Die Cut
Partial Case –  No
Pieces per roll/Unit – 6,500
Length per roll/unit –  1,151'
Finish – On Press
Application – "
8762,1283,"Number Across Run/Finish –  2/2
Where Finished –  On Press
Length per Roll/Unit – 42'
Core Type –  3"" Paper 1/8"" White Brown
Core Width – 2""
Core Label – Yes
Dividers – 
Bag Size – 
Qty. Per Bag – 6 M
Box Size –  16 x 16 x 10-1/4
Qty. Per Box – 6 M
Weight/box – 
Box Per Pallet – 
Pallet Type – ","Core  –  3"" Paper 1/8"" White Brown
Width – 2""
Number Across Run/FInish –  2/2
Core Label – Yes
±10% –  Yes
Unwind Dir. Run – Parts Out
Unwind Dir. Finish –  Parts Out
Diecut/Continuous/Sheet –  Die Cut
Partial Case –  Yes
Pieces per roll/Unit – 1,000
Length per roll/unit –  42'
Finish – On Press
Application – "
8765,1284,"Number Across Run/Finish –  8/1
Where Finished –  On Press
Length per Roll/Unit – 1,146'
Core Type –  3"" Paper 1/8"" White Brown
Core Width – 1.125""
Core Label – Yes
Dividers – 0.02"" Thick Chipboard
Bag Size – 
Qty. Per Bag – 9 Rolls
Box Size –  12 x 12 x 10
Qty. Per Box – 90 M
Weight/box – 
Box Per Pallet – 16 (1440 M)
Pallet Type – ","Core  –  3"" Paper 1/8"" White Brown
Width – 1.125""
Number Across Run/FInish –  8/1
Core Label – Yes
±10% –  Yes
Unwind Dir. Run – See Note
Unwind Dir. Finish –  See Note
Diecut/Continuous/Sheet –  Die Cut
Partial Case –  No
Pieces per roll/Unit – 10,000
Length per roll/unit –  1,146'
Finish – On Press
Application – "
8767,1285,"Number Across Run/Finish –  4/1
Where Finished –  On Press
Length per Roll/Unit – 591'
Core Type –  N/A
Core Width – N/A
Core Label – No
Dividers – 
Bag Size – 
Qty. Per Bag – 9 M
Box Size –  12 x 12 x 10
Qty. Per Box – 9 M
Weight/box – 
Box Per Pallet – 
Pallet Type – ","Core  –  N/A
Width – N/A
Number Across Run/FInish –  4/1
Core Label – No
±10% –  Yes
Unwind Dir. Run – N/A
Unwind Dir. Finish –  N/A
Diecut/Continuous/Sheet –  Die Cut Sheet
Partial Case –  Yes
Pieces per roll/Unit – 9,000
Length per roll/unit –  591'
Finish – On Press
Application – "
8778,1286,"Number Across Run/Finish –  1/1
Where Finished –  On Press
Length per Roll/Unit – 94'
Core Type –  N/A
Core Width – N/A
Core Label – No
Dividers – 
Bag Size – 
Qty. Per Bag – .25 M
Box Size –  12 x 12 x 10
Qty. Per Box – 6 M
Weight/box – 
Box Per Pallet – 
Pallet Type – ","Core  –  N/A
Width – N/A
Number Across Run/FInish –  1/1
Core Label – No
±10% –  Yes
Unwind Dir. Run – N/A
Unwind Dir. Finish –  N/A
Diecut/Continuous/Sheet –  Die Cut Sheet
Partial Case –  Yes
Pieces per roll/Unit – 250
Length per roll/unit –  94'
Finish – On Press
Application – "
8789,1287,"Number Across Run/Finish –  4/1
Where Finished –  Off Press
Length per Roll/Unit – 6'
Core Type –  N/A
Core Width – N/A
Core Label – No
Dividers – 
Bag Size – 
Qty. Per Bag – 100 Each
Box Size –  16 x 16 x 16
Qty. Per Box – 2,500 M
Weight/box – 
Box Per Pallet – 
Pallet Type – ","Core  –  N/A
Width – N/A
Number Across Run/FInish –  4/1
Core Label – No
±10% –  Yes
Unwind Dir. Run – N/A
Unwind Dir. Finish –  N/A
Diecut/Continuous/Sheet –  Die Cut Sheet
Partial Case –  Yes
Pieces per roll/Unit – 100
Length per roll/unit –  6'
Finish – Off Press
Application – "
8791,1288,"Number Across Run/Finish –  1/1
Where Finished –  On Press
Length per Roll/Unit – 567'
Core Type –  3"" Paper 1/8"" Strouse Brown
Core Width – 14""
Core Label – Yes
Dividers – 
Bag Size – 
Qty. Per Bag – 1 Roll
Box Size –  16 x 16 x 10-1/4
Qty. Per Box – 2 M
Weight/box – 
Box Per Pallet – 
Pallet Type – ","Core  –  3"" Paper 1/8"" Strouse Brown
Width – 14""
Number Across Run/FInish –  1/1
Core Label – Yes
±10% –  Yes
Unwind Dir. Run – Parts Out
Unwind Dir. Finish –  Parts Out
Diecut/Continuous/Sheet –  Die Cut
Partial Case –  Yes
Pieces per roll/Unit – 400
Length per roll/unit –  567'
Finish – On Press
Application – "
8796,1289,"Number Across Run/Finish –  3/1
Where Finished –  Off Press
Length per Roll/Unit – 270'
Core Type –  6"" plastic, 0.155"" PP
Core Width – 1.5""
Core Label – Yes
Dividers – Special
Bag Size – 
Qty. Per Bag – 1 Roll
Box Size –  16 x 16 x 10-1/4
Qty. Per Box – 10 M
Weight/box – 
Box Per Pallet – 
Pallet Type – ","Core  –  6"" plastic, 0.155"" PP
Width – 1.5""
Number Across Run/FInish –  3/1
Core Label – Yes
±10% –  Yes
Unwind Dir. Run – Parts Out
Unwind Dir. Finish –  See Drawing
Diecut/Continuous/Sheet –  Die Cut
Partial Case –  Yes
Pieces per roll/Unit – 2,000
Length per roll/unit –  270'
Finish – Off Press
Application – "
8797,1290,"Number Across Run/Finish –  3/1
Where Finished –  Off Press
Length per Roll/Unit – 250'
Core Type –  6"" plastic, 0.155"" PP
Core Width – 1.5""
Core Label – Yes
Dividers – Special
Bag Size – 
Qty. Per Bag – 1 Roll
Box Size –  12 x 12 x 4
Qty. Per Box – 10 M
Weight/box – 
Box Per Pallet – 
Pallet Type – ","Core  –  6"" plastic, 0.155"" PP
Width – 1.5""
Number Across Run/FInish –  3/1
Core Label – Yes
±10% –  Yes
Unwind Dir. Run – Parts Out
Unwind Dir. Finish –  See Drawing
Diecut/Continuous/Sheet –  Die Cut
Partial Case –  Yes
Pieces per roll/Unit – 2,000
Length per roll/unit –  250'
Finish – Off Press
Application – "
8801,1291,"Number Across Run/Finish –  3/1
Where Finished –  On Press
Length per Roll/Unit – 10'
Core Type –  N/A
Core Width – N/A
Core Label – No
Dividers – 
Bag Size – 
Qty. Per Bag – 50 Each
Box Size –  12 x 12 x 12
Qty. Per Box – 200 Each
Weight/box – 
Box Per Pallet – 
Pallet Type – ","Core  –  N/A
Width – N/A
Number Across Run/FInish –  3/1
Core Label – No
±10% –  Yes
Unwind Dir. Run – N/A
Unwind Dir. Finish –  N/A
Diecut/Continuous/Sheet –  Sheet
Partial Case –  Yes
Pieces per roll/Unit – 50
Length per roll/unit –  10'
Finish – On Press
Application – "
8804,1292,"Number Across Run/Finish –  1/1
Where Finished –  On Press
Length per Roll/Unit – 250'
Core Type –  N/A
Core Width – N/A
Core Label – No
Dividers – 
Bag Size – 
Qty. Per Bag – 50 Each
Box Size –  10 x 10 x 10
Qty. Per Box – 250 Each
Weight/box – 
Box Per Pallet – 
Pallet Type – ","Core  –  N/A
Width – N/A
Number Across Run/FInish –  1/1
Core Label – No
±10% –  Yes
Unwind Dir. Run – N/A
Unwind Dir. Finish –  N/A
Diecut/Continuous/Sheet –  Sheet
Partial Case –  Yes
Pieces per roll/Unit – 125
Length per roll/unit –  250'
Finish – On Press
Application – "
8815,1293,"Number Across Run/Finish –  7/1
Where Finished –  On Press
Length per Roll/Unit – 21'
Core Type –  3"" Paper 1/8"" Strouse Brown
Core Width – 3.15""
Core Label – Yes
Dividers – 
Bag Size – 
Qty. Per Bag – 1 Roll
Box Size –  12 x 12 x 12
Qty. Per Box – 5 M
Weight/box – 
Box Per Pallet – 
Pallet Type – ","Core  –  3"" Paper 1/8"" Strouse Brown
Width – 3.15""
Number Across Run/FInish –  7/1
Core Label – Yes
±10% –  Yes
Unwind Dir. Run – Parts Out
Unwind Dir. Finish –  Parts Out
Diecut/Continuous/Sheet –  Die Cut
Partial Case –  Yes
Pieces per roll/Unit – 500
Length per roll/unit –  21'
Finish – On Press
Application – "
8816,1294,"Number Across Run/Finish –  3/1
Where Finished –  On Press
Length per Roll/Unit – 776'
Core Type –  3"" Plastic 0.10"" HDPE
Core Width – 38.1 mm
Core Label – Yes
Dividers – Lexmark style
Bag Size – 
Qty. Per Bag – 1 Roll
Box Size –  12 x 12 x 12
Qty. Per Box – 100 M
Weight/box – 13
Box Per Pallet – 
Pallet Type – ","Core  –  3"" Plastic 0.10"" HDPE
Width – 38.1 mm
Number Across Run/FInish –  3/1
Core Label – Yes
±10% –  Yes
Unwind Dir. Run – See note
Unwind Dir. Finish –  See note
Diecut/Continuous/Sheet –  Die Cut
Partial Case –  Yes
Pieces per roll/Unit – 12,500
Length per roll/unit –  776'
Finish – On Press
Application – "
8821,1295,"Number Across Run/Finish –  2/1
Where Finished –  On Press
Length per Roll/Unit – 20'
Core Type –  N/A
Core Width – N/A
Core Label – No
Dividers – 
Bag Size – 
Qty. Per Bag – 50 Each
Box Size –  14 x 14 x 8
Qty. Per Box – 3,500 Each
Weight/box – 
Box Per Pallet – 
Pallet Type – ","Core  –  N/A
Width – N/A
Number Across Run/FInish –  2/1
Core Label – No
±10% –  Yes
Unwind Dir. Run – N/A
Unwind Dir. Finish –  N/A
Diecut/Continuous/Sheet –  Die Cut Sheet
Partial Case –  Yes
Pieces per roll/Unit – 50
Length per roll/unit –  20'
Finish – On Press
Application – "
8826,1296,"Number Across Run/Finish –  2/1
Where Finished –  On Press
Length per Roll/Unit – 600'
Core Type –  N/A
Core Width – N/A
Core Label – No
Dividers – 12 x 12
Bag Size – 
Qty. Per Bag – 
Box Size –  12 x 12 x 4
Qty. Per Box – 5 M
Weight/box – 
Box Per Pallet – 54
Pallet Type – ","Core  –  N/A
Width – N/A
Number Across Run/FInish –  2/1
Core Label – No
±10% –  Yes
Unwind Dir. Run – N/A
Unwind Dir. Finish –  N/A
Diecut/Continuous/Sheet –  Die Cut Sheet
Partial Case –  No
Pieces per roll/Unit – 5,000
Length per roll/unit –  600'
Finish – On Press
Application – "
8831,1297,"Number Across Run/Finish –  7/1
Where Finished –  On Press
Length per Roll/Unit – 4'
Core Type –  N/A
Core Width – N/A
Core Label – No
Dividers – 
Bag Size – 
Qty. Per Bag – 100 Each
Box Size –  12 x 12 x 4
Qty. Per Box – 600 Each
Weight/box – 
Box Per Pallet – 
Pallet Type – ","Core  –  N/A
Width – N/A
Number Across Run/FInish –  7/1
Core Label – No
±10% –  Yes
Unwind Dir. Run – N/A
Unwind Dir. Finish –  N/A
Diecut/Continuous/Sheet –  Sheet
Partial Case –  Yes
Pieces per roll/Unit – 100
Length per roll/unit –  4'
Finish – On Press
Application – "
8833,1298,"Number Across Run/Finish –  1/1
Where Finished –  On Press
Length per Roll/Unit – 167'
Core Type –  N/A
Core Width – N/A
Core Label – No
Dividers – 
Bag Size – 
Qty. Per Bag – 1 M
Box Size –  12 x 12 x 4
Qty. Per Box – 2 M
Weight/box – 
Box Per Pallet – 
Pallet Type – ","Core  –  N/A
Width – N/A
Number Across Run/FInish –  1/1
Core Label – No
±10% –  Yes
Unwind Dir. Run – N/A
Unwind Dir. Finish –  N/A
Diecut/Continuous/Sheet –  Sheet
Partial Case –  Yes
Pieces per roll/Unit – 1,000
Length per roll/unit –  167'
Finish – On Press
Application – "
8834,1299,"Number Across Run/Finish –  1/1
Where Finished –  On Press
Length per Roll/Unit – N/A
Core Type –  N/A
Core Width – N/A
Core Label – No
Dividers – 
Bag Size – 
Qty. Per Bag – 0.25 M
Box Size –  12 x 12 x 4
Qty. Per Box –  M
Weight/box – 
Box Per Pallet – 
Pallet Type – ","Core  –  N/A
Width – N/A
Number Across Run/FInish –  1/1
Core Label – No
±10% –  Yes
Unwind Dir. Run – N/A
Unwind Dir. Finish –  N/A
Diecut/Continuous/Sheet –  Die Cut Sheet
Partial Case –  Yes
Pieces per roll/Unit – 250
Length per roll/unit –  N/A
Finish – On Press
Application – "
8835,1300,"Number Across Run/Finish –  9/1
Where Finished –  On Press
Length per Roll/Unit – 1 Sheets
Core Type –  N/A
Core Width – N/A
Core Label – No
Dividers – 
Bag Size – 
Qty. Per Bag – 250 Each
Box Size –  16.5 x 16.5 x 8
Qty. Per Box – 250 Each
Weight/box – 
Box Per Pallet – 
Pallet Type – ","Core  –  N/A
Width – N/A
Number Across Run/FInish –  9/1
Core Label – No
±10% –  Yes
Unwind Dir. Run – N/A
Unwind Dir. Finish –  N/A
Diecut/Continuous/Sheet –  Sheet
Partial Case –  Yes
Pieces per roll/Unit – 250
Length per roll/unit –  1 Sheets
Finish – On Press
Application – "
8837,1301,"Number Across Run/Finish –  3/3
Where Finished –  Web Techniques
Length per Roll/Unit – 46'
Core Type –  3"" Paper 1/8"" Strouse Brown
Core Width – 3""
Core Label – Yes
Dividers – 
Bag Size – 
Qty. Per Bag – 1.2 M
Box Size –  
Qty. Per Box – 10 M
Weight/box – 
Box Per Pallet – 
Pallet Type – ","Core  –  3"" Paper 1/8"" Strouse Brown
Width – 3""
Number Across Run/FInish –  3/3
Core Label – Yes
±10% –  Yes
Unwind Dir. Run – N/A
Unwind Dir. Finish –  Parts Out
Diecut/Continuous/Sheet –  Die Cut
Partial Case –  Yes
Pieces per roll/Unit – 1,200
Length per roll/unit –  46'
Finish – Web Techniques
Application – "
8839,1302,"Number Across Run/Finish –  2/1
Where Finished –  On Press
Length per Roll/Unit – 168'
Core Type –  N/A
Core Width – N/A
Core Label – No
Dividers – 
Bag Size – 
Qty. Per Bag – 4 M
Box Size –  6 x 6 x 6
Qty. Per Box – 4 M
Weight/box – 6
Box Per Pallet – 
Pallet Type – ","Core  –  N/A
Width – N/A
Number Across Run/FInish –  2/1
Core Label – No
±10% –  Ask
Unwind Dir. Run – N/A
Unwind Dir. Finish –  N/A
Diecut/Continuous/Sheet –  Sheet
Partial Case –  Yes
Pieces per roll/Unit – 4,000
Length per roll/unit –  168'
Finish – On Press
Application – "
8841,1303,"Number Across Run/Finish –  4/1
Where Finished –  On Press
Length per Roll/Unit – 82'
Core Type –  CSM Spool
Core Width – 6.10 mm
Core Label – Yes
Dividers – 
Bag Size – 
Qty. Per Bag – 4.5 M
Box Size –  16 x 16 x 10-1/4
Qty. Per Box – 14 M
Weight/box – 
Box Per Pallet – 
Pallet Type – ","Core  –  CSM Spool
Width – 6.10 mm
Number Across Run/FInish –  4/1
Core Label – Yes
±10% –  Yes
Unwind Dir. Run – Parts Out
Unwind Dir. Finish –  Parts Out
Diecut/Continuous/Sheet –  Die Cut
Partial Case –  Yes
Pieces per roll/Unit – 4,500
Length per roll/unit –  82'
Finish – On Press
Application – "
8842,1304,"Number Across Run/Finish –  3/1
Where Finished –  Off Press
Length per Roll/Unit – 260'
Core Type –  6"" plastic, 0.155"" PP
Core Width – 1.5""
Core Label – Yes
Dividers – Special
Bag Size – 
Qty. Per Bag – 1 Roll
Box Size –  16 x 16 x 10-1/4
Qty. Per Box – 10 M
Weight/box – 
Box Per Pallet – 
Pallet Type – ","Core  –  6"" plastic, 0.155"" PP
Width – 1.5""
Number Across Run/FInish –  3/1
Core Label – Yes
±10% –  Yes
Unwind Dir. Run – Parts Out
Unwind Dir. Finish –  See Drawing
Diecut/Continuous/Sheet –  Die Cut
Partial Case –  Yes
Pieces per roll/Unit – 2,000
Length per roll/unit –  260'
Finish – Off Press
Application – "
8843,1305,"Number Across Run/Finish –  3/1
Where Finished –  Off Press
Length per Roll/Unit – 260'
Core Type –  6"" plastic, 0.155"" PP
Core Width – 1.5""
Core Label – Yes
Dividers – Special
Bag Size – 
Qty. Per Bag – 1 Roll
Box Size –  16 x 16 x 10-1/4
Qty. Per Box – 10 M
Weight/box – 
Box Per Pallet – 
Pallet Type – ","Core  –  6"" plastic, 0.155"" PP
Width – 1.5""
Number Across Run/FInish –  3/1
Core Label – Yes
±10% –  Yes
Unwind Dir. Run – Parts Out
Unwind Dir. Finish –  See Drawing
Diecut/Continuous/Sheet –  Die Cut
Partial Case –  Yes
Pieces per roll/Unit – 2,000
Length per roll/unit –  260'
Finish – Off Press
Application – "
8844,1306,"Number Across Run/Finish –  3/1
Where Finished –  Off Press
Length per Roll/Unit – 260'
Core Type –  6"" plastic, 0.155"" PP
Core Width – 1.5""
Core Label – Yes
Dividers – Special
Bag Size – 
Qty. Per Bag – 1 Roll
Box Size –  16 x 16 x 10-1/4
Qty. Per Box – 10 M
Weight/box – 
Box Per Pallet – 
Pallet Type – ","Core  –  6"" plastic, 0.155"" PP
Width – 1.5""
Number Across Run/FInish –  3/1
Core Label – Yes
±10% –  Yes
Unwind Dir. Run – Parts Out
Unwind Dir. Finish –  See Drawing
Diecut/Continuous/Sheet –  Die Cut
Partial Case –  Yes
Pieces per roll/Unit – 2,000
Length per roll/unit –  260'
Finish – Off Press
Application – "
8845,1307,"Number Across Run/Finish –  3/1
Where Finished –  Off Press
Length per Roll/Unit – 260'
Core Type –  6"" plastic, 0.155"" PP
Core Width – 1.5""
Core Label – Yes
Dividers – Special
Bag Size – 
Qty. Per Bag – 1 Roll
Box Size –  12 x 12 x 4
Qty. Per Box – 10 M
Weight/box – 
Box Per Pallet – 
Pallet Type – ","Core  –  6"" plastic, 0.155"" PP
Width – 1.5""
Number Across Run/FInish –  3/1
Core Label – Yes
±10% –  Yes
Unwind Dir. Run – Parts Out
Unwind Dir. Finish –  See Drawing
Diecut/Continuous/Sheet –  Die Cut
Partial Case –  Yes
Pieces per roll/Unit – 2,000
Length per roll/unit –  260'
Finish – Off Press
Application – "
8846,1308,"Number Across Run/Finish –  20/1
Where Finished –  On Press
Length per Roll/Unit – 3'
Core Type –  N/A
Core Width – N/A
Core Label – No
Dividers – 
Bag Size – 
Qty. Per Bag – 100 Each
Box Size –  12 x 12 x 4
Qty. Per Box – 500 Each
Weight/box – 
Box Per Pallet – 
Pallet Type – ","Core  –  N/A
Width – N/A
Number Across Run/FInish –  20/1
Core Label – No
±10% –  Yes
Unwind Dir. Run – N/A
Unwind Dir. Finish –  N/A
Diecut/Continuous/Sheet –  Sheet
Partial Case –  Yes
Pieces per roll/Unit – 500
Length per roll/unit –  3'
Finish – On Press
Application – "
8847,1309,"Number Across Run/Finish –  4/1
Where Finished –  On Press
Length per Roll/Unit – 7'
Core Type –  N/A
Core Width – N/A
Core Label – No
Dividers – 
Bag Size – 
Qty. Per Bag – 50 Each
Box Size –  12 x 12 x 10
Qty. Per Box – 100 Each
Weight/box – 
Box Per Pallet – 
Pallet Type – ","Core  –  N/A
Width – N/A
Number Across Run/FInish –  4/1
Core Label – No
±10% –  Yes
Unwind Dir. Run – N/A
Unwind Dir. Finish –  N/A
Diecut/Continuous/Sheet –  Sheet
Partial Case –  Yes
Pieces per roll/Unit – 50
Length per roll/unit –  7'
Finish – On Press
Application – "
8848,1310,"Number Across Run/Finish –  4/1
Where Finished –  Web Techniques
Length per Roll/Unit – 521'
Core Type –  3"" Paper 1/8"" Strouse Brown
Core Width – 0.815""
Core Label – Yes
Dividers – Lexmark Style
Bag Size – 
Qty. Per Bag – 1 Rolls
Box Size –  14 x 14 x 14
Qty. Per Box – 100 M
Weight/box – 
Box Per Pallet – 
Pallet Type – ","Core  –  3"" Paper 1/8"" Strouse Brown
Width – 0.815""
Number Across Run/FInish –  4/1
Core Label – Yes
±10% –  Yes
Unwind Dir. Run – 4
Unwind Dir. Finish –  3
Diecut/Continuous/Sheet –  Die Cut
Partial Case –  Yes
Pieces per roll/Unit – 10,000
Length per roll/unit –  521'
Finish – Web Techniques
Application – "
8849,1311,"Number Across Run/Finish –  2/1
Where Finished –  On Press
Length per Roll/Unit – 1,000'
Core Type –  3"" Paper 3/8"" Brown Brown
Core Width – 4""
Core Label – Yes
Dividers – 
Bag Size – 
Qty. Per Bag – 3 Rolls
Box Size –  12 x 12 x 12
Qty. Per Box – 3 M/Ft
Weight/box – 
Box Per Pallet – 
Pallet Type – ","Core  –  3"" Paper 3/8"" Brown Brown
Width – 4""
Number Across Run/FInish –  2/1
Core Label – Yes
±10% –  Yes
Unwind Dir. Run – Foil Out
Unwind Dir. Finish –  Foil Out
Diecut/Continuous/Sheet –  Continuous
Partial Case –  Yes
Pieces per roll/Unit – 1 Roll
Length per roll/unit –  1,000'
Finish – On Press
Application – "
8853,1312,"Number Across Run/Finish –  14/1
Where Finished –  On Press
Length per Roll/Unit – 25'
Core Type –  N/A
Core Width – N/A
Core Label – No
Dividers – 
Bag Size – 
Qty. Per Bag – 
Box Size –  48 x 6 x 6
Qty. Per Box – 25 Each
Weight/box – 
Box Per Pallet – 
Pallet Type – ","Core  –  N/A
Width – N/A
Number Across Run/FInish –  14/1
Core Label – No
±10% –  Yes
Unwind Dir. Run – N/A
Unwind Dir. Finish –  N/A
Diecut/Continuous/Sheet –  Sheet
Partial Case –  Yes
Pieces per roll/Unit – 50
Length per roll/unit –  25'
Finish – On Press
Application – "
8854,1313,"Number Across Run/Finish –  8/1
Where Finished –  On Press
Length per Roll/Unit – 50'
Core Type –  N/A
Core Width – N/A
Core Label – No
Dividers – 
Bag Size – 
Qty. Per Bag – 
Box Size –  16 x 16 x 10-1/4
Qty. Per Box – 25 Each
Weight/box – 
Box Per Pallet – 
Pallet Type – ","Core  –  N/A
Width – N/A
Number Across Run/FInish –  8/1
Core Label – No
±10% –  Yes
Unwind Dir. Run – N/A
Unwind Dir. Finish –  N/A
Diecut/Continuous/Sheet –  Sheet
Partial Case –  Yes
Pieces per roll/Unit – 50
Length per roll/unit –  50'
Finish – On Press
Application – "
8856,1314,"Number Across Run/Finish –  4/1
Where Finished –  On Press
Length per Roll/Unit – 58'
Core Type –  N/A
Core Width – N/A
Core Label – No
Dividers – 
Bag Size – 
Qty. Per Bag – 170 Each
Box Size –  10 x 10 x 10
Qty. Per Box – 170 Each
Weight/box – 
Box Per Pallet – 
Pallet Type – ","Core  –  N/A
Width – N/A
Number Across Run/FInish –  4/1
Core Label – No
±10% –  No
Unwind Dir. Run – N/A
Unwind Dir. Finish –  N/A
Diecut/Continuous/Sheet –  Sheet
Partial Case –  Yes
Pieces per roll/Unit – 170
Length per roll/unit –  58'
Finish – On Press
Application – "
8861,1315,"Number Across Run/Finish –  9/9
Where Finished –  On Press
Length per Roll/Unit – 116'
Core Type –  3"" Paper 1/8"" Strouse Brown
Core Width – 5""
Core Label – Yes
Dividers – 
Bag Size – 
Qty. Per Bag – 25 M
Box Size –  18 x 18 x 8
Qty. Per Box – 50 M
Weight/box – 
Box Per Pallet – 
Pallet Type – ","Core  –  3"" Paper 1/8"" Strouse Brown
Width – 5""
Number Across Run/FInish –  9/9
Core Label – Yes
±10% –  Yes
Unwind Dir. Run – Parts Out
Unwind Dir. Finish –  Parts Out
Diecut/Continuous/Sheet –  Die Cut
Partial Case –  Yes
Pieces per roll/Unit – 25,000
Length per roll/unit –  116'
Finish – On Press
Application – "
8862,1316,"Number Across Run/Finish –  1/1
Where Finished –  On Press
Length per Roll/Unit – 314'
Core Type –  6"" Paper 3/8"" Brown Brown
Core Width – 3""
Core Label – Yes
Dividers – 
Bag Size – 
Qty. Per Bag – 1 Roll
Box Size –  14 x 14 x 4
Qty. Per Box – 2 M
Weight/box – 
Box Per Pallet – 
Pallet Type – ","Core  –  6"" Paper 3/8"" Brown Brown
Width – 3""
Number Across Run/FInish –  1/1
Core Label – Yes
±10% –  Yes
Unwind Dir. Run – Parts Out
Unwind Dir. Finish –  Parts Out
Diecut/Continuous/Sheet –  Die Cut
Partial Case –  Yes
Pieces per roll/Unit – 835
Length per roll/unit –  314'
Finish – On Press
Application – "
8866,1317,"Number Across Run/Finish –  4/1
Where Finished –  On Press
Length per Roll/Unit – 19,500
Core Type –  CSM Special
Core Width – 17 mm
Core Label – Yes - See note
Dividers – See notes
Bag Size – 
Qty. Per Bag – 4 Rolls
Box Size –  12 x 12 x 12
Qty. Per Box – 4 Rolls
Weight/box – 
Box Per Pallet – 
Pallet Type – ","Core  –  CSM Special
Width – 17 mm
Number Across Run/FInish –  4/1
Core Label – Yes - See note
±10% –  Yes
Unwind Dir. Run – Gold Out
Unwind Dir. Finish –  Gold Out
Diecut/Continuous/Sheet –  Continuous
Partial Case –  Yes
Pieces per roll/Unit – 1 Roll
Length per roll/unit –  19,500
Finish – On Press
Application – "
8867,1318,"Number Across Run/Finish –  2/1
Where Finished –  On Press
Length per Roll/Unit – 2'
Core Type –  N/A
Core Width – N/A
Core Label – No
Dividers – 
Bag Size – 
Qty. Per Bag – 25 Each
Box Size –  12 x 12 x 13
Qty. Per Box – 350 Each
Weight/box – 
Box Per Pallet – 
Pallet Type – ","Core  –  N/A
Width – N/A
Number Across Run/FInish –  2/1
Core Label – No
±10% –  Yes
Unwind Dir. Run – N/A
Unwind Dir. Finish –  N/A
Diecut/Continuous/Sheet –  Die Cut Sheet
Partial Case –  Yes
Pieces per roll/Unit – 25
Length per roll/unit –  2'
Finish – On Press
Application – "
8869,1319,"Number Across Run/Finish –  4/1
Where Finished –  Off Press
Length per Roll/Unit – 533'
Core Type –  3"" Plastic 0.10"" HDPE
Core Width – 37.1 mm
Core Label – Yes
Dividers – Lexmark style
Bag Size – 
Qty. Per Bag – 1 Roll
Box Size –  12 x 12 x 13
Qty. Per Box – 100 M
Weight/box – 
Box Per Pallet – 
Pallet Type – ","Core  –  3"" Plastic 0.10"" HDPE
Width – 37.1 mm
Number Across Run/FInish –  4/1
Core Label – Yes
±10% –  Yes
Unwind Dir. Run – See Drawing
Unwind Dir. Finish –  See Drawing
Diecut/Continuous/Sheet –  Die Cut
Partial Case –  Yes
Pieces per roll/Unit – 12,500
Length per roll/unit –  533'
Finish – Off Press
Application – "
8870,1320,"Number Across Run/Finish –  4/1
Where Finished –  Off Press
Length per Roll/Unit – 704'
Core Type –  3"" Plastic 0.10"" HDPE
Core Width – .997""
Core Label – Yes
Dividers – Lexmark style
Bag Size – 
Qty. Per Bag – 1 Rolls
Box Size –  12 x 12 x 10
Qty. Per Box – 3 
Weight/box – 
Box Per Pallet – 
Pallet Type – ","Core  –  3"" Plastic 0.10"" HDPE
Width – .997""
Number Across Run/FInish –  4/1
Core Label – Yes
±10% –  Yes
Unwind Dir. Run – See Drawing
Unwind Dir. Finish –  See Drawing
Diecut/Continuous/Sheet –  Die Cut
Partial Case –  Yes
Pieces per roll/Unit – 12,500
Length per roll/unit –  704'
Finish – Off Press
Application – "
8871,1321,"Number Across Run/Finish –  1/1
Where Finished –  On Press
Length per Roll/Unit – 153'
Core Type –  3"" Paper 1/8"" Strouse Brown
Core Width – 3""
Core Label – Yes
Dividers – 
Bag Size – 
Qty. Per Bag – 3 M
Box Size –  12 x 12 x 10
Qty. Per Box – 12 M
Weight/box – 
Box Per Pallet – 
Pallet Type – ","Core  –  3"" Paper 1/8"" Strouse Brown
Width – 3""
Number Across Run/FInish –  1/1
Core Label – Yes
±10% –  Yes
Unwind Dir. Run – Parts Out
Unwind Dir. Finish –  Parts Out
Diecut/Continuous/Sheet –  Die Cut
Partial Case –  Yes
Pieces per roll/Unit – 1,000
Length per roll/unit –  153'
Finish – On Press
Application – "
8872,1322,"Number Across Run/Finish –  1/1
Where Finished –  On Press
Length per Roll/Unit – 153'
Core Type –  3"" Paper 1/8"" Strouse Brown
Core Width – 5""
Core Label – Yes
Dividers – 
Bag Size – 
Qty. Per Bag – 2 M
Box Size –  16 x 16 x 10-1/4
Qty. Per Box – 8 M
Weight/box – 
Box Per Pallet – 
Pallet Type – ","Core  –  3"" Paper 1/8"" Strouse Brown
Width – 5""
Number Across Run/FInish –  1/1
Core Label – Yes
±10% –  Yes
Unwind Dir. Run – Parts Out
Unwind Dir. Finish –  Parts Out
Diecut/Continuous/Sheet –  Die Cut
Partial Case –  Yes
Pieces per roll/Unit – 1,000
Length per roll/unit –  153'
Finish – On Press
Application – "
8875,1323,"Number Across Run/Finish –  1/1
Where Finished –  On Press
Length per Roll/Unit – 130'
Core Type –  3"" Paper 1/8"" White Brown
Core Width – 2.5""
Core Label – Yes
Dividers – 
Bag Size – 
Qty. Per Bag – 775 Each
Box Size –  10 x 10 x 10 3/8
Qty. Per Box – 4 Rolls
Weight/box – 
Box Per Pallet – 
Pallet Type – ","Core  –  3"" Paper 1/8"" White Brown
Width – 2.5""
Number Across Run/FInish –  1/1
Core Label – Yes
±10% –  Yes
Unwind Dir. Run – Parts Out
Unwind Dir. Finish –  Parts Out
Diecut/Continuous/Sheet –  Die Cut
Partial Case –  Yes
Pieces per roll/Unit – 775
Length per roll/unit –  130'
Finish – On Press
Application – "
8884,1324,"Number Across Run/Finish –  1/1
Where Finished –  On Press
Length per Roll/Unit – 210 Yd
Core Type –  3"" Paper 1/8"" Strouse Brown
Core Width – 63 mm
Core Label – Yes
Dividers – See Note
Bag Size – 
Qty. Per Bag – 5 M
Box Size –  10 x 10 x 10
Qty. Per Box – 25 M
Weight/box – 
Box Per Pallet – 
Pallet Type – ","Core  –  3"" Paper 1/8"" Strouse Brown
Width – 63 mm
Number Across Run/FInish –  1/1
Core Label – Yes
±10% –  Yes
Unwind Dir. Run – See Note
Unwind Dir. Finish –  See Note
Diecut/Continuous/Sheet –  Die Cut
Partial Case –  Yes
Pieces per roll/Unit – 5,000
Length per roll/unit –  210 Yd
Finish – On Press
Application – "
8888,1325,"Number Across Run/Finish –  1/1
Where Finished –  On Press
Length per Roll/Unit – 306'
Core Type –  3"" Paper 1/8"" Strouse Brown
Core Width – 2""
Core Label – Yes
Dividers – 
Bag Size – 
Qty. Per Bag – 
Box Size –  12 x 12 x 10
Qty. Per Box – 2 M
Weight/box – 
Box Per Pallet – 
Pallet Type – ","Core  –  3"" Paper 1/8"" Strouse Brown
Width – 2""
Number Across Run/FInish –  1/1
Core Label – Yes
±10% –  Yes
Unwind Dir. Run – Parts Out
Unwind Dir. Finish –  Parts Out
Diecut/Continuous/Sheet –  Die Cut
Partial Case –  Yes
Pieces per roll/Unit – 2,000
Length per roll/unit –  306'
Finish – On Press
Application – "
8891,1326,"Number Across Run/Finish –  1/1
Where Finished –  On Press
Length per Roll/Unit – 198'
Core Type –  N/A
Core Width – N/A
Core Label – Yes - on bag
Dividers – N/A
Bag Size – 
Qty. Per Bag – 1.5 M
Box Size –  12 x 12 x 10
Qty. Per Box – 9 M
Weight/box – 
Box Per Pallet – 
Pallet Type – ","Core  –  N/A
Width – N/A
Number Across Run/FInish –  1/1
Core Label – Yes - on bag
±10% –  Yes
Unwind Dir. Run – N/A
Unwind Dir. Finish –  N/A
Diecut/Continuous/Sheet –  Die Cut Sheet
Partial Case –  Yes
Pieces per roll/Unit – 1,500
Length per roll/unit –  198'
Finish – On Press
Application – "
8892,1327,"Number Across Run/Finish –  1/1
Where Finished –  On Press
Length per Roll/Unit – 198'
Core Type –  N/A
Core Width – N/A
Core Label – Yes - on bag
Dividers – N/A
Bag Size – 
Qty. Per Bag – 1.5 M
Box Size –  12 x 12 x 4
Qty. Per Box – 9 M
Weight/box – 
Box Per Pallet – 
Pallet Type – ","Core  –  N/A
Width – N/A
Number Across Run/FInish –  1/1
Core Label – Yes - on bag
±10% –  Yes
Unwind Dir. Run – N/A
Unwind Dir. Finish –  N/A
Diecut/Continuous/Sheet –  Die Cut Sheet
Partial Case –  Yes
Pieces per roll/Unit – 1,500
Length per roll/unit –  198'
Finish – On Press
Application – "
8893,1328,"Number Across Run/Finish –  1/1
Where Finished –  On Press
Length per Roll/Unit – 112'
Core Type –  CSM Spool
Core Width – 0.22""
Core Label – Yes
Dividers – 
Bag Size – 
Qty. Per Bag – 2.4 M
Box Size –  10 x 10 x 10
Qty. Per Box – 24 Rolls
Weight/box – 
Box Per Pallet – 
Pallet Type – ","Core  –  CSM Spool
Width – 0.22""
Number Across Run/FInish –  1/1
Core Label – Yes
±10% –  Yes
Unwind Dir. Run – Parts In
Unwind Dir. Finish –  Parts In
Diecut/Continuous/Sheet –  Die Cut
Partial Case –  Yes
Pieces per roll/Unit – 2,410
Length per roll/unit –  112'
Finish – On Press
Application – "
8897,1329,"Number Across Run/Finish –  3/3
Where Finished –  On Press
Length per Roll/Unit – 197'
Core Type –  3"" Paper 1/8"" Strouse Brown
Core Width – 5.64""
Core Label – Yes
Dividers – 
Bag Size – 
Qty. Per Bag – 1 M
Box Size –  16 x 16 x 10-1/4
Qty. Per Box – 1 M
Weight/box – 
Box Per Pallet – 
Pallet Type – ","Core  –  3"" Paper 1/8"" Strouse Brown
Width – 5.64""
Number Across Run/FInish –  3/3
Core Label – Yes
±10% –  Yes
Unwind Dir. Run – Parts Out
Unwind Dir. Finish –  Parts Out
Diecut/Continuous/Sheet –  Die Cut
Partial Case –  Yes
Pieces per roll/Unit – 5,000
Length per roll/unit –  197'
Finish – On Press
Application – "
8898,1330,"Number Across Run/Finish –  3/1
Where Finished –  Off Press
Length per Roll/Unit – 254'
Core Type –  6"" plastic, 0.155"" PP
Core Width – 1.5""
Core Label – Yes
Dividers – Special
Bag Size – 
Qty. Per Bag – 1 Roll
Box Size –  16 x 16 x 10-1/4
Qty. Per Box – 13 M
Weight/box – 
Box Per Pallet – 
Pallet Type – ","Core  –  6"" plastic, 0.155"" PP
Width – 1.5""
Number Across Run/FInish –  3/1
Core Label – Yes
±10% –  Yes
Unwind Dir. Run – Parts Out
Unwind Dir. Finish –  See Drawing
Diecut/Continuous/Sheet –  Die Cut
Partial Case –  Yes
Pieces per roll/Unit – 2,600
Length per roll/unit –  254'
Finish – Off Press
Application – "
8899,1331,"Number Across Run/Finish –  3/1
Where Finished –  Off Press
Length per Roll/Unit – 254'
Core Type –  6"" plastic, 0.155"" PP
Core Width – 1.5""
Core Label – Yes
Dividers – Special
Bag Size – 
Qty. Per Bag – 1 Roll
Box Size –  12 x 12 x 4
Qty. Per Box – 13 M
Weight/box – 
Box Per Pallet – 
Pallet Type – ","Core  –  6"" plastic, 0.155"" PP
Width – 1.5""
Number Across Run/FInish –  3/1
Core Label – Yes
±10% –  Yes
Unwind Dir. Run – Parts Out
Unwind Dir. Finish –  See Drawing
Diecut/Continuous/Sheet –  Die Cut
Partial Case –  Yes
Pieces per roll/Unit – 2,600
Length per roll/unit –  254'
Finish – Off Press
Application – "
8901,1332,"Number Across Run/Finish –  1/1
Where Finished –  On Press
Length per Roll/Unit – 47'
Core Type –  3"" Paper 1/8"" Strouse Brown
Core Width – 1.50""
Core Label – Yes
Dividers – 
Bag Size – 
Qty. Per Bag – 1 Rolls
Box Size –  10 x 10 x 10 3/8
Qty. Per Box – 1 M
Weight/box – 
Box Per Pallet – 
Pallet Type – ","Core  –  3"" Paper 1/8"" Strouse Brown
Width – 1.50""
Number Across Run/FInish –  1/1
Core Label – Yes
±10% –  Yes
Unwind Dir. Run – Parts Out
Unwind Dir. Finish –  Parts Out
Diecut/Continuous/Sheet –  Die Cut
Partial Case –  Yes
Pieces per roll/Unit – 500
Length per roll/unit –  47'
Finish – On Press
Application – "
8909,1333,"Number Across Run/Finish –  1/1
Where Finished –  Off Press
Length per Roll/Unit – 7'
Core Type –  N/A
Core Width – N/A
Core Label – Yes - on bag
Dividers – 
Bag Size – 
Qty. Per Bag – 30 Each
Box Size –  16 x 16 x 10-1/4
Qty. Per Box – 9 M
Weight/box – 
Box Per Pallet – 
Pallet Type – ","Core  –  N/A
Width – N/A
Number Across Run/FInish –  1/1
Core Label – Yes - on bag
±10% –  Yes
Unwind Dir. Run – N/A
Unwind Dir. Finish –  N/A
Diecut/Continuous/Sheet –  Sheet
Partial Case –  Yes
Pieces per roll/Unit – 30
Length per roll/unit –  7'
Finish – Off Press
Application – "
8910,1334,"Number Across Run/Finish –  1/1
Where Finished –  Off Press
Length per Roll/Unit – 
Core Type –  N/A
Core Width – N/A
Core Label – Yes - on bag
Dividers – 16 x 16 See note
Bag Size – 
Qty. Per Bag – 
Box Size –  11 x 11 x 14
Qty. Per Box – See note 
Weight/box – 
Box Per Pallet – 
Pallet Type – ","Core  –  N/A
Width – N/A
Number Across Run/FInish –  1/1
Core Label – Yes - on bag
±10% –  Yes
Unwind Dir. Run – N/A
Unwind Dir. Finish –  N/A
Diecut/Continuous/Sheet –  Sheet
Partial Case –  Yes
Pieces per roll/Unit – 100
Length per roll/unit –  
Finish – Off Press
Application – "
8914,1335,"Number Across Run/Finish –  1/1
Where Finished –  On Press
Length per Roll/Unit – 176'
Core Type –  6"" plastic, 0.155"" PP
Core Width – 91 mm
Core Label – Yes
Dividers – 
Bag Size – 
Qty. Per Bag – 1 Roll
Box Size –  12 x 12 x 12
Qty. Per Box – 2 M
Weight/box – 
Box Per Pallet – 
Pallet Type – ","Core  –  6"" plastic, 0.155"" PP
Width – 91 mm
Number Across Run/FInish –  1/1
Core Label – Yes
±10% –  Yes
Unwind Dir. Run – See Drawing
Unwind Dir. Finish –  See Drawing
Diecut/Continuous/Sheet –  Die Cut
Partial Case –  Yes
Pieces per roll/Unit – 500
Length per roll/unit –  176'
Finish – On Press
Application – "
8915,1336,"Number Across Run/Finish –  1/1
Where Finished –  On Press
Length per Roll/Unit – 277'
Core Type –  6"" plastic, 0.155"" PP
Core Width – 97.8 mm
Core Label – Yes
Dividers – 
Bag Size – 
Qty. Per Bag – 1 Roll
Box Size –  10 x 10 x 10
Qty. Per Box – 2 M
Weight/box – 
Box Per Pallet – 
Pallet Type – ","Core  –  6"" plastic, 0.155"" PP
Width – 97.8 mm
Number Across Run/FInish –  1/1
Core Label – Yes
±10% –  Yes
Unwind Dir. Run – See Drawing
Unwind Dir. Finish –  See Drawing
Diecut/Continuous/Sheet –  Die Cut
Partial Case –  Yes
Pieces per roll/Unit – 500
Length per roll/unit –  277'
Finish – On Press
Application – "
8919,1337,"Number Across Run/Finish –  1/1
Where Finished –  On Press
Length per Roll/Unit – 107'
Core Type –  3"" Paper 1/8"" White Brown
Core Width – 2.5""
Core Label – Yes
Dividers – 
Bag Size – 
Qty. Per Bag – 1 M
Box Size –  8 x 8 x 8
Qty. Per Box – 20 M
Weight/box – 
Box Per Pallet – 
Pallet Type – ","Core  –  3"" Paper 1/8"" White Brown
Width – 2.5""
Number Across Run/FInish –  1/1
Core Label – Yes
±10% –  Yes
Unwind Dir. Run – Parts Out
Unwind Dir. Finish –  Parts Out
Diecut/Continuous/Sheet –  Die Cut
Partial Case –  Yes
Pieces per roll/Unit – 1,000
Length per roll/unit –  107'
Finish – On Press
Application – "
8921,1338,"Number Across Run/Finish –  1/1
Where Finished –  On Press
Length per Roll/Unit – 107'
Core Type –  N/A
Core Width – N/A
Core Label – Yes - on bag
Dividers – 
Bag Size – 
Qty. Per Bag – 500 Each
Box Size –  10 x 10 x 10
Qty. Per Box – 1,000 Each
Weight/box – 
Box Per Pallet – 
Pallet Type – ","Core  –  N/A
Width – N/A
Number Across Run/FInish –  1/1
Core Label – Yes - on bag
±10% –  No
Unwind Dir. Run – N/A
Unwind Dir. Finish –  N/A
Diecut/Continuous/Sheet –  Sheet
Partial Case –  Yes
Pieces per roll/Unit – 500
Length per roll/unit –  107'
Finish – On Press
Application – "
8922,1339,"Number Across Run/Finish –  2/1
Where Finished –  On Press
Length per Roll/Unit – 46'
Core Type –  N/A
Core Width – N/A
Core Label – Yes - on bag
Dividers – 
Bag Size – 
Qty. Per Bag – 500 Each
Box Size –  8 x 8 x 8
Qty. Per Box – 1,000 Each
Weight/box – 
Box Per Pallet – 
Pallet Type – ","Core  –  N/A
Width – N/A
Number Across Run/FInish –  2/1
Core Label – Yes - on bag
±10% –  No
Unwind Dir. Run – N/A
Unwind Dir. Finish –  N/A
Diecut/Continuous/Sheet –  Sheet
Partial Case –  Yes
Pieces per roll/Unit – 500
Length per roll/unit –  46'
Finish – On Press
Application – "
8923,1340,"Number Across Run/Finish –  1/1
Where Finished –  On Press
Length per Roll/Unit – 313'
Core Type –  6"" plastic, 0.155"" PP
Core Width – 2""
Core Label – Yes
Dividers – Polyflute
Bag Size – 
Qty. Per Bag – 1 Roll
Box Size –  12 x 12 x 12
Qty. Per Box – 10 M
Weight/box – 
Box Per Pallet – 
Pallet Type – ","Core  –  6"" plastic, 0.155"" PP
Width – 2""
Number Across Run/FInish –  1/1
Core Label – Yes
±10% –  Yes
Unwind Dir. Run – See Drawing
Unwind Dir. Finish –  See Drawing
Diecut/Continuous/Sheet –  Die Cut
Partial Case –  Yes
Pieces per roll/Unit – 2,500
Length per roll/unit –  313'
Finish – On Press
Application – "
8924,1341,"Number Across Run/Finish –  3/1
Where Finished –  On Press
Length per Roll/Unit – 213'
Core Type –  3"" Paper 1/8"" White Brown
Core Width – 1.5""
Core Label – Yes
Dividers – 
Bag Size – 
Qty. Per Bag – 1.7 M
Box Size –  10 x 10 x 7 1/8
Qty. Per Box – 14 M
Weight/box – 
Box Per Pallet – 
Pallet Type – ","Core  –  3"" Paper 1/8"" White Brown
Width – 1.5""
Number Across Run/FInish –  3/1
Core Label – Yes
±10% –  Yes
Unwind Dir. Run – Parts In
Unwind Dir. Finish –  Parts In
Diecut/Continuous/Sheet –  Die Cut
Partial Case –  Yes
Pieces per roll/Unit – 1,700
Length per roll/unit –  213'
Finish – On Press
Application – "
8938,1342,"Number Across Run/Finish –  4/1
Where Finished –  Off Press
Length per Roll/Unit – 100'
Core Type –  N/A
Core Width – N/A
Core Label – No
Dividers – 
Bag Size – 
Qty. Per Bag – 600 Each
Box Size –  11 x 11 x 8
Qty. Per Box – 600 Each
Weight/box – 
Box Per Pallet – 54
Pallet Type – ","Core  –  N/A
Width – N/A
Number Across Run/FInish –  4/1
Core Label – No
±10% –  Yes
Unwind Dir. Run – N/A
Unwind Dir. Finish –  N/A
Diecut/Continuous/Sheet –  Die Cut Sheet
Partial Case –  No
Pieces per roll/Unit – 600
Length per roll/unit –  100'
Finish – Off Press
Application – "
8939,1343,"Number Across Run/Finish –  1/1
Where Finished –  Off Press
Length per Roll/Unit – 886'
Core Type –  N/A
Core Width – N/A
Core Label – No
Dividers – 
Bag Size – 
Qty. Per Bag – 
Box Size –  12 x 12 x 10
Qty. Per Box – 5 M
Weight/box – 
Box Per Pallet – 
Pallet Type – ","Core  –  N/A
Width – N/A
Number Across Run/FInish –  1/1
Core Label – No
±10% –  Yes
Unwind Dir. Run – N/A
Unwind Dir. Finish –  N/A
Diecut/Continuous/Sheet –  Die Cut
Partial Case –  Yes
Pieces per roll/Unit – 5,000
Length per roll/unit –  886'
Finish – Off Press
Application – "
8942,1344,"Number Across Run/Finish –  1/1
Where Finished –  On Press
Length per Roll/Unit – 150'
Core Type –  N/A
Core Width – N/A
Core Label – Yes - on bag
Dividers – 
Bag Size – 
Qty. Per Bag – 0.1 M
Box Size –  12 x 12 x 4
Qty. Per Box –  M
Weight/box – 
Box Per Pallet – 
Pallet Type – ","Core  –  N/A
Width – N/A
Number Across Run/FInish –  1/1
Core Label – Yes - on bag
±10% –  Yes
Unwind Dir. Run – N/A
Unwind Dir. Finish –  N/A
Diecut/Continuous/Sheet –  Die Cut Sheet
Partial Case –  Yes
Pieces per roll/Unit – 100
Length per roll/unit –  150'
Finish – On Press
Application – "
8944,1345,"Number Across Run/Finish –  3/1
Where Finished –  Off Press
Length per Roll/Unit – 57'
Core Type –  N/A
Core Width – N/A
Core Label – Yes - on bag
Dividers – 
Bag Size – 
Qty. Per Bag – 1.2 M
Box Size –  12 1/2 x 8 1/2 x 12 5/8
Qty. Per Box – 20 M
Weight/box – 
Box Per Pallet – 
Pallet Type – ","Core  –  N/A
Width – N/A
Number Across Run/FInish –  3/1
Core Label – Yes - on bag
±10% –  Yes
Unwind Dir. Run – N/A
Unwind Dir. Finish –  N/A
Diecut/Continuous/Sheet –  Die Cut Sheet
Partial Case –  Yes
Pieces per roll/Unit – 1,200
Length per roll/unit –  57'
Finish – Off Press
Application – "
8946,1346,"Number Across Run/Finish –  1/1
Where Finished –  Off Press
Length per Roll/Unit – 42'
Core Type –  N/A
Core Width – N/A
Core Label – No
Dividers – 
Bag Size – 
Qty. Per Bag – 250 Each
Box Size –  12 x 12 x 10
Qty. Per Box – 6,000 M
Weight/box – 
Box Per Pallet – 
Pallet Type – ","Core  –  N/A
Width – N/A
Number Across Run/FInish –  1/1
Core Label – No
±10% –  Yes
Unwind Dir. Run – N/A
Unwind Dir. Finish –  N/A
Diecut/Continuous/Sheet –  Die Cut Sheet
Partial Case –  Yes
Pieces per roll/Unit – 250
Length per roll/unit –  42'
Finish – Off Press
Application – "
8947,1347,"Number Across Run/Finish –  1/1
Where Finished –  On Press
Length per Roll/Unit – 188'
Core Type –  N/A
Core Width – N/A
Core Label – Yes - on bag
Dividers – 
Bag Size – 
Qty. Per Bag – 250 Each
Box Size –  Custom-folding
Qty. Per Box – 1,000 Each
Weight/box – 
Box Per Pallet – 
Pallet Type – ","Core  –  N/A
Width – N/A
Number Across Run/FInish –  1/1
Core Label – Yes - on bag
±10% –  Yes
Unwind Dir. Run – N/A
Unwind Dir. Finish –  N/A
Diecut/Continuous/Sheet –  Sheet
Partial Case –  Yes
Pieces per roll/Unit – 500
Length per roll/unit –  188'
Finish – On Press
Application – "
8952,1348,"Number Across Run/Finish –  1/1
Where Finished –  On Press
Length per Roll/Unit – 15'
Core Type –  N/A
Core Width – N/A
Core Label – Yes
Dividers – 
Bag Size – 
Qty. Per Bag – 
Box Size –  10 x 10 x 10
Qty. Per Box – 
Weight/box – 
Box Per Pallet – 
Pallet Type – ","Core  –  N/A
Width – N/A
Number Across Run/FInish –  1/1
Core Label – Yes
±10% –  Yes
Unwind Dir. Run – N/A
Unwind Dir. Finish –  N/A
Diecut/Continuous/Sheet –  Die Cut Sheet
Partial Case –  Yes
Pieces per roll/Unit – 25
Length per roll/unit –  15'
Finish – On Press
Application – "
8953,1349,"Number Across Run/Finish –  1/1
Where Finished –  Off Press
Length per Roll/Unit – 17'
Core Type –  N/A
Core Width – N/A
Core Label – No
Dividers – 
Bag Size – 
Qty. Per Bag – 100 Each
Box Size –  12 x 12 x 12
Qty. Per Box – 100 Each
Weight/box – 
Box Per Pallet – 
Pallet Type – ","Core  –  N/A
Width – N/A
Number Across Run/FInish –  1/1
Core Label – No
±10% –  Yes
Unwind Dir. Run – N/A
Unwind Dir. Finish –  N/A
Diecut/Continuous/Sheet –  Sheet
Partial Case –  Yes
Pieces per roll/Unit – 100
Length per roll/unit –  17'
Finish – Off Press
Application – "
8954,1350,"Number Across Run/Finish –  3/1
Where Finished –  Web Techniques
Length per Roll/Unit – 118'
Core Type –  3"" Plastic 0.10"" HDPE
Core Width – 35.26 mm
Core Label – Yes
Dividers – Lexmark Style
Bag Size – 
Qty. Per Bag – 5 M
Box Size –  12 x 12 x 12
Qty. Per Box – 40 M
Weight/box – 
Box Per Pallet – 
Pallet Type – ","Core  –  3"" Plastic 0.10"" HDPE
Width – 35.26 mm
Number Across Run/FInish –  3/1
Core Label – Yes
±10% –  Yes
Unwind Dir. Run – See Drawing
Unwind Dir. Finish –  See Drawing
Diecut/Continuous/Sheet –  Die Cut
Partial Case –  Yes
Pieces per roll/Unit – 5,000
Length per roll/unit –  118'
Finish – Web Techniques
Application – "
8955,1351,"Number Across Run/Finish –  2/1
Where Finished –  Web Techniques
Length per Roll/Unit – 374'
Core Type –  3"" Plastic 0.10"" HDPE
Core Width – 60.32 mm
Core Label – Yes
Dividers – Lexmark Style
Bag Size – 
Qty. Per Bag – 5 M
Box Size –  12 x 12 x 4
Qty. Per Box – 20 M
Weight/box – 
Box Per Pallet – 
Pallet Type – ","Core  –  3"" Plastic 0.10"" HDPE
Width – 60.32 mm
Number Across Run/FInish –  2/1
Core Label – Yes
±10% –  Yes
Unwind Dir. Run – See Drawing
Unwind Dir. Finish –  See Drawing
Diecut/Continuous/Sheet –  Die Cut
Partial Case –  Yes
Pieces per roll/Unit – 5,000
Length per roll/unit –  374'
Finish – Web Techniques
Application – "
8956,1352,"Number Across Run/Finish –  7/1
Where Finished –  On Press
Length per Roll/Unit – 10'
Core Type –  N/A
Core Width – N/A
Core Label – No
Dividers – 
Bag Size – 
Qty. Per Bag – 500 Each
Box Size –  10 x 10 x 10 3/8
Qty. Per Box – 500 Each
Weight/box – 
Box Per Pallet – 
Pallet Type – ","Core  –  N/A
Width – N/A
Number Across Run/FInish –  7/1
Core Label – No
±10% –  Yes
Unwind Dir. Run – N/A
Unwind Dir. Finish –  N/A
Diecut/Continuous/Sheet –  Sheet
Partial Case –  Yes
Pieces per roll/Unit – 500
Length per roll/unit –  10'
Finish – On Press
Application – "
8959,1353,"Number Across Run/Finish –  1/1
Where Finished –  On Press
Length per Roll/Unit – 84'
Core Type –  3"" Paper 1/8"" Strouse Brown
Core Width – 2.5""
Core Label – Yes
Dividers – 
Bag Size – 
Qty. Per Bag – 4 M
Box Size –  10 x 10 x 10
Qty. Per Box – 16 M
Weight/box – 
Box Per Pallet – 
Pallet Type – ","Core  –  3"" Paper 1/8"" Strouse Brown
Width – 2.5""
Number Across Run/FInish –  1/1
Core Label – Yes
±10% –  Yes
Unwind Dir. Run – Parts Out
Unwind Dir. Finish –  Parts Out
Diecut/Continuous/Sheet –  Die Cut
Partial Case –  Yes
Pieces per roll/Unit – 1,000
Length per roll/unit –  84'
Finish – On Press
Application – "
8960,1354,"Number Across Run/Finish –  2/1
Where Finished –  On Press
Length per Roll/Unit – 46'
Core Type –  3"" Paper 1/8"" Strouse Brown
Core Width – 1.438""
Core Label – Yes
Dividers – 
Bag Size – 
Qty. Per Bag – 3 M
Box Size –  
Qty. Per Box – 15 M
Weight/box – 
Box Per Pallet – 
Pallet Type – ","Core  –  3"" Paper 1/8"" Strouse Brown
Width – 1.438""
Number Across Run/FInish –  2/1
Core Label – Yes
±10% –  Yes
Unwind Dir. Run – Parts Out
Unwind Dir. Finish –  Parts Out
Diecut/Continuous/Sheet –  Die Cut
Partial Case –  Yes
Pieces per roll/Unit – 500
Length per roll/unit –  46'
Finish – On Press
Application – "
8961,1355,"Number Across Run/Finish –  34/1
Where Finished –  On Press
Length per Roll/Unit – 1 Sheet
Core Type –  N/A
Core Width – N/A
Core Label – No
Dividers – 
Bag Size – 
Qty. Per Bag – 500 Each
Box Size –  10 x 10 x 10
Qty. Per Box – 1,000 Each
Weight/box – 
Box Per Pallet – 
Pallet Type – ","Core  –  N/A
Width – N/A
Number Across Run/FInish –  34/1
Core Label – No
±10% –  Yes
Unwind Dir. Run – N/A
Unwind Dir. Finish –  N/A
Diecut/Continuous/Sheet –  Sheet
Partial Case –  Yes
Pieces per roll/Unit – 500
Length per roll/unit –  1 Sheet
Finish – On Press
Application – "
8962,1356,"Number Across Run/Finish –  4/1
Where Finished –  On Press
Length per Roll/Unit – 365'
Core Type –  3"" Plastic 0.10"" HDPE
Core Width – 2""
Core Label – Yes
Dividers – Cardboard 10x10
Bag Size – 
Qty. Per Bag – 1 Rolls
Box Size –  12 x 12 x 10
Qty. Per Box – 10 M
Weight/box – 
Box Per Pallet – 40"" x 48""
Pallet Type – ","Core  –  3"" Plastic 0.10"" HDPE
Width – 2""
Number Across Run/FInish –  4/1
Core Label – Yes
±10% –  Yes
Unwind Dir. Run – Parts In
Unwind Dir. Finish –  Parts In
Diecut/Continuous/Sheet –  Die Cut
Partial Case –  No
Pieces per roll/Unit – 2,500
Length per roll/unit –  365'
Finish – On Press
Application – "
8963,1357,"Number Across Run/Finish –  4/1
Where Finished –  On Press
Length per Roll/Unit – 521'
Core Type –  3"" Plastic 0.10"" HDPE
Core Width – 1.25""
Core Label – Yes
Dividers – 0.02"" Thick Chipboard
Bag Size – 
Qty. Per Bag – 8 Rolls
Box Size –  22 x 22 x 10
Qty. Per Box – 40 M
Weight/box – 
Box Per Pallet – 
Pallet Type – ","Core  –  3"" Plastic 0.10"" HDPE
Width – 1.25""
Number Across Run/FInish –  4/1
Core Label – Yes
±10% –  Yes
Unwind Dir. Run – Parts In
Unwind Dir. Finish –  Parts In
Diecut/Continuous/Sheet –  Die Cut
Partial Case –  No
Pieces per roll/Unit – 5,000
Length per roll/unit –  521'
Finish – On Press
Application – "
8964,1358,"Number Across Run/Finish –  4/1
Where Finished –  On Press
Length per Roll/Unit – 391'
Core Type –  3"" Paper 1/8"" White Brown
Core Width – 1.75""
Core Label – Yes
Dividers – 
Bag Size – 
Qty. Per Bag – 2500 Each
Box Size –  8 1/8 x 8 1/8 x 32 Top & Bottom Log Box
Qty. Per Box – 5 Rolls
Weight/box – 
Box Per Pallet – 
Pallet Type – ","Core  –  3"" Paper 1/8"" White Brown
Width – 1.75""
Number Across Run/FInish –  4/1
Core Label – Yes
±10% –  Yes
Unwind Dir. Run – 3
Unwind Dir. Finish –  3
Diecut/Continuous/Sheet –  Die Cut
Partial Case –  No
Pieces per roll/Unit – 2,500
Length per roll/unit –  391'
Finish – On Press
Application – "
8966,1359,"Number Across Run/Finish –  6/1
Where Finished –  On Press
Length per Roll/Unit – 21'
Core Type –  N/A
Core Width – N/A
Core Label – No
Dividers – 
Bag Size – 
Qty. Per Bag – 125 Each
Box Size –  10 x 10 x 10
Qty. Per Box – 125 Each
Weight/box – 
Box Per Pallet – 
Pallet Type – ","Core  –  N/A
Width – N/A
Number Across Run/FInish –  6/1
Core Label – No
±10% –  Yes
Unwind Dir. Run – N/A
Unwind Dir. Finish –  N/A
Diecut/Continuous/Sheet –  Sheet
Partial Case –  Yes
Pieces per roll/Unit – 125
Length per roll/unit –  21'
Finish – On Press
Application – "
8967,1360,"Number Across Run/Finish –  2/1
Where Finished –  On Press
Length per Roll/Unit – 84'
Core Type –  3"" Paper 1/8"" Strouse Brown
Core Width – 1.25""
Core Label – Yes
Dividers – 
Bag Size – 
Qty. Per Bag – 4 M
Box Size –  12 x 12 x 12
Qty. Per Box – 16 M
Weight/box – 
Box Per Pallet – 
Pallet Type – ","Core  –  3"" Paper 1/8"" Strouse Brown
Width – 1.25""
Number Across Run/FInish –  2/1
Core Label – Yes
±10% –  Yes
Unwind Dir. Run – Parts Out
Unwind Dir. Finish –  Parts Out
Diecut/Continuous/Sheet –  Die Cut
Partial Case –  Yes
Pieces per roll/Unit – 500
Length per roll/unit –  84'
Finish – On Press
Application – "
8968,1361,"Number Across Run/Finish –  4/1
Where Finished –  Web Techniques
Length per Roll/Unit – 200'
Core Type –  3"" Plastic 0.10"" HDPE
Core Width – 35 mm
Core Label – Yes
Dividers – Lexmark style
Bag Size – 
Qty. Per Bag – 5 M
Box Size –  12 x 12 x 10
Qty. Per Box – 40 M
Weight/box – 
Box Per Pallet – 
Pallet Type – ","Core  –  3"" Plastic 0.10"" HDPE
Width – 35 mm
Number Across Run/FInish –  4/1
Core Label – Yes
±10% –  Yes
Unwind Dir. Run – 1
Unwind Dir. Finish –  2
Diecut/Continuous/Sheet –  Die Cut
Partial Case –  Yes
Pieces per roll/Unit – 5,000
Length per roll/unit –  200'
Finish – Web Techniques
Application – "
8972,1362,"Number Across Run/Finish –  1/1
Where Finished –  On Press
Length per Roll/Unit – 200'
Core Type –  N/A
Core Width – N/A
Core Label – Yes - on bag
Dividers – 
Bag Size – 
Qty. Per Bag – 100 Each
Box Size –  13 x 13 x 13
Qty. Per Box – 200 Each
Weight/box – 
Box Per Pallet – 
Pallet Type – ","Core  –  N/A
Width – N/A
Number Across Run/FInish –  1/1
Core Label – Yes - on bag
±10% –  Yes
Unwind Dir. Run – N/A
Unwind Dir. Finish –  N/A
Diecut/Continuous/Sheet –  Sheet
Partial Case –  Yes
Pieces per roll/Unit – 100
Length per roll/unit –  200'
Finish – On Press
Application – "
8976,1363,"Number Across Run/Finish –  1/1
Where Finished –  On Press
Length per Roll/Unit – 3'
Core Type –  N/A
Core Width – N/A
Core Label – No
Dividers – 
Bag Size – 
Qty. Per Bag – 10 Each
Box Size –  6 x 6 x 6
Qty. Per Box – 30 Each
Weight/box – 
Box Per Pallet – 
Pallet Type – ","Core  –  N/A
Width – N/A
Number Across Run/FInish –  1/1
Core Label – No
±10% –  Yes
Unwind Dir. Run – N/A
Unwind Dir. Finish –  N/A
Diecut/Continuous/Sheet –  Sheet
Partial Case –  Yes
Pieces per roll/Unit – 10
Length per roll/unit –  3'
Finish – On Press
Application – "
8977,1364,"Number Across Run/Finish –  2/1
Where Finished –  On Press
Length per Roll/Unit – 9'
Core Type –  N/A
Core Width – N/A
Core Label – No
Dividers – 
Bag Size – 
Qty. Per Bag – 100 Each
Box Size –  
Qty. Per Box – 100 Each
Weight/box – 
Box Per Pallet – 
Pallet Type – ","Core  –  N/A
Width – N/A
Number Across Run/FInish –  2/1
Core Label – No
±10% –  Yes
Unwind Dir. Run – N/A
Unwind Dir. Finish –  N/A
Diecut/Continuous/Sheet –  Sheet
Partial Case –  Yes
Pieces per roll/Unit – 100
Length per roll/unit –  9'
Finish – On Press
Application – "
8978,1365,"Number Across Run/Finish –  
Where Finished –  
Length per Roll/Unit – 
Core Type –  N/A
Core Width – 
Core Label – 
Dividers – 
Bag Size – 
Qty. Per Bag – 
Box Size –  
Qty. Per Box – 
Weight/box – 
Box Per Pallet – 
Pallet Type – ","Core  –  N/A
Width – 
Number Across Run/FInish –  
Core Label – 
±10% –  
Unwind Dir. Run – 
Unwind Dir. Finish –  
Diecut/Continuous/Sheet –  
Partial Case –  
Pieces per roll/Unit – 
Length per roll/unit –  
Finish – 
Application – "
8979,1366,"Number Across Run/Finish –  
Where Finished –  
Length per Roll/Unit – 
Core Type –  N/A
Core Width – 
Core Label – 
Dividers – 
Bag Size – 
Qty. Per Bag – 
Box Size –  
Qty. Per Box – 
Weight/box – 
Box Per Pallet – 
Pallet Type – ","Core  –  N/A
Width – 
Number Across Run/FInish –  
Core Label – 
±10% –  
Unwind Dir. Run – 
Unwind Dir. Finish –  
Diecut/Continuous/Sheet –  
Partial Case –  
Pieces per roll/Unit – 
Length per roll/unit –  
Finish – 
Application – "
8980,1367,"Number Across Run/Finish –  
Where Finished –  
Length per Roll/Unit – 
Core Type –  N/A
Core Width – 
Core Label – 
Dividers – 
Bag Size – 
Qty. Per Bag – 
Box Size –  12 x 12 x 10
Qty. Per Box – 
Weight/box – 
Box Per Pallet – 
Pallet Type – ","Core  –  N/A
Width – 
Number Across Run/FInish –  
Core Label – 
±10% –  
Unwind Dir. Run – 
Unwind Dir. Finish –  
Diecut/Continuous/Sheet –  
Partial Case –  
Pieces per roll/Unit – 
Length per roll/unit –  
Finish – 
Application – "
8983,1368,"Number Across Run/Finish –  1/1
Where Finished –  On Press
Length per Roll/Unit – 200'
Core Type –  N/A
Core Width – N/A
Core Label – No
Dividers – 
Bag Size – 
Qty. Per Bag – 50 Each
Box Size –  9 x 9 x 13
Qty. Per Box – 100 Each
Weight/box – 
Box Per Pallet – 
Pallet Type – ","Core  –  N/A
Width – N/A
Number Across Run/FInish –  1/1
Core Label – No
±10% –  Yes
Unwind Dir. Run – N/A
Unwind Dir. Finish –  N/A
Diecut/Continuous/Sheet –  Sheet
Partial Case –  Yes
Pieces per roll/Unit – 100
Length per roll/unit –  200'
Finish – On Press
Application – "
8984,1369,"Number Across Run/Finish –  1/1
Where Finished –  On Press
Length per Roll/Unit – 196'
Core Type –  3"" Paper 1/8"" White Brown
Core Width – 6""
Core Label – Yes
Dividers – 
Bag Size – 
Qty. Per Bag – 2 M
Box Size –  14 x 14 x 14
Qty. Per Box – 4 M
Weight/box – 
Box Per Pallet – 
Pallet Type – ","Core  –  3"" Paper 1/8"" White Brown
Width – 6""
Number Across Run/FInish –  1/1
Core Label – Yes
±10% –  Yes
Unwind Dir. Run – Parts Out
Unwind Dir. Finish –  Parts Out
Diecut/Continuous/Sheet –  Die Cut
Partial Case –  Yes
Pieces per roll/Unit – 2,000
Length per roll/unit –  196'
Finish – On Press
Application – "
8985,1370,"Number Across Run/Finish –  1/1
Where Finished –  On Press
Length per Roll/Unit – 764'
Core Type –  N/A
Core Width – N/A
Core Label – No
Dividers – See Note
Bag Size – 
Qty. Per Bag – 2 M
Box Size –  11 x 11 x 14
Qty. Per Box – 2 M
Weight/box – 
Box Per Pallet – 
Pallet Type – ","Core  –  N/A
Width – N/A
Number Across Run/FInish –  1/1
Core Label – No
±10% –  Yes
Unwind Dir. Run – N/A
Unwind Dir. Finish –  N/A
Diecut/Continuous/Sheet –  Sheet
Partial Case –  Yes
Pieces per roll/Unit – 2,000
Length per roll/unit –  764'
Finish – On Press
Application – "
8989,1371,"Number Across Run/Finish –  2/1
Where Finished –  On Press
Length per Roll/Unit – 441'
Core Type –  3"" Paper 1/8"" Strouse Brown
Core Width – 2.09""
Core Label – Yes
Dividers – 
Bag Size – 
Qty. Per Bag – 
Box Size –  None
Qty. Per Box – 60 M
Weight/box – 
Box Per Pallet – 
Pallet Type – ","Core  –  3"" Paper 1/8"" Strouse Brown
Width – 2.09""
Number Across Run/FInish –  2/1
Core Label – Yes
±10% –  Yes
Unwind Dir. Run – Parts Out
Unwind Dir. Finish –  parts Out
Diecut/Continuous/Sheet –  Die Cut
Partial Case –  Yes
Pieces per roll/Unit – 5,000
Length per roll/unit –  441'
Finish – On Press
Application – "
8995,1372,"Number Across Run/Finish –  1/1
Where Finished –  On Press
Length per Roll/Unit – 105'
Core Type –  N/A
Core Width – N/A
Core Label – No
Dividers – 
Bag Size – 
Qty. Per Bag – 100 Each
Box Size –  12 x 12 x 12
Qty. Per Box – 100 Each
Weight/box – 
Box Per Pallet – 
Pallet Type – ","Core  –  N/A
Width – N/A
Number Across Run/FInish –  1/1
Core Label – No
±10% –  Yes
Unwind Dir. Run – N/A
Unwind Dir. Finish –  N/A
Diecut/Continuous/Sheet –  Die Cut Sheet
Partial Case –  Yes
Pieces per roll/Unit – 100
Length per roll/unit –  105'
Finish – On Press
Application – "
8996,1373,"Number Across Run/Finish –  1/1
Where Finished –  On Press
Length per Roll/Unit – N/A
Core Type –  N/A
Core Width – N/A
Core Label – No
Dividers – Plastic
Bag Size – 
Qty. Per Bag – 20 Each
Box Size –  8 x 8 x 8
Qty. Per Box – 20 Each
Weight/box – 
Box Per Pallet – 
Pallet Type – ","Core  –  N/A
Width – N/A
Number Across Run/FInish –  1/1
Core Label – No
±10% –  Yes
Unwind Dir. Run – N/A
Unwind Dir. Finish –  N/A
Diecut/Continuous/Sheet –  Sheet
Partial Case –  Yes
Pieces per roll/Unit – 1
Length per roll/unit –  N/A
Finish – On Press
Application – "
8997,1374,"Number Across Run/Finish –  1/1
Where Finished –  On Press
Length per Roll/Unit – 84'
Core Type –  N/A
Core Width – N/A
Core Label – No
Dividers – 
Bag Size – 
Qty. Per Bag – 1000 Each
Box Size –  10 x 10 x 10
Qty. Per Box – 2,000 Each
Weight/box – 
Box Per Pallet – 
Pallet Type – ","Core  –  N/A
Width – N/A
Number Across Run/FInish –  1/1
Core Label – No
±10% –  Yes
Unwind Dir. Run – N/A
Unwind Dir. Finish –  N/A
Diecut/Continuous/Sheet –  Die Cut Sheet
Partial Case –  Yes
Pieces per roll/Unit – 1,000
Length per roll/unit –  84'
Finish – On Press
Application – "
9001,1375,"Number Across Run/Finish –  4/1
Where Finished –  Web Techniques
Length per Roll/Unit – 200'
Core Type –  3"" Plastic 0.10"" HDPE
Core Width – 35 mm
Core Label – Yes
Dividers – Lexmark style
Bag Size – 
Qty. Per Bag – 5 M
Box Size –  12 x 12 x 4
Qty. Per Box – 40 M
Weight/box – 
Box Per Pallet – 
Pallet Type – ","Core  –  3"" Plastic 0.10"" HDPE
Width – 35 mm
Number Across Run/FInish –  4/1
Core Label – Yes
±10% –  Yes
Unwind Dir. Run – 1
Unwind Dir. Finish –  2
Diecut/Continuous/Sheet –  Die Cut
Partial Case –  Yes
Pieces per roll/Unit – 5,000
Length per roll/unit –  200'
Finish – Web Techniques
Application – "
9004,1376,"Number Across Run/Finish –  1/1
Where Finished –  On Press
Length per Roll/Unit – 375'
Core Type –  N/A
Core Width – N/A
Core Label – No
Dividers – 
Bag Size – 
Qty. Per Bag – 0.5 M
Box Size –  10 x 10 x 10
Qty. Per Box – 2 M
Weight/box – 
Box Per Pallet – 
Pallet Type – ","Core  –  N/A
Width – N/A
Number Across Run/FInish –  1/1
Core Label – No
±10% –  Yes
Unwind Dir. Run – N/A
Unwind Dir. Finish –  N/A
Diecut/Continuous/Sheet –  Sheet
Partial Case –  Yes
Pieces per roll/Unit – 500
Length per roll/unit –  375'
Finish – On Press
Application – "
9009,1377,"Number Across Run/Finish –  1/1
Where Finished –  On Press
Length per Roll/Unit – 42'
Core Type –  N/A
Core Width – N/A
Core Label – No
Dividers – 
Bag Size – 
Qty. Per Bag – 25 Each
Box Size –  
Qty. Per Box – 50 Each
Weight/box – 
Box Per Pallet – 
Pallet Type – ","Core  –  N/A
Width – N/A
Number Across Run/FInish –  1/1
Core Label – No
±10% –  Yes
Unwind Dir. Run – N/A
Unwind Dir. Finish –  N/A
Diecut/Continuous/Sheet –  Sheet
Partial Case –  Yes
Pieces per roll/Unit – 50
Length per roll/unit –  42'
Finish – On Press
Application – "
9010,1378,"Number Across Run/Finish –  1/1
Where Finished –  On Press
Length per Roll/Unit – 11'
Core Type –  N/A
Core Width – N/A
Core Label – Yes
Dividers – 
Bag Size – 
Qty. Per Bag – 
Box Size –  
Qty. Per Box – 
Weight/box – 
Box Per Pallet – 
Pallet Type – ","Core  –  N/A
Width – N/A
Number Across Run/FInish –  1/1
Core Label – Yes
±10% –  Yes
Unwind Dir. Run – N/A
Unwind Dir. Finish –  N/A
Diecut/Continuous/Sheet –  Die Cut Sheet
Partial Case –  Yes
Pieces per roll/Unit – 25
Length per roll/unit –  11'
Finish – On Press
Application – "
9011,1379,"Number Across Run/Finish –  1/1
Where Finished –  On Press
Length per Roll/Unit – 11'
Core Type –  N/A
Core Width – N/A
Core Label – Yes
Dividers – 
Bag Size – 
Qty. Per Bag – 
Box Size –  12 x 12 x 4
Qty. Per Box – 
Weight/box – 
Box Per Pallet – 
Pallet Type – ","Core  –  N/A
Width – N/A
Number Across Run/FInish –  1/1
Core Label – Yes
±10% –  Yes
Unwind Dir. Run – N/A
Unwind Dir. Finish –  N/A
Diecut/Continuous/Sheet –  Die Cut Sheet
Partial Case –  Yes
Pieces per roll/Unit – 25
Length per roll/unit –  11'
Finish – On Press
Application – "
9012,1380,"Number Across Run/Finish –  1/1
Where Finished –  On Press
Length per Roll/Unit – 46'
Core Type –  N/A
Core Width – N/A
Core Label – No
Dividers – 
Bag Size – 
Qty. Per Bag – 50 Each
Box Size –  11 x 11 x 8
Qty. Per Box – 50 Each
Weight/box – 
Box Per Pallet – 
Pallet Type – ","Core  –  N/A
Width – N/A
Number Across Run/FInish –  1/1
Core Label – No
±10% –  Yes
Unwind Dir. Run – N/A
Unwind Dir. Finish –  N/A
Diecut/Continuous/Sheet –  Sheet
Partial Case –  Yes
Pieces per roll/Unit – 50
Length per roll/unit –  46'
Finish – On Press
Application – "
9013,1381,"Number Across Run/Finish –  1/1
Where Finished –  On Press
Length per Roll/Unit – 500'
Core Type –  3"" Plastic 0.10"" HDPE
Core Width – 6.0""
Core Label – Special - 9013 Core Big
Dividers – 
Bag Size – 
Qty. Per Bag – 1 Roll
Box Size –  10 x 10 x 10
Qty. Per Box – 3 Rolls
Weight/box – 
Box Per Pallet – 
Pallet Type – ","Core  –  3"" Plastic 0.10"" HDPE
Width – 6.0""
Number Across Run/FInish –  1/1
Core Label – Special - 9013 Core Big
±10% –  ask
Unwind Dir. Run – N/A
Unwind Dir. Finish –  N/A
Diecut/Continuous/Sheet –  Continuous
Partial Case –  Ask
Pieces per roll/Unit – 1 Roll
Length per roll/unit –  500'
Finish – On Press
Application – "
9016,1382,"Number Across Run/Finish –  2/2
Where Finished –  On Press
Length per Roll/Unit – 167'
Core Type –  3"" Paper 1/8"" White Brown
Core Width – 5""
Core Label – Yes
Dividers – 
Bag Size – 
Qty. Per Bag – 1 Roll
Box Size –  6 x 6 x 6
Qty. Per Box – 8 M
Weight/box – 
Box Per Pallet – 
Pallet Type – ","Core  –  3"" Paper 1/8"" White Brown
Width – 5""
Number Across Run/FInish –  2/2
Core Label – Yes
±10% –  Yes
Unwind Dir. Run – Parts Out
Unwind Dir. Finish –  Parts Out
Diecut/Continuous/Sheet –  Die Cut
Partial Case –  Yes
Pieces per roll/Unit – 2,000
Length per roll/unit –  167'
Finish – On Press
Application – "
9017,1383,"Number Across Run/Finish –  4/4
Where Finished –  On Press
Length per Roll/Unit – 15'
Core Type –  3"" Paper 1/8"" White Brown
Core Width – 2.00""
Core Label – Yes
Dividers – 
Bag Size – 
Qty. Per Bag – 1.5 M
Box Size –  16 x 16 x 10-1/4
Qty. Per Box – 2 M
Weight/box – 
Box Per Pallet – 
Pallet Type – ","Core  –  3"" Paper 1/8"" White Brown
Width – 2.00""
Number Across Run/FInish –  4/4
Core Label – Yes
±10% –  Yes
Unwind Dir. Run – Parts Out
Unwind Dir. Finish –  Parts Out
Diecut/Continuous/Sheet –  Die Cut
Partial Case –  Yes
Pieces per roll/Unit – 1,500
Length per roll/unit –  15'
Finish – On Press
Application – "
9020,1384,"Number Across Run/Finish –  7/7
Where Finished –  On Press
Length per Roll/Unit – 187'
Core Type –  3"" Paper 1/8"" Strouse Brown
Core Width – 5""
Core Label – Yes
Dividers – 
Bag Size – 
Qty. Per Bag – 2 Rolls
Box Size –  19 x 11 x 13
Qty. Per Box – 50 M
Weight/box – 
Box Per Pallet – 
Pallet Type – ","Core  –  3"" Paper 1/8"" Strouse Brown
Width – 5""
Number Across Run/FInish –  7/7
Core Label – Yes
±10% –  Yes
Unwind Dir. Run – Parts Out
Unwind Dir. Finish –  Parts Out
Diecut/Continuous/Sheet –  Die Cut
Partial Case –  Yes
Pieces per roll/Unit – 25,000
Length per roll/unit –  187'
Finish – On Press
Application – "
9021,1385,"Number Across Run/Finish –  1/1
Where Finished –  On Press
Length per Roll/Unit – 60'
Core Type –  N/A
Core Width – N/A
Core Label – No
Dividers – 
Bag Size – 
Qty. Per Bag – 0.1 M
Box Size –  19 x 11 x 13
Qty. Per Box – 1 M
Weight/box – 
Box Per Pallet – 
Pallet Type – ","Core  –  N/A
Width – N/A
Number Across Run/FInish –  1/1
Core Label – No
±10% –  Yes
Unwind Dir. Run – N/A
Unwind Dir. Finish –  N/A
Diecut/Continuous/Sheet –  Die Cut Sheet
Partial Case –  Yes
Pieces per roll/Unit – 100
Length per roll/unit –  60'
Finish – On Press
Application – "
9022,1386,"Number Across Run/Finish –  1/1
Where Finished –  On Press
Length per Roll/Unit – 68'
Core Type –  N/A
Core Width – N/A
Core Label – No
Dividers – 
Bag Size – 
Qty. Per Bag – 0.1 M
Box Size –  10 x 10 x 10
Qty. Per Box – 1 M
Weight/box – 
Box Per Pallet – 
Pallet Type – ","Core  –  N/A
Width – N/A
Number Across Run/FInish –  1/1
Core Label – No
±10% –  Yes
Unwind Dir. Run – N/A
Unwind Dir. Finish –  N/A
Diecut/Continuous/Sheet –  Die Cut Sheet
Partial Case –  Yes
Pieces per roll/Unit – 100
Length per roll/unit –  68'
Finish – On Press
Application – "
9025,1387,"Number Across Run/Finish –  2/1
Where Finished –  On Press
Length per Roll/Unit – 94'
Core Type –  3"" Paper (1/8"" wall)
Core Width – 6.125""
Core Label – Yes
Dividers – 
Bag Size – 
Qty. Per Bag – 2 M
Box Size –  12 x 12 x 12
Qty. Per Box – 2 M
Weight/box – 
Box Per Pallet – 
Pallet Type – ","Core  –  3"" Paper (1/8"" wall)
Width – 6.125""
Number Across Run/FInish –  2/1
Core Label – Yes
±10% –  Yes
Unwind Dir. Run – Parts Out
Unwind Dir. Finish –  Parts Out
Diecut/Continuous/Sheet –  Die Cut
Partial Case –  Yes
Pieces per roll/Unit – 1,000
Length per roll/unit –  94'
Finish – On Press
Application – "
9026,1388,"Number Across Run/Finish –  1/1
Where Finished –  On Press
Length per Roll/Unit – 68'
Core Type –  3"" Paper 1/8"" Strouse Brown
Core Width – 2.75""
Core Label – Yes
Dividers – 
Bag Size – 
Qty. Per Bag – 4 M
Box Size –  12 x 12 x 10
Qty. Per Box – 16 M
Weight/box – 
Box Per Pallet – 
Pallet Type – ","Core  –  3"" Paper 1/8"" Strouse Brown
Width – 2.75""
Number Across Run/FInish –  1/1
Core Label – Yes
±10% –  Yes
Unwind Dir. Run – Parts Out
Unwind Dir. Finish –  Parts Out
Diecut/Continuous/Sheet –  Die Cut
Partial Case –  Yes
Pieces per roll/Unit – 1,000
Length per roll/unit –  68'
Finish – On Press
Application – "
9027,1389,"Number Across Run/Finish –  1/1
Where Finished –  Off Press
Length per Roll/Unit – 430'
Core Type –  N/A
Core Width – N/A
Core Label – No
Dividers – 
Bag Size – 
Qty. Per Bag – 500 Each
Box Size –  10 x 10 x 10
Qty. Per Box – 500 Each
Weight/box – 
Box Per Pallet – 
Pallet Type – ","Core  –  N/A
Width – N/A
Number Across Run/FInish –  1/1
Core Label – No
±10% –  Yes
Unwind Dir. Run – N/A
Unwind Dir. Finish –  N/A
Diecut/Continuous/Sheet –  Die Cut Sheet
Partial Case –  Yes
Pieces per roll/Unit – 500
Length per roll/unit –  430'
Finish – Off Press
Application – "
9029,1390,"Number Across Run/Finish –  1/1
Where Finished –  On Press
Length per Roll/Unit – 125'
Core Type –  N/A
Core Width – N/A
Core Label – Yes - On bag
Dividers – 
Bag Size – 
Qty. Per Bag – 0.5 M
Box Size –  12 x 12 x 13
Qty. Per Box – 1 M
Weight/box – 
Box Per Pallet – 
Pallet Type – ","Core  –  N/A
Width – N/A
Number Across Run/FInish –  1/1
Core Label – Yes - On bag
±10% –  Yes
Unwind Dir. Run – N/A
Unwind Dir. Finish –  N/A
Diecut/Continuous/Sheet –  Die Cut Sheet
Partial Case –  Yes
Pieces per roll/Unit – 500
Length per roll/unit –  125'
Finish – On Press
Application – "
9030,1391,"Number Across Run/Finish –  1/1
Where Finished –  Off Press
Length per Roll/Unit – 50'
Core Type –  3"" Paper 1/8"" White Brown
Core Width – 2.25""
Core Label – Yes
Dividers – 
Bag Size – 
Qty. Per Bag – 0.6 M
Box Size –  22 x 16 x 6
Qty. Per Box – 3 M
Weight/box – 
Box Per Pallet – 
Pallet Type – ","Core  –  3"" Paper 1/8"" White Brown
Width – 2.25""
Number Across Run/FInish –  1/1
Core Label – Yes
±10% –  Yes
Unwind Dir. Run – Parts Out
Unwind Dir. Finish –  Parts Out
Diecut/Continuous/Sheet –  Die Cut
Partial Case –  Yes
Pieces per roll/Unit – 600
Length per roll/unit –  50'
Finish – Off Press
Application – "
9031,1392,"Number Across Run/Finish –  1/1
Where Finished –  On Press
Length per Roll/Unit – 417'
Core Type –  N/A
Core Width – N/A
Core Label – No
Dividers – 
Bag Size – 
Qty. Per Bag – 0.25 M
Box Size –  22 x 16 x 6
Qty. Per Box – 1 Bags
Weight/box – 
Box Per Pallet – 
Pallet Type – ","Core  –  N/A
Width – N/A
Number Across Run/FInish –  1/1
Core Label – No
±10% –  Yes
Unwind Dir. Run – N/A
Unwind Dir. Finish –  N/A
Diecut/Continuous/Sheet –  Sheet
Partial Case –  Yes
Pieces per roll/Unit – 250
Length per roll/unit –  417'
Finish – On Press
Application – "
9032,1393,"Number Across Run/Finish –  1/1
Where Finished –  On Press
Length per Roll/Unit – 417'
Core Type –  N/A
Core Width – N/A
Core Label – No
Dividers – 
Bag Size – 
Qty. Per Bag – 0.25 M
Box Size –  22 x 16 x 6
Qty. Per Box – 1 Bags
Weight/box – 
Box Per Pallet – 
Pallet Type – ","Core  –  N/A
Width – N/A
Number Across Run/FInish –  1/1
Core Label – No
±10% –  Yes
Unwind Dir. Run – N/A
Unwind Dir. Finish –  N/A
Diecut/Continuous/Sheet –  Sheet
Partial Case –  Yes
Pieces per roll/Unit – 250
Length per roll/unit –  417'
Finish – On Press
Application – "
9033,1394,"Number Across Run/Finish –  1/1
Where Finished –  On Press
Length per Roll/Unit – 417'
Core Type –  N/A
Core Width – N/A
Core Label – No
Dividers – 
Bag Size – 
Qty. Per Bag – 0.25 M
Box Size –  12 x 12 x 4
Qty. Per Box – 1 Bags
Weight/box – 
Box Per Pallet – 
Pallet Type – ","Core  –  N/A
Width – N/A
Number Across Run/FInish –  1/1
Core Label – No
±10% –  Yes
Unwind Dir. Run – N/A
Unwind Dir. Finish –  N/A
Diecut/Continuous/Sheet –  Sheet
Partial Case –  Yes
Pieces per roll/Unit – 250
Length per roll/unit –  417'
Finish – On Press
Application – "
9034,1395,"Number Across Run/Finish –  2/1
Where Finished –  On Press
Length per Roll/Unit – 5""
Core Type –  N/A
Core Width – N/A
Core Label – No
Dividers – 
Bag Size – 
Qty. Per Bag – 25 Each
Box Size –  19 x 11 x 13
Qty. Per Box – 25 Each
Weight/box – 
Box Per Pallet – 
Pallet Type – ","Core  –  N/A
Width – N/A
Number Across Run/FInish –  2/1
Core Label – No
±10% –  Yes
Unwind Dir. Run – N/A
Unwind Dir. Finish –  N/A
Diecut/Continuous/Sheet –  Die Cut Sheet
Partial Case –  Yes
Pieces per roll/Unit – 25
Length per roll/unit –  5""
Finish – On Press
Application – "
9035,1396,"Number Across Run/Finish –  1/1
Where Finished –  On Press
Length per Roll/Unit – 68'
Core Type –  N/A
Core Width – N/A
Core Label – Yes
Dividers – 
Bag Size – 
Qty. Per Bag – 0.1 M
Box Size –  19 x 11 x 13
Qty. Per Box – 1 M
Weight/box – 
Box Per Pallet – 
Pallet Type – ","Core  –  N/A
Width – N/A
Number Across Run/FInish –  1/1
Core Label – Yes
±10% –  Yes
Unwind Dir. Run – N/A
Unwind Dir. Finish –  N/A
Diecut/Continuous/Sheet –  Die Cut Sheet
Partial Case –  Yes
Pieces per roll/Unit – 100
Length per roll/unit –  68'
Finish – On Press
Application – "
9036,1397,"Number Across Run/Finish –  1/1
Where Finished –  On Press
Length per Roll/Unit – 60'
Core Type –  N/A
Core Width – N/A
Core Label – Yes
Dividers – 
Bag Size – 
Qty. Per Bag – 0.1 M
Box Size –  19 x 11 x 13
Qty. Per Box – 1 M
Weight/box – 
Box Per Pallet – 
Pallet Type – ","Core  –  N/A
Width – N/A
Number Across Run/FInish –  1/1
Core Label – Yes
±10% –  Yes
Unwind Dir. Run – N/A
Unwind Dir. Finish –  N/A
Diecut/Continuous/Sheet –  Die Cut Sheet
Partial Case –  Yes
Pieces per roll/Unit – 100
Length per roll/unit –  60'
Finish – On Press
Application – "
9037,1398,"Number Across Run/Finish –  1/1
Where Finished –  On Press
Length per Roll/Unit – 137'
Core Type –  N/A
Core Width – N/A
Core Label – No
Dividers – 
Bag Size – 
Qty. Per Bag – 160 Each
Box Size –  12 1/2 x 8 1/2 x 12 5/8
Qty. Per Box – 160 Each
Weight/box – 
Box Per Pallet – 
Pallet Type – ","Core  –  N/A
Width – N/A
Number Across Run/FInish –  1/1
Core Label – No
±10% –  Yes
Unwind Dir. Run – N/A
Unwind Dir. Finish –  N/A
Diecut/Continuous/Sheet –  Die Cut Sheet
Partial Case –  Yes
Pieces per roll/Unit – 160
Length per roll/unit –  137'
Finish – On Press
Application – "
9039,1399,"Number Across Run/Finish –  1/1
Where Finished –  On Press
Length per Roll/Unit – 960'
Core Type –  3"" Plastic 0.10"" HDPE
Core Width – 5.5""
Core Label – Yes
Dividers – 
Bag Size – 
Qty. Per Bag – 1 Roll
Box Size –  19 x 19 x 19
Qty. Per Box – 7 M
Weight/box – 
Box Per Pallet – 
Pallet Type – ","Core  –  3"" Plastic 0.10"" HDPE
Width – 5.5""
Number Across Run/FInish –  1/1
Core Label – Yes
±10% –  No
Unwind Dir. Run – Parts Out
Unwind Dir. Finish –  Parts Out
Diecut/Continuous/Sheet –  Die Cut
Partial Case –  Yes
Pieces per roll/Unit – 3,500
Length per roll/unit –  960'
Finish – On Press
Application – "
9040,1400,"Number Across Run/Finish –  1/1
Where Finished –  Off Press
Length per Roll/Unit – N/A
Core Type –  N/A
Core Width – N/A
Core Label – No
Dividers – 
Bag Size – 
Qty. Per Bag – 5 Each
Box Size –  12 x 12 x 10
Qty. Per Box – 200 Each
Weight/box – 
Box Per Pallet – 
Pallet Type – ","Core  –  N/A
Width – N/A
Number Across Run/FInish –  1/1
Core Label – No
±10% –  Yes
Unwind Dir. Run – N/A
Unwind Dir. Finish –  N/A
Diecut/Continuous/Sheet –  Sheet
Partial Case –  Yes
Pieces per roll/Unit – 200
Length per roll/unit –  N/A
Finish – Off Press
Application – "
9041,1401,"Number Across Run/Finish –  2/2
Where Finished –  On Press
Length per Roll/Unit – 125'
Core Type –  3"" Paper 1/8"" Strouse Brown
Core Width – 1.5""
Core Label – Yes
Dividers – 
Bag Size – 
Qty. Per Bag – 18 M
Box Size –  12 x 12 x 10
Qty. Per Box – 90 M
Weight/box – 
Box Per Pallet – 
Pallet Type – ","Core  –  3"" Paper 1/8"" Strouse Brown
Width – 1.5""
Number Across Run/FInish –  2/2
Core Label – Yes
±10% –  Yes
Unwind Dir. Run – Parts In
Unwind Dir. Finish –  Parts In
Diecut/Continuous/Sheet –  Die Cut
Partial Case –  Yes
Pieces per roll/Unit – 3,000
Length per roll/unit –  125'
Finish – On Press
Application – "
9042,1402,"Number Across Run/Finish –  2/2
Where Finished –  On Press
Length per Roll/Unit – 250'
Core Type –  3"" Paper 1/8"" Strouse Brown
Core Width – 2""
Core Label – Yes
Dividers – 
Bag Size – 
Qty. Per Bag – 15 M
Box Size –  6 x 6 x 6
Qty. Per Box – 60 M
Weight/box – 
Box Per Pallet – 
Pallet Type – ","Core  –  3"" Paper 1/8"" Strouse Brown
Width – 2""
Number Across Run/FInish –  2/2
Core Label – Yes
±10% –  Yes
Unwind Dir. Run – Parts Out
Unwind Dir. Finish –  PArts Out
Diecut/Continuous/Sheet –  Die Cut
Partial Case –  Yes
Pieces per roll/Unit – 3,000
Length per roll/unit –  250'
Finish – On Press
Application – "
9044,1403,"Number Across Run/Finish –  1/1
Where Finished –  On Press
Length per Roll/Unit – 84'
Core Type –  N/A
Core Width – N/A
Core Label – No
Dividers – 
Bag Size – 
Qty. Per Bag – 0.5 M
Box Size –  12 x 12 x 12
Qty. Per Box – 1 M
Weight/box – 
Box Per Pallet – 
Pallet Type – ","Core  –  N/A
Width – N/A
Number Across Run/FInish –  1/1
Core Label – No
±10% –  Yes
Unwind Dir. Run – N/A
Unwind Dir. Finish –  N/A
Diecut/Continuous/Sheet –  Sheet
Partial Case –  Yes
Pieces per roll/Unit – 500
Length per roll/unit –  84'
Finish – On Press
Application – "
9047,1404,"Number Across Run/Finish –  1/1
Where Finished –  On Press
Length per Roll/Unit – 17'
Core Type –  N/A
Core Width – N/A
Core Label – No
Dividers – 
Bag Size – 
Qty. Per Bag – 100 Each
Box Size –  6 x 6 x 6
Qty. Per Box – 100 Each
Weight/box – 
Box Per Pallet – 
Pallet Type – ","Core  –  N/A
Width – N/A
Number Across Run/FInish –  1/1
Core Label – No
±10% –  Yes
Unwind Dir. Run – N/A
Unwind Dir. Finish –  N/A
Diecut/Continuous/Sheet –  Sheet
Partial Case –  Yes
Pieces per roll/Unit – 100
Length per roll/unit –  17'
Finish – On Press
Application – "
9048,1405,"Number Across Run/Finish –  1/1
Where Finished –  On Press
Length per Roll/Unit – 17'
Core Type –  N/A
Core Width – N/A
Core Label – No
Dividers – 
Bag Size – 
Qty. Per Bag – 100 Each
Box Size –  6 x 6 x 6
Qty. Per Box – 100 Each
Weight/box – 
Box Per Pallet – 
Pallet Type – ","Core  –  N/A
Width – N/A
Number Across Run/FInish –  1/1
Core Label – No
±10% –  Yes
Unwind Dir. Run – N/A
Unwind Dir. Finish –  N/A
Diecut/Continuous/Sheet –  Sheet
Partial Case –  Yes
Pieces per roll/Unit – 100
Length per roll/unit –  17'
Finish – On Press
Application – "
9049,1406,"Number Across Run/Finish –  1/1
Where Finished –  On Press
Length per Roll/Unit – 13'
Core Type –  N/A
Core Width – N/A
Core Label – No
Dividers – 
Bag Size – 
Qty. Per Bag – 100 Each
Box Size –  6 x 6 x 6
Qty. Per Box – 100 Each
Weight/box – 
Box Per Pallet – 
Pallet Type – ","Core  –  N/A
Width – N/A
Number Across Run/FInish –  1/1
Core Label – No
±10% –  Yes
Unwind Dir. Run – N/A
Unwind Dir. Finish –  N/A
Diecut/Continuous/Sheet –  Sheet
Partial Case –  Yes
Pieces per roll/Unit – 100
Length per roll/unit –  13'
Finish – On Press
Application – "
9050,1407,"Number Across Run/Finish –  1/1
Where Finished –  On Press
Length per Roll/Unit – 13'
Core Type –  N/A
Core Width – N/A
Core Label – No
Dividers – 
Bag Size – 
Qty. Per Bag – 100 Each
Box Size –  19 x 19 x 19
Qty. Per Box – 100 Each
Weight/box – 
Box Per Pallet – 
Pallet Type – ","Core  –  N/A
Width – N/A
Number Across Run/FInish –  1/1
Core Label – No
±10% –  Yes
Unwind Dir. Run – N/A
Unwind Dir. Finish –  N/A
Diecut/Continuous/Sheet –  Sheet
Partial Case –  Yes
Pieces per roll/Unit – 100
Length per roll/unit –  13'
Finish – On Press
Application – "
9051,1408,"Number Across Run/Finish –  1/1
Where Finished –  Off Press
Length per Roll/Unit – N/A
Core Type –  N/A
Core Width – N/A
Core Label – No
Dividers – 
Bag Size – 
Qty. Per Bag – 5 Each
Box Size –  10 x 10 x 10
Qty. Per Box – 100 Each
Weight/box – 
Box Per Pallet – 
Pallet Type – ","Core  –  N/A
Width – N/A
Number Across Run/FInish –  1/1
Core Label – No
±10% –  Yes
Unwind Dir. Run – N/A
Unwind Dir. Finish –  N/A
Diecut/Continuous/Sheet –  Sheet
Partial Case –  Yes
Pieces per roll/Unit – 100
Length per roll/unit –  N/A
Finish – Off Press
Application – "
9052,1409,"Number Across Run/Finish –  1/1
Where Finished –  On Press
Length per Roll/Unit – 171'
Core Type –  N/A
Core Width – N/A
Core Label – No
Dividers – 
Bag Size – 
Qty. Per Bag – 200 Each
Box Size –  10 x 10 x 10
Qty. Per Box – 200 Each
Weight/box – 
Box Per Pallet – 
Pallet Type – ","Core  –  N/A
Width – N/A
Number Across Run/FInish –  1/1
Core Label – No
±10% –  Yes
Unwind Dir. Run – N/A
Unwind Dir. Finish –  N/A
Diecut/Continuous/Sheet –  Sheet
Partial Case –  Yes
Pieces per roll/Unit – 200
Length per roll/unit –  171'
Finish – On Press
Application – "
9054,1410,"Number Across Run/Finish –  3/1
Where Finished –  On Press
Length per Roll/Unit – 2'
Core Type –  N/A
Core Width – N/A
Core Label – No
Dividers – 
Bag Size – 
Qty. Per Bag – 40 Each
Box Size –  12 x 12 x 13
Qty. Per Box – 500 Bags
Weight/box – 
Box Per Pallet – 
Pallet Type – ","Core  –  N/A
Width – N/A
Number Across Run/FInish –  3/1
Core Label – No
±10% –  Yes
Unwind Dir. Run – N/A
Unwind Dir. Finish –  N/A
Diecut/Continuous/Sheet –  Die Cut Sheet
Partial Case –  Yes
Pieces per roll/Unit – 40
Length per roll/unit –  2'
Finish – On Press
Application – "
9056,1411,"Number Across Run/Finish –  1/1
Where Finished –  On Press
Length per Roll/Unit – 79'
Core Type –  N/A
Core Width – N/A
Core Label – No
Dividers – 
Bag Size – 
Qty. Per Bag – 500 Each
Box Size –  14 x 14 x 4
Qty. Per Box – 4,000 Each
Weight/box – 
Box Per Pallet – 
Pallet Type – ","Core  –  N/A
Width – N/A
Number Across Run/FInish –  1/1
Core Label – No
±10% –  Yes
Unwind Dir. Run – N/A
Unwind Dir. Finish –  N/A
Diecut/Continuous/Sheet –  Die Cut Sheet
Partial Case –  Yes
Pieces per roll/Unit – 500
Length per roll/unit –  79'
Finish – On Press
Application – "
9057,1412,"Number Across Run/Finish –  22/1
Where Finished –  On Press
Length per Roll/Unit – 14'
Core Type –  N/A
Core Width – N/A
Core Label – No
Dividers – 
Bag Size – 
Qty. Per Bag – 250 Each
Box Size –  12 x 12 x 4
Qty. Per Box – 250 Each
Weight/box – 
Box Per Pallet – 
Pallet Type – ","Core  –  N/A
Width – N/A
Number Across Run/FInish –  22/1
Core Label – No
±10% –  Yes
Unwind Dir. Run – N/A
Unwind Dir. Finish –  N/A
Diecut/Continuous/Sheet –  Sheet
Partial Case –  Yes
Pieces per roll/Unit – 250
Length per roll/unit –  14'
Finish – On Press
Application – "
9058,1413,"Number Across Run/Finish –  22/1
Where Finished –  On Press
Length per Roll/Unit – 11'
Core Type –  N/A
Core Width – N/A
Core Label – No
Dividers – 
Bag Size – 
Qty. Per Bag – 250 Each
Box Size –  24 x 14 x 6
Qty. Per Box – 250 Each
Weight/box – 
Box Per Pallet – 
Pallet Type – ","Core  –  N/A
Width – N/A
Number Across Run/FInish –  22/1
Core Label – No
±10% –  Yes
Unwind Dir. Run – N/A
Unwind Dir. Finish –  N/A
Diecut/Continuous/Sheet –  Sheet
Partial Case –  Yes
Pieces per roll/Unit – 250
Length per roll/unit –  11'
Finish – On Press
Application – "
9060,1414,"Number Across Run/Finish –  40/1
Where Finished –  On Press
Length per Roll/Unit – 6'
Core Type –  N/A
Core Width – N/A
Core Label – No
Dividers – 
Bag Size – 
Qty. Per Bag – 1000 Each
Box Size –  16 1/2 x 8 1/2 x 13
Qty. Per Box – 1,000 Each
Weight/box – 
Box Per Pallet – 
Pallet Type – ","Core  –  N/A
Width – N/A
Number Across Run/FInish –  40/1
Core Label – No
±10% –  Yes
Unwind Dir. Run – N/A
Unwind Dir. Finish –  N/A
Diecut/Continuous/Sheet –  Sheet
Partial Case –  Yes
Pieces per roll/Unit – 1,000
Length per roll/unit –  6'
Finish – On Press
Application – "
9061,1415,"Number Across Run/Finish –  2/1
Where Finished –  On Press
Length per Roll/Unit – 67'
Core Type –  N/A
Core Width – N/A
Core Label – No
Dividers – 
Bag Size – 
Qty. Per Bag – 200 Each
Box Size –  10 x 10 x 10
Qty. Per Box – 200 Each
Weight/box – 
Box Per Pallet – 
Pallet Type – ","Core  –  N/A
Width – N/A
Number Across Run/FInish –  2/1
Core Label – No
±10% –  Yes
Unwind Dir. Run – N/A
Unwind Dir. Finish –  N/A
Diecut/Continuous/Sheet –  Sheet
Partial Case –  Yes
Pieces per roll/Unit – 200
Length per roll/unit –  67'
Finish – On Press
Application – "
9062,1416,"Number Across Run/Finish –  1/1
Where Finished –  On Press
Length per Roll/Unit – 32'
Core Type –  3"" Plastic 0.10"" HDPE
Core Width – 0.75""
Core Label – Yes
Dividers – 
Bag Size – 
Qty. Per Bag – 
Box Size –  12 x 12 x 12
Qty. Per Box – 
Weight/box – 
Box Per Pallet – 
Pallet Type – ","Core  –  3"" Plastic 0.10"" HDPE
Width – 0.75""
Number Across Run/FInish –  1/1
Core Label – Yes
±10% –  Yes
Unwind Dir. Run – Parts Out
Unwind Dir. Finish –  Parts Out
Diecut/Continuous/Sheet –  Die Cut
Partial Case –  Yes
Pieces per roll/Unit – 1,000
Length per roll/unit –  32'
Finish – On Press
Application – "
9063,1417,"Number Across Run/Finish –  1/1
Where Finished –  On Press
Length per Roll/Unit – 115'
Core Type –  N/A
Core Width – N/A
Core Label – No
Dividers – 
Bag Size – 
Qty. Per Bag – 1 M
Box Size –  
Qty. Per Box – 1 M
Weight/box – 
Box Per Pallet – 
Pallet Type – ","Core  –  N/A
Width – N/A
Number Across Run/FInish –  1/1
Core Label – No
±10% –  Yes
Unwind Dir. Run – N/A
Unwind Dir. Finish –  N/A
Diecut/Continuous/Sheet –  Die Cut Sheet
Partial Case –  Yes
Pieces per roll/Unit – 1,000
Length per roll/unit –  115'
Finish – On Press
Application – "
9064,1418,"Number Across Run/Finish –  1/1
Where Finished –  On Press
Length per Roll/Unit – 37'
Core Type –  N/A
Core Width – N/A
Core Label – No
Dividers – 
Bag Size – 
Qty. Per Bag – 500 Each
Box Size –  12 x 12 x 10
Qty. Per Box – 5,000 Each
Weight/box – 
Box Per Pallet – 
Pallet Type – ","Core  –  N/A
Width – N/A
Number Across Run/FInish –  1/1
Core Label – No
±10% –  Yes
Unwind Dir. Run – N/A
Unwind Dir. Finish –  N/A
Diecut/Continuous/Sheet –  Sheet
Partial Case –  Yes
Pieces per roll/Unit – 500
Length per roll/unit –  37'
Finish – On Press
Application – "
9065,1419,"Number Across Run/Finish –  1/1
Where Finished –  Off Press
Length per Roll/Unit – 5 Parts
Core Type –  N/A
Core Width – N/A
Core Label – No
Dividers – 
Bag Size – 
Qty. Per Bag – 5 Each
Box Size –  Best Fit Per Qty
Qty. Per Box – 1,000 Bags
Weight/box – 
Box Per Pallet – 
Pallet Type – ","Core  –  N/A
Width – N/A
Number Across Run/FInish –  1/1
Core Label – No
±10% –  Yes
Unwind Dir. Run – N/A
Unwind Dir. Finish –  N/A
Diecut/Continuous/Sheet –  Sheet
Partial Case –  Yes
Pieces per roll/Unit – 5
Length per roll/unit –  5 Parts
Finish – Off Press
Application – "
9067,1420,"Number Across Run/Finish –  1/1
Where Finished –  On Press
Length per Roll/Unit – 167'
Core Type –  N/A
Core Width – N/A
Core Label – No
Dividers – 
Bag Size – 
Qty. Per Bag – 500 Each
Box Size –  24 x 14 x 6
Qty. Per Box – 2,000 Each
Weight/box – 
Box Per Pallet – 
Pallet Type – ","Core  –  N/A
Width – N/A
Number Across Run/FInish –  1/1
Core Label – No
±10% –  Yes
Unwind Dir. Run – N/A
Unwind Dir. Finish –  N/A
Diecut/Continuous/Sheet –  Sheet
Partial Case –  Yes
Pieces per roll/Unit – 500
Length per roll/unit –  167'
Finish – On Press
Application – "
9069,1421,"Number Across Run/Finish –  4/1
Where Finished –  Web Techniques
Length per Roll/Unit – 471'
Core Type –  3"" Plastic 0.10"" HDPE
Core Width – 1.000""
Core Label – Yes
Dividers – Lexmark style
Bag Size – 
Qty. Per Bag – 1 Roll
Box Size –  Best Fit Per Qty
Qty. Per Box – 25 M
Weight/box – 
Box Per Pallet – 
Pallet Type – ","Core  –  3"" Plastic 0.10"" HDPE
Width – 1.000""
Number Across Run/FInish –  4/1
Core Label – Yes
±10% –  Yes
Unwind Dir. Run – See Drawing
Unwind Dir. Finish –  See Drawing
Diecut/Continuous/Sheet –  Die Cut
Partial Case –  Yes
Pieces per roll/Unit – 6,250
Length per roll/unit –  471'
Finish – Web Techniques
Application – "
9073,1422,"Number Across Run/Finish –  1/1
Where Finished –  On Press
Length per Roll/Unit – 4'
Core Type –  N/A
Core Width – N/A
Core Label – No
Dividers – 
Bag Size – 
Qty. Per Bag – 25 Each
Box Size –  6 x 6 x 6
Qty. Per Box – 25 Each
Weight/box – 
Box Per Pallet – 
Pallet Type – ","Core  –  N/A
Width – N/A
Number Across Run/FInish –  1/1
Core Label – No
±10% –  Yes
Unwind Dir. Run – N/A
Unwind Dir. Finish –  N/A
Diecut/Continuous/Sheet –  Sheet
Partial Case –  Yes
Pieces per roll/Unit – 25
Length per roll/unit –  4'
Finish – On Press
Application – "
9074,1423,"Number Across Run/Finish –  1/1
Where Finished –  On Press
Length per Roll/Unit – 6'
Core Type –  N/A
Core Width – N/A
Core Label – No
Dividers – 
Bag Size – 
Qty. Per Bag – 25 Each
Box Size –  12 x 12 x 10
Qty. Per Box – 25 Each
Weight/box – 
Box Per Pallet – 
Pallet Type – ","Core  –  N/A
Width – N/A
Number Across Run/FInish –  1/1
Core Label – No
±10% –  Yes
Unwind Dir. Run – N/A
Unwind Dir. Finish –  N/A
Diecut/Continuous/Sheet –  Sheet
Partial Case –  Yes
Pieces per roll/Unit – 25
Length per roll/unit –  6'
Finish – On Press
Application – "
9075,1424,"Number Across Run/Finish –  6/1
Where Finished –  Web Techniques
Length per Roll/Unit – 420'
Core Type –  3"" Paper 1/8"" Strouse Brown
Core Width – 0.75""
Core Label – Yes
Dividers – Lexmark style
Bag Size – 
Qty. Per Bag – 1 Rolls
Box Size –  12 x 12 x 12
Qty. Per Box – 100 M
Weight/box – 
Box Per Pallet – 
Pallet Type – ","Core  –  3"" Paper 1/8"" Strouse Brown
Width – 0.75""
Number Across Run/FInish –  6/1
Core Label – Yes
±10% –  Yes
Unwind Dir. Run – See Drawing
Unwind Dir. Finish –  See Drawing
Diecut/Continuous/Sheet –  Die Cut
Partial Case –  Yes
Pieces per roll/Unit – 10,000
Length per roll/unit –  420'
Finish – Web Techniques
Application – "
9076,1425,"Number Across Run/Finish –  4/1
Where Finished –  Web Techniques
Length per Roll/Unit – 420'
Core Type –  3"" Paper 1/8"" Strouse Brown
Core Width – 1.08""
Core Label – Yes
Dividers – Lexmark Style
Bag Size – 
Qty. Per Bag – 1 Rolls
Box Size –  
Qty. Per Box – 100 M
Weight/box – 
Box Per Pallet – 
Pallet Type – ","Core  –  3"" Paper 1/8"" Strouse Brown
Width – 1.08""
Number Across Run/FInish –  4/1
Core Label – Yes
±10% –  Yes
Unwind Dir. Run – See Drawing
Unwind Dir. Finish –  See Drawing
Diecut/Continuous/Sheet –  Die Cut
Partial Case –  Yes
Pieces per roll/Unit – 10,000
Length per roll/unit –  420'
Finish – Web Techniques
Application – "
9078,1426,"Number Across Run/Finish –  5/1
Where Finished –  On Press
Length per Roll/Unit – 4'
Core Type –  N/A
Core Width – N/A
Core Label – No
Dividers – 
Bag Size – 
Qty. Per Bag – 25 Each
Box Size –  10 x 10 x 10
Qty. Per Box – 200 Each
Weight/box – 
Box Per Pallet – 
Pallet Type – ","Core  –  N/A
Width – N/A
Number Across Run/FInish –  5/1
Core Label – No
±10% –  Yes
Unwind Dir. Run – N/A
Unwind Dir. Finish –  N/A
Diecut/Continuous/Sheet –  Die Cut Sheet
Partial Case –  Yes
Pieces per roll/Unit – 200
Length per roll/unit –  4'
Finish – On Press
Application – "
9080,1427,"Number Across Run/Finish –  8/8
Where Finished –  On Press
Length per Roll/Unit – 235'
Core Type –  6"" plastic, 0.155"" PP
Core Width – 8.5""
Core Label – Yes
Dividers – 
Bag Size – 
Qty. Per Bag – 1 Roll
Box Size –  12 x 12 x 13
Qty. Per Box – 1 Rolls
Weight/box – 
Box Per Pallet – 
Pallet Type – ","Core  –  6"" plastic, 0.155"" PP
Width – 8.5""
Number Across Run/FInish –  8/8
Core Label – Yes
±10% –  Yes
Unwind Dir. Run – Parts Out
Unwind Dir. Finish –  Parts Out
Diecut/Continuous/Sheet –  Die Cut
Partial Case –  Yes
Pieces per roll/Unit – 2,000
Length per roll/unit –  235'
Finish – On Press
Application – "
9081,1428,"Number Across Run/Finish –  1/1
Where Finished –  Off Press
Length per Roll/Unit – 2'
Core Type –  N/A
Core Width – N/A
Core Label – No
Dividers – 
Bag Size – 
Qty. Per Bag – 4 Each
Box Size –  6 x 6 x 6
Qty. Per Box – 250 Bags
Weight/box – 
Box Per Pallet – 
Pallet Type – ","Core  –  N/A
Width – N/A
Number Across Run/FInish –  1/1
Core Label – No
±10% –  Yes
Unwind Dir. Run – N/A
Unwind Dir. Finish –  N/A
Diecut/Continuous/Sheet –  Die Cut Sheet
Partial Case –  Yes
Pieces per roll/Unit – 4
Length per roll/unit –  2'
Finish – Off Press
Application – "
9082,1429,"Number Across Run/Finish –  4/1
Where Finished –  On Press
Length per Roll/Unit – 4'
Core Type –  N/A
Core Width – N/A
Core Label – No
Dividers – 
Bag Size – 
Qty. Per Bag – 25 Each
Box Size –  10 x 10 x 10
Qty. Per Box – 50 Each
Weight/box – 
Box Per Pallet – 
Pallet Type – ","Core  –  N/A
Width – N/A
Number Across Run/FInish –  4/1
Core Label – No
±10% –  Yes
Unwind Dir. Run – N/A
Unwind Dir. Finish –  N/A
Diecut/Continuous/Sheet –  Sheet
Partial Case –  Yes
Pieces per roll/Unit – 25
Length per roll/unit –  4'
Finish – On Press
Application – "
9085,1430,"Number Across Run/Finish –  1/1
Where Finished –  On Press
Length per Roll/Unit – 20'
Core Type –  N/A
Core Width – N/A
Core Label – No
Dividers – 
Bag Size – 
Qty. Per Bag – 50 Each
Box Size –  14 x 14 x 10
Qty. Per Box – 100 Bags
Weight/box – 
Box Per Pallet – 
Pallet Type – ","Core  –  N/A
Width – N/A
Number Across Run/FInish –  1/1
Core Label – No
±10% –  Yes
Unwind Dir. Run – N/A
Unwind Dir. Finish –  N/A
Diecut/Continuous/Sheet –  Sheet
Partial Case –  Yes
Pieces per roll/Unit – 50
Length per roll/unit –  20'
Finish – On Press
Application – "
9086,1431,"Number Across Run/Finish –  1/1
Where Finished –  On Press
Length per Roll/Unit – 287'
Core Type –  3"" Plastic 0.10"" HDPE
Core Width – 3.75""
Core Label – Yes
Dividers – 
Bag Size – 
Qty. Per Bag – 1 Roll
Box Size –  10 x 10 x 10
Qty. Per Box – 10 M
Weight/box – 
Box Per Pallet – 
Pallet Type – ","Core  –  3"" Plastic 0.10"" HDPE
Width – 3.75""
Number Across Run/FInish –  1/1
Core Label – Yes
±10% –  Yes
Unwind Dir. Run – Parts In
Unwind Dir. Finish –  Parts In
Diecut/Continuous/Sheet –  Die Cut
Partial Case –  Yes
Pieces per roll/Unit – 2,500
Length per roll/unit –  287'
Finish – On Press
Application – "
9087,1432,"Number Across Run/Finish –  2/1
Where Finished –  On Press
Length per Roll/Unit – 375'
Core Type –  3"" Paper 1/8"" White Brown
Core Width – 3.0""
Core Label – Yes
Dividers – 
Bag Size – 
Qty. Per Bag – 15 M
Box Size –  9 x 9 x 13
Qty. Per Box – 15 M
Weight/box – 
Box Per Pallet – 
Pallet Type – ","Core  –  3"" Paper 1/8"" White Brown
Width – 3.0""
Number Across Run/FInish –  2/1
Core Label – Yes
±10% –  Yes
Unwind Dir. Run – Parts Out
Unwind Dir. Finish –  Parts Out
Diecut/Continuous/Sheet –  Die Cut
Partial Case –  Yes
Pieces per roll/Unit – 5,000
Length per roll/unit –  375'
Finish – On Press
Application – "
9088,1433,"Number Across Run/Finish –  2/1
Where Finished –  On Press
Length per Roll/Unit – 469'
Core Type –  3"" Paper 1/8"" White Brown
Core Width – 3.0""
Core Label – Yes
Dividers – 
Bag Size – 
Qty. Per Bag – 15 M
Box Size –  16 x 16 x 10-1/4
Qty. Per Box – 15 M
Weight/box – 
Box Per Pallet – 
Pallet Type – ","Core  –  3"" Paper 1/8"" White Brown
Width – 3.0""
Number Across Run/FInish –  2/1
Core Label – Yes
±10% –  Yes
Unwind Dir. Run – Parts Out
Unwind Dir. Finish –  Parts Out
Diecut/Continuous/Sheet –  Die Cut
Partial Case –  Yes
Pieces per roll/Unit – 5,000
Length per roll/unit –  469'
Finish – On Press
Application – "
9090,1434,"Number Across Run/Finish –  1/1
Where Finished –  On Press
Length per Roll/Unit – 105'
Core Type –  N/A
Core Width – N/A
Core Label – No
Dividers – 
Bag Size – 
Qty. Per Bag – 2.5 M
Box Size –  12 x 12 x 10
Qty. Per Box – 5 M
Weight/box – 
Box Per Pallet – 
Pallet Type – ","Core  –  N/A
Width – N/A
Number Across Run/FInish –  1/1
Core Label – No
±10% –  Yes
Unwind Dir. Run – N/A
Unwind Dir. Finish –  N/A
Diecut/Continuous/Sheet –  Sheet
Partial Case –  Yes
Pieces per roll/Unit – 2,500
Length per roll/unit –  105'
Finish – On Press
Application – "
9091,1435,"Number Across Run/Finish –  2/2
Where Finished –  On Press
Length per Roll/Unit – 63'
Core Type –  3"" Paper 1/8"" Strouse Brown
Core Width – 2.000""
Core Label – No
Dividers – 
Bag Size – 
Qty. Per Bag – 4 M
Box Size –  8 x 8 x 8
Qty. Per Box – 4 M
Weight/box – 
Box Per Pallet – 
Pallet Type – ","Core  –  3"" Paper 1/8"" Strouse Brown
Width – 2.000""
Number Across Run/FInish –  2/2
Core Label – No
±10% –  Yes
Unwind Dir. Run – Parts Out
Unwind Dir. Finish –  Parts Out
Diecut/Continuous/Sheet –  Die Cut
Partial Case –  Yes
Pieces per roll/Unit – 1,000
Length per roll/unit –  63'
Finish – On Press
Application – "
9092,1436,"Number Across Run/Finish –  8/2
Where Finished –  On Press
Length per Roll/Unit – 33'
Core Type –  3"" Paper 1/8"" Strouse Brown
Core Width – 8 mm
Core Label – No
Dividers – Paper
Bag Size – 
Qty. Per Bag – 2 Rolls
Box Size –  23 x 23 x 2.5 cake
Qty. Per Box – 20 Rolls
Weight/box – 
Box Per Pallet – 
Pallet Type – ","Core  –  3"" Paper 1/8"" Strouse Brown
Width – 8 mm
Number Across Run/FInish –  8/2
Core Label – No
±10% –  Yes
Unwind Dir. Run – Parts Out
Unwind Dir. Finish –  Parts Out
Diecut/Continuous/Sheet –  Die Cut
Partial Case –  Yes
Pieces per roll/Unit – 2,000
Length per roll/unit –  33'
Finish – On Press
Application – "
9093,1437,"Number Across Run/Finish –  1/1
Where Finished –  On Press
Length per Roll/Unit – 438'
Core Type –  N/A
Core Width – N/A
Core Label – No
Dividers – 
Bag Size – 
Qty. Per Bag – 
Box Size –  12 1/2 x 8 1/2 x 12 5/8
Qty. Per Box – 250 Each
Weight/box – 
Box Per Pallet – 
Pallet Type – ","Core  –  N/A
Width – N/A
Number Across Run/FInish –  1/1
Core Label – No
±10% –  Yes
Unwind Dir. Run – N/A
Unwind Dir. Finish –  N/A
Diecut/Continuous/Sheet –  Die Cut Sheet
Partial Case –  No
Pieces per roll/Unit – 250
Length per roll/unit –  438'
Finish – On Press
Application – "
9094,1438,"Number Across Run/Finish –  1/1
Where Finished –  On Press
Length per Roll/Unit – 345'
Core Type –  3"" Paper 1/8"" White Brown
Core Width – 2.625""
Core Label – No
Dividers – 
Bag Size – 
Qty. Per Bag – 
Box Size –  12 x 12 x 4
Qty. Per Box – 8 M
Weight/box – 
Box Per Pallet – 
Pallet Type – ","Core  –  3"" Paper 1/8"" White Brown
Width – 2.625""
Number Across Run/FInish –  1/1
Core Label – No
±10% –  Yes
Unwind Dir. Run – Parts Out
Unwind Dir. Finish –  Parts Out
Diecut/Continuous/Sheet –  Die Cut
Partial Case –  Yes
Pieces per roll/Unit – 1,000
Length per roll/unit –  345'
Finish – On Press
Application – "
9096,1439,"Number Across Run/Finish –  1/1
Where Finished –  On Press
Length per Roll/Unit – 340'
Core Type –  N/A
Core Width – N/A
Core Label – No
Dividers – 
Bag Size – 
Qty. Per Bag – 10 Each
Box Size –  16 x 16 x 10-1/4
Qty. Per Box – 1,000 Each
Weight/box – 
Box Per Pallet – 
Pallet Type – ","Core  –  N/A
Width – N/A
Number Across Run/FInish –  1/1
Core Label – No
±10% –  Yes
Unwind Dir. Run – N/A
Unwind Dir. Finish –  N/A
Diecut/Continuous/Sheet –  Die Cut Sheet
Partial Case –  Yes
Pieces per roll/Unit – 500
Length per roll/unit –  340'
Finish – On Press
Application – "
9098,1440,"Number Across Run/Finish –  1/1
Where Finished –  On Press
Length per Roll/Unit – 297'
Core Type –  N/A
Core Width – N/A
Core Label – No
Dividers – 
Bag Size – 
Qty. Per Bag – 10 Each
Box Size –  12 x 12 x 10
Qty. Per Box – 1,000 Each
Weight/box – 
Box Per Pallet – 
Pallet Type – ","Core  –  N/A
Width – N/A
Number Across Run/FInish –  1/1
Core Label – No
±10% –  Yes
Unwind Dir. Run – N/A
Unwind Dir. Finish –  N/A
Diecut/Continuous/Sheet –  Die Cut Sheet
Partial Case –  Yes
Pieces per roll/Unit – 500
Length per roll/unit –  297'
Finish – On Press
Application – "
9100,1441,"Number Across Run/Finish –  3/1
Where Finished –  On Press
Length per Roll/Unit – 417'
Core Type –  N/A
Core Width – N/A
Core Label – No
Dividers – 
Bag Size – 
Qty. Per Bag – 3 M
Box Size –  
Qty. Per Box – 3 M
Weight/box – 
Box Per Pallet – 
Pallet Type – ","Core  –  N/A
Width – N/A
Number Across Run/FInish –  3/1
Core Label – No
±10% –  Yes
Unwind Dir. Run – N/A
Unwind Dir. Finish –  N/A
Diecut/Continuous/Sheet –  Die Cut Sheet
Partial Case –  Yes
Pieces per roll/Unit – 1,000
Length per roll/unit –  417'
Finish – On Press
Application – "
9102,1442,"Number Across Run/Finish –  1/1
Where Finished –  On Press
Length per Roll/Unit – 69'
Core Type –  N/A
Core Width – N/A
Core Label – No
Dividers – 
Bag Size – 
Qty. Per Bag – 
Box Size –  14 x 14 x 8
Qty. Per Box – 
Weight/box – 
Box Per Pallet – 
Pallet Type – ","Core  –  N/A
Width – N/A
Number Across Run/FInish –  1/1
Core Label – No
±10% –  Yes
Unwind Dir. Run – N/A
Unwind Dir. Finish –  N/A
Diecut/Continuous/Sheet –  Die Cut Sheet
Partial Case –  Yes
Pieces per roll/Unit – 100
Length per roll/unit –  69'
Finish – On Press
Application – "
9103,1443,"Number Across Run/Finish –  1/1
Where Finished –  On Press
Length per Roll/Unit – 75'
Core Type –  6"" plastic, 0.155"" PP
Core Width – 5""
Core Label – No
Dividers – 
Bag Size – 
Qty. Per Bag – 
Box Size –  11 x 11 x 14
Qty. Per Box – 100 Each
Weight/box – 
Box Per Pallet – 
Pallet Type – ","Core  –  6"" plastic, 0.155"" PP
Width – 5""
Number Across Run/FInish –  1/1
Core Label – No
±10% –  Yes
Unwind Dir. Run – N/A
Unwind Dir. Finish –  N/A
Diecut/Continuous/Sheet –  Die Cut Sheet
Partial Case –  Yes
Pieces per roll/Unit – 100
Length per roll/unit –  75'
Finish – On Press
Application – "
9111,1444,"Number Across Run/Finish –  2/1
Where Finished –  On Press
Length per Roll/Unit – 144'
Core Type –  3"" Paper 1/8"" Strouse Brown
Core Width – 1.6""
Core Label – Yes
Dividers – 
Bag Size – 
Qty. Per Bag – 6 Rolls
Box Size –  16 x 12 x 4 Strouse
Qty. Per Box – 6 Rolls
Weight/box – 
Box Per Pallet – 
Pallet Type – ","Core  –  3"" Paper 1/8"" Strouse Brown
Width – 1.6""
Number Across Run/FInish –  2/1
Core Label – Yes
±10% –  Yes
Unwind Dir. Run – Parts Out
Unwind Dir. Finish –  Parts Out
Diecut/Continuous/Sheet –  Die Cut
Partial Case –  Yes
Pieces per roll/Unit – 1,250
Length per roll/unit –  144'
Finish – On Press
Application – "
9112,1445,"Number Across Run/Finish –  1/1
Where Finished –  On Press
Length per Roll/Unit – 22'
Core Type –  N/A
Core Width – N/A
Core Label – No
Dividers – 
Bag Size – 
Qty. Per Bag – 5 Each
Box Size –  
Qty. Per Box – 25 Each
Weight/box – 
Box Per Pallet – 72
Pallet Type – ","Core  –  N/A
Width – N/A
Number Across Run/FInish –  1/1
Core Label – No
±10% –  Yes
Unwind Dir. Run – N/A
Unwind Dir. Finish –  N/A
Diecut/Continuous/Sheet –  Sheet
Partial Case –  No
Pieces per roll/Unit – 25
Length per roll/unit –  22'
Finish – On Press
Application – "
9113,1446,"Number Across Run/Finish –  4/
Where Finished –  
Length per Roll/Unit – 
Core Type –  N/A
Core Width – 
Core Label – 
Dividers – 
Bag Size – 
Qty. Per Bag – 
Box Size –  16 x 12 x 6 Strouse
Qty. Per Box – 
Weight/box – 
Box Per Pallet – 
Pallet Type – ","Core  –  N/A
Width – 
Number Across Run/FInish –  4/
Core Label – 
±10% –  Yes
Unwind Dir. Run – N/A
Unwind Dir. Finish –  
Diecut/Continuous/Sheet –  Die Cut
Partial Case –  Yes
Pieces per roll/Unit – 
Length per roll/unit –  
Finish – 
Application – "
9114,1447,"Number Across Run/Finish –  1/1
Where Finished –  On Press
Length per Roll/Unit – 43'
Core Type –  N/A
Core Width – N/A
Core Label – No
Dividers – 
Bag Size – 
Qty. Per Bag – 5 Each
Box Size –  16 x 12 x 8 Strouse
Qty. Per Box – 50 Each
Weight/box – 
Box Per Pallet – 63
Pallet Type – ","Core  –  N/A
Width – N/A
Number Across Run/FInish –  1/1
Core Label – No
±10% –  Yes
Unwind Dir. Run – N/A
Unwind Dir. Finish –  N/A
Diecut/Continuous/Sheet –  Sheet
Partial Case –  No
Pieces per roll/Unit – 50
Length per roll/unit –  43'
Finish – On Press
Application – "
9115,1448,"Number Across Run/Finish –  1/1
Where Finished –  On Press
Length per Roll/Unit – 86'
Core Type –  N/A
Core Width – N/A
Core Label – No
Dividers – 
Bag Size – 
Qty. Per Bag – 5 Each
Box Size –  12 x 12 x 4
Qty. Per Box – 100 Each
Weight/box – 
Box Per Pallet – 54
Pallet Type – ","Core  –  N/A
Width – N/A
Number Across Run/FInish –  1/1
Core Label – No
±10% –  Yes
Unwind Dir. Run – N/A
Unwind Dir. Finish –  N/A
Diecut/Continuous/Sheet –  Sheet
Partial Case –  No
Pieces per roll/Unit – 100
Length per roll/unit –  86'
Finish – On Press
Application – "
9117,1449,"Number Across Run/Finish –  3/1
Where Finished –  Off Press
Length per Roll/Unit – 250'
Core Type –  6"" plastic, 0.155"" PP
Core Width – 1.5""
Core Label – Yes
Dividers – Special
Bag Size – 
Qty. Per Bag – 1 Roll
Box Size –  16 x 16 x 10-1/4
Qty. Per Box – 15 M
Weight/box – 
Box Per Pallet – 
Pallet Type – ","Core  –  6"" plastic, 0.155"" PP
Width – 1.5""
Number Across Run/FInish –  3/1
Core Label – Yes
±10% –  Yes
Unwind Dir. Run – Parts Out
Unwind Dir. Finish –  See Drawing
Diecut/Continuous/Sheet –  Die Cut
Partial Case –  Yes
Pieces per roll/Unit – 3,000
Length per roll/unit –  250'
Finish – Off Press
Application – "
9118,1450,"Number Across Run/Finish –  3/1
Where Finished –  Off Press
Length per Roll/Unit – 250'
Core Type –  6"" plastic, 0.155"" PP
Core Width – 1.5""
Core Label – Yes
Dividers – Special
Bag Size – 
Qty. Per Bag – 1 Roll
Box Size –  16 x 16 x 10-1/4
Qty. Per Box – 15 M
Weight/box – 
Box Per Pallet – 
Pallet Type – ","Core  –  6"" plastic, 0.155"" PP
Width – 1.5""
Number Across Run/FInish –  3/1
Core Label – Yes
±10% –  Yes
Unwind Dir. Run – Parts Out
Unwind Dir. Finish –  See Drawing
Diecut/Continuous/Sheet –  Die Cut
Partial Case –  Yes
Pieces per roll/Unit – 3,000
Length per roll/unit –  250'
Finish – Off Press
Application – "
9119,1451,"Number Across Run/Finish –  3/1
Where Finished –  Off Press
Length per Roll/Unit – 250'
Core Type –  6"" plastic, 0.155"" PP
Core Width – 1.5""
Core Label – Yes
Dividers – Special
Bag Size – 
Qty. Per Bag – 1 Roll
Box Size –  16 x 16 x 10-1/4
Qty. Per Box – 15 M
Weight/box – 
Box Per Pallet – 
Pallet Type – ","Core  –  6"" plastic, 0.155"" PP
Width – 1.5""
Number Across Run/FInish –  3/1
Core Label – Yes
±10% –  Yes
Unwind Dir. Run – Parts Out
Unwind Dir. Finish –  See Drawing
Diecut/Continuous/Sheet –  Die Cut
Partial Case –  Yes
Pieces per roll/Unit – 3,000
Length per roll/unit –  250'
Finish – Off Press
Application – "
9120,1452,"Number Across Run/Finish –  3/1
Where Finished –  Off Press
Length per Roll/Unit – 250'
Core Type –  6"" plastic, 0.155"" PP
Core Width – 1.5""
Core Label – Yes
Dividers – Special
Bag Size – 
Qty. Per Bag – 1 Roll
Box Size –  16 x 16 x 10-1/4
Qty. Per Box – 15 M
Weight/box – 
Box Per Pallet – 
Pallet Type – ","Core  –  6"" plastic, 0.155"" PP
Width – 1.5""
Number Across Run/FInish –  3/1
Core Label – Yes
±10% –  Yes
Unwind Dir. Run – Parts Out
Unwind Dir. Finish –  See Drawing
Diecut/Continuous/Sheet –  Die Cut
Partial Case –  Yes
Pieces per roll/Unit – 3,000
Length per roll/unit –  250'
Finish – Off Press
Application – "
9121,1453,"Number Across Run/Finish –  3/1
Where Finished –  Off Press
Length per Roll/Unit – 250'
Core Type –  6"" plastic, 0.155"" PP
Core Width – 1.5""
Core Label – Yes
Dividers – Special
Bag Size – 
Qty. Per Bag – 1 Roll
Box Size –  16 x 16 x 10-1/4
Qty. Per Box – 15 M
Weight/box – 
Box Per Pallet – 
Pallet Type – ","Core  –  6"" plastic, 0.155"" PP
Width – 1.5""
Number Across Run/FInish –  3/1
Core Label – Yes
±10% –  Yes
Unwind Dir. Run – Parts Out
Unwind Dir. Finish –  See Drawing
Diecut/Continuous/Sheet –  Die Cut
Partial Case –  Yes
Pieces per roll/Unit – 3,000
Length per roll/unit –  250'
Finish – Off Press
Application – "
9122,1454,"Number Across Run/Finish –  3/1
Where Finished –  Off Press
Length per Roll/Unit – 250'
Core Type –  6"" plastic, 0.155"" PP
Core Width – 1.5""
Core Label – Yes
Dividers – Special
Bag Size – 
Qty. Per Bag – 1 Roll
Box Size –  26 x 26 x 3 T&B
Qty. Per Box – 15 M
Weight/box – 
Box Per Pallet – 
Pallet Type – ","Core  –  6"" plastic, 0.155"" PP
Width – 1.5""
Number Across Run/FInish –  3/1
Core Label – Yes
±10% –  Yes
Unwind Dir. Run – Parts Out
Unwind Dir. Finish –  See Drawing
Diecut/Continuous/Sheet –  Die Cut
Partial Case –  Yes
Pieces per roll/Unit – 3,000
Length per roll/unit –  250'
Finish – Off Press
Application – "
9123,1455,"Number Across Run/Finish –  1/1
Where Finished –  On Press
Length per Roll/Unit – 150'
Core Type –  N/A
Core Width – N/A
Core Label – No
Dividers – 
Bag Size – 
Qty. Per Bag – 100 Each
Box Size –  26 x 26 x 3 T&B
Qty. Per Box – 100 Each
Weight/box – 
Box Per Pallet – 
Pallet Type – ","Core  –  N/A
Width – N/A
Number Across Run/FInish –  1/1
Core Label – No
±10% –  Yes
Unwind Dir. Run – N/A
Unwind Dir. Finish –  N/A
Diecut/Continuous/Sheet –  Sheet
Partial Case –  Yes
Pieces per roll/Unit – 100
Length per roll/unit –  150'
Finish – On Press
Application – "
9124,1456,"Number Across Run/Finish –  1/1
Where Finished –  On Press
Length per Roll/Unit – 150'
Core Type –  N/A
Core Width – N/A
Core Label – No
Dividers – 
Bag Size – 
Qty. Per Bag – 100 Each
Box Size –  12 x 12 x 10
Qty. Per Box – 100 Each
Weight/box – 
Box Per Pallet – 
Pallet Type – ","Core  –  N/A
Width – N/A
Number Across Run/FInish –  1/1
Core Label – No
±10% –  Yes
Unwind Dir. Run – N/A
Unwind Dir. Finish –  N/A
Diecut/Continuous/Sheet –  Sheet
Partial Case –  Yes
Pieces per roll/Unit – 100
Length per roll/unit –  150'
Finish – On Press
Application – "
9125,1457,"Number Across Run/Finish –  1/1
Where Finished –  Web Techniques
Length per Roll/Unit – 527'
Core Type –  3"" Plastic 0.10"" HDPE
Core Width – 4.5""
Core Label – Yes
Dividers – Lexmark Style
Bag Size – 
Qty. Per Bag – 1 Roll
Box Size –  12 x 12 x 12
Qty. Per Box – 2 Rolls
Weight/box – 
Box Per Pallet – 
Pallet Type – ","Core  –  3"" Plastic 0.10"" HDPE
Width – 4.5""
Number Across Run/FInish –  1/1
Core Label – Yes
±10% –  Yes
Unwind Dir. Run – Parts Out
Unwind Dir. Finish –  Parts Out
Diecut/Continuous/Sheet –  Die Cut
Partial Case –  Yes
Pieces per roll/Unit – 5,000
Length per roll/unit –  527'
Finish – Web Techniques
Application – "
9126,1458,"Number Across Run/Finish –  1/1
Where Finished –  Web Techniques
Length per Roll/Unit – 631'
Core Type –  3"" Plastic 0.10"" HDPE
Core Width – 4.5""
Core Label – Yes
Dividers – Lexmark Style
Bag Size – 
Qty. Per Bag – 1 Roll
Box Size –  12 x 12 x 12
Qty. Per Box – 3 Rolls
Weight/box – 
Box Per Pallet – 
Pallet Type – ","Core  –  3"" Plastic 0.10"" HDPE
Width – 4.5""
Number Across Run/FInish –  1/1
Core Label – Yes
±10% –  Yes
Unwind Dir. Run – Parts Out
Unwind Dir. Finish –  Parts Out
Diecut/Continuous/Sheet –  Die Cut
Partial Case –  Yes
Pieces per roll/Unit – 5,000
Length per roll/unit –  631'
Finish – Web Techniques
Application – "
9127,1459,"Number Across Run/Finish –  1/1
Where Finished –  Web Techniques
Length per Roll/Unit – 475'
Core Type –  3"" Plastic 0.10"" HDPE
Core Width – 4.5""
Core Label – Yes
Dividers – Lexmark Style
Bag Size – 
Qty. Per Bag – 1 Roll
Box Size –  12 x 12 x 4
Qty. Per Box – 2 Rolls
Weight/box – 
Box Per Pallet – 
Pallet Type – ","Core  –  3"" Plastic 0.10"" HDPE
Width – 4.5""
Number Across Run/FInish –  1/1
Core Label – Yes
±10% –  Yes
Unwind Dir. Run – Parts Out
Unwind Dir. Finish –  Parts Out
Diecut/Continuous/Sheet –  Die Cut
Partial Case –  Yes
Pieces per roll/Unit – 5,000
Length per roll/unit –  475'
Finish – Web Techniques
Application – "
9128,1460,"Number Across Run/Finish –  2/1
Where Finished –  On Press
Length per Roll/Unit – 103'
Core Type –  CSM Spool
Core Width – Special
Core Label – Yes
Dividers – 
Bag Size – 
Qty. Per Bag – 1 Rolls
Box Size –  12 x 4 x 4
Qty. Per Box – 2 Rolls
Weight/box – 
Box Per Pallet – 
Pallet Type – ","Core  –  CSM Spool
Width – Special
Number Across Run/FInish –  2/1
Core Label – Yes
±10% –  Yes
Unwind Dir. Run – Parts In
Unwind Dir. Finish –  Parts In
Diecut/Continuous/Sheet –  Die Cut
Partial Case –  Yes
Pieces per roll/Unit – 2,200
Length per roll/unit –  103'
Finish – On Press
Application – "
9129,1461,"Number Across Run/Finish –  4/1
Where Finished –  On Press
Length per Roll/Unit – 1'
Core Type –  N/A
Core Width – N/A
Core Label – No
Dividers – 
Bag Size – 
Qty. Per Bag – 10 Each
Box Size –  12 x 12 x 4
Qty. Per Box – 10 Each
Weight/box – 
Box Per Pallet – 
Pallet Type – ","Core  –  N/A
Width – N/A
Number Across Run/FInish –  4/1
Core Label – No
±10% –  Yes
Unwind Dir. Run – N/A
Unwind Dir. Finish –  N/A
Diecut/Continuous/Sheet –  Die Cut Sheet
Partial Case –  Yes
Pieces per roll/Unit – 10
Length per roll/unit –  1'
Finish – On Press
Application – "
9130,1462,"Number Across Run/Finish –  5/5
Where Finished –  On Press
Length per Roll/Unit – 1'
Core Type –  N/A
Core Width – N/A
Core Label – No
Dividers – 
Bag Size – 
Qty. Per Bag – 10 Each
Box Size –  12 x 12 x 4
Qty. Per Box – 10 Each
Weight/box – 
Box Per Pallet – 
Pallet Type – ","Core  –  N/A
Width – N/A
Number Across Run/FInish –  5/5
Core Label – No
±10% –  Yes
Unwind Dir. Run – N/A
Unwind Dir. Finish –  N/A
Diecut/Continuous/Sheet –  Die Cut Sheet
Partial Case –  Yes
Pieces per roll/Unit – 50
Length per roll/unit –  1'
Finish – On Press
Application – "
9131,1463,"Number Across Run/Finish –  3/3
Where Finished –  On Press
Length per Roll/Unit – 1'
Core Type –  N/A
Core Width – N/A
Core Label – No
Dividers – 
Bag Size – 
Qty. Per Bag – 10 Each
Box Size –  12 x 12 x 4
Qty. Per Box – 10 Each
Weight/box – 
Box Per Pallet – 
Pallet Type – ","Core  –  N/A
Width – N/A
Number Across Run/FInish –  3/3
Core Label – No
±10% –  Yes
Unwind Dir. Run – N/A
Unwind Dir. Finish –  N/A
Diecut/Continuous/Sheet –  Die Cut Sheet
Partial Case –  Yes
Pieces per roll/Unit – 30
Length per roll/unit –  1'
Finish – On Press
Application – "
9132,1464,"Number Across Run/Finish –  2/2
Where Finished –  On Press
Length per Roll/Unit – 1'
Core Type –  N/A
Core Width – N/A
Core Label – No
Dividers – 
Bag Size – 
Qty. Per Bag – 10 Each
Box Size –  12 x 12 x 12
Qty. Per Box – 10 Each
Weight/box – 
Box Per Pallet – 
Pallet Type – ","Core  –  N/A
Width – N/A
Number Across Run/FInish –  2/2
Core Label – No
±10% –  Yes
Unwind Dir. Run – N/A
Unwind Dir. Finish –  N/A
Diecut/Continuous/Sheet –  Die Cut Sheet
Partial Case –  Yes
Pieces per roll/Unit – 20
Length per roll/unit –  1'
Finish – On Press
Application – "
9133,1465,"Number Across Run/Finish –  1/1
Where Finished –  On Press
Length per Roll/Unit – 277'
Core Type –  6"" plastic, 0.155"" PP
Core Width – 97.8 mm
Core Label – Yes
Dividers – 
Bag Size – 
Qty. Per Bag – 1 Roll
Box Size –  6 x 6 x 6
Qty. Per Box – 2 M
Weight/box – 
Box Per Pallet – 
Pallet Type – ","Core  –  6"" plastic, 0.155"" PP
Width – 97.8 mm
Number Across Run/FInish –  1/1
Core Label – Yes
±10% –  Yes
Unwind Dir. Run – See Drawing
Unwind Dir. Finish –  See Drawing
Diecut/Continuous/Sheet –  Die Cut
Partial Case –  Yes
Pieces per roll/Unit – 500
Length per roll/unit –  277'
Finish – On Press
Application – "
9134,1466,"Number Across Run/Finish –  1/1
Where Finished –  Off Press
Length per Roll/Unit – 67'
Core Type –  N/A
Core Width – N/A
Core Label – No
Dividers – 
Bag Size – 
Qty. Per Bag – 4 Each
Box Size –  14 x 14 x 10
Qty. Per Box – 1,000 Each
Weight/box – 
Box Per Pallet – 
Pallet Type – ","Core  –  N/A
Width – N/A
Number Across Run/FInish –  1/1
Core Label – No
±10% –  No
Unwind Dir. Run – N/A
Unwind Dir. Finish –  N/A
Diecut/Continuous/Sheet –  Sheet
Partial Case –  No
Pieces per roll/Unit – 400
Length per roll/unit –  67'
Finish – Off Press
Application – "
9135,1467,"Number Across Run/Finish –  3/1
Where Finished –  On Press
Length per Roll/Unit – 163'
Core Type –  3"" Paper 1/8"" Strouse Brown
Core Width – 2""
Core Label – Yes
Dividers – Cardboard 13x13
Bag Size – 
Qty. Per Bag – 1 Rolls
Box Size –  13 x 13 x 10
Qty. Per Box – 4 M
Weight/box – 
Box Per Pallet – 
Pallet Type – ","Core  –  3"" Paper 1/8"" Strouse Brown
Width – 2""
Number Across Run/FInish –  3/1
Core Label – Yes
±10% –  Yes
Unwind Dir. Run – See Drawing
Unwind Dir. Finish –  See Drawing
Diecut/Continuous/Sheet –  Die Cut
Partial Case –  Yes
Pieces per roll/Unit – 1,200
Length per roll/unit –  163'
Finish – On Press
Application – "
9137,1468,"Number Across Run/Finish –  1/1
Where Finished –  On Press
Length per Roll/Unit – 196'
Core Type –  N/A
Core Width – N/A
Core Label – No
Dividers – 
Bag Size – 
Qty. Per Bag – 200 Each
Box Size –  12 x 12 x 10
Qty. Per Box – 1,000 Each
Weight/box – 
Box Per Pallet – 
Pallet Type – ","Core  –  N/A
Width – N/A
Number Across Run/FInish –  1/1
Core Label – No
±10% –  Yes
Unwind Dir. Run – N/A
Unwind Dir. Finish –  N/A
Diecut/Continuous/Sheet –  Die Cut Sheet
Partial Case –  Yes
Pieces per roll/Unit – 200
Length per roll/unit –  196'
Finish – On Press
Application – "
9139,1469,"Number Across Run/Finish –  1/1
Where Finished –  On Press
Length per Roll/Unit – 30'
Core Type –  N/A
Core Width – N/A
Core Label – No
Dividers – 
Bag Size – 
Qty. Per Bag – 400 Each
Box Size –  16 x 16 x 16
Qty. Per Box – 1,200 Each
Weight/box – 
Box Per Pallet – 
Pallet Type – ","Core  –  N/A
Width – N/A
Number Across Run/FInish –  1/1
Core Label – No
±10% –  Yes
Unwind Dir. Run – N/A
Unwind Dir. Finish –  N/A
Diecut/Continuous/Sheet –  Sheet
Partial Case –  Yes
Pieces per roll/Unit – 400
Length per roll/unit –  30'
Finish – On Press
Application – "
9148,1470,"Number Across Run/Finish –  125/1
Where Finished –  On Press
Length per Roll/Unit – 99 m
Core Type –  6"" Paper 3/8"" Brown Brown
Core Width – 6""
Core Label – Yes
Dividers – 
Bag Size – 
Qty. Per Bag – 1 Rolls
Box Size –  23 x 23 x 2.5 cake
Qty. Per Box – 2 Rolls
Weight/box – 
Box Per Pallet – 
Pallet Type – ","Core  –  6"" Paper 3/8"" Brown Brown
Width – 6""
Number Across Run/FInish –  125/1
Core Label – Yes
±10% –  Yes
Unwind Dir. Run – Liner Out
Unwind Dir. Finish –  Liner Out
Diecut/Continuous/Sheet –  Continuous
Partial Case –  Yes
Pieces per roll/Unit – 1 Roll
Length per roll/unit –  99 m
Finish – On Press
Application – "
9149,1471,"Number Across Run/Finish –  1/1
Where Finished –  On Press
Length per Roll/Unit – 384'
Core Type –  N/A
Core Width – N/A
Core Label – No
Dividers – 
Bag Size – 
Qty. Per Bag – 
Box Size –  Various Sizes
Qty. Per Box – 200 Each
Weight/box – 
Box Per Pallet – 
Pallet Type – ","Core  –  N/A
Width – N/A
Number Across Run/FInish –  1/1
Core Label – No
±10% –  Yes
Unwind Dir. Run – N/A
Unwind Dir. Finish –  N/A
Diecut/Continuous/Sheet –  Die Cut Sheet
Partial Case –  No
Pieces per roll/Unit – 200
Length per roll/unit –  384'
Finish – On Press
Application – "
9150,1472,"Number Across Run/Finish –  1/1
Where Finished –  On Press
Length per Roll/Unit – 3'
Core Type –  N/A
Core Width – N/A
Core Label – No
Dividers – See Note
Bag Size – 
Qty. Per Bag – 2 Each
Box Size –  24 x 24 x 6
Qty. Per Box – 
Weight/box – 
Box Per Pallet – 16
Pallet Type – ","Core  –  N/A
Width – N/A
Number Across Run/FInish –  1/1
Core Label – No
±10% –  Ask
Unwind Dir. Run – N/A
Unwind Dir. Finish –  N/A
Diecut/Continuous/Sheet –  Die Cut Sheet
Partial Case –  Ask
Pieces per roll/Unit – 20
Length per roll/unit –  3'
Finish – On Press
Application – "
9151,1473,"Number Across Run/Finish –  1/1
Where Finished –  On Press
Length per Roll/Unit – 200'
Core Type –  N/A
Core Width – N/A
Core Label – Yes
Dividers – 
Bag Size – 
Qty. Per Bag – 100 Each
Box Size –  12 x 12 x 4
Qty. Per Box – 100 Each
Weight/box – 
Box Per Pallet – 
Pallet Type – ","Core  –  N/A
Width – N/A
Number Across Run/FInish –  1/1
Core Label – Yes
±10% –  Yes
Unwind Dir. Run – N/A
Unwind Dir. Finish –  N/A
Diecut/Continuous/Sheet –  Sheet
Partial Case –  Yes
Pieces per roll/Unit – 100
Length per roll/unit –  200'
Finish – On Press
Application – "
9152,1474,"Number Across Run/Finish –  6/1
Where Finished –  On Press
Length per Roll/Unit – 1'
Core Type –  N/A
Core Width – N/A
Core Label – No
Dividers – 
Bag Size – 
Qty. Per Bag – 50 Each
Box Size –  12 x 12 x 10
Qty. Per Box – 300 Each
Weight/box – 
Box Per Pallet – 
Pallet Type – ","Core  –  N/A
Width – N/A
Number Across Run/FInish –  6/1
Core Label – No
±10% –  Yes
Unwind Dir. Run – N/A
Unwind Dir. Finish –  N/A
Diecut/Continuous/Sheet –  Sheet
Partial Case –  Yes
Pieces per roll/Unit – 50
Length per roll/unit –  1'
Finish – On Press
Application – "
9153,1475,"Number Across Run/Finish –  2/1
Where Finished –  On Press
Length per Roll/Unit – 917'
Core Type –  3"" Paper 1/8"" Strouse Brown
Core Width – 4.5""
Core Label – Yes
Dividers – 
Bag Size – 
Qty. Per Bag – 1 Roll
Box Size –  special
Qty. Per Box – 10 M
Weight/box – 
Box Per Pallet – 
Pallet Type – ","Core  –  3"" Paper 1/8"" Strouse Brown
Width – 4.5""
Number Across Run/FInish –  2/1
Core Label – Yes
±10% –  Yes
Unwind Dir. Run – Parts Out
Unwind Dir. Finish –  Parts Out
Diecut/Continuous/Sheet –  Die Cut
Partial Case –  Yes
Pieces per roll/Unit – 5,000
Length per roll/unit –  917'
Finish – On Press
Application – "
9155,1476,"Number Across Run/Finish –  1/1
Where Finished –  On Press
Length per Roll/Unit – 250'
Core Type –  6"" plastic, 0.155"" PP
Core Width – 6.00""
Core Label – Yes
Dividers – 
Bag Size – 
Qty. Per Bag – 1 Rolls
Box Size –  16 x 16 x 10-1/4
Qty. Per Box – 2 Rolls
Weight/box – 
Box Per Pallet – 
Pallet Type – ","Core  –  6"" plastic, 0.155"" PP
Width – 6.00""
Number Across Run/FInish –  1/1
Core Label – Yes
±10% –  Yes
Unwind Dir. Run – Parts In
Unwind Dir. Finish –  Parts In
Diecut/Continuous/Sheet –  Die Cut
Partial Case –  Yes
Pieces per roll/Unit – 1,000
Length per roll/unit –  250'
Finish – On Press
Application – "
9156,1477,"Number Across Run/Finish –  1/1
Where Finished –  Off Press
Length per Roll/Unit – 3'
Core Type –  N/A
Core Width – N/A
Core Label – No
Dividers – 
Bag Size – 
Qty. Per Bag – 4 Each
Box Size –  11 x 11 x 8
Qty. Per Box – 250 Bags
Weight/box – 
Box Per Pallet – 
Pallet Type – ","Core  –  N/A
Width – N/A
Number Across Run/FInish –  1/1
Core Label – No
±10% –  Yes
Unwind Dir. Run – N/A
Unwind Dir. Finish –  N/A
Diecut/Continuous/Sheet –  Die Cut Sheet
Partial Case –  Yes
Pieces per roll/Unit – 4
Length per roll/unit –  3'
Finish – Off Press
Application – "
9158,1478,"Number Across Run/Finish –  3/1
Where Finished –  On Press
Length per Roll/Unit – 439'
Core Type –  3"" Plastic 0.10"" HDPE
Core Width – 1.13""
Core Label – Yes
Dividers – Lexmark style
Bag Size – 
Qty. Per Bag – 1 Roll
Box Size –  Best Fit Per Qty
Qty. Per Box – 70 M
Weight/box – 
Box Per Pallet – 
Pallet Type – ","Core  –  3"" Plastic 0.10"" HDPE
Width – 1.13""
Number Across Run/FInish –  3/1
Core Label – Yes
±10% –  Yes
Unwind Dir. Run – PARTS In
Unwind Dir. Finish –  PARTS In
Diecut/Continuous/Sheet –  Die Cut
Partial Case –  Yes
Pieces per roll/Unit – 7,000
Length per roll/unit –  439'
Finish – On Press
Application – "
9162,1479,"Number Across Run/Finish –  2/2
Where Finished –  On Press
Length per Roll/Unit – 27'
Core Type –  3"" Plastic 0.10"" HDPE
Core Width – 9""
Core Label – Yes
Dividers – 
Bag Size – 
Qty. Per Bag – 2 Rolls
Box Size –  14 x 14 x 14
Qty. Per Box – 4 Rolls
Weight/box – 
Box Per Pallet – 
Pallet Type – ","Core  –  3"" Plastic 0.10"" HDPE
Width – 9""
Number Across Run/FInish –  2/2
Core Label – Yes
±10% –  Yes
Unwind Dir. Run – Parts Out
Unwind Dir. Finish –  Parts Out
Diecut/Continuous/Sheet –  Die Cut
Partial Case –  Yes
Pieces per roll/Unit – 250
Length per roll/unit –  27'
Finish – On Press
Application – "
9163,1480,"Number Across Run/Finish –  1/1
Where Finished –  On Press
Length per Roll/Unit – 42'
Core Type –  N/A
Core Width – N/A
Core Label – No
Dividers – 
Bag Size – 
Qty. Per Bag – 1 M
Box Size –  12 x 12 x 6
Qty. Per Box – 5 M
Weight/box – 
Box Per Pallet – 
Pallet Type – ","Core  –  N/A
Width – N/A
Number Across Run/FInish –  1/1
Core Label – No
±10% –  Yes
Unwind Dir. Run – N/A
Unwind Dir. Finish –  N/A
Diecut/Continuous/Sheet –  Sheet
Partial Case –  Yes
Pieces per roll/Unit – 1,000
Length per roll/unit –  42'
Finish – On Press
Application – "
9165,1481,"Number Across Run/Finish –  1/1
Where Finished –  On Press
Length per Roll/Unit – 417'
Core Type –  3"" Plastic 0.10"" HDPE
Core Width – 3.75""
Core Label – Yes
Dividers – 
Bag Size – 
Qty. Per Bag – 1 Roll
Box Size –  12 x 12 x 10
Qty. Per Box – 5 M
Weight/box – 
Box Per Pallet – 
Pallet Type – ","Core  –  3"" Plastic 0.10"" HDPE
Width – 3.75""
Number Across Run/FInish –  1/1
Core Label – Yes
±10% –  Yes
Unwind Dir. Run – Parts In
Unwind Dir. Finish –  Parts In
Diecut/Continuous/Sheet –  Die Cut
Partial Case –  Yes
Pieces per roll/Unit – 2,500
Length per roll/unit –  417'
Finish – On Press
Application – "
9166,1482,"Number Across Run/Finish –  1/1
Where Finished –  On Press
Length per Roll/Unit – 188'
Core Type –  N/A
Core Width – N/A
Core Label – Yes - on bag
Dividers – 
Bag Size – 
Qty. Per Bag – 100 Each
Box Size –  16 x 16 x 10-1/4
Qty. Per Box – 100 Each
Weight/box – 
Box Per Pallet – 
Pallet Type – ","Core  –  N/A
Width – N/A
Number Across Run/FInish –  1/1
Core Label – Yes - on bag
±10% –  Yes
Unwind Dir. Run – N/A
Unwind Dir. Finish –  N/A
Diecut/Continuous/Sheet –  Sheet
Partial Case –  Yes
Pieces per roll/Unit – 500
Length per roll/unit –  188'
Finish – On Press
Application – "
9167,1483,"Number Across Run/Finish –  1/1
Where Finished –  On Press
Length per Roll/Unit – 334'
Core Type –  N/A
Core Width – N/A
Core Label – Yes - on bag
Dividers – 
Bag Size – 
Qty. Per Bag – 100 Each
Box Size –  12 x 12 x 4
Qty. Per Box – 100 Each
Weight/box – 
Box Per Pallet – 
Pallet Type – ","Core  –  N/A
Width – N/A
Number Across Run/FInish –  1/1
Core Label – Yes - on bag
±10% –  Yes
Unwind Dir. Run – N/A
Unwind Dir. Finish –  N/A
Diecut/Continuous/Sheet –  Sheet
Partial Case –  Yes
Pieces per roll/Unit – 500
Length per roll/unit –  334'
Finish – On Press
Application – "
9168,1484,"Number Across Run/Finish –  1/1
Where Finished –  Web Techniques
Length per Roll/Unit – 524'
Core Type –  3"" Plastic 0.10"" HDPE
Core Width – 38.1 mm
Core Label – Yes
Dividers – Lexmark style
Bag Size – 
Qty. Per Bag – 1 Roll
Box Size –  8 x 8 x 8
Qty. Per Box – 25 M
Weight/box – 3
Box Per Pallet – 
Pallet Type – ","Core  –  3"" Plastic 0.10"" HDPE
Width – 38.1 mm
Number Across Run/FInish –  1/1
Core Label – Yes
±10% –  Yes
Unwind Dir. Run – See Drawing
Unwind Dir. Finish –  See Drawing
Diecut/Continuous/Sheet –  Die Cut
Partial Case –  Yes
Pieces per roll/Unit – 12,500
Length per roll/unit –  524'
Finish – Web Techniques
Application – "
9170,1485,"Number Across Run/Finish –  1/1
Where Finished –  On Press
Length per Roll/Unit – 60'
Core Type –  N/A
Core Width – N/A
Core Label – Yes - on bag
Dividers – 
Bag Size – 
Qty. Per Bag – 100 Each
Box Size –  12 x 12 x 4
Qty. Per Box – 500 Each
Weight/box – 
Box Per Pallet – 
Pallet Type – ","Core  –  N/A
Width – N/A
Number Across Run/FInish –  1/1
Core Label – Yes - on bag
±10% –  Yes
Unwind Dir. Run – N/A
Unwind Dir. Finish –  N/A
Diecut/Continuous/Sheet –  Die Cut Sheet
Partial Case –  Yes
Pieces per roll/Unit – 100
Length per roll/unit –  60'
Finish – On Press
Application – "
9171,1486,"Number Across Run/Finish –  1/1
Where Finished –  On Press
Length per Roll/Unit – 8'
Core Type –  N/A
Core Width – N/A
Core Label – Yes - on bag
Dividers – 
Bag Size – 
Qty. Per Bag – 100 Each
Box Size –  12 x 12 x 4
Qty. Per Box – 500 Each
Weight/box – 
Box Per Pallet – 
Pallet Type – ","Core  –  N/A
Width – N/A
Number Across Run/FInish –  1/1
Core Label – Yes - on bag
±10% –  Yes
Unwind Dir. Run – N/A
Unwind Dir. Finish –  N/A
Diecut/Continuous/Sheet –  Die Cut Sheet
Partial Case –  Yes
Pieces per roll/Unit – 100
Length per roll/unit –  8'
Finish – On Press
Application – "
9172,1487,"Number Across Run/Finish –  1/1
Where Finished –  On Press
Length per Roll/Unit – 9'
Core Type –  N/A
Core Width – N/A
Core Label – Yes - On bag
Dividers – 
Bag Size – 
Qty. Per Bag – 100 Each
Box Size –  12 x 12 x 4
Qty. Per Box – 500 Each
Weight/box – 
Box Per Pallet – 
Pallet Type – ","Core  –  N/A
Width – N/A
Number Across Run/FInish –  1/1
Core Label – Yes - On bag
±10% –  Yes
Unwind Dir. Run – N/A
Unwind Dir. Finish –  N/A
Diecut/Continuous/Sheet –  Die Cut Sheet
Partial Case –  Yes
Pieces per roll/Unit – 100
Length per roll/unit –  9'
Finish – On Press
Application – "
9173,1488,"Number Across Run/Finish –  1/1
Where Finished –  On Press
Length per Roll/Unit – 51'
Core Type –  N/A
Core Width – N/A
Core Label – Yes - on bag
Dividers – 
Bag Size – 
Qty. Per Bag – 100 Each
Box Size –  6 x 6 x 6
Qty. Per Box – 500 Each
Weight/box – 
Box Per Pallet – 
Pallet Type – ","Core  –  N/A
Width – N/A
Number Across Run/FInish –  1/1
Core Label – Yes - on bag
±10% –  Yes
Unwind Dir. Run – Sheets
Unwind Dir. Finish –  N/A
Diecut/Continuous/Sheet –  Die Cut Sheet
Partial Case –  Yes
Pieces per roll/Unit – 100
Length per roll/unit –  51'
Finish – On Press
Application – "
9174,1489,"Number Across Run/Finish –  1/1
Where Finished –  On Press
Length per Roll/Unit – 35'
Core Type –  N/A
Core Width – N/A
Core Label – Yes - on bag
Dividers – 
Bag Size – 
Qty. Per Bag – 100 Each
Box Size –  12 x 12 x 4
Qty. Per Box – 500 Each
Weight/box – 
Box Per Pallet – 
Pallet Type – ","Core  –  N/A
Width – N/A
Number Across Run/FInish –  1/1
Core Label – Yes - on bag
±10% –  Yes
Unwind Dir. Run – N/A
Unwind Dir. Finish –  N/A
Diecut/Continuous/Sheet –  Die Cut Sheet
Partial Case –  Yes
Pieces per roll/Unit – 100
Length per roll/unit –  35'
Finish – On Press
Application – "
9175,1490,"Number Across Run/Finish –  1/1
Where Finished –  On Press
Length per Roll/Unit – 35'
Core Type –  N/A
Core Width – N/A
Core Label – Yes - On bag
Dividers – 
Bag Size – 
Qty. Per Bag – 100 Each
Box Size –  6 x 6 x 6
Qty. Per Box – 500 Each
Weight/box – 
Box Per Pallet – 
Pallet Type – ","Core  –  N/A
Width – N/A
Number Across Run/FInish –  1/1
Core Label – Yes - On bag
±10% –  Yes
Unwind Dir. Run – N/A
Unwind Dir. Finish –  N/A
Diecut/Continuous/Sheet –  Die Cut Sheet
Partial Case –  Yes
Pieces per roll/Unit – 100
Length per roll/unit –  35'
Finish – On Press
Application – "
9176,1491,"Number Across Run/Finish –  1/1
Where Finished –  On Press
Length per Roll/Unit – 6'
Core Type –  N/A
Core Width – N/A
Core Label – Yes - On Bag
Dividers – 
Bag Size – 
Qty. Per Bag – 100 Each
Box Size –  12 x 12 x 4
Qty. Per Box – 500 Each
Weight/box – 
Box Per Pallet – 
Pallet Type – ","Core  –  N/A
Width – N/A
Number Across Run/FInish –  1/1
Core Label – Yes - On Bag
±10% –  Yes
Unwind Dir. Run – N/A
Unwind Dir. Finish –  N/A
Diecut/Continuous/Sheet –  Die Cut Sheet
Partial Case –  Yes
Pieces per roll/Unit – 100
Length per roll/unit –  6'
Finish – On Press
Application – "
9177,1492,"Number Across Run/Finish –  1/1
Where Finished –  On Press
Length per Roll/Unit – 6'
Core Type –  N/A
Core Width – N/A
Core Label – Yes - On bag
Dividers – 
Bag Size – 
Qty. Per Bag – 100 Each
Box Size –  12 x 12 x 4
Qty. Per Box – 500 Each
Weight/box – 
Box Per Pallet – 
Pallet Type – ","Core  –  N/A
Width – N/A
Number Across Run/FInish –  1/1
Core Label – Yes - On bag
±10% –  Yes
Unwind Dir. Run – N/A
Unwind Dir. Finish –  N/A
Diecut/Continuous/Sheet –  Die Cut Sheet
Partial Case –  Yes
Pieces per roll/Unit – 100
Length per roll/unit –  6'
Finish – On Press
Application – "
9178,1493,"Number Across Run/Finish –  1/1
Where Finished –  On Press
Length per Roll/Unit – 45'
Core Type –  N/A
Core Width – N/A
Core Label – Yes - On bag
Dividers – 
Bag Size – 
Qty. Per Bag – 100 Each
Box Size –  12 x 12 x 12
Qty. Per Box – 500 Each
Weight/box – 
Box Per Pallet – 
Pallet Type – ","Core  –  N/A
Width – N/A
Number Across Run/FInish –  1/1
Core Label – Yes - On bag
±10% –  Yes
Unwind Dir. Run – N/A
Unwind Dir. Finish –  N/A
Diecut/Continuous/Sheet –  Sheet
Partial Case –  Yes
Pieces per roll/Unit – 100
Length per roll/unit –  45'
Finish – On Press
Application – "
9180,1494,"Number Across Run/Finish –  1/1
Where Finished –  On Press
Length per Roll/Unit – 140'
Core Type –  N/A
Core Width – N/A
Core Label – No
Dividers – 
Bag Size – 
Qty. Per Bag – 70 Each
Box Size –  6 x 6 x 6
Qty. Per Box – 140 Each
Weight/box – 
Box Per Pallet – 
Pallet Type – ","Core  –  N/A
Width – N/A
Number Across Run/FInish –  1/1
Core Label – No
±10% –  Yes
Unwind Dir. Run – N/A
Unwind Dir. Finish –  N/A
Diecut/Continuous/Sheet –  Sheet
Partial Case –  Yes
Pieces per roll/Unit – 70
Length per roll/unit –  140'
Finish – On Press
Application – "
9182,1495,"Number Across Run/Finish –  1/1
Where Finished –  On Press
Length per Roll/Unit – 139'
Core Type –  3"" Paper 1/8"" Strouse Brown
Core Width – 2.5""
Core Label – Yes
Dividers – 
Bag Size – 
Qty. Per Bag – 5 Rolls
Box Size –  8 1/8 x 8 1/8 x 32 Top & Bottom Log Box
Qty. Per Box – 25 M
Weight/box – 
Box Per Pallet – 
Pallet Type – ","Core  –  3"" Paper 1/8"" Strouse Brown
Width – 2.5""
Number Across Run/FInish –  1/1
Core Label – Yes
±10% –  Yes
Unwind Dir. Run – Parts Out
Unwind Dir. Finish –  Parts Out
Diecut/Continuous/Sheet –  Die Cut
Partial Case –  Yes
Pieces per roll/Unit – 1,000
Length per roll/unit –  139'
Finish – On Press
Application – "
9185,1496,"Number Across Run/Finish –  2/1
Where Finished –  On Press
Length per Roll/Unit – 32'
Core Type –  3"" Paper 1/8"" Strouse Brown
Core Width – 0.375""
Core Label – No
Dividers – 
Bag Size – 
Qty. Per Bag – 1 Rolls
Box Size –  12 x 12 x 12
Qty. Per Box – 2 Rolls
Weight/box – 
Box Per Pallet – 
Pallet Type – ","Core  –  3"" Paper 1/8"" Strouse Brown
Width – 0.375""
Number Across Run/FInish –  2/1
Core Label – No
±10% –  Yes
Unwind Dir. Run – Parts Out
Unwind Dir. Finish –  Parts Out
Diecut/Continuous/Sheet –  Die Cut
Partial Case –  Yes
Pieces per roll/Unit – 1,000
Length per roll/unit –  32'
Finish – On Press
Application – "
9187,1497,"Number Across Run/Finish –  1/1
Where Finished –  On Press
Length per Roll/Unit – 103'
Core Type –  N/A
Core Width – N/A
Core Label – No
Dividers – 
Bag Size – 
Qty. Per Bag – 0.25 M
Box Size –  12 x 12 x 4
Qty. Per Box – 6 M
Weight/box – 
Box Per Pallet – 
Pallet Type – ","Core  –  N/A
Width – N/A
Number Across Run/FInish –  1/1
Core Label – No
±10% –  Yes
Unwind Dir. Run – N/A
Unwind Dir. Finish –   N/A
Diecut/Continuous/Sheet –  Die Cut Sheet
Partial Case –  Yes
Pieces per roll/Unit – 250
Length per roll/unit –  103'
Finish – On Press
Application – "
9188,1498,"Number Across Run/Finish –  6/1
Where Finished –  On Press
Length per Roll/Unit – 197'
Core Type –  N/A
Core Width – N/A
Core Label – No
Dividers – Cardboard
Bag Size – 
Qty. Per Bag – 9 M
Box Size –  
Qty. Per Box – 9 M
Weight/box – 
Box Per Pallet – 
Pallet Type – ","Core  –  N/A
Width – N/A
Number Across Run/FInish –  6/1
Core Label – No
±10% –  Yes
Unwind Dir. Run – N/A
Unwind Dir. Finish –  N/A
Diecut/Continuous/Sheet –  Die Cut Sheet
Partial Case –  Yes
Pieces per roll/Unit – 9,000
Length per roll/unit –  197'
Finish – On Press
Application – "
9190,1499,"Number Across Run/Finish –  1/1
Where Finished –  On Press
Length per Roll/Unit – 4'
Core Type –  N/A
Core Width – N/A
Core Label – No
Dividers – 
Bag Size – 
Qty. Per Bag – 
Box Size –  10 x 10 x 10
Qty. Per Box – 
Weight/box – 
Box Per Pallet – 
Pallet Type – ","Core  –  N/A
Width – N/A
Number Across Run/FInish –  1/1
Core Label – No
±10% –  Yes
Unwind Dir. Run – N/A
Unwind Dir. Finish –  N/A
Diecut/Continuous/Sheet –  Sheet
Partial Case –  Yes
Pieces per roll/Unit – 1
Length per roll/unit –  4'
Finish – On Press
Application – "
9192,1500,"Number Across Run/Finish –  1/1
Where Finished –  On Press
Length per Roll/Unit – 417'
Core Type –  6"" plastic, 0.155"" PP
Core Width – 3.25""
Core Label – Yes
Dividers – 
Bag Size – 
Qty. Per Bag – 1 Roll
Box Size –  10 x 10 x 10
Qty. Per Box – 10 M
Weight/box – 
Box Per Pallet – 
Pallet Type – ","Core  –  6"" plastic, 0.155"" PP
Width – 3.25""
Number Across Run/FInish –  1/1
Core Label – Yes
±10% –  Yes
Unwind Dir. Run – N/A
Unwind Dir. Finish –  Parts Out
Diecut/Continuous/Sheet –  Die Cut
Partial Case –  Yes
Pieces per roll/Unit – 2,500
Length per roll/unit –  417'
Finish – On Press
Application – "
9198,1501,"Number Across Run/Finish –  1/1
Where Finished –  On Press
Length per Roll/Unit – N/A
Core Type –  N/A
Core Width – N/A
Core Label – Yes - See note
Dividers – Foam Pouches
Bag Size – 
Qty. Per Bag – 25 Each
Box Size –  12 x 12 x 12
Qty. Per Box – 250 Each
Weight/box – 
Box Per Pallet – 
Pallet Type – ","Core  –  N/A
Width – N/A
Number Across Run/FInish –  1/1
Core Label – Yes - See note
±10% –  Yes
Unwind Dir. Run – N/A
Unwind Dir. Finish –  N/A
Diecut/Continuous/Sheet –  Sheet
Partial Case –  Yes
Pieces per roll/Unit – 25
Length per roll/unit –  N/A
Finish – On Press
Application – "
9199,1502,"Number Across Run/Finish –  2/1
Where Finished –  On Press
Length per Roll/Unit – 84'
Core Type –  6"" Paper 3/8"" Brown Brown
Core Width – 2.125""
Core Label – Yes
Dividers – 
Bag Size – 
Qty. Per Bag – 5 Rolls
Box Size –  12 x 12 x 12
Qty. Per Box – 3 M
Weight/box – 
Box Per Pallet – 
Pallet Type – ","Core  –  6"" Paper 3/8"" Brown Brown
Width – 2.125""
Number Across Run/FInish –  2/1
Core Label – Yes
±10% –  Yes
Unwind Dir. Run – Parts Out
Unwind Dir. Finish –  Parts Out
Diecut/Continuous/Sheet –  Die Cut
Partial Case –  Yes
Pieces per roll/Unit – 500
Length per roll/unit –  84'
Finish – On Press
Application – "
9200,1503,"Number Across Run/Finish –  1/1
Where Finished –  Off Press
Length per Roll/Unit – 7'
Core Type –  N/A
Core Width – N/A
Core Label – Yes - on bag
Dividers – 
Bag Size – 
Qty. Per Bag – 30 Each
Box Size –  12 x 12 x 10
Qty. Per Box – 9 M
Weight/box – 
Box Per Pallet – 
Pallet Type – ","Core  –  N/A
Width – N/A
Number Across Run/FInish –  1/1
Core Label – Yes - on bag
±10% –  Yes
Unwind Dir. Run – N/A
Unwind Dir. Finish –  N/A
Diecut/Continuous/Sheet –  Die Cut Sheet
Partial Case –  Yes
Pieces per roll/Unit – 30
Length per roll/unit –  7'
Finish – Off Press
Application – "
9201,1504,"Number Across Run/Finish –  4/1
Where Finished –  Web Techniques
Length per Roll/Unit – 1,000'
Core Type –  3"" Paper 1/8"" Strouse Brown
Core Width – 0.75""
Core Label – Yes
Dividers – paper
Bag Size – 
Qty. Per Bag – 1 Each
Box Size –  12 x 12 x 4
Qty. Per Box – 6 Rolls
Weight/box – 
Box Per Pallet – 
Pallet Type – ","Core  –  3"" Paper 1/8"" Strouse Brown
Width – 0.75""
Number Across Run/FInish –  4/1
Core Label – Yes
±10% –  Yes
Unwind Dir. Run – See Drawing
Unwind Dir. Finish –  See Drawing
Diecut/Continuous/Sheet –  Continuous
Partial Case –  Yes
Pieces per roll/Unit – 1
Length per roll/unit –  1,000'
Finish – Web Techniques
Application – "
9202,1505,"Number Across Run/Finish –  6/1
Where Finished –  On Press
Length per Roll/Unit – 4'
Core Type –  N/A
Core Width – N/A
Core Label – No
Dividers – 
Bag Size – 
Qty. Per Bag – 120 Each
Box Size –  Best Fit Per Qty
Qty. Per Box – 120 Each
Weight/box – 
Box Per Pallet – 
Pallet Type – ","Core  –  N/A
Width – N/A
Number Across Run/FInish –  6/1
Core Label – No
±10% –  Yes
Unwind Dir. Run – N/A
Unwind Dir. Finish –  N/A
Diecut/Continuous/Sheet –  Sheet
Partial Case –  Yes
Pieces per roll/Unit – 120
Length per roll/unit –  4'
Finish – On Press
Application – "
9203,1506,"Number Across Run/Finish –  2/1
Where Finished –  On Press
Length per Roll/Unit – N/A
Core Type –  N/A
Core Width – N/A
Core Label – No
Dividers – 
Bag Size – 
Qty. Per Bag – 50 Each
Box Size –  11 x 11 x 14
Qty. Per Box – 50 Each
Weight/box – 
Box Per Pallet – 
Pallet Type – ","Core  –  N/A
Width – N/A
Number Across Run/FInish –  2/1
Core Label – No
±10% –  Yes
Unwind Dir. Run – N/A
Unwind Dir. Finish –  N/A
Diecut/Continuous/Sheet –  Die Cut Sheet
Partial Case –  Yes
Pieces per roll/Unit – 100
Length per roll/unit –  N/A
Finish – On Press
Application – "
9207,1507,"Number Across Run/Finish –  1/1
Where Finished –  On Press
Length per Roll/Unit – 4'
Core Type –  N/A
Core Width – N/A
Core Label – No
Dividers – 
Bag Size – 
Qty. Per Bag – 
Box Size –  14 x 14 x 10
Qty. Per Box – 
Weight/box – 
Box Per Pallet – 
Pallet Type – ","Core  –  N/A
Width – N/A
Number Across Run/FInish –  1/1
Core Label – No
±10% –  Yes
Unwind Dir. Run – N/A
Unwind Dir. Finish –  N/A
Diecut/Continuous/Sheet –  Sheet
Partial Case –  Yes
Pieces per roll/Unit – 1
Length per roll/unit –  4'
Finish – On Press
Application – "
9208,1508,"Number Across Run/Finish –  2/2
Where Finished –  On Press
Length per Roll/Unit – 52'
Core Type –  3"" Paper (1/8"" wall)
Core Width – 3""
Core Label – Yes
Dividers – 
Bag Size – 
Qty. Per Bag – 
Box Size –  12 x 12 x 12
Qty. Per Box – 13 M
Weight/box – 
Box Per Pallet – 
Pallet Type – ","Core  –  3"" Paper (1/8"" wall)
Width – 3""
Number Across Run/FInish –  2/2
Core Label – Yes
±10% –  Yes
Unwind Dir. Run – Parts Out
Unwind Dir. Finish –  Parts Out
Diecut/Continuous/Sheet –  Die Cut
Partial Case –  Yes
Pieces per roll/Unit – 2,500
Length per roll/unit –  52'
Finish – On Press
Application – "
9209,1509,"Number Across Run/Finish –  1/1
Where Finished –  On Press
Length per Roll/Unit – 68'
Core Type –  3"" Paper 1/8"" Strouse Brown
Core Width – 2.75""
Core Label – Yes
Dividers – 
Bag Size – 
Qty. Per Bag – 4 Rolls
Box Size –  13 x 13 x 10
Qty. Per Box – 16 M
Weight/box – 
Box Per Pallet – 
Pallet Type – ","Core  –  3"" Paper 1/8"" Strouse Brown
Width – 2.75""
Number Across Run/FInish –  1/1
Core Label – Yes
±10% –  Yes
Unwind Dir. Run – Parts Out
Unwind Dir. Finish –  Parts Out
Diecut/Continuous/Sheet –  Die Cut
Partial Case –  Yes
Pieces per roll/Unit – 1,000
Length per roll/unit –  68'
Finish – On Press
Application – "
9210,1510,"Number Across Run/Finish –  1/1
Where Finished –  On Press
Length per Roll/Unit – 354'
Core Type –  N/A
Core Width – N/A
Core Label – No
Dividers – 
Bag Size – 
Qty. Per Bag – 50 Each
Box Size –  14 x 14 x 6
Qty. Per Box – 1,000 Each
Weight/box – 
Box Per Pallet – 
Pallet Type – ","Core  –  N/A
Width – N/A
Number Across Run/FInish –  1/1
Core Label – No
±10% –  Yes
Unwind Dir. Run – N/A
Unwind Dir. Finish –  N/A
Diecut/Continuous/Sheet –  Sheet
Partial Case –  Yes
Pieces per roll/Unit – 1,000
Length per roll/unit –  354'
Finish – On Press
Application – "
9211,1511,"Number Across Run/Finish –  1/1
Where Finished –  On Press
Length per Roll/Unit – 58'
Core Type –  N/A
Core Width – N/A
Core Label – Yes - on bag
Dividers – 
Bag Size – 
Qty. Per Bag – 50 Each
Box Size –  10 x 10 x 10
Qty. Per Box – 1,000 Each
Weight/box – 
Box Per Pallet – 
Pallet Type – ","Core  –  N/A
Width – N/A
Number Across Run/FInish –  1/1
Core Label – Yes - on bag
±10% –  No
Unwind Dir. Run – N/A
Unwind Dir. Finish –  N/A
Diecut/Continuous/Sheet –  Die Cut Sheet
Partial Case –  Yes
Pieces per roll/Unit – 50
Length per roll/unit –  58'
Finish – On Press
Application – "
9212,1512,"Number Across Run/Finish –  3/1
Where Finished –  On Press
Length per Roll/Unit – 1,797'
Core Type –  3"" Paper 1/8"" Strouse Brown
Core Width – 3.08""
Core Label – Yes
Dividers – 
Bag Size – 
Qty. Per Bag – 1 Rolls
Box Size –  10 x 10 x 10
Qty. Per Box – 3 Rolls
Weight/box – 
Box Per Pallet – 
Pallet Type – ","Core  –  3"" Paper 1/8"" Strouse Brown
Width – 3.08""
Number Across Run/FInish –  3/1
Core Label – Yes
±10% –  Yes
Unwind Dir. Run – See Drawing
Unwind Dir. Finish –  See Drawing
Diecut/Continuous/Sheet –  Die Cut
Partial Case –  Yes
Pieces per roll/Unit – 34,500
Length per roll/unit –  1,797'
Finish – On Press
Application – "
9217,1513,"Number Across Run/Finish –  1/1
Where Finished –  On Press
Length per Roll/Unit – 4'
Core Type –  N/A
Core Width – N/A
Core Label – No
Dividers – 
Bag Size – 
Qty. Per Bag – 25 Each
Box Size –  6 x 6 x 6
Qty. Per Box – 25 Each
Weight/box – 
Box Per Pallet – 
Pallet Type – ","Core  –  N/A
Width – N/A
Number Across Run/FInish –  1/1
Core Label – No
±10% –  Yes
Unwind Dir. Run – N/A
Unwind Dir. Finish –  N/A
Diecut/Continuous/Sheet –  Sheet
Partial Case –  Yes
Pieces per roll/Unit – 25
Length per roll/unit –  4'
Finish – On Press
Application – "
9218,1514,"Number Across Run/Finish –  12/1
Where Finished –  Off Press
Length per Roll/Unit – N/A
Core Type –  N/A
Core Width – N/A
Core Label – No
Dividers – 
Bag Size – 
Qty. Per Bag – 125 Each
Box Size –  14 x 14 x 10
Qty. Per Box – 125 Each
Weight/box – 
Box Per Pallet – 
Pallet Type – ","Core  –  N/A
Width – N/A
Number Across Run/FInish –  12/1
Core Label – No
±10% –  Yes
Unwind Dir. Run – N/A
Unwind Dir. Finish –  N/A
Diecut/Continuous/Sheet –  Sheet
Partial Case –  Yes
Pieces per roll/Unit – 125
Length per roll/unit –  N/A
Finish – Off Press
Application – "
9219,1515,"Number Across Run/Finish –  2/1
Where Finished –  On Press
Length per Roll/Unit – 37'
Core Type –  N/A
Core Width – N/A
Core Label – No
Dividers – 
Bag Size – 
Qty. Per Bag – 250 Each
Box Size –  12 x 12 x 12
Qty. Per Box – 5 M
Weight/box – 
Box Per Pallet – 
Pallet Type – ","Core  –  N/A
Width – N/A
Number Across Run/FInish –  2/1
Core Label – No
±10% –  Yes
Unwind Dir. Run – N/A
Unwind Dir. Finish –  N/A
Diecut/Continuous/Sheet –  Die Cut Sheet
Partial Case –  Yes
Pieces per roll/Unit – 250
Length per roll/unit –  37'
Finish – On Press
Application – "
9220,1516,"Number Across Run/Finish –  1/1
Where Finished –  On Press
Length per Roll/Unit – 817'
Core Type –  3"" Plastic
Core Width – 1.75""
Core Label – Yes
Dividers – Lexmark style
Bag Size – 
Qty. Per Bag – 1 Rolls
Box Size –  12 x 12 x 4
Qty. Per Box – 7 Rolls
Weight/box – 
Box Per Pallet – 
Pallet Type – ","Core  –  3"" Plastic
Width – 1.75""
Number Across Run/FInish –  1/1
Core Label – Yes
±10% –  Yes
Unwind Dir. Run – See Drawing
Unwind Dir. Finish –  See Drawing
Diecut/Continuous/Sheet –  Die Cut
Partial Case –  Yes
Pieces per roll/Unit – 2,500
Length per roll/unit –  817'
Finish – On Press
Application – "
9221,1517,"Number Across Run/Finish –  1/1
Where Finished –  On Press
Length per Roll/Unit – 84'
Core Type –  3"" Paper 1/8"" Strouse Brown
Core Width – 1""
Core Label – Yes
Dividers – 
Bag Size – 
Qty. Per Bag – 
Box Size –  8 x 8 x 8
Qty. Per Box – 4 Rolls
Weight/box – 
Box Per Pallet – 
Pallet Type – ","Core  –  3"" Paper 1/8"" Strouse Brown
Width – 1""
Number Across Run/FInish –  1/1
Core Label – Yes
±10% –  Yes
Unwind Dir. Run – Parts Out
Unwind Dir. Finish –  Parts Out
Diecut/Continuous/Sheet –  Die Cut
Partial Case –  Yes
Pieces per roll/Unit – 1,000
Length per roll/unit –  84'
Finish – On Press
Application – "
9224,1518,"Number Across Run/Finish –  1/1
Where Finished –  On Press
Length per Roll/Unit – 63'
Core Type –  3"" Paper 1/8"" White Brown
Core Width – 2""
Core Label – Yes
Dividers – N/A
Bag Size – 
Qty. Per Bag – 1 Rolls
Box Size –  12 x 12 x 4
Qty. Per Box – 3 M
Weight/box – 
Box Per Pallet – 
Pallet Type – ","Core  –  3"" Paper 1/8"" White Brown
Width – 2""
Number Across Run/FInish –  1/1
Core Label – Yes
±10% –  Yes
Unwind Dir. Run – Parts In
Unwind Dir. Finish –  parts In
Diecut/Continuous/Sheet –  Die Cut
Partial Case –  Yes
Pieces per roll/Unit – 3,000
Length per roll/unit –  63'
Finish – On Press
Application – "
9225,1519,"Number Across Run/Finish –  1/1
Where Finished –  On Press
Length per Roll/Unit – 157'
Core Type –  3"" Paper 1/8"" White Brown
Core Width – 2""
Core Label – Yes
Dividers – N/A
Bag Size – 
Qty. Per Bag – 1 Rolls
Box Size –  16 x 16 x 10-1/4
Qty. Per Box – 3 M
Weight/box – 
Box Per Pallet – 
Pallet Type – ","Core  –  3"" Paper 1/8"" White Brown
Width – 2""
Number Across Run/FInish –  1/1
Core Label – Yes
±10% –  Yes
Unwind Dir. Run – Parts In
Unwind Dir. Finish –  Parts In
Diecut/Continuous/Sheet –  Die Cut
Partial Case –  Yes
Pieces per roll/Unit – 3,000
Length per roll/unit –  157'
Finish – On Press
Application – "
9226,1520,"Number Across Run/Finish –  2/2
Where Finished –  On Press
Length per Roll/Unit – 188'
Core Type –  3"" Paper 1/8"" Strouse Brown
Core Width – 5.25""
Core Label – Yes
Dividers – 
Bag Size – 
Qty. Per Bag – 2 Rolls
Box Size –  14 x 14 x 8
Qty. Per Box – 10 Rolls
Weight/box – 
Box Per Pallet – 
Pallet Type – ","Core  –  3"" Paper 1/8"" Strouse Brown
Width – 5.25""
Number Across Run/FInish –  2/2
Core Label – Yes
±10% –  Yes
Unwind Dir. Run – Parts Out
Unwind Dir. Finish –  Parts Out
Diecut/Continuous/Sheet –  Die Cut
Partial Case –  Yes
Pieces per roll/Unit – 2,000
Length per roll/unit –  188'
Finish – On Press
Application – "
9227,1521,"Number Across Run/Finish –  2/2
Where Finished –  On Press
Length per Roll/Unit – 167'
Core Type –  3"" Paper 1/8"" Strouse Brown
Core Width – 3.25""
Core Label – Yes
Dividers – 
Bag Size – 
Qty. Per Bag – 
Box Size –  14 x 14 x 6
Qty. Per Box – 10 Rolls
Weight/box – 
Box Per Pallet – 
Pallet Type – ","Core  –  3"" Paper 1/8"" Strouse Brown
Width – 3.25""
Number Across Run/FInish –  2/2
Core Label – Yes
±10% –  Yes
Unwind Dir. Run – Parts Out
Unwind Dir. Finish –  Parts Out
Diecut/Continuous/Sheet –  Die Cut
Partial Case –  Yes
Pieces per roll/Unit – 2,000
Length per roll/unit –  167'
Finish – On Press
Application – "
9228,1522,"Number Across Run/Finish –  2/2
Where Finished –  On Press
Length per Roll/Unit – 105'
Core Type –  3"" Paper 1/8"" Strouse Brown
Core Width – 2.75""
Core Label – Yes
Dividers – 
Bag Size – 
Qty. Per Bag – 2 Rolls
Box Size –  13 x 13 x 13
Qty. Per Box – 10 Rolls
Weight/box – 
Box Per Pallet – 
Pallet Type – ","Core  –  3"" Paper 1/8"" Strouse Brown
Width – 2.75""
Number Across Run/FInish –  2/2
Core Label – Yes
±10% –  Yes
Unwind Dir. Run – Parts Out
Unwind Dir. Finish –  Parts Out
Diecut/Continuous/Sheet –  Die Cut
Partial Case –  Yes
Pieces per roll/Unit – 2,000
Length per roll/unit –  105'
Finish – On Press
Application – "
9229,1523,"Number Across Run/Finish –  2/2
Where Finished –  On Press
Length per Roll/Unit – 105'
Core Type –  3"" Paper 1/8"" Strouse Brown
Core Width – 5.5""
Core Label – Yes
Dividers – 
Bag Size – 
Qty. Per Bag – 
Box Size –  12 x 12 x 10
Qty. Per Box – 10 Rolls
Weight/box – 
Box Per Pallet – 
Pallet Type – ","Core  –  3"" Paper 1/8"" Strouse Brown
Width – 5.5""
Number Across Run/FInish –  2/2
Core Label – Yes
±10% –  Yes
Unwind Dir. Run – Parts Out
Unwind Dir. Finish –  Parts Out
Diecut/Continuous/Sheet –  Die Cut
Partial Case –  Yes
Pieces per roll/Unit – 2,000
Length per roll/unit –  105'
Finish – On Press
Application – "
9230,1524,"Number Across Run/Finish –  15/1
Where Finished –  On Press
Length per Roll/Unit – 94'
Core Type –  3"" Plastic 0.10"" HDPE
Core Width – 0.375""
Core Label – No
Dividers – Paper 12.5"" x ""3 Cir
Bag Size – 
Qty. Per Bag – 25 Roll
Box Size –  
Qty. Per Box – 75 M
Weight/box – 
Box Per Pallet – 
Pallet Type – ","Core  –  3"" Plastic 0.10"" HDPE
Width – 0.375""
Number Across Run/FInish –  15/1
Core Label – No
±10% –  Yes
Unwind Dir. Run – Parts Out
Unwind Dir. Finish –  Parts Out
Diecut/Continuous/Sheet –  Die Cut
Partial Case –  Yes
Pieces per roll/Unit – 3,000
Length per roll/unit –  94'
Finish – On Press
Application – "
9231,1525,"Number Across Run/Finish –  6/1
Where Finished –  On Press
Length per Roll/Unit – 50'
Core Type –  3"" Paper 1/8"" Strouse Brown
Core Width – 10 mm
Core Label – Yes
Dividers – 
Bag Size – 
Qty. Per Bag – 1 Rolls
Box Size –  10 x 10 x 10
Qty. Per Box – 2 Rolls
Weight/box – 
Box Per Pallet – 
Pallet Type – ","Core  –  3"" Paper 1/8"" Strouse Brown
Width – 10 mm
Number Across Run/FInish –  6/1
Core Label – Yes
±10% –  Yes
Unwind Dir. Run – Parts Out
Unwind Dir. Finish –  Parts Out
Diecut/Continuous/Sheet –  Die Cut
Partial Case –  Yes
Pieces per roll/Unit – 1,000
Length per roll/unit –  50'
Finish – On Press
Application – "
9233,1526,"Number Across Run/Finish –  6/1
Where Finished –  On Press
Length per Roll/Unit – 5'
Core Type –  N/A
Core Width – N/A
Core Label – No
Dividers – 
Bag Size – 
Qty. Per Bag – 110 Each
Box Size –  12 x 4 x 4
Qty. Per Box – 110 Each
Weight/box – 
Box Per Pallet – 
Pallet Type – ","Core  –  N/A
Width – N/A
Number Across Run/FInish –  6/1
Core Label – No
±10% –  Yes
Unwind Dir. Run – N/A
Unwind Dir. Finish –  N/A
Diecut/Continuous/Sheet –  Sheet
Partial Case –  Yes
Pieces per roll/Unit – 1,000
Length per roll/unit –  5'
Finish – On Press
Application – "
9234,1527,"Number Across Run/Finish –  5/1
Where Finished –  On Press
Length per Roll/Unit – 9'
Core Type –  N/A
Core Width – N/A
Core Label – No
Dividers – 
Bag Size – 
Qty. Per Bag – 110 Each
Box Size –  12 x 12 x 4
Qty. Per Box – 110 Each
Weight/box – 
Box Per Pallet – 
Pallet Type – ","Core  –  N/A
Width – N/A
Number Across Run/FInish –  5/1
Core Label – No
±10% –  Yes
Unwind Dir. Run – N/A
Unwind Dir. Finish –  N/A
Diecut/Continuous/Sheet –  Sheet
Partial Case –  Yes
Pieces per roll/Unit – 1,000
Length per roll/unit –  9'
Finish – On Press
Application – "
9235,1528,"Number Across Run/Finish –  5/1
Where Finished –  On Press
Length per Roll/Unit – 42'
Core Type –  N/A
Core Width – N/A
Core Label – No
Dividers – 
Bag Size – 
Qty. Per Bag – 110 Each
Box Size –  12 x 12 x 4
Qty. Per Box – 110 Each
Weight/box – 
Box Per Pallet – 
Pallet Type – ","Core  –  N/A
Width – N/A
Number Across Run/FInish –  5/1
Core Label – No
±10% –  Yes
Unwind Dir. Run – N/A
Unwind Dir. Finish –  N/A
Diecut/Continuous/Sheet –  Sheet
Partial Case –  Yes
Pieces per roll/Unit – 1,000
Length per roll/unit –  42'
Finish – On Press
Application – "
9236,1529,"Number Across Run/Finish –  7/1
Where Finished –  On Press
Length per Roll/Unit – 28'
Core Type –  N/A
Core Width – N/A
Core Label – No
Dividers – 
Bag Size – 
Qty. Per Bag – 110 Each
Box Size –  13 x 13 x 13
Qty. Per Box – 110 Each
Weight/box – 
Box Per Pallet – 
Pallet Type – ","Core  –  N/A
Width – N/A
Number Across Run/FInish –  7/1
Core Label – No
±10% –  Yes
Unwind Dir. Run – N/A
Unwind Dir. Finish –  N/A
Diecut/Continuous/Sheet –  Sheet
Partial Case –  Yes
Pieces per roll/Unit – 1,000
Length per roll/unit –  28'
Finish – On Press
Application – "
9237,1530,"Number Across Run/Finish –  1/1
Where Finished –  On Press
Length per Roll/Unit – 292'
Core Type –  3"" Paper 1/8"" Strouse Brown
Core Width – 6.25""
Core Label – Yes
Dividers – 
Bag Size – 
Qty. Per Bag – 2 Rolls
Box Size –  Best Fit Per Qty
Qty. Per Box – 8 Rolls
Weight/box – 
Box Per Pallet – 
Pallet Type – ","Core  –  3"" Paper 1/8"" Strouse Brown
Width – 6.25""
Number Across Run/FInish –  1/1
Core Label – Yes
±10% –  Yes
Unwind Dir. Run – See Drawing
Unwind Dir. Finish –  See Drawing
Diecut/Continuous/Sheet –  Die Cut
Partial Case –  Yes
Pieces per roll/Unit – 500
Length per roll/unit –  292'
Finish – On Press
Application – "
9239,1531,"Number Across Run/Finish –  1/1
Where Finished –  On Press
Length per Roll/Unit – 500'
Core Type –  3"" Plastic
Core Width – 6.0""
Core Label – Special - 9239 Core Big
Dividers – 
Bag Size – 
Qty. Per Bag – 1 Roll
Box Size –  12 1/2 x 8 1/2 x 12 5/8
Qty. Per Box – 3 Rolls
Weight/box – 
Box Per Pallet – 
Pallet Type – ","Core  –  3"" Plastic
Width – 6.0""
Number Across Run/FInish –  1/1
Core Label – Special - 9239 Core Big
±10% –  ask
Unwind Dir. Run – N/A
Unwind Dir. Finish –  N/A
Diecut/Continuous/Sheet –  Continuous
Partial Case –  Ask
Pieces per roll/Unit – 1 Roll
Length per roll/unit –  500'
Finish – On Press
Application – "
9241,1532,"Number Across Run/Finish –  1/1
Where Finished –  On Press
Length per Roll/Unit – 10'
Core Type –  N/A
Core Width – N/A
Core Label – Yes - On bag
Dividers – 
Bag Size – 
Qty. Per Bag – 5 Each
Box Size –  12 x 12 x 4
Qty. Per Box – 5 Each
Weight/box – 
Box Per Pallet – 
Pallet Type – ","Core  –  N/A
Width – N/A
Number Across Run/FInish –  1/1
Core Label – Yes - On bag
±10% –  Yes
Unwind Dir. Run – N/A
Unwind Dir. Finish –  N/A
Diecut/Continuous/Sheet –  Die Cut Sheet
Partial Case –  Yes
Pieces per roll/Unit – 5
Length per roll/unit –  10'
Finish – On Press
Application – "
9242,1533,"Number Across Run/Finish –  3/1
Where Finished –  On Press
Length per Roll/Unit – 2'
Core Type –  N/A
Core Width – N/A
Core Label – No
Dividers – 
Bag Size – 
Qty. Per Bag – 500 Each
Box Size –  12 x 12 x 10
Qty. Per Box – 2,000 Each
Weight/box – 
Box Per Pallet – 
Pallet Type – ","Core  –  N/A
Width – N/A
Number Across Run/FInish –  3/1
Core Label – No
±10% –  Yes
Unwind Dir. Run – N/A
Unwind Dir. Finish –  N/A
Diecut/Continuous/Sheet –  Sheet
Partial Case –  Yes
Pieces per roll/Unit – 500
Length per roll/unit –  2'
Finish – On Press
Application – "
9246,1534,"Number Across Run/Finish –  8/1
Where Finished –  On Press
Length per Roll/Unit – 3'
Core Type –  N/A
Core Width – N/A
Core Label – No
Dividers – 
Bag Size – 
Qty. Per Bag – 100 Each
Box Size –  10 x 10 x 10
Qty. Per Box – 500 Each
Weight/box – 
Box Per Pallet – 
Pallet Type – ","Core  –  N/A
Width – N/A
Number Across Run/FInish –  8/1
Core Label – No
±10% –  Yes
Unwind Dir. Run – N/A
Unwind Dir. Finish –  N/A
Diecut/Continuous/Sheet –  Sheet
Partial Case –  Yes
Pieces per roll/Unit – 100
Length per roll/unit –  3'
Finish – On Press
Application – "
9247,1535,"Number Across Run/Finish –  2/1
Where Finished –  On Press
Length per Roll/Unit – 100'
Core Type –  3"" Plastic 0.10"" HDPE
Core Width – 4.5""
Core Label – Yes
Dividers – 
Bag Size – 
Qty. Per Bag – 2 Rolls
Box Size –  10 x 10 x 10
Qty. Per Box – 10 Rolls
Weight/box – 
Box Per Pallet – 
Pallet Type – ","Core  –  3"" Plastic 0.10"" HDPE
Width – 4.5""
Number Across Run/FInish –  2/1
Core Label – Yes
±10% –  Yes
Unwind Dir. Run – As Rec'd
Unwind Dir. Finish –  As Rec'd
Diecut/Continuous/Sheet –  Continuous
Partial Case –  Yes
Pieces per roll/Unit – 1 Roll
Length per roll/unit –  100'
Finish – On Press
Application – "
9248,1536,"Number Across Run/Finish –  2/1
Where Finished –  On Press
Length per Roll/Unit – 170'
Core Type –  3"" Paper 1/8"" Strouse Brown
Core Width – 0.875""
Core Label – Yes
Dividers – 
Bag Size – 
Qty. Per Bag – 11 Rolls
Box Size –  12 x 12 x 10
Qty. Per Box – 14 M
Weight/box – 
Box Per Pallet – 
Pallet Type – ","Core  –  3"" Paper 1/8"" Strouse Brown
Width – 0.875""
Number Across Run/FInish –  2/1
Core Label – Yes
±10% –  Yes
Unwind Dir. Run – Parts Out
Unwind Dir. Finish –  Parts Out
Diecut/Continuous/Sheet –  Die Cut
Partial Case –  Yes
Pieces per roll/Unit – 1,250
Length per roll/unit –  170'
Finish – On Press
Application – "
9250,1537,"Number Across Run/Finish –  3/1
Where Finished –  On Press
Length per Roll/Unit – 1,125'
Core Type –  3"" Paper 1/8"" White Brown
Core Width – 1.8""
Core Label – Yes
Dividers – Paper
Bag Size – 
Qty. Per Bag – 6 Rolls
Box Size –  17.56 x 4.3125 x 17.937
Qty. Per Box – 6 Rolls
Weight/box – 
Box Per Pallet – 
Pallet Type – ","Core  –  3"" Paper 1/8"" White Brown
Width – 1.8""
Number Across Run/FInish –  3/1
Core Label – Yes
±10% –  Yes
Unwind Dir. Run – Adh. In.
Unwind Dir. Finish –  Adh. In
Diecut/Continuous/Sheet –  Continuous Die Cut
Partial Case –  Yes
Pieces per roll/Unit – 500
Length per roll/unit –  1,125'
Finish – On Press
Application – "
9253,1538,"Number Across Run/Finish –  2/1
Where Finished –  Off Press
Length per Roll/Unit – 667'
Core Type –  6"" Paper (3/8"" wall)
Core Width – N/A
Core Label – No
Dividers – 
Bag Size – 
Qty. Per Bag – 
Box Size –  12 x 12 x 4
Qty. Per Box – 2 M
Weight/box – 
Box Per Pallet – 40 (80 M)
Pallet Type – ","Core  –  6"" Paper (3/8"" wall)
Width – N/A
Number Across Run/FInish –  2/1
Core Label – No
±10% –  Yes
Unwind Dir. Run – N/A
Unwind Dir. Finish –  N/A
Diecut/Continuous/Sheet –  Die Cut
Partial Case –  No
Pieces per roll/Unit – 2,000
Length per roll/unit –  667'
Finish – Off Press
Application – "
9254,1539,"Number Across Run/Finish –  5/1
Where Finished –  On Press
Length per Roll/Unit – 2'
Core Type –  N/A
Core Width – N/A
Core Label – No
Dividers – 
Bag Size – 
Qty. Per Bag – 50 Each
Box Size –  
Qty. Per Box – 50 Each
Weight/box – 
Box Per Pallet – 
Pallet Type – ","Core  –  N/A
Width – N/A
Number Across Run/FInish –  5/1
Core Label – No
±10% –  Yes
Unwind Dir. Run – N/A
Unwind Dir. Finish –  N/A
Diecut/Continuous/Sheet –  Sheet
Partial Case –  Yes
Pieces per roll/Unit – 50
Length per roll/unit –  2'
Finish – On Press
Application – "
9259,1540,"Number Across Run/Finish –  1/1
Where Finished –  On Press
Length per Roll/Unit – 136'
Core Type –  3"" Paper 1/8"" Strouse Brown
Core Width – 1.750""
Core Label – Yes
Dividers – 
Bag Size – 
Qty. Per Bag – 8 Rolls
Box Size –  14 x 14 x 10
Qty. Per Box – 72 Rolls
Weight/box – 
Box Per Pallet – 
Pallet Type – ","Core  –  3"" Paper 1/8"" Strouse Brown
Width – 1.750""
Number Across Run/FInish –  1/1
Core Label – Yes
±10% –  Yes
Unwind Dir. Run – N/A
Unwind Dir. Finish –  N/A
Diecut/Continuous/Sheet –  Die Cut
Partial Case –  Yes
Pieces per roll/Unit – 1,000
Length per roll/unit –  136'
Finish – On Press
Application – "
9260,1541,"Number Across Run/Finish –  1/1
Where Finished –  On Press
Length per Roll/Unit – 89'
Core Type –  N/A
Core Width – N/A
Core Label – No
Dividers – 
Bag Size – 
Qty. Per Bag – 0.25 M
Box Size –  22 x 16 x 6
Qty. Per Box – 6 M
Weight/box – 
Box Per Pallet – 
Pallet Type – ","Core  –  N/A
Width – N/A
Number Across Run/FInish –  1/1
Core Label – No
±10% –  Yes
Unwind Dir. Run – N/A
Unwind Dir. Finish –  N/A
Diecut/Continuous/Sheet –  Die Cut Sheet
Partial Case –  Yes
Pieces per roll/Unit – 250
Length per roll/unit –  89'
Finish – On Press
Application – "
9261,1542,"Number Across Run/Finish –  1/1
Where Finished –  On Press
Length per Roll/Unit – 417'
Core Type –  N/A
Core Width – N/A
Core Label – No
Dividers – 
Bag Size – 
Qty. Per Bag – 0.25 M
Box Size –  6 x 6 x 6
Qty. Per Box – 1 Bags
Weight/box – 
Box Per Pallet – 
Pallet Type – ","Core  –  N/A
Width – N/A
Number Across Run/FInish –  1/1
Core Label – No
±10% –  Yes
Unwind Dir. Run – N/A
Unwind Dir. Finish –  N/A
Diecut/Continuous/Sheet –  Die Cut Sheet
Partial Case –  Yes
Pieces per roll/Unit – 250
Length per roll/unit –  417'
Finish – On Press
Application – "
9262,1543,"Number Across Run/Finish –  1/1
Where Finished –  On Press
Length per Roll/Unit – 20'
Core Type –  N/A
Core Width – N/A
Core Label – No
Dividers – 
Bag Size – 
Qty. Per Bag – 50 Each
Box Size –  10 x 10 x 10
Qty. Per Box – 50 Each
Weight/box – 
Box Per Pallet – 
Pallet Type – ","Core  –  N/A
Width – N/A
Number Across Run/FInish –  1/1
Core Label – No
±10% –  Yes
Unwind Dir. Run – N/A
Unwind Dir. Finish –  N/A
Diecut/Continuous/Sheet –  Sheet
Partial Case –  Yes
Pieces per roll/Unit – 50
Length per roll/unit –  20'
Finish – On Press
Application – "
9264,1544,"Number Across Run/Finish –  2/1
Where Finished –  On Press
Length per Roll/Unit – 100'
Core Type –  3"" Plastic 0.10"" HDPE
Core Width – 4.5""
Core Label – Yes
Dividers – none
Bag Size – 
Qty. Per Bag – 2 
Box Size –  10 x 10 x 10 3/8
Qty. Per Box – 2 
Weight/box – 
Box Per Pallet – 
Pallet Type – ","Core  –  3"" Plastic 0.10"" HDPE
Width – 4.5""
Number Across Run/FInish –  2/1
Core Label – Yes
±10% –  Yes
Unwind Dir. Run – Shiny In
Unwind Dir. Finish –  Shiny In
Diecut/Continuous/Sheet –  Continuous
Partial Case –  Yes
Pieces per roll/Unit – 1 Roll
Length per roll/unit –  100'
Finish – On Press
Application – "
9266,1545,"Number Across Run/Finish –  2/1
Where Finished –  On Press
Length per Roll/Unit – 860'
Core Type –  6"" Paper 3/8"" Brown Brown
Core Width – 3.75""
Core Label – Yes
Dividers – 19 x 19
Bag Size – 
Qty. Per Bag – 1 Rolls
Box Size –  16 x 16 x 16
Qty. Per Box – 13 M
Weight/box – 
Box Per Pallet – 4 (50 M )
Pallet Type – ","Core  –  6"" Paper 3/8"" Brown Brown
Width – 3.75""
Number Across Run/FInish –  2/1
Core Label – Yes
±10% –  Yes
Unwind Dir. Run – See notes
Unwind Dir. Finish –  See notes
Diecut/Continuous/Sheet –  Die Cut
Partial Case –  No
Pieces per roll/Unit – 2,500
Length per roll/unit –  860'
Finish – On Press
Application – "
9268,1546,"Number Across Run/Finish –  1/1
Where Finished –  Web Techniques
Length per Roll/Unit – 260'
Core Type –  3"" Paper 1/8"" White Brown
Core Width – 5.125""
Core Label – Yes
Dividers – 
Bag Size – 
Qty. Per Bag – 
Box Size –  14 x 14 x 10
Qty. Per Box – 1 Rolls
Weight/box – 
Box Per Pallet – 
Pallet Type – ","Core  –  3"" Paper 1/8"" White Brown
Width – 5.125""
Number Across Run/FInish –  1/1
Core Label – Yes
±10% –  Yes
Unwind Dir. Run – 1
Unwind Dir. Finish –  2
Diecut/Continuous/Sheet –  Die Cut
Partial Case –  Yes
Pieces per roll/Unit – 1,000
Length per roll/unit –  260'
Finish – Web Techniques
Application – "
9273,1547,"Number Across Run/Finish –  4/1
Where Finished –  Web Techniques
Length per Roll/Unit – 209'
Core Type –  6"" plastic, 0.155"" PP
Core Width – 2.00""
Core Label – Yes
Dividers – Flanges
Bag Size – 
Qty. Per Bag – 1 Rolls
Box Size –  6 x 6 x 6
Qty. Per Box – 4 Rolls
Weight/box – 
Box Per Pallet – 
Pallet Type – ","Core  –  6"" plastic, 0.155"" PP
Width – 2.00""
Number Across Run/FInish –  4/1
Core Label – Yes
±10% –  Yes
Unwind Dir. Run – See Drawing
Unwind Dir. Finish –  See Drawing
Diecut/Continuous/Sheet –  Die Cut
Partial Case –  Yes
Pieces per roll/Unit – 1,250
Length per roll/unit –  209'
Finish – Web Techniques
Application – "
9274,1548,"Number Across Run/Finish –  17/1
Where Finished –  On Press
Length per Roll/Unit – 2'
Core Type –  N/A
Core Width – N/A
Core Label – No
Dividers – 
Bag Size – 
Qty. Per Bag – 125 Each
Box Size –  6 x 6 x 6
Qty. Per Box – 125 Each
Weight/box – 
Box Per Pallet – 
Pallet Type – ","Core  –  N/A
Width – N/A
Number Across Run/FInish –  17/1
Core Label – No
±10% –  Yes
Unwind Dir. Run – N/A
Unwind Dir. Finish –  N/A
Diecut/Continuous/Sheet –  Sheet
Partial Case –  Yes
Pieces per roll/Unit – 125
Length per roll/unit –  2'
Finish – On Press
Application – "
9275,1549,"Number Across Run/Finish –  21/1
Where Finished –  On Press
Length per Roll/Unit – 2'
Core Type –  N/A
Core Width – N/A
Core Label – No
Dividers – 
Bag Size – 
Qty. Per Bag – 125 Each
Box Size –  18 x 18 x 8
Qty. Per Box – 125 Each
Weight/box – 
Box Per Pallet – 
Pallet Type – ","Core  –  N/A
Width – N/A
Number Across Run/FInish –  21/1
Core Label – No
±10% –  Yes
Unwind Dir. Run – N/A
Unwind Dir. Finish –  N/A
Diecut/Continuous/Sheet –  Sheet
Partial Case –  Yes
Pieces per roll/Unit – 125
Length per roll/unit –  2'
Finish – On Press
Application – "
9276,1550,"Number Across Run/Finish –  1/1
Where Finished –  On Press
Length per Roll/Unit – 250'
Core Type –  N/A
Core Width – N/A
Core Label – No
Dividers – 
Bag Size – 
Qty. Per Bag – 3 M
Box Size –  Best Fit Per Qty
Qty. Per Box – 3 M
Weight/box – 
Box Per Pallet – 
Pallet Type – ","Core  –  N/A
Width – N/A
Number Across Run/FInish –  1/1
Core Label – No
±10% –  Yes
Unwind Dir. Run – N/A
Unwind Dir. Finish –  N/A
Diecut/Continuous/Sheet –  Sheet
Partial Case –  Yes
Pieces per roll/Unit – 3,000
Length per roll/unit –  250'
Finish – On Press
Application – "
9277,1551,"Number Across Run/Finish –  1/1
Where Finished –  On Press
Length per Roll/Unit – 4'
Core Type –  N/A
Core Width – N/A
Core Label – No
Dividers – 
Bag Size – 
Qty. Per Bag – 4 Each
Box Size –  14 1/4 x 8 3/4  x 12 5/8
Qty. Per Box – 
Weight/box – 
Box Per Pallet – 
Pallet Type – ","Core  –  N/A
Width – N/A
Number Across Run/FInish –  1/1
Core Label – No
±10% –  Yes
Unwind Dir. Run – N/A
Unwind Dir. Finish –  N/A
Diecut/Continuous/Sheet –  Sheet
Partial Case –  Yes
Pieces per roll/Unit – 10
Length per roll/unit –  4'
Finish – On Press
Application – "
9278,1552,"Number Across Run/Finish –  2/1
Where Finished –  Web Techniques
Length per Roll/Unit – 510'
Core Type –  3"" Paper 1/8"" White Brown
Core Width – 4.125""
Core Label – Yes
Dividers – Corrugated on top and bottom
Bag Size – 
Qty. Per Bag – 2 Rolls
Box Size –  12 x 12 x 12
Qty. Per Box – 6 Rolls
Weight/box – 
Box Per Pallet – 
Pallet Type – ","Core  –  3"" Paper 1/8"" White Brown
Width – 4.125""
Number Across Run/FInish –  2/1
Core Label – Yes
±10% –  Yes
Unwind Dir. Run – Parts Out
Unwind Dir. Finish –  Parts Out
Diecut/Continuous/Sheet –  Die Cut
Partial Case –  Yes
Pieces per roll/Unit – 1,000
Length per roll/unit –  510'
Finish – Web Techniques
Application – "
9281,1553,"Number Across Run/Finish –  1/1
Where Finished –  On Press
Length per Roll/Unit – 64'
Core Type –  3"" Paper 1/8"" White Brown
Core Width – 2""
Core Label – Yes
Dividers – 
Bag Size – 
Qty. Per Bag – 1 Rolls
Box Size –  8 x 8 x 8
Qty. Per Box – 1 Rolls
Weight/box – 
Box Per Pallet – 
Pallet Type – ","Core  –  3"" Paper 1/8"" White Brown
Width – 2""
Number Across Run/FInish –  1/1
Core Label – Yes
±10% –  Yes
Unwind Dir. Run – See Drawing
Unwind Dir. Finish –  See Drawing
Diecut/Continuous/Sheet –  Die Cut
Partial Case –  Yes
Pieces per roll/Unit – 100
Length per roll/unit –  64'
Finish – On Press
Application – "
9282,1554,"Number Across Run/Finish –  1/1
Where Finished –  On Press
Length per Roll/Unit – 55'
Core Type –  3"" Paper 1/8"" White Brown
Core Width – 2""
Core Label – Yes
Dividers – 
Bag Size – 
Qty. Per Bag – 1 Rolls
Box Size –  10 x 10 x 10
Qty. Per Box – 4 Rolls
Weight/box – 
Box Per Pallet – 
Pallet Type – ","Core  –  3"" Paper 1/8"" White Brown
Width – 2""
Number Across Run/FInish –  1/1
Core Label – Yes
±10% –  Yes
Unwind Dir. Run – See Drawing
Unwind Dir. Finish –  See Drawing
Diecut/Continuous/Sheet –  Die Cut
Partial Case –  Yes
Pieces per roll/Unit – 200
Length per roll/unit –  55'
Finish – On Press
Application – "
9283,1555,"Number Across Run/Finish –  1/1
Where Finished –  On Press
Length per Roll/Unit – 94'
Core Type –  3"" Paper 1/8"" White Brown
Core Width – 2""
Core Label – Yes
Dividers – 
Bag Size – 
Qty. Per Bag – 1 Rolls
Box Size –  8 x 8 x 8
Qty. Per Box – 5 Rolls
Weight/box – 
Box Per Pallet – 
Pallet Type – ","Core  –  3"" Paper 1/8"" White Brown
Width – 2""
Number Across Run/FInish –  1/1
Core Label – Yes
±10% –  Yes
Unwind Dir. Run – See Drawing
Unwind Dir. Finish –  See Drawing
Diecut/Continuous/Sheet –  Die Cut
Partial Case –  Yes
Pieces per roll/Unit – 300
Length per roll/unit –  94'
Finish – On Press
Application – "
9284,1556,"Number Across Run/Finish –  1/1
Where Finished –  On Press
Length per Roll/Unit – 42'
Core Type –  3"" Paper 1/8"" White Brown
Core Width – 2""
Core Label – Yes
Dividers – 
Bag Size – 
Qty. Per Bag – 1 Rolls
Box Size –  12 x 12 x 10
Qty. Per Box – 4 Rolls
Weight/box – 
Box Per Pallet – 
Pallet Type – ","Core  –  3"" Paper 1/8"" White Brown
Width – 2""
Number Across Run/FInish –  1/1
Core Label – Yes
±10% –  Yes
Unwind Dir. Run – See Drawing
Unwind Dir. Finish –  See Drawing
Diecut/Continuous/Sheet –  Die Cut
Partial Case –  Yes
Pieces per roll/Unit – 100
Length per roll/unit –  42'
Finish – On Press
Application – "
9286,1557,"Number Across Run/Finish –  1/1
Where Finished –  On Press
Length per Roll/Unit – 
Core Type –  3"" Plastic 0.10"" HDPE
Core Width – 4""
Core Label – 
Dividers – 
Bag Size – 
Qty. Per Bag – 1 Rolls
Box Size –  12 x 12 x 12
Qty. Per Box – 
Weight/box – 
Box Per Pallet – 
Pallet Type – ","Core  –  3"" Plastic 0.10"" HDPE
Width – 4""
Number Across Run/FInish –  1/1
Core Label – 
±10% –  Yes
Unwind Dir. Run – Kapton Out
Unwind Dir. Finish –  Kapton Out
Diecut/Continuous/Sheet –  Continuous
Partial Case –  Yes
Pieces per roll/Unit – 1 Roll
Length per roll/unit –  
Finish – On Press
Application – "
9291,1558,"Number Across Run/Finish –  2/1
Where Finished –  Off Press
Length per Roll/Unit – 667'
Core Type –  6"" Paper (3/8"" wall)
Core Width – N/A
Core Label – No
Dividers – 
Bag Size – 
Qty. Per Bag – 
Box Size –  13 x 13 x 13
Qty. Per Box – 1 M
Weight/box – 
Box Per Pallet – 40 (80 M)
Pallet Type – ","Core  –  6"" Paper (3/8"" wall)
Width – N/A
Number Across Run/FInish –  2/1
Core Label – No
±10% –  Yes
Unwind Dir. Run – N/A
Unwind Dir. Finish –  N/A
Diecut/Continuous/Sheet –  Die Cut
Partial Case –  No
Pieces per roll/Unit – 2,000
Length per roll/unit –  667'
Finish – Off Press
Application – "
9292,1559,"Number Across Run/Finish –  1/1
Where Finished –  On Press
Length per Roll/Unit – 334'
Core Type –  N/A
Core Width – N/A
Core Label – No
Dividers – 
Bag Size – 
Qty. Per Bag – 1 Each
Box Size –  14 x 14 x 14
Qty. Per Box – 1 Each
Weight/box – 
Box Per Pallet – 
Pallet Type – ","Core  –  N/A
Width – N/A
Number Across Run/FInish –  1/1
Core Label – No
±10% –  Yes
Unwind Dir. Run – N/A
Unwind Dir. Finish –  N/A
Diecut/Continuous/Sheet –  Sheet
Partial Case –  Yes
Pieces per roll/Unit – 1,000
Length per roll/unit –  334'
Finish – On Press
Application – "
9295,1560,"Number Across Run/Finish –  1/1
Where Finished –  On Press
Length per Roll/Unit – 313'
Core Type –  6"" plastic, 0.155"" PP
Core Width – 2""
Core Label – Yes
Dividers – Polyflute
Bag Size – 
Qty. Per Bag – 1 Roll
Box Size –  13 x 13 x 13
Qty. Per Box – 10 M
Weight/box – 
Box Per Pallet – 
Pallet Type – ","Core  –  6"" plastic, 0.155"" PP
Width – 2""
Number Across Run/FInish –  1/1
Core Label – Yes
±10% –  Yes
Unwind Dir. Run – See Drawing
Unwind Dir. Finish –  See Drawing
Diecut/Continuous/Sheet –  Die Cut
Partial Case –  Yes
Pieces per roll/Unit – 2,500
Length per roll/unit –  313'
Finish – On Press
Application – "
9296,1561,"Number Across Run/Finish –  1/1
Where Finished –  On Press
Length per Roll/Unit – 417'
Core Type –  6"" plastic, 0.155"" PP
Core Width – 2.5""
Core Label – Yes
Dividers – 
Bag Size – 
Qty. Per Bag – 1 Roll
Box Size –  
Qty. Per Box – 10 M
Weight/box – 
Box Per Pallet – 
Pallet Type – ","Core  –  6"" plastic, 0.155"" PP
Width – 2.5""
Number Across Run/FInish –  1/1
Core Label – Yes
±10% –  Yes
Unwind Dir. Run – N/A
Unwind Dir. Finish –  N/A
Diecut/Continuous/Sheet –  Die Cut
Partial Case –  Yes
Pieces per roll/Unit – 2,500
Length per roll/unit –  417'
Finish – On Press
Application – "
9298,1562,"Number Across Run/Finish –  3/1
Where Finished –  On Press
Length per Roll/Unit – 34'
Core Type –  N/A
Core Width – N/A
Core Label – Yes - On bag
Dividers – 
Bag Size – 
Qty. Per Bag – 1000 Each
Box Size –  12 x 12 x 4
Qty. Per Box – 5,000 Each
Weight/box – 
Box Per Pallet – 
Pallet Type – ","Core  –  N/A
Width – N/A
Number Across Run/FInish –  3/1
Core Label – Yes - On bag
±10% –  Yes
Unwind Dir. Run – N/A
Unwind Dir. Finish –  N/A
Diecut/Continuous/Sheet –  Die Cut Sheet
Partial Case –  Yes
Pieces per roll/Unit – 1,000
Length per roll/unit –  34'
Finish – On Press
Application – "
9299,1563,"Number Across Run/Finish –  1/1
Where Finished –  On Press
Length per Roll/Unit – 79'
Core Type –  3"" Paper 1/8"" Strouse Brown
Core Width – 2""
Core Label – Yes
Dividers – 
Bag Size – 
Qty. Per Bag – 
Box Size –  10 x 10 x 10
Qty. Per Box – 10 M
Weight/box – 
Box Per Pallet – 
Pallet Type – ","Core  –  3"" Paper 1/8"" Strouse Brown
Width – 2""
Number Across Run/FInish –  1/1
Core Label – Yes
±10% –  Yes
Unwind Dir. Run – N/A
Unwind Dir. Finish –  N/A
Diecut/Continuous/Sheet –  Die Cut
Partial Case –  Yes
Pieces per roll/Unit – 2,500
Length per roll/unit –  79'
Finish – On Press
Application – "
9300,1564,"Number Across Run/Finish –  2/1
Where Finished –  Web Techniques
Length per Roll/Unit – 500'
Core Type –  3"" Paper 1/8"" White Brown
Core Width – 1.75""
Core Label – Yes
Dividers – 
Bag Size – 
Qty. Per Bag – 4 Rolls
Box Size –  12 x 12 x 12
Qty. Per Box – 4 Rolls
Weight/box – 
Box Per Pallet – 
Pallet Type – ","Core  –  3"" Paper 1/8"" White Brown
Width – 1.75""
Number Across Run/FInish –  2/1
Core Label – Yes
±10% –  Yes
Unwind Dir. Run – N/A
Unwind Dir. Finish –  Labels In
Diecut/Continuous/Sheet –  Die Cut
Partial Case –  Yes
Pieces per roll/Unit – 500
Length per roll/unit –  500'
Finish – Web Techniques
Application – "
9301,1565,"Number Across Run/Finish –  2/1
Where Finished –  On Press
Length per Roll/Unit – 73'
Core Type –  N/A
Core Width – N/A
Core Label – Yes - On bag
Dividers – 
Bag Size – 
Qty. Per Bag – 500 Each
Box Size –  12 x 12 x 6
Qty. Per Box – 1 M
Weight/box – 
Box Per Pallet – 
Pallet Type – ","Core  –  N/A
Width – N/A
Number Across Run/FInish –  2/1
Core Label – Yes - On bag
±10% –  Yes
Unwind Dir. Run – N/A
Unwind Dir. Finish –  N/A
Diecut/Continuous/Sheet –  Die Cut Sheet
Partial Case –  Yes
Pieces per roll/Unit – 500
Length per roll/unit –  73'
Finish – On Press
Application – "
9302,1566,"Number Across Run/Finish –  7/1
Where Finished –  On Press
Length per Roll/Unit – 18'
Core Type –  N/A
Core Width – N/A
Core Label – No
Dividers – 
Bag Size – 
Qty. Per Bag – 2 M
Box Size –  10 x 10 x 10
Qty. Per Box – 100 M
Weight/box – 
Box Per Pallet – 
Pallet Type – ","Core  –  N/A
Width – N/A
Number Across Run/FInish –  7/1
Core Label – No
±10% –  Yes
Unwind Dir. Run – N/A
Unwind Dir. Finish –  N/A
Diecut/Continuous/Sheet –  Die Cut Sheet
Partial Case –  Yes
Pieces per roll/Unit – 2,000
Length per roll/unit –  18'
Finish – On Press
Application – "
9303,1567,"Number Across Run/Finish –  3/1
Where Finished –  Off Press
Length per Roll/Unit – 990'
Core Type –  N/A
Core Width – N/A
Core Label – No
Dividers – 
Bag Size – 
Qty. Per Bag – 3.75 M
Box Size –  12 x 12 x 10
Qty. Per Box – 4 M
Weight/box – 
Box Per Pallet – 
Pallet Type – ","Core  –  N/A
Width – N/A
Number Across Run/FInish –  3/1
Core Label – No
±10% –  Yes
Unwind Dir. Run – N/A
Unwind Dir. Finish –  N/A
Diecut/Continuous/Sheet –  Die Cut Sheet
Partial Case –  Yes
Pieces per roll/Unit – 3,750
Length per roll/unit –  990'
Finish – Off Press
Application – "
9307,1568,"Number Across Run/Finish –  1/1
Where Finished –  On Press
Length per Roll/Unit – 188'
Core Type –  3"" Plastic 0.10"" HDPE
Core Width – 8.25""
Core Label – Yes
Dividers – 
Bag Size – 
Qty. Per Bag – 1 Rolls
Box Size –  14 x 14 x 10
Qty. Per Box – 5 Rolls
Weight/box – 
Box Per Pallet – 
Pallet Type – ","Core  –  3"" Plastic 0.10"" HDPE
Width – 8.25""
Number Across Run/FInish –  1/1
Core Label – Yes
±10% –  Yes
Unwind Dir. Run – Parts In
Unwind Dir. Finish –  Parts In
Diecut/Continuous/Sheet –  Die Cut
Partial Case –  Yes
Pieces per roll/Unit – 1,500
Length per roll/unit –  188'
Finish – On Press
Application – "
9311,1569,"Number Across Run/Finish –  
Where Finished –  
Length per Roll/Unit – 
Core Type –  
Core Width – 
Core Label – 
Dividers – 
Bag Size – 
Qty. Per Bag – 
Box Size –  
Qty. Per Box – 
Weight/box – 
Box Per Pallet – 
Pallet Type – ","Core  –  
Width – 
Number Across Run/FInish –  
Core Label – 
±10% –  
Unwind Dir. Run – 
Unwind Dir. Finish –  
Diecut/Continuous/Sheet –  
Partial Case –  
Pieces per roll/Unit – 
Length per roll/unit –  
Finish – 
Application – "
9313,1570,"Number Across Run/Finish –  
Where Finished –  
Length per Roll/Unit – 
Core Type –  
Core Width – 
Core Label – 
Dividers – 
Bag Size – 
Qty. Per Bag – 
Box Size –  12 x 12 x 10
Qty. Per Box – 
Weight/box – 
Box Per Pallet – 
Pallet Type – ","Core  –  
Width – 
Number Across Run/FInish –  
Core Label – 
±10% –  
Unwind Dir. Run – 
Unwind Dir. Finish –  
Diecut/Continuous/Sheet –  
Partial Case –  
Pieces per roll/Unit – 
Length per roll/unit –  
Finish – 
Application – "
9314,1571,"Number Across Run/Finish –  2/1
Where Finished –  Web Techniques
Length per Roll/Unit – 178'
Core Type –  3"" Paper 1/8"" Strouse Brown
Core Width – 2.25""
Core Label – Yes
Dividers – 
Bag Size – 
Qty. Per Bag – 
Box Size –  16 x 16 x 10-1/4
Qty. Per Box – 10 Rolls
Weight/box – 
Box Per Pallet – 
Pallet Type – ","Core  –  3"" Paper 1/8"" Strouse Brown
Width – 2.25""
Number Across Run/FInish –  2/1
Core Label – Yes
±10% –  Yes
Unwind Dir. Run – 1
Unwind Dir. Finish –  2
Diecut/Continuous/Sheet –  Die Cut
Partial Case –  Yes
Pieces per roll/Unit – 1,000
Length per roll/unit –  178'
Finish – Web Techniques
Application – "
9315,1572,"Number Across Run/Finish –  1/1
Where Finished –  On Press
Length per Roll/Unit – 159'
Core Type –  6"" Paper 3/8"" Brown Brown
Core Width – 5""
Core Label – Yes
Dividers – 
Bag Size – 
Qty. Per Bag – 1 Rolls
Box Size –  20 x 20 x 8
Qty. Per Box – 2 Rolls
Weight/box – 
Box Per Pallet – 
Pallet Type – ","Core  –  6"" Paper 3/8"" Brown Brown
Width – 5""
Number Across Run/FInish –  1/1
Core Label – Yes
±10% –  Yes
Unwind Dir. Run – Parts Out
Unwind Dir. Finish –  Parts Out
Diecut/Continuous/Sheet –  Die Cut
Partial Case –  Yes
Pieces per roll/Unit – 500
Length per roll/unit –  159'
Finish – On Press
Application – "
9316,1573,"Number Across Run/Finish –  1/1
Where Finished –  On Press
Length per Roll/Unit – 396'
Core Type –  6"" Paper 3/8"" Brown Brown
Core Width – 7.5""
Core Label – Yes
Dividers – 
Bag Size – 
Qty. Per Bag – 1 Rolls
Box Size –  22 x 14 x 6
Qty. Per Box – 1 Rolls
Weight/box – 
Box Per Pallet – 
Pallet Type – ","Core  –  6"" Paper 3/8"" Brown Brown
Width – 7.5""
Number Across Run/FInish –  1/1
Core Label – Yes
±10% –  Yes
Unwind Dir. Run – Parts Out
Unwind Dir. Finish –  Parts Out
Diecut/Continuous/Sheet –  Die Cut
Partial Case –  Yes
Pieces per roll/Unit – 500
Length per roll/unit –  396'
Finish – On Press
Application – "
9319,1574,"Number Across Run/Finish –  1/1
Where Finished –  On Press
Length per Roll/Unit – 145'
Core Type –  N/A
Core Width – N/A
Core Label – Yes - On Bag
Dividers – 
Bag Size – 
Qty. Per Bag – 50 Each
Box Size –  22 x 14 x 6
Qty. Per Box – 600 Each
Weight/box – 
Box Per Pallet – 
Pallet Type – ","Core  –  N/A
Width – N/A
Number Across Run/FInish –  1/1
Core Label – Yes - On Bag
±10% –  Yes
Unwind Dir. Run – N/A
Unwind Dir. Finish –  N/A
Diecut/Continuous/Sheet –  Die Cut Sheet
Partial Case –  Yes
Pieces per roll/Unit – 100
Length per roll/unit –  145'
Finish – On Press
Application – "
9320,1575,"Number Across Run/Finish –  1/1
Where Finished –  On Press
Length per Roll/Unit – 145'
Core Type –  N/A
Core Width – N/A
Core Label – Yes - On Bag
Dividers – 
Bag Size – 
Qty. Per Bag – 100 Each
Box Size –  22 x 14 x 6
Qty. Per Box – 600 Each
Weight/box – 
Box Per Pallet – 
Pallet Type – ","Core  –  N/A
Width – N/A
Number Across Run/FInish –  1/1
Core Label – Yes - On Bag
±10% –  Yes
Unwind Dir. Run – N/A
Unwind Dir. Finish –  N/A
Diecut/Continuous/Sheet –  Die Cut Sheet
Partial Case –  Yes
Pieces per roll/Unit – 100
Length per roll/unit –  145'
Finish – On Press
Application – "
9321,1576,"Number Across Run/Finish –  1/1
Where Finished –  On Press
Length per Roll/Unit – 142'
Core Type –  N/A
Core Width – N/A
Core Label – Yes
Dividers – 
Bag Size – 
Qty. Per Bag – 100 Each
Box Size –  
Qty. Per Box – 600 Each
Weight/box – 
Box Per Pallet – 
Pallet Type – ","Core  –  N/A
Width – N/A
Number Across Run/FInish –  1/1
Core Label – Yes
±10% –  Yes
Unwind Dir. Run – N/A
Unwind Dir. Finish –  N/A
Diecut/Continuous/Sheet –  Die Cut Sheet
Partial Case –  Yes
Pieces per roll/Unit – 100
Length per roll/unit –  142'
Finish – On Press
Application – "
9327,1577,"Number Across Run/Finish –  3/1
Where Finished –  On Press
Length per Roll/Unit – 8'
Core Type –  N/A
Core Width – N/A
Core Label – No
Dividers – 
Bag Size – 
Qty. Per Bag – 100 Each
Box Size –  
Qty. Per Box – 400 Each
Weight/box – 
Box Per Pallet – 
Pallet Type – ","Core  –  N/A
Width – N/A
Number Across Run/FInish –  3/1
Core Label – No
±10% –  Yes
Unwind Dir. Run – N/A
Unwind Dir. Finish –  N/A
Diecut/Continuous/Sheet –  Sheet
Partial Case –  Yes
Pieces per roll/Unit – 100
Length per roll/unit –  8'
Finish – On Press
Application – "
9328,1578,"Number Across Run/Finish –  1/1
Where Finished –  On Press
Length per Roll/Unit – 12'
Core Type –  N/A
Core Width – N/A
Core Label – 
Dividers – 
Bag Size – 
Qty. Per Bag – 50 Each
Box Size –  
Qty. Per Box – 50 Each
Weight/box – 
Box Per Pallet – 
Pallet Type – ","Core  –  N/A
Width – N/A
Number Across Run/FInish –  1/1
Core Label – 
±10% –  Yes
Unwind Dir. Run – N/A
Unwind Dir. Finish –  N/A
Diecut/Continuous/Sheet –  Sheet
Partial Case –  Yes
Pieces per roll/Unit – 50
Length per roll/unit –  12'
Finish – On Press
Application – "
9331,1579,"Number Across Run/Finish –  2/1
Where Finished –  Web Techniques
Length per Roll/Unit – 521'
Core Type –  3"" Paper 1/8"" White Brown
Core Width – 4.125""
Core Label – Yes
Dividers – 
Bag Size – 
Qty. Per Bag – 
Box Size –  16 1/2 x 8 1/2 x 13
Qty. Per Box – 6 Rolls
Weight/box – 
Box Per Pallet – 
Pallet Type – ","Core  –  3"" Paper 1/8"" White Brown
Width – 4.125""
Number Across Run/FInish –  2/1
Core Label – Yes
±10% –  No
Unwind Dir. Run – 3
Unwind Dir. Finish –  4
Diecut/Continuous/Sheet –  Die Cut
Partial Case –  Yes
Pieces per roll/Unit – 1,000
Length per roll/unit –  521'
Finish – Web Techniques
Application – "
9332,1580,"Number Across Run/Finish –  2/1
Where Finished –  Web Techniques
Length per Roll/Unit – 521'
Core Type –  3"" Paper 1/8"" White Brown
Core Width – 4.125""
Core Label – Yes
Dividers – 
Bag Size – 
Qty. Per Bag – 
Box Size –  16 1/2 x 8 1/2 x 13
Qty. Per Box – 6 Rolls
Weight/box – 
Box Per Pallet – 
Pallet Type – ","Core  –  3"" Paper 1/8"" White Brown
Width – 4.125""
Number Across Run/FInish –  2/1
Core Label – Yes
±10% –  No
Unwind Dir. Run – 3
Unwind Dir. Finish –  4
Diecut/Continuous/Sheet –  Die Cut
Partial Case –  Yes
Pieces per roll/Unit – 1,000
Length per roll/unit –  521'
Finish – Web Techniques
Application – "
9333,1581,"Number Across Run/Finish –  2/1
Where Finished –  Web Techniques
Length per Roll/Unit – 521'
Core Type –  3"" Paper 1/8"" White Brown
Core Width – 4.125""
Core Label – Yes
Dividers – 
Bag Size – 
Qty. Per Bag – 
Box Size –  14 x 14 x 10
Qty. Per Box – 6 Rolls
Weight/box – 
Box Per Pallet – 
Pallet Type – ","Core  –  3"" Paper 1/8"" White Brown
Width – 4.125""
Number Across Run/FInish –  2/1
Core Label – Yes
±10% –  No
Unwind Dir. Run – 3
Unwind Dir. Finish –  4
Diecut/Continuous/Sheet –  Die Cut
Partial Case –  Yes
Pieces per roll/Unit – 1,000
Length per roll/unit –  521'
Finish – Web Techniques
Application – "
9334,1582,"Number Across Run/Finish –  1/1
Where Finished –  On Press
Length per Roll/Unit – 188'
Core Type –  3"" Plastic 0.10"" HDPE
Core Width – 8.25""
Core Label – Yes
Dividers – 
Bag Size – 
Qty. Per Bag – 1 Rolls
Box Size –  12 x 12 x 10
Qty. Per Box – 5 Rolls
Weight/box – 
Box Per Pallet – 
Pallet Type – ","Core  –  3"" Plastic 0.10"" HDPE
Width – 8.25""
Number Across Run/FInish –  1/1
Core Label – Yes
±10% –  Yes
Unwind Dir. Run – Parts In
Unwind Dir. Finish –  Parts In
Diecut/Continuous/Sheet –  Die Cut
Partial Case –  Yes
Pieces per roll/Unit – 1,500
Length per roll/unit –  188'
Finish – On Press
Application – "
9335,1583,"Number Across Run/Finish –  1/1
Where Finished –  On Press
Length per Roll/Unit – 384'
Core Type –  N/A
Core Width – N/A
Core Label – No
Dividers – 
Bag Size – 
Qty. Per Bag – 400 Each
Box Size –  12 x 12 x 10
Qty. Per Box – 1,600 Each
Weight/box – 
Box Per Pallet – 
Pallet Type – ","Core  –  N/A
Width – N/A
Number Across Run/FInish –  1/1
Core Label – No
±10% –  Yes
Unwind Dir. Run – N/A
Unwind Dir. Finish –  N/A
Diecut/Continuous/Sheet –  Die Cut Sheet
Partial Case –  Yes
Pieces per roll/Unit – 400
Length per roll/unit –  384'
Finish – On Press
Application – "
9336,1584,"Number Across Run/Finish –  1/1
Where Finished –  On Press
Length per Roll/Unit – 384'
Core Type –  N/A
Core Width – N/A
Core Label – No
Dividers – 
Bag Size – 
Qty. Per Bag – 400 Each
Box Size –  9 x 9 x 13
Qty. Per Box – 1,600 Each
Weight/box – 
Box Per Pallet – 
Pallet Type – ","Core  –  N/A
Width – N/A
Number Across Run/FInish –  1/1
Core Label – No
±10% –  Yes
Unwind Dir. Run – N/A
Unwind Dir. Finish –  N/A
Diecut/Continuous/Sheet –  Die Cut Sheet
Partial Case –  Yes
Pieces per roll/Unit – 400
Length per roll/unit –  384'
Finish – On Press
Application – "
9337,1585,"Number Across Run/Finish –  2/1
Where Finished –  On Press
Length per Roll/Unit – 125'
Core Type –  3"" Plastic 0.10"" HDPE
Core Width – 2.75""
Core Label – Yes
Dividers – 
Bag Size – 
Qty. Per Bag – 10 Rolls
Box Size –  13 x 13 x 10
Qty. Per Box – 10 Rolls
Weight/box – 
Box Per Pallet – 
Pallet Type – ","Core  –  3"" Plastic 0.10"" HDPE
Width – 2.75""
Number Across Run/FInish –  2/1
Core Label – Yes
±10% –  Yes
Unwind Dir. Run – Parts Out
Unwind Dir. Finish –  Parts Out
Diecut/Continuous/Sheet –  Die Cut
Partial Case –  Yes
Pieces per roll/Unit – 1,000
Length per roll/unit –  125'
Finish – On Press
Application – "
9339,1586,"Number Across Run/Finish –  1/1
Where Finished –  On Press
Length per Roll/Unit – 93'
Core Type –  N/A
Core Width – N/A
Core Label – Yes - On film
Dividers – 
Bag Size – 
Qty. Per Bag – 1000 Each
Box Size –  13 x 9 x 11
Qty. Per Box – 7,000 Each
Weight/box – 
Box Per Pallet – 
Pallet Type – ","Core  –  N/A
Width – N/A
Number Across Run/FInish –  1/1
Core Label – Yes - On film
±10% –  Yes
Unwind Dir. Run – N/A
Unwind Dir. Finish –  N/A
Diecut/Continuous/Sheet –  Die Cut Sheet
Partial Case –  Yes
Pieces per roll/Unit – 1,000
Length per roll/unit –  93'
Finish – On Press
Application – "
9340,1587,"Number Across Run/Finish –  1/1
Where Finished –  On Press
Length per Roll/Unit – 84'
Core Type –  N/A
Core Width – N/A
Core Label – Yes - On film
Dividers – 
Bag Size – 
Qty. Per Bag – 900 Each
Box Size –  12 x 12 x 12
Qty. Per Box – 8,100 Each
Weight/box – 
Box Per Pallet – 
Pallet Type – ","Core  –  N/A
Width – N/A
Number Across Run/FInish –  1/1
Core Label – Yes - On film
±10% –  Yes
Unwind Dir. Run – N/A
Unwind Dir. Finish –  N/A
Diecut/Continuous/Sheet –  Die Cut Sheet
Partial Case –  Yes
Pieces per roll/Unit – 900
Length per roll/unit –  84'
Finish – On Press
Application – "
9342,1588,"Number Across Run/Finish –  2/1
Where Finished –  On Press
Length per Roll/Unit – 116'
Core Type –  3"" Plastic 0.10"" HDPE
Core Width – 2.73""
Core Label – Yes
Dividers – 
Bag Size – 
Qty. Per Bag – 1 Rolls
Box Size –  12 x 12 x 10
Qty. Per Box – 20 Rolls
Weight/box – 
Box Per Pallet – 
Pallet Type – ","Core  –  3"" Plastic 0.10"" HDPE
Width – 2.73""
Number Across Run/FInish –  2/1
Core Label – Yes
±10% –  Yes
Unwind Dir. Run – Parts Out
Unwind Dir. Finish –  Parts Out
Diecut/Continuous/Sheet –  Die Cut
Partial Case –  Yes
Pieces per roll/Unit – 5,000
Length per roll/unit –  116'
Finish – On Press
Application – "
9343,1589,"Number Across Run/Finish –  2/1
Where Finished –  On Press
Length per Roll/Unit – 694'
Core Type –  3"" Paper 1/8"" Strouse Brown
Core Width – 2.45""
Core Label – Yes
Dividers – Coreplast
Bag Size – 
Qty. Per Bag – 1 Rolls
Box Size –  6 x 6 x 6
Qty. Per Box – 4 Rolls
Weight/box – 
Box Per Pallet – 
Pallet Type – ","Core  –  3"" Paper 1/8"" Strouse Brown
Width – 2.45""
Number Across Run/FInish –  2/1
Core Label – Yes
±10% –  Yes
Unwind Dir. Run – See note
Unwind Dir. Finish –  See Note
Diecut/Continuous/Sheet –  Die Cut
Partial Case –  Yes
Pieces per roll/Unit – 2,500
Length per roll/unit –  694'
Finish – On Press
Application – "
9344,1590,"Number Across Run/Finish –  1/1
Where Finished –  On Press
Length per Roll/Unit – 28'
Core Type –  N/A
Core Width – N/A
Core Label – No
Dividers – 
Bag Size – 
Qty. Per Bag – 1 Each
Box Size –  12 x 12 x 4
Qty. Per Box – 1 Each
Weight/box – 
Box Per Pallet – 
Pallet Type – ","Core  –  N/A
Width – N/A
Number Across Run/FInish –  1/1
Core Label – No
±10% –  Yes
Unwind Dir. Run – N/A
Unwind Dir. Finish –  N/A
Diecut/Continuous/Sheet –  Die Cut Sheet
Partial Case –  Yes
Pieces per roll/Unit – 125
Length per roll/unit –  28'
Finish – On Press
Application – "
9345,1591,"Number Across Run/Finish –  22/1
Where Finished –  On Press
Length per Roll/Unit – 16'
Core Type –  N/A
Core Width – N/A
Core Label – No
Dividers – 
Bag Size – 
Qty. Per Bag – 0.5 M
Box Size –  CUSTOMER SUPPLIED
Qty. Per Box – 4 Rolls
Weight/box – 
Box Per Pallet – 
Pallet Type – ","Core  –  N/A
Width – N/A
Number Across Run/FInish –  22/1
Core Label – No
±10% –  Yes
Unwind Dir. Run – N/A
Unwind Dir. Finish –  N/A
Diecut/Continuous/Sheet –  Sheet
Partial Case –  Yes
Pieces per roll/Unit – 500
Length per roll/unit –  16'
Finish – On Press
Application – "
9346,1592,"Number Across Run/Finish –  1/1
Where Finished –  Off Press
Length per Roll/Unit – 261'
Core Type –  3"" Plastic 0.10"" HDPE
Core Width – 5.3""
Core Label – No
Dividers – 
Bag Size – 
Qty. Per Bag – 
Box Size –  CUSTOMER SUPPLIED
Qty. Per Box – 
Weight/box – 
Box Per Pallet – 
Pallet Type – ","Core  –  3"" Plastic 0.10"" HDPE
Width – 5.3""
Number Across Run/FInish –  1/1
Core Label – No
±10% –  Yes
Unwind Dir. Run – N/A
Unwind Dir. Finish –  N/A
Diecut/Continuous/Sheet –  Die Cut Sheet
Partial Case –  Yes
Pieces per roll/Unit – 1,000
Length per roll/unit –  261'
Finish – Off Press
Application – "
9347,1593,"Number Across Run/Finish –  1/1
Where Finished –  Off Press
Length per Roll/Unit – 261'
Core Type –  3"" Plastic 0.10"" HDPE
Core Width – 5.3""
Core Label – No
Dividers – 
Bag Size – 
Qty. Per Bag – 
Box Size –  16 x 16 x 10-1/4
Qty. Per Box – 
Weight/box – 
Box Per Pallet – 
Pallet Type – ","Core  –  3"" Plastic 0.10"" HDPE
Width – 5.3""
Number Across Run/FInish –  1/1
Core Label – No
±10% –  Yes
Unwind Dir. Run – N/A
Unwind Dir. Finish –  N/A
Diecut/Continuous/Sheet –  Die Cut Sheet
Partial Case –  Yes
Pieces per roll/Unit – 1,000
Length per roll/unit –  261'
Finish – Off Press
Application – "
9348,1594,"Number Across Run/Finish –  8/1
Where Finished –  On Press
Length per Roll/Unit – 100'
Core Type –  3"" Paper 1/8"" Strouse Brown
Core Width – 1""
Core Label – Yes
Dividers – Silicone Paper
Bag Size – 
Qty. Per Bag – 10 Rolls
Box Size –  14 x 14 x 14
Qty. Per Box – 10 Rolls
Weight/box – 
Box Per Pallet – 
Pallet Type – ","Core  –  3"" Paper 1/8"" Strouse Brown
Width – 1""
Number Across Run/FInish –  8/1
Core Label – Yes
±10% –  Yes
Unwind Dir. Run – parts Out
Unwind Dir. Finish –  Parts Out
Diecut/Continuous/Sheet –  Die Cut
Partial Case –  Yes
Pieces per roll/Unit – 100
Length per roll/unit –  100'
Finish – On Press
Application – "
9351,1595,"Number Across Run/Finish –  1/1
Where Finished –  On Press
Length per Roll/Unit – 203 Yd
Core Type –  3"" Paper 1/8"" Strouse Brown
Core Width – 65 mm
Core Label – Yes
Dividers – See Note
Bag Size – 
Qty. Per Bag – 5 M
Box Size –  12 x 12 x 4
Qty. Per Box – 25 M
Weight/box – 
Box Per Pallet – 
Pallet Type – ","Core  –  3"" Paper 1/8"" Strouse Brown
Width – 65 mm
Number Across Run/FInish –  1/1
Core Label – Yes
±10% –  Yes
Unwind Dir. Run – See Drawing
Unwind Dir. Finish –  See Drawing
Diecut/Continuous/Sheet –  Die Cut
Partial Case –  Yes
Pieces per roll/Unit – 5,000
Length per roll/unit –  203 Yd
Finish – On Press
Application – "
9352,1596,"Number Across Run/Finish –  1/1
Where Finished –  On Press
Length per Roll/Unit – 120'
Core Type –  N/A
Core Width – N/A
Core Label – No
Dividers – 
Bag Size – 
Qty. Per Bag – 220 Each
Box Size –  17.56 x 4.3125 x 17.937
Qty. Per Box – 220 Each
Weight/box – 
Box Per Pallet – 
Pallet Type – ","Core  –  N/A
Width – N/A
Number Across Run/FInish –  1/1
Core Label – No
±10% –  Yes
Unwind Dir. Run – N/A
Unwind Dir. Finish –  N/A
Diecut/Continuous/Sheet –  Sheet
Partial Case –  Yes
Pieces per roll/Unit – 220
Length per roll/unit –  120'
Finish – On Press
Application – "
9353,1597,"Number Across Run/Finish –  2/1
Where Finished –  Off Press
Length per Roll/Unit – 667'
Core Type –  6"" Paper (3/8"" wall)
Core Width – N/A
Core Label – No
Dividers – 
Bag Size – 
Qty. Per Bag – 
Box Size –  14 1/4 x 8 3/4  x 12 5/8
Qty. Per Box – 1 M
Weight/box – 
Box Per Pallet – 40 (80 M)
Pallet Type – ","Core  –  6"" Paper (3/8"" wall)
Width – N/A
Number Across Run/FInish –  2/1
Core Label – No
±10% –  Yes
Unwind Dir. Run – N/A
Unwind Dir. Finish –  N/A
Diecut/Continuous/Sheet –  Die Cut
Partial Case –  Yes
Pieces per roll/Unit – 2,000
Length per roll/unit –  667'
Finish – Off Press
Application – "
9354,1598,"Number Across Run/Finish –  1/1
Where Finished –  On Press
Length per Roll/Unit – 323'
Core Type –  3"" Paper 1/8"" Strouse Brown
Core Width – 7.5""
Core Label – Yes
Dividers – 
Bag Size – 
Qty. Per Bag – 1 Rolls
Box Size –  10 x 10 x 10
Qty. Per Box – 2 Rolls
Weight/box – 
Box Per Pallet – 
Pallet Type – ","Core  –  3"" Paper 1/8"" Strouse Brown
Width – 7.5""
Number Across Run/FInish –  1/1
Core Label – Yes
±10% –  Yes
Unwind Dir. Run – Parts Out
Unwind Dir. Finish –  Parts Out
Diecut/Continuous/Sheet –  Die Cut
Partial Case –  Yes
Pieces per roll/Unit – 500
Length per roll/unit –  323'
Finish – On Press
Application – "
9355,1599,"Number Across Run/Finish –  2/1
Where Finished –  On Press
Length per Roll/Unit – 500'
Core Type –  3"" Paper 1/8"" Strouse Brown
Core Width – 75 mm
Core Label – Yes
Dividers – Paper
Bag Size – 
Qty. Per Bag – 2 Rolls
Box Size –  
Qty. Per Box – 2 Rolls
Weight/box – 
Box Per Pallet – 
Pallet Type – ","Core  –  3"" Paper 1/8"" Strouse Brown
Width – 75 mm
Number Across Run/FInish –  2/1
Core Label – Yes
±10% –  Yes
Unwind Dir. Run – Parts Out
Unwind Dir. Finish –  Parts Out
Diecut/Continuous/Sheet –  Die Cut
Partial Case –  Yes
Pieces per roll/Unit – 1,000
Length per roll/unit –  500'
Finish – On Press
Application – "
9357,1600,"Number Across Run/Finish –  6/1
Where Finished –  On Press
Length per Roll/Unit – 197'
Core Type –  N/A
Core Width – N/A
Core Label – No
Dividers – Cardboard
Bag Size – 
Qty. Per Bag – 9 M
Box Size –  9 x 9 x 13
Qty. Per Box – 9 M
Weight/box – 
Box Per Pallet – 
Pallet Type – ","Core  –  N/A
Width – N/A
Number Across Run/FInish –  6/1
Core Label – No
±10% –  Yes
Unwind Dir. Run – N/A
Unwind Dir. Finish –  N/A
Diecut/Continuous/Sheet –  Die Cut Sheet
Partial Case –  Yes
Pieces per roll/Unit – 9,000
Length per roll/unit –  197'
Finish – On Press
Application – "
9360,1601,"Number Across Run/Finish –  2/1
Where Finished –  On Press
Length per Roll/Unit – 358'
Core Type –  3"" Plastic 0.10"" HDPE
Core Width – 55 mm
Core Label – Yes
Dividers – Lexmark style
Bag Size – 
Qty. Per Bag – 1 Rolls
Box Size –  12 x 12 x 10
Qty. Per Box – 4 Rolls
Weight/box – 
Box Per Pallet – 
Pallet Type – ","Core  –  3"" Plastic 0.10"" HDPE
Width – 55 mm
Number Across Run/FInish –  2/1
Core Label – Yes
±10% –  Yes
Unwind Dir. Run – See Drawing
Unwind Dir. Finish –  See Drawing
Diecut/Continuous/Sheet –  Die Cut
Partial Case –  Yes
Pieces per roll/Unit – 6,250
Length per roll/unit –  358'
Finish – On Press
Application – "
9362,1602,"Number Across Run/Finish –  1/1
Where Finished –  On Press
Length per Roll/Unit – 53'
Core Type –  N/A
Core Width – N/A
Core Label – No
Dividers – 
Bag Size – 
Qty. Per Bag – 200 Each
Box Size –  12 x 12 x 12
Qty. Per Box – 2,000 Each
Weight/box – 
Box Per Pallet – 
Pallet Type – ","Core  –  N/A
Width – N/A
Number Across Run/FInish –  1/1
Core Label – No
±10% –  Yes
Unwind Dir. Run – N/A
Unwind Dir. Finish –  N/A
Diecut/Continuous/Sheet –  Die Cut Sheet
Partial Case –  Yes
Pieces per roll/Unit – 200
Length per roll/unit –  53'
Finish – On Press
Application – "
9363,1603,"Number Across Run/Finish –  80/1
Where Finished –  On Press
Length per Roll/Unit – 2'
Core Type –  N/A
Core Width – N/A
Core Label – No
Dividers – 
Bag Size – 
Qty. Per Bag – 1000 Each
Box Size –  13 x 13 x 13
Qty. Per Box – 1,000 Each
Weight/box – 
Box Per Pallet – 
Pallet Type – ","Core  –  N/A
Width – N/A
Number Across Run/FInish –  80/1
Core Label – No
±10% –  Yes
Unwind Dir. Run – N/A
Unwind Dir. Finish –  N/A
Diecut/Continuous/Sheet –  Sheet
Partial Case –  Yes
Pieces per roll/Unit – 1,000
Length per roll/unit –  2'
Finish – On Press
Application – "
9364,1604,"Number Across Run/Finish –  1/1
Where Finished –  Off Press
Length per Roll/Unit – N/A
Core Type –  N/A
Core Width – N/A
Core Label – No
Dividers – 
Bag Size – 
Qty. Per Bag – 50 Each
Box Size –  12 x 12 x 4
Qty. Per Box – 500 Each
Weight/box – 
Box Per Pallet – 
Pallet Type – ","Core  –  N/A
Width – N/A
Number Across Run/FInish –  1/1
Core Label – No
±10% –  Yes
Unwind Dir. Run – N/A
Unwind Dir. Finish –  N/A
Diecut/Continuous/Sheet –  Sheet
Partial Case –  Yes
Pieces per roll/Unit – 200
Length per roll/unit –  N/A
Finish – Off Press
Application – "
9365,1605,"Number Across Run/Finish –  1/1
Where Finished –  On Press
Length per Roll/Unit – 9'
Core Type –  N/A
Core Width – N/A
Core Label – No
Dividers – 
Bag Size – 
Qty. Per Bag – 205 Each
Box Size –  12 x 12 x 4
Qty. Per Box – 205 Each
Weight/box – 
Box Per Pallet – 
Pallet Type – ","Core  –  N/A
Width – N/A
Number Across Run/FInish –  1/1
Core Label – No
±10% –  Yes
Unwind Dir. Run – N/A
Unwind Dir. Finish –  N/A
Diecut/Continuous/Sheet –  Sheet
Partial Case –  Yes
Pieces per roll/Unit – 205
Length per roll/unit –  9'
Finish – On Press
Application – "
9366,1606,"Number Across Run/Finish –  1/1
Where Finished –  On Press
Length per Roll/Unit – 26'
Core Type –  N/A
Core Width – N/A
Core Label – No
Dividers – 
Bag Size – 
Qty. Per Bag – 305 Each
Box Size –  12 x 12 x 4
Qty. Per Box – 305 Each
Weight/box – 
Box Per Pallet – 
Pallet Type – ","Core  –  N/A
Width – N/A
Number Across Run/FInish –  1/1
Core Label – No
±10% –  Yes
Unwind Dir. Run – N/A
Unwind Dir. Finish –  N/A
Diecut/Continuous/Sheet –  Sheet
Partial Case –  Yes
Pieces per roll/Unit – 305
Length per roll/unit –  26'
Finish – On Press
Application – "
9367,1607,"Number Across Run/Finish –  5/1
Where Finished –  On Press
Length per Roll/Unit – 24'
Core Type –  N/A
Core Width – N/A
Core Label – No
Dividers – 
Bag Size – 
Qty. Per Bag – 205 Each
Box Size –  19 x 13 x 6
Qty. Per Box – 205 Each
Weight/box – 
Box Per Pallet – 
Pallet Type – ","Core  –  N/A
Width – N/A
Number Across Run/FInish –  5/1
Core Label – No
±10% –  Yes
Unwind Dir. Run – N/A
Unwind Dir. Finish –  N/A
Diecut/Continuous/Sheet –  Sheet
Partial Case –  Yes
Pieces per roll/Unit – 205
Length per roll/unit –  24'
Finish – On Press
Application – "
9368,1608,"Number Across Run/Finish –  1/
Where Finished –  On Press
Length per Roll/Unit – 34'
Core Type –  N/A
Core Width – N/A
Core Label – No
Dividers – 
Bag Size – 
Qty. Per Bag – 20 Each
Box Size –  
Qty. Per Box – 80 Each
Weight/box – 
Box Per Pallet – 
Pallet Type – ","Core  –  N/A
Width – N/A
Number Across Run/FInish –  1/
Core Label – No
±10% –  Yes
Unwind Dir. Run – N/A
Unwind Dir. Finish –  
Diecut/Continuous/Sheet –  Die Cut Sheet
Partial Case –  Yes
Pieces per roll/Unit – 20
Length per roll/unit –  34'
Finish – On Press
Application – "
9369,1609,"Number Across Run/Finish –  
Where Finished –  
Length per Roll/Unit – 
Core Type –  
Core Width – 
Core Label – 
Dividers – 
Bag Size – 
Qty. Per Bag – 250 
Box Size –  14 1/4 x 8 3/4  x 12 5/8
Qty. Per Box – 500 
Weight/box – 
Box Per Pallet – 
Pallet Type – ","Core  –  
Width – 
Number Across Run/FInish –  
Core Label – 
±10% –  
Unwind Dir. Run – 
Unwind Dir. Finish –  
Diecut/Continuous/Sheet –  
Partial Case –  
Pieces per roll/Unit – 
Length per roll/unit –  
Finish – 
Application – "
9370,1610,"Number Across Run/Finish –  2/1
Where Finished –  On Press
Length per Roll/Unit – 1 Sheet
Core Type –  N/A
Core Width – N/A
Core Label – No
Dividers – 
Bag Size – 
Qty. Per Bag – 
Box Size –  20.25 x 20.25 x 2.5 cake
Qty. Per Box – 100 Each
Weight/box – 
Box Per Pallet – 
Pallet Type – ","Core  –  N/A
Width – N/A
Number Across Run/FInish –  2/1
Core Label – No
±10% –  Yes
Unwind Dir. Run – N/A
Unwind Dir. Finish –  N/A
Diecut/Continuous/Sheet –  Die Cut Sheet
Partial Case –  Yes
Pieces per roll/Unit – 10
Length per roll/unit –  1 Sheet
Finish – On Press
Application – "
9372,1611,"Number Across Run/Finish –  8/1
Where Finished –  On Press
Length per Roll/Unit – 8'
Core Type –  N/A
Core Width – N/A
Core Label – No
Dividers – 
Bag Size – 
Qty. Per Bag – 25 Each
Box Size –  20.25 x 20.25 x 2.5 cake
Qty. Per Box – 25 Each
Weight/box – 
Box Per Pallet – 
Pallet Type – ","Core  –  N/A
Width – N/A
Number Across Run/FInish –  8/1
Core Label – No
±10% –  Yes
Unwind Dir. Run – N/A
Unwind Dir. Finish –  N/A
Diecut/Continuous/Sheet –  Die Cut Sheet
Partial Case –  Yes
Pieces per roll/Unit – 25
Length per roll/unit –  8'
Finish – On Press
Application – "
9373,1612,"Number Across Run/Finish –  8/1
Where Finished –  On Press
Length per Roll/Unit – 16'
Core Type –  N/A
Core Width – N/A
Core Label – No
Dividers – 
Bag Size – 
Qty. Per Bag – 25 Each
Box Size –  11 x 11 x 8
Qty. Per Box – 25 Each
Weight/box – 
Box Per Pallet – 
Pallet Type – ","Core  –  N/A
Width – N/A
Number Across Run/FInish –  8/1
Core Label – No
±10% –  Yes
Unwind Dir. Run – N/A
Unwind Dir. Finish –  N/A
Diecut/Continuous/Sheet –  Die Cut Sheet
Partial Case –  Yes
Pieces per roll/Unit – 25
Length per roll/unit –  16'
Finish – On Press
Application – "
9374,1613,"Number Across Run/Finish –  96/1
Where Finished –  On Press
Length per Roll/Unit – 60 Yd
Core Type –  As Recd.
Core Width – 0.585""
Core Label – No
Dividers – Paper
Bag Size – 
Qty. Per Bag – 
Box Size –  14 x 14 x 10
Qty. Per Box – 48 Rolls
Weight/box – 
Box Per Pallet – 
Pallet Type – ","Core  –  As Recd.
Width – 0.585""
Number Across Run/FInish –  96/1
Core Label – No
±10% –  Yes
Unwind Dir. Run – As Rec'd
Unwind Dir. Finish –  As Rec'd
Diecut/Continuous/Sheet –  Continuous
Partial Case –  Yes
Pieces per roll/Unit – 1
Length per roll/unit –  60 Yd
Finish – On Press
Application – "
9375,1614,"Number Across Run/Finish –  1/1
Where Finished –  On Press
Length per Roll/Unit – 35'
Core Type –  3"" Paper 1/8"" Strouse Brown
Core Width – 2.5""
Core Label – Yes
Dividers – 
Bag Size – 
Qty. Per Bag – 4 Rolls
Box Size –  
Qty. Per Box – 4 M
Weight/box – 
Box Per Pallet – 
Pallet Type – ","Core  –  3"" Paper 1/8"" Strouse Brown
Width – 2.5""
Number Across Run/FInish –  1/1
Core Label – Yes
±10% –  Yes
Unwind Dir. Run – Parts Out
Unwind Dir. Finish –  Parts Out
Diecut/Continuous/Sheet –  Die Cut
Partial Case –  Yes
Pieces per roll/Unit – 250
Length per roll/unit –  35'
Finish – On Press
Application – "
9377,1615,"Number Across Run/Finish –  1/1
Where Finished –  On Press
Length per Roll/Unit – 84'
Core Type –  3"" Paper 1/8"" Strouse Brown
Core Width – 1.18""
Core Label – Yes
Dividers – 
Bag Size – 
Qty. Per Bag – 5 Rolls
Box Size –  12 x 12 x 4
Qty. Per Box – 10 Rolls
Weight/box – 
Box Per Pallet – 
Pallet Type – ","Core  –  3"" Paper 1/8"" Strouse Brown
Width – 1.18""
Number Across Run/FInish –  1/1
Core Label – Yes
±10% –  Yes
Unwind Dir. Run – Parts In
Unwind Dir. Finish –  Parts In
Diecut/Continuous/Sheet –  Die Cut
Partial Case –  Yes
Pieces per roll/Unit – 1,000
Length per roll/unit –  84'
Finish – On Press
Application – "
9378,1616,"Number Across Run/Finish –  3/1
Where Finished –  On Press
Length per Roll/Unit – 
Core Type –  N/A
Core Width – N/A
Core Label – No
Dividers – 
Bag Size – 
Qty. Per Bag – 100 Each
Box Size –  12 x 12 x 12
Qty. Per Box – 100 Each
Weight/box – 
Box Per Pallet – 
Pallet Type – ","Core  –  N/A
Width – N/A
Number Across Run/FInish –  3/1
Core Label – No
±10% –  Yes
Unwind Dir. Run – N/A
Unwind Dir. Finish –  N/A
Diecut/Continuous/Sheet –  Sheet
Partial Case –  Yes
Pieces per roll/Unit – 1,000
Length per roll/unit –  
Finish – On Press
Application – "
9380,1617,"Number Across Run/Finish –  2/
Where Finished –  
Length per Roll/Unit – 
Core Type –  3"" Paper 1/8"" White Brown
Core Width – 2.5
Core Label – 
Dividers – 
Bag Size – 
Qty. Per Bag – 
Box Size –  12 1/2 x 8 1/2 x 12 5/8
Qty. Per Box – 8 
Weight/box – 
Box Per Pallet – 
Pallet Type – ","Core  –  3"" Paper 1/8"" White Brown
Width – 2.5
Number Across Run/FInish –  2/
Core Label – 
±10% –  Yes
Unwind Dir. Run – 
Unwind Dir. Finish –  
Diecut/Continuous/Sheet –  
Partial Case –  Yes
Pieces per roll/Unit – 
Length per roll/unit –  
Finish – 
Application – "
9381,1618,"Number Across Run/Finish –  2/1
Where Finished –  Web Techniques
Length per Roll/Unit – 510'
Core Type –  3"" Paper 1/8"" White Brown
Core Width – 4.125""
Core Label – No
Dividers – 
Bag Size – 
Qty. Per Bag – 
Box Size –  
Qty. Per Box – 
Weight/box – 
Box Per Pallet – 
Pallet Type – ","Core  –  3"" Paper 1/8"" White Brown
Width – 4.125""
Number Across Run/FInish –  2/1
Core Label – No
±10% –  No
Unwind Dir. Run – 3
Unwind Dir. Finish –  4
Diecut/Continuous/Sheet –  Die Cut
Partial Case –  Yes
Pieces per roll/Unit – 1,000
Length per roll/unit –  510'
Finish – Web Techniques
Application – "
9382,1619,"Number Across Run/Finish –  2/1
Where Finished –  Web Techniques
Length per Roll/Unit – 510'
Core Type –  3"" Paper 1/8"" White Brown
Core Width – 4.125""
Core Label – No
Dividers – 
Bag Size – 
Qty. Per Bag – 
Box Size –  12 1/2 x 8 1/2 x 12 5/8
Qty. Per Box – 
Weight/box – 
Box Per Pallet – 
Pallet Type – ","Core  –  3"" Paper 1/8"" White Brown
Width – 4.125""
Number Across Run/FInish –  2/1
Core Label – No
±10% –  No
Unwind Dir. Run – 3
Unwind Dir. Finish –  4
Diecut/Continuous/Sheet –  Die Cut
Partial Case –  Yes
Pieces per roll/Unit – 1,000
Length per roll/unit –  510'
Finish – Web Techniques
Application – "
9383,1620,"Number Across Run/Finish –  2/1
Where Finished –  Web Techniques
Length per Roll/Unit – 510'
Core Type –  3"" Paper 1/8"" White Brown
Core Width – 4.125""
Core Label – No
Dividers – 
Bag Size – 
Qty. Per Bag – 
Box Size –  14 x 14 x 10
Qty. Per Box – 
Weight/box – 
Box Per Pallet – 
Pallet Type – ","Core  –  3"" Paper 1/8"" White Brown
Width – 4.125""
Number Across Run/FInish –  2/1
Core Label – No
±10% –  No
Unwind Dir. Run – 3
Unwind Dir. Finish –  4
Diecut/Continuous/Sheet –  Die Cut
Partial Case –  Yes
Pieces per roll/Unit – 1,000
Length per roll/unit –  510'
Finish – Web Techniques
Application – "
9384,1621,"Number Across Run/Finish –  3/1
Where Finished –  On Press
Length per Roll/Unit – 163'
Core Type –  3"" Paper 1/8"" Strouse Brown
Core Width – 2""
Core Label – Yes
Dividers – Cardboard 13x13
Bag Size – 
Qty. Per Bag – 1 Rolls
Box Size –  19.75 x 14 x 2.5
Qty. Per Box – 4 M
Weight/box – 
Box Per Pallet – 
Pallet Type – ","Core  –  3"" Paper 1/8"" Strouse Brown
Width – 2""
Number Across Run/FInish –  3/1
Core Label – Yes
±10% –  Yes
Unwind Dir. Run – See Drawing
Unwind Dir. Finish –  See Drawing
Diecut/Continuous/Sheet –  Die Cut
Partial Case –  Yes
Pieces per roll/Unit – 1,200
Length per roll/unit –  163'
Finish – On Press
Application – "
9385,1622,"Number Across Run/Finish –  1/1
Where Finished –  On Press
Length per Roll/Unit – 100'
Core Type –  N/A
Core Width – N/A
Core Label – No
Dividers – 
Bag Size – 
Qty. Per Bag – 500 Each
Box Size –  24 x 24 x 6
Qty. Per Box – 1,000 Each
Weight/box – 
Box Per Pallet – 
Pallet Type – ","Core  –  N/A
Width – N/A
Number Across Run/FInish –  1/1
Core Label – No
±10% –  Yes
Unwind Dir. Run – N/A
Unwind Dir. Finish –  N/A
Diecut/Continuous/Sheet –  Sheet
Partial Case –  Yes
Pieces per roll/Unit – 500
Length per roll/unit –  100'
Finish – On Press
Application – "
9387,1623,"Number Across Run/Finish –  
Where Finished –  
Length per Roll/Unit – 
Core Type –  
Core Width – 
Core Label – 
Dividers – 
Bag Size – 
Qty. Per Bag – 1000 
Box Size –  
Qty. Per Box – 1,000 
Weight/box – 
Box Per Pallet – 
Pallet Type – ","Core  –  
Width – 
Number Across Run/FInish –  
Core Label – 
±10% –  Yes
Unwind Dir. Run – 
Unwind Dir. Finish –  
Diecut/Continuous/Sheet –  
Partial Case –  Yes
Pieces per roll/Unit – 
Length per roll/unit –  
Finish – 
Application – "
9388,1624,"Number Across Run/Finish –  
Where Finished –  
Length per Roll/Unit – 
Core Type –  
Core Width – 
Core Label – 
Dividers – 
Bag Size – 
Qty. Per Bag – 1000 
Box Size –  
Qty. Per Box – 1,000 
Weight/box – 
Box Per Pallet – 
Pallet Type – ","Core  –  
Width – 
Number Across Run/FInish –  
Core Label – 
±10% –  Yes
Unwind Dir. Run – 
Unwind Dir. Finish –  
Diecut/Continuous/Sheet –  
Partial Case –  Yes
Pieces per roll/Unit – 
Length per roll/unit –  
Finish – 
Application – "
9389,1625,"Number Across Run/Finish –  
Where Finished –  
Length per Roll/Unit – 
Core Type –  
Core Width – 
Core Label – 
Dividers – 
Bag Size – 
Qty. Per Bag – 1000 
Box Size –  
Qty. Per Box – 1,000 
Weight/box – 
Box Per Pallet – 
Pallet Type – ","Core  –  
Width – 
Number Across Run/FInish –  
Core Label – 
±10% –  Yes
Unwind Dir. Run – 
Unwind Dir. Finish –  
Diecut/Continuous/Sheet –  
Partial Case –  Yes
Pieces per roll/Unit – 
Length per roll/unit –  
Finish – 
Application – "
9390,1626,"Number Across Run/Finish –  
Where Finished –  
Length per Roll/Unit – 
Core Type –  
Core Width – 
Core Label – 
Dividers – 
Bag Size – 
Qty. Per Bag – 1000 
Box Size –  12 x 12 x 4
Qty. Per Box – 1,000 
Weight/box – 
Box Per Pallet – 
Pallet Type – ","Core  –  
Width – 
Number Across Run/FInish –  
Core Label – 
±10% –  Yes
Unwind Dir. Run – 
Unwind Dir. Finish –  
Diecut/Continuous/Sheet –  
Partial Case –  Yes
Pieces per roll/Unit – 
Length per roll/unit –  
Finish – 
Application – "
9391,1627,"Number Across Run/Finish –  45/1
Where Finished –  On Press
Length per Roll/Unit – 1 Sheet
Core Type –  N/A
Core Width – N/A
Core Label – Yes - bag label
Dividers – 
Bag Size – 
Qty. Per Bag – 250 Each
Box Size –  12 x 12 x 4
Qty. Per Box – 1 M
Weight/box – 
Box Per Pallet – 
Pallet Type – ","Core  –  N/A
Width – N/A
Number Across Run/FInish –  45/1
Core Label – Yes - bag label
±10% –  Yes
Unwind Dir. Run – N/A
Unwind Dir. Finish –  N/A
Diecut/Continuous/Sheet –  Sheet
Partial Case –  Yes
Pieces per roll/Unit – 250
Length per roll/unit –  1 Sheet
Finish – On Press
Application – "
9392,1628,"Number Across Run/Finish –  2/1
Where Finished –  On Press
Length per Roll/Unit – 116'
Core Type –  N/A
Core Width – N/A
Core Label – No
Dividers – 
Bag Size – 
Qty. Per Bag – 250 Each
Box Size –  12 x 12 x 4
Qty. Per Box – 250 Each
Weight/box – 
Box Per Pallet – 
Pallet Type – ","Core  –  N/A
Width – N/A
Number Across Run/FInish –  2/1
Core Label – No
±10% –  Yes
Unwind Dir. Run – N/A
Unwind Dir. Finish –  N/A
Diecut/Continuous/Sheet –  Die Cut Sheet
Partial Case –  Yes
Pieces per roll/Unit – 250
Length per roll/unit –  116'
Finish – On Press
Application – "
9393,1629,"Number Across Run/Finish –  2/2
Where Finished –  On Press
Length per Roll/Unit – 53'
Core Type –  3"" Plastic 0.10"" HDPE
Core Width – 1.5""
Core Label – Yes
Dividers – 
Bag Size – 
Qty. Per Bag – 1 Rolls
Box Size –  12 x 12 x 10
Qty. Per Box – 10 M
Weight/box – 
Box Per Pallet – 
Pallet Type – ","Core  –  3"" Plastic 0.10"" HDPE
Width – 1.5""
Number Across Run/FInish –  2/2
Core Label – Yes
±10% –  Yes
Unwind Dir. Run – parts Out
Unwind Dir. Finish –  Parts Out
Diecut/Continuous/Sheet –  Die Cut
Partial Case –  Yes
Pieces per roll/Unit – 2,500
Length per roll/unit –  53'
Finish – On Press
Application – "
9396,1630,"Number Across Run/Finish –  1/1
Where Finished –  On Press
Length per Roll/Unit – 125'
Core Type –  N/A
Core Width – N/A
Core Label – No
Dividers – 3 x 4.5 Silicone
Bag Size – 
Qty. Per Bag – 25 Each
Box Size –  
Qty. Per Box – 500 Each
Weight/box – 
Box Per Pallet – 
Pallet Type – ","Core  –  N/A
Width – N/A
Number Across Run/FInish –  1/1
Core Label – No
±10% –  Ask
Unwind Dir. Run – N/A
Unwind Dir. Finish –  N/A
Diecut/Continuous/Sheet –  Sheet
Partial Case –  Ask
Pieces per roll/Unit – 500
Length per roll/unit –  125'
Finish – On Press
Application – "
9397,1631,"Number Across Run/Finish –  
Where Finished –  
Length per Roll/Unit – 
Core Type –  
Core Width – 
Core Label – 
Dividers – 
Bag Size – 
Qty. Per Bag – 
Box Size –  
Qty. Per Box – 
Weight/box – 
Box Per Pallet – 
Pallet Type – ","Core  –  
Width – 
Number Across Run/FInish –  
Core Label – 
±10% –  
Unwind Dir. Run – 
Unwind Dir. Finish –  
Diecut/Continuous/Sheet –  
Partial Case –  
Pieces per roll/Unit – 
Length per roll/unit –  
Finish – 
Application – "
9398,1632,"Number Across Run/Finish –  
Where Finished –  
Length per Roll/Unit – 
Core Type –  3"" Plastic 0.10"" HDPE
Core Width – 1.25
Core Label – 
Dividers – 
Bag Size – 
Qty. Per Bag – 9 
Box Size –  12 x 12 x 12
Qty. Per Box – 9 
Weight/box – 
Box Per Pallet – 
Pallet Type – ","Core  –  3"" Plastic 0.10"" HDPE
Width – 1.25
Number Across Run/FInish –  
Core Label – 
±10% –  
Unwind Dir. Run – 
Unwind Dir. Finish –  
Diecut/Continuous/Sheet –  
Partial Case –  
Pieces per roll/Unit – 
Length per roll/unit –  
Finish – 
Application – "
9401,1633,"Number Across Run/Finish –  1/1
Where Finished –  On Press
Length per Roll/Unit – 75'
Core Type –  N/A
Core Width – N/A
Core Label – No
Dividers – 
Bag Size – 
Qty. Per Bag – 300 Each
Box Size –  
Qty. Per Box – 300 Each
Weight/box – 
Box Per Pallet – 
Pallet Type – ","Core  –  N/A
Width – N/A
Number Across Run/FInish –  1/1
Core Label – No
±10% –  Yes
Unwind Dir. Run – N/A
Unwind Dir. Finish –  N/A
Diecut/Continuous/Sheet –  Sheet
Partial Case –  Yes
Pieces per roll/Unit – 300
Length per roll/unit –  75'
Finish – On Press
Application – "
9402,1634,"Number Across Run/Finish –  
Where Finished –  
Length per Roll/Unit – 
Core Type –  
Core Width – 
Core Label – 
Dividers – 
Bag Size – 
Qty. Per Bag – 
Box Size –  
Qty. Per Box – 
Weight/box – 
Box Per Pallet – 
Pallet Type – ","Core  –  
Width – 
Number Across Run/FInish –  
Core Label – 
±10% –  
Unwind Dir. Run – 
Unwind Dir. Finish –  
Diecut/Continuous/Sheet –  
Partial Case –  
Pieces per roll/Unit – 
Length per roll/unit –  
Finish – 
Application – "
9403,1635,"Number Across Run/Finish –  
Where Finished –  
Length per Roll/Unit – 
Core Type –  
Core Width – 
Core Label – 
Dividers – 
Bag Size – 
Qty. Per Bag – 1 
Box Size –  
Qty. Per Box – 1 
Weight/box – 
Box Per Pallet – 
Pallet Type – ","Core  –  
Width – 
Number Across Run/FInish –  
Core Label – 
±10% –  
Unwind Dir. Run – 
Unwind Dir. Finish –  
Diecut/Continuous/Sheet –  
Partial Case –  
Pieces per roll/Unit – 
Length per roll/unit –  
Finish – 
Application – "
9404,1636,"Number Across Run/Finish –  
Where Finished –  
Length per Roll/Unit – 
Core Type –  
Core Width – 
Core Label – 
Dividers – 
Bag Size – 
Qty. Per Bag – 1 
Box Size –  
Qty. Per Box – 1 
Weight/box – 
Box Per Pallet – 
Pallet Type – ","Core  –  
Width – 
Number Across Run/FInish –  
Core Label – 
±10% –  
Unwind Dir. Run – 
Unwind Dir. Finish –  
Diecut/Continuous/Sheet –  
Partial Case –  
Pieces per roll/Unit – 
Length per roll/unit –  
Finish – 
Application – "
9405,1637,"Number Across Run/Finish –  
Where Finished –  
Length per Roll/Unit – 
Core Type –  
Core Width – 
Core Label – 
Dividers – 
Bag Size – 
Qty. Per Bag – .5 
Box Size –  
Qty. Per Box – 1 
Weight/box – 
Box Per Pallet – 
Pallet Type – ","Core  –  
Width – 
Number Across Run/FInish –  
Core Label – 
±10% –  
Unwind Dir. Run – 
Unwind Dir. Finish –  
Diecut/Continuous/Sheet –  
Partial Case –  
Pieces per roll/Unit – 
Length per roll/unit –  
Finish – 
Application – "
9406,1638,"Number Across Run/Finish –  
Where Finished –  
Length per Roll/Unit – 
Core Type –  
Core Width – 
Core Label – 
Dividers – 
Bag Size – 
Qty. Per Bag – .5 
Box Size –  14 1/4 x 8 3/4  x 12 5/8
Qty. Per Box – 1 
Weight/box – 
Box Per Pallet – 
Pallet Type – ","Core  –  
Width – 
Number Across Run/FInish –  
Core Label – 
±10% –  
Unwind Dir. Run – 
Unwind Dir. Finish –  
Diecut/Continuous/Sheet –  
Partial Case –  
Pieces per roll/Unit – 
Length per roll/unit –  
Finish – 
Application – "
9409,1639,"Number Across Run/Finish –  1/
Where Finished –  
Length per Roll/Unit – 
Core Type –  
Core Width – 
Core Label – 
Dividers – 
Bag Size – 
Qty. Per Bag – 
Box Size –  
Qty. Per Box – 
Weight/box – 
Box Per Pallet – 
Pallet Type – ","Core  –  
Width – 
Number Across Run/FInish –  1/
Core Label – 
±10% –  Yes
Unwind Dir. Run – Part out
Unwind Dir. Finish –  
Diecut/Continuous/Sheet –  
Partial Case –  Yes
Pieces per roll/Unit – 
Length per roll/unit –  
Finish – 
Application – "
9411,1640,"Number Across Run/Finish –  
Where Finished –  
Length per Roll/Unit – 
Core Type –  3"" Paper 1/8"" Strouse White
Core Width – 3.00
Core Label – 
Dividers – 
Bag Size – 
Qty. Per Bag – 
Box Size –  
Qty. Per Box – 1 
Weight/box – 
Box Per Pallet – 
Pallet Type – ","Core  –  3"" Paper 1/8"" Strouse White
Width – 3.00
Number Across Run/FInish –  
Core Label – 
±10% –  
Unwind Dir. Run – 
Unwind Dir. Finish –  
Diecut/Continuous/Sheet –  
Partial Case –  
Pieces per roll/Unit – 
Length per roll/unit –  
Finish – 
Application – "
9412,1641,"Number Across Run/Finish –  
Where Finished –  
Length per Roll/Unit – 
Core Type –  
Core Width – 
Core Label – 
Dividers – 
Bag Size – 
Qty. Per Bag – 
Box Size –  
Qty. Per Box – 
Weight/box – 
Box Per Pallet – 
Pallet Type – ","Core  –  
Width – 
Number Across Run/FInish –  
Core Label – 
±10% –  
Unwind Dir. Run – 
Unwind Dir. Finish –  
Diecut/Continuous/Sheet –  
Partial Case –  
Pieces per roll/Unit – 
Length per roll/unit –  
Finish – 
Application – "
