Model,Model Id,Occupancy,Occupancy Id,Make,Make Id,Type,Type Id,TypeDetail,TypeDetail2,Suspension,Suspension Id,Color,Color Id,Canopy Top Color,Canopy Top Color Id,Subitem of,Subitem of Id,Child Item,MSRP
Adventurer 2+2,1,4-PASS,2,Yamaha,1,GAS,3,EFI,1,Lifted,1,Atomic Orange,1,Black,3,"Yamaha,Adventurer 2+2,4-PASS,EFI,GAS,Lifted",2647,"Yamaha,Adventurer 2+2,Atomic Orange,4-PASS,EFI,GAS,Lifted,CT_Black",14995.00
Adventurer 2+2,1,4-PASS,2,Yamaha,1,GAS,3,EFI,1,Lifted,1,Atomic Orange,1,Stone,4,"Yamaha,Adventurer 2+2,4-PASS,EFI,GAS,Lifted",2647,"Yamaha,Adventurer 2+2,Atomic Orange,4-PASS,EFI,GAS,Lifted,CT_Stone",14995.00
Adventurer 2+2,1,4-PASS,2,Yamaha,1,GAS,3,EFI,1,Lifted,1,Graphite Matte,2,Black,3,"Yamaha,Adventurer 2+2,4-PASS,EFI,GAS,Lifted",2647,"Yamaha,Adventurer 2+2,Graphite Matte,4-PASS,EFI,GAS,Lifted,CT_Black",14995.00
Adventurer 2+2,1,4-PASS,2,Yamaha,1,GAS,3,EFI,1,Lifted,1,Graphite Matte,2,Stone,4,"Yamaha,Adventurer 2+2,4-PASS,EFI,GAS,Lifted",2647,"Yamaha,Adventurer 2+2,Graphite Matte,4-PASS,EFI,GAS,Lifted,CT_Stone",14995.00
Adventurer 2+2,1,4-PASS,2,Yamaha,1,GAS,3,EFI,1,Lifted,1,Mica Matte,3,Black,3,"Yamaha,Adventurer 2+2,4-PASS,EFI,GAS,Lifted",2647,"Yamaha,Adventurer 2+2,Mica Matte,4-PASS,EFI,GAS,Lifted,CT_Black",14995.00
Adventurer 2+2,1,4-PASS,2,Yamaha,1,GAS,3,EFI,1,Lifted,1,Mica Matte,3,Stone,4,"Yamaha,Adventurer 2+2,4-PASS,EFI,GAS,Lifted",2647,"Yamaha,Adventurer 2+2,Mica Matte,4-PASS,EFI,GAS,Lifted,CT_Stone",14995.00
Adventurer 2+2,1,4-PASS,2,Yamaha,1,GAS,3,EFI,1,Lifted,1,White,4,Black,3,"Yamaha,Adventurer 2+2,4-PASS,EFI,GAS,Lifted",2647,"Yamaha,Adventurer 2+2,White,4-PASS,EFI,GAS,Lifted,CT_Black",14995.00
Adventurer 2+2,1,4-PASS,2,Yamaha,1,GAS,3,EFI,1,Lifted,1,White,4,Stone,4,"Yamaha,Adventurer 2+2,4-PASS,EFI,GAS,Lifted",2647,"Yamaha,Adventurer 2+2,White,4-PASS,EFI,GAS,Lifted,CT_Stone",14995.00
Adventurer 2+2,1,4-PASS,2,Yamaha,1,GAS,3,EFI,1,Lifted,1,Aqua Blue,5,Black,3,"Yamaha,Adventurer 2+2,4-PASS,EFI,GAS,Lifted",2647,"Yamaha,Adventurer 2+2,Aqua Blue,4-PASS,EFI,GAS,Lifted,CT_Black",14995.00
Adventurer 2+2,1,4-PASS,2,Yamaha,1,GAS,3,EFI,1,Lifted,1,Aqua Blue,5,Stone,4,"Yamaha,Adventurer 2+2,4-PASS,EFI,GAS,Lifted",2647,"Yamaha,Adventurer 2+2,Aqua Blue,4-PASS,EFI,GAS,Lifted,CT_Stone",14995.00
Adventurer 2+2,1,4-PASS,2,Yamaha,1,GAS,3,EFI,1,Lifted,1,Moonstone,6,Black,3,"Yamaha,Adventurer 2+2,4-PASS,EFI,GAS,Lifted",2647,"Yamaha,Adventurer 2+2,Moonstone,4-PASS,EFI,GAS,Lifted,CT_Black",14995.00
Adventurer 2+2,1,4-PASS,2,Yamaha,1,GAS,3,EFI,1,Lifted,1,Moonstone,6,Stone,4,"Yamaha,Adventurer 2+2,4-PASS,EFI,GAS,Lifted",2647,"Yamaha,Adventurer 2+2,Moonstone,4-PASS,EFI,GAS,Lifted,CT_Stone",14995.00
Adventurer 2+2,1,4-PASS,2,Yamaha,1,GAS,3,EFI,1,Lifted,1,Bluestone,7,Black,3,"Yamaha,Adventurer 2+2,4-PASS,EFI,GAS,Lifted",2647,"Yamaha,Adventurer 2+2,Bluestone,4-PASS,EFI,GAS,Lifted,CT_Black",14995.00
Adventurer 2+2,1,4-PASS,2,Yamaha,1,GAS,3,EFI,1,Lifted,1,Bluestone,7,Stone,4,"Yamaha,Adventurer 2+2,4-PASS,EFI,GAS,Lifted",2647,"Yamaha,Adventurer 2+2,Bluestone,4-PASS,EFI,GAS,Lifted,CT_Stone",14995.00
Adventurer 2+2,1,4-PASS,2,Yamaha,1,GAS,3,EFI,1,Lifted,1,Jasper,8,Black,3,"Yamaha,Adventurer 2+2,4-PASS,EFI,GAS,Lifted",2647,"Yamaha,Adventurer 2+2,Jasper,4-PASS,EFI,GAS,Lifted,CT_Black",14995.00
Adventurer 2+2,1,4-PASS,2,Yamaha,1,GAS,3,EFI,1,Lifted,1,Jasper,8,Stone,4,"Yamaha,Adventurer 2+2,4-PASS,EFI,GAS,Lifted",2647,"Yamaha,Adventurer 2+2,Jasper,4-PASS,EFI,GAS,Lifted,CT_Stone",14995.00
Adventurer 2+2,1,4-PASS,2,Yamaha,1,GAS,3,EFI,1,Lifted,1,Black,9,Black,3,"Yamaha,Adventurer 2+2,4-PASS,EFI,GAS,Lifted",2647,"Yamaha,Adventurer 2+2,Black,4-PASS,EFI,GAS,Lifted,CT_Black",14995.00
Adventurer 2+2,1,4-PASS,2,Yamaha,1,GAS,3,EFI,1,Lifted,1,Black,9,Stone,4,"Yamaha,Adventurer 2+2,4-PASS,EFI,GAS,Lifted",2647,"Yamaha,Adventurer 2+2,Black,4-PASS,EFI,GAS,Lifted,CT_Stone",14995.00
Adventurer 2+2,1,4-PASS,2,Yamaha,1,ELECTRIC,2,FLA,4,Lifted,1,Atomic Orange,1,Black,3,"Yamaha,Adventurer 2+2,4-PASS,FLA,ELECTRIC,Lifted",2648,"Yamaha,Adventurer 2+2,Atomic Orange,4-PASS,FLA,ELECTRIC,Lifted,CT_Black",14995.00
Adventurer 2+2,1,4-PASS,2,Yamaha,1,ELECTRIC,2,FLA,4,Lifted,1,Atomic Orange,1,Stone,4,"Yamaha,Adventurer 2+2,4-PASS,FLA,ELECTRIC,Lifted",2648,"Yamaha,Adventurer 2+2,Atomic Orange,4-PASS,FLA,ELECTRIC,Lifted,CT_Stone",14995.00
Adventurer 2+2,1,4-PASS,2,Yamaha,1,ELECTRIC,2,FLA,4,Lifted,1,Graphite Matte,2,Black,3,"Yamaha,Adventurer 2+2,4-PASS,FLA,ELECTRIC,Lifted",2648,"Yamaha,Adventurer 2+2,Graphite Matte,4-PASS,FLA,ELECTRIC,Lifted,CT_Black",14995.00
Adventurer 2+2,1,4-PASS,2,Yamaha,1,ELECTRIC,2,FLA,4,Lifted,1,Graphite Matte,2,Stone,4,"Yamaha,Adventurer 2+2,4-PASS,FLA,ELECTRIC,Lifted",2648,"Yamaha,Adventurer 2+2,Graphite Matte,4-PASS,FLA,ELECTRIC,Lifted,CT_Stone",14995.00
Adventurer 2+2,1,4-PASS,2,Yamaha,1,ELECTRIC,2,FLA,4,Lifted,1,Mica Matte,3,Black,3,"Yamaha,Adventurer 2+2,4-PASS,FLA,ELECTRIC,Lifted",2648,"Yamaha,Adventurer 2+2,Mica Matte,4-PASS,FLA,ELECTRIC,Lifted,CT_Black",14995.00
Adventurer 2+2,1,4-PASS,2,Yamaha,1,ELECTRIC,2,FLA,4,Lifted,1,Mica Matte,3,Stone,4,"Yamaha,Adventurer 2+2,4-PASS,FLA,ELECTRIC,Lifted",2648,"Yamaha,Adventurer 2+2,Mica Matte,4-PASS,FLA,ELECTRIC,Lifted,CT_Stone",14995.00
Adventurer 2+2,1,4-PASS,2,Yamaha,1,ELECTRIC,2,FLA,4,Lifted,1,White,4,Black,3,"Yamaha,Adventurer 2+2,4-PASS,FLA,ELECTRIC,Lifted",2648,"Yamaha,Adventurer 2+2,White,4-PASS,FLA,ELECTRIC,Lifted,CT_Black",14995.00
Adventurer 2+2,1,4-PASS,2,Yamaha,1,ELECTRIC,2,FLA,4,Lifted,1,White,4,Stone,4,"Yamaha,Adventurer 2+2,4-PASS,FLA,ELECTRIC,Lifted",2648,"Yamaha,Adventurer 2+2,White,4-PASS,FLA,ELECTRIC,Lifted,CT_Stone",14995.00
Adventurer 2+2,1,4-PASS,2,Yamaha,1,ELECTRIC,2,FLA,4,Lifted,1,Aqua Blue,5,Black,3,"Yamaha,Adventurer 2+2,4-PASS,FLA,ELECTRIC,Lifted",2648,"Yamaha,Adventurer 2+2,Aqua Blue,4-PASS,FLA,ELECTRIC,Lifted,CT_Black",14995.00
Adventurer 2+2,1,4-PASS,2,Yamaha,1,ELECTRIC,2,FLA,4,Lifted,1,Aqua Blue,5,Stone,4,"Yamaha,Adventurer 2+2,4-PASS,FLA,ELECTRIC,Lifted",2648,"Yamaha,Adventurer 2+2,Aqua Blue,4-PASS,FLA,ELECTRIC,Lifted,CT_Stone",14995.00
Adventurer 2+2,1,4-PASS,2,Yamaha,1,ELECTRIC,2,FLA,4,Lifted,1,Moonstone,6,Black,3,"Yamaha,Adventurer 2+2,4-PASS,FLA,ELECTRIC,Lifted",2648,"Yamaha,Adventurer 2+2,Moonstone,4-PASS,FLA,ELECTRIC,Lifted,CT_Black",14995.00
Adventurer 2+2,1,4-PASS,2,Yamaha,1,ELECTRIC,2,FLA,4,Lifted,1,Moonstone,6,Stone,4,"Yamaha,Adventurer 2+2,4-PASS,FLA,ELECTRIC,Lifted",2648,"Yamaha,Adventurer 2+2,Moonstone,4-PASS,FLA,ELECTRIC,Lifted,CT_Stone",14995.00
Adventurer 2+2,1,4-PASS,2,Yamaha,1,ELECTRIC,2,FLA,4,Lifted,1,Bluestone,7,Black,3,"Yamaha,Adventurer 2+2,4-PASS,FLA,ELECTRIC,Lifted",2648,"Yamaha,Adventurer 2+2,Bluestone,4-PASS,FLA,ELECTRIC,Lifted,CT_Black",14995.00
Adventurer 2+2,1,4-PASS,2,Yamaha,1,ELECTRIC,2,FLA,4,Lifted,1,Bluestone,7,Stone,4,"Yamaha,Adventurer 2+2,4-PASS,FLA,ELECTRIC,Lifted",2648,"Yamaha,Adventurer 2+2,Bluestone,4-PASS,FLA,ELECTRIC,Lifted,CT_Stone",14995.00
Adventurer 2+2,1,4-PASS,2,Yamaha,1,ELECTRIC,2,FLA,4,Lifted,1,Jasper,8,Black,3,"Yamaha,Adventurer 2+2,4-PASS,FLA,ELECTRIC,Lifted",2648,"Yamaha,Adventurer 2+2,Jasper,4-PASS,FLA,ELECTRIC,Lifted,CT_Black",14995.00
Adventurer 2+2,1,4-PASS,2,Yamaha,1,ELECTRIC,2,FLA,4,Lifted,1,Jasper,8,Stone,4,"Yamaha,Adventurer 2+2,4-PASS,FLA,ELECTRIC,Lifted",2648,"Yamaha,Adventurer 2+2,Jasper,4-PASS,FLA,ELECTRIC,Lifted,CT_Stone",14995.00
Adventurer 2+2,1,4-PASS,2,Yamaha,1,ELECTRIC,2,FLA,4,Lifted,1,Black,9,Black,3,"Yamaha,Adventurer 2+2,4-PASS,FLA,ELECTRIC,Lifted",2648,"Yamaha,Adventurer 2+2,Black,4-PASS,FLA,ELECTRIC,Lifted,CT_Black",14995.00
Adventurer 2+2,1,4-PASS,2,Yamaha,1,ELECTRIC,2,FLA,4,Lifted,1,Black,9,Stone,4,"Yamaha,Adventurer 2+2,4-PASS,FLA,ELECTRIC,Lifted",2648,"Yamaha,Adventurer 2+2,Black,4-PASS,FLA,ELECTRIC,Lifted,CT_Stone",14995.00
Concierge 4,2,4-PASS,2,Yamaha,1,GAS,3,EFI,1,Non-lifted,2,Atomic Orange,1,Black,3,"Yamaha,Concierge 4,4-PASS,EFI,GAS,Non-lifted",2649,"Yamaha,Concierge 4,Atomic Orange,4-PASS,EFI,GAS,Non-lifted,CT_Black",16500.00
Concierge 4,2,4-PASS,2,Yamaha,1,GAS,3,EFI,1,Non-lifted,2,Atomic Orange,1,Stone,4,"Yamaha,Concierge 4,4-PASS,EFI,GAS,Non-lifted",2649,"Yamaha,Concierge 4,Atomic Orange,4-PASS,EFI,GAS,Non-lifted,CT_Stone",16500.00
Concierge 4,2,4-PASS,2,Yamaha,1,GAS,3,EFI,1,Non-lifted,2,Graphite Matte,2,Black,3,"Yamaha,Concierge 4,4-PASS,EFI,GAS,Non-lifted",2649,"Yamaha,Concierge 4,Graphite Matte,4-PASS,EFI,GAS,Non-lifted,CT_Black",16500.00
Concierge 4,2,4-PASS,2,Yamaha,1,GAS,3,EFI,1,Non-lifted,2,Graphite Matte,2,Stone,4,"Yamaha,Concierge 4,4-PASS,EFI,GAS,Non-lifted",2649,"Yamaha,Concierge 4,Graphite Matte,4-PASS,EFI,GAS,Non-lifted,CT_Stone",16500.00
Concierge 4,2,4-PASS,2,Yamaha,1,GAS,3,EFI,1,Non-lifted,2,Mica Matte,3,Black,3,"Yamaha,Concierge 4,4-PASS,EFI,GAS,Non-lifted",2649,"Yamaha,Concierge 4,Mica Matte,4-PASS,EFI,GAS,Non-lifted,CT_Black",16500.00
Concierge 4,2,4-PASS,2,Yamaha,1,GAS,3,EFI,1,Non-lifted,2,Mica Matte,3,Stone,4,"Yamaha,Concierge 4,4-PASS,EFI,GAS,Non-lifted",2649,"Yamaha,Concierge 4,Mica Matte,4-PASS,EFI,GAS,Non-lifted,CT_Stone",16500.00
Concierge 4,2,4-PASS,2,Yamaha,1,GAS,3,EFI,1,Non-lifted,2,White,4,Black,3,"Yamaha,Concierge 4,4-PASS,EFI,GAS,Non-lifted",2649,"Yamaha,Concierge 4,White,4-PASS,EFI,GAS,Non-lifted,CT_Black",16500.00
Concierge 4,2,4-PASS,2,Yamaha,1,GAS,3,EFI,1,Non-lifted,2,White,4,Stone,4,"Yamaha,Concierge 4,4-PASS,EFI,GAS,Non-lifted",2649,"Yamaha,Concierge 4,White,4-PASS,EFI,GAS,Non-lifted,CT_Stone",16500.00
Concierge 4,2,4-PASS,2,Yamaha,1,GAS,3,EFI,1,Non-lifted,2,Aqua Blue,5,Black,3,"Yamaha,Concierge 4,4-PASS,EFI,GAS,Non-lifted",2649,"Yamaha,Concierge 4,Aqua Blue,4-PASS,EFI,GAS,Non-lifted,CT_Black",16500.00
Concierge 4,2,4-PASS,2,Yamaha,1,GAS,3,EFI,1,Non-lifted,2,Aqua Blue,5,Stone,4,"Yamaha,Concierge 4,4-PASS,EFI,GAS,Non-lifted",2649,"Yamaha,Concierge 4,Aqua Blue,4-PASS,EFI,GAS,Non-lifted,CT_Stone",16500.00
Concierge 4,2,4-PASS,2,Yamaha,1,GAS,3,EFI,1,Non-lifted,2,Moonstone,6,Black,3,"Yamaha,Concierge 4,4-PASS,EFI,GAS,Non-lifted",2649,"Yamaha,Concierge 4,Moonstone,4-PASS,EFI,GAS,Non-lifted,CT_Black",16500.00
Concierge 4,2,4-PASS,2,Yamaha,1,GAS,3,EFI,1,Non-lifted,2,Moonstone,6,Stone,4,"Yamaha,Concierge 4,4-PASS,EFI,GAS,Non-lifted",2649,"Yamaha,Concierge 4,Moonstone,4-PASS,EFI,GAS,Non-lifted,CT_Stone",16500.00
Concierge 4,2,4-PASS,2,Yamaha,1,GAS,3,EFI,1,Non-lifted,2,Bluestone,7,Black,3,"Yamaha,Concierge 4,4-PASS,EFI,GAS,Non-lifted",2649,"Yamaha,Concierge 4,Bluestone,4-PASS,EFI,GAS,Non-lifted,CT_Black",16500.00
Concierge 4,2,4-PASS,2,Yamaha,1,GAS,3,EFI,1,Non-lifted,2,Bluestone,7,Stone,4,"Yamaha,Concierge 4,4-PASS,EFI,GAS,Non-lifted",2649,"Yamaha,Concierge 4,Bluestone,4-PASS,EFI,GAS,Non-lifted,CT_Stone",16500.00
Concierge 4,2,4-PASS,2,Yamaha,1,GAS,3,EFI,1,Non-lifted,2,Jasper,8,Black,3,"Yamaha,Concierge 4,4-PASS,EFI,GAS,Non-lifted",2649,"Yamaha,Concierge 4,Jasper,4-PASS,EFI,GAS,Non-lifted,CT_Black",16500.00
Concierge 4,2,4-PASS,2,Yamaha,1,GAS,3,EFI,1,Non-lifted,2,Jasper,8,Stone,4,"Yamaha,Concierge 4,4-PASS,EFI,GAS,Non-lifted",2649,"Yamaha,Concierge 4,Jasper,4-PASS,EFI,GAS,Non-lifted,CT_Stone",16500.00
Concierge 4,2,4-PASS,2,Yamaha,1,GAS,3,EFI,1,Non-lifted,2,Black,9,Black,3,"Yamaha,Concierge 4,4-PASS,EFI,GAS,Non-lifted",2649,"Yamaha,Concierge 4,Black,4-PASS,EFI,GAS,Non-lifted,CT_Black",16500.00
Concierge 4,2,4-PASS,2,Yamaha,1,GAS,3,EFI,1,Non-lifted,2,Black,9,Stone,4,"Yamaha,Concierge 4,4-PASS,EFI,GAS,Non-lifted",2649,"Yamaha,Concierge 4,Black,4-PASS,EFI,GAS,Non-lifted,CT_Stone",16500.00
Concierge 4,2,4-PASS,2,Yamaha,1,ELECTRIC,2,FLA,4,Non-lifted,2,Atomic Orange,1,Black,3,"Yamaha,Concierge 4,4-PASS,FLA,ELECTRIC,Non-lifted",2650,"Yamaha,Concierge 4,Atomic Orange,4-PASS,FLA,ELECTRIC,Non-lifted,CT_Black",16500.00
Concierge 4,2,4-PASS,2,Yamaha,1,ELECTRIC,2,FLA,4,Non-lifted,2,Atomic Orange,1,Stone,4,"Yamaha,Concierge 4,4-PASS,FLA,ELECTRIC,Non-lifted",2650,"Yamaha,Concierge 4,Atomic Orange,4-PASS,FLA,ELECTRIC,Non-lifted,CT_Stone",16500.00
Concierge 4,2,4-PASS,2,Yamaha,1,ELECTRIC,2,FLA,4,Non-lifted,2,Graphite Matte,2,Black,3,"Yamaha,Concierge 4,4-PASS,FLA,ELECTRIC,Non-lifted",2650,"Yamaha,Concierge 4,Graphite Matte,4-PASS,FLA,ELECTRIC,Non-lifted,CT_Black",16500.00
Concierge 4,2,4-PASS,2,Yamaha,1,ELECTRIC,2,FLA,4,Non-lifted,2,Graphite Matte,2,Stone,4,"Yamaha,Concierge 4,4-PASS,FLA,ELECTRIC,Non-lifted",2650,"Yamaha,Concierge 4,Graphite Matte,4-PASS,FLA,ELECTRIC,Non-lifted,CT_Stone",16500.00
Concierge 4,2,4-PASS,2,Yamaha,1,ELECTRIC,2,FLA,4,Non-lifted,2,Mica Matte,3,Black,3,"Yamaha,Concierge 4,4-PASS,FLA,ELECTRIC,Non-lifted",2650,"Yamaha,Concierge 4,Mica Matte,4-PASS,FLA,ELECTRIC,Non-lifted,CT_Black",16500.00
Concierge 4,2,4-PASS,2,Yamaha,1,ELECTRIC,2,FLA,4,Non-lifted,2,Mica Matte,3,Stone,4,"Yamaha,Concierge 4,4-PASS,FLA,ELECTRIC,Non-lifted",2650,"Yamaha,Concierge 4,Mica Matte,4-PASS,FLA,ELECTRIC,Non-lifted,CT_Stone",16500.00
Concierge 4,2,4-PASS,2,Yamaha,1,ELECTRIC,2,FLA,4,Non-lifted,2,White,4,Black,3,"Yamaha,Concierge 4,4-PASS,FLA,ELECTRIC,Non-lifted",2650,"Yamaha,Concierge 4,White,4-PASS,FLA,ELECTRIC,Non-lifted,CT_Black",16500.00
Concierge 4,2,4-PASS,2,Yamaha,1,ELECTRIC,2,FLA,4,Non-lifted,2,White,4,Stone,4,"Yamaha,Concierge 4,4-PASS,FLA,ELECTRIC,Non-lifted",2650,"Yamaha,Concierge 4,White,4-PASS,FLA,ELECTRIC,Non-lifted,CT_Stone",16500.00
Concierge 4,2,4-PASS,2,Yamaha,1,ELECTRIC,2,FLA,4,Non-lifted,2,Aqua Blue,5,Black,3,"Yamaha,Concierge 4,4-PASS,FLA,ELECTRIC,Non-lifted",2650,"Yamaha,Concierge 4,Aqua Blue,4-PASS,FLA,ELECTRIC,Non-lifted,CT_Black",16500.00
Concierge 4,2,4-PASS,2,Yamaha,1,ELECTRIC,2,FLA,4,Non-lifted,2,Aqua Blue,5,Stone,4,"Yamaha,Concierge 4,4-PASS,FLA,ELECTRIC,Non-lifted",2650,"Yamaha,Concierge 4,Aqua Blue,4-PASS,FLA,ELECTRIC,Non-lifted,CT_Stone",16500.00
Concierge 4,2,4-PASS,2,Yamaha,1,ELECTRIC,2,FLA,4,Non-lifted,2,Moonstone,6,Black,3,"Yamaha,Concierge 4,4-PASS,FLA,ELECTRIC,Non-lifted",2650,"Yamaha,Concierge 4,Moonstone,4-PASS,FLA,ELECTRIC,Non-lifted,CT_Black",16500.00
Concierge 4,2,4-PASS,2,Yamaha,1,ELECTRIC,2,FLA,4,Non-lifted,2,Moonstone,6,Stone,4,"Yamaha,Concierge 4,4-PASS,FLA,ELECTRIC,Non-lifted",2650,"Yamaha,Concierge 4,Moonstone,4-PASS,FLA,ELECTRIC,Non-lifted,CT_Stone",16500.00
Concierge 4,2,4-PASS,2,Yamaha,1,ELECTRIC,2,FLA,4,Non-lifted,2,Bluestone,7,Black,3,"Yamaha,Concierge 4,4-PASS,FLA,ELECTRIC,Non-lifted",2650,"Yamaha,Concierge 4,Bluestone,4-PASS,FLA,ELECTRIC,Non-lifted,CT_Black",16500.00
Concierge 4,2,4-PASS,2,Yamaha,1,ELECTRIC,2,FLA,4,Non-lifted,2,Bluestone,7,Stone,4,"Yamaha,Concierge 4,4-PASS,FLA,ELECTRIC,Non-lifted",2650,"Yamaha,Concierge 4,Bluestone,4-PASS,FLA,ELECTRIC,Non-lifted,CT_Stone",16500.00
Concierge 4,2,4-PASS,2,Yamaha,1,ELECTRIC,2,FLA,4,Non-lifted,2,Jasper,8,Black,3,"Yamaha,Concierge 4,4-PASS,FLA,ELECTRIC,Non-lifted",2650,"Yamaha,Concierge 4,Jasper,4-PASS,FLA,ELECTRIC,Non-lifted,CT_Black",16500.00
Concierge 4,2,4-PASS,2,Yamaha,1,ELECTRIC,2,FLA,4,Non-lifted,2,Jasper,8,Stone,4,"Yamaha,Concierge 4,4-PASS,FLA,ELECTRIC,Non-lifted",2650,"Yamaha,Concierge 4,Jasper,4-PASS,FLA,ELECTRIC,Non-lifted,CT_Stone",16500.00
Concierge 4,2,4-PASS,2,Yamaha,1,ELECTRIC,2,FLA,4,Non-lifted,2,Black,9,Black,3,"Yamaha,Concierge 4,4-PASS,FLA,ELECTRIC,Non-lifted",2650,"Yamaha,Concierge 4,Black,4-PASS,FLA,ELECTRIC,Non-lifted,CT_Black",16500.00
Concierge 4,2,4-PASS,2,Yamaha,1,ELECTRIC,2,FLA,4,Non-lifted,2,Black,9,Stone,4,"Yamaha,Concierge 4,4-PASS,FLA,ELECTRIC,Non-lifted",2650,"Yamaha,Concierge 4,Black,4-PASS,FLA,ELECTRIC,Non-lifted,CT_Stone",16500.00
Drive2 Fleet,3,2-PASS,1,Yamaha,1,ELECTRIC,2,FLA,4,Non-lifted,2,Mica Metallic,10,Black,3,"Yamaha,Drive2 Fleet,2-PASS,FLA,ELECTRIC,Non-lifted",2651,"Yamaha,Drive2 Fleet,Mica Metallic,2-PASS,FLA,ELECTRIC,Non-lifted,CT_Black",9650.00
Drive2 Fleet,3,2-PASS,1,Yamaha,1,ELECTRIC,2,FLA,4,Non-lifted,2,Mica Metallic,10,Stone,4,"Yamaha,Drive2 Fleet,2-PASS,FLA,ELECTRIC,Non-lifted",2651,"Yamaha,Drive2 Fleet,Mica Metallic,2-PASS,FLA,ELECTRIC,Non-lifted,CT_Stone",9650.00
Drive2 Fleet,3,2-PASS,1,Yamaha,1,ELECTRIC,2,FLA,4,Non-lifted,2,Arctic Drift Matte,11,Black,3,"Yamaha,Drive2 Fleet,2-PASS,FLA,ELECTRIC,Non-lifted",2651,"Yamaha,Drive2 Fleet,Arctic Drift Matte,2-PASS,FLA,ELECTRIC,Non-lifted,CT_Black",9650.00
Drive2 Fleet,3,2-PASS,1,Yamaha,1,ELECTRIC,2,FLA,4,Non-lifted,2,Arctic Drift Matte,11,Stone,4,"Yamaha,Drive2 Fleet,2-PASS,FLA,ELECTRIC,Non-lifted",2651,"Yamaha,Drive2 Fleet,Arctic Drift Matte,2-PASS,FLA,ELECTRIC,Non-lifted,CT_Stone",9650.00
Drive2 Fleet,3,2-PASS,1,Yamaha,1,ELECTRIC,2,FLA,4,Non-lifted,2,Moonstone,6,Black,3,"Yamaha,Drive2 Fleet,2-PASS,FLA,ELECTRIC,Non-lifted",2651,"Yamaha,Drive2 Fleet,Moonstone,2-PASS,FLA,ELECTRIC,Non-lifted,CT_Black",9650.00
Drive2 Fleet,3,2-PASS,1,Yamaha,1,ELECTRIC,2,FLA,4,Non-lifted,2,Moonstone,6,Stone,4,"Yamaha,Drive2 Fleet,2-PASS,FLA,ELECTRIC,Non-lifted",2651,"Yamaha,Drive2 Fleet,Moonstone,2-PASS,FLA,ELECTRIC,Non-lifted,CT_Stone",9650.00
Drive2 Fleet,3,2-PASS,1,Yamaha,1,ELECTRIC,2,FLA,4,Non-lifted,2,Carbon,12,Black,3,"Yamaha,Drive2 Fleet,2-PASS,FLA,ELECTRIC,Non-lifted",2651,"Yamaha,Drive2 Fleet,Carbon,2-PASS,FLA,ELECTRIC,Non-lifted,CT_Black",9650.00
Drive2 Fleet,3,2-PASS,1,Yamaha,1,ELECTRIC,2,FLA,4,Non-lifted,2,Carbon,12,Stone,4,"Yamaha,Drive2 Fleet,2-PASS,FLA,ELECTRIC,Non-lifted",2651,"Yamaha,Drive2 Fleet,Carbon,2-PASS,FLA,ELECTRIC,Non-lifted,CT_Stone",9650.00
Drive2 Fleet,3,2-PASS,1,Yamaha,1,ELECTRIC,2,FLA,4,Non-lifted,2,Bluestone,7,Black,3,"Yamaha,Drive2 Fleet,2-PASS,FLA,ELECTRIC,Non-lifted",2651,"Yamaha,Drive2 Fleet,Bluestone,2-PASS,FLA,ELECTRIC,Non-lifted,CT_Black",9650.00
Drive2 Fleet,3,2-PASS,1,Yamaha,1,ELECTRIC,2,FLA,4,Non-lifted,2,Bluestone,7,Stone,4,"Yamaha,Drive2 Fleet,2-PASS,FLA,ELECTRIC,Non-lifted",2651,"Yamaha,Drive2 Fleet,Bluestone,2-PASS,FLA,ELECTRIC,Non-lifted,CT_Stone",9650.00
Drive2 Fleet,3,2-PASS,1,Yamaha,1,ELECTRIC,2,FLA,4,Non-lifted,2,Garnet,13,Black,3,"Yamaha,Drive2 Fleet,2-PASS,FLA,ELECTRIC,Non-lifted",2651,"Yamaha,Drive2 Fleet,Garnet,2-PASS,FLA,ELECTRIC,Non-lifted,CT_Black",9650.00
Drive2 Fleet,3,2-PASS,1,Yamaha,1,ELECTRIC,2,FLA,4,Non-lifted,2,Garnet,13,Stone,4,"Yamaha,Drive2 Fleet,2-PASS,FLA,ELECTRIC,Non-lifted",2651,"Yamaha,Drive2 Fleet,Garnet,2-PASS,FLA,ELECTRIC,Non-lifted,CT_Stone",9650.00
Drive2 Fleet,3,2-PASS,1,Yamaha,1,ELECTRIC,2,FLA,4,Non-lifted,2,Emerald,14,Black,3,"Yamaha,Drive2 Fleet,2-PASS,FLA,ELECTRIC,Non-lifted",2651,"Yamaha,Drive2 Fleet,Emerald,2-PASS,FLA,ELECTRIC,Non-lifted,CT_Black",9650.00
Drive2 Fleet,3,2-PASS,1,Yamaha,1,ELECTRIC,2,FLA,4,Non-lifted,2,Emerald,14,Stone,4,"Yamaha,Drive2 Fleet,2-PASS,FLA,ELECTRIC,Non-lifted",2651,"Yamaha,Drive2 Fleet,Emerald,2-PASS,FLA,ELECTRIC,Non-lifted,CT_Stone",9650.00
Drive2 Fleet,3,2-PASS,1,Yamaha,1,ELECTRIC,2,FLA,4,Non-lifted,2,Sunstone,15,Black,3,"Yamaha,Drive2 Fleet,2-PASS,FLA,ELECTRIC,Non-lifted",2651,"Yamaha,Drive2 Fleet,Sunstone,2-PASS,FLA,ELECTRIC,Non-lifted,CT_Black",9650.00
Drive2 Fleet,3,2-PASS,1,Yamaha,1,ELECTRIC,2,FLA,4,Non-lifted,2,Sunstone,15,Stone,4,"Yamaha,Drive2 Fleet,2-PASS,FLA,ELECTRIC,Non-lifted",2651,"Yamaha,Drive2 Fleet,Sunstone,2-PASS,FLA,ELECTRIC,Non-lifted,CT_Stone",9650.00
Drive2 Fleet,3,2-PASS,1,Yamaha,1,ELECTRIC,2,FLA,4,Non-lifted,2,White,4,Black,3,"Yamaha,Drive2 Fleet,2-PASS,FLA,ELECTRIC,Non-lifted",2651,"Yamaha,Drive2 Fleet,White,2-PASS,FLA,ELECTRIC,Non-lifted,CT_Black",9650.00
Drive2 Fleet,3,2-PASS,1,Yamaha,1,ELECTRIC,2,FLA,4,Non-lifted,2,White,4,Stone,4,"Yamaha,Drive2 Fleet,2-PASS,FLA,ELECTRIC,Non-lifted",2651,"Yamaha,Drive2 Fleet,White,2-PASS,FLA,ELECTRIC,Non-lifted,CT_Stone",9650.00
Drive2 AFI,4,2-PASS,1,Yamaha,1,GAS,3,EFI,1,Non-lifted,2,Mica Metallic,10,Black,3,"Yamaha,Drive2 AFI,2-PASS,EFI,GAS,Non-lifted",2652,"Yamaha,Drive2 AFI,Mica Metallic,2-PASS,EFI,GAS,Non-lifted,CT_Black",9650.00
Drive2 AFI,4,2-PASS,1,Yamaha,1,GAS,3,EFI,1,Non-lifted,2,Mica Metallic,10,Stone,4,"Yamaha,Drive2 AFI,2-PASS,EFI,GAS,Non-lifted",2652,"Yamaha,Drive2 AFI,Mica Metallic,2-PASS,EFI,GAS,Non-lifted,CT_Stone",9650.00
Drive2 AFI,4,2-PASS,1,Yamaha,1,GAS,3,EFI,1,Non-lifted,2,Arctic Drift Matte,11,Black,3,"Yamaha,Drive2 AFI,2-PASS,EFI,GAS,Non-lifted",2652,"Yamaha,Drive2 AFI,Arctic Drift Matte,2-PASS,EFI,GAS,Non-lifted,CT_Black",9650.00
Drive2 AFI,4,2-PASS,1,Yamaha,1,GAS,3,EFI,1,Non-lifted,2,Arctic Drift Matte,11,Stone,4,"Yamaha,Drive2 AFI,2-PASS,EFI,GAS,Non-lifted",2652,"Yamaha,Drive2 AFI,Arctic Drift Matte,2-PASS,EFI,GAS,Non-lifted,CT_Stone",9650.00
Drive2 AFI,4,2-PASS,1,Yamaha,1,GAS,3,EFI,1,Non-lifted,2,Moonstone,6,Black,3,"Yamaha,Drive2 AFI,2-PASS,EFI,GAS,Non-lifted",2652,"Yamaha,Drive2 AFI,Moonstone,2-PASS,EFI,GAS,Non-lifted,CT_Black",9650.00
Drive2 AFI,4,2-PASS,1,Yamaha,1,GAS,3,EFI,1,Non-lifted,2,Moonstone,6,Stone,4,"Yamaha,Drive2 AFI,2-PASS,EFI,GAS,Non-lifted",2652,"Yamaha,Drive2 AFI,Moonstone,2-PASS,EFI,GAS,Non-lifted,CT_Stone",9650.00
Drive2 AFI,4,2-PASS,1,Yamaha,1,GAS,3,EFI,1,Non-lifted,2,Carbon,12,Black,3,"Yamaha,Drive2 AFI,2-PASS,EFI,GAS,Non-lifted",2652,"Yamaha,Drive2 AFI,Carbon,2-PASS,EFI,GAS,Non-lifted,CT_Black",9650.00
Drive2 AFI,4,2-PASS,1,Yamaha,1,GAS,3,EFI,1,Non-lifted,2,Carbon,12,Stone,4,"Yamaha,Drive2 AFI,2-PASS,EFI,GAS,Non-lifted",2652,"Yamaha,Drive2 AFI,Carbon,2-PASS,EFI,GAS,Non-lifted,CT_Stone",9650.00
Drive2 AFI,4,2-PASS,1,Yamaha,1,GAS,3,EFI,1,Non-lifted,2,Bluestone,7,Black,3,"Yamaha,Drive2 AFI,2-PASS,EFI,GAS,Non-lifted",2652,"Yamaha,Drive2 AFI,Bluestone,2-PASS,EFI,GAS,Non-lifted,CT_Black",9650.00
Drive2 AFI,4,2-PASS,1,Yamaha,1,GAS,3,EFI,1,Non-lifted,2,Bluestone,7,Stone,4,"Yamaha,Drive2 AFI,2-PASS,EFI,GAS,Non-lifted",2652,"Yamaha,Drive2 AFI,Bluestone,2-PASS,EFI,GAS,Non-lifted,CT_Stone",9650.00
Drive2 AFI,4,2-PASS,1,Yamaha,1,GAS,3,EFI,1,Non-lifted,2,Garnet,13,Black,3,"Yamaha,Drive2 AFI,2-PASS,EFI,GAS,Non-lifted",2652,"Yamaha,Drive2 AFI,Garnet,2-PASS,EFI,GAS,Non-lifted,CT_Black",9650.00
Drive2 AFI,4,2-PASS,1,Yamaha,1,GAS,3,EFI,1,Non-lifted,2,Garnet,13,Stone,4,"Yamaha,Drive2 AFI,2-PASS,EFI,GAS,Non-lifted",2652,"Yamaha,Drive2 AFI,Garnet,2-PASS,EFI,GAS,Non-lifted,CT_Stone",9650.00
Drive2 AFI,4,2-PASS,1,Yamaha,1,GAS,3,EFI,1,Non-lifted,2,Emerald,14,Black,3,"Yamaha,Drive2 AFI,2-PASS,EFI,GAS,Non-lifted",2652,"Yamaha,Drive2 AFI,Emerald,2-PASS,EFI,GAS,Non-lifted,CT_Black",9650.00
Drive2 AFI,4,2-PASS,1,Yamaha,1,GAS,3,EFI,1,Non-lifted,2,Emerald,14,Stone,4,"Yamaha,Drive2 AFI,2-PASS,EFI,GAS,Non-lifted",2652,"Yamaha,Drive2 AFI,Emerald,2-PASS,EFI,GAS,Non-lifted,CT_Stone",9650.00
Drive2 AFI,4,2-PASS,1,Yamaha,1,GAS,3,EFI,1,Non-lifted,2,Sunstone,15,Black,3,"Yamaha,Drive2 AFI,2-PASS,EFI,GAS,Non-lifted",2652,"Yamaha,Drive2 AFI,Sunstone,2-PASS,EFI,GAS,Non-lifted,CT_Black",9650.00
Drive2 AFI,4,2-PASS,1,Yamaha,1,GAS,3,EFI,1,Non-lifted,2,Sunstone,15,Stone,4,"Yamaha,Drive2 AFI,2-PASS,EFI,GAS,Non-lifted",2652,"Yamaha,Drive2 AFI,Sunstone,2-PASS,EFI,GAS,Non-lifted,CT_Stone",9650.00
Drive2 AFI,4,2-PASS,1,Yamaha,1,GAS,3,EFI,1,Non-lifted,2,White,4,Black,3,"Yamaha,Drive2 AFI,2-PASS,EFI,GAS,Non-lifted",2652,"Yamaha,Drive2 AFI,White,2-PASS,EFI,GAS,Non-lifted,CT_Black",9650.00
Drive2 AFI,4,2-PASS,1,Yamaha,1,GAS,3,EFI,1,Non-lifted,2,White,4,Stone,4,"Yamaha,Drive2 AFI,2-PASS,EFI,GAS,Non-lifted",2652,"Yamaha,Drive2 AFI,White,2-PASS,EFI,GAS,Non-lifted,CT_Stone",9650.00
Drive2,5,2-PASS,1,Yamaha,1,ELECTRIC,2,FLA,4,Non-lifted,2,Atomic Orange,1,Black,3,"Yamaha,Drive2,2-PASS,FLA,ELECTRIC,Non-lifted",2653,"Yamaha,Drive2,Atomic Orange,2-PASS,FLA,ELECTRIC,Non-lifted,CT_Black",9650.00
Drive2,5,2-PASS,1,Yamaha,1,ELECTRIC,2,FLA,4,Non-lifted,2,Atomic Orange,1,Stone,4,"Yamaha,Drive2,2-PASS,FLA,ELECTRIC,Non-lifted",2653,"Yamaha,Drive2,Atomic Orange,2-PASS,FLA,ELECTRIC,Non-lifted,CT_Stone",9650.00
Drive2,5,2-PASS,1,Yamaha,1,ELECTRIC,2,FLA,4,Non-lifted,2,Graphite Matte,2,Black,3,"Yamaha,Drive2,2-PASS,FLA,ELECTRIC,Non-lifted",2653,"Yamaha,Drive2,Graphite Matte,2-PASS,FLA,ELECTRIC,Non-lifted,CT_Black",9650.00
Drive2,5,2-PASS,1,Yamaha,1,ELECTRIC,2,FLA,4,Non-lifted,2,Graphite Matte,2,Stone,4,"Yamaha,Drive2,2-PASS,FLA,ELECTRIC,Non-lifted",2653,"Yamaha,Drive2,Graphite Matte,2-PASS,FLA,ELECTRIC,Non-lifted,CT_Stone",9650.00
Drive2,5,2-PASS,1,Yamaha,1,ELECTRIC,2,FLA,4,Non-lifted,2,Mica Matte,3,Black,3,"Yamaha,Drive2,2-PASS,FLA,ELECTRIC,Non-lifted",2653,"Yamaha,Drive2,Mica Matte,2-PASS,FLA,ELECTRIC,Non-lifted,CT_Black",9650.00
Drive2,5,2-PASS,1,Yamaha,1,ELECTRIC,2,FLA,4,Non-lifted,2,Mica Matte,3,Stone,4,"Yamaha,Drive2,2-PASS,FLA,ELECTRIC,Non-lifted",2653,"Yamaha,Drive2,Mica Matte,2-PASS,FLA,ELECTRIC,Non-lifted,CT_Stone",9650.00
Drive2,5,2-PASS,1,Yamaha,1,ELECTRIC,2,FLA,4,Non-lifted,2,White,4,Black,3,"Yamaha,Drive2,2-PASS,FLA,ELECTRIC,Non-lifted",2653,"Yamaha,Drive2,White,2-PASS,FLA,ELECTRIC,Non-lifted,CT_Black",9650.00
Drive2,5,2-PASS,1,Yamaha,1,ELECTRIC,2,FLA,4,Non-lifted,2,White,4,Stone,4,"Yamaha,Drive2,2-PASS,FLA,ELECTRIC,Non-lifted",2653,"Yamaha,Drive2,White,2-PASS,FLA,ELECTRIC,Non-lifted,CT_Stone",9650.00
Drive2,5,2-PASS,1,Yamaha,1,ELECTRIC,2,FLA,4,Non-lifted,2,Aqua Blue,5,Black,3,"Yamaha,Drive2,2-PASS,FLA,ELECTRIC,Non-lifted",2653,"Yamaha,Drive2,Aqua Blue,2-PASS,FLA,ELECTRIC,Non-lifted,CT_Black",9650.00
Drive2,5,2-PASS,1,Yamaha,1,ELECTRIC,2,FLA,4,Non-lifted,2,Aqua Blue,5,Stone,4,"Yamaha,Drive2,2-PASS,FLA,ELECTRIC,Non-lifted",2653,"Yamaha,Drive2,Aqua Blue,2-PASS,FLA,ELECTRIC,Non-lifted,CT_Stone",9650.00
Drive2,5,2-PASS,1,Yamaha,1,ELECTRIC,2,FLA,4,Non-lifted,2,Moonstone,6,Black,3,"Yamaha,Drive2,2-PASS,FLA,ELECTRIC,Non-lifted",2653,"Yamaha,Drive2,Moonstone,2-PASS,FLA,ELECTRIC,Non-lifted,CT_Black",9650.00
Drive2,5,2-PASS,1,Yamaha,1,ELECTRIC,2,FLA,4,Non-lifted,2,Moonstone,6,Stone,4,"Yamaha,Drive2,2-PASS,FLA,ELECTRIC,Non-lifted",2653,"Yamaha,Drive2,Moonstone,2-PASS,FLA,ELECTRIC,Non-lifted,CT_Stone",9650.00
Drive2,5,2-PASS,1,Yamaha,1,ELECTRIC,2,FLA,4,Non-lifted,2,Bluestone,7,Black,3,"Yamaha,Drive2,2-PASS,FLA,ELECTRIC,Non-lifted",2653,"Yamaha,Drive2,Bluestone,2-PASS,FLA,ELECTRIC,Non-lifted,CT_Black",9650.00
Drive2,5,2-PASS,1,Yamaha,1,ELECTRIC,2,FLA,4,Non-lifted,2,Bluestone,7,Stone,4,"Yamaha,Drive2,2-PASS,FLA,ELECTRIC,Non-lifted",2653,"Yamaha,Drive2,Bluestone,2-PASS,FLA,ELECTRIC,Non-lifted,CT_Stone",9650.00
Drive2,5,2-PASS,1,Yamaha,1,ELECTRIC,2,FLA,4,Non-lifted,2,Jasper,8,Black,3,"Yamaha,Drive2,2-PASS,FLA,ELECTRIC,Non-lifted",2653,"Yamaha,Drive2,Jasper,2-PASS,FLA,ELECTRIC,Non-lifted,CT_Black",9650.00
Drive2,5,2-PASS,1,Yamaha,1,ELECTRIC,2,FLA,4,Non-lifted,2,Jasper,8,Stone,4,"Yamaha,Drive2,2-PASS,FLA,ELECTRIC,Non-lifted",2653,"Yamaha,Drive2,Jasper,2-PASS,FLA,ELECTRIC,Non-lifted,CT_Stone",9650.00
Drive2,5,2-PASS,1,Yamaha,1,ELECTRIC,2,FLA,4,Non-lifted,2,Black,9,Black,3,"Yamaha,Drive2,2-PASS,FLA,ELECTRIC,Non-lifted",2653,"Yamaha,Drive2,Black,2-PASS,FLA,ELECTRIC,Non-lifted,CT_Black",9650.00
Drive2,5,2-PASS,1,Yamaha,1,ELECTRIC,2,FLA,4,Non-lifted,2,Black,9,Stone,4,"Yamaha,Drive2,2-PASS,FLA,ELECTRIC,Non-lifted",2653,"Yamaha,Drive2,Black,2-PASS,FLA,ELECTRIC,Non-lifted,CT_Stone",9650.00
Drive2,5,2-PASS,1,Yamaha,1,GAS,3,EFI,1,Non-lifted,2,Atomic Orange,1,Black,3,"Yamaha,Drive2,2-PASS,EFI,GAS,Non-lifted",2654,"Yamaha,Drive2,Atomic Orange,2-PASS,EFI,GAS,Non-lifted,CT_Black",9650.00
Drive2,5,2-PASS,1,Yamaha,1,GAS,3,EFI,1,Non-lifted,2,Atomic Orange,1,Stone,4,"Yamaha,Drive2,2-PASS,EFI,GAS,Non-lifted",2654,"Yamaha,Drive2,Atomic Orange,2-PASS,EFI,GAS,Non-lifted,CT_Stone",9650.00
Drive2,5,2-PASS,1,Yamaha,1,GAS,3,EFI,1,Non-lifted,2,Graphite Matte,2,Black,3,"Yamaha,Drive2,2-PASS,EFI,GAS,Non-lifted",2654,"Yamaha,Drive2,Graphite Matte,2-PASS,EFI,GAS,Non-lifted,CT_Black",9650.00
Drive2,5,2-PASS,1,Yamaha,1,GAS,3,EFI,1,Non-lifted,2,Graphite Matte,2,Stone,4,"Yamaha,Drive2,2-PASS,EFI,GAS,Non-lifted",2654,"Yamaha,Drive2,Graphite Matte,2-PASS,EFI,GAS,Non-lifted,CT_Stone",9650.00
Drive2,5,2-PASS,1,Yamaha,1,GAS,3,EFI,1,Non-lifted,2,Mica Matte,3,Black,3,"Yamaha,Drive2,2-PASS,EFI,GAS,Non-lifted",2654,"Yamaha,Drive2,Mica Matte,2-PASS,EFI,GAS,Non-lifted,CT_Black",9650.00
Drive2,5,2-PASS,1,Yamaha,1,GAS,3,EFI,1,Non-lifted,2,Mica Matte,3,Stone,4,"Yamaha,Drive2,2-PASS,EFI,GAS,Non-lifted",2654,"Yamaha,Drive2,Mica Matte,2-PASS,EFI,GAS,Non-lifted,CT_Stone",9650.00
Drive2,5,2-PASS,1,Yamaha,1,GAS,3,EFI,1,Non-lifted,2,Glacier White,16,Black,3,"Yamaha,Drive2,2-PASS,EFI,GAS,Non-lifted",2654,"Yamaha,Drive2,Glacier White,2-PASS,EFI,GAS,Non-lifted,CT_Black",9650.00
Drive2,5,2-PASS,1,Yamaha,1,GAS,3,EFI,1,Non-lifted,2,Glacier White,16,Stone,4,"Yamaha,Drive2,2-PASS,EFI,GAS,Non-lifted",2654,"Yamaha,Drive2,Glacier White,2-PASS,EFI,GAS,Non-lifted,CT_Stone",9650.00
Drive2,5,2-PASS,1,Yamaha,1,GAS,3,EFI,1,Non-lifted,2,Aqua Blue,5,Black,3,"Yamaha,Drive2,2-PASS,EFI,GAS,Non-lifted",2654,"Yamaha,Drive2,Aqua Blue,2-PASS,EFI,GAS,Non-lifted,CT_Black",9650.00
Drive2,5,2-PASS,1,Yamaha,1,GAS,3,EFI,1,Non-lifted,2,Aqua Blue,5,Stone,4,"Yamaha,Drive2,2-PASS,EFI,GAS,Non-lifted",2654,"Yamaha,Drive2,Aqua Blue,2-PASS,EFI,GAS,Non-lifted,CT_Stone",9650.00
Drive2,5,2-PASS,1,Yamaha,1,GAS,3,EFI,1,Non-lifted,2,Moonstone,6,Black,3,"Yamaha,Drive2,2-PASS,EFI,GAS,Non-lifted",2654,"Yamaha,Drive2,Moonstone,2-PASS,EFI,GAS,Non-lifted,CT_Black",9650.00
Drive2,5,2-PASS,1,Yamaha,1,GAS,3,EFI,1,Non-lifted,2,Moonstone,6,Stone,4,"Yamaha,Drive2,2-PASS,EFI,GAS,Non-lifted",2654,"Yamaha,Drive2,Moonstone,2-PASS,EFI,GAS,Non-lifted,CT_Stone",9650.00
Drive2,5,2-PASS,1,Yamaha,1,GAS,3,EFI,1,Non-lifted,2,Bluestone,7,Black,3,"Yamaha,Drive2,2-PASS,EFI,GAS,Non-lifted",2654,"Yamaha,Drive2,Bluestone,2-PASS,EFI,GAS,Non-lifted,CT_Black",9650.00
Drive2,5,2-PASS,1,Yamaha,1,GAS,3,EFI,1,Non-lifted,2,Bluestone,7,Stone,4,"Yamaha,Drive2,2-PASS,EFI,GAS,Non-lifted",2654,"Yamaha,Drive2,Bluestone,2-PASS,EFI,GAS,Non-lifted,CT_Stone",9650.00
Drive2,5,2-PASS,1,Yamaha,1,GAS,3,EFI,1,Non-lifted,2,Jasper,8,Black,3,"Yamaha,Drive2,2-PASS,EFI,GAS,Non-lifted",2654,"Yamaha,Drive2,Jasper,2-PASS,EFI,GAS,Non-lifted,CT_Black",9650.00
Drive2,5,2-PASS,1,Yamaha,1,GAS,3,EFI,1,Non-lifted,2,Jasper,8,Stone,4,"Yamaha,Drive2,2-PASS,EFI,GAS,Non-lifted",2654,"Yamaha,Drive2,Jasper,2-PASS,EFI,GAS,Non-lifted,CT_Stone",9650.00
Drive2,5,2-PASS,1,Yamaha,1,GAS,3,EFI,1,Non-lifted,2,Black,9,Black,3,"Yamaha,Drive2,2-PASS,EFI,GAS,Non-lifted",2654,"Yamaha,Drive2,Black,2-PASS,EFI,GAS,Non-lifted,CT_Black",9650.00
Drive2,5,2-PASS,1,Yamaha,1,GAS,3,EFI,1,Non-lifted,2,Black,9,Stone,4,"Yamaha,Drive2,2-PASS,EFI,GAS,Non-lifted",2654,"Yamaha,Drive2,Black,2-PASS,EFI,GAS,Non-lifted,CT_Stone",9650.00
Drive2,5,2-PASS,1,Yamaha,1,ELECTRIC,2,AGM,2,Non-lifted,2,Atomic Orange,1,Black,3,"Yamaha,Drive2,2-PASS,AGM,ELECTRIC,Non-lifted",2655,"Yamaha,Drive2,Atomic Orange,2-PASS,AGM,ELECTRIC,Non-lifted,CT_Black",10650.00
Drive2,5,2-PASS,1,Yamaha,1,ELECTRIC,2,AGM,2,Non-lifted,2,Atomic Orange,1,Stone,4,"Yamaha,Drive2,2-PASS,AGM,ELECTRIC,Non-lifted",2655,"Yamaha,Drive2,Atomic Orange,2-PASS,AGM,ELECTRIC,Non-lifted,CT_Stone",10650.00
Drive2,5,2-PASS,1,Yamaha,1,ELECTRIC,2,AGM,2,Non-lifted,2,Graphite Matte,2,Black,3,"Yamaha,Drive2,2-PASS,AGM,ELECTRIC,Non-lifted",2655,"Yamaha,Drive2,Graphite Matte,2-PASS,AGM,ELECTRIC,Non-lifted,CT_Black",10650.00
Drive2,5,2-PASS,1,Yamaha,1,ELECTRIC,2,AGM,2,Non-lifted,2,Graphite Matte,2,Stone,4,"Yamaha,Drive2,2-PASS,AGM,ELECTRIC,Non-lifted",2655,"Yamaha,Drive2,Graphite Matte,2-PASS,AGM,ELECTRIC,Non-lifted,CT_Stone",10650.00
Drive2,5,2-PASS,1,Yamaha,1,ELECTRIC,2,AGM,2,Non-lifted,2,Mica Matte,3,Black,3,"Yamaha,Drive2,2-PASS,AGM,ELECTRIC,Non-lifted",2655,"Yamaha,Drive2,Mica Matte,2-PASS,AGM,ELECTRIC,Non-lifted,CT_Black",10650.00
Drive2,5,2-PASS,1,Yamaha,1,ELECTRIC,2,AGM,2,Non-lifted,2,Mica Matte,3,Stone,4,"Yamaha,Drive2,2-PASS,AGM,ELECTRIC,Non-lifted",2655,"Yamaha,Drive2,Mica Matte,2-PASS,AGM,ELECTRIC,Non-lifted,CT_Stone",10650.00
Drive2,5,2-PASS,1,Yamaha,1,ELECTRIC,2,AGM,2,Non-lifted,2,White,4,Black,3,"Yamaha,Drive2,2-PASS,AGM,ELECTRIC,Non-lifted",2655,"Yamaha,Drive2,White,2-PASS,AGM,ELECTRIC,Non-lifted,CT_Black",10650.00
Drive2,5,2-PASS,1,Yamaha,1,ELECTRIC,2,AGM,2,Non-lifted,2,White,4,Stone,4,"Yamaha,Drive2,2-PASS,AGM,ELECTRIC,Non-lifted",2655,"Yamaha,Drive2,White,2-PASS,AGM,ELECTRIC,Non-lifted,CT_Stone",10650.00
Drive2,5,2-PASS,1,Yamaha,1,ELECTRIC,2,AGM,2,Non-lifted,2,Aqua Blue,5,Black,3,"Yamaha,Drive2,2-PASS,AGM,ELECTRIC,Non-lifted",2655,"Yamaha,Drive2,Aqua Blue,2-PASS,AGM,ELECTRIC,Non-lifted,CT_Black",10650.00
Drive2,5,2-PASS,1,Yamaha,1,ELECTRIC,2,AGM,2,Non-lifted,2,Aqua Blue,5,Stone,4,"Yamaha,Drive2,2-PASS,AGM,ELECTRIC,Non-lifted",2655,"Yamaha,Drive2,Aqua Blue,2-PASS,AGM,ELECTRIC,Non-lifted,CT_Stone",10650.00
Drive2,5,2-PASS,1,Yamaha,1,ELECTRIC,2,AGM,2,Non-lifted,2,Moonstone,6,Black,3,"Yamaha,Drive2,2-PASS,AGM,ELECTRIC,Non-lifted",2655,"Yamaha,Drive2,Moonstone,2-PASS,AGM,ELECTRIC,Non-lifted,CT_Black",10650.00
Drive2,5,2-PASS,1,Yamaha,1,ELECTRIC,2,AGM,2,Non-lifted,2,Moonstone,6,Stone,4,"Yamaha,Drive2,2-PASS,AGM,ELECTRIC,Non-lifted",2655,"Yamaha,Drive2,Moonstone,2-PASS,AGM,ELECTRIC,Non-lifted,CT_Stone",10650.00
Drive2,5,2-PASS,1,Yamaha,1,ELECTRIC,2,AGM,2,Non-lifted,2,Bluestone,7,Black,3,"Yamaha,Drive2,2-PASS,AGM,ELECTRIC,Non-lifted",2655,"Yamaha,Drive2,Bluestone,2-PASS,AGM,ELECTRIC,Non-lifted,CT_Black",10650.00
Drive2,5,2-PASS,1,Yamaha,1,ELECTRIC,2,AGM,2,Non-lifted,2,Bluestone,7,Stone,4,"Yamaha,Drive2,2-PASS,AGM,ELECTRIC,Non-lifted",2655,"Yamaha,Drive2,Bluestone,2-PASS,AGM,ELECTRIC,Non-lifted,CT_Stone",10650.00
Drive2,5,2-PASS,1,Yamaha,1,ELECTRIC,2,AGM,2,Non-lifted,2,Jasper,8,Black,3,"Yamaha,Drive2,2-PASS,AGM,ELECTRIC,Non-lifted",2655,"Yamaha,Drive2,Jasper,2-PASS,AGM,ELECTRIC,Non-lifted,CT_Black",10650.00
Drive2,5,2-PASS,1,Yamaha,1,ELECTRIC,2,AGM,2,Non-lifted,2,Jasper,8,Stone,4,"Yamaha,Drive2,2-PASS,AGM,ELECTRIC,Non-lifted",2655,"Yamaha,Drive2,Jasper,2-PASS,AGM,ELECTRIC,Non-lifted,CT_Stone",10650.00
Drive2,5,2-PASS,1,Yamaha,1,ELECTRIC,2,AGM,2,Non-lifted,2,Black,9,Black,3,"Yamaha,Drive2,2-PASS,AGM,ELECTRIC,Non-lifted",2655,"Yamaha,Drive2,Black,2-PASS,AGM,ELECTRIC,Non-lifted,CT_Black",10650.00
Drive2,5,2-PASS,1,Yamaha,1,ELECTRIC,2,AGM,2,Non-lifted,2,Black,9,Stone,4,"Yamaha,Drive2,2-PASS,AGM,ELECTRIC,Non-lifted",2655,"Yamaha,Drive2,Black,2-PASS,AGM,ELECTRIC,Non-lifted,CT_Stone",10650.00
Drive2,5,2-PASS,1,Yamaha,1,ELECTRIC,2,LITHIUM,5,Non-lifted,2,Atomic Orange,1,Black,3,"Yamaha,Drive2,2-PASS,LITHIUM,ELECTRIC,Non-lifted",2656,"Yamaha,Drive2,Atomic Orange,2-PASS,LITHIUM,ELECTRIC,Non-lifted,CT_Black",14995.00
Drive2,5,2-PASS,1,Yamaha,1,ELECTRIC,2,LITHIUM,5,Non-lifted,2,Atomic Orange,1,Stone,4,"Yamaha,Drive2,2-PASS,LITHIUM,ELECTRIC,Non-lifted",2656,"Yamaha,Drive2,Atomic Orange,2-PASS,LITHIUM,ELECTRIC,Non-lifted,CT_Stone",14995.00
Drive2,5,2-PASS,1,Yamaha,1,ELECTRIC,2,LITHIUM,5,Non-lifted,2,Graphite Matte,2,Black,3,"Yamaha,Drive2,2-PASS,LITHIUM,ELECTRIC,Non-lifted",2656,"Yamaha,Drive2,Graphite Matte,2-PASS,LITHIUM,ELECTRIC,Non-lifted,CT_Black",14995.00
Drive2,5,2-PASS,1,Yamaha,1,ELECTRIC,2,LITHIUM,5,Non-lifted,2,Graphite Matte,2,Stone,4,"Yamaha,Drive2,2-PASS,LITHIUM,ELECTRIC,Non-lifted",2656,"Yamaha,Drive2,Graphite Matte,2-PASS,LITHIUM,ELECTRIC,Non-lifted,CT_Stone",14995.00
Drive2,5,2-PASS,1,Yamaha,1,ELECTRIC,2,LITHIUM,5,Non-lifted,2,Mica Matte,3,Black,3,"Yamaha,Drive2,2-PASS,LITHIUM,ELECTRIC,Non-lifted",2656,"Yamaha,Drive2,Mica Matte,2-PASS,LITHIUM,ELECTRIC,Non-lifted,CT_Black",14995.00
Drive2,5,2-PASS,1,Yamaha,1,ELECTRIC,2,LITHIUM,5,Non-lifted,2,Mica Matte,3,Stone,4,"Yamaha,Drive2,2-PASS,LITHIUM,ELECTRIC,Non-lifted",2656,"Yamaha,Drive2,Mica Matte,2-PASS,LITHIUM,ELECTRIC,Non-lifted,CT_Stone",14995.00
Drive2,5,2-PASS,1,Yamaha,1,ELECTRIC,2,LITHIUM,5,Non-lifted,2,White,4,Black,3,"Yamaha,Drive2,2-PASS,LITHIUM,ELECTRIC,Non-lifted",2656,"Yamaha,Drive2,White,2-PASS,LITHIUM,ELECTRIC,Non-lifted,CT_Black",14995.00
Drive2,5,2-PASS,1,Yamaha,1,ELECTRIC,2,LITHIUM,5,Non-lifted,2,White,4,Stone,4,"Yamaha,Drive2,2-PASS,LITHIUM,ELECTRIC,Non-lifted",2656,"Yamaha,Drive2,White,2-PASS,LITHIUM,ELECTRIC,Non-lifted,CT_Stone",14995.00
Drive2,5,2-PASS,1,Yamaha,1,ELECTRIC,2,LITHIUM,5,Non-lifted,2,Aqua Blue,5,Black,3,"Yamaha,Drive2,2-PASS,LITHIUM,ELECTRIC,Non-lifted",2656,"Yamaha,Drive2,Aqua Blue,2-PASS,LITHIUM,ELECTRIC,Non-lifted,CT_Black",14995.00
Drive2,5,2-PASS,1,Yamaha,1,ELECTRIC,2,LITHIUM,5,Non-lifted,2,Aqua Blue,5,Stone,4,"Yamaha,Drive2,2-PASS,LITHIUM,ELECTRIC,Non-lifted",2656,"Yamaha,Drive2,Aqua Blue,2-PASS,LITHIUM,ELECTRIC,Non-lifted,CT_Stone",14995.00
Drive2,5,2-PASS,1,Yamaha,1,ELECTRIC,2,LITHIUM,5,Non-lifted,2,Moonstone,6,Black,3,"Yamaha,Drive2,2-PASS,LITHIUM,ELECTRIC,Non-lifted",2656,"Yamaha,Drive2,Moonstone,2-PASS,LITHIUM,ELECTRIC,Non-lifted,CT_Black",14995.00
Drive2,5,2-PASS,1,Yamaha,1,ELECTRIC,2,LITHIUM,5,Non-lifted,2,Moonstone,6,Stone,4,"Yamaha,Drive2,2-PASS,LITHIUM,ELECTRIC,Non-lifted",2656,"Yamaha,Drive2,Moonstone,2-PASS,LITHIUM,ELECTRIC,Non-lifted,CT_Stone",14995.00
Drive2,5,2-PASS,1,Yamaha,1,ELECTRIC,2,LITHIUM,5,Non-lifted,2,Bluestone,7,Black,3,"Yamaha,Drive2,2-PASS,LITHIUM,ELECTRIC,Non-lifted",2656,"Yamaha,Drive2,Bluestone,2-PASS,LITHIUM,ELECTRIC,Non-lifted,CT_Black",14995.00
Drive2,5,2-PASS,1,Yamaha,1,ELECTRIC,2,LITHIUM,5,Non-lifted,2,Bluestone,7,Stone,4,"Yamaha,Drive2,2-PASS,LITHIUM,ELECTRIC,Non-lifted",2656,"Yamaha,Drive2,Bluestone,2-PASS,LITHIUM,ELECTRIC,Non-lifted,CT_Stone",14995.00
Drive2,5,2-PASS,1,Yamaha,1,ELECTRIC,2,LITHIUM,5,Non-lifted,2,Jasper,8,Black,3,"Yamaha,Drive2,2-PASS,LITHIUM,ELECTRIC,Non-lifted",2656,"Yamaha,Drive2,Jasper,2-PASS,LITHIUM,ELECTRIC,Non-lifted,CT_Black",14995.00
Drive2,5,2-PASS,1,Yamaha,1,ELECTRIC,2,LITHIUM,5,Non-lifted,2,Jasper,8,Stone,4,"Yamaha,Drive2,2-PASS,LITHIUM,ELECTRIC,Non-lifted",2656,"Yamaha,Drive2,Jasper,2-PASS,LITHIUM,ELECTRIC,Non-lifted,CT_Stone",14995.00
Drive2,5,2-PASS,1,Yamaha,1,ELECTRIC,2,LITHIUM,5,Non-lifted,2,Black,9,Black,3,"Yamaha,Drive2,2-PASS,LITHIUM,ELECTRIC,Non-lifted",2656,"Yamaha,Drive2,Black,2-PASS,LITHIUM,ELECTRIC,Non-lifted,CT_Black",14995.00
Drive2,5,2-PASS,1,Yamaha,1,ELECTRIC,2,LITHIUM,5,Non-lifted,2,Black,9,Stone,4,"Yamaha,Drive2,2-PASS,LITHIUM,ELECTRIC,Non-lifted",2656,"Yamaha,Drive2,Black,2-PASS,LITHIUM,ELECTRIC,Non-lifted,CT_Stone",14995.00
I20,6,2-PASS,1,Icon,2,ELECTRIC,2,FLA,4,Non-lifted,2,White,4,White,2,"Icon,I20,2-PASS,FLA,ELECTRIC,Non-lifted",2657,"Icon,I20,White,2-PASS,FLA,ELECTRIC,Non-lifted,CT_White",8999.00
I20,6,2-PASS,1,Icon,2,ELECTRIC,2,FLA,4,Non-lifted,2,Black,9,Black,3,"Icon,I20,2-PASS,FLA,ELECTRIC,Non-lifted",2657,"Icon,I20,Black,2-PASS,FLA,ELECTRIC,Non-lifted,CT_Black",8999.00
I20,6,2-PASS,1,Icon,2,ELECTRIC,2,FLA,4,Non-lifted,2,Red,17,Red,5,"Icon,I20,2-PASS,FLA,ELECTRIC,Non-lifted",2657,"Icon,I20,Red,2-PASS,FLA,ELECTRIC,Non-lifted,CT_Red",8999.00
I20,6,2-PASS,1,Icon,2,ELECTRIC,2,FLA,4,Non-lifted,2,Lime Green,18,Lime Green,6,"Icon,I20,2-PASS,FLA,ELECTRIC,Non-lifted",2657,"Icon,I20,Lime Green,2-PASS,FLA,ELECTRIC,Non-lifted,CT_Lime Green",8999.00
I20,6,2-PASS,1,Icon,2,ELECTRIC,2,FLA,4,Non-lifted,2,Forest Green,19,Forest Green,7,"Icon,I20,2-PASS,FLA,ELECTRIC,Non-lifted",2657,"Icon,I20,Forest Green,2-PASS,FLA,ELECTRIC,Non-lifted,CT_Forest Green",8999.00
I20,6,2-PASS,1,Icon,2,ELECTRIC,2,FLA,4,Non-lifted,2,Indigo Blue,20,Indigo Blue,8,"Icon,I20,2-PASS,FLA,ELECTRIC,Non-lifted",2657,"Icon,I20,Indigo Blue,2-PASS,FLA,ELECTRIC,Non-lifted,CT_Indigo Blue",8999.00
I20,6,2-PASS,1,Icon,2,ELECTRIC,2,FLA,4,Non-lifted,2,Yellow,21,Yellow,9,"Icon,I20,2-PASS,FLA,ELECTRIC,Non-lifted",2657,"Icon,I20,Yellow,2-PASS,FLA,ELECTRIC,Non-lifted,CT_Yellow",8999.00
I20,6,2-PASS,1,Icon,2,ELECTRIC,2,FLA,4,Non-lifted,2,Sangria Red,22,Sangria Red,10,"Icon,I20,2-PASS,FLA,ELECTRIC,Non-lifted",2657,"Icon,I20,Sangria Red,2-PASS,FLA,ELECTRIC,Non-lifted,CT_Sangria Red",8999.00
I20,6,2-PASS,1,Icon,2,ELECTRIC,2,FLA,4,Non-lifted,2,Champagne,23,Champagne,11,"Icon,I20,2-PASS,FLA,ELECTRIC,Non-lifted",2657,"Icon,I20,Champagne,2-PASS,FLA,ELECTRIC,Non-lifted,CT_Champagne",8999.00
I20,6,2-PASS,1,Icon,2,ELECTRIC,2,FLA,4,Non-lifted,2,Caribbean Blue,24,Caribbean Blue,12,"Icon,I20,2-PASS,FLA,ELECTRIC,Non-lifted",2657,"Icon,I20,Caribbean Blue,2-PASS,FLA,ELECTRIC,Non-lifted,CT_Caribbean Blue",8999.00
I20,6,2-PASS,1,Icon,2,ELECTRIC,2,FLA,4,Non-lifted,2,Silver,25,Silver,13,"Icon,I20,2-PASS,FLA,ELECTRIC,Non-lifted",2657,"Icon,I20,Silver,2-PASS,FLA,ELECTRIC,Non-lifted,CT_Silver",8999.00
I20,6,2-PASS,1,Icon,2,ELECTRIC,2,FLA,4,Non-lifted,2,Purple,26,Purple,14,"Icon,I20,2-PASS,FLA,ELECTRIC,Non-lifted",2657,"Icon,I20,Purple,2-PASS,FLA,ELECTRIC,Non-lifted,CT_Purple",8999.00
I20,6,2-PASS,1,Icon,2,ELECTRIC,2,AGM,2,Non-lifted,2,White,4,White,2,"Icon,I20,2-PASS,AGM,ELECTRIC,Non-lifted",2658,"Icon,I20,White,2-PASS,AGM,ELECTRIC,Non-lifted,CT_White",9999.00
I20,6,2-PASS,1,Icon,2,ELECTRIC,2,AGM,2,Non-lifted,2,Black,9,Black,3,"Icon,I20,2-PASS,AGM,ELECTRIC,Non-lifted",2658,"Icon,I20,Black,2-PASS,AGM,ELECTRIC,Non-lifted,CT_Black",9999.00
I20,6,2-PASS,1,Icon,2,ELECTRIC,2,AGM,2,Non-lifted,2,Red,17,Red,5,"Icon,I20,2-PASS,AGM,ELECTRIC,Non-lifted",2658,"Icon,I20,Red,2-PASS,AGM,ELECTRIC,Non-lifted,CT_Red",9999.00
I20,6,2-PASS,1,Icon,2,ELECTRIC,2,AGM,2,Non-lifted,2,Lime Green,18,Lime Green,6,"Icon,I20,2-PASS,AGM,ELECTRIC,Non-lifted",2658,"Icon,I20,Lime Green,2-PASS,AGM,ELECTRIC,Non-lifted,CT_Lime Green",9999.00
I20,6,2-PASS,1,Icon,2,ELECTRIC,2,AGM,2,Non-lifted,2,Forest Green,19,Forest Green,7,"Icon,I20,2-PASS,AGM,ELECTRIC,Non-lifted",2658,"Icon,I20,Forest Green,2-PASS,AGM,ELECTRIC,Non-lifted,CT_Forest Green",9999.00
I20,6,2-PASS,1,Icon,2,ELECTRIC,2,AGM,2,Non-lifted,2,Indigo Blue,20,Indigo Blue,8,"Icon,I20,2-PASS,AGM,ELECTRIC,Non-lifted",2658,"Icon,I20,Indigo Blue,2-PASS,AGM,ELECTRIC,Non-lifted,CT_Indigo Blue",9999.00
I20,6,2-PASS,1,Icon,2,ELECTRIC,2,AGM,2,Non-lifted,2,Yellow,21,Yellow,9,"Icon,I20,2-PASS,AGM,ELECTRIC,Non-lifted",2658,"Icon,I20,Yellow,2-PASS,AGM,ELECTRIC,Non-lifted,CT_Yellow",9999.00
I20,6,2-PASS,1,Icon,2,ELECTRIC,2,AGM,2,Non-lifted,2,Sangria Red,22,Sangria Red,10,"Icon,I20,2-PASS,AGM,ELECTRIC,Non-lifted",2658,"Icon,I20,Sangria Red,2-PASS,AGM,ELECTRIC,Non-lifted,CT_Sangria Red",9999.00
I20,6,2-PASS,1,Icon,2,ELECTRIC,2,AGM,2,Non-lifted,2,Champagne,23,Champagne,11,"Icon,I20,2-PASS,AGM,ELECTRIC,Non-lifted",2658,"Icon,I20,Champagne,2-PASS,AGM,ELECTRIC,Non-lifted,CT_Champagne",9999.00
I20,6,2-PASS,1,Icon,2,ELECTRIC,2,AGM,2,Non-lifted,2,Caribbean Blue,24,Caribbean Blue,12,"Icon,I20,2-PASS,AGM,ELECTRIC,Non-lifted",2658,"Icon,I20,Caribbean Blue,2-PASS,AGM,ELECTRIC,Non-lifted,CT_Caribbean Blue",9999.00
I20,6,2-PASS,1,Icon,2,ELECTRIC,2,AGM,2,Non-lifted,2,Silver,25,Silver,13,"Icon,I20,2-PASS,AGM,ELECTRIC,Non-lifted",2658,"Icon,I20,Silver,2-PASS,AGM,ELECTRIC,Non-lifted,CT_Silver",9999.00
I20,6,2-PASS,1,Icon,2,ELECTRIC,2,AGM,2,Non-lifted,2,Purple,26,Purple,14,"Icon,I20,2-PASS,AGM,ELECTRIC,Non-lifted",2658,"Icon,I20,Purple,2-PASS,AGM,ELECTRIC,Non-lifted,CT_Purple",9999.00
I20U,7,2-PASS,1,Icon,2,ELECTRIC,2,FLA,4,Lifted,1,White,4,White,2,"Icon,I20U,2-PASS,FLA,ELECTRIC,Lifted",2659,"Icon,I20U,White,2-PASS,FLA,ELECTRIC,Lifted,CT_White",11999.00
I20U,7,2-PASS,1,Icon,2,ELECTRIC,2,FLA,4,Lifted,1,Black,9,Black,3,"Icon,I20U,2-PASS,FLA,ELECTRIC,Lifted",2659,"Icon,I20U,Black,2-PASS,FLA,ELECTRIC,Lifted,CT_Black",11999.00
I20U,7,2-PASS,1,Icon,2,ELECTRIC,2,FLA,4,Lifted,1,Red,17,Red,5,"Icon,I20U,2-PASS,FLA,ELECTRIC,Lifted",2659,"Icon,I20U,Red,2-PASS,FLA,ELECTRIC,Lifted,CT_Red",11999.00
I20U,7,2-PASS,1,Icon,2,ELECTRIC,2,FLA,4,Lifted,1,Lime Green,18,Lime Green,6,"Icon,I20U,2-PASS,FLA,ELECTRIC,Lifted",2659,"Icon,I20U,Lime Green,2-PASS,FLA,ELECTRIC,Lifted,CT_Lime Green",11999.00
I20U,7,2-PASS,1,Icon,2,ELECTRIC,2,FLA,4,Lifted,1,Forest Green,19,Forest Green,7,"Icon,I20U,2-PASS,FLA,ELECTRIC,Lifted",2659,"Icon,I20U,Forest Green,2-PASS,FLA,ELECTRIC,Lifted,CT_Forest Green",11999.00
I20U,7,2-PASS,1,Icon,2,ELECTRIC,2,FLA,4,Lifted,1,Indigo Blue,20,Indigo Blue,8,"Icon,I20U,2-PASS,FLA,ELECTRIC,Lifted",2659,"Icon,I20U,Indigo Blue,2-PASS,FLA,ELECTRIC,Lifted,CT_Indigo Blue",11999.00
I20U,7,2-PASS,1,Icon,2,ELECTRIC,2,FLA,4,Lifted,1,Yellow,21,Yellow,9,"Icon,I20U,2-PASS,FLA,ELECTRIC,Lifted",2659,"Icon,I20U,Yellow,2-PASS,FLA,ELECTRIC,Lifted,CT_Yellow",11999.00
I20U,7,2-PASS,1,Icon,2,ELECTRIC,2,FLA,4,Lifted,1,Sangria Red,22,Sangria Red,10,"Icon,I20U,2-PASS,FLA,ELECTRIC,Lifted",2659,"Icon,I20U,Sangria Red,2-PASS,FLA,ELECTRIC,Lifted,CT_Sangria Red",11999.00
I20U,7,2-PASS,1,Icon,2,ELECTRIC,2,FLA,4,Lifted,1,Champagne,23,Champagne,11,"Icon,I20U,2-PASS,FLA,ELECTRIC,Lifted",2659,"Icon,I20U,Champagne,2-PASS,FLA,ELECTRIC,Lifted,CT_Champagne",11999.00
I20U,7,2-PASS,1,Icon,2,ELECTRIC,2,FLA,4,Lifted,1,Caribbean Blue,24,Caribbean Blue,12,"Icon,I20U,2-PASS,FLA,ELECTRIC,Lifted",2659,"Icon,I20U,Caribbean Blue,2-PASS,FLA,ELECTRIC,Lifted,CT_Caribbean Blue",11999.00
I20U,7,2-PASS,1,Icon,2,ELECTRIC,2,FLA,4,Lifted,1,Silver,25,Silver,13,"Icon,I20U,2-PASS,FLA,ELECTRIC,Lifted",2659,"Icon,I20U,Silver,2-PASS,FLA,ELECTRIC,Lifted,CT_Silver",11999.00
I20U,7,2-PASS,1,Icon,2,ELECTRIC,2,FLA,4,Lifted,1,Purple,26,Purple,14,"Icon,I20U,2-PASS,FLA,ELECTRIC,Lifted",2659,"Icon,I20U,Purple,2-PASS,FLA,ELECTRIC,Lifted,CT_Purple",11999.00
I20U,7,2-PASS,1,Icon,2,ELECTRIC,2,AGM,2,Lifted,1,White,4,White,2,"Icon,I20U,2-PASS,AGM,ELECTRIC,Lifted",2660,"Icon,I20U,White,2-PASS,AGM,ELECTRIC,Lifted,CT_White",12999.00
I20U,7,2-PASS,1,Icon,2,ELECTRIC,2,AGM,2,Lifted,1,Black,9,Black,3,"Icon,I20U,2-PASS,AGM,ELECTRIC,Lifted",2660,"Icon,I20U,Black,2-PASS,AGM,ELECTRIC,Lifted,CT_Black",12999.00
I20U,7,2-PASS,1,Icon,2,ELECTRIC,2,AGM,2,Lifted,1,Red,17,Red,5,"Icon,I20U,2-PASS,AGM,ELECTRIC,Lifted",2660,"Icon,I20U,Red,2-PASS,AGM,ELECTRIC,Lifted,CT_Red",12999.00
I20U,7,2-PASS,1,Icon,2,ELECTRIC,2,AGM,2,Lifted,1,Lime Green,18,Lime Green,6,"Icon,I20U,2-PASS,AGM,ELECTRIC,Lifted",2660,"Icon,I20U,Lime Green,2-PASS,AGM,ELECTRIC,Lifted,CT_Lime Green",12999.00
I20U,7,2-PASS,1,Icon,2,ELECTRIC,2,AGM,2,Lifted,1,Forest Green,19,Forest Green,7,"Icon,I20U,2-PASS,AGM,ELECTRIC,Lifted",2660,"Icon,I20U,Forest Green,2-PASS,AGM,ELECTRIC,Lifted,CT_Forest Green",12999.00
I20U,7,2-PASS,1,Icon,2,ELECTRIC,2,AGM,2,Lifted,1,Indigo Blue,20,Indigo Blue,8,"Icon,I20U,2-PASS,AGM,ELECTRIC,Lifted",2660,"Icon,I20U,Indigo Blue,2-PASS,AGM,ELECTRIC,Lifted,CT_Indigo Blue",12999.00
I20U,7,2-PASS,1,Icon,2,ELECTRIC,2,AGM,2,Lifted,1,Yellow,21,Yellow,9,"Icon,I20U,2-PASS,AGM,ELECTRIC,Lifted",2660,"Icon,I20U,Yellow,2-PASS,AGM,ELECTRIC,Lifted,CT_Yellow",12999.00
I20U,7,2-PASS,1,Icon,2,ELECTRIC,2,AGM,2,Lifted,1,Sangria Red,22,Sangria Red,10,"Icon,I20U,2-PASS,AGM,ELECTRIC,Lifted",2660,"Icon,I20U,Sangria Red,2-PASS,AGM,ELECTRIC,Lifted,CT_Sangria Red",12999.00
I20U,7,2-PASS,1,Icon,2,ELECTRIC,2,AGM,2,Lifted,1,Champagne,23,Champagne,11,"Icon,I20U,2-PASS,AGM,ELECTRIC,Lifted",2660,"Icon,I20U,Champagne,2-PASS,AGM,ELECTRIC,Lifted,CT_Champagne",12999.00
I20U,7,2-PASS,1,Icon,2,ELECTRIC,2,AGM,2,Lifted,1,Caribbean Blue,24,Caribbean Blue,12,"Icon,I20U,2-PASS,AGM,ELECTRIC,Lifted",2660,"Icon,I20U,Caribbean Blue,2-PASS,AGM,ELECTRIC,Lifted,CT_Caribbean Blue",12999.00
I20U,7,2-PASS,1,Icon,2,ELECTRIC,2,AGM,2,Lifted,1,Silver,25,Silver,13,"Icon,I20U,2-PASS,AGM,ELECTRIC,Lifted",2660,"Icon,I20U,Silver,2-PASS,AGM,ELECTRIC,Lifted,CT_Silver",12999.00
I20U,7,2-PASS,1,Icon,2,ELECTRIC,2,AGM,2,Lifted,1,Purple,26,Purple,14,"Icon,I20U,2-PASS,AGM,ELECTRIC,Lifted",2660,"Icon,I20U,Purple,2-PASS,AGM,ELECTRIC,Lifted,CT_Purple",12999.00
I20UL,8,2-PASS,1,Icon,2,ELECTRIC,2,FLA,4,Lifted,1,White,4,White,2,"Icon,I20UL,2-PASS,FLA,ELECTRIC,Lifted",2661,"Icon,I20UL,White,2-PASS,FLA,ELECTRIC,Lifted,CT_White",12999.00
I20UL,8,2-PASS,1,Icon,2,ELECTRIC,2,FLA,4,Lifted,1,Black,9,Black,3,"Icon,I20UL,2-PASS,FLA,ELECTRIC,Lifted",2661,"Icon,I20UL,Black,2-PASS,FLA,ELECTRIC,Lifted,CT_Black",12999.00
I20UL,8,2-PASS,1,Icon,2,ELECTRIC,2,FLA,4,Lifted,1,Red,17,Red,5,"Icon,I20UL,2-PASS,FLA,ELECTRIC,Lifted",2661,"Icon,I20UL,Red,2-PASS,FLA,ELECTRIC,Lifted,CT_Red",12999.00
I20UL,8,2-PASS,1,Icon,2,ELECTRIC,2,FLA,4,Lifted,1,Lime Green,18,Lime Green,6,"Icon,I20UL,2-PASS,FLA,ELECTRIC,Lifted",2661,"Icon,I20UL,Lime Green,2-PASS,FLA,ELECTRIC,Lifted,CT_Lime Green",12999.00
I20UL,8,2-PASS,1,Icon,2,ELECTRIC,2,FLA,4,Lifted,1,Forest Green,19,Forest Green,7,"Icon,I20UL,2-PASS,FLA,ELECTRIC,Lifted",2661,"Icon,I20UL,Forest Green,2-PASS,FLA,ELECTRIC,Lifted,CT_Forest Green",12999.00
I20UL,8,2-PASS,1,Icon,2,ELECTRIC,2,FLA,4,Lifted,1,Indigo Blue,20,Indigo Blue,8,"Icon,I20UL,2-PASS,FLA,ELECTRIC,Lifted",2661,"Icon,I20UL,Indigo Blue,2-PASS,FLA,ELECTRIC,Lifted,CT_Indigo Blue",12999.00
I20UL,8,2-PASS,1,Icon,2,ELECTRIC,2,FLA,4,Lifted,1,Yellow,21,Yellow,9,"Icon,I20UL,2-PASS,FLA,ELECTRIC,Lifted",2661,"Icon,I20UL,Yellow,2-PASS,FLA,ELECTRIC,Lifted,CT_Yellow",12999.00
I20UL,8,2-PASS,1,Icon,2,ELECTRIC,2,FLA,4,Lifted,1,Sangria Red,22,Sangria Red,10,"Icon,I20UL,2-PASS,FLA,ELECTRIC,Lifted",2661,"Icon,I20UL,Sangria Red,2-PASS,FLA,ELECTRIC,Lifted,CT_Sangria Red",12999.00
I20UL,8,2-PASS,1,Icon,2,ELECTRIC,2,FLA,4,Lifted,1,Champagne,23,Champagne,11,"Icon,I20UL,2-PASS,FLA,ELECTRIC,Lifted",2661,"Icon,I20UL,Champagne,2-PASS,FLA,ELECTRIC,Lifted,CT_Champagne",12999.00
I20UL,8,2-PASS,1,Icon,2,ELECTRIC,2,FLA,4,Lifted,1,Caribbean Blue,24,Caribbean Blue,12,"Icon,I20UL,2-PASS,FLA,ELECTRIC,Lifted",2661,"Icon,I20UL,Caribbean Blue,2-PASS,FLA,ELECTRIC,Lifted,CT_Caribbean Blue",12999.00
I20UL,8,2-PASS,1,Icon,2,ELECTRIC,2,FLA,4,Lifted,1,Silver,25,Silver,13,"Icon,I20UL,2-PASS,FLA,ELECTRIC,Lifted",2661,"Icon,I20UL,Silver,2-PASS,FLA,ELECTRIC,Lifted,CT_Silver",12999.00
I20UL,8,2-PASS,1,Icon,2,ELECTRIC,2,FLA,4,Lifted,1,Purple,26,Purple,14,"Icon,I20UL,2-PASS,FLA,ELECTRIC,Lifted",2661,"Icon,I20UL,Purple,2-PASS,FLA,ELECTRIC,Lifted,CT_Purple",12999.00
I20UL,8,2-PASS,1,Icon,2,ELECTRIC,2,AGM,2,Lifted,1,White,4,White,2,"Icon,I20UL,2-PASS,AGM,ELECTRIC,Lifted",2662,"Icon,I20UL,White,2-PASS,AGM,ELECTRIC,Lifted,CT_White",13999.00
I20UL,8,2-PASS,1,Icon,2,ELECTRIC,2,AGM,2,Lifted,1,Black,9,Black,3,"Icon,I20UL,2-PASS,AGM,ELECTRIC,Lifted",2662,"Icon,I20UL,Black,2-PASS,AGM,ELECTRIC,Lifted,CT_Black",13999.00
I20UL,8,2-PASS,1,Icon,2,ELECTRIC,2,AGM,2,Lifted,1,Red,17,Red,5,"Icon,I20UL,2-PASS,AGM,ELECTRIC,Lifted",2662,"Icon,I20UL,Red,2-PASS,AGM,ELECTRIC,Lifted,CT_Red",13999.00
I20UL,8,2-PASS,1,Icon,2,ELECTRIC,2,AGM,2,Lifted,1,Lime Green,18,Lime Green,6,"Icon,I20UL,2-PASS,AGM,ELECTRIC,Lifted",2662,"Icon,I20UL,Lime Green,2-PASS,AGM,ELECTRIC,Lifted,CT_Lime Green",13999.00
I20UL,8,2-PASS,1,Icon,2,ELECTRIC,2,AGM,2,Lifted,1,Forest Green,19,Forest Green,7,"Icon,I20UL,2-PASS,AGM,ELECTRIC,Lifted",2662,"Icon,I20UL,Forest Green,2-PASS,AGM,ELECTRIC,Lifted,CT_Forest Green",13999.00
I20UL,8,2-PASS,1,Icon,2,ELECTRIC,2,AGM,2,Lifted,1,Indigo Blue,20,Indigo Blue,8,"Icon,I20UL,2-PASS,AGM,ELECTRIC,Lifted",2662,"Icon,I20UL,Indigo Blue,2-PASS,AGM,ELECTRIC,Lifted,CT_Indigo Blue",13999.00
I20UL,8,2-PASS,1,Icon,2,ELECTRIC,2,AGM,2,Lifted,1,Yellow,21,Yellow,9,"Icon,I20UL,2-PASS,AGM,ELECTRIC,Lifted",2662,"Icon,I20UL,Yellow,2-PASS,AGM,ELECTRIC,Lifted,CT_Yellow",13999.00
I20UL,8,2-PASS,1,Icon,2,ELECTRIC,2,AGM,2,Lifted,1,Sangria Red,22,Sangria Red,10,"Icon,I20UL,2-PASS,AGM,ELECTRIC,Lifted",2662,"Icon,I20UL,Sangria Red,2-PASS,AGM,ELECTRIC,Lifted,CT_Sangria Red",13999.00
I20UL,8,2-PASS,1,Icon,2,ELECTRIC,2,AGM,2,Lifted,1,Champagne,23,Champagne,11,"Icon,I20UL,2-PASS,AGM,ELECTRIC,Lifted",2662,"Icon,I20UL,Champagne,2-PASS,AGM,ELECTRIC,Lifted,CT_Champagne",13999.00
I20UL,8,2-PASS,1,Icon,2,ELECTRIC,2,AGM,2,Lifted,1,Caribbean Blue,24,Caribbean Blue,12,"Icon,I20UL,2-PASS,AGM,ELECTRIC,Lifted",2662,"Icon,I20UL,Caribbean Blue,2-PASS,AGM,ELECTRIC,Lifted,CT_Caribbean Blue",13999.00
I20UL,8,2-PASS,1,Icon,2,ELECTRIC,2,AGM,2,Lifted,1,Silver,25,Silver,13,"Icon,I20UL,2-PASS,AGM,ELECTRIC,Lifted",2662,"Icon,I20UL,Silver,2-PASS,AGM,ELECTRIC,Lifted,CT_Silver",13999.00
I20UL,8,2-PASS,1,Icon,2,ELECTRIC,2,AGM,2,Lifted,1,Purple,26,Purple,14,"Icon,I20UL,2-PASS,AGM,ELECTRIC,Lifted",2662,"Icon,I20UL,Purple,2-PASS,AGM,ELECTRIC,Lifted,CT_Purple",13999.00
I40,9,4-PASS,2,Icon,2,ELECTRIC,2,FLA,4,Non-lifted,2,White,4,White,2,"Icon,I40,4-PASS,FLA,ELECTRIC,Non-lifted",2663,"Icon,I40,White,4-PASS,FLA,ELECTRIC,Non-lifted,CT_White",8999.00
I40,9,4-PASS,2,Icon,2,ELECTRIC,2,FLA,4,Non-lifted,2,Black,9,Black,3,"Icon,I40,4-PASS,FLA,ELECTRIC,Non-lifted",2663,"Icon,I40,Black,4-PASS,FLA,ELECTRIC,Non-lifted,CT_Black",8999.00
I40,9,4-PASS,2,Icon,2,ELECTRIC,2,FLA,4,Non-lifted,2,Red,17,Red,5,"Icon,I40,4-PASS,FLA,ELECTRIC,Non-lifted",2663,"Icon,I40,Red,4-PASS,FLA,ELECTRIC,Non-lifted,CT_Red",8999.00
I40,9,4-PASS,2,Icon,2,ELECTRIC,2,FLA,4,Non-lifted,2,Lime Green,18,Lime Green,6,"Icon,I40,4-PASS,FLA,ELECTRIC,Non-lifted",2663,"Icon,I40,Lime Green,4-PASS,FLA,ELECTRIC,Non-lifted,CT_Lime Green",8999.00
I40,9,4-PASS,2,Icon,2,ELECTRIC,2,FLA,4,Non-lifted,2,Forest Green,19,Forest Green,7,"Icon,I40,4-PASS,FLA,ELECTRIC,Non-lifted",2663,"Icon,I40,Forest Green,4-PASS,FLA,ELECTRIC,Non-lifted,CT_Forest Green",8999.00
I40,9,4-PASS,2,Icon,2,ELECTRIC,2,FLA,4,Non-lifted,2,Indigo Blue,20,Indigo Blue,8,"Icon,I40,4-PASS,FLA,ELECTRIC,Non-lifted",2663,"Icon,I40,Indigo Blue,4-PASS,FLA,ELECTRIC,Non-lifted,CT_Indigo Blue",8999.00
I40,9,4-PASS,2,Icon,2,ELECTRIC,2,FLA,4,Non-lifted,2,Yellow,21,Yellow,9,"Icon,I40,4-PASS,FLA,ELECTRIC,Non-lifted",2663,"Icon,I40,Yellow,4-PASS,FLA,ELECTRIC,Non-lifted,CT_Yellow",8999.00
I40,9,4-PASS,2,Icon,2,ELECTRIC,2,FLA,4,Non-lifted,2,Sangria Red,22,Sangria Red,10,"Icon,I40,4-PASS,FLA,ELECTRIC,Non-lifted",2663,"Icon,I40,Sangria Red,4-PASS,FLA,ELECTRIC,Non-lifted,CT_Sangria Red",8999.00
I40,9,4-PASS,2,Icon,2,ELECTRIC,2,FLA,4,Non-lifted,2,Champagne,23,Champagne,11,"Icon,I40,4-PASS,FLA,ELECTRIC,Non-lifted",2663,"Icon,I40,Champagne,4-PASS,FLA,ELECTRIC,Non-lifted,CT_Champagne",8999.00
I40,9,4-PASS,2,Icon,2,ELECTRIC,2,FLA,4,Non-lifted,2,Caribbean Blue,24,Caribbean Blue,12,"Icon,I40,4-PASS,FLA,ELECTRIC,Non-lifted",2663,"Icon,I40,Caribbean Blue,4-PASS,FLA,ELECTRIC,Non-lifted,CT_Caribbean Blue",8999.00
I40,9,4-PASS,2,Icon,2,ELECTRIC,2,FLA,4,Non-lifted,2,Silver,25,Silver,13,"Icon,I40,4-PASS,FLA,ELECTRIC,Non-lifted",2663,"Icon,I40,Silver,4-PASS,FLA,ELECTRIC,Non-lifted,CT_Silver",8999.00
I40,9,4-PASS,2,Icon,2,ELECTRIC,2,FLA,4,Non-lifted,2,Purple,26,Purple,14,"Icon,I40,4-PASS,FLA,ELECTRIC,Non-lifted",2663,"Icon,I40,Purple,4-PASS,FLA,ELECTRIC,Non-lifted,CT_Purple",8999.00
I40,9,4-PASS,2,Icon,2,ELECTRIC,2,AGM,2,Non-lifted,2,White,4,White,2,"Icon,I40,4-PASS,AGM,ELECTRIC,Non-lifted",2664,"Icon,I40,White,4-PASS,AGM,ELECTRIC,Non-lifted,CT_White",9999.00
I40,9,4-PASS,2,Icon,2,ELECTRIC,2,AGM,2,Non-lifted,2,Black,9,Black,3,"Icon,I40,4-PASS,AGM,ELECTRIC,Non-lifted",2664,"Icon,I40,Black,4-PASS,AGM,ELECTRIC,Non-lifted,CT_Black",9999.00
I40,9,4-PASS,2,Icon,2,ELECTRIC,2,AGM,2,Non-lifted,2,Red,17,Red,5,"Icon,I40,4-PASS,AGM,ELECTRIC,Non-lifted",2664,"Icon,I40,Red,4-PASS,AGM,ELECTRIC,Non-lifted,CT_Red",9999.00
I40,9,4-PASS,2,Icon,2,ELECTRIC,2,AGM,2,Non-lifted,2,Lime Green,18,Lime Green,6,"Icon,I40,4-PASS,AGM,ELECTRIC,Non-lifted",2664,"Icon,I40,Lime Green,4-PASS,AGM,ELECTRIC,Non-lifted,CT_Lime Green",9999.00
I40,9,4-PASS,2,Icon,2,ELECTRIC,2,AGM,2,Non-lifted,2,Forest Green,19,Forest Green,7,"Icon,I40,4-PASS,AGM,ELECTRIC,Non-lifted",2664,"Icon,I40,Forest Green,4-PASS,AGM,ELECTRIC,Non-lifted,CT_Forest Green",9999.00
I40,9,4-PASS,2,Icon,2,ELECTRIC,2,AGM,2,Non-lifted,2,Indigo Blue,20,Indigo Blue,8,"Icon,I40,4-PASS,AGM,ELECTRIC,Non-lifted",2664,"Icon,I40,Indigo Blue,4-PASS,AGM,ELECTRIC,Non-lifted,CT_Indigo Blue",9999.00
I40,9,4-PASS,2,Icon,2,ELECTRIC,2,AGM,2,Non-lifted,2,Yellow,21,Yellow,9,"Icon,I40,4-PASS,AGM,ELECTRIC,Non-lifted",2664,"Icon,I40,Yellow,4-PASS,AGM,ELECTRIC,Non-lifted,CT_Yellow",9999.00
I40,9,4-PASS,2,Icon,2,ELECTRIC,2,AGM,2,Non-lifted,2,Sangria Red,22,Sangria Red,10,"Icon,I40,4-PASS,AGM,ELECTRIC,Non-lifted",2664,"Icon,I40,Sangria Red,4-PASS,AGM,ELECTRIC,Non-lifted,CT_Sangria Red",9999.00
I40,9,4-PASS,2,Icon,2,ELECTRIC,2,AGM,2,Non-lifted,2,Champagne,23,Champagne,11,"Icon,I40,4-PASS,AGM,ELECTRIC,Non-lifted",2664,"Icon,I40,Champagne,4-PASS,AGM,ELECTRIC,Non-lifted,CT_Champagne",9999.00
I40,9,4-PASS,2,Icon,2,ELECTRIC,2,AGM,2,Non-lifted,2,Caribbean Blue,24,Caribbean Blue,12,"Icon,I40,4-PASS,AGM,ELECTRIC,Non-lifted",2664,"Icon,I40,Caribbean Blue,4-PASS,AGM,ELECTRIC,Non-lifted,CT_Caribbean Blue",9999.00
I40,9,4-PASS,2,Icon,2,ELECTRIC,2,AGM,2,Non-lifted,2,Silver,25,Silver,13,"Icon,I40,4-PASS,AGM,ELECTRIC,Non-lifted",2664,"Icon,I40,Silver,4-PASS,AGM,ELECTRIC,Non-lifted,CT_Silver",9999.00
I40,9,4-PASS,2,Icon,2,ELECTRIC,2,AGM,2,Non-lifted,2,Purple,26,Purple,14,"Icon,I40,4-PASS,AGM,ELECTRIC,Non-lifted",2664,"Icon,I40,Purple,4-PASS,AGM,ELECTRIC,Non-lifted,CT_Purple",9999.00
I40F,10,4-PASS,2,Icon,2,ELECTRIC,2,FLA,4,Non-lifted,2,White,4,White,2,"Icon,I40F,4-PASS,FLA,ELECTRIC,Non-lifted",2665,"Icon,I40F,White,4-PASS,FLA,ELECTRIC,Non-lifted,CT_White",9999.00
I40F,10,4-PASS,2,Icon,2,ELECTRIC,2,FLA,4,Non-lifted,2,Black,9,Black,3,"Icon,I40F,4-PASS,FLA,ELECTRIC,Non-lifted",2665,"Icon,I40F,Black,4-PASS,FLA,ELECTRIC,Non-lifted,CT_Black",9999.00
I40F,10,4-PASS,2,Icon,2,ELECTRIC,2,FLA,4,Non-lifted,2,Red,17,Red,5,"Icon,I40F,4-PASS,FLA,ELECTRIC,Non-lifted",2665,"Icon,I40F,Red,4-PASS,FLA,ELECTRIC,Non-lifted,CT_Red",9999.00
I40F,10,4-PASS,2,Icon,2,ELECTRIC,2,FLA,4,Non-lifted,2,Lime Green,18,Lime Green,6,"Icon,I40F,4-PASS,FLA,ELECTRIC,Non-lifted",2665,"Icon,I40F,Lime Green,4-PASS,FLA,ELECTRIC,Non-lifted,CT_Lime Green",9999.00
I40F,10,4-PASS,2,Icon,2,ELECTRIC,2,FLA,4,Non-lifted,2,Forest Green,19,Forest Green,7,"Icon,I40F,4-PASS,FLA,ELECTRIC,Non-lifted",2665,"Icon,I40F,Forest Green,4-PASS,FLA,ELECTRIC,Non-lifted,CT_Forest Green",9999.00
I40F,10,4-PASS,2,Icon,2,ELECTRIC,2,FLA,4,Non-lifted,2,Indigo Blue,20,Indigo Blue,8,"Icon,I40F,4-PASS,FLA,ELECTRIC,Non-lifted",2665,"Icon,I40F,Indigo Blue,4-PASS,FLA,ELECTRIC,Non-lifted,CT_Indigo Blue",9999.00
I40F,10,4-PASS,2,Icon,2,ELECTRIC,2,FLA,4,Non-lifted,2,Yellow,21,Yellow,9,"Icon,I40F,4-PASS,FLA,ELECTRIC,Non-lifted",2665,"Icon,I40F,Yellow,4-PASS,FLA,ELECTRIC,Non-lifted,CT_Yellow",9999.00
I40F,10,4-PASS,2,Icon,2,ELECTRIC,2,FLA,4,Non-lifted,2,Sangria Red,22,Sangria Red,10,"Icon,I40F,4-PASS,FLA,ELECTRIC,Non-lifted",2665,"Icon,I40F,Sangria Red,4-PASS,FLA,ELECTRIC,Non-lifted,CT_Sangria Red",9999.00
I40F,10,4-PASS,2,Icon,2,ELECTRIC,2,FLA,4,Non-lifted,2,Champagne,23,Champagne,11,"Icon,I40F,4-PASS,FLA,ELECTRIC,Non-lifted",2665,"Icon,I40F,Champagne,4-PASS,FLA,ELECTRIC,Non-lifted,CT_Champagne",9999.00
I40F,10,4-PASS,2,Icon,2,ELECTRIC,2,FLA,4,Non-lifted,2,Caribbean Blue,24,Caribbean Blue,12,"Icon,I40F,4-PASS,FLA,ELECTRIC,Non-lifted",2665,"Icon,I40F,Caribbean Blue,4-PASS,FLA,ELECTRIC,Non-lifted,CT_Caribbean Blue",9999.00
I40F,10,4-PASS,2,Icon,2,ELECTRIC,2,FLA,4,Non-lifted,2,Silver,25,Silver,13,"Icon,I40F,4-PASS,FLA,ELECTRIC,Non-lifted",2665,"Icon,I40F,Silver,4-PASS,FLA,ELECTRIC,Non-lifted,CT_Silver",9999.00
I40F,10,4-PASS,2,Icon,2,ELECTRIC,2,FLA,4,Non-lifted,2,Purple,26,Purple,14,"Icon,I40F,4-PASS,FLA,ELECTRIC,Non-lifted",2665,"Icon,I40F,Purple,4-PASS,FLA,ELECTRIC,Non-lifted,CT_Purple",9999.00
I40F,10,4-PASS,2,Icon,2,ELECTRIC,2,AGM,2,Non-lifted,2,White,4,White,2,"Icon,I40F,4-PASS,AGM,ELECTRIC,Non-lifted",2666,"Icon,I40F,White,4-PASS,AGM,ELECTRIC,Non-lifted,CT_White",10999.00
I40F,10,4-PASS,2,Icon,2,ELECTRIC,2,AGM,2,Non-lifted,2,Black,9,Black,3,"Icon,I40F,4-PASS,AGM,ELECTRIC,Non-lifted",2666,"Icon,I40F,Black,4-PASS,AGM,ELECTRIC,Non-lifted,CT_Black",10999.00
I40F,10,4-PASS,2,Icon,2,ELECTRIC,2,AGM,2,Non-lifted,2,Red,17,Red,5,"Icon,I40F,4-PASS,AGM,ELECTRIC,Non-lifted",2666,"Icon,I40F,Red,4-PASS,AGM,ELECTRIC,Non-lifted,CT_Red",10999.00
I40F,10,4-PASS,2,Icon,2,ELECTRIC,2,AGM,2,Non-lifted,2,Lime Green,18,Lime Green,6,"Icon,I40F,4-PASS,AGM,ELECTRIC,Non-lifted",2666,"Icon,I40F,Lime Green,4-PASS,AGM,ELECTRIC,Non-lifted,CT_Lime Green",10999.00
I40F,10,4-PASS,2,Icon,2,ELECTRIC,2,AGM,2,Non-lifted,2,Forest Green,19,Forest Green,7,"Icon,I40F,4-PASS,AGM,ELECTRIC,Non-lifted",2666,"Icon,I40F,Forest Green,4-PASS,AGM,ELECTRIC,Non-lifted,CT_Forest Green",10999.00
I40F,10,4-PASS,2,Icon,2,ELECTRIC,2,AGM,2,Non-lifted,2,Indigo Blue,20,Indigo Blue,8,"Icon,I40F,4-PASS,AGM,ELECTRIC,Non-lifted",2666,"Icon,I40F,Indigo Blue,4-PASS,AGM,ELECTRIC,Non-lifted,CT_Indigo Blue",10999.00
I40F,10,4-PASS,2,Icon,2,ELECTRIC,2,AGM,2,Non-lifted,2,Yellow,21,Yellow,9,"Icon,I40F,4-PASS,AGM,ELECTRIC,Non-lifted",2666,"Icon,I40F,Yellow,4-PASS,AGM,ELECTRIC,Non-lifted,CT_Yellow",10999.00
I40F,10,4-PASS,2,Icon,2,ELECTRIC,2,AGM,2,Non-lifted,2,Sangria Red,22,Sangria Red,10,"Icon,I40F,4-PASS,AGM,ELECTRIC,Non-lifted",2666,"Icon,I40F,Sangria Red,4-PASS,AGM,ELECTRIC,Non-lifted,CT_Sangria Red",10999.00
I40F,10,4-PASS,2,Icon,2,ELECTRIC,2,AGM,2,Non-lifted,2,Champagne,23,Champagne,11,"Icon,I40F,4-PASS,AGM,ELECTRIC,Non-lifted",2666,"Icon,I40F,Champagne,4-PASS,AGM,ELECTRIC,Non-lifted,CT_Champagne",10999.00
I40F,10,4-PASS,2,Icon,2,ELECTRIC,2,AGM,2,Non-lifted,2,Caribbean Blue,24,Caribbean Blue,12,"Icon,I40F,4-PASS,AGM,ELECTRIC,Non-lifted",2666,"Icon,I40F,Caribbean Blue,4-PASS,AGM,ELECTRIC,Non-lifted,CT_Caribbean Blue",10999.00
I40F,10,4-PASS,2,Icon,2,ELECTRIC,2,AGM,2,Non-lifted,2,Silver,25,Silver,13,"Icon,I40F,4-PASS,AGM,ELECTRIC,Non-lifted",2666,"Icon,I40F,Silver,4-PASS,AGM,ELECTRIC,Non-lifted,CT_Silver",10999.00
I40F,10,4-PASS,2,Icon,2,ELECTRIC,2,AGM,2,Non-lifted,2,Purple,26,Purple,14,"Icon,I40F,4-PASS,AGM,ELECTRIC,Non-lifted",2666,"Icon,I40F,Purple,4-PASS,AGM,ELECTRIC,Non-lifted,CT_Purple",10999.00
I40FL,11,4-PASS,2,Icon,2,ELECTRIC,2,FLA,4,Lifted,1,White,4,White,2,"Icon,I40FL,4-PASS,FLA,ELECTRIC,Lifted",2667,"Icon,I40FL,White,4-PASS,FLA,ELECTRIC,Lifted,CT_White",10999.00
I40FL,11,4-PASS,2,Icon,2,ELECTRIC,2,FLA,4,Lifted,1,Black,9,Black,3,"Icon,I40FL,4-PASS,FLA,ELECTRIC,Lifted",2667,"Icon,I40FL,Black,4-PASS,FLA,ELECTRIC,Lifted,CT_Black",10999.00
I40FL,11,4-PASS,2,Icon,2,ELECTRIC,2,FLA,4,Lifted,1,Red,17,Red,5,"Icon,I40FL,4-PASS,FLA,ELECTRIC,Lifted",2667,"Icon,I40FL,Red,4-PASS,FLA,ELECTRIC,Lifted,CT_Red",10999.00
I40FL,11,4-PASS,2,Icon,2,ELECTRIC,2,FLA,4,Lifted,1,Lime Green,18,Lime Green,6,"Icon,I40FL,4-PASS,FLA,ELECTRIC,Lifted",2667,"Icon,I40FL,Lime Green,4-PASS,FLA,ELECTRIC,Lifted,CT_Lime Green",10999.00
I40FL,11,4-PASS,2,Icon,2,ELECTRIC,2,FLA,4,Lifted,1,Forest Green,19,Forest Green,7,"Icon,I40FL,4-PASS,FLA,ELECTRIC,Lifted",2667,"Icon,I40FL,Forest Green,4-PASS,FLA,ELECTRIC,Lifted,CT_Forest Green",10999.00
I40FL,11,4-PASS,2,Icon,2,ELECTRIC,2,FLA,4,Lifted,1,Indigo Blue,20,Indigo Blue,8,"Icon,I40FL,4-PASS,FLA,ELECTRIC,Lifted",2667,"Icon,I40FL,Indigo Blue,4-PASS,FLA,ELECTRIC,Lifted,CT_Indigo Blue",10999.00
I40FL,11,4-PASS,2,Icon,2,ELECTRIC,2,FLA,4,Lifted,1,Yellow,21,Yellow,9,"Icon,I40FL,4-PASS,FLA,ELECTRIC,Lifted",2667,"Icon,I40FL,Yellow,4-PASS,FLA,ELECTRIC,Lifted,CT_Yellow",10999.00
I40FL,11,4-PASS,2,Icon,2,ELECTRIC,2,FLA,4,Lifted,1,Sangria Red,22,Sangria Red,10,"Icon,I40FL,4-PASS,FLA,ELECTRIC,Lifted",2667,"Icon,I40FL,Sangria Red,4-PASS,FLA,ELECTRIC,Lifted,CT_Sangria Red",10999.00
I40FL,11,4-PASS,2,Icon,2,ELECTRIC,2,FLA,4,Lifted,1,Champagne,23,Champagne,11,"Icon,I40FL,4-PASS,FLA,ELECTRIC,Lifted",2667,"Icon,I40FL,Champagne,4-PASS,FLA,ELECTRIC,Lifted,CT_Champagne",10999.00
I40FL,11,4-PASS,2,Icon,2,ELECTRIC,2,FLA,4,Lifted,1,Caribbean Blue,24,Caribbean Blue,12,"Icon,I40FL,4-PASS,FLA,ELECTRIC,Lifted",2667,"Icon,I40FL,Caribbean Blue,4-PASS,FLA,ELECTRIC,Lifted,CT_Caribbean Blue",10999.00
I40FL,11,4-PASS,2,Icon,2,ELECTRIC,2,FLA,4,Lifted,1,Silver,25,Silver,13,"Icon,I40FL,4-PASS,FLA,ELECTRIC,Lifted",2667,"Icon,I40FL,Silver,4-PASS,FLA,ELECTRIC,Lifted,CT_Silver",10999.00
I40FL,11,4-PASS,2,Icon,2,ELECTRIC,2,FLA,4,Lifted,1,Purple,26,Purple,14,"Icon,I40FL,4-PASS,FLA,ELECTRIC,Lifted",2667,"Icon,I40FL,Purple,4-PASS,FLA,ELECTRIC,Lifted,CT_Purple",10999.00
I40FL,11,4-PASS,2,Icon,2,ELECTRIC,2,AGM,2,Lifted,1,White,4,White,2,"Icon,I40FL,4-PASS,AGM,ELECTRIC,Lifted",2668,"Icon,I40FL,White,4-PASS,AGM,ELECTRIC,Lifted,CT_White",11999.00
I40FL,11,4-PASS,2,Icon,2,ELECTRIC,2,AGM,2,Lifted,1,Black,9,Black,3,"Icon,I40FL,4-PASS,AGM,ELECTRIC,Lifted",2668,"Icon,I40FL,Black,4-PASS,AGM,ELECTRIC,Lifted,CT_Black",11999.00
I40FL,11,4-PASS,2,Icon,2,ELECTRIC,2,AGM,2,Lifted,1,Red,17,Red,5,"Icon,I40FL,4-PASS,AGM,ELECTRIC,Lifted",2668,"Icon,I40FL,Red,4-PASS,AGM,ELECTRIC,Lifted,CT_Red",11999.00
I40FL,11,4-PASS,2,Icon,2,ELECTRIC,2,AGM,2,Lifted,1,Lime Green,18,Lime Green,6,"Icon,I40FL,4-PASS,AGM,ELECTRIC,Lifted",2668,"Icon,I40FL,Lime Green,4-PASS,AGM,ELECTRIC,Lifted,CT_Lime Green",11999.00
I40FL,11,4-PASS,2,Icon,2,ELECTRIC,2,AGM,2,Lifted,1,Forest Green,19,Forest Green,7,"Icon,I40FL,4-PASS,AGM,ELECTRIC,Lifted",2668,"Icon,I40FL,Forest Green,4-PASS,AGM,ELECTRIC,Lifted,CT_Forest Green",11999.00
I40FL,11,4-PASS,2,Icon,2,ELECTRIC,2,AGM,2,Lifted,1,Indigo Blue,20,Indigo Blue,8,"Icon,I40FL,4-PASS,AGM,ELECTRIC,Lifted",2668,"Icon,I40FL,Indigo Blue,4-PASS,AGM,ELECTRIC,Lifted,CT_Indigo Blue",11999.00
I40FL,11,4-PASS,2,Icon,2,ELECTRIC,2,AGM,2,Lifted,1,Yellow,21,Yellow,9,"Icon,I40FL,4-PASS,AGM,ELECTRIC,Lifted",2668,"Icon,I40FL,Yellow,4-PASS,AGM,ELECTRIC,Lifted,CT_Yellow",11999.00
I40FL,11,4-PASS,2,Icon,2,ELECTRIC,2,AGM,2,Lifted,1,Sangria Red,22,Sangria Red,10,"Icon,I40FL,4-PASS,AGM,ELECTRIC,Lifted",2668,"Icon,I40FL,Sangria Red,4-PASS,AGM,ELECTRIC,Lifted,CT_Sangria Red",11999.00
I40FL,11,4-PASS,2,Icon,2,ELECTRIC,2,AGM,2,Lifted,1,Champagne,23,Champagne,11,"Icon,I40FL,4-PASS,AGM,ELECTRIC,Lifted",2668,"Icon,I40FL,Champagne,4-PASS,AGM,ELECTRIC,Lifted,CT_Champagne",11999.00
I40FL,11,4-PASS,2,Icon,2,ELECTRIC,2,AGM,2,Lifted,1,Caribbean Blue,24,Caribbean Blue,12,"Icon,I40FL,4-PASS,AGM,ELECTRIC,Lifted",2668,"Icon,I40FL,Caribbean Blue,4-PASS,AGM,ELECTRIC,Lifted,CT_Caribbean Blue",11999.00
I40FL,11,4-PASS,2,Icon,2,ELECTRIC,2,AGM,2,Lifted,1,Silver,25,Silver,13,"Icon,I40FL,4-PASS,AGM,ELECTRIC,Lifted",2668,"Icon,I40FL,Silver,4-PASS,AGM,ELECTRIC,Lifted,CT_Silver",11999.00
I40FL,11,4-PASS,2,Icon,2,ELECTRIC,2,AGM,2,Lifted,1,Purple,26,Purple,14,"Icon,I40FL,4-PASS,AGM,ELECTRIC,Lifted",2668,"Icon,I40FL,Purple,4-PASS,AGM,ELECTRIC,Lifted,CT_Purple",11999.00
I40L,12,4-PASS,2,Icon,2,ELECTRIC,2,FLA,4,Lifted,1,White,4,White,2,"Icon,I40L,4-PASS,FLA,ELECTRIC,Lifted",2669,"Icon,I40L,White,4-PASS,FLA,ELECTRIC,Lifted,CT_White",9999.00
I40L,12,4-PASS,2,Icon,2,ELECTRIC,2,FLA,4,Lifted,1,Black,9,Black,3,"Icon,I40L,4-PASS,FLA,ELECTRIC,Lifted",2669,"Icon,I40L,Black,4-PASS,FLA,ELECTRIC,Lifted,CT_Black",9999.00
I40L,12,4-PASS,2,Icon,2,ELECTRIC,2,FLA,4,Lifted,1,Red,17,Red,5,"Icon,I40L,4-PASS,FLA,ELECTRIC,Lifted",2669,"Icon,I40L,Red,4-PASS,FLA,ELECTRIC,Lifted,CT_Red",9999.00
I40L,12,4-PASS,2,Icon,2,ELECTRIC,2,FLA,4,Lifted,1,Lime Green,18,Lime Green,6,"Icon,I40L,4-PASS,FLA,ELECTRIC,Lifted",2669,"Icon,I40L,Lime Green,4-PASS,FLA,ELECTRIC,Lifted,CT_Lime Green",9999.00
I40L,12,4-PASS,2,Icon,2,ELECTRIC,2,FLA,4,Lifted,1,Forest Green,19,Forest Green,7,"Icon,I40L,4-PASS,FLA,ELECTRIC,Lifted",2669,"Icon,I40L,Forest Green,4-PASS,FLA,ELECTRIC,Lifted,CT_Forest Green",9999.00
I40L,12,4-PASS,2,Icon,2,ELECTRIC,2,FLA,4,Lifted,1,Indigo Blue,20,Indigo Blue,8,"Icon,I40L,4-PASS,FLA,ELECTRIC,Lifted",2669,"Icon,I40L,Indigo Blue,4-PASS,FLA,ELECTRIC,Lifted,CT_Indigo Blue",9999.00
I40L,12,4-PASS,2,Icon,2,ELECTRIC,2,FLA,4,Lifted,1,Yellow,21,Yellow,9,"Icon,I40L,4-PASS,FLA,ELECTRIC,Lifted",2669,"Icon,I40L,Yellow,4-PASS,FLA,ELECTRIC,Lifted,CT_Yellow",9999.00
I40L,12,4-PASS,2,Icon,2,ELECTRIC,2,FLA,4,Lifted,1,Sangria Red,22,Sangria Red,10,"Icon,I40L,4-PASS,FLA,ELECTRIC,Lifted",2669,"Icon,I40L,Sangria Red,4-PASS,FLA,ELECTRIC,Lifted,CT_Sangria Red",9999.00
I40L,12,4-PASS,2,Icon,2,ELECTRIC,2,FLA,4,Lifted,1,Champagne,23,Champagne,11,"Icon,I40L,4-PASS,FLA,ELECTRIC,Lifted",2669,"Icon,I40L,Champagne,4-PASS,FLA,ELECTRIC,Lifted,CT_Champagne",9999.00
I40L,12,4-PASS,2,Icon,2,ELECTRIC,2,FLA,4,Lifted,1,Caribbean Blue,24,Caribbean Blue,12,"Icon,I40L,4-PASS,FLA,ELECTRIC,Lifted",2669,"Icon,I40L,Caribbean Blue,4-PASS,FLA,ELECTRIC,Lifted,CT_Caribbean Blue",9999.00
I40L,12,4-PASS,2,Icon,2,ELECTRIC,2,FLA,4,Lifted,1,Silver,25,Silver,13,"Icon,I40L,4-PASS,FLA,ELECTRIC,Lifted",2669,"Icon,I40L,Silver,4-PASS,FLA,ELECTRIC,Lifted,CT_Silver",9999.00
I40L,12,4-PASS,2,Icon,2,ELECTRIC,2,FLA,4,Lifted,1,Purple,26,Purple,14,"Icon,I40L,4-PASS,FLA,ELECTRIC,Lifted",2669,"Icon,I40L,Purple,4-PASS,FLA,ELECTRIC,Lifted,CT_Purple",9999.00
I40L,12,4-PASS,2,Icon,2,ELECTRIC,2,AGM,2,Lifted,1,White,4,White,2,"Icon,I40L,4-PASS,AGM,ELECTRIC,Lifted",2670,"Icon,I40L,White,4-PASS,AGM,ELECTRIC,Lifted,CT_White",10999.00
I40L,12,4-PASS,2,Icon,2,ELECTRIC,2,AGM,2,Lifted,1,Black,9,Black,3,"Icon,I40L,4-PASS,AGM,ELECTRIC,Lifted",2670,"Icon,I40L,Black,4-PASS,AGM,ELECTRIC,Lifted,CT_Black",10999.00
I40L,12,4-PASS,2,Icon,2,ELECTRIC,2,AGM,2,Lifted,1,Red,17,Red,5,"Icon,I40L,4-PASS,AGM,ELECTRIC,Lifted",2670,"Icon,I40L,Red,4-PASS,AGM,ELECTRIC,Lifted,CT_Red",10999.00
I40L,12,4-PASS,2,Icon,2,ELECTRIC,2,AGM,2,Lifted,1,Lime Green,18,Lime Green,6,"Icon,I40L,4-PASS,AGM,ELECTRIC,Lifted",2670,"Icon,I40L,Lime Green,4-PASS,AGM,ELECTRIC,Lifted,CT_Lime Green",10999.00
I40L,12,4-PASS,2,Icon,2,ELECTRIC,2,AGM,2,Lifted,1,Forest Green,19,Forest Green,7,"Icon,I40L,4-PASS,AGM,ELECTRIC,Lifted",2670,"Icon,I40L,Forest Green,4-PASS,AGM,ELECTRIC,Lifted,CT_Forest Green",10999.00
I40L,12,4-PASS,2,Icon,2,ELECTRIC,2,AGM,2,Lifted,1,Indigo Blue,20,Indigo Blue,8,"Icon,I40L,4-PASS,AGM,ELECTRIC,Lifted",2670,"Icon,I40L,Indigo Blue,4-PASS,AGM,ELECTRIC,Lifted,CT_Indigo Blue",10999.00
I40L,12,4-PASS,2,Icon,2,ELECTRIC,2,AGM,2,Lifted,1,Yellow,21,Yellow,9,"Icon,I40L,4-PASS,AGM,ELECTRIC,Lifted",2670,"Icon,I40L,Yellow,4-PASS,AGM,ELECTRIC,Lifted,CT_Yellow",10999.00
I40L,12,4-PASS,2,Icon,2,ELECTRIC,2,AGM,2,Lifted,1,Sangria Red,22,Sangria Red,10,"Icon,I40L,4-PASS,AGM,ELECTRIC,Lifted",2670,"Icon,I40L,Sangria Red,4-PASS,AGM,ELECTRIC,Lifted,CT_Sangria Red",10999.00
I40L,12,4-PASS,2,Icon,2,ELECTRIC,2,AGM,2,Lifted,1,Champagne,23,Champagne,11,"Icon,I40L,4-PASS,AGM,ELECTRIC,Lifted",2670,"Icon,I40L,Champagne,4-PASS,AGM,ELECTRIC,Lifted,CT_Champagne",10999.00
I40L,12,4-PASS,2,Icon,2,ELECTRIC,2,AGM,2,Lifted,1,Caribbean Blue,24,Caribbean Blue,12,"Icon,I40L,4-PASS,AGM,ELECTRIC,Lifted",2670,"Icon,I40L,Caribbean Blue,4-PASS,AGM,ELECTRIC,Lifted,CT_Caribbean Blue",10999.00
I40L,12,4-PASS,2,Icon,2,ELECTRIC,2,AGM,2,Lifted,1,Silver,25,Silver,13,"Icon,I40L,4-PASS,AGM,ELECTRIC,Lifted",2670,"Icon,I40L,Silver,4-PASS,AGM,ELECTRIC,Lifted,CT_Silver",10999.00
I40L,12,4-PASS,2,Icon,2,ELECTRIC,2,AGM,2,Lifted,1,Purple,26,Purple,14,"Icon,I40L,4-PASS,AGM,ELECTRIC,Lifted",2670,"Icon,I40L,Purple,4-PASS,AGM,ELECTRIC,Lifted,CT_Purple",10999.00
I60,13,6-PASS,3,Icon,2,ELECTRIC,2,FLA,4,Non-lifted,2,White,4,White,2,"Icon,I60,6-PASS,FLA,ELECTRIC,Non-lifted",2671,"Icon,I60,White,6-PASS,FLA,ELECTRIC,Non-lifted,CT_White",10499.00
I60,13,6-PASS,3,Icon,2,ELECTRIC,2,FLA,4,Non-lifted,2,Black,9,Black,3,"Icon,I60,6-PASS,FLA,ELECTRIC,Non-lifted",2671,"Icon,I60,Black,6-PASS,FLA,ELECTRIC,Non-lifted,CT_Black",10499.00
I60,13,6-PASS,3,Icon,2,ELECTRIC,2,FLA,4,Non-lifted,2,Red,17,Red,5,"Icon,I60,6-PASS,FLA,ELECTRIC,Non-lifted",2671,"Icon,I60,Red,6-PASS,FLA,ELECTRIC,Non-lifted,CT_Red",10499.00
I60,13,6-PASS,3,Icon,2,ELECTRIC,2,FLA,4,Non-lifted,2,Lime Green,18,Lime Green,6,"Icon,I60,6-PASS,FLA,ELECTRIC,Non-lifted",2671,"Icon,I60,Lime Green,6-PASS,FLA,ELECTRIC,Non-lifted,CT_Lime Green",10499.00
I60,13,6-PASS,3,Icon,2,ELECTRIC,2,FLA,4,Non-lifted,2,Forest Green,19,Forest Green,7,"Icon,I60,6-PASS,FLA,ELECTRIC,Non-lifted",2671,"Icon,I60,Forest Green,6-PASS,FLA,ELECTRIC,Non-lifted,CT_Forest Green",10499.00
I60,13,6-PASS,3,Icon,2,ELECTRIC,2,FLA,4,Non-lifted,2,Indigo Blue,20,Indigo Blue,8,"Icon,I60,6-PASS,FLA,ELECTRIC,Non-lifted",2671,"Icon,I60,Indigo Blue,6-PASS,FLA,ELECTRIC,Non-lifted,CT_Indigo Blue",10499.00
I60,13,6-PASS,3,Icon,2,ELECTRIC,2,FLA,4,Non-lifted,2,Yellow,21,Yellow,9,"Icon,I60,6-PASS,FLA,ELECTRIC,Non-lifted",2671,"Icon,I60,Yellow,6-PASS,FLA,ELECTRIC,Non-lifted,CT_Yellow",10499.00
I60,13,6-PASS,3,Icon,2,ELECTRIC,2,FLA,4,Non-lifted,2,Sangria Red,22,Sangria Red,10,"Icon,I60,6-PASS,FLA,ELECTRIC,Non-lifted",2671,"Icon,I60,Sangria Red,6-PASS,FLA,ELECTRIC,Non-lifted,CT_Sangria Red",10499.00
I60,13,6-PASS,3,Icon,2,ELECTRIC,2,FLA,4,Non-lifted,2,Champagne,23,Champagne,11,"Icon,I60,6-PASS,FLA,ELECTRIC,Non-lifted",2671,"Icon,I60,Champagne,6-PASS,FLA,ELECTRIC,Non-lifted,CT_Champagne",10499.00
I60,13,6-PASS,3,Icon,2,ELECTRIC,2,FLA,4,Non-lifted,2,Caribbean Blue,24,Caribbean Blue,12,"Icon,I60,6-PASS,FLA,ELECTRIC,Non-lifted",2671,"Icon,I60,Caribbean Blue,6-PASS,FLA,ELECTRIC,Non-lifted,CT_Caribbean Blue",10499.00
I60,13,6-PASS,3,Icon,2,ELECTRIC,2,FLA,4,Non-lifted,2,Silver,25,Silver,13,"Icon,I60,6-PASS,FLA,ELECTRIC,Non-lifted",2671,"Icon,I60,Silver,6-PASS,FLA,ELECTRIC,Non-lifted,CT_Silver",10499.00
I60,13,6-PASS,3,Icon,2,ELECTRIC,2,FLA,4,Non-lifted,2,Purple,26,Purple,14,"Icon,I60,6-PASS,FLA,ELECTRIC,Non-lifted",2671,"Icon,I60,Purple,6-PASS,FLA,ELECTRIC,Non-lifted,CT_Purple",10499.00
I60,13,6-PASS,3,Icon,2,ELECTRIC,2,AGM,2,Non-lifted,2,White,4,White,2,"Icon,I60,6-PASS,AGM,ELECTRIC,Non-lifted",2672,"Icon,I60,White,6-PASS,AGM,ELECTRIC,Non-lifted,CT_White",11499.00
I60,13,6-PASS,3,Icon,2,ELECTRIC,2,AGM,2,Non-lifted,2,Black,9,Black,3,"Icon,I60,6-PASS,AGM,ELECTRIC,Non-lifted",2672,"Icon,I60,Black,6-PASS,AGM,ELECTRIC,Non-lifted,CT_Black",11499.00
I60,13,6-PASS,3,Icon,2,ELECTRIC,2,AGM,2,Non-lifted,2,Red,17,Red,5,"Icon,I60,6-PASS,AGM,ELECTRIC,Non-lifted",2672,"Icon,I60,Red,6-PASS,AGM,ELECTRIC,Non-lifted,CT_Red",11499.00
I60,13,6-PASS,3,Icon,2,ELECTRIC,2,AGM,2,Non-lifted,2,Lime Green,18,Lime Green,6,"Icon,I60,6-PASS,AGM,ELECTRIC,Non-lifted",2672,"Icon,I60,Lime Green,6-PASS,AGM,ELECTRIC,Non-lifted,CT_Lime Green",11499.00
I60,13,6-PASS,3,Icon,2,ELECTRIC,2,AGM,2,Non-lifted,2,Forest Green,19,Forest Green,7,"Icon,I60,6-PASS,AGM,ELECTRIC,Non-lifted",2672,"Icon,I60,Forest Green,6-PASS,AGM,ELECTRIC,Non-lifted,CT_Forest Green",11499.00
I60,13,6-PASS,3,Icon,2,ELECTRIC,2,AGM,2,Non-lifted,2,Indigo Blue,20,Indigo Blue,8,"Icon,I60,6-PASS,AGM,ELECTRIC,Non-lifted",2672,"Icon,I60,Indigo Blue,6-PASS,AGM,ELECTRIC,Non-lifted,CT_Indigo Blue",11499.00
I60,13,6-PASS,3,Icon,2,ELECTRIC,2,AGM,2,Non-lifted,2,Yellow,21,Yellow,9,"Icon,I60,6-PASS,AGM,ELECTRIC,Non-lifted",2672,"Icon,I60,Yellow,6-PASS,AGM,ELECTRIC,Non-lifted,CT_Yellow",11499.00
I60,13,6-PASS,3,Icon,2,ELECTRIC,2,AGM,2,Non-lifted,2,Sangria Red,22,Sangria Red,10,"Icon,I60,6-PASS,AGM,ELECTRIC,Non-lifted",2672,"Icon,I60,Sangria Red,6-PASS,AGM,ELECTRIC,Non-lifted,CT_Sangria Red",11499.00
I60,13,6-PASS,3,Icon,2,ELECTRIC,2,AGM,2,Non-lifted,2,Champagne,23,Champagne,11,"Icon,I60,6-PASS,AGM,ELECTRIC,Non-lifted",2672,"Icon,I60,Champagne,6-PASS,AGM,ELECTRIC,Non-lifted,CT_Champagne",11499.00
I60,13,6-PASS,3,Icon,2,ELECTRIC,2,AGM,2,Non-lifted,2,Caribbean Blue,24,Caribbean Blue,12,"Icon,I60,6-PASS,AGM,ELECTRIC,Non-lifted",2672,"Icon,I60,Caribbean Blue,6-PASS,AGM,ELECTRIC,Non-lifted,CT_Caribbean Blue",11499.00
I60,13,6-PASS,3,Icon,2,ELECTRIC,2,AGM,2,Non-lifted,2,Silver,25,Silver,13,"Icon,I60,6-PASS,AGM,ELECTRIC,Non-lifted",2672,"Icon,I60,Silver,6-PASS,AGM,ELECTRIC,Non-lifted,CT_Silver",11499.00
I60,13,6-PASS,3,Icon,2,ELECTRIC,2,AGM,2,Non-lifted,2,Purple,26,Purple,14,"Icon,I60,6-PASS,AGM,ELECTRIC,Non-lifted",2672,"Icon,I60,Purple,6-PASS,AGM,ELECTRIC,Non-lifted,CT_Purple",11499.00
I60L,14,6-PASS,3,Icon,2,ELECTRIC,2,FLA,4,Lifted,1,White,4,White,2,"Icon,I60L,6-PASS,FLA,ELECTRIC,Lifted",2673,"Icon,I60L,White,6-PASS,FLA,ELECTRIC,Lifted,CT_White",11499.00
I60L,14,6-PASS,3,Icon,2,ELECTRIC,2,FLA,4,Lifted,1,Black,9,Black,3,"Icon,I60L,6-PASS,FLA,ELECTRIC,Lifted",2673,"Icon,I60L,Black,6-PASS,FLA,ELECTRIC,Lifted,CT_Black",11499.00
I60L,14,6-PASS,3,Icon,2,ELECTRIC,2,FLA,4,Lifted,1,Red,17,Red,5,"Icon,I60L,6-PASS,FLA,ELECTRIC,Lifted",2673,"Icon,I60L,Red,6-PASS,FLA,ELECTRIC,Lifted,CT_Red",11499.00
I60L,14,6-PASS,3,Icon,2,ELECTRIC,2,FLA,4,Lifted,1,Lime Green,18,Lime Green,6,"Icon,I60L,6-PASS,FLA,ELECTRIC,Lifted",2673,"Icon,I60L,Lime Green,6-PASS,FLA,ELECTRIC,Lifted,CT_Lime Green",11499.00
I60L,14,6-PASS,3,Icon,2,ELECTRIC,2,FLA,4,Lifted,1,Forest Green,19,Forest Green,7,"Icon,I60L,6-PASS,FLA,ELECTRIC,Lifted",2673,"Icon,I60L,Forest Green,6-PASS,FLA,ELECTRIC,Lifted,CT_Forest Green",11499.00
I60L,14,6-PASS,3,Icon,2,ELECTRIC,2,FLA,4,Lifted,1,Indigo Blue,20,Indigo Blue,8,"Icon,I60L,6-PASS,FLA,ELECTRIC,Lifted",2673,"Icon,I60L,Indigo Blue,6-PASS,FLA,ELECTRIC,Lifted,CT_Indigo Blue",11499.00
I60L,14,6-PASS,3,Icon,2,ELECTRIC,2,FLA,4,Lifted,1,Yellow,21,Yellow,9,"Icon,I60L,6-PASS,FLA,ELECTRIC,Lifted",2673,"Icon,I60L,Yellow,6-PASS,FLA,ELECTRIC,Lifted,CT_Yellow",11499.00
I60L,14,6-PASS,3,Icon,2,ELECTRIC,2,FLA,4,Lifted,1,Sangria Red,22,Sangria Red,10,"Icon,I60L,6-PASS,FLA,ELECTRIC,Lifted",2673,"Icon,I60L,Sangria Red,6-PASS,FLA,ELECTRIC,Lifted,CT_Sangria Red",11499.00
I60L,14,6-PASS,3,Icon,2,ELECTRIC,2,FLA,4,Lifted,1,Champagne,23,Champagne,11,"Icon,I60L,6-PASS,FLA,ELECTRIC,Lifted",2673,"Icon,I60L,Champagne,6-PASS,FLA,ELECTRIC,Lifted,CT_Champagne",11499.00
I60L,14,6-PASS,3,Icon,2,ELECTRIC,2,FLA,4,Lifted,1,Caribbean Blue,24,Caribbean Blue,12,"Icon,I60L,6-PASS,FLA,ELECTRIC,Lifted",2673,"Icon,I60L,Caribbean Blue,6-PASS,FLA,ELECTRIC,Lifted,CT_Caribbean Blue",11499.00
I60L,14,6-PASS,3,Icon,2,ELECTRIC,2,FLA,4,Lifted,1,Silver,25,Silver,13,"Icon,I60L,6-PASS,FLA,ELECTRIC,Lifted",2673,"Icon,I60L,Silver,6-PASS,FLA,ELECTRIC,Lifted,CT_Silver",11499.00
I60L,14,6-PASS,3,Icon,2,ELECTRIC,2,FLA,4,Lifted,1,Purple,26,Purple,14,"Icon,I60L,6-PASS,FLA,ELECTRIC,Lifted",2673,"Icon,I60L,Purple,6-PASS,FLA,ELECTRIC,Lifted,CT_Purple",11499.00
I60L,14,6-PASS,3,Icon,2,ELECTRIC,2,AGM,2,Lifted,1,White,4,White,2,"Icon,I60L,6-PASS,AGM,ELECTRIC,Lifted",2674,"Icon,I60L,White,6-PASS,AGM,ELECTRIC,Lifted,CT_White",12499.00
I60L,14,6-PASS,3,Icon,2,ELECTRIC,2,AGM,2,Lifted,1,Black,9,Black,3,"Icon,I60L,6-PASS,AGM,ELECTRIC,Lifted",2674,"Icon,I60L,Black,6-PASS,AGM,ELECTRIC,Lifted,CT_Black",12499.00
I60L,14,6-PASS,3,Icon,2,ELECTRIC,2,AGM,2,Lifted,1,Red,17,Red,5,"Icon,I60L,6-PASS,AGM,ELECTRIC,Lifted",2674,"Icon,I60L,Red,6-PASS,AGM,ELECTRIC,Lifted,CT_Red",12499.00
I60L,14,6-PASS,3,Icon,2,ELECTRIC,2,AGM,2,Lifted,1,Lime Green,18,Lime Green,6,"Icon,I60L,6-PASS,AGM,ELECTRIC,Lifted",2674,"Icon,I60L,Lime Green,6-PASS,AGM,ELECTRIC,Lifted,CT_Lime Green",12499.00
I60L,14,6-PASS,3,Icon,2,ELECTRIC,2,AGM,2,Lifted,1,Forest Green,19,Forest Green,7,"Icon,I60L,6-PASS,AGM,ELECTRIC,Lifted",2674,"Icon,I60L,Forest Green,6-PASS,AGM,ELECTRIC,Lifted,CT_Forest Green",12499.00
I60L,14,6-PASS,3,Icon,2,ELECTRIC,2,AGM,2,Lifted,1,Indigo Blue,20,Indigo Blue,8,"Icon,I60L,6-PASS,AGM,ELECTRIC,Lifted",2674,"Icon,I60L,Indigo Blue,6-PASS,AGM,ELECTRIC,Lifted,CT_Indigo Blue",12499.00
I60L,14,6-PASS,3,Icon,2,ELECTRIC,2,AGM,2,Lifted,1,Yellow,21,Yellow,9,"Icon,I60L,6-PASS,AGM,ELECTRIC,Lifted",2674,"Icon,I60L,Yellow,6-PASS,AGM,ELECTRIC,Lifted,CT_Yellow",12499.00
I60L,14,6-PASS,3,Icon,2,ELECTRIC,2,AGM,2,Lifted,1,Sangria Red,22,Sangria Red,10,"Icon,I60L,6-PASS,AGM,ELECTRIC,Lifted",2674,"Icon,I60L,Sangria Red,6-PASS,AGM,ELECTRIC,Lifted,CT_Sangria Red",12499.00
I60L,14,6-PASS,3,Icon,2,ELECTRIC,2,AGM,2,Lifted,1,Champagne,23,Champagne,11,"Icon,I60L,6-PASS,AGM,ELECTRIC,Lifted",2674,"Icon,I60L,Champagne,6-PASS,AGM,ELECTRIC,Lifted,CT_Champagne",12499.00
I60L,14,6-PASS,3,Icon,2,ELECTRIC,2,AGM,2,Lifted,1,Caribbean Blue,24,Caribbean Blue,12,"Icon,I60L,6-PASS,AGM,ELECTRIC,Lifted",2674,"Icon,I60L,Caribbean Blue,6-PASS,AGM,ELECTRIC,Lifted,CT_Caribbean Blue",12499.00
I60L,14,6-PASS,3,Icon,2,ELECTRIC,2,AGM,2,Lifted,1,Silver,25,Silver,13,"Icon,I60L,6-PASS,AGM,ELECTRIC,Lifted",2674,"Icon,I60L,Silver,6-PASS,AGM,ELECTRIC,Lifted,CT_Silver",12499.00
I60L,14,6-PASS,3,Icon,2,ELECTRIC,2,AGM,2,Lifted,1,Purple,26,Purple,14,"Icon,I60L,6-PASS,AGM,ELECTRIC,Lifted",2674,"Icon,I60L,Purple,6-PASS,AGM,ELECTRIC,Lifted,CT_Purple",12499.00
Onward HP,15,2-Pass,1,Club Car,3,ELECTRIC,2,FLA,4,Non-lifted,2,Met. Beige,27,White,2,"Club Car,Onward HP,2-Pass,FLA,ELECTRIC,Non-lifted",2675,"Club Car,Onward HP,Met. Beige,2-Pass,FLA,ELECTRIC,Non-lifted,CT_White",11700.00
Onward HP,15,2-Pass,1,Club Car,3,ELECTRIC,2,FLA,4,Non-lifted,2,Met. Beige,27,Beige,1,"Club Car,Onward HP,2-Pass,FLA,ELECTRIC,Non-lifted",2675,"Club Car,Onward HP,Met. Beige,2-Pass,FLA,ELECTRIC,Non-lifted,CT_Beige",11700.00
Onward HP,15,2-Pass,1,Club Car,3,ELECTRIC,2,FLA,4,Non-lifted,2,Met. Beige,27,Black,3,"Club Car,Onward HP,2-Pass,FLA,ELECTRIC,Non-lifted",2675,"Club Car,Onward HP,Met. Beige,2-Pass,FLA,ELECTRIC,Non-lifted,CT_Black",11700.00
Onward HP,15,2-Pass,1,Club Car,3,ELECTRIC,2,FLA,4,Non-lifted,2,Met. Blue Onyx,28,White,2,"Club Car,Onward HP,2-Pass,FLA,ELECTRIC,Non-lifted",2675,"Club Car,Onward HP,Met. Blue Onyx,2-Pass,FLA,ELECTRIC,Non-lifted,CT_White",11700.00
Onward HP,15,2-Pass,1,Club Car,3,ELECTRIC,2,FLA,4,Non-lifted,2,Met. Blue Onyx,28,Beige,1,"Club Car,Onward HP,2-Pass,FLA,ELECTRIC,Non-lifted",2675,"Club Car,Onward HP,Met. Blue Onyx,2-Pass,FLA,ELECTRIC,Non-lifted,CT_Beige",11700.00
Onward HP,15,2-Pass,1,Club Car,3,ELECTRIC,2,FLA,4,Non-lifted,2,Met. Blue Onyx,28,Black,3,"Club Car,Onward HP,2-Pass,FLA,ELECTRIC,Non-lifted",2675,"Club Car,Onward HP,Met. Blue Onyx,2-Pass,FLA,ELECTRIC,Non-lifted,CT_Black",11700.00
Onward HP,15,2-Pass,1,Club Car,3,ELECTRIC,2,FLA,4,Non-lifted,2,Met. Candy Apple Red,29,White,2,"Club Car,Onward HP,2-Pass,FLA,ELECTRIC,Non-lifted",2675,"Club Car,Onward HP,Met. Candy Apple Red,2-Pass,FLA,ELECTRIC,Non-lifted,CT_White",11700.00
Onward HP,15,2-Pass,1,Club Car,3,ELECTRIC,2,FLA,4,Non-lifted,2,Met. Candy Apple Red,29,Beige,1,"Club Car,Onward HP,2-Pass,FLA,ELECTRIC,Non-lifted",2675,"Club Car,Onward HP,Met. Candy Apple Red,2-Pass,FLA,ELECTRIC,Non-lifted,CT_Beige",11700.00
Onward HP,15,2-Pass,1,Club Car,3,ELECTRIC,2,FLA,4,Non-lifted,2,Met. Candy Apple Red,29,Black,3,"Club Car,Onward HP,2-Pass,FLA,ELECTRIC,Non-lifted",2675,"Club Car,Onward HP,Met. Candy Apple Red,2-Pass,FLA,ELECTRIC,Non-lifted,CT_Black",11700.00
Onward HP,15,2-Pass,1,Club Car,3,ELECTRIC,2,FLA,4,Non-lifted,2,Met. Cashmere,30,White,2,"Club Car,Onward HP,2-Pass,FLA,ELECTRIC,Non-lifted",2675,"Club Car,Onward HP,Met. Cashmere,2-Pass,FLA,ELECTRIC,Non-lifted,CT_White",11700.00
Onward HP,15,2-Pass,1,Club Car,3,ELECTRIC,2,FLA,4,Non-lifted,2,Met. Cashmere,30,Beige,1,"Club Car,Onward HP,2-Pass,FLA,ELECTRIC,Non-lifted",2675,"Club Car,Onward HP,Met. Cashmere,2-Pass,FLA,ELECTRIC,Non-lifted,CT_Beige",11700.00
Onward HP,15,2-Pass,1,Club Car,3,ELECTRIC,2,FLA,4,Non-lifted,2,Met. Cashmere,30,Black,3,"Club Car,Onward HP,2-Pass,FLA,ELECTRIC,Non-lifted",2675,"Club Car,Onward HP,Met. Cashmere,2-Pass,FLA,ELECTRIC,Non-lifted,CT_Black",11700.00
Onward HP,15,2-Pass,1,Club Car,3,ELECTRIC,2,FLA,4,Non-lifted,2,White,4,White,2,"Club Car,Onward HP,2-Pass,FLA,ELECTRIC,Non-lifted",2675,"Club Car,Onward HP,White,2-Pass,FLA,ELECTRIC,Non-lifted,CT_White",11700.00
Onward HP,15,2-Pass,1,Club Car,3,ELECTRIC,2,FLA,4,Non-lifted,2,White,4,Beige,1,"Club Car,Onward HP,2-Pass,FLA,ELECTRIC,Non-lifted",2675,"Club Car,Onward HP,White,2-Pass,FLA,ELECTRIC,Non-lifted,CT_Beige",11700.00
Onward HP,15,2-Pass,1,Club Car,3,ELECTRIC,2,FLA,4,Non-lifted,2,White,4,Black,3,"Club Car,Onward HP,2-Pass,FLA,ELECTRIC,Non-lifted",2675,"Club Car,Onward HP,White,2-Pass,FLA,ELECTRIC,Non-lifted,CT_Black",11700.00
Onward HP,15,2-Pass,1,Club Car,3,ELECTRIC,2,FLA,4,Non-lifted,2,Met. Ice Blue,31,White,2,"Club Car,Onward HP,2-Pass,FLA,ELECTRIC,Non-lifted",2675,"Club Car,Onward HP,Met. Ice Blue,2-Pass,FLA,ELECTRIC,Non-lifted,CT_White",11700.00
Onward HP,15,2-Pass,1,Club Car,3,ELECTRIC,2,FLA,4,Non-lifted,2,Met. Ice Blue,31,Beige,1,"Club Car,Onward HP,2-Pass,FLA,ELECTRIC,Non-lifted",2675,"Club Car,Onward HP,Met. Ice Blue,2-Pass,FLA,ELECTRIC,Non-lifted,CT_Beige",11700.00
Onward HP,15,2-Pass,1,Club Car,3,ELECTRIC,2,FLA,4,Non-lifted,2,Met. Ice Blue,31,Black,3,"Club Car,Onward HP,2-Pass,FLA,ELECTRIC,Non-lifted",2675,"Club Car,Onward HP,Met. Ice Blue,2-Pass,FLA,ELECTRIC,Non-lifted,CT_Black",11700.00
Onward HP,15,2-Pass,1,Club Car,3,ELECTRIC,2,FLA,4,Non-lifted,2,Met. Jade Green,32,White,2,"Club Car,Onward HP,2-Pass,FLA,ELECTRIC,Non-lifted",2675,"Club Car,Onward HP,Met. Jade Green,2-Pass,FLA,ELECTRIC,Non-lifted,CT_White",11700.00
Onward HP,15,2-Pass,1,Club Car,3,ELECTRIC,2,FLA,4,Non-lifted,2,Met. Jade Green,32,Beige,1,"Club Car,Onward HP,2-Pass,FLA,ELECTRIC,Non-lifted",2675,"Club Car,Onward HP,Met. Jade Green,2-Pass,FLA,ELECTRIC,Non-lifted,CT_Beige",11700.00
Onward HP,15,2-Pass,1,Club Car,3,ELECTRIC,2,FLA,4,Non-lifted,2,Met. Jade Green,32,Black,3,"Club Car,Onward HP,2-Pass,FLA,ELECTRIC,Non-lifted",2675,"Club Car,Onward HP,Met. Jade Green,2-Pass,FLA,ELECTRIC,Non-lifted,CT_Black",11700.00
Onward HP,15,2-Pass,1,Club Car,3,ELECTRIC,2,FLA,4,Non-lifted,2,Met. Midnight Silver,33,White,2,"Club Car,Onward HP,2-Pass,FLA,ELECTRIC,Non-lifted",2675,"Club Car,Onward HP,Met. Midnight Silver,2-Pass,FLA,ELECTRIC,Non-lifted,CT_White",11700.00
Onward HP,15,2-Pass,1,Club Car,3,ELECTRIC,2,FLA,4,Non-lifted,2,Met. Midnight Silver,33,Beige,1,"Club Car,Onward HP,2-Pass,FLA,ELECTRIC,Non-lifted",2675,"Club Car,Onward HP,Met. Midnight Silver,2-Pass,FLA,ELECTRIC,Non-lifted,CT_Beige",11700.00
Onward HP,15,2-Pass,1,Club Car,3,ELECTRIC,2,FLA,4,Non-lifted,2,Met. Midnight Silver,33,Black,3,"Club Car,Onward HP,2-Pass,FLA,ELECTRIC,Non-lifted",2675,"Club Car,Onward HP,Met. Midnight Silver,2-Pass,FLA,ELECTRIC,Non-lifted,CT_Black",11700.00
Onward HP,15,2-Pass,1,Club Car,3,ELECTRIC,2,FLA,4,Non-lifted,2,Black,9,White,2,"Club Car,Onward HP,2-Pass,FLA,ELECTRIC,Non-lifted",2675,"Club Car,Onward HP,Black,2-Pass,FLA,ELECTRIC,Non-lifted,CT_White",11700.00
Onward HP,15,2-Pass,1,Club Car,3,ELECTRIC,2,FLA,4,Non-lifted,2,Black,9,Beige,1,"Club Car,Onward HP,2-Pass,FLA,ELECTRIC,Non-lifted",2675,"Club Car,Onward HP,Black,2-Pass,FLA,ELECTRIC,Non-lifted,CT_Beige",11700.00
Onward HP,15,2-Pass,1,Club Car,3,ELECTRIC,2,FLA,4,Non-lifted,2,Black,9,Black,3,"Club Car,Onward HP,2-Pass,FLA,ELECTRIC,Non-lifted",2675,"Club Car,Onward HP,Black,2-Pass,FLA,ELECTRIC,Non-lifted,CT_Black",11700.00
Onward HP,15,2-Pass,1,Club Car,3,ELECTRIC,2,FLA,4,Non-lifted,2,Pearl Mist Grey,34,White,2,"Club Car,Onward HP,2-Pass,FLA,ELECTRIC,Non-lifted",2675,"Club Car,Onward HP,Pearl Mist Grey,2-Pass,FLA,ELECTRIC,Non-lifted,CT_White",11700.00
Onward HP,15,2-Pass,1,Club Car,3,ELECTRIC,2,FLA,4,Non-lifted,2,Pearl Mist Grey,34,Beige,1,"Club Car,Onward HP,2-Pass,FLA,ELECTRIC,Non-lifted",2675,"Club Car,Onward HP,Pearl Mist Grey,2-Pass,FLA,ELECTRIC,Non-lifted,CT_Beige",11700.00
Onward HP,15,2-Pass,1,Club Car,3,ELECTRIC,2,FLA,4,Non-lifted,2,Pearl Mist Grey,34,Black,3,"Club Car,Onward HP,2-Pass,FLA,ELECTRIC,Non-lifted",2675,"Club Car,Onward HP,Pearl Mist Grey,2-Pass,FLA,ELECTRIC,Non-lifted,CT_Black",11700.00
Onward HP,15,2-Pass,1,Club Car,3,ELECTRIC,2,FLA,4,Non-lifted,2,Rally Red,35,White,2,"Club Car,Onward HP,2-Pass,FLA,ELECTRIC,Non-lifted",2675,"Club Car,Onward HP,Rally Red,2-Pass,FLA,ELECTRIC,Non-lifted,CT_White",11700.00
Onward HP,15,2-Pass,1,Club Car,3,ELECTRIC,2,FLA,4,Non-lifted,2,Rally Red,35,Beige,1,"Club Car,Onward HP,2-Pass,FLA,ELECTRIC,Non-lifted",2675,"Club Car,Onward HP,Rally Red,2-Pass,FLA,ELECTRIC,Non-lifted,CT_Beige",11700.00
Onward HP,15,2-Pass,1,Club Car,3,ELECTRIC,2,FLA,4,Non-lifted,2,Rally Red,35,Black,3,"Club Car,Onward HP,2-Pass,FLA,ELECTRIC,Non-lifted",2675,"Club Car,Onward HP,Rally Red,2-Pass,FLA,ELECTRIC,Non-lifted,CT_Black",11700.00
Onward HP,15,4-PASS,2,Club Car,3,ELECTRIC,2,FLA,4,Non-lifted,2,Met. Beige,27,White,2,"Club Car,Onward HP,4-PASS,FLA,ELECTRIC,Non-lifted",2676,"Club Car,Onward HP,Met. Beige,4-PASS,FLA,ELECTRIC,Non-lifted,CT_White",12900.00
Onward HP,15,4-PASS,2,Club Car,3,ELECTRIC,2,FLA,4,Non-lifted,2,Met. Beige,27,Beige,1,"Club Car,Onward HP,4-PASS,FLA,ELECTRIC,Non-lifted",2676,"Club Car,Onward HP,Met. Beige,4-PASS,FLA,ELECTRIC,Non-lifted,CT_Beige",12900.00
Onward HP,15,4-PASS,2,Club Car,3,ELECTRIC,2,FLA,4,Non-lifted,2,Met. Beige,27,Black,3,"Club Car,Onward HP,4-PASS,FLA,ELECTRIC,Non-lifted",2676,"Club Car,Onward HP,Met. Beige,4-PASS,FLA,ELECTRIC,Non-lifted,CT_Black",12900.00
Onward HP,15,4-PASS,2,Club Car,3,ELECTRIC,2,FLA,4,Non-lifted,2,Met. Blue Onyx,28,White,2,"Club Car,Onward HP,4-PASS,FLA,ELECTRIC,Non-lifted",2676,"Club Car,Onward HP,Met. Blue Onyx,4-PASS,FLA,ELECTRIC,Non-lifted,CT_White",12900.00
Onward HP,15,4-PASS,2,Club Car,3,ELECTRIC,2,FLA,4,Non-lifted,2,Met. Blue Onyx,28,Beige,1,"Club Car,Onward HP,4-PASS,FLA,ELECTRIC,Non-lifted",2676,"Club Car,Onward HP,Met. Blue Onyx,4-PASS,FLA,ELECTRIC,Non-lifted,CT_Beige",12900.00
Onward HP,15,4-PASS,2,Club Car,3,ELECTRIC,2,FLA,4,Non-lifted,2,Met. Blue Onyx,28,Black,3,"Club Car,Onward HP,4-PASS,FLA,ELECTRIC,Non-lifted",2676,"Club Car,Onward HP,Met. Blue Onyx,4-PASS,FLA,ELECTRIC,Non-lifted,CT_Black",12900.00
Onward HP,15,4-PASS,2,Club Car,3,ELECTRIC,2,FLA,4,Non-lifted,2,Met. Candy Apple Red,29,White,2,"Club Car,Onward HP,4-PASS,FLA,ELECTRIC,Non-lifted",2676,"Club Car,Onward HP,Met. Candy Apple Red,4-PASS,FLA,ELECTRIC,Non-lifted,CT_White",12900.00
Onward HP,15,4-PASS,2,Club Car,3,ELECTRIC,2,FLA,4,Non-lifted,2,Met. Candy Apple Red,29,Beige,1,"Club Car,Onward HP,4-PASS,FLA,ELECTRIC,Non-lifted",2676,"Club Car,Onward HP,Met. Candy Apple Red,4-PASS,FLA,ELECTRIC,Non-lifted,CT_Beige",12900.00
Onward HP,15,4-PASS,2,Club Car,3,ELECTRIC,2,FLA,4,Non-lifted,2,Met. Candy Apple Red,29,Black,3,"Club Car,Onward HP,4-PASS,FLA,ELECTRIC,Non-lifted",2676,"Club Car,Onward HP,Met. Candy Apple Red,4-PASS,FLA,ELECTRIC,Non-lifted,CT_Black",12900.00
Onward HP,15,4-PASS,2,Club Car,3,ELECTRIC,2,FLA,4,Non-lifted,2,Met. Cashmere,30,White,2,"Club Car,Onward HP,4-PASS,FLA,ELECTRIC,Non-lifted",2676,"Club Car,Onward HP,Met. Cashmere,4-PASS,FLA,ELECTRIC,Non-lifted,CT_White",12900.00
Onward HP,15,4-PASS,2,Club Car,3,ELECTRIC,2,FLA,4,Non-lifted,2,Met. Cashmere,30,Beige,1,"Club Car,Onward HP,4-PASS,FLA,ELECTRIC,Non-lifted",2676,"Club Car,Onward HP,Met. Cashmere,4-PASS,FLA,ELECTRIC,Non-lifted,CT_Beige",12900.00
Onward HP,15,4-PASS,2,Club Car,3,ELECTRIC,2,FLA,4,Non-lifted,2,Met. Cashmere,30,Black,3,"Club Car,Onward HP,4-PASS,FLA,ELECTRIC,Non-lifted",2676,"Club Car,Onward HP,Met. Cashmere,4-PASS,FLA,ELECTRIC,Non-lifted,CT_Black",12900.00
Onward HP,15,4-PASS,2,Club Car,3,ELECTRIC,2,FLA,4,Non-lifted,2,White,4,White,2,"Club Car,Onward HP,4-PASS,FLA,ELECTRIC,Non-lifted",2676,"Club Car,Onward HP,White,4-PASS,FLA,ELECTRIC,Non-lifted,CT_White",12900.00
Onward HP,15,4-PASS,2,Club Car,3,ELECTRIC,2,FLA,4,Non-lifted,2,White,4,Beige,1,"Club Car,Onward HP,4-PASS,FLA,ELECTRIC,Non-lifted",2676,"Club Car,Onward HP,White,4-PASS,FLA,ELECTRIC,Non-lifted,CT_Beige",12900.00
Onward HP,15,4-PASS,2,Club Car,3,ELECTRIC,2,FLA,4,Non-lifted,2,White,4,Black,3,"Club Car,Onward HP,4-PASS,FLA,ELECTRIC,Non-lifted",2676,"Club Car,Onward HP,White,4-PASS,FLA,ELECTRIC,Non-lifted,CT_Black",12900.00
Onward HP,15,4-PASS,2,Club Car,3,ELECTRIC,2,FLA,4,Non-lifted,2,Met. Ice Blue,31,White,2,"Club Car,Onward HP,4-PASS,FLA,ELECTRIC,Non-lifted",2676,"Club Car,Onward HP,Met. Ice Blue,4-PASS,FLA,ELECTRIC,Non-lifted,CT_White",12900.00
Onward HP,15,4-PASS,2,Club Car,3,ELECTRIC,2,FLA,4,Non-lifted,2,Met. Ice Blue,31,Beige,1,"Club Car,Onward HP,4-PASS,FLA,ELECTRIC,Non-lifted",2676,"Club Car,Onward HP,Met. Ice Blue,4-PASS,FLA,ELECTRIC,Non-lifted,CT_Beige",12900.00
Onward HP,15,4-PASS,2,Club Car,3,ELECTRIC,2,FLA,4,Non-lifted,2,Met. Ice Blue,31,Black,3,"Club Car,Onward HP,4-PASS,FLA,ELECTRIC,Non-lifted",2676,"Club Car,Onward HP,Met. Ice Blue,4-PASS,FLA,ELECTRIC,Non-lifted,CT_Black",12900.00
Onward HP,15,4-PASS,2,Club Car,3,ELECTRIC,2,FLA,4,Non-lifted,2,Met. Jade Green,32,White,2,"Club Car,Onward HP,4-PASS,FLA,ELECTRIC,Non-lifted",2676,"Club Car,Onward HP,Met. Jade Green,4-PASS,FLA,ELECTRIC,Non-lifted,CT_White",12900.00
Onward HP,15,4-PASS,2,Club Car,3,ELECTRIC,2,FLA,4,Non-lifted,2,Met. Jade Green,32,Beige,1,"Club Car,Onward HP,4-PASS,FLA,ELECTRIC,Non-lifted",2676,"Club Car,Onward HP,Met. Jade Green,4-PASS,FLA,ELECTRIC,Non-lifted,CT_Beige",12900.00
Onward HP,15,4-PASS,2,Club Car,3,ELECTRIC,2,FLA,4,Non-lifted,2,Met. Jade Green,32,Black,3,"Club Car,Onward HP,4-PASS,FLA,ELECTRIC,Non-lifted",2676,"Club Car,Onward HP,Met. Jade Green,4-PASS,FLA,ELECTRIC,Non-lifted,CT_Black",12900.00
Onward HP,15,4-PASS,2,Club Car,3,ELECTRIC,2,FLA,4,Non-lifted,2,Met. Midnight Silver,33,White,2,"Club Car,Onward HP,4-PASS,FLA,ELECTRIC,Non-lifted",2676,"Club Car,Onward HP,Met. Midnight Silver,4-PASS,FLA,ELECTRIC,Non-lifted,CT_White",12900.00
Onward HP,15,4-PASS,2,Club Car,3,ELECTRIC,2,FLA,4,Non-lifted,2,Met. Midnight Silver,33,Beige,1,"Club Car,Onward HP,4-PASS,FLA,ELECTRIC,Non-lifted",2676,"Club Car,Onward HP,Met. Midnight Silver,4-PASS,FLA,ELECTRIC,Non-lifted,CT_Beige",12900.00
Onward HP,15,4-PASS,2,Club Car,3,ELECTRIC,2,FLA,4,Non-lifted,2,Met. Midnight Silver,33,Black,3,"Club Car,Onward HP,4-PASS,FLA,ELECTRIC,Non-lifted",2676,"Club Car,Onward HP,Met. Midnight Silver,4-PASS,FLA,ELECTRIC,Non-lifted,CT_Black",12900.00
Onward HP,15,4-PASS,2,Club Car,3,ELECTRIC,2,FLA,4,Non-lifted,2,Black,9,White,2,"Club Car,Onward HP,4-PASS,FLA,ELECTRIC,Non-lifted",2676,"Club Car,Onward HP,Black,4-PASS,FLA,ELECTRIC,Non-lifted,CT_White",12900.00
Onward HP,15,4-PASS,2,Club Car,3,ELECTRIC,2,FLA,4,Non-lifted,2,Black,9,Beige,1,"Club Car,Onward HP,4-PASS,FLA,ELECTRIC,Non-lifted",2676,"Club Car,Onward HP,Black,4-PASS,FLA,ELECTRIC,Non-lifted,CT_Beige",12900.00
Onward HP,15,4-PASS,2,Club Car,3,ELECTRIC,2,FLA,4,Non-lifted,2,Black,9,Black,3,"Club Car,Onward HP,4-PASS,FLA,ELECTRIC,Non-lifted",2676,"Club Car,Onward HP,Black,4-PASS,FLA,ELECTRIC,Non-lifted,CT_Black",12900.00
Onward HP,15,4-PASS,2,Club Car,3,ELECTRIC,2,FLA,4,Non-lifted,2,Pearl Mist Grey,34,White,2,"Club Car,Onward HP,4-PASS,FLA,ELECTRIC,Non-lifted",2676,"Club Car,Onward HP,Pearl Mist Grey,4-PASS,FLA,ELECTRIC,Non-lifted,CT_White",12900.00
Onward HP,15,4-PASS,2,Club Car,3,ELECTRIC,2,FLA,4,Non-lifted,2,Pearl Mist Grey,34,Beige,1,"Club Car,Onward HP,4-PASS,FLA,ELECTRIC,Non-lifted",2676,"Club Car,Onward HP,Pearl Mist Grey,4-PASS,FLA,ELECTRIC,Non-lifted,CT_Beige",12900.00
Onward HP,15,4-PASS,2,Club Car,3,ELECTRIC,2,FLA,4,Non-lifted,2,Pearl Mist Grey,34,Black,3,"Club Car,Onward HP,4-PASS,FLA,ELECTRIC,Non-lifted",2676,"Club Car,Onward HP,Pearl Mist Grey,4-PASS,FLA,ELECTRIC,Non-lifted,CT_Black",12900.00
Onward HP,15,4-PASS,2,Club Car,3,ELECTRIC,2,FLA,4,Non-lifted,2,Rally Red,35,White,2,"Club Car,Onward HP,4-PASS,FLA,ELECTRIC,Non-lifted",2676,"Club Car,Onward HP,Rally Red,4-PASS,FLA,ELECTRIC,Non-lifted,CT_White",12900.00
Onward HP,15,4-PASS,2,Club Car,3,ELECTRIC,2,FLA,4,Non-lifted,2,Rally Red,35,Beige,1,"Club Car,Onward HP,4-PASS,FLA,ELECTRIC,Non-lifted",2676,"Club Car,Onward HP,Rally Red,4-PASS,FLA,ELECTRIC,Non-lifted,CT_Beige",12900.00
Onward HP,15,4-PASS,2,Club Car,3,ELECTRIC,2,FLA,4,Non-lifted,2,Rally Red,35,Black,3,"Club Car,Onward HP,4-PASS,FLA,ELECTRIC,Non-lifted",2676,"Club Car,Onward HP,Rally Red,4-PASS,FLA,ELECTRIC,Non-lifted,CT_Black",12900.00
Onward HP,15,6-PASS,3,Club Car,3,ELECTRIC,2,FLA,4,Non-lifted,2,Met. Beige,27,White,2,"Club Car,Onward HP,6-PASS,FLA,ELECTRIC,Non-lifted",2677,"Club Car,Onward HP,Met. Beige,6-PASS,FLA,ELECTRIC,Non-lifted,CT_White",16600.00
Onward HP,15,6-PASS,3,Club Car,3,ELECTRIC,2,FLA,4,Non-lifted,2,Met. Beige,27,Beige,1,"Club Car,Onward HP,6-PASS,FLA,ELECTRIC,Non-lifted",2677,"Club Car,Onward HP,Met. Beige,6-PASS,FLA,ELECTRIC,Non-lifted,CT_Beige",16600.00
Onward HP,15,6-PASS,3,Club Car,3,ELECTRIC,2,FLA,4,Non-lifted,2,Met. Beige,27,Black,3,"Club Car,Onward HP,6-PASS,FLA,ELECTRIC,Non-lifted",2677,"Club Car,Onward HP,Met. Beige,6-PASS,FLA,ELECTRIC,Non-lifted,CT_Black",16600.00
Onward HP,15,6-PASS,3,Club Car,3,ELECTRIC,2,FLA,4,Non-lifted,2,Met. Blue Onyx,28,White,2,"Club Car,Onward HP,6-PASS,FLA,ELECTRIC,Non-lifted",2677,"Club Car,Onward HP,Met. Blue Onyx,6-PASS,FLA,ELECTRIC,Non-lifted,CT_White",16600.00
Onward HP,15,6-PASS,3,Club Car,3,ELECTRIC,2,FLA,4,Non-lifted,2,Met. Blue Onyx,28,Beige,1,"Club Car,Onward HP,6-PASS,FLA,ELECTRIC,Non-lifted",2677,"Club Car,Onward HP,Met. Blue Onyx,6-PASS,FLA,ELECTRIC,Non-lifted,CT_Beige",16600.00
Onward HP,15,6-PASS,3,Club Car,3,ELECTRIC,2,FLA,4,Non-lifted,2,Met. Blue Onyx,28,Black,3,"Club Car,Onward HP,6-PASS,FLA,ELECTRIC,Non-lifted",2677,"Club Car,Onward HP,Met. Blue Onyx,6-PASS,FLA,ELECTRIC,Non-lifted,CT_Black",16600.00
Onward HP,15,6-PASS,3,Club Car,3,ELECTRIC,2,FLA,4,Non-lifted,2,Met. Candy Apple Red,29,White,2,"Club Car,Onward HP,6-PASS,FLA,ELECTRIC,Non-lifted",2677,"Club Car,Onward HP,Met. Candy Apple Red,6-PASS,FLA,ELECTRIC,Non-lifted,CT_White",16600.00
Onward HP,15,6-PASS,3,Club Car,3,ELECTRIC,2,FLA,4,Non-lifted,2,Met. Candy Apple Red,29,Beige,1,"Club Car,Onward HP,6-PASS,FLA,ELECTRIC,Non-lifted",2677,"Club Car,Onward HP,Met. Candy Apple Red,6-PASS,FLA,ELECTRIC,Non-lifted,CT_Beige",16600.00
Onward HP,15,6-PASS,3,Club Car,3,ELECTRIC,2,FLA,4,Non-lifted,2,Met. Candy Apple Red,29,Black,3,"Club Car,Onward HP,6-PASS,FLA,ELECTRIC,Non-lifted",2677,"Club Car,Onward HP,Met. Candy Apple Red,6-PASS,FLA,ELECTRIC,Non-lifted,CT_Black",16600.00
Onward HP,15,6-PASS,3,Club Car,3,ELECTRIC,2,FLA,4,Non-lifted,2,Met. Cashmere,30,White,2,"Club Car,Onward HP,6-PASS,FLA,ELECTRIC,Non-lifted",2677,"Club Car,Onward HP,Met. Cashmere,6-PASS,FLA,ELECTRIC,Non-lifted,CT_White",16600.00
Onward HP,15,6-PASS,3,Club Car,3,ELECTRIC,2,FLA,4,Non-lifted,2,Met. Cashmere,30,Beige,1,"Club Car,Onward HP,6-PASS,FLA,ELECTRIC,Non-lifted",2677,"Club Car,Onward HP,Met. Cashmere,6-PASS,FLA,ELECTRIC,Non-lifted,CT_Beige",16600.00
Onward HP,15,6-PASS,3,Club Car,3,ELECTRIC,2,FLA,4,Non-lifted,2,Met. Cashmere,30,Black,3,"Club Car,Onward HP,6-PASS,FLA,ELECTRIC,Non-lifted",2677,"Club Car,Onward HP,Met. Cashmere,6-PASS,FLA,ELECTRIC,Non-lifted,CT_Black",16600.00
Onward HP,15,6-PASS,3,Club Car,3,ELECTRIC,2,FLA,4,Non-lifted,2,White,4,White,2,"Club Car,Onward HP,6-PASS,FLA,ELECTRIC,Non-lifted",2677,"Club Car,Onward HP,White,6-PASS,FLA,ELECTRIC,Non-lifted,CT_White",16600.00
Onward HP,15,6-PASS,3,Club Car,3,ELECTRIC,2,FLA,4,Non-lifted,2,White,4,Beige,1,"Club Car,Onward HP,6-PASS,FLA,ELECTRIC,Non-lifted",2677,"Club Car,Onward HP,White,6-PASS,FLA,ELECTRIC,Non-lifted,CT_Beige",16600.00
Onward HP,15,6-PASS,3,Club Car,3,ELECTRIC,2,FLA,4,Non-lifted,2,White,4,Black,3,"Club Car,Onward HP,6-PASS,FLA,ELECTRIC,Non-lifted",2677,"Club Car,Onward HP,White,6-PASS,FLA,ELECTRIC,Non-lifted,CT_Black",16600.00
Onward HP,15,6-PASS,3,Club Car,3,ELECTRIC,2,FLA,4,Non-lifted,2,Met. Ice Blue,31,White,2,"Club Car,Onward HP,6-PASS,FLA,ELECTRIC,Non-lifted",2677,"Club Car,Onward HP,Met. Ice Blue,6-PASS,FLA,ELECTRIC,Non-lifted,CT_White",16600.00
Onward HP,15,6-PASS,3,Club Car,3,ELECTRIC,2,FLA,4,Non-lifted,2,Met. Ice Blue,31,Beige,1,"Club Car,Onward HP,6-PASS,FLA,ELECTRIC,Non-lifted",2677,"Club Car,Onward HP,Met. Ice Blue,6-PASS,FLA,ELECTRIC,Non-lifted,CT_Beige",16600.00
Onward HP,15,6-PASS,3,Club Car,3,ELECTRIC,2,FLA,4,Non-lifted,2,Met. Ice Blue,31,Black,3,"Club Car,Onward HP,6-PASS,FLA,ELECTRIC,Non-lifted",2677,"Club Car,Onward HP,Met. Ice Blue,6-PASS,FLA,ELECTRIC,Non-lifted,CT_Black",16600.00
Onward HP,15,6-PASS,3,Club Car,3,ELECTRIC,2,FLA,4,Non-lifted,2,Met. Jade Green,32,White,2,"Club Car,Onward HP,6-PASS,FLA,ELECTRIC,Non-lifted",2677,"Club Car,Onward HP,Met. Jade Green,6-PASS,FLA,ELECTRIC,Non-lifted,CT_White",16600.00
Onward HP,15,6-PASS,3,Club Car,3,ELECTRIC,2,FLA,4,Non-lifted,2,Met. Jade Green,32,Beige,1,"Club Car,Onward HP,6-PASS,FLA,ELECTRIC,Non-lifted",2677,"Club Car,Onward HP,Met. Jade Green,6-PASS,FLA,ELECTRIC,Non-lifted,CT_Beige",16600.00
Onward HP,15,6-PASS,3,Club Car,3,ELECTRIC,2,FLA,4,Non-lifted,2,Met. Jade Green,32,Black,3,"Club Car,Onward HP,6-PASS,FLA,ELECTRIC,Non-lifted",2677,"Club Car,Onward HP,Met. Jade Green,6-PASS,FLA,ELECTRIC,Non-lifted,CT_Black",16600.00
Onward HP,15,6-PASS,3,Club Car,3,ELECTRIC,2,FLA,4,Non-lifted,2,Met. Midnight Silver,33,White,2,"Club Car,Onward HP,6-PASS,FLA,ELECTRIC,Non-lifted",2677,"Club Car,Onward HP,Met. Midnight Silver,6-PASS,FLA,ELECTRIC,Non-lifted,CT_White",16600.00
Onward HP,15,6-PASS,3,Club Car,3,ELECTRIC,2,FLA,4,Non-lifted,2,Met. Midnight Silver,33,Beige,1,"Club Car,Onward HP,6-PASS,FLA,ELECTRIC,Non-lifted",2677,"Club Car,Onward HP,Met. Midnight Silver,6-PASS,FLA,ELECTRIC,Non-lifted,CT_Beige",16600.00
Onward HP,15,6-PASS,3,Club Car,3,ELECTRIC,2,FLA,4,Non-lifted,2,Met. Midnight Silver,33,Black,3,"Club Car,Onward HP,6-PASS,FLA,ELECTRIC,Non-lifted",2677,"Club Car,Onward HP,Met. Midnight Silver,6-PASS,FLA,ELECTRIC,Non-lifted,CT_Black",16600.00
Onward HP,15,6-PASS,3,Club Car,3,ELECTRIC,2,FLA,4,Non-lifted,2,Black,9,White,2,"Club Car,Onward HP,6-PASS,FLA,ELECTRIC,Non-lifted",2677,"Club Car,Onward HP,Black,6-PASS,FLA,ELECTRIC,Non-lifted,CT_White",16600.00
Onward HP,15,6-PASS,3,Club Car,3,ELECTRIC,2,FLA,4,Non-lifted,2,Black,9,Beige,1,"Club Car,Onward HP,6-PASS,FLA,ELECTRIC,Non-lifted",2677,"Club Car,Onward HP,Black,6-PASS,FLA,ELECTRIC,Non-lifted,CT_Beige",16600.00
Onward HP,15,6-PASS,3,Club Car,3,ELECTRIC,2,FLA,4,Non-lifted,2,Black,9,Black,3,"Club Car,Onward HP,6-PASS,FLA,ELECTRIC,Non-lifted",2677,"Club Car,Onward HP,Black,6-PASS,FLA,ELECTRIC,Non-lifted,CT_Black",16600.00
Onward HP,15,6-PASS,3,Club Car,3,ELECTRIC,2,FLA,4,Non-lifted,2,Pearl Mist Grey,34,White,2,"Club Car,Onward HP,6-PASS,FLA,ELECTRIC,Non-lifted",2677,"Club Car,Onward HP,Pearl Mist Grey,6-PASS,FLA,ELECTRIC,Non-lifted,CT_White",16600.00
Onward HP,15,6-PASS,3,Club Car,3,ELECTRIC,2,FLA,4,Non-lifted,2,Pearl Mist Grey,34,Beige,1,"Club Car,Onward HP,6-PASS,FLA,ELECTRIC,Non-lifted",2677,"Club Car,Onward HP,Pearl Mist Grey,6-PASS,FLA,ELECTRIC,Non-lifted,CT_Beige",16600.00
Onward HP,15,6-PASS,3,Club Car,3,ELECTRIC,2,FLA,4,Non-lifted,2,Pearl Mist Grey,34,Black,3,"Club Car,Onward HP,6-PASS,FLA,ELECTRIC,Non-lifted",2677,"Club Car,Onward HP,Pearl Mist Grey,6-PASS,FLA,ELECTRIC,Non-lifted,CT_Black",16600.00
Onward HP,15,6-PASS,3,Club Car,3,ELECTRIC,2,FLA,4,Non-lifted,2,Rally Red,35,White,2,"Club Car,Onward HP,6-PASS,FLA,ELECTRIC,Non-lifted",2677,"Club Car,Onward HP,Rally Red,6-PASS,FLA,ELECTRIC,Non-lifted,CT_White",16600.00
Onward HP,15,6-PASS,3,Club Car,3,ELECTRIC,2,FLA,4,Non-lifted,2,Rally Red,35,Beige,1,"Club Car,Onward HP,6-PASS,FLA,ELECTRIC,Non-lifted",2677,"Club Car,Onward HP,Rally Red,6-PASS,FLA,ELECTRIC,Non-lifted,CT_Beige",16600.00
Onward HP,15,6-PASS,3,Club Car,3,ELECTRIC,2,FLA,4,Non-lifted,2,Rally Red,35,Black,3,"Club Car,Onward HP,6-PASS,FLA,ELECTRIC,Non-lifted",2677,"Club Car,Onward HP,Rally Red,6-PASS,FLA,ELECTRIC,Non-lifted,CT_Black",16600.00
Onward HP,15,4-PASS,2,Club Car,3,ELECTRIC,2,FLA,4,Lifted,1,Met. Beige,27,White,2,"Club Car,Onward HP,4-PASS,FLA,ELECTRIC,Lifted",2678,"Club Car,Onward HP,Met. Beige,4-PASS,FLA,ELECTRIC,Lifted,CT_White",13600.00
Onward HP,15,4-PASS,2,Club Car,3,ELECTRIC,2,FLA,4,Lifted,1,Met. Beige,27,Beige,1,"Club Car,Onward HP,4-PASS,FLA,ELECTRIC,Lifted",2678,"Club Car,Onward HP,Met. Beige,4-PASS,FLA,ELECTRIC,Lifted,CT_Beige",13600.00
Onward HP,15,4-PASS,2,Club Car,3,ELECTRIC,2,FLA,4,Lifted,1,Met. Beige,27,Black,3,"Club Car,Onward HP,4-PASS,FLA,ELECTRIC,Lifted",2678,"Club Car,Onward HP,Met. Beige,4-PASS,FLA,ELECTRIC,Lifted,CT_Black",13600.00
Onward HP,15,4-PASS,2,Club Car,3,ELECTRIC,2,FLA,4,Lifted,1,Met. Blue Onyx,28,White,2,"Club Car,Onward HP,4-PASS,FLA,ELECTRIC,Lifted",2678,"Club Car,Onward HP,Met. Blue Onyx,4-PASS,FLA,ELECTRIC,Lifted,CT_White",13600.00
Onward HP,15,4-PASS,2,Club Car,3,ELECTRIC,2,FLA,4,Lifted,1,Met. Blue Onyx,28,Beige,1,"Club Car,Onward HP,4-PASS,FLA,ELECTRIC,Lifted",2678,"Club Car,Onward HP,Met. Blue Onyx,4-PASS,FLA,ELECTRIC,Lifted,CT_Beige",13600.00
Onward HP,15,4-PASS,2,Club Car,3,ELECTRIC,2,FLA,4,Lifted,1,Met. Blue Onyx,28,Black,3,"Club Car,Onward HP,4-PASS,FLA,ELECTRIC,Lifted",2678,"Club Car,Onward HP,Met. Blue Onyx,4-PASS,FLA,ELECTRIC,Lifted,CT_Black",13600.00
Onward HP,15,4-PASS,2,Club Car,3,ELECTRIC,2,FLA,4,Lifted,1,Met. Candy Apple Red,29,White,2,"Club Car,Onward HP,4-PASS,FLA,ELECTRIC,Lifted",2678,"Club Car,Onward HP,Met. Candy Apple Red,4-PASS,FLA,ELECTRIC,Lifted,CT_White",13600.00
Onward HP,15,4-PASS,2,Club Car,3,ELECTRIC,2,FLA,4,Lifted,1,Met. Candy Apple Red,29,Beige,1,"Club Car,Onward HP,4-PASS,FLA,ELECTRIC,Lifted",2678,"Club Car,Onward HP,Met. Candy Apple Red,4-PASS,FLA,ELECTRIC,Lifted,CT_Beige",13600.00
Onward HP,15,4-PASS,2,Club Car,3,ELECTRIC,2,FLA,4,Lifted,1,Met. Candy Apple Red,29,Black,3,"Club Car,Onward HP,4-PASS,FLA,ELECTRIC,Lifted",2678,"Club Car,Onward HP,Met. Candy Apple Red,4-PASS,FLA,ELECTRIC,Lifted,CT_Black",13600.00
Onward HP,15,4-PASS,2,Club Car,3,ELECTRIC,2,FLA,4,Lifted,1,Met. Cashmere,30,White,2,"Club Car,Onward HP,4-PASS,FLA,ELECTRIC,Lifted",2678,"Club Car,Onward HP,Met. Cashmere,4-PASS,FLA,ELECTRIC,Lifted,CT_White",13600.00
Onward HP,15,4-PASS,2,Club Car,3,ELECTRIC,2,FLA,4,Lifted,1,Met. Cashmere,30,Beige,1,"Club Car,Onward HP,4-PASS,FLA,ELECTRIC,Lifted",2678,"Club Car,Onward HP,Met. Cashmere,4-PASS,FLA,ELECTRIC,Lifted,CT_Beige",13600.00
Onward HP,15,4-PASS,2,Club Car,3,ELECTRIC,2,FLA,4,Lifted,1,Met. Cashmere,30,Black,3,"Club Car,Onward HP,4-PASS,FLA,ELECTRIC,Lifted",2678,"Club Car,Onward HP,Met. Cashmere,4-PASS,FLA,ELECTRIC,Lifted,CT_Black",13600.00
Onward HP,15,4-PASS,2,Club Car,3,ELECTRIC,2,FLA,4,Lifted,1,White,4,White,2,"Club Car,Onward HP,4-PASS,FLA,ELECTRIC,Lifted",2678,"Club Car,Onward HP,White,4-PASS,FLA,ELECTRIC,Lifted,CT_White",13600.00
Onward HP,15,4-PASS,2,Club Car,3,ELECTRIC,2,FLA,4,Lifted,1,White,4,Beige,1,"Club Car,Onward HP,4-PASS,FLA,ELECTRIC,Lifted",2678,"Club Car,Onward HP,White,4-PASS,FLA,ELECTRIC,Lifted,CT_Beige",13600.00
Onward HP,15,4-PASS,2,Club Car,3,ELECTRIC,2,FLA,4,Lifted,1,White,4,Black,3,"Club Car,Onward HP,4-PASS,FLA,ELECTRIC,Lifted",2678,"Club Car,Onward HP,White,4-PASS,FLA,ELECTRIC,Lifted,CT_Black",13600.00
Onward HP,15,4-PASS,2,Club Car,3,ELECTRIC,2,FLA,4,Lifted,1,Met. Ice Blue,31,White,2,"Club Car,Onward HP,4-PASS,FLA,ELECTRIC,Lifted",2678,"Club Car,Onward HP,Met. Ice Blue,4-PASS,FLA,ELECTRIC,Lifted,CT_White",13600.00
Onward HP,15,4-PASS,2,Club Car,3,ELECTRIC,2,FLA,4,Lifted,1,Met. Ice Blue,31,Beige,1,"Club Car,Onward HP,4-PASS,FLA,ELECTRIC,Lifted",2678,"Club Car,Onward HP,Met. Ice Blue,4-PASS,FLA,ELECTRIC,Lifted,CT_Beige",13600.00
Onward HP,15,4-PASS,2,Club Car,3,ELECTRIC,2,FLA,4,Lifted,1,Met. Ice Blue,31,Black,3,"Club Car,Onward HP,4-PASS,FLA,ELECTRIC,Lifted",2678,"Club Car,Onward HP,Met. Ice Blue,4-PASS,FLA,ELECTRIC,Lifted,CT_Black",13600.00
Onward HP,15,4-PASS,2,Club Car,3,ELECTRIC,2,FLA,4,Lifted,1,Met. Jade Green,32,White,2,"Club Car,Onward HP,4-PASS,FLA,ELECTRIC,Lifted",2678,"Club Car,Onward HP,Met. Jade Green,4-PASS,FLA,ELECTRIC,Lifted,CT_White",13600.00
Onward HP,15,4-PASS,2,Club Car,3,ELECTRIC,2,FLA,4,Lifted,1,Met. Jade Green,32,Beige,1,"Club Car,Onward HP,4-PASS,FLA,ELECTRIC,Lifted",2678,"Club Car,Onward HP,Met. Jade Green,4-PASS,FLA,ELECTRIC,Lifted,CT_Beige",13600.00
Onward HP,15,4-PASS,2,Club Car,3,ELECTRIC,2,FLA,4,Lifted,1,Met. Jade Green,32,Black,3,"Club Car,Onward HP,4-PASS,FLA,ELECTRIC,Lifted",2678,"Club Car,Onward HP,Met. Jade Green,4-PASS,FLA,ELECTRIC,Lifted,CT_Black",13600.00
Onward HP,15,4-PASS,2,Club Car,3,ELECTRIC,2,FLA,4,Lifted,1,Met. Midnight Silver,33,White,2,"Club Car,Onward HP,4-PASS,FLA,ELECTRIC,Lifted",2678,"Club Car,Onward HP,Met. Midnight Silver,4-PASS,FLA,ELECTRIC,Lifted,CT_White",13600.00
Onward HP,15,4-PASS,2,Club Car,3,ELECTRIC,2,FLA,4,Lifted,1,Met. Midnight Silver,33,Beige,1,"Club Car,Onward HP,4-PASS,FLA,ELECTRIC,Lifted",2678,"Club Car,Onward HP,Met. Midnight Silver,4-PASS,FLA,ELECTRIC,Lifted,CT_Beige",13600.00
Onward HP,15,4-PASS,2,Club Car,3,ELECTRIC,2,FLA,4,Lifted,1,Met. Midnight Silver,33,Black,3,"Club Car,Onward HP,4-PASS,FLA,ELECTRIC,Lifted",2678,"Club Car,Onward HP,Met. Midnight Silver,4-PASS,FLA,ELECTRIC,Lifted,CT_Black",13600.00
Onward HP,15,4-PASS,2,Club Car,3,ELECTRIC,2,FLA,4,Lifted,1,Black,9,White,2,"Club Car,Onward HP,4-PASS,FLA,ELECTRIC,Lifted",2678,"Club Car,Onward HP,Black,4-PASS,FLA,ELECTRIC,Lifted,CT_White",13600.00
Onward HP,15,4-PASS,2,Club Car,3,ELECTRIC,2,FLA,4,Lifted,1,Black,9,Beige,1,"Club Car,Onward HP,4-PASS,FLA,ELECTRIC,Lifted",2678,"Club Car,Onward HP,Black,4-PASS,FLA,ELECTRIC,Lifted,CT_Beige",13600.00
Onward HP,15,4-PASS,2,Club Car,3,ELECTRIC,2,FLA,4,Lifted,1,Black,9,Black,3,"Club Car,Onward HP,4-PASS,FLA,ELECTRIC,Lifted",2678,"Club Car,Onward HP,Black,4-PASS,FLA,ELECTRIC,Lifted,CT_Black",13600.00
Onward HP,15,4-PASS,2,Club Car,3,ELECTRIC,2,FLA,4,Lifted,1,Pearl Mist Grey,34,White,2,"Club Car,Onward HP,4-PASS,FLA,ELECTRIC,Lifted",2678,"Club Car,Onward HP,Pearl Mist Grey,4-PASS,FLA,ELECTRIC,Lifted,CT_White",13600.00
Onward HP,15,4-PASS,2,Club Car,3,ELECTRIC,2,FLA,4,Lifted,1,Pearl Mist Grey,34,Beige,1,"Club Car,Onward HP,4-PASS,FLA,ELECTRIC,Lifted",2678,"Club Car,Onward HP,Pearl Mist Grey,4-PASS,FLA,ELECTRIC,Lifted,CT_Beige",13600.00
Onward HP,15,4-PASS,2,Club Car,3,ELECTRIC,2,FLA,4,Lifted,1,Pearl Mist Grey,34,Black,3,"Club Car,Onward HP,4-PASS,FLA,ELECTRIC,Lifted",2678,"Club Car,Onward HP,Pearl Mist Grey,4-PASS,FLA,ELECTRIC,Lifted,CT_Black",13600.00
Onward HP,15,4-PASS,2,Club Car,3,ELECTRIC,2,FLA,4,Lifted,1,Rally Red,35,White,2,"Club Car,Onward HP,4-PASS,FLA,ELECTRIC,Lifted",2678,"Club Car,Onward HP,Rally Red,4-PASS,FLA,ELECTRIC,Lifted,CT_White",13600.00
Onward HP,15,4-PASS,2,Club Car,3,ELECTRIC,2,FLA,4,Lifted,1,Rally Red,35,Beige,1,"Club Car,Onward HP,4-PASS,FLA,ELECTRIC,Lifted",2678,"Club Car,Onward HP,Rally Red,4-PASS,FLA,ELECTRIC,Lifted,CT_Beige",13600.00
Onward HP,15,4-PASS,2,Club Car,3,ELECTRIC,2,FLA,4,Lifted,1,Rally Red,35,Black,3,"Club Car,Onward HP,4-PASS,FLA,ELECTRIC,Lifted",2678,"Club Car,Onward HP,Rally Red,4-PASS,FLA,ELECTRIC,Lifted,CT_Black",13600.00
Onward HP,15,6-PASS,3,Club Car,3,ELECTRIC,2,FLA,4,Lifted,1,Met. Beige,27,White,2,"Club Car,Onward HP,6-PASS,FLA,ELECTRIC,Lifted",2679,"Club Car,Onward HP,Met. Beige,6-PASS,FLA,ELECTRIC,Lifted,CT_White",17900.00
Onward HP,15,6-PASS,3,Club Car,3,ELECTRIC,2,FLA,4,Lifted,1,Met. Beige,27,Beige,1,"Club Car,Onward HP,6-PASS,FLA,ELECTRIC,Lifted",2679,"Club Car,Onward HP,Met. Beige,6-PASS,FLA,ELECTRIC,Lifted,CT_Beige",17900.00
Onward HP,15,6-PASS,3,Club Car,3,ELECTRIC,2,FLA,4,Lifted,1,Met. Beige,27,Black,3,"Club Car,Onward HP,6-PASS,FLA,ELECTRIC,Lifted",2679,"Club Car,Onward HP,Met. Beige,6-PASS,FLA,ELECTRIC,Lifted,CT_Black",17900.00
Onward HP,15,6-PASS,3,Club Car,3,ELECTRIC,2,FLA,4,Lifted,1,Met. Blue Onyx,28,White,2,"Club Car,Onward HP,6-PASS,FLA,ELECTRIC,Lifted",2679,"Club Car,Onward HP,Met. Blue Onyx,6-PASS,FLA,ELECTRIC,Lifted,CT_White",17900.00
Onward HP,15,6-PASS,3,Club Car,3,ELECTRIC,2,FLA,4,Lifted,1,Met. Blue Onyx,28,Beige,1,"Club Car,Onward HP,6-PASS,FLA,ELECTRIC,Lifted",2679,"Club Car,Onward HP,Met. Blue Onyx,6-PASS,FLA,ELECTRIC,Lifted,CT_Beige",17900.00
Onward HP,15,6-PASS,3,Club Car,3,ELECTRIC,2,FLA,4,Lifted,1,Met. Blue Onyx,28,Black,3,"Club Car,Onward HP,6-PASS,FLA,ELECTRIC,Lifted",2679,"Club Car,Onward HP,Met. Blue Onyx,6-PASS,FLA,ELECTRIC,Lifted,CT_Black",17900.00
Onward HP,15,6-PASS,3,Club Car,3,ELECTRIC,2,FLA,4,Lifted,1,Met. Candy Apple Red,29,White,2,"Club Car,Onward HP,6-PASS,FLA,ELECTRIC,Lifted",2679,"Club Car,Onward HP,Met. Candy Apple Red,6-PASS,FLA,ELECTRIC,Lifted,CT_White",17900.00
Onward HP,15,6-PASS,3,Club Car,3,ELECTRIC,2,FLA,4,Lifted,1,Met. Candy Apple Red,29,Beige,1,"Club Car,Onward HP,6-PASS,FLA,ELECTRIC,Lifted",2679,"Club Car,Onward HP,Met. Candy Apple Red,6-PASS,FLA,ELECTRIC,Lifted,CT_Beige",17900.00
Onward HP,15,6-PASS,3,Club Car,3,ELECTRIC,2,FLA,4,Lifted,1,Met. Candy Apple Red,29,Black,3,"Club Car,Onward HP,6-PASS,FLA,ELECTRIC,Lifted",2679,"Club Car,Onward HP,Met. Candy Apple Red,6-PASS,FLA,ELECTRIC,Lifted,CT_Black",17900.00
Onward HP,15,6-PASS,3,Club Car,3,ELECTRIC,2,FLA,4,Lifted,1,Met. Cashmere,30,White,2,"Club Car,Onward HP,6-PASS,FLA,ELECTRIC,Lifted",2679,"Club Car,Onward HP,Met. Cashmere,6-PASS,FLA,ELECTRIC,Lifted,CT_White",17900.00
Onward HP,15,6-PASS,3,Club Car,3,ELECTRIC,2,FLA,4,Lifted,1,Met. Cashmere,30,Beige,1,"Club Car,Onward HP,6-PASS,FLA,ELECTRIC,Lifted",2679,"Club Car,Onward HP,Met. Cashmere,6-PASS,FLA,ELECTRIC,Lifted,CT_Beige",17900.00
Onward HP,15,6-PASS,3,Club Car,3,ELECTRIC,2,FLA,4,Lifted,1,Met. Cashmere,30,Black,3,"Club Car,Onward HP,6-PASS,FLA,ELECTRIC,Lifted",2679,"Club Car,Onward HP,Met. Cashmere,6-PASS,FLA,ELECTRIC,Lifted,CT_Black",17900.00
Onward HP,15,6-PASS,3,Club Car,3,ELECTRIC,2,FLA,4,Lifted,1,White,4,White,2,"Club Car,Onward HP,6-PASS,FLA,ELECTRIC,Lifted",2679,"Club Car,Onward HP,White,6-PASS,FLA,ELECTRIC,Lifted,CT_White",17900.00
Onward HP,15,6-PASS,3,Club Car,3,ELECTRIC,2,FLA,4,Lifted,1,White,4,Beige,1,"Club Car,Onward HP,6-PASS,FLA,ELECTRIC,Lifted",2679,"Club Car,Onward HP,White,6-PASS,FLA,ELECTRIC,Lifted,CT_Beige",17900.00
Onward HP,15,6-PASS,3,Club Car,3,ELECTRIC,2,FLA,4,Lifted,1,White,4,Black,3,"Club Car,Onward HP,6-PASS,FLA,ELECTRIC,Lifted",2679,"Club Car,Onward HP,White,6-PASS,FLA,ELECTRIC,Lifted,CT_Black",17900.00
Onward HP,15,6-PASS,3,Club Car,3,ELECTRIC,2,FLA,4,Lifted,1,Met. Ice Blue,31,White,2,"Club Car,Onward HP,6-PASS,FLA,ELECTRIC,Lifted",2679,"Club Car,Onward HP,Met. Ice Blue,6-PASS,FLA,ELECTRIC,Lifted,CT_White",17900.00
Onward HP,15,6-PASS,3,Club Car,3,ELECTRIC,2,FLA,4,Lifted,1,Met. Ice Blue,31,Beige,1,"Club Car,Onward HP,6-PASS,FLA,ELECTRIC,Lifted",2679,"Club Car,Onward HP,Met. Ice Blue,6-PASS,FLA,ELECTRIC,Lifted,CT_Beige",17900.00
Onward HP,15,6-PASS,3,Club Car,3,ELECTRIC,2,FLA,4,Lifted,1,Met. Ice Blue,31,Black,3,"Club Car,Onward HP,6-PASS,FLA,ELECTRIC,Lifted",2679,"Club Car,Onward HP,Met. Ice Blue,6-PASS,FLA,ELECTRIC,Lifted,CT_Black",17900.00
Onward HP,15,6-PASS,3,Club Car,3,ELECTRIC,2,FLA,4,Lifted,1,Met. Jade Green,32,White,2,"Club Car,Onward HP,6-PASS,FLA,ELECTRIC,Lifted",2679,"Club Car,Onward HP,Met. Jade Green,6-PASS,FLA,ELECTRIC,Lifted,CT_White",17900.00
Onward HP,15,6-PASS,3,Club Car,3,ELECTRIC,2,FLA,4,Lifted,1,Met. Jade Green,32,Beige,1,"Club Car,Onward HP,6-PASS,FLA,ELECTRIC,Lifted",2679,"Club Car,Onward HP,Met. Jade Green,6-PASS,FLA,ELECTRIC,Lifted,CT_Beige",17900.00
Onward HP,15,6-PASS,3,Club Car,3,ELECTRIC,2,FLA,4,Lifted,1,Met. Jade Green,32,Black,3,"Club Car,Onward HP,6-PASS,FLA,ELECTRIC,Lifted",2679,"Club Car,Onward HP,Met. Jade Green,6-PASS,FLA,ELECTRIC,Lifted,CT_Black",17900.00
Onward HP,15,6-PASS,3,Club Car,3,ELECTRIC,2,FLA,4,Lifted,1,Met. Midnight Silver,33,White,2,"Club Car,Onward HP,6-PASS,FLA,ELECTRIC,Lifted",2679,"Club Car,Onward HP,Met. Midnight Silver,6-PASS,FLA,ELECTRIC,Lifted,CT_White",17900.00
Onward HP,15,6-PASS,3,Club Car,3,ELECTRIC,2,FLA,4,Lifted,1,Met. Midnight Silver,33,Beige,1,"Club Car,Onward HP,6-PASS,FLA,ELECTRIC,Lifted",2679,"Club Car,Onward HP,Met. Midnight Silver,6-PASS,FLA,ELECTRIC,Lifted,CT_Beige",17900.00
Onward HP,15,6-PASS,3,Club Car,3,ELECTRIC,2,FLA,4,Lifted,1,Met. Midnight Silver,33,Black,3,"Club Car,Onward HP,6-PASS,FLA,ELECTRIC,Lifted",2679,"Club Car,Onward HP,Met. Midnight Silver,6-PASS,FLA,ELECTRIC,Lifted,CT_Black",17900.00
Onward HP,15,6-PASS,3,Club Car,3,ELECTRIC,2,FLA,4,Lifted,1,Black,9,White,2,"Club Car,Onward HP,6-PASS,FLA,ELECTRIC,Lifted",2679,"Club Car,Onward HP,Black,6-PASS,FLA,ELECTRIC,Lifted,CT_White",17900.00
Onward HP,15,6-PASS,3,Club Car,3,ELECTRIC,2,FLA,4,Lifted,1,Black,9,Beige,1,"Club Car,Onward HP,6-PASS,FLA,ELECTRIC,Lifted",2679,"Club Car,Onward HP,Black,6-PASS,FLA,ELECTRIC,Lifted,CT_Beige",17900.00
Onward HP,15,6-PASS,3,Club Car,3,ELECTRIC,2,FLA,4,Lifted,1,Black,9,Black,3,"Club Car,Onward HP,6-PASS,FLA,ELECTRIC,Lifted",2679,"Club Car,Onward HP,Black,6-PASS,FLA,ELECTRIC,Lifted,CT_Black",17900.00
Onward HP,15,6-PASS,3,Club Car,3,ELECTRIC,2,FLA,4,Lifted,1,Pearl Mist Grey,34,White,2,"Club Car,Onward HP,6-PASS,FLA,ELECTRIC,Lifted",2679,"Club Car,Onward HP,Pearl Mist Grey,6-PASS,FLA,ELECTRIC,Lifted,CT_White",17900.00
Onward HP,15,6-PASS,3,Club Car,3,ELECTRIC,2,FLA,4,Lifted,1,Pearl Mist Grey,34,Beige,1,"Club Car,Onward HP,6-PASS,FLA,ELECTRIC,Lifted",2679,"Club Car,Onward HP,Pearl Mist Grey,6-PASS,FLA,ELECTRIC,Lifted,CT_Beige",17900.00
Onward HP,15,6-PASS,3,Club Car,3,ELECTRIC,2,FLA,4,Lifted,1,Pearl Mist Grey,34,Black,3,"Club Car,Onward HP,6-PASS,FLA,ELECTRIC,Lifted",2679,"Club Car,Onward HP,Pearl Mist Grey,6-PASS,FLA,ELECTRIC,Lifted,CT_Black",17900.00
Onward HP,15,6-PASS,3,Club Car,3,ELECTRIC,2,FLA,4,Lifted,1,Rally Red,35,White,2,"Club Car,Onward HP,6-PASS,FLA,ELECTRIC,Lifted",2679,"Club Car,Onward HP,Rally Red,6-PASS,FLA,ELECTRIC,Lifted,CT_White",17900.00
Onward HP,15,6-PASS,3,Club Car,3,ELECTRIC,2,FLA,4,Lifted,1,Rally Red,35,Beige,1,"Club Car,Onward HP,6-PASS,FLA,ELECTRIC,Lifted",2679,"Club Car,Onward HP,Rally Red,6-PASS,FLA,ELECTRIC,Lifted,CT_Beige",17900.00
Onward HP,15,6-PASS,3,Club Car,3,ELECTRIC,2,FLA,4,Lifted,1,Rally Red,35,Black,3,"Club Car,Onward HP,6-PASS,FLA,ELECTRIC,Lifted",2679,"Club Car,Onward HP,Rally Red,6-PASS,FLA,ELECTRIC,Lifted,CT_Black",17900.00
Onward,16,2-PASS,1,Club Car,3,ELECTRIC,2,FLA,4,Non-lifted,2,Met. Beige,27,White,2,"Club Car,Onward,2-PASS,FLA,ELECTRIC,Non-lifted",2680,"Club Car,Onward,Met. Beige,2-PASS,FLA,ELECTRIC,Non-lifted,CT_White",10495.00
Onward,16,2-PASS,1,Club Car,3,ELECTRIC,2,FLA,4,Non-lifted,2,Met. Beige,27,Beige,1,"Club Car,Onward,2-PASS,FLA,ELECTRIC,Non-lifted",2680,"Club Car,Onward,Met. Beige,2-PASS,FLA,ELECTRIC,Non-lifted,CT_Beige",10495.00
Onward,16,2-PASS,1,Club Car,3,ELECTRIC,2,FLA,4,Non-lifted,2,Met. Beige,27,Black,3,"Club Car,Onward,2-PASS,FLA,ELECTRIC,Non-lifted",2680,"Club Car,Onward,Met. Beige,2-PASS,FLA,ELECTRIC,Non-lifted,CT_Black",10495.00
Onward,16,2-PASS,1,Club Car,3,ELECTRIC,2,FLA,4,Non-lifted,2,Met. Blue Onyx,28,White,2,"Club Car,Onward,2-PASS,FLA,ELECTRIC,Non-lifted",2680,"Club Car,Onward,Met. Blue Onyx,2-PASS,FLA,ELECTRIC,Non-lifted,CT_White",10495.00
Onward,16,2-PASS,1,Club Car,3,ELECTRIC,2,FLA,4,Non-lifted,2,Met. Blue Onyx,28,Beige,1,"Club Car,Onward,2-PASS,FLA,ELECTRIC,Non-lifted",2680,"Club Car,Onward,Met. Blue Onyx,2-PASS,FLA,ELECTRIC,Non-lifted,CT_Beige",10495.00
Onward,16,2-PASS,1,Club Car,3,ELECTRIC,2,FLA,4,Non-lifted,2,Met. Blue Onyx,28,Black,3,"Club Car,Onward,2-PASS,FLA,ELECTRIC,Non-lifted",2680,"Club Car,Onward,Met. Blue Onyx,2-PASS,FLA,ELECTRIC,Non-lifted,CT_Black",10495.00
Onward,16,2-PASS,1,Club Car,3,ELECTRIC,2,FLA,4,Non-lifted,2,Met. Candy Apple Red,29,White,2,"Club Car,Onward,2-PASS,FLA,ELECTRIC,Non-lifted",2680,"Club Car,Onward,Met. Candy Apple Red,2-PASS,FLA,ELECTRIC,Non-lifted,CT_White",10495.00
Onward,16,2-PASS,1,Club Car,3,ELECTRIC,2,FLA,4,Non-lifted,2,Met. Candy Apple Red,29,Beige,1,"Club Car,Onward,2-PASS,FLA,ELECTRIC,Non-lifted",2680,"Club Car,Onward,Met. Candy Apple Red,2-PASS,FLA,ELECTRIC,Non-lifted,CT_Beige",10495.00
Onward,16,2-PASS,1,Club Car,3,ELECTRIC,2,FLA,4,Non-lifted,2,Met. Candy Apple Red,29,Black,3,"Club Car,Onward,2-PASS,FLA,ELECTRIC,Non-lifted",2680,"Club Car,Onward,Met. Candy Apple Red,2-PASS,FLA,ELECTRIC,Non-lifted,CT_Black",10495.00
Onward,16,2-PASS,1,Club Car,3,ELECTRIC,2,FLA,4,Non-lifted,2,Met. Cashmere,30,White,2,"Club Car,Onward,2-PASS,FLA,ELECTRIC,Non-lifted",2680,"Club Car,Onward,Met. Cashmere,2-PASS,FLA,ELECTRIC,Non-lifted,CT_White",10495.00
Onward,16,2-PASS,1,Club Car,3,ELECTRIC,2,FLA,4,Non-lifted,2,Met. Cashmere,30,Beige,1,"Club Car,Onward,2-PASS,FLA,ELECTRIC,Non-lifted",2680,"Club Car,Onward,Met. Cashmere,2-PASS,FLA,ELECTRIC,Non-lifted,CT_Beige",10495.00
Onward,16,2-PASS,1,Club Car,3,ELECTRIC,2,FLA,4,Non-lifted,2,Met. Cashmere,30,Black,3,"Club Car,Onward,2-PASS,FLA,ELECTRIC,Non-lifted",2680,"Club Car,Onward,Met. Cashmere,2-PASS,FLA,ELECTRIC,Non-lifted,CT_Black",10495.00
Onward,16,2-PASS,1,Club Car,3,ELECTRIC,2,FLA,4,Non-lifted,2,White,4,White,2,"Club Car,Onward,2-PASS,FLA,ELECTRIC,Non-lifted",2680,"Club Car,Onward,White,2-PASS,FLA,ELECTRIC,Non-lifted,CT_White",10495.00
Onward,16,2-PASS,1,Club Car,3,ELECTRIC,2,FLA,4,Non-lifted,2,White,4,Beige,1,"Club Car,Onward,2-PASS,FLA,ELECTRIC,Non-lifted",2680,"Club Car,Onward,White,2-PASS,FLA,ELECTRIC,Non-lifted,CT_Beige",10495.00
Onward,16,2-PASS,1,Club Car,3,ELECTRIC,2,FLA,4,Non-lifted,2,White,4,Black,3,"Club Car,Onward,2-PASS,FLA,ELECTRIC,Non-lifted",2680,"Club Car,Onward,White,2-PASS,FLA,ELECTRIC,Non-lifted,CT_Black",10495.00
Onward,16,2-PASS,1,Club Car,3,ELECTRIC,2,FLA,4,Non-lifted,2,Met. Ice Blue,31,White,2,"Club Car,Onward,2-PASS,FLA,ELECTRIC,Non-lifted",2680,"Club Car,Onward,Met. Ice Blue,2-PASS,FLA,ELECTRIC,Non-lifted,CT_White",10495.00
Onward,16,2-PASS,1,Club Car,3,ELECTRIC,2,FLA,4,Non-lifted,2,Met. Ice Blue,31,Beige,1,"Club Car,Onward,2-PASS,FLA,ELECTRIC,Non-lifted",2680,"Club Car,Onward,Met. Ice Blue,2-PASS,FLA,ELECTRIC,Non-lifted,CT_Beige",10495.00
Onward,16,2-PASS,1,Club Car,3,ELECTRIC,2,FLA,4,Non-lifted,2,Met. Ice Blue,31,Black,3,"Club Car,Onward,2-PASS,FLA,ELECTRIC,Non-lifted",2680,"Club Car,Onward,Met. Ice Blue,2-PASS,FLA,ELECTRIC,Non-lifted,CT_Black",10495.00
Onward,16,2-PASS,1,Club Car,3,ELECTRIC,2,FLA,4,Non-lifted,2,Met. Jade Green,32,White,2,"Club Car,Onward,2-PASS,FLA,ELECTRIC,Non-lifted",2680,"Club Car,Onward,Met. Jade Green,2-PASS,FLA,ELECTRIC,Non-lifted,CT_White",10495.00
Onward,16,2-PASS,1,Club Car,3,ELECTRIC,2,FLA,4,Non-lifted,2,Met. Jade Green,32,Beige,1,"Club Car,Onward,2-PASS,FLA,ELECTRIC,Non-lifted",2680,"Club Car,Onward,Met. Jade Green,2-PASS,FLA,ELECTRIC,Non-lifted,CT_Beige",10495.00
Onward,16,2-PASS,1,Club Car,3,ELECTRIC,2,FLA,4,Non-lifted,2,Met. Jade Green,32,Black,3,"Club Car,Onward,2-PASS,FLA,ELECTRIC,Non-lifted",2680,"Club Car,Onward,Met. Jade Green,2-PASS,FLA,ELECTRIC,Non-lifted,CT_Black",10495.00
Onward,16,2-PASS,1,Club Car,3,ELECTRIC,2,FLA,4,Non-lifted,2,Met. Midnight Silver,33,White,2,"Club Car,Onward,2-PASS,FLA,ELECTRIC,Non-lifted",2680,"Club Car,Onward,Met. Midnight Silver,2-PASS,FLA,ELECTRIC,Non-lifted,CT_White",10495.00
Onward,16,2-PASS,1,Club Car,3,ELECTRIC,2,FLA,4,Non-lifted,2,Met. Midnight Silver,33,Beige,1,"Club Car,Onward,2-PASS,FLA,ELECTRIC,Non-lifted",2680,"Club Car,Onward,Met. Midnight Silver,2-PASS,FLA,ELECTRIC,Non-lifted,CT_Beige",10495.00
Onward,16,2-PASS,1,Club Car,3,ELECTRIC,2,FLA,4,Non-lifted,2,Met. Midnight Silver,33,Black,3,"Club Car,Onward,2-PASS,FLA,ELECTRIC,Non-lifted",2680,"Club Car,Onward,Met. Midnight Silver,2-PASS,FLA,ELECTRIC,Non-lifted,CT_Black",10495.00
Onward,16,2-PASS,1,Club Car,3,ELECTRIC,2,FLA,4,Non-lifted,2,Black,9,White,2,"Club Car,Onward,2-PASS,FLA,ELECTRIC,Non-lifted",2680,"Club Car,Onward,Black,2-PASS,FLA,ELECTRIC,Non-lifted,CT_White",10495.00
Onward,16,2-PASS,1,Club Car,3,ELECTRIC,2,FLA,4,Non-lifted,2,Black,9,Beige,1,"Club Car,Onward,2-PASS,FLA,ELECTRIC,Non-lifted",2680,"Club Car,Onward,Black,2-PASS,FLA,ELECTRIC,Non-lifted,CT_Beige",10495.00
Onward,16,2-PASS,1,Club Car,3,ELECTRIC,2,FLA,4,Non-lifted,2,Black,9,Black,3,"Club Car,Onward,2-PASS,FLA,ELECTRIC,Non-lifted",2680,"Club Car,Onward,Black,2-PASS,FLA,ELECTRIC,Non-lifted,CT_Black",10495.00
Onward,16,2-PASS,1,Club Car,3,ELECTRIC,2,FLA,4,Non-lifted,2,Pearl Mist Grey,34,White,2,"Club Car,Onward,2-PASS,FLA,ELECTRIC,Non-lifted",2680,"Club Car,Onward,Pearl Mist Grey,2-PASS,FLA,ELECTRIC,Non-lifted,CT_White",10495.00
Onward,16,2-PASS,1,Club Car,3,ELECTRIC,2,FLA,4,Non-lifted,2,Pearl Mist Grey,34,Beige,1,"Club Car,Onward,2-PASS,FLA,ELECTRIC,Non-lifted",2680,"Club Car,Onward,Pearl Mist Grey,2-PASS,FLA,ELECTRIC,Non-lifted,CT_Beige",10495.00
Onward,16,2-PASS,1,Club Car,3,ELECTRIC,2,FLA,4,Non-lifted,2,Pearl Mist Grey,34,Black,3,"Club Car,Onward,2-PASS,FLA,ELECTRIC,Non-lifted",2680,"Club Car,Onward,Pearl Mist Grey,2-PASS,FLA,ELECTRIC,Non-lifted,CT_Black",10495.00
Onward,16,2-PASS,1,Club Car,3,ELECTRIC,2,FLA,4,Non-lifted,2,Rally Red,35,White,2,"Club Car,Onward,2-PASS,FLA,ELECTRIC,Non-lifted",2680,"Club Car,Onward,Rally Red,2-PASS,FLA,ELECTRIC,Non-lifted,CT_White",10495.00
Onward,16,2-PASS,1,Club Car,3,ELECTRIC,2,FLA,4,Non-lifted,2,Rally Red,35,Beige,1,"Club Car,Onward,2-PASS,FLA,ELECTRIC,Non-lifted",2680,"Club Car,Onward,Rally Red,2-PASS,FLA,ELECTRIC,Non-lifted,CT_Beige",10495.00
Onward,16,2-PASS,1,Club Car,3,ELECTRIC,2,FLA,4,Non-lifted,2,Rally Red,35,Black,3,"Club Car,Onward,2-PASS,FLA,ELECTRIC,Non-lifted",2680,"Club Car,Onward,Rally Red,2-PASS,FLA,ELECTRIC,Non-lifted,CT_Black",10495.00
Onward,16,2-PASS,1,Club Car,3,GAS,3,EFI,1,Non-lifted,2,Met. Beige,27,White,2,"Club Car,Onward,2-PASS,EFI,GAS,Non-lifted",2681,"Club Car,Onward,Met. Beige,2-PASS,EFI,GAS,Non-lifted,CT_White",10800.00
Onward,16,2-PASS,1,Club Car,3,GAS,3,EFI,1,Non-lifted,2,Met. Beige,27,Beige,1,"Club Car,Onward,2-PASS,EFI,GAS,Non-lifted",2681,"Club Car,Onward,Met. Beige,2-PASS,EFI,GAS,Non-lifted,CT_Beige",10800.00
Onward,16,2-PASS,1,Club Car,3,GAS,3,EFI,1,Non-lifted,2,Met. Beige,27,Black,3,"Club Car,Onward,2-PASS,EFI,GAS,Non-lifted",2681,"Club Car,Onward,Met. Beige,2-PASS,EFI,GAS,Non-lifted,CT_Black",10800.00
Onward,16,2-PASS,1,Club Car,3,GAS,3,EFI,1,Non-lifted,2,Met. Blue Onyx,28,White,2,"Club Car,Onward,2-PASS,EFI,GAS,Non-lifted",2681,"Club Car,Onward,Met. Blue Onyx,2-PASS,EFI,GAS,Non-lifted,CT_White",10800.00
Onward,16,2-PASS,1,Club Car,3,GAS,3,EFI,1,Non-lifted,2,Met. Blue Onyx,28,Beige,1,"Club Car,Onward,2-PASS,EFI,GAS,Non-lifted",2681,"Club Car,Onward,Met. Blue Onyx,2-PASS,EFI,GAS,Non-lifted,CT_Beige",10800.00
Onward,16,2-PASS,1,Club Car,3,GAS,3,EFI,1,Non-lifted,2,Met. Blue Onyx,28,Black,3,"Club Car,Onward,2-PASS,EFI,GAS,Non-lifted",2681,"Club Car,Onward,Met. Blue Onyx,2-PASS,EFI,GAS,Non-lifted,CT_Black",10800.00
Onward,16,2-PASS,1,Club Car,3,GAS,3,EFI,1,Non-lifted,2,Met. Candy Apple Red,29,White,2,"Club Car,Onward,2-PASS,EFI,GAS,Non-lifted",2681,"Club Car,Onward,Met. Candy Apple Red,2-PASS,EFI,GAS,Non-lifted,CT_White",10800.00
Onward,16,2-PASS,1,Club Car,3,GAS,3,EFI,1,Non-lifted,2,Met. Candy Apple Red,29,Beige,1,"Club Car,Onward,2-PASS,EFI,GAS,Non-lifted",2681,"Club Car,Onward,Met. Candy Apple Red,2-PASS,EFI,GAS,Non-lifted,CT_Beige",10800.00
Onward,16,2-PASS,1,Club Car,3,GAS,3,EFI,1,Non-lifted,2,Met. Candy Apple Red,29,Black,3,"Club Car,Onward,2-PASS,EFI,GAS,Non-lifted",2681,"Club Car,Onward,Met. Candy Apple Red,2-PASS,EFI,GAS,Non-lifted,CT_Black",10800.00
Onward,16,2-PASS,1,Club Car,3,GAS,3,EFI,1,Non-lifted,2,Met. Cashmere,30,White,2,"Club Car,Onward,2-PASS,EFI,GAS,Non-lifted",2681,"Club Car,Onward,Met. Cashmere,2-PASS,EFI,GAS,Non-lifted,CT_White",10800.00
Onward,16,2-PASS,1,Club Car,3,GAS,3,EFI,1,Non-lifted,2,Met. Cashmere,30,Beige,1,"Club Car,Onward,2-PASS,EFI,GAS,Non-lifted",2681,"Club Car,Onward,Met. Cashmere,2-PASS,EFI,GAS,Non-lifted,CT_Beige",10800.00
Onward,16,2-PASS,1,Club Car,3,GAS,3,EFI,1,Non-lifted,2,Met. Cashmere,30,Black,3,"Club Car,Onward,2-PASS,EFI,GAS,Non-lifted",2681,"Club Car,Onward,Met. Cashmere,2-PASS,EFI,GAS,Non-lifted,CT_Black",10800.00
Onward,16,2-PASS,1,Club Car,3,GAS,3,EFI,1,Non-lifted,2,White,4,White,2,"Club Car,Onward,2-PASS,EFI,GAS,Non-lifted",2681,"Club Car,Onward,White,2-PASS,EFI,GAS,Non-lifted,CT_White",10800.00
Onward,16,2-PASS,1,Club Car,3,GAS,3,EFI,1,Non-lifted,2,White,4,Beige,1,"Club Car,Onward,2-PASS,EFI,GAS,Non-lifted",2681,"Club Car,Onward,White,2-PASS,EFI,GAS,Non-lifted,CT_Beige",10800.00
Onward,16,2-PASS,1,Club Car,3,GAS,3,EFI,1,Non-lifted,2,White,4,Black,3,"Club Car,Onward,2-PASS,EFI,GAS,Non-lifted",2681,"Club Car,Onward,White,2-PASS,EFI,GAS,Non-lifted,CT_Black",10800.00
Onward,16,2-PASS,1,Club Car,3,GAS,3,EFI,1,Non-lifted,2,Met. Ice Blue,31,White,2,"Club Car,Onward,2-PASS,EFI,GAS,Non-lifted",2681,"Club Car,Onward,Met. Ice Blue,2-PASS,EFI,GAS,Non-lifted,CT_White",10800.00
Onward,16,2-PASS,1,Club Car,3,GAS,3,EFI,1,Non-lifted,2,Met. Ice Blue,31,Beige,1,"Club Car,Onward,2-PASS,EFI,GAS,Non-lifted",2681,"Club Car,Onward,Met. Ice Blue,2-PASS,EFI,GAS,Non-lifted,CT_Beige",10800.00
Onward,16,2-PASS,1,Club Car,3,GAS,3,EFI,1,Non-lifted,2,Met. Ice Blue,31,Black,3,"Club Car,Onward,2-PASS,EFI,GAS,Non-lifted",2681,"Club Car,Onward,Met. Ice Blue,2-PASS,EFI,GAS,Non-lifted,CT_Black",10800.00
Onward,16,2-PASS,1,Club Car,3,GAS,3,EFI,1,Non-lifted,2,Met. Jade Green,32,White,2,"Club Car,Onward,2-PASS,EFI,GAS,Non-lifted",2681,"Club Car,Onward,Met. Jade Green,2-PASS,EFI,GAS,Non-lifted,CT_White",10800.00
Onward,16,2-PASS,1,Club Car,3,GAS,3,EFI,1,Non-lifted,2,Met. Jade Green,32,Beige,1,"Club Car,Onward,2-PASS,EFI,GAS,Non-lifted",2681,"Club Car,Onward,Met. Jade Green,2-PASS,EFI,GAS,Non-lifted,CT_Beige",10800.00
Onward,16,2-PASS,1,Club Car,3,GAS,3,EFI,1,Non-lifted,2,Met. Jade Green,32,Black,3,"Club Car,Onward,2-PASS,EFI,GAS,Non-lifted",2681,"Club Car,Onward,Met. Jade Green,2-PASS,EFI,GAS,Non-lifted,CT_Black",10800.00
Onward,16,2-PASS,1,Club Car,3,GAS,3,EFI,1,Non-lifted,2,Met. Midnight Silver,33,White,2,"Club Car,Onward,2-PASS,EFI,GAS,Non-lifted",2681,"Club Car,Onward,Met. Midnight Silver,2-PASS,EFI,GAS,Non-lifted,CT_White",10800.00
Onward,16,2-PASS,1,Club Car,3,GAS,3,EFI,1,Non-lifted,2,Met. Midnight Silver,33,Beige,1,"Club Car,Onward,2-PASS,EFI,GAS,Non-lifted",2681,"Club Car,Onward,Met. Midnight Silver,2-PASS,EFI,GAS,Non-lifted,CT_Beige",10800.00
Onward,16,2-PASS,1,Club Car,3,GAS,3,EFI,1,Non-lifted,2,Met. Midnight Silver,33,Black,3,"Club Car,Onward,2-PASS,EFI,GAS,Non-lifted",2681,"Club Car,Onward,Met. Midnight Silver,2-PASS,EFI,GAS,Non-lifted,CT_Black",10800.00
Onward,16,2-PASS,1,Club Car,3,GAS,3,EFI,1,Non-lifted,2,Black,9,White,2,"Club Car,Onward,2-PASS,EFI,GAS,Non-lifted",2681,"Club Car,Onward,Black,2-PASS,EFI,GAS,Non-lifted,CT_White",10800.00
Onward,16,2-PASS,1,Club Car,3,GAS,3,EFI,1,Non-lifted,2,Black,9,Beige,1,"Club Car,Onward,2-PASS,EFI,GAS,Non-lifted",2681,"Club Car,Onward,Black,2-PASS,EFI,GAS,Non-lifted,CT_Beige",10800.00
Onward,16,2-PASS,1,Club Car,3,GAS,3,EFI,1,Non-lifted,2,Black,9,Black,3,"Club Car,Onward,2-PASS,EFI,GAS,Non-lifted",2681,"Club Car,Onward,Black,2-PASS,EFI,GAS,Non-lifted,CT_Black",10800.00
Onward,16,2-PASS,1,Club Car,3,GAS,3,EFI,1,Non-lifted,2,Pearl Mist Grey,34,White,2,"Club Car,Onward,2-PASS,EFI,GAS,Non-lifted",2681,"Club Car,Onward,Pearl Mist Grey,2-PASS,EFI,GAS,Non-lifted,CT_White",10800.00
Onward,16,2-PASS,1,Club Car,3,GAS,3,EFI,1,Non-lifted,2,Pearl Mist Grey,34,Beige,1,"Club Car,Onward,2-PASS,EFI,GAS,Non-lifted",2681,"Club Car,Onward,Pearl Mist Grey,2-PASS,EFI,GAS,Non-lifted,CT_Beige",10800.00
Onward,16,2-PASS,1,Club Car,3,GAS,3,EFI,1,Non-lifted,2,Pearl Mist Grey,34,Black,3,"Club Car,Onward,2-PASS,EFI,GAS,Non-lifted",2681,"Club Car,Onward,Pearl Mist Grey,2-PASS,EFI,GAS,Non-lifted,CT_Black",10800.00
Onward,16,2-PASS,1,Club Car,3,GAS,3,EFI,1,Non-lifted,2,Rally Red,35,White,2,"Club Car,Onward,2-PASS,EFI,GAS,Non-lifted",2681,"Club Car,Onward,Rally Red,2-PASS,EFI,GAS,Non-lifted,CT_White",10800.00
Onward,16,2-PASS,1,Club Car,3,GAS,3,EFI,1,Non-lifted,2,Rally Red,35,Beige,1,"Club Car,Onward,2-PASS,EFI,GAS,Non-lifted",2681,"Club Car,Onward,Rally Red,2-PASS,EFI,GAS,Non-lifted,CT_Beige",10800.00
Onward,16,2-PASS,1,Club Car,3,GAS,3,EFI,1,Non-lifted,2,Rally Red,35,Black,3,"Club Car,Onward,2-PASS,EFI,GAS,Non-lifted",2681,"Club Car,Onward,Rally Red,2-PASS,EFI,GAS,Non-lifted,CT_Black",10800.00
Onward,16,2-PASS,1,Club Car,3,ELECTRIC,2,Lithium,5,Non-lifted,2,Met. Beige,27,White,2,"Club Car,Onward,2-PASS,Lithium,ELECTRIC,Non-lifted",2682,"Club Car,Onward,Met. Beige,2-PASS,Lithium,ELECTRIC,Non-lifted,CT_White",13800.00
Onward,16,2-PASS,1,Club Car,3,ELECTRIC,2,Lithium,5,Non-lifted,2,Met. Beige,27,Beige,1,"Club Car,Onward,2-PASS,Lithium,ELECTRIC,Non-lifted",2682,"Club Car,Onward,Met. Beige,2-PASS,Lithium,ELECTRIC,Non-lifted,CT_Beige",13800.00
Onward,16,2-PASS,1,Club Car,3,ELECTRIC,2,Lithium,5,Non-lifted,2,Met. Beige,27,Black,3,"Club Car,Onward,2-PASS,Lithium,ELECTRIC,Non-lifted",2682,"Club Car,Onward,Met. Beige,2-PASS,Lithium,ELECTRIC,Non-lifted,CT_Black",13800.00
Onward,16,2-PASS,1,Club Car,3,ELECTRIC,2,Lithium,5,Non-lifted,2,Met. Blue Onyx,28,White,2,"Club Car,Onward,2-PASS,Lithium,ELECTRIC,Non-lifted",2682,"Club Car,Onward,Met. Blue Onyx,2-PASS,Lithium,ELECTRIC,Non-lifted,CT_White",13800.00
Onward,16,2-PASS,1,Club Car,3,ELECTRIC,2,Lithium,5,Non-lifted,2,Met. Blue Onyx,28,Beige,1,"Club Car,Onward,2-PASS,Lithium,ELECTRIC,Non-lifted",2682,"Club Car,Onward,Met. Blue Onyx,2-PASS,Lithium,ELECTRIC,Non-lifted,CT_Beige",13800.00
Onward,16,2-PASS,1,Club Car,3,ELECTRIC,2,Lithium,5,Non-lifted,2,Met. Blue Onyx,28,Black,3,"Club Car,Onward,2-PASS,Lithium,ELECTRIC,Non-lifted",2682,"Club Car,Onward,Met. Blue Onyx,2-PASS,Lithium,ELECTRIC,Non-lifted,CT_Black",13800.00
Onward,16,2-PASS,1,Club Car,3,ELECTRIC,2,Lithium,5,Non-lifted,2,Met. Candy Apple Red,29,White,2,"Club Car,Onward,2-PASS,Lithium,ELECTRIC,Non-lifted",2682,"Club Car,Onward,Met. Candy Apple Red,2-PASS,Lithium,ELECTRIC,Non-lifted,CT_White",13800.00
Onward,16,2-PASS,1,Club Car,3,ELECTRIC,2,Lithium,5,Non-lifted,2,Met. Candy Apple Red,29,Beige,1,"Club Car,Onward,2-PASS,Lithium,ELECTRIC,Non-lifted",2682,"Club Car,Onward,Met. Candy Apple Red,2-PASS,Lithium,ELECTRIC,Non-lifted,CT_Beige",13800.00
Onward,16,2-PASS,1,Club Car,3,ELECTRIC,2,Lithium,5,Non-lifted,2,Met. Candy Apple Red,29,Black,3,"Club Car,Onward,2-PASS,Lithium,ELECTRIC,Non-lifted",2682,"Club Car,Onward,Met. Candy Apple Red,2-PASS,Lithium,ELECTRIC,Non-lifted,CT_Black",13800.00
Onward,16,2-PASS,1,Club Car,3,ELECTRIC,2,Lithium,5,Non-lifted,2,Met. Cashmere,30,White,2,"Club Car,Onward,2-PASS,Lithium,ELECTRIC,Non-lifted",2682,"Club Car,Onward,Met. Cashmere,2-PASS,Lithium,ELECTRIC,Non-lifted,CT_White",13800.00
Onward,16,2-PASS,1,Club Car,3,ELECTRIC,2,Lithium,5,Non-lifted,2,Met. Cashmere,30,Beige,1,"Club Car,Onward,2-PASS,Lithium,ELECTRIC,Non-lifted",2682,"Club Car,Onward,Met. Cashmere,2-PASS,Lithium,ELECTRIC,Non-lifted,CT_Beige",13800.00
Onward,16,2-PASS,1,Club Car,3,ELECTRIC,2,Lithium,5,Non-lifted,2,Met. Cashmere,30,Black,3,"Club Car,Onward,2-PASS,Lithium,ELECTRIC,Non-lifted",2682,"Club Car,Onward,Met. Cashmere,2-PASS,Lithium,ELECTRIC,Non-lifted,CT_Black",13800.00
Onward,16,2-PASS,1,Club Car,3,ELECTRIC,2,Lithium,5,Non-lifted,2,White,4,White,2,"Club Car,Onward,2-PASS,Lithium,ELECTRIC,Non-lifted",2682,"Club Car,Onward,White,2-PASS,Lithium,ELECTRIC,Non-lifted,CT_White",13800.00
Onward,16,2-PASS,1,Club Car,3,ELECTRIC,2,Lithium,5,Non-lifted,2,White,4,Beige,1,"Club Car,Onward,2-PASS,Lithium,ELECTRIC,Non-lifted",2682,"Club Car,Onward,White,2-PASS,Lithium,ELECTRIC,Non-lifted,CT_Beige",13800.00
Onward,16,2-PASS,1,Club Car,3,ELECTRIC,2,Lithium,5,Non-lifted,2,White,4,Black,3,"Club Car,Onward,2-PASS,Lithium,ELECTRIC,Non-lifted",2682,"Club Car,Onward,White,2-PASS,Lithium,ELECTRIC,Non-lifted,CT_Black",13800.00
Onward,16,2-PASS,1,Club Car,3,ELECTRIC,2,Lithium,5,Non-lifted,2,Met. Ice Blue,31,White,2,"Club Car,Onward,2-PASS,Lithium,ELECTRIC,Non-lifted",2682,"Club Car,Onward,Met. Ice Blue,2-PASS,Lithium,ELECTRIC,Non-lifted,CT_White",13800.00
Onward,16,2-PASS,1,Club Car,3,ELECTRIC,2,Lithium,5,Non-lifted,2,Met. Ice Blue,31,Beige,1,"Club Car,Onward,2-PASS,Lithium,ELECTRIC,Non-lifted",2682,"Club Car,Onward,Met. Ice Blue,2-PASS,Lithium,ELECTRIC,Non-lifted,CT_Beige",13800.00
Onward,16,2-PASS,1,Club Car,3,ELECTRIC,2,Lithium,5,Non-lifted,2,Met. Ice Blue,31,Black,3,"Club Car,Onward,2-PASS,Lithium,ELECTRIC,Non-lifted",2682,"Club Car,Onward,Met. Ice Blue,2-PASS,Lithium,ELECTRIC,Non-lifted,CT_Black",13800.00
Onward,16,2-PASS,1,Club Car,3,ELECTRIC,2,Lithium,5,Non-lifted,2,Met. Jade Green,32,White,2,"Club Car,Onward,2-PASS,Lithium,ELECTRIC,Non-lifted",2682,"Club Car,Onward,Met. Jade Green,2-PASS,Lithium,ELECTRIC,Non-lifted,CT_White",13800.00
Onward,16,2-PASS,1,Club Car,3,ELECTRIC,2,Lithium,5,Non-lifted,2,Met. Jade Green,32,Beige,1,"Club Car,Onward,2-PASS,Lithium,ELECTRIC,Non-lifted",2682,"Club Car,Onward,Met. Jade Green,2-PASS,Lithium,ELECTRIC,Non-lifted,CT_Beige",13800.00
Onward,16,2-PASS,1,Club Car,3,ELECTRIC,2,Lithium,5,Non-lifted,2,Met. Jade Green,32,Black,3,"Club Car,Onward,2-PASS,Lithium,ELECTRIC,Non-lifted",2682,"Club Car,Onward,Met. Jade Green,2-PASS,Lithium,ELECTRIC,Non-lifted,CT_Black",13800.00
Onward,16,2-PASS,1,Club Car,3,ELECTRIC,2,Lithium,5,Non-lifted,2,Met. Midnight Silver,33,White,2,"Club Car,Onward,2-PASS,Lithium,ELECTRIC,Non-lifted",2682,"Club Car,Onward,Met. Midnight Silver,2-PASS,Lithium,ELECTRIC,Non-lifted,CT_White",13800.00
Onward,16,2-PASS,1,Club Car,3,ELECTRIC,2,Lithium,5,Non-lifted,2,Met. Midnight Silver,33,Beige,1,"Club Car,Onward,2-PASS,Lithium,ELECTRIC,Non-lifted",2682,"Club Car,Onward,Met. Midnight Silver,2-PASS,Lithium,ELECTRIC,Non-lifted,CT_Beige",13800.00
Onward,16,2-PASS,1,Club Car,3,ELECTRIC,2,Lithium,5,Non-lifted,2,Met. Midnight Silver,33,Black,3,"Club Car,Onward,2-PASS,Lithium,ELECTRIC,Non-lifted",2682,"Club Car,Onward,Met. Midnight Silver,2-PASS,Lithium,ELECTRIC,Non-lifted,CT_Black",13800.00
Onward,16,2-PASS,1,Club Car,3,ELECTRIC,2,Lithium,5,Non-lifted,2,Black,9,White,2,"Club Car,Onward,2-PASS,Lithium,ELECTRIC,Non-lifted",2682,"Club Car,Onward,Black,2-PASS,Lithium,ELECTRIC,Non-lifted,CT_White",13800.00
Onward,16,2-PASS,1,Club Car,3,ELECTRIC,2,Lithium,5,Non-lifted,2,Black,9,Beige,1,"Club Car,Onward,2-PASS,Lithium,ELECTRIC,Non-lifted",2682,"Club Car,Onward,Black,2-PASS,Lithium,ELECTRIC,Non-lifted,CT_Beige",13800.00
Onward,16,2-PASS,1,Club Car,3,ELECTRIC,2,Lithium,5,Non-lifted,2,Black,9,Black,3,"Club Car,Onward,2-PASS,Lithium,ELECTRIC,Non-lifted",2682,"Club Car,Onward,Black,2-PASS,Lithium,ELECTRIC,Non-lifted,CT_Black",13800.00
Onward,16,2-PASS,1,Club Car,3,ELECTRIC,2,Lithium,5,Non-lifted,2,Pearl Mist Grey,34,White,2,"Club Car,Onward,2-PASS,Lithium,ELECTRIC,Non-lifted",2682,"Club Car,Onward,Pearl Mist Grey,2-PASS,Lithium,ELECTRIC,Non-lifted,CT_White",13800.00
Onward,16,2-PASS,1,Club Car,3,ELECTRIC,2,Lithium,5,Non-lifted,2,Pearl Mist Grey,34,Beige,1,"Club Car,Onward,2-PASS,Lithium,ELECTRIC,Non-lifted",2682,"Club Car,Onward,Pearl Mist Grey,2-PASS,Lithium,ELECTRIC,Non-lifted,CT_Beige",13800.00
Onward,16,2-PASS,1,Club Car,3,ELECTRIC,2,Lithium,5,Non-lifted,2,Pearl Mist Grey,34,Black,3,"Club Car,Onward,2-PASS,Lithium,ELECTRIC,Non-lifted",2682,"Club Car,Onward,Pearl Mist Grey,2-PASS,Lithium,ELECTRIC,Non-lifted,CT_Black",13800.00
Onward,16,2-PASS,1,Club Car,3,ELECTRIC,2,Lithium,5,Non-lifted,2,Rally Red,35,White,2,"Club Car,Onward,2-PASS,Lithium,ELECTRIC,Non-lifted",2682,"Club Car,Onward,Rally Red,2-PASS,Lithium,ELECTRIC,Non-lifted,CT_White",13800.00
Onward,16,2-PASS,1,Club Car,3,ELECTRIC,2,Lithium,5,Non-lifted,2,Rally Red,35,Beige,1,"Club Car,Onward,2-PASS,Lithium,ELECTRIC,Non-lifted",2682,"Club Car,Onward,Rally Red,2-PASS,Lithium,ELECTRIC,Non-lifted,CT_Beige",13800.00
Onward,16,2-PASS,1,Club Car,3,ELECTRIC,2,Lithium,5,Non-lifted,2,Rally Red,35,Black,3,"Club Car,Onward,2-PASS,Lithium,ELECTRIC,Non-lifted",2682,"Club Car,Onward,Rally Red,2-PASS,Lithium,ELECTRIC,Non-lifted,CT_Black",13800.00
Onward,16,4-PASS,2,Club Car,3,ELECTRIC,2,FLA,4,Non-lifted,2,Met. Beige,27,White,2,"Club Car,Onward,4-PASS,FLA,ELECTRIC,Non-lifted",2683,"Club Car,Onward,Met. Beige,4-PASS,FLA,ELECTRIC,Non-lifted,CT_White",11600.00
Onward,16,4-PASS,2,Club Car,3,ELECTRIC,2,FLA,4,Non-lifted,2,Met. Beige,27,Beige,1,"Club Car,Onward,4-PASS,FLA,ELECTRIC,Non-lifted",2683,"Club Car,Onward,Met. Beige,4-PASS,FLA,ELECTRIC,Non-lifted,CT_Beige",11600.00
Onward,16,4-PASS,2,Club Car,3,ELECTRIC,2,FLA,4,Non-lifted,2,Met. Beige,27,Black,3,"Club Car,Onward,4-PASS,FLA,ELECTRIC,Non-lifted",2683,"Club Car,Onward,Met. Beige,4-PASS,FLA,ELECTRIC,Non-lifted,CT_Black",11600.00
Onward,16,4-PASS,2,Club Car,3,ELECTRIC,2,FLA,4,Non-lifted,2,Met. Blue Onyx,28,White,2,"Club Car,Onward,4-PASS,FLA,ELECTRIC,Non-lifted",2683,"Club Car,Onward,Met. Blue Onyx,4-PASS,FLA,ELECTRIC,Non-lifted,CT_White",11600.00
Onward,16,4-PASS,2,Club Car,3,ELECTRIC,2,FLA,4,Non-lifted,2,Met. Blue Onyx,28,Beige,1,"Club Car,Onward,4-PASS,FLA,ELECTRIC,Non-lifted",2683,"Club Car,Onward,Met. Blue Onyx,4-PASS,FLA,ELECTRIC,Non-lifted,CT_Beige",11600.00
Onward,16,4-PASS,2,Club Car,3,ELECTRIC,2,FLA,4,Non-lifted,2,Met. Blue Onyx,28,Black,3,"Club Car,Onward,4-PASS,FLA,ELECTRIC,Non-lifted",2683,"Club Car,Onward,Met. Blue Onyx,4-PASS,FLA,ELECTRIC,Non-lifted,CT_Black",11600.00
Onward,16,4-PASS,2,Club Car,3,ELECTRIC,2,FLA,4,Non-lifted,2,Met. Candy Apple Red,29,White,2,"Club Car,Onward,4-PASS,FLA,ELECTRIC,Non-lifted",2683,"Club Car,Onward,Met. Candy Apple Red,4-PASS,FLA,ELECTRIC,Non-lifted,CT_White",11600.00
Onward,16,4-PASS,2,Club Car,3,ELECTRIC,2,FLA,4,Non-lifted,2,Met. Candy Apple Red,29,Beige,1,"Club Car,Onward,4-PASS,FLA,ELECTRIC,Non-lifted",2683,"Club Car,Onward,Met. Candy Apple Red,4-PASS,FLA,ELECTRIC,Non-lifted,CT_Beige",11600.00
Onward,16,4-PASS,2,Club Car,3,ELECTRIC,2,FLA,4,Non-lifted,2,Met. Candy Apple Red,29,Black,3,"Club Car,Onward,4-PASS,FLA,ELECTRIC,Non-lifted",2683,"Club Car,Onward,Met. Candy Apple Red,4-PASS,FLA,ELECTRIC,Non-lifted,CT_Black",11600.00
Onward,16,4-PASS,2,Club Car,3,ELECTRIC,2,FLA,4,Non-lifted,2,Met. Cashmere,30,White,2,"Club Car,Onward,4-PASS,FLA,ELECTRIC,Non-lifted",2683,"Club Car,Onward,Met. Cashmere,4-PASS,FLA,ELECTRIC,Non-lifted,CT_White",11600.00
Onward,16,4-PASS,2,Club Car,3,ELECTRIC,2,FLA,4,Non-lifted,2,Met. Cashmere,30,Beige,1,"Club Car,Onward,4-PASS,FLA,ELECTRIC,Non-lifted",2683,"Club Car,Onward,Met. Cashmere,4-PASS,FLA,ELECTRIC,Non-lifted,CT_Beige",11600.00
Onward,16,4-PASS,2,Club Car,3,ELECTRIC,2,FLA,4,Non-lifted,2,Met. Cashmere,30,Black,3,"Club Car,Onward,4-PASS,FLA,ELECTRIC,Non-lifted",2683,"Club Car,Onward,Met. Cashmere,4-PASS,FLA,ELECTRIC,Non-lifted,CT_Black",11600.00
Onward,16,4-PASS,2,Club Car,3,ELECTRIC,2,FLA,4,Non-lifted,2,White,4,White,2,"Club Car,Onward,4-PASS,FLA,ELECTRIC,Non-lifted",2683,"Club Car,Onward,White,4-PASS,FLA,ELECTRIC,Non-lifted,CT_White",11600.00
Onward,16,4-PASS,2,Club Car,3,ELECTRIC,2,FLA,4,Non-lifted,2,White,4,Beige,1,"Club Car,Onward,4-PASS,FLA,ELECTRIC,Non-lifted",2683,"Club Car,Onward,White,4-PASS,FLA,ELECTRIC,Non-lifted,CT_Beige",11600.00
Onward,16,4-PASS,2,Club Car,3,ELECTRIC,2,FLA,4,Non-lifted,2,White,4,Black,3,"Club Car,Onward,4-PASS,FLA,ELECTRIC,Non-lifted",2683,"Club Car,Onward,White,4-PASS,FLA,ELECTRIC,Non-lifted,CT_Black",11600.00
Onward,16,4-PASS,2,Club Car,3,ELECTRIC,2,FLA,4,Non-lifted,2,Met. Ice Blue,31,White,2,"Club Car,Onward,4-PASS,FLA,ELECTRIC,Non-lifted",2683,"Club Car,Onward,Met. Ice Blue,4-PASS,FLA,ELECTRIC,Non-lifted,CT_White",11600.00
Onward,16,4-PASS,2,Club Car,3,ELECTRIC,2,FLA,4,Non-lifted,2,Met. Ice Blue,31,Beige,1,"Club Car,Onward,4-PASS,FLA,ELECTRIC,Non-lifted",2683,"Club Car,Onward,Met. Ice Blue,4-PASS,FLA,ELECTRIC,Non-lifted,CT_Beige",11600.00
Onward,16,4-PASS,2,Club Car,3,ELECTRIC,2,FLA,4,Non-lifted,2,Met. Ice Blue,31,Black,3,"Club Car,Onward,4-PASS,FLA,ELECTRIC,Non-lifted",2683,"Club Car,Onward,Met. Ice Blue,4-PASS,FLA,ELECTRIC,Non-lifted,CT_Black",11600.00
Onward,16,4-PASS,2,Club Car,3,ELECTRIC,2,FLA,4,Non-lifted,2,Met. Jade Green,32,White,2,"Club Car,Onward,4-PASS,FLA,ELECTRIC,Non-lifted",2683,"Club Car,Onward,Met. Jade Green,4-PASS,FLA,ELECTRIC,Non-lifted,CT_White",11600.00
Onward,16,4-PASS,2,Club Car,3,ELECTRIC,2,FLA,4,Non-lifted,2,Met. Jade Green,32,Beige,1,"Club Car,Onward,4-PASS,FLA,ELECTRIC,Non-lifted",2683,"Club Car,Onward,Met. Jade Green,4-PASS,FLA,ELECTRIC,Non-lifted,CT_Beige",11600.00
Onward,16,4-PASS,2,Club Car,3,ELECTRIC,2,FLA,4,Non-lifted,2,Met. Jade Green,32,Black,3,"Club Car,Onward,4-PASS,FLA,ELECTRIC,Non-lifted",2683,"Club Car,Onward,Met. Jade Green,4-PASS,FLA,ELECTRIC,Non-lifted,CT_Black",11600.00
Onward,16,4-PASS,2,Club Car,3,ELECTRIC,2,FLA,4,Non-lifted,2,Met. Midnight Silver,33,White,2,"Club Car,Onward,4-PASS,FLA,ELECTRIC,Non-lifted",2683,"Club Car,Onward,Met. Midnight Silver,4-PASS,FLA,ELECTRIC,Non-lifted,CT_White",11600.00
Onward,16,4-PASS,2,Club Car,3,ELECTRIC,2,FLA,4,Non-lifted,2,Met. Midnight Silver,33,Beige,1,"Club Car,Onward,4-PASS,FLA,ELECTRIC,Non-lifted",2683,"Club Car,Onward,Met. Midnight Silver,4-PASS,FLA,ELECTRIC,Non-lifted,CT_Beige",11600.00
Onward,16,4-PASS,2,Club Car,3,ELECTRIC,2,FLA,4,Non-lifted,2,Met. Midnight Silver,33,Black,3,"Club Car,Onward,4-PASS,FLA,ELECTRIC,Non-lifted",2683,"Club Car,Onward,Met. Midnight Silver,4-PASS,FLA,ELECTRIC,Non-lifted,CT_Black",11600.00
Onward,16,4-PASS,2,Club Car,3,ELECTRIC,2,FLA,4,Non-lifted,2,Black,9,White,2,"Club Car,Onward,4-PASS,FLA,ELECTRIC,Non-lifted",2683,"Club Car,Onward,Black,4-PASS,FLA,ELECTRIC,Non-lifted,CT_White",11600.00
Onward,16,4-PASS,2,Club Car,3,ELECTRIC,2,FLA,4,Non-lifted,2,Black,9,Beige,1,"Club Car,Onward,4-PASS,FLA,ELECTRIC,Non-lifted",2683,"Club Car,Onward,Black,4-PASS,FLA,ELECTRIC,Non-lifted,CT_Beige",11600.00
Onward,16,4-PASS,2,Club Car,3,ELECTRIC,2,FLA,4,Non-lifted,2,Black,9,Black,3,"Club Car,Onward,4-PASS,FLA,ELECTRIC,Non-lifted",2683,"Club Car,Onward,Black,4-PASS,FLA,ELECTRIC,Non-lifted,CT_Black",11600.00
Onward,16,4-PASS,2,Club Car,3,ELECTRIC,2,FLA,4,Non-lifted,2,Pearl Mist Grey,34,White,2,"Club Car,Onward,4-PASS,FLA,ELECTRIC,Non-lifted",2683,"Club Car,Onward,Pearl Mist Grey,4-PASS,FLA,ELECTRIC,Non-lifted,CT_White",11600.00
Onward,16,4-PASS,2,Club Car,3,ELECTRIC,2,FLA,4,Non-lifted,2,Pearl Mist Grey,34,Beige,1,"Club Car,Onward,4-PASS,FLA,ELECTRIC,Non-lifted",2683,"Club Car,Onward,Pearl Mist Grey,4-PASS,FLA,ELECTRIC,Non-lifted,CT_Beige",11600.00
Onward,16,4-PASS,2,Club Car,3,ELECTRIC,2,FLA,4,Non-lifted,2,Pearl Mist Grey,34,Black,3,"Club Car,Onward,4-PASS,FLA,ELECTRIC,Non-lifted",2683,"Club Car,Onward,Pearl Mist Grey,4-PASS,FLA,ELECTRIC,Non-lifted,CT_Black",11600.00
Onward,16,4-PASS,2,Club Car,3,ELECTRIC,2,FLA,4,Non-lifted,2,Rally Red,35,White,2,"Club Car,Onward,4-PASS,FLA,ELECTRIC,Non-lifted",2683,"Club Car,Onward,Rally Red,4-PASS,FLA,ELECTRIC,Non-lifted,CT_White",11600.00
Onward,16,4-PASS,2,Club Car,3,ELECTRIC,2,FLA,4,Non-lifted,2,Rally Red,35,Beige,1,"Club Car,Onward,4-PASS,FLA,ELECTRIC,Non-lifted",2683,"Club Car,Onward,Rally Red,4-PASS,FLA,ELECTRIC,Non-lifted,CT_Beige",11600.00
Onward,16,4-PASS,2,Club Car,3,ELECTRIC,2,FLA,4,Non-lifted,2,Rally Red,35,Black,3,"Club Car,Onward,4-PASS,FLA,ELECTRIC,Non-lifted",2683,"Club Car,Onward,Rally Red,4-PASS,FLA,ELECTRIC,Non-lifted,CT_Black",11600.00
Onward,16,4-PASS,2,Club Car,3,GAS,3,EFI,1,Non-lifted,2,Met. Beige,27,White,2,"Club Car,Onward,4-PASS,EFI,GAS,Non-lifted",2684,"Club Car,Onward,Met. Beige,4-PASS,EFI,GAS,Non-lifted,CT_White",12200.00
Onward,16,4-PASS,2,Club Car,3,GAS,3,EFI,1,Non-lifted,2,Met. Beige,27,Beige,1,"Club Car,Onward,4-PASS,EFI,GAS,Non-lifted",2684,"Club Car,Onward,Met. Beige,4-PASS,EFI,GAS,Non-lifted,CT_Beige",12200.00
Onward,16,4-PASS,2,Club Car,3,GAS,3,EFI,1,Non-lifted,2,Met. Beige,27,Black,3,"Club Car,Onward,4-PASS,EFI,GAS,Non-lifted",2684,"Club Car,Onward,Met. Beige,4-PASS,EFI,GAS,Non-lifted,CT_Black",12200.00
Onward,16,4-PASS,2,Club Car,3,GAS,3,EFI,1,Non-lifted,2,Met. Blue Onyx,28,White,2,"Club Car,Onward,4-PASS,EFI,GAS,Non-lifted",2684,"Club Car,Onward,Met. Blue Onyx,4-PASS,EFI,GAS,Non-lifted,CT_White",12200.00
Onward,16,4-PASS,2,Club Car,3,GAS,3,EFI,1,Non-lifted,2,Met. Blue Onyx,28,Beige,1,"Club Car,Onward,4-PASS,EFI,GAS,Non-lifted",2684,"Club Car,Onward,Met. Blue Onyx,4-PASS,EFI,GAS,Non-lifted,CT_Beige",12200.00
Onward,16,4-PASS,2,Club Car,3,GAS,3,EFI,1,Non-lifted,2,Met. Blue Onyx,28,Black,3,"Club Car,Onward,4-PASS,EFI,GAS,Non-lifted",2684,"Club Car,Onward,Met. Blue Onyx,4-PASS,EFI,GAS,Non-lifted,CT_Black",12200.00
Onward,16,4-PASS,2,Club Car,3,GAS,3,EFI,1,Non-lifted,2,Met. Candy Apple Red,29,White,2,"Club Car,Onward,4-PASS,EFI,GAS,Non-lifted",2684,"Club Car,Onward,Met. Candy Apple Red,4-PASS,EFI,GAS,Non-lifted,CT_White",12200.00
Onward,16,4-PASS,2,Club Car,3,GAS,3,EFI,1,Non-lifted,2,Met. Candy Apple Red,29,Beige,1,"Club Car,Onward,4-PASS,EFI,GAS,Non-lifted",2684,"Club Car,Onward,Met. Candy Apple Red,4-PASS,EFI,GAS,Non-lifted,CT_Beige",12200.00
Onward,16,4-PASS,2,Club Car,3,GAS,3,EFI,1,Non-lifted,2,Met. Candy Apple Red,29,Black,3,"Club Car,Onward,4-PASS,EFI,GAS,Non-lifted",2684,"Club Car,Onward,Met. Candy Apple Red,4-PASS,EFI,GAS,Non-lifted,CT_Black",12200.00
Onward,16,4-PASS,2,Club Car,3,GAS,3,EFI,1,Non-lifted,2,Met. Cashmere,30,White,2,"Club Car,Onward,4-PASS,EFI,GAS,Non-lifted",2684,"Club Car,Onward,Met. Cashmere,4-PASS,EFI,GAS,Non-lifted,CT_White",12200.00
Onward,16,4-PASS,2,Club Car,3,GAS,3,EFI,1,Non-lifted,2,Met. Cashmere,30,Beige,1,"Club Car,Onward,4-PASS,EFI,GAS,Non-lifted",2684,"Club Car,Onward,Met. Cashmere,4-PASS,EFI,GAS,Non-lifted,CT_Beige",12200.00
Onward,16,4-PASS,2,Club Car,3,GAS,3,EFI,1,Non-lifted,2,Met. Cashmere,30,Black,3,"Club Car,Onward,4-PASS,EFI,GAS,Non-lifted",2684,"Club Car,Onward,Met. Cashmere,4-PASS,EFI,GAS,Non-lifted,CT_Black",12200.00
Onward,16,4-PASS,2,Club Car,3,GAS,3,EFI,1,Non-lifted,2,White,4,White,2,"Club Car,Onward,4-PASS,EFI,GAS,Non-lifted",2684,"Club Car,Onward,White,4-PASS,EFI,GAS,Non-lifted,CT_White",12200.00
Onward,16,4-PASS,2,Club Car,3,GAS,3,EFI,1,Non-lifted,2,White,4,Beige,1,"Club Car,Onward,4-PASS,EFI,GAS,Non-lifted",2684,"Club Car,Onward,White,4-PASS,EFI,GAS,Non-lifted,CT_Beige",12200.00
Onward,16,4-PASS,2,Club Car,3,GAS,3,EFI,1,Non-lifted,2,White,4,Black,3,"Club Car,Onward,4-PASS,EFI,GAS,Non-lifted",2684,"Club Car,Onward,White,4-PASS,EFI,GAS,Non-lifted,CT_Black",12200.00
Onward,16,4-PASS,2,Club Car,3,GAS,3,EFI,1,Non-lifted,2,Met. Ice Blue,31,White,2,"Club Car,Onward,4-PASS,EFI,GAS,Non-lifted",2684,"Club Car,Onward,Met. Ice Blue,4-PASS,EFI,GAS,Non-lifted,CT_White",12200.00
Onward,16,4-PASS,2,Club Car,3,GAS,3,EFI,1,Non-lifted,2,Met. Ice Blue,31,Beige,1,"Club Car,Onward,4-PASS,EFI,GAS,Non-lifted",2684,"Club Car,Onward,Met. Ice Blue,4-PASS,EFI,GAS,Non-lifted,CT_Beige",12200.00
Onward,16,4-PASS,2,Club Car,3,GAS,3,EFI,1,Non-lifted,2,Met. Ice Blue,31,Black,3,"Club Car,Onward,4-PASS,EFI,GAS,Non-lifted",2684,"Club Car,Onward,Met. Ice Blue,4-PASS,EFI,GAS,Non-lifted,CT_Black",12200.00
Onward,16,4-PASS,2,Club Car,3,GAS,3,EFI,1,Non-lifted,2,Met. Jade Green,32,White,2,"Club Car,Onward,4-PASS,EFI,GAS,Non-lifted",2684,"Club Car,Onward,Met. Jade Green,4-PASS,EFI,GAS,Non-lifted,CT_White",12200.00
Onward,16,4-PASS,2,Club Car,3,GAS,3,EFI,1,Non-lifted,2,Met. Jade Green,32,Beige,1,"Club Car,Onward,4-PASS,EFI,GAS,Non-lifted",2684,"Club Car,Onward,Met. Jade Green,4-PASS,EFI,GAS,Non-lifted,CT_Beige",12200.00
Onward,16,4-PASS,2,Club Car,3,GAS,3,EFI,1,Non-lifted,2,Met. Jade Green,32,Black,3,"Club Car,Onward,4-PASS,EFI,GAS,Non-lifted",2684,"Club Car,Onward,Met. Jade Green,4-PASS,EFI,GAS,Non-lifted,CT_Black",12200.00
Onward,16,4-PASS,2,Club Car,3,GAS,3,EFI,1,Non-lifted,2,Met. Midnight Silver,33,White,2,"Club Car,Onward,4-PASS,EFI,GAS,Non-lifted",2684,"Club Car,Onward,Met. Midnight Silver,4-PASS,EFI,GAS,Non-lifted,CT_White",12200.00
Onward,16,4-PASS,2,Club Car,3,GAS,3,EFI,1,Non-lifted,2,Met. Midnight Silver,33,Beige,1,"Club Car,Onward,4-PASS,EFI,GAS,Non-lifted",2684,"Club Car,Onward,Met. Midnight Silver,4-PASS,EFI,GAS,Non-lifted,CT_Beige",12200.00
Onward,16,4-PASS,2,Club Car,3,GAS,3,EFI,1,Non-lifted,2,Met. Midnight Silver,33,Black,3,"Club Car,Onward,4-PASS,EFI,GAS,Non-lifted",2684,"Club Car,Onward,Met. Midnight Silver,4-PASS,EFI,GAS,Non-lifted,CT_Black",12200.00
Onward,16,4-PASS,2,Club Car,3,GAS,3,EFI,1,Non-lifted,2,Black,9,White,2,"Club Car,Onward,4-PASS,EFI,GAS,Non-lifted",2684,"Club Car,Onward,Black,4-PASS,EFI,GAS,Non-lifted,CT_White",12200.00
Onward,16,4-PASS,2,Club Car,3,GAS,3,EFI,1,Non-lifted,2,Black,9,Beige,1,"Club Car,Onward,4-PASS,EFI,GAS,Non-lifted",2684,"Club Car,Onward,Black,4-PASS,EFI,GAS,Non-lifted,CT_Beige",12200.00
Onward,16,4-PASS,2,Club Car,3,GAS,3,EFI,1,Non-lifted,2,Black,9,Black,3,"Club Car,Onward,4-PASS,EFI,GAS,Non-lifted",2684,"Club Car,Onward,Black,4-PASS,EFI,GAS,Non-lifted,CT_Black",12200.00
Onward,16,4-PASS,2,Club Car,3,GAS,3,EFI,1,Non-lifted,2,Pearl Mist Grey,34,White,2,"Club Car,Onward,4-PASS,EFI,GAS,Non-lifted",2684,"Club Car,Onward,Pearl Mist Grey,4-PASS,EFI,GAS,Non-lifted,CT_White",12200.00
Onward,16,4-PASS,2,Club Car,3,GAS,3,EFI,1,Non-lifted,2,Pearl Mist Grey,34,Beige,1,"Club Car,Onward,4-PASS,EFI,GAS,Non-lifted",2684,"Club Car,Onward,Pearl Mist Grey,4-PASS,EFI,GAS,Non-lifted,CT_Beige",12200.00
Onward,16,4-PASS,2,Club Car,3,GAS,3,EFI,1,Non-lifted,2,Pearl Mist Grey,34,Black,3,"Club Car,Onward,4-PASS,EFI,GAS,Non-lifted",2684,"Club Car,Onward,Pearl Mist Grey,4-PASS,EFI,GAS,Non-lifted,CT_Black",12200.00
Onward,16,4-PASS,2,Club Car,3,GAS,3,EFI,1,Non-lifted,2,Rally Red,35,White,2,"Club Car,Onward,4-PASS,EFI,GAS,Non-lifted",2684,"Club Car,Onward,Rally Red,4-PASS,EFI,GAS,Non-lifted,CT_White",12200.00
Onward,16,4-PASS,2,Club Car,3,GAS,3,EFI,1,Non-lifted,2,Rally Red,35,Beige,1,"Club Car,Onward,4-PASS,EFI,GAS,Non-lifted",2684,"Club Car,Onward,Rally Red,4-PASS,EFI,GAS,Non-lifted,CT_Beige",12200.00
Onward,16,4-PASS,2,Club Car,3,GAS,3,EFI,1,Non-lifted,2,Rally Red,35,Black,3,"Club Car,Onward,4-PASS,EFI,GAS,Non-lifted",2684,"Club Car,Onward,Rally Red,4-PASS,EFI,GAS,Non-lifted,CT_Black",12200.00
Onward,16,4-PASS,2,Club Car,3,ELECTRIC,2,Lithium,5,Non-lifted,2,Met. Beige,27,White,2,"Club Car,Onward,4-PASS,Lithium,ELECTRIC,Non-lifted",2685,"Club Car,Onward,Met. Beige,4-PASS,Lithium,ELECTRIC,Non-lifted,CT_White",14995.00
Onward,16,4-PASS,2,Club Car,3,ELECTRIC,2,Lithium,5,Non-lifted,2,Met. Beige,27,Beige,1,"Club Car,Onward,4-PASS,Lithium,ELECTRIC,Non-lifted",2685,"Club Car,Onward,Met. Beige,4-PASS,Lithium,ELECTRIC,Non-lifted,CT_Beige",14995.00
Onward,16,4-PASS,2,Club Car,3,ELECTRIC,2,Lithium,5,Non-lifted,2,Met. Beige,27,Black,3,"Club Car,Onward,4-PASS,Lithium,ELECTRIC,Non-lifted",2685,"Club Car,Onward,Met. Beige,4-PASS,Lithium,ELECTRIC,Non-lifted,CT_Black",14995.00
Onward,16,4-PASS,2,Club Car,3,ELECTRIC,2,Lithium,5,Non-lifted,2,Met. Blue Onyx,28,White,2,"Club Car,Onward,4-PASS,Lithium,ELECTRIC,Non-lifted",2685,"Club Car,Onward,Met. Blue Onyx,4-PASS,Lithium,ELECTRIC,Non-lifted,CT_White",14995.00
Onward,16,4-PASS,2,Club Car,3,ELECTRIC,2,Lithium,5,Non-lifted,2,Met. Blue Onyx,28,Beige,1,"Club Car,Onward,4-PASS,Lithium,ELECTRIC,Non-lifted",2685,"Club Car,Onward,Met. Blue Onyx,4-PASS,Lithium,ELECTRIC,Non-lifted,CT_Beige",14995.00
Onward,16,4-PASS,2,Club Car,3,ELECTRIC,2,Lithium,5,Non-lifted,2,Met. Blue Onyx,28,Black,3,"Club Car,Onward,4-PASS,Lithium,ELECTRIC,Non-lifted",2685,"Club Car,Onward,Met. Blue Onyx,4-PASS,Lithium,ELECTRIC,Non-lifted,CT_Black",14995.00
Onward,16,4-PASS,2,Club Car,3,ELECTRIC,2,Lithium,5,Non-lifted,2,Met. Candy Apple Red,29,White,2,"Club Car,Onward,4-PASS,Lithium,ELECTRIC,Non-lifted",2685,"Club Car,Onward,Met. Candy Apple Red,4-PASS,Lithium,ELECTRIC,Non-lifted,CT_White",14995.00
Onward,16,4-PASS,2,Club Car,3,ELECTRIC,2,Lithium,5,Non-lifted,2,Met. Candy Apple Red,29,Beige,1,"Club Car,Onward,4-PASS,Lithium,ELECTRIC,Non-lifted",2685,"Club Car,Onward,Met. Candy Apple Red,4-PASS,Lithium,ELECTRIC,Non-lifted,CT_Beige",14995.00
Onward,16,4-PASS,2,Club Car,3,ELECTRIC,2,Lithium,5,Non-lifted,2,Met. Candy Apple Red,29,Black,3,"Club Car,Onward,4-PASS,Lithium,ELECTRIC,Non-lifted",2685,"Club Car,Onward,Met. Candy Apple Red,4-PASS,Lithium,ELECTRIC,Non-lifted,CT_Black",14995.00
Onward,16,4-PASS,2,Club Car,3,ELECTRIC,2,Lithium,5,Non-lifted,2,Met. Cashmere,30,White,2,"Club Car,Onward,4-PASS,Lithium,ELECTRIC,Non-lifted",2685,"Club Car,Onward,Met. Cashmere,4-PASS,Lithium,ELECTRIC,Non-lifted,CT_White",14995.00
Onward,16,4-PASS,2,Club Car,3,ELECTRIC,2,Lithium,5,Non-lifted,2,Met. Cashmere,30,Beige,1,"Club Car,Onward,4-PASS,Lithium,ELECTRIC,Non-lifted",2685,"Club Car,Onward,Met. Cashmere,4-PASS,Lithium,ELECTRIC,Non-lifted,CT_Beige",14995.00
Onward,16,4-PASS,2,Club Car,3,ELECTRIC,2,Lithium,5,Non-lifted,2,Met. Cashmere,30,Black,3,"Club Car,Onward,4-PASS,Lithium,ELECTRIC,Non-lifted",2685,"Club Car,Onward,Met. Cashmere,4-PASS,Lithium,ELECTRIC,Non-lifted,CT_Black",14995.00
Onward,16,4-PASS,2,Club Car,3,ELECTRIC,2,Lithium,5,Non-lifted,2,White,4,White,2,"Club Car,Onward,4-PASS,Lithium,ELECTRIC,Non-lifted",2685,"Club Car,Onward,White,4-PASS,Lithium,ELECTRIC,Non-lifted,CT_White",14995.00
Onward,16,4-PASS,2,Club Car,3,ELECTRIC,2,Lithium,5,Non-lifted,2,White,4,Beige,1,"Club Car,Onward,4-PASS,Lithium,ELECTRIC,Non-lifted",2685,"Club Car,Onward,White,4-PASS,Lithium,ELECTRIC,Non-lifted,CT_Beige",14995.00
Onward,16,4-PASS,2,Club Car,3,ELECTRIC,2,Lithium,5,Non-lifted,2,White,4,Black,3,"Club Car,Onward,4-PASS,Lithium,ELECTRIC,Non-lifted",2685,"Club Car,Onward,White,4-PASS,Lithium,ELECTRIC,Non-lifted,CT_Black",14995.00
Onward,16,4-PASS,2,Club Car,3,ELECTRIC,2,Lithium,5,Non-lifted,2,Met. Ice Blue,31,White,2,"Club Car,Onward,4-PASS,Lithium,ELECTRIC,Non-lifted",2685,"Club Car,Onward,Met. Ice Blue,4-PASS,Lithium,ELECTRIC,Non-lifted,CT_White",14995.00
Onward,16,4-PASS,2,Club Car,3,ELECTRIC,2,Lithium,5,Non-lifted,2,Met. Ice Blue,31,Beige,1,"Club Car,Onward,4-PASS,Lithium,ELECTRIC,Non-lifted",2685,"Club Car,Onward,Met. Ice Blue,4-PASS,Lithium,ELECTRIC,Non-lifted,CT_Beige",14995.00
Onward,16,4-PASS,2,Club Car,3,ELECTRIC,2,Lithium,5,Non-lifted,2,Met. Ice Blue,31,Black,3,"Club Car,Onward,4-PASS,Lithium,ELECTRIC,Non-lifted",2685,"Club Car,Onward,Met. Ice Blue,4-PASS,Lithium,ELECTRIC,Non-lifted,CT_Black",14995.00
Onward,16,4-PASS,2,Club Car,3,ELECTRIC,2,Lithium,5,Non-lifted,2,Met. Jade Green,32,White,2,"Club Car,Onward,4-PASS,Lithium,ELECTRIC,Non-lifted",2685,"Club Car,Onward,Met. Jade Green,4-PASS,Lithium,ELECTRIC,Non-lifted,CT_White",14995.00
Onward,16,4-PASS,2,Club Car,3,ELECTRIC,2,Lithium,5,Non-lifted,2,Met. Jade Green,32,Beige,1,"Club Car,Onward,4-PASS,Lithium,ELECTRIC,Non-lifted",2685,"Club Car,Onward,Met. Jade Green,4-PASS,Lithium,ELECTRIC,Non-lifted,CT_Beige",14995.00
Onward,16,4-PASS,2,Club Car,3,ELECTRIC,2,Lithium,5,Non-lifted,2,Met. Jade Green,32,Black,3,"Club Car,Onward,4-PASS,Lithium,ELECTRIC,Non-lifted",2685,"Club Car,Onward,Met. Jade Green,4-PASS,Lithium,ELECTRIC,Non-lifted,CT_Black",14995.00
Onward,16,4-PASS,2,Club Car,3,ELECTRIC,2,Lithium,5,Non-lifted,2,Met. Midnight Silver,33,White,2,"Club Car,Onward,4-PASS,Lithium,ELECTRIC,Non-lifted",2685,"Club Car,Onward,Met. Midnight Silver,4-PASS,Lithium,ELECTRIC,Non-lifted,CT_White",14995.00
Onward,16,4-PASS,2,Club Car,3,ELECTRIC,2,Lithium,5,Non-lifted,2,Met. Midnight Silver,33,Beige,1,"Club Car,Onward,4-PASS,Lithium,ELECTRIC,Non-lifted",2685,"Club Car,Onward,Met. Midnight Silver,4-PASS,Lithium,ELECTRIC,Non-lifted,CT_Beige",14995.00
Onward,16,4-PASS,2,Club Car,3,ELECTRIC,2,Lithium,5,Non-lifted,2,Met. Midnight Silver,33,Black,3,"Club Car,Onward,4-PASS,Lithium,ELECTRIC,Non-lifted",2685,"Club Car,Onward,Met. Midnight Silver,4-PASS,Lithium,ELECTRIC,Non-lifted,CT_Black",14995.00
Onward,16,4-PASS,2,Club Car,3,ELECTRIC,2,Lithium,5,Non-lifted,2,Black,9,White,2,"Club Car,Onward,4-PASS,Lithium,ELECTRIC,Non-lifted",2685,"Club Car,Onward,Black,4-PASS,Lithium,ELECTRIC,Non-lifted,CT_White",14995.00
Onward,16,4-PASS,2,Club Car,3,ELECTRIC,2,Lithium,5,Non-lifted,2,Black,9,Beige,1,"Club Car,Onward,4-PASS,Lithium,ELECTRIC,Non-lifted",2685,"Club Car,Onward,Black,4-PASS,Lithium,ELECTRIC,Non-lifted,CT_Beige",14995.00
Onward,16,4-PASS,2,Club Car,3,ELECTRIC,2,Lithium,5,Non-lifted,2,Black,9,Black,3,"Club Car,Onward,4-PASS,Lithium,ELECTRIC,Non-lifted",2685,"Club Car,Onward,Black,4-PASS,Lithium,ELECTRIC,Non-lifted,CT_Black",14995.00
Onward,16,4-PASS,2,Club Car,3,ELECTRIC,2,Lithium,5,Non-lifted,2,Pearl Mist Grey,34,White,2,"Club Car,Onward,4-PASS,Lithium,ELECTRIC,Non-lifted",2685,"Club Car,Onward,Pearl Mist Grey,4-PASS,Lithium,ELECTRIC,Non-lifted,CT_White",14995.00
Onward,16,4-PASS,2,Club Car,3,ELECTRIC,2,Lithium,5,Non-lifted,2,Pearl Mist Grey,34,Beige,1,"Club Car,Onward,4-PASS,Lithium,ELECTRIC,Non-lifted",2685,"Club Car,Onward,Pearl Mist Grey,4-PASS,Lithium,ELECTRIC,Non-lifted,CT_Beige",14995.00
Onward,16,4-PASS,2,Club Car,3,ELECTRIC,2,Lithium,5,Non-lifted,2,Pearl Mist Grey,34,Black,3,"Club Car,Onward,4-PASS,Lithium,ELECTRIC,Non-lifted",2685,"Club Car,Onward,Pearl Mist Grey,4-PASS,Lithium,ELECTRIC,Non-lifted,CT_Black",14995.00
Onward,16,4-PASS,2,Club Car,3,ELECTRIC,2,Lithium,5,Non-lifted,2,Rally Red,35,White,2,"Club Car,Onward,4-PASS,Lithium,ELECTRIC,Non-lifted",2685,"Club Car,Onward,Rally Red,4-PASS,Lithium,ELECTRIC,Non-lifted,CT_White",14995.00
Onward,16,4-PASS,2,Club Car,3,ELECTRIC,2,Lithium,5,Non-lifted,2,Rally Red,35,Beige,1,"Club Car,Onward,4-PASS,Lithium,ELECTRIC,Non-lifted",2685,"Club Car,Onward,Rally Red,4-PASS,Lithium,ELECTRIC,Non-lifted,CT_Beige",14995.00
Onward,16,4-PASS,2,Club Car,3,ELECTRIC,2,Lithium,5,Non-lifted,2,Rally Red,35,Black,3,"Club Car,Onward,4-PASS,Lithium,ELECTRIC,Non-lifted",2685,"Club Car,Onward,Rally Red,4-PASS,Lithium,ELECTRIC,Non-lifted,CT_Black",14995.00
Onward,16,4-PASS,2,Club Car,3,ELECTRIC,2,FLA,4,Lifted,1,Met. Beige,27,White,2,"Club Car,Onward,4-PASS,FLA,ELECTRIC,Lifted",2686,"Club Car,Onward,Met. Beige,4-PASS,FLA,ELECTRIC,Lifted,CT_White",12400.00
Onward,16,4-PASS,2,Club Car,3,ELECTRIC,2,FLA,4,Lifted,1,Met. Beige,27,Beige,1,"Club Car,Onward,4-PASS,FLA,ELECTRIC,Lifted",2686,"Club Car,Onward,Met. Beige,4-PASS,FLA,ELECTRIC,Lifted,CT_Beige",12400.00
Onward,16,4-PASS,2,Club Car,3,ELECTRIC,2,FLA,4,Lifted,1,Met. Beige,27,Black,3,"Club Car,Onward,4-PASS,FLA,ELECTRIC,Lifted",2686,"Club Car,Onward,Met. Beige,4-PASS,FLA,ELECTRIC,Lifted,CT_Black",12400.00
Onward,16,4-PASS,2,Club Car,3,ELECTRIC,2,FLA,4,Lifted,1,Met. Blue Onyx,28,White,2,"Club Car,Onward,4-PASS,FLA,ELECTRIC,Lifted",2686,"Club Car,Onward,Met. Blue Onyx,4-PASS,FLA,ELECTRIC,Lifted,CT_White",12400.00
Onward,16,4-PASS,2,Club Car,3,ELECTRIC,2,FLA,4,Lifted,1,Met. Blue Onyx,28,Beige,1,"Club Car,Onward,4-PASS,FLA,ELECTRIC,Lifted",2686,"Club Car,Onward,Met. Blue Onyx,4-PASS,FLA,ELECTRIC,Lifted,CT_Beige",12400.00
Onward,16,4-PASS,2,Club Car,3,ELECTRIC,2,FLA,4,Lifted,1,Met. Blue Onyx,28,Black,3,"Club Car,Onward,4-PASS,FLA,ELECTRIC,Lifted",2686,"Club Car,Onward,Met. Blue Onyx,4-PASS,FLA,ELECTRIC,Lifted,CT_Black",12400.00
Onward,16,4-PASS,2,Club Car,3,ELECTRIC,2,FLA,4,Lifted,1,Met. Candy Apple Red,29,White,2,"Club Car,Onward,4-PASS,FLA,ELECTRIC,Lifted",2686,"Club Car,Onward,Met. Candy Apple Red,4-PASS,FLA,ELECTRIC,Lifted,CT_White",12400.00
Onward,16,4-PASS,2,Club Car,3,ELECTRIC,2,FLA,4,Lifted,1,Met. Candy Apple Red,29,Beige,1,"Club Car,Onward,4-PASS,FLA,ELECTRIC,Lifted",2686,"Club Car,Onward,Met. Candy Apple Red,4-PASS,FLA,ELECTRIC,Lifted,CT_Beige",12400.00
Onward,16,4-PASS,2,Club Car,3,ELECTRIC,2,FLA,4,Lifted,1,Met. Candy Apple Red,29,Black,3,"Club Car,Onward,4-PASS,FLA,ELECTRIC,Lifted",2686,"Club Car,Onward,Met. Candy Apple Red,4-PASS,FLA,ELECTRIC,Lifted,CT_Black",12400.00
Onward,16,4-PASS,2,Club Car,3,ELECTRIC,2,FLA,4,Lifted,1,Met. Cashmere,30,White,2,"Club Car,Onward,4-PASS,FLA,ELECTRIC,Lifted",2686,"Club Car,Onward,Met. Cashmere,4-PASS,FLA,ELECTRIC,Lifted,CT_White",12400.00
Onward,16,4-PASS,2,Club Car,3,ELECTRIC,2,FLA,4,Lifted,1,Met. Cashmere,30,Beige,1,"Club Car,Onward,4-PASS,FLA,ELECTRIC,Lifted",2686,"Club Car,Onward,Met. Cashmere,4-PASS,FLA,ELECTRIC,Lifted,CT_Beige",12400.00
Onward,16,4-PASS,2,Club Car,3,ELECTRIC,2,FLA,4,Lifted,1,Met. Cashmere,30,Black,3,"Club Car,Onward,4-PASS,FLA,ELECTRIC,Lifted",2686,"Club Car,Onward,Met. Cashmere,4-PASS,FLA,ELECTRIC,Lifted,CT_Black",12400.00
Onward,16,4-PASS,2,Club Car,3,ELECTRIC,2,FLA,4,Lifted,1,White,4,White,2,"Club Car,Onward,4-PASS,FLA,ELECTRIC,Lifted",2686,"Club Car,Onward,White,4-PASS,FLA,ELECTRIC,Lifted,CT_White",12400.00
Onward,16,4-PASS,2,Club Car,3,ELECTRIC,2,FLA,4,Lifted,1,White,4,Beige,1,"Club Car,Onward,4-PASS,FLA,ELECTRIC,Lifted",2686,"Club Car,Onward,White,4-PASS,FLA,ELECTRIC,Lifted,CT_Beige",12400.00
Onward,16,4-PASS,2,Club Car,3,ELECTRIC,2,FLA,4,Lifted,1,White,4,Black,3,"Club Car,Onward,4-PASS,FLA,ELECTRIC,Lifted",2686,"Club Car,Onward,White,4-PASS,FLA,ELECTRIC,Lifted,CT_Black",12400.00
Onward,16,4-PASS,2,Club Car,3,ELECTRIC,2,FLA,4,Lifted,1,Met. Ice Blue,31,White,2,"Club Car,Onward,4-PASS,FLA,ELECTRIC,Lifted",2686,"Club Car,Onward,Met. Ice Blue,4-PASS,FLA,ELECTRIC,Lifted,CT_White",12400.00
Onward,16,4-PASS,2,Club Car,3,ELECTRIC,2,FLA,4,Lifted,1,Met. Ice Blue,31,Beige,1,"Club Car,Onward,4-PASS,FLA,ELECTRIC,Lifted",2686,"Club Car,Onward,Met. Ice Blue,4-PASS,FLA,ELECTRIC,Lifted,CT_Beige",12400.00
Onward,16,4-PASS,2,Club Car,3,ELECTRIC,2,FLA,4,Lifted,1,Met. Ice Blue,31,Black,3,"Club Car,Onward,4-PASS,FLA,ELECTRIC,Lifted",2686,"Club Car,Onward,Met. Ice Blue,4-PASS,FLA,ELECTRIC,Lifted,CT_Black",12400.00
Onward,16,4-PASS,2,Club Car,3,ELECTRIC,2,FLA,4,Lifted,1,Met. Jade Green,32,White,2,"Club Car,Onward,4-PASS,FLA,ELECTRIC,Lifted",2686,"Club Car,Onward,Met. Jade Green,4-PASS,FLA,ELECTRIC,Lifted,CT_White",12400.00
Onward,16,4-PASS,2,Club Car,3,ELECTRIC,2,FLA,4,Lifted,1,Met. Jade Green,32,Beige,1,"Club Car,Onward,4-PASS,FLA,ELECTRIC,Lifted",2686,"Club Car,Onward,Met. Jade Green,4-PASS,FLA,ELECTRIC,Lifted,CT_Beige",12400.00
Onward,16,4-PASS,2,Club Car,3,ELECTRIC,2,FLA,4,Lifted,1,Met. Jade Green,32,Black,3,"Club Car,Onward,4-PASS,FLA,ELECTRIC,Lifted",2686,"Club Car,Onward,Met. Jade Green,4-PASS,FLA,ELECTRIC,Lifted,CT_Black",12400.00
Onward,16,4-PASS,2,Club Car,3,ELECTRIC,2,FLA,4,Lifted,1,Met. Midnight Silver,33,White,2,"Club Car,Onward,4-PASS,FLA,ELECTRIC,Lifted",2686,"Club Car,Onward,Met. Midnight Silver,4-PASS,FLA,ELECTRIC,Lifted,CT_White",12400.00
Onward,16,4-PASS,2,Club Car,3,ELECTRIC,2,FLA,4,Lifted,1,Met. Midnight Silver,33,Beige,1,"Club Car,Onward,4-PASS,FLA,ELECTRIC,Lifted",2686,"Club Car,Onward,Met. Midnight Silver,4-PASS,FLA,ELECTRIC,Lifted,CT_Beige",12400.00
Onward,16,4-PASS,2,Club Car,3,ELECTRIC,2,FLA,4,Lifted,1,Met. Midnight Silver,33,Black,3,"Club Car,Onward,4-PASS,FLA,ELECTRIC,Lifted",2686,"Club Car,Onward,Met. Midnight Silver,4-PASS,FLA,ELECTRIC,Lifted,CT_Black",12400.00
Onward,16,4-PASS,2,Club Car,3,ELECTRIC,2,FLA,4,Lifted,1,Black,9,White,2,"Club Car,Onward,4-PASS,FLA,ELECTRIC,Lifted",2686,"Club Car,Onward,Black,4-PASS,FLA,ELECTRIC,Lifted,CT_White",12400.00
Onward,16,4-PASS,2,Club Car,3,ELECTRIC,2,FLA,4,Lifted,1,Black,9,Beige,1,"Club Car,Onward,4-PASS,FLA,ELECTRIC,Lifted",2686,"Club Car,Onward,Black,4-PASS,FLA,ELECTRIC,Lifted,CT_Beige",12400.00
Onward,16,4-PASS,2,Club Car,3,ELECTRIC,2,FLA,4,Lifted,1,Black,9,Black,3,"Club Car,Onward,4-PASS,FLA,ELECTRIC,Lifted",2686,"Club Car,Onward,Black,4-PASS,FLA,ELECTRIC,Lifted,CT_Black",12400.00
Onward,16,4-PASS,2,Club Car,3,ELECTRIC,2,FLA,4,Lifted,1,Pearl Mist Grey,34,White,2,"Club Car,Onward,4-PASS,FLA,ELECTRIC,Lifted",2686,"Club Car,Onward,Pearl Mist Grey,4-PASS,FLA,ELECTRIC,Lifted,CT_White",12400.00
Onward,16,4-PASS,2,Club Car,3,ELECTRIC,2,FLA,4,Lifted,1,Pearl Mist Grey,34,Beige,1,"Club Car,Onward,4-PASS,FLA,ELECTRIC,Lifted",2686,"Club Car,Onward,Pearl Mist Grey,4-PASS,FLA,ELECTRIC,Lifted,CT_Beige",12400.00
Onward,16,4-PASS,2,Club Car,3,ELECTRIC,2,FLA,4,Lifted,1,Pearl Mist Grey,34,Black,3,"Club Car,Onward,4-PASS,FLA,ELECTRIC,Lifted",2686,"Club Car,Onward,Pearl Mist Grey,4-PASS,FLA,ELECTRIC,Lifted,CT_Black",12400.00
Onward,16,4-PASS,2,Club Car,3,ELECTRIC,2,FLA,4,Lifted,1,Rally Red,35,White,2,"Club Car,Onward,4-PASS,FLA,ELECTRIC,Lifted",2686,"Club Car,Onward,Rally Red,4-PASS,FLA,ELECTRIC,Lifted,CT_White",12400.00
Onward,16,4-PASS,2,Club Car,3,ELECTRIC,2,FLA,4,Lifted,1,Rally Red,35,Beige,1,"Club Car,Onward,4-PASS,FLA,ELECTRIC,Lifted",2686,"Club Car,Onward,Rally Red,4-PASS,FLA,ELECTRIC,Lifted,CT_Beige",12400.00
Onward,16,4-PASS,2,Club Car,3,ELECTRIC,2,FLA,4,Lifted,1,Rally Red,35,Black,3,"Club Car,Onward,4-PASS,FLA,ELECTRIC,Lifted",2686,"Club Car,Onward,Rally Red,4-PASS,FLA,ELECTRIC,Lifted,CT_Black",12400.00
Onward,16,4-PASS,2,Club Car,3,GAS,3,EFI,1,Lifted,1,Met. Beige,27,White,2,"Club Car,Onward,4-PASS,EFI,GAS,Lifted",2687,"Club Car,Onward,Met. Beige,4-PASS,EFI,GAS,Lifted,CT_White",13200.00
Onward,16,4-PASS,2,Club Car,3,GAS,3,EFI,1,Lifted,1,Met. Beige,27,Beige,1,"Club Car,Onward,4-PASS,EFI,GAS,Lifted",2687,"Club Car,Onward,Met. Beige,4-PASS,EFI,GAS,Lifted,CT_Beige",13200.00
Onward,16,4-PASS,2,Club Car,3,GAS,3,EFI,1,Lifted,1,Met. Beige,27,Black,3,"Club Car,Onward,4-PASS,EFI,GAS,Lifted",2687,"Club Car,Onward,Met. Beige,4-PASS,EFI,GAS,Lifted,CT_Black",13200.00
Onward,16,4-PASS,2,Club Car,3,GAS,3,EFI,1,Lifted,1,Met. Blue Onyx,28,White,2,"Club Car,Onward,4-PASS,EFI,GAS,Lifted",2687,"Club Car,Onward,Met. Blue Onyx,4-PASS,EFI,GAS,Lifted,CT_White",13200.00
Onward,16,4-PASS,2,Club Car,3,GAS,3,EFI,1,Lifted,1,Met. Blue Onyx,28,Beige,1,"Club Car,Onward,4-PASS,EFI,GAS,Lifted",2687,"Club Car,Onward,Met. Blue Onyx,4-PASS,EFI,GAS,Lifted,CT_Beige",13200.00
Onward,16,4-PASS,2,Club Car,3,GAS,3,EFI,1,Lifted,1,Met. Blue Onyx,28,Black,3,"Club Car,Onward,4-PASS,EFI,GAS,Lifted",2687,"Club Car,Onward,Met. Blue Onyx,4-PASS,EFI,GAS,Lifted,CT_Black",13200.00
Onward,16,4-PASS,2,Club Car,3,GAS,3,EFI,1,Lifted,1,Met. Candy Apple Red,29,White,2,"Club Car,Onward,4-PASS,EFI,GAS,Lifted",2687,"Club Car,Onward,Met. Candy Apple Red,4-PASS,EFI,GAS,Lifted,CT_White",13200.00
Onward,16,4-PASS,2,Club Car,3,GAS,3,EFI,1,Lifted,1,Met. Candy Apple Red,29,Beige,1,"Club Car,Onward,4-PASS,EFI,GAS,Lifted",2687,"Club Car,Onward,Met. Candy Apple Red,4-PASS,EFI,GAS,Lifted,CT_Beige",13200.00
Onward,16,4-PASS,2,Club Car,3,GAS,3,EFI,1,Lifted,1,Met. Candy Apple Red,29,Black,3,"Club Car,Onward,4-PASS,EFI,GAS,Lifted",2687,"Club Car,Onward,Met. Candy Apple Red,4-PASS,EFI,GAS,Lifted,CT_Black",13200.00
Onward,16,4-PASS,2,Club Car,3,GAS,3,EFI,1,Lifted,1,Met. Cashmere,30,White,2,"Club Car,Onward,4-PASS,EFI,GAS,Lifted",2687,"Club Car,Onward,Met. Cashmere,4-PASS,EFI,GAS,Lifted,CT_White",13200.00
Onward,16,4-PASS,2,Club Car,3,GAS,3,EFI,1,Lifted,1,Met. Cashmere,30,Beige,1,"Club Car,Onward,4-PASS,EFI,GAS,Lifted",2687,"Club Car,Onward,Met. Cashmere,4-PASS,EFI,GAS,Lifted,CT_Beige",13200.00
Onward,16,4-PASS,2,Club Car,3,GAS,3,EFI,1,Lifted,1,Met. Cashmere,30,Black,3,"Club Car,Onward,4-PASS,EFI,GAS,Lifted",2687,"Club Car,Onward,Met. Cashmere,4-PASS,EFI,GAS,Lifted,CT_Black",13200.00
Onward,16,4-PASS,2,Club Car,3,GAS,3,EFI,1,Lifted,1,White,4,White,2,"Club Car,Onward,4-PASS,EFI,GAS,Lifted",2687,"Club Car,Onward,White,4-PASS,EFI,GAS,Lifted,CT_White",13200.00
Onward,16,4-PASS,2,Club Car,3,GAS,3,EFI,1,Lifted,1,White,4,Beige,1,"Club Car,Onward,4-PASS,EFI,GAS,Lifted",2687,"Club Car,Onward,White,4-PASS,EFI,GAS,Lifted,CT_Beige",13200.00
Onward,16,4-PASS,2,Club Car,3,GAS,3,EFI,1,Lifted,1,White,4,Black,3,"Club Car,Onward,4-PASS,EFI,GAS,Lifted",2687,"Club Car,Onward,White,4-PASS,EFI,GAS,Lifted,CT_Black",13200.00
Onward,16,4-PASS,2,Club Car,3,GAS,3,EFI,1,Lifted,1,Met. Ice Blue,31,White,2,"Club Car,Onward,4-PASS,EFI,GAS,Lifted",2687,"Club Car,Onward,Met. Ice Blue,4-PASS,EFI,GAS,Lifted,CT_White",13200.00
Onward,16,4-PASS,2,Club Car,3,GAS,3,EFI,1,Lifted,1,Met. Ice Blue,31,Beige,1,"Club Car,Onward,4-PASS,EFI,GAS,Lifted",2687,"Club Car,Onward,Met. Ice Blue,4-PASS,EFI,GAS,Lifted,CT_Beige",13200.00
Onward,16,4-PASS,2,Club Car,3,GAS,3,EFI,1,Lifted,1,Met. Ice Blue,31,Black,3,"Club Car,Onward,4-PASS,EFI,GAS,Lifted",2687,"Club Car,Onward,Met. Ice Blue,4-PASS,EFI,GAS,Lifted,CT_Black",13200.00
Onward,16,4-PASS,2,Club Car,3,GAS,3,EFI,1,Lifted,1,Met. Jade Green,32,White,2,"Club Car,Onward,4-PASS,EFI,GAS,Lifted",2687,"Club Car,Onward,Met. Jade Green,4-PASS,EFI,GAS,Lifted,CT_White",13200.00
Onward,16,4-PASS,2,Club Car,3,GAS,3,EFI,1,Lifted,1,Met. Jade Green,32,Beige,1,"Club Car,Onward,4-PASS,EFI,GAS,Lifted",2687,"Club Car,Onward,Met. Jade Green,4-PASS,EFI,GAS,Lifted,CT_Beige",13200.00
Onward,16,4-PASS,2,Club Car,3,GAS,3,EFI,1,Lifted,1,Met. Jade Green,32,Black,3,"Club Car,Onward,4-PASS,EFI,GAS,Lifted",2687,"Club Car,Onward,Met. Jade Green,4-PASS,EFI,GAS,Lifted,CT_Black",13200.00
Onward,16,4-PASS,2,Club Car,3,GAS,3,EFI,1,Lifted,1,Met. Midnight Silver,33,White,2,"Club Car,Onward,4-PASS,EFI,GAS,Lifted",2687,"Club Car,Onward,Met. Midnight Silver,4-PASS,EFI,GAS,Lifted,CT_White",13200.00
Onward,16,4-PASS,2,Club Car,3,GAS,3,EFI,1,Lifted,1,Met. Midnight Silver,33,Beige,1,"Club Car,Onward,4-PASS,EFI,GAS,Lifted",2687,"Club Car,Onward,Met. Midnight Silver,4-PASS,EFI,GAS,Lifted,CT_Beige",13200.00
Onward,16,4-PASS,2,Club Car,3,GAS,3,EFI,1,Lifted,1,Met. Midnight Silver,33,Black,3,"Club Car,Onward,4-PASS,EFI,GAS,Lifted",2687,"Club Car,Onward,Met. Midnight Silver,4-PASS,EFI,GAS,Lifted,CT_Black",13200.00
Onward,16,4-PASS,2,Club Car,3,GAS,3,EFI,1,Lifted,1,Black,9,White,2,"Club Car,Onward,4-PASS,EFI,GAS,Lifted",2687,"Club Car,Onward,Black,4-PASS,EFI,GAS,Lifted,CT_White",13200.00
Onward,16,4-PASS,2,Club Car,3,GAS,3,EFI,1,Lifted,1,Black,9,Beige,1,"Club Car,Onward,4-PASS,EFI,GAS,Lifted",2687,"Club Car,Onward,Black,4-PASS,EFI,GAS,Lifted,CT_Beige",13200.00
Onward,16,4-PASS,2,Club Car,3,GAS,3,EFI,1,Lifted,1,Black,9,Black,3,"Club Car,Onward,4-PASS,EFI,GAS,Lifted",2687,"Club Car,Onward,Black,4-PASS,EFI,GAS,Lifted,CT_Black",13200.00
Onward,16,4-PASS,2,Club Car,3,GAS,3,EFI,1,Lifted,1,Pearl Mist Grey,34,White,2,"Club Car,Onward,4-PASS,EFI,GAS,Lifted",2687,"Club Car,Onward,Pearl Mist Grey,4-PASS,EFI,GAS,Lifted,CT_White",13200.00
Onward,16,4-PASS,2,Club Car,3,GAS,3,EFI,1,Lifted,1,Pearl Mist Grey,34,Beige,1,"Club Car,Onward,4-PASS,EFI,GAS,Lifted",2687,"Club Car,Onward,Pearl Mist Grey,4-PASS,EFI,GAS,Lifted,CT_Beige",13200.00
Onward,16,4-PASS,2,Club Car,3,GAS,3,EFI,1,Lifted,1,Pearl Mist Grey,34,Black,3,"Club Car,Onward,4-PASS,EFI,GAS,Lifted",2687,"Club Car,Onward,Pearl Mist Grey,4-PASS,EFI,GAS,Lifted,CT_Black",13200.00
Onward,16,4-PASS,2,Club Car,3,GAS,3,EFI,1,Lifted,1,Rally Red,35,White,2,"Club Car,Onward,4-PASS,EFI,GAS,Lifted",2687,"Club Car,Onward,Rally Red,4-PASS,EFI,GAS,Lifted,CT_White",13200.00
Onward,16,4-PASS,2,Club Car,3,GAS,3,EFI,1,Lifted,1,Rally Red,35,Beige,1,"Club Car,Onward,4-PASS,EFI,GAS,Lifted",2687,"Club Car,Onward,Rally Red,4-PASS,EFI,GAS,Lifted,CT_Beige",13200.00
Onward,16,4-PASS,2,Club Car,3,GAS,3,EFI,1,Lifted,1,Rally Red,35,Black,3,"Club Car,Onward,4-PASS,EFI,GAS,Lifted",2687,"Club Car,Onward,Rally Red,4-PASS,EFI,GAS,Lifted,CT_Black",13200.00
Onward,16,4-PASS,2,Club Car,3,ELECTRIC,2,Lithium,5,Lifted,1,Met. Beige,27,White,2,"Club Car,Onward,4-PASS,Lithium,ELECTRIC,Lifted",2688,"Club Car,Onward,Met. Beige,4-PASS,Lithium,ELECTRIC,Lifted,CT_White",15700.00
Onward,16,4-PASS,2,Club Car,3,ELECTRIC,2,Lithium,5,Lifted,1,Met. Beige,27,Beige,1,"Club Car,Onward,4-PASS,Lithium,ELECTRIC,Lifted",2688,"Club Car,Onward,Met. Beige,4-PASS,Lithium,ELECTRIC,Lifted,CT_Beige",15700.00
Onward,16,4-PASS,2,Club Car,3,ELECTRIC,2,Lithium,5,Lifted,1,Met. Beige,27,Black,3,"Club Car,Onward,4-PASS,Lithium,ELECTRIC,Lifted",2688,"Club Car,Onward,Met. Beige,4-PASS,Lithium,ELECTRIC,Lifted,CT_Black",15700.00
Onward,16,4-PASS,2,Club Car,3,ELECTRIC,2,Lithium,5,Lifted,1,Met. Blue Onyx,28,White,2,"Club Car,Onward,4-PASS,Lithium,ELECTRIC,Lifted",2688,"Club Car,Onward,Met. Blue Onyx,4-PASS,Lithium,ELECTRIC,Lifted,CT_White",15700.00
Onward,16,4-PASS,2,Club Car,3,ELECTRIC,2,Lithium,5,Lifted,1,Met. Blue Onyx,28,Beige,1,"Club Car,Onward,4-PASS,Lithium,ELECTRIC,Lifted",2688,"Club Car,Onward,Met. Blue Onyx,4-PASS,Lithium,ELECTRIC,Lifted,CT_Beige",15700.00
Onward,16,4-PASS,2,Club Car,3,ELECTRIC,2,Lithium,5,Lifted,1,Met. Blue Onyx,28,Black,3,"Club Car,Onward,4-PASS,Lithium,ELECTRIC,Lifted",2688,"Club Car,Onward,Met. Blue Onyx,4-PASS,Lithium,ELECTRIC,Lifted,CT_Black",15700.00
Onward,16,4-PASS,2,Club Car,3,ELECTRIC,2,Lithium,5,Lifted,1,Met. Candy Apple Red,29,White,2,"Club Car,Onward,4-PASS,Lithium,ELECTRIC,Lifted",2688,"Club Car,Onward,Met. Candy Apple Red,4-PASS,Lithium,ELECTRIC,Lifted,CT_White",15700.00
Onward,16,4-PASS,2,Club Car,3,ELECTRIC,2,Lithium,5,Lifted,1,Met. Candy Apple Red,29,Beige,1,"Club Car,Onward,4-PASS,Lithium,ELECTRIC,Lifted",2688,"Club Car,Onward,Met. Candy Apple Red,4-PASS,Lithium,ELECTRIC,Lifted,CT_Beige",15700.00
Onward,16,4-PASS,2,Club Car,3,ELECTRIC,2,Lithium,5,Lifted,1,Met. Candy Apple Red,29,Black,3,"Club Car,Onward,4-PASS,Lithium,ELECTRIC,Lifted",2688,"Club Car,Onward,Met. Candy Apple Red,4-PASS,Lithium,ELECTRIC,Lifted,CT_Black",15700.00
Onward,16,4-PASS,2,Club Car,3,ELECTRIC,2,Lithium,5,Lifted,1,Met. Cashmere,30,White,2,"Club Car,Onward,4-PASS,Lithium,ELECTRIC,Lifted",2688,"Club Car,Onward,Met. Cashmere,4-PASS,Lithium,ELECTRIC,Lifted,CT_White",15700.00
Onward,16,4-PASS,2,Club Car,3,ELECTRIC,2,Lithium,5,Lifted,1,Met. Cashmere,30,Beige,1,"Club Car,Onward,4-PASS,Lithium,ELECTRIC,Lifted",2688,"Club Car,Onward,Met. Cashmere,4-PASS,Lithium,ELECTRIC,Lifted,CT_Beige",15700.00
Onward,16,4-PASS,2,Club Car,3,ELECTRIC,2,Lithium,5,Lifted,1,Met. Cashmere,30,Black,3,"Club Car,Onward,4-PASS,Lithium,ELECTRIC,Lifted",2688,"Club Car,Onward,Met. Cashmere,4-PASS,Lithium,ELECTRIC,Lifted,CT_Black",15700.00
Onward,16,4-PASS,2,Club Car,3,ELECTRIC,2,Lithium,5,Lifted,1,White,4,White,2,"Club Car,Onward,4-PASS,Lithium,ELECTRIC,Lifted",2688,"Club Car,Onward,White,4-PASS,Lithium,ELECTRIC,Lifted,CT_White",15700.00
Onward,16,4-PASS,2,Club Car,3,ELECTRIC,2,Lithium,5,Lifted,1,White,4,Beige,1,"Club Car,Onward,4-PASS,Lithium,ELECTRIC,Lifted",2688,"Club Car,Onward,White,4-PASS,Lithium,ELECTRIC,Lifted,CT_Beige",15700.00
Onward,16,4-PASS,2,Club Car,3,ELECTRIC,2,Lithium,5,Lifted,1,White,4,Black,3,"Club Car,Onward,4-PASS,Lithium,ELECTRIC,Lifted",2688,"Club Car,Onward,White,4-PASS,Lithium,ELECTRIC,Lifted,CT_Black",15700.00
Onward,16,4-PASS,2,Club Car,3,ELECTRIC,2,Lithium,5,Lifted,1,Met. Ice Blue,31,White,2,"Club Car,Onward,4-PASS,Lithium,ELECTRIC,Lifted",2688,"Club Car,Onward,Met. Ice Blue,4-PASS,Lithium,ELECTRIC,Lifted,CT_White",15700.00
Onward,16,4-PASS,2,Club Car,3,ELECTRIC,2,Lithium,5,Lifted,1,Met. Ice Blue,31,Beige,1,"Club Car,Onward,4-PASS,Lithium,ELECTRIC,Lifted",2688,"Club Car,Onward,Met. Ice Blue,4-PASS,Lithium,ELECTRIC,Lifted,CT_Beige",15700.00
Onward,16,4-PASS,2,Club Car,3,ELECTRIC,2,Lithium,5,Lifted,1,Met. Ice Blue,31,Black,3,"Club Car,Onward,4-PASS,Lithium,ELECTRIC,Lifted",2688,"Club Car,Onward,Met. Ice Blue,4-PASS,Lithium,ELECTRIC,Lifted,CT_Black",15700.00
Onward,16,4-PASS,2,Club Car,3,ELECTRIC,2,Lithium,5,Lifted,1,Met. Jade Green,32,White,2,"Club Car,Onward,4-PASS,Lithium,ELECTRIC,Lifted",2688,"Club Car,Onward,Met. Jade Green,4-PASS,Lithium,ELECTRIC,Lifted,CT_White",15700.00
Onward,16,4-PASS,2,Club Car,3,ELECTRIC,2,Lithium,5,Lifted,1,Met. Jade Green,32,Beige,1,"Club Car,Onward,4-PASS,Lithium,ELECTRIC,Lifted",2688,"Club Car,Onward,Met. Jade Green,4-PASS,Lithium,ELECTRIC,Lifted,CT_Beige",15700.00
Onward,16,4-PASS,2,Club Car,3,ELECTRIC,2,Lithium,5,Lifted,1,Met. Jade Green,32,Black,3,"Club Car,Onward,4-PASS,Lithium,ELECTRIC,Lifted",2688,"Club Car,Onward,Met. Jade Green,4-PASS,Lithium,ELECTRIC,Lifted,CT_Black",15700.00
Onward,16,4-PASS,2,Club Car,3,ELECTRIC,2,Lithium,5,Lifted,1,Met. Midnight Silver,33,White,2,"Club Car,Onward,4-PASS,Lithium,ELECTRIC,Lifted",2688,"Club Car,Onward,Met. Midnight Silver,4-PASS,Lithium,ELECTRIC,Lifted,CT_White",15700.00
Onward,16,4-PASS,2,Club Car,3,ELECTRIC,2,Lithium,5,Lifted,1,Met. Midnight Silver,33,Beige,1,"Club Car,Onward,4-PASS,Lithium,ELECTRIC,Lifted",2688,"Club Car,Onward,Met. Midnight Silver,4-PASS,Lithium,ELECTRIC,Lifted,CT_Beige",15700.00
Onward,16,4-PASS,2,Club Car,3,ELECTRIC,2,Lithium,5,Lifted,1,Met. Midnight Silver,33,Black,3,"Club Car,Onward,4-PASS,Lithium,ELECTRIC,Lifted",2688,"Club Car,Onward,Met. Midnight Silver,4-PASS,Lithium,ELECTRIC,Lifted,CT_Black",15700.00
Onward,16,4-PASS,2,Club Car,3,ELECTRIC,2,Lithium,5,Lifted,1,Black,9,White,2,"Club Car,Onward,4-PASS,Lithium,ELECTRIC,Lifted",2688,"Club Car,Onward,Black,4-PASS,Lithium,ELECTRIC,Lifted,CT_White",15700.00
Onward,16,4-PASS,2,Club Car,3,ELECTRIC,2,Lithium,5,Lifted,1,Black,9,Beige,1,"Club Car,Onward,4-PASS,Lithium,ELECTRIC,Lifted",2688,"Club Car,Onward,Black,4-PASS,Lithium,ELECTRIC,Lifted,CT_Beige",15700.00
Onward,16,4-PASS,2,Club Car,3,ELECTRIC,2,Lithium,5,Lifted,1,Black,9,Black,3,"Club Car,Onward,4-PASS,Lithium,ELECTRIC,Lifted",2688,"Club Car,Onward,Black,4-PASS,Lithium,ELECTRIC,Lifted,CT_Black",15700.00
Onward,16,4-PASS,2,Club Car,3,ELECTRIC,2,Lithium,5,Lifted,1,Pearl Mist Grey,34,White,2,"Club Car,Onward,4-PASS,Lithium,ELECTRIC,Lifted",2688,"Club Car,Onward,Pearl Mist Grey,4-PASS,Lithium,ELECTRIC,Lifted,CT_White",15700.00
Onward,16,4-PASS,2,Club Car,3,ELECTRIC,2,Lithium,5,Lifted,1,Pearl Mist Grey,34,Beige,1,"Club Car,Onward,4-PASS,Lithium,ELECTRIC,Lifted",2688,"Club Car,Onward,Pearl Mist Grey,4-PASS,Lithium,ELECTRIC,Lifted,CT_Beige",15700.00
Onward,16,4-PASS,2,Club Car,3,ELECTRIC,2,Lithium,5,Lifted,1,Pearl Mist Grey,34,Black,3,"Club Car,Onward,4-PASS,Lithium,ELECTRIC,Lifted",2688,"Club Car,Onward,Pearl Mist Grey,4-PASS,Lithium,ELECTRIC,Lifted,CT_Black",15700.00
Onward,16,4-PASS,2,Club Car,3,ELECTRIC,2,Lithium,5,Lifted,1,Rally Red,35,White,2,"Club Car,Onward,4-PASS,Lithium,ELECTRIC,Lifted",2688,"Club Car,Onward,Rally Red,4-PASS,Lithium,ELECTRIC,Lifted,CT_White",15700.00
Onward,16,4-PASS,2,Club Car,3,ELECTRIC,2,Lithium,5,Lifted,1,Rally Red,35,Beige,1,"Club Car,Onward,4-PASS,Lithium,ELECTRIC,Lifted",2688,"Club Car,Onward,Rally Red,4-PASS,Lithium,ELECTRIC,Lifted,CT_Beige",15700.00
Onward,16,4-PASS,2,Club Car,3,ELECTRIC,2,Lithium,5,Lifted,1,Rally Red,35,Black,3,"Club Car,Onward,4-PASS,Lithium,ELECTRIC,Lifted",2688,"Club Car,Onward,Rally Red,4-PASS,Lithium,ELECTRIC,Lifted,CT_Black",15700.00
Onward,16,6-PASS,3,Club Car,3,GAS,3,EFI,1,Non-lifted,2,Met. Beige,27,White,2,"Club Car,Onward,6-PASS,EFI,GAS,Non-lifted",2689,"Club Car,Onward,Met. Beige,6-PASS,EFI,GAS,Non-lifted,CT_White",15500.00
Onward,16,6-PASS,3,Club Car,3,GAS,3,EFI,1,Non-lifted,2,Met. Beige,27,Beige,1,"Club Car,Onward,6-PASS,EFI,GAS,Non-lifted",2689,"Club Car,Onward,Met. Beige,6-PASS,EFI,GAS,Non-lifted,CT_Beige",15500.00
Onward,16,6-PASS,3,Club Car,3,GAS,3,EFI,1,Non-lifted,2,Met. Beige,27,Black,3,"Club Car,Onward,6-PASS,EFI,GAS,Non-lifted",2689,"Club Car,Onward,Met. Beige,6-PASS,EFI,GAS,Non-lifted,CT_Black",15500.00
Onward,16,6-PASS,3,Club Car,3,GAS,3,EFI,1,Non-lifted,2,Met. Blue Onyx,28,White,2,"Club Car,Onward,6-PASS,EFI,GAS,Non-lifted",2689,"Club Car,Onward,Met. Blue Onyx,6-PASS,EFI,GAS,Non-lifted,CT_White",15500.00
Onward,16,6-PASS,3,Club Car,3,GAS,3,EFI,1,Non-lifted,2,Met. Blue Onyx,28,Beige,1,"Club Car,Onward,6-PASS,EFI,GAS,Non-lifted",2689,"Club Car,Onward,Met. Blue Onyx,6-PASS,EFI,GAS,Non-lifted,CT_Beige",15500.00
Onward,16,6-PASS,3,Club Car,3,GAS,3,EFI,1,Non-lifted,2,Met. Blue Onyx,28,Black,3,"Club Car,Onward,6-PASS,EFI,GAS,Non-lifted",2689,"Club Car,Onward,Met. Blue Onyx,6-PASS,EFI,GAS,Non-lifted,CT_Black",15500.00
Onward,16,6-PASS,3,Club Car,3,GAS,3,EFI,1,Non-lifted,2,Met. Candy Apple Red,29,White,2,"Club Car,Onward,6-PASS,EFI,GAS,Non-lifted",2689,"Club Car,Onward,Met. Candy Apple Red,6-PASS,EFI,GAS,Non-lifted,CT_White",15500.00
Onward,16,6-PASS,3,Club Car,3,GAS,3,EFI,1,Non-lifted,2,Met. Candy Apple Red,29,Beige,1,"Club Car,Onward,6-PASS,EFI,GAS,Non-lifted",2689,"Club Car,Onward,Met. Candy Apple Red,6-PASS,EFI,GAS,Non-lifted,CT_Beige",15500.00
Onward,16,6-PASS,3,Club Car,3,GAS,3,EFI,1,Non-lifted,2,Met. Candy Apple Red,29,Black,3,"Club Car,Onward,6-PASS,EFI,GAS,Non-lifted",2689,"Club Car,Onward,Met. Candy Apple Red,6-PASS,EFI,GAS,Non-lifted,CT_Black",15500.00
Onward,16,6-PASS,3,Club Car,3,GAS,3,EFI,1,Non-lifted,2,Met. Cashmere,30,White,2,"Club Car,Onward,6-PASS,EFI,GAS,Non-lifted",2689,"Club Car,Onward,Met. Cashmere,6-PASS,EFI,GAS,Non-lifted,CT_White",15500.00
Onward,16,6-PASS,3,Club Car,3,GAS,3,EFI,1,Non-lifted,2,Met. Cashmere,30,Beige,1,"Club Car,Onward,6-PASS,EFI,GAS,Non-lifted",2689,"Club Car,Onward,Met. Cashmere,6-PASS,EFI,GAS,Non-lifted,CT_Beige",15500.00
Onward,16,6-PASS,3,Club Car,3,GAS,3,EFI,1,Non-lifted,2,Met. Cashmere,30,Black,3,"Club Car,Onward,6-PASS,EFI,GAS,Non-lifted",2689,"Club Car,Onward,Met. Cashmere,6-PASS,EFI,GAS,Non-lifted,CT_Black",15500.00
Onward,16,6-PASS,3,Club Car,3,GAS,3,EFI,1,Non-lifted,2,White,4,White,2,"Club Car,Onward,6-PASS,EFI,GAS,Non-lifted",2689,"Club Car,Onward,White,6-PASS,EFI,GAS,Non-lifted,CT_White",15500.00
Onward,16,6-PASS,3,Club Car,3,GAS,3,EFI,1,Non-lifted,2,White,4,Beige,1,"Club Car,Onward,6-PASS,EFI,GAS,Non-lifted",2689,"Club Car,Onward,White,6-PASS,EFI,GAS,Non-lifted,CT_Beige",15500.00
Onward,16,6-PASS,3,Club Car,3,GAS,3,EFI,1,Non-lifted,2,White,4,Black,3,"Club Car,Onward,6-PASS,EFI,GAS,Non-lifted",2689,"Club Car,Onward,White,6-PASS,EFI,GAS,Non-lifted,CT_Black",15500.00
Onward,16,6-PASS,3,Club Car,3,GAS,3,EFI,1,Non-lifted,2,Met. Ice Blue,31,White,2,"Club Car,Onward,6-PASS,EFI,GAS,Non-lifted",2689,"Club Car,Onward,Met. Ice Blue,6-PASS,EFI,GAS,Non-lifted,CT_White",15500.00
Onward,16,6-PASS,3,Club Car,3,GAS,3,EFI,1,Non-lifted,2,Met. Ice Blue,31,Beige,1,"Club Car,Onward,6-PASS,EFI,GAS,Non-lifted",2689,"Club Car,Onward,Met. Ice Blue,6-PASS,EFI,GAS,Non-lifted,CT_Beige",15500.00
Onward,16,6-PASS,3,Club Car,3,GAS,3,EFI,1,Non-lifted,2,Met. Ice Blue,31,Black,3,"Club Car,Onward,6-PASS,EFI,GAS,Non-lifted",2689,"Club Car,Onward,Met. Ice Blue,6-PASS,EFI,GAS,Non-lifted,CT_Black",15500.00
Onward,16,6-PASS,3,Club Car,3,GAS,3,EFI,1,Non-lifted,2,Met. Jade Green,32,White,2,"Club Car,Onward,6-PASS,EFI,GAS,Non-lifted",2689,"Club Car,Onward,Met. Jade Green,6-PASS,EFI,GAS,Non-lifted,CT_White",15500.00
Onward,16,6-PASS,3,Club Car,3,GAS,3,EFI,1,Non-lifted,2,Met. Jade Green,32,Beige,1,"Club Car,Onward,6-PASS,EFI,GAS,Non-lifted",2689,"Club Car,Onward,Met. Jade Green,6-PASS,EFI,GAS,Non-lifted,CT_Beige",15500.00
Onward,16,6-PASS,3,Club Car,3,GAS,3,EFI,1,Non-lifted,2,Met. Jade Green,32,Black,3,"Club Car,Onward,6-PASS,EFI,GAS,Non-lifted",2689,"Club Car,Onward,Met. Jade Green,6-PASS,EFI,GAS,Non-lifted,CT_Black",15500.00
Onward,16,6-PASS,3,Club Car,3,GAS,3,EFI,1,Non-lifted,2,Met. Midnight Silver,33,White,2,"Club Car,Onward,6-PASS,EFI,GAS,Non-lifted",2689,"Club Car,Onward,Met. Midnight Silver,6-PASS,EFI,GAS,Non-lifted,CT_White",15500.00
Onward,16,6-PASS,3,Club Car,3,GAS,3,EFI,1,Non-lifted,2,Met. Midnight Silver,33,Beige,1,"Club Car,Onward,6-PASS,EFI,GAS,Non-lifted",2689,"Club Car,Onward,Met. Midnight Silver,6-PASS,EFI,GAS,Non-lifted,CT_Beige",15500.00
Onward,16,6-PASS,3,Club Car,3,GAS,3,EFI,1,Non-lifted,2,Met. Midnight Silver,33,Black,3,"Club Car,Onward,6-PASS,EFI,GAS,Non-lifted",2689,"Club Car,Onward,Met. Midnight Silver,6-PASS,EFI,GAS,Non-lifted,CT_Black",15500.00
Onward,16,6-PASS,3,Club Car,3,GAS,3,EFI,1,Non-lifted,2,Black,9,White,2,"Club Car,Onward,6-PASS,EFI,GAS,Non-lifted",2689,"Club Car,Onward,Black,6-PASS,EFI,GAS,Non-lifted,CT_White",15500.00
Onward,16,6-PASS,3,Club Car,3,GAS,3,EFI,1,Non-lifted,2,Black,9,Beige,1,"Club Car,Onward,6-PASS,EFI,GAS,Non-lifted",2689,"Club Car,Onward,Black,6-PASS,EFI,GAS,Non-lifted,CT_Beige",15500.00
Onward,16,6-PASS,3,Club Car,3,GAS,3,EFI,1,Non-lifted,2,Black,9,Black,3,"Club Car,Onward,6-PASS,EFI,GAS,Non-lifted",2689,"Club Car,Onward,Black,6-PASS,EFI,GAS,Non-lifted,CT_Black",15500.00
Onward,16,6-PASS,3,Club Car,3,GAS,3,EFI,1,Non-lifted,2,Pearl Mist Grey,34,White,2,"Club Car,Onward,6-PASS,EFI,GAS,Non-lifted",2689,"Club Car,Onward,Pearl Mist Grey,6-PASS,EFI,GAS,Non-lifted,CT_White",15500.00
Onward,16,6-PASS,3,Club Car,3,GAS,3,EFI,1,Non-lifted,2,Pearl Mist Grey,34,Beige,1,"Club Car,Onward,6-PASS,EFI,GAS,Non-lifted",2689,"Club Car,Onward,Pearl Mist Grey,6-PASS,EFI,GAS,Non-lifted,CT_Beige",15500.00
Onward,16,6-PASS,3,Club Car,3,GAS,3,EFI,1,Non-lifted,2,Pearl Mist Grey,34,Black,3,"Club Car,Onward,6-PASS,EFI,GAS,Non-lifted",2689,"Club Car,Onward,Pearl Mist Grey,6-PASS,EFI,GAS,Non-lifted,CT_Black",15500.00
Onward,16,6-PASS,3,Club Car,3,GAS,3,EFI,1,Non-lifted,2,Rally Red,35,White,2,"Club Car,Onward,6-PASS,EFI,GAS,Non-lifted",2689,"Club Car,Onward,Rally Red,6-PASS,EFI,GAS,Non-lifted,CT_White",15500.00
Onward,16,6-PASS,3,Club Car,3,GAS,3,EFI,1,Non-lifted,2,Rally Red,35,Beige,1,"Club Car,Onward,6-PASS,EFI,GAS,Non-lifted",2689,"Club Car,Onward,Rally Red,6-PASS,EFI,GAS,Non-lifted,CT_Beige",15500.00
Onward,16,6-PASS,3,Club Car,3,GAS,3,EFI,1,Non-lifted,2,Rally Red,35,Black,3,"Club Car,Onward,6-PASS,EFI,GAS,Non-lifted",2689,"Club Car,Onward,Rally Red,6-PASS,EFI,GAS,Non-lifted,CT_Black",15500.00
Onward,16,6-PASS,3,Club Car,3,GAS,3,EFI,1,Lifted,1,Met. Beige,27,White,2,"Club Car,Onward,6-PASS,EFI,GAS,Lifted",2690,"Club Car,Onward,Met. Beige,6-PASS,EFI,GAS,Lifted,CT_White",16500.00
Onward,16,6-PASS,3,Club Car,3,GAS,3,EFI,1,Lifted,1,Met. Beige,27,Beige,1,"Club Car,Onward,6-PASS,EFI,GAS,Lifted",2690,"Club Car,Onward,Met. Beige,6-PASS,EFI,GAS,Lifted,CT_Beige",16500.00
Onward,16,6-PASS,3,Club Car,3,GAS,3,EFI,1,Lifted,1,Met. Beige,27,Black,3,"Club Car,Onward,6-PASS,EFI,GAS,Lifted",2690,"Club Car,Onward,Met. Beige,6-PASS,EFI,GAS,Lifted,CT_Black",16500.00
Onward,16,6-PASS,3,Club Car,3,GAS,3,EFI,1,Lifted,1,Met. Blue Onyx,28,White,2,"Club Car,Onward,6-PASS,EFI,GAS,Lifted",2690,"Club Car,Onward,Met. Blue Onyx,6-PASS,EFI,GAS,Lifted,CT_White",16500.00
Onward,16,6-PASS,3,Club Car,3,GAS,3,EFI,1,Lifted,1,Met. Blue Onyx,28,Beige,1,"Club Car,Onward,6-PASS,EFI,GAS,Lifted",2690,"Club Car,Onward,Met. Blue Onyx,6-PASS,EFI,GAS,Lifted,CT_Beige",16500.00
Onward,16,6-PASS,3,Club Car,3,GAS,3,EFI,1,Lifted,1,Met. Blue Onyx,28,Black,3,"Club Car,Onward,6-PASS,EFI,GAS,Lifted",2690,"Club Car,Onward,Met. Blue Onyx,6-PASS,EFI,GAS,Lifted,CT_Black",16500.00
Onward,16,6-PASS,3,Club Car,3,GAS,3,EFI,1,Lifted,1,Met. Candy Apple Red,29,White,2,"Club Car,Onward,6-PASS,EFI,GAS,Lifted",2690,"Club Car,Onward,Met. Candy Apple Red,6-PASS,EFI,GAS,Lifted,CT_White",16500.00
Onward,16,6-PASS,3,Club Car,3,GAS,3,EFI,1,Lifted,1,Met. Candy Apple Red,29,Beige,1,"Club Car,Onward,6-PASS,EFI,GAS,Lifted",2690,"Club Car,Onward,Met. Candy Apple Red,6-PASS,EFI,GAS,Lifted,CT_Beige",16500.00
Onward,16,6-PASS,3,Club Car,3,GAS,3,EFI,1,Lifted,1,Met. Candy Apple Red,29,Black,3,"Club Car,Onward,6-PASS,EFI,GAS,Lifted",2690,"Club Car,Onward,Met. Candy Apple Red,6-PASS,EFI,GAS,Lifted,CT_Black",16500.00
Onward,16,6-PASS,3,Club Car,3,GAS,3,EFI,1,Lifted,1,Met. Cashmere,30,White,2,"Club Car,Onward,6-PASS,EFI,GAS,Lifted",2690,"Club Car,Onward,Met. Cashmere,6-PASS,EFI,GAS,Lifted,CT_White",16500.00
Onward,16,6-PASS,3,Club Car,3,GAS,3,EFI,1,Lifted,1,Met. Cashmere,30,Beige,1,"Club Car,Onward,6-PASS,EFI,GAS,Lifted",2690,"Club Car,Onward,Met. Cashmere,6-PASS,EFI,GAS,Lifted,CT_Beige",16500.00
Onward,16,6-PASS,3,Club Car,3,GAS,3,EFI,1,Lifted,1,Met. Cashmere,30,Black,3,"Club Car,Onward,6-PASS,EFI,GAS,Lifted",2690,"Club Car,Onward,Met. Cashmere,6-PASS,EFI,GAS,Lifted,CT_Black",16500.00
Onward,16,6-PASS,3,Club Car,3,GAS,3,EFI,1,Lifted,1,White,4,White,2,"Club Car,Onward,6-PASS,EFI,GAS,Lifted",2690,"Club Car,Onward,White,6-PASS,EFI,GAS,Lifted,CT_White",16500.00
Onward,16,6-PASS,3,Club Car,3,GAS,3,EFI,1,Lifted,1,White,4,Beige,1,"Club Car,Onward,6-PASS,EFI,GAS,Lifted",2690,"Club Car,Onward,White,6-PASS,EFI,GAS,Lifted,CT_Beige",16500.00
Onward,16,6-PASS,3,Club Car,3,GAS,3,EFI,1,Lifted,1,White,4,Black,3,"Club Car,Onward,6-PASS,EFI,GAS,Lifted",2690,"Club Car,Onward,White,6-PASS,EFI,GAS,Lifted,CT_Black",16500.00
Onward,16,6-PASS,3,Club Car,3,GAS,3,EFI,1,Lifted,1,Met. Ice Blue,31,White,2,"Club Car,Onward,6-PASS,EFI,GAS,Lifted",2690,"Club Car,Onward,Met. Ice Blue,6-PASS,EFI,GAS,Lifted,CT_White",16500.00
Onward,16,6-PASS,3,Club Car,3,GAS,3,EFI,1,Lifted,1,Met. Ice Blue,31,Beige,1,"Club Car,Onward,6-PASS,EFI,GAS,Lifted",2690,"Club Car,Onward,Met. Ice Blue,6-PASS,EFI,GAS,Lifted,CT_Beige",16500.00
Onward,16,6-PASS,3,Club Car,3,GAS,3,EFI,1,Lifted,1,Met. Ice Blue,31,Black,3,"Club Car,Onward,6-PASS,EFI,GAS,Lifted",2690,"Club Car,Onward,Met. Ice Blue,6-PASS,EFI,GAS,Lifted,CT_Black",16500.00
Onward,16,6-PASS,3,Club Car,3,GAS,3,EFI,1,Lifted,1,Met. Jade Green,32,White,2,"Club Car,Onward,6-PASS,EFI,GAS,Lifted",2690,"Club Car,Onward,Met. Jade Green,6-PASS,EFI,GAS,Lifted,CT_White",16500.00
Onward,16,6-PASS,3,Club Car,3,GAS,3,EFI,1,Lifted,1,Met. Jade Green,32,Beige,1,"Club Car,Onward,6-PASS,EFI,GAS,Lifted",2690,"Club Car,Onward,Met. Jade Green,6-PASS,EFI,GAS,Lifted,CT_Beige",16500.00
Onward,16,6-PASS,3,Club Car,3,GAS,3,EFI,1,Lifted,1,Met. Jade Green,32,Black,3,"Club Car,Onward,6-PASS,EFI,GAS,Lifted",2690,"Club Car,Onward,Met. Jade Green,6-PASS,EFI,GAS,Lifted,CT_Black",16500.00
Onward,16,6-PASS,3,Club Car,3,GAS,3,EFI,1,Lifted,1,Met. Midnight Silver,33,White,2,"Club Car,Onward,6-PASS,EFI,GAS,Lifted",2690,"Club Car,Onward,Met. Midnight Silver,6-PASS,EFI,GAS,Lifted,CT_White",16500.00
Onward,16,6-PASS,3,Club Car,3,GAS,3,EFI,1,Lifted,1,Met. Midnight Silver,33,Beige,1,"Club Car,Onward,6-PASS,EFI,GAS,Lifted",2690,"Club Car,Onward,Met. Midnight Silver,6-PASS,EFI,GAS,Lifted,CT_Beige",16500.00
Onward,16,6-PASS,3,Club Car,3,GAS,3,EFI,1,Lifted,1,Met. Midnight Silver,33,Black,3,"Club Car,Onward,6-PASS,EFI,GAS,Lifted",2690,"Club Car,Onward,Met. Midnight Silver,6-PASS,EFI,GAS,Lifted,CT_Black",16500.00
Onward,16,6-PASS,3,Club Car,3,GAS,3,EFI,1,Lifted,1,Black,9,White,2,"Club Car,Onward,6-PASS,EFI,GAS,Lifted",2690,"Club Car,Onward,Black,6-PASS,EFI,GAS,Lifted,CT_White",16500.00
Onward,16,6-PASS,3,Club Car,3,GAS,3,EFI,1,Lifted,1,Black,9,Beige,1,"Club Car,Onward,6-PASS,EFI,GAS,Lifted",2690,"Club Car,Onward,Black,6-PASS,EFI,GAS,Lifted,CT_Beige",16500.00
Onward,16,6-PASS,3,Club Car,3,GAS,3,EFI,1,Lifted,1,Black,9,Black,3,"Club Car,Onward,6-PASS,EFI,GAS,Lifted",2690,"Club Car,Onward,Black,6-PASS,EFI,GAS,Lifted,CT_Black",16500.00
Onward,16,6-PASS,3,Club Car,3,GAS,3,EFI,1,Lifted,1,Pearl Mist Grey,34,White,2,"Club Car,Onward,6-PASS,EFI,GAS,Lifted",2690,"Club Car,Onward,Pearl Mist Grey,6-PASS,EFI,GAS,Lifted,CT_White",16500.00
Onward,16,6-PASS,3,Club Car,3,GAS,3,EFI,1,Lifted,1,Pearl Mist Grey,34,Beige,1,"Club Car,Onward,6-PASS,EFI,GAS,Lifted",2690,"Club Car,Onward,Pearl Mist Grey,6-PASS,EFI,GAS,Lifted,CT_Beige",16500.00
Onward,16,6-PASS,3,Club Car,3,GAS,3,EFI,1,Lifted,1,Pearl Mist Grey,34,Black,3,"Club Car,Onward,6-PASS,EFI,GAS,Lifted",2690,"Club Car,Onward,Pearl Mist Grey,6-PASS,EFI,GAS,Lifted,CT_Black",16500.00
Onward,16,6-PASS,3,Club Car,3,GAS,3,EFI,1,Lifted,1,Rally Red,35,White,2,"Club Car,Onward,6-PASS,EFI,GAS,Lifted",2690,"Club Car,Onward,Rally Red,6-PASS,EFI,GAS,Lifted,CT_White",16500.00
Onward,16,6-PASS,3,Club Car,3,GAS,3,EFI,1,Lifted,1,Rally Red,35,Beige,1,"Club Car,Onward,6-PASS,EFI,GAS,Lifted",2690,"Club Car,Onward,Rally Red,6-PASS,EFI,GAS,Lifted,CT_Beige",16500.00
Onward,16,6-PASS,3,Club Car,3,GAS,3,EFI,1,Lifted,1,Rally Red,35,Black,3,"Club Car,Onward,6-PASS,EFI,GAS,Lifted",2690,"Club Car,Onward,Rally Red,6-PASS,EFI,GAS,Lifted,CT_Black",16500.00
Tempo,18,2-PASS,1,Club Car,3,ELECTRIC,2,FLA,4,Non-lifted,2,White,4,White,2,"Club Car,Tempo,2-PASS,FLA,ELECTRIC,Non-lifted",2691,"Club Car,Tempo,White,2-PASS,FLA,ELECTRIC,Non-lifted,CT_White",8495.00
Tempo,18,2-PASS,1,Club Car,3,ELECTRIC,2,FLA,4,Non-lifted,2,White,4,Beige,1,"Club Car,Tempo,2-PASS,FLA,ELECTRIC,Non-lifted",2691,"Club Car,Tempo,White,2-PASS,FLA,ELECTRIC,Non-lifted,CT_Beige",8495.00
Tempo,18,2-PASS,1,Club Car,3,ELECTRIC,2,FLA,4,Non-lifted,2,White,4,Black,3,"Club Car,Tempo,2-PASS,FLA,ELECTRIC,Non-lifted",2691,"Club Car,Tempo,White,2-PASS,FLA,ELECTRIC,Non-lifted,CT_Black",8495.00
Tempo,18,2-PASS,1,Club Car,3,ELECTRIC,2,FLA,4,Non-lifted,2,Beige,36,White,2,"Club Car,Tempo,2-PASS,FLA,ELECTRIC,Non-lifted",2691,"Club Car,Tempo,Beige,2-PASS,FLA,ELECTRIC,Non-lifted,CT_White",8495.00
Tempo,18,2-PASS,1,Club Car,3,ELECTRIC,2,FLA,4,Non-lifted,2,Beige,36,Beige,1,"Club Car,Tempo,2-PASS,FLA,ELECTRIC,Non-lifted",2691,"Club Car,Tempo,Beige,2-PASS,FLA,ELECTRIC,Non-lifted,CT_Beige",8495.00
Tempo,18,2-PASS,1,Club Car,3,ELECTRIC,2,FLA,4,Non-lifted,2,Beige,36,Black,3,"Club Car,Tempo,2-PASS,FLA,ELECTRIC,Non-lifted",2691,"Club Car,Tempo,Beige,2-PASS,FLA,ELECTRIC,Non-lifted,CT_Black",8495.00
Tempo,18,2-PASS,1,Club Car,3,ELECTRIC,2,FLA,4,Non-lifted,2,Platinum,37,White,2,"Club Car,Tempo,2-PASS,FLA,ELECTRIC,Non-lifted",2691,"Club Car,Tempo,Platinum,2-PASS,FLA,ELECTRIC,Non-lifted,CT_White",8495.00
Tempo,18,2-PASS,1,Club Car,3,ELECTRIC,2,FLA,4,Non-lifted,2,Platinum,37,Beige,1,"Club Car,Tempo,2-PASS,FLA,ELECTRIC,Non-lifted",2691,"Club Car,Tempo,Platinum,2-PASS,FLA,ELECTRIC,Non-lifted,CT_Beige",8495.00
Tempo,18,2-PASS,1,Club Car,3,ELECTRIC,2,FLA,4,Non-lifted,2,Platinum,37,Black,3,"Club Car,Tempo,2-PASS,FLA,ELECTRIC,Non-lifted",2691,"Club Car,Tempo,Platinum,2-PASS,FLA,ELECTRIC,Non-lifted,CT_Black",8495.00
Tempo,18,2-PASS,1,Club Car,3,ELECTRIC,2,FLA,4,Non-lifted,2,Sangria,38,White,2,"Club Car,Tempo,2-PASS,FLA,ELECTRIC,Non-lifted",2691,"Club Car,Tempo,Sangria,2-PASS,FLA,ELECTRIC,Non-lifted,CT_White",8495.00
Tempo,18,2-PASS,1,Club Car,3,ELECTRIC,2,FLA,4,Non-lifted,2,Sangria,38,Beige,1,"Club Car,Tempo,2-PASS,FLA,ELECTRIC,Non-lifted",2691,"Club Car,Tempo,Sangria,2-PASS,FLA,ELECTRIC,Non-lifted,CT_Beige",8495.00
Tempo,18,2-PASS,1,Club Car,3,ELECTRIC,2,FLA,4,Non-lifted,2,Sangria,38,Black,3,"Club Car,Tempo,2-PASS,FLA,ELECTRIC,Non-lifted",2691,"Club Car,Tempo,Sangria,2-PASS,FLA,ELECTRIC,Non-lifted,CT_Black",8495.00
Tempo,18,2-PASS,1,Club Car,3,ELECTRIC,2,FLA,4,Non-lifted,2,Green,39,White,2,"Club Car,Tempo,2-PASS,FLA,ELECTRIC,Non-lifted",2691,"Club Car,Tempo,Green,2-PASS,FLA,ELECTRIC,Non-lifted,CT_White",8495.00
Tempo,18,2-PASS,1,Club Car,3,ELECTRIC,2,FLA,4,Non-lifted,2,Green,39,Beige,1,"Club Car,Tempo,2-PASS,FLA,ELECTRIC,Non-lifted",2691,"Club Car,Tempo,Green,2-PASS,FLA,ELECTRIC,Non-lifted,CT_Beige",8495.00
Tempo,18,2-PASS,1,Club Car,3,ELECTRIC,2,FLA,4,Non-lifted,2,Green,39,Black,3,"Club Car,Tempo,2-PASS,FLA,ELECTRIC,Non-lifted",2691,"Club Car,Tempo,Green,2-PASS,FLA,ELECTRIC,Non-lifted,CT_Black",8495.00
Tempo,18,2-PASS,1,Club Car,3,ELECTRIC,2,FLA,4,Non-lifted,2,Sapphire,40,White,2,"Club Car,Tempo,2-PASS,FLA,ELECTRIC,Non-lifted",2691,"Club Car,Tempo,Sapphire,2-PASS,FLA,ELECTRIC,Non-lifted,CT_White",8495.00
Tempo,18,2-PASS,1,Club Car,3,ELECTRIC,2,FLA,4,Non-lifted,2,Sapphire,40,Beige,1,"Club Car,Tempo,2-PASS,FLA,ELECTRIC,Non-lifted",2691,"Club Car,Tempo,Sapphire,2-PASS,FLA,ELECTRIC,Non-lifted,CT_Beige",8495.00
Tempo,18,2-PASS,1,Club Car,3,ELECTRIC,2,FLA,4,Non-lifted,2,Sapphire,40,Black,3,"Club Car,Tempo,2-PASS,FLA,ELECTRIC,Non-lifted",2691,"Club Car,Tempo,Sapphire,2-PASS,FLA,ELECTRIC,Non-lifted,CT_Black",8495.00
Tempo,18,2-PASS,1,Club Car,3,ELECTRIC,2,FLA,4,Non-lifted,2,Black,9,White,2,"Club Car,Tempo,2-PASS,FLA,ELECTRIC,Non-lifted",2691,"Club Car,Tempo,Black,2-PASS,FLA,ELECTRIC,Non-lifted,CT_White",8495.00
Tempo,18,2-PASS,1,Club Car,3,ELECTRIC,2,FLA,4,Non-lifted,2,Black,9,Beige,1,"Club Car,Tempo,2-PASS,FLA,ELECTRIC,Non-lifted",2691,"Club Car,Tempo,Black,2-PASS,FLA,ELECTRIC,Non-lifted,CT_Beige",8495.00
Tempo,18,2-PASS,1,Club Car,3,ELECTRIC,2,FLA,4,Non-lifted,2,Black,9,Black,3,"Club Car,Tempo,2-PASS,FLA,ELECTRIC,Non-lifted",2691,"Club Car,Tempo,Black,2-PASS,FLA,ELECTRIC,Non-lifted,CT_Black",8495.00
Tempo,18,2-PASS,1,Club Car,3,ELECTRIC,2,FLA,4,Non-lifted,2,Cashmere,41,White,2,"Club Car,Tempo,2-PASS,FLA,ELECTRIC,Non-lifted",2691,"Club Car,Tempo,Cashmere,2-PASS,FLA,ELECTRIC,Non-lifted,CT_White",8495.00
Tempo,18,2-PASS,1,Club Car,3,ELECTRIC,2,FLA,4,Non-lifted,2,Cashmere,41,Beige,1,"Club Car,Tempo,2-PASS,FLA,ELECTRIC,Non-lifted",2691,"Club Car,Tempo,Cashmere,2-PASS,FLA,ELECTRIC,Non-lifted,CT_Beige",8495.00
Tempo,18,2-PASS,1,Club Car,3,ELECTRIC,2,FLA,4,Non-lifted,2,Cashmere,41,Black,3,"Club Car,Tempo,2-PASS,FLA,ELECTRIC,Non-lifted",2691,"Club Car,Tempo,Cashmere,2-PASS,FLA,ELECTRIC,Non-lifted,CT_Black",8495.00
Tempo,18,2-PASS,1,Club Car,3,ELECTRIC,2,FLA,4,Non-lifted,2,Met. Candy Apple Red,29,White,2,"Club Car,Tempo,2-PASS,FLA,ELECTRIC,Non-lifted",2691,"Club Car,Tempo,Met. Candy Apple Red,2-PASS,FLA,ELECTRIC,Non-lifted,CT_White",8495.00
Tempo,18,2-PASS,1,Club Car,3,ELECTRIC,2,FLA,4,Non-lifted,2,Met. Candy Apple Red,29,Beige,1,"Club Car,Tempo,2-PASS,FLA,ELECTRIC,Non-lifted",2691,"Club Car,Tempo,Met. Candy Apple Red,2-PASS,FLA,ELECTRIC,Non-lifted,CT_Beige",8495.00
Tempo,18,2-PASS,1,Club Car,3,ELECTRIC,2,FLA,4,Non-lifted,2,Met. Candy Apple Red,29,Black,3,"Club Car,Tempo,2-PASS,FLA,ELECTRIC,Non-lifted",2691,"Club Car,Tempo,Met. Candy Apple Red,2-PASS,FLA,ELECTRIC,Non-lifted,CT_Black",8495.00
Tempo,18,2-PASS,1,Club Car,3,ELECTRIC,2,FLA,4,Non-lifted,2,Met. Green,42,White,2,"Club Car,Tempo,2-PASS,FLA,ELECTRIC,Non-lifted",2691,"Club Car,Tempo,Met. Green,2-PASS,FLA,ELECTRIC,Non-lifted,CT_White",8495.00
Tempo,18,2-PASS,1,Club Car,3,ELECTRIC,2,FLA,4,Non-lifted,2,Met. Green,42,Beige,1,"Club Car,Tempo,2-PASS,FLA,ELECTRIC,Non-lifted",2691,"Club Car,Tempo,Met. Green,2-PASS,FLA,ELECTRIC,Non-lifted,CT_Beige",8495.00
Tempo,18,2-PASS,1,Club Car,3,ELECTRIC,2,FLA,4,Non-lifted,2,Met. Green,42,Black,3,"Club Car,Tempo,2-PASS,FLA,ELECTRIC,Non-lifted",2691,"Club Car,Tempo,Met. Green,2-PASS,FLA,ELECTRIC,Non-lifted,CT_Black",8495.00
Tempo,18,2-PASS,1,Club Car,3,ELECTRIC,2,FLA,4,Non-lifted,2,Met. Sapphire,43,White,2,"Club Car,Tempo,2-PASS,FLA,ELECTRIC,Non-lifted",2691,"Club Car,Tempo,Met. Sapphire,2-PASS,FLA,ELECTRIC,Non-lifted,CT_White",8495.00
Tempo,18,2-PASS,1,Club Car,3,ELECTRIC,2,FLA,4,Non-lifted,2,Met. Sapphire,43,Beige,1,"Club Car,Tempo,2-PASS,FLA,ELECTRIC,Non-lifted",2691,"Club Car,Tempo,Met. Sapphire,2-PASS,FLA,ELECTRIC,Non-lifted,CT_Beige",8495.00
Tempo,18,2-PASS,1,Club Car,3,ELECTRIC,2,FLA,4,Non-lifted,2,Met. Sapphire,43,Black,3,"Club Car,Tempo,2-PASS,FLA,ELECTRIC,Non-lifted",2691,"Club Car,Tempo,Met. Sapphire,2-PASS,FLA,ELECTRIC,Non-lifted,CT_Black",8495.00
Tempo,18,2-PASS,1,Club Car,3,ELECTRIC,2,FLA,4,Non-lifted,2,Met. Mocha,44,White,2,"Club Car,Tempo,2-PASS,FLA,ELECTRIC,Non-lifted",2691,"Club Car,Tempo,Met. Mocha,2-PASS,FLA,ELECTRIC,Non-lifted,CT_White",8495.00
Tempo,18,2-PASS,1,Club Car,3,ELECTRIC,2,FLA,4,Non-lifted,2,Met. Mocha,44,Beige,1,"Club Car,Tempo,2-PASS,FLA,ELECTRIC,Non-lifted",2691,"Club Car,Tempo,Met. Mocha,2-PASS,FLA,ELECTRIC,Non-lifted,CT_Beige",8495.00
Tempo,18,2-PASS,1,Club Car,3,ELECTRIC,2,FLA,4,Non-lifted,2,Met. Mocha,44,Black,3,"Club Car,Tempo,2-PASS,FLA,ELECTRIC,Non-lifted",2691,"Club Car,Tempo,Met. Mocha,2-PASS,FLA,ELECTRIC,Non-lifted,CT_Black",8495.00
Tempo,18,2-PASS,1,Club Car,3,GAS,3,EFI,1,Non-lifted,2,White,4,White,2,"Club Car,Tempo,2-PASS,EFI,GAS,Non-lifted",2692,"Club Car,Tempo,White,2-PASS,EFI,GAS,Non-lifted,CT_White",8495.00
Tempo,18,2-PASS,1,Club Car,3,GAS,3,EFI,1,Non-lifted,2,White,4,Beige,1,"Club Car,Tempo,2-PASS,EFI,GAS,Non-lifted",2692,"Club Car,Tempo,White,2-PASS,EFI,GAS,Non-lifted,CT_Beige",8495.00
Tempo,18,2-PASS,1,Club Car,3,GAS,3,EFI,1,Non-lifted,2,White,4,Black,3,"Club Car,Tempo,2-PASS,EFI,GAS,Non-lifted",2692,"Club Car,Tempo,White,2-PASS,EFI,GAS,Non-lifted,CT_Black",8495.00
Tempo,18,2-PASS,1,Club Car,3,GAS,3,EFI,1,Non-lifted,2,Beige,36,White,2,"Club Car,Tempo,2-PASS,EFI,GAS,Non-lifted",2692,"Club Car,Tempo,Beige,2-PASS,EFI,GAS,Non-lifted,CT_White",8495.00
Tempo,18,2-PASS,1,Club Car,3,GAS,3,EFI,1,Non-lifted,2,Beige,36,Beige,1,"Club Car,Tempo,2-PASS,EFI,GAS,Non-lifted",2692,"Club Car,Tempo,Beige,2-PASS,EFI,GAS,Non-lifted,CT_Beige",8495.00
Tempo,18,2-PASS,1,Club Car,3,GAS,3,EFI,1,Non-lifted,2,Beige,36,Black,3,"Club Car,Tempo,2-PASS,EFI,GAS,Non-lifted",2692,"Club Car,Tempo,Beige,2-PASS,EFI,GAS,Non-lifted,CT_Black",8495.00
Tempo,18,2-PASS,1,Club Car,3,GAS,3,EFI,1,Non-lifted,2,Platinum,37,White,2,"Club Car,Tempo,2-PASS,EFI,GAS,Non-lifted",2692,"Club Car,Tempo,Platinum,2-PASS,EFI,GAS,Non-lifted,CT_White",8495.00
Tempo,18,2-PASS,1,Club Car,3,GAS,3,EFI,1,Non-lifted,2,Platinum,37,Beige,1,"Club Car,Tempo,2-PASS,EFI,GAS,Non-lifted",2692,"Club Car,Tempo,Platinum,2-PASS,EFI,GAS,Non-lifted,CT_Beige",8495.00
Tempo,18,2-PASS,1,Club Car,3,GAS,3,EFI,1,Non-lifted,2,Platinum,37,Black,3,"Club Car,Tempo,2-PASS,EFI,GAS,Non-lifted",2692,"Club Car,Tempo,Platinum,2-PASS,EFI,GAS,Non-lifted,CT_Black",8495.00
Tempo,18,2-PASS,1,Club Car,3,GAS,3,EFI,1,Non-lifted,2,Sangria,38,White,2,"Club Car,Tempo,2-PASS,EFI,GAS,Non-lifted",2692,"Club Car,Tempo,Sangria,2-PASS,EFI,GAS,Non-lifted,CT_White",8495.00
Tempo,18,2-PASS,1,Club Car,3,GAS,3,EFI,1,Non-lifted,2,Sangria,38,Beige,1,"Club Car,Tempo,2-PASS,EFI,GAS,Non-lifted",2692,"Club Car,Tempo,Sangria,2-PASS,EFI,GAS,Non-lifted,CT_Beige",8495.00
Tempo,18,2-PASS,1,Club Car,3,GAS,3,EFI,1,Non-lifted,2,Sangria,38,Black,3,"Club Car,Tempo,2-PASS,EFI,GAS,Non-lifted",2692,"Club Car,Tempo,Sangria,2-PASS,EFI,GAS,Non-lifted,CT_Black",8495.00
Tempo,18,2-PASS,1,Club Car,3,GAS,3,EFI,1,Non-lifted,2,Green,39,White,2,"Club Car,Tempo,2-PASS,EFI,GAS,Non-lifted",2692,"Club Car,Tempo,Green,2-PASS,EFI,GAS,Non-lifted,CT_White",8495.00
Tempo,18,2-PASS,1,Club Car,3,GAS,3,EFI,1,Non-lifted,2,Green,39,Beige,1,"Club Car,Tempo,2-PASS,EFI,GAS,Non-lifted",2692,"Club Car,Tempo,Green,2-PASS,EFI,GAS,Non-lifted,CT_Beige",8495.00
Tempo,18,2-PASS,1,Club Car,3,GAS,3,EFI,1,Non-lifted,2,Green,39,Black,3,"Club Car,Tempo,2-PASS,EFI,GAS,Non-lifted",2692,"Club Car,Tempo,Green,2-PASS,EFI,GAS,Non-lifted,CT_Black",8495.00
Tempo,18,2-PASS,1,Club Car,3,GAS,3,EFI,1,Non-lifted,2,Sapphire,40,White,2,"Club Car,Tempo,2-PASS,EFI,GAS,Non-lifted",2692,"Club Car,Tempo,Sapphire,2-PASS,EFI,GAS,Non-lifted,CT_White",8495.00
Tempo,18,2-PASS,1,Club Car,3,GAS,3,EFI,1,Non-lifted,2,Sapphire,40,Beige,1,"Club Car,Tempo,2-PASS,EFI,GAS,Non-lifted",2692,"Club Car,Tempo,Sapphire,2-PASS,EFI,GAS,Non-lifted,CT_Beige",8495.00
Tempo,18,2-PASS,1,Club Car,3,GAS,3,EFI,1,Non-lifted,2,Sapphire,40,Black,3,"Club Car,Tempo,2-PASS,EFI,GAS,Non-lifted",2692,"Club Car,Tempo,Sapphire,2-PASS,EFI,GAS,Non-lifted,CT_Black",8495.00
Tempo,18,2-PASS,1,Club Car,3,GAS,3,EFI,1,Non-lifted,2,Black,9,White,2,"Club Car,Tempo,2-PASS,EFI,GAS,Non-lifted",2692,"Club Car,Tempo,Black,2-PASS,EFI,GAS,Non-lifted,CT_White",8495.00
Tempo,18,2-PASS,1,Club Car,3,GAS,3,EFI,1,Non-lifted,2,Black,9,Beige,1,"Club Car,Tempo,2-PASS,EFI,GAS,Non-lifted",2692,"Club Car,Tempo,Black,2-PASS,EFI,GAS,Non-lifted,CT_Beige",8495.00
Tempo,18,2-PASS,1,Club Car,3,GAS,3,EFI,1,Non-lifted,2,Black,9,Black,3,"Club Car,Tempo,2-PASS,EFI,GAS,Non-lifted",2692,"Club Car,Tempo,Black,2-PASS,EFI,GAS,Non-lifted,CT_Black",8495.00
Tempo,18,2-PASS,1,Club Car,3,GAS,3,EFI,1,Non-lifted,2,Cashmere,41,White,2,"Club Car,Tempo,2-PASS,EFI,GAS,Non-lifted",2692,"Club Car,Tempo,Cashmere,2-PASS,EFI,GAS,Non-lifted,CT_White",8495.00
Tempo,18,2-PASS,1,Club Car,3,GAS,3,EFI,1,Non-lifted,2,Cashmere,41,Beige,1,"Club Car,Tempo,2-PASS,EFI,GAS,Non-lifted",2692,"Club Car,Tempo,Cashmere,2-PASS,EFI,GAS,Non-lifted,CT_Beige",8495.00
Tempo,18,2-PASS,1,Club Car,3,GAS,3,EFI,1,Non-lifted,2,Cashmere,41,Black,3,"Club Car,Tempo,2-PASS,EFI,GAS,Non-lifted",2692,"Club Car,Tempo,Cashmere,2-PASS,EFI,GAS,Non-lifted,CT_Black",8495.00
Tempo,18,2-PASS,1,Club Car,3,GAS,3,EFI,1,Non-lifted,2,Met. Candy Apple Red,29,White,2,"Club Car,Tempo,2-PASS,EFI,GAS,Non-lifted",2692,"Club Car,Tempo,Met. Candy Apple Red,2-PASS,EFI,GAS,Non-lifted,CT_White",8495.00
Tempo,18,2-PASS,1,Club Car,3,GAS,3,EFI,1,Non-lifted,2,Met. Candy Apple Red,29,Beige,1,"Club Car,Tempo,2-PASS,EFI,GAS,Non-lifted",2692,"Club Car,Tempo,Met. Candy Apple Red,2-PASS,EFI,GAS,Non-lifted,CT_Beige",8495.00
Tempo,18,2-PASS,1,Club Car,3,GAS,3,EFI,1,Non-lifted,2,Met. Candy Apple Red,29,Black,3,"Club Car,Tempo,2-PASS,EFI,GAS,Non-lifted",2692,"Club Car,Tempo,Met. Candy Apple Red,2-PASS,EFI,GAS,Non-lifted,CT_Black",8495.00
Tempo,18,2-PASS,1,Club Car,3,GAS,3,EFI,1,Non-lifted,2,Met. Green,42,White,2,"Club Car,Tempo,2-PASS,EFI,GAS,Non-lifted",2692,"Club Car,Tempo,Met. Green,2-PASS,EFI,GAS,Non-lifted,CT_White",8495.00
Tempo,18,2-PASS,1,Club Car,3,GAS,3,EFI,1,Non-lifted,2,Met. Green,42,Beige,1,"Club Car,Tempo,2-PASS,EFI,GAS,Non-lifted",2692,"Club Car,Tempo,Met. Green,2-PASS,EFI,GAS,Non-lifted,CT_Beige",8495.00
Tempo,18,2-PASS,1,Club Car,3,GAS,3,EFI,1,Non-lifted,2,Met. Green,42,Black,3,"Club Car,Tempo,2-PASS,EFI,GAS,Non-lifted",2692,"Club Car,Tempo,Met. Green,2-PASS,EFI,GAS,Non-lifted,CT_Black",8495.00
Tempo,18,2-PASS,1,Club Car,3,GAS,3,EFI,1,Non-lifted,2,Met. Sapphire,43,White,2,"Club Car,Tempo,2-PASS,EFI,GAS,Non-lifted",2692,"Club Car,Tempo,Met. Sapphire,2-PASS,EFI,GAS,Non-lifted,CT_White",8495.00
Tempo,18,2-PASS,1,Club Car,3,GAS,3,EFI,1,Non-lifted,2,Met. Sapphire,43,Beige,1,"Club Car,Tempo,2-PASS,EFI,GAS,Non-lifted",2692,"Club Car,Tempo,Met. Sapphire,2-PASS,EFI,GAS,Non-lifted,CT_Beige",8495.00
Tempo,18,2-PASS,1,Club Car,3,GAS,3,EFI,1,Non-lifted,2,Met. Sapphire,43,Black,3,"Club Car,Tempo,2-PASS,EFI,GAS,Non-lifted",2692,"Club Car,Tempo,Met. Sapphire,2-PASS,EFI,GAS,Non-lifted,CT_Black",8495.00
Tempo,18,2-PASS,1,Club Car,3,GAS,3,EFI,1,Non-lifted,2,Met. Mocha,44,White,2,"Club Car,Tempo,2-PASS,EFI,GAS,Non-lifted",2692,"Club Car,Tempo,Met. Mocha,2-PASS,EFI,GAS,Non-lifted,CT_White",8495.00
Tempo,18,2-PASS,1,Club Car,3,GAS,3,EFI,1,Non-lifted,2,Met. Mocha,44,Beige,1,"Club Car,Tempo,2-PASS,EFI,GAS,Non-lifted",2692,"Club Car,Tempo,Met. Mocha,2-PASS,EFI,GAS,Non-lifted,CT_Beige",8495.00
Tempo,18,2-PASS,1,Club Car,3,GAS,3,EFI,1,Non-lifted,2,Met. Mocha,44,Black,3,"Club Car,Tempo,2-PASS,EFI,GAS,Non-lifted",2692,"Club Car,Tempo,Met. Mocha,2-PASS,EFI,GAS,Non-lifted,CT_Black",8495.00
UMAX One,19,2-PASS,1,Yamaha,1,GAS,3,EFI,1,Non-lifted,2,Carbon,12,Black,3,"Yamaha,UMAX One,2-PASS,EFI,GAS,Non-lifted",2693,"Yamaha,UMAX One,Carbon,2-PASS,EFI,GAS,Non-lifted,CT_Black",11500.00
UMAX One,19,2-PASS,1,Yamaha,1,GAS,3,EFI,1,Non-lifted,2,Aqua Blue,5,Black,3,"Yamaha,UMAX One,2-PASS,EFI,GAS,Non-lifted",2693,"Yamaha,UMAX One,Aqua Blue,2-PASS,EFI,GAS,Non-lifted,CT_Black",11500.00
UMAX One,19,2-PASS,1,Yamaha,1,GAS,3,EFI,1,Non-lifted,2,Evergreen,45,Black,3,"Yamaha,UMAX One,2-PASS,EFI,GAS,Non-lifted",2693,"Yamaha,UMAX One,Evergreen,2-PASS,EFI,GAS,Non-lifted,CT_Black",11500.00
UMAX One,19,2-PASS,1,Yamaha,1,GAS,3,EFI,1,Non-lifted,2,Noble Orange,46,Black,3,"Yamaha,UMAX One,2-PASS,EFI,GAS,Non-lifted",2693,"Yamaha,UMAX One,Noble Orange,2-PASS,EFI,GAS,Non-lifted,CT_Black",11500.00
UMAX One,19,2-PASS,1,Yamaha,1,GAS,3,EFI,1,Non-lifted,2,Jasper,8,Black,3,"Yamaha,UMAX One,2-PASS,EFI,GAS,Non-lifted",2693,"Yamaha,UMAX One,Jasper,2-PASS,EFI,GAS,Non-lifted,CT_Black",11500.00
UMAX One,19,2-PASS,1,Yamaha,1,GAS,3,EFI,1,Non-lifted,2,White,4,Black,3,"Yamaha,UMAX One,2-PASS,EFI,GAS,Non-lifted",2693,"Yamaha,UMAX One,White,2-PASS,EFI,GAS,Non-lifted,CT_Black",11500.00
UMAX Rally 2+2,20,4-PASS,2,Yamaha,1,GAS,3,EFI,1,Lifted,1,Carbon,12,Black,3,"Yamaha,UMAX Rally 2+2,4-PASS,EFI,GAS,Lifted",2694,"Yamaha,UMAX Rally 2+2,Carbon,4-PASS,EFI,GAS,Lifted,CT_Black",13500.00
UMAX Rally 2+2,20,4-PASS,2,Yamaha,1,GAS,3,EFI,1,Lifted,1,Aqua Blue,5,Black,3,"Yamaha,UMAX Rally 2+2,4-PASS,EFI,GAS,Lifted",2694,"Yamaha,UMAX Rally 2+2,Aqua Blue,4-PASS,EFI,GAS,Lifted,CT_Black",13500.00
UMAX Rally 2+2,20,4-PASS,2,Yamaha,1,GAS,3,EFI,1,Lifted,1,Evergreen,45,Black,3,"Yamaha,UMAX Rally 2+2,4-PASS,EFI,GAS,Lifted",2694,"Yamaha,UMAX Rally 2+2,Evergreen,4-PASS,EFI,GAS,Lifted,CT_Black",13500.00
UMAX Rally 2+2,20,4-PASS,2,Yamaha,1,GAS,3,EFI,1,Lifted,1,Noble Orange,46,Black,3,"Yamaha,UMAX Rally 2+2,4-PASS,EFI,GAS,Lifted",2694,"Yamaha,UMAX Rally 2+2,Noble Orange,4-PASS,EFI,GAS,Lifted,CT_Black",13500.00
UMAX Rally 2+2,20,4-PASS,2,Yamaha,1,GAS,3,EFI,1,Lifted,1,Jasper,8,Black,3,"Yamaha,UMAX Rally 2+2,4-PASS,EFI,GAS,Lifted",2694,"Yamaha,UMAX Rally 2+2,Jasper,4-PASS,EFI,GAS,Lifted,CT_Black",13500.00
UMAX Rally 2+2,20,4-PASS,2,Yamaha,1,GAS,3,EFI,1,Lifted,1,White,4,Black,3,"Yamaha,UMAX Rally 2+2,4-PASS,EFI,GAS,Lifted",2694,"Yamaha,UMAX Rally 2+2,White,4-PASS,EFI,GAS,Lifted,CT_Black",13500.00
UMAX Rally,21,4-PASS,2,Yamaha,1,GAS,3,EFI,1,Lifted,1,Carbon,12,Black,3,"Yamaha,UMAX Rally,4-PASS,EFI,GAS,Lifted",2695,"Yamaha,UMAX Rally,Carbon,4-PASS,EFI,GAS,Lifted,CT_Black",12500.00
UMAX Rally,21,4-PASS,2,Yamaha,1,GAS,3,EFI,1,Lifted,1,Aqua Blue,5,Black,3,"Yamaha,UMAX Rally,4-PASS,EFI,GAS,Lifted",2695,"Yamaha,UMAX Rally,Aqua Blue,4-PASS,EFI,GAS,Lifted,CT_Black",12500.00
UMAX Rally,21,4-PASS,2,Yamaha,1,GAS,3,EFI,1,Lifted,1,Evergreen,45,Black,3,"Yamaha,UMAX Rally,4-PASS,EFI,GAS,Lifted",2695,"Yamaha,UMAX Rally,Evergreen,4-PASS,EFI,GAS,Lifted,CT_Black",12500.00
UMAX Rally,21,4-PASS,2,Yamaha,1,GAS,3,EFI,1,Lifted,1,Noble Orange,46,Black,3,"Yamaha,UMAX Rally,4-PASS,EFI,GAS,Lifted",2695,"Yamaha,UMAX Rally,Noble Orange,4-PASS,EFI,GAS,Lifted,CT_Black",12500.00
UMAX Rally,21,4-PASS,2,Yamaha,1,GAS,3,EFI,1,Lifted,1,Jasper,8,Black,3,"Yamaha,UMAX Rally,4-PASS,EFI,GAS,Lifted",2695,"Yamaha,UMAX Rally,Jasper,4-PASS,EFI,GAS,Lifted,CT_Black",12500.00
UMAX Rally,21,4-PASS,2,Yamaha,1,GAS,3,EFI,1,Lifted,1,White,4,Black,3,"Yamaha,UMAX Rally,4-PASS,EFI,GAS,Lifted",2695,"Yamaha,UMAX Rally,White,4-PASS,EFI,GAS,Lifted,CT_Black",12500.00
UMAX Two,22,2-PASS,1,Yamaha,1,GAS,3,EFI,1,Non-lifted,2,Carbon,12,Black,3,"Yamaha,UMAX Two,2-PASS,EFI,GAS,Non-lifted",2696,"Yamaha,UMAX Two,Carbon,2-PASS,EFI,GAS,Non-lifted,CT_Black",12500.00
UMAX Two,22,2-PASS,1,Yamaha,1,GAS,3,EFI,1,Non-lifted,2,Aqua Blue,5,Black,3,"Yamaha,UMAX Two,2-PASS,EFI,GAS,Non-lifted",2696,"Yamaha,UMAX Two,Aqua Blue,2-PASS,EFI,GAS,Non-lifted,CT_Black",12500.00
UMAX Two,22,2-PASS,1,Yamaha,1,GAS,3,EFI,1,Non-lifted,2,Evergreen,45,Black,3,"Yamaha,UMAX Two,2-PASS,EFI,GAS,Non-lifted",2696,"Yamaha,UMAX Two,Evergreen,2-PASS,EFI,GAS,Non-lifted,CT_Black",12500.00
UMAX Two,22,2-PASS,1,Yamaha,1,GAS,3,EFI,1,Non-lifted,2,Noble Orange,46,Black,3,"Yamaha,UMAX Two,2-PASS,EFI,GAS,Non-lifted",2696,"Yamaha,UMAX Two,Noble Orange,2-PASS,EFI,GAS,Non-lifted,CT_Black",12500.00
UMAX Two,22,2-PASS,1,Yamaha,1,GAS,3,EFI,1,Non-lifted,2,Jasper,8,Black,3,"Yamaha,UMAX Two,2-PASS,EFI,GAS,Non-lifted",2696,"Yamaha,UMAX Two,Jasper,2-PASS,EFI,GAS,Non-lifted,CT_Black",12500.00
UMAX Two,22,2-PASS,1,Yamaha,1,GAS,3,EFI,1,Non-lifted,2,White,4,Black,3,"Yamaha,UMAX Two,2-PASS,EFI,GAS,Non-lifted",2696,"Yamaha,UMAX Two,White,2-PASS,EFI,GAS,Non-lifted,CT_Black",12500.00
E20,23,2-PASS,1,Epic,4,ELECTRIC,2,AGM,2,Non-lifted,2,Black,9,Black,3,"Epic,E20,2-PASS,AGM,ELECTRIC,Non-lifted",2697,"Epic,E20,Black,2-PASS,AGM,ELECTRIC,Non-lifted,CT_Black",11900.00
E20,23,2-PASS,1,Epic,4,ELECTRIC,2,AGM,2,Non-lifted,2,Charcoal,47,Black,3,"Epic,E20,2-PASS,AGM,ELECTRIC,Non-lifted",2697,"Epic,E20,Charcoal,2-PASS,AGM,ELECTRIC,Non-lifted,CT_Black",11900.00
E20,23,2-PASS,1,Epic,4,ELECTRIC,2,AGM,2,Non-lifted,2,Red,17,Black,3,"Epic,E20,2-PASS,AGM,ELECTRIC,Non-lifted",2697,"Epic,E20,Red,2-PASS,AGM,ELECTRIC,Non-lifted,CT_Black",11900.00
E20,23,2-PASS,1,Epic,4,ELECTRIC,2,AGM,2,Non-lifted,2,Pearl White,48,Black,3,"Epic,E20,2-PASS,AGM,ELECTRIC,Non-lifted",2697,"Epic,E20,Pearl White,2-PASS,AGM,ELECTRIC,Non-lifted,CT_Black",11900.00
E20,23,2-PASS,1,Epic,4,ELECTRIC,2,AGM,2,Non-lifted,2,Kansas Blue,49,Black,3,"Epic,E20,2-PASS,AGM,ELECTRIC,Non-lifted",2697,"Epic,E20,Kansas Blue,2-PASS,AGM,ELECTRIC,Non-lifted,CT_Black",11900.00
E20,23,2-PASS,1,Epic,4,ELECTRIC,2,AGM,2,Non-lifted,2,Toyota Blue,50,Black,3,"Epic,E20,2-PASS,AGM,ELECTRIC,Non-lifted",2697,"Epic,E20,Toyota Blue,2-PASS,AGM,ELECTRIC,Non-lifted,CT_Black",11900.00
E20,23,2-PASS,1,Epic,4,ELECTRIC,2,AGM,2,Non-lifted,2,Silver,25,Black,3,"Epic,E20,2-PASS,AGM,ELECTRIC,Non-lifted",2697,"Epic,E20,Silver,2-PASS,AGM,ELECTRIC,Non-lifted,CT_Black",11900.00
E20,23,2-PASS,1,Epic,4,ELECTRIC,2,AGM,2,Non-lifted,2,Matte Black,51,Black,3,"Epic,E20,2-PASS,AGM,ELECTRIC,Non-lifted",2697,"Epic,E20,Matte Black,2-PASS,AGM,ELECTRIC,Non-lifted,CT_Black",11900.00
E40,24,4-PASS,2,Epic,4,ELECTRIC,2,AGM,2,Non-lifted,2,Black,9,Black,3,"Epic,E40,4-PASS,AGM,ELECTRIC,Non-lifted",2698,"Epic,E40,Black,4-PASS,AGM,ELECTRIC,Non-lifted,CT_Black",11900.00
E40,24,4-PASS,2,Epic,4,ELECTRIC,2,AGM,2,Non-lifted,2,Charcoal,47,Charcoal,15,"Epic,E40,4-PASS,AGM,ELECTRIC,Non-lifted",2698,"Epic,E40,Charcoal,4-PASS,AGM,ELECTRIC,Non-lifted,CT_Charcoal",11900.00
E40,24,4-PASS,2,Epic,4,ELECTRIC,2,AGM,2,Non-lifted,2,Red,17,Red,5,"Epic,E40,4-PASS,AGM,ELECTRIC,Non-lifted",2698,"Epic,E40,Red,4-PASS,AGM,ELECTRIC,Non-lifted,CT_Red",11900.00
E40,24,4-PASS,2,Epic,4,ELECTRIC,2,AGM,2,Non-lifted,2,Pearl White,48,Pearl White,16,"Epic,E40,4-PASS,AGM,ELECTRIC,Non-lifted",2698,"Epic,E40,Pearl White,4-PASS,AGM,ELECTRIC,Non-lifted,CT_Pearl White",11900.00
E40,24,4-PASS,2,Epic,4,ELECTRIC,2,AGM,2,Non-lifted,2,Kansas Blue,49,Kansas Blue,17,"Epic,E40,4-PASS,AGM,ELECTRIC,Non-lifted",2698,"Epic,E40,Kansas Blue,4-PASS,AGM,ELECTRIC,Non-lifted,CT_Kansas Blue",11900.00
E40,24,4-PASS,2,Epic,4,ELECTRIC,2,AGM,2,Non-lifted,2,Toyota Blue,50,Toyota Blue,18,"Epic,E40,4-PASS,AGM,ELECTRIC,Non-lifted",2698,"Epic,E40,Toyota Blue,4-PASS,AGM,ELECTRIC,Non-lifted,CT_Toyota Blue",11900.00
E40,24,4-PASS,2,Epic,4,ELECTRIC,2,AGM,2,Non-lifted,2,Silver,25,Silver,13,"Epic,E40,4-PASS,AGM,ELECTRIC,Non-lifted",2698,"Epic,E40,Silver,4-PASS,AGM,ELECTRIC,Non-lifted,CT_Silver",11900.00
E40,24,4-PASS,2,Epic,4,ELECTRIC,2,AGM,2,Non-lifted,2,Matte Black,51,Matte Black,19,"Epic,E40,4-PASS,AGM,ELECTRIC,Non-lifted",2698,"Epic,E40,Matte Black,4-PASS,AGM,ELECTRIC,Non-lifted,CT_Matte Black",11900.00
E40F,25,4-PASS,2,Epic,4,ELECTRIC,2,AGM,2,Non-lifted,2,Black,9,Black,3,"Epic,E40F,4-PASS,AGM,ELECTRIC,Non-lifted",2699,"Epic,E40F,Black,4-PASS,AGM,ELECTRIC,Non-lifted,CT_Black",13900.00
E40F,25,4-PASS,2,Epic,4,ELECTRIC,2,AGM,2,Non-lifted,2,Charcoal,47,Charcoal,15,"Epic,E40F,4-PASS,AGM,ELECTRIC,Non-lifted",2699,"Epic,E40F,Charcoal,4-PASS,AGM,ELECTRIC,Non-lifted,CT_Charcoal",13900.00
E40F,25,4-PASS,2,Epic,4,ELECTRIC,2,AGM,2,Non-lifted,2,Red,17,Red,5,"Epic,E40F,4-PASS,AGM,ELECTRIC,Non-lifted",2699,"Epic,E40F,Red,4-PASS,AGM,ELECTRIC,Non-lifted,CT_Red",13900.00
E40F,25,4-PASS,2,Epic,4,ELECTRIC,2,AGM,2,Non-lifted,2,Pearl White,48,Pearl White,16,"Epic,E40F,4-PASS,AGM,ELECTRIC,Non-lifted",2699,"Epic,E40F,Pearl White,4-PASS,AGM,ELECTRIC,Non-lifted,CT_Pearl White",13900.00
E40F,25,4-PASS,2,Epic,4,ELECTRIC,2,AGM,2,Non-lifted,2,Kansas Blue,49,Kansas Blue,17,"Epic,E40F,4-PASS,AGM,ELECTRIC,Non-lifted",2699,"Epic,E40F,Kansas Blue,4-PASS,AGM,ELECTRIC,Non-lifted,CT_Kansas Blue",13900.00
E40F,25,4-PASS,2,Epic,4,ELECTRIC,2,AGM,2,Non-lifted,2,Toyota Blue,50,Toyota Blue,18,"Epic,E40F,4-PASS,AGM,ELECTRIC,Non-lifted",2699,"Epic,E40F,Toyota Blue,4-PASS,AGM,ELECTRIC,Non-lifted,CT_Toyota Blue",13900.00
E40F,25,4-PASS,2,Epic,4,ELECTRIC,2,AGM,2,Non-lifted,2,Silver,25,Silver,13,"Epic,E40F,4-PASS,AGM,ELECTRIC,Non-lifted",2699,"Epic,E40F,Silver,4-PASS,AGM,ELECTRIC,Non-lifted,CT_Silver",13900.00
E40F,25,4-PASS,2,Epic,4,ELECTRIC,2,AGM,2,Non-lifted,2,Matte Black,51,Matte Black,19,"Epic,E40F,4-PASS,AGM,ELECTRIC,Non-lifted",2699,"Epic,E40F,Matte Black,4-PASS,AGM,ELECTRIC,Non-lifted,CT_Matte Black",13900.00
E40FL,26,4-PASS,2,Epic,4,ELECTRIC,2,AGM,2,Lifted,1,Black,9,Black,3,"Epic,E40FL,4-PASS,AGM,ELECTRIC,Lifted",2700,"Epic,E40FL,Black,4-PASS,AGM,ELECTRIC,Lifted,CT_Black",14900.00
E40FL,26,4-PASS,2,Epic,4,ELECTRIC,2,AGM,2,Lifted,1,Charcoal,47,Charcoal,15,"Epic,E40FL,4-PASS,AGM,ELECTRIC,Lifted",2700,"Epic,E40FL,Charcoal,4-PASS,AGM,ELECTRIC,Lifted,CT_Charcoal",14900.00
E40FL,26,4-PASS,2,Epic,4,ELECTRIC,2,AGM,2,Lifted,1,Red,17,Red,5,"Epic,E40FL,4-PASS,AGM,ELECTRIC,Lifted",2700,"Epic,E40FL,Red,4-PASS,AGM,ELECTRIC,Lifted,CT_Red",14900.00
E40FL,26,4-PASS,2,Epic,4,ELECTRIC,2,AGM,2,Lifted,1,Pearl White,48,Pearl White,16,"Epic,E40FL,4-PASS,AGM,ELECTRIC,Lifted",2700,"Epic,E40FL,Pearl White,4-PASS,AGM,ELECTRIC,Lifted,CT_Pearl White",14900.00
E40FL,26,4-PASS,2,Epic,4,ELECTRIC,2,AGM,2,Lifted,1,Kansas Blue,49,Kansas Blue,17,"Epic,E40FL,4-PASS,AGM,ELECTRIC,Lifted",2700,"Epic,E40FL,Kansas Blue,4-PASS,AGM,ELECTRIC,Lifted,CT_Kansas Blue",14900.00
E40FL,26,4-PASS,2,Epic,4,ELECTRIC,2,AGM,2,Lifted,1,Toyota Blue,50,Toyota Blue,18,"Epic,E40FL,4-PASS,AGM,ELECTRIC,Lifted",2700,"Epic,E40FL,Toyota Blue,4-PASS,AGM,ELECTRIC,Lifted,CT_Toyota Blue",14900.00
E40FL,26,4-PASS,2,Epic,4,ELECTRIC,2,AGM,2,Lifted,1,Silver,25,Silver,13,"Epic,E40FL,4-PASS,AGM,ELECTRIC,Lifted",2700,"Epic,E40FL,Silver,4-PASS,AGM,ELECTRIC,Lifted,CT_Silver",14900.00
E40FL,26,4-PASS,2,Epic,4,ELECTRIC,2,AGM,2,Lifted,1,Matte Black,51,Matte Black,19,"Epic,E40FL,4-PASS,AGM,ELECTRIC,Lifted",2700,"Epic,E40FL,Matte Black,4-PASS,AGM,ELECTRIC,Lifted,CT_Matte Black",14900.00
E40L,27,4-PASS,2,Epic,4,ELECTRIC,2,AGM,2,Lifted,1,Black,9,Black,3,"Epic,E40L,4-PASS,AGM,ELECTRIC,Lifted",2701,"Epic,E40L,Black,4-PASS,AGM,ELECTRIC,Lifted,CT_Black",12900.00
E40L,27,4-PASS,2,Epic,4,ELECTRIC,2,AGM,2,Lifted,1,Charcoal,47,Charcoal,15,"Epic,E40L,4-PASS,AGM,ELECTRIC,Lifted",2701,"Epic,E40L,Charcoal,4-PASS,AGM,ELECTRIC,Lifted,CT_Charcoal",12900.00
E40L,27,4-PASS,2,Epic,4,ELECTRIC,2,AGM,2,Lifted,1,Red,17,Red,5,"Epic,E40L,4-PASS,AGM,ELECTRIC,Lifted",2701,"Epic,E40L,Red,4-PASS,AGM,ELECTRIC,Lifted,CT_Red",12900.00
E40L,27,4-PASS,2,Epic,4,ELECTRIC,2,AGM,2,Lifted,1,Pearl White,48,Pearl White,16,"Epic,E40L,4-PASS,AGM,ELECTRIC,Lifted",2701,"Epic,E40L,Pearl White,4-PASS,AGM,ELECTRIC,Lifted,CT_Pearl White",12900.00
E40L,27,4-PASS,2,Epic,4,ELECTRIC,2,AGM,2,Lifted,1,Kansas Blue,49,Kansas Blue,17,"Epic,E40L,4-PASS,AGM,ELECTRIC,Lifted",2701,"Epic,E40L,Kansas Blue,4-PASS,AGM,ELECTRIC,Lifted,CT_Kansas Blue",12900.00
E40L,27,4-PASS,2,Epic,4,ELECTRIC,2,AGM,2,Lifted,1,Toyota Blue,50,Toyota Blue,18,"Epic,E40L,4-PASS,AGM,ELECTRIC,Lifted",2701,"Epic,E40L,Toyota Blue,4-PASS,AGM,ELECTRIC,Lifted,CT_Toyota Blue",12900.00
E40L,27,4-PASS,2,Epic,4,ELECTRIC,2,AGM,2,Lifted,1,Silver,25,Silver,13,"Epic,E40L,4-PASS,AGM,ELECTRIC,Lifted",2701,"Epic,E40L,Silver,4-PASS,AGM,ELECTRIC,Lifted,CT_Silver",12900.00
E40L,27,4-PASS,2,Epic,4,ELECTRIC,2,AGM,2,Lifted,1,Matte Black,51,Matte Black,19,"Epic,E40L,4-PASS,AGM,ELECTRIC,Lifted",2701,"Epic,E40L,Matte Black,4-PASS,AGM,ELECTRIC,Lifted,CT_Matte Black",12900.00
E60,28,6-PASS,3,Epic,4,ELECTRIC,2,AGM,2,Non-lifted,2,Black,9,Black,3,"Epic,E60,6-PASS,AGM,ELECTRIC,Non-lifted",2702,"Epic,E60,Black,6-PASS,AGM,ELECTRIC,Non-lifted,CT_Black",14900.00
E60,28,6-PASS,3,Epic,4,ELECTRIC,2,AGM,2,Non-lifted,2,Charcoal,47,Charcoal,15,"Epic,E60,6-PASS,AGM,ELECTRIC,Non-lifted",2702,"Epic,E60,Charcoal,6-PASS,AGM,ELECTRIC,Non-lifted,CT_Charcoal",14900.00
E60,28,6-PASS,3,Epic,4,ELECTRIC,2,AGM,2,Non-lifted,2,Red,17,Red,5,"Epic,E60,6-PASS,AGM,ELECTRIC,Non-lifted",2702,"Epic,E60,Red,6-PASS,AGM,ELECTRIC,Non-lifted,CT_Red",14900.00
E60,28,6-PASS,3,Epic,4,ELECTRIC,2,AGM,2,Non-lifted,2,Pearl White,48,Pearl White,16,"Epic,E60,6-PASS,AGM,ELECTRIC,Non-lifted",2702,"Epic,E60,Pearl White,6-PASS,AGM,ELECTRIC,Non-lifted,CT_Pearl White",14900.00
E60,28,6-PASS,3,Epic,4,ELECTRIC,2,AGM,2,Non-lifted,2,Kansas Blue,49,Kansas Blue,17,"Epic,E60,6-PASS,AGM,ELECTRIC,Non-lifted",2702,"Epic,E60,Kansas Blue,6-PASS,AGM,ELECTRIC,Non-lifted,CT_Kansas Blue",14900.00
E60,28,6-PASS,3,Epic,4,ELECTRIC,2,AGM,2,Non-lifted,2,Toyota Blue,50,Toyota Blue,18,"Epic,E60,6-PASS,AGM,ELECTRIC,Non-lifted",2702,"Epic,E60,Toyota Blue,6-PASS,AGM,ELECTRIC,Non-lifted,CT_Toyota Blue",14900.00
E60,28,6-PASS,3,Epic,4,ELECTRIC,2,AGM,2,Non-lifted,2,Silver,25,Silver,13,"Epic,E60,6-PASS,AGM,ELECTRIC,Non-lifted",2702,"Epic,E60,Silver,6-PASS,AGM,ELECTRIC,Non-lifted,CT_Silver",14900.00
E60,28,6-PASS,3,Epic,4,ELECTRIC,2,AGM,2,Non-lifted,2,Matte Black,51,Matte Black,19,"Epic,E60,6-PASS,AGM,ELECTRIC,Non-lifted",2702,"Epic,E60,Matte Black,6-PASS,AGM,ELECTRIC,Non-lifted,CT_Matte Black",14900.00
E60L,29,6-PASS,3,Epic,4,ELECTRIC,2,AGM,2,Lifted,1,Black,9,Black,3,"Epic,E60L,6-PASS,AGM,ELECTRIC,Lifted",2703,"Epic,E60L,Black,6-PASS,AGM,ELECTRIC,Lifted,CT_Black",15900.00
E60L,29,6-PASS,3,Epic,4,ELECTRIC,2,AGM,2,Lifted,1,Charcoal,47,Charcoal,15,"Epic,E60L,6-PASS,AGM,ELECTRIC,Lifted",2703,"Epic,E60L,Charcoal,6-PASS,AGM,ELECTRIC,Lifted,CT_Charcoal",15900.00
E60L,29,6-PASS,3,Epic,4,ELECTRIC,2,AGM,2,Lifted,1,Red,17,Red,5,"Epic,E60L,6-PASS,AGM,ELECTRIC,Lifted",2703,"Epic,E60L,Red,6-PASS,AGM,ELECTRIC,Lifted,CT_Red",15900.00
E60L,29,6-PASS,3,Epic,4,ELECTRIC,2,AGM,2,Lifted,1,Pearl White,48,Pearl White,16,"Epic,E60L,6-PASS,AGM,ELECTRIC,Lifted",2703,"Epic,E60L,Pearl White,6-PASS,AGM,ELECTRIC,Lifted,CT_Pearl White",15900.00
E60L,29,6-PASS,3,Epic,4,ELECTRIC,2,AGM,2,Lifted,1,Kansas Blue,49,Kansas Blue,17,"Epic,E60L,6-PASS,AGM,ELECTRIC,Lifted",2703,"Epic,E60L,Kansas Blue,6-PASS,AGM,ELECTRIC,Lifted,CT_Kansas Blue",15900.00
E60L,29,6-PASS,3,Epic,4,ELECTRIC,2,AGM,2,Lifted,1,Toyota Blue,50,Toyota Blue,18,"Epic,E60L,6-PASS,AGM,ELECTRIC,Lifted",2703,"Epic,E60L,Toyota Blue,6-PASS,AGM,ELECTRIC,Lifted,CT_Toyota Blue",15900.00
E60L,29,6-PASS,3,Epic,4,ELECTRIC,2,AGM,2,Lifted,1,Silver,25,Silver,13,"Epic,E60L,6-PASS,AGM,ELECTRIC,Lifted",2703,"Epic,E60L,Silver,6-PASS,AGM,ELECTRIC,Lifted,CT_Silver",15900.00
E60L,29,6-PASS,3,Epic,4,ELECTRIC,2,AGM,2,Lifted,1,Matte Black,51,Matte Black,19,"Epic,E60L,6-PASS,AGM,ELECTRIC,Lifted",2703,"Epic,E60L,Matte Black,6-PASS,AGM,ELECTRIC,Lifted,CT_Matte Black",15900.00
Pro XD Mid-Size,30,2-PASS,1,Polaris,5,GAS,3,EFI,1,Non-lifted,2,Avalanche Gray,52,Black,3,"Polaris,Pro XD Mid-Size,2-PASS,EFI,GAS,Non-lifted",2704,"Polaris,Pro XD Mid-Size,Avalanche Gray,2-PASS,EFI,GAS,Non-lifted,CT_Black",15500.00
Pro XD Mid-Size,30,4-PASS,2,Polaris,5,GAS,3,EFI,1,Non-lifted,2,Avalanche Gray,52,Black,3,"Polaris,Pro XD Mid-Size,4-PASS,EFI,GAS,Non-lifted",2705,"Polaris,Pro XD Mid-Size,Avalanche Gray,4-PASS,EFI,GAS,Non-lifted,CT_Black",17500.00
Pro XD Full-Size,31,2-PASS,1,Polaris,5,GAS,3,EFI,1,Non-lifted,2,Avalanche Gray,52,Black,3,"Polaris,Pro XD Full-Size,2-PASS,EFI,GAS,Non-lifted",2706,"Polaris,Pro XD Full-Size,Avalanche Gray,2-PASS,EFI,GAS,Non-lifted,CT_Black",18995.00
Pro XD Full-Size,31,4-PASS,2,Polaris,5,GAS,3,EFI,1,Non-lifted,2,Avalanche Gray,52,Black,3,"Polaris,Pro XD Full-Size,4-PASS,EFI,GAS,Non-lifted",2707,"Polaris,Pro XD Full-Size,Avalanche Gray,4-PASS,EFI,GAS,Non-lifted,CT_Black",21500.00
Pro XD Full-Size,31,2-PASS,1,Polaris,5,DIESEL,1,DIESEL,3,Non-lifted,2,Avalanche Gray,52,Black,3,"Polaris,Pro XD Full-Size,2-PASS,DIESEL,DIESEL,Non-lifted",2708,"Polaris,Pro XD Full-Size,Avalanche Gray,2-PASS,DIESEL,DIESEL,Non-lifted,CT_Black",20500.00
Pro XD Full-Size,31,4-PASS,2,Polaris,5,DIESEL,1,DIESEL,3,Non-lifted,2,Avalanche Gray,52,Black,3,"Polaris,Pro XD Full-Size,4-PASS,DIESEL,DIESEL,Non-lifted",2709,"Polaris,Pro XD Full-Size,Avalanche Gray,4-PASS,DIESEL,DIESEL,Non-lifted,CT_Black",22500.00
V4L,32,4-PASS,2,Club Car,3,ELECTRIC,2,FLA,4,Lifted,1,White,4,White,2,"Club Car,V4L,4-PASS,FLA,ELECTRIC,Lifted",2710,"Club Car,V4L,White,4-PASS,FLA,ELECTRIC,Lifted,CT_White",10495.00
V4L,32,4-PASS,2,Club Car,3,ELECTRIC,2,FLA,4,Lifted,1,White,4,Black,3,"Club Car,V4L,4-PASS,FLA,ELECTRIC,Lifted",2710,"Club Car,V4L,White,4-PASS,FLA,ELECTRIC,Lifted,CT_Black",10495.00
V4L,32,4-PASS,2,Club Car,3,ELECTRIC,2,FLA,4,Lifted,1,White,4,Beige,1,"Club Car,V4L,4-PASS,FLA,ELECTRIC,Lifted",2710,"Club Car,V4L,White,4-PASS,FLA,ELECTRIC,Lifted,CT_Beige",10495.00
V4L,32,4-PASS,2,Club Car,3,ELECTRIC,2,FLA,4,Lifted,1,Black,9,White,2,"Club Car,V4L,4-PASS,FLA,ELECTRIC,Lifted",2710,"Club Car,V4L,Black,4-PASS,FLA,ELECTRIC,Lifted,CT_White",10495.00
V4L,32,4-PASS,2,Club Car,3,ELECTRIC,2,FLA,4,Lifted,1,Black,9,Black,3,"Club Car,V4L,4-PASS,FLA,ELECTRIC,Lifted",2710,"Club Car,V4L,Black,4-PASS,FLA,ELECTRIC,Lifted,CT_Black",10495.00
V4L,32,4-PASS,2,Club Car,3,ELECTRIC,2,FLA,4,Lifted,1,Black,9,Beige,1,"Club Car,V4L,4-PASS,FLA,ELECTRIC,Lifted",2710,"Club Car,V4L,Black,4-PASS,FLA,ELECTRIC,Lifted,CT_Beige",10495.00
V4L,32,4-PASS,2,Club Car,3,ELECTRIC,2,FLA,4,Lifted,1,Sangria,38,White,2,"Club Car,V4L,4-PASS,FLA,ELECTRIC,Lifted",2710,"Club Car,V4L,Sangria,4-PASS,FLA,ELECTRIC,Lifted,CT_White",10495.00
V4L,32,4-PASS,2,Club Car,3,ELECTRIC,2,FLA,4,Lifted,1,Sangria,38,Black,3,"Club Car,V4L,4-PASS,FLA,ELECTRIC,Lifted",2710,"Club Car,V4L,Sangria,4-PASS,FLA,ELECTRIC,Lifted,CT_Black",10495.00
V4L,32,4-PASS,2,Club Car,3,ELECTRIC,2,FLA,4,Lifted,1,Sangria,38,Beige,1,"Club Car,V4L,4-PASS,FLA,ELECTRIC,Lifted",2710,"Club Car,V4L,Sangria,4-PASS,FLA,ELECTRIC,Lifted,CT_Beige",10495.00
V4L,32,4-PASS,2,Club Car,3,ELECTRIC,2,FLA,4,Lifted,1,Met. Platinum,53,White,2,"Club Car,V4L,4-PASS,FLA,ELECTRIC,Lifted",2710,"Club Car,V4L,Met. Platinum,4-PASS,FLA,ELECTRIC,Lifted,CT_White",10495.00
V4L,32,4-PASS,2,Club Car,3,ELECTRIC,2,FLA,4,Lifted,1,Met. Platinum,53,Black,3,"Club Car,V4L,4-PASS,FLA,ELECTRIC,Lifted",2710,"Club Car,V4L,Met. Platinum,4-PASS,FLA,ELECTRIC,Lifted,CT_Black",10495.00
V4L,32,4-PASS,2,Club Car,3,ELECTRIC,2,FLA,4,Lifted,1,Met. Platinum,53,Beige,1,"Club Car,V4L,4-PASS,FLA,ELECTRIC,Lifted",2710,"Club Car,V4L,Met. Platinum,4-PASS,FLA,ELECTRIC,Lifted,CT_Beige",10495.00
V4L,32,4-PASS,2,Club Car,3,ELECTRIC,2,FLA,4,Lifted,1,Candy Apple Red,54,White,2,"Club Car,V4L,4-PASS,FLA,ELECTRIC,Lifted",2710,"Club Car,V4L,Candy Apple Red,4-PASS,FLA,ELECTRIC,Lifted,CT_White",10495.00
V4L,32,4-PASS,2,Club Car,3,ELECTRIC,2,FLA,4,Lifted,1,Candy Apple Red,54,Black,3,"Club Car,V4L,4-PASS,FLA,ELECTRIC,Lifted",2710,"Club Car,V4L,Candy Apple Red,4-PASS,FLA,ELECTRIC,Lifted,CT_Black",10495.00
V4L,32,4-PASS,2,Club Car,3,ELECTRIC,2,FLA,4,Lifted,1,Candy Apple Red,54,Beige,1,"Club Car,V4L,4-PASS,FLA,ELECTRIC,Lifted",2710,"Club Car,V4L,Candy Apple Red,4-PASS,FLA,ELECTRIC,Lifted,CT_Beige",10495.00
V4L,32,4-PASS,2,Club Car,3,ELECTRIC,2,FLA,4,Lifted,1,Met. Sapphire,43,White,2,"Club Car,V4L,4-PASS,FLA,ELECTRIC,Lifted",2710,"Club Car,V4L,Met. Sapphire,4-PASS,FLA,ELECTRIC,Lifted,CT_White",10495.00
V4L,32,4-PASS,2,Club Car,3,ELECTRIC,2,FLA,4,Lifted,1,Met. Sapphire,43,Black,3,"Club Car,V4L,4-PASS,FLA,ELECTRIC,Lifted",2710,"Club Car,V4L,Met. Sapphire,4-PASS,FLA,ELECTRIC,Lifted,CT_Black",10495.00
V4L,32,4-PASS,2,Club Car,3,ELECTRIC,2,FLA,4,Lifted,1,Met. Sapphire,43,Beige,1,"Club Car,V4L,4-PASS,FLA,ELECTRIC,Lifted",2710,"Club Car,V4L,Met. Sapphire,4-PASS,FLA,ELECTRIC,Lifted,CT_Beige",10495.00
V4L,32,4-PASS,2,Club Car,3,GAS,3,EFI,1,Lifted,1,White,4,White,2,"Club Car,V4L,4-PASS,EFI,GAS,Lifted",2711,"Club Car,V4L,White,4-PASS,EFI,GAS,Lifted,CT_White",11495.00
V4L,32,4-PASS,2,Club Car,3,GAS,3,EFI,1,Lifted,1,White,4,Black,3,"Club Car,V4L,4-PASS,EFI,GAS,Lifted",2711,"Club Car,V4L,White,4-PASS,EFI,GAS,Lifted,CT_Black",11495.00
V4L,32,4-PASS,2,Club Car,3,GAS,3,EFI,1,Lifted,1,White,4,Beige,1,"Club Car,V4L,4-PASS,EFI,GAS,Lifted",2711,"Club Car,V4L,White,4-PASS,EFI,GAS,Lifted,CT_Beige",11495.00
V4L,32,4-PASS,2,Club Car,3,GAS,3,EFI,1,Lifted,1,Black,9,White,2,"Club Car,V4L,4-PASS,EFI,GAS,Lifted",2711,"Club Car,V4L,Black,4-PASS,EFI,GAS,Lifted,CT_White",11495.00
V4L,32,4-PASS,2,Club Car,3,GAS,3,EFI,1,Lifted,1,Black,9,Black,3,"Club Car,V4L,4-PASS,EFI,GAS,Lifted",2711,"Club Car,V4L,Black,4-PASS,EFI,GAS,Lifted,CT_Black",11495.00
V4L,32,4-PASS,2,Club Car,3,GAS,3,EFI,1,Lifted,1,Black,9,Beige,1,"Club Car,V4L,4-PASS,EFI,GAS,Lifted",2711,"Club Car,V4L,Black,4-PASS,EFI,GAS,Lifted,CT_Beige",11495.00
V4L,32,4-PASS,2,Club Car,3,GAS,3,EFI,1,Lifted,1,Sangria,38,White,2,"Club Car,V4L,4-PASS,EFI,GAS,Lifted",2711,"Club Car,V4L,Sangria,4-PASS,EFI,GAS,Lifted,CT_White",11495.00
V4L,32,4-PASS,2,Club Car,3,GAS,3,EFI,1,Lifted,1,Sangria,38,Black,3,"Club Car,V4L,4-PASS,EFI,GAS,Lifted",2711,"Club Car,V4L,Sangria,4-PASS,EFI,GAS,Lifted,CT_Black",11495.00
V4L,32,4-PASS,2,Club Car,3,GAS,3,EFI,1,Lifted,1,Sangria,38,Beige,1,"Club Car,V4L,4-PASS,EFI,GAS,Lifted",2711,"Club Car,V4L,Sangria,4-PASS,EFI,GAS,Lifted,CT_Beige",11495.00
V4L,32,4-PASS,2,Club Car,3,GAS,3,EFI,1,Lifted,1,Met. Platinum,53,White,2,"Club Car,V4L,4-PASS,EFI,GAS,Lifted",2711,"Club Car,V4L,Met. Platinum,4-PASS,EFI,GAS,Lifted,CT_White",11495.00
V4L,32,4-PASS,2,Club Car,3,GAS,3,EFI,1,Lifted,1,Met. Platinum,53,Black,3,"Club Car,V4L,4-PASS,EFI,GAS,Lifted",2711,"Club Car,V4L,Met. Platinum,4-PASS,EFI,GAS,Lifted,CT_Black",11495.00
V4L,32,4-PASS,2,Club Car,3,GAS,3,EFI,1,Lifted,1,Met. Platinum,53,Beige,1,"Club Car,V4L,4-PASS,EFI,GAS,Lifted",2711,"Club Car,V4L,Met. Platinum,4-PASS,EFI,GAS,Lifted,CT_Beige",11495.00
V4L,32,4-PASS,2,Club Car,3,GAS,3,EFI,1,Lifted,1,Candy Apple Red,54,White,2,"Club Car,V4L,4-PASS,EFI,GAS,Lifted",2711,"Club Car,V4L,Candy Apple Red,4-PASS,EFI,GAS,Lifted,CT_White",11495.00
V4L,32,4-PASS,2,Club Car,3,GAS,3,EFI,1,Lifted,1,Candy Apple Red,54,Black,3,"Club Car,V4L,4-PASS,EFI,GAS,Lifted",2711,"Club Car,V4L,Candy Apple Red,4-PASS,EFI,GAS,Lifted,CT_Black",11495.00
V4L,32,4-PASS,2,Club Car,3,GAS,3,EFI,1,Lifted,1,Candy Apple Red,54,Beige,1,"Club Car,V4L,4-PASS,EFI,GAS,Lifted",2711,"Club Car,V4L,Candy Apple Red,4-PASS,EFI,GAS,Lifted,CT_Beige",11495.00
V4L,32,4-PASS,2,Club Car,3,GAS,3,EFI,1,Lifted,1,Met. Sapphire,43,White,2,"Club Car,V4L,4-PASS,EFI,GAS,Lifted",2711,"Club Car,V4L,Met. Sapphire,4-PASS,EFI,GAS,Lifted,CT_White",11495.00
