Reference #,Adjustment Account,Date,Posting Period,Memo,Subsidiary,Department,Item,Item,Item ID,Item ID Sandipan,Location,Units,Adjust Qty By,Est. Unit Cost,Department,Class,Memo,,Lot/Serial (for lot numbered item),Expiration Date (for lot numbered item),Lot Quantity (for lot numbered item)
,5930 Valuation Adjustments,4/11/2025,,Opening Balance,Western Consolidated Technologies,,SR-20696.528,SR-20696.528,52109,52109,WCT HQ,EA,,0.6288,,NC,,E1-FG,4/30/2025,,4
,5931 Valuation Adjustments,4/22/2025,,Opening Balance,Western Consolidated Technologies,,SR-21424.528,SR-21424.528,52113,52113,WCT HQ,EA,,0.20268,,SL,,E1-FG,4/30/2025,,18
,5932 Valuation Adjustments,4/16/2025,,Opening Balance,Western Consolidated Technologies,,SR-21462.528,SR-21462.528,52112,52112,WCT HQ,EA,,0.94625,,NC,,E1-FG,4/30/2025,,3
,5933 Valuation Adjustments,3/8/2024,,Opening Balance,Western Consolidated Technologies,,SR-21538.701,SR-21538.701,52835,52835,WCT HQ,EA,,0.0095,,SA,,E1-FG,4/30/2025,,357
,5934 Valuation Adjustments,2/16/2024,,Opening Balance,Western Consolidated Technologies,,SR-22132.538,SR-22132.538,52807,52807,WCT HQ,EA,,0.03499,,PT,,E1-FG,4/30/2025,,131
,5935 Valuation Adjustments,4/20/2022,,Opening Balance,Western Consolidated Technologies,,SR-22249,SR-22249,#N/A,#N/A,WCT HQ,EA,,0.54594,,SL,,E1-FG,4/30/2025,,5
,5936 Valuation Adjustments,1/24/2020,,Opening Balance,Western Consolidated Technologies,,SR-22858,SR-22858,#N/A,#N/A,WCT HQ,EA,,0.65152,,FH,,E1-FG,4/30/2025,,27
,5937 Valuation Adjustments,4/30/2025,,Opening Balance,Western Consolidated Technologies,,SR-24152.697,SR-24152.697,53121,53121,WCT HQ,EA,,0.26966,,OT,,E1-FG,4/30/2025,,77
,5938 Valuation Adjustments,1/3/2025,,Opening Balance,Western Consolidated Technologies,,SR-24267.F1711,SR-24267.F1711,52105,52105,WCT HQ,EA,,0.16331,,MP,,E1-FG,4/30/2025,,40
,5939 Valuation Adjustments,12/21/2022,,Opening Balance,Western Consolidated Technologies,,SR-24267.2,SR-24267.2,#N/A,#N/A,WCT HQ,EA,,0.10407,,MP,,E1-FG,4/30/2025,,12
,5940 Valuation Adjustments,12/21/2022,,Opening Balance,Western Consolidated Technologies,,SR-24268.2,SR-24268.2,#N/A,#N/A,WCT HQ,EA,,0.13604,,MP,,E1-FG,4/30/2025,,15
,5941 Valuation Adjustments,11/2/2022,,Opening Balance,Western Consolidated Technologies,,SR-24276,SR-24276,#N/A,#N/A,WCT HQ,EA,,0.10295,,NC,,E1-FG,4/30/2025,,10
,5942 Valuation Adjustments,11/2/2022,,Opening Balance,Western Consolidated Technologies,,SR-24277,SR-24277,#N/A,#N/A,WCT HQ,EA,,1.21537,,NC,,E1-FG,4/30/2025,,7
,5943 Valuation Adjustments,2/15/2023,,Opening Balance,Western Consolidated Technologies,,SR-24299,SR-24299,#N/A,#N/A,WCT HQ,EA,,0.59225,,MP,,E1-FG,4/30/2025,,30
,5944 Valuation Adjustments,6/15/2023,,Opening Balance,Western Consolidated Technologies,,SR-24344,SR-24344,#N/A,#N/A,WCT HQ,EA,,0.20835,,OT,,E1-FG,4/30/2025,,58
,5945 Valuation Adjustments,4/4/2025,,Opening Balance,Western Consolidated Technologies,,SR-24460.FL1502,SR-24460.FL1502,52178,52178,WCT HQ,EA,,0.08736,,NC,,E1-FG,4/30/2025,,20
,5946 Valuation Adjustments,4/10/2025,,Opening Balance,Western Consolidated Technologies,,SR-24463.AGC594,SR-24463.AGC594,52184,52184,WCT HQ,EA,,0.05424,,NC,,E1-FG,4/30/2025,,17
,5947 Valuation Adjustments,4/10/2025,,Opening Balance,Western Consolidated Technologies,,SR-24463.551,SR-24463.551,52185,52185,WCT HQ,EA,,0.07137,,NC,,E1-FG,4/30/2025,,101
,5948 Valuation Adjustments,4/10/2025,,Opening Balance,Western Consolidated Technologies,,SR-24463.668,SR-24463.668,52186,52186,WCT HQ,EA,,0.06787,,NC,,E1-FG,4/30/2025,,78
,5949 Valuation Adjustments,11/21/2023,,Opening Balance,Western Consolidated Technologies,,WRJA318298009D-R470BK,WRJA318298009D-R470BK,28252,28252,WCT HQ,EA,,0.0479,,JA,,E1-FG,4/30/2025,,4265
,5950 Valuation Adjustments,11/12/2021,,Opening Balance,Western Consolidated Technologies,,WRJA447434006D-R470BK,WRJA447434006D-R470BK,28255,28255,WCT HQ,EA,,0.03361,,JA,,E1-FG,4/30/2025,,680
,5951 Valuation Adjustments,12/2/2022,,Opening Balance,Western Consolidated Technologies,,WRJA429356009D-R470BK,WRJA429356009D-R470BK,28260,28260,WCT HQ,EA,,0.1136,,JA,,E1-FG,4/30/2025,,419
,5952 Valuation Adjustments,10/4/2024,,Opening Balance,Western Consolidated Technologies,,WRJC075056006D-R470BK,WRJC075056006D-R470BK,28264,28264,WCT HQ,EA,,0.00932,,JC,,E1-FG,4/30/2025,,1040
,5953 Valuation Adjustments,10/2/2024,,Opening Balance,Western Consolidated Technologies,,WRJC121074009D-R870AK,WRJC121074009D-R870AK,28272,28272,WCT HQ,EA,,0.01832,,JC,,E1-FG,4/30/2025,,2787
,5954 Valuation Adjustments,2/17/2021,,Opening Balance,Western Consolidated Technologies,,WRJE200177012D-R970BK,WRJE200177012D-R970BK,28292,28292,WCT HQ,EA,,0.0332,,JE,,E1-FG,4/30/2025,,244
,5955 Valuation Adjustments,7/20/2022,,Opening Balance,Western Consolidated Technologies,,WRJA345330003D-R070BK,WRJA345330003D-R070BK,28300,28300,WCT HQ,EA,,0.04376,,JA,,E1-FG,4/30/2025,,23698
,5956 Valuation Adjustments,8/1/2024,,Opening Balance,Western Consolidated Technologies,,WRJC203162009D-R470BK,WRJC203162009D-R470BK,28301,28301,WCT HQ,EA,,0.03345,,JC,,E1-FG,4/30/2025,,1190
,5957 Valuation Adjustments,6/24/2021,,Opening Balance,Western Consolidated Technologies,,WRJE158135012D-R970BK,WRJE158135012D-R970BK,28314,28314,WCT HQ,EA,,0.02325,,JE,,E1-FG,4/30/2025,,2130
,5958 Valuation Adjustments,4/14/2022,,Opening Balance,Western Consolidated Technologies,,WRJE222199013D-R970BK,WRJE222199013D-R970BK,28316,28316,WCT HQ,EA,,0.04237,,JE,,E1-FG,4/30/2025,,1910
,5959 Valuation Adjustments,5/19/2023,,Opening Balance,Western Consolidated Technologies,,WRJE240216012D-R970BK,WRJE240216012D-R970BK,28319,28319,WCT HQ,EA,,0.03749,,JE,,E1-FG,4/30/2025,,2000
,5960 Valuation Adjustments,3/24/2025,,Opening Balance,Western Consolidated Technologies,,WRJE248224012D-R970BK,WRJE248224012D-R970BK,28323,28323,WCT HQ,PC,,0.02816,,JE,,E1-FG,4/30/2025,,90
,5961 Valuation Adjustments,2/9/2024,,Opening Balance,Western Consolidated Technologies,,WRJA276259012D-R970BK,WRJA276259012D-R970BK,28330,28330,WCT HQ,EA,,0.031,,JA,,E1-FG,4/30/2025,,2000
,5962 Valuation Adjustments,5/19/2020,,Opening Balance,Western Consolidated Technologies,,WRJA388370012D-R490AK,WRJA388370012D-R490AK,28344,28344,WCT HQ,EA,,0.05673,,JA,,E1-FG,4/30/2025,,3455
,5963 Valuation Adjustments,4/18/2024,,Opening Balance,Western Consolidated Technologies,,WRJC018006018D-R460FK,WRJC018006018D-R460FK,28346,28346,WCT HQ,EA,,0.03097,,JC,,E1-FG,4/30/2025,,5105
,5964 Valuation Adjustments,11/8/2024,,Opening Balance,Western Consolidated Technologies,,WRJE106086009D-R970BK,WRJE106086009D-R970BK,28352,28352,WCT HQ,EA,,0.01727,,JC,,E1-FG,4/30/2025,,1080
,5965 Valuation Adjustments,10/17/2023,,Opening Balance,Western Consolidated Technologies,,WRJE112092009D-R970BK,WRJE112092009D-R970BK,28353,28353,WCT HQ,EA,,0.01765,,JE,,E1-FG,4/30/2025,,765
,5966 Valuation Adjustments,7/19/2024,,Opening Balance,Western Consolidated Technologies,,WRJC081061009D-R961AK,WRJC081061009D-R961AK,28362,28362,WCT HQ,EA,,0.0173,,JC,,E1-FG,4/30/2025,,2968
,5967 Valuation Adjustments,8/7/2024,,Opening Balance,Western Consolidated Technologies,,WRJE206186009D-R970BK,WRJE206186009D-R970BK,28367,28367,WCT HQ,EA,,0.04316,,JE,,E1-FG,4/30/2025,,4105
,5968 Valuation Adjustments,11/14/2019,,Opening Balance,Western Consolidated Technologies,,WRJA305290012D-R970BK,WRJA305290012D-R970BK,28375,28375,WCT HQ,EA,,0.04796,,JA,,E1-FG,4/30/2025,,1125
,5969 Valuation Adjustments,8/28/2024,,Opening Balance,Western Consolidated Technologies,,WRJC100075012D-R470EK,WRJC100075012D-R470EK,28380,28380,WCT HQ,EA,,0.01794,,JC,,E1-FG,4/30/2025,,1751
,5970 Valuation Adjustments,1/24/2025,,Opening Balance,Western Consolidated Technologies,,WRJC091066012D-R470EK,WRJC091066012D-R470EK,28382,28382,WCT HQ,PC,,0.01527,,JC,,E1-FG,4/30/2025,,1545
,5971 Valuation Adjustments,12/26/2024,,Opening Balance,Western Consolidated Technologies,,WRJC093073009D-R970BK,WRJC093073009D-R970BK,28383,28383,WCT HQ,PC,,0.02261,,JC,,E1-FG,4/30/2025,,1450
,5972 Valuation Adjustments,4/14/2022,,Opening Balance,Western Consolidated Technologies,,WRJE218194012D-R970BK,WRJE218194012D-R970BK,28390,28390,WCT HQ,EA,,0.03133,,JE,,E1-FG,4/30/2025,,685
,5973 Valuation Adjustments,10/30/2020,,Opening Balance,Western Consolidated Technologies,,WRJE156133012D-R970BK,WRJE156133012D-R970BK,28392,28392,WCT HQ,PC,,0.03113,,JE,,E1-FG,4/30/2025,,1775
,5974 Valuation Adjustments,4/9/2020,,Opening Balance,Western Consolidated Technologies,,WRJE203183012D-R970BK,WRJE203183012D-R970BK,28397,28397,WCT HQ,PC,,0.03618,,JE,,E1-FG,4/30/2025,,560
,5975 Valuation Adjustments,3/24/2025,,Opening Balance,Western Consolidated Technologies,,WRJA628603012D-R470EK,WRJA628603012D-R470EK,28403,28403,WCT HQ,PC,,0.13204,,JA,,E1-FG,4/30/2025,,636
,5976 Valuation Adjustments,8/23/2019,,Opening Balance,Western Consolidated Technologies,,WRJE228204012D-R970BK,WRJE228204012D-R970BK,28415,28415,WCT HQ,EA,,0.03928,,JE,,E1-FG,4/30/2025,,1140
,5977 Valuation Adjustments,8/23/2019,,Opening Balance,Western Consolidated Technologies,,WRJE151128012D-R970BK,WRJE151128012D-R970BK,28422,28422,WCT HQ,EA,,0.02481,,JE,,E1-FG,4/30/2025,,3165
,5978 Valuation Adjustments,5/21/2021,,Opening Balance,Western Consolidated Technologies,,1-10209,1-10209,52632,52632,WCT HQ,EA,,0.0303,,JE,,E1-FG,4/30/2025,,3595
,5979 Valuation Adjustments,1/23/2025,,Opening Balance,Western Consolidated Technologies,,WRJE166143012D-R970BK,WRJE166143012D-R970BK,28427,28427,WCT HQ,EA,,0.02337,,JE,,E1-FG,4/30/2025,,839
,5980 Valuation Adjustments,9/8/2021,,Opening Balance,Western Consolidated Technologies,,WRJA363339012D-R970BK,WRJA363339012D-R970BK,28428,28428,WCT HQ,EA,,0.05098,,JA,,E1-FG,4/30/2025,,1220
,5981 Valuation Adjustments,4/25/2025,,Opening Balance,Western Consolidated Technologies,,WRJE182162009D-R970BK,WRJE182162009D-R970BK,28434,28434,WCT HQ,EA,,0.02483,,JE,,E1-FG,4/30/2025,,1769
,5982 Valuation Adjustments,3/3/2021,,Opening Balance,Western Consolidated Technologies,,WRJA286263012D-R970BK,WRJA286263012D-R970BK,28435,28435,WCT HQ,EA,,0.04436,,JA,,E1-FG,4/30/2025,,4105
,5983 Valuation Adjustments,6/8/2021,,Opening Balance,Western Consolidated Technologies,,1-10222,1-10222,52639,52639,WCT HQ,EA,,0.03806,,JE,,E1-FG,4/30/2025,,1825
,5984 Valuation Adjustments,9/16/2020,,Opening Balance,Western Consolidated Technologies,,WRJE226192012D-R970BK,WRJE226192012D-R970BK,28441,28441,WCT HQ,EA,,0.03793,,JE,,E1-FG,4/30/2025,,810
,5985 Valuation Adjustments,5/10/2024,,Opening Balance,Western Consolidated Technologies,,WRJC150112009D-R470BK,WRJC150112009D-R470BK,28447,28447,WCT HQ,EA,,0.02316,,JC,,E1-FG,4/30/2025,,374
,5986 Valuation Adjustments,1/10/2020,,Opening Balance,Western Consolidated Technologies,,WRJE164140012D-R970BK,WRJE164140012D-R970BK,28450,28450,WCT HQ,EA,,0.03299,,JE,,E1-FG,4/30/2025,,1050
,5987 Valuation Adjustments,8/7/2020,,Opening Balance,Western Consolidated Technologies,,WRJE193169012D-R970BK,WRJE193169012D-R970BK,28453,28453,WCT HQ,PC,,0.03016,,JE,,E1-FG,4/30/2025,,950
,5988 Valuation Adjustments,10/6/2023,,Opening Balance,Western Consolidated Technologies,,1-10238,1-10238,52672,52672,WCT HQ,EA,,0.02065,,JE,,E1-FG,4/30/2025,,1315
,5989 Valuation Adjustments,11/29/2023,,Opening Balance,Western Consolidated Technologies,,WRJA450400012D-R490AK,WRJA450400012D-R490AK,28457,28457,WCT HQ,EA,,0.1437,,JA,,E1-FG,4/30/2025,,1470
,5990 Valuation Adjustments,6/21/2024,,Opening Balance,Western Consolidated Technologies,,WRJA303253009D-R470BK,WRJA303253009D-R470BK,28460,28460,WCT HQ,EA,,0.05509,,JA,,E1-FG,4/30/2025,,1565
,5991 Valuation Adjustments,5/15/2020,,Opening Balance,Western Consolidated Technologies,,WRJE279255012D-R970BK,WRJE279255012D-R970BK,28461,28461,WCT HQ,EA,,0.04116,,JE,,E1-FG,4/30/2025,,7826
,5992 Valuation Adjustments,3/7/2025,,Opening Balance,Western Consolidated Technologies,,WRJA311287012D-R970BK,WRJA311287012D-R970BK,28465,28465,WCT HQ,EA,,0.04812,,JA,,E1-FG,4/30/2025,,1188
,5993 Valuation Adjustments,2/9/2024,,Opening Balance,Western Consolidated Technologies,,WRJA262209009D-R470BK,WRJA262209009D-R470BK,28467,28467,WCT HQ,EA,,0.04964,,JA,,E1-FG,4/30/2025,,3922
,5994 Valuation Adjustments,7/14/2022,,Opening Balance,Western Consolidated Technologies,,WRJE266241012D-R970BK,WRJE266241012D-R970BK,28475,28475,WCT HQ,EA,,0.03802,,JE,,E1-FG,4/30/2025,,1595
,5995 Valuation Adjustments,2/20/2025,,Opening Balance,Western Consolidated Technologies,,WRJC080043007D-R470BK,WRJC080043007D-R470BK,28482,28482,WCT HQ,EA,,0.01298,,JC,,E1-FG,4/30/2025,,615
,5996 Valuation Adjustments,2/25/2021,,Opening Balance,Western Consolidated Technologies,,WRJE175152012D-R970BK,WRJE175152012D-R970BK,28487,28487,WCT HQ,EA,,0.03275,,JE,,E1-FG,4/30/2025,,1815
,5997 Valuation Adjustments,2/25/2021,,Opening Balance,Western Consolidated Technologies,,WRJE134111012D-R970BK,WRJE134111012D-R970BK,28501,28501,WCT HQ,EA,,0.02386,,JE,,E1-FG,4/30/2025,,1195
,5998 Valuation Adjustments,10/4/2024,,Opening Balance,Western Consolidated Technologies,,WRJC121061009K-R870AK,WRJC121061009K-R870AK,28505,28505,WCT HQ,EA,,0.02349,,JC,,E1-FG,4/30/2025,,1195
,5999 Valuation Adjustments,10/25/2024,,Opening Balance,Western Consolidated Technologies,,1-10289,1-10289,52700,52700,WCT HQ,EA,,0.03009,,JE,,E1-FG,4/30/2025,,624
,6000 Valuation Adjustments,1/25/2024,,Opening Balance,Western Consolidated Technologies,,WRJC093050007D-R470BK,WRJC093050007D-R470BK,28513,28513,WCT HQ,EA,,0.01379,,JC,,E1-FG,4/30/2025,,730
,6001 Valuation Adjustments,7/29/2022,,Opening Balance,Western Consolidated Technologies,,WRJC038031006D-R470AK,WRJC038031006D-R470AK,28514,28514,WCT HQ,EA,,0.00706,,JC,,E1-FG,4/30/2025,,1750
,6002 Valuation Adjustments,9/18/2024,,Opening Balance,Western Consolidated Technologies,,WRJA427407012D-R980BK,WRJA427407012D-R980BK,28520,28520,WCT HQ,EA,,0.06978,,JA,,E1-FG,4/30/2025,,2060
,6003 Valuation Adjustments,3/29/2024,,Opening Balance,Western Consolidated Technologies,,WRJC212198005D-R470AK,WRJC212198005D-R470AK,28522,28522,WCT HQ,EA,,0.01947,,JC,,E1-FG,4/30/2025,,1325
,6004 Valuation Adjustments,4/1/2025,,Opening Balance,Western Consolidated Technologies,,WRJA250159012D-R590AK,WRJA250159012D-R590AK,28528,28528,WCT HQ,EA,,0.21247,,JA,,E1-FG,4/30/2025,,1115
,6005 Valuation Adjustments,6/24/2021,,Opening Balance,Western Consolidated Technologies,,WRJE195171012D-R970BK,WRJE195171012D-R970BK,28529,28529,WCT HQ,EA,,0.02794,,JE,,E1-FG,4/30/2025,,1845
,6006 Valuation Adjustments,2/12/2021,,Opening Balance,Western Consolidated Technologies,,WRJE261236012D-R970BK,WRJE261236012D-R970BK,28533,28533,WCT HQ,PC,,0.03499,,JE,,E1-FG,4/30/2025,,865
,6007 Valuation Adjustments,4/7/2021,,Opening Balance,Western Consolidated Technologies,,WRJA284259012D-R970BK,WRJA284259012D-R970BK,28534,28534,WCT HQ,EA,,0.03663,,JA,,E1-FG,4/30/2025,,1370
,6008 Valuation Adjustments,6/1/2021,,Opening Balance,Western Consolidated Technologies,,WRJE243218012D-R970BK,WRJE243218012D-R970BK,28535,28535,WCT HQ,EA,,0.0297,,JE,,E1-FG,4/30/2025,,2965
,6009 Valuation Adjustments,12/2/2020,,Opening Balance,Western Consolidated Technologies,,WRJE214190012D-R970BK,WRJE214190012D-R970BK,28536,28536,WCT HQ,EA,,0.02999,,JE,,E1-FG,4/30/2025,,1632
,6010 Valuation Adjustments,9/3/2020,,Opening Balance,Western Consolidated Technologies,,1-10320,1-10320,52744,52744,WCT HQ,PC,,0.02773,,JE,,E1-FG,4/30/2025,,2340
,6011 Valuation Adjustments,12/9/2016,,Opening Balance,Western Consolidated Technologies,,WRJC054035009D-R970BK,WRJC054035009D-R970BK,28547,28547,WCT HQ,EA,,0.01138,,JC,,E1-FG,4/30/2025,,1810
,6012 Valuation Adjustments,3/12/2024,,Opening Balance,Western Consolidated Technologies,,WRJC051028008D-R170AK,WRJC051028008D-R170AK,28548,28548,WCT HQ,EA,,0.0444,,JC,,E1-FG,4/30/2025,,2790
,6013 Valuation Adjustments,10/5/2022,,Opening Balance,Western Consolidated Technologies,,WRJC035017004D-R170AK,WRJC035017004D-R170AK,28549,28549,WCT HQ,EA,,0.01683,,JC,,E1-FG,4/30/2025,,5000
,6014 Valuation Adjustments,7/10/2024,,Opening Balance,Western Consolidated Technologies,,WRJC105092007D-R470AK,WRJC105092007D-R470AK,28551,28551,WCT HQ,EA,,0.01326,,JC,,E1-FG,4/30/2025,,1525
,6015 Valuation Adjustments,3/7/2025,,Opening Balance,Western Consolidated Technologies,,WRJE277253012D-R970BK,WRJE277253012D-R970BK,28557,28557,WCT HQ,EA,,0.04155,,JE,,E1-FG,4/30/2025,,452
,6016 Valuation Adjustments,3/30/2020,,Opening Balance,Western Consolidated Technologies,,WRJC041024008D-R970BK,WRJC041024008D-R970BK,28559,28559,WCT HQ,EA,,0.00978,,JC,,E1-FG,4/30/2025,,2245
,6017 Valuation Adjustments,1/10/2020,,Opening Balance,Western Consolidated Technologies,,WRJE143120013D-R970BK,WRJE143120013D-R970BK,28561,28561,WCT HQ,EA,,0.02406,,JE,,E1-FG,4/30/2025,,920
,6018 Valuation Adjustments,9/27/2024,,Opening Balance,Western Consolidated Technologies,,1-10348,1-10348,52768,52768,WCT HQ,EA,,0.03601,,JE,,E1-FG,4/30/2025,,27000
,6019 Valuation Adjustments,9/19/2019,,Opening Balance,Western Consolidated Technologies,,WRJC040021006D-R970BK,WRJC040021006D-R970BK,28566,28566,WCT HQ,EA,,0.00646,,JC,,E1-FG,4/30/2025,,3450
,6020 Valuation Adjustments,4/24/2025,,Opening Balance,Western Consolidated Technologies,,WRJC031018006D-R470BK,WRJC031018006D-R470BK,28569,28569,WCT HQ,EA,,0.00806,,JC,,E1-FG,4/30/2025,,1539
,6021 Valuation Adjustments,4/25/2025,,Opening Balance,Western Consolidated Technologies,,WRJE152129011D-R970BK,WRJE152129011D-R970BK,28575,28575,WCT HQ,EA,,0.03179,,JE,,E1-FG,4/30/2025,,1500
,6022 Valuation Adjustments,11/4/2024,,Opening Balance,Western Consolidated Technologies,,WRJC084050003D-R990AK,WRJC084050003D-R990AK,28578,28578,WCT HQ,EA,,0.01343,,JC,,E1-FG,4/30/2025,,1760
,6023 Valuation Adjustments,7/25/2022,,Opening Balance,Western Consolidated Technologies,,WRJC050028013D-R470BK,WRJC050028013D-R470BK,28579,28579,WCT HQ,EA,,0.01606,,JC,,E1-FG,4/30/2025,,106
,6024 Valuation Adjustments,10/21/2024,,Opening Balance,Western Consolidated Technologies,,WRJC188120012D-R590AK,WRJC188120012D-R590AK,28581,28581,WCT HQ,EA,,0.10704,,JC,,E1-FG,4/30/2025,,1700
,6025 Valuation Adjustments,3/22/2024,,Opening Balance,Western Consolidated Technologies,,1-10368,1-10368,52782,52782,WCT HQ,EA,,0.03422,,JE,,E1-FG,4/30/2025,,9000
,6026 Valuation Adjustments,10/18/2024,,Opening Balance,Western Consolidated Technologies,,WRJA284258012D-R175BK,WRJA284258012D-R175BK,28583,28583,WCT HQ,PC,,0.3226,,JA,,E1-FG,4/30/2025,,2498
,6027 Valuation Adjustments,10/10/2024,,Opening Balance,Western Consolidated Technologies,,WRJA287243003D-R470BK,WRJA287243003D-R470BK,28588,28588,WCT HQ,EA,,0.01956,,JA,,E1-FG,4/30/2025,,4620
,6028 Valuation Adjustments,12/20/2019,,Opening Balance,Western Consolidated Technologies,,WRJC054040007D-R970BK,WRJC054040007D-R970BK,28595,28595,WCT HQ,EA,,0.00642,,JC,,E1-FG,4/30/2025,,1480
,6029 Valuation Adjustments,3/14/2025,,Opening Balance,Western Consolidated Technologies,,WRJE150127012D-R970BK,WRJE150127012D-R970BK,28596,28596,WCT HQ,EA,,0.03397,,JE,,E1-FG,4/30/2025,,5000
,6030 Valuation Adjustments,5/29/2019,,Opening Balance,Western Consolidated Technologies,,WRJA260211002D-R463AK,WRJA260211002D-R463AK,28598,28598,WCT HQ,EA,,0.01703,,JA,,E1-FG,4/30/2025,,197
,6031 Valuation Adjustments,4/25/2025,,Opening Balance,Western Consolidated Technologies,,WRJC131116003D-R060AK,WRJC131116003D-R060AK,28599,28599,WCT HQ,EA,,0.01121,,JC,,E1-FG,4/30/2025,,740
,6032 Valuation Adjustments,12/18/2019,,Opening Balance,Western Consolidated Technologies,,WRJC050043006D-R470AK,WRJC050043006D-R470AK,28601,28601,WCT HQ,EA,,0.01319,,JC,,E1-FG,4/30/2025,,1800
,6033 Valuation Adjustments,1/17/2020,,Opening Balance,Western Consolidated Technologies,,WRJA300260007D-R480AK,WRJA300260007D-R480AK,28602,28602,WCT HQ,EA,,0.06497,,JA,,E1-FG,4/30/2025,,123
,6034 Valuation Adjustments,10/8/2020,,Opening Balance,Western Consolidated Technologies,,1-10394,1-10394,51976,51976,WCT HQ,EA,,0.00741,,JC,,E1-FG,4/30/2025,,3679.99
,6035 Valuation Adjustments,1/29/2021,,Opening Balance,Western Consolidated Technologies,,WRJC125101012D-R970BK,WRJC125101012D-R970BK,28607,28607,WCT HQ,EA,,0.01894,,JC,,E1-FG,4/30/2025,,1345
,6036 Valuation Adjustments,3/5/2024,,Opening Balance,Western Consolidated Technologies,,WRJC075045006D-R470AK,WRJC075045006D-R470AK,28608,28608,WCT HQ,EA,,0.0127,,JC,,E1-FG,4/30/2025,,10000
,6037 Valuation Adjustments,11/14/2022,,Opening Balance,Western Consolidated Technologies,,WRJA206186099D-R490CK,WRJA206186099D-R490CK,28613,28613,WCT HQ,EA,,0.04552,,JA,,E1-FG,4/30/2025,,4440
,6038 Valuation Adjustments,3/1/2023,,Opening Balance,Western Consolidated Technologies,,WRJC085034012D-R470BK,WRJC085034012D-R470BK,28616,28616,WCT HQ,EA,,0.05391,,JC,,E1-FG,4/30/2025,,1075
,6039 Valuation Adjustments,8/8/2023,,Opening Balance,Western Consolidated Technologies,,WRJC142093005D-R948AK,WRJC142093005D-R948AK,28617,28617,WCT HQ,EA,,0.01124,,JC,,E1-FG,4/30/2025,,473
,6040 Valuation Adjustments,8/10/2023,,Opening Balance,Western Consolidated Technologies,,WRJC088054006D-R948AK,WRJC088054006D-R948AK,28618,28618,WCT HQ,EA,,0.01523,,JC,,E1-FG,4/30/2025,,366
,6041 Valuation Adjustments,8/9/2024,,Opening Balance,Western Consolidated Technologies,,WRJC157118011D-R470AK,WRJC157118011D-R470AK,28620,28620,WCT HQ,EA,,0.0405,,JC,,E1-FG,4/30/2025,,1450
,6042 Valuation Adjustments,5/16/2024,,Opening Balance,Western Consolidated Technologies,,WRJC104062007D-R470BK,WRJC104062007D-R470BK,28624,28624,WCT HQ,EA,,0.03282,,JC,,E1-FG,4/30/2025,,1363
,6043 Valuation Adjustments,4/19/2024,,Opening Balance,Western Consolidated Technologies,,WRJC102051009D-R470AK,WRJC102051009D-R470AK,28625,28625,WCT HQ,EA,,0.0588,,JC,,E1-FG,4/30/2025,,1200
,6044 Valuation Adjustments,5/31/2024,,Opening Balance,Western Consolidated Technologies,,WRJA429362009D-R470BK,WRJA429362009D-R470BK,28626,28626,WCT HQ,EA,,0.15001,,JA,,E1-FG,4/30/2025,,962
,6045 Valuation Adjustments,12/27/2024,,Opening Balance,Western Consolidated Technologies,,1-10417,1-10417,52129,52129,WCT HQ,EA,,0.048,,JA,,E1-FG,4/30/2025,,814
,6046 Valuation Adjustments,2/7/2019,,Opening Balance,Western Consolidated Technologies,,WRJC122075003Q-R463AK,WRJC122075003Q-R463AK,28631,28631,WCT HQ,PC,,0.01341,,JC,,E1-FG,4/30/2025,,1475
,6047 Valuation Adjustments,6/25/2021,,Opening Balance,Western Consolidated Technologies,,WRJC154119006Q-R560AR,WRJC154119006Q-R560AR,28634,28634,WCT HQ,EA,,0.02612,,JC,,E1-FG,4/30/2025,,3381
,6048 Valuation Adjustments,12/19/2024,,Opening Balance,Western Consolidated Technologies,,WRJC163153006D-R550AK,WRJC163153006D-R550AK,28649,28649,WCT HQ,PC,,0.01317,,JC,,E1-FG,4/30/2025,,5926
,6049 Valuation Adjustments,11/13/2023,,Opening Balance,Western Consolidated Technologies,,1-1524,1-1524,52335,52335,WCT HQ,PC,,0.02442,,JC,,E1-FG,4/30/2025,,845
,6050 Valuation Adjustments,12/13/2023,,Opening Balance,Western Consolidated Technologies,,1-1760,1-1760,52340,52340,WCT HQ,PC,,0.04215,,JA,,E1-FG,4/30/2025,,2575
,6051 Valuation Adjustments,2/26/2020,,Opening Balance,Western Consolidated Technologies,,WRJA213140003Q-R470JK,WRJA213140003Q-R470JK,28680,28680,WCT HQ,PC,,0.02026,,JA,,E1-FG,4/30/2025,,4054.99
,6052 Valuation Adjustments,4/25/2025,,Opening Balance,Western Consolidated Technologies,,WRJA259187009D-R470DK,WRJA259187009D-R470DK,28682,28682,WCT HQ,PC,,0.09804,,JA,,E1-FG,4/30/2025,,2437
,6053 Valuation Adjustments,3/13/2025,,Opening Balance,Western Consolidated Technologies,,WRJC124111005D-R470AK,WRJC124111005D-R470AK,28688,28688,WCT HQ,PC,,0.0112,,JC,,E1-FG,4/30/2025,,1845
,6054 Valuation Adjustments,9/4/2018,,Opening Balance,Western Consolidated Technologies,,1-205,1-205,52355,52355,WCT HQ,PC,,0.0082,,JC,,E1-FG,4/30/2025,,1340
,6055 Valuation Adjustments,5/3/2024,,Opening Balance,Western Consolidated Technologies,,WRJC211197007D-R470BK,WRJC211197007D-R470BK,28723,28723,WCT HQ,EA,,0.01658,,JC,,E1-FG,4/30/2025,,825
,6056 Valuation Adjustments,6/14/2022,,Opening Balance,Western Consolidated Technologies,,1-2283,1-2283,52360,52360,WCT HQ,PC,,0.01297,,JC,,E1-FG,4/30/2025,,2785
,6057 Valuation Adjustments,11/10/2020,,Opening Balance,Western Consolidated Technologies,,WRJC106034012D-R380AK,WRJC106034012D-R380AK,28732,28732,WCT HQ,PC,,0.02137,,JC,,E1-FG,4/30/2025,,1075
,6058 Valuation Adjustments,8/25/2022,,Opening Balance,Western Consolidated Technologies,,WRJA230194007D-R970DK,WRJA230194007D-R970DK,28739,28739,WCT HQ,PC,,0.03956,,JA,,E1-FG,4/30/2025,,803
,6059 Valuation Adjustments,12/18/2024,,Opening Balance,Western Consolidated Technologies,,WRJC120090007Q-R463AK,WRJC120090007Q-R463AK,28744,28744,WCT HQ,PC,,0.01504,,JC,,E1-FG,4/30/2025,,3186
,6060 Valuation Adjustments,11/6/2024,,Opening Balance,Western Consolidated Technologies,,WRJC050027004D-R570AK,WRJC050027004D-R570AK,28749,28749,WCT HQ,EA,,0.00833,,JC,,E1-FG,4/30/2025,,320
,6061 Valuation Adjustments,11/6/2020,,Opening Balance,Western Consolidated Technologies,,WRJA208116006K-R470DK,WRJA208116006K-R470DK,28764,28764,WCT HQ,PC,,0.06564,,JA,,E1-FG,4/30/2025,,1130
,6062 Valuation Adjustments,4/23/2025,,Opening Balance,Western Consolidated Technologies,,WRJC198100005Q-R463AK,WRJC198100005Q-R463AK,28770,28770,WCT HQ,PC,,0.03811,,JC,,E1-FG,4/30/2025,,8445
,6063 Valuation Adjustments,12/7/2020,,Opening Balance,Western Consolidated Technologies,,WRJC150050012Q-R950AK,WRJC150050012Q-R950AK,28771,28771,WCT HQ,EA,,0.05023,,JC,,E1-FG,4/30/2025,,2685
,6064 Valuation Adjustments,12/26/2024,,Opening Balance,Western Consolidated Technologies,,WRJC117102007D-R970DK,WRJC117102007D-R970DK,28772,28772,WCT HQ,PC,,0.01513,,JC,,E1-FG,4/30/2025,,2408
,6065 Valuation Adjustments,1/29/2025,,Opening Balance,Western Consolidated Technologies,,WRJA415368009D-R470BK,WRJA415368009D-R470BK,28778,28778,WCT HQ,PC,,0.07975,,JA,,E1-FG,4/30/2025,,747
,6066 Valuation Adjustments,12/22/2022,,Opening Balance,Western Consolidated Technologies,,WRJA268248010D-R470AK,WRJA268248010D-R470AK,28784,28784,WCT HQ,PC,,0.04347,,JA,,E1-FG,4/30/2025,,1263
,6067 Valuation Adjustments,1/7/2020,,Opening Balance,Western Consolidated Technologies,,1-59,1-59,52387,52387,WCT HQ,PC,,0.10333,,JA,,E1-FG,4/30/2025,,220
,6068 Valuation Adjustments,2/26/2025,,Opening Balance,Western Consolidated Technologies,,WRJC140100012D-R470BK,WRJC140100012D-R470BK,28819,28819,WCT HQ,PC,,0.03239,,JC,,E1-FG,4/30/2025,,1812
,6069 Valuation Adjustments,5/8/2020,,Opening Balance,Western Consolidated Technologies,,WRJA238220005D-R460CK,WRJA238220005D-R460CK,28827,28827,WCT HQ,PC,,0.01456,,JA,,E1-FG,4/30/2025,,35000
,6070 Valuation Adjustments,12/17/2024,,Opening Balance,Western Consolidated Technologies,,WRJC081062012K-R490AK,WRJC081062012K-R490AK,28829,28829,WCT HQ,PC,,0.01483,,JC,,E1-FG,4/30/2025,,780
,6071 Valuation Adjustments,1/17/2023,,Opening Balance,Western Consolidated Technologies,,WRJA212134012D-R590AK,WRJA212134012D-R590AK,28834,28834,WCT HQ,PC,,0.15182,,JA,,E1-FG,4/30/2025,,455
,6072 Valuation Adjustments,1/21/2025,,Opening Balance,Western Consolidated Technologies,,WRJC124100007Q-R540AK,WRJC124100007Q-R540AK,28843,28843,WCT HQ,PC,,0.01634,,JC,,E1-FG,4/30/2025,,595
,6073 Valuation Adjustments,10/11/2022,,Opening Balance,Western Consolidated Technologies,,WRJA203158009D-R480AK,WRJA203158009D-R480AK,28849,28849,WCT HQ,EA,,0.03871,,JA,,E1-FG,4/30/2025,,890
,6074 Valuation Adjustments,7/21/2022,,Opening Balance,Western Consolidated Technologies,,WRJA519502012D-R470BK,WRJA519502012D-R470BK,28856,28856,WCT HQ,PC,,0.06535,,JA,,E1-FG,4/30/2025,,350
,6075 Valuation Adjustments,8/30/2024,,Opening Balance,Western Consolidated Technologies,,WRJC187143012D-R570AK,WRJC187143012D-R570AK,28858,28858,WCT HQ,PC,,0.1071,,JC,,E1-FG,4/30/2025,,1475
,6076 Valuation Adjustments,8/27/2024,,Opening Balance,Western Consolidated Technologies,,WRJA337312012D-R550BK,WRJA337312012D-R550BK,28898,28898,WCT HQ,PC,,0.07547,,JA,,E1-FG,4/30/2025,,325
,6077 Valuation Adjustments,5/2/2024,,Opening Balance,Western Consolidated Technologies,,WRJA402384009D-R490AK,WRJA402384009D-R490AK,28914,28914,WCT HQ,PC,,0.06752,,JA,,E1-FG,4/30/2025,,1100
,6078 Valuation Adjustments,11/11/2020,,Opening Balance,Western Consolidated Technologies,,WRJC155118007D-R450CK,WRJC155118007D-R450CK,28915,28915,WCT HQ,PC,,0.02028,,JC,,E1-FG,4/30/2025,,1750
,6079 Valuation Adjustments,1/11/2019,,Opening Balance,Western Consolidated Technologies,,WRJC200076003Q-R465AK,WRJC200076003Q-R465AK,28918,28918,WCT HQ,PC,,0.07107,,JC,,E1-FG,4/30/2025,,5890
,6080 Valuation Adjustments,2/19/2025,,Opening Balance,Western Consolidated Technologies,,WRJC075057006D-R980BK,WRJC075057006D-R980BK,28929,28929,WCT HQ,PC,,0.01025,,JC,,E1-FG,4/30/2025,,785
,6081 Valuation Adjustments,10/4/2024,,Opening Balance,Western Consolidated Technologies,,WRJC121042009D-R870AK,WRJC121042009D-R870AK,28937,28937,WCT HQ,PC,,0.02929,,JC,,E1-FG,4/30/2025,,1265
,6082 Valuation Adjustments,12/11/2024,,Opening Balance,Western Consolidated Technologies,,WRJA321283009D-R470BK,WRJA321283009D-R470BK,28943,28943,WCT HQ,PC,,0.05655,,JA,,E1-FG,4/30/2025,,595
,6083 Valuation Adjustments,2/19/2025,,Opening Balance,Western Consolidated Technologies,,WRJC157082004Q-R463AK,WRJC157082004Q-R463AK,28951,28951,WCT HQ,PC,,0.01799,,JC,,E1-FG,4/30/2025,,634
,6084 Valuation Adjustments,3/12/2024,,Opening Balance,Western Consolidated Technologies,,WRJC100076009D-R475AK,WRJC100076009D-R475AK,28976,28976,WCT HQ,PC,,0.01689,,JC,,E1-FG,4/30/2025,,4500
,6085 Valuation Adjustments,10/22/2024,,Opening Balance,Western Consolidated Technologies,,WRJC050031004D-R470FK,WRJC050031004D-R470FK,28981,28981,WCT HQ,PC,,0.00758,,JC,,E1-FG,4/30/2025,,25860
,6086 Valuation Adjustments,3/31/2023,,Opening Balance,Western Consolidated Technologies,,WRJC043030006D-R470JK,WRJC043030006D-R470JK,29000,29000,WCT HQ,PC,,0.00851,,JC,,E1-FG,4/30/2025,,3490
,6087 Valuation Adjustments,12/29/2023,,Opening Balance,Western Consolidated Technologies,,WRJA318294012D-R970BK,WRJA318294012D-R970BK,29003,29003,WCT HQ,PC,,0.04321,,JA,,E1-FG,4/30/2025,,6000
,6088 Valuation Adjustments,1/26/2024,,Opening Balance,Western Consolidated Technologies,,WRJA334310012D-R970BK,WRJA334310012D-R970BK,29006,29006,WCT HQ,PC,,0.0454,,JA,,E1-FG,4/30/2025,,1181
,6089 Valuation Adjustments,5/7/2021,,Opening Balance,Western Consolidated Technologies,,1-9181,1-9181,52423,52423,WCT HQ,EA,,0.03006,,JE,,E1-FG,4/30/2025,,1335
,6090 Valuation Adjustments,4/4/2025,,Opening Balance,Western Consolidated Technologies,,WRJE236217012D-R970BK,WRJE236217012D-R970BK,29010,29010,WCT HQ,EA,,0.0467,,JE,,E1-FG,4/30/2025,,637
,6091 Valuation Adjustments,2/21/2020,,Opening Balance,Western Consolidated Technologies,,WRJE237217012D-R970BK,WRJE237217012D-R970BK,29023,29023,WCT HQ,PC,,0.02643,,JE,,E1-FG,4/30/2025,,255
,6092 Valuation Adjustments,9/20/2024,,Opening Balance,Western Consolidated Technologies,,WRJC170157008D-R175AK,WRJC170157008D-R175AK,29024,29024,WCT HQ,PC,,0.09701,,JC,,E1-FG,4/30/2025,,234
,6093 Valuation Adjustments,1/30/2020,,Opening Balance,Western Consolidated Technologies,,1-9302,1-9302,52428,52428,WCT HQ,PC,,0.04084,,JA,,E1-FG,4/30/2025,,2555
,6094 Valuation Adjustments,2/15/2024,,Opening Balance,Western Consolidated Technologies,,WRJA393373009D-R470AK,WRJA393373009D-R470AK,29033,29033,WCT HQ,PC,,0.04929,,JA,,E1-FG,4/30/2025,,2165
,6095 Valuation Adjustments,9/20/2024,,Opening Balance,Western Consolidated Technologies,,WRJE237213012D-R970BK,WRJE237213012D-R970BK,29035,29035,WCT HQ,EA,,0.03069,,JE,,E1-FG,4/30/2025,,26832
,6096 Valuation Adjustments,2/25/2021,,Opening Balance,Western Consolidated Technologies,,WRJE225202012D-R970BK,WRJE225202012D-R970BK,29044,29044,WCT HQ,PC,,0.04343,,JE,,E1-FG,4/30/2025,,2623
,6097 Valuation Adjustments,10/10/2024,,Opening Balance,Western Consolidated Technologies,,WRJA334315009D-R470BK,WRJA334315009D-R470BK,29061,29061,WCT HQ,PC,,0.04746,,JA,,E1-FG,4/30/2025,,870
,6098 Valuation Adjustments,6/30/2020,,Opening Balance,Western Consolidated Technologies,,WRJA339315012D-R970BK,WRJA339315012D-R970BK,29079,29079,WCT HQ,PC,,0.04481,,JA,,E1-FG,4/30/2025,,3464
,6099 Valuation Adjustments,10/25/2024,,Opening Balance,Western Consolidated Technologies,,WRJC113099012Q-R960AK,WRJC113099012Q-R960AK,29084,29084,WCT HQ,PC,,0.02386,,JC,,E1-FG,4/30/2025,,2340
,6100 Valuation Adjustments,1/18/2023,,Opening Balance,Western Consolidated Technologies,,WRJA196157003Q-R470DK,WRJA196157003Q-R470DK,29086,29086,WCT HQ,PC,,0.02406,,JA,,E1-FG,4/30/2025,,8773
,6101 Valuation Adjustments,2/25/2021,,Opening Balance,Western Consolidated Technologies,,WRJE263238012D-R970BK,WRJE263238012D-R970BK,29087,29087,WCT HQ,PC,,0.03443,,JE,,E1-FG,4/30/2025,,1345
,6102 Valuation Adjustments,2/7/2020,,Opening Balance,Western Consolidated Technologies,,1-9655,1-9655,52445,52445,WCT HQ,PC,,0.02974,,JE,,E1-FG,4/30/2025,,2885
,6103 Valuation Adjustments,2/20/2025,,Opening Balance,Western Consolidated Technologies,,WRJC106097012D-R460EK,WRJC106097012D-R460EK,29104,29104,WCT HQ,EA,,0.01439,,JC,,E1-FG,4/30/2025,,1230
,6104 Valuation Adjustments,6/21/2024,,Opening Balance,Western Consolidated Technologies,,1-9689,1-9689,52446,52446,WCT HQ,PC,,0.03101,,JE,,E1-FG,4/30/2025,,25798
,6105 Valuation Adjustments,9/27/2024,,Opening Balance,Western Consolidated Technologies,,WRJE173148012D-R970BK,WRJE173148012D-R970BK,29107,29107,WCT HQ,EA,,0.03113,,JE,,E1-FG,4/30/2025,,1000
,6106 Valuation Adjustments,9/25/2018,,Opening Balance,Western Consolidated Technologies,,WRJC064047007D-R970BK,WRJC064047007D-R970BK,29109,29109,WCT HQ,PC,,0.00745,,JC,,E1-FG,4/30/2025,,2550
,6107 Valuation Adjustments,11/5/2024,,Opening Balance,Western Consolidated Technologies,,WRJA269198006Q-R460EK,WRJA269198006Q-R460EK,29113,29113,WCT HQ,PC,,0.04574,,JA,,E1-FG,4/30/2025,,1825
,6108 Valuation Adjustments,1/23/2025,,Opening Balance,Western Consolidated Technologies,,1-9717,1-9717,52447,52447,WCT HQ,EA,,0.02661,,JE,,E1-FG,4/30/2025,,3256
,6109 Valuation Adjustments,8/11/2023,,Opening Balance,Western Consolidated Technologies,,WRJE193170012D-R970BK,WRJE193170012D-R970BK,29119,29119,WCT HQ,PC,,0.03005,,JE,,E1-FG,4/30/2025,,2213
,6110 Valuation Adjustments,1/23/2025,,Opening Balance,Western Consolidated Technologies,,1-9729,1-9729,29123,29123,WCT HQ,PC,,0.04413,,JE,,E1-FG,4/30/2025,,1005
,6111 Valuation Adjustments,8/9/2024,,Opening Balance,Western Consolidated Technologies,,WRJC095083011D-R470BK,WRJC095083011D-R470BK,29131,29131,WCT HQ,EA,,0.01496,,JC,,E1-FG,4/30/2025,,1450
,6112 Valuation Adjustments,4/23/2025,,Opening Balance,Western Consolidated Technologies,,WRJC055044007D-R470BK,WRJC055044007D-R470BK,29133,29133,WCT HQ,EA,,0.00622,,JC,,E1-FG,4/30/2025,,1234
,6113 Valuation Adjustments,7/26/2018,,Opening Balance,Western Consolidated Technologies,,WRJC056020012D-R570AK,WRJC056020012D-R570AK,29145,29145,WCT HQ,EA,,0.01675,,JC,,E1-FG,4/30/2025,,560
,6114 Valuation Adjustments,9/8/2023,,Opening Balance,Western Consolidated Technologies,,WRJA265234006D-R463AK,WRJA265234006D-R463AK,29154,29154,WCT HQ,EA,,0.02815,,JA,,E1-FG,4/30/2025,,4920
,6115 Valuation Adjustments,1/6/2023,,Opening Balance,Western Consolidated Technologies,,WRJC077039006D-R980AK,WRJC077039006D-R980AK,29192,29192,WCT HQ,EA,,0.01086,,JC,,E1-FG,4/30/2025,,2105
,6116 Valuation Adjustments,6/10/2024,,Opening Balance,Western Consolidated Technologies,,WRJA443423010D-R470BK,WRJA443423010D-R470BK,29200,29200,WCT HQ,EA,,0.05897,,JA,,E1-FG,4/30/2025,,535
,6117 Valuation Adjustments,11/5/2021,,Opening Balance,Western Consolidated Technologies,,WRJA398386007D-R470BK,WRJA398386007D-R470BK,29202,29202,WCT HQ,EA,,0.03692,,JA,,E1-FG,4/30/2025,,1274
,6118 Valuation Adjustments,6/21/2023,,Opening Balance,Western Consolidated Technologies,,WRJA487473006D-R470BK,WRJA487473006D-R470BK,29215,29215,WCT HQ,EA,,0.04285,,JA,,E1-FG,4/30/2025,,2271
,6119 Valuation Adjustments,2/28/2025,,Opening Balance,Western Consolidated Technologies,,WRJE232209012D-R970BK,WRJE232209012D-R970BK,29218,29218,WCT HQ,EA,,0.03603,,JE,,E1-FG,4/30/2025,,1464
,6120 Valuation Adjustments,12/6/2024,,Opening Balance,Western Consolidated Technologies,,WRJC118090014D-R570AK,WRJC118090014D-R570AK,29253,29253,WCT HQ,EA,,0.08698,,JC,,E1-FG,4/30/2025,,2034
,6121 Valuation Adjustments,5/28/2021,,Opening Balance,Western Consolidated Technologies,,WRJC026015021D-R580AK,WRJC026015021D-R580AK,29254,29254,WCT HQ,PC,,0.01425,,JC,,E1-FG,4/30/2025,,1415
,6122 Valuation Adjustments,1/23/2025,,Opening Balance,Western Consolidated Technologies,,WRJC181145021D-R850AK,WRJC181145021D-R850AK,29283,29283,WCT HQ,PC,,0.06103,,JC,,E1-FG,4/30/2025,,520
,6123 Valuation Adjustments,9/27/2024,,Opening Balance,Western Consolidated Technologies,,WRJC050032025D-R590AK,WRJC050032025D-R590AK,29302,29302,WCT HQ,PC,,0.02381,,JC,,E1-FG,4/30/2025,,950
,6124 Valuation Adjustments,12/4/2024,,Opening Balance,Western Consolidated Technologies,,WRJA337234018D-R590AK,WRJA337234018D-R590AK,29310,29310,WCT HQ,PC,,0.40861,,JA,,E1-FG,4/30/2025,,272
,6125 Valuation Adjustments,1/25/2024,,Opening Balance,Western Consolidated Technologies,,WRJC043023018D-R550AK,WRJC043023018D-R550AK,29330,29330,WCT HQ,EA,,0.01725,,JC,,E1-FG,4/30/2025,,560
,6126 Valuation Adjustments,10/25/2024,,Opening Balance,Western Consolidated Technologies,,WRJA218182018K-R470AK,WRJA218182018K-R470AK,29331,29331,WCT HQ,PC,,0.06743,,JA,,E1-FG,4/30/2025,,6000
,6127 Valuation Adjustments,2/26/2025,,Opening Balance,Western Consolidated Technologies,,WRJA298269014D-R470BK,WRJA298269014D-R470BK,29332,29332,WCT HQ,PC,,0.06125,,JA,,E1-FG,4/30/2025,,3647
,6128 Valuation Adjustments,11/16/2018,,Opening Balance,Western Consolidated Technologies,,WRJE139114017D-R970BK,WRJE139114017D-R970BK,29333,29333,WCT HQ,PC,,0.02552,,JE,,E1-FG,4/30/2025,,3471
,6129 Valuation Adjustments,8/1/2022,,Opening Balance,Western Consolidated Technologies,,WRJC100067026D-R490AK,WRJC100067026D-R490AK,29343,29343,WCT HQ,PC,,0.04096,,JC,,E1-FG,4/30/2025,,1537
,6130 Valuation Adjustments,10/3/2024,,Opening Balance,Western Consolidated Technologies,,WRJA300246025K-R470AK,WRJA300246025K-R470AK,29345,29345,WCT HQ,PC,,0.17029,,JA,,E1-FG,4/30/2025,,530
,6131 Valuation Adjustments,11/6/2023,,Opening Balance,Western Consolidated Technologies,,WRJA655625026D-R540AK,WRJA655625026D-R540AK,29360,29360,WCT HQ,EA,,0.43333,,JA,,E1-FG,4/30/2025,,138
,6132 Valuation Adjustments,4/25/2025,,Opening Balance,Western Consolidated Technologies,,WRJA309285015D-R970BK,WRJA309285015D-R970BK,29365,29365,WCT HQ,PC,,0.05417,,JA,,E1-FG,4/30/2025,,768
,6133 Valuation Adjustments,11/18/2024,,Opening Balance,Western Consolidated Technologies,,WRJC143106018D-R175AK,WRJC143106018D-R175AK,29369,29369,WCT HQ,PC,,0.36889,,JC,,E1-FG,4/30/2025,,326
,6134 Valuation Adjustments,2/7/2020,,Opening Balance,Western Consolidated Technologies,,WRJA311287015D-R970BK,WRJA311287015D-R970BK,29374,29374,WCT HQ,PC,,0.06075,,JA,,E1-FG,4/30/2025,,6680
,6135 Valuation Adjustments,1/23/2025,,Opening Balance,Western Consolidated Technologies,,WRJE272246013D-R970BK,WRJE272246013D-R970BK,29378,29378,WCT HQ,EA,,0.0442,,JE,,E1-FG,4/30/2025,,4320
,6136 Valuation Adjustments,1/23/2025,,Opening Balance,Western Consolidated Technologies,,WRJE193168013D-R970BK,WRJE193168013D-R970BK,29387,29387,WCT HQ,EA,,0.03726,,JE,,E1-FG,4/30/2025,,887
,6137 Valuation Adjustments,8/8/2024,,Opening Balance,Western Consolidated Technologies,,WRJA437418020D-R070BK,WRJA437418020D-R070BK,29393,29393,WCT HQ,PC,,0.15728,,JA,,E1-FG,4/30/2025,,1265
,6138 Valuation Adjustments,1/26/2024,,Opening Balance,Western Consolidated Technologies,,WRJA361337015D-R970BK,WRJA361337015D-R970BK,29399,29399,WCT HQ,PC,,0.05733,,JA,,E1-FG,4/30/2025,,500
,6139 Valuation Adjustments,4/18/2025,,Opening Balance,Western Consolidated Technologies,,WRJE201177012D-R970BK,WRJE201177012D-R970BK,29402,29402,WCT HQ,PC,,0.03103,,JE,,E1-FG,4/30/2025,,8000
,6140 Valuation Adjustments,6/30/2020,,Opening Balance,Western Consolidated Technologies,,2-8962,2-8962,52517,52517,WCT HQ,PC,,0.05155,,JA,,E1-FG,4/30/2025,,1380
,6141 Valuation Adjustments,5/24/2024,,Opening Balance,Western Consolidated Technologies,,WRJA291266012D-R970BK,WRJA291266012D-R970BK,29408,29408,WCT HQ,EA,,0.05336,,JA,,E1-FG,4/30/2025,,2091
,6142 Valuation Adjustments,2/14/2020,,Opening Balance,Western Consolidated Technologies,,WRJE266242012D-R970BK,WRJE266242012D-R970BK,29409,29409,WCT HQ,EA,,0.03284,,JE,,E1-FG,4/30/2025,,2080
,6143 Valuation Adjustments,2/17/2020,,Opening Balance,Western Consolidated Technologies,,WRJA218178019K-R460AK,WRJA218178019K-R460AK,29419,29419,WCT HQ,EA,,0.08144,,JA,,E1-FG,4/30/2025,,845
,6144 Valuation Adjustments,8/14/2024,,Opening Balance,Western Consolidated Technologies,,WRJC137103016K-R460AK,WRJC137103016K-R460AK,29420,29420,WCT HQ,EA,,0.03623,,JC,,E1-FG,4/30/2025,,858
,6145 Valuation Adjustments,9/6/2024,,Opening Balance,Western Consolidated Technologies,,2-9110,2-9110,52531,52531,WCT HQ,EA,,0.01683,,JC,,E1-FG,4/30/2025,,989
,6146 Valuation Adjustments,2/20/2025,,Opening Balance,Western Consolidated Technologies,,WRJC237218013D-R470GK,WRJC237218013D-R470GK,29443,29443,WCT HQ,EA,,0.04265,,JC,,E1-FG,4/30/2025,,6662
,6147 Valuation Adjustments,4/11/2025,,Opening Balance,Western Consolidated Technologies,,WRJC200173013Q-R463AK,WRJC200173013Q-R463AK,29456,29456,WCT HQ,EA,,0.04275,,JC,,E1-FG,4/30/2025,,3420
,6148 Valuation Adjustments,2/29/2024,,Opening Balance,Western Consolidated Technologies,,WRJA451443024D-R970DK,WRJA451443024D-R970DK,29463,29463,WCT HQ,EA,,0.12957,,JA,,E1-FG,4/30/2025,,1175
,6149 Valuation Adjustments,10/12/2023,,Opening Balance,Western Consolidated Technologies,,2-9145,2-9145,52539,52539,WCT HQ,PC,,0.12649,,JA,,E1-FG,4/30/2025,,3355
,6150 Valuation Adjustments,11/8/2019,,Opening Balance,Western Consolidated Technologies,,WRJA695687024D-R970DK,WRJA695687024D-R970DK,29465,29465,WCT HQ,EA,,0.29251,,JA,,E1-FG,4/30/2025,,455
,6151 Valuation Adjustments,5/29/2020,,Opening Balance,Western Consolidated Technologies,,WRJE221198014D-R970BK,WRJE221198014D-R970BK,29475,29475,WCT HQ,EA,,0.03161,,JE,,E1-FG,4/30/2025,,4895
,6152 Valuation Adjustments,12/11/2024,,Opening Balance,Western Consolidated Technologies,,WRJC041011016D-R570AK,WRJC041011016D-R570AK,29483,29483,WCT HQ,EA,,0.01745,,JC,,E1-FG,4/30/2025,,1509
,6153 Valuation Adjustments,3/2/2021,,Opening Balance,Western Consolidated Technologies,,WRJE204180015D-R970BK,WRJE204180015D-R970BK,29494,29494,WCT HQ,EA,,0.03211,,JE,,E1-FG,4/30/2025,,1965
,6154 Valuation Adjustments,11/15/2024,,Opening Balance,Western Consolidated Technologies,,WRJE192169012D-R970BK,WRJE192169012D-R970BK,29509,29509,WCT HQ,EA,,0.02609,,JE,,E1-FG,4/30/2025,,26436
,6155 Valuation Adjustments,7/3/2019,,Opening Balance,Western Consolidated Technologies,,2-9209,2-9209,52637,52637,WCT HQ,EA,,0.02561,,JE,,E1-FG,4/30/2025,,2720
,6156 Valuation Adjustments,3/21/2019,,Opening Balance,Western Consolidated Technologies,,WRJE161138013D-R970BK,WRJE161138013D-R970BK,29533,29533,WCT HQ,EA,,0.03068,,JE,,E1-FG,4/30/2025,,2370
,6157 Valuation Adjustments,12/13/2018,,Opening Balance,Western Consolidated Technologies,,WRJE189165014D-R970BK,WRJE189165014D-R970BK,29534,29534,WCT HQ,EA,,0.04041,,JE,,E1-FG,4/30/2025,,2125
,6158 Valuation Adjustments,10/31/2019,,Opening Balance,Western Consolidated Technologies,,WRJE274250014D-R970BK,WRJE274250014D-R970BK,29535,29535,WCT HQ,EA,,0.03673,,JE,,E1-FG,4/30/2025,,1075
,6159 Valuation Adjustments,1/10/2020,,Opening Balance,Western Consolidated Technologies,,WRJA287263015D-R970BK,WRJA287263015D-R970BK,29536,29536,WCT HQ,EA,,0.05303,,JA,,E1-FG,4/30/2025,,447
,6160 Valuation Adjustments,1/3/2020,,Opening Balance,Western Consolidated Technologies,,2-9233,2-9233,52662,52662,WCT HQ,EA,,0.03592,,JE,,E1-FG,4/30/2025,,2000
,6161 Valuation Adjustments,4/14/2022,,Opening Balance,Western Consolidated Technologies,,WRJE225201014D-R970BK,WRJE225201014D-R970BK,29550,29550,WCT HQ,EA,,0.02766,,JE,,E1-FG,4/30/2025,,2985
,6162 Valuation Adjustments,6/8/2021,,Opening Balance,Western Consolidated Technologies,,WRJA297273014D-R970BK,WRJA297273014D-R970BK,29551,29551,WCT HQ,EA,,0.0567,,JA,,E1-FG,4/30/2025,,1145
,6163 Valuation Adjustments,7/7/2023,,Opening Balance,Western Consolidated Technologies,,WRJC030020022D-R970AK,WRJC030020022D-R970AK,29567,29567,WCT HQ,EA,,0.00953,,JC,,E1-FG,4/30/2025,,398
,6164 Valuation Adjustments,4/25/2025,,Opening Balance,Western Consolidated Technologies,,WRJE224200012D-R970BK,WRJE224200012D-R970BK,29574,29574,WCT HQ,EA,,0.04173,,JE,,E1-FG,4/30/2025,,10
,6165 Valuation Adjustments,4/18/2025,,Opening Balance,Western Consolidated Technologies,,2-9272,2-9272,52685,52685,WCT HQ,EA,,0.04629,,JA,,E1-FG,4/30/2025,,1146
,6166 Valuation Adjustments,11/1/2024,,Opening Balance,Western Consolidated Technologies,,WRJE196172014D-R970BK,WRJE196172014D-R970BK,29581,29581,WCT HQ,EA,,0.03249,,JE,,E1-FG,4/30/2025,,4000
,6167 Valuation Adjustments,10/24/2024,,Opening Balance,Western Consolidated Technologies,,WRJC086052014D-R490AK,WRJC086052014D-R490AK,29583,29583,WCT HQ,EA,,0.02231,,JC,,E1-FG,4/30/2025,,1270
,6168 Valuation Adjustments,10/25/2024,,Opening Balance,Western Consolidated Technologies,,WRJE204181015D-R970BK,WRJE204181015D-R970BK,29586,29586,WCT HQ,EA,,0.03475,,JE,,E1-FG,4/30/2025,,1000
,6169 Valuation Adjustments,1/30/2025,,Opening Balance,Western Consolidated Technologies,,WRJC098088015D-R460EK,WRJC098088015D-R460EK,29592,29592,WCT HQ,EA,,0.01748,,JC,,E1-FG,4/30/2025,,642
,6170 Valuation Adjustments,2/25/2021,,Opening Balance,Western Consolidated Technologies,,2-9289,2-9289,52695,52695,WCT HQ,EA,,0.03787,,JE,,E1-FG,4/30/2025,,2500
,6171 Valuation Adjustments,1/31/2025,,Opening Balance,Western Consolidated Technologies,,2-9291,2-9291,52696,52696,WCT HQ,EA,,0.03168,,JE,,E1-FG,4/30/2025,,1000
,6172 Valuation Adjustments,5/22/2020,,Opening Balance,Western Consolidated Technologies,,2-9295,2-9295,52699,52699,WCT HQ,EA,,0.02314,,JC,,E1-FG,4/30/2025,,1060
,6173 Valuation Adjustments,4/11/2025,,Opening Balance,Western Consolidated Technologies,,WRJE261237012D-R970BK,WRJE261237012D-R970BK,29606,29606,WCT HQ,EA,,0.03486,,JE,,E1-FG,4/30/2025,,355
,6174 Valuation Adjustments,2/8/2024,,Opening Balance,Western Consolidated Technologies,,WRJA574550014D-R670AK,WRJA574550014D-R670AK,29610,29610,WCT HQ,EA,,0.24253,,JA,,E1-FG,4/30/2025,,755
,6175 Valuation Adjustments,4/19/2024,,Opening Balance,Western Consolidated Technologies,,2-9303,2-9303,52707,52707,WCT HQ,EA,,0.04253,,JE,,E1-FG,4/30/2025,,1000
,6176 Valuation Adjustments,3/3/2023,,Opening Balance,Western Consolidated Technologies,,WRJE274250015D-R970BK,WRJE274250015D-R970BK,29616,29616,WCT HQ,EA,,0.04075,,JE,,E1-FG,4/30/2025,,3000
,6177 Valuation Adjustments,5/13/2021,,Opening Balance,Western Consolidated Technologies,,WRJE212187020D-R970BK,WRJE212187020D-R970BK,29620,29620,WCT HQ,EA,,0.06119,,JE,,E1-FG,4/30/2025,,2500
,6178 Valuation Adjustments,3/25/2020,,Opening Balance,Western Consolidated Technologies,,2-9315,2-9315,52718,52718,WCT HQ,EA,,0.0356,,JE,,E1-FG,4/30/2025,,2985
,6179 Valuation Adjustments,12/6/2024,,Opening Balance,Western Consolidated Technologies,,WRJA287262015D-R970BK,WRJA287262015D-R970BK,29628,29628,WCT HQ,EA,,0.06464,,JA,,E1-FG,4/30/2025,,4000
,6180 Valuation Adjustments,2/26/2020,,Opening Balance,Western Consolidated Technologies,,WRJE263240013D-R970BK,WRJE263240013D-R970BK,29630,29630,WCT HQ,EA,,0.03687,,JE,,E1-FG,4/30/2025,,2465
,6181 Valuation Adjustments,2/21/2024,,Opening Balance,Western Consolidated Technologies,,WRJA381355013D-R470BK,WRJA381355013D-R470BK,29634,29634,WCT HQ,EA,,0.07814,,JA,,E1-FG,4/30/2025,,1107
,6182 Valuation Adjustments,6/15/2021,,Opening Balance,Western Consolidated Technologies,,WRJA583562013D-R070AR,WRJA583562013D-R070AR,29636,29636,WCT HQ,EA,,0.17057,,JA,,E1-FG,4/30/2025,,5095
,6183 Valuation Adjustments,9/16/2020,,Opening Balance,Western Consolidated Technologies,,WRJE216191013D-R970BK,WRJE216191013D-R970BK,29638,29638,WCT HQ,EA,,0.03033,,JE,,E1-FG,4/30/2025,,2780
,6184 Valuation Adjustments,5/31/2024,,Opening Balance,Western Consolidated Technologies,,WRJA298273014D-R970BK,WRJA298273014D-R970BK,29640,29640,WCT HQ,EA,,0.05183,,JA,,E1-FG,4/30/2025,,1000
,6185 Valuation Adjustments,9/20/2022,,Opening Balance,Western Consolidated Technologies,,WRJA425398022D-R470AK,WRJA425398022D-R470AK,29648,29648,WCT HQ,EA,,0.12928,,JA,,E1-FG,4/30/2025,,655
,6186 Valuation Adjustments,6/15/2022,,Opening Balance,Western Consolidated Technologies,,WRJC161122019D-R475BK,WRJC161122019D-R475BK,29650,29650,WCT HQ,EA,,0.11529,,JC,,E1-FG,4/30/2025,,1042
,6187 Valuation Adjustments,7/28/2022,,Opening Balance,Western Consolidated Technologies,,WRJA424385019D-R475BK,WRJA424385019D-R475BK,29651,29651,WCT HQ,EA,,0.15637,,JA,,E1-FG,4/30/2025,,1228
,6188 Valuation Adjustments,9/18/2024,,Opening Balance,Western Consolidated Technologies,,WRJE300273013D-R970BK,WRJE300273013D-R970BK,29653,29653,WCT HQ,EA,,0.05568,,JE,,E1-FG,4/30/2025,,915
,6189 Valuation Adjustments,2/7/2019,,Opening Balance,Western Consolidated Technologies,,WRJE243217013D-R970BK,WRJE243217013D-R970BK,29655,29655,WCT HQ,EA,,0.04878,,JE,,E1-FG,4/30/2025,,700
,6190 Valuation Adjustments,2/25/2021,,Opening Balance,Western Consolidated Technologies,,WRJE198174014D-R970BK,WRJE198174014D-R970BK,29656,29656,WCT HQ,EA,,0.04622,,JE,,E1-FG,4/30/2025,,2580
,6191 Valuation Adjustments,2/10/2020,,Opening Balance,Western Consolidated Technologies,,WRJA250172026D-R470BK,WRJA250172026D-R470BK,29659,29659,WCT HQ,EA,,0.20172,,JA,,E1-FG,4/30/2025,,588
,6192 Valuation Adjustments,4/4/2025,,Opening Balance,Western Consolidated Technologies,,WRJE135111013D-R970BK,WRJE135111013D-R970BK,29660,29660,WCT HQ,EA,,0.02538,,JE,,E1-FG,4/30/2025,,1000
,6193 Valuation Adjustments,4/11/2025,,Opening Balance,Western Consolidated Technologies,,WRJE279254012D-R970BK,WRJE279254012D-R970BK,29661,29661,WCT HQ,EA,,0.03951,,JE,,E1-FG,4/30/2025,,1
,6194 Valuation Adjustments,8/1/2024,,Opening Balance,Western Consolidated Technologies,,WRJE204180012D-R970BK,WRJE204180012D-R970BK,29665,29665,WCT HQ,EA,,0.03388,,JE,,E1-FG,4/30/2025,,2000
,6195 Valuation Adjustments,1/10/2025,,Opening Balance,Western Consolidated Technologies,,WRJC071042015D-R480AK,WRJC071042015D-R480AK,29666,29666,WCT HQ,EA,,0.03852,,JC,,E1-FG,4/30/2025,,4055
,6196 Valuation Adjustments,12/17/2024,,Opening Balance,Western Consolidated Technologies,,WRJA431354015D-R840AK,WRJA431354015D-R840AK,29667,29667,WCT HQ,EA,,0.16209,,JA,,E1-FG,4/30/2025,,402
,6197 Valuation Adjustments,8/30/2023,,Opening Balance,Western Consolidated Technologies,,WRJA413397014D-R670AK,WRJA413397014D-R670AK,29670,29670,WCT HQ,EA,,0.24215,,JA,,E1-FG,4/30/2025,,1108
,6198 Valuation Adjustments,11/8/2024,,Opening Balance,Western Consolidated Technologies,,2-9374,2-9374,52856,52856,WCT HQ,EA,,0.07461,,JC,,E1-FG,4/30/2025,,611
,6199 Valuation Adjustments,3/7/2024,,Opening Balance,Western Consolidated Technologies,,2-9376,2-9376,52795,52795,WCT HQ,EA,,0.01312,,JC,,E1-FG,4/30/2025,,3911
,6200 Valuation Adjustments,6/28/2024,,Opening Balance,Western Consolidated Technologies,,WRJC037024025D-R260AK,WRJC037024025D-R260AK,29673,29673,WCT HQ,EA,,0.10015,,JC,,E1-FG,4/30/2025,,624
,6201 Valuation Adjustments,2/3/2021,,Opening Balance,Western Consolidated Technologies,,WPBR162161009Q-TGX15W,WPBR162161009Q-TGX15W,29679,29679,WCT HQ,EA,,1.37435,,BR,,E1-FG,4/30/2025,,124
,6202 Valuation Adjustments,2/19/2025,,Opening Balance,Western Consolidated Technologies,,WPBR180179009Q-TGX15W,WPBR180179009Q-TGX15W,29689,29689,WCT HQ,EA,,1.46375,,BR,,E1-FG,4/30/2025,,6
,6203 Valuation Adjustments,4/25/2025,,Opening Balance,Western Consolidated Technologies,,WPBR092091009Q-TGX15W,WPBR092091009Q-TGX15W,29691,29691,WCT HQ,EA,,1.03395,,BR,,E1-FG,4/30/2025,,78
,6204 Valuation Adjustments,4/10/2025,,Opening Balance,Western Consolidated Technologies,,WPBR188186009Q-TGX15W,WPBR188186009Q-TGX15W,29693,29693,WCT HQ,EA,,1.50692,,BR,,E1-FG,4/30/2025,,614
,6205 Valuation Adjustments,4/25/2025,,Opening Balance,Western Consolidated Technologies,,WPBR141139009Q-TGX15W,WPBR141139009Q-TGX15W,29694,29694,WCT HQ,EA,,1.26684,,BR,,E1-FG,4/30/2025,,15
,6206 Valuation Adjustments,3/3/2025,,Opening Balance,Western Consolidated Technologies,,WPBR094092009Q-TGX15W,WPBR094092009Q-TGX15W,29695,29695,WCT HQ,EA,,1.03907,,BR,,E1-FG,4/30/2025,,42
,6207 Valuation Adjustments,2/21/2025,,Opening Balance,Western Consolidated Technologies,,WPBR150149009Q-TGX15W,WPBR150149009Q-TGX15W,29697,29697,WCT HQ,EA,,1.31808,,BR,,E1-FG,4/30/2025,,53
,6208 Valuation Adjustments,2/5/2025,,Opening Balance,Western Consolidated Technologies,,WPOT162156018Q-PXX00W,WPOT162156018Q-PXX00W,29698,29698,WCT HQ,EA,,0.16393,,NC,,E1-FG,4/30/2025,,6
,6209 Valuation Adjustments,3/13/2025,,Opening Balance,Western Consolidated Technologies,,WPBR137136009Q-TGX15W,WPBR137136009Q-TGX15W,29700,29700,WCT HQ,EA,,1.24977,,BR,,E1-FG,4/30/2025,,140
,6210 Valuation Adjustments,12/28/2024,,Opening Balance,Western Consolidated Technologies,,WPBR169168009Q-TGX15W,WPBR169168009Q-TGX15W,29701,29701,WCT HQ,EA,,1.41048,,BR,,E1-FG,4/30/2025,,93
,6211 Valuation Adjustments,10/9/2024,,Opening Balance,Western Consolidated Technologies,,WPSM278266009Q-PGX15W,WPSM278266009Q-PGX15W,29702,29702,WCT HQ,EA,,0.10116,,SM,,E1-FG,4/30/2025,,816
,6212 Valuation Adjustments,10/2/2024,,Opening Balance,Western Consolidated Technologies,,WSLD481453018Q-PGX15W,WSLD481453018Q-PGX15W,29703,29703,WCT HQ,EA,,1.44675,,LD,,E1-FG,4/30/2025,,128
,6213 Valuation Adjustments,3/21/2025,,Opening Balance,Western Consolidated Technologies,,WPBR158157009Q-TGX15W,WPBR158157009Q-TGX15W,29705,29705,WCT HQ,EA,,1.35424,,BR,,E1-FG,4/30/2025,,56
,6214 Valuation Adjustments,3/17/2025,,Opening Balance,Western Consolidated Technologies,,WSLD537494018Q-PGX15W,WSLD537494018Q-PGX15W,29709,29709,WCT HQ,EA,,1.39716,,LD,,E1-FG,4/30/2025,,17
,6215 Valuation Adjustments,3/26/2025,,Opening Balance,Western Consolidated Technologies,,WPBR129128009Q-TGX15W,WPBR129128009Q-TGX15W,29711,29711,WCT HQ,EA,,1.2096,,BR,,E1-FG,4/30/2025,,13
,6216 Valuation Adjustments,8/15/2024,,Opening Balance,Western Consolidated Technologies,,WSLD550522018Q-PGX15W,WSLD550522018Q-PGX15W,29712,29712,WCT HQ,EA,,1.28254,,LD,,E1-FG,4/30/2025,,68
,6217 Valuation Adjustments,10/30/2024,,Opening Balance,Western Consolidated Technologies,,WSLD850799018Q-PGX15W,WSLD850799018Q-PGX15W,29713,29713,WCT HQ,EA,,2.16836,,LD,,E1-FG,4/30/2025,,53.12
,6218 Valuation Adjustments,10/3/2024,,Opening Balance,Western Consolidated Technologies,,WSLD675632018Q-PGX15W,WSLD675632018Q-PGX15W,29714,29714,WCT HQ,EA,,1.74174,,LD,,E1-FG,4/30/2025,,35
,6219 Valuation Adjustments,2/11/2025,,Opening Balance,Western Consolidated Technologies,,WPBR136135009Q-TGX15W,WPBR136135009Q-TGX15W,29715,29715,WCT HQ,EA,,1.24173,,BR,,E1-FG,4/30/2025,,54
,6220 Valuation Adjustments,4/25/2025,,Opening Balance,Western Consolidated Technologies,,WPBR143142009Q-TGX15W,WPBR143142009Q-TGX15W,29716,29716,WCT HQ,EA,,1.28876,,BR,,E1-FG,4/30/2025,,92
,6221 Valuation Adjustments,1/13/2023,,Opening Balance,Western Consolidated Technologies,,WSLD750709018Q-PGX15W,WSLD750709018Q-PGX15W,29717,29717,WCT HQ,EA,,1.63303,,LD,,E1-FG,4/30/2025,,53
,6222 Valuation Adjustments,10/2/2024,,Opening Balance,Western Consolidated Technologies,,WSMP950893018Q-PGX15W,WSMP950893018Q-PGX15W,29722,29722,WCT HQ,EA,,3.14697,,MP,,E1-FG,4/30/2025,,65
,6223 Valuation Adjustments,4/7/2025,,Opening Balance,Western Consolidated Technologies,,WSNC112090011S-PXX00W,WSNC112090011S-PXX00W,29730,29730,WCT HQ,EA,,0.27659,,NC,,E1-FG,4/30/2025,,400
,6224 Valuation Adjustments,4/9/2024,,Opening Balance,Western Consolidated Technologies,,WPBR121120090Q-TGX15W,WPBR121120090Q-TGX15W,29736,29736,WCT HQ,EA,,16.33859,,BR,,E1-FG,4/30/2025,,54
,6225 Valuation Adjustments,3/19/2025,,Opening Balance,Western Consolidated Technologies,,WPBR069068009Q-TGX15W,WPBR069068009Q-TGX15W,29737,29737,WCT HQ,EA,,0.91028,,BR,,E1-FG,4/30/2025,,7
,6226 Valuation Adjustments,3/19/2025,,Opening Balance,Western Consolidated Technologies,,WPBR121120009Q-TGX15W,WPBR121120009Q-TGX15W,29738,29738,WCT HQ,EA,,1.16742,,BR,,E1-FG,4/30/2025,,43
,6227 Valuation Adjustments,3/12/2025,,Opening Balance,Western Consolidated Technologies,,WPBR111110009Q-TGX15W,WPBR111110009Q-TGX15W,29743,29743,WCT HQ,EA,,1.1192,,BR,,E1-FG,4/30/2025,,50
,6228 Valuation Adjustments,3/10/2025,,Opening Balance,Western Consolidated Technologies,,WSLD326310024Q-PGX25K,WSLD326310024Q-PGX25K,29750,29750,WCT HQ,EA,,1.88103,,NC,,E1-FG,4/30/2025,,46
,6229 Valuation Adjustments,4/25/2025,,Opening Balance,Western Consolidated Technologies,,WFFB150102016D-PXX00W,WFFB150102016D-PXX00W,29755,29755,WCT HQ,EA,,0.17795,,FL,,E1-FG,4/30/2025,,47
,6230 Valuation Adjustments,7/16/2021,,Opening Balance,Western Consolidated Technologies,,WFFH200150018D-PXX00W,WFFH200150018D-PXX00W,29758,29758,WCT HQ,EA,,0.30981,,FB,,E1-FG,4/30/2025,,3375
,6231 Valuation Adjustments,11/19/2024,,Opening Balance,Western Consolidated Technologies,,WSLD850799018B-PGX15W,WSLD850799018B-PGX15W,29761,29761,WCT HQ,EA,,2.1007,,LD,,E1-FG,4/30/2025,,18
,6232 Valuation Adjustments,4/18/2025,,Opening Balance,Western Consolidated Technologies,,WFFH255205023D-PXX00W,WFFB255205023D-PXX00W,29772,29772,WCT HQ,EA,,0.35597,,FB,,E1-FG,4/30/2025,,1071
,6233 Valuation Adjustments,3/13/2019,,Opening Balance,Western Consolidated Technologies,,WPSM063047008Q-PGX15W,WPSM063047008Q-PGX15W,29773,29773,WCT HQ,EA,,0.04656,,SM,,E1-FG,4/30/2025,,188
,6234 Valuation Adjustments,1/24/2025,,Opening Balance,Western Consolidated Technologies,,WPSA062050003D-PGX15W,WPSA062050003D-PGX15W,29777,29777,WCT HQ,EA,,0.02012,,SA,,E1-FG,4/30/2025,,3461
,6235 Valuation Adjustments,2/25/2025,,Opening Balance,Western Consolidated Technologies,,WFFL080057028D-PGX15W,WFFL080057028D-PGX15W,29778,29778,WCT HQ,EA,,0.10375,,FB,,E1-FG,4/30/2025,,425
,6236 Valuation Adjustments,1/8/2025,,Opening Balance,Western Consolidated Technologies,,WFFB105075031D-PGX15W,WFFB105075031D-PGX15W,29779,29779,WCT HQ,EA,,0.16304,,FB,,E1-FG,4/30/2025,,563
,6237 Valuation Adjustments,3/15/2024,,Opening Balance,Western Consolidated Technologies,,WPSM496470011D-PNX15W,WPSM496470011D-PNX15W,29784,29784,WCT HQ,EA,,0.39288,,NC,,E1-FG,4/30/2025,,38
,6238 Valuation Adjustments,4/15/2025,,Opening Balance,Western Consolidated Technologies,,WPFS135116150D-PXX00W,WPFS135116150D-PXX00W,29817,29817,WCT HQ,EA,,0.62919,,FS,,E1-FG,4/30/2025,,101
,6239 Valuation Adjustments,2/6/2025,,Opening Balance,Western Consolidated Technologies,,WPOT099075006D-PXX00W,WPOT099075006D-PXX00W,29821,29821,WCT HQ,EA,,0.08031,,OT,,E1-FG,4/30/2025,,418
,6240 Valuation Adjustments,7/11/2024,,Opening Balance,Western Consolidated Technologies,,WPSA075057006D-PGX15W,WPSA075057006D-PGX15W,29823,29823,WCT HQ,EA,,0.03065,,SA,,E1-FG,4/30/2025,,1450
,6241 Valuation Adjustments,12/7/2023,,Opening Balance,Western Consolidated Technologies,,WPSA075057006D-PXX00W,WPSA075057006D-PXX00W,29824,29824,WCT HQ,EA,,0.03376,,SA,,E1-FG,4/30/2025,,2835
,6242 Valuation Adjustments,8/12/2024,,Opening Balance,Western Consolidated Technologies,,WPSA075062006D-PXX00W,WPSA075062006D-PXX00W,29843,29843,WCT HQ,EA,,0.04155,,SA,,E1-FG,4/30/2025,,675
,6243 Valuation Adjustments,1/25/2024,,Opening Balance,Western Consolidated Technologies,,WSMP032028033D-BP05BX,WSMP032028033D-BP05BX,29851,29851,WCT HQ,EA,,0.19946,,NC,,E1-FG,4/30/2025,,3055
,6244 Valuation Adjustments,3/27/2025,,Opening Balance,Western Consolidated Technologies,,WFFL080038018Q-PGX20A,WFFL080038018Q-PGX20A,29880,29880,WCT HQ,EA,,0.128,,FH,,E1-FG,4/30/2025,,73
,6245 Valuation Adjustments,1/4/2024,,Opening Balance,Western Consolidated Technologies,,WSNC068021012D-PXX00W,WSNC068021012D-PXX00W,29884,29884,WCT HQ,EA,,0.51959,,NC,,E1-FG,4/30/2025,,150
,6246 Valuation Adjustments,10/9/2024,,Opening Balance,Western Consolidated Technologies,,WSNC093025012D-PXX00W,WSNC093025012D-PXX00W,29885,29885,WCT HQ,EA,,0.44342,,NC,,E1-FG,4/30/2025,,144
,6247 Valuation Adjustments,10/7/2024,,Opening Balance,Western Consolidated Technologies,,WSNC123025012D-PXX00W,WSNC123025012D-PXX00W,29886,29886,WCT HQ,EA,,0.46257,,NC,,E1-FG,4/30/2025,,69
,6248 Valuation Adjustments,5/16/2024,,Opening Balance,Western Consolidated Technologies,,WSNC150031018D-PXX00W,WSNC150031018D-PXX00W,29887,29887,WCT HQ,EA,,0.6288,,NC,,E1-FG,4/30/2025,,71
,6249 Valuation Adjustments,12/10/2024,,Opening Balance,Western Consolidated Technologies,,WSNC175050018D-PXX00W,WSNC175050018D-PXX00W,29888,29888,WCT HQ,EA,,0.696,,NC,,E1-FG,4/30/2025,,24
,6250 Valuation Adjustments,4/8/2025,,Opening Balance,Western Consolidated Technologies,,WSNC228051025D-PXX00W,WSNC228051025D-PXX00W,29889,29889,WCT HQ,EA,,1.23588,,NC,,E1-FG,4/30/2025,,27
,6251 Valuation Adjustments,2/14/2025,,Opening Balance,Western Consolidated Technologies,,WFFB125088016D-PGX15W,WFFB125088016D-PGX15W,29894,29894,WCT HQ,EA,,0.13321,,FB,,E1-FG,4/30/2025,,710
,6252 Valuation Adjustments,12/30/2021,,Opening Balance,Western Consolidated Technologies,,WFFL044031015D-PXX00W,WFFL044031015D-PXX00W,29895,29895,WCT HQ,EA,,0.05443,,FL,,E1-FG,4/30/2025,,590
,6253 Valuation Adjustments,4/17/2025,,Opening Balance,Western Consolidated Technologies,,WPSA051039005Q-PXX00W,WPSA051039005Q-PXX00W,29897,29897,WCT HQ,EA,,0.03099,,SA,,E1-FG,4/30/2025,,20100
,6254 Valuation Adjustments,4/25/2025,,Opening Balance,Western Consolidated Technologies,,WFFL062037012D-PGX15W,WFFL062037012D-PGX15W,29903,29903,WCT HQ,EA,,0.06295,,FB,,E1-FG,4/30/2025,,3967
,6255 Valuation Adjustments,2/13/2025,,Opening Balance,Western Consolidated Technologies,,WFFB150106019D-PGX15W,WFFB150106019D-PGX15W,29907,29907,WCT HQ,EA,,0.22305,,FB,,E1-FG,4/30/2025,,190
,6256 Valuation Adjustments,9/25/2024,,Opening Balance,Western Consolidated Technologies,,WFFH213157022D-PGX15W,WFFH213157022D-PGX15W,29909,29909,WCT HQ,EA,,0.43866,,FB,,E1-FG,4/30/2025,,660
,6257 Valuation Adjustments,12/10/2021,,Opening Balance,Western Consolidated Technologies,,WPSA075060002D-PGX25W,WPSA075060002D-PGX25W,29910,29910,WCT HQ,EA,,0.01657,,SA,,E1-FG,4/30/2025,,6340
,6258 Valuation Adjustments,4/24/2025,,Opening Balance,Western Consolidated Technologies,,WFFL080059023D-PXX00W,WFFL080059023D-PXX00W,29911,29911,WCT HQ,EA,,0.08921,,FL,,E1-FG,4/30/2025,,2876
,6259 Valuation Adjustments,4/21/2025,,Opening Balance,Western Consolidated Technologies,,WPST050043001D-PXX00W,WPST050043001D-PXX00W,29916,29916,WCT HQ,EA,,0.02512,,ST,,E1-FG,4/30/2025,,11456
,6260 Valuation Adjustments,4/11/2025,,Opening Balance,Western Consolidated Technologies,,WPSA050036010D-PGX20A,WPSA050036010D-PGX20A,29920,29920,WCT HQ,EA,,0.05236,,SA,,E1-FG,4/30/2025,,2257
,6261 Valuation Adjustments,3/21/2025,,Opening Balance,Western Consolidated Technologies,,WPSA063050006Q-PXX00W,WPSA063050006Q-PXX00W,29924,29924,WCT HQ,EA,,0.03999,,SA,,E1-FG,4/30/2025,,10373
,6262 Valuation Adjustments,4/9/2021,,Opening Balance,Western Consolidated Technologies,,WFFB114079015D-PXX00W,WFFB114079015D-PXX00W,29927,29927,WCT HQ,EA,,0.14604,,FL,,E1-FG,4/30/2025,,3225
,6263 Valuation Adjustments,1/28/2025,,Opening Balance,Western Consolidated Technologies,,WPST043038001Q-PGX15W,WPST043038001Q-PGX15W,29929,29929,WCT HQ,EA,,0.018,,ST,,E1-FG,4/30/2025,,804
,6264 Valuation Adjustments,3/28/2025,,Opening Balance,Western Consolidated Technologies,,WPST056046009Q-PGX15W,WPST056046009Q-PGX15W,29931,29931,WCT HQ,EA,,0.08736,,ST,,E1-FG,4/30/2025,,741
,6265 Valuation Adjustments,4/4/2025,,Opening Balance,Western Consolidated Technologies,,WPSM134110008Q-PXX00W,WPSM134110008Q-PXX00W,29942,29942,WCT HQ,EA,,0.0704,,SM,,E1-FG,4/30/2025,,458
,6266 Valuation Adjustments,4/22/2025,,Opening Balance,Western Consolidated Technologies,,WPBR106105009Q-TGX15W,WPBR106105009Q-TGX15W,29948,29948,WCT HQ,EA,,1.10465,,BR,,E1-FG,4/30/2025,,10
,6267 Valuation Adjustments,4/14/2025,,Opening Balance,Western Consolidated Technologies,,WPBR113112009Q-TGX15W,WPBR113112009Q-TGX15W,29949,29949,WCT HQ,EA,,1.13227,,BR,,E1-FG,4/30/2025,,17
,6268 Valuation Adjustments,4/25/2024,,Opening Balance,Western Consolidated Technologies,,WPOS031021050S-PGX15W,WPOS031021050S-PGX15W,29954,29954,WCT HQ,EA,,0.16839,,OS,,E1-FG,4/30/2025,,1093
,6269 Valuation Adjustments,10/30/2024,,Opening Balance,Western Consolidated Technologies,,WPBR118117009Q-TGX15W,WPBR118117009Q-TGX15W,29967,29967,WCT HQ,EA,,1.15236,,BR,,E1-FG,4/30/2025,,25
,6270 Valuation Adjustments,11/15/2024,,Opening Balance,Western Consolidated Technologies,,WSMP566538018Q-PGX15W,WSMP566538018Q-PGX15W,29968,29968,WCT HQ,EA,,1.7791,,MP,,E1-FG,4/30/2025,,34
,6271 Valuation Adjustments,9/19/2024,,Opening Balance,Western Consolidated Technologies,,WPOT226203018Q-PGX25K,WPOT226203018Q-PGX25K,29969,29969,WCT HQ,EA,,0.55076,,SM,,E1-FG,4/30/2025,,100
,6272 Valuation Adjustments,4/11/2025,,Opening Balance,Western Consolidated Technologies,,WPOT326303017Q-PGX25K,WPOT326303017Q-PGX25K,29970,29970,WCT HQ,EA,,0.62446,,NC,,E1-FG,4/30/2025,,14
,6273 Valuation Adjustments,3/5/2025,,Opening Balance,Western Consolidated Technologies,,WPBR079078009Q-TGX15W,WPBR079078009Q-TGX15W,29971,29971,WCT HQ,EA,,0.95445,,BR,,E1-FG,4/30/2025,,63
,6274 Valuation Adjustments,10/22/2024,,Opening Balance,Western Consolidated Technologies,,WPBR141139090Q-TGX15W,WPBR141139090Q-TGX15W,29972,29972,WCT HQ,EA,,10.36832,,BR,,E1-FG,4/30/2025,,23
,6275 Valuation Adjustments,2/19/2025,,Opening Balance,Western Consolidated Technologies,,WPBR081080009Q-TGX15W,WPBR081080009Q-TGX15W,29973,29973,WCT HQ,EA,,0.96552,,BR,,E1-FG,4/30/2025,,45
,6276 Valuation Adjustments,12/30/2021,,Opening Balance,Western Consolidated Technologies,,WPST040031004D-PGX25W,WPST040031004D-PGX25W,29976,29976,WCT HQ,EA,,0.0281,,ST,,E1-FG,4/30/2025,,9100
,6277 Valuation Adjustments,12/8/2021,,Opening Balance,Western Consolidated Technologies,,WPSA054039004D-PGX25W,WPSA054039004D-PGX25W,29977,29977,WCT HQ,EA,,0.03204,,SA,,E1-FG,4/30/2025,,7220
,6278 Valuation Adjustments,6/28/2023,,Opening Balance,Western Consolidated Technologies,,WFFB068042026D-PXX00W,WFFB068042026D-PXX00W,29978,29978,WCT HQ,EA,,0.13024,,FB,,E1-FG,4/30/2025,,7230
,6279 Valuation Adjustments,5/23/2024,,Opening Balance,Western Consolidated Technologies,,WFFB068031026D-PXX00W,WFFB068031026D-PXX00W,29979,29979,WCT HQ,EA,,0.11783,,FH,,E1-FG,4/30/2025,,441
,6280 Valuation Adjustments,3/18/2025,,Opening Balance,Western Consolidated Technologies,,WPSM309297009Q-PGX15W,WPSM309297009Q-PGX15W,29980,29980,WCT HQ,EA,,0.12351,,SM,,E1-FG,4/30/2025,,155
,6281 Valuation Adjustments,5/10/2024,,Opening Balance,Western Consolidated Technologies,,WSMP031024200D-BP03AN,WSMP031024200D-BP03AN,29983,29983,WCT HQ,EA,,0.70348,,JC,,E1-FG,4/30/2025,,1759
,6282 Valuation Adjustments,6/3/2020,,Opening Balance,Western Consolidated Technologies,,WFFL093053014D-PCG10K,WFFL093053014D-PCG10K,30008,30008,WCT HQ,EA,,0.09978,,FL,,E1-FG,4/30/2025,,800
,6283 Valuation Adjustments,6/13/2024,,Opening Balance,Western Consolidated Technologies,,WFFB116069023D-PCG10K,WFFB116069023D-PCG10K,30009,30009,WCT HQ,EA,,0.14965,,FB,,E1-FG,4/30/2025,,190
,6284 Valuation Adjustments,5/20/2024,,Opening Balance,Western Consolidated Technologies,,WFFL044031014Q-PGX15W,WFFL044031014Q-PGX15W,30011,30011,WCT HQ,EA,,0.0499,,FL,,E1-FG,4/30/2025,,580
,6285 Valuation Adjustments,12/6/2024,,Opening Balance,Western Consolidated Technologies,,WFFL080050018D-PGX15W,WFFL080050018D-PGX15W,30013,30013,WCT HQ,EA,,0.10995,,FB,,E1-FG,4/30/2025,,824
,6286 Valuation Adjustments,2/11/2025,,Opening Balance,Western Consolidated Technologies,,WFFH213125034D-PCG10K,WFFH213125034D-PCG10K,30018,30018,WCT HQ,EA,,0.78456,,FH,,E1-FG,4/30/2025,,30
,6287 Valuation Adjustments,4/24/2025,,Opening Balance,Western Consolidated Technologies,,WFFH250149031D-PGC10K,WFFH250149031D-PGC10K,30019,30019,WCT HQ,EA,,1.08997,,FH,,E1-FG,4/30/2025,,650
,6288 Valuation Adjustments,3/3/2020,,Opening Balance,Western Consolidated Technologies,,WFFL080050023D-PCX20K,WFFL080050023D-PCX20K,30022,30022,WCT HQ,EA,,0.11504,,FL,,E1-FG,4/30/2025,,98
,6289 Valuation Adjustments,10/9/2020,,Opening Balance,Western Consolidated Technologies,,WSST037031003Q-PXX00W,WSST037031003Q-PXX00W,30032,30032,WCT HQ,EA,,0.01745,,ST,,E1-FG,4/30/2025,,2125
,6290 Valuation Adjustments,5/22/2020,,Opening Balance,Western Consolidated Technologies,,WPSA044031007D-PGX15W,WPSA044031007D-PGX15W,30033,30033,WCT HQ,EA,,0.03135,,SA,,E1-FG,4/30/2025,,1770
,6291 Valuation Adjustments,2/7/2024,,Opening Balance,Western Consolidated Technologies,,WPSM309297009D-PGX15W,WPSM309297009D-PGX15W,30049,30049,WCT HQ,EA,,0.1204,,SM,,E1-FG,4/30/2025,,720
,6292 Valuation Adjustments,5/1/2024,,Opening Balance,Western Consolidated Technologies,,WPBR128127009Q-TGX15W,WPBR128127009Q-TGX15W,30052,30052,WCT HQ,EA,,1.21708,,BR,,E1-FG,4/30/2025,,80
,6293 Valuation Adjustments,3/1/2019,,Opening Balance,Western Consolidated Technologies,,WPBR130129009Q-TGX15W,WPBR130129009Q-TGX15W,30053,30053,WCT HQ,EA,,0.56676,,BR,,E1-FG,4/30/2025,,22
,6294 Valuation Adjustments,4/25/2025,,Opening Balance,Western Consolidated Technologies,,WFFL086051016Q-PGX20A,WFFL086051016Q-PGX20A,30082,30082,WCT HQ,EA,,0.12408,,FH,,E1-FG,4/30/2025,,4427
,6295 Valuation Adjustments,4/14/2023,,Opening Balance,Western Consolidated Technologies,,WFFH154090023D-PXX00W,WFFH154090023D-PXX00W,30087,30087,WCT HQ,EA,,0.30145,,FH,,E1-FG,4/30/2025,,215
,6296 Valuation Adjustments,4/3/2025,,Opening Balance,Western Consolidated Technologies,,WSNC118092012D-PXX00W,WSNC118092012D-PXX00W,30092,30092,WCT HQ,EA,,0.19502,,NC,,E1-FG,4/30/2025,,8500
,6297 Valuation Adjustments,4/16/2025,,Opening Balance,Western Consolidated Technologies,,WFFB150102014D-PXX00W,WFFB150102014D-PXX00W,30105,30105,WCT HQ,EA,,0.17985,,FB,,E1-FG,4/30/2025,,3496
,6298 Valuation Adjustments,4/10/2025,,Opening Balance,Western Consolidated Technologies,,WFFB120076016D-PXX00W,WFFB120076016D-PXX00W,30106,30106,WCT HQ,EA,,0.15752,,FL,,E1-FG,4/30/2025,,1425
,6299 Valuation Adjustments,4/27/2021,,Opening Balance,Western Consolidated Technologies,,WFFH255205023A-PXX00W,WFFH255205023A-PXX00W,30108,30108,WCT HQ,EA,,0.32045,,FB,,E1-FG,4/30/2025,,1119
,6300 Valuation Adjustments,6/3/2024,,Opening Balance,Western Consolidated Technologies,,WFFL105075015D-PCX20K,WFFL105075015D-PCX20K,30111,30111,WCT HQ,EA,,0.14125,,FL,,E1-FG,4/30/2025,,186
,6301 Valuation Adjustments,4/23/2020,,Opening Balance,Western Consolidated Technologies,,WFFL080057013D-PCX20K,WFFL080057013D-PCX20K,30113,30113,WCT HQ,EA,,0.12549,,FL,,E1-FG,4/30/2025,,84
,6302 Valuation Adjustments,2/28/2025,,Opening Balance,Western Consolidated Technologies,,WPSA068051004D-PXX00W,WPSA068051004D-PXX00W,30114,30114,WCT HQ,EA,,0.02514,,SA,,E1-FG,4/30/2025,,977
,6303 Valuation Adjustments,3/31/2025,,Opening Balance,Western Consolidated Technologies,,WPSA075056004D-PXX00W,WPSA075056004D-PXX00W,30115,30115,WCT HQ,EA,,0.0242,,SA,,E1-FG,4/30/2025,,1802
,6304 Valuation Adjustments,4/25/2025,,Opening Balance,Western Consolidated Technologies,,WPSM125100004D-PXX00W,WPSM125100004D-PXX00W,30116,30116,WCT HQ,EA,,0.04055,,SM,,E1-FG,4/30/2025,,1884
,6305 Valuation Adjustments,8/15/2018,,Opening Balance,Western Consolidated Technologies,,WSMP436402007S-PGM15K,WSMP436402007S-PGM15K,30121,30121,WCT HQ,EA,,0.84384,,MP,,E1-FG,4/30/2025,,77
,6306 Valuation Adjustments,9/30/2024,,Opening Balance,Western Consolidated Technologies,,WFFL076052009D-PCG10K,WFFL076052009D-PCG10K,30128,30128,WCT HQ,EA,,0.07552,,FL,,E1-FG,4/30/2025,,275
,6307 Valuation Adjustments,5/3/2024,,Opening Balance,Western Consolidated Technologies,,WFFL076052009D-PXX00W,WFFL076052009D-PXX00W,30129,30129,WCT HQ,EA,,0.07208,,FL,,E1-FG,4/30/2025,,1780
,6308 Valuation Adjustments,1/21/2025,,Opening Balance,Western Consolidated Technologies,,WFFL130075022D-PCG10K,WFFL130075022D-PCG10K,30131,30131,WCT HQ,EA,,0.27816,,FL,,E1-FG,4/30/2025,,140
,6309 Valuation Adjustments,4/11/2025,,Opening Balance,Western Consolidated Technologies,,WSMP128084018D-PXX00W,WSMP128084018D-PXX00W,30163,30163,WCT HQ,EA,,0.6772,,MP,,E1-FG,4/30/2025,,41
,6310 Valuation Adjustments,5/31/2024,,Opening Balance,Western Consolidated Technologies,,WPST037031003Q-PGX15W,WPST037031003Q-PGX15W,30173,30173,WCT HQ,EA,,0.01657,,ST,,E1-FG,4/30/2025,,3137
,6311 Valuation Adjustments,5/10/2019,,Opening Balance,Western Consolidated Technologies,,21114,21114,51055,51055,WCT HQ,EA,,0.1313,,SM,,E1-FG,4/30/2025,,260
,6312 Valuation Adjustments,12/12/2023,,Opening Balance,Western Consolidated Technologies,,WSOT379361027D-PGM15K,WSOT379361027D-PGM15K,30205,30205,WCT HQ,EA,,1.03622,,OT,,E1-FG,4/30/2025,,1121
,6313 Valuation Adjustments,4/8/2025,,Opening Balance,Western Consolidated Technologies,,WFFB111068016D-PGX25A,WFFB111068016D-PGX25A,30245,30245,WCT HQ,EA,,0.17916,,FH,,E1-FG,4/30/2025,,1632
,6314 Valuation Adjustments,4/10/2025,,Opening Balance,Western Consolidated Technologies,,WFFB137087016D-PGX20A,WFFB137087016D-PGX20A,30246,30246,WCT HQ,EA,,0.25288,,FH,,E1-FG,4/30/2025,,370
,6315 Valuation Adjustments,8/29/2019,,Opening Balance,Western Consolidated Technologies,,WSNC142100031D-MXX00W,WSNC142100031D-MXX00W,30251,30251,WCT HQ,EA,,1.06298,,NC,,E1-FG,4/30/2025,,83
,6316 Valuation Adjustments,4/25/2025,,Opening Balance,Western Consolidated Technologies,,WPSM315295004D-PXX00W,WPSM315295004D-PXX00W,30280,30280,WCT HQ,EA,,0.06037,,SM,,E1-FG,4/30/2025,,1141
,6317 Valuation Adjustments,2/7/2025,,Opening Balance,Western Consolidated Technologies,,WFFB142078015D-PXX00W,WFFB142078015D-PXX00W,30304,30304,WCT HQ,EA,,0.22694,,FL,,E1-FG,4/30/2025,,257
,6318 Valuation Adjustments,7/24/2023,,Opening Balance,Western Consolidated Technologies,,WPOT132104013D-PXX00W,WPOT132104013D-PXX00W,30331,30331,WCT HQ,EA,,0.1938,,OT,,E1-FG,4/30/2025,,66
,6319 Valuation Adjustments,3/18/2025,,Opening Balance,Western Consolidated Technologies,,WFFL124089022D-PXX00W,WFFL124089022D-PXX00W,30341,30341,WCT HQ,EA,,0.19695,,FL,,E1-FG,4/30/2025,,383
,6320 Valuation Adjustments,3/18/2025,,Opening Balance,Western Consolidated Technologies,,WFFL124089032D-PXX00W,WFFL124089032D-PXX00W,30343,30343,WCT HQ,EA,,0.23495,,FL,,E1-FG,4/30/2025,,607
,6321 Valuation Adjustments,5/11/2022,,Opening Balance,Western Consolidated Technologies,,WFFB187139026D-PXX00W,WFFB187139026D-PXX00W,30347,30347,WCT HQ,EA,,0.27466,,FB,,E1-FG,4/30/2025,,400
,6322 Valuation Adjustments,4/26/2024,,Opening Balance,Western Consolidated Technologies,,WPSA043038003D-PXX00W,WPSA043038003D-PXX00W,30354,30354,WCT HQ,EA,,0.02217,,SA,,E1-FG,4/30/2025,,1520
,6323 Valuation Adjustments,2/20/2025,,Opening Balance,Western Consolidated Technologies,,WPOT132126009D-PXX00W,WPOT132126009D-PXX00W,30369,30369,WCT HQ,EA,,0.11573,,OT,,E1-FG,4/30/2025,,8180
,6324 Valuation Adjustments,3/29/2024,,Opening Balance,Western Consolidated Technologies,,WFFL066037009D-PCG10K,WFFL066037009D-PCG10K,30413,30413,WCT HQ,EA,,0.11192,,FL,,E1-FG,4/30/2025,,348
,6325 Valuation Adjustments,7/26/2022,,Opening Balance,Western Consolidated Technologies,,WFFL090063012D-PCG10K,WFFL090063012D-PCG10K,30414,30414,WCT HQ,EA,,0.12896,,FL,,E1-FG,4/30/2025,,350
,6326 Valuation Adjustments,9/23/2024,,Opening Balance,Western Consolidated Technologies,,WFFL061044035D-PXX00W,WFFL061044035D-PXX00W,30418,30418,WCT HQ,EA,,0.16831,,FL,,E1-FG,4/30/2025,,309
,6327 Valuation Adjustments,10/3/2018,,Opening Balance,Western Consolidated Technologies,,WSMP111075031D-DK125N,WSMP111075031D-DK125N,30426,30426,WCT HQ,EA,,0.6258,,NC,,E1-FG,4/30/2025,,46
,6328 Valuation Adjustments,4/22/2025,,Opening Balance,Western Consolidated Technologies,,WSSL422373037D-PXX00W,WSSL422373037D-PXX00W,30463,30463,WCT HQ,EA,,1.16117,,SL,,E1-FG,4/30/2025,,78
,6329 Valuation Adjustments,5/19/2020,,Opening Balance,Western Consolidated Technologies,,WSMP392317034D-MXX00W,WSMP392317034D-MXX00W,30471,30471,WCT HQ,EA,,3.45457,,MP,,E1-FG,4/30/2025,,85
,6330 Valuation Adjustments,11/27/2024,,Opening Balance,Western Consolidated Technologies,,WPFS102081115D-PXX00W,WPFS102081115D-PXX00W,30477,30477,WCT HQ,EA,,0.55137,,FS,,E1-FG,4/30/2025,,2
,6331 Valuation Adjustments,4/22/2020,,Opening Balance,Western Consolidated Technologies,,WSMP510432050D-MXX00W,WSMP510432050D-MXX00W,30489,30489,WCT HQ,EA,,7.61038,,MP,,E1-FG,4/30/2025,,34
,6332 Valuation Adjustments,4/3/2003,,Opening Balance,Western Consolidated Technologies,,WSNC203150029D-PXX00W,WSNC203150029D-PXX00W,30495,30495,WCT HQ,EA,,0.49969,,NC,,E1-FG,4/30/2025,,120
,6333 Valuation Adjustments,4/11/2025,,Opening Balance,Western Consolidated Technologies,,WSMP069047031X-PXX00W,WSMP069047031X-PXX00W,30499,30499,WCT HQ,EA,,0.18215,,SL,,E1-FG,4/30/2025,,5
,6334 Valuation Adjustments,1/14/2020,,Opening Balance,Western Consolidated Technologies,,WSNC112074010A-MXX00W,WSNC112074010A-MXX00W,30506,30506,WCT HQ,EA,,0.29012,,NC,,E1-FG,4/30/2025,,165
,6335 Valuation Adjustments,9/27/2019,,Opening Balance,Western Consolidated Technologies,,WSMP329259038D-MXX00W,WSMP329259038D-MXX00W,30507,30507,WCT HQ,EA,,2.88931,,MP,,E1-FG,4/30/2025,,22
,6336 Valuation Adjustments,3/21/2025,,Opening Balance,Western Consolidated Technologies,,WSMP256150101D-PXX00W,WSMP256150101D-PXX00W,30536,30536,WCT HQ,EA,,3.36333,,MP,,E1-FG,4/30/2025,,220
,6337 Valuation Adjustments,10/17/2024,,Opening Balance,Western Consolidated Technologies,,WPOS099087009S-PGX25W,WPOS099087009S-PGX25W,30560,30560,WCT HQ,EA,,0.14936,,OS,,E1-FG,4/30/2025,,1070
,6338 Valuation Adjustments,3/24/2025,,Opening Balance,Western Consolidated Technologies,,WPOT293275006D-PXX00W,WPOT293275006D-PXX00W,30568,30568,WCT HQ,EA,,0.20648,,OT,,E1-FG,4/30/2025,,730
,6339 Valuation Adjustments,10/30/2024,,Opening Balance,Western Consolidated Technologies,,WPOT058043002D-PXX00W,WPOT058043002D-PXX00W,30576,30576,WCT HQ,EA,,0.02117,,NC,,E1-FG,4/30/2025,,1880
,6340 Valuation Adjustments,10/13/2023,,Opening Balance,Western Consolidated Technologies,,WSOS172160009S-PGX25W,WSOS172160009S-PGX25W,30594,30594,WCT HQ,EA,,0.26236,,OS,,E1-FG,4/30/2025,,56
,6341 Valuation Adjustments,4/9/2025,,Opening Balance,Western Consolidated Technologies,,WPSA050036010D-MXX00W,WPSA050036010D-MXX00W,30611,30611,WCT HQ,EA,,0.04982,,SA,,E1-FG,4/30/2025,,1790
,6342 Valuation Adjustments,2/26/2021,,Opening Balance,Western Consolidated Technologies,,WSMP203150027D-PCG18K,WSMP203150027D-PCG18K,30629,30629,WCT HQ,EA,,1.93766,,MP,,E1-FG,4/30/2025,,20
,6343 Valuation Adjustments,4/30/2021,,Opening Balance,Western Consolidated Technologies,,WSMP058038013D-PCG18K,WSMP058038013D-PCG18K,30643,30643,WCT HQ,EA,,0.52025,,MP,,E1-FG,4/30/2025,,39
,6344 Valuation Adjustments,3/3/2025,,Opening Balance,Western Consolidated Technologies,,WPOT192179010D-PGX15W,WPOT192179010D-PGX15W,30652,30652,WCT HQ,EA,,0.15205,,OT,,E1-FG,4/30/2025,,2702
,6345 Valuation Adjustments,10/22/2024,,Opening Balance,Western Consolidated Technologies,,WPOT284276007Q-PGX15W,WPOT284276007Q-PGX15W,30657,30657,WCT HQ,EA,,0.18828,,OT,,E1-FG,4/30/2025,,200
,6346 Valuation Adjustments,3/28/2025,,Opening Balance,Western Consolidated Technologies,,WSMP262188022L-PZM55N,WSMP262188022L-PZM55N,30677,30677,WCT HQ,EA,,3.81297,,MP,,E1-FG,4/30/2025,,100
,6347 Valuation Adjustments,8/14/2024,,Opening Balance,Western Consolidated Technologies,,WSMP346295011S-PZM55N,WSMP346295011S-PZM55N,30691,30691,WCT HQ,EA,,1.76454,,MP,,E1-FG,4/30/2025,,23
,6348 Valuation Adjustments,4/24/2025,,Opening Balance,Western Consolidated Technologies,,WFFB144105009D-PXX00W,WFFB144105009D-PXX00W,30696,30696,WCT HQ,EA,,0.09909,,FB,,E1-FG,4/30/2025,,798
,6349 Valuation Adjustments,8/2/2023,,Opening Balance,Western Consolidated Technologies,,WPSA047037032Q-MXX00W,WPSA047037032Q-MXX00W,30704,30704,WCT HQ,EA,,0.08798,,SA,,E1-FG,4/30/2025,,623
,6350 Valuation Adjustments,8/9/2024,,Opening Balance,Western Consolidated Technologies,,WPOT060049010Q-MXX00W,WPOT060049010Q-MXX00W,30705,30705,WCT HQ,EA,,0.10316,,OT,,E1-FG,4/30/2025,,405
,6351 Valuation Adjustments,4/1/2025,,Opening Balance,Western Consolidated Technologies,,WPOT260249007Q-PGX15W,WPOT260249007Q-PGX15W,30714,30714,WCT HQ,EA,,0.14185,,OT,,E1-FG,4/30/2025,,975
,6352 Valuation Adjustments,6/13/2024,,Opening Balance,Western Consolidated Technologies,,WSNC095018006D-PXX00W,WSNC095018006D-PXX00W,30725,30725,WCT HQ,EA,,0.23661,,NC,,E1-FG,4/30/2025,,192
,6353 Valuation Adjustments,4/24/2025,,Opening Balance,Western Consolidated Technologies,,WPOS281257006S-PRX10K,WPOS281257006S-PRX10K,30729,30729,WCT HQ,EA,,0.21609,,OS,,E1-FG,4/30/2025,,1045
,6354 Valuation Adjustments,4/2/2025,,Opening Balance,Western Consolidated Technologies,,WPOT080069005D-PCR23K,WPOT080069005D-PCR23K,30774,30774,WCT HQ,EA,,0.0482,,OT,,E1-FG,4/30/2025,,4870
,6355 Valuation Adjustments,3/25/2025,,Opening Balance,Western Consolidated Technologies,,WPOT175138007D-PCR23K,WPOT175138007D-PCR23K,30777,30777,WCT HQ,EA,,0.13373,,OT,,E1-FG,4/30/2025,,10121
,6356 Valuation Adjustments,3/17/2023,,Opening Balance,Western Consolidated Technologies,,WSOR075061006D-DV100N,WSOR075061006D-DV100N,30784,30784,WCT HQ,EA,,0.12622,,OR,,E1-FG,4/30/2025,,366
,6357 Valuation Adjustments,4/25/2024,,Opening Balance,Western Consolidated Technologies,,WSNC050032100D-PGX25R,WSNC050032100D-PGX25R,30785,30785,WCT HQ,EA,,0.62708,,NC,,E1-FG,4/30/2025,,251
,6358 Valuation Adjustments,3/27/2025,,Opening Balance,Western Consolidated Technologies,,WPOT224187007D-PCR23K,WPOT224187007D-PCR23K,30788,30788,WCT HQ,EA,,0.20087,,OT,,E1-FG,4/30/2025,,508
,6359 Valuation Adjustments,1/7/2025,,Opening Balance,Western Consolidated Technologies,,WSNC056032037D-PGX25R,WSNC056032037D-PGX25R,30789,30789,WCT HQ,EA,,0.32689,,NC,,E1-FG,4/30/2025,,226
,6360 Valuation Adjustments,2/13/2025,,Opening Balance,Western Consolidated Technologies,,WPOS274236007S-PZM55N,WPOS274236007S-PZM55N,30792,30792,WCT HQ,EA,,0.63097,,OS,,E1-FG,4/30/2025,,116
,6361 Valuation Adjustments,9/20/2024,,Opening Balance,Western Consolidated Technologies,,WPOS314275007S-PZM55N,WPOS314275007S-PZM55N,30793,30793,WCT HQ,EA,,0.80861,,OS,,E1-FG,4/30/2025,,14
,6362 Valuation Adjustments,4/2/2025,,Opening Balance,Western Consolidated Technologies,,WPOT095075004D-PXX00W,WPOT095075004D-PXX00W,30824,30824,WCT HQ,EA,,0.04147,,OT,,E1-FG,4/30/2025,,3865
,6363 Valuation Adjustments,11/22/2024,,Opening Balance,Western Consolidated Technologies,,WSOR018000006D-DA025N,WSOR018000006D-DA025N,30831,30831,WCT HQ,EA,,0.06063,,OR,,E1-FG,4/30/2025,,242
,6364 Valuation Adjustments,3/19/2025,,Opening Balance,Western Consolidated Technologies,,WSNC062032100D-PGX25R,WSNC062032100D-PGX25R,30844,30844,WCT HQ,EA,,0.98827,,NC,,E1-FG,4/30/2025,,48
,6365 Valuation Adjustments,3/12/2025,,Opening Balance,Western Consolidated Technologies,,WSMPV7MFC13PGM,WSMPV7MFC13PGM,30849,30849,WCT HQ,EA,,2.80287,,MP,,E1-FG,4/30/2025,,16
,6366 Valuation Adjustments,6/19/2024,,Opening Balance,Western Consolidated Technologies,,WFFH675062006Q-PMX25B,WFFH675062006Q-PMX25B,30850,30850,WCT HQ,EA,,0.14524,,FH,,E1-FG,4/30/2025,,494
,6367 Valuation Adjustments,4/25/2023,,Opening Balance,Western Consolidated Technologies,,WFFH575062006Q-PMX25B,WFFH575062006Q-PMX25B,30851,30851,WCT HQ,EA,,0.08733,,FH,,E1-FG,4/30/2025,,68
,6368 Valuation Adjustments,4/4/2025,,Opening Balance,Western Consolidated Technologies,,WPOT100087006D-PXX00W,WPOT100087006D-PXX00W,30874,30874,WCT HQ,EA,,0.06044,,OT,,E1-FG,4/30/2025,,153
,6369 Valuation Adjustments,11/4/2019,,Opening Balance,Western Consolidated Technologies,,21868,21868,51301,51301,WCT HQ,EA,,1.26799,,NC,,E1-FG,4/30/2025,,96
,6370 Valuation Adjustments,10/31/2019,,Opening Balance,Western Consolidated Technologies,,21872,21872,51304,51304,WCT HQ,EA,,0.07188,,FL,,E1-FG,4/30/2025,,455
,6371 Valuation Adjustments,1/13/2020,,Opening Balance,Western Consolidated Technologies,,WSMP548463040D-MXX00W,WSMP548463040D-MXX00W,30958,30958,WCT HQ,EA,,7.0699,,MP,,E1-FG,4/30/2025,,22
,6372 Valuation Adjustments,8/12/2022,,Opening Balance,Western Consolidated Technologies,,WFFB111077020D-PGX15W,WFFB111077020D-PGX15W,30969,30969,WCT HQ,EA,,0.12908,,FB,,E1-FG,4/30/2025,,897
,6373 Valuation Adjustments,9/27/2022,,Opening Balance,Western Consolidated Technologies,,WPOT114100007D-PGX25W,WPOT114100007D-PGX25W,31050,31050,WCT HQ,EA,,0.10797,,OT,,E1-FG,4/30/2025,,75
,6374 Valuation Adjustments,11/17/2022,,Opening Balance,Western Consolidated Technologies,,22005,22005,51392,51392,WCT HQ,EA,,0.06794,,OT,,E1-FG,4/30/2025,,265
,6375 Valuation Adjustments,3/10/2025,,Opening Balance,Western Consolidated Technologies,,WPSM120062003Q-PFX15K,WPSM120062003Q-PFX15K,31073,31073,WCT HQ,EA,,0.04823,,SM,,E1-FG,4/30/2025,,407
,6376 Valuation Adjustments,4/2/2025,,Opening Balance,Western Consolidated Technologies,,WSNC225181018D-PXX00W,WSNC225181018D-PXX00W,31099,31099,WCT HQ,EA,,0.55552,,NC,,E1-FG,4/30/2025,,36
,6377 Valuation Adjustments,1/21/2022,,Opening Balance,Western Consolidated Technologies,,WSSL115084025O-MXX00W,WSSL115084025O-MXX00W,31104,31104,WCT HQ,EA,,0.26526,,SL,,E1-FG,4/30/2025,,48
,6378 Valuation Adjustments,7/26/2019,,Opening Balance,Western Consolidated Technologies,,WSSL086059018D-MXX00W,WSSL086059018D-MXX00W,31111,31111,WCT HQ,EA,,0.19754,,SL,,E1-FG,4/30/2025,,15
,6379 Valuation Adjustments,4/18/2025,,Opening Balance,Western Consolidated Technologies,,WSNC031020007D-PGX20W,WSNC031020007D-PGX20W,31122,31122,WCT HQ,EA,,0.20571,,NC,,E1-FG,4/30/2025,,89
,6380 Valuation Adjustments,3/31/2025,,Opening Balance,Western Consolidated Technologies,,WPOT207195010D-PPC15K,WPOT207195010D-PPC15K,31132,31132,WCT HQ,EA,,0.21339,,OT,,E1-FG,4/30/2025,,4617
,6381 Valuation Adjustments,8/13/2024,,Opening Balance,Western Consolidated Technologies,,WFFB051036011D-PCG18K,WFFB051036011D-PCG18K,31146,31146,WCT HQ,EA,,0.06543,,FB,,E1-FG,4/30/2025,,673
,6382 Valuation Adjustments,2/22/2021,,Opening Balance,Western Consolidated Technologies,,WFFL068047015D-PCG18K,WFFL068047015D-PCG18K,31147,31147,WCT HQ,EA,,0.09781,,FL,,E1-FG,4/30/2025,,220
,6383 Valuation Adjustments,8/25/2023,,Opening Balance,Western Consolidated Technologies,,WFFL081059019D-PCG18K,WFFL081059019D-PCG18K,31148,31148,WCT HQ,EA,,0.14206,,FL,,E1-FG,4/30/2025,,110
,6384 Valuation Adjustments,12/2/2024,,Opening Balance,Western Consolidated Technologies,,WPSA062049008Q-PXX00W,WPSA062049008Q-PXX00W,31174,31174,WCT HQ,EA,,0.03756,,SA,,E1-FG,4/30/2025,,550
,6385 Valuation Adjustments,12/19/2023,,Opening Balance,Western Consolidated Technologies,,WPOT149135007D-PGX25W,WPOT149135007D-PGX25W,31175,31175,WCT HQ,EA,,0.14656,,OT,,E1-FG,4/30/2025,,1132
,6386 Valuation Adjustments,4/24/2025,,Opening Balance,Western Consolidated Technologies,,WPSM152137007D-PGX15B,WPSM152137007D-PGX15B,31183,31183,WCT HQ,EA,,0.09059,,SM,,E1-FG,4/30/2025,,387
,6387 Valuation Adjustments,3/19/2025,,Opening Balance,Western Consolidated Technologies,,WPOT183172007D-PGX15K,WPOT183172007D-PGX15K,31191,31191,WCT HQ,EA,,0.26376,,OT,,E1-FG,4/30/2025,,309
,6388 Valuation Adjustments,9/6/2023,,Opening Balance,Western Consolidated Technologies,,WPOT262225007D-PCR23K,WPOT262225007D-PCR23K,31192,31192,WCT HQ,EA,,0.32305,,OT,,E1-FG,4/30/2025,,410
,6389 Valuation Adjustments,4/9/2025,,Opening Balance,Western Consolidated Technologies,,WPSM204191008D-PGX15B,WPSM204191008D-PGX15B,31194,31194,WCT HQ,EA,,0.0948,,SM,,E1-FG,4/30/2025,,560
,6390 Valuation Adjustments,4/23/2025,,Opening Balance,Western Consolidated Technologies,,WPSM150135008D-PGX15G,WPSM150135008D-PGX15G,31199,31199,WCT HQ,EA,,0.07791,,SM,,E1-FG,4/30/2025,,1419
,6391 Valuation Adjustments,10/31/2024,,Opening Balance,Western Consolidated Technologies,,WPSM087075009D-PGX15W,WPSM087075009D-PGX15W,31201,31201,WCT HQ,EA,,0.07348,,SM,,E1-FG,4/30/2025,,365
,6392 Valuation Adjustments,11/15/2024,,Opening Balance,Western Consolidated Technologies,,WFFB119068024Q-PGX20A,WFFB119068024Q-PGX20A,31212,31212,WCT HQ,EA,,0.29193,,FH,,E1-FG,4/30/2025,,76
,6393 Valuation Adjustments,1/9/2012,,Opening Balance,Western Consolidated Technologies,,WPOT131100006D-PXX00W,WPOT131100006D-PXX00W,31216,31216,WCT HQ,EA,,0.10087,,OT,,E1-FG,4/30/2025,,36
,6394 Valuation Adjustments,4/23/2021,,Opening Balance,Western Consolidated Technologies,,WPSM278264011D-PGX15B,WPSM278264011D-PGX15B,31217,31217,WCT HQ,EA,,0.09931,,SM,,E1-FG,4/30/2025,,2700
,6395 Valuation Adjustments,4/10/2025,,Opening Balance,Western Consolidated Technologies,,WPSM120106007D-PRX10K,WPSM120106007D-PRX10K,31223,31223,WCT HQ,EA,,0.04767,,SM,,E1-FG,4/30/2025,,1407
,6396 Valuation Adjustments,1/29/2024,,Opening Balance,Western Consolidated Technologies,,WPSM336322009D-PGX15B,WPSM336322009D-PGX15B,31226,31226,WCT HQ,EA,,0.10549,,SM,,E1-FG,4/30/2025,,480
,6397 Valuation Adjustments,4/25/2025,,Opening Balance,Western Consolidated Technologies,,WFFB149087027Q-PGX20A,WFFB149087027Q-PGX20A,31229,31229,WCT HQ,EA,,0.49416,,FH,,E1-FG,4/30/2025,,1
,6398 Valuation Adjustments,3/21/2022,,Opening Balance,Western Consolidated Technologies,,WFFH467381018D-PXX00W,WFFH467381018D-PXX00W,31268,31268,WCT HQ,EA,,0.5014,,FH,,E1-FG,4/30/2025,,1000
,6399 Valuation Adjustments,4/25/2025,,Opening Balance,Western Consolidated Technologies,,WFFL086051016Q-MXX00W,WFFL086051016Q-MXX00W,31272,31272,WCT HQ,EA,,0.09365,,FH,,E1-FG,4/30/2025,,390
,6400 Valuation Adjustments,3/11/2024,,Opening Balance,Western Consolidated Technologies,,WPOT094080012D-PGX15W,WPOT094080012D-PGX15W,31282,31282,WCT HQ,EA,,0.12095,,OT,,E1-FG,4/30/2025,,465
,6401 Valuation Adjustments,1/30/2023,,Opening Balance,Western Consolidated Technologies,,WSNC383370011D-PGX15W,WSNC383370011D-PGX15W,31283,31283,WCT HQ,EA,,0.45151,,NC,,E1-FG,4/30/2025,,74
,6402 Valuation Adjustments,9/27/2024,,Opening Balance,Western Consolidated Technologies,,WSNC183151021S-PRX15K,WSNC183151021S-PRX15K,31330,31330,WCT HQ,EA,,0.72623,,NC,,E1-FG,4/30/2025,,24
,6403 Valuation Adjustments,9/6/2018,,Opening Balance,Western Consolidated Technologies,,WSNC101068017D-PCG18K,WSNC101068017D-PCG18K,31387,31387,WCT HQ,EA,,0.85166,,NC,,E1-FG,4/30/2025,,13
,6404 Valuation Adjustments,8/12/2024,,Opening Balance,Western Consolidated Technologies,,22351,22351,51517,51517,WCT HQ,EA,,1.1866,,MP,,E1-FG,4/30/2025,,16
,6405 Valuation Adjustments,2/26/2025,,Opening Balance,Western Consolidated Technologies,,WSNC423341100D-PCG18K,WSNC423341100D-PCG18K,31414,31414,WCT HQ,EA,,12.89564,,NC,,E1-FG,4/30/2025,,10
,6406 Valuation Adjustments,9/20/2024,,Opening Balance,Western Consolidated Technologies,,WSOR044033009D-DL050N,WSOR044033009D-DL050N,31418,31418,WCT HQ,EA,,0.07504,,OR,,E1-FG,4/30/2025,,661
,6407 Valuation Adjustments,9/17/2024,,Opening Balance,Western Consolidated Technologies,,WFFL050026013D-MXX00W,WFFL050026013D-MXX00W,31420,31420,WCT HQ,EA,,0.11639,,FL,,E1-FG,4/30/2025,,351
,6408 Valuation Adjustments,4/11/2025,,Opening Balance,Western Consolidated Technologies,,WPOT087063002D-PGX25W,WPOT087063002D-PGX25W,31425,31425,WCT HQ,EA,,0.04814,,OT,,E1-FG,4/30/2025,,1285
,6409 Valuation Adjustments,2/11/2025,,Opening Balance,Western Consolidated Technologies,,WSNC080062023D-PXX00W,WSNC080062023D-PXX00W,31428,31428,WCT HQ,EA,,0.2581,,NC,,E1-FG,4/30/2025,,407
,6410 Valuation Adjustments,10/22/2024,,Opening Balance,Western Consolidated Technologies,,WPOS049039002S-PXX00W,WPOS049039002S-PXX00W,31437,31437,WCT HQ,EA,,0.08167,,MP,,E1-FG,4/30/2025,,246
,6411 Valuation Adjustments,6/6/2019,,Opening Balance,Western Consolidated Technologies,,WSMP112037003L-PRX15K,WSMP112037003L-PRX15K,31441,31441,WCT HQ,EA,,0.24386,,MP,,E1-FG,4/30/2025,,70
,6412 Valuation Adjustments,6/30/2022,,Opening Balance,Western Consolidated Technologies,,WPSM267251012D-PXX00W,WPSM267251012D-PXX00W,31442,31442,WCT HQ,EA,,0.15573,,SM,,E1-FG,4/30/2025,,949
,6413 Valuation Adjustments,7/12/2022,,Opening Balance,Western Consolidated Technologies,,WPSM366347011D-PXX00W,WPSM366347011D-PXX00W,31443,31443,WCT HQ,EA,,0.2025,,SM,,E1-FG,4/30/2025,,941
,6414 Valuation Adjustments,5/13/2019,,Opening Balance,Western Consolidated Technologies,,WPOT148135007D-PXX00W,WPOT148135007D-PXX00W,31445,31445,WCT HQ,EA,,0.09061,,OT,,E1-FG,4/30/2025,,296
,6415 Valuation Adjustments,9/24/2024,,Opening Balance,Western Consolidated Technologies,,WPOT094081006D-PXX00W,WPOT094081006D-PXX00W,31446,31446,WCT HQ,EA,,0.06449,,OT,,E1-FG,4/30/2025,,940
,6416 Valuation Adjustments,6/14/2024,,Opening Balance,Western Consolidated Technologies,,WSNC541522011D-PXX00W,WSNC541522011D-PXX00W,31447,31447,WCT HQ,EA,,0.6038,,NC,,E1-FG,4/30/2025,,127
,6417 Valuation Adjustments,6/10/2024,,Opening Balance,Western Consolidated Technologies,,WPSA050031005D-PGX25W,WPSA050031005D-PGX25W,31470,31470,WCT HQ,EA,,0.03585,,SA,,E1-FG,4/30/2025,,1897
,6418 Valuation Adjustments,1/28/2025,,Opening Balance,Western Consolidated Technologies,,WPSA066044005D-PGX25W,WPSA066044005D-PGX25W,31471,31471,WCT HQ,EA,,0.03864,,SA,,E1-FG,4/30/2025,,5926
,6419 Valuation Adjustments,3/31/2025,,Opening Balance,Western Consolidated Technologies,,WPOT100062005D-PGX25W,WPOT100062005D-PGX25W,31472,31472,WCT HQ,EA,,0.11345,,OT,,E1-FG,4/30/2025,,946
,6420 Valuation Adjustments,8/17/2018,,Opening Balance,Western Consolidated Technologies,,WPOT173124008D-PGX25W,WPOT173124008D-PGX25W,31475,31475,WCT HQ,EA,,0.27469,,OT,,E1-FG,4/30/2025,,69
,6421 Valuation Adjustments,8/8/2022,,Opening Balance,Western Consolidated Technologies,,WPOT326312007D-PGX15W,WPOT326312007D-PGX15W,31482,31482,WCT HQ,EA,,0.24814,,OT,,E1-FG,4/30/2025,,190
,6422 Valuation Adjustments,7/11/2024,,Opening Balance,Western Consolidated Technologies,,WPOT078061012D-PXX00W,WPOT078061012D-PXX00W,31485,31485,WCT HQ,EA,,0.11274,,OT,,E1-FG,4/30/2025,,204
,6423 Valuation Adjustments,9/4/2019,,Opening Balance,Western Consolidated Technologies,,WPOT111086009D-PGX25W,WPOT111086009D-PGX25W,31488,31488,WCT HQ,EA,,0.14717,,OT,,E1-FG,4/30/2025,,145
,6424 Valuation Adjustments,6/10/2024,,Opening Balance,Western Consolidated Technologies,,WSNC061030012D-MRX10K,WSNC061030012D-MRX10K,31496,31496,WCT HQ,EA,,0.31209,,NC,,E1-FG,4/30/2025,,604
,6425 Valuation Adjustments,3/7/2024,,Opening Balance,Western Consolidated Technologies,,WPOT383370011D-PXX00W,WPOT383370011D-PXX00W,31521,31521,WCT HQ,EA,,0.63084,,OT,,E1-FG,4/30/2025,,537
,6426 Valuation Adjustments,4/15/2025,,Opening Balance,Western Consolidated Technologies,,WSNC093000046D-PXX00W,WSNC093000046D-PXX00W,31522,31522,WCT HQ,EA,,0.50226,,NC,,E1-FG,4/30/2025,,91
,6427 Valuation Adjustments,1/15/2019,,Opening Balance,Western Consolidated Technologies,,WPOT148136006D-PXX00W,WPOT148136006D-PXX00W,31524,31524,WCT HQ,EA,,0.10935,,OT,,E1-FG,4/30/2025,,570
,6428 Valuation Adjustments,4/7/2025,,Opening Balance,Western Consolidated Technologies,,WSNC180031063D-PXX00W,WSNC180031063D-PXX00W,31535,31535,WCT HQ,EA,,1.45448,,NC,,E1-FG,4/30/2025,,12
,6429 Valuation Adjustments,4/10/2025,,Opening Balance,Western Consolidated Technologies,,WSSL199149023D-MXX00W,WSSL199149023D-MXX00W,31561,31561,WCT HQ,EA,,0.43827,,SL,,E1-FG,4/30/2025,,403
,6430 Valuation Adjustments,4/24/2025,,Opening Balance,Western Consolidated Technologies,,WSSL254204023D-MXX00W,WSSL254204023D-MXX00W,31562,31562,WCT HQ,EA,,0.41535,,SL,,E1-FG,4/30/2025,,61
,6431 Valuation Adjustments,3/20/2025,,Opening Balance,Western Consolidated Technologies,,WPOT197183010D-PGX15G,WPOT197183010D-PGX15G,31578,31578,WCT HQ,EA,,0.23273,,OT,,E1-FG,4/30/2025,,482
,6432 Valuation Adjustments,3/10/2025,,Opening Balance,Western Consolidated Technologies,,WPOT100050002D-PFX15K,WPOT100050002D-PFX15K,31599,31599,WCT HQ,EA,,0.08707,,OT,,E1-FG,4/30/2025,,674
,6433 Valuation Adjustments,12/10/2018,,Opening Balance,Western Consolidated Technologies,,WSNC285272010D-PGX15B,WSNC285272010D-PGX15B,31602,31602,WCT HQ,EA,,0.45141,,NC,,E1-FG,4/30/2025,,149
,6434 Valuation Adjustments,1/31/2025,,Opening Balance,Western Consolidated Technologies,,WPSS098086024B-PFX15K,WPSS098086024B-PFX15K,31623,31623,WCT HQ,EA,,0.19202,,SS,,E1-FG,4/30/2025,,9000
,6435 Valuation Adjustments,2/20/2025,,Opening Balance,Western Consolidated Technologies,,WSNC062051005D-PCR23K,WSNC062051005D-PCR23K,31627,31627,WCT HQ,EA,,0.18966,,NC,,E1-FG,4/30/2025,,395
,6436 Valuation Adjustments,4/21/2025,,Opening Balance,Western Consolidated Technologies,,WPOT062055035D-PXX00W,WPOT062055035D-PXX00W,31628,31628,WCT HQ,EA,,0.22435,,OT,,E1-FG,4/30/2025,,98
,6437 Valuation Adjustments,9/4/2024,,Opening Balance,Western Consolidated Technologies,,WPOT047039035D-PXX00W,WPOT047039035D-PXX00W,31629,31629,WCT HQ,EA,,0.29179,,OT,,E1-FG,4/30/2025,,49
,6438 Valuation Adjustments,10/11/2024,,Opening Balance,Western Consolidated Technologies,,WFFH197136018D-PXX00B,WFFH197136018D-PXX00B,31633,31633,WCT HQ,EA,,0.27593,,FH,,E1-FG,4/30/2025,,289
,6439 Valuation Adjustments,8/8/2024,,Opening Balance,Western Consolidated Technologies,,WFFH251186018D-PXX00B,WFFH251186018D-PXX00B,31634,31634,WCT HQ,EA,,0.33223,,FH,,E1-FG,4/30/2025,,360
,6440 Valuation Adjustments,8/19/2024,,Opening Balance,Western Consolidated Technologies,,WFFH467381018D-PXX00B,WFFH467381018D-PXX00B,31637,31637,WCT HQ,EA,,0.64528,,FH,,E1-FG,4/30/2025,,816
,6441 Valuation Adjustments,4/11/2025,,Opening Balance,Western Consolidated Technologies,,WFFH345287038D-PXX00W,WFFH345287038D-PXX00W,31641,31641,WCT HQ,EA,,0.52617,,FH,,E1-FG,4/30/2025,,386
,6442 Valuation Adjustments,3/18/2025,,Opening Balance,Western Consolidated Technologies,,WFFH344288037D-PXX00B,WFFH344288037D-PXX00B,31642,31642,WCT HQ,EA,,0.52393,,FH,,E1-FG,4/30/2025,,13
,6443 Valuation Adjustments,9/24/2024,,Opening Balance,Western Consolidated Technologies,,WSOR045018031D-DN050K,WSOR045018031D-DN050K,31649,31649,WCT HQ,EA,,0.42552,,OR,,E1-FG,4/30/2025,,8
,6444 Valuation Adjustments,9/27/2024,,Opening Balance,Western Consolidated Technologies,,WPSM093071011D-PXX00W,WPSM093071011D-PXX00W,31671,31671,WCT HQ,EA,,0.07262,,SM,,E1-FG,4/30/2025,,3520
,6445 Valuation Adjustments,10/29/2024,,Opening Balance,Western Consolidated Technologies,,WSNC420407011D-PGX15W,WSNC420407011D-PGX15W,31673,31673,WCT HQ,EA,,0.42132,,NC,,E1-FG,4/30/2025,,197
,6446 Valuation Adjustments,3/31/2025,,Opening Balance,Western Consolidated Technologies,,WSNC197109034D-PXX00W,WSNC197109034D-PXX00W,31674,31674,WCT HQ,EA,,1.65428,,NC,,E1-FG,4/30/2025,,11
,6447 Valuation Adjustments,4/1/2025,,Opening Balance,Western Consolidated Technologies,,WFFH293239034D-PXX00W,WFFH293239034D-PXX00W,31695,31695,WCT HQ,EA,,0.32591,,FH,,E1-FG,4/30/2025,,146
,6448 Valuation Adjustments,3/22/2022,,Opening Balance,Western Consolidated Technologies,,WFFH294238043D-PXX00W,WFFH294238043D-PXX00W,31696,31696,WCT HQ,EA,,0.4666,,FH,,E1-FG,4/30/2025,,250
,6449 Valuation Adjustments,4/11/2025,,Opening Balance,Western Consolidated Technologies,,WFFH344287047D-PXX00W,WFFH344287047D-PXX00W,31698,31698,WCT HQ,EA,,0.63618,,FB,,E1-FG,4/30/2025,,16
,6450 Valuation Adjustments,11/8/2024,,Opening Balance,Western Consolidated Technologies,,WFFH501387020D-PXX00W,WFFH501387020D-PXX00W,31702,31702,WCT HQ,EA,,1.01447,,FH,,E1-FG,4/30/2025,,180
,6451 Valuation Adjustments,3/3/2025,,Opening Balance,Western Consolidated Technologies,,WSNC190174016D-PGX15W,WSNC190174016D-PGX15W,31704,31704,WCT HQ,EA,,0.4166,,NC,,E1-FG,4/30/2025,,36
,6452 Valuation Adjustments,9/17/2024,,Opening Balance,Western Consolidated Technologies,,WPOT142130007D-PGX15B,WPOT142130007D-PGX15B,31729,31729,WCT HQ,EA,,0.07872,,OT,,E1-FG,4/30/2025,,1515
,6453 Valuation Adjustments,11/10/2020,,Opening Balance,Western Consolidated Technologies,,WPOS137125012S-PGX15W,WPOS137125012S-PGX15W,31734,31734,WCT HQ,EA,,0.23289,,OS,,E1-FG,4/30/2025,,81
,6454 Valuation Adjustments,3/9/2021,,Opening Balance,Western Consolidated Technologies,,WPOS099087012D-PGX15W,WPOS099087012D-PGX15W,31736,31736,WCT HQ,EA,,0.15665,,OS,,E1-FG,4/30/2025,,205
,6455 Valuation Adjustments,11/22/2024,,Opening Balance,Western Consolidated Technologies,,WPOT260249007D-PGX15W,WPOT260249007D-PGX15W,31740,31740,WCT HQ,EA,,0.15108,,OT,,E1-FG,4/30/2025,,240
,6456 Valuation Adjustments,9/17/2024,,Opening Balance,Western Consolidated Technologies,,WFFL900450200L-PRX15K,WFFL900450200L-PRX15K,31746,31746,WCT HQ,EA,,0.02754,,FL,,E1-FG,4/30/2025,,2390
,6457 Valuation Adjustments,4/4/2025,,Opening Balance,Western Consolidated Technologies,,WPOT205190007D-PGX15B,WPOT205190007D-PGX15B,31757,31757,WCT HQ,EA,,0.16903,,OT,,E1-FG,4/30/2025,,265
,6458 Valuation Adjustments,9/17/2024,,Opening Balance,Western Consolidated Technologies,,WPOT187168007D-PRX15K,WPOT187168007D-PRX15K,31759,31759,WCT HQ,EA,,0.1607,,OT,,E1-FG,4/30/2025,,280
,6459 Valuation Adjustments,8/12/2024,,Opening Balance,Western Consolidated Technologies,,WSNC122096011D-PXX00W,WSNC122096011D-PXX00W,31769,31769,WCT HQ,EA,,0.28302,,NC,,E1-FG,4/30/2025,,270
,6460 Valuation Adjustments,4/2/2025,,Opening Balance,Western Consolidated Technologies,,WSMPM202011MXX,WSMPM202011MXX,31773,31773,WCT HQ,EA,,0.53217,,MP,,E1-FG,4/30/2025,,323
,6461 Valuation Adjustments,2/6/2023,,Opening Balance,Western Consolidated Technologies,,WPOT177158012D-GGX15B,WPOT177158012D-GGX15B,31778,31778,WCT HQ,EA,,0.20813,,OT,,E1-FG,4/30/2025,,137
,6462 Valuation Adjustments,10/25/2019,,Opening Balance,Western Consolidated Technologies,,WPSM125111009D-PGX15W,WPSM125111009D-PGX15W,31780,31780,WCT HQ,EA,,0.07212,,SM,,E1-FG,4/30/2025,,300
,6463 Valuation Adjustments,4/18/2025,,Opening Balance,Western Consolidated Technologies,,WFFL086050014D-PXX00W,WFFL086050014D-PXX00W,31785,31785,WCT HQ,EA,,0.08995,,FL,,E1-FG,4/30/2025,,757
,6464 Valuation Adjustments,4/8/2025,,Opening Balance,Western Consolidated Technologies,,WFFB115075015D-PXX00W,WFFB115075015D-PXX00W,31786,31786,WCT HQ,EA,,0.11541,,FH,,E1-FG,4/30/2025,,95
,6465 Valuation Adjustments,4/22/2025,,Opening Balance,Western Consolidated Technologies,,WFFH254200032D-PXX00W,WFFH254200032D-PXX00W,31789,31789,WCT HQ,EA,,0.51648,,FH,,E1-FG,4/30/2025,,247
,6466 Valuation Adjustments,8/9/2024,,Opening Balance,Western Consolidated Technologies,,WFFH312244038D-PXX00W,WFFH312244038D-PXX00W,31790,31790,WCT HQ,EA,,0.76076,,FH,,E1-FG,4/30/2025,,515
,6467 Valuation Adjustments,6/7/2024,,Opening Balance,Western Consolidated Technologies,,WSMP250224259D-PXX00W,WSMP250224259D-PXX00W,31796,31796,WCT HQ,EA,,5.76184,,MP,,E1-FG,4/30/2025,,193
,6468 Valuation Adjustments,3/19/2025,,Opening Balance,Western Consolidated Technologies,,WFFH343289033D-PXX00W,WFFH343289033D-PXX00W,31801,31801,WCT HQ,EA,,0.37759,,FH,,E1-FG,4/30/2025,,148
,6469 Valuation Adjustments,5/23/2006,,Opening Balance,Western Consolidated Technologies,,WSNC446373013D-PCF18K,WSNC446373013D-PCF18K,31804,31804,WCT HQ,EA,,7.94515,,NC,,E1-FG,4/30/2025,,62
,6470 Valuation Adjustments,9/6/2023,,Opening Balance,Western Consolidated Technologies,,WSNC627604012D-PGX25W,WSNC627604012D-PGX25W,31813,31813,WCT HQ,EA,,0.88511,,NC,,E1-FG,4/30/2025,,26
,6471 Valuation Adjustments,1/28/2025,,Opening Balance,Western Consolidated Technologies,,WSMP205093058O-MXX00W,WSMP205093058O-MXX00W,31815,31815,WCT HQ,EA,,2.76866,,MP,,E1-FG,4/30/2025,,129
,6472 Valuation Adjustments,4/15/2025,,Opening Balance,Western Consolidated Technologies,,WSMP255200059O-MXX00W,WSMP255200059O-MXX00W,31816,31816,WCT HQ,EA,,2.69651,,MP,,E1-FG,4/30/2025,,9
,6473 Valuation Adjustments,1/22/2025,,Opening Balance,Western Consolidated Technologies,,22767,22767,31820,31820,WCT HQ,EA,,0.61317,,MP,,E1-FG,4/30/2025,,301
,6474 Valuation Adjustments,7/22/2024,,Opening Balance,Western Consolidated Technologies,,WPOT149139015D-PGX15W,WPOT149139015D-PGX15W,31826,31826,WCT HQ,EA,,0.31005,,OT,,E1-FG,4/30/2025,,215
,6475 Valuation Adjustments,12/14/2021,,Opening Balance,Western Consolidated Technologies,,WPOS147128024S-PCR23K,WPOS147128024S-PCR23K,31836,31836,WCT HQ,EA,,0.76905,,OS,,E1-FG,4/30/2025,,384
,6476 Valuation Adjustments,3/17/2025,,Opening Balance,Western Consolidated Technologies,,WFFL600480200L-PRX15K,WFFL600480200L-PRX15K,31841,31841,WCT HQ,EA,,0.04405,,FL,,E1-FG,4/30/2025,,3223
,6477 Valuation Adjustments,3/26/2025,,Opening Balance,Western Consolidated Technologies,,WSMP701445054Q-PGX15W,WSMP701445054Q-PGX15W,31852,31852,WCT HQ,EA,,16.58083,,MP,,E1-FG,4/30/2025,,90
,6478 Valuation Adjustments,4/17/2025,,Opening Balance,Western Consolidated Technologies,,WSMP502300049Q-PGX15W,WSMP502300049Q-PGX15W,31853,31853,WCT HQ,EA,,8.81041,,MP,,E1-FG,4/30/2025,,24
,6479 Valuation Adjustments,5/6/2021,,Opening Balance,Western Consolidated Technologies,,WSNC162076034D-USX50S,WSNC162076034D-USX50S,31856,31856,WCT HQ,EA,,1.90367,,NC,,E1-FG,4/30/2025,,11
,6480 Valuation Adjustments,8/2/2024,,Opening Balance,Western Consolidated Technologies,,WPOS085073024S-PFX15K,WPOS085073024S-PFX15K,31858,31858,WCT HQ,EA,,0.31206,,OS,,E1-FG,4/30/2025,,62
,6481 Valuation Adjustments,9/12/2023,,Opening Balance,Western Consolidated Technologies,,WPOT158147007D-PZF30N,WPOT158147007D-PZF30N,31867,31867,WCT HQ,EA,,0.15861,,OT,,E1-FG,4/30/2025,,257
,6482 Valuation Adjustments,8/12/2024,,Opening Balance,Western Consolidated Technologies,,WSNC126111007D-PCR23K,WSNC126111007D-PCR23K,31884,31884,WCT HQ,EA,,0.27408,,NC,,E1-FG,4/30/2025,,123
,6483 Valuation Adjustments,1/27/2025,,Opening Balance,Western Consolidated Technologies,,WFFH198137020D-PXX00W,WFFH198137020D-PXX00W,31889,31889,WCT HQ,EA,,0.31473,,FB,,E1-FG,4/30/2025,,272
,6484 Valuation Adjustments,8/20/2024,,Opening Balance,Western Consolidated Technologies,,WSNC700690017D-PMX05K,WSNC700690017D-PMX05K,31899,31899,WCT HQ,EA,,3.672,,NC,,E1-FG,4/30/2025,,18
,6485 Valuation Adjustments,10/11/2024,,Opening Balance,Western Consolidated Technologies,,WSOR055046010D-DV062N,WSOR055046010D-DV062N,31903,31903,WCT HQ,EA,,0.09573,,OR,,E1-FG,4/30/2025,,1683
,6486 Valuation Adjustments,7/11/2019,,Opening Balance,Western Consolidated Technologies,,WSLD657583020D-PXX00W,WSLD657583020D-PXX00W,31920,31920,WCT HQ,EA,,0.75191,,LD,,E1-FG,4/30/2025,,33
,6487 Valuation Adjustments,4/26/2024,,Opening Balance,Western Consolidated Technologies,,WSNC189175009D-PGX15W,WSNC189175009D-PGX15W,31934,31934,WCT HQ,EA,,0.49655,,OT,,E1-FG,4/30/2025,,920
,6488 Valuation Adjustments,8/14/2024,,Opening Balance,Western Consolidated Technologies,,WPOT189175009D-PGX15O,WPOT189175009D-PGX15O,31936,31936,WCT HQ,EA,,0.28798,,OT,,E1-FG,4/30/2025,,970
,6489 Valuation Adjustments,10/26/2018,,Opening Balance,Western Consolidated Technologies,,WSNC045037013D-PXX00W,WSNC045037013D-PXX00W,31943,31943,WCT HQ,EA,,0.21243,,NC,,E1-FG,4/30/2025,,300
,6490 Valuation Adjustments,8/9/2024,,Opening Balance,Western Consolidated Technologies,,WSNC400348032D-MXX00W,WSNC400348032D-MXX00W,31966,31966,WCT HQ,EA,,4.40103,,NC,,E1-FG,4/30/2025,,33
,6491 Valuation Adjustments,5/9/2024,,Opening Balance,Western Consolidated Technologies,,WPOT133123015D-PGX15W,WPOT133123015D-PGX15W,32010,32010,WCT HQ,EA,,0.36338,,OT,,E1-FG,4/30/2025,,2864
,6492 Valuation Adjustments,10/2/2023,,Opening Balance,Western Consolidated Technologies,,WFFL110380200L-PRX15K,WFFL110380200L-PRX15K,32015,32015,WCT HQ,EA,,0.02797,,FL,,E1-FG,4/30/2025,,37265
,6493 Valuation Adjustments,3/6/2025,,Opening Balance,Western Consolidated Technologies,,WFFL050026013D-PCG18K,WFFL050026013D-PCG18K,32041,32041,WCT HQ,EA,,0.11664,,FL,,E1-FG,4/30/2025,,672
,6494 Valuation Adjustments,3/27/2025,,Opening Balance,Western Consolidated Technologies,,WPOT197181009D-PZF30N,WPOT197181009D-PZF30N,32091,32091,WCT HQ,EA,,0.28433,,OT,,E1-FG,4/30/2025,,100
,6495 Valuation Adjustments,3/22/2024,,Opening Balance,Western Consolidated Technologies,,WSMP150075059D-MXX00W,WSMP150075059D-MXX00W,32098,32098,WCT HQ,EA,,1.95547,,MP,,E1-FG,4/30/2025,,1592
,6496 Valuation Adjustments,12/18/2024,,Opening Balance,Western Consolidated Technologies,,WSMP406293059D-MXX00W,WSMP406293059D-MXX00W,32102,32102,WCT HQ,EA,,4.41651,,MP,,E1-FG,4/30/2025,,5
,6497 Valuation Adjustments,6/7/2022,,Opening Balance,Western Consolidated Technologies,,WPOT124116005D-PXX00W,WPOT124116005D-PXX00W,32121,32121,WCT HQ,EA,,0.06497,,OT,,E1-FG,4/30/2025,,524
,6498 Valuation Adjustments,1/3/2025,,Opening Balance,Western Consolidated Technologies,,WPOT185170009D-PGX15B,WPOT185170009D-PGX15B,32142,32142,WCT HQ,EA,,0.16782,,NC,,E1-FG,4/30/2025,,9900
,6499 Valuation Adjustments,4/21/2025,,Opening Balance,Western Consolidated Technologies,,WSMPM204011MXX,WSMPM204011MXX,32151,32151,WCT HQ,EA,,0.53171,,MP,,E1-FG,4/30/2025,,64
,6500 Valuation Adjustments,3/31/2023,,Opening Balance,Western Consolidated Technologies,,WPSA041031002D-PXX00W,WPSA041031002D-PXX00W,32166,32166,WCT HQ,EA,,0.01918,,SA,,E1-FG,4/30/2025,,7915
,6501 Valuation Adjustments,12/11/2024,,Opening Balance,Western Consolidated Technologies,,WPOT168157007D-PRX10K,WPOT168157007D-PRX10K,32168,32168,WCT HQ,EA,,0.1073,,NC,,E1-FG,4/30/2025,,465
,6502 Valuation Adjustments,3/28/2025,,Opening Balance,Western Consolidated Technologies,,WSNC035023028D-PRX15K,WSNC035023028D-PRX15K,32173,32173,WCT HQ,EA,,0.32097,,NC,,E1-FG,4/30/2025,,349
,6503 Valuation Adjustments,10/14/2022,,Opening Balance,Western Consolidated Technologies,,WSNC027010120D-PXX00B,WSNC027010120D-PXX00B,32186,32186,WCT HQ,EA,,1.4642,,NC,,E1-FG,4/30/2025,,133
,6504 Valuation Adjustments,5/12/2021,,Opening Balance,Western Consolidated Technologies,,WPSA035023002D-PXX00W,WPSA035023002D-PXX00W,32198,32198,WCT HQ,EA,,0.02232,,SA,,E1-FG,4/30/2025,,1835
,6505 Valuation Adjustments,11/22/2022,,Opening Balance,Western Consolidated Technologies,,WPOT143131008D-PXX00W,WPOT143131008D-PXX00W,32200,32200,WCT HQ,EA,,0.12907,,OT,,E1-FG,4/30/2025,,358
,6506 Valuation Adjustments,3/28/2024,,Opening Balance,Western Consolidated Technologies,,WSNC326298026D-PMX05K,WSNC326298026D-PMX05K,32231,32231,WCT HQ,EA,,1.27938,,NC,,E1-FG,4/30/2025,,18
,6507 Valuation Adjustments,4/25/2025,,Opening Balance,Western Consolidated Technologies,,WFFH371310029D-MXX00W,WFFH371310029D-MXX00W,32250,32250,WCT HQ,EA,,0.90181,,FH,,E1-FG,4/30/2025,,451
,6508 Valuation Adjustments,7/21/2023,,Opening Balance,Western Consolidated Technologies,,WPOT088081007D-PGM15K,WPOT088081007D-PGM15K,32262,32262,WCT HQ,EA,,0.09261,,OT,,E1-FG,4/30/2025,,480
,6509 Valuation Adjustments,3/7/2024,,Opening Balance,Western Consolidated Technologies,,WPOS061049011S-PZX40N,WPOS061049011S-PZX40N,32270,32270,WCT HQ,EA,,0.15409,,OS,,E1-FG,4/30/2025,,476
,6510 Valuation Adjustments,4/4/2024,,Opening Balance,Western Consolidated Technologies,,WSMP603575023D-PGM15K,WSMP603575023D-PGM15K,32277,32277,WCT HQ,EA,,3.81079,,MP,,E1-FG,4/30/2025,,107
,6511 Valuation Adjustments,11/22/2024,,Opening Balance,Western Consolidated Technologies,,WPOS199162006S-PGX15W,WPOS199162006S-PGX15W,32286,32286,WCT HQ,EA,,0.2171,,OS,,E1-FG,4/30/2025,,2535
,6512 Valuation Adjustments,6/17/2019,,Opening Balance,Western Consolidated Technologies,,WPOT035030003Q-PXX00W,WPOT035030003Q-PXX00W,32290,32290,WCT HQ,EA,,0.05939,,OT,,E1-FG,4/30/2025,,355
,6513 Valuation Adjustments,10/1/2024,,Opening Balance,Western Consolidated Technologies,,WPSA040031001D-PGX25W,WPSA040031001D-PGX25W,32291,32291,WCT HQ,EA,,0.02487,,SA,,E1-FG,4/30/2025,,3775
,6514 Valuation Adjustments,9/25/2018,,Opening Balance,Western Consolidated Technologies,,23196,23196,51699,51699,WCT HQ,EA,,0.11091,,FL,,E1-FG,4/30/2025,,125
,6515 Valuation Adjustments,7/18/2023,,Opening Balance,Western Consolidated Technologies,,WPOT067049005D-PCR23K,WPOT067049005D-PCR23K,32294,32294,WCT HQ,EA,,0.07851,,OT,,E1-FG,4/30/2025,,359
,6516 Valuation Adjustments,3/21/2025,,Opening Balance,Western Consolidated Technologies,,WSOT082075005D-PXX00W,WSOT082075005D-PXX00W,32296,32296,WCT HQ,EA,,0.04922,,OT,,E1-FG,4/30/2025,,6
,6517 Valuation Adjustments,2/20/2025,,Opening Balance,Western Consolidated Technologies,,WSMP087074007Z-PCX15K,WSMP087074007Z-PCX15K,32301,32301,WCT HQ,EA,,0.13823,,MP,,E1-FG,4/30/2025,,299
,6518 Valuation Adjustments,4/17/2025,,Opening Balance,Western Consolidated Technologies,,WSMP125111007Z-PCX15K,WSMP125111007Z-PCX15K,32302,32302,WCT HQ,EA,,0.19422,,MP,,E1-FG,4/30/2025,,694
,6519 Valuation Adjustments,2/13/2025,,Opening Balance,Western Consolidated Technologies,,WSSPS2V2287DD1,WSSPS2V2287DD1,32306,32306,WCT HQ,EA,,0.84665,,SP,,E1-FG,4/30/2025,,39
,6520 Valuation Adjustments,2/11/2025,,Opening Balance,Western Consolidated Technologies,,WPOT086077007D-PGX15W,WPOT086077007D-PGX15W,32331,32331,WCT HQ,EA,,0.06269,,OT,,E1-FG,4/30/2025,,35
,6521 Valuation Adjustments,8/21/2024,,Opening Balance,Western Consolidated Technologies,,WSOR114083017D-DD125N,WSOR114083017D-DD125N,32338,32338,WCT HQ,EA,,1.24189,,OR,,E1-FG,4/30/2025,,138
,6522 Valuation Adjustments,3/12/2024,,Opening Balance,Western Consolidated Technologies,,WPOT075062006D-PXX00W,WPOT075062006D-PXX00W,32339,32339,WCT HQ,EA,,0.04918,,OT,,E1-FG,4/30/2025,,1002
,6523 Valuation Adjustments,1/8/2025,,Opening Balance,Western Consolidated Technologies,,WPOT048037005D-PFX15K,WPOT048037005D-PFX15K,32340,32340,WCT HQ,EA,,0.03897,,OT,,E1-FG,4/30/2025,,1275
,6524 Valuation Adjustments,8/16/2023,,Opening Balance,Western Consolidated Technologies,,WFFH176141009D-PSB50B,WFFH176141009D-PSB50B,32346,32346,WCT HQ,EA,,0.25975,,FH,,E1-FG,4/30/2025,,210
,6525 Valuation Adjustments,9/13/2023,,Opening Balance,Western Consolidated Technologies,,WFFH332288009D-PSB50B,WFFH332288009D-PSB50B,32348,32348,WCT HQ,EA,,0.36151,,FH,,E1-FG,4/30/2025,,221
,6526 Valuation Adjustments,6/19/2024,,Opening Balance,Western Consolidated Technologies,,WSOR080050017D-DV100N,WSOR080050017D-DV100N,32352,32352,WCT HQ,EA,,0.81781,,OR,,E1-FG,4/30/2025,,60
,6527 Valuation Adjustments,2/21/2025,,Opening Balance,Western Consolidated Technologies,,WSOR045024013D-DU050Y,WSOR045024013D-DU050Y,32354,32354,WCT HQ,EA,,0.45998,,OR,,E1-FG,4/30/2025,,192
,6528 Valuation Adjustments,11/14/2023,,Opening Balance,Western Consolidated Technologies,,WPOT046031007D-MGM20W,WPOT046031007D-MGM20W,32356,32356,WCT HQ,EA,,0.11604,,OT,,E1-FG,4/30/2025,,53
,6529 Valuation Adjustments,1/31/2025,,Opening Balance,Western Consolidated Technologies,,WSMP108057023D-PXX00W,WSMP108057023D-PXX00W,32362,32362,WCT HQ,EA,,0.70798,,MP,,E1-FG,4/30/2025,,17
,6530 Valuation Adjustments,4/25/2025,,Opening Balance,Western Consolidated Technologies,,WSNC111086021D-PRX10K,WSNC111086021D-PRX10K,32366,32366,WCT HQ,EA,,0.34913,,NC,,E1-FG,4/30/2025,,224
,6531 Valuation Adjustments,9/17/2024,,Opening Balance,Western Consolidated Technologies,,WSOR019004014D-DK037N,WSOR019004014D-DK037N,32368,32368,WCT HQ,EA,,0.59337,,OR,,E1-FG,4/30/2025,,93
,6532 Valuation Adjustments,11/8/2022,,Opening Balance,Western Consolidated Technologies,,WSNC056048007D-PCR23K,WSNC056048007D-PCR23K,32371,32371,WCT HQ,EA,,0.11238,,NC,,E1-FG,4/30/2025,,185
,6533 Valuation Adjustments,8/6/2019,,Opening Balance,Western Consolidated Technologies,,WPOT191176013D-PXX00W,WPOT191176013D-PXX00W,32375,32375,WCT HQ,EA,,0.18581,,OT,,E1-FG,4/30/2025,,86
,6534 Valuation Adjustments,3/5/2025,,Opening Balance,Western Consolidated Technologies,,WFFL069040010D-PCG10K,WFFL069040010D-PCG10K,32393,32393,WCT HQ,EA,,0.05548,,FL,,E1-FG,4/30/2025,,227
,6535 Valuation Adjustments,4/26/2024,,Opening Balance,Western Consolidated Technologies,,WPOT105099004D-PXX00W,WPOT105099004D-PXX00W,32396,32396,WCT HQ,EA,,0.05526,,OT,,E1-FG,4/30/2025,,3975
,6536 Valuation Adjustments,3/17/2025,,Opening Balance,Western Consolidated Technologies,,WFFL050027010Q-MXX00W,WFFL050027010Q-MXX00W,32397,32397,WCT HQ,EA,,0.10712,,FL,,E1-FG,4/30/2025,,125
,6537 Valuation Adjustments,11/10/2015,,Opening Balance,Western Consolidated Technologies,,WSNC054038012D-PZX40N,WSNC054038012D-PZX40N,32407,32407,WCT HQ,EA,,0.27736,,NC,,E1-FG,4/30/2025,,94
,6538 Valuation Adjustments,2/26/2025,,Opening Balance,Western Consolidated Technologies,,WSOR017010010D-DA050N,WSOR017010010D-DA050N,32413,32413,WCT HQ,EA,,0.42885,,OR,,E1-FG,4/30/2025,,95
,6539 Valuation Adjustments,3/18/2025,,Opening Balance,Western Consolidated Technologies,,WFFL074051012Q-PCG10K,WFFL074051012Q-PCG10K,32421,32421,WCT HQ,EA,,0.08265,,FL,,E1-FG,4/30/2025,,630
,6540 Valuation Adjustments,9/27/2024,,Opening Balance,Western Consolidated Technologies,,WFFB105076012Q-PCG10K,WFFB105076012Q-PCG10K,32422,32422,WCT HQ,EA,,0.15146,,FB,,E1-FG,4/30/2025,,1100
,6541 Valuation Adjustments,12/31/2024,,Opening Balance,Western Consolidated Technologies,,WFFB130101014Q-PCG10K,WFFB130101014Q-PCG10K,32423,32423,WCT HQ,EA,,0.1933,,FB,,E1-FG,4/30/2025,,100
,6542 Valuation Adjustments,4/21/2025,,Opening Balance,Western Consolidated Technologies,,WPSM150135008D-PGX15B,WPSM150135008D-PGX15B,32441,32441,WCT HQ,EA,,0.06006,,SM,,E1-FG,4/30/2025,,7072
,6543 Valuation Adjustments,2/18/2025,,Opening Balance,Western Consolidated Technologies,,WPOS233213021S-PZX40N,WPOS233213021S-PZX40N,32445,32445,WCT HQ,EA,,0.87454,,MP,,E1-FG,4/30/2025,,52
,6544 Valuation Adjustments,11/21/2023,,Opening Balance,Western Consolidated Technologies,,WSMP227197017D-BU23GN,WSMP227197017D-BU23GN,32454,32454,WCT HQ,EA,,2.40451,,MP,,E1-FG,4/30/2025,,371
,6545 Valuation Adjustments,12/11/2024,,Opening Balance,Western Consolidated Technologies,,WSNC066042013D-MXX00W,WSNC066042013D-MXX00W,32455,32455,WCT HQ,EA,,0.40111,,NC,,E1-FG,4/30/2025,,80
,6546 Valuation Adjustments,2/25/2025,,Opening Balance,Western Consolidated Technologies,,WSMP128092018D-MXX00W,WSMP128092018D-MXX00W,32457,32457,WCT HQ,EA,,0.90342,,MP,,E1-FG,4/30/2025,,14
,6547 Valuation Adjustments,4/4/2025,,Opening Balance,Western Consolidated Technologies,,WSNC149100050D-PXX00W,WSNC149100050D-PXX00W,32465,32465,WCT HQ,EA,,0.83642,,NC,,E1-FG,4/30/2025,,49
,6548 Valuation Adjustments,9/12/2024,,Opening Balance,Western Consolidated Technologies,,WPOT140112005D-PXX00W,WPOT140112005D-PXX00W,32470,32470,WCT HQ,EA,,0.12062,,OT,,E1-FG,4/30/2025,,147
,6549 Valuation Adjustments,2/24/2025,,Opening Balance,Western Consolidated Technologies,,WSMP102013018D-PRX10K,WSMP102013018D-PRX10K,32478,32478,WCT HQ,EA,,0.75868,,MP,,E1-FG,4/30/2025,,22
,6550 Valuation Adjustments,2/20/2024,,Opening Balance,Western Consolidated Technologies,,23382,23382,51788,51788,WCT HQ,EA,,0.21493,,OS,,E1-FG,4/30/2025,,366
,6551 Valuation Adjustments,2/14/2013,,Opening Balance,Western Consolidated Technologies,,WSNCV3MFX25PCG,WSNCV3MFX25PCG,32482,32482,WCT HQ,EA,,8.39328,,NC,,E1-FG,4/30/2025,,38
,6552 Valuation Adjustments,2/7/2025,,Opening Balance,Western Consolidated Technologies,,WSMP030000006D-PXX00W,WSMP030000006D-PXX00W,32490,32490,WCT HQ,EA,,0.42081,,MP,,E1-FG,4/30/2025,,15
,6553 Valuation Adjustments,1/3/2025,,Opening Balance,Western Consolidated Technologies,,WSNC061044019D-PGM15K,WSNC061044019D-PGM15K,32492,32492,WCT HQ,EA,,0.42305,,NC,,E1-FG,4/30/2025,,221
,6554 Valuation Adjustments,6/7/2023,,Opening Balance,Western Consolidated Technologies,,WSMP800790017D-PMX05K,WSMP800790017D-PMX05K,32494,32494,WCT HQ,EA,,3.17902,,MP,,E1-FG,4/30/2025,,3
,6555 Valuation Adjustments,11/21/2024,,Opening Balance,Western Consolidated Technologies,,WSNC280219055D-PGM15K,WSNC280219055D-PGM15K,32504,32504,WCT HQ,EA,,2.55966,,NC,,E1-FG,4/30/2025,,165
,6556 Valuation Adjustments,12/26/2023,,Opening Balance,Western Consolidated Technologies,,WSMPS2G3030PMX,WSMPS2G3030PMX,32512,32512,WCT HQ,EA,,0.37686,,MP,,E1-FG,4/30/2025,,199
,6557 Valuation Adjustments,2/20/2025,,Opening Balance,Western Consolidated Technologies,,WSNC166146015D-PFX15K,WSNC166146015D-PFX15K,32513,32513,WCT HQ,EA,,0.32968,,NC,,E1-FG,4/30/2025,,53
,6558 Valuation Adjustments,2/20/2025,,Opening Balance,Western Consolidated Technologies,,WSNC191171015D-PFX15K,WSNC191171015D-PFX15K,32514,32514,WCT HQ,EA,,0.32052,,NC,,E1-FG,4/30/2025,,204
,6559 Valuation Adjustments,4/9/2019,,Opening Balance,Western Consolidated Technologies,,WFFL116225371Q-PGM15K,WFFL116225371Q-PGM15K,32519,32519,WCT HQ,EA,,0.07568,,FL,,E1-FG,4/30/2025,,1175
,6560 Valuation Adjustments,9/18/2024,,Opening Balance,Western Consolidated Technologies,,WPOS179162004D-PXX00W,WPOS179162004D-PXX00W,32521,32521,WCT HQ,EA,,0.28624,,OS,,E1-FG,4/30/2025,,355
,6561 Valuation Adjustments,5/24/2024,,Opening Balance,Western Consolidated Technologies,,WSMP061026070D-PXX00W,WSMP061026070D-PXX00W,32524,32524,WCT HQ,EA,,2.07528,,MP,,E1-FG,4/30/2025,,13
,6562 Valuation Adjustments,4/23/2025,,Opening Balance,Western Consolidated Technologies,,WPOT040027006D-PXX00W,WPOT040027006D-PXX00W,32532,32532,WCT HQ,EA,,0.06916,,OT,,E1-FG,4/30/2025,,333
,6563 Valuation Adjustments,11/27/2024,,Opening Balance,Western Consolidated Technologies,,WPOT082074010Q-PPM15K,WPOT082074010Q-PPM15K,32545,32545,WCT HQ,EA,,0.11831,,NC,,E1-FG,4/30/2025,,860
,6564 Valuation Adjustments,4/23/2024,,Opening Balance,Western Consolidated Technologies,,WFFS088069113D-PXX00W,WFFS088069113D-PXX00W,32558,32558,WCT HQ,EA,,0.4824,,FS,,E1-FG,4/30/2025,,126
,6565 Valuation Adjustments,9/10/2024,,Opening Balance,Western Consolidated Technologies,,WPOT087072004D-PGX15W,WPOT087072004D-PGX15W,32561,32561,WCT HQ,EA,,0.06413,,OT,,E1-FG,4/30/2025,,350
,6566 Valuation Adjustments,3/7/2014,,Opening Balance,Western Consolidated Technologies,,WPSS118163006D-PYX07W,WPSS118163006D-PYX07W,32564,32564,WCT HQ,EA,,0.15168,,SS,,E1-FG,4/30/2025,,40
,6567 Valuation Adjustments,7/19/2023,,Opening Balance,Western Consolidated Technologies,,WSNC061052210D-PZX40N,WSNC061052210D-PZX40N,32576,32576,WCT HQ,EA,,0.19514,,NC,,E1-FG,4/30/2025,,1448
,6568 Valuation Adjustments,11/8/2019,,Opening Balance,Western Consolidated Technologies,,WPOT307294025D-PGX25W,WPOT307294025D-PGX25W,32579,32579,WCT HQ,EA,,1.29093,,OT,,E1-FG,4/30/2025,,51
,6569 Valuation Adjustments,11/16/2020,,Opening Balance,Western Consolidated Technologies,,WFFB187150017Q-PCG10K,WFFB187150017Q-PCG10K,32596,32596,WCT HQ,EA,,0.26041,,FB,,E1-FG,4/30/2025,,76
,6570 Valuation Adjustments,3/9/2022,,Opening Balance,Western Consolidated Technologies,,WFFH297251023Q-PCG10K,WFFH297251023Q-PCG10K,32598,32598,WCT HQ,EA,,0.54473,,FH,,E1-FG,4/30/2025,,130
,6571 Valuation Adjustments,6/5/2024,,Opening Balance,Western Consolidated Technologies,,WFFH355301027Q-PCG10K,WFFH355301027Q-PCG10K,32599,32599,WCT HQ,EA,,0.83115,,FH,,E1-FG,4/30/2025,,110
,6572 Valuation Adjustments,12/27/2024,,Opening Balance,Western Consolidated Technologies,,WSNC485475017D-PXX00W,WSNC485475017D-PXX00W,32601,32601,WCT HQ,EA,,0.95092,,NC,,E1-FG,4/30/2025,,43
,6573 Valuation Adjustments,10/7/2022,,Opening Balance,Western Consolidated Technologies,,WFFB101089015Q-PGX25K,WFFB101089015Q-PGX25K,32603,32603,WCT HQ,EA,,0.11399,,FB,,E1-FG,4/30/2025,,20530
,6574 Valuation Adjustments,6/29/2023,,Opening Balance,Western Consolidated Technologies,,WFFB111099015Q-PGX25W,WFFB111099015Q-PGX25W,32604,32604,WCT HQ,EA,,0.11196,,FB,,E1-FG,4/30/2025,,34189
,6575 Valuation Adjustments,1/24/2025,,Opening Balance,Western Consolidated Technologies,,WSNC111092013D-PMX05K,WSNC111092013D-PMX05K,32606,32606,WCT HQ,EA,,0.28998,,NC,,E1-FG,4/30/2025,,83
,6576 Valuation Adjustments,12/26/2023,,Opening Balance,Western Consolidated Technologies,,WSMP092067012S-PGM05K,WSMP092067012S-PGM05K,32618,32618,WCT HQ,EA,,0.29607,,MP,,E1-FG,4/30/2025,,174
,6577 Valuation Adjustments,2/10/2022,,Opening Balance,Western Consolidated Technologies,,WPOT161145007D-PZF30N,WPOT161145007D-PZF30N,32619,32619,WCT HQ,EA,,0.14557,,OT,,E1-FG,4/30/2025,,278
,6578 Valuation Adjustments,11/20/2023,,Opening Balance,Western Consolidated Technologies,,WSMP157143013Z-PAR10K,WSMP157143013Z-PAR10K,32621,32621,WCT HQ,EA,,0.44228,,MP,,E1-FG,4/30/2025,,112
,6579 Valuation Adjustments,4/21/2025,,Opening Balance,Western Consolidated Technologies,,WFFL079015008L-PGM15K,WFFL079015008L-PGM15K,32628,32628,WCT HQ,EA,,0.074,,FL,,E1-FG,4/30/2025,,3684
,6580 Valuation Adjustments,8/7/2024,,Opening Balance,Western Consolidated Technologies,,WSOR052022013D-DU075Y,WSOR052022013D-DU075Y,32635,32635,WCT HQ,EA,,0.38706,,OR,,E1-FG,4/30/2025,,918
,6581 Valuation Adjustments,4/14/2025,,Opening Balance,Western Consolidated Technologies,,WPOT341327011D-GGX15B,WPOT341327011D-GGX15B,32639,32639,WCT HQ,EA,,0.37498,,OT,,E1-FG,4/30/2025,,70
,6582 Valuation Adjustments,9/9/2020,,Opening Balance,Western Consolidated Technologies,,WSNC022008006D-PXX00W,WSNC022008006D-PXX00W,32641,32641,WCT HQ,EA,,0.27122,,NC,,E1-FG,4/30/2025,,200
,6583 Valuation Adjustments,2/18/2025,,Opening Balance,Western Consolidated Technologies,,WPOS049039004S-PCR23K,WPOS049039004S-PCR23K,32660,32660,WCT HQ,EA,,0.13992,,MP,,E1-FG,4/30/2025,,170
,6584 Valuation Adjustments,5/28/2024,,Opening Balance,Western Consolidated Technologies,,WSOR065034016D-DU075Y,WSOR065034016D-DU075Y,32662,32662,WCT HQ,EA,,0.31882,,OR,,E1-FG,4/30/2025,,49
,6585 Valuation Adjustments,1/22/2025,,Opening Balance,Western Consolidated Technologies,,WPOT059044003D-PXX00W,WPOT059044003D-PXX00W,32663,32663,WCT HQ,EA,,0.05633,,OT,,E1-FG,4/30/2025,,241
,6586 Valuation Adjustments,1/16/2025,,Opening Balance,Western Consolidated Technologies,,WSNC043017004Q-PNX15W,WSNC043017004Q-PNX15W,32667,32667,WCT HQ,EA,,0.21925,,NC,,E1-FG,4/30/2025,,100
,6587 Valuation Adjustments,10/9/2024,,Opening Balance,Western Consolidated Technologies,,WPOS299256006S-PGX15W,WPOS299256006S-PGX15W,32668,32668,WCT HQ,EA,,0.4185,,OS,,E1-FG,4/30/2025,,1395
,6588 Valuation Adjustments,8/13/2024,,Opening Balance,Western Consolidated Technologies,,WPOT073062005D-PGX15W,WPOT073062005D-PGX15W,32688,32688,WCT HQ,EA,,0.0697,,OT,,E1-FG,4/30/2025,,11
,6589 Valuation Adjustments,10/25/2024,,Opening Balance,Western Consolidated Technologies,,WSMP111091014D-PMX05K,WSMP111091014D-PMX05K,32692,32692,WCT HQ,EA,,0.46785,,MP,,E1-FG,4/30/2025,,94
,6590 Valuation Adjustments,8/7/2024,,Opening Balance,Western Consolidated Technologies,,WSMP775750062D-PCR23K,WSMP775750062D-PCR23K,32703,32703,WCT HQ,EA,,11.90858,,MP,,E1-FG,4/30/2025,,3
,6591 Valuation Adjustments,10/21/2021,,Opening Balance,Western Consolidated Technologies,,WSMP540350170L-PSX05S,WSMP540350170L-PSX05S,32706,32706,WCT HQ,EA,,33.70928,,MP,,E1-FG,4/30/2025,,17
,6592 Valuation Adjustments,9/5/2024,,Opening Balance,Western Consolidated Technologies,,WSNC144120013D-PMX05K,WSNC144120013D-PMX05K,32717,32717,WCT HQ,EA,,0.31935,,NC,,E1-FG,4/30/2025,,117
,6593 Valuation Adjustments,1/21/2025,,Opening Balance,Western Consolidated Technologies,,WSOR194171006D-BK20FN,WSOR194171006D-BK20FN,32732,32732,WCT HQ,EA,,1.91987,,OR,,E1-FG,4/30/2025,,93
,6594 Valuation Adjustments,11/8/2019,,Opening Balance,Western Consolidated Technologies,,WSNC308294025D-PGX25W,WSNC308294025D-PGX25W,32734,32734,WCT HQ,EA,,2.21679,,NC,,E1-FG,4/30/2025,,32
,6595 Valuation Adjustments,11/11/2024,,Opening Balance,Western Consolidated Technologies,,WSNC068062007D-MFX15N,WSNC068062007D-MFX15N,32736,32736,WCT HQ,EA,,0.09302,,NC,,E1-FG,4/30/2025,,933
,6596 Valuation Adjustments,12/4/2024,,Opening Balance,Western Consolidated Technologies,,23640,23640,51858,51858,WCT HQ,EA,,0.19602,,NC,,E1-FG,4/30/2025,,197
,6597 Valuation Adjustments,3/13/2025,,Opening Balance,Western Consolidated Technologies,,WSNC068060007D-PCF18K,WSNC068060007D-PCF18K,32749,32749,WCT HQ,EA,,0.15654,,NC,,E1-FG,4/30/2025,,1806
,6598 Valuation Adjustments,10/31/2024,,Opening Balance,Western Consolidated Technologies,,WPOT332287006D-MSX50S,WPOT332287006D-MSX50S,32755,32755,WCT HQ,EA,,0.74608,,NC,,E1-FG,4/30/2025,,77
,6599 Valuation Adjustments,8/23/2023,,Opening Balance,Western Consolidated Technologies,,WSOR174137018D-BA19DN,WSOR174137018D-BA19DN,32767,32767,WCT HQ,EA,,1.06545,,OR,,E1-FG,4/30/2025,,120
,6600 Valuation Adjustments,3/6/2025,,Opening Balance,Western Consolidated Technologies,,WSNC067040029D-PXX00W,WSNC067040029D-PXX00W,32774,32774,WCT HQ,EA,,0.44865,,NC,,E1-FG,4/30/2025,,7
,6601 Valuation Adjustments,8/16/2024,,Opening Balance,Western Consolidated Technologies,,WSMP562407035Q-PSX50S,WSMP562407035Q-PSX50S,32780,32780,WCT HQ,EA,,12.9294,,MP,,E1-FG,4/30/2025,,15
,6602 Valuation Adjustments,3/28/2019,,Opening Balance,Western Consolidated Technologies,,WPOT276237009D-PXX00W,WPOT276237009D-PXX00W,32783,32783,WCT HQ,EA,,0.30433,,OT,,E1-FG,4/30/2025,,159
,6603 Valuation Adjustments,3/18/2025,,Opening Balance,Western Consolidated Technologies,,WSOR025000037D-DV050N,WSOR025000037D-DV050N,32788,32788,WCT HQ,EA,,0.66112,,OR,,E1-FG,4/30/2025,,27
,6604 Valuation Adjustments,5/31/2019,,Opening Balance,Western Consolidated Technologies,,WSOR276264011D-DU300N,WSOR276264011D-DU300N,32794,32794,WCT HQ,EA,,0.60242,,OR,,E1-FG,4/30/2025,,58
,6605 Valuation Adjustments,5/29/2019,,Opening Balance,Western Consolidated Technologies,,WSOR231220011D-DU250N,WSOR231220011D-DU250N,32795,32795,WCT HQ,EA,,0.53668,,OR,,E1-FG,4/30/2025,,36
,6606 Valuation Adjustments,9/27/2023,,Opening Balance,Western Consolidated Technologies,,WSNC125098012D-PXX00W,WSNC125098012D-PXX00W,32799,32799,WCT HQ,EA,,0.45356,,NC,,E1-FG,4/30/2025,,39
,6607 Valuation Adjustments,4/22/2025,,Opening Balance,Western Consolidated Technologies,,WSNC113068028Q-MXX00W,WSNC113068028Q-MXX00W,32801,32801,WCT HQ,EA,,0.539,,NC,,E1-FG,4/30/2025,,744
,6608 Valuation Adjustments,2/26/2024,,Opening Balance,Western Consolidated Technologies,,WPOT041037005D-MXX00T,WPOT041037005D-MXX00T,32803,32803,WCT HQ,EA,,0.06028,,OT,,E1-FG,4/30/2025,,158
,6609 Valuation Adjustments,8/17/2023,,Opening Balance,Western Consolidated Technologies,,WSLD568480020D-MSX50S,WSLD568480020D-MSX50S,32804,32804,WCT HQ,EA,,1.66631,,LD,,E1-FG,4/30/2025,,14
,6610 Valuation Adjustments,9/12/2024,,Opening Balance,Western Consolidated Technologies,,WPOT101087008D-PGX15W,WPOT101087008D-PGX15W,32808,32808,WCT HQ,EA,,0.10647,,OT,,E1-FG,4/30/2025,,891
,6611 Valuation Adjustments,3/8/2023,,Opening Balance,Western Consolidated Technologies,,WSNC109099017Q-MXX00T,WSNC109099017Q-MXX00T,32809,32809,WCT HQ,EA,,0.36865,,NC,,E1-FG,4/30/2025,,180
,6612 Valuation Adjustments,12/5/2018,,Opening Balance,Western Consolidated Technologies,,WSMP026000026D-PXX00W,WSMP026000026D-PXX00W,32810,32810,WCT HQ,EA,,0.53462,,MP,,E1-FG,4/30/2025,,68
,6613 Valuation Adjustments,11/22/2024,,Opening Balance,Western Consolidated Technologies,,WSMP322306039B-PYX07N,WSMP322306039B-PYX07N,32820,32820,WCT HQ,EA,,2.24512,,MP,,E1-FG,4/30/2025,,216
,6614 Valuation Adjustments,2/28/2025,,Opening Balance,Western Consolidated Technologies,,WFFH402288020D-PXX00W,WFFH402288020D-PXX00W,32821,32821,WCT HQ,EA,,0.6738,,FH,,E1-FG,4/30/2025,,85
,6615 Valuation Adjustments,2/28/2025,,Opening Balance,Western Consolidated Technologies,,WSNC351337026Q-MXX00T,WSNC351337026Q-MXX00T,32822,32822,WCT HQ,EA,,1.41695,,NC,,E1-FG,4/30/2025,,56
,6616 Valuation Adjustments,3/11/2024,,Opening Balance,Western Consolidated Technologies,,WPOS081056004S-PXX00W,WPOS081056004S-PXX00W,32823,32823,WCT HQ,EA,,0.11045,,OS,,E1-FG,4/30/2025,,378
,6617 Valuation Adjustments,8/16/2021,,Opening Balance,Western Consolidated Technologies,,WSNC200175007D-PCR23K,WSNC200175007D-PCR23K,32826,32826,WCT HQ,EA,,0.22065,,NC,,E1-FG,4/30/2025,,35
,6618 Valuation Adjustments,4/9/2025,,Opening Balance,Western Consolidated Technologies,,23727,23727,51887,51887,WCT HQ,EA,,0.11091,,FH,,E1-FG,4/30/2025,,74
,6619 Valuation Adjustments,2/9/2024,,Opening Balance,Western Consolidated Technologies,,WPOT313302010D-PGX25W,WPOT313302010D-PGX25W,32833,32833,WCT HQ,EA,,0.38738,,OT,,E1-FG,4/30/2025,,288
,6620 Valuation Adjustments,2/4/2019,,Opening Balance,Western Consolidated Technologies,,WSMP464350170L-PSX05S,WSMP464350170L-PSX05S,32836,32836,WCT HQ,EA,,34.74094,,PT,,E1-FG,4/30/2025,,11
,6621 Valuation Adjustments,10/4/2019,,Opening Balance,Western Consolidated Technologies,,WFFH304236018D-PSB50B,WFFH304236018D-PSB50B,32847,32847,WCT HQ,EA,,0.87358,,FH,,E1-FG,4/30/2025,,156
,6622 Valuation Adjustments,10/13/2023,,Opening Balance,Western Consolidated Technologies,,WSOR087068009D-DA100N,WSOR087068009D-DA100N,32852,32852,WCT HQ,EA,,0.23994,,OR,,E1-FG,4/30/2025,,368
,6623 Valuation Adjustments,9/23/2024,,Opening Balance,Western Consolidated Technologies,,WSNC281258012D-MXX00W,WSNC281258012D-MXX00W,32859,32859,WCT HQ,EA,,1.09764,,NC,,E1-FG,4/30/2025,,38
,6624 Valuation Adjustments,2/21/2025,,Opening Balance,Western Consolidated Technologies,,WSNC206181011D-MXX00W,WSNC206181011D-MXX00W,32860,32860,WCT HQ,EA,,1.0296,,NC,,E1-FG,4/30/2025,,72
,6625 Valuation Adjustments,12/10/2019,,Opening Balance,Western Consolidated Technologies,,WSOR137081006D-DF150N,WSOR137081006D-DF150N,32862,32862,WCT HQ,EA,,0.44456,,OR,,E1-FG,4/30/2025,,87
,6626 Valuation Adjustments,12/19/2024,,Opening Balance,Western Consolidated Technologies,,WFFL062044005D-PGX15W,WFFL062044005D-PGX15W,32868,32868,WCT HQ,EA,,0.13287,,FL,,E1-FG,4/30/2025,,59166
,6627 Valuation Adjustments,6/10/2024,,Opening Balance,Western Consolidated Technologies,,WSNC188163011D-MXX00W,WSNC188163011D-MXX00W,32869,32869,WCT HQ,EA,,0.7109,,NC,,E1-FG,4/30/2025,,48
,6628 Valuation Adjustments,10/26/2023,,Opening Balance,Western Consolidated Technologies,,WFFL035000011D-PXX00W,WFFL035000011D-PXX00W,32871,32871,WCT HQ,EA,,0.16629,,FL,,E1-FG,4/30/2025,,1465
,6629 Valuation Adjustments,4/30/2024,,Opening Balance,Western Consolidated Technologies,,WPOT036033007D-MXX00T,WPOT036033007D-MXX00T,32874,32874,WCT HQ,EA,,0.08005,,OT,,E1-FG,4/30/2025,,247
,6630 Valuation Adjustments,7/20/2023,,Opening Balance,Western Consolidated Technologies,,WSMP402372023D-PYX07N,WSMP402372023D-PYX07N,32883,32883,WCT HQ,EA,,1.36307,,MP,,E1-FG,4/30/2025,,143
,6631 Valuation Adjustments,7/9/2024,,Opening Balance,Western Consolidated Technologies,,WSNC080063011D-PGX15W,WSNC080063011D-PGX15W,32896,32896,WCT HQ,EA,,0.33227,,NC,,E1-FG,4/30/2025,,128
,6632 Valuation Adjustments,7/15/2024,,Opening Balance,Western Consolidated Technologies,,WSNC125106027D-PGX15W,WSNC125106027D-PGX15W,32897,32897,WCT HQ,EA,,0.56884,,NC,,E1-FG,4/30/2025,,44
,6633 Valuation Adjustments,7/25/2024,,Opening Balance,Western Consolidated Technologies,,WSMP099074006Z-PXX00W,WSMP099074006Z-PXX00W,32900,32900,WCT HQ,EA,,0.18979,,MP,,E1-FG,4/30/2025,,237
,6634 Valuation Adjustments,3/19/2025,,Opening Balance,Western Consolidated Technologies,,WSNC045022013D-PRX10K,WSNC045022013D-PRX10K,32906,32906,WCT HQ,EA,,0.34671,,NC,,E1-FG,4/30/2025,,95
,6635 Valuation Adjustments,12/14/2022,,Opening Balance,Western Consolidated Technologies,,WSNC149123012D-PXX00W,WSNC149123012D-PXX00W,32907,32907,WCT HQ,EA,,0.41913,,NC,,E1-FG,4/30/2025,,32
,6636 Valuation Adjustments,12/12/2024,,Opening Balance,Western Consolidated Technologies,,WSMP424421049S-MPC10K,WSMP424421049S-MPC10K,32909,32909,WCT HQ,EA,,4.52579,,MP,,E1-FG,4/30/2025,,5
,6637 Valuation Adjustments,4/25/2024,,Opening Balance,Western Consolidated Technologies,,WSMPS2C2L12MPC,WSMPS2C2L12MPC,32910,32910,WCT HQ,EA,,9.41493,,MP,,E1-FG,4/30/2025,,24
,6638 Valuation Adjustments,12/12/2024,,Opening Balance,Western Consolidated Technologies,,WSMP112099049D-MPC10K,WSMP112099049D-MPC10K,32913,32913,WCT HQ,EA,,0.90911,,MP,,E1-FG,4/30/2025,,82
,6639 Valuation Adjustments,12/12/2024,,Opening Balance,Western Consolidated Technologies,,WSMP056045049S-MPC10K,WSMP056045049S-MPC10K,32915,32915,WCT HQ,EA,,0.7508,,MP,,E1-FG,4/30/2025,,27
,6640 Valuation Adjustments,12/27/2024,,Opening Balance,Western Consolidated Technologies,,WSNC201179011D-PGM15K,WSNC201179011D-PGM15K,32918,32918,WCT HQ,EA,,0.4227,,NC,,E1-FG,4/30/2025,,139
,6641 Valuation Adjustments,12/30/2024,,Opening Balance,Western Consolidated Technologies,,WSMP148090026D-PCR23K,WSMP148090026D-PCR23K,32919,32919,WCT HQ,EA,,1.48899,,MP,,E1-FG,4/30/2025,,21
,6642 Valuation Adjustments,2/28/2025,,Opening Balance,Western Consolidated Technologies,,WSNC201174013D-PCR23K,WSNC201174013D-PCR23K,32920,32920,WCT HQ,EA,,0.66495,,NC,,E1-FG,4/30/2025,,177
,6643 Valuation Adjustments,12/2/2024,,Opening Balance,Western Consolidated Technologies,,WSMP183155012D-MXX00T,WSMP183155012D-MXX00T,32923,32923,WCT HQ,EA,,1.09211,,MP,,E1-FG,4/30/2025,,459
,6644 Valuation Adjustments,6/23/2023,,Opening Balance,Western Consolidated Technologies,,WSOR030008024D-DU050Y,WSOR030008024D-DU050Y,32946,32946,WCT HQ,EA,,0.91289,,OR,,E1-FG,4/30/2025,,83
,6645 Valuation Adjustments,3/21/2024,,Opening Balance,Western Consolidated Technologies,,WPOT171160004D-PGX15W,WPOT171160004D-PGX15W,32959,32959,WCT HQ,EA,,0.09121,,OT,,E1-FG,4/30/2025,,226
,6646 Valuation Adjustments,5/17/2023,,Opening Balance,Western Consolidated Technologies,,WSMP219194087S-PGX25R,WSMP219194087S-PGX25R,32960,32960,WCT HQ,EA,,2.90404,,MP,,E1-FG,4/30/2025,,66
,6647 Valuation Adjustments,3/28/2023,,Opening Balance,Western Consolidated Technologies,,WSMP475450025D-PGX25R,WSMP475450025D-PGX25R,32961,32961,WCT HQ,EA,,2.37248,,MP,,E1-FG,4/30/2025,,19
,6648 Valuation Adjustments,8/30/2021,,Opening Balance,Western Consolidated Technologies,,WSMP136065015D-DV150N,WSMP136065015D-DV150N,32962,32962,WCT HQ,EA,,0.6782,,MP,,E1-FG,4/30/2025,,40
,6649 Valuation Adjustments,4/25/2025,,Opening Balance,Western Consolidated Technologies,,WSNC240202021D-MXX00W,WSNC240202021D-MXX00W,32969,32969,WCT HQ,EA,,0.8159,,NC,,E1-FG,4/30/2025,,1059
,6650 Valuation Adjustments,2/15/2021,,Opening Balance,Western Consolidated Technologies,,WPOT129117006Q-PRX10K,WPOT129117006Q-PRX10K,32984,32984,WCT HQ,EA,,0.08905,,OT,,E1-FG,4/30/2025,,455
,6651 Valuation Adjustments,7/31/2018,,Opening Balance,Western Consolidated Technologies,,WSSL468384020D-PXX00W,WSSL468384020D-PXX00W,32998,32998,WCT HQ,EA,,0.92517,,SL,,E1-FG,4/30/2025,,89
,6652 Valuation Adjustments,10/23/2018,,Opening Balance,Western Consolidated Technologies,,WPOT129117008Q-PGX15W,WPOT129117008Q-PGX15W,33002,33002,WCT HQ,EA,,0.11856,,OT,,E1-FG,4/30/2025,,5056
,6653 Valuation Adjustments,3/2/2022,,Opening Balance,Western Consolidated Technologies,,WSNC163149008D-PRX10K,WSNC163149008D-PRX10K,33005,33005,WCT HQ,EA,,0.44719,,NC,,E1-FG,4/30/2025,,342
,6654 Valuation Adjustments,3/16/2023,,Opening Balance,Western Consolidated Technologies,,WSNC032012029D-DK037N,WSNC032012029D-DK037N,33008,33008,WCT HQ,EA,,0.85718,,OR,,E1-FG,4/30/2025,,2041
,6655 Valuation Adjustments,9/18/2024,,Opening Balance,Western Consolidated Technologies,,WSOR037023006S-DV050N,WSOR037023006S-DV050N,33012,33012,WCT HQ,EA,,0.27802,,OR,,E1-FG,4/30/2025,,96
,6656 Valuation Adjustments,9/9/2024,,Opening Balance,Western Consolidated Technologies,,WSOR030023013D-DP037W,WSOR030023013D-DP037W,33013,33013,WCT HQ,EA,,0.26938,,OR,,E1-FG,4/30/2025,,320
,6657 Valuation Adjustments,12/12/2023,,Opening Balance,Western Consolidated Technologies,,WSOR025018003D-DJ030W,WSOR025018003D-DJ030W,33014,33014,WCT HQ,EA,,0.24369,,OR,,E1-FG,4/30/2025,,246
,6658 Valuation Adjustments,4/19/2024,,Opening Balance,Western Consolidated Technologies,,WSNC070030033D-PGM05K,WSNC070030033D-PGM05K,33017,33017,WCT HQ,EA,,0.65692,,NC,,E1-FG,4/30/2025,,186
,6659 Valuation Adjustments,2/21/2025,,Opening Balance,Western Consolidated Technologies,,WSNC036024008D-PMX05K,WSNC036024008D-PMX05K,33022,33022,WCT HQ,EA,,0.28685,,NC,,E1-FG,4/30/2025,,500
,6660 Valuation Adjustments,4/17/2023,,Opening Balance,Western Consolidated Technologies,,WSNC105098014D-PCX15K,WSNC105098014D-PCX15K,33026,33026,WCT HQ,EA,,0.20813,,NC,,E1-FG,4/30/2025,,67
,6661 Valuation Adjustments,12/10/2021,,Opening Balance,Western Consolidated Technologies,,23973,23973,51919,51919,WCT HQ,EA,,20.26917,,MP,,E1-FG,4/30/2025,,16
,6662 Valuation Adjustments,2/6/2019,,Opening Balance,Western Consolidated Technologies,,WPOT176137006D-MSX50S,WPOT176137006D-MSX50S,33031,33031,WCT HQ,EA,,0.30543,,OT,,E1-FG,4/30/2025,,164
,6663 Valuation Adjustments,3/20/2025,,Opening Balance,Western Consolidated Technologies,,WPOT227188009D-MSX50S,WPOT227188009D-MSX50S,33032,33032,WCT HQ,EA,,0.52227,,NC,,E1-FG,4/30/2025,,53
,6664 Valuation Adjustments,5/6/2024,,Opening Balance,Western Consolidated Technologies,,WSNC156129014D-PPM15K,WSNC156129014D-PPM15K,33038,33038,WCT HQ,EA,,0.51554,,NC,,E1-FG,4/30/2025,,539
,6665 Valuation Adjustments,2/27/2024,,Opening Balance,Western Consolidated Technologies,,WSNC213201013D-DV225N,WSNC213201013D-DV225N,33044,33044,WCT HQ,EA,,0.54159,,OR,,E1-FG,4/30/2025,,509
,6666 Valuation Adjustments,3/21/2019,,Opening Balance,Western Consolidated Technologies,,WSNC117090013D-PXX00W,WSNC117090013D-PXX00W,33048,33048,WCT HQ,EA,,0.53055,,NC,,E1-FG,4/30/2025,,90
,6667 Valuation Adjustments,3/25/2019,,Opening Balance,Western Consolidated Technologies,,WPOS238214004S-PXX00W,WPOS238214004S-PXX00W,33050,33050,WCT HQ,EA,,0.19834,,OT,,E1-FG,4/30/2025,,149
,6668 Valuation Adjustments,5/16/2023,,Opening Balance,Western Consolidated Technologies,,WSNC081032016D-PYM10W,WSNC081032016D-PYM10W,33056,33056,WCT HQ,EA,,0.49552,,NC,,E1-FG,4/30/2025,,127
,6669 Valuation Adjustments,5/1/2023,,Opening Balance,Western Consolidated Technologies,,WSNC086080017D-PXX00W,WSNC086080017D-PXX00W,33063,33063,WCT HQ,EA,,0.2721,,NC,,E1-FG,4/30/2025,,41
,6670 Valuation Adjustments,4/22/2025,,Opening Balance,Western Consolidated Technologies,,WPSM142131007D-PGX15B,WPSM142131007D-PGX15B,33065,33065,WCT HQ,EA,,0.09818,,OT,,E1-FG,4/30/2025,,9347
,6671 Valuation Adjustments,10/7/2024,,Opening Balance,Western Consolidated Technologies,,WSMP098090019S-PZX40N,WSMP098090019S-PZX40N,33068,33068,WCT HQ,EA,,0.53049,,MP,,E1-FG,4/30/2025,,278
,6672 Valuation Adjustments,5/15/2023,,Opening Balance,Western Consolidated Technologies,,WPOS243228038S-PNM12S,WPOS243228038S-PNM12S,33073,33073,WCT HQ,EA,,1.17784,,OS,,E1-FG,4/30/2025,,113
,6673 Valuation Adjustments,8/16/2019,,Opening Balance,Western Consolidated Technologies,,WPOT190176008D-PZF30N,WPOT190176008D-PZF30N,33078,33078,WCT HQ,EA,,0.2227,,OT,,E1-FG,4/30/2025,,75
,6674 Valuation Adjustments,4/18/2024,,Opening Balance,Western Consolidated Technologies,,WPOS104088007S-PRX10K,WPOS104088007S-PRX10K,33095,33095,WCT HQ,EA,,0.17081,,OS,,E1-FG,4/30/2025,,745
,6675 Valuation Adjustments,4/18/2024,,Opening Balance,Western Consolidated Technologies,,WPOS186169008S-PRX10K,WPOS186169008S-PRX10K,33096,33096,WCT HQ,EA,,0.22188,,OS,,E1-FG,4/30/2025,,289
,6676 Valuation Adjustments,4/18/2024,,Opening Balance,Western Consolidated Technologies,,WPOS152136008S-PRX10K,WPOS152136008S-PRX10K,33097,33097,WCT HQ,EA,,0.19408,,OS,,E1-FG,4/30/2025,,410
,6677 Valuation Adjustments,4/18/2025,,Opening Balance,Western Consolidated Technologies,,WSMP072007004L-PGX15W,WSMP072007004L-PGX15W,33098,33098,WCT HQ,EA,,0.1468,,MP,,E1-FG,4/30/2025,,65191
,6678 Valuation Adjustments,12/12/2024,,Opening Balance,Western Consolidated Technologies,,WSMP090082019S-PZX40N,WSMP090082019S-PZX40N,33099,33099,WCT HQ,EA,,0.664,,MP,,E1-FG,4/30/2025,,92
,6679 Valuation Adjustments,4/25/2025,,Opening Balance,Western Consolidated Technologies,,WPSM314301011D-PGX15B,WPSM314301011D-PGX15B,33103,33103,WCT HQ,EA,,0.2378,,OT,,E1-FG,4/30/2025,,229
,6680 Valuation Adjustments,8/25/2023,,Opening Balance,Western Consolidated Technologies,,WPOT095083006D-PXX00W,WPOT095083006D-PXX00W,33106,33106,WCT HQ,EA,,0.06956,,OT,,E1-FG,4/30/2025,,631
,6681 Valuation Adjustments,4/4/2025,,Opening Balance,Western Consolidated Technologies,,WPOT044033008D-PXX00W,WPOT044033008D-PXX00W,33107,33107,WCT HQ,EA,,0.0822,,OT,,E1-FG,4/30/2025,,527
,6682 Valuation Adjustments,4/6/2023,,Opening Balance,Western Consolidated Technologies,,WPOT053035007D-PGX15B,WPOT053035007D-PGX15B,33112,33112,WCT HQ,EA,,0.08746,,OT,,E1-FG,4/30/2025,,3835
,6683 Valuation Adjustments,7/11/2023,,Opening Balance,Western Consolidated Technologies,,WPOT065055004D-PXX00W,WPOT065055004D-PXX00W,33113,33113,WCT HQ,EA,,0.04904,,OT,,E1-FG,4/30/2025,,1020
,6684 Valuation Adjustments,6/17/2024,,Opening Balance,Western Consolidated Technologies,,WPOT182168010D-PGX15A,WPOT182168010D-PGX15A,33114,33114,WCT HQ,EA,,0.19958,,OT,,E1-FG,4/30/2025,,113
,6685 Valuation Adjustments,10/11/2024,,Opening Balance,Western Consolidated Technologies,,WPOT150136007D-PGX15B,WPOT150136007D-PGX15B,33117,33117,WCT HQ,EA,,0.13483,,OT,,E1-FG,4/30/2025,,355
,6686 Valuation Adjustments,7/19/2022,,Opening Balance,Western Consolidated Technologies,,WSSL198088019D-PXX00W,WSSL198088019D-PXX00W,33122,33122,WCT HQ,EA,,0.41102,,SL,,E1-FG,4/30/2025,,713
,6687 Valuation Adjustments,8/26/2020,,Opening Balance,Western Consolidated Technologies,,WPOS037026004S-PXX00W,WPOS037026004S-PXX00W,33124,33124,WCT HQ,EA,,0.22737,,OT,,E1-FG,4/30/2025,,158
,6688 Valuation Adjustments,2/8/2024,,Opening Balance,Western Consolidated Technologies,,WPOT204139004Q-PCX15K,WPOT204139004Q-PCX15K,33130,33130,WCT HQ,EA,,0.21504,,OT,,E1-FG,4/30/2025,,2674
,6689 Valuation Adjustments,4/28/2022,,Opening Balance,Western Consolidated Technologies,,WPOT161146007D-PGX15B,WPOT161146007D-PGX15B,33132,33132,WCT HQ,EA,,0.1193,,OT,,E1-FG,4/30/2025,,190
,6690 Valuation Adjustments,1/3/2025,,Opening Balance,Western Consolidated Technologies,,24098,24098,51970,51970,WCT HQ,EA,,0.15149,,FB,,E1-FG,4/30/2025,,348
,6691 Valuation Adjustments,8/21/2023,,Opening Balance,Western Consolidated Technologies,,24103,24103,51972,51972,WCT HQ,EA,,0.29477,,FB,,E1-FG,4/30/2025,,47
,6692 Valuation Adjustments,8/14/2020,,Opening Balance,Western Consolidated Technologies,,WPOS255237009S-PRX15K,WPOS255237009S-PRX15K,33149,33149,WCT HQ,EA,,0.38688,,OS,,E1-FG,4/30/2025,,626
,6693 Valuation Adjustments,6/3/2024,,Opening Balance,Western Consolidated Technologies,,WPSM266251007D-PCR23K,WPSM266251007D-PCR23K,33150,33150,WCT HQ,EA,,0.15062,,SM,,E1-FG,4/30/2025,,604
,6694 Valuation Adjustments,4/15/2025,,Opening Balance,Western Consolidated Technologies,,WPOT144132006D-PZF30N,WPOT144132006D-PZF30N,33151,33151,WCT HQ,EA,,0.12167,,OT,,E1-FG,4/30/2025,,1738
,6695 Valuation Adjustments,12/3/2024,,Opening Balance,Western Consolidated Technologies,,WSNC405391009D-PGX15B,WSNC405391009D-PGX15B,33153,33153,WCT HQ,EA,,0.46333,,NC,,E1-FG,4/30/2025,,332
,6696 Valuation Adjustments,7/3/2024,,Opening Balance,Western Consolidated Technologies,,WPOT149135009D-PGX15B,WPOT149135009D-PGX15B,33158,33158,WCT HQ,EA,,0.16069,,OT,,E1-FG,4/30/2025,,537
,6697 Valuation Adjustments,7/15/2022,,Opening Balance,Western Consolidated Technologies,,WPOS031021005Q-PGX25W,WPOS031021005Q-PGX25W,33160,33160,WCT HQ,EA,,0.22597,,OS,,E1-FG,4/30/2025,,230
,6698 Valuation Adjustments,8/8/2024,,Opening Balance,Western Consolidated Technologies,,WSOR107100010D-DD125N,WSOR107100010D-DD125N,33161,33161,WCT HQ,EA,,0.29239,,OR,,E1-FG,4/30/2025,,107
,6699 Valuation Adjustments,11/10/2020,,Opening Balance,Western Consolidated Technologies,,WSOR081075010D-DV087W,WSOR081075010D-DV087W,33165,33165,WCT HQ,EA,,0.218,,OR,,E1-FG,4/30/2025,,93
,6700 Valuation Adjustments,2/12/2024,,Opening Balance,Western Consolidated Technologies,,WSMP167152007D-PAX10N,WSMP167152007D-PAX10N,33169,33169,WCT HQ,EA,,1.05244,,MP,,E1-FG,4/30/2025,,79
,6701 Valuation Adjustments,11/21/2024,,Opening Balance,Western Consolidated Technologies,,WPOT162106003D-PPM15K,WPOT162106003D-PPM15K,33170,33170,WCT HQ,EA,,0.09038,,NC,,E1-FG,4/30/2025,,357
,6702 Valuation Adjustments,2/26/2024,,Opening Balance,Western Consolidated Technologies,,WSMP248166021D-DD250K,WSMP248166021D-DD250K,33172,33172,WCT HQ,EA,,1.96508,,MP,,E1-FG,4/30/2025,,14
,6703 Valuation Adjustments,9/26/2023,,Opening Balance,Western Consolidated Technologies,,WPOT150141007D-PRX10K,WPOT150141007D-PRX10K,33177,33177,WCT HQ,EA,,0.11676,,OT,,E1-FG,4/30/2025,,250
,6704 Valuation Adjustments,12/9/2024,,Opening Balance,Western Consolidated Technologies,,WPOT199184010D-PGX15O,WPOT199184010D-PGX15O,33192,33192,WCT HQ,EA,,0.25636,,NC,,E1-FG,4/30/2025,,214
,6705 Valuation Adjustments,11/20/2024,,Opening Balance,Western Consolidated Technologies,,WPOT209193009D-PZF30N,WPOT209193009D-PZF30N,33195,33195,WCT HQ,EA,,0.29025,,OT,,E1-FG,4/30/2025,,294
,6706 Valuation Adjustments,1/13/2025,,Opening Balance,Western Consolidated Technologies,,WPOT177162007D-PRX10E,WPOT177162007D-PRX10E,33196,33196,WCT HQ,EA,,0.12016,,NC,,E1-FG,4/30/2025,,1771
,6707 Valuation Adjustments,12/29/2023,,Opening Balance,Western Consolidated Technologies,,WPOT203185008D-PRX10K,WPOT203185008D-PRX10K,33198,33198,WCT HQ,EA,,0.17171,,OT,,E1-FG,4/30/2025,,960
,6708 Valuation Adjustments,3/5/2025,,Opening Balance,Western Consolidated Technologies,,WSNC049042013D-PXX00W,WSNC049042013D-PXX00W,33199,33199,WCT HQ,EA,,0.34754,,NC,,E1-FG,4/30/2025,,263
,6709 Valuation Adjustments,11/4/2024,,Opening Balance,Western Consolidated Technologies,,WSNC157151003D-DV175N,WSNC157151003D-DV175N,33200,33200,WCT HQ,EA,,0.44235,,NC,,E1-FG,4/30/2025,,250
,6710 Valuation Adjustments,2/24/2022,,Opening Balance,Western Consolidated Technologies,,WSMP212149033D-MXX00W,WSMP212149033D-MXX00W,33206,33206,WCT HQ,EA,,2.69795,,MP,,E1-FG,4/30/2025,,6
,6711 Valuation Adjustments,9/3/2024,,Opening Balance,Western Consolidated Technologies,,WSNC150101012D-PGM15K,WSNC150101012D-PGM15K,33208,33208,WCT HQ,EA,,0.6523,,NC,,E1-FG,4/30/2025,,20
,6712 Valuation Adjustments,5/10/2022,,Opening Balance,Western Consolidated Technologies,,WPOS232217007B-PZF30N,WPOS232217007B-PZF30N,33214,33214,WCT HQ,EA,,0.24382,,OS,,E1-FG,4/30/2025,,50
,6713 Valuation Adjustments,3/28/2022,,Opening Balance,Western Consolidated Technologies,,WSNC249232020D-PNM12S,WSNC249232020D-PNM12S,33216,33216,WCT HQ,EA,,0.78968,,NC,,E1-FG,4/30/2025,,25
,6714 Valuation Adjustments,6/9/2022,,Opening Balance,Western Consolidated Technologies,,WSNC118090079D-PXX00W,WSNC118090079D-PXX00W,33218,33218,WCT HQ,EA,,2.19055,,NC,,E1-FG,4/30/2025,,36
,6715 Valuation Adjustments,10/30/2023,,Opening Balance,Western Consolidated Technologies,,WFFH290238036D-MSX50S,WFFH290238036D-MSX50S,33223,33223,WCT HQ,EA,,1.25335,,FH,,E1-FG,4/30/2025,,362
,6716 Valuation Adjustments,12/19/2024,,Opening Balance,Western Consolidated Technologies,,WFFH342287040D-MSX50S,WFFH342287040D-MSX50S,33224,33224,WCT HQ,EA,,1.20154,,FH,,E1-FG,4/30/2025,,16
,6717 Valuation Adjustments,1/12/2022,,Opening Balance,Western Consolidated Technologies,,WPOT192178009D-PGX15W,WPOT192178009D-PGX15W,33225,33225,WCT HQ,EA,,0.21083,,OT,,E1-FG,4/30/2025,,54
,6718 Valuation Adjustments,7/20/2022,,Opening Balance,Western Consolidated Technologies,,WFFB127110014Q-PGX25K,WFFB127110014Q-PGX25K,33227,33227,WCT HQ,EA,,0.13973,,FB,,E1-FG,4/30/2025,,309
,6719 Valuation Adjustments,5/25/2022,,Opening Balance,Western Consolidated Technologies,,WSNC082059063D-PXX00W,WSNC082059063D-PXX00W,33228,33228,WCT HQ,EA,,1.92768,,NC,,E1-FG,4/30/2025,,50
,6720 Valuation Adjustments,12/27/2021,,Opening Balance,Western Consolidated Technologies,,WPOT204196007A-PGX15B,WPOT204196007A-PGX15B,33230,33230,WCT HQ,EA,,0.11222,,OT,,E1-FG,4/30/2025,,216
,6721 Valuation Adjustments,2/16/2023,,Opening Balance,Western Consolidated Technologies,,WSOR100088010D-DD125N,WSOR100088010D-DD125N,33232,33232,WCT HQ,EA,,0.28843,,OR,,E1-FG,4/30/2025,,807
,6722 Valuation Adjustments,3/29/2022,,Opening Balance,Western Consolidated Technologies,,WPOT139120009D-PGX15B,WPOT139120009D-PGX15B,33234,33234,WCT HQ,EA,,0.14171,,OT,,E1-FG,4/30/2025,,49
,6723 Valuation Adjustments,12/2/2021,,Opening Balance,Western Consolidated Technologies,,WSNC026021008D-PRX15K,WSNC026021008D-PRX15K,33235,33235,WCT HQ,EA,,0.34254,,NC,,E1-FG,4/30/2025,,570
,6724 Valuation Adjustments,11/18/2021,,Opening Balance,Western Consolidated Technologies,,WSNC255194035D-PFX15K,WSNC255194035D-PFX15K,33238,33238,WCT HQ,EA,,2.33789,,NC,,E1-FG,4/30/2025,,17
,6725 Valuation Adjustments,4/10/2025,,Opening Balance,Western Consolidated Technologies,,WPOT149136010D-PGX15B,WPOT149136010D-PGX15B,33246,33246,WCT HQ,EA,,0.18633,,OT,,E1-FG,4/30/2025,,84
,6726 Valuation Adjustments,3/10/2022,,Opening Balance,Western Consolidated Technologies,,WPOT172157007D-PRX10K,WPOT172157007D-PRX10K,33248,33248,WCT HQ,EA,,0.1356,,OT,,E1-FG,4/30/2025,,180
,6727 Valuation Adjustments,2/14/2022,,Opening Balance,Western Consolidated Technologies,,WPOT161151009D-PGX15B,WPOT161151009D-PGX15B,33249,33249,WCT HQ,EA,,0.15945,,OT,,E1-FG,4/30/2025,,328
,6728 Valuation Adjustments,4/18/2024,,Opening Balance,Western Consolidated Technologies,,WPOT181160008D-PGX35W,WPOT181160008D-PGX35W,33253,33253,WCT HQ,EA,,0.14791,,OT,,E1-FG,4/30/2025,,700
,6729 Valuation Adjustments,2/22/2023,,Opening Balance,Western Consolidated Technologies,,WSNC063036026D-PYX07N,WSNC063036026D-PYX07N,33257,33257,WCT HQ,EA,,0.56823,,NC,,E1-FG,4/30/2025,,64
,6730 Valuation Adjustments,8/6/2024,,Opening Balance,Western Consolidated Technologies,,WPOT052041005D-PGX25R,WPOT052041005D-PGX25R,33258,33258,WCT HQ,EA,,0.05893,,OT,,E1-FG,4/30/2025,,750
,6731 Valuation Adjustments,5/13/2022,,Opening Balance,Western Consolidated Technologies,,WSMP100086007Z-PCX15K,WSMP100086007Z-PCX15K,33259,33259,WCT HQ,EA,,0.18597,,MP,,E1-FG,4/30/2025,,175
,6732 Valuation Adjustments,4/12/2024,,Opening Balance,Western Consolidated Technologies,,WPOT182169008D-PGX15O,WPOT182169008D-PGX15O,33263,33263,WCT HQ,EA,,0.1826,,OT,,E1-FG,4/30/2025,,568
,6733 Valuation Adjustments,3/14/2024,,Opening Balance,Western Consolidated Technologies,,WPOT187176009D-PGX15W,WPOT187176009D-PGX15W,33271,33271,WCT HQ,EA,,0.21676,,OT,,E1-FG,4/30/2025,,544
,6734 Valuation Adjustments,7/9/2024,,Opening Balance,Western Consolidated Technologies,,WPOT178159007D-PCR23K,WPOT178159007D-PCR23K,33272,33272,WCT HQ,EA,,0.15519,,OT,,E1-FG,4/30/2025,,218
,6735 Valuation Adjustments,12/6/2024,,Opening Balance,Western Consolidated Technologies,,WPOS098089007S-PZF30N,WPOS098089007S-PZF30N,33278,33278,WCT HQ,EA,,0.16589,,MP,,E1-FG,4/30/2025,,1089
,6736 Valuation Adjustments,3/28/2024,,Opening Balance,Western Consolidated Technologies,,WPSS184170009S-PRX15K,WPSS184170009S-PRX15K,33286,33286,WCT HQ,EA,,0.15543,,SS,,E1-FG,4/30/2025,,390
,6737 Valuation Adjustments,7/22/2024,,Opening Balance,Western Consolidated Technologies,,WPOT160149005D-PZF30N,WPOT160149005D-PZF30N,33289,33289,WCT HQ,EA,,0.11651,,OT,,E1-FG,4/30/2025,,472
,6738 Valuation Adjustments,12/22/2022,,Opening Balance,Western Consolidated Technologies,,WPOS126111007S-PGX15W,WPOS126111007S-PGX15W,33302,33302,WCT HQ,EA,,0.1688,,OS,,E1-FG,4/30/2025,,500
,6739 Valuation Adjustments,11/14/2024,,Opening Balance,Western Consolidated Technologies,,WPOS159148005B-PRX15K,WPOS159148005B-PRX15K,33306,33306,WCT HQ,EA,,0.1413,,OS,,E1-FG,4/30/2025,,40
,6740 Valuation Adjustments,12/6/2024,,Opening Balance,Western Consolidated Technologies,,WPSS164149009S-PZF30N,WPSS164149009S-PZF30N,33312,33312,WCT HQ,EA,,0.16054,,SS,,E1-FG,4/30/2025,,727
,6741 Valuation Adjustments,11/14/2024,,Opening Balance,Western Consolidated Technologies,,WPSS200180006S-PRX10K,WPSS200180006S-PRX10K,33313,33313,WCT HQ,EA,,0.13131,,SS,,E1-FG,4/30/2025,,6224
,6742 Valuation Adjustments,3/14/2025,,Opening Balance,Western Consolidated Technologies,,WPSM202187008D-PRX10K,WPSM202187008D-PRX10K,33318,33318,WCT HQ,EA,,0.11432,,SM,,E1-FG,4/30/2025,,1687
,6743 Valuation Adjustments,5/18/2023,,Opening Balance,Western Consolidated Technologies,,WPOT170150012D-PGX15B,WPOT170150012D-PGX15B,33325,33325,WCT HQ,EA,,0.24773,,OT,,E1-FG,4/30/2025,,52
,6744 Valuation Adjustments,3/1/2023,,Opening Balance,Western Consolidated Technologies,,WSNC124066034Q-PXX00W,WSNC124066034Q-PXX00W,33326,33326,WCT HQ,EA,,0.81489,,NC,,E1-FG,4/30/2025,,11
,6745 Valuation Adjustments,6/8/2023,,Opening Balance,Western Consolidated Technologies,,WPSM088072009D-PGX35D,WPSM088072009D-PGX35D,33333,33333,WCT HQ,EA,,0.09753,,SM,,E1-FG,4/30/2025,,64
,6746 Valuation Adjustments,10/12/2023,,Opening Balance,Western Consolidated Technologies,,WSNC365330012D-PGX15W,WSNC365330012D-PGX15W,33335,33335,WCT HQ,EA,,1.41777,,NC,,E1-FG,4/30/2025,,2
,6747 Valuation Adjustments,10/18/2024,,Opening Balance,Western Consolidated Technologies,,WPOT290270004D-PGX15O,WPOT290270004D-PGX15O,33341,33341,WCT HQ,EA,,0.26574,,OT,,E1-FG,4/30/2025,,11765
,6748 Valuation Adjustments,3/21/2025,,Opening Balance,Western Consolidated Technologies,,WPOS168156007B-PCR31K,WPOS168156007B-PCR31K,33342,33342,WCT HQ,EA,,0.13957,,OS,,E1-FG,4/30/2025,,454.5
,6749 Valuation Adjustments,8/25/2023,,Opening Balance,Western Consolidated Technologies,,WPOS086075006B-PRX15K,WPOS086075006B-PRX15K,33345,33345,WCT HQ,EA,,0.17743,,OS,,E1-FG,4/30/2025,,427
,6750 Valuation Adjustments,8/10/2023,,Opening Balance,Western Consolidated Technologies,,WPOS179159006S-PGX15O,WPOS179159006S-PGX15O,33347,33347,WCT HQ,EA,,0.16962,,OS,,E1-FG,4/30/2025,,54
,6751 Valuation Adjustments,4/25/2024,,Opening Balance,Western Consolidated Technologies,,WPOT064049009D-PGX15O,WPOT064049009D-PGX15O,33348,33348,WCT HQ,EA,,0.12627,,OT,,E1-FG,4/30/2025,,530
,6752 Valuation Adjustments,4/9/2025,,Opening Balance,Western Consolidated Technologies,,24321,24321,52033,52033,WCT HQ,EA,,0.94571,,NC,,E1-FG,4/30/2025,,8
,6753 Valuation Adjustments,11/22/2024,,Opening Balance,Western Consolidated Technologies,,WPSS194176009B-PZF30N,WPSS194176009B-PZF30N,33351,33351,WCT HQ,EA,,0.18894,,SS,,E1-FG,4/30/2025,,156
,6754 Valuation Adjustments,9/20/2024,,Opening Balance,Western Consolidated Technologies,,WSMP120045003D-PAX10N,WSMP120045003D-PAX10N,33354,33354,WCT HQ,EA,,0.11378,,NC,,E1-FG,4/30/2025,,50
,6755 Valuation Adjustments,8/31/2023,,Opening Balance,Western Consolidated Technologies,,WPOS064054007S-PZF30N,WPOS064054007S-PZF30N,33355,33355,WCT HQ,EA,,0.17604,,OS,,E1-FG,4/30/2025,,761
,6756 Valuation Adjustments,10/24/2024,,Opening Balance,Western Consolidated Technologies,,WPOS160144006S-PRX10K,WPOS160144006S-PRX10K,33356,33356,WCT HQ,EA,,0.13998,,OS,,E1-FG,4/30/2025,,290
,6757 Valuation Adjustments,4/22/2025,,Opening Balance,Western Consolidated Technologies,,WSNC074066007D-PCF18K,WSNC074066007D-PCF18K,33359,33359,WCT HQ,EA,,0.16164,,NC,,E1-FG,4/30/2025,,2681
,6758 Valuation Adjustments,9/7/2023,,Opening Balance,Western Consolidated Technologies,,WPOS143132007B-PZF30N,WPOS143132007B-PZF30N,33360,33360,WCT HQ,EA,,0.17094,,OS,,E1-FG,4/30/2025,,228
,6759 Valuation Adjustments,2/28/2025,,Opening Balance,Western Consolidated Technologies,,WPOS132120009S-PZF30N,WPOS132120009S-PZF30N,33365,33365,WCT HQ,EA,,0.18863,,OS,,E1-FG,4/30/2025,,4778
,6760 Valuation Adjustments,6/3/2024,,Opening Balance,Western Consolidated Technologies,,WPSS238220009B-PZF30N,WPSS238220009B-PZF30N,33366,33366,WCT HQ,EA,,0.19649,,SS,,E1-FG,4/30/2025,,59
,6761 Valuation Adjustments,6/14/2023,,Opening Balance,Western Consolidated Technologies,,WSMP133125019S-PZX40N,WSMP133125019S-PZX40N,33369,33369,WCT HQ,EA,,0.78133,,MP,,E1-FG,4/30/2025,,61
,6762 Valuation Adjustments,8/18/2023,,Opening Balance,Western Consolidated Technologies,,WSNC690596011D-PSB50B,WSNC690596011D-PSB50B,33370,33370,WCT HQ,EA,,6.18455,,NC,,E1-FG,4/30/2025,,15
,6763 Valuation Adjustments,12/21/2023,,Opening Balance,Western Consolidated Technologies,,WPOS083071009S-PZF30N,WPOS083071009S-PZF30N,33381,33381,WCT HQ,EA,,0.16707,,OS,,E1-FG,4/30/2025,,1515
,6764 Valuation Adjustments,9/19/2024,,Opening Balance,Western Consolidated Technologies,,WSMPS2C4271PFX,WSMPS2C4271PFX,33382,33382,WCT HQ,EA,,6.00323,,SP,,E1-FG,4/30/2025,,25
,6765 Valuation Adjustments,9/18/2024,,Opening Balance,Western Consolidated Technologies,,24357,24357,53120,53120,WCT HQ,EA,,13.85202,,SP,,E1-FG,4/30/2025,,33
,6766 Valuation Adjustments,1/25/2024,,Opening Balance,Western Consolidated Technologies,,WPOS069053009S-PZF30N,WPOS069053009S-PZF30N,33386,33386,WCT HQ,EA,,0.16046,,OS,,E1-FG,4/30/2025,,480
,6767 Valuation Adjustments,3/21/2025,,Opening Balance,Western Consolidated Technologies,,WPOT274255007D-PRX15K,WPOT274255007D-PRX15K,33387,33387,WCT HQ,EA,,0.20708,,OT,,E1-FG,4/30/2025,,295
,6768 Valuation Adjustments,2/28/2025,,Opening Balance,Western Consolidated Technologies,,WPOT285270008D-PSC30E,WPOT285270008D-PSC30E,33388,33388,WCT HQ,EA,,0.3973,,NC,,E1-FG,4/30/2025,,763
,6769 Valuation Adjustments,10/27/2023,,Opening Balance,Western Consolidated Technologies,,WSNC200150034D-PXX00W,WSNC200150034D-PXX00W,33393,33393,WCT HQ,EA,,1.18671,,NC,,E1-FG,4/30/2025,,12
,6770 Valuation Adjustments,3/28/2024,,Opening Balance,Western Consolidated Technologies,,WPOS175159008S-PGX15F,WPOS175159008S-PGX15F,33396,33396,WCT HQ,EA,,0.21316,,OS,,E1-FG,4/30/2025,,328
,6771 Valuation Adjustments,4/26/2024,,Opening Balance,Western Consolidated Technologies,,WPOS117101008S-PRX15K,WPOS117101008S-PRX15K,33397,33397,WCT HQ,EA,,0.15773,,OS,,E1-FG,4/30/2025,,540
,6772 Valuation Adjustments,4/18/2025,,Opening Balance,Western Consolidated Technologies,,WPOS187168006S-PGX15J,WPOS187168006S-PGX15J,33398,33398,WCT HQ,EA,,0.16146,,OS,,E1-FG,4/30/2025,,3
,6773 Valuation Adjustments,9/16/2024,,Opening Balance,Western Consolidated Technologies,,24379,24379,33403,33403,WCT HQ,EA,,7.46798,,MP,,E1-FG,4/30/2025,,54
,6774 Valuation Adjustments,8/27/2024,,Opening Balance,Western Consolidated Technologies,,24383,24383,52001,52001,WCT HQ,EA,,0.3935,,OT,,E1-FG,4/30/2025,,960
,6775 Valuation Adjustments,1/3/2025,,Opening Balance,Western Consolidated Technologies,,24386,24386,52005,52005,WCT HQ,EA,,0.35616,,NC,,E1-FG,4/30/2025,,123
,6776 Valuation Adjustments,7/26/2024,,Opening Balance,Western Consolidated Technologies,,24388,24388,52009,52009,WCT HQ,EA,,0.33991,,OS,,E1-FG,4/30/2025,,64
,6777 Valuation Adjustments,10/3/2024,,Opening Balance,Western Consolidated Technologies,,24391,24391,52015,52015,WCT HQ,EA,,0.17043,,OS,,E1-FG,4/30/2025,,185
,6778 Valuation Adjustments,5/24/2024,,Opening Balance,Western Consolidated Technologies,,24394,24394,52021,52021,WCT HQ,EA,,6.58014,,MP,,E1-FG,4/30/2025,,15
,6779 Valuation Adjustments,9/5/2024,,Opening Balance,Western Consolidated Technologies,,24396,24396,52023,52023,WCT HQ,EA,,0.11867,,OT,,E1-FG,4/30/2025,,234
,6780 Valuation Adjustments,8/16/2024,,Opening Balance,Western Consolidated Technologies,,24403,24403,52037,52037,WCT HQ,EA,,0.11803,,OS,,E1-FG,4/30/2025,,305
,6781 Valuation Adjustments,8/15/2024,,Opening Balance,Western Consolidated Technologies,,24410,24410,52052,52052,WCT HQ,EA,,0.14638,,OS,,E1-FG,4/30/2025,,4590
,6782 Valuation Adjustments,6/14/2024,,Opening Balance,Western Consolidated Technologies,,24412,24412,52054,52054,WCT HQ,EA,,0.1425,,OT,,E1-FG,4/30/2025,,360
,6783 Valuation Adjustments,4/25/2025,,Opening Balance,Western Consolidated Technologies,,24413,24413,52056,52056,WCT HQ,EA,,0.15551,,OS,,E1-FG,4/30/2025,,87
,6784 Valuation Adjustments,4/25/2025,,Opening Balance,Western Consolidated Technologies,,24415,24415,33437,33437,WCT HQ,EA,,0.05322,,OT,,E1-FG,4/30/2025,,948
,6785 Valuation Adjustments,11/27/2024,,Opening Balance,Western Consolidated Technologies,,24418,24418,52066,52066,WCT HQ,EA,,0.1688,,MP,,E1-FG,4/30/2025,,444
,6786 Valuation Adjustments,11/27/2024,,Opening Balance,Western Consolidated Technologies,,24419,24419,52068,52068,WCT HQ,EA,,0.16268,,MP,,E1-FG,4/30/2025,,942
,6787 Valuation Adjustments,4/21/2025,,Opening Balance,Western Consolidated Technologies,,24424,24424,52080,52080,WCT HQ,EA,,0.06953,,SM,,E1-FG,4/30/2025,,812
,6788 Valuation Adjustments,12/6/2024,,Opening Balance,Western Consolidated Technologies,,24431,24431,52089,52089,WCT HQ,EA,,0.10962,,MP,,E1-FG,4/30/2025,,357
,6789 Valuation Adjustments,4/21/2025,,Opening Balance,Western Consolidated Technologies,,24435,24435,52099,52099,WCT HQ,EA,,0.08084,,SM,,E1-FG,4/30/2025,,93
,6790 Valuation Adjustments,10/21/2024,,Opening Balance,Western Consolidated Technologies,,24436,24436,52097,52097,WCT HQ,EA,,0.67601,,MP,,E1-FG,4/30/2025,,68
,6791 Valuation Adjustments,12/26/2024,,Opening Balance,Western Consolidated Technologies,,24439,24439,52117,52117,WCT HQ,EA,,0.19813,,NC,,E1-FG,4/30/2025,,69
,6792 Valuation Adjustments,2/27/2025,,Opening Balance,Western Consolidated Technologies,,24442,24442,52135,52135,WCT HQ,EA,,0.68401,,MP,,E1-FG,4/30/2025,,51
,6793 Valuation Adjustments,3/21/2025,,Opening Balance,Western Consolidated Technologies,,24444,24444,52142,52142,WCT HQ,EA,,0.58884,,MP,,E1-FG,4/30/2025,,40
,6794 Valuation Adjustments,4/25/2025,,Opening Balance,Western Consolidated Technologies,,24445,24445,52144,52144,WCT HQ,EA,,0.60722,,MP,,E1-FG,4/30/2025,,1840
,6795 Valuation Adjustments,4/16/2025,,Opening Balance,Western Consolidated Technologies,,24448,24448,52150,52150,WCT HQ,EA,,0.12247,,OS,,E1-FG,4/30/2025,,52
,6796 Valuation Adjustments,8/21/2024,,Opening Balance,Western Consolidated Technologies,,WRJC075062050D-R570AK,WRJC075062050D-R570AK,33947,33947,WCT HQ,PC,,0.04644,,JC,,E1-FG,4/30/2025,,315
,6797 Valuation Adjustments,9/30/2022,,Opening Balance,Western Consolidated Technologies,,WRJC033021026D-R590AK,WRJC033021026D-R590AK,33969,33969,WCT HQ,EA,,0.01777,,JC,,E1-FG,4/30/2025,,11040
,6798 Valuation Adjustments,8/17/2022,,Opening Balance,Western Consolidated Technologies,,WRJA575548032D-R470AK,WRJA575548032D-R470AK,33997,33997,WCT HQ,EA,,0.24975,,JA,,E1-FG,4/30/2025,,425
,6799 Valuation Adjustments,3/21/2023,,Opening Balance,Western Consolidated Technologies,,WRJA525498032D-R470AK,WRJA525498032D-R470AK,33998,33998,WCT HQ,EA,,0.37818,,JA,,E1-FG,4/30/2025,,798
,6800 Valuation Adjustments,8/15/2023,,Opening Balance,Western Consolidated Technologies,,3-5236,3-5236,52793,52793,WCT HQ,EA,,0.3417,,JA,,E1-FG,4/30/2025,,344
,6801 Valuation Adjustments,10/4/2023,,Opening Balance,Western Consolidated Technologies,,3-5237,3-5237,52792,52792,WCT HQ,EA,,0.35407,,JA,,E1-FG,4/30/2025,,1214
,6802 Valuation Adjustments,2/26/2024,,Opening Balance,Western Consolidated Technologies,,WRJC106068075D-R860AK,WRJC106068075D-R860AK,34018,34018,WCT HQ,PC,,0.16333,,JC,,E1-FG,4/30/2025,,3270
,6803 Valuation Adjustments,4/11/2025,,Opening Balance,Western Consolidated Technologies,,WRJC125053089D-R260AK,WRJC125053089D-R260AK,34058,34058,WCT HQ,PC,,0.23777,,JC,,E1-FG,4/30/2025,,1000
,6804 Valuation Adjustments,6/8/2021,,Opening Balance,Western Consolidated Technologies,,WRJC098032100D-R550AK,WRJC098032100D-R550AK,34059,34059,WCT HQ,PC,,0.35671,,JC,,E1-FG,4/30/2025,,215
,6805 Valuation Adjustments,11/29/2018,,Opening Balance,Western Consolidated Technologies,,WRJE043024074D-R970BK,WRJE043024074D-R970BK,34066,34066,WCT HQ,EA,,0.04449,,JE,,E1-FG,4/30/2025,,1520
,6806 Valuation Adjustments,8/12/2019,,Opening Balance,Western Consolidated Technologies,,WRJA237123062D-R480AK,WRJA237123062D-R480AK,34075,34075,WCT HQ,EA,,0.51375,,JA,,E1-FG,4/30/2025,,265
,6807 Valuation Adjustments,2/17/2023,,Opening Balance,Western Consolidated Technologies,,WRJC171091100D-R270AK,WRJC171091100D-R270AK,34081,34081,WCT HQ,PC,,0.3459,,JC,,E1-FG,4/30/2025,,1750
,6808 Valuation Adjustments,2/28/2025,,Opening Balance,Western Consolidated Technologies,,WRJC175025250D-R870AK,WRJC175025250D-R870AK,34140,34140,WCT HQ,PC,,2.07226,,JC,,E1-FG,4/30/2025,,85
,6809 Valuation Adjustments,12/28/2018,,Opening Balance,Western Consolidated Technologies,,WRJC017010018D-R580AK,WRJC017010018D-R580AK,34159,34159,WCT HQ,EA,,0.01161,,JC,,E1-FG,4/30/2025,,2160
,6810 Valuation Adjustments,1/15/2025,,Opening Balance,Western Consolidated Technologies,,WRJC030020114D-R970AK,WRJC030020114D-R970AK,34191,34191,WCT HQ,EA,,0.02386,,JC,,E1-FG,4/30/2025,,2870
,6811 Valuation Adjustments,1/17/2025,,Opening Balance,Western Consolidated Technologies,,WRJC030020430D-R970AK,WRJC030020430D-R970AK,34204,34204,WCT HQ,EA,,0.08629,,JC,,E1-FG,4/30/2025,,1062
,6812 Valuation Adjustments,4/11/2025,,Opening Balance,Western Consolidated Technologies,,WRJA262175L32D-R268AK,WRJA262175L32D-R268AK,51653,51653,WCT HQ,EA,,20.41087,,JA,,E1-FG,4/30/2025,,1
,6813 Valuation Adjustments,3/26/2025,,Opening Balance,Western Consolidated Technologies,,WRJA548536L26D-R070AR,WRJA548536L26D-R070AR,34235,34235,WCT HQ,EA,,15.10471,,JA,,E1-FG,4/30/2025,,165
,6814 Valuation Adjustments,1/18/2023,,Opening Balance,Western Consolidated Technologies,,WRJC101080133D-R463AK,WRJC101080133D-R463AK,34236,34236,WCT HQ,EA,,0.26385,,JC,,E1-FG,4/30/2025,,118
,6815 Valuation Adjustments,9/2/2021,,Opening Balance,Western Consolidated Technologies,,WSMP156085025D-PXX00W,WSMP156085025D-PXX00W,51676,51676,WCT HQ,EA,,0.44793,,MP,,E1-RAW,4/30/2025,,74
,6816 Valuation Adjustments,9/1/2023,,Opening Balance,Western Consolidated Technologies,,WSMP218135025D-PXX00W,WSMP218135025D-PXX00W,51722,51722,WCT HQ,EA,,0.75651,,MP,,E1-RAW,4/30/2025,,567
,6817 Valuation Adjustments,11/14/2018,,Opening Balance,Western Consolidated Technologies,,WSMP262173025D-PXX00W,WSMP262173025D-PXX00W,51717,51717,WCT HQ,EA,,0.89153,,MP,,E1-RAW,4/30/2025,,82
,6818 Valuation Adjustments,1/25/2023,,Opening Balance,Western Consolidated Technologies,,80458,80458,51880,51880,WCT HQ,EA,,1.137,,MP,,E1-RAW,4/30/2025,,20
,6819 Valuation Adjustments,3/31/2025,,Opening Balance,Western Consolidated Technologies,,81494,81494,52198,52198,WCT HQ,EA,,0.19104,,MP,,E1-RAW,4/30/2025,,42
,6820 Valuation Adjustments,3/31/2025,,Opening Balance,Western Consolidated Technologies,,81495,81495,52199,52199,WCT HQ,EA,,0.19741,,MP,,E1-RAW,4/30/2025,,39
,6821 Valuation Adjustments,3/13/2025,,Opening Balance,Western Consolidated Technologies,,81778,81778,52202,52202,WCT HQ,EA,,0.25691,,MP,,E1-RAW,4/30/2025,,60
,6822 Valuation Adjustments,3/13/2025,,Opening Balance,Western Consolidated Technologies,,81779,81779,52203,52203,WCT HQ,EA,,0.2601,,MP,,E1-RAW,4/30/2025,,57
,6823 Valuation Adjustments,3/13/2025,,Opening Balance,Western Consolidated Technologies,,81780,81780,52204,52204,WCT HQ,EA,,0.45698,,MP,,E1-RAW,4/30/2025,,156
,6824 Valuation Adjustments,10/31/2016,,Opening Balance,Western Consolidated Technologies,,81921,81921,51726,51726,WCT HQ,EA,,1.19339,,LD,,E1-RAW,4/30/2025,,36
,6825 Valuation Adjustments,4/30/2025,,Opening Balance,Western Consolidated Technologies,,82098,82098,51615,51615,WCT HQ,EA,,0.72047,,NC,,E1-RAW,4/30/2025,,23
,6826 Valuation Adjustments,4/30/2025,,Opening Balance,Western Consolidated Technologies,,82100,82100,51617,51617,WCT HQ,EA,,0.72047,,NC,,E1-RAW,4/30/2025,,25
,6827 Valuation Adjustments,4/24/2025,,Opening Balance,Western Consolidated Technologies,,WSNC028012030D-MXX00W,WSNC028012030D-MXX00W,49953,49953,WCT HQ,EA,,0.26585,,MP,,E1-RAW,4/30/2025,,3607
,6828 Valuation Adjustments,4/30/2025,,Opening Balance,Western Consolidated Technologies,,83005,83005,51657,51657,WCT HQ,EA,,0.82056,,NC,,E1-RAW,4/30/2025,,106
,6829 Valuation Adjustments,4/17/2024,,Opening Balance,Western Consolidated Technologies,,83211,83211,51727,51727,WCT HQ,EA,,0.33732,,SP,,E1-RAW,4/30/2025,,602
,6830 Valuation Adjustments,3/22/2018,,Opening Balance,Western Consolidated Technologies,,83237,83237,51737,51737,WCT HQ,EA,,0.80337,,SP,,E1-RAW,4/30/2025,,41
,6831 Valuation Adjustments,11/11/2019,,Opening Balance,Western Consolidated Technologies,,83397,83397,51795,51795,WCT HQ,EA,,0.11477,,MP,,E1-RAW,4/30/2025,,29
,6832 Valuation Adjustments,12/11/2022,,Opening Balance,Western Consolidated Technologies,,83421,83421,53088,53088,WCT HQ,EA,,0,,MP,,E1-RAW,4/30/2025,,93
,6833 Valuation Adjustments,10/11/2018,,Opening Balance,Western Consolidated Technologies,,83423,83423,51805,51805,WCT HQ,EA,,0.58261,,MP,,E1-RAW,4/30/2025,,361
,6834 Valuation Adjustments,5/24/2024,,Opening Balance,Western Consolidated Technologies,,83425.C01,83425.C01,52750,52750,WCT HQ,EA,,0.21275,,MP,,E1-RAW,4/30/2025,,1
,6835 Valuation Adjustments,5/24/2024,,Opening Balance,Western Consolidated Technologies,,83425.C02,83425.C02,52751,52751,WCT HQ,EA,,0.30933,,MP,,E1-RAW,4/30/2025,,66
,6836 Valuation Adjustments,5/24/2024,,Opening Balance,Western Consolidated Technologies,,83425.C03,83425.C03,52752,52752,WCT HQ,EA,,0.26842,,MP,,E1-RAW,4/30/2025,,25
,6837 Valuation Adjustments,5/24/2024,,Opening Balance,Western Consolidated Technologies,,83425.C04,83425.C04,52763,52763,WCT HQ,EA,,0.34216,,MP,,E1-RAW,4/30/2025,,15
,6838 Valuation Adjustments,4/2/2013,,Opening Balance,Western Consolidated Technologies,,83447.C01,83447.C01,52758,52758,WCT HQ,EA,,1.23761,,NC,,E1-RAW,4/30/2025,,229
,6839 Valuation Adjustments,4/2/2013,,Opening Balance,Western Consolidated Technologies,,83447.C02,83447.C02,52759,52759,WCT HQ,EA,,1.43387,,NC,,E1-RAW,4/30/2025,,281
,6840 Valuation Adjustments,9/22/2022,,Opening Balance,Western Consolidated Technologies,,83548.F,83548.F,52766,52766,WCT HQ,EA,,0.27939,,MP,,E1-RAW,4/30/2025,,9
,6841 Valuation Adjustments,9/22/2022,,Opening Balance,Western Consolidated Technologies,,83548.M,83548.M,53091,53091,WCT HQ,EA,,0.27255,,MP,,E1-RAW,4/30/2025,,41
,6842 Valuation Adjustments,9/22/2022,,Opening Balance,Western Consolidated Technologies,,83548.V,83548.V,52767,52767,WCT HQ,EA,,0.27495,,MP,,E1-RAW,4/30/2025,,1
,6843 Valuation Adjustments,10/30/2024,,Opening Balance,Western Consolidated Technologies,,83569,83569,52216,52216,WCT HQ,EA,,8.08998,,MP,,E1-RAW,4/30/2025,,20
,6844 Valuation Adjustments,4/30/2025,,Opening Balance,Western Consolidated Technologies,,83706.F,83706.F,52779,52779,WCT HQ,EA,,7.44847,,MP,,E1-RAW,4/30/2025,,3
,6845 Valuation Adjustments,4/30/2025,,Opening Balance,Western Consolidated Technologies,,83706.V,83706.V,52780,52780,WCT HQ,EA,,9.11896,,MP,,E1-RAW,4/30/2025,,1
,6846 Valuation Adjustments,3/29/2018,,Opening Balance,Western Consolidated Technologies,,83806,83806,51896,51896,WCT HQ,EA,,0.53858,,MP,,E1-RAW,4/30/2025,,150
,6847 Valuation Adjustments,4/24/2024,,Opening Balance,Western Consolidated Technologies,,83843,83843,51907,51907,WCT HQ,EA,,2.74447,,MP,,E1-RAW,4/30/2025,,21
,6848 Valuation Adjustments,10/17/2023,,Opening Balance,Western Consolidated Technologies,,83905.M,83905.M,53107,53107,WCT HQ,EA,,0.56527,,MP,,E1-RAW,4/30/2025,,90
,6849 Valuation Adjustments,10/25/2023,,Opening Balance,Western Consolidated Technologies,,83905.MF,83905.MF,53108,53108,WCT HQ,EA,,0.45889,,MP,,E1-RAW,4/30/2025,,26
,6850 Valuation Adjustments,3/4/2024,,Opening Balance,Western Consolidated Technologies,,83950,83950,51913,51913,WCT HQ,EA,,0.22576,,MP,,E1-RAW,4/30/2025,,180
,6851 Valuation Adjustments,9/13/2023,,Opening Balance,Western Consolidated Technologies,,84348,84348,51987,51987,WCT HQ,EA,,0.5552,,MP,,E1-RAW,4/30/2025,,20
,6852 Valuation Adjustments,9/20/2024,,Opening Balance,Western Consolidated Technologies,,84356,84356,51991,51991,WCT HQ,EA,,1.06486,,SP,,E1-RAW,4/30/2025,,9
,6853 Valuation Adjustments,9/20/2024,,Opening Balance,Western Consolidated Technologies,,84357,84357,51992,51992,WCT HQ,EA,,2.51472,,SP,,E1-FG,4/30/2025,,6
,6854 Valuation Adjustments,5/19/2023,,Opening Balance,Western Consolidated Technologies,,WSMP097050002L-AXX00K,WSMP097050002L-AXX00K,46147,46147,WCT HQ,EA,,0.00046,,MP,,E1-FG,4/30/2025,,60
,6855 Valuation Adjustments,4/7/2022,,Opening Balance,Western Consolidated Technologies,,83637.M,83637.M,53098,53098,WCT HQ,EA,,0.20601,,FL,,E1-RAW,4/30/2025,,96
,6856 Valuation Adjustments,4/7/2022,,Opening Balance,Western Consolidated Technologies,,83637.V,83637.V,51859,51859,WCT HQ,EA,,0.23005,,FL,,E1-RAW,4/30/2025,,735
,6857 Valuation Adjustments,12/8/2017,,Opening Balance,Western Consolidated Technologies,,83656.F,83656.F,51867,51867,WCT HQ,EA,,0.24838,,FL,,E1-RAW,4/30/2025,,114
,6858 Valuation Adjustments,12/8/2017,,Opening Balance,Western Consolidated Technologies,,83656.M,83656.M,53099,53099,WCT HQ,EA,,0.25465,,FL,,E1-RAW,4/30/2025,,226
,6859 Valuation Adjustments,12/8/2017,,Opening Balance,Western Consolidated Technologies,,83656.V,83656.V,51868,51868,WCT HQ,EA,,0.22406,,FL,,E1-RAW,4/30/2025,,431
,6860 Valuation Adjustments,7/11/2023,,Opening Balance,Western Consolidated Technologies,,WRJC148102020K-R160AK,WRJC148102020K-R160AK,49532,49532,WCT HQ,EA,,0.44006,,JC,,E1-RAW,4/30/2025,,625
,6861 Valuation Adjustments,4/8/2020,,Opening Balance,Western Consolidated Technologies,,WRJA210152020K-R450AK,WRJA210152020K-R450AK,49533,49533,WCT HQ,EA,,0.09316,,JA,,E1-RAW,4/30/2025,,500
,6862 Valuation Adjustments,9/1/2023,,Opening Balance,Western Consolidated Technologies,,WRJC210152020K-R160AK,WRJC210152020K-R160AK,49534,49534,WCT HQ,EA,,0.7495,,JC,,E1-RAW,4/30/2025,,1086
,6863 Valuation Adjustments,12/15/2022,,Opening Balance,Western Consolidated Technologies,,WRJA251191020K-R450AK,WRJA251191020K-R450AK,29336,29336,WCT HQ,EA,,0.12801,,JA,,E1-RAW,4/30/2025,,304
,6864 Valuation Adjustments,11/14/2018,,Opening Balance,Western Consolidated Technologies,,WRJA251191020K-R550AK,WRJA251191020K-R550AK,49536,49536,WCT HQ,EA,,0.17237,,JA,,E1-RAW,4/30/2025,,1462
,6865 Valuation Adjustments,2/20/2025,,Opening Balance,Western Consolidated Technologies,,WRJC251191020K-R160AK,WRJC251191020K-R160AK,49535,49535,WCT HQ,EA,,0.84299,,JC,,E1-RAW,4/30/2025,,125
,6866 Valuation Adjustments,1/25/2023,,Opening Balance,Western Consolidated Technologies,,90458,90458,51386,51386,WCT HQ,EA,,0.2752,,JA,,E1-RAW,4/30/2025,,269
,6867 Valuation Adjustments,6/25/2024,,Opening Balance,Western Consolidated Technologies,,WRJA361297020K-R450AK,WRJA361297020K-R450AK,49537,49537,WCT HQ,EA,,0.18113,,JA,,E1-RAW,4/30/2025,,546
,6868 Valuation Adjustments,1/25/2023,,Opening Balance,Western Consolidated Technologies,,90492,90492,51387,51387,WCT HQ,EA,,0.12412,,JA,,E1-RAW,4/30/2025,,278
,6869 Valuation Adjustments,4/17/2024,,Opening Balance,Western Consolidated Technologies,,93211,93211,51728,51728,WCT HQ,PC,,0.50887,,SP,,E1-RAW,4/30/2025,,542
,6870 Valuation Adjustments,3/21/2018,,Opening Balance,Western Consolidated Technologies,,93237,93237,51738,51738,WCT HQ,PC,,0.43675,,NC,,E1-RAW,4/30/2025,,26
,6871 Valuation Adjustments,8/21/2024,,Opening Balance,Western Consolidated Technologies,,93240,93240,51740,51740,WCT HQ,PC,,0.6519,,SP,,E1-FG,4/30/2025,,48
,6872 Valuation Adjustments,6/19/2024,,Opening Balance,Western Consolidated Technologies,,93254,93254,51743,51743,WCT HQ,PC,,0.4073,,SP,,E1-RAW,4/30/2025,,530
,6873 Valuation Adjustments,11/22/2023,,Opening Balance,Western Consolidated Technologies,,93357,93357,51781,51781,WCT HQ,PC,,1.01381,,NC,,E1-FG,4/30/2025,,652
,6874 Valuation Adjustments,11/22/2023,,Opening Balance,Western Consolidated Technologies,,93357,93357,51781,51781,WCT HQ,PC,,1.01381,,NC,,E1-RAW,4/30/2025,,29
,6875 Valuation Adjustments,12/3/2018,,Opening Balance,Western Consolidated Technologies,,93605,93605,51840,51840,WCT HQ,PC,,0.41236,,NC,,E1-RAW,4/30/2025,,17
,6876 Valuation Adjustments,12/30/2014,,Opening Balance,Western Consolidated Technologies,,93616,93616,51845,51845,WCT HQ,PC,,0.48876,,MP,,E1-RAW,4/30/2025,,23
,6877 Valuation Adjustments,3/9/2021,,Opening Balance,Western Consolidated Technologies,,94149,94149,51980,51980,WCT HQ,PC,,1.2675,,SP,,E1-RAW,4/30/2025,,7
,6878 Valuation Adjustments,1/24/2023,,Opening Balance,Western Consolidated Technologies,,94283,94283,51983,51983,WCT HQ,EA,,0.46921,,JC,,E1-RAW,4/30/2025,,211
,6879 Valuation Adjustments,10/25/2023,,Opening Balance,Western Consolidated Technologies,,94348,94348,53119,53119,WCT HQ,PC,,2.28,,NC,,E1-RAW,4/30/2025,,23
,6880 Valuation Adjustments,9/6/2022,,Opening Balance,Western Consolidated Technologies,,93473,93473,53089,53089,WCT HQ,PC,,1.92,,MP,,E1-RAW,4/30/2025,,13
,6881 Valuation Adjustments,2/19/2016,,Opening Balance,Western Consolidated Technologies,,93489,93489,53090,53090,WCT HQ,PC,,13.24,,MP,,E1-RAW,4/30/2025,,9
,6882 Valuation Adjustments,12/21/2015,,Opening Balance,Western Consolidated Technologies,,93636.OR,93636.OR,53097,53097,WCT HQ,PC,,0.0815,,MP,,E1-RAW,4/30/2025,,482
,6883 Valuation Adjustments,12/14/2015,,Opening Balance,Western Consolidated Technologies,,93711,93711,53101,53101,WCT HQ,EA,,2.9,,NC,,E1-RAW,4/30/2025,,3
,6884 Valuation Adjustments,12/14/2015,,Opening Balance,Western Consolidated Technologies,,93712,93712,53102,53102,WCT HQ,EA,,3.67,,NC,,E1-RAW,4/30/2025,,18
,6885 Valuation Adjustments,12/14/2015,,Opening Balance,Western Consolidated Technologies,,93713,93713,53103,53103,WCT HQ,EA,,2.87,,NC,,E1-RAW,4/30/2025,,21
,6886 Valuation Adjustments,12/11/2015,,Opening Balance,Western Consolidated Technologies,,93714,93714,53104,53104,WCT HQ,EA,,4.38,,NC,,E1-RAW,4/30/2025,,5
,6887 Valuation Adjustments,4/24/2024,,Opening Balance,Western Consolidated Technologies,,93843,93843,53111,53111,WCT HQ,PC,,6.67,,MP,,E1-RAW,4/30/2025,,57
,6888 Valuation Adjustments,11/23/2024,,Opening Balance,Western Consolidated Technologies,,93845,93845,53110,53110,WCT HQ,PC,,4.42,,MP,,E1-RAW,4/30/2025,,27
,6889 Valuation Adjustments,8/21/2024,,Opening Balance,Western Consolidated Technologies,,93870,93870,53106,53106,WCT HQ,PC,,3.13,,MP,,E1-RAW,4/30/2025,,504
,6890 Valuation Adjustments,10/17/2023,,Opening Balance,Western Consolidated Technologies,,93905,93905,53118,53118,WCT HQ,PC,,3.15,,MP,,E1-RAW,4/30/2025,,9
,6891 Valuation Adjustments,3/12/2024,,Opening Balance,Western Consolidated Technologies,,93950,93950,53112,53112,WCT HQ,PC,,3.18,,SP,,E1-RAW,4/30/2025,,100
,6892 Valuation Adjustments,9/20/2024,,Opening Balance,Western Consolidated Technologies,,94356,94356,51989,51989,WCT HQ,EA,,4.93791,,MP,,E1-RAW,4/30/2025,,30
,6893 Valuation Adjustments,9/20/2024,,Opening Balance,Western Consolidated Technologies,,94357,94357,51990,51990,WCT HQ,EA,,11.3373,,MP,,E1-RAW,4/30/2025,,14
,6894 Valuation Adjustments,2/19/2025,,Opening Balance,Western Consolidated Technologies,,10016,10016,49607,#N/A,WCT HQ,LB,,19.14,,4Z,,E1-RAW,4/30/2025,,15.138
,6895 Valuation Adjustments,7/12/2023,,Opening Balance,Western Consolidated Technologies,,10020,10020,50137,50137,WCT HQ,LB,,23.83102,,4Z,,E1-RAW,4/30/2025,,44.5
,6896 Valuation Adjustments,2/18/2025,,Opening Balance,Western Consolidated Technologies,,10025,10025,50138,50138,WCT HQ,LB,,21.27575,,4Z,,E1-RAW,4/30/2025,,12.66
,6897 Valuation Adjustments,3/13/2023,,Opening Balance,Western Consolidated Technologies,,10026,10026,50139,50139,WCT HQ,LB,,17.97,,4Z,,E1-RAW,4/30/2025,,65.38
,6898 Valuation Adjustments,10/13/2022,,Opening Balance,Western Consolidated Technologies,,10066,10066,50144,50144,WCT HQ,LB,,16.84,,4Z,,E1-RAW,4/30/2025,,10.001
,6899 Valuation Adjustments,3/18/2020,,Opening Balance,Western Consolidated Technologies,,10144,10144,46303,#N/A,WCT HQ,LB,,16.11533,,4Z,,E1-RAW,4/30/2025,,8.01
,6900 Valuation Adjustments,1/2/2025,,Opening Balance,Western Consolidated Technologies,,10156,10156,50155,50155,WCT HQ,LB,,24.82,,4Z,,E1-RAW,4/30/2025,,215
,6901 Valuation Adjustments,4/25/2025,,Opening Balance,Western Consolidated Technologies,,10170,10170,49951,#N/A,WCT HQ,FT,,2.7,,4Z,,E1-RAW,4/30/2025,,3527.016
,6902 Valuation Adjustments,11/27/2024,,Opening Balance,Western Consolidated Technologies,,10171,10171,49611,#N/A,WCT HQ,FT,,1.05,,4Z,,E1-RAW,4/30/2025,,8.6
,6903 Valuation Adjustments,10/22/2019,,Opening Balance,Western Consolidated Technologies,,10189,10189,50166,50166,WCT HQ,LB,,16.03,,4Z,,E1-RAW,4/30/2025,,32.5
,6904 Valuation Adjustments,6/19/2024,,Opening Balance,Western Consolidated Technologies,,10194,10194,49612,#N/A,WCT HQ,FT,,2.44,,4Z,,E1-RAW,4/30/2025,,151
,6905 Valuation Adjustments,3/10/2025,,Opening Balance,Western Consolidated Technologies,,10198,10198,49615,#N/A,WCT HQ,FT,,5.64,,4Z,,E1-RAW,4/30/2025,,11
,6906 Valuation Adjustments,11/1/2024,,Opening Balance,Western Consolidated Technologies,,10208,10208,49616,#N/A,WCT HQ,FT,,7.98,,4Z,,E1-RAW,4/30/2025,,22.974
,6907 Valuation Adjustments,4/9/2025,,Opening Balance,Western Consolidated Technologies,,10214,10214,49619,#N/A,WCT HQ,LB,,13.45,,4Z,,E1-RAW,4/30/2025,,24.138
,6908 Valuation Adjustments,4/12/2023,,Opening Balance,Western Consolidated Technologies,,10217,10217,49620,#N/A,WCT HQ,FT,,74.26,,4Z,,E1-RAW,4/30/2025,,6.95
,6909 Valuation Adjustments,10/10/2018,,Opening Balance,Western Consolidated Technologies,,10218,10218,49621,#N/A,WCT HQ,FT,,93.94,,4Z,,E1-RAW,4/30/2025,,0.5
,6910 Valuation Adjustments,11/27/2024,,Opening Balance,Western Consolidated Technologies,,10237,10237,49622,#N/A,WCT HQ,FT,,1.09833,,4Z,,E1-RAW,4/30/2025,,103.5
,6911 Valuation Adjustments,6/11/2024,,Opening Balance,Western Consolidated Technologies,,10244,10244,49623,#N/A,WCT HQ,FT,,30.25,,4Z,,E1-RAW,4/30/2025,,8.08
,6912 Valuation Adjustments,2/13/2024,,Opening Balance,Western Consolidated Technologies,,10259,10259,49628,#N/A,WCT HQ,FT,,13.6,,4Z,,E1-RAW,4/30/2025,,10
,6913 Valuation Adjustments,4/30/2025,,Opening Balance,Western Consolidated Technologies,,10261,10261,50211,50211,WCT HQ,FT,,0.84,,4Z,,E1-RAW,4/30/2025,,0.375
,6914 Valuation Adjustments,10/4/2022,,Opening Balance,Western Consolidated Technologies,,10268,10268,50217,50217,WCT HQ,LB,,17.64102,,4Z,,E1-RAW,4/30/2025,,6.51
,6915 Valuation Adjustments,12/19/2024,,Opening Balance,Western Consolidated Technologies,,10273,10273,50219,50219,WCT HQ,LB,,21.299,,4Z,,E1-RAW,4/30/2025,,0.17
,6916 Valuation Adjustments,1/11/2024,,Opening Balance,Western Consolidated Technologies,,10285,10285,46394,#N/A,WCT HQ,LB,,28.38543,,4Z,,E1-RAW,4/30/2025,,50
,6917 Valuation Adjustments,10/10/2023,,Opening Balance,Western Consolidated Technologies,,10296,10296,50230,50230,WCT HQ,LB,,12.5,,4Z,,E1-RAW,4/30/2025,,31.2
,6918 Valuation Adjustments,11/20/2024,,Opening Balance,Western Consolidated Technologies,,10297,10297,50231,50231,WCT HQ,LB,,19.21,,4Z,,E1-RAW,4/30/2025,,0.25
,6919 Valuation Adjustments,7/16/2019,,Opening Balance,Western Consolidated Technologies,,10298,10298,50232,50232,WCT HQ,LB,,20.3719,,4Z,,E1-RAW,4/30/2025,,32.67
,6920 Valuation Adjustments,11/15/2023,,Opening Balance,Western Consolidated Technologies,,10306,10306,50234,50234,WCT HQ,LB,,19.21,,4Z,,E1-RAW,4/30/2025,,0.69
,6921 Valuation Adjustments,4/25/2025,,Opening Balance,Western Consolidated Technologies,,10307,10307,49631,#N/A,WCT HQ,LB,,13.06,,4Z,,E1-RAW,4/30/2025,,933.626
,6922 Valuation Adjustments,4/23/2020,,Opening Balance,Western Consolidated Technologies,,10315,10315,49632,#N/A,WCT HQ,FT,,12.18,,4Z,,E1-RAW,4/30/2025,,0.4
,6923 Valuation Adjustments,9/6/2024,,Opening Balance,Western Consolidated Technologies,,10317,10317,49633,#N/A,WCT HQ,FT,,1.91,,4Z,,E1-RAW,4/30/2025,,108.62
,6924 Valuation Adjustments,9/22/2023,,Opening Balance,Western Consolidated Technologies,,10321,10321,50239,50239,WCT HQ,LB,,23.9581,,4Z,,E1-RAW,4/30/2025,,37
,6925 Valuation Adjustments,12/10/2024,,Opening Balance,Western Consolidated Technologies,,10331,10331,50243,50243,WCT HQ,LB,,19.7685,,4Z,,E1-RAW,4/30/2025,,51.45
,6926 Valuation Adjustments,12/26/2023,,Opening Balance,Western Consolidated Technologies,,10334,10334,46421,#N/A,WCT HQ,LB,,22.01925,,4Z,,E1-RAW,4/30/2025,,50.86
,6927 Valuation Adjustments,8/19/2021,,Opening Balance,Western Consolidated Technologies,,10346,10346,49636,#N/A,WCT HQ,FT,,2.04,,4Z,,E1-RAW,4/30/2025,,4.08
,6928 Valuation Adjustments,3/10/2025,,Opening Balance,Western Consolidated Technologies,,10347,10347,46427,#N/A,WCT HQ,LB,,21.32628,,4Z,,E1-RAW,4/30/2025,,31.92
,6929 Valuation Adjustments,1/3/2024,,Opening Balance,Western Consolidated Technologies,,10348,10348,50250,50250,WCT HQ,LB,,22.0688,,4Z,,E1-RAW,4/30/2025,,31.65
,6930 Valuation Adjustments,5/23/2024,,Opening Balance,Western Consolidated Technologies,,10353,10353,49637,#N/A,WCT HQ,LB,,12.2,,4Z,,E1-RAW,4/30/2025,,2.3
,6931 Valuation Adjustments,6/5/2023,,Opening Balance,Western Consolidated Technologies,,10355,10355,49638,#N/A,WCT HQ,FT,,1.32,,4Z,,E1-RAW,4/30/2025,,80.57
,6932 Valuation Adjustments,5/22/2024,,Opening Balance,Western Consolidated Technologies,,10356,10356,49639,#N/A,WCT HQ,FT,,1.72,,4Z,,E1-RAW,4/30/2025,,0.002
,6933 Valuation Adjustments,2/12/2025,,Opening Balance,Western Consolidated Technologies,,10363,10363,49640,#N/A,WCT HQ,FT,,3.87,,4Z,,E1-RAW,4/30/2025,,15.215
,6934 Valuation Adjustments,9/11/2023,,Opening Balance,Western Consolidated Technologies,,10376,10376,50256,50256,WCT HQ,LB,,22.3421,,4Z,,E1-RAW,4/30/2025,,31.01
,6935 Valuation Adjustments,8/17/2022,,Opening Balance,Western Consolidated Technologies,,10378,10378,46439,#N/A,WCT HQ,LB,,17.87,,4Z,,E1-RAW,4/30/2025,,32.5
,6936 Valuation Adjustments,3/24/2025,,Opening Balance,Western Consolidated Technologies,,10380,10380,49642,#N/A,WCT HQ,FT,,9,,4Z,,E1-RAW,4/30/2025,,35.25
,6937 Valuation Adjustments,11/5/2020,,Opening Balance,Western Consolidated Technologies,,10389,10389,49643,#N/A,WCT HQ,FT,,1.44,,4Z,,E1-RAW,4/30/2025,,16.1
,6938 Valuation Adjustments,11/19/2024,,Opening Balance,Western Consolidated Technologies,,10394,10394,50264,50264,WCT HQ,LB,,11.75,,4Z,,E1-RAW,4/30/2025,,99.08
,6939 Valuation Adjustments,12/30/2024,,Opening Balance,Western Consolidated Technologies,,10397,10397,49644,#N/A,WCT HQ,FT,,1.04,,4Z,,E1-RAW,4/30/2025,,112.79
,6940 Valuation Adjustments,8/10/2021,,Opening Balance,Western Consolidated Technologies,,10400,10400,49645,#N/A,WCT HQ,FT,,0.7,,4Z,,E1-RAW,4/30/2025,,17.51
,6941 Valuation Adjustments,12/2/2021,,Opening Balance,Western Consolidated Technologies,,10403,10403,49647,#N/A,WCT HQ,FT,,2.32,,4Z,,E1-RAW,4/30/2025,,8
,6942 Valuation Adjustments,5/3/2024,,Opening Balance,Western Consolidated Technologies,,10407,10407,46449,#N/A,WCT HQ,LB,,26.42,,4Z,,E1-RAW,4/30/2025,,163.33
,6943 Valuation Adjustments,9/9/2024,,Opening Balance,Western Consolidated Technologies,,10412,10412,49650,#N/A,WCT HQ,FT,,1.92,,4Z,,E1-RAW,4/30/2025,,31.44
,6944 Valuation Adjustments,2/6/2025,,Opening Balance,Western Consolidated Technologies,,10413,10413,49651,#N/A,WCT HQ,FT,,0.83,,4Z,,E1-RAW,4/30/2025,,7.576
,6945 Valuation Adjustments,1/6/2025,,Opening Balance,Western Consolidated Technologies,,10418,10418,46454,#N/A,WCT HQ,LB,,13.25,,4Z,,E1-RAW,4/30/2025,,30.85
,6946 Valuation Adjustments,9/14/2023,,Opening Balance,Western Consolidated Technologies,,10419,10419,46455,#N/A,WCT HQ,LB,,28.6138,,4Z,,E1-RAW,4/30/2025,,2.8
,6947 Valuation Adjustments,10/17/2024,,Opening Balance,Western Consolidated Technologies,,10423,10423,49652,#N/A,WCT HQ,LB,,14,,4Z,,E1-RAW,4/30/2025,,39.57
,6948 Valuation Adjustments,2/20/2022,,Opening Balance,Western Consolidated Technologies,,10428,10428,46458,#N/A,WCT HQ,LB,,23.55,,4Z,,E1-RAW,4/30/2025,,15.72
,6949 Valuation Adjustments,9/8/2021,,Opening Balance,Western Consolidated Technologies,,10429,10429,49653,#N/A,WCT HQ,FT,,8.79,,4Z,,E1-RAW,4/30/2025,,2.5
,6950 Valuation Adjustments,10/25/2022,,Opening Balance,Western Consolidated Technologies,,10431,10431,50280,50280,WCT HQ,LB,,17.885,,4Z,,E1-RAW,4/30/2025,,25.18
,6951 Valuation Adjustments,4/18/2025,,Opening Balance,Western Consolidated Technologies,,10433,10433,49654,#N/A,WCT HQ,LB,,15.27,,4Z,,E1-RAW,4/30/2025,,55.14
,6952 Valuation Adjustments,2/3/2025,,Opening Balance,Western Consolidated Technologies,,10436,10436,49655,#N/A,WCT HQ,FT,,4.32,,4Z,,E1-RAW,4/30/2025,,3.1
,6953 Valuation Adjustments,10/1/2024,,Opening Balance,Western Consolidated Technologies,,10438,10438,49656,#N/A,WCT HQ,FT,,20,,4Z,,E1-RAW,4/30/2025,,10.5
,6954 Valuation Adjustments,4/9/2025,,Opening Balance,Western Consolidated Technologies,,10440,10440,49657,#N/A,WCT HQ,LB,,13.25,,4Z,,E1-RAW,4/30/2025,,49.17
,6955 Valuation Adjustments,3/11/2025,,Opening Balance,Western Consolidated Technologies,,10441,10441,49658,#N/A,WCT HQ,LB,,19.35,,4Z,,E1-RAW,4/30/2025,,107.894
,6956 Valuation Adjustments,12/15/2023,,Opening Balance,Western Consolidated Technologies,,10444,10444,50282,50282,WCT HQ,LB,,16.995,,4Z,,E1-RAW,4/30/2025,,16.7
,6957 Valuation Adjustments,8/28/2019,,Opening Balance,Western Consolidated Technologies,,10447,10447,46470,#N/A,WCT HQ,LB,,15.9,,4Z,,E1-RAW,4/30/2025,,30.59
,6958 Valuation Adjustments,8/13/2024,,Opening Balance,Western Consolidated Technologies,,10448,10448,49197,#N/A,WCT HQ,LB,,3.28,,4Z,,E1-RAW,4/30/2025,,186.27
,6959 Valuation Adjustments,1/31/2025,,Opening Balance,Western Consolidated Technologies,,10459,10459,50289,50289,WCT HQ,LB,,0.2,,4Z,,E1-RAW,4/30/2025,,1.39
,6960 Valuation Adjustments,9/18/2023,,Opening Balance,Western Consolidated Technologies,,10462,10462,50290,50290,WCT HQ,LB,,21.22177,,4Z,,E1-RAW,4/30/2025,,0.61
,6961 Valuation Adjustments,1/15/2009,,Opening Balance,Western Consolidated Technologies,,10471,10471,46478,#N/A,WCT HQ,FT,,14,,4Z,,E1-RAW,4/30/2025,,3.5
,6962 Valuation Adjustments,10/9/2024,,Opening Balance,Western Consolidated Technologies,,10478,10478,46481,#N/A,WCT HQ,LB,,14.66256,,4Z,,E1-RAW,4/30/2025,,10
,6963 Valuation Adjustments,11/3/2022,,Opening Balance,Western Consolidated Technologies,,10479,10479,46482,#N/A,WCT HQ,LB,,0.001,,4Z,,E1-RAW,4/30/2025,,9.36
,6964 Valuation Adjustments,3/11/2025,,Opening Balance,Western Consolidated Technologies,,10488,10488,49660,#N/A,WCT HQ,FT,,42.98,,4Z,,E1-RAW,4/30/2025,,0.75
,6965 Valuation Adjustments,3/21/2025,,Opening Balance,Western Consolidated Technologies,,10492,10492,49661,#N/A,WCT HQ,LB,,12.13,,4Z,,E1-RAW,4/30/2025,,6
,6966 Valuation Adjustments,3/18/2025,,Opening Balance,Western Consolidated Technologies,,10494,10494,49662,#N/A,WCT HQ,LB,,11.38,,4Z,,E1-RAW,4/30/2025,,43.66
,6967 Valuation Adjustments,3/21/2025,,Opening Balance,Western Consolidated Technologies,,10496,10496,49663,#N/A,WCT HQ,LB,,18.8,,4Z,,E1-RAW,4/30/2025,,456.32
,6968 Valuation Adjustments,3/10/2025,,Opening Balance,Western Consolidated Technologies,,10499,10499,46636,#N/A,WCT HQ,LB,,10.48,,4Z,,E1-RAW,4/30/2025,,48.49
,6969 Valuation Adjustments,4/25/2025,,Opening Balance,Western Consolidated Technologies,,10500,10500,49665,#N/A,WCT HQ,LB,,12.87,,4Z,,E1-RAW,4/30/2025,,403.25
,6970 Valuation Adjustments,3/20/2025,,Opening Balance,Western Consolidated Technologies,,10502,10502,49666,#N/A,WCT HQ,FT,,1.03,,4Z,,E1-RAW,4/30/2025,,5.94
,6971 Valuation Adjustments,4/22/2025,,Opening Balance,Western Consolidated Technologies,,10504,10504,49667,#N/A,WCT HQ,LB,,12.65,,4Z,,E1-RAW,4/30/2025,,207.61
,6972 Valuation Adjustments,5/28/2015,,Opening Balance,Western Consolidated Technologies,,10506,10506,#N/A,#N/A,WCT HQ,PC,,11,,4Z,,E1-RAW,4/30/2025,,298.95
,6973 Valuation Adjustments,4/24/2025,,Opening Balance,Western Consolidated Technologies,,10510,10510,49668,#N/A,WCT HQ,FT,,1.52,,4Z,,E1-RAW,4/30/2025,,1133.006
,6974 Valuation Adjustments,2/21/2025,,Opening Balance,Western Consolidated Technologies,,10516,10516,46496,#N/A,WCT HQ,FT,,1.4728,,4Z,,E1-RAW,4/30/2025,,29.98
,6975 Valuation Adjustments,4/24/2025,,Opening Balance,Western Consolidated Technologies,,10518,10518,49670,#N/A,WCT HQ,LB,,12.17,,4Z,,E1-RAW,4/30/2025,,276
,6976 Valuation Adjustments,7/10/2023,,Opening Balance,Western Consolidated Technologies,,10525,10525,50312,50312,WCT HQ,LB,,20.85426,,4Z,,E1-RAW,4/30/2025,,3.04
,6977 Valuation Adjustments,5/23/2019,,Opening Balance,Western Consolidated Technologies,,10526,10526,46548,#N/A,WCT HQ,FT,,10.33,,4Z,,E1-RAW,4/30/2025,,3.56
,6978 Valuation Adjustments,4/25/2025,,Opening Balance,Western Consolidated Technologies,,10528,10528,49672,#N/A,WCT HQ,LB,,9.5,,4Z,,E1-RAW,4/30/2025,,4840.874
,6979 Valuation Adjustments,4/17/2025,,Opening Balance,Western Consolidated Technologies,,10530,10530,49673,#N/A,WCT HQ,LB,,12.3,,4Z,,E1-RAW,4/30/2025,,83.13
,6980 Valuation Adjustments,12/18/2024,,Opening Balance,Western Consolidated Technologies,,10534,10534,49675,#N/A,WCT HQ,LB,,14.11,,4Z,,E1-RAW,4/30/2025,,14.2
,6981 Valuation Adjustments,2/21/2025,,Opening Balance,Western Consolidated Technologies,,10535,10535,49676,#N/A,WCT HQ,LB,,13.5,,4Z,,E1-RAW,4/30/2025,,29.15
,6982 Valuation Adjustments,4/23/2025,,Opening Balance,Western Consolidated Technologies,,10538,10538,49677,#N/A,WCT HQ,LB,,10.87,,4Z,,E1-RAW,4/30/2025,,371.25
,6983 Valuation Adjustments,4/17/2023,,Opening Balance,Western Consolidated Technologies,,10540,10540,49678,#N/A,WCT HQ,LB,,14.33,,4Z,,E1-RAW,4/30/2025,,78.94
,6984 Valuation Adjustments,8/26/2023,,Opening Balance,Western Consolidated Technologies,,10541,10541,49679,#N/A,WCT HQ,FT,,39.6,,4Z,,E1-RAW,4/30/2025,,17.5
,6985 Valuation Adjustments,11/5/2019,,Opening Balance,Western Consolidated Technologies,,10544,10544,49680,#N/A,WCT HQ,LB,,0.00092,,4Z,,E1-RAW,4/30/2025,,27.25
,6986 Valuation Adjustments,8/27/2024,,Opening Balance,Western Consolidated Technologies,,10545,10545,49681,#N/A,WCT HQ,FT,,12.03,,4Z,,E1-RAW,4/30/2025,,6.03
,6987 Valuation Adjustments,8/15/2024,,Opening Balance,Western Consolidated Technologies,,10546,10546,49682,#N/A,WCT HQ,FT,,30.67741,,4Z,,E1-RAW,4/30/2025,,14.074
,6988 Valuation Adjustments,8/30/2024,,Opening Balance,Western Consolidated Technologies,,10549,10549,49685,#N/A,WCT HQ,LB,,17.59,,4Z,,E1-RAW,4/30/2025,,13
,6989 Valuation Adjustments,11/27/2024,,Opening Balance,Western Consolidated Technologies,,10550,10550,49686,#N/A,WCT HQ,LB,,15.47,,4Z,,E1-RAW,4/30/2025,,58.01
,6990 Valuation Adjustments,4/14/2025,,Opening Balance,Western Consolidated Technologies,,10551,10551,49687,#N/A,WCT HQ,LB,,16.01,,4Z,,E1-RAW,4/30/2025,,37.57
,6991 Valuation Adjustments,9/24/2019,,Opening Balance,Western Consolidated Technologies,,10553,10553,46525,#N/A,WCT HQ,LB,,24,,4Z,,E1-RAW,4/30/2025,,43.4
,6992 Valuation Adjustments,8/6/2024,,Opening Balance,Western Consolidated Technologies,,10554,10554,46526,#N/A,WCT HQ,FT,,1.2051,,4Z,,E1-RAW,4/30/2025,,27.495
,6993 Valuation Adjustments,12/13/2021,,Opening Balance,Western Consolidated Technologies,,10556,10556,46527,#N/A,WCT HQ,LB,,17.46255,,4Z,,E1-RAW,4/30/2025,,55.7
,6994 Valuation Adjustments,12/2/2024,,Opening Balance,Western Consolidated Technologies,,10560,10560,49688,#N/A,WCT HQ,LB,,20.73,,4Z,,E1-RAW,4/30/2025,,38
,6995 Valuation Adjustments,2/22/2021,,Opening Balance,Western Consolidated Technologies,,10563,10563,46530,#N/A,WCT HQ,LB,,12.18,,4Z,,E1-RAW,4/30/2025,,25.6
,6996 Valuation Adjustments,4/17/2025,,Opening Balance,Western Consolidated Technologies,,10564,10564,49689,#N/A,WCT HQ,FT,,37.6,,4Z,,E1-RAW,4/30/2025,,20.5
,6997 Valuation Adjustments,7/11/2019,,Opening Balance,Western Consolidated Technologies,,10568,10568,49690,#N/A,WCT HQ,FT,,240,,4Z,,E1-RAW,4/30/2025,,0.5
,6998 Valuation Adjustments,1/22/2025,,Opening Balance,Western Consolidated Technologies,,10570,10570,49691,#N/A,WCT HQ,FT,,168,,4Z,,E1-RAW,4/30/2025,,0.5
,6999 Valuation Adjustments,1/23/2023,,Opening Balance,Western Consolidated Technologies,,10573,10573,49692,#N/A,WCT HQ,FT,,12.82,,4Z,,E1-RAW,4/30/2025,,0.83
,7000 Valuation Adjustments,10/17/2024,,Opening Balance,Western Consolidated Technologies,,10580,10580,49693,#N/A,WCT HQ,FT,,82.9,,4Z,,E1-RAW,4/30/2025,,1.54
,7001 Valuation Adjustments,2/15/2022,,Opening Balance,Western Consolidated Technologies,,10592,10592,46539,#N/A,WCT HQ,FT,,15.85,,4Z,,E1-RAW,4/30/2025,,8.25
,7002 Valuation Adjustments,9/4/2024,,Opening Balance,Western Consolidated Technologies,,10593,10593,46540,#N/A,WCT HQ,LB,,12.9,,4Z,,E1-RAW,4/30/2025,,35
,7003 Valuation Adjustments,12/3/2024,,Opening Balance,Western Consolidated Technologies,,10596,10596,49696,#N/A,WCT HQ,FT,,9.63,,4Z,,E1-RAW,4/30/2025,,23.4
,7004 Valuation Adjustments,1/3/2025,,Opening Balance,Western Consolidated Technologies,,10598,10598,49697,#N/A,WCT HQ,FT,,22.17,,4Z,,E1-RAW,4/30/2025,,8
,7005 Valuation Adjustments,3/31/2025,,Opening Balance,Western Consolidated Technologies,,10599,10599,49698,#N/A,WCT HQ,LB,,14.5,,4Z,,E1-RAW,4/30/2025,,787
,7006 Valuation Adjustments,9/13/2024,,Opening Balance,Western Consolidated Technologies,,10601,10601,49699,#N/A,WCT HQ,FT,,10.57,,4Z,,E1-RAW,4/30/2025,,27.251
,7007 Valuation Adjustments,5/29/2019,,Opening Balance,Western Consolidated Technologies,,10604,10604,49702,#N/A,WCT HQ,FT,,9.7,,4Z,,E1-RAW,4/30/2025,,13.51
,7008 Valuation Adjustments,11/6/2023,,Opening Balance,Western Consolidated Technologies,,10610,10610,46551,#N/A,WCT HQ,FT,,50.92481,,4Z,,E1-RAW,4/30/2025,,35.95
,7009 Valuation Adjustments,3/5/2024,,Opening Balance,Western Consolidated Technologies,,10614,10614,50337,50337,WCT HQ,LB,,21.22173,,4Z,,E1-RAW,4/30/2025,,13.93
,7010 Valuation Adjustments,3/14/2022,,Opening Balance,Western Consolidated Technologies,,10615,10615,46554,#N/A,WCT HQ,LB,,17.905,,4Z,,E1-RAW,4/30/2025,,0.1
,7011 Valuation Adjustments,3/31/2025,,Opening Balance,Western Consolidated Technologies,,10618,10618,49706,#N/A,WCT HQ,FT,,7.85,,4Z,,E1-RAW,4/30/2025,,35
,7012 Valuation Adjustments,3/26/2025,,Opening Balance,Western Consolidated Technologies,,10620,10620,49707,#N/A,WCT HQ,LB,,15.96,,4Z,,E1-RAW,4/30/2025,,14
,7013 Valuation Adjustments,4/7/2020,,Opening Balance,Western Consolidated Technologies,,10622,10622,49709,#N/A,WCT HQ,FT,,11.23,,4Z,,E1-RAW,4/30/2025,,8.625
,7014 Valuation Adjustments,4/21/2025,,Opening Balance,Western Consolidated Technologies,,10624,10624,49710,#N/A,WCT HQ,LB,,19.07,,4Z,,E1-RAW,4/30/2025,,3.59
,7015 Valuation Adjustments,4/27/2023,,Opening Balance,Western Consolidated Technologies,,10626,10626,49711,#N/A,WCT HQ,LB,,15.72,,4Z,,E1-RAW,4/30/2025,,298.43
,7016 Valuation Adjustments,4/14/2025,,Opening Balance,Western Consolidated Technologies,,10627,10627,49712,#N/A,WCT HQ,LB,,13.77,,4Z,,E1-RAW,4/30/2025,,9.607
,7017 Valuation Adjustments,3/20/2025,,Opening Balance,Western Consolidated Technologies,,10628,10628,49713,#N/A,WCT HQ,LB,,13.9,,4Z,,E1-RAW,4/30/2025,,86.07
,7018 Valuation Adjustments,3/13/2025,,Opening Balance,Western Consolidated Technologies,,10629,10629,49714,#N/A,WCT HQ,LB,,9.15,,4Z,,E1-RAW,4/30/2025,,152.34
,7019 Valuation Adjustments,4/14/2025,,Opening Balance,Western Consolidated Technologies,,10630,10630,49715,#N/A,WCT HQ,LB,,8,,4Z,,E1-RAW,4/30/2025,,459.95
,7020 Valuation Adjustments,12/8/2023,,Opening Balance,Western Consolidated Technologies,,10634,10634,49716,#N/A,WCT HQ,FT,,0.17543,,4Z,,E1-RAW,4/30/2025,,4.291
,7021 Valuation Adjustments,4/17/2025,,Opening Balance,Western Consolidated Technologies,,10639,10639,49718,#N/A,WCT HQ,LB,,13.74,,4Z,,E1-RAW,4/30/2025,,59.22
,7022 Valuation Adjustments,9/26/2019,,Opening Balance,Western Consolidated Technologies,,10640,10640,49719,#N/A,WCT HQ,FT,,0.96,,4Z,,E1-RAW,4/30/2025,,11.25
,7023 Valuation Adjustments,3/8/2024,,Opening Balance,Western Consolidated Technologies,,10641,10641,49720,#N/A,WCT HQ,FT,,2.1,,4Z,,E1-RAW,4/30/2025,,4.25
,7024 Valuation Adjustments,3/5/2025,,Opening Balance,Western Consolidated Technologies,,10642,10642,49721,#N/A,WCT HQ,LB,,10.97,,4Z,,E1-RAW,4/30/2025,,4.54
,7025 Valuation Adjustments,5/30/2024,,Opening Balance,Western Consolidated Technologies,,10643,10643,49722,#N/A,WCT HQ,LB,,13.62,,4Z,,E1-RAW,4/30/2025,,48.55
,7026 Valuation Adjustments,2/22/2024,,Opening Balance,Western Consolidated Technologies,,10649,10649,49724,#N/A,WCT HQ,FT,,35.49,,4Z,,E1-RAW,4/30/2025,,0.001
,7027 Valuation Adjustments,4/17/2025,,Opening Balance,Western Consolidated Technologies,,10651,10651,49725,#N/A,WCT HQ,FT,,9.26,,4Z,,E1-RAW,4/30/2025,,56.9
,7028 Valuation Adjustments,4/16/2025,,Opening Balance,Western Consolidated Technologies,,10652,10652,46585,#N/A,WCT HQ,LB,,9.89,,4Z,,E1-RAW,4/30/2025,,115.77
,7029 Valuation Adjustments,4/17/2025,,Opening Balance,Western Consolidated Technologies,,10653,10653,49726,#N/A,WCT HQ,LB,,11.12,,4Z,,E1-RAW,4/30/2025,,66.1
,7030 Valuation Adjustments,4/17/2025,,Opening Balance,Western Consolidated Technologies,,10654,10654,49727,#N/A,WCT HQ,LB,,13.34,,4Z,,E1-RAW,4/30/2025,,19.414
,7031 Valuation Adjustments,11/12/2021,,Opening Balance,Western Consolidated Technologies,,10657,10657,49729,#N/A,WCT HQ,LB,,11.1,,4Z,,E1-RAW,4/30/2025,,250
,7032 Valuation Adjustments,1/27/2022,,Opening Balance,Western Consolidated Technologies,,10659,10659,49731,#N/A,WCT HQ,LB,,18.86,,4Z,,E1-RAW,4/30/2025,,27.46
,7033 Valuation Adjustments,8/1/2022,,Opening Balance,Western Consolidated Technologies,,10661,10661,49733,#N/A,WCT HQ,FT,,1.78,,4Z,,E1-RAW,4/30/2025,,17.5
,7034 Valuation Adjustments,5/12/2022,,Opening Balance,Western Consolidated Technologies,,10662,10662,49734,#N/A,WCT HQ,FT,,7.2,,4Z,,E1-RAW,4/30/2025,,21.25
,7035 Valuation Adjustments,6/1/2022,,Opening Balance,Western Consolidated Technologies,,10663,10663,49735,#N/A,WCT HQ,FT,,10.5,,4Z,,E1-RAW,4/30/2025,,80.5
,7036 Valuation Adjustments,4/9/2025,,Opening Balance,Western Consolidated Technologies,,10667,10667,49738,#N/A,WCT HQ,LB,,10.92,,4Z,,E1-RAW,4/30/2025,,153
,7037 Valuation Adjustments,4/8/2025,,Opening Balance,Western Consolidated Technologies,,10668,10668,49739,#N/A,WCT HQ,LB,,12.51,,4Z,,E1-RAW,4/30/2025,,18.66
,7038 Valuation Adjustments,6/29/2022,,Opening Balance,Western Consolidated Technologies,,10669,10669,49740,#N/A,WCT HQ,FT,,1.07,,4Z,,E1-RAW,4/30/2025,,10.06
,7039 Valuation Adjustments,1/30/2025,,Opening Balance,Western Consolidated Technologies,,10670,10670,49741,#N/A,WCT HQ,FT,,1.75,,4Z,,E1-RAW,4/30/2025,,5
,7040 Valuation Adjustments,3/24/2025,,Opening Balance,Western Consolidated Technologies,,10671,10671,49742,#N/A,WCT HQ,LB,,12.18,,4Z,,E1-RAW,4/30/2025,,106.84
,7041 Valuation Adjustments,3/28/2025,,Opening Balance,Western Consolidated Technologies,,10672,10672,49743,#N/A,WCT HQ,LB,,10.48,,4Z,,E1-RAW,4/30/2025,,154.57
,7042 Valuation Adjustments,12/30/2024,,Opening Balance,Western Consolidated Technologies,,10674,10674,49745,#N/A,WCT HQ,LB,,11.3,,4Z,,E1-RAW,4/30/2025,,50.03
,7043 Valuation Adjustments,12/5/2024,,Opening Balance,Western Consolidated Technologies,,10675,10675,49746,#N/A,WCT HQ,LB,,10.5,,4Z,,E1-RAW,4/30/2025,,20.13
,7044 Valuation Adjustments,4/25/2025,,Opening Balance,Western Consolidated Technologies,,10677,10677,49747,#N/A,WCT HQ,LB,,16.41,,4Z,,E1-RAW,4/30/2025,,0.12
,7045 Valuation Adjustments,4/9/2025,,Opening Balance,Western Consolidated Technologies,,10678,10678,49748,#N/A,WCT HQ,LB,,13.84,,4Z,,E1-RAW,4/30/2025,,2.5
,7046 Valuation Adjustments,12/12/2024,,Opening Balance,Western Consolidated Technologies,,10679,10679,49749,#N/A,WCT HQ,LB,,10.56,,4Z,,E1-RAW,4/30/2025,,65
,7047 Valuation Adjustments,4/10/2025,,Opening Balance,Western Consolidated Technologies,,10680,10680,49750,#N/A,WCT HQ,LB,,11.9,,4Z,,E1-RAW,4/30/2025,,6.72
,7048 Valuation Adjustments,4/21/2025,,Opening Balance,Western Consolidated Technologies,,10681,10681,49751,#N/A,WCT HQ,LB,,16.08,,4Z,,E1-RAW,4/30/2025,,4.17
,7049 Valuation Adjustments,3/5/2025,,Opening Balance,Western Consolidated Technologies,,10683,10683,49753,#N/A,WCT HQ,LB,,12.91,,4Z,,E1-RAW,4/30/2025,,80
,7050 Valuation Adjustments,4/22/2025,,Opening Balance,Western Consolidated Technologies,,10684,10684,49754,#N/A,WCT HQ,LB,,17.05,,4Z,,E1-RAW,4/30/2025,,316.87
,7051 Valuation Adjustments,11/10/2023,,Opening Balance,Western Consolidated Technologies,,10686,10686,49756,#N/A,WCT HQ,LB,,15.62,,4Z,,E1-RAW,4/30/2025,,42.87
,7052 Valuation Adjustments,7/16/2024,,Opening Balance,Western Consolidated Technologies,,10687,10687,49757,#N/A,WCT HQ,LB,,13.97,,4Z,,E1-RAW,4/30/2025,,21.65
,7053 Valuation Adjustments,9/13/2023,,Opening Balance,Western Consolidated Technologies,,10688,10688,49758,#N/A,WCT HQ,LB,,11.34,,4Z,,E1-RAW,4/30/2025,,166.15
,7054 Valuation Adjustments,10/11/2024,,Opening Balance,Western Consolidated Technologies,,10689,10689,49759,#N/A,WCT HQ,FT,,1.65,,4Z,,E1-RAW,4/30/2025,,30
,7055 Valuation Adjustments,3/24/2025,,Opening Balance,Western Consolidated Technologies,,10690,10690,49760,#N/A,WCT HQ,LB,,10.32,,4Z,,E1-RAW,4/30/2025,,42.23
,7056 Valuation Adjustments,4/25/2025,,Opening Balance,Western Consolidated Technologies,,10691,10691,49761,#N/A,WCT HQ,LB,,10.26,,4Z,,E1-RAW,4/30/2025,,315.66
,7057 Valuation Adjustments,3/5/2025,,Opening Balance,Western Consolidated Technologies,,10692,10692,49762,#N/A,WCT HQ,LB,,15.35,,4Z,,E1-RAW,4/30/2025,,40.41
,7058 Valuation Adjustments,4/9/2025,,Opening Balance,Western Consolidated Technologies,,10693,10693,49763,#N/A,WCT HQ,LB,,12.75,,4Z,,E1-RAW,4/30/2025,,42.667
,7059 Valuation Adjustments,3/19/2025,,Opening Balance,Western Consolidated Technologies,,10694,10694,49764,#N/A,WCT HQ,LB,,20,,4Z,,E1-RAW,4/30/2025,,4.707
,7060 Valuation Adjustments,9/20/2023,,Opening Balance,Western Consolidated Technologies,,10695,10695,49765,#N/A,WCT HQ,LB,,10.61,,4Z,,E1-RAW,4/30/2025,,26.92
,7061 Valuation Adjustments,2/20/2025,,Opening Balance,Western Consolidated Technologies,,10696,10696,49766,#N/A,WCT HQ,LB,,13.85,,4Z,,E1-RAW,4/30/2025,,67.77
,7062 Valuation Adjustments,8/19/2024,,Opening Balance,Western Consolidated Technologies,,10697,10697,46628,#N/A,WCT HQ,LB,,10.95,,4Z,,E1-RAW,4/30/2025,,492.5
,7063 Valuation Adjustments,4/25/2025,,Opening Balance,Western Consolidated Technologies,,10701,10701,46630,#N/A,WCT HQ,LB,,10.05199,,4Z,,E1-RAW,4/30/2025,,1181.325
,7064 Valuation Adjustments,4/22/2025,,Opening Balance,Western Consolidated Technologies,,10702,10702,49769,#N/A,WCT HQ,LB,,10.37001,,4Z,,E1-RAW,4/30/2025,,661.18
,7065 Valuation Adjustments,5/20/2024,,Opening Balance,Western Consolidated Technologies,,10703,10703,46606,#N/A,WCT HQ,LB,,10.6,,4Z,,E1-RAW,4/30/2025,,4.4
,7066 Valuation Adjustments,1/17/2024,,Opening Balance,Western Consolidated Technologies,,10704,10704,49770,#N/A,WCT HQ,LB,,11.7,,4Z,,E1-RAW,4/30/2025,,55.13
,7067 Valuation Adjustments,12/20/2023,,Opening Balance,Western Consolidated Technologies,,10705,10705,49771,#N/A,WCT HQ,LB,,16.67,,4Z,,E1-RAW,4/30/2025,,19.24
,7068 Valuation Adjustments,1/23/2024,,Opening Balance,Western Consolidated Technologies,,10706,10706,49772,#N/A,WCT HQ,FT,,610.24,,4Z,,E1-RAW,4/30/2025,,0.157
,7069 Valuation Adjustments,2/17/2025,,Opening Balance,Western Consolidated Technologies,,10710,10710,49776,#N/A,WCT HQ,LB,,14.9003,,4Z,,E1-RAW,4/30/2025,,394.7
,7070 Valuation Adjustments,8/14/2024,,Opening Balance,Western Consolidated Technologies,,10711,10711,49777,#N/A,WCT HQ,LB,,8.76,,4Z,,E1-RAW,4/30/2025,,22.42
,7071 Valuation Adjustments,4/10/2025,,Opening Balance,Western Consolidated Technologies,,10712,10712,49778,#N/A,WCT HQ,FT,,0.55,,4Z,,E1-RAW,4/30/2025,,66
,7072 Valuation Adjustments,12/16/2024,,Opening Balance,Western Consolidated Technologies,,10714,10714,49780,#N/A,WCT HQ,LB,,16.01,,4Z,,E1-RAW,4/30/2025,,38.93
,7073 Valuation Adjustments,7/29/2024,,Opening Balance,Western Consolidated Technologies,,10715,10715,49781,#N/A,WCT HQ,LB,,15.15,,4Z,,E1-RAW,4/30/2025,,39.48
,7074 Valuation Adjustments,4/10/2025,,Opening Balance,Western Consolidated Technologies,,10716,10716,49782,#N/A,WCT HQ,LB,,14.58,,4Z,,E1-RAW,4/30/2025,,50.82
,7075 Valuation Adjustments,3/11/2025,,Opening Balance,Western Consolidated Technologies,,10717,10717,49783,#N/A,WCT HQ,LB,,9.88,,4Z,,E1-RAW,4/30/2025,,44.33
,7076 Valuation Adjustments,3/27/2025,,Opening Balance,Western Consolidated Technologies,,10720,10720,50351,50351,WCT HQ,LB,,9.57,,4Z,,E1-RAW,4/30/2025,,361.49
,7077 Valuation Adjustments,4/3/2025,,Opening Balance,Western Consolidated Technologies,,10722,10722,50353,50353,WCT HQ,LB,,9.44,,4Z,,E1-RAW,4/30/2025,,5
,7078 Valuation Adjustments,3/1/2025,,Opening Balance,Western Consolidated Technologies,,10723,10723,46389,#N/A,WCT HQ,LB,,13.16,,4Z,,E1-RAW,4/30/2025,,13.6
,7079 Valuation Adjustments,3/19/2025,,Opening Balance,Western Consolidated Technologies,,10726,10726,50357,50357,WCT HQ,LB,,11.37,,4Z,,E1-RAW,4/30/2025,,37
,7080 Valuation Adjustments,3/28/2025,,Opening Balance,Western Consolidated Technologies,,26613,26613,50372,50372,WCT HQ,LB,,5.5,,JI,,E1-RAW,4/30/2025,,64.5
,7081 Valuation Adjustments,4/21/2025,,Opening Balance,Western Consolidated Technologies,,2667,2667,49543,#N/A,WCT HQ,LB,,3.25,,JI,,E1-RAW,4/30/2025,,3851
,7082 Valuation Adjustments,3/25/2025,,Opening Balance,Western Consolidated Technologies,,26701,26701,50375,50375,WCT HQ,LB,,4.9,,JI,,E1-RAW,4/30/2025,,476
,7083 Valuation Adjustments,4/8/2025,,Opening Balance,Western Consolidated Technologies,,2674,2674,49544,#N/A,WCT HQ,LB,,2.603,,JI,,E1-RAW,4/30/2025,,200
,7084 Valuation Adjustments,2/13/2025,,Opening Balance,Western Consolidated Technologies,,30617,30617,49952,#N/A,WCT HQ,LB,,23.27,,JI,,E1-RAW,4/30/2025,,28
,7085 Valuation Adjustments,4/24/2025,,Opening Balance,Western Consolidated Technologies,,3852,3852,49549,#N/A,WCT HQ,LB,,2.177,,JI,,E1-RAW,4/30/2025,,71
,7086 Valuation Adjustments,4/4/2025,,Opening Balance,Western Consolidated Technologies,,4629,4629,49557,#N/A,WCT HQ,LB,,4.22,,JI,,E1-RAW,4/30/2025,,1073
,7087 Valuation Adjustments,4/21/2025,,Opening Balance,Western Consolidated Technologies,,4664,4664,49559,#N/A,WCT HQ,LB,,3.88,,JI,,E1-RAW,4/30/2025,,77
,7088 Valuation Adjustments,4/24/2025,,Opening Balance,Western Consolidated Technologies,,4766,4766,46733,#N/A,WCT HQ,LB,,3.89,,JI,,E1-RAW,4/30/2025,,272
,7089 Valuation Adjustments,4/10/2025,,Opening Balance,Western Consolidated Technologies,,5912,5912,49586,#N/A,WCT HQ,LB,,5.57,,JI,,E1-RAW,4/30/2025,,84
,7090 Valuation Adjustments,4/24/2025,,Opening Balance,Western Consolidated Technologies,,72718,72718,49785,49540,WCT HQ,PC,,0.00001,,4Z,,E1-RAW,4/30/2025,,5425
,7091 Valuation Adjustments,4/14/2025,,Opening Balance,Western Consolidated Technologies,,72878,72878,49786,49539,WCT HQ,PC,,0.0001,,4Z,,E1-RAW,4/30/2025,,841
,7092 Valuation Adjustments,3/11/2022,,Opening Balance,Western Consolidated Technologies,,74003,74003,50422,50422,WCT HQ,FT,,0.00015,,4Z,,E1-RAW,4/30/2025,,5.58
,7093 Valuation Adjustments,7/24/2019,,Opening Balance,Western Consolidated Technologies,,74013,74013,#N/A,#N/A,WCT HQ,PC,,0.00023,,4Z,,E1-RAW,4/30/2025,,0.75
,7094 Valuation Adjustments,7/24/2019,,Opening Balance,Western Consolidated Technologies,,74015,74015,#N/A,#N/A,WCT HQ,PC,,0.001,,4Z,,E1-RAW,4/30/2025,,0.5
,7095 Valuation Adjustments,5/28/2020,,Opening Balance,Western Consolidated Technologies,,74037,74037,50452,50452,WCT HQ,FT,,0.00007,,4Z,,E1-RAW,4/30/2025,,38
,7096 Valuation Adjustments,3/11/2025,,Opening Balance,Western Consolidated Technologies,,8763,8763,49592,#N/A,WCT HQ,LB,,3.36,,JI,,E1-RAW,4/30/2025,,87
,7097 Valuation Adjustments,12/13/2018,,Opening Balance,Western Consolidated Technologies,,90801,90801,50427,50427,WCT HQ,EA,,0.025,,4Z,,E1-RAW,4/30/2025,,5183
,7098 Valuation Adjustments,7/28/2009,,Opening Balance,Western Consolidated Technologies,,92028,92028,50428,50428,WCT HQ,EA,,1.276,,4Z,,E1-RAW,4/30/2025,,82
,7099 Valuation Adjustments,12/16/2020,,Opening Balance,Western Consolidated Technologies,,92836,92836,46786,#N/A,WCT HQ,EA,,0.26809,,4Z,,E1-RAW,4/30/2025,,6
,7100 Valuation Adjustments,12/27/2024,,Opening Balance,Western Consolidated Technologies,,92847,92847,50567,50567,WCT HQ,PC,,0.0001,,4Z,,E1-RAW,4/30/2025,,83
,7101 Valuation Adjustments,3/7/2016,,Opening Balance,Western Consolidated Technologies,,93301,93301,53087,53087,WCT HQ,PC,,0.0004,,SP,,E1-RAW,4/30/2025,,444
,7102 Valuation Adjustments,11/23/2021,,Opening Balance,Western Consolidated Technologies,,93372,93372,50560,#N/A,WCT HQ,PC,,1.84,,4Z,,E1-RAW,4/30/2025,,41.99
,7103 Valuation Adjustments,11/16/2022,,Opening Balance,Western Consolidated Technologies,,93413,93413,50561,#N/A,WCT HQ,PC,,1.36,,4Z,,E1-RAW,4/30/2025,,215
,7104 Valuation Adjustments,10/30/2024,,Opening Balance,Western Consolidated Technologies,,93569,93569,46794,#N/A,WCT HQ,EA,,1.12,,4Z,,E1-RAW,4/30/2025,,63
,7105 Valuation Adjustments,3/29/2018,,Opening Balance,Western Consolidated Technologies,,93806,93806,#N/A,#N/A,WCT HQ,PC,,2.49,,4Z,,E1-RAW,4/30/2025,,1
,7106 Valuation Adjustments,12/11/2024,,Opening Balance,Western Consolidated Technologies,,93847,93847,49541,49541,WCT HQ,PC,,8.2,,4Z,,E1-RAW,4/30/2025,,41
,7107 Valuation Adjustments,9/21/2022,,Opening Balance,Western Consolidated Technologies,,94266,94266,50430,50430,WCT HQ,EA,,4.21,,4Z,,E1-RAW,4/30/2025,,22
,7108 Valuation Adjustments,3/5/2025,,Opening Balance,Western Consolidated Technologies,,9562,9562,49596,#N/A,WCT HQ,LB,,3.39,,JI,,E1-RAW,4/30/2025,,57
,7109 Valuation Adjustments,4/25/2025,,Opening Balance,Western Consolidated Technologies,,9765,9765,49602,#N/A,WCT HQ,LB,,3.03299,,JI,,E1-RAW,4/30/2025,,132
,7110 Valuation Adjustments,3/12/2025,,Opening Balance,Western Consolidated Technologies,,WSNC137100150D-PGX25R,WSNC137100150D-PGX25R,49144,49144,WCT HQ,EA,,2.3322,,NC,,E1-FG,4/30/2025,,36
,7111 Valuation Adjustments,5/24/2024,,Opening Balance,Western Consolidated Technologies,,WFFB160126017Q-PCG10K,WFFB160126017Q-PCG10K,49146,49146,WCT HQ,EA,,0.2271,,FB,,E1-FG,4/30/2025,,390
,7112 Valuation Adjustments,1/8/2024,,Opening Balance,Western Consolidated Technologies,,WSOR094088010D-DV100N,WSOR094088010D-DV100N,49148,49148,WCT HQ,EA,,0.23151,,OR,,E1-FG,4/30/2025,,280
,7113 Valuation Adjustments,9/5/2023,,Opening Balance,Western Consolidated Technologies,,WPOT173160008D-PGX15B,WPOT173160008D-PGX15B,49149,49149,WCT HQ,EA,,0.1557,,OT,,E1-FG,4/30/2025,,564
,7114 Valuation Adjustments,4/14/2025,,Opening Balance,Western Consolidated Technologies,,82878,82878,51626,51626,WCT HQ,EA,,0.52438,,MP,,E1-RAW,4/30/2025,,94
,7115 Valuation Adjustments,3/31/2025,,Opening Balance,Western Consolidated Technologies,,83056,83056,51652,51652,WCT HQ,EA,,0.26585,,MP,,E1-RAW,4/30/2025,,67
,7116 Valuation Adjustments,2/27/2014,,Opening Balance,Western Consolidated Technologies,,83473,83473,51821,51821,WCT HQ,EA,,1.89438,,MP,,E1-RAW,4/30/2025,,197
,7117 Valuation Adjustments,10/25/2023,,Opening Balance,Western Consolidated Technologies,,73905.F,73905.F,51903,51903,WCT HQ,PC,,0.24259,,MP,,E1-RAW,4/30/2025,,26
,7118 Valuation Adjustments,10/25/2023,,Opening Balance,Western Consolidated Technologies,,73905.MF,73905.MF,53109,53109,WCT HQ,PC,,0.24259,,MP,,E1-RAW,4/30/2025,,21
,7119 Valuation Adjustments,8/20/2021,,Opening Balance,Western Consolidated Technologies,,74146,74146,53085,53085,WCT HQ,PC,,0.01,,MP,,E1-RAW,4/30/2025,,0.5
,7120 Valuation Adjustments,2/26/2024,,Opening Balance,Western Consolidated Technologies,,SR-21670.307,SR-21670.307,#N/A,#N/A,WCT HQ,EA,,0.11962,,SA,,E3-QCHOLD,4/30/2025,,421
,7121 Valuation Adjustments,2/13/2024,,Opening Balance,Western Consolidated Technologies,,SR-22162.538,SR-22162.538,52809,52809,WCT HQ,EA,,0.02319,,PT,,E3-QCHOLD,4/30/2025,,124
,7122 Valuation Adjustments,4/9/2024,,Opening Balance,Western Consolidated Technologies,,SR-22194.707,SR-22194.707,52837,52837,WCT HQ,EA,,0.29224,,SL,,E3-QCHOLD,4/30/2025,,88
,7123 Valuation Adjustments,7/31/2024,,Opening Balance,Western Consolidated Technologies,,SR-23648.715,SR-23648.715,52848,52848,WCT HQ,EA,,0.02424,,NC,,E3-QCHOLD,4/30/2025,,113
,7124 Valuation Adjustments,2/22/2024,,Opening Balance,Western Consolidated Technologies,,SR-24014.538,SR-24014.538,#N/A,#N/A,WCT HQ,EA,,0.0701,,SM,,E3-QCHOLD,4/30/2025,,144
,7125 Valuation Adjustments,2/21/2024,,Opening Balance,Western Consolidated Technologies,,SR-24096.697,SR-24096.697,52800,52800,WCT HQ,EA,,0.06767,,PT,,E3-QCHOLD,4/30/2025,,221
,7126 Valuation Adjustments,1/7/2020,,Opening Balance,Western Consolidated Technologies,,1-59,1-59,52387,52387,WCT HQ,PC,,0.10333,,JA,,E3-PPAPS,4/30/2025,,115
,7127 Valuation Adjustments,2/3/2021,,Opening Balance,Western Consolidated Technologies,,WPBR162161009Q-TGX15W,WPBR162161009Q-TGX15W,29679,29679,WCT HQ,EA,,1.37435,,BR,,E3-PPAPS,4/30/2025,,50
,7128 Valuation Adjustments,4/25/2025,,Opening Balance,Western Consolidated Technologies,,WPBR141139009Q-TGX15W,WPBR141139009Q-TGX15W,29694,29694,WCT HQ,EA,,1.26684,,BR,,E3-QCHOLD,4/30/2025,,36
,7129 Valuation Adjustments,2/5/2025,,Opening Balance,Western Consolidated Technologies,,WPOT162156018Q-PXX00W,WPOT162156018Q-PXX00W,29698,29698,WCT HQ,EA,,0.16393,,NC,,E3-PPAPS,4/30/2025,,50
,7130 Valuation Adjustments,10/2/2024,,Opening Balance,Western Consolidated Technologies,,WSLD481453018Q-PGX15W,WSLD481453018Q-PGX15W,29703,29703,WCT HQ,EA,,1.44675,,LD,,E3-PPAPS,4/30/2025,,50
,7131 Valuation Adjustments,3/18/2024,,Opening Balance,Western Consolidated Technologies,,WPSM235223009Q-PGX15W,WPSM235223009Q-PGX15W,29704,29704,WCT HQ,EA,,0.10521,,SM,,E3-PPAPS,4/30/2025,,117
,7132 Valuation Adjustments,3/21/2025,,Opening Balance,Western Consolidated Technologies,,WPBR158157009Q-TGX15W,WPBR158157009Q-TGX15W,29705,29705,WCT HQ,EA,,1.35424,,BR,,E3-QCHOLD,4/30/2025,,7
,7133 Valuation Adjustments,10/2/2024,,Opening Balance,Western Consolidated Technologies,,WSMP950893018Q-PGX15W,WSMP950893018Q-PGX15W,29722,29722,WCT HQ,EA,,3.14697,,MP,,E3-PPAPS,4/30/2025,,1
,7134 Valuation Adjustments,2/27/2024,,Opening Balance,Western Consolidated Technologies,,WPSM200188009D-PGX15W,WPSM200188009D-PGX15W,29726,29726,WCT HQ,EA,,0.09022,,SM,,E3-PPAPS,4/30/2025,,167
,7135 Valuation Adjustments,4/9/2024,,Opening Balance,Western Consolidated Technologies,,WPBR121120090Q-TGX15W,WPBR121120090Q-TGX15W,29736,29736,WCT HQ,EA,,16.33859,,BR,,E3-PPAPS,4/30/2025,,1
,7136 Valuation Adjustments,4/17/2025,,Opening Balance,Western Consolidated Technologies,,WPSA051039005Q-PXX00W,WPSA051039005Q-PXX00W,29897,29897,WCT HQ,EA,,0.03099,,SA,,E3-PPAPS,4/30/2025,,116
,7137 Valuation Adjustments,4/4/2025,,Opening Balance,Western Consolidated Technologies,,WPSM134110008Q-PXX00W,WPSM134110008Q-PXX00W,29942,29942,WCT HQ,EA,,0.0704,,SM,,E3-PPAPS,4/30/2025,,869
,7138 Valuation Adjustments,11/15/2024,,Opening Balance,Western Consolidated Technologies,,WSMP566538018Q-PGX15W,WSMP566538018Q-PGX15W,29968,29968,WCT HQ,EA,,1.7791,,MP,,E3-PPAPS,4/30/2025,,55
,7139 Valuation Adjustments,9/19/2024,,Opening Balance,Western Consolidated Technologies,,WPOT226203018Q-PGX25K,WPOT226203018Q-PGX25K,29969,29969,WCT HQ,EA,,0.55076,,SM,,E3-PPAPS,4/30/2025,,65
,7140 Valuation Adjustments,4/11/2025,,Opening Balance,Western Consolidated Technologies,,WPOT326303017Q-PGX25K,WPOT326303017Q-PGX25K,29970,29970,WCT HQ,EA,,0.62446,,NC,,E3-PPAPS,4/30/2025,,151
,7141 Valuation Adjustments,3/18/2025,,Opening Balance,Western Consolidated Technologies,,WPSM309297009Q-PGX15W,WPSM309297009Q-PGX15W,29980,29980,WCT HQ,EA,,0.12351,,SM,,E3-PPAPS,4/30/2025,,50
,7142 Valuation Adjustments,4/10/2025,,Opening Balance,Western Consolidated Technologies,,WSSL199149023D-MXX00W,WSSL199149023D-MXX00W,31561,31561,WCT HQ,EA,,0.43827,,SL,,E3-QCHOLD,4/30/2025,,1600
,7143 Valuation Adjustments,6/7/2024,,Opening Balance,Western Consolidated Technologies,,WSMP250224259D-PXX00W,WSMP250224259D-PXX00W,31796,31796,WCT HQ,EA,,5.76184,,MP,,E3-QCHOLD,4/30/2025,,16
,7144 Valuation Adjustments,12/4/2017,,Opening Balance,Western Consolidated Technologies,,WFFB125097020Q-PXX00W,WFFB125097020Q-PXX00W,32355,32355,WCT HQ,EA,,0.189,,FB,,E3-PPAPS,4/30/2025,,5050
,7145 Valuation Adjustments,3/15/2017,,Opening Balance,Western Consolidated Technologies,,23453,23453,51815,51815,WCT HQ,EA,,0.32434,,NC,,E3-PPAPS,4/30/2025,,1089
,7146 Valuation Adjustments,9/10/2024,,Opening Balance,Western Consolidated Technologies,,WPOT087072004D-PGX15W,WPOT087072004D-PGX15W,32561,32561,WCT HQ,EA,,0.06413,,OT,,E3-PPAPS,4/30/2025,,282
,7147 Valuation Adjustments,11/11/2024,,Opening Balance,Western Consolidated Technologies,,WSNC068062007D-MFX15N,WSNC068062007D-MFX15N,32736,32736,WCT HQ,EA,,0.09302,,NC,,E3-QCHOLD,4/30/2025,,678
,7148 Valuation Adjustments,8/16/2024,,Opening Balance,Western Consolidated Technologies,,WSMP562407035Q-PSX50S,WSMP562407035Q-PSX50S,32780,32780,WCT HQ,EA,,12.9294,,MP,,E3-PPAPS,4/30/2025,,35
,7149 Valuation Adjustments,3/8/2023,,Opening Balance,Western Consolidated Technologies,,WSNC109099017Q-MXX00T,WSNC109099017Q-MXX00T,32809,32809,WCT HQ,EA,,0.36865,,NC,,E3-PPAPS,4/30/2025,,105
,7150 Valuation Adjustments,10/14/2024,,Opening Balance,Western Consolidated Technologies,,WPOT094080003Q-PXX00W,WPOT094080003Q-PXX00W,32885,32885,WCT HQ,EA,,0.05561,,OT,,E3-PPAPS,4/30/2025,,327
,7151 Valuation Adjustments,12/2/2024,,Opening Balance,Western Consolidated Technologies,,WSMP183155012D-MXX00T,WSMP183155012D-MXX00T,32923,32923,WCT HQ,EA,,1.09211,,MP,,E3-QCHOLD,4/30/2025,,20
,7152 Valuation Adjustments,12/6/2024,,Opening Balance,Western Consolidated Technologies,,WPSS164149009S-PZF30N,WPSS164149009S-PZF30N,33312,33312,WCT HQ,EA,,0.16054,,SS,,E3-QCHOLD,4/30/2025,,945
,7153 Valuation Adjustments,2/28/2025,,Opening Balance,Western Consolidated Technologies,,WPOS132120009S-PZF30N,WPOS132120009S-PZF30N,33365,33365,WCT HQ,EA,,0.18863,,OS,,E3-QCHOLD,4/30/2025,,5900
,7154 Valuation Adjustments,6/3/2024,,Opening Balance,Western Consolidated Technologies,,WPSS238220009B-PZF30N,WPSS238220009B-PZF30N,33366,33366,WCT HQ,EA,,0.19649,,SS,,E3-QCHOLD,4/30/2025,,27
,7155 Valuation Adjustments,2/28/2025,,Opening Balance,Western Consolidated Technologies,,WPOT285270008D-PSC30E,WPOT285270008D-PSC30E,33388,33388,WCT HQ,EA,,0.3973,,NC,,E3-QCHOLD,4/30/2025,,22
,7156 Valuation Adjustments,8/23/2024,,Opening Balance,Western Consolidated Technologies,,24392,24392,52017,52017,WCT HQ,EA,,0.23877,,OS,,E3-QCHOLD,4/30/2025,,86
,7157 Valuation Adjustments,4/4/2025,,Opening Balance,Western Consolidated Technologies,,24398,24398,52027,52027,WCT HQ,EA,,0.13135,,OS,,E3-QCHOLD,4/30/2025,,119
,7158 Valuation Adjustments,9/20/2024,,Opening Balance,Western Consolidated Technologies,,24406,24406,52044,52044,WCT HQ,EA,,0.13725,,OS,,E3-QCHOLD,4/30/2025,,60
,7159 Valuation Adjustments,11/27/2024,,Opening Balance,Western Consolidated Technologies,,24418,24418,52066,52066,WCT HQ,EA,,0.1688,,MP,,E3-QCHOLD,4/30/2025,,89
,7160 Valuation Adjustments,11/27/2024,,Opening Balance,Western Consolidated Technologies,,24419,24419,52068,52068,WCT HQ,EA,,0.16268,,MP,,E3-QCHOLD,4/30/2025,,96
,7161 Valuation Adjustments,10/24/2024,,Opening Balance,Western Consolidated Technologies,,24420,24420,52070,52070,WCT HQ,EA,,0.2693,,OS,,E3-QCHOLD,4/30/2025,,30
,7162 Valuation Adjustments,11/14/2024,,Opening Balance,Western Consolidated Technologies,,24430,24430,52087,52087,WCT HQ,EA,,0.13775,,OS,,E3-QCHOLD,4/30/2025,,50
,7163 Valuation Adjustments,2/3/2025,,Opening Balance,Western Consolidated Technologies,,24440,24440,52131,52131,WCT HQ,EA,,0.43073,,NC,,E3-QCHOLD,4/30/2025,,4776
,7164 Valuation Adjustments,9/20/2024,,Opening Balance,Western Consolidated Technologies,,94356,94356,51989,51989,WCT HQ,EA,,4.93791,,MP,,E3-QCHOLD,4/30/2025,,11
,7165 Valuation Adjustments,9/20/2024,,Opening Balance,Western Consolidated Technologies,,94357,94357,51990,51990,WCT HQ,EA,,11.3373,,MP,,E3-QCHOLD,4/30/2025,,13
,7166 Valuation Adjustments,4/25/2025,,Opening Balance,Western Consolidated Technologies,,10307,10307,49631,#N/A,WCT HQ,LB,,13.06,,4Z,,E3-QCHOLD,4/30/2025,,35
,7167 Valuation Adjustments,3/11/2025,,Opening Balance,Western Consolidated Technologies,,10441,10441,49658,#N/A,WCT HQ,LB,,19.35,,4Z,,E3-QCHOLD,4/30/2025,,49.12
,7168 Valuation Adjustments,4/25/2025,,Opening Balance,Western Consolidated Technologies,,10500,10500,49665,#N/A,WCT HQ,LB,,12.87,,4Z,,E3-QCHOLD,4/30/2025,,365.58
,7169 Valuation Adjustments,4/25/2025,,Opening Balance,Western Consolidated Technologies,,10528,10528,49672,#N/A,WCT HQ,LB,,9.5,,4Z,,E3-QCHOLD,4/30/2025,,1038.72
,7170 Valuation Adjustments,4/14/2025,,Opening Balance,Western Consolidated Technologies,,10630,10630,49715,#N/A,WCT HQ,LB,,8,,4Z,,E3-QCHOLD,4/30/2025,,33
,7171 Valuation Adjustments,4/17/2025,,Opening Balance,Western Consolidated Technologies,,10653,10653,49726,#N/A,WCT HQ,LB,,11.12,,4Z,,E3-QCHOLD,4/30/2025,,630.05
,7172 Valuation Adjustments,4/9/2025,,Opening Balance,Western Consolidated Technologies,,10693,10693,49763,#N/A,WCT HQ,LB,,12.75,,4Z,,E3-QCHOLD,4/30/2025,,35
,7173 Valuation Adjustments,3/19/2025,,Opening Balance,Western Consolidated Technologies,,10726,10726,50357,50357,WCT HQ,LB,,11.37,,4Z,,E3-QCHOLD,4/30/2025,,33
,7174 Valuation Adjustments,3/22/2023,,Opening Balance,Western Consolidated Technologies,,26430,26430,50370,50370,WCT HQ,LB,,41.56,,JI,,E3-QCHOLD,4/30/2025,,24
,7175 Valuation Adjustments,9/12/2024,,Opening Balance,Western Consolidated Technologies,,30715,30715,50390,50390,WCT HQ,LB,,33.77,,JI,,E3-QCHOLD,4/30/2025,,130
,7176 Valuation Adjustments,1/6/2025,,Opening Balance,Western Consolidated Technologies,,4822,4822,49572,#N/A,WCT HQ,LB,,3.89,,JI,,E3-QCHOLD,4/30/2025,,98
,7177 Valuation Adjustments,12/12/2024,,Opening Balance,Western Consolidated Technologies,,4962,4962,49575,#N/A,WCT HQ,LB,,4.59,,JI,,E3-QCHOLD,4/30/2025,,105
,7178 Valuation Adjustments,8/23/2024,,Opening Balance,Western Consolidated Technologies,,5462,5462,49578,#N/A,WCT HQ,LB,,4.83,,JI,,E3-QCHOLD,4/30/2025,,184.5
,7179 Valuation Adjustments,12/20/2024,,Opening Balance,Western Consolidated Technologies,,5522,5522,49579,#N/A,WCT HQ,LB,,5.2,,JI,,E3-QCHOLD,4/30/2025,,72
,7180 Valuation Adjustments,12/10/2024,,Opening Balance,Western Consolidated Technologies,,5722,5722,49584,#N/A,WCT HQ,LB,,4.89,,JI,,E3-QCHOLD,4/30/2025,,72
,7181 Valuation Adjustments,9/10/2019,,Opening Balance,Western Consolidated Technologies,,CCM603,CCM603,50060,50060,WCT HQ,LB,,0.125,,4Z,,E5-SAMPLE,4/30/2025,,8
,7182 Valuation Adjustments,11/19/2020,,Opening Balance,Western Consolidated Technologies,,FC 404.3 S5,FC 404.3 S5,#N/A,#N/A,WCT HQ,LB,,0.00029,,4Z,,E5-SAMPLE,4/30/2025,,29.33
,7183 Valuation Adjustments,11/19/2020,,Opening Balance,Western Consolidated Technologies,,FLON-2711,FLON-2711,50094,50094,WCT HQ,LB,,0.0003,,4Z,,E5-SAMPLE,4/30/2025,,27.51
,7184 Valuation Adjustments,8/28/2020,,Opening Balance,Western Consolidated Technologies,,PCI 15 GB/GF FF,PCI 15 GB/GF FF,50108,50108,WCT HQ,LB,,0.00066,,4Z,,E5-SAMPLE,4/30/2025,,15
,7185 Valuation Adjustments,8/13/2024,,Opening Balance,Western Consolidated Technologies,,10266,10266,50216,50216,WCT HQ,LB,,0.00166,,4Z,,E5-SAMPLE,4/30/2025,,58.5
,7186 Valuation Adjustments,3/26/2025,,Opening Balance,Western Consolidated Technologies,,10620,10620,49707,#N/A,WCT HQ,LB,,15.96,,4Z,,E5-SAMPLE,4/30/2025,,9
,7187 Valuation Adjustments,11/3/2016,,Opening Balance,Western Consolidated Technologies,,10364,10364,50251,50251,WCT HQ,FT,,0.63,,4Z,,E8-RAW,4/30/2025,,3
,7188 Valuation Adjustments,7/12/2024,,Opening Balance,Western Consolidated Technologies,,31777,31777,50395,50395,WCT HQ,LB,,11.18,,JI,,E8-RAW,4/30/2025,,171
,7189 Valuation Adjustments,7/9/2024,,Opening Balance,Western Consolidated Technologies,,3412,3412,49547,#N/A,WCT HQ,LB,,1.84,,JI,,E8-RAW,4/30/2025,,61
,7190 Valuation Adjustments,5/13/2024,,Opening Balance,Western Consolidated Technologies,,3776,3776,49548,#N/A,WCT HQ,LB,,3.23,,JI,,E8-RAW,4/30/2025,,223
,7191 Valuation Adjustments,8/2/2024,,Opening Balance,Western Consolidated Technologies,,4726,4726,49566,#N/A,WCT HQ,LB,,4.01,,JI,,E8-RAW,4/30/2025,,74
,7192 Valuation Adjustments,4/8/2025,,Opening Balance,Western Consolidated Technologies,,4751,4751,49568,#N/A,WCT HQ,LB,,5.46,,JI,,E8-RAW,4/30/2025,,94
,7193 Valuation Adjustments,4/3/2025,,Opening Balance,Western Consolidated Technologies,,8562,8562,49590,#N/A,WCT HQ,LB,,3.62,,JI,,E8-RAW,4/30/2025,,16
,7194 Valuation Adjustments,2/22/2024,,Opening Balance,Western Consolidated Technologies,,8612,8612,49591,#N/A,WCT HQ,LB,,3.81,,JI,,E8-RAW,4/30/2025,,38
,7195 Valuation Adjustments,4/16/2024,,Opening Balance,Western Consolidated Technologies,,9622,9622,46800,#N/A,WCT HQ,LB,,6.95,,JI,,E8-RAW,4/30/2025,,24
,7196 Valuation Adjustments,7/18/2024,,Opening Balance,Western Consolidated Technologies,,9665,9665,49597,#N/A,WCT HQ,EA,,3.26,,JI,,E8-RAW,4/30/2025,,81
,7197 Valuation Adjustments,12/12/2024,,Opening Balance,Western Consolidated Technologies,,9714,9714,49599,#N/A,WCT HQ,LB,,4.07,,JI,,E8-RAW,4/30/2025,,247
,7198 Valuation Adjustments,2/18/2025,,Opening Balance,Western Consolidated Technologies,,9862,9862,49604,#N/A,WCT HQ,LB,,3.39,,JI,,E8-RAW,4/30/2025,,34
,7213 Valuation Adjustments,1/28/2025,,Opening Balance,Western Consolidated Technologies,,WSMP205093058O-MXX00W,WSMP205093058O-MXX00W,31815,31815,WCT HQ,EA,,2.76866,,MP,,E9-OUTSRC,4/30/2025,,129
