Bill of Materials,Bill of Materials Id,Revision Name,Memo,Length,Comment
"2 - Slit Tape Internal Use UPVC 3/16"" x 1000Yd",120,"2 - Slit Tape Internal Use UPVC 3/16"" x 1000Yd",,,
124 - Slit Tape d/c PET 20mm x 33m,121,124 - Slit Tape d/c PET 20mm x 33m,,,
"133 - Die Cut Label Silver foil 5"" x 3/4""",122,"133 - Die Cut Label Silver foil 5"" x 3/4""",,,
"192 - Die Cut Part PE face shields 9-7/16"" x 4-3/16""",123,"192 - Die Cut Part PE face shields 9-7/16"" x 4-3/16""",,,
"194 - Die Cut Label Silver foil disks on 3"" cores 2-1/2""",124,"194 - Die Cut Label Silver foil disks on 3"" cores 2-1/2""",,,
"272 - Die Cut Tape Silver foil 3-9/16"" x 3/4""",125,"272 - Die Cut Tape Silver foil 3-9/16"" x 3/4""",,,
"273 - Die Cut Label Silver foil
 4-1/16"" x 3/4""",126,"273 - Die Cut Label Silver foil
 4-1/16"" x 3/4""",,,
"278 - Slit Tape 1 mil Kaneka polyimide film with high temperature Adh. 5/8"" x 60Yd",127,"278 - Slit Tape 1 mil Kaneka polyimide film with high temperature Adh. 5/8"" x 60Yd",,,
"286 - Die Cut Label White Thermal Transfer 6"" x 4""",128,"286 - Die Cut Label White Thermal Transfer 6"" x 4""",,,
322 - Die Cut Tape Silver PET 120mm x 19mm,129,322 - Die Cut Tape Silver PET 120mm x 19mm,,,
461 - Butt Cut Tape d/c PET 19mm x 19mm,130,461 - Butt Cut Tape d/c PET 19mm x 19mm,,,
"519 - Core Liner, Two color with the Strouse Logo and ""The Strouse Corporation"" 3-15/16""",131,"519 - Core Liner, Two color with the Strouse Logo and ""The Strouse Corporation"" 3-15/16""",,,
526 - Fabricated Part d/c PET 16mm x 19mm,132,526 - Fabricated Part d/c PET 16mm x 19mm,,,
"602 - Die Cut Part Checkered Splice Tape PM Code: 345-5412 1"" x 3/4""",133,"602 - Die Cut Part Checkered Splice Tape PM Code: 345-5412 1"" x 3/4""",,,
"618 - Die Cut Part Checkered Splice Tape PM Code: 345-5411 3/4"" x 3/4"" x 36Yd",134,"618 - Die Cut Part Checkered Splice Tape PM Code: 345-5411 3/4"" x 3/4"" x 36Yd",Can use 1.5mil PET liner for the top liner if needed.  Cat# 2347,64,
"760 - Butt Cut Tape Silver splice 3/4"" x 3.73"" x 60Yd",135,"760 - Butt Cut Tape Silver splice 3/4"" x 3.73"" x 60Yd",,,
814 - Slit Tape Premask application tape See Work order,136,814 - Slit Tape Premask application tape See Work order,,,
"847 - Die Cut Label Silver foil 2-1/2"" x 3/4""",137,"847 - Die Cut Label Silver foil 2-1/2"" x 3/4""",,,
"1088 - Tape White Imprintable PET tape printed Yellow, Blue & Black with ""Hydraulic"" 1.936"" x 60Yd",138,"1088 - Tape White Imprintable PET tape printed Yellow, Blue & Black with ""Hydraulic"" 1.936"" x 60Yd",,,
"1200 - Die Cut Label Post-a-Dots 1"" Dia",139,"1200 - Die Cut Label Post-a-Dots 1"" Dia","Slit Post-it to 1-5/8"" on Press; if necessary.

Can use CAT# 12499 for labelstock.",82,
"1226 - Die Cut Label White Thermal Transfer labels 2-1/2"" x 3/4""",140,"1226 - Die Cut Label White Thermal Transfer labels 2-1/2"" x 3/4""",,,
1286 - Tape PP. 48mm x 110Yd,141,1286 - Tape PP. 48mm x 110Yd,This JJ can be used for any internal carton sealing tape slitting. Intentionally generic.,89,
"1305 - Butt Cut Label White/Blue ""IBM"" 200mm x 200mm",142,"1305 - Butt Cut Label White/Blue ""IBM"" 200mm x 200mm",,,
"1311 - Fabricated Part 2 mil polyimide film with high temperature Adh. on PET liner supplied on plastic cores 5/8"" x 60Yd",143,"1311 - Fabricated Part 2 mil polyimide film with high temperature Adh. on PET liner supplied on plastic cores 5/8"" x 60Yd",MUST USE KANEKA FILM; DuPONT FAILS.,35,
"1386 - Butt Cut Part PET, Checkerboard 3/4"" X 3/4"" X 36Yd",144,"1386 - Butt Cut Part PET, Checkerboard 3/4"" X 3/4"" X 36Yd",,,
"1497 - d/c Tape Printed with Red Arrow every 2"" 1"" x 36Yd",145,"1497 - d/c Tape Printed with Red Arrow every 2"" 1"" x 36Yd",,,
"1633 - Fabricated Part White poly-backed 3 ply tissue laminated with 1/2"" wide Adh. transfer and printed/perfed every 13"" 5-1/2"" x 108'",146,"1633 - Fabricated Part White poly-backed 3 ply tissue laminated with 1/2"" wide Adh. transfer and printed/perfed every 13"" 5-1/2"" x 108'","See QA for product sampling before assigning material to the job.

Limit production to A2 if possible.",102,
"1735 - Die Cut Label White Litho Core Label 15/16"" x 11/16""",147,"1735 - Die Cut Label White Litho Core Label 15/16"" x 11/16""",,,
"1751 - Slit Tape Yellow UPVC printed ""Inspected...P-2178"" 3/4"" x 72Yd (66m)",148,"1751 - Slit Tape Yellow UPVC printed ""Inspected...P-2178"" 3/4"" x 72Yd (66m)",,,
"1771 - Fabricated Part Internal Rectangle Area W/ Tab 0.5895"" x 0.402""",149,"1771 - Fabricated Part Internal Rectangle Area W/ Tab 0.5895"" x 0.402""",,,
"1783 - Slit Tape Yellow UPVC printed ""Inspected...P-7903"" 3/4"" x 72Yd (66m)",150,"1783 - Slit Tape Yellow UPVC printed ""Inspected...P-7903"" 3/4"" x 72Yd (66m)",,,
"1796 - Slit Tape Yellow UPVC printed ""Inspected...P-1318"" 3/4"" x 72Yd (66m)",151,"1796 - Slit Tape Yellow UPVC printed ""Inspected...P-1318"" 3/4"" x 72Yd (66m)",,,
"1812 - Butt Cut Part Colored PVC or Paper Tabs 0.75"" x 2""",152,"1812 - Butt Cut Part Colored PVC or Paper Tabs 0.75"" x 2""",See work order for color of tab material to use.,48,
"1829 - Fabricated Part Slit Dupont Grade A Mylar 1/2"" x 1,000'",153,"1829 - Fabricated Part Slit Dupont Grade A Mylar 1/2"" x 1,000'",Some of the PET material will have a yellowish cast and some a gray cast.  The yellowish material needs to be separated and the boxes of finished yellowish rolls need to be marked with a yellow dot. ,199,
"1831 - Tape CSM 5 mil Teflon perfed at 12"" intervals 12"" x 6""",154,"1831 - Tape CSM 5 mil Teflon perfed at 12"" intervals 12"" x 6""",,,
"1878 - Butt Cut Foam Single coated, 2 across, 1/16"" thick 3/4"" x 3/4""",155,"1878 - Butt Cut Foam Single coated, 2 across, 1/16"" thick 3/4"" x 3/4""",,,
"2186 - Printed Tape White PVC Printed printed black ""IN"" 1/2"" x 80Yd",156,"2186 - Printed Tape White PVC Printed printed black ""IN"" 1/2"" x 80Yd",,,
"2187 - Printed Tape White PVC Printed printed black ""OUT"" 1/2"" x 80Yd",157,"2187 - Printed Tape White PVC Printed printed black ""OUT"" 1/2"" x 80Yd",,,
2190 - Die Cut Label White Litho Core Label 40mm x 12mm,158,2190 - Die Cut Label White Litho Core Label 40mm x 12mm,"If using Avery/Fasson 98203 to create removable core labels for JEM JT 8866, enter into inventory using CAT# 21625",114,
2191 - Butt Cut Tape d/c PET 19mm x 15mm x 36Yd,159,2191 - Butt Cut Tape d/c PET 19mm x 15mm x 36Yd,,,
"2282 - Butt Cut Tape d/c PET with printed checkerboard pattern 3/4"" x 0.455"" x 36Yd",160,"2282 - Butt Cut Tape d/c PET with printed checkerboard pattern 3/4"" x 0.455"" x 36Yd",,,
2314 - Butt Cut Tape d/c PET 19mm x 19mm,161,2314 - Butt Cut Tape d/c PET 19mm x 19mm,Use Adhesive Applications material for Xcaliber orders.  Use 3M 415 for all other orders.,89,
"2329 - Fabricated Part Adh. Area with Tab 0.500"" x 0.82""",162,"2329 - Fabricated Part Adh. Area with Tab 0.500"" x 0.82""","Shelf Life Sensitive

Adhesive needs at least 75% of shelf life remaining, per customer requirement.  Go by the information on the cert; not Northrop Grumman's 3 year expiration. ",179,
2347 - Fabricated Tape ST-894 with internal die cuts 21mm x 10mm,163,2347 - Fabricated Tape ST-894 with internal die cuts 21mm x 10mm,,,
"2377 - Printed Tape White tape with Red Arrows 1/2"" x 72Yd",164,"2377 - Printed Tape White tape with Red Arrows 1/2"" x 72Yd",,,
"2387 - Fabricated Part Perimeter Edge Seal printed Blue 1"" x 50'",165,"2387 - Fabricated Part Perimeter Edge Seal printed Blue 1"" x 50'",,,
"2413 - Tape 3M 9472 with double extended liner 4-3/4"" x 60Yd with 1/2"" tab",166,"2413 - Tape 3M 9472 with double extended liner 4-3/4"" x 60Yd with 1/2"" tab",,,
"2563 - Label White Matte Litho printed ""Elite Fasteners"", perfed between 2.75"" x 2.75""",167,"2563 - Label White Matte Litho printed ""Elite Fasteners"", perfed between 2.75"" x 2.75""",,,
"2693 - Butt Cut Tape Silicone Tape Tabs 0.5"" x 2""",168,"2693 - Butt Cut Tape Silicone Tape Tabs 0.5"" x 2""",,,
"2700 - Die Cut Part Tabs, Adh. printed with ""Press...Lift Off"" 1/2"" x 1""",169,"2700 - Die Cut Part Tabs, Adh. printed with ""Press...Lift Off"" 1/2"" x 1""",,,
"2737 - Die Cut Part 25A29C with White tab 1"" x 1.25""",170,"2737 - Die Cut Part 25A29C with White tab 1"" x 1.25""",,,
"2749 - Fabricated Part Adh. Preform 500"" x 1.150""",171,"2749 - Fabricated Part Adh. Preform 500"" x 1.150""","Shelf Life Sensitive

Adhesive needs at least 75% of shelf life remaining, per customer requirement.  Go by the information on the cert; not Northrop Grumman's 3 year expiration. ",179,
"2812 - Tape Linerless Beaming 7/8"" x 60Yd",172,"2812 - Tape Linerless Beaming 7/8"" x 60Yd",,,
"2876 - Tape 3M 444 1/4"" x 36Yd",173,"2876 - Tape 3M 444 1/4"" x 36Yd",,,
"2886 - Fabricated Part Adh. Preform 500"" x 1.244""",174,"2886 - Fabricated Part Adh. Preform 500"" x 1.244""","Shelf Life Sensitive

Adhesive needs at least 75% of shelf life remaining, per customer requirement.  Go by the information on the cert; not Northrop Grumman's 3 year expiration. ",179,
"2926 - Die Cut Part Black Lexan with 3M LSE Adh. one side 1"" Dia",175,"2926 - Die Cut Part Black Lexan with 3M LSE Adh. one side 1"" Dia",,,
"3027 - Foam 0.125""T 2AFR Volara with PSA-60 2.5"" x 100'",176,"3027 - Foam 0.125""T 2AFR Volara with PSA-60 2.5"" x 100'",,,
"3034 - Butt Cut Tape Silver Splice 3/4"" x 2.125"" x 60Yd",177,"3034 - Butt Cut Tape Silver Splice 3/4"" x 2.125"" x 60Yd",,,
3036 - Fabricated Tape ST-894 with internal die cuts 48 x 30,178,3036 - Fabricated Tape ST-894 with internal die cuts 48 x 30,,,
"3053 - Die Cut Part PTFE Supplied 3 across 1/4"" Dia",179,"3053 - Die Cut Part PTFE Supplied 3 across 1/4"" Dia",Try to get the 4935 in increments of 108 ft(36 yds) to match up with the 5480,77,
"3082 - Sheeted Part 90# C2S tabs with 1/2"" RED STRIPE 1"" x 4""",180,"3082 - Sheeted Part 90# C2S tabs with 1/2"" RED STRIPE 1"" x 4""",,,
"3083 - Sheeted Part 90# C2S tabs with 1/2"" GREEN STRIPE 1"" x 4""",181,"3083 - Sheeted Part 90# C2S tabs with 1/2"" GREEN STRIPE 1"" x 4""",,,
"3114 - Sheeted Label 3M 7323 Silver PET 27 pcs/sheet 8.5"" x 6.25""",182,"3114 - Sheeted Label 3M 7323 Silver PET 27 pcs/sheet 8.5"" x 6.25""","Packager to be at press and packing while running.
Do not run more than 4 stacks ahead of packager.",99,
"3115 - Tape White UPVC Floodcoated Brown 0.936"" x 80Yd",183,"3115 - Tape White UPVC Floodcoated Brown 0.936"" x 80Yd",,,
3127 - Clear Film Pressure Sensitive 19.8mm + 0.4mm x 1000',184,3127 - Clear Film Pressure Sensitive 19.8mm + 0.4mm x 1000',"Shelf Life Sensitive

Material must not be out of date.  3M has a 2 year shelf life on this material.",101,
3136 - Fabricated Tape ST-741 with internal die cuts 15 X 20,185,3136 - Fabricated Tape ST-741 with internal die cuts 15 X 20,,,
"3141 - Tape ST-869 w/ extended liner 1/2"" x 1000'",186,"3141 - Tape ST-869 w/ extended liner 1/2"" x 1000'",Material must be frozen 24 hours before press.,46,
"3164 - Die Cut Tape 3M 4950, one side deadened 9.52mm OD x 3.56mm ID",187,"3164 - Die Cut Tape 3M 4950, one side deadened 9.52mm OD x 3.56mm ID",,,
3282 - Die Cut Label White Vinyl Printed Orange & Black 46mm x 109mm,188,3282 - Die Cut Label White Vinyl Printed Orange & Black 46mm x 109mm,,,
"3304 - Tape Matte White PET, No PSA
 1.936"" x 60Yd",189,"3304 - Tape Matte White PET, No PSA
 1.936"" x 60Yd","Can also use CAT# 14965 (4.5"" wide) and run 2 across or CAT# 16168 (2.5"" wide) and run 1 across",95,
"3314 - Slit Adh 9495MP 1-1/8"" x 60Yd",190,"3314 - Slit Adh 9495MP 1-1/8"" x 60Yd",,,
"3345 - Fabricated Part UHMW with 3M VHB 1.625"" x 1.625""",191,"3345 - Fabricated Part UHMW with 3M VHB 1.625"" x 1.625""",,,
"3356 - CSM Sheeted Infrared 3/4"" x 3/4""",192,"3356 - CSM Sheeted Infrared 3/4"" x 3/4""","Can use any 3 mil PET liner as soft anvil.
Suggested:
Cat 12739 Mitsubishi 3 mil  Polyester C1S Release Liner 5.5"" W
Cat 16407 Mitsubishi 3 mil  Polyester C1S Release Liner 5.272"" W",181,
"3368 - Printed Tape White UPVC Printed black ""EM 8100"" 1/2"" x 80Yd",193,"3368 - Printed Tape White UPVC Printed black ""EM 8100"" 1/2"" x 80Yd",,,
3479 - Butt Cut Tape d/c Case Insulation Tape Tabbed 14mm x 18.5mm,194,3479 - Butt Cut Tape d/c Case Insulation Tape Tabbed 14mm x 18.5mm,,,
"3516 - Fabricated Part UHMW with 3M VHB 36.25"" x 0.875"" with 0.125"" corners",195,"3516 - Fabricated Part UHMW with 3M VHB 36.25"" x 0.875"" with 0.125"" corners",,,
"3524 - Fabricated Part 1/16""T EPDM with 3M VHB 0.625"" O.D with 0.218"" I.D",196,"3524 - Fabricated Part 1/16""T EPDM with 3M VHB 0.625"" O.D with 0.218"" I.D",,,
"3538 - Die Cut Mask 3M 2750 on 78# Liner 12"" X 13""",197,"3538 - Die Cut Mask 3M 2750 on 78# Liner 12"" X 13""",,,
3551 - Die Cut Label 3M 7818 25mm X 50mm,198,3551 - Die Cut Label 3M 7818 25mm X 50mm,,,
"3614 - Sheeted Part CSM 0.020 T Clear PVC 20"" x 20""",199,"3614 - Sheeted Part CSM 0.020 T Clear PVC 20"" x 20""",,,
3653 - Butt Cut Label Black Matte Paper Label 112mm X 20mm,200,3653 - Butt Cut Label Black Matte Paper Label 112mm X 20mm,,,
"3664 - Die Cut Foam 3M 4052 0.33"" X 1.145"" incl. tab",201,"3664 - Die Cut Foam 3M 4052 0.33"" X 1.145"" incl. tab",,,
"3683 - Fabricated Part 1/16""T EPDM with 3M VHB 0.750"" O.D with 0.330"" I.D",202,"3683 - Fabricated Part 1/16""T EPDM with 3M VHB 0.750"" O.D with 0.330"" I.D",,,
"3713 - Die Cut Label Silver foil 4.5"" x 3/4""",203,"3713 - Die Cut Label Silver foil 4.5"" x 3/4""",,,
"3771 - Die Cut foam End Foam 1.9375"" x 0.5424""",204,"3771 - Die Cut foam End Foam 1.9375"" x 0.5424""",,,
"4115 - Foam Squares 3M 4492, supplied 4 to a pad 1"" X 1""",205,"4115 - Foam Squares 3M 4492, supplied 4 to a pad 1"" X 1""",,,
"4121 - Tape 3M 231 1"" x 60Yd",206,"4121 - Tape 3M 231 1"" x 60Yd",,,
"4147 - Butt Cut Tape Silver splice 2"" x 2""",207,"4147 - Butt Cut Tape Silver splice 2"" x 2""",,,
"4200 - Sheeted Part 3M 4492 white w/ extended liner both sides 1/2 "" X 4""",208,"4200 - Sheeted Part 3M 4492 white w/ extended liner both sides 1/2 "" X 4""",,,
"4220 - Fabricated Part UHMW (White) with 3M VHB 3/'8"" Dia",209,"4220 - Fabricated Part UHMW (White) with 3M VHB 3/'8"" Dia",MUST USE TREATED UHMW,21,
"4255 - CSM, 24"" x 500' Film Laminated to 3M 9471 Slit to 4 rolls, sheeted every 4.80"" 4.80” x 5.25""",210,"4255 - CSM, 24"" x 500' Film Laminated to 3M 9471 Slit to 4 rolls, sheeted every 4.80"" 4.80” x 5.25""",,,
"4276 - Fabricated Tape 10 x 15 strip, ST-741 with internal die cuts 8.0"" x 3.7""",211,"4276 - Fabricated Tape 10 x 15 strip, ST-741 with internal die cuts 8.0"" x 3.7""",,,
"4398 - Die Cut Label Thermal transfer printable, 3M FP022102 3"" x 3""",212,"4398 - Die Cut Label Thermal transfer printable, 3M FP022102 3"" x 3""",,,
"4467 - Die Cut Part PET blocker, 3 mil PET with 3M 9832 2.01"" x 1.69""",213,"4467 - Die Cut Part PET blocker, 3 mil PET with 3M 9832 2.01"" x 1.69""",,,
"4494 - Butt Cut Part Dead area 0.25"" wide in center of part 0.125"" x 0.625""",214,"4494 - Butt Cut Part Dead area 0.25"" wide in center of part 0.125"" x 0.625""",,,
"4516 - Slit Tape ST 934 3/8"" x 60Yd",215,"4516 - Slit Tape ST 934 3/8"" x 60Yd",Rolls need to be repacked,25,
"4534 - Foam 3M 4611 12"" x 15'",216,"4534 - Foam 3M 4611 12"" x 15'",,,
"4538 - Die Cut Part 10 mil tyvek with Adh., printed in red 0.5"" x 3.9370""
",217,"4538 - Die Cut Part 10 mil tyvek with Adh., printed in red 0.5"" x 3.9370""
",,,
"4543 - Slit Tape Yellow UPVC printed ""Inspected...P-1243"" 0.5"" x 72Yd
(66m)",218,"4543 - Slit Tape Yellow UPVC printed ""Inspected...P-1243"" 0.5"" x 72Yd
(66m)",,,
"4554 - Die Cut Masking 3M 2392 perforated every 24"" 12"" x 100'",219,"4554 - Die Cut Masking 3M 2392 perforated every 24"" 12"" x 100'",,,
"4556 - Printed Tape 3M 4737T - Right Hand Side - with printed delineation line 2"" x 60Yd",220,"4556 - Printed Tape 3M 4737T - Right Hand Side - with printed delineation line 2"" x 60Yd",,,
"4557 - Printed Tape 3M 4737T - Left Hand Side - with printed delineation line 2"" x 60Yd",221,"4557 - Printed Tape 3M 4737T - Left Hand Side - with printed delineation line 2"" x 60Yd",,,
"4597 - Slit Tape 3M 8901 2.25"" x 72Yd",222,"4597 - Slit Tape 3M 8901 2.25"" x 72Yd",,,
"4601 - Masking Tape 3M 2392 3.65"" x 60Yd",223,"4601 - Masking Tape 3M 2392 3.65"" x 60Yd",,,
"4636 - Die Cut Part 0.01"" thick mylar with 1"" wide Adh. strip 2.5"" x 2.75""",224,"4636 - Die Cut Part 0.01"" thick mylar with 1"" wide Adh. strip 2.5"" x 2.75""",,,
"4658 - Tape, Tamper Proof Printed Black, ""PITCH"", ""ROLL"" and ""YAW"" 0.75"" x 60Yd",225,"4658 - Tape, Tamper Proof Printed Black, ""PITCH"", ""ROLL"" and ""YAW"" 0.75"" x 60Yd","Cat # 17830 may be used, this has a lane of each print and would need laminated with 9459W and slit for completed rolls.",120,
"4689 - Label White PP, perfed every 3.125"" 3"" x 5""",226,"4689 - Label White PP, perfed every 3.125"" 3"" x 5""",,,
"4690 - Die Cut Part foil tape, 3M 1345 6.93"" x 3.33""",227,"4690 - Die Cut Part foil tape, 3M 1345 6.93"" x 3.33""",,,
4730 - Die Cut Part Wiper Motor masking - Hi Temperature masking tape with 6 internal die cut holes 40mm x 35mm,228,4730 - Die Cut Part Wiper Motor masking - Hi Temperature masking tape with 6 internal die cut holes 40mm x 35mm,,,
"4735 - Fabricated Tape 17 x 15 Strip, ST-741, with internal die cuts and tractor feed 8.0"" x 3.7""",229,"4735 - Fabricated Tape 17 x 15 Strip, ST-741, with internal die cuts and tractor feed 8.0"" x 3.7""",,,
"4848 - Slit material CSM 8.37"" wide",230,"4848 - Slit material CSM 8.37"" wide",,,
"4884 - Die Cut Part Die cut 5mil Protective Film 2.73"" x 1.48""",231,"4884 - Die Cut Part Die cut 5mil Protective Film 2.73"" x 1.48""",,,
"4905 - Die Cut Mask Front indicator Mask with tab, Part# 2519454 5.687"" x 5.312""",232,"4905 - Die Cut Mask Front indicator Mask with tab, Part# 2519454 5.687"" x 5.312""",,,
"4907 - Die Cut Mask
 44X, Battery Box B Mask, no tab. Part # 2527094 24.30"" x 16.68""",233,"4907 - Die Cut Mask
 44X, Battery Box B Mask, no tab. Part # 2527094 24.30"" x 16.68""",,,
"4908 - Die Cut Mask 44X, Left Windshield Mask, no tab. Part # 2519547 38.719"" x 16.4""",234,"4908 - Die Cut Mask 44X, Left Windshield Mask, no tab. Part # 2519547 38.719"" x 16.4""",After Step 1-lamination to liner at Pace occurs the material becomes CAT ID:23114.,82,
"4909 - Die Cut Mask 44X, Right Windshield Mask, no tab. Part # 2519548 38.719"" x 16.4""",235,"4909 - Die Cut Mask 44X, Right Windshield Mask, no tab. Part # 2519548 38.719"" x 16.4""",,,
"4913 - 78 # SCK Liner 78 lb. SCK Liner 2"" x 72Yd",236,"4913 - 78 # SCK Liner 78 lb. SCK Liner 2"" x 72Yd",Please only use SCK liner for this and not clay coated.  The 78# C1S BG40 is available in both so you must check the liner itself.,130,
4924 - Butt Cut Tape Double Sided Case Insulation Tape Tabbed 14mm x 15.5mm,237,4924 - Butt Cut Tape Double Sided Case Insulation Tape Tabbed 14mm x 15.5mm,,,
"4928 - Fabricated Part Trailing Edge Strip. Unprinted Liner 3-3/4"" x 50'",238,"4928 - Fabricated Part Trailing Edge Strip. Unprinted Liner 3-3/4"" x 50'",Can't slit while being ran,26,
"4951 - Sheeted Part 1/8""T UHMW with VHB 1"" x 7""",239,"4951 - Sheeted Part 1/8""T UHMW with VHB 1"" x 7""",,,
"4967 - Masking Tape 3M 231 Masking Tape, 72 rolls per case 0.50"" x 60Yd",240,"4967 - Masking Tape 3M 231 Masking Tape, 72 rolls per case 0.50"" x 60Yd",,,
"4975 - Masking Tape 3M 232 masking tape, 96 rolls per case 3/8"" x 60Yd",241,"4975 - Masking Tape 3M 232 masking tape, 96 rolls per case 3/8"" x 60Yd",,,
"4979 - Printed Tape White, UPVC printed Red ""DO NOT TOP LOAD"" 2"" x 55Yd",242,"4979 - Printed Tape White, UPVC printed Red ""DO NOT TOP LOAD"" 2"" x 55Yd","For in-house use, Do Not add into finished goods.",49,
"4980 - Die Cut Mask 3.0625"" diameter Reflector mask with tab 3.0625"" Dia",243,"4980 - Die Cut Mask 3.0625"" diameter Reflector mask with tab 3.0625"" Dia",Can use 3M 234 if there is no 232 in stock.,43,
"4982 - Butt Cut Part 3M 5354 ""Weatherban"" Sealant Tape, .125"" Thick, 50' rolls 1.5"" x 0.75"" W",244,"4982 - Butt Cut Part 3M 5354 ""Weatherban"" Sealant Tape, .125"" Thick, 50' rolls 1.5"" x 0.75"" W",,,
"5005 - Butt Cut Adh Transfer Tape 3M 468MP 0.82"" x 0.75""",245,"5005 - Butt Cut Adh Transfer Tape 3M 468MP 0.82"" x 0.75""",,,
"5017 - Perfed Part AB 181, 4"" wide, perfed every 4"", with 1"" center hole removed. 200 yards or 1800 pieces per roll. 4"" x 4""",246,"5017 - Perfed Part AB 181, 4"" wide, perfed every 4"", with 1"" center hole removed. 200 yards or 1800 pieces per roll. 4"" x 4""",,,
"5021 - Slit Tape 3M 231 0.75"" x 60Yd",247,"5021 - Slit Tape 3M 231 0.75"" x 60Yd",,,
"5026 - Butt Cut Tape d/c PET splicing tape, Checkerboard 3/4"" x 3/4"" x 36Yd",248,"5026 - Butt Cut Tape d/c PET splicing tape, Checkerboard 3/4"" x 3/4"" x 36Yd",,,
"5027 - Butt Cut Tape d/c PET splicing tape, Checkerboard 10mm x 20mm x 36Yd",249,"5027 - Butt Cut Tape d/c PET splicing tape, Checkerboard 10mm x 20mm x 36Yd",,,
5076 - Splice Tape Butt Cut Black Paper Splicing Tape 25mm x 19mm,250,5076 - Splice Tape Butt Cut Black Paper Splicing Tape 25mm x 19mm,,,
"5097 - Masking Tape 3M 231 1.5"" x 60Yd",251,"5097 - Masking Tape 3M 231 1.5"" x 60Yd",,,
"5108 - Sheeted Sets Mated Dual Lock 1 1/2"" x 1""",252,"5108 - Sheeted Sets Mated Dual Lock 1 1/2"" x 1""",,,
"5140 - Tape 3M 232 Masking Tape 4"" x 60Yd",253,"5140 - Tape 3M 232 Masking Tape 4"" x 60Yd",,,
5148 - Masking Tape 3M 2307 72mm x 55m,254,5148 - Masking Tape 3M 2307 72mm x 55m,BOXED ITEM ,11,
"5158 - Sheeted Part Screen Protector 2.115"" x 2.830""",255,"5158 - Sheeted Part Screen Protector 2.115"" x 2.830""",MUST USE MATERIAL AT LEAST AS WIDE AS CALLED OUT ON JOB TICKET!!!,65,
"5159 - Sheeted Part Screen Protector 2.115"" x 2.830""",256,"5159 - Sheeted Part Screen Protector 2.115"" x 2.830""",MUST USE MATERIAL AT LEAST AS WIDE AS CALLED OUT ON JOB TICKET!!!,65,
"5169 - Slit Tape 3M 231, Green Plastic Core 0.125"" x 60Yd",257,"5169 - Slit Tape 3M 231, Green Plastic Core 0.125"" x 60Yd",,,
"5182 - Die Cut Part CSM Cu/Al/PET w/ Adh. Laminate 0.375"" x 4.440""",258,"5182 - Die Cut Part CSM Cu/Al/PET w/ Adh. Laminate 0.375"" x 4.440""",Materion material CAT# 13449 is the same material is DyneTec CAT# 22562,71,
"5183 - Die Cut Part CSM Cu/Tin/PET w/ Adh. Laminate 0.375"" x 1.492""",259,"5183 - Die Cut Part CSM Cu/Tin/PET w/ Adh. Laminate 0.375"" x 1.492""",Materion material CAT# 13503 is the same material is DyneTec CAT# 22564,71,
"5184 - Die Cut Part CSM Cu/Tin/PET w/ Adh. Laminate 0.75"" x 5.883""",260,"5184 - Die Cut Part CSM Cu/Tin/PET w/ Adh. Laminate 0.75"" x 5.883""",,,
"5201 - Printed Tape 3M 3903, printed Black with ""CM"" 1"" x 50Yd",261,"5201 - Printed Tape 3M 3903, printed Black with ""CM"" 1"" x 50Yd",3M 3903 must be refrigerated 24 hours before laminating to liner.  Do not remove from refrigerator until press is set up and ready to run the material.  DO NOT FREEZE THE MATERIAL!,180,
"5249 - Sheeted Part Screen Protector 2.16"" x 2.88""",262,"5249 - Sheeted Part Screen Protector 2.16"" x 2.88""","MUST USE MATERIAL AT LEAST AS WIDE AS CALLED OUT ON JOB TICKET!!!
Logs must be slit on press
-Visually inspect material before running for creases, wrinkles, debris, and abrasions. If damaged in any way ""Stop"" and notify quality. ",230,
"5253 - Tape Printed "" DO NOT REMOVE UNTIL CUSTOMER DELIVERY"" 12mm",263,"5253 - Tape Printed "" DO NOT REMOVE UNTIL CUSTOMER DELIVERY"" 12mm",Creates CAT# 15322,18,
"5258 - Tape Feather Edge Crepe Masking 3/4"" x 60Yd",264,"5258 - Tape Feather Edge Crepe Masking 3/4"" x 60Yd",,,
"5267 - Linered Mask Armor Side Window Masking 20.375"" x 11.25""",265,"5267 - Linered Mask Armor Side Window Masking 20.375"" x 11.25""",,,
"5277 - Die Cut Part CSM Cu/Al/PET w/ Adh. Laminate 0.375"" x 4.048""",266,"5277 - Die Cut Part CSM Cu/Al/PET w/ Adh. Laminate 0.375"" x 4.048""",,,
"5278 - Die Cut Part CSM Cu/Al/PET w/ Adh. Laminate 0.375"" x 4.886""",267,"5278 - Die Cut Part CSM Cu/Al/PET w/ Adh. Laminate 0.375"" x 4.886""",,,
"5279 - Die Cut Part CSM Cu/Al/PET w/ Adh. Laminate 0.375"" x 2.042""",268,"5279 - Die Cut Part CSM Cu/Al/PET w/ Adh. Laminate 0.375"" x 2.042""",,,
"5280 - Die Cut Part CSM Cu/Al/PET w/ Adh. Laminate 0.375"" x 1.920""",269,"5280 - Die Cut Part CSM Cu/Al/PET w/ Adh. Laminate 0.375"" x 1.920""",Materion material CAT# 13696 is the same material is DyneTec CAT# 22561,71,
"5281 - Die Cut Part CSM Cu/Al/PET w/ Adh. Laminate 0.375"" x 2.292""",270,"5281 - Die Cut Part CSM Cu/Al/PET w/ Adh. Laminate 0.375"" x 2.292""",,,
"5282 - Die Cut Part CSM Cu/Al/PET w/ Adh. Laminate 0.75"" x 7.721""",271,"5282 - Die Cut Part CSM Cu/Al/PET w/ Adh. Laminate 0.75"" x 7.721""",,,
"5283 - Die Cut Part CSM Cu/Al/PET w/ Adh. Laminate 0.75"" x 8.791""",272,"5283 - Die Cut Part CSM Cu/Al/PET w/ Adh. Laminate 0.75"" x 8.791""",,,
"5308 - Die Cut Part 44X Side Window Mask 19.375"" x 13.500""",273,"5308 - Die Cut Part 44X Side Window Mask 19.375"" x 13.500""",,,
"5309 - Printed Tape White Vinyl Tape Printed ""INTERNAL FMED INSTALLED"" 2"" X 50Yd",274,"5309 - Printed Tape White Vinyl Tape Printed ""INTERNAL FMED INSTALLED"" 2"" X 50Yd","Slit log of 3903 into 10 rolls of 4.625"".

3M 3903 must be refrigerated 24 hours before laminating to liner.  Do not remove from refrigerator until press is set up and ready to run the material.  DO NOT FREEZE THE MATERIAL!",223,
"5312 - Perforated Roll 1/8"" thick Black PE Foam Perforated Every 7"" 1"" x 100'",275,"5312 - Perforated Roll 1/8"" thick Black PE Foam Perforated Every 7"" 1"" x 100'",,,
5322 - Tape 3M 2693 Masking 5mm x 55m,276,5322 - Tape 3M 2693 Masking 5mm x 55m,,,
"5354 - Sheeted Part ST-1116 on Extended Liner w/ printed backing ST-11161122 0.625"" x 3.125""",277,"5354 - Sheeted Part ST-1116 on Extended Liner w/ printed backing ST-11161122 0.625"" x 3.125""","Shelf Life Sensitive

Polyimide needs a minimum of 50% Shelf Life remaining",75,
"5371 - Die Cut Part Checkerboard Tamper Labels 0.75"" x 3.0""",278,"5371 - Die Cut Part Checkerboard Tamper Labels 0.75"" x 3.0""",,,
5395 - Tape Butt cut Silver splice 19mm x 19mm x 72Yd,279,5395 - Tape Butt cut Silver splice 19mm x 19mm x 72Yd,,,
5457 - Tape 375 Clear 48mm X 50m,280,5457 - Tape 375 Clear 48mm X 50m,,,
"5470 - Die Cut Part Tail Light Mask 6.75"" x 5.34""",281,"5470 - Die Cut Part Tail Light Mask 6.75"" x 5.34""",Can use 3M 234 if there is no 232 in stock.,43,
"5473 - Die Cut Part Membrane, Carrier Sample Well 0.750"" x 4.492"" plus Tab",282,"5473 - Die Cut Part Membrane, Carrier Sample Well 0.750"" x 4.492"" plus Tab","Shelf Life Sensitive

Do not over ship.

Use the freshest material (within Shelf Life) possible.",96,
"5494 - Tape 3M 2393 10"" x 60Yd",283,"5494 - Tape 3M 2393 10"" x 60Yd",,,
"5541 - Die Cut Part CSM Cu/Tin/PET w/ Adh. Laminate 0.375"" x 2.422""",284,"5541 - Die Cut Part CSM Cu/Tin/PET w/ Adh. Laminate 0.375"" x 2.422""",,,
"5542 - Die Cut Part CSM Cu/Tin/PET w/ Adh. Laminate 0.75"" x 6.299""",285,"5542 - Die Cut Part CSM Cu/Tin/PET w/ Adh. Laminate 0.75"" x 6.299""",,,
"5543 - Die Cut Part CSM Cu/Al/PET w/ Adh. Laminate 0.375"" x 3.873""",286,"5543 - Die Cut Part CSM Cu/Al/PET w/ Adh. Laminate 0.375"" x 3.873""",Materion material CAT# 13449 is the same material is DyneTec CAT# 22562,71,
"5544 - Die Cut Part CSM Cu/Al/PET w/ Adh. Laminate 0.375"" x 5.362""",287,"5544 - Die Cut Part CSM Cu/Al/PET w/ Adh. Laminate 0.375"" x 5.362""",,,
"5546 - Slit Rolls Masking Tape, Fine Line, Hi-Temp 0.75"" x 36Yd",288,"5546 - Slit Rolls Masking Tape, Fine Line, Hi-Temp 0.75"" x 36Yd",BOXED ITEM ,11,
"5547 - Die Cut Part Rectangle w/ Tab VHB Tape 0.5"" x 3.75"" w/ 0.25"" tab",289,"5547 - Die Cut Part Rectangle w/ Tab VHB Tape 0.5"" x 3.75"" w/ 0.25"" tab",,,
"5557 - Fabricated Part UHMW with 3M VHB 42"" x 0.875"" with 0.125"" corners",290,"5557 - Fabricated Part UHMW with 3M VHB 42"" x 0.875"" with 0.125"" corners",,,
"5575 - Paint Adhesion Tape ST-1195 on printed cores 1"" x 60Yd
",291,"5575 - Paint Adhesion Tape ST-1195 on printed cores 1"" x 60Yd
","Do not produce more than 10% over on order quantity.  Ship/invoice ALL PRODUCT we produce on stocking orders.

See pictures for Ink Mixture 2 oz MEK to half ink cup Y-122 and hair dryer setting 2 high heat and blow 1 medium heat high blow.",239,
"5577 - Paint Adhesion Tape ST-1195 on plain cores 1"" x 60Yd",292,"5577 - Paint Adhesion Tape ST-1195 on plain cores 1"" x 60Yd","Do not produce more than 10% over on order quantity.  Ship/invoice ALL PRODUCT we produce on stocking orders.

See pictures for Ink Mixture 2 oz MEK to half ink cup Y-122 and hair dryer setting 2 high heat and blow 1 medium heat high blow.",239,
"5579 - Core Liner Orange (pantone 021) with Elcometer company logo 5500' x 3-15/16""",293,"5579 - Core Liner Orange (pantone 021) with Elcometer company logo 5500' x 3-15/16""",,,
"5593 - Slit Rolls White PP Film, 3 mil 19mm x 3,200'",294,"5593 - Slit Rolls White PP Film, 3 mil 19mm x 3,200'",,,
"5597 - Die Cut Part SG 51825C Mask with Tab 1.45"" x 1.25""",295,"5597 - Die Cut Part SG 51825C Mask with Tab 1.45"" x 1.25""",,,
"5599 - Fabricated Part CSM FEP 200A, 2 mil Teflon perfed at 12-1/2"" # D11510344 6"" x 500'",296,"5599 - Fabricated Part CSM FEP 200A, 2 mil Teflon perfed at 12-1/2"" # D11510344 6"" x 500'","If there are defective rolls; these are NOT to be trashed, advise Sales or CSR what is defective about the roll(s), how much and put someplace that is not in the trash can, this is CSM and Dupont credits Atlantic for bad material.",230,
"5611 - Slit Rolls General purpose masking 2.5"" x 60Yd",297,"5611 - Slit Rolls General purpose masking 2.5"" x 60Yd",,,
"5612 - Slit Rolls General purpose masking 3.5"" x 60Yd",298,"5612 - Slit Rolls General purpose masking 3.5"" x 60Yd",,,
5630 - Die Cut Part Wiper Foam - VHB 15mm x 15mm,299,5630 - Die Cut Part Wiper Foam - VHB 15mm x 15mm,Widths listed are ideal widths.  If offcuts are available please make use of them.,82,
5631 - Die Cut Part Wiper Foam - VHB 21mm x 27mm,300,5631 - Die Cut Part Wiper Foam - VHB 21mm x 27mm,Widths listed are ideal widths.  If offcuts are available please make use of them.,82,
5632 - Die Cut Part Wiper Foam - Poly 21mm x 26mm,301,5632 - Die Cut Part Wiper Foam - Poly 21mm x 26mm,The 42# liner listed is as an interleave.  The interleave can be either 54 or 42 and either medium or easy release.,115,
5633 - Die Cut Part Wiper Foam - Poly 19mm x 19.5mm,302,5633 - Die Cut Part Wiper Foam - Poly 19mm x 19.5mm,The 42# liner listed is as an interleave.  The interleave can be either 54 or 42 and either medium or easy release.,115,
"5635 - Die Cut Label Unprinted Circle 3 3/8"" Dia",303,"5635 - Die Cut Label Unprinted Circle 3 3/8"" Dia",,,
"5649 - Slit Rolls Masking Tape, Hi-Temp 24mm x 55m",304,"5649 - Slit Rolls Masking Tape, Hi-Temp 24mm x 55m",,,
5651 - Die Cut Part Blower Gasket Cover - 4929 84.54mm x 54mm,305,5651 - Die Cut Part Blower Gasket Cover - 4929 84.54mm x 54mm,,,
5660 - Die Cut Part Pull Tabs 6mm x 80mm,306,5660 - Die Cut Part Pull Tabs 6mm x 80mm,,,
"5672 - Die Cut Part CSM Cu/Al/PET w/ Adh. Laminate 375"" x 4.423""",307,"5672 - Die Cut Part CSM Cu/Al/PET w/ Adh. Laminate 375"" x 4.423""",,,
"5673 - Die Cut Part CSM Cu/Al/PET w/ Adh. Laminate 0.75"" x 9.679""",308,"5673 - Die Cut Part CSM Cu/Al/PET w/ Adh. Laminate 0.75"" x 9.679""",,,
"5674 - Die Cut Part Filler Mask with tab 4.125"" x 4.125""",309,"5674 - Die Cut Part Filler Mask with tab 4.125"" x 4.125""",PER SALES - CHANGE MATERIAL TO 232 BUT DO NOT CHANGE DESCRIPTION.,65,
"5675 - Slit Rolls Nitto E-Mask RB300S 8"" X 200m",310,"5675 - Slit Rolls Nitto E-Mask RB300S 8"" X 200m","Shelf Life Sensitive

MUST USE SAW BLADE FOR THIS MATERIAL!!!

85% shelf life is required for this material. ",109,
"5680 - Perforated Tape Paint Booth Shoe Covering Film 18"" x 11""",311,"5680 - Perforated Tape Paint Booth Shoe Covering Film 18"" x 11""",,,
"5682 - Die Cut Part Low Tack Film .010 Thick 1"" OD x 1/2"" ID",312,"5682 - Die Cut Part Low Tack Film .010 Thick 1"" OD x 1/2"" ID",,,
"5689 - Die Cut Label 3M 7011 tamper evident label with gray reverse print 1.5"" x 1.25""",313,"5689 - Die Cut Label 3M 7011 tamper evident label with gray reverse print 1.5"" x 1.25""",,,
"5732 - Printed Tape White UPVC Reverse Printed Blue with ""1"" 1/2"" x 80Yd",314,"5732 - Printed Tape White UPVC Reverse Printed Blue with ""1"" 1/2"" x 80Yd",,,
"5733 - Printed Tape White UPVC Reverse Printed Blue with ""2"" 1/2"" x 80Yd",315,"5733 - Printed Tape White UPVC Reverse Printed Blue with ""2"" 1/2"" x 80Yd",,,
"5734 - Printed Tape White UPVC Reverse Printed Blue with ""5"" 1/2"" x 80Yd",316,"5734 - Printed Tape White UPVC Reverse Printed Blue with ""5"" 1/2"" x 80Yd",,,
"5735 - Printed Tape White UPVC Reverse Printed Blue with ""7"" 1/2"" x 80Yd",317,"5735 - Printed Tape White UPVC Reverse Printed Blue with ""7"" 1/2"" x 80Yd",,,
"5736 - Printed Tape White UPVC printed black ""5"" 1/2"" x 80Yd",318,"5736 - Printed Tape White UPVC printed black ""5"" 1/2"" x 80Yd",,,
"5751 - Die Cut Part Buzzer seal with pull tab 0.320"" dia with tab",319,"5751 - Die Cut Part Buzzer seal with pull tab 0.320"" dia with tab",,,
"5781 - Wheel Mask 20"" Chicago/Oakville 558.80mm Dia",320,"5781 - Wheel Mask 20"" Chicago/Oakville 558.80mm Dia",,,
"5782 - Wheel Mask 22"" Oakville 622.30mm Dia",321,"5782 - Wheel Mask 22"" Oakville 622.30mm Dia",,,
"5841 - Tape 9816M 9"" x 250Yd",322,"5841 - Tape 9816M 9"" x 250Yd",Slit rolls on small side to help insure that we get 6 good rolls from each master log.,86,
"5851 - Fabricated Part UHMW with 3M VHB 1-3/8"" x 1-3/8"" x 1/8""T",323,"5851 - Fabricated Part UHMW with 3M VHB 1-3/8"" x 1-3/8"" x 1/8""T",MUST USE TREATED UHMW,21,
"5855 - Fabricated Part CSM FEP 200A, 2 mil Teflon perfed at 14"" 13"" x 1,400'",324,"5855 - Fabricated Part CSM FEP 200A, 2 mil Teflon perfed at 14"" 13"" x 1,400'","If there are defective rolls, these are NOT to be trashed, advise MM or CSR what is defective about the roll(s), how much and put someplace that is not in the trash can, this is CSM and Dupont credits Atlantic for bad material.",227,
5875 - Die Cut Part Fixturing Tape 8mm x 40mm,325,5875 - Die Cut Part Fixturing Tape 8mm x 40mm,,333,"Shelf Life Sensitive

CAT#'s 14510 and 14512 are used in the first pass and slit down to 8 rolls of 0.75"" wide.  Repeat reflects 8 across.

CAT#'s 14510, 14512 and 12414 are used in the second pass and slit down to 6 rolls of 1"" wide.  Repeat reflects 6 across.

See CAT#'s 12230 and 11781 can be slit down to 2"" to create CAT# 14553"
"5898 - Die Cut Part 3M 4492 2.4375"" x 1.0""",326,"5898 - Die Cut Part 3M 4492 2.4375"" x 1.0""",,,
"5899 - Die Cut Part 3M 4492 1.9375"" x 1.0""",327,"5899 - Die Cut Part 3M 4492 1.9375"" x 1.0""",,,
"5902 - Slit Tape 3M 1181 Cu Tape 0.360"" x 60Yd",328,"5902 - Slit Tape 3M 1181 Cu Tape 0.360"" x 60Yd",,,
"5903 - Slit Tape 3M 1181 Cu Foil Tape 0.270"" x 60Yd",329,"5903 - Slit Tape 3M 1181 Cu Foil Tape 0.270"" x 60Yd",,,
5908 - Die Cut Part AB 7405 Mask with Tab 43mm x 45mm,330,5908 - Die Cut Part AB 7405 Mask with Tab 43mm x 45mm,,,
"5909 - Printed Tape White UPVC printed black with #6 1/2"" x 80Yd",331,"5909 - Printed Tape White UPVC printed black with #6 1/2"" x 80Yd",,,
"5913 - Slit Tape 8 mil Reinforced Double Sided tape 1/2"" x 10Yd",332,"5913 - Slit Tape 8 mil Reinforced Double Sided tape 1/2"" x 10Yd","Use CAT# 13183 and slit to 6"" to create CAT#14532",49,
"5932 - Die Cut Part Mammo Circle with 1.0mm BB 0.6"" Dia",333,"5932 - Die Cut Part Mammo Circle with 1.0mm BB 0.6"" Dia",Glue part number is Dymax EMAX-303 from Ellsworth,49,
"5936 - Die Cut Part Mammo Circle with 2.0mm BB 0.6"" Dia",334,"5936 - Die Cut Part Mammo Circle with 2.0mm BB 0.6"" Dia",Glue part number is Dymax EMAX-303 from Ellsworth,49,
"5937 - Die Cut Part Mammo Circle with 2.5mm BB 0.6"" Dia",335,"5937 - Die Cut Part Mammo Circle with 2.5mm BB 0.6"" Dia",Glue part number is Dymax EMAX-303 from Ellsworth,49,
5944 - Die Cut Part DA53-88262-A5 supplied 2 up on roll 87.69mm x 25.4mm plus tab,336,5944 - Die Cut Part DA53-88262-A5 supplied 2 up on roll 87.69mm x 25.4mm plus tab,"CAT# 14584 - Slit from this log to create CAT# 14620 - Tesa material at 3""
CAT# 12853 - Slit from this log to create CAT# 12448 - Blue HDPE material at 3""",154,
5964 - Die Cut Part 51825C Mask with Tab 43mm x 45mm,337,5964 - Die Cut Part 51825C Mask with Tab 43mm x 45mm,,,
"5966 - Sheeted Part SJ3540 1/2"" x 2""",338,"5966 - Sheeted Part SJ3540 1/2"" x 2""",,,
"5979 - Printed Label Mammo Circle for BB application 0.6"" Dia",339,"5979 - Printed Label Mammo Circle for BB application 0.6"" Dia",,359,"Use CAT# 10335 (6"" - AB 7301) to slit to 0.25"" on Siat prior to running on Delta - PLASTIC CORES!
Repeat of Tan PVC reflects four rolls
When entering finished parts into RAW material inventory; use Cat# 14662 and enter number of parts as length in inches.  Use the work order line item as the Lot # (This provides traceability back to the raw materials used)."
"6007 - Fabricated Part ST-1715 Bonding Film 0.875"" Dia",340,"6007 - Fabricated Part ST-1715 Bonding Film 0.875"" Dia","Clean Handeling Required

Should wear goggles, gloves, and dust mask when handling 583.

Material should be stored at or below 40°f",131,
"6018 - Printed Tape White UPVC printed black #1 1/2"" x 80Yd",341,"6018 - Printed Tape White UPVC printed black #1 1/2"" x 80Yd",,,
"6026 - Printed Tape White UPVC printed black #2 1/2"" x 80Yd",342,"6026 - Printed Tape White UPVC printed black #2 1/2"" x 80Yd",,,
"6027 - Printed Tape White UPVC printed black ""3"" 1/2"" x 80Yd",343,"6027 - Printed Tape White UPVC printed black ""3"" 1/2"" x 80Yd",,,
"6028 - Printed Tape White UPVC printed black ""4"" 1/2"" x 80Yd",344,"6028 - Printed Tape White UPVC printed black ""4"" 1/2"" x 80Yd",,,
"6040 - Printed material Input material for die cutting process 6"" wide",345,"6040 - Printed material Input material for die cutting process 6"" wide",,285,"You need a different work order for each Lot of material
When entering printed material into RAW material inventory use Cat# 14818 and enter number of feet of good printed material.  Use the work order line item as the Lot # (This provides traceability back to the raw materials used)."
"6052 - Die Cut Foil ChromAir with slot 3.433"" x 0.833""",346,"6052 - Die Cut Foil ChromAir with slot 3.433"" x 0.833""","Can also use CAT# 14862 and run 3 across/ 6 across.

There are two parts on the die and they run together.  8"" wide material runs 4 across of each part.  Other part is on JJ 6053.",179,
"6053 - Die Cut Foil ChromAir with 6 holes 3.433"" x 0.914""",347,"6053 - Die Cut Foil ChromAir with 6 holes 3.433"" x 0.914""","Can also use CAT# 14862 and run 3 across/ 6 across.

There are two parts on the die and they run together.  8"" wide material runs 4 across of each part.  Other part is on JJ 6052.",179,
6067 - Die Cut Part TK4 Grill Mask 70mm x 100mm,348,6067 - Die Cut Part TK4 Grill Mask 70mm x 100mm,"Check condition of 931(replacement of 932) rolls for coning, if more than 0.5"" advise Production or Quality Manager.",116,
6107 - Fabricated Part Ocular Membrane 6.35mm x 44.45mm,349,6107 - Fabricated Part Ocular Membrane 6.35mm x 44.45mm,"Clean Handeling Required

CAT# 14684 to be used as a leader material after it has been run through both dies.
Use gloves when handling membrane material
Also need 2"" wide masking tape.  Any type will work.",205,
"6108 - Sheeted Part Orange vinyl strips 15"" x 2.75""",350,"6108 - Sheeted Part Orange vinyl strips 15"" x 2.75""",,,
"6111 - Tape 3M 401+ with 78# liner 30"" x 50'",351,"6111 - Tape 3M 401+ with 78# liner 30"" x 50'","Liner width can be up to 30.5"" Max.",35,
"6118 - Perfed Part Black Volara foam with perf #P084047B 18.25"" x 3""",352,"6118 - Perfed Part Black Volara foam with perf #P084047B 18.25"" x 3""",,,
"6119 - Foam 0.125""T 2AFR Black Volara with PSA-60 3"" x 100'",353,"6119 - Foam 0.125""T 2AFR Black Volara with PSA-60 3"" x 100'",,,
6142 - Slit Tape 3M 60 Teflon Tape Various size x 36Yd,354,6142 - Slit Tape 3M 60 Teflon Tape Various size x 36Yd,"Shelf Life Sensitive

SHELF LIFE (75% REMAINING)",48,
"6173 - Die Cut Part Race Track 1"" x 2.5""",355,"6173 - Die Cut Part Race Track 1"" x 2.5""",Clean Handeling Required,24,
"6180 - Fabricated Part Blue arrow with Adh. 0.5"" x 5.5""",356,"6180 - Fabricated Part Blue arrow with Adh. 0.5"" x 5.5""","1)Slit 3"" wide EAD500 (CAT#10688) to 0.5"" on Siat to create CAT#15109. 
2)Flood coated blue label stock is CAT ID: 23130.",121,
6199 - Die Cut Part 3M 1181 5.90mm x 13.20mm,357,6199 - Die Cut Part 3M 1181 5.90mm x 13.20mm,,,
6219 - Slit Film 3M 1350F-2 Black 66.5mm x 195m,358,6219 - Slit Film 3M 1350F-2 Black 66.5mm x 195m,Cores need to be 66.5 mm +/- 0.5 mm.,36,
6224 - Die Cut Part AB 7405 45mm x 73mm,359,6224 - Die Cut Part AB 7405 45mm x 73mm,,,
"6240 - Die Cut Part Adh. Transfer Tape - No Tab 0.105"" x 0.105""",360,"6240 - Die Cut Part Adh. Transfer Tape - No Tab 0.105"" x 0.105""","Clean Handeling Required

Press area to be clean room cleaned BEFORE job starts.  This includes floor and work stations rolls may come in contact with.  Press to be wiped down prior to set up.

",194,
"6241 - Sheeted Part 3M 401+, Linered 16"" x 12""",361,"6241 - Sheeted Part 3M 401+, Linered 16"" x 12""",,,
"6244 - Slit Tape 3M 56 1/8"" x 72Yd",362,"6244 - Slit Tape 3M 56 1/8"" x 72Yd",Shelf Life Sensitive,20,
6247 - Slit Tape CSM slit to width See Work order x 164',363,6247 - Slit Tape CSM slit to width See Work order x 164',,,
"6258 - Die Cut Part F9460PC with 0.25"" tab 0.125"" x 2.185""",364,"6258 - Die Cut Part F9460PC with 0.25"" tab 0.125"" x 2.185""",,,
"6273 - Butt Cut Part Foil 3/4"" x 3/4""",365,"6273 - Butt Cut Part Foil 3/4"" x 3/4""",Can run 1 across out of CAT# 1254 if available.,47,
"6275 - Slit Tape 3M 9495LE 1/2"" x 60Yd",366,"6275 - Slit Tape 3M 9495LE 1/2"" x 60Yd","Shelf Life Sensitive

Must use material with a minimum of 75% Shelf Life remaining",82,
6279 - Slit Tape Nitto P-212HD See WO,367,6279 - Slit Tape Nitto P-212HD See WO,Shelf Life Sensitive,20,
"6280 - Die Cut Part 3M 4920 1.16"" x 0.90""",368,"6280 - Die Cut Part 3M 4920 1.16"" x 0.90""","Shelf Life Sensitive

SHELF LIFE (75% REMAINING)",48,
"6288 - Fabricated Part CSM FEP 200A, 2 mil Teflon perfed at 14"" 12.25"" x See WO",369,"6288 - Fabricated Part CSM FEP 200A, 2 mil Teflon perfed at 14"" 12.25"" x See WO","If there are defective rolls, these are NOT to be trashed, advise MM or CSR what is defective about the roll(s), how much and put someplace that is not in the trash can, this is CSM and Dupont credits Atlantic for bad material.",227,
"6291 - Slit Rolls 3M 33515 1.5"" x 10Yd",370,"6291 - Slit Rolls 3M 33515 1.5"" x 10Yd",,,
"6292 - Slit Rolls 3M 472 1"" x 10Yd",371,"6292 - Slit Rolls 3M 472 1"" x 10Yd",,,
"6293 - Slit Rolls 3M 472 2"" x 10Yd",372,"6293 - Slit Rolls 3M 472 2"" x 10Yd",,,
"6294 - Slit Rolls 3M 472 3"" x 10Yd",373,"6294 - Slit Rolls 3M 472 3"" x 10Yd",,,
6299 - Slit Tape 3M 966 See WO,374,6299 - Slit Tape 3M 966 See WO,"Shelf Life Sensitive

ONE LOT ONLY!!!  ORDER CANNOT CONTAIN MORE THAN ONE LOT #",79,
"6308 - Slit Roll 3M 4712 with back scored liner 30"" x 180Yd",375,"6308 - Slit Roll 3M 4712 with back scored liner 30"" x 180Yd",,,
"6331 - Sheeted Part 3M 4008 double sided foam 0.5"" X 0.25""",376,"6331 - Sheeted Part 3M 4008 double sided foam 0.5"" X 0.25""","Clean Handeling Required

Shelf Life Sensitive",46,
"6335 - Sheeted Part Potted Seal Foam 8"" X 12""",377,"6335 - Sheeted Part Potted Seal Foam 8"" X 12""",,,
"6337 - Fabricated Part 2 layers of 3M 7871 laminated together with tabs 1.73"" x 165'",378,"6337 - Fabricated Part 2 layers of 3M 7871 laminated together with tabs 1.73"" x 165'",,,
6340 - Die Cut Part Reflector 11mm Dia,379,6340 - Die Cut Part Reflector 11mm Dia,,,
6342 - Slit Tape 3M 79 See WO,380,6342 - Slit Tape 3M 79 See WO,Shelf Life Sensitive,20,
6345 - Slit Tape 3M 92 See WO,381,6345 - Slit Tape 3M 92 See WO,Shelf Life Sensitive,20,
6377 - Slit Tape 3M 40PR See WO,382,6377 - Slit Tape 3M 40PR See WO,"Shelf Life Sensitive

Shelf life is 2 years from date of manufacture as listed on 3M cert.
If 1"" - order boxed goods - CAT# 20887.  Other sizes use log CAT# 15638 and slit.",172,
"6386 - Slit Tape 3M 468MP 6"" x 60Yd",383,"6386 - Slit Tape 3M 468MP 6"" x 60Yd","Shelf Life Sensitive

Boxed item",32,
"6391 - Die Cut Part 3M 467MP with tab 0.51"" Dia",384,"6391 - Die Cut Part 3M 467MP with tab 0.51"" Dia",Shelf Life Sensitive,20,
6411 - Fabricated Part WMS Paper Carrier 15mm x 343m,385,6411 - Fabricated Part WMS Paper Carrier 15mm x 343m,"Will need to slit CAT# 16078 on Duesenbery to create CAT# 16079

Must use (3/8"" Thick wall) cores.",98,
"6415 - Die Cut Part CSM Cu/Tin/PET w/ Adh. Laminate 0.375"" x 3.5""",386,"6415 - Die Cut Part CSM Cu/Tin/PET w/ Adh. Laminate 0.375"" x 3.5""",,,
6422 - Slitting for JJ 6425 415 and CSM slitting Various,387,6422 - Slitting for JJ 6425 415 and CSM slitting Various,"0.59"" wide 415 created from feeder job = Catalog number 15004

0.275"" wide OpPad/Reagent - LIGHT AND HUMIDITY SENSITIVE - created from feeder job = Catalog number 15771 - Keep different rolls/lot numbers separated and marked.",225,
6424 - Slit Tape d/c Tape 18mm x 20m,388,6424 - Slit Tape d/c Tape 18mm x 20m,,,
"6425 - Fabricated Part BHB Silicone test strip 0.31"" x 2.00""",389,"6425 - Fabricated Part BHB Silicone test strip 0.31"" x 2.00""","Must be run under low humidity(<20%)  and low light conditions.  VIAL PACKAGING OF STRIPS MUST BE DONE IN THE CLEAN ROOM UNDER LOW HUMIDITY AND LOW LIGHT CONDITIONS !!

 Keep different rolls/lot numbers of reagent separated and marked.",235,
"6426 - Slit Roll 3M SJ5816BK 2.25"" x 36Yd",390,"6426 - Slit Roll 3M SJ5816BK 2.25"" x 36Yd","Shelf Life Sensitive

Use 50# uncoated rolls as soft anvil.  CAT#'s 2825, 14929, 20574 can be slit down for this.",113,
"6427 - Printed Melinex Random print 2.8"" wide",391,"6427 - Printed Melinex Random print 2.8"" wide",Printed rolls are to be entered into inventory as Cat# 15764,60,
"6441 - Die Cut Label Motor cover label - ""Parker"" 11.625"" x 3""",392,"6441 - Die Cut Label Motor cover label - ""Parker"" 11.625"" x 3""",Shelf Life Sensitive,20,
"6442 - Die Cut Label Motor cover label - ""Parker"" 11.625"" x 3.5""",393,"6442 - Die Cut Label Motor cover label - ""Parker"" 11.625"" x 3.5""",Shelf Life Sensitive,20,
"6445 - Sheeted Part Chipboard Cover 13.75"" x 12""",394,"6445 - Sheeted Part Chipboard Cover 13.75"" x 12""",,,
"6460 - Die Cut Part 3M 2364 3.3125"" x 1.3125""",395,"6460 - Die Cut Part 3M 2364 3.3125"" x 1.3125""",Shelf Life Sensitive,20,
"6461 - Die Cut circle 3M 2364 1"" Dia",396,"6461 - Die Cut circle 3M 2364 1"" Dia",Shelf Life Sensitive,20,
"6464 - Butt Cut Part 3M 2364 10.875"" x 5.75""",397,"6464 - Butt Cut Part 3M 2364 10.875"" x 5.75""","Shelf Life Sensitive

Material to have 50% shelf life remaining.",64,
"6466 - Die Cut Part 3M 2364 4.8"" x 7""",398,"6466 - Die Cut Part 3M 2364 4.8"" x 7""",Shelf Life Sensitive,20,
"6467 - Die Cut Part 3M 2364 3.4"" x 4.75""",399,"6467 - Die Cut Part 3M 2364 3.4"" x 4.75""","Shelf Life Sensitive

Material to have 50% shelf life remaining.",64,
"6474 - Die Cut circle 3M 2364 8"" Dia",400,"6474 - Die Cut circle 3M 2364 8"" Dia","Shelf Life Sensitive

Material needs 60% shelf life",51,
"6476 - Die Cut Part 3M 2364 1.75"" Dia",401,"6476 - Die Cut Part 3M 2364 1.75"" Dia",Shelf Life Sensitive,20,
"6477 - Die Cut Part 3M 2364 / 500 Parts / roll 4.5"" Dia",402,"6477 - Die Cut Part 3M 2364 / 500 Parts / roll 4.5"" Dia",Shelf Life Sensitive,20,
"6478 - Die Cut Part 3M 2364 3"" Dia",403,"6478 - Die Cut Part 3M 2364 3"" Dia",Shelf Life Sensitive,20,
"6481 - Die Cut Part 3M 2364 1.625"" Dia",404,"6481 - Die Cut Part 3M 2364 1.625"" Dia",Shelf Life Sensitive,20,
"6483 - Target Tape 1/4"" reflective dots with 1/2"" spacing - WHITE 1/2"" x 42'",405,"6483 - Target Tape 1/4"" reflective dots with 1/2"" spacing - WHITE 1/2"" x 42'","Tools must be sent out after every 25,032 linear feet.",54,
"6484 - Target Tape 1/4"" reflective dots with 1"" spacing - WHITE 1/2"" x 83'",406,"6484 - Target Tape 1/4"" reflective dots with 1"" spacing - WHITE 1/2"" x 83'","Tools must be sent out after every 25,032 linear feet.",54,
"6511 - Die Cut Part 5430, Tape, 6.5 mil, Clear UHMW, Acrylic 1/2"" x 1.25”",407,"6511 - Die Cut Part 5430, Tape, 6.5 mil, Clear UHMW, Acrylic 1/2"" x 1.25”",,,
"6512 - Printed Tape White UPVC Reverse Printed Blue with ""4"" 1/2"" x 80Yd",408,"6512 - Printed Tape White UPVC Reverse Printed Blue with ""4"" 1/2"" x 80Yd",,,
"6513 - Printed Tape White UPVC Reverse Printed Blue with ""3"" 1/2"" x 80Yd",409,"6513 - Printed Tape White UPVC Reverse Printed Blue with ""3"" 1/2"" x 80Yd",,,
"6518 - Target Tape 1/4"" reflective dots with 2"" spacing - WHITE 1/2"" x 167'",410,"6518 - Target Tape 1/4"" reflective dots with 2"" spacing - WHITE 1/2"" x 167'","Tools must be sent out after every 25,050 linear feet.",54,
"6521 - Die Cut Part P224 0.976"" x 0.445""",411,"6521 - Die Cut Part P224 0.976"" x 0.445""",Shelf Life Sensitive,20,
"6524 - Fabricated Part 3M 8671 w/ 2 internal die cut holes 1.88 "" x 4.75""",412,"6524 - Fabricated Part 3M 8671 w/ 2 internal die cut holes 1.88 "" x 4.75""",Shelf Life Sensitive,20,
"6525 - Fabricated Part 3M 8671 w/ 4 internal die cut holes 3.5"" x 10.5""",413,"6525 - Fabricated Part 3M 8671 w/ 4 internal die cut holes 3.5"" x 10.5""",Shelf Life Sensitive,20,
"6526 - Fabricated Part 3M 8671 w/ 4 internal die cut holes 4.75"" x 10.24""",414,"6526 - Fabricated Part 3M 8671 w/ 4 internal die cut holes 4.75"" x 10.24""",Shelf Life Sensitive,20,
"6531 - Die Cut Part 3M 5850 for BOOM 47.75"" x 16.25""",415,"6531 - Die Cut Part 3M 5850 for BOOM 47.75"" x 16.25""",,,
6538 - Slit Tape 3M 9495LE See WO,416,6538 - Slit Tape 3M 9495LE See WO,"Shelf Life Sensitive

If work order calls out rolls under 0.25"" wide then should be JT 8006.
",93,
"6551 - Die Cut Part Insect hang tag with Adh. strip 1.5"" x 3""",417,"6551 - Die Cut Part Insect hang tag with Adh. strip 1.5"" x 3""","Be aware of die strike as deep die strike can cause difficulty in dispensing in the customer's process.

Sold to different customers.  See work order for specifics.",164,
"6552 - Sheeted Part 3M 5925 6.69"" x 2.854""",418,"6552 - Sheeted Part 3M 5925 6.69"" x 2.854""",Shelf Life Sensitive,20,
"6572 - Slit Tape 3M 4941 0.75"" x 25'",419,"6572 - Slit Tape 3M 4941 0.75"" x 25'","Shelf Life Sensitive

Material to have 60% shelf life.",54,
"6575 - Printed Tape White UPVC Reverse Printed Blue with ""6"" 1/2"" x 80Yd",420,"6575 - Printed Tape White UPVC Reverse Printed Blue with ""6"" 1/2"" x 80Yd",,,
"6581 - Printed Tape White UPVC Reverse Printed Blue with ""8"" 1/2"" x 80Yd",421,"6581 - Printed Tape White UPVC Reverse Printed Blue with ""8"" 1/2"" x 80Yd",,,
6597 - Die Cut Part Lower gasket 520mm x 190mm,422,6597 - Die Cut Part Lower gasket 520mm x 190mm,Must run together with JJ 6631,30,
"6605 - Slit Tape Splicing tape - ST-1389 AF 1.5"" x 180'",423,"6605 - Slit Tape Splicing tape - ST-1389 AF 1.5"" x 180'","Must use yellow silicone release tape for splicing.
Slit 9738 to 4 rolls at 11"" and an offcut.  Run the offcuts at 6 across instead of 7.",137,
"6606 - Slit Tape 3M 213 5/8"" x 180Yd",424,"6606 - Slit Tape 3M 213 5/8"" x 180Yd","The jumbos slit on the DUSE become 24"" logs. The CAT ID is 15370 for the 213  24"" log. Only one transaction from jumbo to 24"" is necessary to capture, then reconciliation is able to be done after the new material has been held for the WO.  ",240,
6631 - Die Cut Part Upper gasket 476.3mm x 150mm,425,6631 - Die Cut Part Upper gasket 476.3mm x 150mm,Must run together with JJ 6597,30,
"6634 - Die Cut Part 7333 Cowl Mask 7.608"" x 7.323""",426,"6634 - Die Cut Part 7333 Cowl Mask 7.608"" x 7.323""",,,
"6638 - Die Cut Part A pillar RH 26.40"" x 6.32""",427,"6638 - Die Cut Part A pillar RH 26.40"" x 6.32""",,,
"6639 - Die Cut Part A pillar LH 26.40"" x 6.32""",428,"6639 - Die Cut Part A pillar LH 26.40"" x 6.32""",,,
"6640 - Die Cut Part B pillar RH 17"" x 9.05""",429,"6640 - Die Cut Part B pillar RH 17"" x 9.05""",,,
"6641 - Die Cut Part B pillar LH 17"" x 9.05""",430,"6641 - Die Cut Part B pillar LH 17"" x 9.05""",,,
"6660 - Die Cut Part 3M PUL8591 7.5"" x 3.5""",431,"6660 - Die Cut Part 3M PUL8591 7.5"" x 3.5""",,,
"6661 - Slit Tape 3M 588 2"" x 60Yd",432,"6661 - Slit Tape 3M 588 2"" x 60Yd",Shelf Life Sensitive,20,
"6677 - Printed Tape White tape printed Black ""MIL-100S-1"" 1/2"" x 50Yd",433,"6677 - Printed Tape White tape printed Black ""MIL-100S-1"" 1/2"" x 50Yd",3M 3903 must be refrigerated 24 hours before laminating to liner.  Do not remove from refrigerator until press is set up and ready to run the material.  DO NOT FREEZE THE MATERIAL!,180,
"6695 - Die Cut Part 3M 200 with 3/8"" overhang 6"" Dia",434,"6695 - Die Cut Part 3M 200 with 3/8"" overhang 6"" Dia",,,
"6703 - Slit Tape CHR 2255-2 1.40"" x 36Yd",435,"6703 - Slit Tape CHR 2255-2 1.40"" x 36Yd",Shelf Life Sensitive,20,
"6704 - Die Cut Part Low tack/Low tack Adh. 1"" Dia",436,"6704 - Die Cut Part Low tack/Low tack Adh. 1"" Dia",,,
"6710 - Printed Tape White tape printed Black ""70S-2/ER70S-2"" 1/2"" x 50Yd",437,"6710 - Printed Tape White tape printed Black ""70S-2/ER70S-2"" 1/2"" x 50Yd",3M 3903 must be refrigerated 24 hours before laminating to liner.  Do not remove from refrigerator until press is set up and ready to run the material.  DO NOT FREEZE THE MATERIAL!,180,
"6722 - Linered Tape AB 7305 on liner 15"" x 200Yd",438,"6722 - Linered Tape AB 7305 on liner 15"" x 200Yd",,,
6729 - Die Cut Part 3M 213 masking 128mm x 38mm,439,6729 - Die Cut Part 3M 213 masking 128mm x 38mm,,,
6730 - Die Cut Part 3M 213 masking 10mm Dia,440,6730 - Die Cut Part 3M 213 masking 10mm Dia,,,
"6738 - Sheeted Part 3M 335 with extended liner 3.75"" x 5""",441,"6738 - Sheeted Part 3M 335 with extended liner 3.75"" x 5""",Shelf Life Sensitive,20,
"6741 - Slit Tape 3M 472 6"" x 10Yd",442,"6741 - Slit Tape 3M 472 6"" x 10Yd",,,
"6750 - Slit Tape 3M 3290 0.5"" x 50Yd",443,"6750 - Slit Tape 3M 3290 0.5"" x 50Yd",Shelf Life Sensitive,20,
"6756 - Die Cut Part Label, Reagent, Vent Cover 0.866"" dia with tab",444,"6756 - Die Cut Part Label, Reagent, Vent Cover 0.866"" dia with tab",Shelf Life Sensitive,20,
"6761 - Sheeted Part 3M 4930 1-7/8"" x 7/32""",445,"6761 - Sheeted Part 3M 4930 1-7/8"" x 7/32""","Shelf Life Sensitive

4930 needs 12 months Shelf Life remaining.",64,
"6765 - Die Cut Part 3M 2380 masking tape 0.25"" Dia",446,"6765 - Die Cut Part 3M 2380 masking tape 0.25"" Dia",Material requires 75% Shelf Life. Check PO to confirm. MS,57,
"6766 - Die Cut Part 3M 2380 masking tape 0.5"" Dia",447,"6766 - Die Cut Part 3M 2380 masking tape 0.5"" Dia",Material requires 75% Shelf Life. Check PO to confirm. MS,57,
"6769 - Slit Tape Blue Silicone 0.5"" x 60Yd",448,"6769 - Slit Tape Blue Silicone 0.5"" x 60Yd",Shelf Life Sensitive,20,
"6770 - Slit Tape 3M 63 0.125"" x 36Yd",449,"6770 - Slit Tape 3M 63 0.125"" x 36Yd",Shelf Life Sensitive,20,
"6782 - Butt Cut Parts Foam squares - 10/sheet 1"" x 1""",450,"6782 - Butt Cut Parts Foam squares - 10/sheet 1"" x 1""",,,
"6786 - Laser Cut Part 3M 8671 with Adh. both sides 7.5"" x 2""",451,"6786 - Laser Cut Part 3M 8671 with Adh. both sides 7.5"" x 2""",Shelf Life Sensitive,20,
6792 - Slit Tape Nitto Permacel P-224 See WO,452,6792 - Slit Tape Nitto Permacel P-224 See WO,"Shelf Life Sensitive

Scheduling to print cert with hold list for inclusion in job traveler.",92,
"6800 - Sheeted Part 3M 427 17.22"" x 13.82""",453,"6800 - Sheeted Part 3M 427 17.22"" x 13.82""",This can be ordered as an individual part or as part of a kit.  The CAT number for the kit part is 20385.,105,
"6801 - Sheeted Part 3M 427 14.72"" x 11.31""",454,"6801 - Sheeted Part 3M 427 14.72"" x 11.31""",This can be ordered as an individual part or as part of a kit.  The CAT number for the kit part is 20386.,105,
"6802 - Slit Tape 3M 63 0.25"" x 36Yd",455,"6802 - Slit Tape 3M 63 0.25"" x 36Yd","Shelf Life Sensitive

Only one lot# allowed per order",53,
"6813 - Sheeted Part 3M 427 24.48"" x 17.54""",456,"6813 - Sheeted Part 3M 427 24.48"" x 17.54""",This can be ordered as an individual part or as part of a kit.  The CAT number for the kit part is 20387,104,
"6814 - Sheeted Part 3M 427 26.97"" x 19.99""",457,"6814 - Sheeted Part 3M 427 26.97"" x 19.99""",This can be ordered as an individual part or as part of a kit.  The CAT number for the kit part is 20388,104,
"6815 - Sheeted Part 3M 427 32.59"" x 18.13""",458,"6815 - Sheeted Part 3M 427 32.59"" x 18.13""",This can be ordered as an individual part or as part of a kit.  The CAT number for the kit part is 20389,104,
"6816 - Sheeted Part 3M 427 35.14"" x 20.62""",459,"6816 - Sheeted Part 3M 427 35.14"" x 20.62""",This can be ordered as an individual part or as part of a kit.  The CAT number for the kit part is 20390,104,
"6817 - Sheeted Part 3M 427 27.35"" x 13.22""",460,"6817 - Sheeted Part 3M 427 27.35"" x 13.22""",This can be ordered as an individual part or as part of a kit.  The CAT number for the kit part is 20391,104,
"6818 - Sheeted Part 3M 427 29.88"" x 15.71""",461,"6818 - Sheeted Part 3M 427 29.88"" x 15.71""",This can be ordered as an individual part or as part of a kit.  The CAT number for the kit part is 20392,104,
"6819 - Sheeted Part 3M 427 26.62"" x 14.54""",462,"6819 - Sheeted Part 3M 427 26.62"" x 14.54""",This can be ordered as an individual part or as part of a kit.  The CAT number for the kit part is 20393,104,
"6820 - Sheeted Part 3M 427 29.13"" x 17.04""",463,"6820 - Sheeted Part 3M 427 29.13"" x 17.04""",This can be ordered as an individual part or as part of a kit.  The CAT number for the kit part is 20394,104,
"6821 - Sheeted Part 3M 427 24.48"" x 17.54""",464,"6821 - Sheeted Part 3M 427 24.48"" x 17.54""",This can be ordered as an individual part or as part of a kit.  The CAT number for the kit part is 20395,104,
"6822 - Sheeted Part 3M 427 26.97"" x 19.99""",465,"6822 - Sheeted Part 3M 427 26.97"" x 19.99""",This can be ordered as an individual part or as part of a kit.  The CAT number for the kit part is 20396,104,
"6823 - Sheeted Part 3M 427 32.59"" x 18.13""",466,"6823 - Sheeted Part 3M 427 32.59"" x 18.13""",This can be ordered as an individual part or as part of a kit.  The CAT number for the kit part is 20397,104,
"6824 - Sheeted Part 3M 427 35.14"" x 20.62""",467,"6824 - Sheeted Part 3M 427 35.14"" x 20.62""",This can be ordered as an individual part or as part of a kit.  The CAT number for the kit part is 20398,104,
"6825 - Sheeted Part 3M 427 27.35"" x 13.22""",468,"6825 - Sheeted Part 3M 427 27.35"" x 13.22""",This can be ordered as an individual part or as part of a kit.  The CAT number for the kit part is 20399,104,
"6826 - Sheeted Part 3M 427 29.88"" x 15.71""",469,"6826 - Sheeted Part 3M 427 29.88"" x 15.71""",This can be ordered as an individual part or as part of a kit.  The CAT number for the kit part is 20400,104,
"6829 - Slit Tape 3M 3903 Black 12"" x 50Yd",470,"6829 - Slit Tape 3M 3903 Black 12"" x 50Yd",,,
"6835 - Sheeted Part 3M 1170 3"" x 0.75""",471,"6835 - Sheeted Part 3M 1170 3"" x 0.75""",Shelf Life Sensitive,20,
"6836 - Sheeted Part 5 mil PET 0.50"" x 2.165""",472,"6836 - Sheeted Part 5 mil PET 0.50"" x 2.165""",Polyester must be CLEAR!!!,26,
"6874 - Printed Tape White tape printed Black ""70S-6/ER70S-6"" 1/2"" x 50Yd",473,"6874 - Printed Tape White tape printed Black ""70S-6/ER70S-6"" 1/2"" x 50Yd",3M 3903 must be refrigerated 24 hours before laminating to liner.  Do not remove from refrigerator until press is set up and ready to run the material.  DO NOT FREEZE THE MATERIAL!,180,
"6876 - Printed Tape White tape printed Black ""70S-3/ER70S-3"" 1/2"" x 50Yd",474,"6876 - Printed Tape White tape printed Black ""70S-3/ER70S-3"" 1/2"" x 50Yd",3M 3903 must be refrigerated 24 hours before laminating to liner.  Do not remove from refrigerator until press is set up and ready to run the material.  DO NOT FREEZE THE MATERIAL!,180,
"6923 - Sheeted Part 3M 213 engine blade mask 6.39"" x 3.17""",475,"6923 - Sheeted Part 3M 213 engine blade mask 6.39"" x 3.17""",,,
6928 - Slit Tape 3M 232 6mm x 55m,476,6928 - Slit Tape 3M 232 6mm x 55m,,,
"6931 - Die Cut Part Foam Border 3.22"" x 6.94""",477,"6931 - Die Cut Part Foam Border 3.22"" x 6.94""","Shelf Life Sensitive

See CS/SALES for partial cases, Partial pallets, and over or under shipping.
Can use Rubberlite CAT# 16930  if available as an alternate
Can use Steripax CAT ID 22721 as alternate for pouch (Deviation in place with Allergan)",246,
"6945 - Sheeted Part 8671, Upper Rifle Mount Insulator 1.75"" x 3.06""",478,"6945 - Sheeted Part 8671, Upper Rifle Mount Insulator 1.75"" x 3.06""",Shelf Life Sensitive,20,
"6952 - Slit Tape Kapton 0.75"" x 36Yd",479,"6952 - Slit Tape Kapton 0.75"" x 36Yd","Shelf Life Sensitive

Boxed item to be relabeled (box labels only), and repackaged.",83,
"6960 - Sheeted Part UHMW with 3M VHB 3/4"" X 5""",480,"6960 - Sheeted Part UHMW with 3M VHB 3/4"" X 5""",,,
"6968 - Target Tape 1/4"" reflective dots with 1"" spacing - BLACK 1/2"" x 83'",481,"6968 - Target Tape 1/4"" reflective dots with 1"" spacing - BLACK 1/2"" x 83'","Tools must be sent out after every 25,032 linear feet.",54,
6970 - Die Cut Part PT1100 with 60 mm tab 6mm x 60mm,482,6970 - Die Cut Part PT1100 with 60 mm tab 6mm x 60mm,,,
"6978 - Slit Adh For use on tails and anchors JT 7482 0.25"" wide",483,"6978 - Slit Adh For use on tails and anchors JT 7482 0.25"" wide",This will create CAT# 19511 for JT 7482.,40,
7000 - Slit Tape 3M 232 120mm x 60Yd,484,7000 - Slit Tape 3M 232 120mm x 60Yd,,,
"7004 - Sheeted Part RP+160GF 4"" Dia",485,"7004 - Sheeted Part RP+160GF 4"" Dia",,,
"7005 - Slit Tape 3M 9629FL 0.5"" x 60Yd",486,"7005 - Slit Tape 3M 9629FL 0.5"" x 60Yd",Shelf Life Sensitive,20,
"7006 - Slit Tape 3M 9629FL 1.5"" x 60Yd",487,"7006 - Slit Tape 3M 9629FL 1.5"" x 60Yd",Shelf Life Sensitive,20,
"7018 - Slit Tape CSM w/ 9471LE 6"" x 150'",488,"7018 - Slit Tape CSM w/ 9471LE 6"" x 150'","See WO for PN.  Material may be grey or white.  Finished product length is determined by input CSM.  

See work order for final width.  If CSM is a wide log then make 6"" wide rolls.  If CSM is 6"" wide then trim to 5.75"" for finished roll",237,
7023 - Sheeted Part 3M 4735L Right Hand 309mm x 182.2mm,489,7023 - Sheeted Part 3M 4735L Right Hand 309mm x 182.2mm,,,
7024 - Sheeted Part 3M 4735L Left hand 309mm x 182.2mm,490,7024 - Sheeted Part 3M 4735L Left hand 309mm x 182.2mm,,,
"7027 - Slit Tape Nitto P-221 0.73"" x 36Yd",491,"7027 - Slit Tape Nitto P-221 0.73"" x 36Yd","Shelf Life Sensitive

Material to be no wider than 3"". This uses a tool with 2 different widths and causes excess waste and excess setup to manage wider material.",162,
"7028 - Slit Tape Nitto P-221 1.0"" x 36Yd",492,"7028 - Slit Tape Nitto P-221 1.0"" x 36Yd",Shelf Life Sensitive,20,
"7030 - Slit Tape Nitto P-221 0.30"" x 36Yd",493,"7030 - Slit Tape Nitto P-221 0.30"" x 36Yd","Shelf Life Sensitive

Material to be no wider than 3"". This uses a tool with 2 different widths and causes excess waste and excess setup to manage wider material.

Ceve cut cores only, Tape 10 cores together before removing from the Ceve.",238,
"7035 - Slit Tape Tape, Pressure Sensitive Adh. – Polyimide Various x 36Yd",494,"7035 - Slit Tape Tape, Pressure Sensitive Adh. – Polyimide Various x 36Yd",Shelf Life Sensitive,20,
"7046 - Die Cut Part TM8720XT 0.5"" x 1.5""",495,"7046 - Die Cut Part TM8720XT 0.5"" x 1.5""",Shelf Life Sensitive,20,
"7047 - Die Cut Part TM8720XT 3"" x 1.625""",496,"7047 - Die Cut Part TM8720XT 3"" x 1.625""",Shelf Life Sensitive,20,
"7049 - Laminated Part 3M 467MP on 5 mil PET 4"" x 177'",497,"7049 - Laminated Part 3M 467MP on 5 mil PET 4"" x 177'",,,
"7052 - Die Cut Label 3M 7812 1.5"" x 0.75""",498,"7052 - Die Cut Label 3M 7812 1.5"" x 0.75""",,,
7055 - Die Cut Part Foam w/ Adh. 60mm x 175mm,499,7055 - Die Cut Part Foam w/ Adh. 60mm x 175mm,,,
"7057 - Slit Tape 3M 1318, Yellow See WO",500,"7057 - Slit Tape 3M 1318, Yellow See WO","Shelf Life Sensitive

Make sure the 1318 is Yellow",50,
"7059 - Slit Tape 3M 56 0.125"" x 72Yd",501,"7059 - Slit Tape 3M 56 0.125"" x 72Yd",Shelf Life Sensitive,20,
7061 - Sheeted Part 3M 427 50.8mm x 150mm,502,7061 - Sheeted Part 3M 427 50.8mm x 150mm,,,
"7081 - Sheeted Part ST-1341 1.22"" x 0.435""",503,"7081 - Sheeted Part ST-1341 1.22"" x 0.435""","Clean Handeling Required

Can slit CAT# 17279 (6"" wide) using SA 452 to create CAT# 17280.  Can use any width of 9461P that is less than 6"" to create CAT# 17280.
Wear gloves when handling material",196,
"7082 - Sheeted Part ST-1341 2.32"" x 0.465""",504,"7082 - Sheeted Part ST-1341 2.32"" x 0.465""","Clean Handeling Required

Can slit CAT# 17279 (6"" wide) using SA 452 to create CAT# 17280.  Can use any width of 9461P that is less than 6"" to create CAT# 17280.
Wear gloves when handling material",196,
"7086 - Sheeted Part 3M 8179C 6.25"" Dia",505,"7086 - Sheeted Part 3M 8179C 6.25"" Dia",,,
"7087 - Slit Rolls 3M 472 0.5"" x 10Yd",506,"7087 - Slit Rolls 3M 472 0.5"" x 10Yd",,,
"7120 - Slit Tape K-104 1"" x 36Yd",507,"7120 - Slit Tape K-104 1"" x 36Yd",Shelf Life Sensitive,20,
"7122 - Slit Tape 3M 301+ 3"" x 250Yd",508,"7122 - Slit Tape 3M 301+ 3"" x 250Yd","Width is set at 2.44"" to try and get 23 rolls out of the Jumbo.  Will be called 2.5""",84,
"7126 - Sheeted Part 3M 1538L with back scored liner 4"" x 4"" with 0.5"" strips",509,"7126 - Sheeted Part 3M 1538L with back scored liner 4"" x 4"" with 0.5"" strips",,,
7130 - Slit Tape 3M 373 Blue 32mm x 50m,510,7130 - Slit Tape 3M 373 Blue 32mm x 50m,This is a white/brown core,26,
"7135 - Slit Tape ST 934, 55M tape rolls 5mm X 55m",511,"7135 - Slit Tape ST 934, 55M tape rolls 5mm X 55m",,,
"7145 - Die Cut Part 3M 5958FR with tab 2"" x 2.25""",512,"7145 - Die Cut Part 3M 5958FR with tab 2"" x 2.25""",Shelf Life Sensitive,20,
"7158 - Sheeted Part ST-1406 1/2"" x 1""",513,"7158 - Sheeted Part ST-1406 1/2"" x 1""",Shelf Life Sensitive,20,
"7166 - Die Cut Label Inventory label 11.875"" x 4""",514,"7166 - Die Cut Label Inventory label 11.875"" x 4""",Can also use CAT# 17292,23,
"7170 - Butt Cut Tape d/c PET, double layer 19mm x 19mm",515,"7170 - Butt Cut Tape d/c PET, double layer 19mm x 19mm",,,
"7174 - Die Cut Part RP 16 with 1/2"" tab 0.5"" x 2.5""",516,"7174 - Die Cut Part RP 16 with 1/2"" tab 0.5"" x 2.5""",,,
"7180 - Butt Cut Part Hook Coin Fastener w/ Non-Engagement Edges - Gowns, 0.625"" 1"" x 0.625""",517,"7180 - Butt Cut Part Hook Coin Fastener w/ Non-Engagement Edges - Gowns, 0.625"" 1"" x 0.625""","USE HYDRA JACKS ON CRUSH TOOL AND TORQUE WRENCH WITH THE TRUCK ASSEMBLY ON BUTT CUTTER. 
The Butt Cut for Hook tools must be sent out after every 5,000,000 parts.",162,
"7183 - Slit Tape 3M 365 1/2"" x 60Yd",518,"7183 - Slit Tape 3M 365 1/2"" x 60Yd",Shelf Life Sensitive,20,
"7191 - Perfed Roll 3M 25A29B Perfed every 12.25"" 1.4375"" x 1,000'",519,"7191 - Perfed Roll 3M 25A29B Perfed every 12.25"" 1.4375"" x 1,000'",Boxed Item,10,
7194 - Die Cut Part 51825 56.5mm x 73.8mm,520,7194 - Die Cut Part 51825 56.5mm x 73.8mm,,,
7195 - Die Cut Part 51825 with red stripe 53.5mm x 71mm,521,7195 - Die Cut Part 51825 with red stripe 53.5mm x 71mm,,,
"7196 - Die Cut Part ABI 1510 5.75"" x 1.75""",522,"7196 - Die Cut Part ABI 1510 5.75"" x 1.75""",,,
"7199 - Slit Tape 3M 5419 0.1875"" x 36Yd",523,"7199 - Slit Tape 3M 5419 0.1875"" x 36Yd",Shelf Life Sensitive,20,
"7211 - Sheeted Label Discrepancy marking - Orange 20"" x 13""",524,"7211 - Sheeted Label Discrepancy marking - Orange 20"" x 13""",,367,"Shelf Life Sensitive

IF RUNNING WATER BASED INK ON A3 ONLY
Use 3.0 oz. Glycol in the ink pan of black keep plenty of print clean in ink to keep print from drying on plate, Ph at 8.5 - 9.5 - MS

Use 3.0 ox of Isopropyl Alcohol in the ink pan of Orange to speed drying so the ink does not pick. MS
IF RUNNING WATER BASED INK ON A3 ONLY

Needs 80% Shelf Life remaining."
"7223 - Perfed mask Blue film perfed 18.125"" 6.25"" x 1,500'",525,"7223 - Perfed mask Blue film perfed 18.125"" 6.25"" x 1,500'",BOXED ITEM TO HAVE ALL VENDOR LABELS REMOVED,44,
"7233 - Sheeted Part CSM with 2 layers of 9627 17.75"" x 17.75""",526,"7233 - Sheeted Part CSM with 2 layers of 9627 17.75"" x 17.75""",,,
"7262 - Sheeted Part 7x Cabin Window Inset 16.06"" x 12.26""",527,"7262 - Sheeted Part 7x Cabin Window Inset 16.06"" x 12.26""",This can be ordered as an individual part or as part of a kit.  The CAT number for the kit part is 20375,104,
"7263 - Sheeted Part 7x Cabin Window Outset 18.07"" x 14.26""",528,"7263 - Sheeted Part 7x Cabin Window Outset 18.07"" x 14.26""",This can be ordered as an individual part or as part of a kit.  The CAT number for the kit part is 20376,104,
"7264 - Sheeted Part Outside Cockpit Left Hand Inset 29.76"" x 19.14""",529,"7264 - Sheeted Part Outside Cockpit Left Hand Inset 29.76"" x 19.14""",This can be ordered as an individual part or as part of a kit.  The CAT number for the kit part is 20377,104,
"7272 - Die Cut Part 3M 9629PC 0.375"" x 3"" with 0.25"" tab",530,"7272 - Die Cut Part 3M 9629PC 0.375"" x 3"" with 0.25"" tab",Shelf Life Sensitive,20,
7273 - Die Cut Adh Preform Contact RMM/P 18.6 mm Tabfold 13.09mm x 23.30mm,531,7273 - Die Cut Adh Preform Contact RMM/P 18.6 mm Tabfold 13.09mm x 23.30mm,,,
7274 - Die Cut Adh Preform Tab Mono Tab Nose 22.33mm x 19.76mm,532,7274 - Die Cut Adh Preform Tab Mono Tab Nose 22.33mm x 19.76mm,"If 5.33"" wide FRA 3502 is not available, DO NOT slit rolls on cevi.
Supplying wider rolls is a better option.",109,
7275 - Slit Tape 3M 9495MP 13.5mm x 20Yd,533,7275 - Slit Tape 3M 9495MP 13.5mm x 20Yd,,,
7296 - Die Cut Adh Preform Adh. Preform Color Chip 17.50mm x 19.64mm,534,7296 - Die Cut Adh Preform Adh. Preform Color Chip 17.50mm x 19.64mm,"If 5.33"" wide FRA 3502 is not available, DO NOT slit rolls on cevi.  Supplying wider rolls is a better option.",110,
"7306 - Slit Roll 4712 on 78# liner 16"" x 60Yd",535,"7306 - Slit Roll 4712 on 78# liner 16"" x 60Yd","Shelf Life Sensitive

Width is tape width and not liner width.

80% shelf life remaining on 4712Y.  Order 4712 in increments of 60 yds.",135,
7307 - Sheeted Part PET Film 12.7mm x 39mm,536,7307 - Sheeted Part PET Film 12.7mm x 39mm,"Shelf Life Sensitive

Use CAT# 16665 and slit to 2"" to create CAT# 18102",72,
"7311 - Slit Rolls White PP Film, 3 mil 18mm x 3,200'",537,"7311 - Slit Rolls White PP Film, 3 mil 18mm x 3,200'","These are on 3"" ID cores!  Must use hard plastic cores to prevent cores from crushing.",86,
"7321 - Sheeted Part 3M 4492W with center removed 2.65"" x 2.65""",538,"7321 - Sheeted Part 3M 4492W with center removed 2.65"" x 2.65""",,,
"7324 - Sheeted Part 3M 5962P, holes removed 5.15"" x 5.15""",539,"7324 - Sheeted Part 3M 5962P, holes removed 5.15"" x 5.15""",Shelf Life Sensitive,20,
"7325 - Sheeted Part 3M 5962P, holes removed 3.60"" x 5.50""",540,"7325 - Sheeted Part 3M 5962P, holes removed 3.60"" x 5.50""",Shelf Life Sensitive,20,
"7367 - Tape 3M 97057, 23 Rolls Per Case 0.5"" x 36Yd",541,"7367 - Tape 3M 97057, 23 Rolls Per Case 0.5"" x 36Yd",BOXED,5,
"7373 - Slit Tape 3.5 mil Virgin White Teflon Pipe Thread Seal tape 0.5"" x 520""",542,"7373 - Slit Tape 3.5 mil Virgin White Teflon Pipe Thread Seal tape 0.5"" x 520""",,,
"7374 - Slit Tape 3M 2380 Masking Tape, GT500015844 48mm x 55m",543,"7374 - Slit Tape 3M 2380 Masking Tape, GT500015844 48mm x 55m",BOXED,5,
"7381 - Tape Polyken Technologies #281, Black 2"" x 60Yd",544,"7381 - Tape Polyken Technologies #281, Black 2"" x 60Yd",BOXED ITEM,10,
"7383 - Printed Tape White tape printed Black ""MIL-80S-D2/MIL-90S-D2"" 1/2"" x 50Yd",545,"7383 - Printed Tape White tape printed Black ""MIL-80S-D2/MIL-90S-D2"" 1/2"" x 50Yd",3M 3903 must be refrigerated 24 hours before laminating to liner. Do not remove from refrigerator until press is set up and ready to run the material. DO NOT FREEZE THE MATERIAL!,178,
"7385 - Tape AC Tape, NAPA # TEM209491 ",546,"7385 - Tape AC Tape, NAPA # TEM209491 ",BOXED,5,
"7392 - Slit Rolls 3M 471 Yellow 2.0"" x 36Yd",547,"7392 - Slit Rolls 3M 471 Yellow 2.0"" x 36Yd",BOXED ITEM ,11,
7393 - Die Cut Part 3M 468MP 83.5mm x 60mm,548,7393 - Die Cut Part 3M 468MP 83.5mm x 60mm,Shelf Life Sensitive,20,
7407 - Slit Tape 3M 9495MP 15mm x 20Yd,549,7407 - Slit Tape 3M 9495MP 15mm x 20Yd,,,
"7410 - Tape, Masking Hi Temp, 3M Mfg. & Ind. #2364 1.5"" x 180'",550,"7410 - Tape, Masking Hi Temp, 3M Mfg. & Ind. #2364 1.5"" x 180'",BOXED ITEM,10,
"7413 - Sheeted Part Disposable Thyroid Collar Covers 12"" x 8.54""",551,"7413 - Sheeted Part Disposable Thyroid Collar Covers 12"" x 8.54""",Need Avery # 5163 or 5263 labels for packaging.,47,
"7431 - Slit Tape OPP-CC-3.4 2.0"" x 55Yd",552,"7431 - Slit Tape OPP-CC-3.4 2.0"" x 55Yd",BOXED ITEM,10,
"7432 - Slit Tape 3M 468MP 0.6"" x 60Yd",553,"7432 - Slit Tape 3M 468MP 0.6"" x 60Yd",,255,"Shelf Life Sensitive

I SUGGEST FREEZING ""468MP"" PRIOR TO SLITTING ON THE CEVI. ON FUTURE ORDERS, DUE TO ADHESIVE PICKING VERY BAD AFTER BEING SLIT ON THE CEVI. (""468MP"" SLITS DIFFERENTLY THAN DOUBLE COATED ADHESIVES, DUE TO IT BEING A TRANSFER ADHESIVE)."
"7433 - Tape, Masking, Hi Temp 3M Mfg. & Ind. #GT500015828, 3M 2380 1"" x 60Yd",554,"7433 - Tape, Masking, Hi Temp 3M Mfg. & Ind. #GT500015828, 3M 2380 1"" x 60Yd",BOXED ITEM,10,
"7434 - Tape, Foam, Double Sided 3M Mfg. & Ind. # 70006178779 0.75"" x 216'",555,"7434 - Tape, Foam, Double Sided 3M Mfg. & Ind. # 70006178779 0.75"" x 216'",BOXED ITEM,10,
"7444 - Slit Rolls ST-1214, d/c Silicone Tape 12.0"" x 300'",556,"7444 - Slit Rolls ST-1214, d/c Silicone Tape 12.0"" x 300'",BOXED ITEM,10,
"7450 - Tape, Foil Al Foil Tape. 3M# 70006385283. ID# 70-0063-8528-3 0.75"" x 60Yd",557,"7450 - Tape, Foil Al Foil Tape. 3M# 70006385283. ID# 70-0063-8528-3 0.75"" x 60Yd",BOXED ITEM,10,
7455 - Slit Tape ST-1447 Fine line Ditch masking 9.5mm x 36Yd,558,7455 - Slit Tape ST-1447 Fine line Ditch masking 9.5mm x 36Yd,,,
"7458 - Slit Tape 3M 2380 6"" x 60Yd",559,"7458 - Slit Tape 3M 2380 6"" x 60Yd",,,
"7466 - Slit Tape 3M 8815 2"" x 36Yd",560,"7466 - Slit Tape 3M 8815 2"" x 36Yd",,,
"7468 - Slit Tape, Slit Adh and non-woven For use on tails and anchors JT 7482 0.125""",561,"7468 - Slit Tape, Slit Adh and non-woven For use on tails and anchors JT 7482 0.125""","This will create CAT# 18307 for JT 7482

See Cat # 19273 for possible laminated but not slit material.",102,
"7470 - Tape, Scotch Film Strapping 8898 Blue, 3M #70006272622, 36 Rolls a Case 24mm x 55m",562,"7470 - Tape, Scotch Film Strapping 8898 Blue, 3M #70006272622, 36 Rolls a Case 24mm x 55m",BOXED ITEM,10,
"7479 - Slit Roll 3M High Temperature Paint Masking Film 7300 Translucent 36"" x 1,500'",563,"7479 - Slit Roll 3M High Temperature Paint Masking Film 7300 Translucent 36"" x 1,500'",BOXED ITEM,10,
"7481 - Tape, Masking Hi-Temp, #2380, 3M Mfg. & Industry #70006250669 1.5"" x 60Yd",564,"7481 - Tape, Masking Hi-Temp, #2380, 3M Mfg. & Industry #70006250669 1.5"" x 60Yd",BOXED ITEM,10,
"7482 - Die Cut Part Tail and Anchor set 7.31"" x 3.62""",565,"7482 - Die Cut Part Tail and Anchor set 7.31"" x 3.62""",,,
"7485 - Die Cut Part Large and XL Cap 22.44"" x 11.55""",566,"7485 - Die Cut Part Large and XL Cap 22.44"" x 11.55""",,,
"7487 - Die Cut Part 3M F9460PC 1.5"" x 4.4""",567,"7487 - Die Cut Part 3M F9460PC 1.5"" x 4.4""",Shelf Life Sensitive,20,
"7493 - Sheeted Part 3M 7735 19.375"" x 16""",568,"7493 - Sheeted Part 3M 7735 19.375"" x 16""",,,
"7495 - Die Cut pull strip set For use on job ticket 7482 8"" repeat",569,"7495 - Die Cut pull strip set For use on job ticket 7482 8"" repeat",This creates CAT# 22613 for use on JT 7482,42,
"7498 - Slit Roll Tape, Masking, Hi Temp, 3M 2364 2.0"" x 60Yd",570,"7498 - Slit Roll Tape, Masking, Hi Temp, 3M 2364 2.0"" x 60Yd",,,
"7500 - Tail Adh Strips - 16cm Ver. 2 For use on JT 7482 0.625"" wide",571,"7500 - Tail Adh Strips - 16cm Ver. 2 For use on JT 7482 0.625"" wide",This creates CAT# 18305 for JT 7482,35,
"7501 - Anchor Adh Strips -16cm Ver. 2 For use on JT 7482 0.375""",572,"7501 - Anchor Adh Strips -16cm Ver. 2 For use on JT 7482 0.375""",This creates CAT# 18306 for JT 7482,35,
"7506 - Sheeted Part C1UL D Pillar - RH 6.98"" x 1.3""",573,"7506 - Sheeted Part C1UL D Pillar - RH 6.98"" x 1.3""",,,
7509 - Butt Cut Part 3M 93020LE 19mm x 135mm,574,7509 - Butt Cut Part 3M 93020LE 19mm x 135mm,"Shelf Life Sensitive


.",24,
7510 - Die Cut Adh Preform Top PSA preform 9.45mm x 18.2mm,575,7510 - Die Cut Adh Preform Top PSA preform 9.45mm x 18.2mm,966NP Needs to be frozen 24 hours in advance.,45,
"7523 - Slit Rolls 3M 9672 48"" x 540'",576,"7523 - Slit Rolls 3M 9672 48"" x 540'",BOXED ITEM,10,
"7524 - Slit Rolls 3M 2460, Masking 2.0"" x 180'",577,"7524 - Slit Rolls 3M 2460, Masking 2.0"" x 180'",BOXED ITEM,10,
"7526 - Slit Rolls 24S56W perfed every 10"" ",578,"7526 - Slit Rolls 24S56W perfed every 10"" ","BOXED ITEM- Use CatID# 15286 till completely gone then use CatID# 19864- No change in material, just change in vendor. TF 2/9/2017",130,
7529 - Die Cut Part 3M 401+ with tab 38mm x 70mm,579,7529 - Die Cut Part 3M 401+ with tab 38mm x 70mm,,,
7530 - Die Cut Part 3M 6038PC with tab 40mm x 72mm,580,7530 - Die Cut Part 3M 6038PC with tab 40mm x 72mm,"Rolls of 6038PC should be frozen before run on press.
",54,
7543 - Sheeted Part Natural Adh. Patch 304.8mm x 219.1mm,581,7543 - Sheeted Part Natural Adh. Patch 304.8mm x 219.1mm,54# liner can be reused multiple times,38,
"7545 - Slit Roll Tape, Box Sealing, 3M Manufacturing & Industry #375 Clear 2"" x 60Yd",582,"7545 - Slit Roll Tape, Box Sealing, 3M Manufacturing & Industry #375 Clear 2"" x 60Yd",Boxed Item,10,
"7549 - Slit Roll Tape, Black Carton Sealing, 20 rolls per case 2"" x 60Yd",583,"7549 - Slit Roll Tape, Black Carton Sealing, 20 rolls per case 2"" x 60Yd",,,
"7553 - Sheeted Part 3M 1774T 1.5"" x 1.875""",584,"7553 - Sheeted Part 3M 1774T 1.5"" x 1.875""","Shelf Life Sensitive

Part is sold by the SHEET.  Each sheet has 4 parts on it.",79,
"7557 - Slit Rolls Tape, Masking, Hi Temp, 3M Mfg. & Ind. #2693 2"" x 60Yd",585,"7557 - Slit Rolls Tape, Masking, Hi Temp, 3M Mfg. & Ind. #2693 2"" x 60Yd",BOXED ITEM,10,
"7566 - Sheeted Part C1UL Wheel Flare - Long 17.468"" x 1.002""",586,"7566 - Sheeted Part C1UL Wheel Flare - Long 17.468"" x 1.002""",,,
"7567 - Sheeted Part C1UL Wheel Flare Short 8.252"" x 1.016""",587,"7567 - Sheeted Part C1UL Wheel Flare Short 8.252"" x 1.016""",,,
"7569 - Slit Rolls ATP, DC-PEF06A Black 0.5"" x 36Yd",588,"7569 - Slit Rolls ATP, DC-PEF06A Black 0.5"" x 36Yd",BOXED ITEM,10,
"7578 - Sheeted Part C1UL Spoiler Die cut #1 2.2754"" x 5.3404""",589,"7578 - Sheeted Part C1UL Spoiler Die cut #1 2.2754"" x 5.3404""",,,
"7579 - Die Cut Part C1UL Spoiler Die cut #2 3.682"" x 5.75""",590,"7579 - Die Cut Part C1UL Spoiler Die cut #2 3.682"" x 5.75""",,,
"7580 - Die Cut Part C1UL Spoiler Die cut #3 7.21"" x 5.75""",591,"7580 - Die Cut Part C1UL Spoiler Die cut #3 7.21"" x 5.75""",,,
"7581 - Sheeted Part C1UL Spoiler Die cut #4 4.0831"" x 7.3397""",592,"7581 - Sheeted Part C1UL Spoiler Die cut #4 4.0831"" x 7.3397""",,,
"7590 - Die Cut Part Metallic Foil 0.47"" x 2.35""",593,"7590 - Die Cut Part Metallic Foil 0.47"" x 2.35""",,,
"7592 - Slit Tape ST-1453 Fine line Ditch masking 1"" x 36Yd",594,"7592 - Slit Tape ST-1453 Fine line Ditch masking 1"" x 36Yd",,,
"7596 - Sheeted Part Black Roof Rear Driver 6"" x 5.79""",595,"7596 - Sheeted Part Black Roof Rear Driver 6"" x 5.79""",,,
"7597 - Sheeted Part Black Roof Rear Passenger 6"" x 5.79""",596,"7597 - Sheeted Part Black Roof Rear Passenger 6"" x 5.79""",,,
"7601 - Die Cut Part CSM Cu/Tin/PET w/ Adh. Laminate 0.75"" x 6.818""",597,"7601 - Die Cut Part CSM Cu/Tin/PET w/ Adh. Laminate 0.75"" x 6.818""",,,
"7603 - Laminated Part CSM heat laminated materials 95mm x 1,200'",598,"7603 - Laminated Part CSM heat laminated materials 95mm x 1,200'",,,
"7604 - Sheeted Part Front Drivers Side 3.70"" x 3.84""",599,"7604 - Sheeted Part Front Drivers Side 3.70"" x 3.84""",,,
"7605 - Sheeted Part Front Passengers Side 3.70"" x 3.84""",600,"7605 - Sheeted Part Front Passengers Side 3.70"" x 3.84""",,,
"7639 - Perfed Roll 3195C/EZ Perfed every 15.75"" 2.5625"" x 1,000'",601,"7639 - Perfed Roll 3195C/EZ Perfed every 15.75"" 2.5625"" x 1,000'","BOXED ITEM - CORE LABELS with part # 47469

- OK to leave Surface Guard/Pregis labels on product.",97,
"7674 - Sheeted Part C1UL D Pillar - LH 6.98"" x 1.3""",602,"7674 - Sheeted Part C1UL D Pillar - LH 6.98"" x 1.3""",,,
"7675 - Die Cut Part 6"" x 3.939"" Printed Label for Foam Borders (C-Foam), Color 2766C (Dark Purple) 6"" x 4""",603,"7675 - Die Cut Part 6"" x 3.939"" Printed Label for Foam Borders (C-Foam), Color 2766C (Dark Purple) 6"" x 4""","Shelf Life Sensitive

Creates Catalog # 23655

20231 can be used as an alternate material",89,
"7676 - Slit Tape Box Sealing, Transparent, 3M mfg. & Ind. 375, LPD: 3W655 48mm x 50m",604,"7676 - Slit Tape Box Sealing, Transparent, 3M mfg. & Ind. 375, LPD: 3W655 48mm x 50m",BOXED ITEM ,11,
7677 - Die Cut Part ST-1480 Windsor Mold Mask 121.3mm x 49.0mm,605,7677 - Die Cut Part ST-1480 Windsor Mold Mask 121.3mm x 49.0mm,,,
"7680 - Slit Rolls SG 3130C 6.0"" x 1,000'",606,"7680 - Slit Rolls SG 3130C 6.0"" x 1,000'",BOXED ITEM,10,
"7685 - Sheeted Part 3M 1504XL 9.25"" x 1.75""",607,"7685 - Sheeted Part 3M 1504XL 9.25"" x 1.75""",,,
7700 - Die Cut Part DXL Mono 23.85mm x 57.04mm,608,7700 - Die Cut Part DXL Mono 23.85mm x 57.04mm,,,
"7708 - Slit Tape Splicing tape, Blue 1.5"" x 180'",609,"7708 - Slit Tape Splicing tape, Blue 1.5"" x 180'",Must use yellow silicone release tape for splicing.,51,
"7726 - Die Cut Part Hose Card, Gown 2.91"" x 2.91""",610,"7726 - Die Cut Part Hose Card, Gown 2.91"" x 2.91""","Can use 1504XL(19312)/Q200(19311) with DD 36/DD 37 if necessary or 1504XL is available.  Need to use 3.16"" wide custom cores (6"" ID X 10"" OD).

Old Part number - 78-8083-7046-0          EXP part number - 42-0027-6948-9",218,
"7727 - Die cut part Tape, 0.75"" X 1.25"", Roll 1.25"" x 0.75""",611,"7727 - Die cut part Tape, 0.75"" X 1.25"", Roll 1.25"" x 0.75""",#N/A,#N/A,
"7728 - Die Cut Part Tape, 0.5"" X 2.0"", Roll 2"" x 0.5""",612,"7728 - Die Cut Part Tape, 0.5"" X 2.0"", Roll 2"" x 0.5""",,,
"7737 - Tape M60 with 1/4"" extended liner w/ eyemark every 12"" and ""Watershed..Tape"" 2"" x 216Yd",613,"7737 - Tape M60 with 1/4"" extended liner w/ eyemark every 12"" and ""Watershed..Tape"" 2"" x 216Yd",,,
"7740 - Sheeted Part Right Hand Skirt mask 2.23"" x 3.84""",614,"7740 - Sheeted Part Right Hand Skirt mask 2.23"" x 3.84""",,,
"7741 - Sheeted Part Left Hand Skirt mask 2.23"" x 3.84""",615,"7741 - Sheeted Part Left Hand Skirt mask 2.23"" x 3.84""",,,
"7746 - Sheeted Part Star with tabs 2.44"" x 2.92""",616,"7746 - Sheeted Part Star with tabs 2.44"" x 2.92""",,,
"7747 - Sheeted Part Doughnut with tab 3.35"" Dia",617,"7747 - Sheeted Part Doughnut with tab 3.35"" Dia",Need packager at press to immediately remove the centers of the doughnut.,73,
"7753 - Die Cut Part Therapy Electrode Punched Lidding Layer 7"" x 6""",618,"7753 - Die Cut Part Therapy Electrode Punched Lidding Layer 7"" x 6""","6"" ID plastic core on Delta run and 3"" ID plastic core on Preco run
*No Use As-Is or Rework permitted on Zoll Products*",119,
"7759 - Slit Roll Nominal rolls of flat back tape that complies with ASTM5486 Type V 2"" x 60Yd",619,"7759 - Slit Roll Nominal rolls of flat back tape that complies with ASTM5486 Type V 2"" x 60Yd","Shelf Life Sensitive

BOXED ITEM
• Use the freshest material (within Shelf Life) possible.
• Material Shelf Life needs to checked before shipping.",146,
"7762 - Slit Tape 3M 8926-02 1.1"" x 40m",620,"7762 - Slit Tape 3M 8926-02 1.1"" x 40m",,,
7763 - Die Cut Part 3M 96042 7mm x 8mm,621,7763 - Die Cut Part 3M 96042 7mm x 8mm,,,
"7764 - Slit Roll Self wound PET overlaminating film 1/2"" x 10,000'",622,"7764 - Slit Roll Self wound PET overlaminating film 1/2"" x 10,000'",BOXED ITEM,10,
"7769 - Slit Tape 3M 9828 1"" x 1,400'",623,"7769 - Slit Tape 3M 9828 1"" x 1,400'",,,
"7776 - Sheeted Part 3M 8671/9471LE, Insulator, Grab Handle 3.81"" x 3.39""",624,"7776 - Sheeted Part 3M 8671/9471LE, Insulator, Grab Handle 3.81"" x 3.39""",Shelf Life Sensitive,20,
"7777 - Laminated Rolls IPG OM/Mylar liner 15"" x 60Yd",625,"7777 - Laminated Rolls IPG OM/Mylar liner 15"" x 60Yd",,,
"7780 - Slit Tape 3M 2364 0.75"" x 400""",626,"7780 - Slit Tape 3M 2364 0.75"" x 400""",,,
"7784 - Die Cut Part 4.4 mil Liner/Post-it 4"" OD x 0.4"" ID",627,"7784 - Die Cut Part 4.4 mil Liner/Post-it 4"" OD x 0.4"" ID",,,
7786 - Die Cut Part 2916P/5915P 106mm Dia,628,7786 - Die Cut Part 2916P/5915P 106mm Dia,,,
"7789 - Sheeted Part 3426A 24"" x 18""",629,"7789 - Sheeted Part 3426A 24"" x 18""","Shelf Life Sensitive

Store incoming 3426A in packaging area of the Clean room.

DO NOT PRODUCE PARTS MORE THAN 2 WEEKS PRIOR TO THE SHIP DATE.

Make liner rolls as long as possible.",182,
"7792 - Masking Tape 3M 2393 2"" x 60Yd",630,"7792 - Masking Tape 3M 2393 2"" x 60Yd",,,
"7795 - Slit Tape 3M 232 0.25"" x 60Yd",631,"7795 - Slit Tape 3M 232 0.25"" x 60Yd",,,
"7802 - Sheeted Part 1/16"" Thick ""Twinstick"" d/c tape 1"" x 3""",632,"7802 - Sheeted Part 1/16"" Thick ""Twinstick"" d/c tape 1"" x 3""",BOXED ITEM,10,
7806 - Die Cut Part Foam/Adh. 50mm x 50mm,633,7806 - Die Cut Part Foam/Adh. 50mm x 50mm,"Step 1: Wind down on DUSE creates CAT ID: 18991. Logs should be reconciled out by removing from hold list and adjusting inventory, then adding in the 9.6"" rolls and hold for the work order.",189,
"7811 - Slit Rolls 3M 415 6.25"" x ""see WO""Yd",634,"7811 - Slit Rolls 3M 415 6.25"" x ""see WO""Yd",BOXED ITEM,10,
"7814 - Slit Roll ST-1338 1.75"" x 36Yd",635,"7814 - Slit Roll ST-1338 1.75"" x 36Yd",Shelf Life Sensitive,20,
"7815 - Slit Roll ST-1338 0.75"" x 36Yd",636,"7815 - Slit Roll ST-1338 0.75"" x 36Yd","Shelf Life Sensitive

BOXED ITEM - Order without markings....
Remove any ATP markings",85,
"7821 - Die Cut Part Foil w/ 468MP, Perf between parts 8.81"" x 8.81""",637,"7821 - Die Cut Part Foil w/ 468MP, Perf between parts 8.81"" x 8.81""",,279,"Clean Handeling Required

Shelf Life Sensitive

Note: It is ""Very Important"" not to contact the surface of this material any more than necessary.  Take all precautions to reduce contact and unnecessary handling (wear black nitrile gloves to limit fingerprints on finished parts)."
7827 - Sheeted Part 3M 1522 85.73mm x 57.15mm,638,7827 - Sheeted Part 3M 1522 85.73mm x 57.15mm,,,
7828 - Slit Tape 3M 8810 8mm x 108',639,7828 - Slit Tape 3M 8810 8mm x 108',,,
"7829 - Slit Tape 3M 213 1"" x 60Yd",640,"7829 - Slit Tape 3M 213 1"" x 60Yd",,,
"7843 - Slit Tape Yellow UPVC printed ""Inspected...P-21234"" 3/4"" x 72Yd",641,"7843 - Slit Tape Yellow UPVC printed ""Inspected...P-21234"" 3/4"" x 72Yd",,,
7853 - Die Cut Part Aperture protector 25mm x 185.96mm,642,7853 - Die Cut Part Aperture protector 25mm x 185.96mm,,,
"7856 - Sheeted Part 3M 4951 4.5"" x 8""",643,"7856 - Sheeted Part 3M 4951 4.5"" x 8""",Shelf Life Sensitive,20,
"7867 - Sheeted Part 3M SJ3550 1"" Dia",644,"7867 - Sheeted Part 3M SJ3550 1"" Dia",,,
"7880 - Die Cut Part Arrow box label 1.75"" x 4""",645,"7880 - Die Cut Part Arrow box label 1.75"" x 4""","Shelf Life Sensitive

For internal use on Zeltiq packaging

This creates CAT# 19272

21263 can be used as an alternate label stock",130,
"7881 - Sheeted Part TM 4200 24"" x 18""",646,"7881 - Sheeted Part TM 4200 24"" x 18""","Shelf Life Sensitive

Store incoming TM4200 in packaging area of the Clean room.

DO NOT PRODUCE PARTS MORE THAN 2 WEEKS PRIOR TO THE SHIP DATE.",144,
"7883 - Slit Tape 3M 93010LE 12.0"" x 1,080'",647,"7883 - Slit Tape 3M 93010LE 12.0"" x 1,080'",,,
"7889 - Slit Tape 3M 301+ 12"" x 60Yd",648,"7889 - Slit Tape 3M 301+ 12"" x 60Yd",,,
7890 - Slit Tape 3M 56 See WO,649,7890 - Slit Tape 3M 56 See WO,"Shelf Life Sensitive

Need 100 yd. master rolls on PLASTIC CORES",64,
7897 - Sheeted Part PSA Capping Strip 368mm x 45mm,650,7897 - Sheeted Part PSA Capping Strip 368mm x 45mm,,,
"7900 - Laminated Tape CSM - AS203/AS203/Skyrol/AS203/Skyrol/AS203 4"" x 4.5""",651,"7900 - Laminated Tape CSM - AS203/AS203/Skyrol/AS203/Skyrol/AS203 4"" x 4.5""","Clean Handeling Required

This JJ creates CAT# 19037 for use on other Akonni projects.

Slitting and laminating involving the AS203 Must be produced in clean room with humidity below 30% RH",189,
7902 - Slit Roll Nitto RB200S See Work order,652,7902 - Slit Roll Nitto RB200S See Work order,Shelf Life Sensitive,20,
"7903 - Sheeted Part Cool Advantage Gasket 2.346"" x 6.674""",653,"7903 - Sheeted Part Cool Advantage Gasket 2.346"" x 6.674""","Shelf Life Sensitive

Use Cat# 20038 as alternate for pouches.",62,
"7906 - Slit Roll 3M 213 3.0"" x 60Yd",654,"7906 - Slit Roll 3M 213 3.0"" x 60Yd","BOXED ITEM
",11,
"7913 - Slit Roll 3M 1533L 3.0"" x 72Yd",655,"7913 - Slit Roll 3M 1533L 3.0"" x 72Yd",BOXED ITEM,10,
"7914 - Slit Roll 3M 1533L 6.0"" x 72Yd",656,"7914 - Slit Roll 3M 1533L 6.0"" x 72Yd",BOXED ITEM,10,
"7930 - Slit Tape 3M 9495LE 2"" x 180'",657,"7930 - Slit Tape 3M 9495LE 2"" x 180'",,,
"7933 - Slit foam Tape ST-2115, 1/2"" Thick 1.0"" x 20'",658,"7933 - Slit foam Tape ST-2115, 1/2"" Thick 1.0"" x 20'","Provide Pace 3 with 30"" wide plastic (Northcore, 3"" Plastic 0.10"" HDPE) cores to log wind product for step 3",108,
7938 - Die Cut Part Front Preform Juno 17mm x 17.82mm,659,7938 - Die Cut Part Front Preform Juno 17mm x 17.82mm,Tape Guide spacers are in bag marked JJ 7938 on peg board with other tape guide spacers.,88,
7939 - Die Cut Part Top Preform Juno 28.18mm x 17.82mm,660,7939 - Die Cut Part Top Preform Juno 28.18mm x 17.82mm,,,
"7947 - Tape 3M 231 1"" x 60Yd",661,"7947 - Tape 3M 231 1"" x 60Yd",,,
"7954 - Die Cut Part MacTac IB1200XTW60, Triangle 4.0"" x 2.0""",662,"7954 - Die Cut Part MacTac IB1200XTW60, Triangle 4.0"" x 2.0""",,,
"7963 - Sheeted Part Cool Advantage Plus Gasket 9.802"" x 2.556""",663,"7963 - Sheeted Part Cool Advantage Plus Gasket 9.802"" x 2.556""",Shelf Life Sensitive,20,
"7975 - Slit Roll ABI 7405 30"" x 200Yd",664,"7975 - Slit Roll ABI 7405 30"" x 200Yd",BOXED ITEM ,11,
7991 - Sheeted Part 3M 9795R with 10mm extended liner on both sides 19.75mm x 75mm,665,7991 - Sheeted Part 3M 9795R with 10mm extended liner on both sides 19.75mm x 75mm,,,
"7994 - Sheeted Part Insulator, Bottom Latch Bracket 3.5"" x 2""",666,"7994 - Sheeted Part Insulator, Bottom Latch Bracket 3.5"" x 2""",Shelf Life Sensitive,20,
"7996 - Slit Tape DC-PEF06A Black 0.75"" x 36Yd",667,"7996 - Slit Tape DC-PEF06A Black 0.75"" x 36Yd",,,
"8003 - Slit Roll 3M 467MP 24"" x 60Yd",668,"8003 - Slit Roll 3M 467MP 24"" x 60Yd",BOXED ITEM,10,
"8021 - Slit Roll 3M 231 masking tape 1/8"" x 60Yd",669,"8021 - Slit Roll 3M 231 masking tape 1/8"" x 60Yd",,,
"8022 - Die Cut Part Hose Card Plug/Hose Cover 3.44"" x 2.75""",670,"8022 - Die Cut Part Hose Card Plug/Hose Cover 3.44"" x 2.75""","Can also use XR 4115 or XR 4123 in place of 9579.  
Need to use 3.75"" wide custom cores (6"" ID X 10"" OD).

See Work Order for PN and Ship To",140,
8035 - Sheeted Part CSM - 5 mil PP 120mm x 120mm,671,8035 - Sheeted Part CSM - 5 mil PP 120mm x 120mm,,,
8036 - Slit Tape RB200S slit to multiple widths Various x 656',672,8036 - Slit Tape RB200S slit to multiple widths Various x 656',,,
"8037 - Die Cut Part Hose Card, Narrow, MNL 4"" x 3.25""",673,"8037 - Die Cut Part Hose Card, Narrow, MNL 4"" x 3.25""","Can use 1504XL(19312) with DD 35 if necessary or 1504XL is available.
",70,
"8049 - Slit Tape CSM - 5100-85 6"" x 25Yd",674,"8049 - Slit Tape CSM - 5100-85 6"" x 25Yd",,,
"8075 - Sheeted Part Acrylic Foam Tape 2.95"" x 2.95""",675,"8075 - Sheeted Part Acrylic Foam Tape 2.95"" x 2.95""",,,
"8090 - Die Cut Part 3M 5906 Filter Adh. 2.115"" x 0.200""",676,"8090 - Die Cut Part 3M 5906 Filter Adh. 2.115"" x 0.200""",,,
8093 - Die Cut Perf on a Roll ABI 7333 360mm x 168mm,677,8093 - Die Cut Perf on a Roll ABI 7333 360mm x 168mm,,,
"8094 - Sheeted Part Insulator, Door Strap 1.0"" x 2.5""",678,"8094 - Sheeted Part Insulator, Door Strap 1.0"" x 2.5""",Shelf Life Sensitive,20,
8128 - Die Cut Part 3M 468MP 12.13mm x 28mm w/ 12mm tab,679,8128 - Die Cut Part 3M 468MP 12.13mm x 28mm w/ 12mm tab,Shelf Life Sensitive,20,
8129 - Die Cut Part 3M 468MP 12.13mm x 20mm w/ 12mm tab,680,8129 - Die Cut Part 3M 468MP 12.13mm x 20mm w/ 12mm tab,Shelf Life Sensitive,20,
8130 - Die Cut Part 3M 468MP 12.13mm x 48mm w/ 22mm tab,681,8130 - Die Cut Part 3M 468MP 12.13mm x 48mm w/ 22mm tab,Shelf Life Sensitive,20,
"8133 - Sheeted Part CSM - 5952P 2"" x 2""",682,"8133 - Sheeted Part CSM - 5952P 2"" x 2""",,,
8141 - Slit Tape 3M 93010LE 2.5mm x 18Yd,683,8141 - Slit Tape 3M 93010LE 2.5mm x 18Yd,,,
8142 - Die Cut Part 3M 5952 38mm x 141mm,684,8142 - Die Cut Part 3M 5952 38mm x 141mm,Liner needs to be exact input width if running on Pace 2.,57,
"8150 - Die Cut Part Adh., Front, Bottom Cap, Bracket 0.3681"" x 1.5""",685,"8150 - Die Cut Part Adh., Front, Bottom Cap, Bracket 0.3681"" x 1.5""",,350,"Shelf Life Sensitive

Changed the setup on this job when it ran the first time. We left the liner on the adhesive as long as possible so we had something to register the die to. Pics were not taken so we will need to make sure we setup this way the next time this job runs.  - Note from See Engineering Area - 3/20/2019

Freeze adhesive ahead of time"
"8173 - Die Cut Part CR-V Grille H 6.51"" x 5.69""",686,"8173 - Die Cut Part CR-V Grille H 6.51"" x 5.69""",,,
"8178 - Sheeted Part Cool Advantage Petite Gasket 2.346"" x 5.103""",687,"8178 - Sheeted Part Cool Advantage Petite Gasket 2.346"" x 5.103""","Shelf Life Sensitive

Use Cat# 19284 and 20570 as alternates to to 20692 and 20677 for foam and PET respectively.  Please note that while wider PET can be used with the narrow foam, wide foam cannot be used with narrow PET.",223,
8183 - Die Cut Part Laser backing blank 25mm x 162.5mm,688,8183 - Die Cut Part Laser backing blank 25mm x 162.5mm,Clean Handeling Required,24,
"8184 - Die Cut Part Tape, Plasma Guard 28mm x 180.5mm",689,"8184 - Die Cut Part Tape, Plasma Guard 28mm x 180.5mm",,,
"8191 - Die Cut Part TLX Rocker Mask LH rev 6 3.19"" x 4.40""",690,"8191 - Die Cut Part TLX Rocker Mask LH rev 6 3.19"" x 4.40""",,,
"8195 - Slit Roll 3M 87630A 4"" x 100'",691,"8195 - Slit Roll 3M 87630A 4"" x 100'",,,
"8197 - Printed Film 3M 7300 42"" x 500'",692,"8197 - Printed Film 3M 7300 42"" x 500'",Rolls of 7300 to be purchased by Strouse - Sent to Corydon for printing and perfing.  Rolls to be sent back to Strouse for inspection.,134,
"8207 - Die Cut Part TLX Rocker Mask RH rev 6 3.19"" x 4.40""",693,"8207 - Die Cut Part TLX Rocker Mask RH rev 6 3.19"" x 4.40""",,,
"8221 - Sheeted Part 3M 7840HL 11"" x 7""",694,"8221 - Sheeted Part 3M 7840HL 11"" x 7""",,,
"8223 - Target Tape 1/4"" reflective dots with 2"" spacing - BLACK 1/2"" x 167'",695,"8223 - Target Tape 1/4"" reflective dots with 2"" spacing - BLACK 1/2"" x 167'","Tools must be sent out after every 25,050 linear feet.",54,
8226 - Die Cut Part 5 mil Polyimide 6mm Dia,696,8226 - Die Cut Part 5 mil Polyimide 6mm Dia,Shelf Life Sensitive,20,
"8227 - Die Cut Part 3M 4941 OD/ID 0.9"" OD x 0.65"" ID",697,"8227 - Die Cut Part 3M 4941 OD/ID 0.9"" OD x 0.65"" ID",,,
"8233 - Sheeted Part AFTC 5319 0.47"" x 1.57""",698,"8233 - Sheeted Part AFTC 5319 0.47"" x 1.57""",Shelf Life Sensitive,20,
"8239 - Slit Tape 3M 4950 2"" x 36Yd",699,"8239 - Slit Tape 3M 4950 2"" x 36Yd",,,
"8252 - Slit Tape 3M 2090 2"" x 60Yd",700,"8252 - Slit Tape 3M 2090 2"" x 60Yd",,,
"8264 - Sheeted Part GE Engine mask 15"" x 2.75""",701,"8264 - Sheeted Part GE Engine mask 15"" x 2.75""",,,
"8267 - Slit Tape 3M 468MP 20"" x 180Yd",702,"8267 - Slit Tape 3M 468MP 20"" x 180Yd",,,
"8270 - Printed Label Brown Kraft printed Blue with ""TransferRite"" 19"" x 3.5""",703,"8270 - Printed Label Brown Kraft printed Blue with ""TransferRite"" 19"" x 3.5""",1 - gallon prints about 50 M Labels.,36,
"8271 - Printed Label Brown Kraft printed Red with ""ProtectRite"" 19"" x 3.5""",704,"8271 - Printed Label Brown Kraft printed Red with ""ProtectRite"" 19"" x 3.5""",1 - gallon prints about 50 M Labels.,36,
"8272 - Printed Label Brown Kraft printed Green with ""Autowrap"" 19"" x 5""",705,"8272 - Printed Label Brown Kraft printed Green with ""Autowrap"" 19"" x 5""","1 - gallon prints about 50 M Labels.

Use up all CAT# 22707 prior to using the material(CAT#23493) in the bill of materials.",124,
"8273 - Printed Label Brown Kraft printed Blue with ""StencilRite"" 19"" x 3.5""",706,"8273 - Printed Label Brown Kraft printed Blue with ""StencilRite"" 19"" x 3.5""",1 - gallon prints about 50 M Labels.,36,
"8274 - Slit Tape SG 25A25C 6"" x 300'",707,"8274 - Slit Tape SG 25A25C 6"" x 300'",,,
"8286 - Sheeted Part P104878F 4.875"" x 5.943""",708,"8286 - Sheeted Part P104878F 4.875"" x 5.943""",,,
"8288 - Slit Tape ST-2119 1/2"" x 5,000'",709,"8288 - Slit Tape ST-2119 1/2"" x 5,000'",Measure and record durometer of log prior to slitting.,54,
"8293 - Die Cut Part Wafer Seal

 1"" Dia",710,"8293 - Die Cut Part Wafer Seal

 1"" Dia","Shelf Life Sensitive

Creates CAT# 19916.",41,
"8296 - Sheeted Part P105376K 5"" x 6.67""",711,"8296 - Sheeted Part P105376K 5"" x 6.67""",,,
"8304 - Sheeted Part Roscolux 94 Kelly Green 1.43"" x 1.30""",712,"8304 - Sheeted Part Roscolux 94 Kelly Green 1.43"" x 1.30""",,,
8314 - Die Cut Part SG Polymask 3195EZ 590mm x 45mm,713,8314 - Die Cut Part SG Polymask 3195EZ 590mm x 45mm,,,
8315 - Die Cut Part SG Polymask 3195EZ 341mm x 43mm,714,8315 - Die Cut Part SG Polymask 3195EZ 341mm x 43mm,,,
"8319 - Die Cut Part 3M 5952 3.69"" x 0.5""",715,"8319 - Die Cut Part 3M 5952 3.69"" x 0.5""",Shelf Life Sensitive,20,
"8329 - Sheeted Part #23 Trim Strips 11.5"" x 0.5""",716,"8329 - Sheeted Part #23 Trim Strips 11.5"" x 0.5""",Have Packager at press during run.,34,
"8331 - Sheeted Part 3M SJ3560 2.75"" x 1""",717,"8331 - Sheeted Part 3M SJ3560 2.75"" x 1""",,,
"8334 - Sheeted Part Laser cut stencil 15"" x 7""",718,"8334 - Sheeted Part Laser cut stencil 15"" x 7""",,,
"8337 - Die Cut Part Shield, AL Foil Adh., 4-Port 1.080"" x 0.240""",719,"8337 - Die Cut Part Shield, AL Foil Adh., 4-Port 1.080"" x 0.240""",Shelf Life Sensitive,20,
"8338 - Die Cut Part Shield, AL Foil Adh., 2-Port 0.410"" x 0.240""",720,"8338 - Die Cut Part Shield, AL Foil Adh., 2-Port 0.410"" x 0.240""",Shelf Life Sensitive,20,
"8339 - Die Cut Part Shield, AL Foil Adh., 1-Port 0.320"" x 0.240""",721,"8339 - Die Cut Part Shield, AL Foil Adh., 1-Port 0.320"" x 0.240""",Shelf Life Sensitive,20,
"8346 - Die Cut Part GE PN 3074T08P02 1-7/16"" x 9/32""",722,"8346 - Die Cut Part GE PN 3074T08P02 1-7/16"" x 9/32""",,,
"8348 - Die Cut Part GE PN T700 3/4"" x 1/8""",723,"8348 - Die Cut Part GE PN T700 3/4"" x 1/8""",,,
"8349 - Die Cut Part GE PN 6078T19P10 9/16"" x 1/8""",724,"8349 - Die Cut Part GE PN 6078T19P10 9/16"" x 1/8""",,,
"8356 - Slit Tape 3M 3903 1/2"" x 50Yd",725,"8356 - Slit Tape 3M 3903 1/2"" x 50Yd",,,
"8359 - Die Cut Part GE PN 6051T72G02 1/2"" x 1/8""",726,"8359 - Die Cut Part GE PN 6051T72G02 1/2"" x 1/8""",,,
"8360 - Die Cut Part GE PN 5101T38G08-1 1-3/16"" x 9/32""",727,"8360 - Die Cut Part GE PN 5101T38G08-1 1-3/16"" x 9/32""",,,
"8362 - Die Cut Part GE PN 5101T38G08-2 2"" x 9/32""",728,"8362 - Die Cut Part GE PN 5101T38G08-2 2"" x 9/32""",,,
"8364 - Sheeted Part Mated hook and loop 1.5"" x 1""",729,"8364 - Sheeted Part Mated hook and loop 1.5"" x 1""",,,
8372 - Sheeted Part 3M 4008 82mm x 7mm,730,8372 - Sheeted Part 3M 4008 82mm x 7mm,Shelf Life Sensitive,20,
8373 - Sheeted Part 3M 4941 41mm x 38mm,731,8373 - Sheeted Part 3M 4941 41mm x 38mm,Shelf Life Sensitive,20,
8375 - Sheeted Part 3M 9703 9mm x 9mm,732,8375 - Sheeted Part 3M 9703 9mm x 9mm,Shelf Life Sensitive,20,
8376 - Sheeted Part PPI TC-250B 114mm x 105mm,733,8376 - Sheeted Part PPI TC-250B 114mm x 105mm,Shelf Life Sensitive,20,
"8381 - Printed Tape 3M 1529 5"" x 1,500'",734,"8381 - Printed Tape 3M 1529 5"" x 1,500'",Use same printing plate as JT 8667/JT 8777,42,
"8382 - Sheeted Part 3M 1522 0.5"" x 3""",735,"8382 - Sheeted Part 3M 1522 0.5"" x 3""",,,
"8384 - Printed Tape Light green PVC printed black ""Tower 1"" 1"" x 72Yd",736,"8384 - Printed Tape Light green PVC printed black ""Tower 1"" 1"" x 72Yd",,,
"8385 - Printed Tape Light Blue EE12 printed black ""Tower 2"" 1"" x 72Yd",737,"8385 - Printed Tape Light Blue EE12 printed black ""Tower 2"" 1"" x 72Yd",,,
"8386 - Printed Tape Red EE12 printed black ""Tower 3"" 1"" x 72Yd",738,"8386 - Printed Tape Red EE12 printed black ""Tower 3"" 1"" x 72Yd",,,
"8387 - Printed Tape EE12 printed black ""Tower 4"" 1"" x 72Yd",739,"8387 - Printed Tape EE12 printed black ""Tower 4"" 1"" x 72Yd",,,
"8395 - Sheeted Part 3M 5930P 4.4"" x 5.5""",740,"8395 - Sheeted Part 3M 5930P 4.4"" x 5.5""",,,
"8411 - Butt Cut Tape ST-1753 butt cut every 4"" w/ tab 4"" x 4""",741,"8411 - Butt Cut Tape ST-1753 butt cut every 4"" w/ tab 4"" x 4""","1/2"" material should be as long as possible.

Liner needs to be press slit to 4.25 NO WIDER.",92,
8416 - Sheeted Part 22-TS0-R##-FCSpacer-483_LFA 8.00_170614 85.9mm x 25.2mm,742,8416 - Sheeted Part 22-TS0-R##-FCSpacer-483_LFA 8.00_170614 85.9mm x 25.2mm,,393,"Clean Handeling Required

See WO for specific lot # of materials to be used on each job.
Do not clean the spacers after laser cutting.
Laser cut the material with the double adhesive layer facing down on the laser bed.
Label or otherwise identify the double adhesive layer on the spacers.
Please specify the lot number of the AS-203 and Skyrol on the packing slip for quality control purposes."
8423 - Slit Tape 3M 3073 72mm x 50m,743,8423 - Slit Tape 3M 3073 72mm x 50m,Use any other 72mm wide tape for set-up.,40,
"8431 - Slit Tape P-221 3/16"" x 36Yd",744,"8431 - Slit Tape P-221 3/16"" x 36Yd","Clean Handeling Required

Wear gloves when handling material.",61,
"8432 - Slit Roll 2.5 mil C1S Easy Release liner 2.5"" x 1,340'",745,"8432 - Slit Roll 2.5 mil C1S Easy Release liner 2.5"" x 1,340'",,,
8435 - Perfed Film Pregis 2A04B Blue 271mm x 39.5mm,746,8435 - Perfed Film Pregis 2A04B Blue 271mm x 39.5mm,,,
8437 - Die Cut Part 3M 4955 60mm x 6mm,747,8437 - Die Cut Part 3M 4955 60mm x 6mm,Shelf Life Sensitive,20,
8440 - Die Cut Part Bezel Mask Protective Film 53.4mm x 94.6mm,748,8440 - Die Cut Part Bezel Mask Protective Film 53.4mm x 94.6mm,,,
"8442 - Sheeted Part 3M 4496W 4"" x 2""",749,"8442 - Sheeted Part 3M 4496W 4"" x 2""",,,
"8444 - Sheeted Part Cool Advantage Gasket 2.346"" x 6.674""",750,"8444 - Sheeted Part Cool Advantage Gasket 2.346"" x 6.674""",Shelf Life Sensitive,20,
"8445 - Sheeted Part Cool Advantage Plus Gasket 9.802"" x 2.556""",751,"8445 - Sheeted Part Cool Advantage Plus Gasket 9.802"" x 2.556""",Shelf Life Sensitive,20,
"8446 - Sheeted Part Cool Advantage Petite Gasket 2.346"" x 5.103""",752,"8446 - Sheeted Part Cool Advantage Petite Gasket 2.346"" x 5.103""","Shelf Life Sensitive

Use Cat# 19284 and 20570 as alternates to to 20692 and 20677 for foam and PET respectively.  Please note that while wider PET can be used with the narrow foam, wide foam cannot be used with narrow PET.",223,
"8458 - Die Cut Part 6"" x 4"" Printed Label for Advantage Pouch, Color 10220C (Metallic Purple) 6"" x 4""",753,"8458 - Die Cut Part 6"" x 4"" Printed Label for Advantage Pouch, Color 10220C (Metallic Purple) 6"" x 4""","Creates Catalog # 20230

20231 can be used as an alternate material",67,
"8469 - Sheeted Part 3M 5930P 6.73"" x 5.37""",754,"8469 - Sheeted Part 3M 5930P 6.73"" x 5.37""",,,
"8475 - Slit Tape ST-934 0.75"" x 55m",755,"8475 - Slit Tape ST-934 0.75"" x 55m",BOXED ITEM TO BE RELABELED,26,
"8476 - Slit Tape Tesa 62932 1"" x 55Yd",756,"8476 - Slit Tape Tesa 62932 1"" x 55Yd",Shelf Life Sensitive,20,
"8477 - Sheeted Part 3M SJ3571 White Loop 5/8"" 0.625"" Dia",757,"8477 - Sheeted Part 3M SJ3571 White Loop 5/8"" 0.625"" Dia",,283,"Packaging case dividers - PLEASE USE OUT THE FOLLOWING PRODUCT BEFORE CHANGING TO NEW CAT#'S 20503 & 20504:  20368 - 23"" X 12.25"" X .020"" CHIPBOARD
                                                               20369 - 23"" X 2.25"" X .020"" CHIPBOARD


Use CAT# 20596 until it is gone."
"8478 - Sheeted Part 3M SJ3572 White Hook 5/8"" 0.625"" Dia",758,"8478 - Sheeted Part 3M SJ3572 White Hook 5/8"" 0.625"" Dia",,283,"Packaging case dividers - PLEASE USE OUT THE FOLLOWING PRODUCT BEFORE CHANGING TO NEW CAT#'S 20503 & 20504:  20368 - 23"" X 12.25"" X .020"" CHIPBOARD
                                                               20369 - 23"" X 2.25"" X .020"" CHIPBOARD


Use CAT# 20596 until it is gone."
"8479 - Sheeted Part 3M SJ3571 Black Loop 5/8"" 0.625"" Dia",759,"8479 - Sheeted Part 3M SJ3571 Black Loop 5/8"" 0.625"" Dia",,283,"Packaging case dividers - PLEASE USE OUT THE FOLLOWING PRODUCT BEFORE CHANGING TO NEW CAT#'S 20503 & 20504:  20368 - 23"" X 12.25"" X .020"" CHIPBOARD
                                                               20369 - 23"" X 2.25"" X .020"" CHIPBOARD


Use CAT# 20596 until it is gone."
"8480 - Sheeted Part 3M SJ3572 Black Hook 5/8"" 0.625"" Dia",760,"8480 - Sheeted Part 3M SJ3572 Black Hook 5/8"" 0.625"" Dia",,283,"Packaging case dividers - PLEASE USE OUT THE FOLLOWING PRODUCT BEFORE CHANGING TO NEW CAT#'S 20503 & 20504:  20368 - 23"" X 12.25"" X .020"" CHIPBOARD
                                                               20369 - 23"" X 2.25"" X .020"" CHIPBOARD


Use CAT# 20596 until it is gone."
"8481 - Sheeted Part 3M SJ3571 White Loop 3/4"" 0.75"" Dia",761,"8481 - Sheeted Part 3M SJ3571 White Loop 3/4"" 0.75"" Dia",,283,"Packaging case dividers - PLEASE USE OUT THE FOLLOWING PRODUCT BEFORE CHANGING TO NEW CAT#'S 20503 & 20504:  20368 - 23"" X 12.25"" X .020"" CHIPBOARD
                                                               20369 - 23"" X 2.25"" X .020"" CHIPBOARD


Use CAT# 20596 until it is gone."
"8482 - Sheeted Part 3M SJ3572 White Hook 3/4"" 0.75"" Dia",762,"8482 - Sheeted Part 3M SJ3572 White Hook 3/4"" 0.75"" Dia",,283,"Packaging case dividers - PLEASE USE OUT THE FOLLOWING PRODUCT BEFORE CHANGING TO NEW CAT#'S 20503 & 20504:  20368 - 23"" X 12.25"" X .020"" CHIPBOARD
                                                               20369 - 23"" X 2.25"" X .020"" CHIPBOARD


Use CAT# 20596 until it is gone."
"8483 - Sheeted Part 3M SJ3571 White Loop 7/8"" 0.875"" x 0.875""",763,"8483 - Sheeted Part 3M SJ3571 White Loop 7/8"" 0.875"" x 0.875""",,283,"Packaging case dividers - PLEASE USE OUT THE FOLLOWING PRODUCT BEFORE CHANGING TO NEW CAT#'S 20503 & 20504:  20368 - 23"" X 12.25"" X .020"" CHIPBOARD
                                                               20369 - 23"" X 2.25"" X .020"" CHIPBOARD


Use CAT# 20596 until it is gone."
"8484 - Sheeted Part 3M SJ3572 White Hook 7/8"" 0.875"" x 0.875""",764,"8484 - Sheeted Part 3M SJ3572 White Hook 7/8"" 0.875"" x 0.875""",,283,"Packaging case dividers - PLEASE USE OUT THE FOLLOWING PRODUCT BEFORE CHANGING TO NEW CAT#'S 20503 & 20504:  20368 - 23"" X 12.25"" X .020"" CHIPBOARD
                                                               20369 - 23"" X 2.25"" X .020"" CHIPBOARD


Use CAT# 20596 until it is gone."
"8485 - Sheeted Part 3M SJ3571 Black Loop 7/8"" 0.875"" x 0.875""",765,"8485 - Sheeted Part 3M SJ3571 Black Loop 7/8"" 0.875"" x 0.875""",,283,"Packaging case dividers - PLEASE USE OUT THE FOLLOWING PRODUCT BEFORE CHANGING TO NEW CAT#'S 20503 & 20504:  20368 - 23"" X 12.25"" X .020"" CHIPBOARD
                                                               20369 - 23"" X 2.25"" X .020"" CHIPBOARD


Use CAT# 20596 until it is gone."
"8486 - Sheeted Part 3M SJ3572 Black Hook 7/8"" 0.875"" x 0.875""",766,"8486 - Sheeted Part 3M SJ3572 Black Hook 7/8"" 0.875"" x 0.875""",,283,"Packaging case dividers - PLEASE USE OUT THE FOLLOWING PRODUCT BEFORE CHANGING TO NEW CAT#'S 20503 & 20504:  20368 - 23"" X 12.25"" X .020"" CHIPBOARD
                                                               20369 - 23"" X 2.25"" X .020"" CHIPBOARD


Use CAT# 20596 until it is gone."
"8498 - Sheeted Part 15"" Ford Fiesta Wheel Mask 16.6"" Dia",767,"8498 - Sheeted Part 15"" Ford Fiesta Wheel Mask 16.6"" Dia",,,
"8508 - Slit Tape CSM, Flexcon FLX000322 2"" x 500'",768,"8508 - Slit Tape CSM, Flexcon FLX000322 2"" x 500'",,,
8510 - Sheeted Part 3M SJ3550CF 15mm x 25.4mm,769,8510 - Sheeted Part 3M SJ3550CF 15mm x 25.4mm,Shelf Life Sensitive,20,
8514 - Foam Die Cut ETTH Cheek Pad - Standard 57.2mm x 69.9mm,770,8514 - Foam Die Cut ETTH Cheek Pad - Standard 57.2mm x 69.9mm,,,
8515 - Foam Die Cut ETTH Cheek Pad - Small 42.86mm x 52.39mm,771,8515 - Foam Die Cut ETTH Cheek Pad - Small 42.86mm x 52.39mm,,,
"8523 - Slit Tape 3M 4929 0.1875"" x 36Yd",772,"8523 - Slit Tape 3M 4929 0.1875"" x 36Yd",Shelf Life Sensitive,20,
8529 - Perfed Tape SG 25A29C 332mm x 48mm,773,8529 - Perfed Tape SG 25A29C 332mm x 48mm,"If perfing on press and slitting on the Cevenini: provide press with cores that are 1.5"" wider than the input rolls of adhesive (4 cores are required for every input roll of adhesive).",184,
"8531 - Slit Tape ST-2119 0.69"" x 5,000'",774,"8531 - Slit Tape ST-2119 0.69"" x 5,000'",Measure and record durometer of log prior to slitting.,54,
8533 - Slit Tape 3M 218 Green w/ liner Various - See WO,775,8533 - Slit Tape 3M 218 Green w/ liner Various - See WO,"Shelf Life Sensitive

SHELF LIFE (85% REMAINING)",48,
8535 - Perfed Tape SG 25A29C 390mm x 38mm,776,8535 - Perfed Tape SG 25A29C 390mm x 38mm,"If perfing on press and slitting on the Cevenini: provide press with cores that are 1.5"" wider than the input rolls of adhesive (2 cores are required for every input roll of adhesive).",184,
"8540 - Die Cut Part 3M 4926 1"" x 1""",777,"8540 - Die Cut Part 3M 4926 1"" x 1""",,,
"8543 - Perfed Tape ABI 8510 Blue/ perfed 3"" 2"" x 110Yd",778,"8543 - Perfed Tape ABI 8510 Blue/ perfed 3"" 2"" x 110Yd",,,
"8578 - Die Cut Part JM Mask - 2 piece set 7.99"" x 7.65""",779,"8578 - Die Cut Part JM Mask - 2 piece set 7.99"" x 7.65""",,,
"8579 - Die Cut Part CE Mask 3.35"" x 4.48""",780,"8579 - Die Cut Part CE Mask 3.35"" x 4.48""",,,
"8586 - Slit Tape AFTC 5310 XL 3/4"" x 99'",781,"8586 - Slit Tape AFTC 5310 XL 3/4"" x 99'",,,
"8588 - Slit Adh 3M 966 12"" x 180'",782,"8588 - Slit Adh 3M 966 12"" x 180'",,,
8592 - Die Cut Part White PE Foam 50.6mm x 2mm,783,8592 - Die Cut Part White PE Foam 50.6mm x 2mm,Shelf Life Sensitive,20,
"8594 - Die Cut Part SG 13220L 3"" x 3""",784,"8594 - Die Cut Part SG 13220L 3"" x 3""",,,
"8597 - Slit Tape 3M 69 2.0"" x 36Yd",785,"8597 - Slit Tape 3M 69 2.0"" x 36Yd","Multiple customers order this product.  See work order for company and part number.  

We can under ship and back order but cannot over ship.",141,
"8604 - Die Cut Part 3M 92 0.2"" x 0.2""",786,"8604 - Die Cut Part 3M 92 0.2"" x 0.2""","Shelf Life Sensitive

3M 92 material needs to have 80% shelf life.",66,
8611 - Sheeted Part RH Absorber pad 11.3mm x 4.9mm,787,8611 - Sheeted Part RH Absorber pad 11.3mm x 4.9mm,Shelf Life Sensitive,20,
8612 - Sheeted Part RH Absorber pad 11.3mm x 6.4mm,788,8612 - Sheeted Part RH Absorber pad 11.3mm x 6.4mm,Shelf Life Sensitive,20,
8613 - Sheeted Part RH Absorber pad 13.3mm x 6.9mm,789,8613 - Sheeted Part RH Absorber pad 13.3mm x 6.9mm,Shelf Life Sensitive,20,
"8614 - Die Cut Part 3M 5962P 3.178"" x 4.3""",790,"8614 - Die Cut Part 3M 5962P 3.178"" x 4.3""","Shelf Life Sensitive

Note 10"" ID cores needed.",47,
"8624 - Slit Tape 3M 69 3.0"" x 36Yd",791,"8624 - Slit Tape 3M 69 3.0"" x 36Yd",,,
8626 - Sheeted Part CSM Lidding seal 9mm Dia,792,8626 - Sheeted Part CSM Lidding seal 9mm Dia,,,
"8637 - Die Cut Part Matte Silver printed 2 color 1.5"" x 3""",793,"8637 - Die Cut Part Matte Silver printed 2 color 1.5"" x 3""","Check CATID# 23143 for pre-printed material.
",45,
"8638 - Die Cut Part 3M RP45 die cut and perfed 0.75"" x 2"" with tab",794,"8638 - Die Cut Part 3M RP45 die cut and perfed 0.75"" x 2"" with tab",,,
"8642 - Slit Tape 3M 9828 XL liner 2.5"" x 1,400'",795,"8642 - Slit Tape 3M 9828 XL liner 2.5"" x 1,400'",,,
8643 - Slit Tape 3M 8412 Various,796,8643 - Slit Tape 3M 8412 Various,"Shelf Life Sensitive

MUST HAVE 75% SHELF LIFE OR MORE REMAINING",64,
8644 - Slit Tape 3M 234 Various,797,8644 - Slit Tape 3M 234 Various,"Shelf Life Sensitive

MUST HAVE 75% SHELF LIFE OR MORE REMAINING",64,
"8650 - Sheeted Part 3M 1774W 18"" x 24""",798,"8650 - Sheeted Part 3M 1774W 18"" x 24""","Store incoming 1774W in packaging area of the Clean room.

DO NOT PRODUCE PARTS MORE THAN 2 WEEKS PRIOR TO THE SHIP DATE.",121,
"8651 - Die Cut Part 3M 5952P VHB seal 3.2"" x 4.46""",799,"8651 - Die Cut Part 3M 5952P VHB seal 3.2"" x 4.46""","Shelf Life Sensitive

See special comments on Work Order for certs and other special requirements",97,
"8658 - Sheeted Part Triangles - 2018 4.5"" x 3.375""",800,"8658 - Sheeted Part Triangles - 2018 4.5"" x 3.375""",Clean Handeling Required,24,
8659 - Die Cut Part  ,801,8659 - Die Cut Part  ,TRIAL - Many different materials and combinations.  See ENGINEERING,67,
"8663 - Sheeted Part Variety - 2018 4.5"" x 3.375""",802,"8663 - Sheeted Part Variety - 2018 4.5"" x 3.375""",Clean Handeling Required,24,
"8664 - Die Cut Part Stiffener 0.787"" Dia",803,"8664 - Die Cut Part Stiffener 0.787"" Dia",,,
"8665 - Laminated Roll 3M 1522 24"" x 72Yd",804,"8665 - Laminated Roll 3M 1522 24"" x 72Yd",,,
8668 - Die Cut Part Pad Foam Large Rear Hsg Calypso 6.6mm x 12.6mm,805,8668 - Die Cut Part Pad Foam Large Rear Hsg Calypso 6.6mm x 12.6mm,,,
8669 - Die Cut Part Pad Foam Small Rear Hsg Calypso 5.5mm x 7.1mm,806,8669 - Die Cut Part Pad Foam Small Rear Hsg Calypso 5.5mm x 7.1mm,,,
"8673 - Slit Roll 3M 9086 d/c tape 0.25"" x 165Yd",807,"8673 - Slit Roll 3M 9086 d/c tape 0.25"" x 165Yd",Must be on plastic cores - if log not on plastic core notify Purchasing.,72,
"8675 - Male Carrier Strip Dark Blue Dual Cap 1.11"" x 7.00""",808,"8675 - Male Carrier Strip Dark Blue Dual Cap 1.11"" x 7.00""",,,
"8679 - Slit Tape ABI 8510 Blue 2"" x 110Yd",809,"8679 - Slit Tape ABI 8510 Blue 2"" x 110Yd",,,
"8680 - Slit Tape 3M 4956XL 1"" x 120'",810,"8680 - Slit Tape 3M 4956XL 1"" x 120'",,,
"8689 - Die Cut Part 3M RP45 die cut and perfed 0.75"" x 0.75"" with tab",811,"8689 - Die Cut Part 3M RP45 die cut and perfed 0.75"" x 0.75"" with tab",,,
8691 - Die Cut Part Gasket LCD Foam Calypso 71.5mm x 44.88mm,812,8691 - Die Cut Part Gasket LCD Foam Calypso 71.5mm x 44.88mm,,,
8692 - Die Cut Part Foam TW Conn Retainer BTM Housing Calypso 4mm x 4mm,813,8692 - Die Cut Part Foam TW Conn Retainer BTM Housing Calypso 4mm x 4mm,,,
"8693 - Female Carrier Strip Light Blue Dual Cap 1.11"" x 10.75""",814,"8693 - Female Carrier Strip Light Blue Dual Cap 1.11"" x 10.75""",,,
"8707 - Sheeted Part Volara 2A Foam & 3M 1522 1.25"" Dia",815,"8707 - Sheeted Part Volara 2A Foam & 3M 1522 1.25"" Dia",,,
8715 - Slit Roll Headliner film without masking 22mm x 100m,816,8715 - Slit Roll Headliner film without masking 22mm x 100m,,,
"8717 - Sheeted Part Oral Hydration indicator 1.59"" x 2.80""",817,"8717 - Sheeted Part Oral Hydration indicator 1.59"" x 2.80""",,,
"8719 - Slit Tape 3M 8555 11.5"" x 72Yd",818,"8719 - Slit Tape 3M 8555 11.5"" x 72Yd",Shelf Life Sensitive,20,
"8725 - Sheeted Part Canister Label Assembly 5.73"" x 3.44""",819,"8725 - Sheeted Part Canister Label Assembly 5.73"" x 3.44""",,,
"8726 - Sheeted Part RFID VHB label 1.25"" Dia",820,"8726 - Sheeted Part RFID VHB label 1.25"" Dia",Shelf Life Sensitive,20,
8727 - Die Cut Part 3M 4914 10.3mm x 27.6mm,821,8727 - Die Cut Part 3M 4914 10.3mm x 27.6mm,Shelf Life Sensitive,20,
"8728 - Die Cut Part Matte Silver 1.5"" x 3.0""",822,"8728 - Die Cut Part Matte Silver 1.5"" x 3.0""",,,
8730 - Slit Tape 3M 9793R 24mm x 25Yd,823,8730 - Slit Tape 3M 9793R 24mm x 25Yd,,,
"8733 - Die Cut Part Hose Card Model 555 3.625"" Dia",824,"8733 - Die Cut Part Hose Card Model 555 3.625"" Dia",Please observe FIFO when holding and pulling material for this job.,67,
"8738 - Sheeted Part Magnetic Shield painted black 2.91"" x 0.70""",825,"8738 - Sheeted Part Magnetic Shield painted black 2.91"" x 0.70""","Gaps and voids in adhesive and liner are acceptable per Engineering and Sales.

Paint - 6 spray cans for 5,000 parts ",117,
"8740 - Fabricated Part 1 mil PET/9458 15"" x 180Yd",826,"8740 - Fabricated Part 1 mil PET/9458 15"" x 180Yd",,,
"8747 - Die Cut Label Strouse Accuplace label 1.25"" Dia",827,"8747 - Die Cut Label Strouse Accuplace label 1.25"" Dia",,,
"8750 - Printed Tape White printed black 0.5"" x 225Yd",828,"8750 - Printed Tape White printed black 0.5"" x 225Yd","""No Strouse Markings""
Must use plain cores only
Labels on all 4 sides of the box.",81,
"8751 - Butt Cut Part Hook Coin Fastener w/ Non-Engagement Edges - Gowns, 2.5"" 1"" x 2.5""",829,"8751 - Butt Cut Part Hook Coin Fastener w/ Non-Engagement Edges - Gowns, 2.5"" 1"" x 2.5""","USE HYDRA JACKS ON CRUSH TOOL AND TORQUE WRENCH WITH THE TRUCK ASSEMBLY WITH THE FULL THREAD BLOCKS ON THE BUTT CUTTER. 
The Butt Cut for Hook tools must be sent out after every 5,000,000 parts.",194,
"8755 - Sheeted Part 3M 213 5.75"" x 2.5""",830,"8755 - Sheeted Part 3M 213 5.75"" x 2.5""","Runs with JT 8756 using 6"" wide tape.  If only running 8755 - you can use 3"" wide tape.",87,
"8756 - Sheeted Part 3M 213 5.75"" x 2.5""",831,"8756 - Sheeted Part 3M 213 5.75"" x 2.5""","Runs with JT 8755 using 6"" wide tape.  If only running 8756 - you can use 3"" wide tape.",87,
"8757 - Fabricated Part Ultraweld Top Bus 3.5"" x 164'",832,"8757 - Fabricated Part Ultraweld Top Bus 3.5"" x 164'",,,
"8758 - Die Cut Part Tape, 0.5"" X 2.0"", Roll 2"" x 0.5""",833,"8758 - Die Cut Part Tape, 0.5"" X 2.0"", Roll 2"" x 0.5""","Cut the factory splice indicator flags flush with BH material before running.

Order Q200 at 5,000 ft and clear splices if possible.",132,
8762 - Die Cut Part 3M 5915P 22.1mm x 10mm,834,8762 - Die Cut Part 3M 5915P 22.1mm x 10mm,Shelf Life Sensitive,20,
"8765 - Die Cut Part Tape, 0.75"" X 1.25"", Roll 1.25"" x 0.75""",835,"8765 - Die Cut Part Tape, 0.75"" X 1.25"", Roll 1.25"" x 0.75""",Cut the factory splice indicator flags flush with BH material before running.,77,
8767 - Sheeted Part EPE sheets 80mmx 60mm,836,8767 - Sheeted Part EPE sheets 80mmx 60mm,"Convert all material sent in by customer.
When slitting material down on Duse please slit at 750' for easier handling at press. MS
Material may be White, Black, or Clear.",170,
"8772 - Paint Adhesion Tape ST-1195 on plain cores 2"" x 60Yd",837,"8772 - Paint Adhesion Tape ST-1195 on plain cores 2"" x 60Yd","Do not produce more than 10% over on order quantity.  Ship/invoice ALL PRODUCT we produce on stocking orders.

See pictures for Ink Mixture 2 oz MEK to half ink cup Y-122 and hair dryer setting 2 high heat and blow 1 medium heat high blow.",239,
"8777 - Printed Tape MED 5707 5"" x 100Yd",838,"8777 - Printed Tape MED 5707 5"" x 100Yd",Use same printing plate as JT 8381/JT 8667,42,
"8778 - Sheeted Part Long Sheet - 2016 4.5"" x 3.375""",839,"8778 - Sheeted Part Long Sheet - 2016 4.5"" x 3.375""",,,
"8779 - Slit Tape 3M 8686 0.75"" x 36Yd",840,"8779 - Slit Tape 3M 8686 0.75"" x 36Yd",,,
"8789 - Sheeted Part 3M 9916 2.5"" x 0.5""",841,"8789 - Sheeted Part 3M 9916 2.5"" x 0.5""","Sold by the sheet.  10,000 parts = 10,000 sheets (20,000 strips)",64,
"8791 - Butt Cut Part 3M FP0862 17"" x 14""",842,"8791 - Butt Cut Part 3M FP0862 17"" x 14""",,,
8796 - Die Cut Part Left Hand diffuser 35.5mm x 22.0mm,843,8796 - Die Cut Part Left Hand diffuser 35.5mm x 22.0mm,,,
8797 - Die Cut Part Right Hand diffuser 35.5mm x 22.0mm,844,8797 - Die Cut Part Right Hand diffuser 35.5mm x 22.0mm,,,
"8801 - Sheeted Part Screen Protector 5.94"" x 4.13""",845,"8801 - Sheeted Part Screen Protector 5.94"" x 4.13""",Shelf Life Sensitive,20,
"8802 - Slit Tape 3M 8555 6"" x 72Yd",846,"8802 - Slit Tape 3M 8555 6"" x 72Yd",Shelf Life Sensitive,20,
"8804 - Sheeted Part 3M 1509 24"" x 18""",847,"8804 - Sheeted Part 3M 1509 24"" x 18""","Store incoming 1509 in packaging area of the Clean room.

DO NOT PRODUCE PARTS MORE THAN 2 WEEKS PRIOR TO THE SHIP DATE.",120,
"8815 - Butt Cut Part 3M 1181 0.5"" x 3.15""",848,"8815 - Butt Cut Part 3M 1181 0.5"" x 3.15""",,,
8816 - Die Cut Part Preform Contact 15mm x 18.6mm,849,8816 - Die Cut Part Preform Contact 15mm x 18.6mm,,,
"8821 - Sheeted Part CSM fabric with 3M 1524 4.5"" x 2.25""",850,"8821 - Sheeted Part CSM fabric with 3M 1524 4.5"" x 2.25""",Note: There may be multiple colors of CSM per order.,52,
"8824 - Fabricated Part 3 mil Polypro film with holes 18mm x 3,200'",851,"8824 - Fabricated Part 3 mil Polypro film with holes 18mm x 3,200'",,,
8825 - Laminated Roll CSM Teflon with 13220L See WO,852,8825 - Laminated Roll CSM Teflon with 13220L See WO,"See work order for special packaging instructions.  If none, then revert to packaging instructions on JT.
Roll will be marked with side to laminate ""liner"" to.  Liner = 13220L
CSM may vary in color, thickness, or length.  Please run all CSM.",241,
"8826 - Sheeted Part Hose Card Plug, Manual 2.74"" x 2.74""",853,"8826 - Sheeted Part Hose Card Plug, Manual 2.74"" x 2.74""",Save pallets from HIPS raw material so they may be re-used.,59,
8831 - Sheeted Part VHB Die cut 66.06mm x 29.85mm,854,8831 - Sheeted Part VHB Die cut 66.06mm x 29.85mm,,,
"8833 - Sheeted Part 3M 414DC 2"" x 1""",855,"8833 - Sheeted Part 3M 414DC 2"" x 1""",,,
"8834 - Sheeted Part Tesa 62932 3.025"" x 2.45""",856,"8834 - Sheeted Part Tesa 62932 3.025"" x 2.45""",,,
"8835 - Sheeted Part Poron 4701-40 1.25"" x 0.25""",857,"8835 - Sheeted Part Poron 4701-40 1.25"" x 0.25""",,,
"8837 - Die Cut Part Printed foam part 1.18"" x 0.71""",858,"8837 - Die Cut Part Printed foam part 1.18"" x 0.71""",There are 3 different parts on this die.  Make sure you are using the correct one.,82,
8838 - Slit Tape Nitto RB200S See WO,859,8838 - Slit Tape Nitto RB200S See WO,,,
"8839 - Sheeted Part 90# C2S tabs with 1/2"" BLUE STRIPE 1"" x 4""",860,"8839 - Sheeted Part 90# C2S tabs with 1/2"" BLUE STRIPE 1"" x 4""",,,
8841 - Trial LC Covers 3.967mm x 1.392mm,861,8841 - Trial LC Covers 3.967mm x 1.392mm,,,
8842 - Die Cut Part Left Hand diffuser 35.5mm x 22.0mm,862,8842 - Die Cut Part Left Hand diffuser 35.5mm x 22.0mm,,,
8843 - Die Cut Part Right Hand diffuser 35.5mm x 22.0mm,863,8843 - Die Cut Part Right Hand diffuser 35.5mm x 22.0mm,,,
8844 - Die Cut Part Left Hand diffuser 35.5mm x 22.0mm,864,8844 - Die Cut Part Left Hand diffuser 35.5mm x 22.0mm,,,
8845 - Die Cut Part Right Hand diffuser 35.5mm x 22.0mm,865,8845 - Die Cut Part Right Hand diffuser 35.5mm x 22.0mm,,,
"8846 - Sheeted Part Pall Versapor Oleophobic filter 1.08"" x 0.33""",866,"8846 - Sheeted Part Pall Versapor Oleophobic filter 1.08"" x 0.33""",,,
"8847 - Sheeted Part 20 mil PC with 3M 467MP 5.75"" X 2.75""",867,"8847 - Sheeted Part 20 mil PC with 3M 467MP 5.75"" X 2.75""",,,
"8848 - Die Cut Part PRV label 0.5"" Dia",868,"8848 - Die Cut Part PRV label 0.5"" Dia",,,
"8849 - Fabricated Part PET with foil and conductive ink 4"" x 1,000'",869,"8849 - Fabricated Part PET with foil and conductive ink 4"" x 1,000'","We will be slitting 22 out of the foil and adhesive, but we are using two lanes on each finished roll. 

Order long length rolls of foil if large order, at least 1,000 ft or what makes sense with adhesive",204,
"8852 - Slit Tape 3M 8555 0.25"" x 72Yd",870,"8852 - Slit Tape 3M 8555 0.25"" x 72Yd",Shelf Life Sensitive,20,
"8853 - Sheeted Part CSM with 6035PC 3"" x 48""",871,"8853 - Sheeted Part CSM with 6035PC 3"" x 48""",,265,"All handling of roll form materials must be done with a lift and sling only.
When setting up for job use Dayton Hydraulic lifter to get rolls on to table (take off the plate if plate is on) When putting rolls onto the lifter use pole to place the roll on the lifter"
"8854 - Sheeted Part CSM with 6035PC 5"" x 48""",872,"8854 - Sheeted Part CSM with 6035PC 5"" x 48""",All handling of roll form materials must be done with a lift and sling only,75,
"8856 - Sheeted Part 3M 7070UV 16"" x 10""",873,"8856 - Sheeted Part 3M 7070UV 16"" x 10""",,,
"8857 - Printed Tape White tape printed Black ""Mil-80S-D2"" 1/2"" x 50Yd",874,"8857 - Printed Tape White tape printed Black ""Mil-80S-D2"" 1/2"" x 50Yd",3M 3903 must be refrigerated 24 hours before laminating to liner.  Do not remove from refrigerator until press is set up and ready to run the material.  DO NOT FREEZE THE MATERIAL!,180,
"8861 - Die Cut Part AA 3332-1 foam 0.313"" Dia",875,"8861 - Die Cut Part AA 3332-1 foam 0.313"" Dia",,,
"8862 - Die Cut Part 3M 5952 Gasket 4.375"" x 1.445""",876,"8862 - Die Cut Part 3M 5952 Gasket 4.375"" x 1.445""",,,
8866 - Slit Roll CSM wound onto CSM Mandrels 17mm x,877,8866 - Slit Roll CSM wound onto CSM Mandrels 17mm x,Use gloves when handling material.  Save all trim.  See notes for how to label slit rolls and track slit positions.  See special instructions for trim rolls from Duesenbery rolls A and E when slit on Allied.,207,
"8867 - Sheeted Part 3M 4959 1.5"" x 2.5""",878,"8867 - Sheeted Part 3M 4959 1.5"" x 2.5""",Shelf Life Sensitive,20,
"8869 - Die Cut Part Preform, LL Contacts, ""Heatwave"" ST-1987 8.8mm x 15.82mm",879,"8869 - Die Cut Part Preform, LL Contacts, ""Heatwave"" ST-1987 8.8mm x 15.82mm",,,
"8870 - Die Cut Part Preform, LL Chip, ""Heatwave"", ST-1987 13.10mm x 12.55mm",880,"8870 - Die Cut Part Preform, LL Chip, ""Heatwave"", ST-1987 13.10mm x 12.55mm",,,
8871 - Die Cut Part Protective film with tab 40mm x 48mm,881,8871 - Die Cut Part Protective film with tab 40mm x 48mm,,,
8872 - Die Cut Part Protective film with tab and stripe 40mm x 48mm,882,8872 - Die Cut Part Protective film with tab and stripe 40mm x 48mm,,,
"8875 - Butt Cut Part 3M 4466W 2"" x 2""",883,"8875 - Butt Cut Part 3M 4466W 2"" x 2""",,,
"8876 - Fabricated Part Windset Farms 2LB Symphony Tomato Ensemble 216mm x 265mm x 2,250'",884,"8876 - Fabricated Part Windset Farms 2LB Symphony Tomato Ensemble 216mm x 265mm x 2,250'",,,
"8878 - Fabricated Part Windset Farms 2LB Concerto Tomato Bili 216mm x 265mm x 2,250'",885,"8878 - Fabricated Part Windset Farms 2LB Concerto Tomato Bili 216mm x 265mm x 2,250'",,,
"8879 - Fabricated Part Windset Farms 2LB Organic Grape Tomato 216mm x 265mm x 2,250'",886,"8879 - Fabricated Part Windset Farms 2LB Organic Grape Tomato 216mm x 265mm x 2,250'",,,
8884 - Butt Cut Part Adh. mounting tape 38mm x 46mm with 3mm tab,887,8884 - Butt Cut Part Adh. mounting tape 38mm x 46mm with 3mm tab,,,
"8887 - Perfed Tape 25A29 perfed every 16.5"" 1.5"" x 1,000'",888,"8887 - Perfed Tape 25A29 perfed every 16.5"" 1.5"" x 1,000'","If perfing on press and slitting on the Cevenini: provide press with cores that are 1.5"" wider than the input rolls of adhesive (2 cores are required for every input roll of adhesive).",184,
"8888 - Die Cut Part 3M 401+ 1.62"" x 1.28""",889,"8888 - Die Cut Part 3M 401+ 1.62"" x 1.28""",,,
"8891 - Sheeted Part 3M 1522 1.5"" x 1.25""",890,"8891 - Sheeted Part 3M 1522 1.5"" x 1.25""",,,
"8892 - Sheeted Part 3M 1522 1.5"" x 1.25""",891,"8892 - Sheeted Part 3M 1522 1.5"" x 1.25""",,,
"8893 - Die Cut Part Cu foil with Conductive Adh. 0.50"" x 0.10""",892,"8893 - Die Cut Part Cu foil with Conductive Adh. 0.50"" x 0.10""","CS material to be locked in cage unless at press.  

All waste and waste matrix to be saved and returned to Deringer-Ney with each order.

Wear gloves when handling 9707 material.",179,
"8897 - Die Cut Part d/c Adh. patch 1.36"" x 1.48"" with tab",893,"8897 - Die Cut Part d/c Adh. patch 1.36"" x 1.48"" with tab",,,
8898 - Die Cut Part Left Hand diffuser 23.5mm x 22.5mm,894,8898 - Die Cut Part Left Hand diffuser 23.5mm x 22.5mm,,,
8899 - Die Cut Part Right Hand diffuser 23.5mm x 22.5mm,895,8899 - Die Cut Part Right Hand diffuser 23.5mm x 22.5mm,,,
"8901 - Die Cut Parts 3M 5952 1"" Dia",896,"8901 - Die Cut Parts 3M 5952 1"" Dia",,,
"8902 - Fabricated Part Windset Farms 2LB Symphony Tomato Fair Trade 216mm x 265mm x 2,250'",897,"8902 - Fabricated Part Windset Farms 2LB Symphony Tomato Fair Trade 216mm x 265mm x 2,250'",,,
"8903 - Fabricated Part Windset Farms 681g Pres Chc Axiany Cherry Tom 216mm x 265mm x 2,250'",898,"8903 - Fabricated Part Windset Farms 681g Pres Chc Axiany Cherry Tom 216mm x 265mm x 2,250'",,,
"8904 - Windset Farms 1.5LB Concerto Grape Tomato Bili. 216mm x 265mm x 2,250'",899,"8904 - Windset Farms 1.5LB Concerto Grape Tomato Bili. 216mm x 265mm x 2,250'",,,
"8905 - Fabricated Part WF 1.5LB Symphony Windset TopSeal 216mm x 265mm x 2,250'",900,"8905 - Fabricated Part WF 1.5LB Symphony Windset TopSeal 216mm x 265mm x 2,250'",,,
"8906 - Fabricated Part WF 681g Pres Chc Variety Pack Tom 216mm x 265mm x 2,250'",901,"8906 - Fabricated Part WF 681g Pres Chc Variety Pack Tom 216mm x 265mm x 2,250'",,,
"8909 - Sheeted Part Eversense Adh. Patches, 30-pack White 2.34"" x 2.84""",902,"8909 - Sheeted Part Eversense Adh. Patches, 30-pack White 2.34"" x 2.84""",Packaging only,14,
"8910 - Sheeted Part Eversense Adh. Patches, 3 30-packs White & 1 10-pack Clear (100PK) 2.34"" x 2.84""",903,"8910 - Sheeted Part Eversense Adh. Patches, 3 30-packs White & 1 10-pack Clear (100PK) 2.34"" x 2.84""",Packaging only,14,
8912 - Slit Tape 3M 8815 12mm x 36Yd,904,8912 - Slit Tape 3M 8815 12mm x 36Yd,,,
8914 - Die Cut Part Cartridge Manifold Cover 99.33mm x 83.69mm,905,8914 - Die Cut Part Cartridge Manifold Cover 99.33mm x 83.69mm,,,
8915 - Die Cut Part Cartridge Film 159.3mm x 91.9mm,906,8915 - Die Cut Part Cartridge Film 159.3mm x 91.9mm,,,
"8919 - Die Cut Part 3M 965 1.145"" x 2.16""",907,"8919 - Die Cut Part 3M 965 1.145"" x 2.16""",Shelf Life Sensitive,20,
8921 - Sheeted Part 3M 5423 65mm x 25mm,908,8921 - Sheeted Part 3M 5423 65mm x 25mm,Shelf Life Sensitive,20,
8922 - Sheeted Part Poron/468MP 55mm x 25mm,909,8922 - Sheeted Part Poron/468MP 55mm x 25mm,Shelf Life Sensitive,20,
"8923 - Die Cut Part Membrane Sticker 1.134"" x 1.384""",910,"8923 - Die Cut Part Membrane Sticker 1.134"" x 1.384""",Clean Handeling Required,24,
"8924 - Butt Cut Part 3M 9877 1.5"" x 1.5""",911,"8924 - Butt Cut Part 3M 9877 1.5"" x 1.5""",,,
"8930 - Fabricated Part 1 PT Concerto Grape Tomato 136.1mm x 175mm x 2,250'",912,"8930 - Fabricated Part 1 PT Concerto Grape Tomato 136.1mm x 175mm x 2,250'",,,
"8931 - Laminated Tape 3M 6035PC 13"" x 60Yd",913,"8931 - Laminated Tape 3M 6035PC 13"" x 60Yd",,,
"8935 - PRVT SEL 1PT PETIT GOLD CHRY MX 149.2mm x 165mm x 2,250'",914,"8935 - PRVT SEL 1PT PETIT GOLD CHRY MX 149.2mm x 165mm x 2,250'",,,
"8936 - 1 Pint Prvt Select Petite Cherry Mix 149.2mm x 165mm x 2,250'",915,"8936 - 1 Pint Prvt Select Petite Cherry Mix 149.2mm x 165mm x 2,250'",,,
"8937 - 1PT Prvt Select Petit Grape MX 149.2mm x 165mm x 2,250'",916,"8937 - 1PT Prvt Select Petit Grape MX 149.2mm x 165mm x 2,250'",,,
"8938 - Sheeted Part Foam Disk, Bottom 1.614"" Dia",917,"8938 - Sheeted Part Foam Disk, Bottom 1.614"" Dia","FT1804 needs to be no larger than 24"" OD.  Slit liner on Duesenbery to create longer more accurate rolls",104,
"8939 - Die Cut Part Thermal Transfer label 2"" x 2.86""",918,"8939 - Die Cut Part Thermal Transfer label 2"" x 2.86""",,,
"8941 - Slit Tape 3M 8671 1.5"" x 36Yd",919,"8941 - Slit Tape 3M 8671 1.5"" x 36Yd",Shelf Life Sensitive,20,
"8942 - Sheeted Part 3M 1774W 18"" x 12""",920,"8942 - Sheeted Part 3M 1774W 18"" x 12""","Store incoming 1774W in packaging area of the Clean room.

DO NOT PRODUCE PARTS MORE THAN 2 WEEKS PRIOR TO THE SHIP DATE.",121,
"8944 - Sheeted Part Release Liner, Clip 1.57"" x 1.57""",921,"8944 - Sheeted Part Release Liner, Clip 1.57"" x 1.57""",,,
8945 - Slit Tape 3M 893 48mm x 10Yd,922,8945 - Slit Tape 3M 893 48mm x 10Yd,"Shelf Life Sensitive

Note: Cannot use 3M 8932 as an alternate material for 3M 893; they are not the same.",106,
"8946 - Sheeted Part Facial Smoothies GENTLE Variety 4"" x 5""",923,"8946 - Sheeted Part Facial Smoothies GENTLE Variety 4"" x 5""",,,
"8947 - Sheeted Part Gauze pads 2"" x 2""",924,"8947 - Sheeted Part Gauze pads 2"" x 2""",,,
8950 - Slit Tape 3M 8211 650mm x 180Yd,925,8950 - Slit Tape 3M 8211 650mm x 180Yd,"Must order 30"" x 180 yd. log.",29,
"8951 - Slit Tape 3M 213 0.75"" x 60Yd",926,"8951 - Slit Tape 3M 213 0.75"" x 60Yd",Shelf Life Sensitive,20,
8952 - Sheeted Part Hydrogel Dressing 15.2cm x 15.2cm,927,8952 - Sheeted Part Hydrogel Dressing 15.2cm x 15.2cm,,,
"8953 - Sheeted Part Velcro strap 2"" x 1""",928,"8953 - Sheeted Part Velcro strap 2"" x 1""",,,
8954 - Die Cut Label Tape - LL Chip 5mm x 25mm,929,8954 - Die Cut Label Tape - LL Chip 5mm x 25mm,,,
8955 - Die Cut Label Lid LL Cartridge 17.47mm x 46.97mm,930,8955 - Die Cut Label Lid LL Cartridge 17.47mm x 46.97mm,,,
8956 - Sheeted Part 3M 4926 40mm x 5mm,931,8956 - Sheeted Part 3M 4926 40mm x 5mm,,,
"8957 - Fabricated Part WF 2LB Concerto Grape Tomato Fair Trade 216mm x 265mm x 2,250'",932,"8957 - Fabricated Part WF 2LB Concerto Grape Tomato Fair Trade 216mm x 265mm x 2,250'",,,
"8958 - Slit Tape 3M 7953MP 6.5"" x 180Yd",933,"8958 - Slit Tape 3M 7953MP 6.5"" x 180Yd",,,
"8959 - Die Cut Part 3M 2477P 0.88"" x 1.86""",934,"8959 - Die Cut Part 3M 2477P 0.88"" x 1.86""",,,
"8960 - Die Cut Part 3M 1181 0.96"" x 1.23""",935,"8960 - Die Cut Part 3M 1181 0.96"" x 1.23""",,,
"8961 - Sheeted Part PF-4 C-Foam 0.96"" x 0.69""",936,"8961 - Sheeted Part PF-4 C-Foam 0.96"" x 0.69""",,,
"8962 - Die Cut Part BHTM Sensor Adh. 1.61"" Dia",937,"8962 - Die Cut Part BHTM Sensor Adh. 1.61"" Dia",,278,"Can use any of the following for the trim waste lining.  20986, 12805, 20584, 20280.
These would have to be slit down. They are all uncoated:
18720 50# white paper
2825 50# white paper
20574 50# white paper
14929 50# white paper
21143 uncoated 54# liner
22248 uncoated 54# liner"
"8963 - Die Cut Part 3M 9952, Sensor Tab 25mm x 19.6mm",938,"8963 - Die Cut Part 3M 9952, Sensor Tab 25mm x 19.6mm",,,
"8964 - Die Cut Part MD360 Foam, Top 41mm Dia",939,"8964 - Die Cut Part MD360 Foam, Top 41mm Dia","Need to use 0.5 mil step up anvil due to inconsistent liner thickness.

",72,
"8965 - Fabricated Tape Bron 6866 on 78# liner 24"" x 70Yd",940,"8965 - Fabricated Tape Bron 6866 on 78# liner 24"" x 70Yd","Shelf Life Sensitive

Needs 80% Shelf Life remaining

Only one lot per shipment",79,
"8966 - Sheeted Part Cetco T80NR 12"" OD x 1"" ID",941,"8966 - Sheeted Part Cetco T80NR 12"" OD x 1"" ID",,,
"8967 - Die Cut Part 3M 96042 1.63"" x 0.88""",942,"8967 - Die Cut Part 3M 96042 1.63"" x 0.88""",,,
8968 - Printed Label Label 5.8mm x 22.7mm,943,8968 - Printed Label Label 5.8mm x 22.7mm,,,
"8969 - Slit Tape 3M 5952P 2.375"" x 36Yd",944,"8969 - Slit Tape 3M 5952P 2.375"" x 36Yd",,,
"8970 - Slit Rolls CSM - Fiberglass/PP weave 1.75"" x See W/O for length",945,"8970 - Slit Rolls CSM - Fiberglass/PP weave 1.75"" x See W/O for length",See work order for finished roll length.,40,
"8971 - Slit Roll 3M 8545HS with skip slit 9"" x 108'",946,"8971 - Slit Roll 3M 8545HS with skip slit 9"" x 108'",Shelf Life Sensitive,20,
"8972 - Sheeted Part AR 10 mil PET 18"" x 24""",947,"8972 - Sheeted Part AR 10 mil PET 18"" x 24""",,,
"8974 - Slit Rolls CSM - 3M 4991 0.375"" x 36Yd",948,"8974 - Slit Rolls CSM - 3M 4991 0.375"" x 36Yd",,,
8976 - Sheeted Part 3M 5909 with tab 149.15mm x 86.6mm with tab,949,8976 - Sheeted Part 3M 5909 with tab 149.15mm x 86.6mm with tab,,,
8977 - Sheeted Part Insulator sheet 47.20mm x 20.80mm,950,8977 - Sheeted Part Insulator sheet 47.20mm x 20.80mm,,,
8978 -   ,951,8978 -   ,,,
8979 -   ,952,8979 -   ,,,
8980 -   ,953,8980 -   ,,,
"8981 - Paint Adhesion Tape ST-1195 perfed every 4"" 1"" x 60Yd",954,"8981 - Paint Adhesion Tape ST-1195 perfed every 4"" 1"" x 60Yd","Do not produce more than 10% over on order quantity.  Ship/invoice ALL PRODUCT we produce on stocking orders.

See pictures for Ink Mixture 2 oz MEK to half ink cup Y-122 and hair dryer setting 2 high heat and blow 1 medium heat high blow.",239,
"8982 - Fabricated Part Tesa 4962 squares 2"" x 54Yd",955,"8982 - Fabricated Part Tesa 4962 squares 2"" x 54Yd",,,
"8983 - Sheeted Part 3M 1510 24"" x 18""",956,"8983 - Sheeted Part 3M 1510 24"" x 18""","Store incoming 1510 in packaging area of the Clean room.

DO NOT PRODUCE PARTS MORE THAN 2 WEEKS PRIOR TO THE SHIP DATE.",120,
"8984 - Die Cut Part 3M 880 11.5"" x 0.5""",957,"8984 - Die Cut Part 3M 880 11.5"" x 0.5""",,,
"8985 - Sheeted Part 1/16"" foam disk 113.3mm Dia",958,"8985 - Sheeted Part 1/16"" foam disk 113.3mm Dia",,,
"8986 - Printed Tape 3M 3903 Blue, printed White with ""STEAM PLANT CLEAN"" 1"" x 50Yd",959,"8986 - Printed Tape 3M 3903 Blue, printed White with ""STEAM PLANT CLEAN"" 1"" x 50Yd","3M 3903 must be refrigerated 24 hours before laminating to liner.  Do not remove from refrigerator until press is set up and ready to run the material.  DO NOT FREEZE THE MATERIAL!

Laminated rolls become CAT ID:23634  2/3/23 JLM",229,
"8987 - Slit Roll 1/16"" foam 4.65"" x 1,050'",960,"8987 - Slit Roll 1/16"" foam 4.65"" x 1,050'",,,
"8989 - Die Cut Label Thermal Transfer 0.94"" x 1.84""",961,"8989 - Die Cut Label Thermal Transfer 0.94"" x 1.84""",,,
8990 - Slit Film CS 0.3 mm clear PVC 88.20mm x 280m,962,8990 - Slit Film CS 0.3 mm clear PVC 88.20mm x 280m,,408,"Dusenbery to be completely wiped down prior to running.  Lay a piece of liner on floor under Dusenbery to help keep dust from being pulled from floor to web.  Mount static bar under bridge.
SKIDS must not exceed 40 x 48.

Sample Procedure - Cut 1 foot length sample from each finished roll.  Place in a poly bag label with “SAMPLE”, Part number and batch/lot#.  Put all sample bags together with shipment.  
"
8991 - Slit Film CS 0.3 mm clear PVC 96.7mm x 280m,963,8991 - Slit Film CS 0.3 mm clear PVC 96.7mm x 280m,,408,"Dusenbery to be completely wiped down prior to running.  Lay a piece of liner on floor under Dusenbery to help keep dust from being pulled from floor to web.  Mount static bar under bridge.
SKIDS must not exceed 40 x 48.

Sample Procedure - Cut 1 foot length sample from each finished roll.  Place in a poly bag label with “SAMPLE”, Part number and batch/lot#.  Put all sample bags together with shipment.  
"
8992 - Slit Film CS 0.5 mm clear PVC 307mm x 300m,964,8992 - Slit Film CS 0.5 mm clear PVC 307mm x 300m,,408,"Dusenbery to be completely wiped down prior to running.  Lay a piece of liner on floor under Dusenbery to help keep dust from being pulled from floor to web.  Mount static bar under bridge.
SKIDS must not exceed 40 x 48.

Sample Procedure - Cut 1 foot length sample from each finished roll.  Place in a poly bag label with “SAMPLE”, Part number and batch/lot#.  Put all sample bags together with shipment.  
"
8993 - Slit Film CS 0.5 mm clear PVC 273mm x 300m,965,8993 - Slit Film CS 0.5 mm clear PVC 273mm x 300m,,408,"Dusenbery to be completely wiped down prior to running.  Lay a piece of liner on floor under Dusenbery to help keep dust from being pulled from floor to web.  Mount static bar under bridge.
SKIDS must not exceed 40 x 48.

Sample Procedure - Cut 1 foot length sample from each finished roll.  Place in a poly bag label with “SAMPLE”, Part number and batch/lot#.  Put all sample bags together with shipment.  
"
8994 - Slit Film CS 0.5 mm clear PVC 93.53mm x 300m,966,8994 - Slit Film CS 0.5 mm clear PVC 93.53mm x 300m,,408,"Dusenbery to be completely wiped down prior to running.  Lay a piece of liner on floor under Dusenbery to help keep dust from being pulled from floor to web.  Mount static bar under bridge.
SKIDS must not exceed 40 x 48.

Sample Procedure - Cut 1 foot length sample from each finished roll.  Place in a poly bag label with “SAMPLE”, Part number and batch/lot#.  Put all sample bags together with shipment.  
"
"8995 - Sheeted Part 3M 4919F 12.3"" x 8.8""",967,"8995 - Sheeted Part 3M 4919F 12.3"" x 8.8""",This JT creates CAT# 21762 for use on JT 8996.  ,48,
8996 - Sheeted Part Hand assembly of CS parts and VHB N/A,968,8996 - Sheeted Part Hand assembly of CS parts and VHB N/A,,,
8997 - Sheeted Part 3M 9472LE 20mm x 70mm,969,8997 - Sheeted Part 3M 9472LE 20mm x 70mm,Shelf Life Sensitive,20,
"8998 - Printed Tape White UPVC printed black ""7"" 1/2"" x 80Yd",970,"8998 - Printed Tape White UPVC printed black ""7"" 1/2"" x 80Yd",,,
"8999 - Printed Tape White UPVC printed black ""8"" 1/2"" x 80Yd",971,"8999 - Printed Tape White UPVC printed black ""8"" 1/2"" x 80Yd",,,
9001 - Printed Label Label 5.8mm x 22.7mm,972,9001 - Printed Label Label 5.8mm x 22.7mm,,,
"9002 - Slit Tape UL181A-P 0.375"" x 60Yd",973,"9002 - Slit Tape UL181A-P 0.375"" x 60Yd","Shelf Life Sensitive

Material requires 60% shelf life.  Should be on Plastic Core",82,
9003 - Slit Rolls FLX001449 See WO,974,9003 - Slit Rolls FLX001449 See WO,"Shelf Life Sensitive

Material to have Min. 80% Shelf Life remaining",68,
"9004 - Sheeted Part 3M 5952 9"" x 3""",975,"9004 - Sheeted Part 3M 5952 9"" x 3""","Shelf Life Sensitive

Material needs 85% shelf life.",52,
"9005 - Printed Tape 3M 471 yellow 2"" x 36Yd",976,"9005 - Printed Tape 3M 471 yellow 2"" x 36Yd","Shelf Life Sensitive

Needs 80% Shelf Life remaining",52,
"9006 - Printed Label Chartreuse with black print 3"" x 5""",977,"9006 - Printed Label Chartreuse with black print 3"" x 5""",,,
9007 - Printed Tape White with 2 colors 72mm x 72Yd,978,9007 - Printed Tape White with 2 colors 72mm x 72Yd,,,
"9008 - Slit Tape 3M 87630A 4"" x 500'",979,"9008 - Slit Tape 3M 87630A 4"" x 500'",,,
"9009 - Sheeted Part 3M 467MP 10"" x 12""",980,"9009 - Sheeted Part 3M 467MP 10"" x 12""","Shelf Life Sensitive

Material to have 60% of shelf life remaining.",67,
"9010 - Sheeted Part Hydrogel Dressing 4.75"" x 4.75""",981,"9010 - Sheeted Part Hydrogel Dressing 4.75"" x 4.75""",,,
"9011 - Sheeted Part Hydrogel Dressing 4.75"" x 6.75""",982,"9011 - Sheeted Part Hydrogel Dressing 4.75"" x 6.75""",,,
9012 - Sheeted Part 3M 1181 255.04mm x 224.54mm,983,9012 - Sheeted Part 3M 1181 255.04mm x 224.54mm,,,
"9013 - Fabricated Part CSM CHEMFILM FEP FG 2Mil., perfed at 12.5"" 6"" x 500'",984,"9013 - Fabricated Part CSM CHEMFILM FEP FG 2Mil., perfed at 12.5"" 6"" x 500'","If there are defective rolls; these are NOT to be trashed, advise Sales or CSR what is defective about the roll(s), how much and put someplace that is not in the trash can, this is CSM and Saint Gobain credits Atlantic for bad material.",236,
9014 - Slit Tape Tesa 70740 19mm x 10m,985,9014 - Slit Tape Tesa 70740 19mm x 10m,,,
"9015 - Slit Tape 3M 7953MP 6"" x 180Yd",986,"9015 - Slit Tape 3M 7953MP 6"" x 180Yd",,,
9016 - Die Cut Part Tabbed wafer seal 44.45mm Dia,987,9016 - Die Cut Part Tabbed wafer seal 44.45mm Dia,"
",1,
9017 - Die Cut Part 3M 467MP 8mm x 8mm,988,9017 - Die Cut Part 3M 467MP 8mm x 8mm,"Shelf Life Sensitive

467MP needs 75% shelf life.",49,
"9018 - Die Cut Part IB1190XTP2 0.375"" x 4""",989,"9018 - Die Cut Part IB1190XTP2 0.375"" x 4""",,,
"9019 - Printed Tape White tape printed Black ""100-1"" 1/2"" x 50Yd",990,"9019 - Printed Tape White tape printed Black ""100-1"" 1/2"" x 50Yd",3M 3903 must be refrigerated 24 hours before laminating to liner.  Do not remove from refrigerator until press is set up and ready to run the material.  DO NOT FREEZE THE MATERIAL!,180,
"9020 - Die Cut Part AA 3332-1 foam 0.437"" Dia",991,"9020 - Die Cut Part AA 3332-1 foam 0.437"" Dia","Check for CAT# 21462 for 5"" slit rolls",38,
"9021 - Fabricated Part Smoke Mask Half - Small - Gray 7"" x 5.75""",992,"9021 - Fabricated Part Smoke Mask Half - Small - Gray 7"" x 5.75""","Check Cat#18890 for printed DPM PC Clear

If Delstar material (filter material) is slit on Duesenbery, please wrap finished rolls with stretch wrap.",148,
"9022 - Fabricated Part Smoke Mask Half - Large - Gray 8.00"" x 6.25""",993,"9022 - Fabricated Part Smoke Mask Half - Large - Gray 8.00"" x 6.25""","Check Cat#18890 for printed DPM PC Clear

If Delstar material (filter material) is slit on Duesenbery, please wrap finished rolls with stretch wrap.",148,
"9023 - Butt Cut Tape 3M 9964 2"" x 1"" x 25Yd",994,"9023 - Butt Cut Tape 3M 9964 2"" x 1"" x 25Yd",,,
9024 - Slit Tape Tesa 70730 19mm x 10m,995,9024 - Slit Tape Tesa 70730 19mm x 10m,,,
"9025 - Die Cut Part 3M 4910 1"" x 5""",996,"9025 - Die Cut Part 3M 4910 1"" x 5""",,,
9026 - Die Cut Part 3M 4910 Tape Assembly 16.7mm x 34.71mm w/ tab,997,9026 - Die Cut Part 3M 4910 Tape Assembly 16.7mm x 34.71mm w/ tab,,,
"9027 - Sheeted Part 7 mil PET/467MP/3M 87630A 10"" x 8""",998,"9027 - Sheeted Part 7 mil PET/467MP/3M 87630A 10"" x 8""",Order adhesive slit from 3M,27,
"9028 - Slit Tape 3M 87630A 8"" x 656'",999,"9028 - Slit Tape 3M 87630A 8"" x 656'",,,
9029 - Sheeted Part DRC11 Disc Ring/Cap Assembly 70mm x 70mm,1000,9029 - Sheeted Part DRC11 Disc Ring/Cap Assembly 70mm x 70mm,,,
"9030 - Butt Cut Part 3M 4008 1"" x 2""",1001,"9030 - Butt Cut Part 3M 4008 1"" x 2""",,,
"9031 - Sheeted Label Discrepancy marking - Green 20"" x 13""",1002,"9031 - Sheeted Label Discrepancy marking - Green 20"" x 13""","Shelf Life Sensitive

Needs 80% Shelf Life remaining.",53,
"9032 - Sheeted Label Discrepancy marking - Purple 20"" x 13""",1003,"9032 - Sheeted Label Discrepancy marking - Purple 20"" x 13""","Shelf Life Sensitive

Needs 80% Shelf Life remaining.",53,
"9033 - Sheeted Label Discrepancy marking - Yellow 20"" x 13""",1004,"9033 - Sheeted Label Discrepancy marking - Yellow 20"" x 13""","Shelf Life Sensitive

Needs 80% Shelf Life remaining.",53,
"9034 - Sheeted Part 3M 5958FR 0.7"" OD x 0.58"" ID",1005,"9034 - Sheeted Part 3M 5958FR 0.7"" OD x 0.58"" ID",Shelf Life Sensitive,20,
"9035 - Sheeted Part Large, Yellow filter media 8"" x 6.25""",1006,"9035 - Sheeted Part Large, Yellow filter media 8"" x 6.25""",When using CSM Filter media - the CAT# will be 21928,52,
"9036 - Sheeted Part Small, Yellow filter media 7"" x 5.75""",1007,"9036 - Sheeted Part Small, Yellow filter media 7"" x 5.75""",When using CSM Filter media - the CAT# will be 21928,52,
"9037 - Sheeted Part Strouse Face Shield w/PU strap 10"" x 8""",1008,"9037 - Sheeted Part Strouse Face Shield w/PU strap 10"" x 8""",This JT creates CAT# 21946.  Strouse standard face shields.,59,
"9038 - Slit Tape 3M 256 Green 0.5"" x 60Yd",1009,"9038 - Slit Tape 3M 256 Green 0.5"" x 60Yd",,,
9039 - Die Cut Part CS film on low tack carrier 80.46mm x 129.31mm,1010,9039 - Die Cut Part CS film on low tack carrier 80.46mm x 129.31mm,"Clean Handeling Required

Can ship +/- 5%

Must Wear Gloves when handling the material.",87,
"9040 - Sheeted Part Strouse Face Shield w/PU strap 10"" x 8""",1011,"9040 - Sheeted Part Strouse Face Shield w/PU strap 10"" x 8""",,,
"9041 - Die Cut Part 3M 1567 Circles 0.5"" Dia",1012,"9041 - Die Cut Part 3M 1567 Circles 0.5"" Dia",,,
"9042 - Die Cut Part 3M 1567 Rectangle 1"" x 0.5""",1013,"9042 - Die Cut Part 3M 1567 Rectangle 1"" x 0.5""",,,
"9043 - Slit Tape 3M 396 0.375"" x 36Yd",1014,"9043 - Slit Tape 3M 396 0.375"" x 36Yd","Shelf Life Sensitive

Needs to have 60% shelf life remaining.",61,
"9044 - Sheeted Part 3M 4905 2"" x 1""",1015,"9044 - Sheeted Part 3M 4905 2"" x 1""",,,
"9045 - Slit Tape 3M 855 11.5"" x 72Yd",1016,"9045 - Slit Tape 3M 855 11.5"" x 72Yd",Shelf Life Sensitive,20,
"9046 - Slit Tape CARC Tape 12"" x 164'",1017,"9046 - Slit Tape CARC Tape 12"" x 164'",,,
"9047 - Sheeted Part Kapton Insulator 1.845"" x 0.465""",1018,"9047 - Sheeted Part Kapton Insulator 1.845"" x 0.465""",,,
"9048 - Sheeted Part Kapton Insulator 1.845"" x 0.465""",1019,"9048 - Sheeted Part Kapton Insulator 1.845"" x 0.465""",,,
"9049 - Sheeted Part Kapton Insulator 1.34"" x 0.47""",1020,"9049 - Sheeted Part Kapton Insulator 1.34"" x 0.47""",,,
"9050 - Sheeted Part Kapton Insulator 1.34"" x 0.47""",1021,"9050 - Sheeted Part Kapton Insulator 1.34"" x 0.47""",,,
"9051 - Sheeted Part Strouse Face Shield w/PU strap 10"" x 8""",1022,"9051 - Sheeted Part Strouse Face Shield w/PU strap 10"" x 8""",,,
"9052 - Sheeted Part Strouse Face Shield w/PU strap 10"" x 8""",1023,"9052 - Sheeted Part Strouse Face Shield w/PU strap 10"" x 8""",This JT creates CAT# 21989.  Strouse standard face shields.,59,
9053 - Slit Part Ascorbic Acid Reagent 80mm x 120',1024,9053 - Slit Part Ascorbic Acid Reagent 80mm x 120',"Must be run in Low Humidity conditions in clean room
See engineering for return bags.",85,
9054 - Sheeted Part 3M 2477P Adh. 26.5mm x 36.5mm,1025,9054 - Sheeted Part 3M 2477P Adh. 26.5mm x 36.5mm,DO NOT RUN ON DELTA 2,21,
"9055 - Die Cut Part AG640 Conductive Hydrogel 0.69"" Dia",1026,"9055 - Die Cut Part AG640 Conductive Hydrogel 0.69"" Dia",,,
9056 - Sheeted Part Volara 2A Foam & 3M 1522 38.1mm x 38.1mm,1027,9056 - Sheeted Part Volara 2A Foam & 3M 1522 38.1mm x 38.1mm,,,
"9057 - Sheeted Part 3M 7070UV 14.5"" x 2""",1028,"9057 - Sheeted Part 3M 7070UV 14.5"" x 2""",,,
"9058 - Sheeted Part 3M 7070UV 11.5"" x 2""",1029,"9058 - Sheeted Part 3M 7070UV 11.5"" x 2""",,,
"9059 - Sheeted Part CSM Bisco BF-2000 24"" x 9""",1030,"9059 - Sheeted Part CSM Bisco BF-2000 24"" x 9""",,,
9060 - Sheeted Part 70 duro 6 mm black rubber 70mm x 20mm,1031,9060 - Sheeted Part 70 duro 6 mm black rubber 70mm x 20mm,Shelf Life Sensitive,20,
"9061 - Sheeted Part 0.75"" thick foam strips 8"" x 1.5""",1032,"9061 - Sheeted Part 0.75"" thick foam strips 8"" x 1.5""",,,
9062 - Die Cut Part Assay Pad Assembly 4.9mm x 13mm,1033,9062 - Die Cut Part Assay Pad Assembly 4.9mm x 13mm,There are 11 materials and 10 steps on this JT,46,
"9063 - Sheeted Part Printed short piece 1.25"" x 1.25""",1034,"9063 - Sheeted Part Printed short piece 1.25"" x 1.25""",This creates Catalog # 22083 for JT 9065.,41,
"9064 - Sheeted Part Long Piece 0.75"" x 3""",1035,"9064 - Sheeted Part Long Piece 0.75"" x 3""",This creates Catalog # 22084 for JT 9065.,41,
"9065 - Assembled Part Implant Tensioner Assembly 1.25"" x 3.5""",1036,"9065 - Assembled Part Implant Tensioner Assembly 1.25"" x 3.5""",,,
9066 - Slit Tape 3M 1181 Various,1037,9066 - Slit Tape 3M 1181 Various,"Shelf Life Sensitive

MUST HAVE 75% SHELF LIFE OR MORE REMAINING",64,
"9067 - Sheeted Label CSM Post-it Flex Write 4"" x 6""",1038,"9067 - Sheeted Label CSM Post-it Flex Write 4"" x 6""",,,
"9068 - Sheeted Part CSM Bisco BF-2000 24"" x 12""",1039,"9068 - Sheeted Part CSM Bisco BF-2000 24"" x 12""",,,
"9069 - Die Cut Part ESD Cover, Gecko 0.8"" x 0.82""",1040,"9069 - Die Cut Part ESD Cover, Gecko 0.8"" x 0.82""",,,
"9070 - Sheeted Part CSM Poron 4701-37-14118-04 24"" x 18""",1041,"9070 - Sheeted Part CSM Poron 4701-37-14118-04 24"" x 18""",,,
"9071 - Laminated Roll 7 mil mesh with 0.5"" Adh. 2.5"" x 100Yd",1042,"9071 - Laminated Roll 7 mil mesh with 0.5"" Adh. 2.5"" x 100Yd",,,
9072 - Slit Tape 3M DT17 24mm x 32m,1043,9072 - Slit Tape 3M DT17 24mm x 32m,,,
"9073 - Sheeted Part 3M 93020LE 1.75"" x 1.024""",1044,"9073 - Sheeted Part 3M 93020LE 1.75"" x 1.024""",,,
"9074 - Sheeted Part 3M 93020LE 3.001"" x 0.954""",1045,"9074 - Sheeted Part 3M 93020LE 3.001"" x 0.954""",,,
"9075 - Die Cut Part CSM - PT205HD 0.315"" c 0.472""",1046,"9075 - Die Cut Part CSM - PT205HD 0.315"" c 0.472""",,,
"9076 - Die Cut Part CSM - PT205HD 0.394"" x 0.830""",1047,"9076 - Die Cut Part CSM - PT205HD 0.394"" x 0.830""",,,
"9077 - Slit Tape 3M 112PO5 23.5"" x 60Yd",1048,"9077 - Slit Tape 3M 112PO5 23.5"" x 60Yd","Shelf Life Sensitive

Special 3M test report and Peel Test data from Strouse is required to be included with the shipment",121,
"9078 - Sheeted Part 3M 1181/9495B 0.550"" x 0.549""",1049,"9078 - Sheeted Part 3M 1181/9495B 0.550"" x 0.549""",,,
"9079 - Printed Tape White UPVC printed black ""1"". ""2"", ""C"" 1/2"" x 80Yd",1050,"9079 - Printed Tape White UPVC printed black ""1"". ""2"", ""C"" 1/2"" x 80Yd","806196100 = ""1""
806196101 = ""2""
806196112 = ""C""",47,
"9080 - Die Cut Part ARCare 90445 w/ tab 10.75"" x 0.53""",1051,"9080 - Die Cut Part ARCare 90445 w/ tab 10.75"" x 0.53""",,,
"9081 - Sheeted Part Hook Tabs. 4 packs 3.8"" x 1.5""",1052,"9081 - Sheeted Part Hook Tabs. 4 packs 3.8"" x 1.5""",,,
"9082 - Sheeted Part 3M 93020LE 3.031"" x 1.457""",1053,"9082 - Sheeted Part 3M 93020LE 3.031"" x 1.457""",,,
"9083 - Printed Tape White tape printed Black ""MIL 70S-3"" 1/2"" x 50Yd",1054,"9083 - Printed Tape White tape printed Black ""MIL 70S-3"" 1/2"" x 50Yd",3M 3903 must be refrigerated 24 hours before laminating to liner.  Do not remove from refrigerator until press is set up and ready to run the material.  DO NOT FREEZE THE MATERIAL!,180,
9084 - Die Cut Part 5 mil Lexan/Drytac Facemount 24mm x 25Yd,1055,9084 - Die Cut Part 5 mil Lexan/Drytac Facemount 24mm x 25Yd,,,
"9085 - Sheeted Part Anti-Fog PET 4.5"" x 8""",1056,"9085 - Sheeted Part Anti-Fog PET 4.5"" x 8""",,,
"9086 - Die Cut Part 3M 8212 1.145"" x 2.326""",1057,"9086 - Die Cut Part 3M 8212 1.145"" x 2.326""",Clean Handeling Required,24,
"9087 - Die Cut Label 3M 7860 0.75"" x 2.75""",1058,"9087 - Die Cut Label 3M 7860 0.75"" x 2.75""",,,
"9088 - Die Cut Label 3M 7860 1"" x 2.75""",1059,"9088 - Die Cut Label 3M 7860 1"" x 2.75""",,,
9089 - Slit Film CSM - 10 mil Melinex 5mm x 200',1060,9089 - Slit Film CSM - 10 mil Melinex 5mm x 200',,,
"9090 - Sheeted Part 3M SJ3560 0.5"" x 1""",1061,"9090 - Sheeted Part 3M SJ3560 0.5"" x 1""",Multiple Customers - See work order,35,
"9091 - Die Cut Part Thinstick Antenna Calypso, 7007596 34.85mm x 21.65mm",1062,"9091 - Die Cut Part Thinstick Antenna Calypso, 7007596 34.85mm x 21.65mm",,,
9092 - Die Cut Part Foam LCD Conn Retainer BTM Housing Calypso 10mm x 4mm,1063,9092 - Die Cut Part Foam LCD Conn Retainer BTM Housing Calypso 10mm x 4mm,,,
"9093 - Sheeted Part 508 mm (20"") Wheel Mask 508mm Dia",1064,"9093 - Sheeted Part 508 mm (20"") Wheel Mask 508mm Dia",,,
"9094 - Die Cut Label Thermal Transfer 4"" x 2.5""",1065,"9094 - Die Cut Label Thermal Transfer 4"" x 2.5""",Creates CAT# 22153 - FOR IN HOUSE USE.,38,
"9095 - Sheeted Part CSM Brass/3M 9628FL 8"" x 11.5""",1066,"9095 - Sheeted Part CSM Brass/3M 9628FL 8"" x 11.5""",Wear gloves when handling.  Edges may be sharp.,47,
"9096 - Sheeted Part Large, Gray filter media 8"" x 6.25""",1067,"9096 - Sheeted Part Large, Gray filter media 8"" x 6.25""",,,
"9098 - Sheeted Part Small, Gray filter media 7"" x 5.75""",1068,"9098 - Sheeted Part Small, Gray filter media 7"" x 5.75""",,,
"9100 - Sheeted Part Blue VCI paper 5"" x 1""",1069,"9100 - Sheeted Part Blue VCI paper 5"" x 1""",,,
"9101 - Slit Tape Internal Use UPVC 1/4"" x 1000Yd",1070,"9101 - Slit Tape Internal Use UPVC 1/4"" x 1000Yd",,,
"9102 - Sheeted Part Dressing 8"" x 8""",1071,"9102 - Sheeted Part Dressing 8"" x 8""",,,
"9103 - Sheeted Part Dressing 8.5"" x 4.5""",1072,"9103 - Sheeted Part Dressing 8.5"" x 4.5""","After step 2: Print ""Comfort Release"" on the film side of the DM-2270, PMS 296 , the material changes to CAT ID:",112,
"9106 - Printed Tape 3M 9836 4"" x 100Yd",1073,"9106 - Printed Tape 3M 9836 4"" x 100Yd",,,
"9107 - Slit Tape MED 5707 5"" x 750'",1074,"9107 - Slit Tape MED 5707 5"" x 750'","Sold as one roll of 10"" slit into two finished rolls.  If the WO says 5 rolls, then that equals 10 finished rolls at 5"" wide.",125,
"9108 - Slit Tape 3M 1529 5"" x 1,500'",1075,"9108 - Slit Tape 3M 1529 5"" x 1,500'","Sold as one roll of 10"" slit into two finished rolls.  If the WO says 5 rolls, then that equals 10 finished rolls at 5"" wide.",125,
"9109 - Slit Tape 3M 231 / White plastic core 0.125"" x 60Yd",1076,"9109 - Slit Tape 3M 231 / White plastic core 0.125"" x 60Yd",,,
"9110 - Slit Tape 3M 231 / Green plastic core 0.125"" x 60Yd",1077,"9110 - Slit Tape 3M 231 / Green plastic core 0.125"" x 60Yd",,,
9111 - Die Cut Part d/c Adh. Patch with Tab 28mm x 28mm,1078,9111 - Die Cut Part d/c Adh. Patch with Tab 28mm x 28mm,,,
"9112 - Sheeted Part Face Shield w/PU strap, 25/Case 10"" x 8""",1079,"9112 - Sheeted Part Face Shield w/PU strap, 25/Case 10"" x 8""",,,
9113 - Die Cut Part Push Tab Various,1080,9113 - Die Cut Part Push Tab Various,Concept Trial,13,
"9114 - Sheeted Part Face Shield w/PU strap, 50/Case 10"" x 8""",1081,"9114 - Sheeted Part Face Shield w/PU strap, 50/Case 10"" x 8""",,,
"9115 - Sheeted Part Face Shield w/PU strap, 100/Case 10"" x 8""",1082,"9115 - Sheeted Part Face Shield w/PU strap, 100/Case 10"" x 8""",,,
"9116 - Slit Roll 3M 4914 on a secondary liner 1.75"" x 216'",1083,"9116 - Slit Roll 3M 4914 on a secondary liner 1.75"" x 216'",,,
9117 - Die Cut Part Tesa 62934 19.83mm x 26.42mm,1084,9117 - Die Cut Part Tesa 62934 19.83mm x 26.42mm,,,
9118 - Die Cut Part Tesa 62934 19.83mm x 26.42mm,1085,9118 - Die Cut Part Tesa 62934 19.83mm x 26.42mm,,,
9119 - Die Cut Part 3M 4492B 19.83mm x 26.42mm,1086,9119 - Die Cut Part 3M 4492B 19.83mm x 26.42mm,,,
9120 - Die Cut Part 3M 4492B 19.83mm x 26.42mm,1087,9120 - Die Cut Part 3M 4492B 19.83mm x 26.42mm,,,
9121 - Die Cut Part Tesa 62934 19.8mm x 27.5mm,1088,9121 - Die Cut Part Tesa 62934 19.8mm x 27.5mm,,,
9122 - Die Cut Part Tesa 62934 19.8mm x 27.5mm,1089,9122 - Die Cut Part Tesa 62934 19.8mm x 27.5mm,,,
"9123 - Sheeted Part 3M 1524 18"" x 24""",1090,"9123 - Sheeted Part 3M 1524 18"" x 24""","Store incoming 1524 in packaging area of the Clean room.

DO NOT PRODUCE PARTS MORE THAN 2 WEEKS PRIOR TO THE SHIP DATE.",120,
"9124 - Sheeted Part 3M 9874 18"" x 24""",1091,"9124 - Sheeted Part 3M 9874 18"" x 24""","Store incoming 9874 in packaging area of the Clean room.

DO NOT PRODUCE PARTS MORE THAN 2 WEEKS PRIOR TO THE SHIP DATE.",120,
9125 - Die Cut Part DX Tape - Top of Card 26.21mm x 85.93mm,1092,9125 - Die Cut Part DX Tape - Top of Card 26.21mm x 85.93mm,,,
9126 - Die Cut Part DX Tape - Shroud 34.06mm x 94.21mm,1093,9126 - Die Cut Part DX Tape - Shroud 34.06mm x 94.21mm,,,
9127 - Die Cut Part DX Tape - Bottom of Card 25.42mm x 81.89mm,1094,9127 - Die Cut Part DX Tape - Bottom of Card 25.42mm x 81.89mm,,,
"9128 - Die Cut Part 3M 1181 0.50"" x 0.10""",1095,"9128 - Die Cut Part 3M 1181 0.50"" x 0.10""",,,
"9129 - Sheeted Part ECF 568 Base 2.64"" x 1.719""",1096,"9129 - Sheeted Part ECF 568 Base 2.64"" x 1.719""",Runs with JT 9130-2,19,
"9130 - Sheeted Part ECF 568 Finger #1 0.456"" x 0.122""",1097,"9130 - Sheeted Part ECF 568 Finger #1 0.456"" x 0.122""",Runs with JT 9129 and 9131-2,28,
9131 - Sheeted Part ECF 568 Finger #2 ,1098,9131 - Sheeted Part ECF 568 Finger #2 ,Runs with JT 9129-30 and 9132,29,
9132 - Sheeted Part ECF 568 Finger #3 ,1099,9132 - Sheeted Part ECF 568 Finger #3 ,Runs with JT 9129-31,20,
9133 - Die Cut Part Cartridge Film 159.29mm x 91.86mm,1100,9133 - Die Cut Part Cartridge Film 159.29mm x 91.86mm,,,
"9134 - Sheeted Part ST-2058 2"" x 4""",1101,"9134 - Sheeted Part ST-2058 2"" x 4""",,,
"9135 - Die Cut Part Clip Foam 1.5"" Dia",1102,"9135 - Die Cut Part Clip Foam 1.5"" Dia",Store incoming TM4200 in packaging area of the Clean room.,58,
9136 - Sheeted Part 3M 8211 300mm x 300mm,1103,9136 - Sheeted Part 3M 8211 300mm x 300mm,Wear gloves when handling material.,35,
"9137 - Sheeted Part N95 Strouse Mask 11.5"" x 6.5""",1104,"9137 - Sheeted Part N95 Strouse Mask 11.5"" x 6.5""",,,
"9139 - Sheeted Part 3M 4941 0.75"" x 3""",1105,"9139 - Sheeted Part 3M 4941 0.75"" x 3""",,,
"9140 - Pinfeed Tape 3M 8992L 15"" x 72Yd",1106,"9140 - Pinfeed Tape 3M 8992L 15"" x 72Yd",Use any wide label stock to set up press.,41,
"9141 - Laminated Part APR1510/Printed liner 12"" x 60Yd",1107,"9141 - Laminated Part APR1510/Printed liner 12"" x 60Yd",,,
"9142 - Slit Tape 3M 8211 6"" x 60Yd",1108,"9142 - Slit Tape 3M 8211 6"" x 60Yd",,,
"9143 - Slit Tape Internal Use UPVC 3/8"" x 1000Yd",1109,"9143 - Slit Tape Internal Use UPVC 3/8"" x 1000Yd",,,
"9144 - Slit Tape Internal Use UPVC 1/2"" x 1000Yd",1110,"9144 - Slit Tape Internal Use UPVC 1/2"" x 1000Yd",,,
"9145 - Slit Tape Internal Use UPVC 3/4"" x 1000Yd",1111,"9145 - Slit Tape Internal Use UPVC 3/4"" x 1000Yd",,,
"9146 - Slit Tape Internal Use UPVC 1"" x 1000Yd",1112,"9146 - Slit Tape Internal Use UPVC 1"" x 1000Yd",,,
9147 - Fabricated Roll Custom lamination 280mm x 50m,1113,9147 - Fabricated Roll Custom lamination 280mm x 50m,,,
9148 - Spool Tape CSM - Z2000 6mm x 99m,1114,9148 - Spool Tape CSM - Z2000 6mm x 99m,,,
"9149 - Sheeted Part 558.8 mm (22"") Wheel Mask 558.80mm Dia",1115,"9149 - Sheeted Part 558.8 mm (22"") Wheel Mask 558.80mm Dia",,,
"9150 - Sheeted Part Foam Border, S150 2.065"" x 5.702""",1116,"9150 - Sheeted Part Foam Border, S150 2.065"" x 5.702""","Shelf Life Sensitive

See CS/SALES for partial cases, Partial pallets, and over or under shipping.
Can use Steripax CAT ID 22721 as alternate for pouch (deviation in place with Allergan)",186,
"9151 - Sheeted Part 3426A/1524 24"" x 18""",1117,"9151 - Sheeted Part 3426A/1524 24"" x 18""","Shelf Life Sensitive

Store incoming adhesives in packaging area of the Clean room.

DO NOT PRODUCE PARTS MORE THAN 2 WEEKS PRIOR TO THE SHIP DATE.",147,
9152 - Sheeted Part 3M 5909 15mm x 11mm,1118,9152 - Sheeted Part 3M 5909 15mm x 11mm,,,
"9153 - Die Cut Part Cling Vinyl 1.84"" x 3.86""",1119,"9153 - Die Cut Part Cling Vinyl 1.84"" x 3.86""",,,
"9154 - Slit Roll CSM 5 mil PET 24.5"" x 500'",1120,"9154 - Slit Roll CSM 5 mil PET 24.5"" x 500'",Use set up material.  Material is sensitive to scratching.  Handle with care!!,78,
"9155 - Die Cut Part Anti-splinter film 2.77"" x 5.526""",1121,"9155 - Die Cut Part Anti-splinter film 2.77"" x 5.526""",,,
"9156 - Sheeted Part Hook Tabs. 4 packs 7.0"" x 1.5""",1122,"9156 - Sheeted Part Hook Tabs. 4 packs 7.0"" x 1.5""",,,
"9157 - Slit material CSM Asymmetric Polysulfone membrane 0.75"" x 500'",1123,"9157 - Slit material CSM Asymmetric Polysulfone membrane 0.75"" x 500'",This JT creates slit rolls of uncoated membrane to be sent to Portascience for coating.,87,
"9158 - Die Cut Part Adh. Tab 0.49"" x 0.95""",1124,"9158 - Die Cut Part Adh. Tab 0.49"" x 0.95""",,,
"9159 - Slit Label stock 3M FM046902 0.945"" x 2,160'",1125,"9159 - Slit Label stock 3M FM046902 0.945"" x 2,160'",Use set up material to set blades and cores etc.,48,
"9160 - Slit Tape 3M 4712Y 15"" x 36Yd",1126,"9160 - Slit Tape 3M 4712Y 15"" x 36Yd",,,
"9161 - Slit Tape 3M 966 0.5"" x 25Yd",1127,"9161 - Slit Tape 3M 966 0.5"" x 25Yd",,,
"9162 - Die Cut Part Test Skin Film 2.35"" x 3.966""",1128,"9162 - Die Cut Part Test Skin Film 2.35"" x 3.966""",,,
"9163 - Sheeted Part 3M 1524/3M 9776 0.5"" x 1""",1129,"9163 - Sheeted Part 3M 1524/3M 9776 0.5"" x 1""",,,
9164 - Slit Tape St-2067 10.16mm x 350',1130,9164 - Slit Tape St-2067 10.16mm x 350',,,
"9165 - Die Cut Part 3M 8212 1.702"" x 2.856""",1131,"9165 - Die Cut Part 3M 8212 1.702"" x 2.856""",Clean Handeling Required,24,
"9166 - Sheeted Part Gauze pads 2"" x 4""",1132,"9166 - Sheeted Part Gauze pads 2"" x 4""",,,
"9167 - Sheeted Part Gauze pads 4"" x 4""",1133,"9167 - Sheeted Part Gauze pads 4"" x 4""",,,
9168 - Die Cut Part PREFORM - CHIP DW2A DBOD 9.45mm x 18.2mm,1134,9168 - Die Cut Part PREFORM - CHIP DW2A DBOD 9.45mm x 18.2mm,,,
"9169 - Slit Tape 3M 8926-02 0.775"" x 40m",1135,"9169 - Slit Tape 3M 8926-02 0.775"" x 40m",,,
"9170 - Sheeted Part Handle Grip Tape 6.77"" x 2.25""",1136,"9170 - Sheeted Part Handle Grip Tape 6.77"" x 2.25""",,,
"9171 - Sheeted Part Speaker Tape 0.59"" x 0.43""",1137,"9171 - Sheeted Part Speaker Tape 0.59"" x 0.43""",,,
"9172 - Sheeted Part Charge Pin Tape 0.561"" x 1.161""",1138,"9172 - Sheeted Part Charge Pin Tape 0.561"" x 1.161""",,,
"9173 - Sheeted Part Display Tape 5.81"" x 3.35""",1139,"9173 - Sheeted Part Display Tape 5.81"" x 3.35""",,,
"9174 - Sheeted Part Outer Optical Glass Tape 3.71"" x 1.36""",1140,"9174 - Sheeted Part Outer Optical Glass Tape 3.71"" x 1.36""",,,
"9175 - Sheeted Part SOM Heat Sink 3.80"" x 1.55""",1141,"9175 - Sheeted Part SOM Heat Sink 3.80"" x 1.55""",,,
"9176 - Sheeted Part Camera Thermal Pad 0.31"" x 0.31""",1142,"9176 - Sheeted Part Camera Thermal Pad 0.31"" x 0.31""",,,
"9177 - Sheeted Part Screw Cover Tape 0.311"" x 0.303""",1143,"9177 - Sheeted Part Screw Cover Tape 0.311"" x 0.303""",,,
"9178 - Sheeted Part Battery Foam 5.12"" x 0.51""",1144,"9178 - Sheeted Part Battery Foam 5.12"" x 0.51""",,,
"9179 - Slit Tape 3M 838 12"" x 72Yd",1145,"9179 - Slit Tape 3M 838 12"" x 72Yd",,,
"9180 - Sheeted Part 3M 1524/CSM Liner 24"" x 18""",1146,"9180 - Sheeted Part 3M 1524/CSM Liner 24"" x 18""",,,
9181 - Slit material CSM- Coated Ahlstrom 6613 5mm x 125',1147,9181 - Slit material CSM- Coated Ahlstrom 6613 5mm x 125',One roll = 16 finished rolls,28,
9182 - Die Cut Part 51825C Protective film 38mm x 28mm,1148,9182 - Die Cut Part 51825C Protective film 38mm x 28mm,,,
"9184 - Laminated Film 3001-022/90# liner 26.5"" x 1000'",1149,"9184 - Laminated Film 3001-022/90# liner 26.5"" x 1000'",,,
"9185 - Die Cut Part 3M 7610 0.25"" Dia",1150,"9185 - Die Cut Part 3M 7610 0.25"" Dia",,,
9186 - Slit Tape Sekisui 500WC Red 24mm x 50m,1151,9186 - Slit Tape Sekisui 500WC Red 24mm x 50m,,,
"9187 - Sheeted Part Wide 4.9375"" x 4""",1152,"9187 - Sheeted Part Wide 4.9375"" x 4""",Part is sold by the sheet,25,
9188 - Sheeted Part EPE M6 40mm x 40mm,1153,9188 - Sheeted Part EPE M6 40mm x 40mm,"Convert all material sent in by customer.
When slitting material down on Duse please slit at 750' for easier handling at press. MS
Material may be White, Black, or Clear.",170,
"9190 - Sheeted Part d/c 3M 1170 40"" Dia",1154,"9190 - Sheeted Part d/c 3M 1170 40"" Dia",,,
9191 - Slit Part Magnesium Reagent 80mm x 120',1155,9191 - Slit Part Magnesium Reagent 80mm x 120',"Must be run in Low Humidity conditions in clean room
See engineering for return bags.",85,
"9192 - Sheeted Part ZyMot Multi 3000 Membrane Sticker 1.691"" x 1.691""",1156,"9192 - Sheeted Part ZyMot Multi 3000 Membrane Sticker 1.691"" x 1.691""",Clean Handeling Required,24,
9193 - Slit Part Calcium Reagent 80mm x 120',1157,9193 - Slit Part Calcium Reagent 80mm x 120',"Must be run in Low Humidity conditions in clean room
Use same bag that material came in for return.",99,
9194 - Slit Part pH Reagent 80mm x 120',1158,9194 - Slit Part pH Reagent 80mm x 120',"Must be run in Low Humidity conditions in clean room
See engineering for return bags.",85,
9195 - Slit Part Specific Gravity Reagent 80mm x 120',1159,9195 - Slit Part Specific Gravity Reagent 80mm x 120',"Must be run in Low Humidity conditions in clean room
See engineering for return bags.",85,
9196 - Slit Part BHB Reagent 80mm x 120',1160,9196 - Slit Part BHB Reagent 80mm x 120',"Must be run in Low Humidity and Low light (<40 LUX) conditions in clean room
See engineering for return bags.",109,
"9197 - Slit Tape Kapton 200MT 0.9"" x 500'",1161,"9197 - Slit Tape Kapton 200MT 0.9"" x 500'",,,
"9198 - Sheeted Part PC Sheet, Coated 6.472"" x 3.811""",1162,"9198 - Sheeted Part PC Sheet, Coated 6.472"" x 3.811""",,,
"9199 - Die Cut Part 3M VHB LSE-160WF 1.88"" x 1.88""",1163,"9199 - Die Cut Part 3M VHB LSE-160WF 1.88"" x 1.88""",,,
"9200 - Die Cut Part - Packaging White 'Phoenix' Adh. Patch 2.34"" x 2.84""",1164,"9200 - Die Cut Part - Packaging White 'Phoenix' Adh. Patch 2.34"" x 2.84""",,,
"9201 - Fabricated Part 3M 467MPF/2 mil PET 0.75"" x 1,000'",1165,"9201 - Fabricated Part 3M 467MPF/2 mil PET 0.75"" x 1,000'",Step 1 Creates CAT ID#23074,27,
"9202 - Sheeted Part Poron/9471LE 2.25"" x 0.9""",1166,"9202 - Sheeted Part Poron/9471LE 2.25"" x 0.9""",,,
9203 - Sheeted Part PSA Capping Strip 368mm x 45mm,1167,9203 - Sheeted Part PSA Capping Strip 368mm x 45mm,,,
"9204 - Slit Tape 3M 5288-OB220 2"" x 20Yd",1168,"9204 - Slit Tape 3M 5288-OB220 2"" x 20Yd",,,
"9205 - Slit Tape 3M 5288-OB120 1"" x 20Yd",1169,"9205 - Slit Tape 3M 5288-OB120 1"" x 20Yd",,,
"9206 - Slit Tape 3M 5288-OB320 3"" x 20Yd",1170,"9206 - Slit Tape 3M 5288-OB320 3"" x 20Yd",,,
"9207 - Sheeted Part 3M 1170 40"" Dia",1171,"9207 - Sheeted Part 3M 1170 40"" Dia",,,
"9208 - Die Cut Part AA 1016P/R 0.375"" x 0.75""",1172,"9208 - Die Cut Part AA 1016P/R 0.375"" x 0.75""",,,
9209 - Die Cut Part 3M 110LSE-WF Tape Assembly 16.7mm x 34.71mm w/ tab,1173,9209 - Die Cut Part 3M 110LSE-WF Tape Assembly 16.7mm x 34.71mm w/ tab,,,
"9210 - Sheeted Part 3M 5952 4"" x 3""",1174,"9210 - Sheeted Part 3M 5952 4"" x 3""",,,
9211 - Sheeted Part 3M 5915P 336mm x 6.86mm,1175,9211 - Sheeted Part 3M 5915P 336mm x 6.86mm,Shelf Life Sensitive,20,
"9212 - Die Cut Part ST - 2090 0.5"" x 2.83""",1176,"9212 - Die Cut Part ST - 2090 0.5"" x 2.83""",,,
"9214 - Slit Tape 3M 8810 0.625"" x 108'",1177,"9214 - Slit Tape 3M 8810 0.625"" x 108'",,,
"9215 - Slit Tape ST-2114 1.375"" x 1640'",1178,"9215 - Slit Tape ST-2114 1.375"" x 1640'",,,
"9216 - Slit Tape 3M 9874 5.9"" x 200Yd",1179,"9216 - Slit Tape 3M 9874 5.9"" x 200Yd",,,
"9217 - Sheeted Part Insulator, Latch Base 1.31"" x 1.00""",1180,"9217 - Sheeted Part Insulator, Latch Base 1.31"" x 1.00""",,,
"9218 - Sheeted Part Roscolux 26 Light Red 1.43"" x 1.30""",1181,"9218 - Sheeted Part Roscolux 26 Light Red 1.43"" x 1.30""",,,
9219 - Sheeted Part Saliva collection device 40.6mm x 71mm,1182,9219 - Sheeted Part Saliva collection device 40.6mm x 71mm,,,
"9220 - Die Cut Part 3M 7953MP 3.445"" x 1.22""",1183,"9220 - Die Cut Part 3M 7953MP 3.445"" x 1.22""","Clean Handeling Required

Need 7953MP rolls to be at least 360 yds. long.",73,
"9221 - Die Cut Part 3M 4052 0.827"" x 0.827""",1184,"9221 - Die Cut Part 3M 4052 0.827"" x 0.827""",,,
"9222 - Slit Tape 3M 1280 0.292"" x 144Yd",1185,"9222 - Slit Tape 3M 1280 0.292"" x 144Yd",,,
"9223 - Slit Tape 2A04B 1.4"" x 1,000'",1186,"9223 - Slit Tape 2A04B 1.4"" x 1,000'",,,
"9224 - Die Cut Part 3M 5952 0.14"" x 0.25""",1187,"9224 - Die Cut Part 3M 5952 0.14"" x 0.25""",,,
"9225 - Die Cut Part 3M 5952 0.44"" x 0.6""",1188,"9225 - Die Cut Part 3M 5952 0.44"" x 0.6""",,,
"9226 - Die Cut Part 3M 401+ 2.03"" OD with tab",1189,"9226 - Die Cut Part 3M 401+ 2.03"" OD with tab",,,
"9227 - Die Cut Part 3M 401+ 1.3"" OD with tab",1190,"9227 - Die Cut Part 3M 401+ 1.3"" OD with tab",,,
"9228 - Die Cut Part 3M 401+ 1"" x 0.5"" with tab",1191,"9228 - Die Cut Part 3M 401+ 1"" x 0.5"" with tab",,,
"9229 - Die Cut Part 3M 401+ 1"" x 2"" with tab",1192,"9229 - Die Cut Part 3M 401+ 1"" x 2"" with tab",,,
"9230 - Butt Cut Part 1/16"" white foam 0.375"" x 0.375""",1193,"9230 - Butt Cut Part 1/16"" white foam 0.375"" x 0.375""",Shelf Life Sensitive,20,
9231 - Die Cut Part VVM14 - Trial ,1194,9231 - Die Cut Part VVM14 - Trial ,TRIAL - Many different materials and combinations.  See ENGINEERING,67,
"9232 - Slit Tape CSM FKM-04/9719 1"" x 20'",1195,"9232 - Slit Tape CSM FKM-04/9719 1"" x 20'",Save all left over CSM to be sent back.,39,
"9233 - Sheeted Part 3M 5906 0.223"" x 0.787""",1196,"9233 - Sheeted Part 3M 5906 0.223"" x 0.787""",,,
"9234 - Sheeted Part 3M 5906 0.38"" x 1.161""",1197,"9234 - Sheeted Part 3M 5906 0.38"" x 1.161""",,,
"9235 - Sheeted Part 3M 5906 0.998"" x 2.379""",1198,"9235 - Sheeted Part 3M 5906 0.998"" x 2.379""",,,
"9236 - Sheeted Part 3M 5906 0.757"" x 2.142""",1199,"9236 - Sheeted Part 3M 5906 0.757"" x 2.142""",,,
9237 - Die Cut Part 3M 4712 171.59mm x 56.36mm,1200,9237 - Die Cut Part 3M 4712 171.59mm x 56.36mm,"Part is sold in SETS.  1,000 sets equals 1,000 of each side.  The number across references SETS across",102,
9238 - Slit Tape CSM - 8926-02 Vari x 40m,1201,9238 - Slit Tape CSM - 8926-02 Vari x 40m,See work order for slit widths.,31,
"9239 - Fabricated Part CSM CHEMOURS TEFLON PFA 200LP 2Mil., perfed at 12.5"" 6"" x 500'",1202,"9239 - Fabricated Part CSM CHEMOURS TEFLON PFA 200LP 2Mil., perfed at 12.5"" 6"" x 500'","If there are defective rolls; these are NOT to be trashed, advise Sales or CSR what is defective about the roll(s), how much and put someplace that is not in the trash can, this is CSM and Saint Gobain credits Atlantic for bad material.",236,
"9240 - Slit Tape Novacel 9275 3"" x 660' x 12"" Perf",1203,"9240 - Slit Tape Novacel 9275 3"" x 660' x 12"" Perf",,,
"9241 - Sheeted Part Window Gasket 21.48"" x 12.32""",1204,"9241 - Sheeted Part Window Gasket 21.48"" x 12.32""",,,
"9242 - Sheeted Part Neoprene gasket 0.25"" x 0.15""",1205,"9242 - Sheeted Part Neoprene gasket 0.25"" x 0.15""",,,
"9243 - Slit Tape Berry 827 PE film tape 2"" x 6Yd",1206,"9243 - Slit Tape Berry 827 PE film tape 2"" x 6Yd","Material is actually 48mm

Per customer either true 2"" or 48 mm are both acceptable.  DT 02/15/22",97,
"9244 - Slit material CS Membrane 4.5"" x 260'",1207,"9244 - Slit material CS Membrane 4.5"" x 260'",,,
"9245 - Printed Tape MED 5707 5"" x 1,500'",1208,"9245 - Printed Tape MED 5707 5"" x 1,500'",Use same printing plate as JT 8381/JT 8667/JT 8777,50,
"9246 - Sheeted Part ST-2138 3.98"" x 2.6""",1209,"9246 - Sheeted Part ST-2138 3.98"" x 2.6""",,,
"9247 - Slit Material CS Membrane 4.5"" x 100'",1210,"9247 - Slit Material CS Membrane 4.5"" x 100'",,,
"9248 - Die Cut Part Matte Silver/3M 5908 1.5"" x 0.75""",1211,"9248 - Die Cut Part Matte Silver/3M 5908 1.5"" x 0.75""",,,
"9249 - Slit Tape 3M 1280 0.655"" x 144Yd",1212,"9249 - Slit Tape 3M 1280 0.655"" x 144Yd",,,
"9250 - Fabricated Part Wire Shield 27"" x 1.8""",1213,"9250 - Fabricated Part Wire Shield 27"" x 1.8""",,,
"9253 - Die Cut Part Hose Card, Standard CCT 3.75"" x 3.5""",1214,"9253 - Die Cut Part Hose Card, Standard CCT 3.75"" x 3.5""","Need to use 3.75"" wide custom cores (6"" ID X 10"" OD).

See Work Order for ""Ship To""",83,
9254 - Sheeted Part 3M 300LSE 50mm x 23mm,1215,9254 - Sheeted Part 3M 300LSE 50mm x 23mm,,,
"9257 - Slit Tape Internal Use UPVC 1.5"" x 1000Yd",1216,"9257 - Slit Tape Internal Use UPVC 1.5"" x 1000Yd",,,
9258 - Slit Tape 3M 9793R 27.6mm x 262m,1217,9258 - Slit Tape 3M 9793R 27.6mm x 262m,,,
"9259 - Die Cut Part 3M 9472 1.5"" Dia",1218,"9259 - Die Cut Part 3M 9472 1.5"" Dia",,,
"9260 - Sheeted Part Full Coverage 4.25"" x 5.25""",1219,"9260 - Sheeted Part Full Coverage 4.25"" x 5.25""",,,
"9261 - Sheeted Label Discrepancy marking - White 20"" x 13""",1220,"9261 - Sheeted Label Discrepancy marking - White 20"" x 13""","Shelf Life Sensitive

Needs 80% Shelf Life remaining.",53,
"9262 - Sheeted Part 3M 9795R 3.07"" x 4.527""",1221,"9262 - Sheeted Part 3M 9795R 3.07"" x 4.527""",,,
"9263 - Slit Rolls CSM/A802 PSA 0.5"" x 500'",1222,"9263 - Slit Rolls CSM/A802 PSA 0.5"" x 500'",,,
"9264 - Slit material CSM - Vivid GR 4.5"" x 100'",1223,"9264 - Slit material CSM - Vivid GR 4.5"" x 100'",,,
9265 - Slit Tape 3M 1194 5mm x 55m,1224,9265 - Slit Tape 3M 1194 5mm x 55m,,,
"9266 - Die Cut Part Hose Card, Narrow, MNL 4"" x 3.25""",1225,"9266 - Die Cut Part Hose Card, Narrow, MNL 4"" x 3.25""",,,
"9267 - Slit Tape 3M 2090 16"" x 60Yd",1226,"9267 - Slit Tape 3M 2090 16"" x 60Yd",,,
"9268 - Printed Label Blue label with white text 3"" x 5""",1227,"9268 - Printed Label Blue label with white text 3"" x 5""",,,
"9269 - Slit Tape ""See work order for material"" 1"" x 36Yd",1228,"9269 - Slit Tape ""See work order for material"" 1"" x 36Yd",See work order for which material to use.,41,
"9271 - Slit Tape 3M 9874 6"" x 200Yd",1229,"9271 - Slit Tape 3M 9874 6"" x 200Yd",,,
9272 - Slit Tape Sekisui 500WC Red 38mm x 50m,1230,9272 - Slit Tape Sekisui 500WC Red 38mm x 50m,,,
"9273 - Die Cut Part Medium Gel Disc 1.34"" Dia",1231,"9273 - Die Cut Part Medium Gel Disc 1.34"" Dia",,,
"9274 - Sheeted Part Roscolux 94 Green, 4b_button_gel 1.62"" x 0.84""",1232,"9274 - Sheeted Part Roscolux 94 Green, 4b_button_gel 1.62"" x 0.84""",Check for CAT# 19922 for pre slit 467MP ,40,
"9275 - Sheeted Part Roscolux 26 Red 1.43"" x 0.59""",1233,"9275 - Sheeted Part Roscolux 26 Red 1.43"" x 0.59""",Check for CAT# 19922 for pre slit 467MP - This is an empty CAT ID 3/22/22 JLM,77,
"9276 - Sheeted Part d/c foam strips 1"" x 5.75""",1234,"9276 - Sheeted Part d/c foam strips 1"" x 5.75""",,,
"9277 - Sheeted Part EPDM/3M L3+T5 4.5"" x 2.95""",1235,"9277 - Sheeted Part EPDM/3M L3+T5 4.5"" x 2.95""",,,
"9278 - Die Cut Label White Thermal Transfer 6"" x 4""",1236,"9278 - Die Cut Label White Thermal Transfer 6"" x 4""",Creates CAT# 23167 for JT 9150,30,
9279 - Fabricated Roll Custom lamination 280mm x 50m,1237,9279 - Fabricated Roll Custom lamination 280mm x 50m,,,
"9280 - Slit Tape 3M RP45 12"" x 60'",1238,"9280 - Slit Tape 3M RP45 12"" x 60'",,,
"9281 - Die Cut Part Acrylic Adh. Hook 7.357"" x 0.727""",1239,"9281 - Die Cut Part Acrylic Adh. Hook 7.357"" x 0.727""",,,
"9282 - Die Cut Part Acrylic Adh. Hook 2.9"" x 1.7""",1240,"9282 - Die Cut Part Acrylic Adh. Hook 2.9"" x 1.7""",,,
"9283 - Die Cut Part Acrylic Adh. Hook 3.5"" x 1.7""",1241,"9283 - Die Cut Part Acrylic Adh. Hook 3.5"" x 1.7""",,,
"9284 - Die Cut Part Acrylic Adh. Hook 4.79"" x 1.7""",1242,"9284 - Die Cut Part Acrylic Adh. Hook 4.79"" x 1.7""",,,
"9285 - Laminated material CSM/9458 10"" x 100'",1243,"9285 - Laminated material CSM/9458 10"" x 100'",,,
"9286 - Lamination 3M CSM Kapton/UCT-10 4"" wide",1244,"9286 - Lamination 3M CSM Kapton/UCT-10 4"" wide",,530,"PET Tape/UCT-10 4"" conversion after Step 1 CEVE turns into CAT ID #23268. (Updated Description of initial input item to LOG status.) Converted material should come straight to SUS for conversion BEFORE being brought to the press. 
Creates CAT# 23218 for JT 8841 - This was for the 4"" roll of laminated Kapton. Revised PART to reflect JJ number as this job is a feeder.
After the TRIAL run WO LI 111971, 2"" rolls of laminated Kapton were in the output. Revised CAT ID 23218 to reflect projected 2"" outcome every time. 
4/1/22 -JLM
"
"9287 - Laminated material 3M 9458/54# liner 10"" x 108'",1245,"9287 - Laminated material 3M 9458/54# liner 10"" x 108'",,,
"9289 - Slit Tape UHMW-PE 1.25"" x 500'",1246,"9289 - Slit Tape UHMW-PE 1.25"" x 500'",,,
"9290 - Slit Tape 3M 1280 0.660"" x 144Yd",1247,"9290 - Slit Tape 3M 1280 0.660"" x 144Yd",,,
"9291 - Die Cut Part Hose Card, Standard/Hose Card 3.75"" x 3.5""",1248,"9291 - Die Cut Part Hose Card, Standard/Hose Card 3.75"" x 3.5""","Need to use 3.75"" wide custom cores (6"" ID X 10"" OD).

See Work Order for ""Ship To""",83,
"9292 - Sheeted Part 3M SJ3551CF Dual Lock, mated 4"" x 1""",1249,"9292 - Sheeted Part 3M SJ3551CF Dual Lock, mated 4"" x 1""",,,
"9293 - Slit Tape 3M 4646 1.25"" x 5Yd",1250,"9293 - Slit Tape 3M 4646 1.25"" x 5Yd",,,
"9294 - Slit Tape 3M 4646 2.25"" x 5Yd",1251,"9294 - Slit Tape 3M 4646 2.25"" x 5Yd",,,
"9295 - Die Cut Part Membrane Sticker - 14um Pore size 1.134"" x 1.384""",1252,"9295 - Die Cut Part Membrane Sticker - 14um Pore size 1.134"" x 1.384""",Clean Handeling Required,24,
"9296 - Sheeted Part Multi 3ML Veterinary Membrane sticker, 14 Micron 1.691"" x 1.691""",1253,"9296 - Sheeted Part Multi 3ML Veterinary Membrane sticker, 14 Micron 1.691"" x 1.691""",Clean Handeling Required,24,
9297 - Rewinding CSM Film 118mm wide,1254,9297 - Rewinding CSM Film 118mm wide,,,
"9298 - Sheeted Part Foil lidding film 0.690"" Dia",1255,"9298 - Sheeted Part Foil lidding film 0.690"" Dia",Clean Handeling Required,24,
9299 - Die Cut Part 3M 5952 5mm x 32mm,1256,9299 - Die Cut Part 3M 5952 5mm x 32mm,,,
"9300 - Die Cut Label Motor cover label, Black 11.625"" x 1.5""",1257,"9300 - Die Cut Label Motor cover label, Black 11.625"" x 1.5""",,,
9301 - Sheeted Part Adh. ISP 80mm x 105.5mm,1258,9301 - Sheeted Part Adh. ISP 80mm x 105.5mm,,,
"9302 - Sheeted Part Extraction Tube seal 0.64"" x 0.438""",1259,"9302 - Sheeted Part Extraction Tube seal 0.64"" x 0.438""",Clean Handeling Required,24,
"9303 - Sheeted Part Tesa 75507 9.25"" x 1.75""",1260,"9303 - Sheeted Part Tesa 75507 9.25"" x 1.75""",,,
"9304 - Slit Tape 3M 3903 White 1/2"" x 50Yd",1261,"9304 - Slit Tape 3M 3903 White 1/2"" x 50Yd",,,
"9305 - Slit Tape 3M RP16 0.25"" x 36Yd",1262,"9305 - Slit Tape 3M RP16 0.25"" x 36Yd",Cores to be slit for each order.  See step 0.5 for instructions,63,
9306 -   ,1263,9306 -   ,,,
9307 - Die Cut Part Aperture Release Sheet 33mm x 200mm,1264,9307 - Die Cut Part Aperture Release Sheet 33mm x 200mm,,,
"9308 - Slit Tape 3M 4229P - CSM 0.25"" x 262'",1265,"9308 - Slit Tape 3M 4229P - CSM 0.25"" x 262'",Run ALL customer supplied material.  Yield as many rolls as possible and use set up material to reduce waste.,109,
"9309 - Slit Tape 3M 2392 2"" x 60Yd",1266,"9309 - Slit Tape 3M 2392 2"" x 60Yd",,,
9310 - Slit Tape 3M 9828 Various x 240Yd,1267,9310 - Slit Tape 3M 9828 Various x 240Yd,See work order for slit widths,30,
9311 -   ,1268,9311 -   ,,,
9312 -   ,1269,9312 -   ,,,
9313 -   ,1270,9313 -   ,,,
"9314 - Printed Label Grey with black print 2"" x 2""",1271,"9314 - Printed Label Grey with black print 2"" x 2""",,,
"9315 - Die Cut Part Foam gasket - Battery door 3.45"" x 4.2""",1272,"9315 - Die Cut Part Foam gasket - Battery door 3.45"" x 4.2""",,,
"9316 - Die Cut Part Foam gasket - Case bottom 6.5"" x 7.1""",1273,"9316 - Die Cut Part Foam gasket - Case bottom 6.5"" x 7.1""",,,
"9319 - Sheeted Part Device Adh. 17"" x 10.35""",1274,"9319 - Sheeted Part Device Adh. 17"" x 10.35""",,,
"9320 - Sheeted Part Liner Adh. 17.38"" x 11.25""",1275,"9320 - Sheeted Part Liner Adh. 17.38"" x 11.25""",,,
"9321 - Sheeted Part Circuit Adh. 17"" x 10.5""",1276,"9321 - Sheeted Part Circuit Adh. 17"" x 10.5""",,,
"9322 - Slit Tape A462DC 27"" x 36Yd",1277,"9322 - Slit Tape A462DC 27"" x 36Yd",See work order for slit widths,30,
"9323 - Slit Tape 3M 4412N 3"" x 15'",1278,"9323 - Slit Tape 3M 4412N 3"" x 15'",,,
"9324 - Slit Tape 3M Dirt Trap 4"" x 300'",1279,"9324 - Slit Tape 3M Dirt Trap 4"" x 300'",,,
"9325 - Slit Tape 3M Dirt Trap 18"" x 300'",1280,"9325 - Slit Tape 3M Dirt Trap 18"" x 300'",,,
"9326 - Slit Tape 3M 8412 0.5"" x 72Yd",1281,"9326 - Slit Tape 3M 8412 0.5"" x 72Yd",,,
"9327 - Sheeted Part mBrace Hydrocolloid pads 2.723"" x 2.348""",1282,"9327 - Sheeted Part mBrace Hydrocolloid pads 2.723"" x 2.348""",,,
"9328 - Sheeted Part Foam Border, S180 74mm x 184mm",1283,"9328 - Sheeted Part Foam Border, S180 74mm x 184mm",,,
"9329 - Sheeted Part Foam Border, T260 80.5mm x 202mm",1284,"9329 - Sheeted Part Foam Border, T260 80.5mm x 202mm",,,
"9330 - Slit Liner 54# C2S Medium release 0.375"" x 250Yd",1285,"9330 - Slit Liner 54# C2S Medium release 0.375"" x 250Yd",,,
"9331 - Die Cut Part 6.125"" x 4"" Printed Cover Label for Advantage Standard, 101-10 Violet 6.125"" x 4""",1286,"9331 - Die Cut Part 6.125"" x 4"" Printed Cover Label for Advantage Standard, 101-10 Violet 6.125"" x 4""",This makes labels for CAT ID: 23549,35,
"9332 - Die Cut Part 6.125"" x 4"" Printed Cover Label for Advantage Petite, 2467 Brown 6.125"" x 4""",1287,"9332 - Die Cut Part 6.125"" x 4"" Printed Cover Label for Advantage Petite, 2467 Brown 6.125"" x 4""",This makes labels for CAT ID: 23550,35,
"9333 - Die Cut Part 6.125"" x 4"" Printed Cover Label for Advantage Plus, Cool Gray 6 6.125"" x 4""",1288,"9333 - Die Cut Part 6.125"" x 4"" Printed Cover Label for Advantage Plus, Cool Gray 6 6.125"" x 4""","This makes labels for CAT ID: 23548
",36,
9334 - Die Cut Part ChemFilm Release 33mm x 200mm,1289,9334 - Die Cut Part ChemFilm Release 33mm x 200mm,,,
"9335 - Sheeted Part #161 Trim Strips 11.5"" x 3.56""",1290,"9335 - Sheeted Part #161 Trim Strips 11.5"" x 3.56""",Have Packager at press during run.,34,
"9336 - Sheeted Part #183 Trim Strips 11.5"" x 4.44""",1291,"9336 - Sheeted Part #183 Trim Strips 11.5"" x 4.44""",Have Packager at press during run.,34,
"9337 - Die Cut Part Backing, Adh. Foam, SideLok 1.267"" x 0.625""",1292,"9337 - Die Cut Part Backing, Adh. Foam, SideLok 1.267"" x 0.625""",,,
"9339 - Female Carrier Strip Light Blue Dual Cap - Brick pack 1.11"" x 10.75""",1293,"9339 - Female Carrier Strip Light Blue Dual Cap - Brick pack 1.11"" x 10.75""",Please run on Delta 8 only,26,
"9340 - Male Carrier Strip Dark Blue Dual Cap - Brick pack 1.11"" x 7.00""",1294,"9340 - Male Carrier Strip Dark Blue Dual Cap - Brick pack 1.11"" x 7.00""",There are a total of 900 parts per tray. Take total amount packaged and divide by 900 to get tray usage for the job. ,117,
9341 - Fabricated Roll Custom lamination 280mm x 50m,1295,9341 - Fabricated Roll Custom lamination 280mm x 50m,,,
9342 - Die Cut Label CSM - PET/PSA 306 4.9mm x 59.37mm,1296,9342 - Die Cut Label CSM - PET/PSA 306 4.9mm x 59.37mm,,,
"9343 - Die Cut Part 3M 9828 3.16"" x 1.83""",1297,"9343 - Die Cut Part 3M 9828 3.16"" x 1.83""",,,
9344 - Sheeted Part Phone accessory 6.15cm x 7.8cm,1298,9344 - Sheeted Part Phone accessory 6.15cm x 7.8cm,,,
"9345 - Sheeted Part 1/8"" Neoprene w/ Adh. 8"" x 0.5""",1299,"9345 - Sheeted Part 1/8"" Neoprene w/ Adh. 8"" x 0.5""",,,
"9346 - Assembly 96 Well assembly 2.92"" x 4.41""",1300,"9346 - Assembly 96 Well assembly 2.92"" x 4.41""",,,
"9347 - Assembly 384 Well assembly 2.92"" x 4.41""",1301,"9347 - Assembly 384 Well assembly 2.92"" x 4.41""",,,
9348 - Die Cut Part Angled Mobility Mount 305mm x 25.4mm,1302,9348 - Die Cut Part Angled Mobility Mount 305mm x 25.4mm,,,
"9349 - Slit Tape IPG RA 6 6"" x 60Yd",1303,"9349 - Slit Tape IPG RA 6 6"" x 60Yd",,,
9350 - Slit Tape CSM - DNP D-EL408PH 100mm x 100m,1304,9350 - Slit Tape CSM - DNP D-EL408PH 100mm x 100m,,,
9351 - Butt Cut Part Adh. mounting tape 37mm x 48mm with 3mm tab,1305,9351 - Butt Cut Part Adh. mounting tape 37mm x 48mm with 3mm tab,,,
"9352 - Sheeted Part 3M 93020LE 6"" x 3.5""",1306,"9352 - Sheeted Part 3M 93020LE 6"" x 3.5""",,,
"9353 - Die Cut Part Hose Card, Standard/Hose Card 3.75"" x 3.5""",1307,"9353 - Die Cut Part Hose Card, Standard/Hose Card 3.75"" x 3.5""","Need to use 3.75"" wide custom cores (6"" ID X 10"" OD).

See Work Order for ""Ship To""",83,
9354 - Die Cut Part Protective Foil 193.6mm x 169mm,1308,9354 - Die Cut Part Protective Foil 193.6mm x 169mm,,,
9355 - Butt Cut Part Protective Foil 152mm x 75mm,1309,9355 - Butt Cut Part Protective Foil 152mm x 75mm,,,
9356 -   ,1310,9356 -   ,"Shelf Life Sensitive

75% Shelf Life required on adhesive.",58,
9357 - Sheeted Part EPE - Slotted 40mm x 40mm,1311,9357 - Sheeted Part EPE - Slotted 40mm x 40mm,,352,"Convert all material sent in by customer.
When slitting material down on Duse please slit at 750' for easier handling at press. MS
Material may be White, Black, or Clear.

Not all chads have to be removed from product, Per Sales.  Try to remove as many as possible (goal is 75% - 90% chad free).  Cannot change low tack carriers without sales approval."
"9358 - Slit Tape 3M 63 0.625"" x 36Yd",1312,"9358 - Slit Tape 3M 63 0.625"" x 36Yd","Shelf Life Sensitive

Only one lot# allowed per order",53,
9359 -   ,1313,9359 -   ,"Shelf Life Sensitive

75% Shelf Life required on adhesive.",58,
9360 - Die Cut Part Preform - Chip EG 13.26mm x 35.67mm,1314,9360 - Die Cut Part Preform - Chip EG 13.26mm x 35.67mm,,,
"9361 - Slit Tape Berry 827 PE film tape - Black 2"" x 6Yd",1315,"9361 - Slit Tape Berry 827 PE film tape - Black 2"" x 6Yd",,,
9362 - Sheeted Part Check Pad Paper Sleeve 74.5mm x 160mm,1316,9362 - Sheeted Part Check Pad Paper Sleeve 74.5mm x 160mm,,,
9363 - Sheeted Part Foam Nose Brace 37mm x 11.3mm,1317,9363 - Sheeted Part Foam Nose Brace 37mm x 11.3mm,,,
9364 - Sheeted Part Nose Foam Brace Assembly 37mm x 11.3mm,1318,9364 - Sheeted Part Nose Foam Brace Assembly 37mm x 11.3mm,,,
"9365 - Sheeted Part 3M 4950 8"" x 0.5""",1319,"9365 - Sheeted Part 3M 4950 8"" x 0.5""",Shelf Life Sensitive,20,
"9366 - Sheeted Part 3M RP+230GF 6.25"" x 1""",1320,"9366 - Sheeted Part 3M RP+230GF 6.25"" x 1""",Shelf Life Sensitive,20,
"9367 - Sheeted Part 3M RP+230GF 6.8"" x 1""",1321,"9367 - Sheeted Part 3M RP+230GF 6.8"" x 1""",Shelf Life Sensitive,20,
9368 - Sheeted Part CCB Tape 473.8mm x 301.8mm,1322,9368 - Sheeted Part CCB Tape 473.8mm x 301.8mm,,,
9369 -   ,1323,9369 -   ,,,
9370 - Sheeted Part White Adh. Patch 304.8mm x 219.1mm,1324,9370 - Sheeted Part White Adh. Patch 304.8mm x 219.1mm,54# liner can be reused multiple times,38,
"9372 - Sheeted Part 3M 8671/9471LE, Insulator, LH Companion Seat 21.69"" x 1.25""",1325,"9372 - Sheeted Part 3M 8671/9471LE, Insulator, LH Companion Seat 21.69"" x 1.25""",,,
"9373 - Sheeted Part 3M 8671/9471LE, Insulator, Front Companion Seat 40.75"" x 1.25""",1326,"9373 - Sheeted Part 3M 8671/9471LE, Insulator, Front Companion Seat 40.75"" x 1.25""",,,
"9374 - Slit Tape 3M 501+ 0.585"" x 60Yd",1327,"9374 - Slit Tape 3M 501+ 0.585"" x 60Yd",,,
"9375 - Die Cut Part Neorpene gasket 1.5"" x 2""",1328,"9375 - Die Cut Part Neorpene gasket 1.5"" x 2""",,,
9376 -   ,1329,9376 -   ,,,
"9377 - Die Cut Part TPE-X36B washer 1"" x 1""",1330,"9377 - Die Cut Part TPE-X36B washer 1"" x 1""",,,
"9378 - Sheeted Part 8671/9485PC 11"" x 1.125""",1331,"9378 - Sheeted Part 8671/9485PC 11"" x 1.125""",Shelf Life Sensitive,20,
"9379 - Slit Tape 3M 9795R 1"" x 120Yd",1332,"9379 - Slit Tape 3M 9795R 1"" x 120Yd",,,
"9380 - Die Cut Part 3M 4926 0.75"" x 0.75"" w/ tab",1333,"9380 - Die Cut Part 3M 4926 0.75"" x 0.75"" w/ tab",,,
"9381 - Die Cut Part Petite label, 6"" x 3.939"" 6"" x 3.9""",1334,"9381 - Die Cut Part Petite label, 6"" x 3.939"" 6"" x 3.9""",Creates CAT ID 23628,20,
"9382 - Die Cut Part Standard label 6"" x 3.9""",1335,"9382 - Die Cut Part Standard label 6"" x 3.9""",Creates CAT ID 23629,20,
"9383 - Die Cut Part Plus label 6"" x 3.9""",1336,"9383 - Die Cut Part Plus label 6"" x 3.9""",Creates CAT ID 23630,20,
"9384 - Die Cut Part Clip Foam - MED 6017 1.5"" Dia",1337,"9384 - Die Cut Part Clip Foam - MED 6017 1.5"" Dia",CAT# 23533 is Strouse bought MED 6017,37,
"9385 - Sheeted Part 54 lb. Medium Release liner 2"" x 16.5""",1338,"9385 - Sheeted Part 54 lb. Medium Release liner 2"" x 16.5""",,,
"9386 - Sheeted Part 3M 8555/Loparex liner 24""",1339,"9386 - Sheeted Part 3M 8555/Loparex liner 24""","Gloves - Catalog No. 19-149-863C - www.fishersci.com
Cleaning solution - Desoclean 45 - Kenko Aerospace
Follow Line Clearance instructions
Handle all materials using gloves.  All dies and press surfaces need to be wiped down using the Desoclean 45",247,
9387 - Die Cut Part Loop - Small 25mm x 12mm,1340,9387 - Die Cut Part Loop - Small 25mm x 12mm,,,
9388 - Die Cut Part Loop - Large 30mm x 18mm,1341,9388 - Die Cut Part Loop - Large 30mm x 18mm,,,
9389 - Die Cut Part Cub pad - Small 26mm x 16mm,1342,9389 - Die Cut Part Cub pad - Small 26mm x 16mm,,,
9390 - Die Cut Part Cub pad - Large 40mm x 20mm,1343,9390 - Die Cut Part Cub pad - Large 40mm x 20mm,,,
9391 - Sheeted Part Gasket 3.5mm OD x 1.6mm ID,1344,9391 - Sheeted Part Gasket 3.5mm OD x 1.6mm ID,,,
"9392 - Sheeted Part 3M SJ5816 11"" x 1.5""",1345,"9392 - Sheeted Part 3M SJ5816 11"" x 1.5""",Shelf Life Sensitive,20,
"9393 - Laser Cut Part Polyimide Tape Mask, Pattern A 0.375"" x 0.375""",1346,"9393 - Laser Cut Part Polyimide Tape Mask, Pattern A 0.375"" x 0.375""",,,
"9394 - Slit Tape 3M 9576 6-5/32"" x 328Yd",1347,"9394 - Slit Tape 3M 9576 6-5/32"" x 328Yd",,,
"9395 - Slit Tape 3M 4076 with scored liner 5"" x 288Yd",1348,"9395 - Slit Tape 3M 4076 with scored liner 5"" x 288Yd",,,
9396 - Die Cut Part Blower Gasket Cover - 4930 84.54mm x 54mm,1349,9396 - Die Cut Part Blower Gasket Cover - 4930 84.54mm x 54mm,,,
9397 -   ,1350,9397 -   ,,,
9398 - Die Cut Part  ,1351,9398 - Die Cut Part  ,,,
"9400 - Laminated Rolls 3M 9415PC/15 mil HIPS 3.96"" x 700'",1352,"9400 - Laminated Rolls 3M 9415PC/15 mil HIPS 3.96"" x 700'",,,
"9401 - Sheeted Part 3M SJ3560 3"" x 1""",1353,"9401 - Sheeted Part 3M SJ3560 3"" x 1""",,,
9402 -   ,1354,9402 -   ,,,
9403 -   ,1355,9403 -   ,,,
9404 -   ,1356,9404 -   ,,,
9405 -   ,1357,9405 -   ,,,
9406 -   ,1358,9406 -   ,,,
"9408 - Slit Tape Splicing tape - ST-2221 1.5"" x 180 ft",1359,"9408 - Slit Tape Splicing tape - ST-2221 1.5"" x 180 ft","Must use yellow silicone release tape for splicing.
",52,
"9409 - Sheeted Part Concept Trial 2.25""",1360,"9409 - Sheeted Part Concept Trial 2.25""",,,
9411 -   ,1361,9411 -   ,,,
9412 -   ,1362,9412 -   ,#N/A,#N/A,
