JobJacket( Extrnal Id ),Item Internal Id,Operation Sequence (line),InspectionSequence,Parameter,LSL,Target,USL,Max Target Min
2,1680,10,1,Width of slit roll,0.158,0.188,0.218,"MAX : 0.218
TARGET : 0.188
MIN : 0.158"
124,1681,,1,Width of roll at outside diameter,19.50,20.00,20.50,"MAX : 20.50
TARGET : 20.00
MIN : 19.50"
1878,1705,10,4,Is the die pressure set to achieve a complete cut through the foam without compromising the carrier liner?,No(Fail),Yes(Pass),,"MAX : 
TARGET : Yes(Pass)
MIN : No(Fail)"
124,1681,,2,Width of roll at inside diameter,19.50,20.00,20.50,"MAX : 20.50
TARGET : 20.00
MIN : 19.50"
133,1682,10,1,Length of die cut,4.97,5.00,5.03,"MAX : 5.03
TARGET : 5.00
MIN : 4.97"
618,1690,10,6,"Has blue silicone tape been used for splicing, tabbing, and starting the rolls?",No (Fail),Yes (Pass),,"MAX : 
TARGET : Yes (Pass)
MIN : No (Fail)"
618,1690,10,4,Is the perforation centered and does it tear easily?,No (Fail),Yes (Pass),,"MAX : 
TARGET : Yes (Pass)
MIN : No (Fail)"
133,1682,10,2,Width of die cut,0.720,0.750,0.780,"MAX : 0.780
TARGET : 0.750
MIN : 0.720"
192,879,10,1,Length of Part,9.375,9.437,9.500,"MAX : 9.500
TARGET : 9.437
MIN : 9.375"
526,1688,10,3,Adhesive build-up on roll edges?,,No(Pass),Yes(Fail),"MAX : Yes(Fail)
TARGET : No(Pass)
MIN : "
526,1688,10,4,Proper butt cut of adhesive?,No(Fail),Yes(Pass),,"MAX : 
TARGET : Yes(Pass)
MIN : No(Fail)"
194,880,10,1,Diameter of circle,2.47,2.50,2.53,"MAX : 2.53
TARGET : 2.50
MIN : 2.47"
192,879,10,2,Width of Part,4.125,4.187,4.250,"MAX : 4.250
TARGET : 4.187
MIN : 4.125"
192,879,10,3,"When you look at the edge of the roll, is the roll free of folded over or stacked parts?",No(Fail),Yes(Pass),,"MAX : 
TARGET : Yes(Pass)
MIN : No(Fail)"
192,879,10,4,Is liner relase easy (part does not curl excessively when peeled off liner)?,No(Fail),Yes(Pass),,"MAX : 
TARGET : Yes(Pass)
MIN : No(Fail)"
192,879,10,5,"Is score of the liner at the ""points"" of the face shield?",No(Fail),Yes(Pass),,"MAX : 
TARGET : Yes(Pass)
MIN : No(Fail)"
194,880,10,2,Is the die strike deep enough to remove the matrix but not cut into the liner?,No (Fail),Yes (Pass),,"MAX : 
TARGET : Yes (Pass)
MIN : No (Fail)"
2282,1709,10,3,Is butt cut deep enough to pull parts off individually but not so deep as to fracture the liner?,No (Fail),Yes (Pass),,"MAX : 
TARGET : Yes (Pass)
MIN : No (Fail)"
272,1683,10,1,Length of part.,3.532,3.563,3.594,"MAX : 3.594
TARGET : 3.563
MIN : 3.532"
272,1683,10,2,Width of part.,0.719,0.750,0.781,"MAX : 0.781
TARGET : 0.750
MIN : 0.719"
124,1681,,3,Are roll edges clean and sharp?,No (Fail),Yes (Pass),,"MAX : 
TARGET : Yes (Pass)
MIN : No (Fail)"
124,1681,,4,Does the roll unwind without slivering when unwound quickly?,No (Fail),Yes (Pass),,"MAX : 
TARGET : Yes (Pass)
MIN : No (Fail)"
273,1684,10,1,Length of Part,4.03,4.06,4.09,"MAX : 4.09
TARGET : 4.06
MIN : 4.03"
273,1684,10,2,Width of Part,0.72,0.75,0.78,"MAX : 0.78
TARGET : 0.75
MIN : 0.72"
461,1687,10,3,Are the rolls free of adhesive build up on the edges?,No(Fail),Yes(Pass),,"MAX : 
TARGET : Yes(Pass)
MIN : No(Fail)"
461,1687,10,4,Is the butt cut deep enough to remove the pieces but not cut into the liner?,No(Fail),Yes(Pass),,"MAX : 
TARGET : Yes(Pass)
MIN : No(Fail)"
278,1685,10,1,Width of roll,0.469,0.625,0.781,"MAX : 0.781
TARGET : 0.625
MIN : 0.469"
278,1685,10,2,Thickness of polyimide material; without adhesive,0.0008,0.0010,0.0012,"MAX : 0.0012
TARGET : 0.0010
MIN : 0.0008"
194,880,10,3,Is slit edge of liner clean and sharp?,No (Fail),Yes (Pass),,"MAX : 
TARGET : Yes (Pass)
MIN : No (Fail)"
286,881,10,1,Length of part,5.97,6.00,6.03,"MAX : 6.03
TARGET : 6.00
MIN : 5.97"
286,881,10,2,Width of part,3.97,4.00,4.03,"MAX : 4.03
TARGET : 4.00
MIN : 3.97"
2329,890,10,3,Correct Width of Tab Area?,0.470,0.500,0.530,"MAX : 0.530
TARGET : 0.500
MIN : 0.470"
2329,890,10,4,Correct Length of Tab Area?,0.170,0.200,0.230,"MAX : 0.230
TARGET : 0.200
MIN : 0.170"
2329,890,10,7,Is adhesive laminated to the easy release side of the 4994?,No (Fail),Yes (Pass),,"MAX : 
TARGET : Yes (Pass)
MIN : No (Fail)"
2329,890,10,5,Final Liner Width,1.565,1.625,1.685,"MAX : 1.685
TARGET : 1.625
MIN : 1.565"
322,1686,10,1,Length of Part,119.2,120.0,120.8,"MAX : 120.8
TARGET : 120.0
MIN : 119.2"
322,1686,10,2,Width of Part,18.2,19.0,19.8,"MAX : 19.8
TARGET : 19.0
MIN : 18.2"
278,1685,10,3,"Is roll wound loose, but not so loose as to cause gapping?",No (Fail),Yes (Pass),,"MAX : 
TARGET : Yes (Pass)
MIN : No (Fail)"
278,1685,10,4,Are rolls clean of dirt and debris?,No (Fail),Yes (Pass),,"MAX : 
TARGET : Yes (Pass)
MIN : No (Fail)"
461,1687,10,2,Width of Part ,18,19,20,"MAX : 20
TARGET : 19
MIN : 18"
461,1687,10,1,Length of Part,18,19,20,"MAX : 20
TARGET : 19
MIN : 18"
1305,884,10,3,Is color PMS285 within one shade? (Compare to enclosed sample),No(Fail),Yes(Pass),,"MAX : 
TARGET : Yes(Pass)
MIN : No(Fail)"
1305,884,10,4,Is print positioning correct?,No(Fail),Yes(Pass),,"MAX : 
TARGET : Yes(Pass)
MIN : No(Fail)"
1305,884,10,5,Is die strike correct?,No(Fail),Yes(Pass),,"MAX : 
TARGET : Yes(Pass)
MIN : No(Fail)"
519,882,10,1,Width of paper,4.000,3.9375,3.875,"MAX : 3.875
TARGET : 3.9375
MIN : 4.000"
519,882,10,2,Print centered on width of roll,No (Fail),"Yes (Pass)
No (Fail)",,"MAX : 
TARGET : Yes (Pass)
No (Fail)
MIN : No (Fail)"
322,1686,10,3,"Die cut deep enough to strip matrix, but not so deep as to fracture the liner",No (Fail),Yes (Pass),,"MAX : 
TARGET : Yes (Pass)
MIN : No (Fail)"
322,1686,10,4,Presence of scratches on facestock,No (Pass),Yes (Fail),,"MAX : 
TARGET : Yes (Fail)
MIN : No (Pass)"
322,1686,10,5,Rewind loose to prevent adhesive ooze,No (Fail),Yes (Pass),,"MAX : 
TARGET : Yes (Pass)
MIN : No (Fail)"
322,1686,10,6,Rolls attached to cores/tabbed with paper tape,No (Fail),Yes (Pass),"
","MAX : 

TARGET : Yes (Pass)
MIN : No (Fail)"
526,1688,10,2,Length of Part,18.2,19.0,19.8,"MAX : 19.8
TARGET : 19.0
MIN : 18.2"
526,1688,10,1,Width of Part,15.2,16.0,16.8,"MAX : 16.8
TARGET : 16.0
MIN : 15.2"
273,1684,10,3,Is the die strike deep enough to strip the matrix but not cut into the liner?,No(Fail),Yes(Pass),,"MAX : 
TARGET : Yes(Pass)
MIN : No(Fail)"
273,1684,10,4,Are slit roll edges clean?,No(Fail),Yes(Pass) ,,"MAX : 
TARGET : Yes(Pass) 
MIN : No(Fail)"
273,1684,10,5,Is the product free of all PVC tape?  No splices or tabs?,No(Fail),Yes(Pass),,"MAX : 
TARGET : Yes(Pass)
MIN : No(Fail)"
602,1689,10,2,Width of Part,.719,.750,.781,"MAX : .781
TARGET : .750
MIN : .719"
602,1689,10,6,"Has blue silicone tape been used for splicing, tabbing, and starting the rolls?",No (Fail),Yes (Pass),,"MAX : 
TARGET : Yes (Pass)
MIN : No (Fail)"
602,1689,10,3,"Is die strike deep enough to strip matrix, yet not too deep as to fracture liner?",No (Fail),Yes (Pass),,"MAX : 
TARGET : Yes (Pass)
MIN : No (Fail)"
602,1689,10,4,Is the perforation centered and does it tear easily?,No (Fail),Yes (Pass),,"MAX : 
TARGET : Yes (Pass)
MIN : No (Fail)"
602,1689,10,5,"Is print clean, sharp, and within one shade of PMS 199?",No (Fail),Yes (Pass),,"MAX : 
TARGET : Yes (Pass)
MIN : No (Fail)"
602,1689,10,1,Length of Part,0.968,1.000,1.031,"MAX : 1.031
TARGET : 1.000
MIN : 0.968"
618,1690,10,2,Width of Part,0.719,0.750,0.781,"MAX : 0.781
TARGET : 0.750
MIN : 0.719"
1831,888,10,3,"Dent
See Note 1 above",,No (Pass),Yes (Fail),"MAX : Yes (Fail)
TARGET : No (Pass)
MIN : "
1831,888,10,4,"Milkiness
See Note 1 above",,No (Pass),Yes (Fail),"MAX : Yes (Fail)
TARGET : No (Pass)
MIN : "
1831,888,10,5,"Contamination
See Note 1 above",,No (Pass),Yes (Fail),"MAX : Yes (Fail)
TARGET : No (Pass)
MIN : "
1831,888,10,6,"Bad slit edge
See Note 1 above",,No (Pass),Yes (Fail),"MAX : Yes (Fail)
TARGET : No (Pass)
MIN : "
1831,888,10,7,"Telescoping or loose wrap
See Note 1 above",,No (Pass),Yes (Fail),"MAX : Yes (Fail)
TARGET : No (Pass)
MIN : "
1831,888,10,8,Footage of roll (record length in feet),,,,"MAX : 
TARGET : 
MIN : "
618,1690,10,1,Length of Part,0.719,0.750,0.781,"MAX : 0.781
TARGET : 0.750
MIN : 0.719"
618,1690,10,3,"Is die strike deep enough to strip matrix, yet not too deep as to fracture liner?",No (Fail),Yes (Pass),,"MAX : 
TARGET : Yes (Pass)
MIN : No (Fail)"
760,1691,10,3,Is butt cut deep enough to pull parts off individually yet not so deep as to fracture liner?,No (Fail),Yes (Pass),,"MAX : 
TARGET : Yes (Pass)
MIN : No (Fail)"
760,1691,10,4,Is slit edge clean and sharp without paper slivers and adhesive balls?,No (Fail),Yes (Pass),,"MAX : 
TARGET : Yes (Pass)
MIN : No (Fail)"
760,1691,10,5,Are masking tape or silicone tape being used to start and tab rolls?,No (Fail),Yes (Pass),,"MAX : 
TARGET : Yes (Pass)
MIN : No (Fail)"
618,1690,10,5,"Is print clean, sharp, and within one shade of PMS 199?",No (Fail),Yes (Pass),,"MAX : 
TARGET : Yes (Pass)
MIN : No (Fail)"
760,1691,10,2,Width of butt cut,3.72,3.75,3.78,"MAX : 3.78
TARGET : 3.75
MIN : 3.72"
1497,1699,10,4,Is the print clean and sharp?,No (Fail),Yes (Pass),,"MAX : 
TARGET : Yes (Pass)
MIN : No (Fail)"
760,1691,10,1,Length of butt cut,0.72,0.75,0.78,"MAX : 0.78
TARGET : 0.75
MIN : 0.72"
814,1692,10,1,Width of roll - see work order for target,-0.030,Target,+0.030,"MAX : +0.030
TARGET : Target
MIN : -0.030"
1751,1701,10,4,Is the Unwind Direction #2?,No (Fail),Yes (Pass),,"MAX : 
TARGET : Yes (Pass)
MIN : No (Fail)"
1751,1701,10,5,Are sides of rolls free from adhesive build-up?,No (Fail),Yes (Pass),,"MAX : 
TARGET : Yes (Pass)
MIN : No (Fail)"
814,1692,10,2,Is the slit edge free of slivers and double cuts?,No (Fail),Yes (Pass),,"MAX : 
TARGET : Yes (Pass)
MIN : No (Fail)"
847,1693,10,1,Length of label,2.469,2.500,2.531,"MAX : 2.531
TARGET : 2.500
MIN : 2.469"
1796,1703,10,4,Is the Unwind Direction #2?,No (Fail),Yes (Pass),,"MAX : 
TARGET : Yes (Pass)
MIN : No (Fail)"
1796,1703,10,5,Are sides of rolls free from adhesive build-up?,No (Fail),Yes (Pass),,"MAX : 
TARGET : Yes (Pass)
MIN : No (Fail)"
847,1693,10,2,Width of label,0.719,0.750,0.781,"MAX : 0.781
TARGET : 0.750
MIN : 0.719"
1088,1694,10,1,Width of roll.,1.906,1.936,1.966,"MAX : 1.966
TARGET : 1.936
MIN : 1.906"
133,1682,10,3,"Is the die strike deep enough to strip the matrix, yet not so deep as to fracture the liner?",No (Fail),Yes (Pass),,"MAX : 
TARGET : Yes (Pass)
MIN : No (Fail)"
1088,1694,10,2,Width of non-printed area.,1.000,1.030,1.045,"MAX : 1.045
TARGET : 1.030
MIN : 1.000"
1200,1695,10,1,Diameter of circle,0.907,0.937,0.967,"MAX : 0.967
TARGET : 0.937
MIN : 0.907"
1497,1699,10,7,Is release tape being used for all splices?,No (Fail),Yes (Pass),,"MAX : 
TARGET : Yes (Pass)
MIN : No (Fail)"
1200,1695,10,4,"Is the liner perfed cleanly between parts; every 3"", and does it tear easily? (CHECK 8 PERFS AT EACH INSPECTION)",No (Fail),Yes (Pass),,"MAX : 
TARGET : Yes (Pass)
MIN : No (Fail)"
1200,1695,10,2,Width of tab area,0.125,0.156,0.187,"MAX : 0.187
TARGET : 0.156
MIN : 0.125"
1633,1700,10,3,Adhesive transfer centered on tissue (measuring from edges of tissue to adhesive),2.37,2.50,2.63,"MAX : 2.63
TARGET : 2.50
MIN : 2.37"
1633,1700,10,4,"Is Outside Diameter of finished roll under 7.25""? 7.25"" OD ABSOLUTE MAX! (Confirm roll fits in dispensing box and spins easily within box).",No (Fail),Yes (Pass),,"MAX : 
TARGET : Yes (Pass)
MIN : No (Fail)"
1633,1700,10,5,Is the print straight across web and perpendicular to material edges?,No (Fail),Yes (Pass),,"MAX : 
TARGET : Yes (Pass)
MIN : No (Fail)"
1633,1700,10,6,Does the print look like a dotted line?,No (Fail),Yes (Pass),,"MAX : 
TARGET : Yes (Pass)
MIN : No (Fail)"
1633,1700,10,7,Is the adhesive free of large buckles and curl?,No (Fail),Yes (Pass),,"MAX : 
TARGET : Yes (Pass)
MIN : No (Fail)"
1633,1700,10,8,Does the perf allow the parts to be separated easily?,No (Fail),Yes (Pass),,"MAX : 
TARGET : Yes (Pass)
MIN : No (Fail)"
1226,883,10,1,Length of label,2.44,2.50,2.56,"MAX : 2.56
TARGET : 2.50
MIN : 2.44"
1226,883,10,2,Width of label,0.69,0.75,0.81,"MAX : 0.81
TARGET : 0.75
MIN : 0.69"
2347,891,10,6,"Pinhole to score .150"" on EAD500 side (operator)",0.120,0.150,0.180,"MAX : 0.180
TARGET : 0.150
MIN : 0.120"
2347,891,10,9,Total width,3.685,3.700,3.715,"MAX : 3.715
TARGET : 3.700
MIN : 3.685"
2347,891,10,7,Pin hole to score T-10 side (Gear),0.170,0.200,0.230,"MAX : 0.230
TARGET : 0.200
MIN : 0.170"
2347,891,10,8,Pin hole to score T-10  side (Operator),0.170,0.200,0.230,"MAX : 0.230
TARGET : 0.200
MIN : 0.170"
2347,891,10,13,Are the scores complete through the liners but not through the double-coated tape?,No (Fail),Yes (Pass),,"MAX : 
TARGET : Yes (Pass)
MIN : No (Fail)"
1286,1696,10,1,Width of tape,46,48,50,"MAX : 50
TARGET : 48
MIN : 46"
1305,884,10,2,Is part correct width,199,200,201,"MAX : 201
TARGET : 200
MIN : 199"
1783,1702,10,4,Is the Unwind Direction #2?,No (Fail),Yes (Pass),,"MAX : 
TARGET : Yes (Pass)
MIN : No (Fail)"
1783,1702,10,2,"Is print clean and sharp? Is ""P-7903"" legible?",No (Fail),Yes (Pass),,"MAX : 
TARGET : Yes (Pass)
MIN : No (Fail)"
1783,1702,10,5,Are sides of rolls free from adhesive build-up?,No (Fail),Yes (Pass),,"MAX : 
TARGET : Yes (Pass)
MIN : No (Fail)"
1305,884,10,1,Length of label,199,200,201,"MAX : 201
TARGET : 200
MIN : 199"
1311,1697,10,1,Is the width correct?,0.469,0.625,0.781,"MAX : 0.781
TARGET : 0.625
MIN : 0.469"
2190,889,10,3,"Die cut deep enough to strip matrix, but not so deep as to fracture the liner",No (Fail),Yes (Pass),,"MAX : 
TARGET : Yes (Pass)
MIN : No (Fail)"
1311,1697,10,2,Thickness of polyimide material?,0.0018,0.0020,0.0022,"MAX : 0.0022
TARGET : 0.0020
MIN : 0.0018"
1386,1698,10,1,Length of Part,0.718,0.750,0.781,"MAX : 0.781
TARGET : 0.750
MIN : 0.718"
1200,1695,10,3,Is the die strike deep enough to strip product yet not so deep as to fracture liner?,No (Fail),Yes (Pass),,"MAX : 
TARGET : Yes (Pass)
MIN : No (Fail)"
1386,1698,10,2,Width of Part ,0.718,0.750,0.781,"MAX : 0.781
TARGET : 0.750
MIN : 0.718"
1497,1699,10,3,"Is PMS Flexo 199 being used, and is the color within one shade of enclosed sample or PMS book?",No (Fail),Yes (Pass),,"MAX : 
TARGET : Yes (Pass)
MIN : No (Fail)"
286,881,10,3,Is the die strike deep enough to remove the matrix but not cut into the liner?,No (Fail),Yes (Pass),,"MAX : 
TARGET : Yes (Pass)
MIN : No (Fail)"
1497,1699,10,6,Do the arrows point toward operator?,No (Fail),Yes (Pass),,"MAX : 
TARGET : Yes (Pass)
MIN : No (Fail)"
1497,1699,10,2,"Is the perf cut deep enough to pull off parts individually, but not so deep as to fracture the liner?",No (Fail),Yes (Pass),,"MAX : 
TARGET : Yes (Pass)
MIN : No (Fail)"
2191,1708,10,3,Is the butt cut deep enough to remove the parts individually but not so deep as to fracture the liner?,No (Fail),Yes (Pass),,"MAX : 
TARGET : Yes (Pass)
MIN : No (Fail)"
2191,1708,10,4,Are roll edges clean and sharp and free of glue balls?,No (Fail),Yes (Pass),,"MAX : 
TARGET : Yes (Pass)
MIN : No (Fail)"
1497,1699,10,5,Is the print visually centered between perfs?,No (Fail),Yes (Pass),,"MAX : 
TARGET : Yes (Pass)
MIN : No (Fail)"
1497,1699,10,1,Does the part fit the approved template?,No (Fail,Yes (Pass),,"MAX : 
TARGET : Yes (Pass)
MIN : No (Fail"
2377,1711,10,5,Does tape pass ink adhesion test as outlined on job ticket?,No(Fail),Yes(Pass),,"MAX : 
TARGET : Yes(Pass)
MIN : No(Fail)"
2377,1711,10,3,"Is the RED dense and not ""Pink""?",No(Fail),Yes(Pass),,"MAX : 
TARGET : Yes(Pass)
MIN : No(Fail)"
2377,1711,10,4,"Is the rewind direction correct per the drawing, #2?",No(Fail),Yes(Pass),,"MAX : 
TARGET : Yes(Pass)
MIN : No(Fail)"
1633,1700,10,2,Width of part,5.25,5.50,5.75,"MAX : 5.75
TARGET : 5.50
MIN : 5.25"
1633,1700,10,1,Length of part,12.75,13.00,13.25,"MAX : 13.25
TARGET : 13.00
MIN : 12.75"
2387,1712,30,3,Width of 3M 9472 (operator side),0.343,0.375,0.406,"MAX : 0.406
TARGET : 0.375
MIN : 0.343"
2387,1712,30,4,Width of Area in center without adhesive,0.219,0.250,0.281,"MAX : 0.281
TARGET : 0.250
MIN : 0.219"
2387,1712,30,6,Height of Hump,0.156,0.188,0.219,"MAX : 0.219
TARGET : 0.188
MIN : 0.156"
2387,1712,30,5,Width of Hump Area,0.219,0.250,0.281,"MAX : 0.281
TARGET : 0.250
MIN : 0.219"
2387,1712,30,7,Is Hump Area Rounded; not Flat or Straight Up?,No(Fail),Yes(Pass),,"MAX : 
TARGET : Yes(Pass)
MIN : No(Fail)"
2387,1712,20,2,Is Print Clean and Sharp?,No(Fail),Yes(Pass),,"MAX : 
TARGET : Yes(Pass)
MIN : No(Fail)"
2387,1712,20,1,Is PMS Reflex Blue being used?,No(Fail),Yes(Pass),,"MAX : 
TARGET : Yes(Pass)
MIN : No(Fail)"
1633,1700,10,9,Is the print and adhesive on the film side of the material?,No (Fail),Yes (Pass),,"MAX : 
TARGET : Yes (Pass)
MIN : No (Fail)"
1633,1700,10,10,Is red pvc tape used to start and tab rolls?,No (Fail),Yes (Pass),,"MAX : 
TARGET : Yes (Pass)
MIN : No (Fail)"
2413,1713,10,3,Tab on Operators Side?,No(Fail),Yes(Pass),,"MAX : 
TARGET : Yes(Pass)
MIN : No(Fail)"
2413,1713,10,4,Is the adhesive centered on the PET liner?,No(Fail),Yes(Pass),,"MAX : 
TARGET : Yes(Pass)
MIN : No(Fail)"
2413,1713,10,5,Is the adhesive laminated to the release side of the PET Liner,No(Fail),Yes(Pass),,"MAX : 
TARGET : Yes(Pass)
MIN : No(Fail)"
1633,1700,10,11,"Are the rolls wound uniformly, flush on core, and with no lap to lap weave?   ",No (Fail),Yes (Pass),,"MAX : 
TARGET : Yes (Pass)
MIN : No (Fail)"
1633,1700,10,12,Are the rolls splice free?,No (Fail),Yes (Pass),,"MAX : 
TARGET : Yes (Pass)
MIN : No (Fail)"
272,1683,10,3,Is the die strike deep enough to strip the matrix but not so deep as to fracture the liner?,No(Fail),Yes(Pass),,"MAX : 
TARGET : Yes(Pass)
MIN : No(Fail)"
272,1683,10,4,Are the rolls wound loosely enough that the inner labels will not stick?,No(Fail),Yes(Pass),,"MAX : 
TARGET : Yes(Pass)
MIN : No(Fail)"
1735,885,10,1,Length of part,0.875,0.9375,1.00,"MAX : 1.00
TARGET : 0.9375
MIN : 0.875"
1735,885,10,2,Width of part,0.625,0.6875,0.75,"MAX : 0.75
TARGET : 0.6875
MIN : 0.625"
1829,1704,10,3,Are edges clean and sharp? SHARP BLADES,No(Fail),Yes(Pass),,"MAX : 
TARGET : Yes(Pass)
MIN : No(Fail)"
1829,1704,10,4,Rolls free of scratches and visable defects?,No(Fail),Yes(Pass),,"MAX : 
TARGET : Yes(Pass)
MIN : No(Fail)"
1829,1704,10,5,"Does roll meet MAX O.D of 5.375""?",No(Fail),Yes(Pass),,"MAX : 
TARGET : Yes(Pass)
MIN : No(Fail)"
1829,1704,20,1,Are rolls being double bagged?,No(Fail),Yes(Pass),,"MAX : 
TARGET : Yes(Pass)
MIN : No(Fail)"
1751,1701,10,1,Width of tape,0.711,0.743,0.774,"MAX : 0.774
TARGET : 0.743
MIN : 0.711"
1751,1701,10,2,"Is print clean and sharp? Is ""P-2178"" legible?",No (Fail),Yes (Pass),,"MAX : 
TARGET : Yes (Pass)
MIN : No (Fail)"
2186,1706,10,3,Is the ink adhesion good?,No(Fail),Yes(Pass),,"MAX : 
TARGET : Yes(Pass)
MIN : No(Fail)"
2186,1706,10,4,"Is the black dense and not ""gray""?",No(Fail),Yes(Pass),,"MAX : 
TARGET : Yes(Pass)
MIN : No(Fail)"
2186,1706,10,5,Is the rewind direction #1?,No(Fail),Yes(Pass),,"MAX : 
TARGET : Yes(Pass)
MIN : No(Fail)"
1751,1701,10,3,Length of roll.  Is counter set for 72yds?,No (Fail),Yes (Pass),,"MAX : 
TARGET : Yes (Pass)
MIN : No (Fail)"
1771,886,20,1,Length of Part,0.397,0.402,0.407,"MAX : 0.407
TARGET : 0.402
MIN : 0.397"
2187,1707,10,3,Is the ink adhesion good?,No(Fail),Yes(Pass),,"MAX : 
TARGET : Yes(Pass)
MIN : No(Fail)"
2187,1707,10,4,"Is the black dense and not ""gray""?",No(Fail),Yes(Pass),,"MAX : 
TARGET : Yes(Pass)
MIN : No(Fail)"
2187,1707,10,5,Is the rewind direction #1?,No(Fail),Yes(Pass),,"MAX : 
TARGET : Yes(Pass)
MIN : No(Fail)"
2187,1707,10,6,Is Part# 4213-11218 being used?,No(Fail),Yes(Pass),,"MAX : 
TARGET : Yes(Pass)
MIN : No(Fail)"
1771,886,20,4,Width of Adhesive,0.379,0.384,0.389,"MAX : 0.389
TARGET : 0.384
MIN : 0.379"
1771,886,20,2,Length of inside square,0.207,0.212,0.217,"MAX : 0.217
TARGET : 0.212
MIN : 0.207"
1771,886,20,3,Width of inside square,0.207,0.212,0.217,"MAX : 0.217
TARGET : 0.212
MIN : 0.207"
1783,1702,10,1,Width of tape,0.711,0.743,0.774,"MAX : 0.774
TARGET : 0.743
MIN : 0.711"
1783,1702,10,3,Length of roll.  Is counter set for 72yds?,No (Fail),Yes (Pass),,"MAX : 
TARGET : Yes (Pass)
MIN : No (Fail)"
1796,1703,10,1,Width of tape,0.711,0.743,0.774,"MAX : 0.774
TARGET : 0.743
MIN : 0.711"
519,882,10,3,Text match supplied sample,No (Fail),Yes (Pass),,"MAX : 
TARGET : Yes (Pass)
MIN : No (Fail)"
519,882,10,4,"Rolls run to 24"" to26"" O.D.",No (Fail),Yes (Pass),,"MAX : 
TARGET : Yes (Pass)
MIN : No (Fail)"
519,882,10,5,Print at 24 degree angle,20 degrees,24 degrees,30 degrees,"MAX : 30 degrees
TARGET : 24 degrees
MIN : 20 degrees"
519,882,10,6,Length of all Finished Rolls noted and marked on rolls,No (Fail),Yes (Pass),,"MAX : 
TARGET : Yes (Pass)
MIN : No (Fail)"
1796,1703,10,2,"Is print clean and sharp? Is ""P-1318"" legible?",No (Fail),Yes (Pass),,"MAX : 
TARGET : Yes (Pass)
MIN : No (Fail)"
1796,1703,10,3,Length of roll.  Is counter set for 72yds?,No (Fail),Yes (Pass),,"MAX : 
TARGET : Yes (Pass)
MIN : No (Fail)"
1386,1698,10,3,Adhesive build-up on roll edges?,,No(Pass),Yes(Fail),"MAX : Yes(Fail)
TARGET : No(Pass)
MIN : "
1386,1698,10,4,Proper butt cut of adhesive?,No(Fail),Yes(Pass),,"MAX : 
TARGET : Yes(Pass)
MIN : No(Fail)"
1829,1704,10,2,Is part clean and free of all debris?,No(Fail),Yes(Pass),,"MAX : 
TARGET : Yes(Pass)
MIN : No(Fail)"
1829,1704,10,1,Width of Roll,0.47,0.50,0.53,"MAX : 0.53
TARGET : 0.50
MIN : 0.47"
1735,885,10,3,"Die cut deep enough to strip matrix, but not so deep as to fracture the liner",No (Fail),Yes (Pass),,"MAX : 
TARGET : Yes (Pass)
MIN : No (Fail)"
1829,1704,10,6,Are the rolls tabbed with blue tape?,No(Fail),Yes(Pass),,"MAX : 
TARGET : Yes(Pass)
MIN : No(Fail)"
1831,888,10,2,"Crease
See Note 1 above",,No (Pass),Yes (Fail),"MAX : Yes (Fail)
TARGET : No (Pass)
MIN : "
1088,1694,10,3,Are slit edges clean and free from debris and slitter dust?,No(Fail),Yes(Pass),,"MAX : 
TARGET : Yes(Pass)
MIN : No(Fail)"
1088,1694,10,4,Is Process Yellow being used and is it within one shade?,No(Fail),Yes(Pass),,"MAX : 
TARGET : Yes(Pass)
MIN : No(Fail)"
1088,1694,10,5,Is Process Blue being used and is it within one shade?,No(Fail),Yes(Pass),,"MAX : 
TARGET : Yes(Pass)
MIN : No(Fail)"
1088,1694,10,6,Is the print legible?,No(Fail),Yes(Pass),,"MAX : 
TARGET : Yes(Pass)
MIN : No(Fail)"
1088,1694,10,7,"Do the blue and yellow overlap less than 1/64"" and is there no white showing between them?",No(Fail),Yes(Pass),,"MAX : 
TARGET : Yes(Pass)
MIN : No(Fail)"
1088,1694,10,8,"Are the splices made correctly?
ie Was Compucal and an adhesive used?
",No(Fail),Yes(Pass),,"MAX : 
TARGET : Yes(Pass)
MIN : No(Fail)"
1831,888,10,1,Perf length,11.75,12.00,12.25,"MAX : 12.25
TARGET : 12.00
MIN : 11.75"
1878,1705,10,3,Smoothly slit roll edges?,No(Fail),Yes(Pass),,"MAX : 
TARGET : Yes(Pass)
MIN : No(Fail)"
2693,893,10,3,"Are the parts cut deep enough to strip, but not deep enough to tear the liner?",No (Fail),Yes (Pass),,"MAX : 
TARGET : Yes (Pass)
MIN : No (Fail)"
1878,1705,10,2,No adhesive build up on finished rolls?,No(Fail),Yes(Pass),,"MAX : 
TARGET : Yes(Pass)
MIN : No(Fail)"
1878,1705,10,5,Do splices match sample in job jacket?,No(Fail),Yes(Pass),,"MAX : 
TARGET : Yes(Pass)
MIN : No(Fail)"
2700,1714,40,3,Length of part,0.47,0.50,0.53,"MAX : 0.53
TARGET : 0.50
MIN : 0.47"
2700,1714,40,5,"Is print clean and free of defects, hairs, etc...",No(Fail),Yes(Pass),,"MAX : 
TARGET : Yes(Pass)
MIN : No(Fail)"
1878,1705,10,1,Does part fit the approved template?,No (Fail),Yes (Pass),,"MAX : 
TARGET : Yes (Pass)
MIN : No (Fail)"
2186,1706,10,2,Are slit edges clean and free of adhesive buildup?,No(Fail),Yes(Pass),,"MAX : 
TARGET : Yes(Pass)
MIN : No(Fail)"
2737,894,20,4,Are the part diecut deep enough to strip but not tear the liner,No(Fail),Yes(Pass),,"MAX : 
TARGET : Yes(Pass)
MIN : No(Fail)"
2737,894,20,3,Width of tab,0.19,0.25,0.31,"MAX : 0.31
TARGET : 0.25
MIN : 0.19"
2186,1706,10,1,Width of roll.,0.468,0.500,0.515,"MAX : 0.515
TARGET : 0.500
MIN : 0.468"
2187,1707,10,2,Are slit edges clean and free of adhesive buildup?,No(Fail),Yes(Pass),,"MAX : 
TARGET : Yes(Pass)
MIN : No(Fail)"
2749,895,20,3,Length of Part,0.485,0.500,0.515,"MAX : 0.515
TARGET : 0.500
MIN : 0.485"
2749,895,20,4,Length of Tab,0.17,0.20,0.23,"MAX : 0.23
TARGET : 0.20
MIN : 0.17"
2749,895,20,5,"Is the part in the correct direction, per the drawing?",No (Fail),Yes (Pass),,"MAX : 
TARGET : Yes (Pass)
MIN : No (Fail)"
2749,895,20,7,"Is the part on the easy release side of the liner? (use test method ""Tape Test to Identify Relative Releases of Differential Liner"")",No (Fail),Yes (Pass),,"MAX : 
TARGET : Yes (Pass)
MIN : No (Fail)"
2187,1707,10,1,Width of roll.,0.468,0.500,0.515,"MAX : 0.515
TARGET : 0.500
MIN : 0.468"
2190,889,10,2,Width of part,11.21,12.00,12.79,"MAX : 12.79
TARGET : 12.00
MIN : 11.21"
1771,886,20,5,"Are the parts cut deep enough to strip, but not tear the liner?",No(Fail),Yes(Pass),,"MAX : 
TARGET : Yes(Pass)
MIN : No(Fail)"
1771,886,20,6,Are the roll edges free of all debris?,No(Fail),Yes(Pass),,"MAX : 
TARGET : Yes(Pass)
MIN : No(Fail)"
1771,886,20,7,Is adhesive laminated to the easy release side of the 4994?,No(Fail),Yes(Pass),,"MAX : 
TARGET : Yes(Pass)
MIN : No(Fail)"
2190,889,10,1,Length of part,39.21,40.00,40.79,"MAX : 40.79
TARGET : 40.00
MIN : 39.21"
2191,1708,10,2,Width of Part ,14.6,15.0,15.4,"MAX : 15.4
TARGET : 15.0
MIN : 14.6"
2812,1715,20,3,Does material tear or delaminate when unwound quickly?,,No (Pass),Yes (Fail),"MAX : Yes (Fail)
TARGET : No (Pass)
MIN : "
2812,1715,20,4,Is roll wound without gapping or telescoping?,,Yes (Pass),No (Fail),"MAX : No (Fail)
TARGET : Yes (Pass)
MIN : "
2812,1715,10,5,Is the black dark and without white spots?,No(Fail),Yes(Pass),,"MAX : 
TARGET : Yes(Pass)
MIN : No(Fail)"
2191,1708,10,1,Length of Part,18.6,19.0,19.4,"MAX : 19.4
TARGET : 19.0
MIN : 18.6"
2282,1709,10,2,Length of part.,0.735,0.750,0.765,"MAX : 0.765
TARGET : 0.750
MIN : 0.735"
2282,1709,10,1,Width of part.,0.440,0.455,0.470,"MAX : 0.470
TARGET : 0.455
MIN : 0.440"
2314,1710,10,1,Length of Part,18.5,19.0,19.5,"MAX : 19.5
TARGET : 19.0
MIN : 18.5"
847,1693,10,3,Is the die strike deep enough to strip matrix but not break liner?,No(Fail),Yes(Pass),,"MAX : 
TARGET : Yes(Pass)
MIN : No(Fail)"
2314,1710,10,2,Width of Part ,18.5,19.0,19.5,"MAX : 19.5
TARGET : 19.0
MIN : 18.5"
2329,890,10,2,Correct length of Adhesive?,0.470,0.500,0.530,"MAX : 0.530
TARGET : 0.500
MIN : 0.470"
2886,896,20,3,Length of Part,0.49,0.50,0.51,"MAX : 0.51
TARGET : 0.50
MIN : 0.49"
2886,896,20,4,Length of Tab,0.17,0.20,0.23,"MAX : 0.23
TARGET : 0.20
MIN : 0.17"
2886,896,20,5,"Is the part in the correct direction, per the drawing? (DRAWING SHOWS PART VIEW)",No (Fail),Yes (Pass),,"MAX : 
TARGET : Yes (Pass)
MIN : No (Fail)"
2886,896,20,7,Is adhesive laminated to the easy release side of the 4994?,No (Fail),Yes (Pass),,"MAX : 
TARGET : Yes (Pass)
MIN : No (Fail)"
2329,890,10,1,Correct Width of Adhesive?,0.790,0.820,0.850,"MAX : 0.850
TARGET : 0.820
MIN : 0.790"
2329,890,10,6,"Is the part cut deep enough to strip, but not tear the liner?",No (Fail),Yes (Pass),,"MAX : 
TARGET : Yes (Pass)
MIN : No (Fail)"
2347,891,10,5,"Pinhole to score .150"" on EAD500 side (gear)",0.120,0.150,0.180,"MAX : 0.180
TARGET : 0.150
MIN : 0.120"
2347,891,10,3,Pinhole to Pinhole 12 away,5.995,6.000,6.005,"MAX : 6.005
TARGET : 6.000
MIN : 5.995"
2347,891,10,11,"Laying a part on the table with ends curled up is the end of the part less than 2"" off the table?",No (Fail),Yes (Pass),,"MAX : 
TARGET : Yes (Pass)
MIN : No (Fail)"
2347,891,10,12,Is the adhesive laminated to the silicone side of the T-10 liner?,No (Fail),Yes (Pass),,"MAX : 
TARGET : Yes (Pass)
MIN : No (Fail)"
2347,891,10,4,Pinhole to Pinhole Cross-Web,3.395,3.400,3.405,"MAX : 3.405
TARGET : 3.400
MIN : 3.395"
3034,1718,10,3,Is butt cut deep enough to pull parts off individually yet not so deep as to fracture liner?,No (Fail),Yes (Pass),,"MAX : 
TARGET : Yes (Pass)
MIN : No (Fail)"
3034,1718,10,4,Is slit edge clean and sharp without paper slivers and adhesive balls?,No (Fail),Yes (Pass),,"MAX : 
TARGET : Yes (Pass)
MIN : No (Fail)"
3034,1718,10,5,Are paper tape or silicone tape being used to start and tab rolls?,No (Fail),Yes (Pass),,"MAX : 
TARGET : Yes (Pass)
MIN : No (Fail)"
2347,891,10,1,Length of Pocket,0.835,0.840,0.845,"MAX : 0.845
TARGET : 0.840
MIN : 0.835"
2347,891,10,2,Width of Pocket,0.385,0.390,0.395,"MAX : 0.395
TARGET : 0.390
MIN : 0.385"
3036,898,10,6,"Pinhole to score .150"" on EAD500  side (Operator)",0.120,0.150,0.180,"MAX : 0.180
TARGET : 0.150
MIN : 0.120"
3036,898,10,9,Total width,3.685,3.700,3.715,"MAX : 3.715
TARGET : 3.700
MIN : 3.685"
3036,898,10,7,Pin hole to score CPF 1 mil T 10 side (Gear),0.170,0.200,0.230,"MAX : 0.230
TARGET : 0.200
MIN : 0.170"
3036,898,10,8,Pin hole to score CPF 1 mil T 10 side (Operator),0.170,0.200,0.230,"MAX : 0.230
TARGET : 0.200
MIN : 0.170"
3036,898,10,13,Are the scores complete through the liners but not through the double-coated tape?,No (Fail),Yes (Pass),,"MAX : 
TARGET : Yes (Pass)
MIN : No (Fail)"
2377,1711,10,2,Are slit edges clean and free of adhesive buildup?,No(Fail),Yes(Pass),,"MAX : 
TARGET : Yes(Pass)
MIN : No(Fail)"
2377,1711,10,1,Width of roll,0.46,0.49,0.52,"MAX : 0.52
TARGET : 0.49
MIN : 0.46"
3053,899,20,3,"Is the part cut deep enough to strip, but not tear the liner?",No (Fail),Yes (Pass),,"MAX : 
TARGET : Yes (Pass)
MIN : No (Fail)"
2387,1712,30,2,Width of 3M 9472 (gear side),0.343,0.375,0.406,"MAX : 0.406
TARGET : 0.375
MIN : 0.343"
2387,1712,30,1,Width of Finished Roll,0.88,1.00,1.13,"MAX : 1.13
TARGET : 1.00
MIN : 0.88"
3082,900,20,3,Length of Part,0.94,1.00,1.06,"MAX : 1.06
TARGET : 1.00
MIN : 0.94"
3082,900,20,4,Are the edges free of hairs and defects?,No(Fail),Yes(Pass),,"MAX : 
TARGET : Yes(Pass)
MIN : No(Fail)"
3082,900,20,5,Is the tape laminated to the liner TIGHT?,No(Fail),Yes(Pass),,"MAX : 
TARGET : Yes(Pass)
MIN : No(Fail)"
2413,1713,10,2,Width of Part,5.22,5.25,5.28,"MAX : 5.28
TARGET : 5.25
MIN : 5.22"
2413,1713,10,1,Width of Adhesive area,4.72,4.75,4.78,"MAX : 4.78
TARGET : 4.75
MIN : 4.72"
3083,901,20,3,Length of Part,0.94,1.00,1.06,"MAX : 1.06
TARGET : 1.00
MIN : 0.94"
3083,901,20,4,Are the edges free of hairs and defects?,No(Fail),Yes(Pass),,"MAX : 
TARGET : Yes(Pass)
MIN : No(Fail)"
3083,901,20,5,Is the tape laminated to the liner TIGHT?,No(Fail),Yes(Pass),,"MAX : 
TARGET : Yes(Pass)
MIN : No(Fail)"
2563,892,20,3,Is the die strike deep enough to strip the matrix but not cut into the liner?,No(Fail),Yes(Pass),,"MAX : 
TARGET : Yes(Pass)
MIN : No(Fail)"
2563,892,20,2,"Is print clean and sharp, free of hairs and other visual defects?",No(Fail),Yes(Pass),,"MAX : 
TARGET : Yes(Pass)
MIN : No(Fail)"
3114,902,,3,Width of Dead Area,3.625,3.750,3.812,"MAX : 3.812
TARGET : 3.750
MIN : 3.625"
3114,902,,4,Width of Clear liner,6.188,6.250,6.312,"MAX : 6.312
TARGET : 6.250
MIN : 6.188"
3114,902,,5,Width of Liner extension edge,.438,.500,.562,"MAX : .562
TARGET : .500
MIN : .438"
3114,902,,6,Are the parts cut correctly (metal/metal w/ ties) (sheeted every 27 pcs),No(Fail),Yes(Pass),,"MAX : 
TARGET : Yes(Pass)
MIN : No(Fail)"
3114,902,,7,Does Part Release off of Liner?,No (Fail),Yes (Pass),,"MAX : 
TARGET : Yes (Pass)
MIN : No (Fail)"
3114,902,,8,Is adhesive free area visually centered?,No(Fail),Yes(Pass),,"MAX : 
TARGET : Yes(Pass)
MIN : No(Fail)"
3114,902,,9,"Tape clean and free of smudges, grease, oil, dust, and debris?",No(Fail),Yes(Pass),,"MAX : 
TARGET : Yes(Pass)
MIN : No(Fail)"
2563,892,20,4,Is the perforation centered between the parts and does it tear easily?,No (Fail),Yes (Pass),,"MAX : 
TARGET : Yes (Pass)
MIN : No (Fail)"
2563,892,20,1,Does the part fit the approved template?,No (Fail),Yes (Pass),,"MAX : 
TARGET : Yes (Pass)
MIN : No (Fail)"
3115,1719,10,3,Are the rolls clean of adhesive build up?,No(Fail),Yes(Pass),,"MAX : 
TARGET : Yes(Pass)
MIN : No(Fail)"
3115,1719,10,4,Is the tape Brown (Pantone 4655) and clean?,No(Fail),Yes(Pass),,"MAX : 
TARGET : Yes(Pass)
MIN : No(Fail)"
3115,1719,10,5,Is the ink adhesion good?,No(Fail),Yes(Pass),,"MAX : 
TARGET : Yes(Pass)
MIN : No(Fail)"
2693,893,10,2,Length of part,.44,.50,.56,"MAX : .56
TARGET : .50
MIN : .44"
2693,893,10,1,Width of part,1.94,2.00,2.06,"MAX : 2.06
TARGET : 2.00
MIN : 1.94"
3127,1720,10,3,"Are the rolls edges free of all debris, not hairy..etc",No(Fail),Yes(Pass),,"MAX : 
TARGET : Yes(Pass)
MIN : No(Fail)"
2700,1714,40,2,Width of adhesive area,0.47,0.50,0.53,"MAX : 0.53
TARGET : 0.50
MIN : 0.47"
2700,1714,40,1,Width of part,0.970,1.00,1.03,"MAX : 1.03
TARGET : 1.00
MIN : 0.970"
3136,903,10,6,"Pinhole to score .150"" on 9009  side (operator)",0.120,0.150,0.180,"MAX : 0.180
TARGET : 0.150
MIN : 0.120"
3136,903,10,9,Total width,3.685,3.700,3.715,"MAX : 3.715
TARGET : 3.700
MIN : 3.685"
3136,903,10,7,Pin hole to score clear liner side (Gear),0.170,0.200,0.230,"MAX : 0.230
TARGET : 0.200
MIN : 0.170"
3136,903,10,8,Pin hole to score clear liner side (Operator),0.170,0.200,0.230,"MAX : 0.230
TARGET : 0.200
MIN : 0.170"
3136,903,10,13,Is the score complete down to the carrier of the double coated but not through?,No (Fail),Yes (Pass),,"MAX : 
TARGET : Yes (Pass)
MIN : No (Fail)"
3136,903,10,12,Is the adhesive laminated to the silicone side of the T-10 liner?,No (Fail),Yes (Pass),,"MAX : 
TARGET : Yes (Pass)
MIN : No (Fail)"
2700,1714,10,1,Width of slit roll,5.34,5.40,5.46,"MAX : 5.46
TARGET : 5.40
MIN : 5.34"
2700,1714,40,4,Is the release side of the part liner against the adhesive / is the printed side the non release side?  Use tape test to confirm.,No(Fail),Yes(Pass),,"MAX : 
TARGET : Yes(Pass)
MIN : No(Fail)"
3141,1721,10,3,Is the adhesive score deep enough to strip but not tear the liner?,No(Fail),Yes(Pass),,"MAX : 
TARGET : Yes(Pass)
MIN : No(Fail)"
3141,1721,10,4,"Are the slit edges sharp, free of all debris and hairs?",No(Fail),Yes(Pass),,"MAX : 
TARGET : Yes(Pass)
MIN : No(Fail)"
2700,1714,20,1,Width of press slit rolls,0.595,0.625,0.655,"MAX : 0.655
TARGET : 0.625
MIN : 0.595"
2737,894,20,2,Length of part,0.97,1.00,1.03,"MAX : 1.03
TARGET : 1.00
MIN : 0.97"
3164,904,10,4,Are the centers ejected?,No(Fail),Yes(Pass),,"MAX : 
TARGET : Yes(Pass)
MIN : No(Fail)"
2737,894,20,1,Width of part,1.22,1.25,1.28,"MAX : 1.28
TARGET : 1.25
MIN : 1.22"
2377,1711,10,6,Unwind about 6 inches of tape.  Does it hang from the roll with minimum curl and not roll up onto itself?,No(Fail),Yes(Pass),,"MAX : 
TARGET : Yes(Pass)
MIN : No(Fail)"
2737,894,20,5,Are parts on the release side of the liner?,No(Fail),Yes(Pass),,"MAX : 
TARGET : Yes(Pass)
MIN : No(Fail)"
3282,905,10,3,"Is the print clean and free of all debris, hairs and defects?",No(Fail),Yes(Pass),,"MAX : 
TARGET : Yes(Pass)
MIN : No(Fail)"
3282,905,10,4,Are the roll edges free of all hairs?,No(Fail),Yes(Pass),,"MAX : 
TARGET : Yes(Pass)
MIN : No(Fail)"
3282,905,10,5,Correct rewind direction when printed?,No(Fail),Yes(Pass),,"MAX : 
TARGET : Yes(Pass)
MIN : No(Fail)"
2749,895,20,2,Width of Adhesive Area,1.135,1.150,1.165,"MAX : 1.165
TARGET : 1.150
MIN : 1.135"
2749,895,20,1,Width of Part,1.62,1.65,1.68,"MAX : 1.68
TARGET : 1.65
MIN : 1.62"
3304,1722,10,3,Are the rolls wound tight enough to stay on core but not so tight as to leave gauge bands?,No(Fail),Yes(Pass),,"MAX : 
TARGET : Yes(Pass)
MIN : No(Fail)"
3304,1722,10,4,Is the (Composition I) on the outside of the roll when finished?,No(Fail),Yes(Pass),,"MAX : 
TARGET : Yes(Pass)
MIN : No(Fail)"
2749,895,20,6,"Is the part cut deep enough to strip, but not tear the liner?",No (Fail),Yes (Pass),,"MAX : 
TARGET : Yes (Pass)
MIN : No (Fail)"
2812,1715,20,2,Is slit edge clean and sharp?,,Yes (Pass),No (Fail),"MAX : No (Fail)
TARGET : Yes (Pass)
MIN : "
3314,1723,10,3,Is roll free of all debris and dirt?,No(Fail),Yes(Pass),,"MAX : 
TARGET : Yes(Pass)
MIN : No(Fail)"
2812,1715,20,1,Width of Roll,0.860,0.875,0.890,"MAX : 0.890
TARGET : 0.875
MIN : 0.860"
2876,1716,10,2,Is the slit edge free of slivers and double cuts?,No(Fail),Yes(Pass),,"MAX : 
TARGET : Yes(Pass)
MIN : No(Fail)"
3345,906,10,3,Length of short extension,0.47,0.50,0.53,"MAX : 0.53
TARGET : 0.50
MIN : 0.47"
3345,906,10,4,Is the hole cut all the way through?,No(Fail),Yes(Pass),,"MAX : 
TARGET : Yes(Pass)
MIN : No(Fail)"
3345,906,10,5,Is the VHB laminated to the primed side of the UHMW?,No(Fail),Yes(Pass),,"MAX : 
TARGET : Yes(Pass)
MIN : No(Fail)"
2876,1716,10,1,Width of roll,0.22,0.25,0.28,"MAX : 0.28
TARGET : 0.25
MIN : 0.22"
2876,1716,10,3,Is the roll wound without gapping or telescoping?,No(Fail),Yes(Pass),,"MAX : 
TARGET : Yes(Pass)
MIN : No(Fail)"
3356,907,10,3,"Any mis-cuts in the sample of 40? If so, stop, mark the bag, and notify QA.",,No(Pass),Yes(Fail),"MAX : Yes(Fail)
TARGET : No(Pass)
MIN : "
2886,896,20,2,Width of Adhesive Area,1.234,1.244,1.254,"MAX : 1.254
TARGET : 1.244
MIN : 1.234"
2886,896,20,1,Width of Part,1.71,1.74,1.77,"MAX : 1.77
TARGET : 1.74
MIN : 1.71"
3368,1724,10,3,Are slit edges clean and free of adhesive buildup?,No(Fail),Yes(Pass),,"MAX : 
TARGET : Yes(Pass)
MIN : No(Fail)"
3368,1724,10,4,Is the roll wound without gapping or telescoping?,No(Fail),Yes(Pass),,"MAX : 
TARGET : Yes(Pass)
MIN : No(Fail)"
2886,896,20,6,"Is the part cut deep enough to strip, but not tear the liner?",No (Fail),Yes (Pass),,"MAX : 
TARGET : Yes (Pass)
MIN : No (Fail)"
2926,897,20,2,Is the part cut deep enough to strip but not tear the liner,No(Fail),Yes(Pass),,"MAX : 
TARGET : Yes(Pass)
MIN : No(Fail)"
3479,908,10,3,Width of 9009 Parent Liner,20.12,20.50,20.88,"MAX : 20.88
TARGET : 20.50
MIN : 20.12"
3479,908,10,4,Are the parts cut deep enough (score and buttcut) to strip with out tearing the liner?,No(Fail),Yes(Pass),,"MAX : 
TARGET : Yes(Pass)
MIN : No(Fail)"
3479,908,10,5,Is the 9009 Parent Liner the tab?,No(Fail),Yes(Pass),,"MAX : 
TARGET : Yes(Pass)
MIN : No(Fail)"
2926,897,20,1,Width of part (FOLD IN HALF),0.91,0.94,0.97,"MAX : 0.97
TARGET : 0.94
MIN : 0.91"
3027,1717,10,2,"Are the rolls free of all debris, and are the edges slit cleanly?",No(Fail),Yes(Pass),,"MAX : 
TARGET : Yes(Pass)
MIN : No(Fail)"
3516,909,10,3,Is the part free of bubbles and other lamination defects?,No(Fail),Yes(Pass),,"MAX : 
TARGET : Yes(Pass)
MIN : No(Fail)"
3516,909,10,4,Are the parts cut cleanly; free of hairs and other debris?,No(Fail),Yes(Pass),,"MAX : 
TARGET : Yes(Pass)
MIN : No(Fail)"
3027,1717,10,1,Width of roll,2.44,2.50,2.56,"MAX : 2.56
TARGET : 2.50
MIN : 2.44"
3034,1718,10,2,Width of butt cut,2.095,2.125,2.155,"MAX : 2.155
TARGET : 2.125
MIN : 2.095"
3524,910,10,3,Was the dull side of EPDM primed with two coats of 3M 94?,No(Fail),Yes(Pass),,"MAX : 
TARGET : Yes(Pass)
MIN : No(Fail)"
3524,910,10,4,Is the VHB laminated to the primed side without any defects?,No(Fail),Yes(Pass),,"MAX : 
TARGET : Yes(Pass)
MIN : No(Fail)"
3034,1718,10,1,Length of butt cut,0.735,0.750,0.765,"MAX : 0.765
TARGET : 0.750
MIN : 0.735"
3036,898,10,5,"Pinhole to score .150"" on EAD500 side (Gear)",0.120,0.150,0.180,"MAX : 0.180
TARGET : 0.150
MIN : 0.120"
3538,911,,3,Does the die cut deep enough to strip the masking tape but not tear the liner?,No (Fail),Yes (Pass),,"MAX : 
TARGET : Yes (Pass)
MIN : No (Fail)"
3036,898,10,3,Pinhole to Pinhole 12 away,5.995,6.000,6.005,"MAX : 6.005
TARGET : 6.000
MIN : 5.995"
3036,898,10,4,Pinhole to Pinhole Cross-Web,3.395,3.400,3.405,"MAX : 3.405
TARGET : 3.400
MIN : 3.395"
3551,912,10,3,Is the die strike deep enough to remove the matrix but not cut into the liner?,No(Fail),Yes(Pass),,"MAX : 
TARGET : Yes(Pass)
MIN : No(Fail)"
3036,898,10,1,Length of Pocket,1.589,1.594,1.599,"MAX : 1.599
TARGET : 1.594
MIN : 1.589"
3036,898,10,11,"Laying a part on the table with ends curled up is the end of the part less than 2"" off the table?",No (Fail),Yes (Pass),,"MAX : 
TARGET : Yes (Pass)
MIN : No (Fail)"
3614,913,10,3,Are the pieces clean and free of debris?,No(Fail),Yes(Pass),,"MAX : 
TARGET : Yes(Pass)
MIN : No(Fail)"
3036,898,10,12,Is the adhesive laminated to the silicone side of the T-10 liner?,No (Fail),Yes (Pass),,"MAX : 
TARGET : Yes (Pass)
MIN : No (Fail)"
3036,898,10,2,Width of Pocket,0.880,0.885,0.890,"MAX : 0.890
TARGET : 0.885
MIN : 0.880"
3653,1725,10,1,"   Is Black ink being used and is 
   color dense black?",No (Fail),Yes (Pass),,"MAX : 
TARGET : Yes (Pass)
MIN : No (Fail)"
3653,1725,10,2,"   Is black ink coverage 
   consistent?",No (Fail),Yes (Pass),,"MAX : 
TARGET : Yes (Pass)
MIN : No (Fail)"
3653,1725,20,3,Is the butt cut deep enough to remove parts without cutting into the liner?,No (Fail),Yes (Pass),,"MAX : 
TARGET : Yes (Pass)
MIN : No (Fail)"
3036,898,10,10,Pinhole to edge of part,0.135,0.150,0.165,"MAX : 0.165
TARGET : 0.150
MIN : 0.135"
3053,899,20,2,Width of roll,1.47,1.50,1.53,"MAX : 1.53
TARGET : 1.50
MIN : 1.47"
3664,914,10,3,Width of foam,0.865,0.895,0.925,"MAX : 0.925
TARGET : 0.895
MIN : 0.865"
3664,914,10,4,Is the part cut deep enough to strip the matrix but not cut into the liner ?,No(Fail),Yes(Pass),,"MAX : 
TARGET : Yes(Pass)
MIN : No(Fail)"
3664,914,10,5,Is the score deep enough to remove the tab material but not cut into the parent liner?,Yes(Fail),No(Pass),,"MAX : 
TARGET : No(Pass)
MIN : Yes(Fail)"
3053,899,20,1,Diameter of part,0.22,0.25,0.28,"MAX : 0.28
TARGET : 0.25
MIN : 0.22"
3082,900,20,2,Width of tab (tape area),0.47,0.50,0.53,"MAX : 0.53
TARGET : 0.50
MIN : 0.47"
3683,915,10,3,Was the dull side of EPDM primed with two coats of 3M 94?,No(Fail),Yes(Pass),,"MAX : 
TARGET : Yes(Pass)
MIN : No(Fail)"
3683,915,10,4,Is the VHB laminated to the primed side without any defects?,No(Fail),Yes(Pass),,"MAX : 
TARGET : Yes(Pass)
MIN : No(Fail)"
3082,900,20,1,Width of part,3.97,4.00,4.12,"MAX : 4.12
TARGET : 4.00
MIN : 3.97"
3083,901,20,2,Width of tab (tape area),0.47,0.50,0.53,"MAX : 0.53
TARGET : 0.50
MIN : 0.47"
3713,1726,10,3,Is the die strike deep enough to remove the matrix but not cut into the liner?,No (Fail),Yes (Pass),,"MAX : 
TARGET : Yes (Pass)
MIN : No (Fail)"
3713,1726,10,4,Are slit roll edges clean and free of slitting debris?,No (Fail),Yes (Pass),,"MAX : 
TARGET : Yes (Pass)
MIN : No (Fail)"
3083,901,20,1,Width of part,3.97,4.00,4.12,"MAX : 4.12
TARGET : 4.00
MIN : 3.97"
3114,902,,2,Width of Part (7323),5.188,5.250,5.312,"MAX : 5.312
TARGET : 5.250
MIN : 5.188"
3771,916,10,3,Are parts completely cut through sheet of foam?,No(Fail),Yes(Pass),,"MAX : 
TARGET : Yes(Pass)
MIN : No(Fail)"
3114,902,,1,Length of part,.282,.313,.344,"MAX : .344
TARGET : .313
MIN : .282"
3114,902,,10,Are packs free of visible debris or contaminant including loose material from the supporting plank?,No(Fail),Yes(Pass),,"MAX : 
TARGET : Yes(Pass)
MIN : No(Fail)"
4115,917,10,3,Distance from edge of extended liner to edge of foam,0.065,0.125,0.185,"MAX : 0.185
TARGET : 0.125
MIN : 0.065"
4115,917,10,4,Is the foam white?,No(Fail),Yes(Pass),,"MAX : 
TARGET : Yes(Pass)
MIN : No(Fail)"
4115,917,10,5,Is the die strike acceptable?,No(Fail),Yes(Pass),,"MAX : 
TARGET : Yes(Pass)
MIN : No(Fail)"
3115,1719,10,2,Does the core line up with the tape?,No(Fail),Yes(Pass),,"MAX : 
TARGET : Yes(Pass)
MIN : No(Fail)"
3115,1719,10,1,Width of roll.,0.916,0.936,0.956,"MAX : 0.956
TARGET : 0.936
MIN : 0.916"
3127,1720,10,2,"Is the roll on core, not coned?",No(Fail),Yes(Pass),,"MAX : 
TARGET : Yes(Pass)
MIN : No(Fail)"
3127,1720,10,1,Width Of Roll,19.4,19.8,20.2,"MAX : 20.2
TARGET : 19.8
MIN : 19.4"
4147,1728,10,3,Are razor slit edges clean and free of excessive slivers and dust?,No (Fail),Yes (Pass),,"MAX : 
TARGET : Yes (Pass)
MIN : No (Fail)"
4147,1728,10,4,Is paper tape being used to start and tab rolls?,No (Fail),Yes (Pass),,"MAX : 
TARGET : Yes (Pass)
MIN : No (Fail)"
4147,1728,10,5,Are rolls wound loose to medium tension,No (Fail),Yes (Pass),,"MAX : 
TARGET : Yes (Pass)
MIN : No (Fail)"
4147,1728,10,6,Is butt cut clean and deep enough to pull parts off indivually yet not deep enough to fracture liner?,No (Fail),Yes (Pass),,"MAX : 
TARGET : Yes (Pass)
MIN : No (Fail)"
3136,903,10,5,"Pinhole to score .150"" on 9009 side (gear)",0.120,0.150,0.180,"MAX : 0.180
TARGET : 0.150
MIN : 0.120"
3136,903,10,3,Pinhole to Pinhole 12 away,5.995,6.000,6.005,"MAX : 6.005
TARGET : 6.000
MIN : 5.995"
4200,918,20,3,Are parts laying flat ?,No (Fail),Yes (Pass),,"MAX : 
TARGET : Yes (Pass)
MIN : No (Fail)"
4200,918,20,4,"Are parts cut cleanly, with smooth edges and no debris ?",No (Fail),Yes (Pass),,"MAX : 
TARGET : Yes (Pass)
MIN : No (Fail)"
3136,903,10,11,"Laying a part on the table with ends curled up is the end of the part less than 2"" off the table?",No (Fail),Yes (Pass),,"MAX : 
TARGET : Yes (Pass)
MIN : No (Fail)"
3136,903,10,1,Length of Pocket,0.562,0.567,0.572,"MAX : 0.572
TARGET : 0.567
MIN : 0.562"
3141,1721,10,2,Width of adhesive,0.345,0.375,0.405,"MAX : 0.405
TARGET : 0.375
MIN : 0.345"
3141,1721,10,1,Width of liner,0.470,0.500,0.530,"MAX : 0.530
TARGET : 0.500
MIN : 0.470"
4398,921,10,3,Are rolls wound loose?,No (Fail),Yes (Pass),,"MAX : 
TARGET : Yes (Pass)
MIN : No (Fail)"
3164,904,10,3,Is the top of the 4950 deadened,No(Fail),Yes(Pass),,"MAX : 
TARGET : Yes(Pass)
MIN : No(Fail)"
3164,904,10,1,Diameter of part,9.32,9.52,9.72,"MAX : 9.72
TARGET : 9.52
MIN : 9.32"
4276,920,10,6,"Pinhole to score .150"" on 9009  side (operator)",.120,.150,.180,"MAX : .180
TARGET : .150
MIN : .120"
4276,920,10,9,Total width,3.685,3.700,3.715,"MAX : 3.715
TARGET : 3.700
MIN : 3.685"
4276,920,10,7,Pin hole to score CPF side (Gear),.170,.200,.230,"MAX : .230
TARGET : .200
MIN : .170"
4276,920,10,8,Pin hole to score CPF side (Operator),.170,.200,.230,"MAX : .230
TARGET : .200
MIN : .170"
4276,920,10,13,Is the score complete down to the carrier of the double coated but not through?,No (Fail),Yes (Pass),,"MAX : 
TARGET : Yes (Pass)
MIN : No (Fail)"
3282,905,10,2,Length of part,45.5,46.0,46.5,"MAX : 46.5
TARGET : 46.0
MIN : 45.5"
3282,905,10,1,Width of part,108.5,109.0,109.5,"MAX : 109.5
TARGET : 109.0
MIN : 108.5"
4467,922,20,3,Length from leading edge of part to window edge,0.25,0.28,0.31,"MAX : 0.31
TARGET : 0.28
MIN : 0.25"
4467,922,20,4,Width from edge of part to window,0.25,0.28,0.31,"MAX : 0.31
TARGET : 0.28
MIN : 0.25"
3304,1722,10,2,Are slit edges clean and free of all foreign matter and debris?,No(Fail),Yes(Pass),,"MAX : 
TARGET : Yes(Pass)
MIN : No(Fail)"
3304,1722,10,1,Width of roll?,1.906,1.936,1.968,"MAX : 1.968
TARGET : 1.936
MIN : 1.906"
4494,923,10,3,Width from edge of part to dead adhesive area (gear),0.128,0.188,0.248,"MAX : 0.248
TARGET : 0.188
MIN : 0.128"
4494,923,10,4,Width from edge of part to dead adhesive area (operator),0.128,0.188,0.248,"MAX : 0.248
TARGET : 0.188
MIN : 0.128"
3314,1723,10,2,Does roll unwind with out tearing?,No(Fail),Yes(Pass),,"MAX : 
TARGET : Yes(Pass)
MIN : No(Fail)"
3053,899,20,4,Is the PTFE laminated to the release side of the 4935 liner?,No (Fail),Yes (Pass),,"MAX : 
TARGET : Yes (Pass)
MIN : No (Fail)"
3314,1723,10,1,Width of roll,1.093,1.125,1.156,"MAX : 1.156
TARGET : 1.125
MIN : 1.093"
3345,906,10,2,Width of Part,1.595,1.625,1.655,"MAX : 1.655
TARGET : 1.625
MIN : 1.595"
4538,924,10,3,"Width from upper left corner of printed ""MOLEX"" to edge of part (see drawing)",1.16,1.18,1.20,"MAX : 1.20
TARGET : 1.18
MIN : 1.16"
4538,924,10,4,"Length from upper left corner of printed ""MOLEX"" to leading edge of part (see drawing)",0.00,0.04,0.08,"MAX : 0.08
TARGET : 0.04
MIN : 0.00"
3345,906,10,1,Length of Part,1.595,1.625,1.655,"MAX : 1.655
TARGET : 1.625
MIN : 1.595"
3356,907,10,2,"Are parts cut cleanly, free of all dirt and debris?",No(Fail),Yes(Pass),,"MAX : 
TARGET : Yes(Pass)
MIN : No(Fail)"
4543,1732,10,5,Are sides of rolls free from adhesive build-up?,No (Fail),Yes (Pass),,"MAX : 
TARGET : Yes (Pass)
MIN : No (Fail)"
4543,1732,10,2,"Is print clean and sharp? Is ""P-1243"" legible?",No (Fail),Yes (Pass),,"MAX : 
TARGET : Yes (Pass)
MIN : No (Fail)"
3356,907,10,1,Check Part in Template,Fail,Pass,,"MAX : 
TARGET : Pass
MIN : Fail"
3368,1724,10,2,Does the core line up with the tape?,No(Fail),Yes(Pass),,"MAX : 
TARGET : Yes(Pass)
MIN : No(Fail)"
4556,1734,20,3,Is finished product roll 60 yards in length?,No (Fail),Yes (Pass),,"MAX : 
TARGET : Yes (Pass)
MIN : No (Fail)"
4556,1734,20,4,Does unwind direction match that listed on the job ticket?,No (Fail),Yes (Pass),,"MAX : 
TARGET : Yes (Pass)
MIN : No (Fail)"
3368,1724,10,1,Width of roll.,0.485,0.500,0.515,"MAX : 0.515
TARGET : 0.500
MIN : 0.485"
3479,908,10,2,Width of ADHESIVE,18.12,18.50,18.88,"MAX : 18.88
TARGET : 18.50
MIN : 18.12"
4557,1735,20,3,Is finished product roll 60 yards in length?,No (Fail),Yes (Pass),,"MAX : 
TARGET : Yes (Pass)
MIN : No (Fail)"
4557,1735,20,4,Does unwind direction match that listed on the job ticket?,No (Fail),Yes (Pass),,"MAX : 
TARGET : Yes (Pass)
MIN : No (Fail)"
3479,908,10,1,Length of Part,13.62,14.00,14.38,"MAX : 14.38
TARGET : 14.00
MIN : 13.62"
3516,909,10,2,Length of Part,36.19,36.25,36.31,"MAX : 36.31
TARGET : 36.25
MIN : 36.19"
3516,909,10,1,Width of Part,0.815,0.875,0.935,"MAX : 0.935
TARGET : 0.875
MIN : 0.815"
3516,909,10,5,Is the VHB laminated to the primed side of the UHMW?,No(Fail),Yes(Pass),,"MAX : 
TARGET : Yes(Pass)
MIN : No(Fail)"
3524,910,10,2,Diameter of INNER Circle,0.188,0.218,0.248,"MAX : 0.248
TARGET : 0.218
MIN : 0.188"
3524,910,10,1,Diameter of OUTER Circle,0.595,0.625,0.655,"MAX : 0.655
TARGET : 0.625
MIN : 0.595"
4636,925,10,3,Does the width of adhesive fit the approved template?,No (Fail),Yes (Pass),,"MAX : 
TARGET : Yes (Pass)
MIN : No (Fail)"
3538,911,,2,Width of part,12.875,13.000,13.125,"MAX : 13.125
TARGET : 13.000
MIN : 12.875"
3538,911,,1,Length of part,11.875,12.000,12.125,"MAX : 12.125
TARGET : 12.000
MIN : 11.875"
4554,1733,20,2,"Does the perf tear easily, straight?",No(Fail),Yes(Pass),,"MAX : 
TARGET : Yes(Pass)
MIN : No(Fail)"
4554,1733,20,3,Is the tape centered on the extended core?,No(Fail),Yes(Pass),,"MAX : 
TARGET : Yes(Pass)
MIN : No(Fail)"
3551,912,10,2,Width of part,48.5,50.0,51.5,"MAX : 51.5
TARGET : 50.0
MIN : 48.5"
3551,912,10,1,Length of part,23.5,25.0,26.5,"MAX : 26.5
TARGET : 25.0
MIN : 23.5"
3614,913,10,2,Are the edges of the pieces cut cleanly?,No(Fail),Yes(Pass),,"MAX : 
TARGET : Yes(Pass)
MIN : No(Fail)"
3164,904,10,2,Inside diameter of part,3.46,3.56,3.66,"MAX : 3.66
TARGET : 3.56
MIN : 3.46"
3614,913,10,1,Length of Part,19.875,20.000,20.125,"MAX : 20.125
TARGET : 20.000
MIN : 19.875"
4689,926,10,4,Is the die strike deep enough to remove the matrix but not cut into the liner?,No(Fail),Yes(Pass),,"MAX : 
TARGET : Yes(Pass)
MIN : No(Fail)"
4689,926,10,5,Is the core flush or inset from the edge of the liner on both edges?,No(Fail),Yes(Pass),,"MAX : 
TARGET : Yes(Pass)
MIN : No(Fail)"
3653,1725,20,2,   Width of die cut,19.21,20.00,20.79,"MAX : 20.79
TARGET : 20.00
MIN : 19.21"
3653,1725,20,1,   Length of die cut,110.74,111.53,112.32,"MAX : 112.32
TARGET : 111.53
MIN : 110.74"
4730,928,20,3,Diameter of holes,5.21,6.00,6.79,"MAX : 6.79
TARGET : 6.00
MIN : 5.21"
3664,914,10,1,Length of Part,0.30,0.33,0.36,"MAX : 0.36
TARGET : 0.33
MIN : 0.30"
3664,914,10,2,Width of part,1.115,1.145,1.175,"MAX : 1.175
TARGET : 1.145
MIN : 1.115"
3314,1723,10,4,Is the roll wound without gapping or telescoping?,No(Fail),Yes(Pass),,"MAX : 
TARGET : Yes(Pass)
MIN : No(Fail)"
3683,915,10,2,Diameter of INNER Circle,0.300,0.330,0.360,"MAX : 0.360
TARGET : 0.330
MIN : 0.300"
3683,915,10,1,Diameter of OUTER Circle,0.720,0.750,0.780,"MAX : 0.780
TARGET : 0.750
MIN : 0.720"
4735,929,10,6,"Pinhole to score .150"" on 9009  side (operator)",0.120,0.150,0.180,"MAX : 0.180
TARGET : 0.150
MIN : 0.120"
4735,929,10,9,Total width,3.685,3.700,3.715,"MAX : 3.715
TARGET : 3.700
MIN : 3.685"
4735,929,10,7,Pin hole to score CPF side (Gear),0.170,0.200,0.230,"MAX : 0.230
TARGET : 0.200
MIN : 0.170"
4735,929,10,8,Pin hole to score CPF side (Operator),0.170,0.200,0.230,"MAX : 0.230
TARGET : 0.200
MIN : 0.170"
4735,929,10,13,Is the score complete down to the carrier of the double coated but not through?,No (Fail),Yes (Pass),,"MAX : 
TARGET : Yes (Pass)
MIN : No (Fail)"
4735,929,10,12,Is the adhesive laminated to the silicone side of the T-10 liner?,No (Fail),Yes (Pass),,"MAX : 
TARGET : Yes (Pass)
MIN : No (Fail)"
3713,1726,10,2,Width of part,0.72,0.75,0.78,"MAX : 0.78
TARGET : 0.75
MIN : 0.72"
3713,1726,10,1,Length of part,4.47,4.50,4.53,"MAX : 4.53
TARGET : 4.50
MIN : 4.47"
3771,916,10,2,Width of part.,0.495,0.500,0.505,"MAX : 0.505
TARGET : 0.500
MIN : 0.495"
3771,916,10,1,Length of part.,1.714,1.719,1.724,"MAX : 1.724
TARGET : 1.719
MIN : 1.714"
4905,931,20,3,Is the die cut deep enough to strip the liner but not tear the tape?,,,,"MAX : 
TARGET : 
MIN : "
4115,917,10,2,Width,0.97,1.00,1.03,"MAX : 1.03
TARGET : 1.00
MIN : 0.97"
4115,917,10,1,Length,0.97,1.00,1.03,"MAX : 1.03
TARGET : 1.00
MIN : 0.97"
4121,1727,20,2,Are the roll edges free of all debris and hairs?,No(Fail),Yes(Pass),,"MAX : 
TARGET : Yes(Pass)
MIN : No(Fail)"
4121,1727,20,1,Width of Roll,0.97,1.00,1.03,"MAX : 1.03
TARGET : 1.00
MIN : 0.97"
4147,1728,10,2,Width of roll,1.97,2.00,2.03,"MAX : 2.03
TARGET : 2.00
MIN : 1.97"
4147,1728,10,1,Length of part,1.97,2.00,2.03,"MAX : 2.03
TARGET : 2.00
MIN : 1.97"
4924,935,10,3,Width of 9009 Parent Liner,17.00,17.50,18.00,"MAX : 18.00
TARGET : 17.50
MIN : 17.00"
4924,935,10,4,Are the parts cut deep enough (score and buttcut) to strip with out tearing the liner?,No(Fail),Yes(Pass),,"MAX : 
TARGET : Yes(Pass)
MIN : No(Fail)"
4200,918,20,2,Does the Edge of Liner to Edge of the Part fit Section 2 of the template?,No (Fail),Yes (Pass),,"MAX : 
TARGET : Yes (Pass)
MIN : No (Fail)"
4200,918,20,1,Do the Length & Width of the Part fit Section 1 of the Template?,No (Fail,Yes (Pass),,"MAX : 
TARGET : Yes (Pass)
MIN : No (Fail"
4928,1741,20,3,Distance between edge of latex and magnet.,0.19,0.25,0.31,"MAX : 0.31
TARGET : 0.25
MIN : 0.19"
4928,1741,20,4,Distance between edge of 3M 853 and latex.,1.22,1.25,1.28,"MAX : 1.28
TARGET : 1.25
MIN : 1.22"
4220,919,10,1,Length of Part,0.345,0.375,0.405,"MAX : 0.405
TARGET : 0.375
MIN : 0.345"
4220,919,10,2,Width of Part,0.345,0.375,0.405,"MAX : 0.405
TARGET : 0.375
MIN : 0.345"
4255,1729,20,2,Width of Part,5.20,5.25,5.30,"MAX : 5.30
TARGET : 5.25
MIN : 5.20"
4255,1729,20,1,Length of Part,4.75,4.80,4.85,"MAX : 4.85
TARGET : 4.80
MIN : 4.75"
4276,920,10,5,"Pinhole to score .150"" on 9009 side (gear)",.120,.150,.180,"MAX : .180
TARGET : .150
MIN : .120"
4276,920,10,3,Pinhole to Pinhole 12 away,5.995,6.000,6.005,"MAX : 6.005
TARGET : 6.000
MIN : 5.995"
4276,920,10,12,Is the adhesive laminated to the silicone side of the T-10 liner?,No (Fail),Yes (Pass),,"MAX : 
TARGET : Yes (Pass)
MIN : No (Fail)"
4276,920,10,11,"Laying a part on the table with ends curled up is the end of the part less than 2"" off the table?",,No (Fail),Yes (Pass),"MAX : Yes (Pass)
TARGET : No (Fail)
MIN : "
4276,920,10,1,Length of Pocket,0.335,0.340,0.345,"MAX : 0.345
TARGET : 0.340
MIN : 0.335"
4398,921,10,2,width of finished product roll,3.075,3.125,3.175,"MAX : 3.175
TARGET : 3.125
MIN : 3.075"
4398,921,10,1,Does the part fit the approved template,No (Fail),Yes (Pass),,"MAX : 
TARGET : Yes (Pass)
MIN : No (Fail)"
4467,922,20,2,Width of part,1.66,1.69,1.72,"MAX : 1.72
TARGET : 1.69
MIN : 1.66"
4467,922,20,1,Length of part,1.98,2.01,2.04,"MAX : 2.04
TARGET : 2.01
MIN : 1.98"
4494,923,10,2,Width of finished product,0.565,0.625,0.675,"MAX : 0.675
TARGET : 0.625
MIN : 0.565"
5017,1745,10,3,Hole diameter,0.93,1.00,1.06,"MAX : 1.06
TARGET : 1.00
MIN : 0.93"
4494,923,10,1,Length of finished product,0.065,0.125,0.185,"MAX : 0.185
TARGET : 0.125
MIN : 0.065"
4516,1730,10,1,NO IPIC REQUIRED,1.47,1.50,1.53,"MAX : 1.53
TARGET : 1.50
MIN : 1.47"
4534,1731,10,1,Is finished product roll 15 feet in length?,No (Fail),Yes (Pass),,"MAX : 
TARGET : Yes (Pass)
MIN : No (Fail)"
4538,924,10,2,Length of part,0.48,0.50,0.52,"MAX : 0.52
TARGET : 0.50
MIN : 0.48"
5026,1747,10,3,Adhesive build-up on roll edges?,,No(Pass),Yes(Fail),"MAX : Yes(Fail)
TARGET : No(Pass)
MIN : "
5026,1747,10,4,Proper butt cut of adhesive?  Check one full repeat of die.,No(Fail),Yes(Pass),,"MAX : 
TARGET : Yes(Pass)
MIN : No(Fail)"
5026,1747,10,5,Is red ink clean?,No(Fail),Yes(Pass),,"MAX : 
TARGET : Yes(Pass)
MIN : No(Fail)"
4538,924,10,1,Width of part,3.92,3.94,3.96,"MAX : 3.96
TARGET : 3.94
MIN : 3.92"
4543,1732,10,3,Length of roll.  Is counter set for 72yds?,No (Fail),Yes (Pass),,"MAX : 
TARGET : Yes (Pass)
MIN : No (Fail)"
5027,1748,10,3,Adhesive build-up on roll edges?,,No(Pass),Yes(Fail),"MAX : Yes(Fail)
TARGET : No(Pass)
MIN : "
5027,1748,10,4,Proper butt cut of adhesive?,No(Fail),Yes(Pass),,"MAX : 
TARGET : Yes(Pass)
MIN : No(Fail)"
5027,1748,10,5,Is red ink clean?,No(Fail),Yes(Pass),,"MAX : 
TARGET : Yes(Pass)
MIN : No(Fail)"
4543,1732,10,1,Width of tape,10.5,12.5,14.5,"MAX : 14.5
TARGET : 12.5
MIN : 10.5"
4543,1732,10,4,Is the Unwind Direction #2?,No (Fail),Yes (Pass),,"MAX : 
TARGET : Yes (Pass)
MIN : No (Fail)"
4554,1733,10,1,Width of finished product,11.875,12.000,12.125,"MAX : 12.125
TARGET : 12.000
MIN : 11.875"
4554,1733,20,1,Distance from perf to perf,23.875,24.000,24.125,"MAX : 24.125
TARGET : 24.000
MIN : 23.875"
5108,940,10,6,Lot # of SJ3781,,,,"MAX : 
TARGET : 
MIN : "
5108,940,10,5,Lot # of SJ3751,,,,"MAX : 
TARGET : 
MIN : "
4556,1734,20,2,Width from edge of product to edge of printed line?,0.45,0.50,0.55,"MAX : 0.55
TARGET : 0.50
MIN : 0.45"
4556,1734,20,1,Width of finished product roll?,1.94,2.00,2.06,"MAX : 2.06
TARGET : 2.00
MIN : 1.94"
5158,941,10,3,Width of part w/o tab,2.760,2.820,2.880,"MAX : 2.880
TARGET : 2.820
MIN : 2.760"
5158,941,10,4,"Is the score deep enough that the part separates cleanly, but the tab does not tear?",No(Fail),Yes(Pass),,"MAX : 
TARGET : Yes(Pass)
MIN : No(Fail)"
5158,941,10,5,Is the score through the facestock and to the liner?,No(Fail),Yes(Pass),,"MAX : 
TARGET : Yes(Pass)
MIN : No(Fail)"
4557,1735,20,2,Width from edge of product to edge of printed line?,0.45,0.50,0.55,"MAX : 0.55
TARGET : 0.50
MIN : 0.45"
4557,1735,20,1,Width of finished product roll?,1.94,2.00,2.06,"MAX : 2.06
TARGET : 2.00
MIN : 1.94"
5169,1753,20,3,Are rolls on Green PLASTIC core?,No(Fail),Yes(Pass),,"MAX : 
TARGET : Yes(Pass)
MIN : No(Fail)"
4597,1736,10,2,Is the roll wound without gapping or telescoping?,No(Fail),Yes(Pass),,"MAX : 
TARGET : Yes(Pass)
MIN : No(Fail)"
4597,1736,10,1,Width of finished product?,2.20,2.25,2.30,"MAX : 2.30
TARGET : 2.25
MIN : 2.20"
5182,943,10,3,Distance from edge of part to edge of exposed metal strip. Cross web registration,2.075,2.095,2.115,"MAX : 2.115
TARGET : 2.095
MIN : 2.075"
5182,943,10,4,Is Red side of CSM laminated to adhesive?,No (Fail),Yes (Pass),,"MAX : 
TARGET : Yes (Pass)
MIN : No (Fail)"
4597,1736,10,3,Is the slit edge free of double cuts and slivers?,No(Fail),Yes(Pass),,"MAX : 
TARGET : Yes(Pass)
MIN : No(Fail)"
4601,1737,10,2,Is the roll wound without gapping or telescoping?,No(Fail),Yes(Pass),,"MAX : 
TARGET : Yes(Pass)
MIN : No(Fail)"
5183,944,10,3,Distance from edge of part to edge of exposed metal strip. Cross web registration,0.601,0.621,0.641,"MAX : 0.641
TARGET : 0.621
MIN : 0.601"
5183,944,10,4,Is Red side of CSM laminated to adhesive?,No (Fail),Yes (Pass),,"MAX : 
TARGET : Yes (Pass)
MIN : No (Fail)"
4601,1737,10,1,Width of finished product ,3.60,3.65,3.70,"MAX : 3.70
TARGET : 3.65
MIN : 3.60"
4636,925,10,2,Does the width of the tab created by the extended liner fit the approved template?,No (Fail),Yes (Pass),,"MAX : 
TARGET : Yes (Pass)
MIN : No (Fail)"
5184,945,20,3,Distance from perforation to end of part (see drawing),0.668,0.688,0.708,"MAX : 0.708
TARGET : 0.688
MIN : 0.668"
4636,925,10,1,Do the length and width of the part fit the approved template?,No (Fail),Yes (Pass),,"MAX : 
TARGET : Yes (Pass)
MIN : No (Fail)"
4658,1738,10,1,"Does tape destruct when applied to surface, leaving the printed text on surface?",No (Fail),Yes (Pass),,"MAX : 
TARGET : Yes (Pass)
MIN : No (Fail)"
4658,1738,20,1,Width of finished product roll,0.70,0.75,0.80,"MAX : 0.80
TARGET : 0.75
MIN : 0.70"
4689,926,10,2,Width of part,4.97,5.00,5.03,"MAX : 5.03
TARGET : 5.00
MIN : 4.97"
5159,942,10,3,Width of part w/o tab,2.770,2.830,2.890,"MAX : 2.890
TARGET : 2.830
MIN : 2.770"
5159,942,10,4,"Is the score deep enough that the part separates cleanly, but the tab does not tear?",No(Fail),Yes(Pass),,"MAX : 
TARGET : Yes(Pass)
MIN : No(Fail)"
5159,942,10,5,Is the score through the facestock and to the liner?,No(Fail),Yes(Pass),,"MAX : 
TARGET : Yes(Pass)
MIN : No(Fail)"
5159,942,20,1,20 bags per carton?,No(Fail),Yes(Pass),,"MAX : 
TARGET : Yes(Pass)
MIN : No(Fail)"
5159,942,20,2,25 parts and an instruction sheet packed per bag?,No(Fail),Yes(Pass),,"MAX : 
TARGET : Yes(Pass)
MIN : No(Fail)"
4689,926,10,1,Length of part ,2.97,3.00,3.03,"MAX : 3.03
TARGET : 3.00
MIN : 2.97"
4494,923,10,5,Is the butt cut deep enough to remove the parts but not cut into the liner?,No(Fail),Yes(Pass),,"MAX : 
TARGET : Yes(Pass)
MIN : No(Fail)"
4690,927,10,1,Does the part fit the approved template?,No(Fail),Yes(Pass),,"MAX : 
TARGET : Yes(Pass)
MIN : No(Fail)"
4730,928,20,2,Length of part,39.21,40.00,40.79,"MAX : 40.79
TARGET : 40.00
MIN : 39.21"
2314,1710,10,3,Adhesive build-up on roll edges?,,No(Pass),Yes(Fail),"MAX : Yes(Fail)
TARGET : No(Pass)
MIN : "
2314,1710,10,4,Is the butt cut deep enough to separate the parts but not cut into the liner?,No(Fail),Yes(Pass),,"MAX : 
TARGET : Yes(Pass)
MIN : No(Fail)"
4730,928,20,1,Width of part,34.21,35.00,35.79,"MAX : 35.79
TARGET : 35.00
MIN : 34.21"
4735,929,10,5,"Pinhole to score .150"" on 9009 side (gear)",0.120,0.150,0.180,"MAX : 0.180
TARGET : 0.150
MIN : 0.120"
5201,1754,20,1,Was 3M 3903 refrigerated 24 hours before laminating to liner?,No(Fail),Yes(Pass),,"MAX : 
TARGET : Yes(Pass)
MIN : No(Fail)"
4735,929,10,3,Pinhole to Pinhole 12 away,5.995,6.000,6.005,"MAX : 6.005
TARGET : 6.000
MIN : 5.995"
4735,929,10,4,Pinhole to Pinhole Cross-Web,3.395,3.400,3.405,"MAX : 3.405
TARGET : 3.400
MIN : 3.395"
4735,929,10,11,"Laying a part on the table with ends curled up is the end of the part less than 2"" off the table?",No (Fail),Yes (Pass),,"MAX : 
TARGET : Yes (Pass)
MIN : No (Fail)"
4735,929,10,1,Length of Pocket,0.444,0.449,0.454,"MAX : 0.454
TARGET : 0.449
MIN : 0.444"
5249,946,10,3,Width of part w/o tab,2.87,2.88,2.89,"MAX : 2.89
TARGET : 2.88
MIN : 2.87"
5249,946,10,4,"Is the score deep enough that the part separates cleanly, but the tab does not tear?",No(Fail),Yes(Pass),,"MAX : 
TARGET : Yes(Pass)
MIN : No(Fail)"
5249,946,10,5,Is the score through the facestock and to the liner?,No(Fail),Yes(Pass),,"MAX : 
TARGET : Yes(Pass)
MIN : No(Fail)"
5249,946,20,1,50 bags per carton?,No(Fail),Yes(Pass),,"MAX : 
TARGET : Yes(Pass)
MIN : No(Fail)"
5249,946,20,2,10 parts and an instruction sheet packed per bag?,No(Fail),Yes(Pass),,"MAX : 
TARGET : Yes(Pass)
MIN : No(Fail)"
5249,946,20,3,Does barcode on all labels scan effectively and correctly?,No(Fail),Yes(Pass),,"MAX : 
TARGET : Yes(Pass)
MIN : No(Fail)"
4848,1739,10,1,Width of slit material,8.25,8.31,8.37,"MAX : 8.37
TARGET : 8.31
MIN : 8.25"
4848,1739,10,2,Is the slit edge free of slivers and double cuts?,No(Fail),Yes(Pass),,"MAX : 
TARGET : Yes(Pass)
MIN : No(Fail)"
5253,1755,,3,Is tape slit cleanly?,No (Fail),Yes (Pass),,"MAX : 
TARGET : Yes (Pass)
MIN : No (Fail)"
4884,930,20,2,Width of part,1.460,1.480,1.500,"MAX : 1.500
TARGET : 1.480
MIN : 1.460"
4884,930,20,1,Length of part ,2.710,2.730,2.750,"MAX : 2.750
TARGET : 2.730
MIN : 2.710"
5258,1756,20,3,"Are roll edges sharp, clean and free of all debris?",No (Fail),Yes (Pass),,"MAX : 
TARGET : Yes (Pass)
MIN : No (Fail)"
4905,931,20,2,Width of part,5.251,5.313,5.375,"MAX : 5.375
TARGET : 5.313
MIN : 5.251"
4905,931,20,1,Length of Part,5.563,5.625,5.688,"MAX : 5.688
TARGET : 5.625
MIN : 5.563"
5267,947,10,3,Is the pre-mask visually centered on the liner?,No(Fail),Yes(Pass),,"MAX : 
TARGET : Yes(Pass)
MIN : No(Fail)"
4907,932,20,2,"Is the part cut cleanly, edges free of all defects?",No(Fail),Yes(Pass),,"MAX : 
TARGET : Yes(Pass)
MIN : No(Fail)"
4907,932,20,1,Does Part fit inside supplied template?,No (Fail),Yes (Pass),,"MAX : 
TARGET : Yes (Pass)
MIN : No (Fail)"
5277,948,20,3,Distance from perforation to end of part ,0.4665,0.4865,0.5065,"MAX : 0.5065
TARGET : 0.4865
MIN : 0.4665"
5277,948,20,4,Distance from edge of part to edge of exposed metal strip.  Cross web registration ,1.879,1.899,1.919,"MAX : 1.919
TARGET : 1.899
MIN : 1.879"
5277,948,20,5,Is Red side of CSM laminated to adhesive?,No (Fail),Yes (Pass),,"MAX : 
TARGET : Yes (Pass)
MIN : No (Fail)"
5277,948,20,6,Assure that the path is clear and nothing is in contact that could scratch the material.,No (Fail),Yes (Pass),,"MAX : 
TARGET : Yes (Pass)
MIN : No (Fail)"
4908,933,20,1,Does the part fit the approved template?,No (Fail),Yes (Pass),,"MAX : 
TARGET : Yes (Pass)
MIN : No (Fail)"
4909,934,20,1,Does the part fit the approved template,No (Fail),Yes (Pass),,"MAX : 
TARGET : Yes (Pass)
MIN : No (Fail)"
5278,949,10,3,Distance from edge of part to edge of exposed metal strip. Cross web registration,2.298,2.318,2.338,"MAX : 2.338
TARGET : 2.318
MIN : 2.298"
5278,949,10,4,Is Red side of CSM laminated to adhesive?,No (Fail),Yes (Pass),,"MAX : 
TARGET : Yes (Pass)
MIN : No (Fail)"
5278,949,10,5,Assure that the path is clear and nothing is in contact that could scratch the material.,No (Fail),Yes (Pass),,"MAX : 
TARGET : Yes (Pass)
MIN : No (Fail)"
4913,1740,10,2,Is this SCK liner and not clay coated?,No(fail),Yes(pass),,"MAX : 
TARGET : Yes(pass)
MIN : No(fail)"
4913,1740,10,1,Width of roll,1.969,2.000,2.031,"MAX : 2.031
TARGET : 2.000
MIN : 1.969"
5279,950,,3,Distance from edge of part to edge of exposed metal strip. Cross web registration,0.876,0.896,0.916,"MAX : 0.916
TARGET : 0.896
MIN : 0.876"
5279,950,,4,Is Red side of CSM laminated to adhesive?,No (Fail),Yes (Pass),,"MAX : 
TARGET : Yes (Pass)
MIN : No (Fail)"
5279,950,,5,Assure that the path is clear and nothing is in contact that could scratch the material.,No (Fail),Yes (Pass),,"MAX : 
TARGET : Yes (Pass)
MIN : No (Fail)"
4924,935,10,2,Width of ADHESIVE,15.00,15.50,16.00,"MAX : 16.00
TARGET : 15.50
MIN : 15.00"
4924,935,10,1,Length of Part,13.50,14.00,14.50,"MAX : 14.50
TARGET : 14.00
MIN : 13.50"
5280,951,10,3,Distance from edge of part to edge of exposed metal strip. Cross web registration,0.815,0.835,0.855,"MAX : 0.855
TARGET : 0.835
MIN : 0.815"
5280,951,10,4,Is Red side of CSM laminated to adhesive?,No (Fail),Yes (Pass),,"MAX : 
TARGET : Yes (Pass)
MIN : No (Fail)"
5280,951,10,5,Assure that the path is clear and nothing is in contact that could scratch the material.,No (Fail),Yes (Pass),,"MAX : 
TARGET : Yes (Pass)
MIN : No (Fail)"
4928,1741,20,2,Is Liner laminated as close to edge as possible?,-0.03,0,+0.03,"MAX : +0.03
TARGET : 0
MIN : -0.03"
4928,1741,20,1,Is Latex laminated to 3M 853 without visible wrinkling or excessive curl?,No(Fail),Yes(Pass),,"MAX : 
TARGET : Yes(Pass)
MIN : No(Fail)"
5281,952,10,3,Distance from edge of part to edge of exposed metal strip. Cross web registration,1.001,1.021,1.041,"MAX : 1.041
TARGET : 1.021
MIN : 1.001"
5281,952,10,4,Is Red side of CSM laminated to adhesive?,No (Fail),Yes (Pass),,"MAX : 
TARGET : Yes (Pass)
MIN : No (Fail)"
5281,952,10,5,Assure that the path is clear and nothing is in contact that could scratch the material.,No (Fail),Yes (Pass),,"MAX : 
TARGET : Yes (Pass)
MIN : No (Fail)"
4951,936,10,2,Length of Part,6.92,7.00,7.08,"MAX : 7.08
TARGET : 7.00
MIN : 6.92"
4951,936,10,1,Width of Part,0.92,1.00,1.08,"MAX : 1.08
TARGET : 1.00
MIN : 0.92"
5282,953,20,3,Distance from perforation to end of part (see drawing),0.480,0.500,0.520,"MAX : 0.520
TARGET : 0.500
MIN : 0.480"
5282,953,20,4,Centering of exposed metal strip cross-web registration,,0.000,0.020,"MAX : 0.020
TARGET : 0.000
MIN : "
5282,953,20,5,Is Red side of CSM laminated to adhesive?,No (Fail),Yes (Pass),,"MAX : 
TARGET : Yes (Pass)
MIN : No (Fail)"
4951,936,10,3,Is the part free of bubbles and other lamination defects?,No(Fail),Yes(Pass),,"MAX : 
TARGET : Yes(Pass)
MIN : No(Fail)"
4951,936,10,4,Are the parts cut cleanly; free of hairs and other debris?,No(Fail),Yes(Pass),,"MAX : 
TARGET : Yes(Pass)
MIN : No(Fail)"
5283,954,20,3,Distance from perforation to end of part (see drawing),0.480,0.500,0.520,"MAX : 0.520
TARGET : 0.500
MIN : 0.480"
5283,954,20,4,Distance from edge of part to edge of exposed metal strip. (See drawing) Cross web registration ,2.421,2.441,2.461,"MAX : 2.461
TARGET : 2.441
MIN : 2.421"
5283,954,20,5,Is Red side of CSM laminated to adhesive?,No (Fail),Yes (Pass),,"MAX : 
TARGET : Yes (Pass)
MIN : No (Fail)"
4951,936,10,5,Is the VHB laminated to the primed side of the UHMW?,No(Fail),Yes(Pass),,"MAX : 
TARGET : Yes(Pass)
MIN : No(Fail)"
4967,1742,20,2,Is the edge free of slivers and double cuts?,No(Fail),Yes(Pass),,"MAX : 
TARGET : Yes(Pass)
MIN : No(Fail)"
4967,1742,20,1,Width of part ,0.47,0.50,0.53,"MAX : 0.53
TARGET : 0.50
MIN : 0.47"
4967,1742,20,3,Is the roll wound without gapping or telescoping?,,,,"MAX : 
TARGET : 
MIN : "
4975,1743,10,2,Are the slit edges free of slivers and double cuts?,No(fail),Yes(pass),,"MAX : 
TARGET : Yes(pass)
MIN : No(fail)"
5309,1757,30,3,Is product in the proper unwind direction? ,No(Fail),Yes(Pass),,"MAX : 
TARGET : Yes(Pass)
MIN : No(Fail)"
5309,1757,30,4,Is print clear and readable?,No(Fail),Yes(Pass),,"MAX : 
TARGET : Yes(Pass)
MIN : No(Fail)"
4975,1743,10,1,Width of part,0.344,0.375,0.406,"MAX : 0.406
TARGET : 0.375
MIN : 0.344"
4979,1744,10,2,Is print clear and legible?,No(Fail),Yes(Pass),,"MAX : 
TARGET : Yes(Pass)
MIN : No(Fail)"
4979,1744,10,1,WIDTH OF PART,1.95,1.98,2.01,"MAX : 2.01
TARGET : 1.98
MIN : 1.95"
4980,937,10,2,"Does the pressure sensitive at the tab cut through the liner, but not the 234?",No (Fail),Yes (Pass),,"MAX : 
TARGET : Yes (Pass)
MIN : No (Fail)"
5354,956,20,3,Distance from edge of part to edge of liner,0.1250,0.1875,0.2500,"MAX : 0.2500
TARGET : 0.1875
MIN : 0.1250"
5354,956,10,2,Is print on the PVC tape clear and legible?,No(Fail),Yes(Pass),,"MAX : 
TARGET : Yes(Pass)
MIN : No(Fail)"
5354,956,20,4,Is the print facing out when the PVC is laminated to the liner?,No(Fail),Yes(Pass),,"MAX : 
TARGET : Yes(Pass)
MIN : No(Fail)"
5354,956,20,5,Are parts laminated straight with edges of PVC not extending beyond the liner?,No(Fail),Yes(Pass),,"MAX : 
TARGET : Yes(Pass)
MIN : No(Fail)"
5354,956,20,6,Is printed PVC laminated to non silicone side and 5413 laminated to release side of 4935?,No(Fail),Yes(Pass),,"MAX : 
TARGET : Yes(Pass)
MIN : No(Fail)"
4980,937,10,1,Does the part fit the approved template?,No (Fail),Yes (Pass),,"MAX : 
TARGET : Yes (Pass)
MIN : No (Fail)"
4982,938,10,2,Length of part,1.469,1.500,1.531,"MAX : 1.531
TARGET : 1.500
MIN : 1.469"
5371,957,20,3,Is the die strike deep enough to remove the matrix but not cut into the liner?,No(Fail),Yes(Pass),,"MAX : 
TARGET : Yes(Pass)
MIN : No(Fail)"
4982,938,10,1,Width of part,0.719,0.750,0.875,"MAX : 0.875
TARGET : 0.750
MIN : 0.719"
4982,938,10,3,Is the butt cut deep enough to separate the parts but not cut through the liner?,No(Fail),Yes(Pass),,"MAX : 
TARGET : Yes(Pass)
MIN : No(Fail)"
5097,1750,20,3,Is the roll free of excessive gapping?,No(Fail),Yes(Pass),,"MAX : 
TARGET : Yes(Pass)
MIN : No(Fail)"
5097,1750,20,4,Is the core cut cleanly?,No(Fail),Yes(Pass),,"MAX : 
TARGET : Yes(Pass)
MIN : No(Fail)"
5005,939,20,2,Length of part,0.789,0.820,0.851,"MAX : 0.851
TARGET : 0.820
MIN : 0.789"
5005,939,20,1,Width of part,0.719,0.750,0.781,"MAX : 0.781
TARGET : 0.750
MIN : 0.719"
5395,1760,10,3,Are the rolls free of adhesive build up on the edges?,No(Fail),Yes(Pass),,"MAX : 
TARGET : Yes(Pass)
MIN : No(Fail)"
5005,939,10,1,Is the slit edge free of slivers and double cuts?,No(Fail),Yes(Pass),,"MAX : 
TARGET : Yes(Pass)
MIN : No(Fail)"
5005,939,20,3,Is the die strike deep enough to remove the parts but not cut into the liner?,No(Fail),Yes(Pass),,"MAX : 
TARGET : Yes(Pass)
MIN : No(Fail)"
5017,1745,10,2,Part Width,3.93,4.00,4.06,"MAX : 4.06
TARGET : 4.00
MIN : 3.93"
5473,959,10,3,Is kiss cut at tab complete to allow easy removal?,No(Fail),Yes(Pass),,"MAX : 
TARGET : Yes(Pass)
MIN : No(Fail)"
5473,959,10,4,Is the part cut through the facestock to the liner?  Tab should stay with liner.,No(Fail),Yes(Pass),,"MAX : 
TARGET : Yes(Pass)
MIN : No(Fail)"
5017,1745,10,1,Part Repeat,3.93,4.00,4.06,"MAX : 4.06
TARGET : 4.00
MIN : 3.93"
5017,1745,10,4,Edge of part to edge of circle,1.38,1.50,1.62,"MAX : 1.62
TARGET : 1.50
MIN : 1.38"
5470,958,20,3,Is internal die cut complete through liner w/o compromising the tape?,No(Fail),Yes(Pass),,"MAX : 
TARGET : Yes(Pass)
MIN : No(Fail)"
5021,1746,20,2,Is the roll wound without gapping or telescoping?,No(Fail),Yes(Pass),,"MAX : 
TARGET : Yes(Pass)
MIN : No(Fail)"
5021,1746,20,1,Width of tape,0.719,0.750,0.781,"MAX : 0.781
TARGET : 0.750
MIN : 0.719"
5026,1747,10,2,Width of Part ,0.718,0.750,0.781,"MAX : 0.781
TARGET : 0.750
MIN : 0.718"
5026,1747,10,1,Length of Part,0.718,0.750,0.781,"MAX : 0.781
TARGET : 0.750
MIN : 0.718"
5027,1748,10,2,Width of Part ,19,20,21,"MAX : 21
TARGET : 20
MIN : 19"
5027,1748,10,1,Length of Part,9,10,11,"MAX : 11
TARGET : 10
MIN : 9"
5541,960,10,3,Distance from edge of part to edge of exposed metal strip. Cross web registration,1.066,1.086,1.106,"MAX : 1.106
TARGET : 1.086
MIN : 1.066"
5541,960,10,4,Is Red side of CSM laminated to adhesive?,No (Fail),Yes (Pass),,"MAX : 
TARGET : Yes (Pass)
MIN : No (Fail)"
5541,960,10,5,Assure that the path is clear and nothing is in contact that could scratch the material.,No (Fail),Yes (Pass),,"MAX : 
TARGET : Yes (Pass)
MIN : No (Fail)"
5076,1749,10,2,Length of part (butt cut),24,25,26,"MAX : 26
TARGET : 25
MIN : 24"
5076,1749,10,1,Width of Part,18,19,20,"MAX : 20
TARGET : 19
MIN : 18"
5542,961,10,3,Distance from perforation to end of part (see drawing),0.668,0.688,0.708,"MAX : 0.708
TARGET : 0.688
MIN : 0.668"
5542,961,10,4,Centering of exposed metal strip. Cross web registration ,,0.000,0.020,"MAX : 0.020
TARGET : 0.000
MIN : "
5542,961,10,5,Is Red side of CSM laminated to adhesive?,No(Fail),Yes(Pass),,"MAX : 
TARGET : Yes(Pass)
MIN : No(Fail)"
5076,1749,10,3,Is the butt cut deep enough to remove parts but not cut into the liner?,No(Fail),Yes(Pass),,"MAX : 
TARGET : Yes(Pass)
MIN : No(Fail)"
5097,1750,20,2,Is the roll free of all debris and visible defects?,No(Fail),Yes(Pass),,"MAX : 
TARGET : Yes(Pass)
MIN : No(Fail)"
5543,962,20,3,Distance from perforation to end of part ,0.4665,0.4865,0.5065,"MAX : 0.5065
TARGET : 0.4865
MIN : 0.4665"
5543,962,20,4,Distance from edge of part to edge of exposed metal strip.  Cross web registration ,1.792,1.812,1.832,"MAX : 1.832
TARGET : 1.812
MIN : 1.792"
5543,962,20,5,Is Red side of CSM laminated to adhesive?,No (Fail),Yes (Pass),,"MAX : 
TARGET : Yes (Pass)
MIN : No (Fail)"
5543,962,20,6,Assure that the path is clear and nothing is in contact that could scratch the material.,No (Fail),Yes (Pass),,"MAX : 
TARGET : Yes (Pass)
MIN : No (Fail)"
5097,1750,20,1,Width of Roll,1.44,1.50,1.56,"MAX : 1.56
TARGET : 1.50
MIN : 1.44"
5108,940,10,2,Width of Part,0.94,1.00,1.06,"MAX : 1.06
TARGET : 1.00
MIN : 0.94"
5544,963,10,3,Distance from edge of part to edge of exposed metal strip. Cross web registration,2.536,2.556,2.576,"MAX : 2.576
TARGET : 2.556
MIN : 2.536"
5544,963,10,4,Is Red side of CSM laminated to adhesive?,No (Fail),Yes (Pass),,"MAX : 
TARGET : Yes (Pass)
MIN : No (Fail)"
5544,963,10,5,Assure that the path is clear and nothing is in contact that could scratch the material.,No (Fail),Yes (Pass),,"MAX : 
TARGET : Yes (Pass)
MIN : No (Fail)"
5108,940,10,1,Length of Part,1.44,1.50,1.56,"MAX : 1.56
TARGET : 1.50
MIN : 1.44"
5108,940,10,4,"Check each bag for any visibly evident defects.  (Mismatched, miscut, etc.).  Are any defects present?",,No(Pass),Yes(Fail),"MAX : Yes(Fail)
TARGET : No(Pass)
MIN : "
5108,940,10,3,Each roll change: are both input rolls different materials; creating a mated pair?  ( SJ3751 & SJ3781 ),No(Fail),Yes(Pass),,"MAX : 
TARGET : Yes(Pass)
MIN : No(Fail)"
5140,1751,20,2,Is the roll wound without telescoping or gapping?,No(Fail),Yes(Pass),,"MAX : 
TARGET : Yes(Pass)
MIN : No(Fail)"
5557,965,10,3,Is the part free of bubbles and other lamination defects?,No(Fail),Yes(Pass),,"MAX : 
TARGET : Yes(Pass)
MIN : No(Fail)"
5557,965,10,4,Are the parts cut cleanly; free of hairs and other debris?,No(Fail),Yes(Pass),,"MAX : 
TARGET : Yes(Pass)
MIN : No(Fail)"
5140,1751,10,1,Width of part,3.97,4.00,4.03,"MAX : 4.03
TARGET : 4.00
MIN : 3.97"
5158,941,10,2,Width of part with tab,3.140,3.200,3.260,"MAX : 3.260
TARGET : 3.200
MIN : 3.140"
5575,1764,10,6,Does 3M 371 delaminate from shurtape FP-726?,,No (Pass),Yes (Fail),"MAX : Yes (Fail)
TARGET : No (Pass)
MIN : "
5575,1764,10,3,Were printed cores with customer supplied graphic used?,No (Fail),Yes (Pass),,"MAX : 
TARGET : Yes (Pass)
MIN : No (Fail)"
5158,941,20,1,10 parts and an instruction sheet packed per bag?,No(Fail),Yes(Pass),,"MAX : 
TARGET : Yes(Pass)
MIN : No(Fail)"
5158,941,10,1,Length of part,2.055,2.115,2.175,"MAX : 2.175
TARGET : 2.115
MIN : 2.055"
5158,941,20,1,50 bags per carton?,No(Fail),Yes(Pass),,"MAX : 
TARGET : Yes(Pass)
MIN : No(Fail)"
5159,942,10,2,Width of part with tab,3.140,3.200,3.260,"MAX : 3.260
TARGET : 3.200
MIN : 3.140"
5159,942,10,1,Length of part,2.055,2.115,2.175,"MAX : 2.175
TARGET : 2.115
MIN : 2.055"
5169,1753,20,2,Are the edges free of slivers and double cuts?,No(Fail),Yes(Pass),,"MAX : 
TARGET : Yes(Pass)
MIN : No(Fail)"
5593,1766,10,3,Is the corona treated side as marked on input rolls wound out?,No(Fail),Yes(Pass),,"MAX : 
TARGET : Yes(Pass)
MIN : No(Fail)"
5169,1753,20,1,Width of Roll,0.093,0.125,0.157,"MAX : 0.157
TARGET : 0.125
MIN : 0.093"
5169,1753,10,1,Are the logs wound without gapping or telescoping?,No(Fail),Yes(Pass),,"MAX : 
TARGET : Yes(Pass)
MIN : No(Fail)"
5597,967,10,3,Is the part cut deep enough to strip but not tear the liner ?,No(Fail),Yes(Pass),,"MAX : 
TARGET : Yes(Pass)
MIN : No(Fail)"
5169,1753,10,2,Are rolls on Green PLASTIC core?,No(Fail),Yes(Pass),,"MAX : 
TARGET : Yes(Pass)
MIN : No(Fail)"
5182,943,10,2,Length of Part,0.355,0.375,0.395,"MAX : 0.395
TARGET : 0.375
MIN : 0.355"
5182,943,10,1,Width of Part,4.420,4.440,4.460,"MAX : 4.460
TARGET : 4.440
MIN : 4.420"
5182,943,10,5,Assure that the path is clear and nothing is in contact that could scratch the material.,No (Fail),Yes (Pass),,"MAX : 
TARGET : Yes (Pass)
MIN : No (Fail)"
5630,969,20,3,Width of internal window,10.5,11.0,11.5,"MAX : 11.5
TARGET : 11.0
MIN : 10.5"
5630,969,20,4,Length of internal window,10.5,11.0,11.5,"MAX : 11.5
TARGET : 11.0
MIN : 10.5"
5630,969,20,5,Are internal shapes removed?,No(Fail),Yes(Pass),,"MAX : 
TARGET : Yes(Pass)
MIN : No(Fail)"
5630,969,20,6,Is outside die cut deep enough to strip matrix without compromising liner?,No(Fail),Yes(Pass),,"MAX : 
TARGET : Yes(Pass)
MIN : No(Fail)"
5183,944,10,2,Length of Part,0.355,0.375,0.395,"MAX : 0.395
TARGET : 0.375
MIN : 0.355"
5183,944,10,1,Width of Part,1.472,1.492,1.512,"MAX : 1.512
TARGET : 1.492
MIN : 1.472"
5631,970,20,3,Width of internal window,20.5,21.0,21.5,"MAX : 21.5
TARGET : 21.0
MIN : 20.5"
5631,970,20,4,Length of internal window,14.5,15.0,15.5,"MAX : 15.5
TARGET : 15.0
MIN : 14.5"
5631,970,20,5,Are internal shapes removed?,No(Fail),Yes(Pass),,"MAX : 
TARGET : Yes(Pass)
MIN : No(Fail)"
5631,970,20,6,Is outside die cut deep enough to strip matrix without compromising liner?,No(Fail),Yes(Pass),,"MAX : 
TARGET : Yes(Pass)
MIN : No(Fail)"
5183,944,10,5,Assure that the path is clear and nothing is in contact that could scratch the material.,No (Fail),Yes (Pass),,"MAX : 
TARGET : Yes (Pass)
MIN : No (Fail)"
5184,945,20,2,Length of Part,3.086,3.106,3.126,"MAX : 3.126
TARGET : 3.106
MIN : 3.086"
5632,971,20,3,Width of internal window,20.5,21.0,21.5,"MAX : 21.5
TARGET : 21.0
MIN : 20.5"
5632,971,20,4,Length of internal window,14.5,15.0,15.5,"MAX : 15.5
TARGET : 15.0
MIN : 14.5"
5632,971,20,5,Are internal shapes removed?,No(Fail),Yes(Pass),,"MAX : 
TARGET : Yes(Pass)
MIN : No(Fail)"
5632,971,20,6,Is outside die cut deep enough to strip matrix without compromising liner?,No(Fail),Yes(Pass),,"MAX : 
TARGET : Yes(Pass)
MIN : No(Fail)"
5184,945,20,1,Width of Part,5.107,5.127,5.147,"MAX : 5.147
TARGET : 5.127
MIN : 5.107"
5184,945,20,6,Is Red side of CSM laminated to adhesive?,No (Fail),Yes (Pass),,"MAX : 
TARGET : Yes (Pass)
MIN : No (Fail)"
5633,972,20,3,Width of internal window,15.5,16.0,16.5,"MAX : 16.5
TARGET : 16.0
MIN : 15.5"
5633,972,20,4,Length of internal window,10.5,11.0,11.5,"MAX : 11.5
TARGET : 11.0
MIN : 10.5"
5633,972,20,5,Are internal shapes removed?,No (Fail),Yes (Pass),,"MAX : 
TARGET : Yes (Pass)
MIN : No (Fail)"
5633,972,20,6,Is outside die cut deep enough to strip matrix without compromising liner?,No (Fail),Yes (Pass),,"MAX : 
TARGET : Yes (Pass)
MIN : No (Fail)"
5184,945,20,7,Assure that the path is clear and nothing is in contact that could scratch the material.,No (Fail),Yes (Pass),,"MAX : 
TARGET : Yes (Pass)
MIN : No (Fail)"
5184,945,20,4,Distance from edge of part side to near edge of exposed metal strip (Gear Side),2.418,2.438,2.458,"MAX : 2.458
TARGET : 2.438
MIN : 2.418"
5184,945,20,5,Distance from edge of part side to near edge of exposed metal strip (Operator Side),2.418,2.438,2.458,"MAX : 2.458
TARGET : 2.438
MIN : 2.418"
5599,968,10,3,Width of roll,5.94,6.00,6.06,"MAX : 6.06
TARGET : 6.00
MIN : 5.94"
5599,968,10,4,Length of Perforated part,12.25,12.50,12.75,"MAX : 12.75
TARGET : 12.50
MIN : 12.25"
5599,968,20,1,Core label with exact footage inside each roll and on outside of bag of each roll?,No(Fail),Yes(Pass),,"MAX : 
TARGET : Yes(Pass)
MIN : No(Fail)"
5599,968,20,2,Product ID label on outside of box with core label as well?,No(Fail),Yes(Pass),,"MAX : 
TARGET : Yes(Pass)
MIN : No(Fail)"
5599,968,20,3,Is each roll bagged with core plugs in each end?,No(Fail),Yes(Pass),,"MAX : 
TARGET : Yes(Pass)
MIN : No(Fail)"
5599,968,20,4,Is each roll bubble wrapped?,No(Fail),Yes(Pass),,"MAX : 
TARGET : Yes(Pass)
MIN : No(Fail)"
5599,968,20,5,Is supplementary packing slip filled out with correct total footage shipped?,No(Fail),Yes(Pass),,"MAX : 
TARGET : Yes(Pass)
MIN : No(Fail)"
5599,968,10,5,Was new perf blade used for this order?,No(Fail),Yes(Pass),,"MAX : 
TARGET : Yes(Pass)
MIN : No(Fail)"
5201,1754,30,3,Is unwind direction correct? #3,No(Fail),Yes(Pass),,"MAX : 
TARGET : Yes(Pass)
MIN : No(Fail)"
5201,1754,30,1,Width of tape,0.969,1.000,1.031,"MAX : 1.031
TARGET : 1.000
MIN : 0.969"
5651,974,10,3,Dimension 3,2.25,2.50,2.75,"MAX : 2.75
TARGET : 2.50
MIN : 2.25"
5651,974,10,4,Dimension 4,2.25,2.50,2.75,"MAX : 2.75
TARGET : 2.50
MIN : 2.25"
5651,974,10,5,Dimension 5,2.25,2.50,2.75,"MAX : 2.75
TARGET : 2.50
MIN : 2.25"
5651,974,10,6,Dimension 6,48.75,49.00,49.25,"MAX : 49.25
TARGET : 49.00
MIN : 48.75"
5651,974,10,7,Dimension 7,24.25,24.50,24.75,"MAX : 24.75
TARGET : 24.50
MIN : 24.25"
5651,974,10,8,Dimension 8,24.25,24.50,24.75,"MAX : 24.75
TARGET : 24.50
MIN : 24.25"
5651,974,10,9,Dimension 9,43.75,44.00,44.25,"MAX : 44.25
TARGET : 44.00
MIN : 43.75"
5201,1754,30,2,Is print neat and clean?,No(Fail),Yes(Pass),,"MAX : 
TARGET : Yes(Pass)
MIN : No(Fail)"
5201,1754,10,1,Width of slit rolls,5.94,6.00,6.06,"MAX : 6.06
TARGET : 6.00
MIN : 5.94"
5660,975,20,3,Length of Part,5.50,6.00,6.50,"MAX : 6.50
TARGET : 6.00
MIN : 5.50"
5660,975,20,6,Are butt cuts complete; allowing easy separation of parts using one hand?,No(Fail),Yes(Pass),,"MAX : 
TARGET : Yes(Pass)
MIN : No(Fail)"
5660,975,20,4,Is the 5300 laminated to the non-release side of the Blue HDPE?,No(Fail),Yes(Pass),,"MAX : 
TARGET : Yes(Pass)
MIN : No(Fail)"
5660,975,20,5,Are the parts not skewed on the liner?,No(Fail),Yes(Pass),,"MAX : 
TARGET : Yes(Pass)
MIN : No(Fail)"
5249,946,10,2,Width of part with tab,3.190,3.250,3.310,"MAX : 3.310
TARGET : 3.250
MIN : 3.190"
5249,946,10,1,Length of part,2.150,2.160,2.170,"MAX : 2.170
TARGET : 2.160
MIN : 2.150"
5674,978,10,3,Position of score relative to base of part,2.784,2.844,2.904,"MAX : 2.904
TARGET : 2.844
MIN : 2.784"
5674,978,10,4,Is score complete through liner without compromising tape?,No(Fail),Yes(Pass),,"MAX : 
TARGET : Yes(Pass)
MIN : No(Fail)"
5674,978,10,5,Is die strike deep enough to remove the matrix but not cut into the liner?,No(Fail),Yes(Pass),,"MAX : 
TARGET : Yes(Pass)
MIN : No(Fail)"
5674,978,10,6,Are parts wound out?,No(Fail),Yes(Pass),,"MAX : 
TARGET : Yes(Pass)
MIN : No(Fail)"
5674,978,10,7,Are rolls finished to 1000 pcs?,No(Fail),Yes(Pass),,"MAX : 
TARGET : Yes(Pass)
MIN : No(Fail)"
5674,978,10,8,Is score across part where it is cut metal to metal?,No(Fail),Yes(Pass),,"MAX : 
TARGET : Yes(Pass)
MIN : No(Fail)"
5253,1755,,2,Is print clean and legible?,No (Fail),Yes (Pass),,"MAX : 
TARGET : Yes (Pass)
MIN : No (Fail)"
5253,1755,,1,Finished width of tape,0.44,0.47,0.50,"MAX : 0.50
TARGET : 0.47
MIN : 0.44"
5675,1770,20,1,Are appropriate core labels used?,No(Fail),Yes(Pass),,"MAX : 
TARGET : Yes(Pass)
MIN : No(Fail)"
5258,1756,20,2,Tab width,0.095,0.125,0.155,"MAX : 0.155
TARGET : 0.125
MIN : 0.095"
5258,1756,20,1,Roll width,0.72,0.75,0.78,"MAX : 0.78
TARGET : 0.75
MIN : 0.72"
5673,977,20,3,Distance from perforation to end of part (see drawing),0.480,0.500,0.520,"MAX : 0.520
TARGET : 0.500
MIN : 0.480"
5673,977,20,4,Distance from edge of part to edge of exposed metal strip. Cross web registration ,2.426,2.446,2.466,"MAX : 2.466
TARGET : 2.446
MIN : 2.426"
5673,977,20,5,Is Red side of CSM laminated to adhesive?,No (Fail),Yes (Pass),,"MAX : 
TARGET : Yes (Pass)
MIN : No (Fail)"
5673,977,20,6,Are parts wound OUT on finished rolls?,No (Fail),Yes (Pass),,"MAX : 
TARGET : Yes (Pass)
MIN : No (Fail)"
5673,977,20,7,Assure that the path is clear and nothing is in contact that could scratch the material.,No (Fail),Yes (Pass),,"MAX : 
TARGET : Yes (Pass)
MIN : No (Fail)"
5267,947,10,2,Width of Part (not liner),11.125,11.250,11.375,"MAX : 11.375
TARGET : 11.250
MIN : 11.125"
5267,947,10,1,Length of part,20.250,20.375,20.500,"MAX : 20.500
TARGET : 20.375
MIN : 20.250"
5672,976,10,4,Distance from perforation to end of part ,0.4665,0.4865,0.5065,"MAX : 0.5065
TARGET : 0.4865
MIN : 0.4665"
5672,976,10,5,Distance from edge of part to edge of exposed metal strip.  Cross web registration ,2.0665,2.0865,2.1065,"MAX : 2.1065
TARGET : 2.0865
MIN : 2.0665"
5672,976,10,6,Is Red side of CSM laminated to adhesive?,No (Fail),Yes (Pass),,"MAX : 
TARGET : Yes (Pass)
MIN : No (Fail)"
5672,976,10,7,Are parts wound OUT on finished rolls?,No (Fail),Yes (Pass),,"MAX : 
TARGET : Yes (Pass)
MIN : No (Fail)"
5672,976,10,8,Assure that the path is clear and nothing is in contact that could scratch the material.,No (Fail),Yes (Pass),,"MAX : 
TARGET : Yes (Pass)
MIN : No (Fail)"
5277,948,20,2,Length of Part,0.355,0.375,0.395,"MAX : 0.395
TARGET : 0.375
MIN : 0.355"
5277,948,20,1,Width of Part ,4.028,4.048,4.068,"MAX : 4.068
TARGET : 4.048
MIN : 4.028"
5680,1771,10,3,Are rolls wound flush on core?,No(Fail),Yes(Pass),,"MAX : 
TARGET : Yes(Pass)
MIN : No(Fail)"
5680,1771,10,4,"Are the rolls finished to 400 parts, 200 yd?",No(Fail),Yes(Pass),,"MAX : 
TARGET : Yes(Pass)
MIN : No(Fail)"
5680,1771,10,5,Are rolls wound neatly and free of debris?,No(Fail),Yes(Pass),,"MAX : 
TARGET : Yes(Pass)
MIN : No(Fail)"
5278,949,10,2,Length of Part,0.355,0.375,0.395,"MAX : 0.395
TARGET : 0.375
MIN : 0.355"
5278,949,10,1,Width of Part,4.866,4.886,4.906,"MAX : 4.906
TARGET : 4.886
MIN : 4.866"
5682,979,10,3,Are parts wound IN (rewind direction 5)?,No (Fail),Yes (Pass),,"MAX : 
TARGET : Yes (Pass)
MIN : No (Fail)"
5682,979,10,4,Are interior holes on die cut part punched clean and removed?,No (Fail),Yes (Pass),,"MAX : 
TARGET : Yes (Pass)
MIN : No (Fail)"
5682,979,10,5,Is product finished 1-up?,No (Fail),Yes (Pass),,"MAX : 
TARGET : Yes (Pass)
MIN : No (Fail)"
5279,950,,2,Length of Part,0.355,0.375,0.395,"MAX : 0.395
TARGET : 0.375
MIN : 0.355"
5279,950,,1,Width of Part,2.022,2.042,2.062,"MAX : 2.062
TARGET : 2.042
MIN : 2.022"
5689,980,10,3,Is print clear and easily read?,No(Fail),Yes(Pass),,"MAX : 
TARGET : Yes(Pass)
MIN : No(Fail)"
5689,980,20,1,Is it 2 across?,No(Fail),Yes(Pass),,"MAX : 
TARGET : Yes(Pass)
MIN : No(Fail)"
5689,980,10,4,Does the die strike pass the liner stain test?,No(Fail),Yes(Pass),,"MAX : 
TARGET : Yes(Pass)
MIN : No(Fail)"
5280,951,10,2,Length of Part,0.355,0.375,0.395,"MAX : 0.395
TARGET : 0.375
MIN : 0.355"
5280,951,10,1,Width of Part,1.900,1.920,1.940,"MAX : 1.940
TARGET : 1.920
MIN : 1.900"
5732,1772,10,3,Are slit edges clean and free of adhesive buildup?,No(Fail),Yes(Pass),,"MAX : 
TARGET : Yes(Pass)
MIN : No(Fail)"
5732,1772,10,4,Is Reflex Blue Ink being used,No(Fail),Yes(Pass) ,,"MAX : 
TARGET : Yes(Pass) 
MIN : No(Fail)"
5732,1772,10,5,Is the ink adhesion good?,No(Fail),Yes(Pass),,"MAX : 
TARGET : Yes(Pass)
MIN : No(Fail)"
5280,951,10,6,Check a full repeat of parts to assure a clean uncompromised die cut.,No (Fail),Yes (Pass),,"MAX : 
TARGET : Yes (Pass)
MIN : No (Fail)"
5281,952,10,2,Length of Part,0.355,0.375,0.395,"MAX : 0.395
TARGET : 0.375
MIN : 0.355"
5733,1773,10,3,Are slit edges clean and free of adhesive buildup?,No(Fail),Yes(Pass),,"MAX : 
TARGET : Yes(Pass)
MIN : No(Fail)"
5733,1773,10,4,Is Reflex Blue Ink being used?,No(Fail),Yes(Pass) ,,"MAX : 
TARGET : Yes(Pass) 
MIN : No(Fail)"
5733,1773,10,5,Is the ink adhesion good?,No(Fail),Yes(Pass),,"MAX : 
TARGET : Yes(Pass)
MIN : No(Fail)"
5281,952,10,1,Width of Part,2.272,2.292,2.312,"MAX : 2.312
TARGET : 2.292
MIN : 2.272"
5282,953,20,1,Width of Part,5.109,5.129,5.149,"MAX : 5.149
TARGET : 5.129
MIN : 5.109"
5734,1774,,3,Are slit edges clean and free of adhesive buildup?,No(Fail),Yes(Pass),,"MAX : 
TARGET : Yes(Pass)
MIN : No(Fail)"
5734,1774,,4,Is Reflex Blue Ink being used,No(Fail),Yes(Pass) ,,"MAX : 
TARGET : Yes(Pass) 
MIN : No(Fail)"
5734,1774,,5,Is the ink adhesion good?,No(Fail),Yes(Pass),,"MAX : 
TARGET : Yes(Pass)
MIN : No(Fail)"
5282,953,20,2,Length of Part,5.156,5.176,5.196,"MAX : 5.196
TARGET : 5.176
MIN : 5.156"
5282,953,20,6,Assure that the path is clear and nothing is in contact that could scratch the material.,No (Fail),Yes (Pass),,"MAX : 
TARGET : Yes (Pass)
MIN : No (Fail)"
5735,1775,10,3,Are slit edges clean and free of adhesive buildup?,No(Fail),Yes(Pass),,"MAX : 
TARGET : Yes(Pass)
MIN : No(Fail)"
5735,1775,10,4,Is Reflex Blue Ink being used,No(Fail),Yes(Pass) ,,"MAX : 
TARGET : Yes(Pass) 
MIN : No(Fail)"
5735,1775,10,5,Is the ink adhesion good?,No(Fail),Yes(Pass),,"MAX : 
TARGET : Yes(Pass)
MIN : No(Fail)"
5283,954,20,2,Width of Part (Orientation 2),5.112,5.132,5.152,"MAX : 5.152
TARGET : 5.132
MIN : 5.112"
5283,954,20,1,Width of Part (Orientation 1),8.771,8.791,8.811,"MAX : 8.811
TARGET : 8.791
MIN : 8.771"
5736,1776,10,3,Are slit edges clean and free of adhesive buildup?,No(Fail),Yes(Pass),,"MAX : 
TARGET : Yes(Pass)
MIN : No(Fail)"
5736,1776,10,4,Is the print clear and easily read?,No(Fail),Yes(Pass) ,,"MAX : 
TARGET : Yes(Pass) 
MIN : No(Fail)"
5736,1776,10,5,Is the ink adhesion good?,No(Fail),Yes(Pass),,"MAX : 
TARGET : Yes(Pass)
MIN : No(Fail)"
5283,954,20,6,Assure that the path is clear and nothing is in contact that could scratch the material.,No (Fail),Yes (Pass),,"MAX : 
TARGET : Yes (Pass)
MIN : No (Fail)"
5308,955,10,1,Width of Part,13.250,13.500,13.750,"MAX : 13.750
TARGET : 13.500
MIN : 13.250"
5751,981,10,3,Diameter of center hole,0.085 (2.16),0.090 (2.29),0.095 (2.41),"MAX : 0.095 (2.41)
TARGET : 0.090 (2.29)
MIN : 0.085 (2.16)"
5751,981,10,4,Distance from score to end of tab,0.270 (6.86),0.275 (6.99),0.280 (7.11),"MAX : 0.280 (7.11)
TARGET : 0.275 (6.99)
MIN : 0.270 (6.86)"
5751,981,10,5,"Do the holes in the adhesive line up to within +/- 0.022"" (0.56 mm)?",No(Fail),Yes(Pass),,"MAX : 
TARGET : Yes(Pass)
MIN : No(Fail)"
5751,981,10,6,Are the center holes free of adhesive?,No(Fail),Yes(Pass),,"MAX : 
TARGET : Yes(Pass)
MIN : No(Fail)"
5308,955,10,2,Length of Part,19.125,19.375,19.625,"MAX : 19.625
TARGET : 19.375
MIN : 19.125"
5309,1757,30,2,Is length of finished product 50 yards?,No(Fail),Yes(Pass),,"MAX : 
TARGET : Yes(Pass)
MIN : No(Fail)"
5781,982,10,2,Distance of Green stripe from edge of wheel mask,11.09,14.29,17.49,"MAX : 17.49
TARGET : 14.29
MIN : 11.09"
5781,982,10,3,Distance of White printed stripe from edge of wheel mask,111.7,114.90,118.1,"MAX : 118.1
TARGET : 114.90
MIN : 111.7"
5781,982,10,4,Width of Liner,582.20,584.20,586.20,"MAX : 586.20
TARGET : 584.20
MIN : 582.20"
5781,982,10,6,Are the parts visual centered on the liner?,No (Fail),Yes (Pass),,"MAX : 
TARGET : Yes (Pass)
MIN : No (Fail)"
5781,982,10,7,"Are the parts laying flat to within 1/2"" off press?",No(fail),Yes(pass),,"MAX : 
TARGET : Yes(pass)
MIN : No(fail)"
5309,1757,30,1,Width of finished product?,1.94,2.00,2.06,"MAX : 2.06
TARGET : 2.00
MIN : 1.94"
5312,1758,20,1,Width of material,0.94,1.00,1.06,"MAX : 1.06
TARGET : 1.00
MIN : 0.94"
5782,983,,3,Distance of Black stripe from edge of wheel mask,26.17,29.37,32.57,"MAX : 32.57
TARGET : 29.37
MIN : 26.17"
5782,983,,4,Distance of White printed stripe from edge of wheel mask,118.87,120.87,122.87,"MAX : 122.87
TARGET : 120.87
MIN : 118.87"
5782,983,,5,Width of Liner,635.7,647.70,659.7,"MAX : 659.7
TARGET : 647.70
MIN : 635.7"
5782,983,,6,Are the parts visual centered on the liner?,No (Fail),Yes (Pass),,"MAX : 
TARGET : Yes (Pass)
MIN : No (Fail)"
5782,983,,7,"Are the parts laying flat to within 1/2"" off press?",No(fail),Yes(pass),,"MAX : 
TARGET : Yes(pass)
MIN : No(fail)"
5312,1758,10,1,Width of slit roll,5.94,6.00,6.06,"MAX : 6.06
TARGET : 6.00
MIN : 5.94"
5312,1758,20,2,Distance from perf to perf,6.94,7.00,7.06,"MAX : 7.06
TARGET : 7.00
MIN : 6.94"
5322,1759,20,2,Are rolls cut cleanly and free of debris?,No,Yes,,"MAX : 
TARGET : Yes
MIN : No"
5322,1759,20,1,Width of roll,4.0,5.0,6.0,"MAX : 6.0
TARGET : 5.0
MIN : 4.0"
5851,984,10,3,Is the part free of bubbles and other lamination defects?,No(Fail),Yes(Pass),,"MAX : 
TARGET : Yes(Pass)
MIN : No(Fail)"
5851,984,10,4,Are the parts cut cleanly; free of hairs and other debris?,No(Fail),Yes(Pass),,"MAX : 
TARGET : Yes(Pass)
MIN : No(Fail)"
5322,1759,10,1,Are rolls wound onto plastic cores?,No,Yes,,"MAX : 
TARGET : Yes
MIN : No"
5322,1759,10,2,Is wind length 180',No,Yes,,"MAX : 
TARGET : Yes
MIN : No"
5855,985,10,4,Length of Perforated part,13.75,14.00,14.25,"MAX : 14.25
TARGET : 14.00
MIN : 13.75"
5855,985,10,5,Core label with exact footage inside each roll and on outside of bag of each roll?,No(Fail),Yes(Pass),,"MAX : 
TARGET : Yes(Pass)
MIN : No(Fail)"
5855,985,10,8,"Product ID label on outside of box with core label, as well?",No(Fail),Yes(Pass),,"MAX : 
TARGET : Yes(Pass)
MIN : No(Fail)"
5855,985,10,6,Is each roll bagged with core plugs in each end?,No(Fail),Yes(Pass),,"MAX : 
TARGET : Yes(Pass)
MIN : No(Fail)"
5855,985,10,7,Is each roll bubble wrapped?,No(Fail),Yes(Pass),,"MAX : 
TARGET : Yes(Pass)
MIN : No(Fail)"
5855,985,10,9,Is supplementary packing slip filled out with correct total footage shipped?,No(Fail),Yes(Pass),,"MAX : 
TARGET : Yes(Pass)
MIN : No(Fail)"
5855,985,10,1,Was a new perf blade used for this order?,No(Fail),Yes(Pass),,"MAX : 
TARGET : Yes(Pass)
MIN : No(Fail)"
5354,956,20,2,Length of Part,3.095,3.125,3.155,"MAX : 3.155
TARGET : 3.125
MIN : 3.095"
5354,956,20,1,Width of Part,0.595,0.625,0.655,"MAX : 0.655
TARGET : 0.625
MIN : 0.595"
5898,986,10,3,Is the die strike deep enough to strip the matrix but not so deep as to break the liner?,No(Fail),Yes(Pass),,"MAX : 
TARGET : Yes(Pass)
MIN : No(Fail)"
5371,957,20,2,Length of part,0.72,0.75,0.78,"MAX : 0.78
TARGET : 0.75
MIN : 0.72"
5371,957,20,1,Width of part,2.97,3.00,3.03,"MAX : 3.03
TARGET : 3.00
MIN : 2.97"
5899,987,10,3,Is the die strike deep enough to strip the matrix but not so deep as to break the liner?,No(Fail),Yes(Pass),,"MAX : 
TARGET : Yes(Pass)
MIN : No(Fail)"
5395,1760,10,2,Width of part.,18,19,20,"MAX : 20
TARGET : 19
MIN : 18"
5395,1760,10,1,Length of part.,18,19,20,"MAX : 20
TARGET : 19
MIN : 18"
5395,1760,10,4,Is the butt cut deep enough to remove the pieces but not cut into the liner?,No(Fail),Yes(Pass),,"MAX : 
TARGET : Yes(Pass)
MIN : No(Fail)"
5457,1761,,,,,,,"MAX : 
TARGET : 
MIN : "
5470,958,20,2,Width of Part,5.28,5.34,5.40,"MAX : 5.40
TARGET : 5.34
MIN : 5.28"
5470,958,20,1,Length of part,6.69,6.75,6.81,"MAX : 6.81
TARGET : 6.75
MIN : 6.69"
5875,1778,30,3,Width of bottom layer of vinyl and adhesive,8.0,8.5,9.0,"MAX : 9.0
TARGET : 8.5
MIN : 8.0"
5875,1778,30,4,Total width of part,35,40,45,"MAX : 45
TARGET : 40
MIN : 35"
5875,1778,30,5,Width of carrier liner,30,35,40,"MAX : 40
TARGET : 35
MIN : 30"
5875,1778,30,6,Are the parts butt cut clean to the carrier liner?,No(Fail),Yes(Pass),,"MAX : 
TARGET : Yes(Pass)
MIN : No(Fail)"
5875,1778,30,7,Does the perf tear?,No(Fail),Yes(Pass),,"MAX : 
TARGET : Yes(Pass)
MIN : No(Fail)"
5875,1778,30,8,Does the middle liner release from both sides?,No(Fail),Yes(Pass),,"MAX : 
TARGET : Yes(Pass)
MIN : No(Fail)"
5473,959,10,2,Width of Part w/o tab,4.492,4.492,4.502,"MAX : 4.502
TARGET : 4.492
MIN : 4.492"
5473,959,10,1,Length of part,0.75,0.75,0.76,"MAX : 0.76
TARGET : 0.75
MIN : 0.75"
5494,1762,10,2,"Is the roll edge free of all debris, cut cleanly?",N,Y (Pass),,"MAX : 
TARGET : Y (Pass)
MIN : N"
5909,1781,10,3,Are slit edges clean and free of adhesive buildup?,No(Fail),Yes(Pass),,"MAX : 
TARGET : Yes(Pass)
MIN : No(Fail)"
5909,1781,10,4,Is the print clear and easily read?,No(Fail),Yes(Pass),,"MAX : 
TARGET : Yes(Pass)
MIN : No(Fail)"
5909,1781,10,5,Is the ink adhesion good?,No(Fail),Yes(Pass),,"MAX : 
TARGET : Yes(Pass)
MIN : No(Fail)"
5494,1762,10,1,Width of Roll,9.94,10.00,10.06,"MAX : 10.06
TARGET : 10.00
MIN : 9.94"
5541,960,10,2,Length of Part,0.355,0.375,0.395,"MAX : 0.395
TARGET : 0.375
MIN : 0.355"
5541,960,10,1,Width of Part,2.402,2.422,2.442,"MAX : 2.442
TARGET : 2.422
MIN : 2.402"
5542,961,10,2,Length of Part,3.870,3.890,3.910,"MAX : 3.910
TARGET : 3.890
MIN : 3.870"
5913,1782,20,3,Are the rolls on Plastic cores?,No(Fail),Yes(Pass),,"MAX : 
TARGET : Yes(Pass)
MIN : No(Fail)"
5542,961,10,1,Width of Part,5.105,5.125,5.145,"MAX : 5.145
TARGET : 5.125
MIN : 5.105"
5543,962,20,2,Length of Part,0.355,0.375,0.395,"MAX : 0.395
TARGET : 0.375
MIN : 0.355"
5932,989,10,3,Distance from glue dot center to leading edge of part,0.270,0.300,0.330,"MAX : 0.330
TARGET : 0.300
MIN : 0.270"
5932,989,10,4,Distance from glue dot center to non-tab edge of part,0.270,0.300,0.330,"MAX : 0.330
TARGET : 0.300
MIN : 0.270"
5932,989,10,5,Is the glue cured?,No (Fail),Yes (Pass),,"MAX : 
TARGET : Yes (Pass)
MIN : No (Fail)"
5543,962,20,1,Width of Part ,3.853,3.873,3.893,"MAX : 3.893
TARGET : 3.873
MIN : 3.853"
5544,963,10,2,Length of Part,0.355,0.375,0.395,"MAX : 0.395
TARGET : 0.375
MIN : 0.355"
5936,990,10,3,Distance from glue dot center to leading edge of part,0.270,0.300,0.330,"MAX : 0.330
TARGET : 0.300
MIN : 0.270"
5936,990,10,4,Distance from glue dot center to non-tab edge of part,0.270,0.300,0.330,"MAX : 0.330
TARGET : 0.300
MIN : 0.270"
5936,990,10,6,Is the glue cured?,No (Fail),Yes (Pass),,"MAX : 
TARGET : Yes (Pass)
MIN : No (Fail)"
5544,963,10,1,Width of Part,5.342,5.362,5.382,"MAX : 5.382
TARGET : 5.362
MIN : 5.342"
5547,964,10,2,Width of Part w/o tab,3.72,3.75,3.78,"MAX : 3.78
TARGET : 3.75
MIN : 3.72"
5937,991,10,3,Distance from glue dot center to leading edge of part,0.270,0.300,0.330,"MAX : 0.330
TARGET : 0.300
MIN : 0.270"
5937,991,10,4,Distance from glue center to non-tab edge of part,0.270,0.300,0.330,"MAX : 0.330
TARGET : 0.300
MIN : 0.270"
5937,991,10,5,Is the glue cured?,No (Fail),Yes (Pass),,"MAX : 
TARGET : Yes (Pass)
MIN : No (Fail)"
5547,964,10,1,Length of Part,0.47,0.50,0.53,"MAX : 0.53
TARGET : 0.50
MIN : 0.47"
5547,964,10,3,Is the score deep enough to remove the tab material but not cut into the parent liner?,No(Fail),Yes(Pass),,"MAX : 
TARGET : Yes(Pass)
MIN : No(Fail)"
5547,964,10,4,Is the butt cut deep enough to separate the parts but not cut into the liner? ,No(Fail),Yes(Pass),,"MAX : 
TARGET : Yes(Pass)
MIN : No(Fail)"
5557,965,10,2,Length of Part,41.94,42.00,42.06,"MAX : 42.06
TARGET : 42.00
MIN : 41.94"
5944,992,20,3,Total width of part,39.34,40.13,40.92,"MAX : 40.92
TARGET : 40.13
MIN : 39.34"
5944,992,20,4,Distance from end with tab to first hole.,16.90,17.69,18.48,"MAX : 18.48
TARGET : 17.69
MIN : 16.90"
5944,992,20,5,Distance from end with tab to second hole.,28.45,29.24,30.03,"MAX : 30.03
TARGET : 29.24
MIN : 28.45"
5944,992,20,6,Distance from end with tab to third hole.,56.07,56.86,57.65,"MAX : 57.65
TARGET : 56.86
MIN : 56.07"
5944,992,20,7,Distance from end with tab to fourth hole.,67.55,68.34,69.13,"MAX : 69.13
TARGET : 68.34
MIN : 67.55"
5944,992,20,8,Are the holes cleanly removed?,No(Fail),Yes(Pass),,"MAX : 
TARGET : Yes(Pass)
MIN : No(Fail)"
5944,992,20,9,Does the blue liner only cut not go all the way through the foam?,No(Fail),Yes(Pass),,"MAX : 
TARGET : Yes(Pass)
MIN : No(Fail)"
5557,965,10,1,Width of Part,0.815,0.875,0.935,"MAX : 0.935
TARGET : 0.875
MIN : 0.815"
5557,965,10,5,Is the VHB laminated to the primed side of the UHMW?,No(Fail),Yes(Pass),,"MAX : 
TARGET : Yes(Pass)
MIN : No(Fail)"
5966,994,10,3,Are the parts sheeted cleanly?,No(Fail),Yes(Pass),,"MAX : 
TARGET : Yes(Pass)
MIN : No(Fail)"
5575,1764,10,2,Is finished product roll 60 yards?,No (Fail),Yes (Pass),,"MAX : 
TARGET : Yes (Pass)
MIN : No (Fail)"
5575,1764,10,1,Width of finished product roll,0.94,1.00,1.06,"MAX : 1.06
TARGET : 1.00
MIN : 0.94"
5979,995,10,3,Width of deadened area,0.170,0.185,0.200,"MAX : 0.200
TARGET : 0.185
MIN : 0.170"
5979,995,10,4,Distance from bottom of part to slit edge of liner,0.248,0.263,0.278,"MAX : 0.278
TARGET : 0.263
MIN : 0.248"
5575,1764,10,5,Are Rolls Gapping?,,No (Pass),Yes (Fail),"MAX : Yes (Fail)
TARGET : No (Pass)
MIN : "
5575,1764,10,7,Peel force of top layer from tape,15.00 oz,,,"MAX : 
TARGET : 
MIN : 15.00 oz"
6007,996,10,3,Is the PET bonded securely to the 583?,No(Fail),Yes(Pass),,"MAX : 
TARGET : Yes(Pass)
MIN : No(Fail)"
6007,996,10,4,Is the die strike deep enough to strip the matrix but not so deep as to cut into the liner?,No(Fail),Yes(Pass),,"MAX : 
TARGET : Yes(Pass)
MIN : No(Fail)"
5575,1764,10,4,Are rolls wound evenly?,No (Fail),Yes (Pass),,"MAX : 
TARGET : Yes (Pass)
MIN : No (Fail)"
5577,1765,10,1,Width of finished product roll,0.94,1.00,1.06,"MAX : 1.06
TARGET : 1.00
MIN : 0.94"
6018,1783,10,3,Are slit edges clean and free of adhesive buildup?,No(Fail),Yes(Pass),,"MAX : 
TARGET : Yes(Pass)
MIN : No(Fail)"
6018,1783,10,4,Is the print clear and easily read?,No(Fail),Yes(Pass),,"MAX : 
TARGET : Yes(Pass)
MIN : No(Fail)"
6018,1783,10,5,Is the ink adhesion good?,No(Fail),Yes(Pass),,"MAX : 
TARGET : Yes(Pass)
MIN : No(Fail)"
5577,1765,10,2,Is finished product roll 60 yards?,No (Fail),Yes (Pass),,"MAX : 
TARGET : Yes (Pass)
MIN : No (Fail)"
5579,966,10,2,Is paper printed 'elcometer...' in Pantone 021 (Orange),No (Fail),Yes (Pass),,"MAX : 
TARGET : Yes (Pass)
MIN : No (Fail)"
6026,1784,10,3,Are slit edges clean and free of adhesive buildup?,No(Fail),Yes(Pass),,"MAX : 
TARGET : Yes(Pass)
MIN : No(Fail)"
6026,1784,10,4,Is the print clear and easily read?,No(Fail),Yes(Pass),,"MAX : 
TARGET : Yes(Pass)
MIN : No(Fail)"
6026,1784,10,5,Is the ink adhesion good?,No(Fail),Yes(Pass),,"MAX : 
TARGET : Yes(Pass)
MIN : No(Fail)"
5579,966,10,1,"Width of finished product
3-15/16""  +/- 1/32""",3.906,3.938,3.969,"MAX : 3.969
TARGET : 3.938
MIN : 3.906"
5593,1766,10,2,Are rolls wound neatly with material flush on core?,No(Fail),Yes(Pass),,"MAX : 
TARGET : Yes(Pass)
MIN : No(Fail)"
6027,1785,10,3,Are slit edges clean and free of adhesive buildup?,No(Fail),Yes(Pass),,"MAX : 
TARGET : Yes(Pass)
MIN : No(Fail)"
6027,1785,10,4,Is the print clear and easily read?,No(Fail),Yes(Pass),,"MAX : 
TARGET : Yes(Pass)
MIN : No(Fail)"
6027,1785,10,5,Is the ink adhesion good?,No(Fail),Yes(Pass),,"MAX : 
TARGET : Yes(Pass)
MIN : No(Fail)"
5593,1766,10,1,Width of roll,18.0,19.0,20.0,"MAX : 20.0
TARGET : 19.0
MIN : 18.0"
5597,967,10,2,Length of Part,1.42,1.45,1.48,"MAX : 1.48
TARGET : 1.45
MIN : 1.42"
6028,1786,10,3,Are slit edges clean and free of adhesive buildup?,No(Fail),Yes(Pass),,"MAX : 
TARGET : Yes(Pass)
MIN : No(Fail)"
6028,1786,10,4,Is the print clear and easily read?,No(Fail),Yes(Pass),,"MAX : 
TARGET : Yes(Pass)
MIN : No(Fail)"
6028,1786,10,5,Is the ink adhesion good?,No(Fail),Yes(Pass),,"MAX : 
TARGET : Yes(Pass)
MIN : No(Fail)"
5597,967,10,1,Width of Part w/ tab,1.47,1.50,1.53,"MAX : 1.53
TARGET : 1.50
MIN : 1.47"
5599,968,10,2,"Is raw material free of creases, wrinkles, gage bands, stretch bands. diamond pattern, and lint?",No(Fail),Yes(Pass),,"MAX : 
TARGET : Yes(Pass)
MIN : No(Fail)"
5599,968,10,1,Is Pre-Press checklist filled out for each roll?,No(Fail),Yes(Pass),,"MAX : 
TARGET : Yes(Pass)
MIN : No(Fail)"
5611,1767,10,2,Is the slit edge free of slivers and double cuts?,No(Fail),Yes(Pass),,"MAX : 
TARGET : Yes(Pass)
MIN : No(Fail)"
6052,998,10,3,Width of part,0.821,0.833,0.845,"MAX : 0.845
TARGET : 0.833
MIN : 0.821"
6052,998,10,4,Width of slot,0.418,0.430,0.442,"MAX : 0.442
TARGET : 0.430
MIN : 0.418"
6052,998,10,5,Are all of the center slots removed?,No(Fail),Yes(Pass),,"MAX : 
TARGET : Yes(Pass)
MIN : No(Fail)"
6052,998,10,6,Is the die strike deep enough to cut the foil but not cut into the liner on outside shape?,No(Fail),Yes(Pass),,"MAX : 
TARGET : Yes(Pass)
MIN : No(Fail)"
5611,1767,10,1,Width of roll,2.47,2.50,2.53,"MAX : 2.53
TARGET : 2.50
MIN : 2.47"
5612,1768,10,1,Width of roll,3.47,3.50,3.53,"MAX : 3.53
TARGET : 3.50
MIN : 3.47"
6053,999,10,3,Width of part,0.902,0.914,0.926,"MAX : 0.926
TARGET : 0.914
MIN : 0.902"
6053,999,10,4,Distance from center to center of two holes.  Measure a different pair each time.,0.488,0.500,0.512,"MAX : 0.512
TARGET : 0.500
MIN : 0.488"
6053,999,10,5,Are all of the holes removed?,No(Fail),Yes(Pass),,"MAX : 
TARGET : Yes(Pass)
MIN : No(Fail)"
6053,999,10,6,Is the die strike deep enough to cut the foil but not cut into the liner on outside shape?,No(Fail),Yes(Pass),,"MAX : 
TARGET : Yes(Pass)
MIN : No(Fail)"
5612,1768,10,2,Is the slit edge free of slivers and double cuts?,No(Fail),Yes(Pass),,"MAX : 
TARGET : Yes(Pass)
MIN : No(Fail)"
5354,956,10,1,Width of slit tape,0.95,0.98,1.01,"MAX : 1.01
TARGET : 0.98
MIN : 0.95"
5630,969,20,2,Length of part,14.5,15.0,15.5,"MAX : 15.5
TARGET : 15.0
MIN : 14.5"
5630,969,20,1,Width of part w/o tab,14.5,15.0,15.5,"MAX : 15.5
TARGET : 15.0
MIN : 14.5"
5631,970,20,2,Length of part,20.5,21.0,21.5,"MAX : 21.5
TARGET : 21.0
MIN : 20.5"
6067,1000,10,3,Width of 931 tab area,49.0,50.0,51.0,"MAX : 51.0
TARGET : 50.0
MIN : 49.0"
6067,1000,10,4,Is die cut deep enough to strip the matrix but not break the liner?,No(Fail),Yes(Pass),,"MAX : 
TARGET : Yes(Pass)
MIN : No(Fail)"
5631,970,20,1,Width of part w/o tab,26.5,27.0,27.5,"MAX : 27.5
TARGET : 27.0
MIN : 26.5"
5632,971,20,2,Length of part,20.5,21.0,21.5,"MAX : 21.5
TARGET : 21.0
MIN : 20.5"
5632,971,20,1,Width of part ,25.5,26.0,26.5,"MAX : 26.5
TARGET : 26.0
MIN : 25.5"
6107,1001,20,3,Width of non-adhesive area,31.20,32.00,32.80,"MAX : 32.80
TARGET : 32.00
MIN : 31.20"
6107,1001,20,4,Distance from gear edge to non-adhesive area,5.43,6.23,7.03,"MAX : 7.03
TARGET : 6.23
MIN : 5.43"
6107,1001,20,5,Distance from operator edge to non-adhesive area,5.43,6.23,7.03,"MAX : 7.03
TARGET : 6.23
MIN : 5.43"
6107,1001,20,6,"Does the non-adhesive area extend to cover the entire ""slug"" area?",No(Fail),Yes(Pass),,"MAX : 
TARGET : Yes(Pass)
MIN : No(Fail)"
6107,1001,20,7,"Are the ""U"" notches cleanly cut?",No(Fail),Yes(Pass),,"MAX : 
TARGET : Yes(Pass)
MIN : No(Fail)"
6107,1001,20,8,"Are all of the ""slugs"" removed?",No(Fail),Yes(Pass),,"MAX : 
TARGET : Yes(Pass)
MIN : No(Fail)"
5633,972,20,2,Length of part,18.5,19.0,19.5,"MAX : 19.5
TARGET : 19.0
MIN : 18.5"
5633,972,20,1,Width of part ,19.0,19.5,20.0,"MAX : 20.0
TARGET : 19.5
MIN : 19.0"
6108,1002,10,3,Distance from edge of yellow tape to center liner slit,0.02,0.0,0.02,"MAX : 0.02
TARGET : 0.0
MIN : 0.02"
6108,1002,10,4,Width of part,2.72,2.75,2.78,"MAX : 2.78
TARGET : 2.75
MIN : 2.72"
6108,1002,10,5,Length of part,14.91,15.00,15.09,"MAX : 15.09
TARGET : 15.00
MIN : 14.91"
5633,972,10,1,Width of slit roll - Units in inches for this one only,1.22,1.5,1.625,"MAX : 1.625
TARGET : 1.5
MIN : 1.22"
5635,973,,,,,,,"MAX : 
TARGET : 
MIN : "
6111,1787,20,3,Is the tape laminated to the release side of the liner?,No(Fail),Yes(Pass),,"MAX : 
TARGET : Yes(Pass)
MIN : No(Fail)"
5651,974,10,2,Dimension 2,2.25,2.50,2.75,"MAX : 2.75
TARGET : 2.50
MIN : 2.25"
5651,974,10,1,Dimension 1,2.25,2.50,2.75,"MAX : 2.75
TARGET : 2.50
MIN : 2.25"
5651,974,10,10,Dimension 10,14.81,15.06,15.31,"MAX : 15.31
TARGET : 15.06
MIN : 14.81"
5651,974,10,26,"Are all of the internal features thru-cut, per the drawing?",No (Fail),Yes (Pass),,"MAX : 
TARGET : Yes (Pass)
MIN : No (Fail)"
5651,974,10,22,Big Hole X,-0.25,0.00,0.25,"MAX : 0.25
TARGET : 0.00
MIN : -0.25"
5651,974,10,11,Dimension 11,41.20,41.45,41.70,"MAX : 41.70
TARGET : 41.45
MIN : 41.20"
5651,974,10,23,Big Hole Y,-0.25,0.00,0.25,"MAX : 0.25
TARGET : 0.00
MIN : -0.25"
5660,975,20,1,Width of exposed adhesive (5300),29.00,30.00,31.00,"MAX : 31.00
TARGET : 30.00
MIN : 29.00"
5660,975,20,2,Width of total part,78.50,80.00,81.50,"MAX : 81.50
TARGET : 80.00
MIN : 78.50"
6173,1004,10,3,Width of tab as measured from tip of tab to radius of part,0.18,0.21,0.24,"MAX : 0.24
TARGET : 0.21
MIN : 0.18"
6173,1004,10,4,Width of center cut,1.620,1.640,1.660,"MAX : 1.660
TARGET : 1.640
MIN : 1.620"
6173,1004,10,5,Length of center part,0.320,0.340,0.360,"MAX : 0.360
TARGET : 0.340
MIN : 0.320"
6173,1004,10,6,Is the die strike deep enough to strip matrix but not cut into the liner?,No(Fail),Yes(Pass),,"MAX : 
TARGET : Yes(Pass)
MIN : No(Fail)"
6173,1004,10,7,Is the center cut cleanly?,No(Fail),Yes(Pass),,"MAX : 
TARGET : Yes(Pass)
MIN : No(Fail)"
6173,1004,10,8,Is the tab scored deep enough to remove the foam but not cut into the foam liner?,No(Fail),Yes(Pass),,"MAX : 
TARGET : Yes(Pass)
MIN : No(Fail)"
5672,976,10,2,Length of Part,0.355,0.375,0.395,"MAX : 0.395
TARGET : 0.375
MIN : 0.355"
5672,976,10,1,Width of Part ,4.403,4.423,4.443,"MAX : 4.443
TARGET : 4.423
MIN : 4.403"
6180,1005,20,3,Width of adhesive at square end,0.44,0.50,0.56,"MAX : 0.56
TARGET : 0.50
MIN : 0.44"
6180,1005,20,4,Distance from square end to adhesive edge,0,0,0.06,"MAX : 0.06
TARGET : 0
MIN : 0"
6180,1005,20,5,Width of adhesive at arrow end,0.44,0.50,0.56,"MAX : 0.56
TARGET : 0.50
MIN : 0.44"
6180,1005,20,6,Distance from adhesive to tip of arrow,0.94,1.00,1.06,"MAX : 1.06
TARGET : 1.00
MIN : 0.94"
6180,1005,20,7,Is the die strike deep enough to strip the matrix but not cut into the liner?,No(Fail),Yes(Pass),,"MAX : 
TARGET : Yes(Pass)
MIN : No(Fail)"
5673,977,20,2,Length of Part,1.306,1.326,1.346,"MAX : 1.346
TARGET : 1.326
MIN : 1.306"
5673,977,20,1,Width of Part,9.659,9.679,9.699,"MAX : 9.699
TARGET : 9.679
MIN : 9.659"
6199,1006,20,3,Is the part visually centered on the liner?,No(Fail),Yes(Pass),,"MAX : 
TARGET : Yes(Pass)
MIN : No(Fail)"
6199,1006,20,4,Is the die strike deep enough to strip the matrix but not cut into the liner?,No(Fail),Yes(Pass),,"MAX : 
TARGET : Yes(Pass)
MIN : No(Fail)"
5674,978,10,2,Width of Part,4.018,4.078,4.138,"MAX : 4.138
TARGET : 4.078
MIN : 4.018"
5674,978,10,1,Length of Part,4.065,4.125,4.185,"MAX : 4.185
TARGET : 4.125
MIN : 4.065"
6219,1790,10,3,Are finished rolls clean and free of debris?,No(Fail),Yes(Pass),,"MAX : 
TARGET : Yes(Pass)
MIN : No(Fail)"
6219,1790,10,4,Are all splices flagged?,No(Fail),Yes(Pass),,"MAX : 
TARGET : Yes(Pass)
MIN : No(Fail)"
5675,1770,10,2,Is roll slit cleanly and free of debris?,No(Fail),Yes(Pass),,"MAX : 
TARGET : Yes(Pass)
MIN : No(Fail)"
5675,1770,10,1,Width of roll,7.94,8.00,8.06,"MAX : 8.06
TARGET : 8.00
MIN : 7.94"
6224,1007,10,3,Length of part,43.5,45.0,46.5,"MAX : 46.5
TARGET : 45.0
MIN : 43.5"
6224,1007,10,4,Length of narrow tab,14,15,16,"MAX : 16
TARGET : 15
MIN : 14"
6224,1007,10,5,Is the die strike deep enough to remove the matrix but not cut into the liner?,No(Fail),Yes(Pass),,"MAX : 
TARGET : Yes(Pass)
MIN : No(Fail)"
5675,1770,10,3,Is the RB-300S within the 85% shelf life requirement?,No(Fail),Yes(Pass),,"MAX : 
TARGET : Yes(Pass)
MIN : No(Fail)"
5680,1771,10,2,Width of Part,10.875,11.000,11.125,"MAX : 11.125
TARGET : 11.000
MIN : 10.875"
6241,1009,20,3,Distance from edge of liner to edge of tape,0,0.13,0.25,"MAX : 0.25
TARGET : 0.13
MIN : 0"
5680,1771,10,1,Length of Part,17.875,18.000,18.125,"MAX : 18.125
TARGET : 18.000
MIN : 17.875"
5682,979,10,2,Inside Dia. of part,0.485,0.500,0.515,"MAX : 0.515
TARGET : 0.500
MIN : 0.485"
5682,979,10,1,Outside Dia. of part,0.985,1.000,1.015,"MAX : 1.015
TARGET : 1.000
MIN : 0.985"
5689,980,10,2,Width of part,1.22,1.25,1.28,"MAX : 1.28
TARGET : 1.25
MIN : 1.22"
5689,980,10,1,Length of part,1.47,1.50,1.53,"MAX : 1.53
TARGET : 1.50
MIN : 1.47"
5732,1772,10,2,Does the core line up with the tape?,No(Fail),Yes(Pass),,"MAX : 
TARGET : Yes(Pass)
MIN : No(Fail)"
6240,1008,10,3,"Distance from edge of liner to edge of adhesive
",0.1925(4.8895),0.1975(5.0165),0.2025(5.1435),"MAX : 0.2025(5.1435)
TARGET : 0.1975(5.0165)
MIN : 0.1925(4.8895)"
6240,1008,10,4,Width of Liner,0.475(12.065),0.500(12.700),0.525(13.335),"MAX : 0.525(13.335)
TARGET : 0.500(12.700)
MIN : 0.475(12.065)"
6240,1008,10,5,Repeat,0.200(5.080),0.205(5.207),0.210(5.334),"MAX : 0.210(5.334)
TARGET : 0.205(5.207)
MIN : 0.200(5.080)"
6240,1008,10,6,Parts wound IN on finished roll?,no(fail),yes(pass),,"MAX : 
TARGET : yes(pass)
MIN : no(fail)"
6240,1008,10,7,Is the die strike deep enough to strip the matrix but not so deep as to create release issues?,no(fail),yes(pass),,"MAX : 
TARGET : yes(pass)
MIN : no(fail)"
6240,1008,10,8,Do rolls have leaders and trailers?,no(fail),yes(pass),,"MAX : 
TARGET : yes(pass)
MIN : no(fail)"
6240,1008,10,9,Are press parameters within range set by validation?,no(fail),yes(pass),,"MAX : 
TARGET : yes(pass)
MIN : no(fail)"
6240,1008,30,1,Are the rolls double bagged for clean room usage?,no(fail),yes(pass),,"MAX : 
TARGET : yes(pass)
MIN : no(fail)"
6240,1008,10,10,Die strike sign off.  Must be signed by QC before shipping.,,,,"MAX : 
TARGET : 
MIN : "
5732,1772,10,1,Width of roll,0.485,0.500,0.515,"MAX : 0.515
TARGET : 0.500
MIN : 0.485"
5733,1773,10,2,Does the core line up with the tape?,No(Fail),Yes(Pass),,"MAX : 
TARGET : Yes(Pass)
MIN : No(Fail)"
6258,1010,10,3,Width of tab,0.235,0.250,0.265,"MAX : 0.265
TARGET : 0.250
MIN : 0.235"
6258,1010,10,4,Distance from part to edge of liner,0.19,0.25,0.31,"MAX : 0.31
TARGET : 0.25
MIN : 0.19"
6258,1010,10,5,Is the score deep enough to remove the adhesive but not cut into the liner?,No(Fail),Yes(Pass),,"MAX : 
TARGET : Yes(Pass)
MIN : No(Fail)"
6258,1010,10,6,Is the die strike deep enough to strip the matrix but not cut into the liner?,No(Fail),Yes(Pass),,"MAX : 
TARGET : Yes(Pass)
MIN : No(Fail)"
5733,1773,10,1,Width of roll,0.485,0.500,0.515,"MAX : 0.515
TARGET : 0.500
MIN : 0.485"
5593,1766,10,4,"Is the material translucent/clear? (If yes, see QA)",,No(Pass),Yes(Fail),"MAX : Yes(Fail)
TARGET : No(Pass)
MIN : "
5734,1774,,2,Does the core line up with the tape?,No(Fail),Yes(Pass),,"MAX : 
TARGET : Yes(Pass)
MIN : No(Fail)"
6273,1793,10,3,Is the butt cut deep enough to remove the parts but not cut into the liner?,No(Fail),Yes(Pass),,"MAX : 
TARGET : Yes(Pass)
MIN : No(Fail)"
5734,1774,,1,Width of roll,0.485,0.500,0.515,"MAX : 0.515
TARGET : 0.500
MIN : 0.485"
5735,1775,10,2,Does the core line up with the tape?,No(Fail),Yes(Pass),,"MAX : 
TARGET : Yes(Pass)
MIN : No(Fail)"
5735,1775,10,1,Width of roll,0.485,0.500,0.515,"MAX : 0.515
TARGET : 0.500
MIN : 0.485"
5736,1776,10,2,Does the core line up with the tape?,No(Fail),Yes(Pass),,"MAX : 
TARGET : Yes(Pass)
MIN : No(Fail)"
5736,1776,10,1,Width of roll,0.485,0.500,0.515,"MAX : 0.515
TARGET : 0.500
MIN : 0.485"
5751,981,10,2,Width of part including tab,0.555 (14.10),0.560 (14.22),0.565 (14.35),"MAX : 0.565 (14.35)
TARGET : 0.560 (14.22)
MIN : 0.555 (14.10)"
6280,1011,10,3,Is the die cut deep enough to remove the matrix but not cut into the liner?,No(Fail),Yes(Pass),,"MAX : 
TARGET : Yes(Pass)
MIN : No(Fail)"
5751,981,10,1,Length of part,0.315 (8.00),0.320 (8.13),0.325 (8.25),"MAX : 0.325 (8.25)
TARGET : 0.320 (8.13)
MIN : 0.315 (8.00)"
5751,981,20,2,Is the inner bag (shrink wrap) labeled?,No(Fail),Yes(Pass),,"MAX : 
TARGET : Yes(Pass)
MIN : No(Fail)"
5781,982,10,5,Are tabs kiss cut to liner only and can you remove liner without tearing,No (Fail),Yes (Pass),,"MAX : 
TARGET : Yes (Pass)
MIN : No (Fail)"
5781,982,10,1,Diameter,556.80,558.80,560.80,"MAX : 560.80
TARGET : 558.80
MIN : 556.80"
5782,983,,2,Are tabs kiss cut to liner only and can you remove liner without tearing,No (Fail),Yes (Pass),,"MAX : 
TARGET : Yes (Pass)
MIN : No (Fail)"
5782,983,,1,Diameter,620.30,622.30,624.30,"MAX : 624.30
TARGET : 622.30
MIN : 620.30"
5841,1777,10,2,Are the edges slit cleanly?,No(Fail),Yes(Pass),,"MAX : 
TARGET : Yes(Pass)
MIN : No(Fail)"
5632,971,10,1,Width of slit roll - Units in inches for this one only,1.595,1.875,2,"MAX : 2
TARGET : 1.875
MIN : 1.595"
5841,1777,10,1,Width of roll,8.875,9.000,9.060,"MAX : 9.060
TARGET : 9.000
MIN : 8.875"
6288,1012,10,4,Length of Perforated part,13.75,14.00,14.25,"MAX : 14.25
TARGET : 14.00
MIN : 13.75"
6288,1012,10,5,Core label with exact footage inside each roll and on outside of bag of each roll?,No(Fail),Yes(Pass),,"MAX : 
TARGET : Yes(Pass)
MIN : No(Fail)"
6288,1012,10,8,"Product ID label on outside of box with core label, as well?",No(Fail),Yes(Pass),,"MAX : 
TARGET : Yes(Pass)
MIN : No(Fail)"
6288,1012,10,6,Is each roll bagged with core plugs in each end?,No(Fail),Yes(Pass),,"MAX : 
TARGET : Yes(Pass)
MIN : No(Fail)"
6288,1012,10,7,Is each roll bubble wrapped?,No(Fail),Yes(Pass),,"MAX : 
TARGET : Yes(Pass)
MIN : No(Fail)"
6288,1012,10,9,Is supplementary packing slip filled out with correct total footage shipped?,No(Fail),Yes(Pass),,"MAX : 
TARGET : Yes(Pass)
MIN : No(Fail)"
6288,1012,10,1,Was a new perf blade used for this order?,No(Fail),Yes(Pass),,"MAX : 
TARGET : Yes(Pass)
MIN : No(Fail)"
5851,984,10,2,Length of Part,1.345,1.375,1.405,"MAX : 1.405
TARGET : 1.375
MIN : 1.345"
5851,984,10,1,Width of Part,1.345,1.375,1.405,"MAX : 1.405
TARGET : 1.375
MIN : 1.345"
5851,984,10,5,Is the VHB laminated to the primed side of the UHMW?,No(Fail),Yes(Pass),,"MAX : 
TARGET : Yes(Pass)
MIN : No(Fail)"
5855,985,10,3,Width of roll,12.94,13.00,13.06,"MAX : 13.06
TARGET : 13.00
MIN : 12.94"
6308,1801,10,3,Distance between scores,4.875,5.000,5.125,"MAX : 5.125
TARGET : 5.000
MIN : 4.875"
6308,1801,10,4,Is the score deep enough to remove the liner but not cut into the facestock?,No(Fail),Yes(Pass),,"MAX : 
TARGET : Yes(Pass)
MIN : No(Fail)"
5855,985,10,2,"Is raw material free of creases, wrinkles, gage bands, stretch bands, diamond pattern, and lint?",No(Fail),Yes(Pass),,"MAX : 
TARGET : Yes(Pass)
MIN : No(Fail)"
5875,1778,30,2,Width of top layer of vinyl and adhesive,9.0,9.5,10.0,"MAX : 10.0
TARGET : 9.5
MIN : 9.0"
6331,1013,10,3,Are the parts completely sheeted?,No(Fail),Yes(Pass),,"MAX : 
TARGET : Yes(Pass)
MIN : No(Fail)"
6331,1013,10,4,Is the foam laminated to the release side of the liner?,No(Fail),Yes(Pass),,"MAX : 
TARGET : Yes(Pass)
MIN : No(Fail)"
5875,1778,30,1,Length of part,7.5,8.0,8.5,"MAX : 8.5
TARGET : 8.0
MIN : 7.5"
5898,986,10,2,Length of part,0.97,1.00,1.03,"MAX : 1.03
TARGET : 1.00
MIN : 0.97"
6335,1014,20,3,Is the foam laminated to the NON-release side of the film liner?,No(Fail),Yes(Pass),,"MAX : 
TARGET : Yes(Pass)
MIN : No(Fail)"
6335,1014,20,4,Is the protective film laminated adhesive to foam adhesive?,No(Fail),Yes(Pass),,"MAX : 
TARGET : Yes(Pass)
MIN : No(Fail)"
5898,986,10,1,Width of part,2.41,2.44,2.47,"MAX : 2.47
TARGET : 2.44
MIN : 2.41"
5899,987,10,2,Length of part,0.97,1.00,1.03,"MAX : 1.03
TARGET : 1.00
MIN : 0.97"
6340,1015,10,3,Diameter of circle,10.8,11.0,11.2,"MAX : 11.2
TARGET : 11.0
MIN : 10.8"
6340,1015,10,4,Does the die cut deep enough to strip the matrix but not cut into the liner?,No(Fail),Yes(Pass),,"MAX : 
TARGET : Yes(Pass)
MIN : No(Fail)"
5899,987,10,1,Width of part,1.91,1.94,1.97,"MAX : 1.97
TARGET : 1.94
MIN : 1.91"
5902,1779,10,2,Are the slit edges clean and free of debris and double cuts?,No(Fail),Yes(Pass),,"MAX : 
TARGET : Yes(Pass)
MIN : No(Fail)"
5902,1779,10,1,Width in inches,0.340,0.360,0.380,"MAX : 0.380
TARGET : 0.360
MIN : 0.340"
5903,1780,10,2,Are the slit edges clean and free of debris and double cuts?,No(Fail),Yes(Pass),,"MAX : 
TARGET : Yes(Pass)
MIN : No(Fail)"
5903,1780,10,1,Width in inches,0.250,0.270,0.290,"MAX : 0.290
TARGET : 0.270
MIN : 0.250"
5660,975,20,7,[Remove every other tab on last foot of every roll.]  Do all pieces separate easily using one hand?,No(Fail),Yes(Pass),,"MAX : 
TARGET : Yes(Pass)
MIN : No(Fail)"
5908,988,10,2,Is the die strike deep enough to strip the matrix but not cut into the liner?,No(Fail),Yes(Pass),,"MAX : 
TARGET : Yes(Pass)
MIN : No(Fail)"
5908,988,10,1,Does the part fit the approved template?,No (Fail),Yes (Pass),,"MAX : 
TARGET : Yes (Pass)
MIN : No (Fail)"
5909,1781,10,2,Does the core line up with the tape?,No(Fail),Yes(Pass),,"MAX : 
TARGET : Yes(Pass)
MIN : No(Fail)"
5909,1781,10,1,Width of roll,0.485,0.500,0.515,"MAX : 0.515
TARGET : 0.500
MIN : 0.485"
5913,1782,20,2,Are the edges of the rolls clean and free of debris?,No(Fail),Yes(Pass),,"MAX : 
TARGET : Yes(Pass)
MIN : No(Fail)"
6391,1016,10,3,Is the score deep enough to remove all of the adhesive but not cut into the liner?,No(Fail),Yes(Pass),,"MAX : 
TARGET : Yes(Pass)
MIN : No(Fail)"
6391,1016,10,4,Is the die cut deep enough to remove the matrix but not cut into the liner?,No(Fail),Yes(Pass),,"MAX : 
TARGET : Yes(Pass)
MIN : No(Fail)"
5913,1782,20,1,Width of roll,0.47,0.50,0.53,"MAX : 0.53
TARGET : 0.50
MIN : 0.47"
5932,989,10,2,Distance from BB center to non-tab edge of part,0.270,0.300,0.330,"MAX : 0.330
TARGET : 0.300
MIN : 0.270"
6411,1807,20,3,Width of material,14.75,15.00,15.25,"MAX : 15.25
TARGET : 15.00
MIN : 14.75"
6411,1807,20,4,Distance from center of hole to edge of material,9.75,10.00,10.25,"MAX : 10.25
TARGET : 10.00
MIN : 9.75"
6411,1807,20,5,Are all of the holes removed cleanly?,No(Fail),Yes(Pass),,"MAX : 
TARGET : Yes(Pass)
MIN : No(Fail)"
5932,989,10,1,Distance from BB center to leading edge of part,0.270,0.300,0.330,"MAX : 0.330
TARGET : 0.300
MIN : 0.270"
5932,989,10,6,Final liner width,1.220,1.250,1.280,"MAX : 1.280
TARGET : 1.250
MIN : 1.220"
5936,990,10,2,Distance from BB center to non-tab edge of part,0.270,0.300,0.330,"MAX : 0.330
TARGET : 0.300
MIN : 0.270"
5936,990,10,1,Distance from BB center to leading edge of part,0.270,0.300,0.330,"MAX : 0.330
TARGET : 0.300
MIN : 0.270"
5936,990,10,5,Final liner width,1.210,1.250,1.290,"MAX : 1.290
TARGET : 1.250
MIN : 1.210"
5937,991,10,2,Distance from BB center to non-tab edge of part,0.270,0.300,0.330,"MAX : 0.330
TARGET : 0.300
MIN : 0.270"
6415,1017,,3,Distance from edge of part to edge of exposed metal strip. Cross web registration,1.605,1.625,1.645,"MAX : 1.645
TARGET : 1.625
MIN : 1.605"
6415,1017,,4,Is Red side of CSM laminated to adhesive?,No (Fail),Yes (Pass),,"MAX : 
TARGET : Yes (Pass)
MIN : No (Fail)"
5937,991,10,1,Distance from BB center to leading edge of part,0.270,0.300,0.330,"MAX : 0.330
TARGET : 0.300
MIN : 0.270"
5937,991,10,6,Final liner width,1.220,1.250,1.280,"MAX : 1.280
TARGET : 1.250
MIN : 1.220"
6427,1020,10,3,Distance from gear side print to edge of material,1.66,1.69,1.72,"MAX : 1.72
TARGET : 1.69
MIN : 1.66"
6427,1020,10,4,Color tolerance,PMS 2935,PMS 293,PMS 286,"MAX : PMS 286
TARGET : PMS 293
MIN : PMS 2935"
6427,1020,10,5,Is the print clean and easily read?,No(Fail),Yes(Pass),,"MAX : 
TARGET : Yes(Pass)
MIN : No(Fail)"
5944,992,20,2,Width of adhesive at widest point,24.27,25.06,25.85,"MAX : 25.85
TARGET : 25.06
MIN : 24.27"
5944,992,20,1,Length of part,86.91,87.70,88.49,"MAX : 88.49
TARGET : 87.70
MIN : 86.91"
6422,1018,20,2,Light meter reading during optical pad/reagent slitting,0,<4,>4 - FAIL,"MAX : >4 - FAIL
TARGET : <4
MIN : 0"
6422,1018,10,2,Are the slit rolls clean and free of debris?,No(Fail),Yes(Pass),,"MAX : 
TARGET : Yes(Pass)
MIN : No(Fail)"
5964,993,10,2,Is the die strike deep enough to strip the matrix but not cut into the liner?,No(Fail),Yes(Pass),,"MAX : 
TARGET : Yes(Pass)
MIN : No(Fail)"
5964,993,10,1,Does the part fit the approved template?,No (Fail),Yes (Pass),,"MAX : 
TARGET : Yes (Pass)
MIN : No (Fail)"
6425,1019,10,3,Width of part,1.97,2.00,2.03,"MAX : 2.03
TARGET : 2.00
MIN : 1.97"
6425,1019,10,4,Length of part,0.300,0.310,0.315,"MAX : 0.315
TARGET : 0.310
MIN : 0.300"
6425,1019,10,5,Width of print,0.83,0.87,0.91,"MAX : 0.91
TARGET : 0.87
MIN : 0.83"
5966,994,10,2,Width of part,1.97,2.00,2.03,"MAX : 2.03
TARGET : 2.00
MIN : 1.97"
5966,994,10,1,Length of part,0.47,0.50,0.53,"MAX : 0.53
TARGET : 0.50
MIN : 0.47"
5979,995,10,2,Width of part,0.710,0.725,0.740,"MAX : 0.740
TARGET : 0.725
MIN : 0.710"
5979,995,10,1,Length of part,0.585,0.600,0.615,"MAX : 0.615
TARGET : 0.600
MIN : 0.585"
5979,995,10,5,"Length of Repeat, check accumulation over 6"" span.",0.990,1.000,1.010,"MAX : 1.010
TARGET : 1.000
MIN : 0.990"
5751,981,10,7,Is the score line cleanly cut?,No(Fail),Yes(Pass),,"MAX : 
TARGET : Yes(Pass)
MIN : No(Fail)"
5751,981,20,1,Are parts double bagged (shrink wrapped and then bagged)?,No(Fail),Yes(Pass),,"MAX : 
TARGET : Yes(Pass)
MIN : No(Fail)"
5751,981,20,3,"QC: 50 parts 
(Quality inspection)",No(Fail),Yes(Pass),,"MAX : 
TARGET : Yes(Pass)
MIN : No(Fail)"
6007,996,10,2,Distance from liner edge to part edge,0.095,0.125,0.155,"MAX : 0.155
TARGET : 0.125
MIN : 0.095"
5781,982,10,8,Does the 2nd sample pass the die strike stain test and not tear when folded back,No(Fail),Yes(Pass),,"MAX : 
TARGET : Yes(Pass)
MIN : No(Fail)"
6007,996,10,1,Diameter of part,0.845,0.875,0.905,"MAX : 0.905
TARGET : 0.875
MIN : 0.845"
6018,1783,10,2,Does the core line up with the tape?,No(Fail),Yes(Pass),,"MAX : 
TARGET : Yes(Pass)
MIN : No(Fail)"
6441,1021,10,3,"Is the ""PARKER"" visually centered on the label?",No(Fail),Yes(Pass),,"MAX : 
TARGET : Yes(Pass)
MIN : No(Fail)"
6441,1021,10,4,Is the die strike deep enough to remove the matrix but not cut into the liner?,No(Fail),Yes(Pass),,"MAX : 
TARGET : Yes(Pass)
MIN : No(Fail)"
6018,1783,10,1,Width of roll,0.485,0.500,0.515,"MAX : 0.515
TARGET : 0.500
MIN : 0.485"
6026,1784,10,2,Does the core line up with the tape?,No(Fail),Yes(Pass),,"MAX : 
TARGET : Yes(Pass)
MIN : No(Fail)"
6442,1022,10,3,"Is the ""PARKER"" visually centered on the label?",No(Fail),Yes(Pass),,"MAX : 
TARGET : Yes(Pass)
MIN : No(Fail)"
6442,1022,10,4,Is the die strike deep enough to remove the matrix but not cut into the liner?,No(Fail),Yes(Pass),,"MAX : 
TARGET : Yes(Pass)
MIN : No(Fail)"
6026,1784,10,1,Width of roll,0.485,0.500,0.515,"MAX : 0.515
TARGET : 0.500
MIN : 0.485"
6027,1785,10,2,Does the core line up with the tape?,No(Fail),Yes(Pass),,"MAX : 
TARGET : Yes(Pass)
MIN : No(Fail)"
6027,1785,10,1,Width of roll,0.485,0.500,0.515,"MAX : 0.515
TARGET : 0.500
MIN : 0.485"
6028,1786,10,2,Does the core line up with the tape?,No(Fail),Yes(Pass),,"MAX : 
TARGET : Yes(Pass)
MIN : No(Fail)"
6425,1019,10,8,Unprinted edge of Melinex to Reagent/Optical pad,0.553,0.573,0.593,"MAX : 0.593
TARGET : 0.573
MIN : 0.553"
6425,1019,10,9,Width of Reagent Optical pad,0.265,0.275,0.285,"MAX : 0.285
TARGET : 0.275
MIN : 0.265"
6425,1019,10,10,Diameter of hole,0.15,0.16,0.17,"MAX : 0.17
TARGET : 0.16
MIN : 0.15"
6425,1019,10,11,Unprinted edge of Melinex to center of hole,0.700,0.710,0.720,"MAX : 0.720
TARGET : 0.710
MIN : 0.700"
6425,1019,10,12,Top edge of Melinex to center of hole,0.145,0.155,0.165,"MAX : 0.165
TARGET : 0.155
MIN : 0.145"
6425,1019,10,13,Is shiny side of reagent/opitcal pad toward melinex?,No(Fail),Yes(Pass),,"MAX : 
TARGET : Yes(Pass)
MIN : No(Fail)"
6425,1019,10,14,Are all of the holes ejected?,No(Fail),Yes(Pass),,"MAX : 
TARGET : Yes(Pass)
MIN : No(Fail)"
6425,1019,10,15,Light meter reading during processing,>4(Fail),</=4(Pass),,"MAX : 
TARGET : </=4(Pass)
MIN : >4(Fail)"
6028,1786,10,1,Width of roll,0.485,0.500,0.515,"MAX : 0.515
TARGET : 0.500
MIN : 0.485"
6040,997,10,2,Is the print clean and free of debris or hairs?,No(Fail),Yes(Pass),,"MAX : 
TARGET : Yes(Pass)
MIN : No(Fail)"
6040,997,10,1,"Is the print centered on the 6"" width?",No(Fail),Yes(Pass),,"MAX : 
TARGET : Yes(Pass)
MIN : No(Fail)"
6052,998,10,2,Length of slot,2.919,2.931,2.943,"MAX : 2.943
TARGET : 2.931
MIN : 2.919"
6052,998,10,1,Length of part,3.421,3.433,3.445,"MAX : 3.445
TARGET : 3.433
MIN : 3.421"
6464,1812,20,3,Is the butt cut deep enough to remove the individual parts but not cut into the liner?,No(Fail),Yes(Pass),,"MAX : 
TARGET : Yes(Pass)
MIN : No(Fail)"
6053,999,10,2,Diameter of hole.  Measure a different hole each time.,0.302,0.314,0.326,"MAX : 0.326
TARGET : 0.314
MIN : 0.302"
6053,999,10,1,Length of part,3.421,3.433,3.445,"MAX : 3.445
TARGET : 3.433
MIN : 3.421"
6466,1813,20,3,Is the die cut deep enough to strip the matrix but not cut into the liner?,No(Fail),Yes(Pass),,"MAX : 
TARGET : Yes(Pass)
MIN : No(Fail)"
6067,1000,10,2,Width of Part,99.0,100.0,101.0,"MAX : 101.0
TARGET : 100.0
MIN : 99.0"
6067,1000,10,1,Length of Part,69.0,70.0,71.0,"MAX : 71.0
TARGET : 70.0
MIN : 69.0"
6467,1814,20,3,Is the die cut deep enough to strip the matrix but not cut into the liner?,No(Fail),Yes(Pass),,"MAX : 
TARGET : Yes(Pass)
MIN : No(Fail)"
6067,1000,10,5,Is the 931 laminated adhesive side to the adhesive side of the FV003602 to create a deadened area to form a tab?,No(Fail),Yes(Pass),,"MAX : 
TARGET : Yes(Pass)
MIN : No(Fail)"
6107,1001,20,2,"Length of 10 ""U"" notches measured from the edge of #1 to the edge of #11",126.20,127.00,127.80,"MAX : 127.80
TARGET : 127.00
MIN : 126.20"
6107,1001,20,1,Width of finished roll,43.65,44.45,45.25,"MAX : 45.25
TARGET : 44.45
MIN : 43.65"
6108,1002,10,2,Distance from inner edge of vinyl to center liner slit,0.355,0.375,0.395,"MAX : 0.395
TARGET : 0.375
MIN : 0.355"
6108,1002,10,1,Width of center liner area,0.73,0.75,0.77,"MAX : 0.77
TARGET : 0.75
MIN : 0.73"
6108,1002,10,6,Is the score deep enough to remove the vinyl centers but not cut into the liner?,No(Fail),Yes(Pass),,"MAX : 
TARGET : Yes(Pass)
MIN : No(Fail)"
6111,1787,20,2,Is tape centered on liner?,No(Fail),Yes(Pass),,"MAX : 
TARGET : Yes(Pass)
MIN : No(Fail)"
6111,1787,20,1,Width of tape,29.94,30.00,30.06,"MAX : 30.06
TARGET : 30.00
MIN : 29.94"
6118,1003,20,3,Does the perf tear easy?,No(Fail),Yes(Pass),,"MAX : 
TARGET : Yes(Pass)
MIN : No(Fail)"
6118,1003,20,1,Length of perf,18.125,18.250,18.375,"MAX : 18.375
TARGET : 18.250
MIN : 18.125"
6460,1810,20,3,Is the die cut deep enough to remove the individual parts but not cut into the liner?,No(Fail),Yes(Pass),,"MAX : 
TARGET : Yes(Pass)
MIN : No(Fail)"
6118,1003,20,2,Width of roll,2.91,3.00,3.09,"MAX : 3.09
TARGET : 3.00
MIN : 2.91"
6119,1788,10,2,"Are the rolls free of all debris, and are the edges slit cleanly?",No(Fail),Yes(Pass),,"MAX : 
TARGET : Yes(Pass)
MIN : No(Fail)"
6119,1788,10,1,Width of roll,2.94,3.00,3.06,"MAX : 3.06
TARGET : 3.00
MIN : 2.94"
6142,1789,10,2,Are the slit edges clean and free of debris and double cuts?,No(Fail),Yes(Pass),,"MAX : 
TARGET : Yes(Pass)
MIN : No(Fail)"
6483,1820,10,3,Distance from edge of circle to edge of liner,0.105,0.125,0.145,"MAX : 0.145
TARGET : 0.125
MIN : 0.105"
6483,1820,10,4,Width of tape,0.47,0.50,0.53,"MAX : 0.53
TARGET : 0.50
MIN : 0.47"
6142,1789,10,1,Width of roll - see work order for target width,-0.03,Target,+0.03,"MAX : +0.03
TARGET : Target
MIN : -0.03"
6142,1789,10,3,Is the roll sealed in a heavy 4 mil bag?,No(fail),Yes(Pass),,"MAX : 
TARGET : Yes(Pass)
MIN : No(fail)"
6484,1821,20,3,Distance from edge of circle to edge of liner,0.105,0.125,0.145,"MAX : 0.145
TARGET : 0.125
MIN : 0.105"
6484,1821,20,4,Width of tape,0.47,0.50,0.53,"MAX : 0.53
TARGET : 0.50
MIN : 0.47"
6173,1004,10,2,Length of part,0.980,1.000,1.020,"MAX : 1.020
TARGET : 1.000
MIN : 0.980"
6173,1004,10,1,Width of part,2.280,2.300,2.320,"MAX : 2.320
TARGET : 2.300
MIN : 2.280"
6511,1024,10,3,Is the die strike deep enough to  strip the matrix but not cut into the liner?,No(Fail),Yes(Pass),,"MAX : 
TARGET : Yes(Pass)
MIN : No(Fail)"
6180,1005,20,2,Width of part,5.44,5.50,5.56,"MAX : 5.56
TARGET : 5.50
MIN : 5.44"
6180,1005,20,1,Length of part,0.44,0.50,0.56,"MAX : 0.56
TARGET : 0.50
MIN : 0.44"
6512,1822,10,3,Are slit edges clean and free of adhesive buildup?,No(Fail),Yes(Pass),,"MAX : 
TARGET : Yes(Pass)
MIN : No(Fail)"
6512,1822,10,4,Is Reflex Blue Ink being used,No(Fail),Yes(Pass),,"MAX : 
TARGET : Yes(Pass)
MIN : No(Fail)"
6512,1822,10,5,Is the ink adhesion good?,No(Fail),Yes(Pass),,"MAX : 
TARGET : Yes(Pass)
MIN : No(Fail)"
6199,1006,20,2,Width of part,12.82,13.20,13.58,"MAX : 13.58
TARGET : 13.20
MIN : 12.82"
6199,1006,20,1,Length of part,5.52,5.90,6.28,"MAX : 6.28
TARGET : 5.90
MIN : 5.52"
6513,1823,10,3,Are slit edges clean and free of adhesive buildup?,No(Fail),Yes(Pass),,"MAX : 
TARGET : Yes(Pass)
MIN : No(Fail)"
6513,1823,10,4,Is Reflex Blue Ink being used?,No(Fail),Yes(Pass),,"MAX : 
TARGET : Yes(Pass)
MIN : No(Fail)"
6513,1823,10,5,Is the ink adhesion good?,No(Fail),Yes(Pass),,"MAX : 
TARGET : Yes(Pass)
MIN : No(Fail)"
6219,1790,10,2,Are rolls cut neatly?,No(Fail),Yes(Pass),,"MAX : 
TARGET : Yes(Pass)
MIN : No(Fail)"
6219,1790,10,1,Width of roll,66.0,66.5,67.0,"MAX : 67.0
TARGET : 66.5
MIN : 66.0"
6518,1824,20,3,Distance from edge of circle to edge of liner,0.105,0.125,0.145,"MAX : 0.145
TARGET : 0.125
MIN : 0.105"
6518,1824,20,4,Width of tape,0.47,0.50,0.53,"MAX : 0.53
TARGET : 0.50
MIN : 0.47"
6219,1790,10,5,"Are the rolls wound evenly, without weave from lap to lap>",No(Fail),Yes(Pass),,"MAX : 
TARGET : Yes(Pass)
MIN : No(Fail)"
6224,1007,10,2,Width of narrow tab,34,35,36,"MAX : 36
TARGET : 35
MIN : 34"
6521,1825,20,3,Is the die strike deep enough to remove the matrix but not cut into the liner?,No(Fail),Yes(Pass),,"MAX : 
TARGET : Yes(Pass)
MIN : No(Fail)"
6224,1007,10,1,Width of part,71.5,73.0,74.5,"MAX : 74.5
TARGET : 73.0
MIN : 71.5"
6224,1007,10,6,Is material white in color?,No(Fail),Yes(Pass),,"MAX : 
TARGET : Yes(Pass)
MIN : No(Fail)"
6524,1025,10,3,Length of material,4.70,4.75,4.80,"MAX : 4.80
TARGET : 4.75
MIN : 4.70"
6524,1025,10,4,Width of material,1.83,1.88,1.93,"MAX : 1.93
TARGET : 1.88
MIN : 1.83"
6524,1025,10,5,Distance from center of hole to edge of material (width),1.39,1.44,1.49,"MAX : 1.49
TARGET : 1.44
MIN : 1.39"
6524,1025,10,6,Distance from center of hole to edge of material (length),1.28,1.33,1.38,"MAX : 1.38
TARGET : 1.33
MIN : 1.28"
6524,1025,10,7,Are all of the holes removed cleanly?,No(Fail),Yes(Pass),,"MAX : 
TARGET : Yes(Pass)
MIN : No(Fail)"
6240,1008,10,2,Width of Adhesive,0.095(2.413),0.105(2.667),0.115(2.921),"MAX : 0.115(2.921)
TARGET : 0.105(2.667)
MIN : 0.095(2.413)"
6240,1008,10,1,Length of adhesive,0.095(2.413),0.105(2.667),0.115(2.921),"MAX : 0.115(2.921)
TARGET : 0.105(2.667)
MIN : 0.095(2.413)"
6525,1026,10,3,Distance from hole to hole,2.230,2.250,2.270,"MAX : 2.270
TARGET : 2.250
MIN : 2.230"
6525,1026,10,4,Width of material,3.45,3.50,3.55,"MAX : 3.55
TARGET : 3.50
MIN : 3.45"
6525,1026,10,5,Distance from center of hole to edge of material,0.58,0.63,0.68,"MAX : 0.68
TARGET : 0.63
MIN : 0.58"
6525,1026,10,6,Distance from center of hole to edge of material,0.95,1.00,1.05,"MAX : 1.05
TARGET : 1.00
MIN : 0.95"
6525,1026,10,7,Are all of the holes removed cleanly?,No(Fail),Yes(Pass),,"MAX : 
TARGET : Yes(Pass)
MIN : No(Fail)"
6241,1009,20,2,Length of tape,15.87,16.00,16.13,"MAX : 16.13
TARGET : 16.00
MIN : 15.87"
6241,1009,20,1,Width of tape,11.87,12.00,12.13,"MAX : 12.13
TARGET : 12.00
MIN : 11.87"
6526,1027,,3,Distance from hole to hole,2.980,3.000,3.020,"MAX : 3.020
TARGET : 3.000
MIN : 2.980"
6526,1027,,4,Width of material,4.70,4.75,4.80,"MAX : 4.80
TARGET : 4.75
MIN : 4.70"
6526,1027,,5,Length of material,10.18,10.24,10.30,"MAX : 10.30
TARGET : 10.24
MIN : 10.18"
6526,1027,,6,Distance from center of hole to edge of material,1.20,1.25,1.30,"MAX : 1.30
TARGET : 1.25
MIN : 1.20"
6526,1027,,7,Distance from center of hole to edge of material,0.83,0.88,0.93,"MAX : 0.93
TARGET : 0.88
MIN : 0.83"
6244,1791,10,2,Are the edges free of double cuts?,No(Fail),Yes(Pass),,"MAX : 
TARGET : Yes(Pass)
MIN : No(Fail)"
6244,1791,10,1,Width of roll,0.109,0.125,0.141,"MAX : 0.141
TARGET : 0.125
MIN : 0.109"
6244,1791,10,3,Is the roll sealed in a heavy 4 mil bag?,No(Fail),Yes(Pass),,"MAX : 
TARGET : Yes(Pass)
MIN : No(Fail)"
6247,1792,10,2,Are the slit edges clean and free of debris?,No(Fail),Yes(Pass),,"MAX : 
TARGET : Yes(Pass)
MIN : No(Fail)"
6531,1028,10,3,Is the cut edge free of slivers and other cutting debris?,No(Fail),Yes(Pass),,"MAX : 
TARGET : Yes(Pass)
MIN : No(Fail)"
6531,1028,10,4,Are the red tabs still on the part?,No(Fail),Yes(Pass),,"MAX : 
TARGET : Yes(Pass)
MIN : No(Fail)"
6247,1792,10,1,Width of roll - See work order for target and tolerance.  If no tolerance listed use listed,-0.03,Target,+0.03,"MAX : +0.03
TARGET : Target
MIN : -0.03"
6258,1010,10,2,Length of part,0.120,0.125,0.130,"MAX : 0.130
TARGET : 0.125
MIN : 0.120"
6258,1010,10,1,Width of part,2.170,2.185,2.200,"MAX : 2.200
TARGET : 2.185
MIN : 2.170"
6273,1793,10,2,Length of part,0.72,0.75,0.78,"MAX : 0.78
TARGET : 0.75
MIN : 0.72"
6551,1029,20,3,Width of part,2.97,3.00,3.03,"MAX : 3.03
TARGET : 3.00
MIN : 2.97"
6551,1029,20,4,Distance from edge of circle to end of part,0.82,0.88,0.94,"MAX : 0.94
TARGET : 0.88
MIN : 0.82"
6551,1029,20,5,Width of adhesive area,0.44,0.50,0.56,"MAX : 0.56
TARGET : 0.50
MIN : 0.44"
6551,1029,20,6,Are all of the holes removed?,No(Fail),Yes(Pass),,"MAX : 
TARGET : Yes(Pass)
MIN : No(Fail)"
6551,1029,20,7,Is the die strike deep enough to strip the matrix but not cut into the liner?,No(Fail),Yes(Pass),,"MAX : 
TARGET : Yes(Pass)
MIN : No(Fail)"
6273,1793,10,1,Width of part,0.72,0.75,0.78,"MAX : 0.78
TARGET : 0.75
MIN : 0.72"
6275,1794,10,2,Are the slit edges free of double cuts?,No(Fail),Yes(Pass),,"MAX : 
TARGET : Yes(Pass)
MIN : No(Fail)"
6275,1794,10,1,Width of roll,0.47,0.50,0.53,"MAX : 0.53
TARGET : 0.50
MIN : 0.47"
6275,1794,20,1,Is the roll sealed in a heavy 4 mil bag?,No(Fail),Yes(Pass),,"MAX : 
TARGET : Yes(Pass)
MIN : No(Fail)"
6279,1795,10,2,Does the roll unwind correctly without double cuts?,No(Fail),Yes(Pass),,"MAX : 
TARGET : Yes(Pass)
MIN : No(Fail)"
6279,1795,10,1,Width of roll - See work order for target width,-0.015,Target,+0.015,"MAX : +0.015
TARGET : Target
MIN : -0.015"
6279,1795,10,3,Is the roll sealed in a heavy 4 mil bag?,No(Fail),Yes(Pass),,"MAX : 
TARGET : Yes(Pass)
MIN : No(Fail)"
6280,1011,10,2,Length of part,1.145,1.16,1.175,"MAX : 1.175
TARGET : 1.16
MIN : 1.145"
6575,1828,10,3,Are slit edges clean and free of adhesive buildup?,No(Fail),Yes(Pass),,"MAX : 
TARGET : Yes(Pass)
MIN : No(Fail)"
6575,1828,10,4,Is Reflex Blue Ink being used?,No(Fail),Yes(Pass),,"MAX : 
TARGET : Yes(Pass)
MIN : No(Fail)"
6575,1828,10,5,Is the ink adhesion good?,No(Fail),Yes(Pass),,"MAX : 
TARGET : Yes(Pass)
MIN : No(Fail)"
6280,1011,10,1,Width of part,0.885,0.90,0.915,"MAX : 0.915
TARGET : 0.90
MIN : 0.885"
6288,1012,10,3,Width of roll,12.19,12.25,12.31,"MAX : 12.31
TARGET : 12.25
MIN : 12.19"
6581,1829,10,3,Are slit edges clean and free of adhesive buildup?,No(Fail),Yes(Pass),,"MAX : 
TARGET : Yes(Pass)
MIN : No(Fail)"
6581,1829,10,4,Is Reflex Blue Ink being used,No(Fail),Yes(Pass),,"MAX : 
TARGET : Yes(Pass)
MIN : No(Fail)"
6581,1829,10,5,Is the ink adhesion good?,No(Fail),Yes(Pass),,"MAX : 
TARGET : Yes(Pass)
MIN : No(Fail)"
6288,1012,10,2,"Is raw material free of creases, wrinkles, gage bands, stretch bands, diamond pattern, and lint?",No(Fail),Yes(Pass),,"MAX : 
TARGET : Yes(Pass)
MIN : No(Fail)"
6291,1796,,2,Are the edges free of double cuts?,No (fail),Yes (pass),,"MAX : 
TARGET : Yes (pass)
MIN : No (fail)"
6597,1031,20,3,Width of outside of large gasket,188,190,192,"MAX : 192
TARGET : 190
MIN : 188"
6597,1031,20,4,Width of inside of large gasket,176,178,180,"MAX : 180
TARGET : 178
MIN : 176"
6597,1031,20,5,Are the cut edge clean and free of tears in the liner?,No(Fail),Yes(Pass),,"MAX : 
TARGET : Yes(Pass)
MIN : No(Fail)"
6291,1796,,1,Width of roll,1.47,1.50,1.53,"MAX : 1.53
TARGET : 1.50
MIN : 1.47"
6292,1797,10,2,Are the rolls wound without gapping or telescoping?,No(Fail),Yes(Pass),,"MAX : 
TARGET : Yes(Pass)
MIN : No(Fail)"
6292,1797,10,1,Width of roll,0.95,1.00,1.05,"MAX : 1.05
TARGET : 1.00
MIN : 0.95"
6292,1797,10,3,Are any splices made so that the finished rolls unwind correctly?,No(Fail),Yes(Pass),,"MAX : 
TARGET : Yes(Pass)
MIN : No(Fail)"
6293,1798,10,2,Are the rolls wound without gapping or telescoping?,No(Fail),Yes(Pass),,"MAX : 
TARGET : Yes(Pass)
MIN : No(Fail)"
6118,1003,10,1,Width of roll,8.75,9.00,9.25,"MAX : 9.25
TARGET : 9.00
MIN : 8.75"
6293,1798,10,1,Width of roll,1.95,2.00,2.05,"MAX : 2.05
TARGET : 2.00
MIN : 1.95"
6631,1032,20,3,Width of outside of large gasket,148,150,152,"MAX : 152
TARGET : 150
MIN : 148"
6631,1032,20,4,Width of inside of large gasket,136,138,140,"MAX : 140
TARGET : 138
MIN : 136"
6631,1032,20,5,Are the cut edge clean and free of tears in the liner?,No(Fail),Yes(Pass),,"MAX : 
TARGET : Yes(Pass)
MIN : No(Fail)"
6293,1798,10,3,Are any splices made so that the finished rolls unwind correctly?,No(Fail),Yes(Pass),,"MAX : 
TARGET : Yes(Pass)
MIN : No(Fail)"
6294,1799,10,1,Width of rolls,2.95,3.00,3.05,"MAX : 3.05
TARGET : 3.00
MIN : 2.95"
6294,1799,10,2,Are the rolls wound without gapping or telescoping?,No(Fail),Yes(Pass),,"MAX : 
TARGET : Yes(Pass)
MIN : No(Fail)"
6294,1799,10,3,Are any splices made so that the finished rolls unwind correctly?,No(Fail),Yes(Pass),,"MAX : 
TARGET : Yes(Pass)
MIN : No(Fail)"
6299,1800,10,2,Does the roll unwind correctly without double cuts?,No(Fail),Yes(Pass),,"MAX : 
TARGET : Yes(Pass)
MIN : No(Fail)"
6638,1034,10,3,"Are internal perfs sufficient, to allow easy tearing by customer?",No (Fail),Yes (Pass),,"MAX : 
TARGET : Yes (Pass)
MIN : No (Fail)"
6299,1800,10,1,Width of roll - See work order for target width,-0.015,Target,+0.015,"MAX : +0.015
TARGET : Target
MIN : -0.015"
6308,1801,10,2,Distance from edge of roll to first score,4.875,5.000,5.125,"MAX : 5.125
TARGET : 5.000
MIN : 4.875"
6639,1035,10,3,"Are internal perfs sufficient, to allow easy tearing by customer?",No (Fail),Yes (Pass),,"MAX : 
TARGET : Yes (Pass)
MIN : No (Fail)"
6308,1801,10,1,Width of roll,29.97,30.00,30.03,"MAX : 30.03
TARGET : 30.00
MIN : 29.97"
6331,1013,10,2,Width of part,0.235,0.250,0.265,"MAX : 0.265
TARGET : 0.250
MIN : 0.235"
6640,1036,10,3,Are internal perfs sufficient to allow easy tearing by customer?,No(Fail),Yes(Pass),,"MAX : 
TARGET : Yes(Pass)
MIN : No(Fail)"
6331,1013,10,1,Length of part,0.485,0.500,0.515,"MAX : 0.515
TARGET : 0.500
MIN : 0.485"
6335,1014,20,2,Length of part,11.94,12.00,12.06,"MAX : 12.06
TARGET : 12.00
MIN : 11.94"
6641,1037,10,3,Are internal perfs sufficient to allow easy tearing by customer?,No(Fail),Yes(Pass),,"MAX : 
TARGET : Yes(Pass)
MIN : No(Fail)"
6335,1014,20,1,Width of part,7.94,8.00,8.06,"MAX : 8.06
TARGET : 8.00
MIN : 7.94"
6337,1802,30,1,Width of Part,1.686,1.730,1.774,"MAX : 1.774
TARGET : 1.730
MIN : 1.686"
6660,1038,20,3,Width of part,3.48,3.50,3.52,"MAX : 3.52
TARGET : 3.50
MIN : 3.48"
6660,1038,20,4,Width of slot,0.48,0.50,0.52,"MAX : 0.52
TARGET : 0.50
MIN : 0.48"
6660,1038,20,5,Is the die strike deep enough to strip the matrix but not cut into the liner?,No(Fail),Yes(Pass),,"MAX : 
TARGET : Yes(Pass)
MIN : No(Fail)"
6660,1038,20,6,Are the slots cut deep enough to remove them?,No(Fail),Yes(Pass),,"MAX : 
TARGET : Yes(Pass)
MIN : No(Fail)"
6337,1802,20,1,Is the score deep enough to remove the liner but not cut into the facestock?,No(Fail),Yes(Pass),,"MAX : 
TARGET : Yes(Pass)
MIN : No(Fail)"
6337,1802,30,2,Width of non-adhesive area,0.815,0.865,0.915,"MAX : 0.915
TARGET : 0.865
MIN : 0.815"
6661,1832,10,3,Is the roll sealed in a heavy 4 mil bag?,No(Fail),Yes(Pass),,"MAX : 
TARGET : Yes(Pass)
MIN : No(Fail)"
6340,1015,10,2,Width of Liner,24.9,25.4,25.9,"MAX : 25.9
TARGET : 25.4
MIN : 24.9"
6340,1015,10,1,Length of repeat,13.5,14.0,14.5,"MAX : 14.5
TARGET : 14.0
MIN : 13.5"
6677,1833,20,3,Does printing in black match description on the work order?,No(Fail),Yes(Pass),,"MAX : 
TARGET : Yes(Pass)
MIN : No(Fail)"
6677,1833,20,4,Is product in the proper unwind direction (1)? ,No(Fail),Yes(Pass),,"MAX : 
TARGET : Yes(Pass)
MIN : No(Fail)"
6677,1833,20,5,Is printing clear and readable?,No(Fail),Yes(Pass),,"MAX : 
TARGET : Yes(Pass)
MIN : No(Fail)"
6340,1015,10,5,Does the perf tear will pulled with normal force?,No(Fail),Yes(Pass),,"MAX : 
TARGET : Yes(Pass)
MIN : No(Fail)"
6342,1803,10,2,Does the roll unwind correctly without double cuts?,No(Fail),Yes(Pass),,"MAX : 
TARGET : Yes(Pass)
MIN : No(Fail)"
6695,1039,20,3,Is liner removed from overhang area?,No(Fail),Yes(Pass),,"MAX : 
TARGET : Yes(Pass)
MIN : No(Fail)"
6695,1039,20,4,Is the die strike deep enough to remove the matrix but not cut into the liner?,No(Fail),Yes(Pass),,"MAX : 
TARGET : Yes(Pass)
MIN : No(Fail)"
6695,1039,20,5,Is the score deep enough to remove the liner but not cut into the tape?,No(Fail),Yes(Pass),,"MAX : 
TARGET : Yes(Pass)
MIN : No(Fail)"
6342,1803,10,1,Width of roll - See work order for target width,-0.015,Target,+0.015,"MAX : +0.015
TARGET : Target
MIN : -0.015"
6342,1803,10,3,Is the roll sealed in a heavy 4 mil bag?,No(Fail),Yes(Pass),,"MAX : 
TARGET : Yes(Pass)
MIN : No(Fail)"
6703,1834,10,3,Is the roll sealed in a heavy 4 mil bag?,No(Fail),Yes(Pass),,"MAX : 
TARGET : Yes(Pass)
MIN : No(Fail)"
6345,1804,10,2,Does the roll unwind correctly without double cuts?,No(Fail),Yes(Pass),,"MAX : 
TARGET : Yes(Pass)
MIN : No(Fail)"
6345,1804,10,1,Width of roll - See work order for target width,-0.015,Target,+0.015,"MAX : +0.015
TARGET : Target
MIN : -0.015"
6345,1804,10,3,Is the roll sealed in a heavy 4 mil bag?,No(Fail),Yes(Pass),,"MAX : 
TARGET : Yes(Pass)
MIN : No(Fail)"
6710,1835,20,3,Does printing in black match description on the work order?,No(Fail),Yes(Pass),,"MAX : 
TARGET : Yes(Pass)
MIN : No(Fail)"
6710,1835,20,4,Is product in the proper unwind direction (1)? ,No(Fail),Yes(Pass),,"MAX : 
TARGET : Yes(Pass)
MIN : No(Fail)"
6710,1835,20,5,Is printing clear and readable?,No(Fail),Yes(Pass),,"MAX : 
TARGET : Yes(Pass)
MIN : No(Fail)"
6377,1805,,2,Does the roll unwind correctly without double cuts?,No(Fail),Yes(Pass),,"MAX : 
TARGET : Yes(Pass)
MIN : No(Fail)"
6377,1805,,1,Width of roll - See work order for target width,-0.015,Target,+0.015,"MAX : +0.015
TARGET : Target
MIN : -0.015"
6722,1836,10,3,Is the film laminated to the release side of the liner?,No(Fail),Yes(Pass),,"MAX : 
TARGET : Yes(Pass)
MIN : No(Fail)"
6377,1805,,3,Is the roll sealed in a heavy 4 mil bag?,No(Fail),Yes(Pass),,"MAX : 
TARGET : Yes(Pass)
MIN : No(Fail)"
6391,1016,10,2,Width of part including tab,0.745,0.760,0.775,"MAX : 0.775
TARGET : 0.760
MIN : 0.745"
6729,1041,10,3,Are the slots easily removed?,No(Fail),Yes(Pass),,"MAX : 
TARGET : Yes(Pass)
MIN : No(Fail)"
6729,1041,10,4,Is the die strike deep enough to strip the matrix but not cut into the liner?,No(fail),Yes(Pass),,"MAX : 
TARGET : Yes(Pass)
MIN : No(fail)"
6391,1016,10,1,Diameter of adhesive,0.495,0.510,0.525,"MAX : 0.525
TARGET : 0.510
MIN : 0.495"
6411,1807,20,2,Distance from hole to hole,12.58,12.70,12.82,"MAX : 12.82
TARGET : 12.70
MIN : 12.58"
6411,1807,20,1,Diameter of hole,3.88,4.00,4.12,"MAX : 4.12
TARGET : 4.00
MIN : 3.88"
6411,1807,20,6,"Is the OD of the finished roll less than 14""?",No(Fail),Yes(Pass),,"MAX : 
TARGET : Yes(Pass)
MIN : No(Fail)"
6738,1043,10,3,Distance from edge of tape to edge of liner,0.22,0.25,0.28,"MAX : 0.28
TARGET : 0.25
MIN : 0.22"
6738,1043,10,4,Is the score deep enough to remove trim but not cut into the liner?,No(Fail),Yes(Pass),,"MAX : 
TARGET : Yes(Pass)
MIN : No(Fail)"
6415,1017,,2,Length of Part,0.355,0.375,0.395,"MAX : 0.395
TARGET : 0.375
MIN : 0.355"
6415,1017,,1,Width of Part,3.48,3.50,3.52,"MAX : 3.52
TARGET : 3.50
MIN : 3.48"
6422,1018,20,1,Width of optical pad/reagent,0.265,0.275,0.285,"MAX : 0.285
TARGET : 0.275
MIN : 0.265"
6422,1018,10,1,Width of 415,0.58,0.59,0.60,"MAX : 0.60
TARGET : 0.59
MIN : 0.58"
6756,1044,20,3,Width of red tape,0.52,0.54,0.56,"MAX : 0.56
TARGET : 0.54
MIN : 0.52"
6422,1018,20,3,Is shiny side wound in on the reagent?,No(Fail),Yes(Pass),,"MAX : 
TARGET : Yes(Pass)
MIN : No(Fail)"
6422,1018,20,4,Are the slit rolls clean and free of debris?,No(Fail),Yes(Pass),,"MAX : 
TARGET : Yes(Pass)
MIN : No(Fail)"
6761,1045,30,3,Width of VHB,0.175,0.190,0.205,"MAX : 0.205
TARGET : 0.190
MIN : 0.175"
6761,1045,30,4,Width main liner,0.365,0.380,0.395,"MAX : 0.395
TARGET : 0.380
MIN : 0.365"
6761,1045,30,5,Distance from center of hole to center of slot,1.235,1.250,1.265,"MAX : 1.265
TARGET : 1.250
MIN : 1.235"
6761,1045,30,9,Are the holes cut cleanly through?,No (Fail),Yes (Pass),,"MAX : 
TARGET : Yes (Pass)
MIN : No (Fail)"
6761,1045,30,10,Does the narrow liner completely cover the VHB?,No (Fail),Yes (Pass),,"MAX : 
TARGET : Yes (Pass)
MIN : No (Fail)"
6424,1808,20,2,Are the slit edges free of double cuts?,No(Fail),Yes(Pass),,"MAX : 
TARGET : Yes(Pass)
MIN : No(Fail)"
6424,1808,20,1,Width of roll,17.2,18.0,18.8,"MAX : 18.8
TARGET : 18.0
MIN : 17.2"
6425,1019,10,2,"When viewed through the hole is the Reagent/Optical pad smooth and free of ""puckles""?",No(Fail),Yes(Pass),,"MAX : 
TARGET : Yes(Pass)
MIN : No(Fail)"
6425,1019,10,7,Unprinted edge of Melinex to 415,0.395,0.415,0.435,"MAX : 0.435
TARGET : 0.415
MIN : 0.395"
6425,1019,10,1,Is the hole fully covered by the Reagent/Optical Pad material?,No(Fail),Yes(Pass),,"MAX : 
TARGET : Yes(Pass)
MIN : No(Fail)"
6425,1019,10,6,Unprinted edge of Melinex to Saati mesh,0.37,0.39,0.41,"MAX : 0.41
TARGET : 0.39
MIN : 0.37"
6425,1019,10,16,Humidty reading taken AM and PM,,,,"MAX : 
TARGET : 
MIN : "
6426,1809,10,2,"Is the slit edge clean, and free of slivers?",No(Fail),Yes(Pass),,"MAX : 
TARGET : Yes(Pass)
MIN : No(Fail)"
6782,1046,10,3,Are the parts visually centered on the liner?,No(Fail),Yes(Pass),,"MAX : 
TARGET : Yes(Pass)
MIN : No(Fail)"
6426,1809,10,1,Width of roll,2.19,2.25,2.31,"MAX : 2.31
TARGET : 2.25
MIN : 2.19"
6427,1020,10,2,Distance from operator side print to edge of material,0.08,0.11,0.14,"MAX : 0.14
TARGET : 0.11
MIN : 0.08"
6704,1040,20,3,Width of tab,0.203,0.266,0.329,"MAX : 0.329
TARGET : 0.266
MIN : 0.203"
6704,1040,20,4,Is the die strike deep enough to strip the matrix but not cut into the liner?,No(Fail),Yes(Pass),,"MAX : 
TARGET : Yes(Pass)
MIN : No(Fail)"
6427,1020,10,1,Width of finished roll,2.77,2.80,2.83,"MAX : 2.83
TARGET : 2.80
MIN : 2.77"
6441,1021,10,2,Width of label,2.97,3.00,3.03,"MAX : 3.03
TARGET : 3.00
MIN : 2.97"
6786,1047,10,3,Width of part,1.97,2.00,2.03,"MAX : 2.03
TARGET : 2.00
MIN : 1.97"
6786,1047,10,4,Distance from center to center of left most and right most holes,6.87,6.90,6.93,"MAX : 6.93
TARGET : 6.90
MIN : 6.87"
6786,1047,10,5,Distance from center to center of two holes closest together,1.10,1.13,1.16,"MAX : 1.16
TARGET : 1.13
MIN : 1.10"
6786,1047,10,6,Are the holes ejected?,No(Fail),Yes(Pass),,"MAX : 
TARGET : Yes(Pass)
MIN : No(Fail)"
6441,1021,10,1,Length of label,11.60,11.63,11.66,"MAX : 11.66
TARGET : 11.63
MIN : 11.60"
6442,1022,10,2,Width of label,3.47,3.50,3.53,"MAX : 3.53
TARGET : 3.50
MIN : 3.47"
6792,1843,10,3,Is the roll sealed in a heavy 4 mil bag?,No(Fail),Yes(Pass),,"MAX : 
TARGET : Yes(Pass)
MIN : No(Fail)"
6442,1022,10,1,Length of label,11.60,11.63,11.66,"MAX : 11.66
TARGET : 11.63
MIN : 11.60"
6445,1023,10,2,Is the slot removed cleanly?,No(Fail),Yes(Pass),,"MAX : 
TARGET : Yes(Pass)
MIN : No(Fail)"
6800,1048,20,2,Is the straight back score visually centered on the back?,No(Fail),Yes(Pass),,"MAX : 
TARGET : Yes(Pass)
MIN : No(Fail)"
6445,1023,10,1,Does part match sample in JT?,No(Fail),Yes(Pass),,"MAX : 
TARGET : Yes(Pass)
MIN : No(Fail)"
6460,1810,20,2,Length of part,3.28,3.31,3.34,"MAX : 3.34
TARGET : 3.31
MIN : 3.28"
6460,1810,20,1,Width of part,1.28,1.31,1.34,"MAX : 1.34
TARGET : 1.31
MIN : 1.28"
6461,1811,20,2,Is the die strike deep enough to strip the matrix but not cut into the liner?,No(Fail),Yes(Pass),,"MAX : 
TARGET : Yes(Pass)
MIN : No(Fail)"
6770,1842,,3,Is the roll sealed in a heavy 4 mil bag?,No(Fail),Yes(Pass),,"MAX : 
TARGET : Yes(Pass)
MIN : No(Fail)"
6461,1811,20,1,Diameter of circle,0.97,1.00,1.03,"MAX : 1.03
TARGET : 1.00
MIN : 0.97"
6464,1812,20,2,Length of part,10.845,10.875,10.905,"MAX : 10.905
TARGET : 10.875
MIN : 10.845"
6802,1844,10,3,Are you using 36 yd logs?,No(Fail),Yes(Pass),,"MAX : 
TARGET : Yes(Pass)
MIN : No(Fail)"
6464,1812,20,1,Width of part,5.72,5.75,5.78,"MAX : 5.78
TARGET : 5.75
MIN : 5.72"
6299,1800,10,3,Is the roll sealed in a heavy 4 mil bag?,No(Fail),Yes(Pass),,"MAX : 
TARGET : Yes(Pass)
MIN : No(Fail)"
6466,1813,20,2,Length of part,4.77,4.80,4.83,"MAX : 4.83
TARGET : 4.80
MIN : 4.77"
6801,1049,20,5,Is the back score deep enough to slit the liner but not cut into the foil?,No(Fail),Yes(Pass),,"MAX : 
TARGET : Yes(Pass)
MIN : No(Fail)"
6466,1813,20,1,Width of part,6.97,7.00,7.03,"MAX : 7.03
TARGET : 7.00
MIN : 6.97"
6467,1814,20,2,Length of part,3.37,3.40,3.43,"MAX : 3.43
TARGET : 3.40
MIN : 3.37"
6813,1050,20,3,Is the back score deep enough to slit the liner but not cut into the foil?,No(Fail),Yes(Pass),,"MAX : 
TARGET : Yes(Pass)
MIN : No(Fail)"
6467,1814,20,1,Width of part,4.72,4.75,4.78,"MAX : 4.78
TARGET : 4.75
MIN : 4.72"
6474,1815,20,2,Is the die strike deep enough to strip the matrix but not cut into the liner?,No(Fail),Yes(Pass),,"MAX : 
TARGET : Yes(Pass)
MIN : No(Fail)"
6821,1058,20,4,Is the back score deep enough to slit the liner but not cut into the foil?,No(Fail),Yes(Pass),,"MAX : 
TARGET : Yes(Pass)
MIN : No(Fail)"
6474,1815,20,1,Diameter of circle,7.97,8.00,8.03,"MAX : 8.03
TARGET : 8.00
MIN : 7.97"
6476,1816,20,2,Is the die strike deep enough to strip the matrix but not cut into the liner?,No(Fail),Yes(Pass),,"MAX : 
TARGET : Yes(Pass)
MIN : No(Fail)"
6814,1051,20,3,Is the back score deep enough to slit the liner but not cut into the foil?,No(Fail),Yes(Pass),,"MAX : 
TARGET : Yes(Pass)
MIN : No(Fail)"
6476,1816,20,1,Diameter of circle,1.72,1.75,1.78,"MAX : 1.78
TARGET : 1.75
MIN : 1.72"
6477,1817,,2,Is the die strike deep enough to strip the matrix but not cut into the liner?,No(Fail),Yes(Pass),,"MAX : 
TARGET : Yes(Pass)
MIN : No(Fail)"
6822,1059,20,3,Is the back score deep enough to slit the liner but not cut into the foil?,No(Fail),Yes(Pass),,"MAX : 
TARGET : Yes(Pass)
MIN : No(Fail)"
6477,1817,,1,Diameter of circle,4.47,4.50,4.53,"MAX : 4.53
TARGET : 4.50
MIN : 4.47"
6478,1818,20,2,Is the die strike deep enough to strip the matrix but not cut into the liner?,No(Fail),Yes(Pass),,"MAX : 
TARGET : Yes(Pass)
MIN : No(Fail)"
6815,1052,20,3,Is the back score deep enough to slit the liner but not cut into the foil?,No(Fail),Yes(Pass),,"MAX : 
TARGET : Yes(Pass)
MIN : No(Fail)"
6478,1818,20,1,Diameter of circle,2.97,3.00,3.03,"MAX : 3.03
TARGET : 3.00
MIN : 2.97"
6481,1819,20,2,Is the die strike deep enough to  strip the matrix but not cut into the liner?,No(Fail),Yes(Pass),,"MAX : 
TARGET : Yes(Pass)
MIN : No(Fail)"
6823,1060,20,3,Is the back score deep enough to slit the liner but not cut into the foil?,No(Fail),Yes(Pass),,"MAX : 
TARGET : Yes(Pass)
MIN : No(Fail)"
6481,1819,20,1,Does the part fit the approved template?,No (Fail),Yes (Pass),,"MAX : 
TARGET : Yes (Pass)
MIN : No (Fail)"
6483,1820,10,2,Distance from circle to circle,0.48,0.50,0.52,"MAX : 0.52
TARGET : 0.50
MIN : 0.48"
6816,1053,20,3,Is the back score deep enough to slit the liner but not cut into the foil?,No(Fail),Yes(Pass),,"MAX : 
TARGET : Yes(Pass)
MIN : No(Fail)"
6483,1820,10,1,Diameter of reflective circles,0.22,0.25,0.28,"MAX : 0.28
TARGET : 0.25
MIN : 0.22"
6483,1820,10,5,"Record Tool number used for this order.  Do not run more than 25,000 feet (600,000 parts) on a tool before pulling for retool.",,,,"MAX : 
TARGET : 
MIN : "
6824,1061,20,4,Is the back score deep enough to slit the liner but not cut into the foil?,No(Fail),Yes(Pass),,"MAX : 
TARGET : Yes(Pass)
MIN : No(Fail)"
6483,1820,10,6,Has the die log been filled out? This is to keep record of die condition. ,No (Fail),Yes (Pass) ,,"MAX : 
TARGET : Yes (Pass) 
MIN : No (Fail)"
6484,1821,20,2,Distance from circle to circle,0.98,1.00,1.02,"MAX : 1.02
TARGET : 1.00
MIN : 0.98"
6817,1054,20,2,Is the back score deep enough to slit the liner but not cut into the foil?,No(Fail),Yes(Pass),,"MAX : 
TARGET : Yes(Pass)
MIN : No(Fail)"
6484,1821,20,1,Diameter of reflective circles,0.22,0.25,0.28,"MAX : 0.28
TARGET : 0.25
MIN : 0.22"
6484,1821,20,5,"Record Tool number used for this order.  Do not run more than 25,000 feet (300,000 parts) on a tool before pulling for retool.",,,,"MAX : 
TARGET : 
MIN : "
6825,1062,20,3,Is the back score deep enough to slit the liner but not cut into the foil?,No(Fail),Yes(Pass),,"MAX : 
TARGET : Yes(Pass)
MIN : No(Fail)"
6484,1821,20,6,Has the die log been filled out? This is to keep record of die condition. ,No (Fail),Yes (Pass),,"MAX : 
TARGET : Yes (Pass)
MIN : No (Fail)"
6511,1024,10,2,Width of part,1.22,1.25,1.28,"MAX : 1.28
TARGET : 1.25
MIN : 1.22"
6818,1055,20,3,Is the back score deep enough to slit the liner but not cut into the foil?,No(Fail),Yes(Pass),,"MAX : 
TARGET : Yes(Pass)
MIN : No(Fail)"
6511,1024,10,1,Length of part,0.47,0.50,0.53,"MAX : 0.53
TARGET : 0.50
MIN : 0.47"
6512,1822,10,2,Does the core line up with the tape?,No(Fail),Yes(Pass),,"MAX : 
TARGET : Yes(Pass)
MIN : No(Fail)"
6826,1063,20,3,Is the back score deep enough to slit the liner but not cut into the foil?,No(Fail),Yes(Pass),,"MAX : 
TARGET : Yes(Pass)
MIN : No(Fail)"
6512,1822,10,1,Width of roll.,0.485,0.500,0.515,"MAX : 0.515
TARGET : 0.500
MIN : 0.485"
6513,1823,10,2,Does the core line up with the tape?,No(Fail),Yes(Pass),,"MAX : 
TARGET : Yes(Pass)
MIN : No(Fail)"
6819,1056,20,3,Is the back score deep enough to slit the liner but not cut into the foil?,No(Fail),Yes(Pass),,"MAX : 
TARGET : Yes(Pass)
MIN : No(Fail)"
6513,1823,10,1,Width of roll,0.485,0.500,0.515,"MAX : 0.515
TARGET : 0.500
MIN : 0.485"
6518,1824,20,2,Distance from circle to circle (center to center),1.98,2.00,2.02,"MAX : 2.02
TARGET : 2.00
MIN : 1.98"
6820,1057,20,3,Is the back score deep enough to slit the liner but not cut into the foil?,No(Fail),Yes(Pass),,"MAX : 
TARGET : Yes(Pass)
MIN : No(Fail)"
6518,1824,20,1,Diameter of reflective circles,0.22,0.25,0.28,"MAX : 0.28
TARGET : 0.25
MIN : 0.22"
6518,1824,20,5,"Record Tool number used for this order.  Do not run more than 25,000 feet (150,000 parts) on a tool before pulling for retool.",,,,"MAX : 
TARGET : 
MIN : "
6521,1825,20,2,Width of part,0.430,0.445,0.460,"MAX : 0.460
TARGET : 0.445
MIN : 0.430"
6521,1825,20,1,Length of part,0.961,0.976,0.991,"MAX : 0.991
TARGET : 0.976
MIN : 0.961"
6835,1064,10,4,Distance from edge of part to center of hole,0.307,0.337,0.367,"MAX : 0.367
TARGET : 0.337
MIN : 0.307"
6835,1064,10,5,Distance from center of hole to center of hole,2.316,2.326,2.336,"MAX : 2.336
TARGET : 2.326
MIN : 2.316"
6524,1025,10,2,Distance from hole to hole,2.063,2.083,2.103,"MAX : 2.103
TARGET : 2.083
MIN : 2.063"
6415,1017,,5,Assure that the path is clear and nothing is in contact that could scratch the material.,No (Fail),Yes (Pass),,"MAX : 
TARGET : Yes (Pass)
MIN : No (Fail)"
6524,1025,10,1,Diameter of hole,0.261,0.281,0.301,"MAX : 0.301
TARGET : 0.281
MIN : 0.261"
6874,1846,20,3,Does printing in black match description on the work order?,No(Fail),Yes(Pass),,"MAX : 
TARGET : Yes(Pass)
MIN : No(Fail)"
6874,1846,20,4,Is product in the proper unwind direction (1)? ,No(Fail),Yes(Pass),,"MAX : 
TARGET : Yes(Pass)
MIN : No(Fail)"
6874,1846,20,5,Is printing clear and readable?,No(Fail),Yes(Pass),,"MAX : 
TARGET : Yes(Pass)
MIN : No(Fail)"
6525,1026,10,2,Distance from hole to hole,8.480,8.500,8.520,"MAX : 8.520
TARGET : 8.500
MIN : 8.480"
6525,1026,10,1,Diameter of hole,0.386,0.406,0.426,"MAX : 0.426
TARGET : 0.406
MIN : 0.386"
6876,1847,20,3,Does printing in black match description on the work order?,No(Fail),Yes(Pass),,"MAX : 
TARGET : Yes(Pass)
MIN : No(Fail)"
6876,1847,20,4,Is product in the proper unwind direction (1)? ,No(Fail),Yes(Pass),,"MAX : 
TARGET : Yes(Pass)
MIN : No(Fail)"
6876,1847,20,5,Is printing clear and readable?,No(Fail),Yes(Pass),,"MAX : 
TARGET : Yes(Pass)
MIN : No(Fail)"
6525,1026,10,8,Length of material,10.45,10.50,10.55,"MAX : 10.55
TARGET : 10.50
MIN : 10.45"
6526,1027,,2,Distance from hole to hole,4.480,4.500,4.520,"MAX : 4.520
TARGET : 4.500
MIN : 4.480"
6526,1027,,1,Diameter of hole,0.386,0.406,0.426,"MAX : 0.426
TARGET : 0.406
MIN : 0.386"
6526,1027,,8,Are all of the holes removed cleanly?,No(Fail),Yes(Pass),,"MAX : 
TARGET : Yes(Pass)
MIN : No(Fail)"
6337,1802,30,3,Amount of overlap,0.03,0.00,0.03,"MAX : 0.03
TARGET : 0.00
MIN : 0.03"
6337,1802,30,4,Is the lamination free of wrinkles,No(Fail),Yes(Pass),,"MAX : 
TARGET : Yes(Pass)
MIN : No(Fail)"
6531,1028,10,2,Length of part,47.62,47.75,47.88,"MAX : 47.88
TARGET : 47.75
MIN : 47.62"
6424,1808,10,1,Is the roll wound without gapping or telescoping?,No(Fail),Yes(Pass),,"MAX : 
TARGET : Yes(Pass)
MIN : No(Fail)"
6531,1028,10,1,Width of part,16.12,16.25,16.38,"MAX : 16.38
TARGET : 16.25
MIN : 16.12"
6923,1066,,3,Distance from center score to top of arced score,0.57,0.60,0.63,"MAX : 0.63
TARGET : 0.60
MIN : 0.57"
6923,1066,,4,Is the score deep enough to remove the liner strip but not cut into the tape?,No(Fail),Yes(Pass),,"MAX : 
TARGET : Yes(Pass)
MIN : No(Fail)"
6538,1826,10,2,Are the slit edges free of double cuts?,No(Fail),Yes(Pass),,"MAX : 
TARGET : Yes(Pass)
MIN : No(Fail)"
6538,1826,10,1,Width of roll - See work order for target ,-0.03,Target,+0.03,"MAX : +0.03
TARGET : Target
MIN : -0.03"
6551,1029,20,2,Distance from edge of circle to edge of part,0.38,0.44,0.50,"MAX : 0.50
TARGET : 0.44
MIN : 0.38"
6551,1029,20,1,Length of part,1.47,1.50,1.53,"MAX : 1.53
TARGET : 1.50
MIN : 1.47"
6756,1044,10,1,Is the print clear and easily read?,No(Fail),Yes(Pass),,"MAX : 
TARGET : Yes(Pass)
MIN : No(Fail)"
6551,1029,10,2,Is the slit edge free of slitting debris and unwinds cleanly?,No(Fail),Yes(Pass),,"MAX : 
TARGET : Yes(Pass)
MIN : No(Fail)"
6552,1030,10,2,Width of part,2.834,2.854,2.874,"MAX : 2.874
TARGET : 2.854
MIN : 2.834"
6931,1067,10,3,Length of foam at bottom of arc,0.64,0.70,0.76,"MAX : 0.76
TARGET : 0.70
MIN : 0.64"
6931,1067,10,4,Thickness of part,0.47,0.50,0.53,"MAX : 0.53
TARGET : 0.50
MIN : 0.47"
6552,1030,10,1,Length of part,6.67,6.69,6.71,"MAX : 6.71
TARGET : 6.69
MIN : 6.67"
6572,1827,10,2,Is the roll wound without gapping or telescoping?,No(Fail),Yes(Pass),,"MAX : 
TARGET : Yes(Pass)
MIN : No(Fail)"
6945,1068,20,3,Distance from slot to slot,0.480,0.500,0.520,"MAX : 0.520
TARGET : 0.500
MIN : 0.480"
6945,1068,20,4,Length of part,3.03,3.06,3.09,"MAX : 3.09
TARGET : 3.06
MIN : 3.03"
6945,1068,20,5,Length of slot,0.35,0.38,0.41,"MAX : 0.41
TARGET : 0.38
MIN : 0.35"
6945,1068,20,6,Distance from slot to closest edge,0.34,0.37,0.40,"MAX : 0.40
TARGET : 0.37
MIN : 0.34"
6945,1068,20,7,Distance from slot to slot,1.03,1.06,1.09,"MAX : 1.09
TARGET : 1.06
MIN : 1.03"
6945,1068,20,8,Is the 9471LE laminated to the film of the 8671?,No(Fail),Yes(Pass),,"MAX : 
TARGET : Yes(Pass)
MIN : No(Fail)"
6945,1068,20,9,Are the slots cut clean through?,No(Fail),Yes(Pass),,"MAX : 
TARGET : Yes(Pass)
MIN : No(Fail)"
6945,1068,20,10,Is the score deep enough to remove the liner but not cut through the urethane? Without liners will part tear at score?,No(Fail),Yes(Pass),,"MAX : 
TARGET : Yes(Pass)
MIN : No(Fail)"
6572,1827,10,1,Width of roll,0.72,0.75,0.78,"MAX : 0.78
TARGET : 0.75
MIN : 0.72"
6575,1828,10,2,Does the core line up with the tape?,No(Fail),Yes(Pass),,"MAX : 
TARGET : Yes(Pass)
MIN : No(Fail)"
6960,1069,10,3,Is the part free of bubbles and other lamination defects?,No(Fail),Yes(Pass),,"MAX : 
TARGET : Yes(Pass)
MIN : No(Fail)"
6960,1069,10,4,Are the parts cut cleanly; free of hairs and other debris?,No(Fail),Yes(Pass),,"MAX : 
TARGET : Yes(Pass)
MIN : No(Fail)"
6575,1828,10,1,Width of roll,0.485,0.500,0.515,"MAX : 0.515
TARGET : 0.500
MIN : 0.485"
6581,1829,10,2,Does the core line up with the tape?,No(Fail),Yes(Pass),,"MAX : 
TARGET : Yes(Pass)
MIN : No(Fail)"
6968,1850,20,3,Distance from edge of circle to edge of liner,0.105,0.125,0.145,"MAX : 0.145
TARGET : 0.125
MIN : 0.105"
6968,1850,20,4,Width of tape,0.47,0.50,0.53,"MAX : 0.53
TARGET : 0.50
MIN : 0.47"
6581,1829,10,1,Width of roll.,0.485,0.500,0.515,"MAX : 0.515
TARGET : 0.500
MIN : 0.485"
6597,1031,20,2,Length of inside of gasket,506,508,510,"MAX : 510
TARGET : 508
MIN : 506"
6597,1031,20,1,Length of outside of gasket,518,520,522,"MAX : 522
TARGET : 520
MIN : 518"
6605,1830,20,2,Is the adhesive wound in and the liner wound out?,No(Fail),Yes(Pass),,"MAX : 
TARGET : Yes(Pass)
MIN : No(Fail)"
6970,1070,10,3,Width of tab,58,60,62,"MAX : 62
TARGET : 60
MIN : 58"
6970,1070,10,5,"Is the die strike deep enough to remove the matrix, but not cut into the liner?",No(Fail),Yes(Pass),,"MAX : 
TARGET : Yes(Pass)
MIN : No(Fail)"
6605,1830,20,1,Width of roll,1.47,1.50,1.53,"MAX : 1.53
TARGET : 1.50
MIN : 1.47"
6605,1830,20,3,Was yellow splice tape used to create splices?,No(Fail),Yes(Pass),,"MAX : 
TARGET : Yes(Pass)
MIN : No(Fail)"
7000,1851,10,3,Is the roll free of gapping and telescoping?,No(Fail),Yes(Pass),,"MAX : 
TARGET : Yes(Pass)
MIN : No(Fail)"
6606,1831,20,2,Are the slit edges free of slivers and double cuts?,No(fail),Yes(Pass),,"MAX : 
TARGET : Yes(Pass)
MIN : No(fail)"
6606,1831,20,1,Width of roll,0.595,0.625,0.655,"MAX : 0.655
TARGET : 0.625
MIN : 0.595"
7004,1072,10,3,Is the part free of wrinkles and other lamination defects?,No(Fail),Yes(Pass),,"MAX : 
TARGET : Yes(Pass)
MIN : No(Fail)"
6631,1032,20,2,Length of inside of gasket,462.3,464.3,466.3,"MAX : 466.3
TARGET : 464.3
MIN : 462.3"
6631,1032,20,1,Length of outside of gasket,474.3,476.3,478.3,"MAX : 478.3
TARGET : 476.3
MIN : 474.3"
6634,1033,10,2,"Is the die strike deep enough to strip the matrix, but not cut into the liner? ",No (fail),Yes (pass),,"MAX : 
TARGET : Yes (pass)
MIN : No (fail)"
6634,1033,10,1,Does the part fit within the template as required?,No (fail),Yes (pass),,"MAX : 
TARGET : Yes (pass)
MIN : No (fail)"
6638,1034,10,2,"Is the die strike deep enough to strip the matrix, but not cut into the liner?",No (Fail),Yes (Pass),,"MAX : 
TARGET : Yes (Pass)
MIN : No (Fail)"
6638,1034,10,1,Does the part fit within the template?,No (Fail),Yes (Pass),,"MAX : 
TARGET : Yes (Pass)
MIN : No (Fail)"
6639,1035,10,2,"Is the die strike deep enough to strip the matrix, but not cut into the liner?",No (Fail),Yes (Pass),,"MAX : 
TARGET : Yes (Pass)
MIN : No (Fail)"
6639,1035,10,1,Does the part fit within the template?,No (Fail),Yes (Pass),,"MAX : 
TARGET : Yes (Pass)
MIN : No (Fail)"
7027,1855,30,1,Is the roll sealed in a heavy 4 mil bag?,No(Fail),Yes(Pass),,"MAX : 
TARGET : Yes(Pass)
MIN : No(Fail)"
6640,1036,10,2,Is the die strike deep enough to strip the matrix but not cut into the liner?,No(Fail),Yes(Pass),,"MAX : 
TARGET : Yes(Pass)
MIN : No(Fail)"
6640,1036,10,1,Does part fit within the template?,No(Fail),Yes(Pass),,"MAX : 
TARGET : Yes(Pass)
MIN : No(Fail)"
7030,1857,,3,Is the roll sealed in a heavy 4 mil bag?,No(Fail),Yes(Pass),,"MAX : 
TARGET : Yes(Pass)
MIN : No(Fail)"
6641,1037,10,2,Is the die strike deep enough to strip the matrix but not cut into the liner?,No(Fail),Yes(Pass),,"MAX : 
TARGET : Yes(Pass)
MIN : No(Fail)"
6641,1037,10,1,Does part fit within the template?,No (Fail),Yes (Pass),,"MAX : 
TARGET : Yes (Pass)
MIN : No (Fail)"
7028,1856,30,1,Is the roll sealed in a heavy 4 mil bag?,No(Fail),Yes(Pass),,"MAX : 
TARGET : Yes(Pass)
MIN : No(Fail)"
6660,1038,20,2,Length of slot,1.23,1.25,1.27,"MAX : 1.27
TARGET : 1.25
MIN : 1.23"
6660,1038,20,1,Length of part,7.48,7.50,7.52,"MAX : 7.52
TARGET : 7.50
MIN : 7.48"
7035,1858,10,3,Is the roll sealed in a heavy 4 mil bag?,No(Fail),Yes(Pass),,"MAX : 
TARGET : Yes(Pass)
MIN : No(Fail)"
6661,1832,10,2,Are the slit edges free of double cuts?,No(Fail),Yes(Pass),,"MAX : 
TARGET : Yes(Pass)
MIN : No(Fail)"
6661,1832,10,1,Width of roll,1.97,2.00,2.03,"MAX : 2.03
TARGET : 2.00
MIN : 1.97"
7046,1075,10,3,Distance from edge of part to edge of liner?,0.22,0.25,0.28,"MAX : 0.28
TARGET : 0.25
MIN : 0.22"
7046,1075,10,4,Is the die strike deep enough to remove the matrix but not cut into the liner?,No(Fail),Yes(Pass),,"MAX : 
TARGET : Yes(Pass)
MIN : No(Fail)"
6677,1833,20,2,Is length of finished product 50 yards?,No(Fail),Yes(Pass),,"MAX : 
TARGET : Yes(Pass)
MIN : No(Fail)"
6677,1833,20,1,Width of finished product?,0.45,0.50,0.55,"MAX : 0.55
TARGET : 0.50
MIN : 0.45"
7047,1076,20,3,Distance from edge of part to edge of liner?,0.03,0.06,0.09,"MAX : 0.09
TARGET : 0.06
MIN : 0.03"
7047,1076,20,4,Is the die strike deep enough to remove the matrix but not cut into the liner?,No(Fail),Yes(Pass),,"MAX : 
TARGET : Yes(Pass)
MIN : No(Fail)"
6695,1039,20,2,Width of overhang,0.35,0.38,0.41,"MAX : 0.41
TARGET : 0.38
MIN : 0.35"
6695,1039,20,1,Diameter of circle,5.97,6.00,6.03,"MAX : 6.03
TARGET : 6.00
MIN : 5.97"
7052,1077,10,3,Is the label visually centered on the liner? Check all rolls,No(Fail),Yes(Pass),,"MAX : 
TARGET : Yes(Pass)
MIN : No(Fail)"
7052,1077,10,4,Die strike deep enough to remove the matrix but not cut into the liner?- Check all rolls,No(Fail),Yes(Pass),,"MAX : 
TARGET : Yes(Pass)
MIN : No(Fail)"
6703,1834,10,2,Is the roll free of double cuts and slivers?,No(Fail),Yes(Pass),,"MAX : 
TARGET : Yes(Pass)
MIN : No(Fail)"
6703,1834,10,1,Width of roll,1.37,1.40,1.43,"MAX : 1.43
TARGET : 1.40
MIN : 1.37"
6704,1040,20,2,Width of adhesive at tab,0.921,0.984,1.047,"MAX : 1.047
TARGET : 0.984
MIN : 0.921"
6704,1040,20,1,Length of part,0.937,1.000,1.063,"MAX : 1.063
TARGET : 1.000
MIN : 0.937"
7055,1078,20,3,Is the die strike deep enough to remove the matrix but not cut into the liner?,No(Fail),Yes(Pass),,"MAX : 
TARGET : Yes(Pass)
MIN : No(Fail)"
6710,1835,20,2,Is length of finished product 50 yards?,No(Fail),Yes(Pass),,"MAX : 
TARGET : Yes(Pass)
MIN : No(Fail)"
6710,1835,20,1,Width of finished product?,0.45,0.50,0.55,"MAX : 0.55
TARGET : 0.50
MIN : 0.45"
7059,1861,10,3,Is the roll sealed in a heavy 4 mil bag?,No(Fail),Yes(Pass),,"MAX : 
TARGET : Yes(Pass)
MIN : No(Fail)"
6722,1836,10,2,Distance from edge of film to edge of liner,0.375,0.500,0.625,"MAX : 0.625
TARGET : 0.500
MIN : 0.375"
6722,1836,10,1,Width of film,14.875,15.000,15.125,"MAX : 15.125
TARGET : 15.000
MIN : 14.875"
7057,1860,10,3,Is the roll sealed in a heavy 4 mil bag?,No(Fail),Yes(Pass),,"MAX : 
TARGET : Yes(Pass)
MIN : No(Fail)"
6729,1041,10,2,Width of part,37,38,39,"MAX : 39
TARGET : 38
MIN : 37"
6729,1041,10,1,Length of part,127,128,129,"MAX : 129
TARGET : 128
MIN : 127"
7049,1859,30,3,Distance between 467MP strips,0.17,0.20,0.23,"MAX : 0.23
TARGET : 0.20
MIN : 0.17"
7049,1859,30,4,Distance from operator side of PET to closest 467MP strip,0.49,0.52,0.55,"MAX : 0.55
TARGET : 0.52
MIN : 0.49"
7049,1859,30,5,Did you check different strips and spacing for measurements?,No(Fail),Yes(Pass),,"MAX : 
TARGET : Yes(Pass)
MIN : No(Fail)"
7049,1859,30,6,Is the lamination smooth and free of wrinkles and buckles?,No(Fail),Yes(Pass),,"MAX : 
TARGET : Yes(Pass)
MIN : No(Fail)"
6730,1042,10,2,Is the die strike deep enough to strip the matrix but not cut into the liner?,No(fail),Yes(Pass),,"MAX : 
TARGET : Yes(Pass)
MIN : No(fail)"
6730,1042,10,1,Diameter of part,9,10,11,"MAX : 11
TARGET : 10
MIN : 9"
6738,1043,10,2,Width of part,4.97,5.00,5.03,"MAX : 5.03
TARGET : 5.00
MIN : 4.97"
7081,1080,30,2,Width of gear side adhesive,0.065,0.080,0.095,"MAX : 0.095
TARGET : 0.080
MIN : 0.065"
7081,1080,30,3,Width of operator side adhesive,0.065,0.080,0.095,"MAX : 0.095
TARGET : 0.080
MIN : 0.065"
7081,1080,40,2,Do the parts lay flat with a minimum of curl?,No(Fail),Yes(Pass),,"MAX : 
TARGET : Yes(Pass)
MIN : No(Fail)"
6738,1043,10,1,Length of part,3.72,3.75,3.78,"MAX : 3.78
TARGET : 3.75
MIN : 3.72"
6741,1837,10,1,Width of roll,5.95,6.00,6.05,"MAX : 6.05
TARGET : 6.00
MIN : 5.95"
7082,1081,30,3,Width of operator side adhesive,0.065,0.080,0.095,"MAX : 0.095
TARGET : 0.080
MIN : 0.065"
7082,1081,40,2,Do the parts lay flat with a minimum of curl?,No(Fail),Yes(Pass),,"MAX : 
TARGET : Yes(Pass)
MIN : No(Fail)"
6741,1837,10,2,Are the rolls wound without gapping or telescoping?,No(Fail),Yes(Pass),,"MAX : 
TARGET : Yes(Pass)
MIN : No(Fail)"
6518,1824,20,6,Has the die log been filled out? This is to keep record of die condition. ,No (Fail),Yes (Pass),,"MAX : 
TARGET : Yes (Pass)
MIN : No (Fail)"
6750,1838,10,2,Is the slit edge free of slivers and double cuts?,No(Fail),Yes(Pass),,"MAX : 
TARGET : Yes(Pass)
MIN : No(Fail)"
7086,1082,10,3,Distance from edge of circle to edge of sheet,0.095,0.125,0.155,"MAX : 0.155
TARGET : 0.125
MIN : 0.095"
7086,1082,10,4,Distance from leading edge of circle to edge of sheet,0,0.063,0.125,"MAX : 0.125
TARGET : 0.063
MIN : 0"
7086,1082,10,5,Distance from edge of sheet to edge of score,3.19,3.25,3.31,"MAX : 3.31
TARGET : 3.25
MIN : 3.19"
7086,1082,10,6,Is the die strike deep enough to remove the matrix but not cut into the liner?,No(Fail),Yes(Pass),,"MAX : 
TARGET : Yes(Pass)
MIN : No(Fail)"
6750,1838,10,1,Width of roll,0.47,0.50,0.53,"MAX : 0.53
TARGET : 0.50
MIN : 0.47"
6756,1044,20,2,Width of tab area,0.52,0.54,0.56,"MAX : 0.56
TARGET : 0.54
MIN : 0.52"
6756,1044,20,5,Is the die strike deep enough to remove the matrix but not cut into the liner?,No(Fail),Yes(Pass),,"MAX : 
TARGET : Yes(Pass)
MIN : No(Fail)"
6756,1044,20,1,Diameter of circle,0.856,0.866,0.876,"MAX : 0.876
TARGET : 0.866
MIN : 0.856"
6756,1044,20,4,Width of part,1.36,1.38,1.40,"MAX : 1.40
TARGET : 1.38
MIN : 1.36"
6761,1045,30,2,Length of part,2.235,2.250,2.265,"MAX : 2.265
TARGET : 2.250
MIN : 2.235"
6761,1045,30,1,Length of VHB,1.860,1.875,1.890,"MAX : 1.890
TARGET : 1.875
MIN : 1.860"
6761,1045,30,6,Distance from edge of VHB to center of Circle.,0.090,0.105,0.120,"MAX : 0.120
TARGET : 0.105
MIN : 0.090"
7135,1866,10,3,Is product packed 40 rolls per box,No (Fail),Yes (Pass),,"MAX : 
TARGET : Yes (Pass)
MIN : No (Fail)"
7135,1866,10,4,Is the slit edge free of slivers and double cuts?,No (Fail),Yes (Pass),,"MAX : 
TARGET : Yes (Pass)
MIN : No (Fail)"
6761,1045,30,8,Distance from center of slot to centerline of VHB,0.610,0.625,0.640,"MAX : 0.640
TARGET : 0.625
MIN : 0.610"
6765,1839,10,2,Is the die strike deep enough to strip the matrix but not cut into the liner?,No(Fail),Yes(Pass),,"MAX : 
TARGET : Yes(Pass)
MIN : No(Fail)"
7145,1084,10,3,Width of adhesive,1.97,2.00,2.03,"MAX : 2.03
TARGET : 2.00
MIN : 1.97"
7145,1084,10,4,Is the score deep enough to remove adh. in tab area but not cut into the liner?,No(Fail),Yes(Pass),,"MAX : 
TARGET : Yes(Pass)
MIN : No(Fail)"
7145,1084,10,5,Is the die strike deep enough to remove the matrix but not cut into the liner?,No(Fail),Yes(Pass),,"MAX : 
TARGET : Yes(Pass)
MIN : No(Fail)"
6765,1839,10,1,Diameter of circle.,0.220,0.250,0.280,"MAX : 0.280
TARGET : 0.250
MIN : 0.220"
6766,1840,10,2,Is the die strike deep enough to strip the matrix but not cut into the liner?,No(Fail),Yes(Pass),,"MAX : 
TARGET : Yes(Pass)
MIN : No(Fail)"
7158,1085,20,2,Width of tab,0.22,0.25,0.28,"MAX : 0.28
TARGET : 0.25
MIN : 0.22"
7158,1085,20,3,Are the liners easy to remove?,No(Fail),Yes(Pass),,"MAX : 
TARGET : Yes(Pass)
MIN : No(Fail)"
6766,1840,10,1,Diameter of circle.,0.47,0.50,0.53,"MAX : 0.53
TARGET : 0.50
MIN : 0.47"
6769,1841,,2,Is the slit edge free of slivers and double cuts?,No(Fail),Yes(Pass),,"MAX : 
TARGET : Yes(Pass)
MIN : No(Fail)"
7170,1867,10,3,Are the rolls free of adhesive build up on the edges?,No(Fail),Yes(Pass),,"MAX : 
TARGET : Yes(Pass)
MIN : No(Fail)"
7170,1867,10,4,Is the butt cut deep enough to remove the pieces but not cut into the liner?,No(Fail),Yes(Pass),,"MAX : 
TARGET : Yes(Pass)
MIN : No(Fail)"
6769,1841,,1,Width of roll,0.47,0.50,0.53,"MAX : 0.53
TARGET : 0.50
MIN : 0.47"
6770,1842,,2,Is the roll free of double cuts and slivers?,No(Fail),Yes(Pass),,"MAX : 
TARGET : Yes(Pass)
MIN : No(Fail)"
7174,1868,10,3,Width of adhesive,1.97,2.00,2.03,"MAX : 2.03
TARGET : 2.00
MIN : 1.97"
7174,1868,10,4,Is the score deep enough to remove the adhesive but not cut into the liner?,No(Fail),Yes(Pass),,"MAX : 
TARGET : Yes(Pass)
MIN : No(Fail)"
7174,1868,10,5,Is the die strike deep enough to remove the matrix but not cut into the liner?,No(Fail),Yes(Pass),,"MAX : 
TARGET : Yes(Pass)
MIN : No(Fail)"
6770,1842,,1,Width of roll,0.095,0.125,0.155,"MAX : 0.155
TARGET : 0.125
MIN : 0.095"
6551,1029,10,1,Width of adhesive,0.44,0.50,0.56,"MAX : 0.56
TARGET : 0.50
MIN : 0.44"
6782,1046,10,2,Are the butt cuts deep enough to remove an individual part but not cut into the liner?,No(Fail),Yes(Pass),,"MAX : 
TARGET : Yes(Pass)
MIN : No(Fail)"
7180,1087,30,3,Width of deadened area,0.095,0.125,0.155,"MAX : 0.155
TARGET : 0.125
MIN : 0.095"
7180,1087,30,4,"Does the crushed area act as a tab to ease removal of the part from the fabric?  Check Operator, a Middle, and Gear side row.",No (Fail),Yes (Pass),,"MAX : 
TARGET : Yes (Pass)
MIN : No (Fail)"
6782,1046,10,1,Does the part fit the approved template?,No (Fail),Yes (Pass),,"MAX : 
TARGET : Yes (Pass)
MIN : No (Fail)"
6786,1047,10,2,Length of part,7.47,7.50,7.53,"MAX : 7.53
TARGET : 7.50
MIN : 7.47"
7183,1869,10,3,Is the roll wound without gapping or telescoping?,No(Fail),Yes(Pass),,"MAX : 
TARGET : Yes(Pass)
MIN : No(Fail)"
6786,1047,10,1,Diameter of holes,0.314,0.344,0.374,"MAX : 0.374
TARGET : 0.344
MIN : 0.314"
6792,1843,10,2,Does the roll unwind correctly without double cuts?,No(Fail),Yes(Pass),,"MAX : 
TARGET : Yes(Pass)
MIN : No(Fail)"
6792,1843,10,1,Width of roll - See work order for target width,-0.015,Target,+0.015,"MAX : +0.015
TARGET : Target
MIN : -0.015"
7126,1083,10,3,Length of sheet,3.97,4.00,4.03,"MAX : 4.03
TARGET : 4.00
MIN : 3.97"
7126,1083,10,4,Length of butt cut,0.47,0.50,0.53,"MAX : 0.53
TARGET : 0.50
MIN : 0.47"
7126,1083,10,5,Is the score deep enough to remove the liner but not cut into the fabric?,No(Fail),Yes(Pass),,"MAX : 
TARGET : Yes(Pass)
MIN : No(Fail)"
7126,1083,10,6,Is the butt cut deep enough to remove individual parts but not cut into the liner?,No(Fail),Yes(Pass),,"MAX : 
TARGET : Yes(Pass)
MIN : No(Fail)"
6800,1048,20,1,Distance from edge of part to contoured back score,1.44,1.50,1.56,"MAX : 1.56
TARGET : 1.50
MIN : 1.44"
6800,1048,10,1,Does the part fit within the template as required? ,No(Fail),Yes(Pass),,"MAX : 
TARGET : Yes(Pass)
MIN : No(Fail)"
7196,1091,20,3,Is the die strike deep enough to remove the matrix but not cut into the liner?,No(Fail),Yes(Pass),,"MAX : 
TARGET : Yes(Pass)
MIN : No(Fail)"
6801,1049,10,2,Width of part,11.25,11.31,11.37,"MAX : 11.37
TARGET : 11.31
MIN : 11.25"
6801,1049,20,4,Is the straight back score visually centered on the back?,No(Fail),Yes(Pass),,"MAX : 
TARGET : Yes(Pass)
MIN : No(Fail)"
7194,1089,20,3,Is the die strike deep enough to remove the matrix but not cut into the liner?,No(Fail),Yes(Pass),,"MAX : 
TARGET : Yes(Pass)
MIN : No(Fail)"
6801,1049,10,1,Length of part,14.66,14.72,14.78,"MAX : 14.78
TARGET : 14.72
MIN : 14.66"
6801,1049,20,3,Distance from edge of part to contoured back score,0.94,1.00,1.06,"MAX : 1.06
TARGET : 1.00
MIN : 0.94"
7195,1090,20,2,Width of part,70.0,71.0,72.0,"MAX : 72.0
TARGET : 71.0
MIN : 70.0"
7195,1090,20,3,Is the die strike deep enough to remove the matrix but not cut into the liner?,No(Fail),Yes(Pass),,"MAX : 
TARGET : Yes(Pass)
MIN : No(Fail)"
6802,1844,10,2,Is the roll free of double cuts and slivers?,No(Fail),Yes(Pass),,"MAX : 
TARGET : Yes(Pass)
MIN : No(Fail)"
6605,1830,20,4,Is the slit edge clean with a complete cut and not picking or tearing of the adhesive?,No(Fail),Yes(Pass),,"MAX : 
TARGET : Yes(Pass)
MIN : No(Fail)"
6802,1844,10,1,Width of roll,0.22,0.25,0.28,"MAX : 0.28
TARGET : 0.25
MIN : 0.22"
7199,1870,10,3,Is the roll wound without gapping or telescoping?,No(Fail),Yes(Pass),,"MAX : 
TARGET : Yes(Pass)
MIN : No(Fail)"
6813,1050,20,2,Distance from edge of part to back score,0.94,1.00,1.06,"MAX : 1.06
TARGET : 1.00
MIN : 0.94"
6813,1050,10,1,Does the part fit within template as required? ,No(Fail),Yes(Pass),,"MAX : 
TARGET : Yes(Pass)
MIN : No(Fail)"
7211,1092,20,5,Are the black and orange in register?,No(Fail),Yes(Pass),,"MAX : 
TARGET : Yes(Pass)
MIN : No(Fail)"
7211,1092,20,6,Is the print in register with the die?,No(Fail),Yes(Pass),,"MAX : 
TARGET : Yes(Pass)
MIN : No(Fail)"
7211,1092,20,7,Is the die strike deep enough to remove the internal labels but not cut into the liner?,No(Fail),Yes(Pass),,"MAX : 
TARGET : Yes(Pass)
MIN : No(Fail)"
6814,1051,20,2,Distance from edge of part to back score,1.44,1.50,1.56,"MAX : 1.56
TARGET : 1.50
MIN : 1.44"
6814,1051,10,1,Does the part fit within template as required? ,No(Fail),Yes(Pass),,"MAX : 
TARGET : Yes(Pass)
MIN : No(Fail)"
7233,1093,10,3,Are there two layers of 9627 on one side of the CSM?,No(Fail),Yes(Pass),,"MAX : 
TARGET : Yes(Pass)
MIN : No(Fail)"
7233,1093,20,1,Is the label applied to the liner side of the part?,No(Fail),Yes(Pass),,"MAX : 
TARGET : Yes(Pass)
MIN : No(Fail)"
6815,1052,20,2,Distance from edge of part to back score,0.94,1.00,1.06,"MAX : 1.06
TARGET : 1.00
MIN : 0.94"
6815,1052,10,1,Does the part fit within template as required? ,No(Fail),Yes(Pass),,"MAX : 
TARGET : Yes(Pass)
MIN : No(Fail)"
6816,1053,20,2,Distance from edge of part to back score,1.44,1.50,1.56,"MAX : 1.56
TARGET : 1.50
MIN : 1.44"
6816,1053,10,1,Does the part fit within template as required? ,No(Fail),Yes(Pass),,"MAX : 
TARGET : Yes(Pass)
MIN : No(Fail)"
6817,1054,20,1,Distance from edge of part to back score,0.94,1.00,1.06,"MAX : 1.06
TARGET : 1.00
MIN : 0.94"
7262,1094,20,2,Distance from edge of part to score?,0.94,1.00,1.06,"MAX : 1.06
TARGET : 1.00
MIN : 0.94"
6817,1054,10,1,Does the part fit within template as required? ,No(Fail),Yes(Pass),,"MAX : 
TARGET : Yes(Pass)
MIN : No(Fail)"
6818,1055,20,2,Distance from edge of part to back score,1.44,1.50,1.56,"MAX : 1.56
TARGET : 1.50
MIN : 1.44"
7263,1095,20,2,Distance from edge of part to score?,0.94,1.00,1.06,"MAX : 1.06
TARGET : 1.00
MIN : 0.94"
6818,1055,10,1,Does the part fit within template as required? ,No(Fail),Yes(Pass),,"MAX : 
TARGET : Yes(Pass)
MIN : No(Fail)"
6819,1056,20,2,Distance from edge of part to back score,0.94,1.00,1.06,"MAX : 1.06
TARGET : 1.00
MIN : 0.94"
7264,1096,20,2,Distance from edge of part to score?,0.94,1.00,1.06,"MAX : 1.06
TARGET : 1.00
MIN : 0.94"
6819,1056,10,1,Does the part fit within template as required? ,No(Fail),Yes(Pass),,"MAX : 
TARGET : Yes(Pass)
MIN : No(Fail)"
6820,1057,20,2,Distance from edge of part to back score,1.44,1.50,1.56,"MAX : 1.56
TARGET : 1.50
MIN : 1.44"
7274,1099,10,2,Total Part Length ,22.20,22.33,22.46,"MAX : 22.46
TARGET : 22.33
MIN : 22.20"
7274,1099,10,11,Adhesive Opposite Tab,3.25,3.50,3.75,"MAX : 3.75
TARGET : 3.50
MIN : 3.25"
7274,1099,10,14,Window Width ,6.13,6.26,6.39,"MAX : 6.39
TARGET : 6.26
MIN : 6.13"
7274,1099,10,10,Total Part Width,19.63,19.76,19.89,"MAX : 19.89
TARGET : 19.76
MIN : 19.63"
7274,1099,10,6,Liner Width on NON-TAB side,5.98,6.23,6.48,"MAX : 6.48
TARGET : 6.23
MIN : 5.98"
7274,1099,10,8,Liner Width on Tab Side,5.46,5.71,5.96,"MAX : 5.96
TARGET : 5.71
MIN : 5.46"
7274,1099,10,5,Total Repeat,26.08,26.33,26.58,"MAX : 26.58
TARGET : 26.33
MIN : 26.08"
7274,1099,10,7,"Total Liner Width 
(Measure at set-up and blade change)",31.59,31.70,31.83,"MAX : 31.83
TARGET : 31.70
MIN : 31.59"
7274,1099,10,15,Are there scratches or defects present on Delivery liner when put on press?,,No(Pass),Yes(Fail),"MAX : Yes(Fail)
TARGET : No(Pass)
MIN : "
7274,1099,10,16,"Die Strike Test: When the liner is bent back away from the silicone at the die strike, does it split?",,No(Pass),Yes(Fail),"MAX : Yes(Fail)
TARGET : No(Pass)
MIN : "
7274,1099,10,18,Does product pass Liner Release Test?,No(Fail),Yes(Pass),,"MAX : 
TARGET : Yes(Pass)
MIN : No(Fail)"
7274,1099,10,17,Is there any PVC present on adhesive side of die cut?,,No(Pass),Yes(Fail),"MAX : Yes(Fail)
TARGET : No(Pass)
MIN : "
6820,1057,10,1,Does the part fit within template as required? ,No(Fail),Yes(Pass),,"MAX : 
TARGET : Yes(Pass)
MIN : No(Fail)"
6821,1058,20,3,Distance from edge of part to back score,0.94,1.00,1.06,"MAX : 1.06
TARGET : 1.00
MIN : 0.94"
7273,1098,10,5,Total Part Length,12.96,13.09,13.22,"MAX : 13.22
TARGET : 13.09
MIN : 12.96"
7273,1098,10,6,Total Repeat,16.84,17.09,17.34,"MAX : 17.34
TARGET : 17.09
MIN : 16.84"
7273,1098,10,2,Liner Width on Tab Side,7.22,7.47,7.72,"MAX : 7.72
TARGET : 7.47
MIN : 7.22"
7273,1098,10,8,"Die Strike Test: When the liner is bent back away from the silicone at the die strike, does it split?",,No(Pass),Yes(Fail),"MAX : Yes(Fail)
TARGET : No(Pass)
MIN : "
7273,1098,10,9,Is there any PVC present on adhesive side of die cut?,,No(Pass),Yes(Fail),"MAX : Yes(Fail)
TARGET : No(Pass)
MIN : "
7273,1098,10,10,Does product pass Liner Release Test?,No(Fail),Yes(Pass),,"MAX : 
TARGET : Yes(Pass)
MIN : No(Fail)"
7273,1098,10,7,Are there scratches or defects present on Delivery liner when put on press?,,No(Pass),Yes(Fail),"MAX : Yes(Fail)
TARGET : No(Pass)
MIN : "
6821,1058,10,1,Does the part fit within template as required? ,No(Fail),Yes(Pass),,"MAX : 
TARGET : Yes(Pass)
MIN : No(Fail)"
6822,1059,20,2,Distance from edge of part to back score,1.44,1.50,1.56,"MAX : 1.56
TARGET : 1.50
MIN : 1.44"
7272,1097,10,3,Width of part,3.235,3.250,3.265,"MAX : 3.265
TARGET : 3.250
MIN : 3.235"
7272,1097,10,6,Is the score deep enough to remove the adhesive but not cut into the liner?,No(Fail),Yes(Pass),,"MAX : 
TARGET : Yes(Pass)
MIN : No(Fail)"
7272,1097,10,7,Is the die strike deep enough to remove the matrix but not cut into the part?,No(Fail),Yes(Pass),,"MAX : 
TARGET : Yes(Pass)
MIN : No(Fail)"
6822,1059,10,1,Does the part fit within template as required?,No(Fail),Yes(Pass),,"MAX : 
TARGET : Yes(Pass)
MIN : No(Fail)"
6823,1060,20,2,Distance from edge of part to back score,0.94,1.00,1.06,"MAX : 1.06
TARGET : 1.00
MIN : 0.94"
7275,1872,10,3,Are the rolls wound without gapping and telescoping?,Yes (Fail),No (Pass),,"MAX : 
TARGET : No (Pass)
MIN : Yes (Fail)"
6823,1060,10,1,Does the part fit within template as required?,No(Fail),Yes(Pass),,"MAX : 
TARGET : Yes(Pass)
MIN : No(Fail)"
6824,1061,20,3,Distance from edge of part to back score,1.44,1.50,1.56,"MAX : 1.56
TARGET : 1.50
MIN : 1.44"
7296,1100,10,1,Left leg Trailing Length,1.35,1.60,1.85,"MAX : 1.85
TARGET : 1.60
MIN : 1.35"
7296,1100,10,2,Total Part Length,17.37,17.50,17.63,"MAX : 17.63
TARGET : 17.50
MIN : 17.37"
7296,1100,10,13,Adhesive Tab Side,1.52,1.77,2.02,"MAX : 2.02
TARGET : 1.77
MIN : 1.52"
7296,1100,10,12,Total Adhesive Width,12.89,13.14,13.39,"MAX : 13.39
TARGET : 13.14
MIN : 12.89"
7296,1100,10,11,Adhesive Opposite Tab,1.52,1.77,2.02,"MAX : 2.02
TARGET : 1.77
MIN : 1.52"
7296,1100,10,14,Window Width,9.47,9.60,9.73,"MAX : 9.73
TARGET : 9.60
MIN : 9.47"
7296,1100,10,9,Tab Width,6.25,6.50,6.75,"MAX : 6.75
TARGET : 6.50
MIN : 6.25"
7296,1100,10,10,Total Part Width,19.51,19.64,19.77,"MAX : 19.77
TARGET : 19.64
MIN : 19.51"
7296,1100,10,6,Liner Width on NON-TAB side,5.78,6.03,6.28,"MAX : 6.28
TARGET : 6.03
MIN : 5.78"
7296,1100,10,8,Liner Width on Tab Side,5.78,6.03,6.28,"MAX : 6.28
TARGET : 6.03
MIN : 5.78"
7296,1100,10,5,Total Repeat,21.25,21.50,21.75,"MAX : 21.75
TARGET : 21.50
MIN : 21.25"
7296,1100,10,7,"Total Liner Width 
(Measure at set-up and blade change)",31.57,31.70,31.83,"MAX : 31.83
TARGET : 31.70
MIN : 31.57"
7296,1100,10,15,Are there scratches or defects present on Delivery liner when put on press?,,No(Pass),Yes(Fail),"MAX : Yes(Fail)
TARGET : No(Pass)
MIN : "
7296,1100,10,18,Does product pass Liner Release Test?,No(Fail),Yes(Pass),,"MAX : 
TARGET : Yes(Pass)
MIN : No(Fail)"
7296,1100,10,16,"Die Strike Test: When the liner is bent back away from the silicone at the die strike, does it split?",,No(Pass),Yes(Fail),"MAX : Yes(Fail)
TARGET : No(Pass)
MIN : "
7296,1100,10,17,Is there any PVC present on adhesive side of die cut?,,No(Pass),Yes(Fail),"MAX : Yes(Fail)
TARGET : No(Pass)
MIN : "
6824,1061,10,1,Does the part fit within template as required?,No(Fail),Yes(Pass),,"MAX : 
TARGET : Yes(Pass)
MIN : No(Fail)"
6825,1062,20,2,Distance from edge of part to back score,0.94,1.00,1.06,"MAX : 1.06
TARGET : 1.00
MIN : 0.94"
7306,1873,10,4,Is the tape laminated to the release side of the liner?,No(Fail),Yes(Pass),,"MAX : 
TARGET : Yes(Pass)
MIN : No(Fail)"
6825,1062,10,1,Does the part fit within template as required?,No(Fail),Yes(Pass),,"MAX : 
TARGET : Yes(Pass)
MIN : No(Fail)"
6826,1063,20,2,Distance from edge of part to back score,1.44,1.50,1.56,"MAX : 1.56
TARGET : 1.50
MIN : 1.44"
7274,1099,10,12,Total Adhesive Width,13.01,13.26,13.51,"MAX : 13.51
TARGET : 13.26
MIN : 13.01"
7274,1099,10,9,Tab Width,6.25,6.50,6.75,"MAX : 6.75
TARGET : 6.50
MIN : 6.25"
6826,1063,10,1,Does the part fit within template as required?,No(Fail),Yes(Pass),,"MAX : 
TARGET : Yes(Pass)
MIN : No(Fail)"
6829,1845,,2,Is the slit edge free of slivers and double cuts?,No(Fail),Yes(Pass),,"MAX : 
TARGET : Yes(Pass)
MIN : No(Fail)"
7311,1874,10,3,Is the corona treated side as marked on input rolls wound out?,No(Fail),Yes(Pass),,"MAX : 
TARGET : Yes(Pass)
MIN : No(Fail)"
6829,1845,,1,Width of tape,11.97,12.00,12.03,"MAX : 12.03
TARGET : 12.00
MIN : 11.97"
6835,1064,10,1,Width of part,0.72,0.75,0.78,"MAX : 0.78
TARGET : 0.75
MIN : 0.72"
7321,1102,10,3,Inside diameter,2.09,2.12,2.15,"MAX : 2.15
TARGET : 2.12
MIN : 2.09"
7321,1102,10,3,Is the center removed?,No(Fail),Yes(Pass),,"MAX : 
TARGET : Yes(Pass)
MIN : No(Fail)"
7321,1102,10,4,Is the foam laminated to the release side of the liner?,No(Fail),Yes(Pass),,"MAX : 
TARGET : Yes(Pass)
MIN : No(Fail)"
6835,1064,10,2,Length of part,2.97,3.00,3.03,"MAX : 3.03
TARGET : 3.00
MIN : 2.97"
6836,1065,10,1,Does the part fit the approved template?,No (Fail),Yes (Pass),,"MAX : 
TARGET : Yes (Pass)
MIN : No (Fail)"
6874,1846,20,2,Is length of finished product 50 yards?,No(Fail),Yes(Pass),,"MAX : 
TARGET : Yes(Pass)
MIN : No(Fail)"
7324,1103,10,3,Are the holes removed?,No(Fail),Yes(Pass),,"MAX : 
TARGET : Yes(Pass)
MIN : No(Fail)"
6874,1846,20,1,Width of finished product?,0.45,0.50,0.55,"MAX : 0.55
TARGET : 0.50
MIN : 0.45"
6876,1847,20,2,Is length of finished product 50 yards?,No(Fail),Yes(Pass),,"MAX : 
TARGET : Yes(Pass)
MIN : No(Fail)"
7325,1104,10,3,Are the holes removed?,No(Fail),Yes(Pass),,"MAX : 
TARGET : Yes(Pass)
MIN : No(Fail)"
6876,1847,20,1,Width of finished product?,0.45,0.50,0.55,"MAX : 0.55
TARGET : 0.50
MIN : 0.45"
6923,1066,,2,Width of part,3.14,3.17,3.20,"MAX : 3.20
TARGET : 3.17
MIN : 3.14"
7383,1878,20,3,Does printing in black match description on the work order?,No(Fail),Yes(Pass),,"MAX : 
TARGET : Yes(Pass)
MIN : No(Fail)"
7383,1878,20,4,Is product in the proper unwind direction (1)? ,No(Fail),Yes(Pass),,"MAX : 
TARGET : Yes(Pass)
MIN : No(Fail)"
7383,1878,20,5,Is printing clear and readable?,No(Fail),Yes(Pass),,"MAX : 
TARGET : Yes(Pass)
MIN : No(Fail)"
6923,1066,,1,Length of part,6.36,6.39,6.42,"MAX : 6.42
TARGET : 6.39
MIN : 6.36"
6928,1848,,2,Are the slit edges free of slivers and double cuts?,No(Fail),Yes(Pass),,"MAX : 
TARGET : Yes(Pass)
MIN : No(Fail)"
7393,1106,10,3,Is the die strike deep enough to remove the matrix but not the cut into the liner?,No(Fail),Yes(Pass),,"MAX : 
TARGET : Yes(Pass)
MIN : No(Fail)"
6928,1848,,1,Width of roll,5,6,7,"MAX : 7
TARGET : 6
MIN : 5"
6931,1067,10,2,Length of part,3.16,3.22,3.28,"MAX : 3.28
TARGET : 3.22
MIN : 3.16"
7307,1101,20,3,Are the edges free of slivers and cutting debris?,No(Fail),Yes(Pass),,"MAX : 
TARGET : Yes(Pass)
MIN : No(Fail)"
6931,1067,10,1,Width of part,6.88,6.94,7.00,"MAX : 7.00
TARGET : 6.94
MIN : 6.88"
6931,1067,20,5,Is stamped expiration date correct on pouch? 3 years from pouch date in format YYYY-MM-DD.,No (fail),Yes (pass),,"MAX : 
TARGET : Yes (pass)
MIN : No (fail)"
7407,1881,10,3,Are the rolls wound without gapping and telescoping?,Yes (Fail),No (Pass),,"MAX : 
TARGET : No (Pass)
MIN : Yes (Fail)"
6931,1067,20,9,Are parts and pouches clean and free of contaminants?,No (fail),Yes (pass),,"MAX : 
TARGET : Yes (pass)
MIN : No (fail)"
6761,1045,30,7,Distance from center of hole to centerline of VHB,0.610,0.625,0.640,"MAX : 0.640
TARGET : 0.625
MIN : 0.610"
6761,1045,30,11,Does the narrow liner NOT cover the holes?,No (Fail),Yes (Pass),,"MAX : 
TARGET : Yes (Pass)
MIN : No (Fail)"
6931,1067,20,10,Do the barcodes / QR code on the labels scan correctly?,No (fail),Yes (pass),,"MAX : 
TARGET : Yes (pass)
MIN : No (fail)"
7432,1884,10,3,Does the roll unwind without picking or adhesive stringing?,No(Fail),Yes(Pass),,"MAX : 
TARGET : Yes(Pass)
MIN : No(Fail)"
7432,1884,10,4,Is the roll wound without gapping and telescoping? ,No(Fail),Yes(Pass),,"MAX : 
TARGET : Yes(Pass)
MIN : No(Fail)"
6931,1067,20,11,On Case Label Does DI part of data matrix read 10816417020152 ?,No (fail),Yes (pass),,"MAX : 
TARGET : Yes (pass)
MIN : No (fail)"
6931,1067,20,12,On Pouch Label Does DI part of data matrix read 00816417020155 ?,No (fail),Yes (pass),,"MAX : 
TARGET : Yes (pass)
MIN : No (fail)"
7455,1888,10,3,Is the roll wound without gapping or telescoping?,No(Fail),Yes(Pass),,"MAX : 
TARGET : Yes(Pass)
MIN : No(Fail)"
6931,1067,10,4.1,,,,,"MAX : 
TARGET : 
MIN : "
6931,1067,20,6,Is stamped lot number correct on pouch? Month of packaging in format SYYYYMM-xx. The S is fixed and the xx is number of run that month.,No (fail),Yes (pass),,"MAX : 
TARGET : Yes (pass)
MIN : No (fail)"
7458,1109,10,3,Is the slit edge free of debris?,No(Fail),Yes(Pass),,"MAX : 
TARGET : Yes(Pass)
MIN : No(Fail)"
6931,1067,10,0,Has the production start date been written on the Job Ticket?,No (fail),Yes (pass),,"MAX : 
TARGET : Yes (pass)
MIN : No (fail)"
6931,1067,10,4.2,,,,,"MAX : 
TARGET : 
MIN : "
6945,1068,20,2,Distance from edge to slot,0.60,0.63,0.66,"MAX : 0.66
TARGET : 0.63
MIN : 0.60"
6945,1068,20,1,Length of part,1.72,1.75,1.78,"MAX : 1.78
TARGET : 1.75
MIN : 1.72"
6960,1069,10,2,Length of Part,4.97,5.00,5.03,"MAX : 5.03
TARGET : 5.00
MIN : 4.97"
7466,1889,10,3,Is the roll wound without gapping or telescoping?,No(Fail),Yes(Pass),,"MAX : 
TARGET : Yes(Pass)
MIN : No(Fail)"
6960,1069,10,1,Width of Part,.72,.75,.78,"MAX : .78
TARGET : .75
MIN : .72"
6960,1069,10,5,Is the VHB laminated to the primed side of the UHMW?,No(Fail),Yes(Pass),,"MAX : 
TARGET : Yes(Pass)
MIN : No(Fail)"
6968,1850,20,2,Distance from circle to circle,0.98,1.00,1.02,"MAX : 1.02
TARGET : 1.00
MIN : 0.98"
7413,1107,10,3,Does the part fit the approved template in region 2?,No (Fail),Yes (Pass),,"MAX : 
TARGET : Yes (Pass)
MIN : No (Fail)"
7413,1107,10,4,Does the part fit the approved template in region 3?,No (Fail),Yes (Pass),,"MAX : 
TARGET : Yes (Pass)
MIN : No (Fail)"
7413,1107,10,5,Does the part fit the approved template in region 4?,No (Fail),Yes (Pass),,"MAX : 
TARGET : Yes (Pass)
MIN : No (Fail)"
7413,1107,10,6,Are the cut edges clean and free of cutting debris?,No(Fail),Yes(Pass),,"MAX : 
TARGET : Yes(Pass)
MIN : No(Fail)"
7413,1107,10,7,Is the part free of wrinkles and other lamination defects?,No(Fail),Yes(Pass),,"MAX : 
TARGET : Yes(Pass)
MIN : No(Fail)"
6968,1850,20,1,Diameter of reflective circles,0.22,0.25,0.28,"MAX : 0.28
TARGET : 0.25
MIN : 0.22"
6800,1048,20,3,Is the back score deep enough to slit the liner but not cut into the foil?,No(Fail),Yes(Pass),,"MAX : 
TARGET : Yes(Pass)
MIN : No(Fail)"
6968,1850,20,6,Has the die log been filled out? This is to keep record of die condition. ,No (Fail),Yes (Pass),,"MAX : 
TARGET : Yes (Pass)
MIN : No (Fail)"
7485,1113,30,3,Width of back side adhesive,0.44,0.50,0.56,"MAX : 0.56
TARGET : 0.50
MIN : 0.44"
7485,1113,30,4,Width of back side liner,0.69,0.75,0.81,"MAX : 0.81
TARGET : 0.75
MIN : 0.69"
7485,1113,30,6,Distance from bottom edge of part to bottom edge of K24 material,0.000,0.031,0.125,"MAX : 0.125
TARGET : 0.031
MIN : 0.000"
7485,1113,30,7,Does the K24 material cover all of the 8720 adhesive?,No(Fail),Yes(Pass),,"MAX : 
TARGET : Yes(Pass)
MIN : No(Fail)"
7485,1113,30,8,Is the lamination free of wrinkles and other defects?,No(Fail),Yes(Pass),,"MAX : 
TARGET : Yes(Pass)
MIN : No(Fail)"
6970,1070,10,2,Width of adhesive,59,60,61,"MAX : 61
TARGET : 60
MIN : 59"
6970,1070,10,1,Length of part,5,6,7,"MAX : 7
TARGET : 6
MIN : 5"
7487,1892,10,3,Is the die strike deep enough to remove the matrix but not cut into the liner?,No(Fail),Yes(Pass),,"MAX : 
TARGET : Yes(Pass)
MIN : No(Fail)"
7487,1892,10,4,Is the adhesive laminated to the release side of the liner?,No(Fail),Yes(Pass),,"MAX : 
TARGET : Yes(Pass)
MIN : No(Fail)"
6970,1070,10,4,"Is the score deep enough to remove the adhesive in the tab area, but not cut into the liner?",No(Fail),Yes(Pass),,"MAX : 
TARGET : Yes(Pass)
MIN : No(Fail)"
6978,1071,10,2,Are slit edges free of slivers and other slitting debris?,No(Fail),Yes(Pass),,"MAX : 
TARGET : Yes(Pass)
MIN : No(Fail)"
7493,1114,10,3,Distance from edge of facestock to score in facestock,0.69,0.75,0.81,"MAX : 0.81
TARGET : 0.75
MIN : 0.69"
7493,1114,10,4,Distance from edge of facestock to edge of liner.,0.050,0.125,0.200,"MAX : 0.200
TARGET : 0.125
MIN : 0.050"
7493,1114,10,5,Does the score cut through the facestock but not cut into the liner?,No(Fail),Yes(Pass),,"MAX : 
TARGET : Yes(Pass)
MIN : No(Fail)"
6978,1071,10,1,Width of slit roll,0.24,0.25,0.26,"MAX : 0.26
TARGET : 0.25
MIN : 0.24"
6978,1071,10,3,Are all splices and defects clearly marked and identifiable?,No(Fail),Yes(Pass),,"MAX : 
TARGET : Yes(Pass)
MIN : No(Fail)"
6978,1071,10,5,Does splice construction match the splice template provided in the JJ?,No(Fail),Yes(Pass),,"MAX : 
TARGET : Yes(Pass)
MIN : No(Fail)"
7495,1115,10,3,Distance from edge of web to narrow part of operator side strip,1.60,1.63,1.66,"MAX : 1.66
TARGET : 1.63
MIN : 1.60"
7495,1115,10,4,Is the die strike deep enough to remove the matrix but not cut into the liner?,No(Fail),Yes(Pass),,"MAX : 
TARGET : Yes(Pass)
MIN : No(Fail)"
7000,1851,10,2,Is the slit edge free of slivers and double cuts?,No(Fail),Yes(Pass),,"MAX : 
TARGET : Yes(Pass)
MIN : No(Fail)"
7000,1851,10,1,Width of roll,119,120,121,"MAX : 121
TARGET : 120
MIN : 119"
7500,1116,10,3,Are all spices and defects clearly marked and identifiable?,No(Fail),Yes(Pass),,"MAX : 
TARGET : Yes(Pass)
MIN : No(Fail)"
7004,1072,10,2,Is the VHB laminated to the release side of the liner?,No(Fail),Yes(Pass),,"MAX : 
TARGET : Yes(Pass)
MIN : No(Fail)"
7004,1072,10,1,Diameter of part,3.97,4.00,4.03,"MAX : 4.03
TARGET : 4.00
MIN : 3.97"
7501,1117,10,3,Are all spices and defects clearly marked and identifiable?,No(Fail),Yes(Pass),,"MAX : 
TARGET : Yes(Pass)
MIN : No(Fail)"
7005,1852,10,2,"Is the slit edge free of slivers, double cuts and picking?",No(Fail),Yes(Pass),,"MAX : 
TARGET : Yes(Pass)
MIN : No(Fail)"
7005,1852,10,1,Width of roll,0.47,0.50,0.53,"MAX : 0.53
TARGET : 0.50
MIN : 0.47"
7006,1853,10,2,"Is the slit edge free of slivers, double cuts and picking?",No(Fail),Yes(Pass),,"MAX : 
TARGET : Yes(Pass)
MIN : No(Fail)"
7482,1112,10,15,"Width of ""tail"" head ",1.48,1.50,1.52,"MAX : 1.52
TARGET : 1.50
MIN : 1.48"
7482,1112,10,16,"Width of ""anchor"" head ",1.10,1.12,1.14,"MAX : 1.14
TARGET : 1.12
MIN : 1.10"
7482,1112,10,17,Width between anchor and tail,0.98,1.00,1.02,"MAX : 1.02
TARGET : 1.00
MIN : 0.98"
7482,1112,10,18,Width of set,3.59,3.62,3.65,"MAX : 3.65
TARGET : 3.62
MIN : 3.59"
7482,1112,10,19,"Width of 9471FL on ""tail"" ",0.45,0.50,0.55,"MAX : 0.55
TARGET : 0.50
MIN : 0.45"
7482,1112,10,20,"Width of 9471FL on ""anchor"" ",0.20,0.25,0.30,"MAX : 0.30
TARGET : 0.25
MIN : 0.20"
7482,1112,10,21,Width of silicone adhesive - Measure one of each,0.130,0.165,0.200,"MAX : 0.200
TARGET : 0.165
MIN : 0.130"
7482,1112,10,27, Do the perfs tear cleanly? -  Check one of each,No(Fail),Yes(Pass),,"MAX : 
TARGET : Yes(Pass)
MIN : No(Fail)"
7482,1112,10,28,Is the nonwoven visually centered between the perfs?,No(Fail),Yes(Pass),,"MAX : 
TARGET : Yes(Pass)
MIN : No(Fail)"
7482,1112,10,29,"Do the ""railroad track"" slits stop before the perf? ",No(Fail),Yes(Pass),,"MAX : 
TARGET : Yes(Pass)
MIN : No(Fail)"
7482,1112,10,31,Perfs through LDPE only?,No(Fail),Yes(Pass),,"MAX : 
TARGET : Yes(Pass)
MIN : No(Fail)"
7482,1112,10,22,Distance between alignment holes - tail side,3.24,3.25,3.26,"MAX : 3.26
TARGET : 3.25
MIN : 3.24"
7482,1112,10,30,Are RR-tracks cut completely  through LDPE to the Acpo? ,No(Fail),Yes(Pass),,"MAX : 
TARGET : Yes(Pass)
MIN : No(Fail)"
7006,1853,10,1,Width of roll,1.47,1.50,1.53,"MAX : 1.53
TARGET : 1.50
MIN : 1.47"
7018,1854,20,2,Is the roll wound without gapping or telescoping?,No(Fail),Yes(Pass),,"MAX : 
TARGET : Yes(Pass)
MIN : No(Fail)"
7509,1894,10,3,Width of part (Keyence),134.0,135.0,136.0,"MAX : 136.0
TARGET : 135.0
MIN : 134.0"
7509,1894,10,5,Distance from blue tape to edge of tab? (Ruler),2.0,5.0,6.0,"MAX : 6.0
TARGET : 5.0
MIN : 2.0"
7509,1894,10,4,Distance from edge of top liner to edge of adhesive. (Keyence),2.2,3.2,4.2,"MAX : 4.2
TARGET : 3.2
MIN : 2.2"
7509,1894,10,6,Is the butt cut deep enough to remove the part but not cut into the liner?,No(Fail),Yes(Pass),,"MAX : 
TARGET : Yes(Pass)
MIN : No(Fail)"
7509,1894,10,7,"Is Polyester Tab material approximately centered, 1/2 over the adhesive?",No (Fail),Yes (Pass),,"MAX : 
TARGET : Yes (Pass)
MIN : No (Fail)"
7509,1894,10,8,Is the adhesive on the top side of the part (Opp. Tab) completely under the liner?,No (Fail),Yes (Pass),,"MAX : 
TARGET : Yes (Pass)
MIN : No (Fail)"
7018,1854,20,1,Width of roll,5.72,6.00,6.06,"MAX : 6.06
TARGET : 6.00
MIN : 5.72"
7024,1074,,2,"Is the back score deep enough to remove the liner, but not cut through the vinyl?",No(Fail),Yes(Pass),,"MAX : 
TARGET : Yes(Pass)
MIN : No(Fail)"
7510,1119,10,2,Total Part Length,9.32,9.45,9.58,"MAX : 9.58
TARGET : 9.45
MIN : 9.32"
7510,1119,10,8,Width of leg opposite of tab,1.84,2.09,2.34,"MAX : 2.34
TARGET : 2.09
MIN : 1.84"
7510,1119,10,11,Window Width,13.89,14.02,14.15,"MAX : 14.15
TARGET : 14.02
MIN : 13.89"
7510,1119,10,12,Total Part Width,24.05,24.30,24.55,"MAX : 24.55
TARGET : 24.30
MIN : 24.05"
7510,1119,10,13,Liner Width on NON-TAB side,6.65,6.90,7.15,"MAX : 7.15
TARGET : 6.90
MIN : 6.65"
7510,1119,10,6,"Liner Width on Tab Side
(Reference Dimension)",6.65,6.90,7.15,"MAX : 7.15
TARGET : 6.90
MIN : 6.65"
7510,1119,10,5,Total Repeat,12.45,12.70,12.95,"MAX : 12.95
TARGET : 12.70
MIN : 12.45"
7510,1119,10,14,"Total Liner Width
(Measure at set-up and blade change)",37.85,38.10,38.35,"MAX : 38.35
TARGET : 38.10
MIN : 37.85"
7510,1119,10,16,Are there scratches or defects present on delivery liner when put on press?,,No (Pass),Yes (Fail),"MAX : Yes (Fail)
TARGET : No (Pass)
MIN : "
7510,1119,10,17,"Die Strike Test:  When the liner is bent back away from the silicone at the die strike, does it split?",,No (Pass),Yes (Fail),"MAX : Yes (Fail)
TARGET : No (Pass)
MIN : "
7510,1119,10,18,Does Product Pass Liner Release Test?,No (Fail),Yes (Pass),,"MAX : 
TARGET : Yes (Pass)
MIN : No (Fail)"
7510,1119,10,15,Is there any PVC present on adhesive side of die cut?,,No (Pass),Yes (Fail),"MAX : Yes (Fail)
TARGET : No (Pass)
MIN : "
7510,1119,10,3,Left leg trailing length,1.15,1.40,1.65,"MAX : 1.65
TARGET : 1.40
MIN : 1.15"
7510,1119,10,10,Width of leg on tab side,1.84,2.09,2.34,"MAX : 2.34
TARGET : 2.09
MIN : 1.84"
7510,1119,10,9,Total adhesive Width,17.95,18.20,18.45,"MAX : 18.45
TARGET : 18.20
MIN : 17.95"
7510,1119,10,7,Tab Width,5.85,6.10,6.35,"MAX : 6.35
TARGET : 6.10
MIN : 5.85"
7024,1074,,1,Does the part fit within the blue lines on the template?,No(Fail),Yes(Pass),,"MAX : 
TARGET : Yes(Pass)
MIN : No(Fail)"
7027,1855,20,2,Does the roll unwind correctly without double cuts?,No(Fail),Yes(Pass),,"MAX : 
TARGET : Yes(Pass)
MIN : No(Fail)"
7027,1855,20,1,Width of roll,0.725,0.730,0.735,"MAX : 0.735
TARGET : 0.730
MIN : 0.725"
7028,1856,20,2,Does the roll unwind correctly without double cuts?,No(Fail),Yes(Pass),,"MAX : 
TARGET : Yes(Pass)
MIN : No(Fail)"
7530,1121,20,3,Width of tab - measure the non-adhesive area,4.0,5.0,6.0,"MAX : 6.0
TARGET : 5.0
MIN : 4.0"
7530,1121,20,5,Is the die strike deep enough to remove the matrix but not cut into the liner?,No(Fail),Yes(Pass),,"MAX : 
TARGET : Yes(Pass)
MIN : No(Fail)"
7530,1121,20,6,Does the perf tear cleanly without ripping the liner?,No(Fail),Yes(Pass),,"MAX : 
TARGET : Yes(Pass)
MIN : No(Fail)"
7530,1121,20,4,Is the score deep enough to remove the adhesive but not cut into the parent liner?,No(Fail),Yes(Pass),,"MAX : 
TARGET : Yes(Pass)
MIN : No(Fail)"
7028,1856,20,1,Width of roll,0.995,1.000,1.005,"MAX : 1.005
TARGET : 1.000
MIN : 0.995"
7030,1857,,2,Does the roll unwind correctly without double cuts?,No(Fail),Yes(Pass),,"MAX : 
TARGET : Yes(Pass)
MIN : No(Fail)"
7030,1857,,1,Width of roll,0.295,0.300,0.305,"MAX : 0.305
TARGET : 0.300
MIN : 0.295"
7035,1858,10,2,Is the roll free of slivers and double cuts?,No(Fail),Yes(Pass),,"MAX : 
TARGET : Yes(Pass)
MIN : No(Fail)"
7035,1858,10,1,Width of roll - See work order for target,-0.02,target,+0.02,"MAX : +0.02
TARGET : target
MIN : -0.02"
7543,1122,10,1,Are there two layers of adhesive on the adhesive side?,No(Fail),Yes(Pass),,"MAX : 
TARGET : Yes(Pass)
MIN : No(Fail)"
7543,1122,10,2,"Is the lamination free of gross lamination defects, such as large bubbles and adhesive picks?",No(Fail),Yes(Pass),,"MAX : 
TARGET : Yes(Pass)
MIN : No(Fail)"
7543,1122,20,3,Is the cut edge free of slivers and other cutting debris?,No(Fail),Yes(Pass),,"MAX : 
TARGET : Yes(Pass)
MIN : No(Fail)"
7046,1075,10,2,Width of part,1.47,1.50,1.53,"MAX : 1.53
TARGET : 1.50
MIN : 1.47"
7046,1075,10,1,Length of part,0.47,0.50,0.53,"MAX : 0.53
TARGET : 0.50
MIN : 0.47"
7553,1900,10,3,Diameter of circle,0.595,0.625,0.655,"MAX : 0.655
TARGET : 0.625
MIN : 0.595"
7553,1900,10,4,Is the die strike deep enough to remove the matrix without cutting into the liner?,No(Fail),Yes(Pass),,"MAX : 
TARGET : Yes(Pass)
MIN : No(Fail)"
7553,1900,10,5,Are the circles visually centered on the sheet?,No(Fail),Yes(Pass),,"MAX : 
TARGET : Yes(Pass)
MIN : No(Fail)"
7047,1076,20,2,Width of part,1.595,1.625,1.655,"MAX : 1.655
TARGET : 1.625
MIN : 1.595"
7047,1076,20,1,Length of part,2.97,3.00,3.03,"MAX : 3.03
TARGET : 3.00
MIN : 2.97"
6835,1064,10,3,Diameter of holes,0.152,0.157,0.162,"MAX : 0.162
TARGET : 0.157
MIN : 0.152"
7049,1859,30,2,Width of 467MP strips,0.22,0.25,0.28,"MAX : 0.28
TARGET : 0.25
MIN : 0.22"
7578,1125,20,3,Is the slit cut all the way through both liner and vinyl?,No(Fail),Yes(Pass),,"MAX : 
TARGET : Yes(Pass)
MIN : No(Fail)"
7049,1859,30,1,Distance from gear side of PET to closest 467MP strip,0.50,0.53,0.56,"MAX : 0.56
TARGET : 0.53
MIN : 0.50"
7049,1859,20,1,Width of 467MP.,0.22,0.25,0.28,"MAX : 0.28
TARGET : 0.25
MIN : 0.22"
7052,1077,10,2,Width of label,0.72,0.75,0.78,"MAX : 0.78
TARGET : 0.75
MIN : 0.72"
7052,1077,10,1,Length of label,1.47,1.50,1.53,"MAX : 1.53
TARGET : 1.50
MIN : 1.47"
7581,1128,20,3,Is the slit cut all the way through both liner and vinyl?,No(Fail),Yes(Pass),,"MAX : 
TARGET : Yes(Pass)
MIN : No(Fail)"
7055,1078,20,2,Width of part,173,175,177,"MAX : 177
TARGET : 175
MIN : 173"
7055,1078,20,1,Length of part,58,60,62,"MAX : 62
TARGET : 60
MIN : 58"
7592,1903,20,3,Is the roll wound without gapping or telescoping?,No(Fail),Yes(Pass),,"MAX : 
TARGET : Yes(Pass)
MIN : No(Fail)"
7057,1860,10,2,Is the roll free of double cuts and slivers?,No(Fail),Yes(Pass),,"MAX : 
TARGET : Yes(Pass)
MIN : No(Fail)"
7057,1860,10,1,Width of roll - see work order for target,-0.02,Target,+0.02,"MAX : +0.02
TARGET : Target
MIN : -0.02"
7590,1129,10,3,Is the die strike deep enough to remove the matrix but not cut into the liner?,No(Fail),Yes(Pass),,"MAX : 
TARGET : Yes(Pass)
MIN : No(Fail)"
7059,1861,10,2,Are the edges free of double cuts?,No(Fail),Yes(Pass),,"MAX : 
TARGET : Yes(Pass)
MIN : No(Fail)"
7059,1861,10,1,Width of roll - See work order for target,0.109,0.125,0.141,"MAX : 0.141
TARGET : 0.125
MIN : 0.109"
7596,1130,10,3,Distance from end to thick black line,2.63,2.69,2.75,"MAX : 2.75
TARGET : 2.69
MIN : 2.63"
7596,1130,10,4,Distance from side to thin black line,0.51,0.57,0.63,"MAX : 0.63
TARGET : 0.57
MIN : 0.51"
7596,1130,10,5,Is the score deep enough to remove the liner without cutting into the vinyl?,No(Fail),Yes(Pass),,"MAX : 
TARGET : Yes(Pass)
MIN : No(Fail)"
7596,1130,10,6,Is the black dark and free of gross printing defects?,No(fail),Yes(Pass),,"MAX : 
TARGET : Yes(Pass)
MIN : No(fail)"
7061,1079,10,3,Are the cut edges free of slivers and double cuts?,No (Fail),Yes (Pass),,"MAX : 
TARGET : Yes (Pass)
MIN : No (Fail)"
7061,1079,10,4,"Are parts free of blemishes, indentations, and other visual defects?  If not, SEE QA FOR INSPECTION ASSISTANCE BEFORE PROCEEDING!",No (Fail),Yes (Pass),,"MAX : 
TARGET : Yes (Pass)
MIN : No (Fail)"
7597,1131,10,3,Distance from end to thick black line,2.63,2.69,2.75,"MAX : 2.75
TARGET : 2.69
MIN : 2.63"
7597,1131,10,4,Distance from side to thin black line,0.51,0.57,0.63,"MAX : 0.63
TARGET : 0.57
MIN : 0.51"
7597,1131,10,5,Is the score deep enough to remove the liner without cutting into the vinyl?,No(Fail),Yes(Pass),,"MAX : 
TARGET : Yes(Pass)
MIN : No(Fail)"
7597,1131,10,6,Is the black dark and free of gross printing defects?,No(fail),Yes(Pass),,"MAX : 
TARGET : Yes(Pass)
MIN : No(fail)"
7061,1079,10,1,Does the part fit the approved template?,No (Fail),Yes (Pass),,"MAX : 
TARGET : Yes (Pass)
MIN : No (Fail)"
7081,1080,30,1,Width of part,0.420,0.435,0.450,"MAX : 0.450
TARGET : 0.435
MIN : 0.420"
7603,1904,10,3,Distance from gear edge to film,0,1,2,"MAX : 2
TARGET : 1
MIN : 0"
7603,1904,10,6,Is the lamination free of gross lamination defects?,No(Fail),Yes(Pass),,"MAX : 
TARGET : Yes(Pass)
MIN : No(Fail)"
7603,1904,10,5,Width of operator side film,5.35,6.35,7.35,"MAX : 7.35
TARGET : 6.35
MIN : 5.35"
7603,1904,10,4,Width of gear side film,5.35,6.35,7.35,"MAX : 7.35
TARGET : 6.35
MIN : 5.35"
7081,1080,40,1,Length of part,1.20,1.22,1.24,"MAX : 1.24
TARGET : 1.22
MIN : 1.20"
7081,1080,10,1,Width of slit roll,1.15,1.20,1.25,"MAX : 1.25
TARGET : 1.20
MIN : 1.15"
7604,1133,20,3,Distance from near edge to tape,0.04,0.07,0.10,"MAX : 0.10
TARGET : 0.07
MIN : 0.04"
7604,1133,20,4,Is the tape laminated to the vinyl side?,No(Fail),Yes(Pass),,"MAX : 
TARGET : Yes(Pass)
MIN : No(Fail)"
7604,1133,20,5,Is the score deep enough to remove the liner and not cut into the vinyl?,No(Fail),Yes(Pass),,"MAX : 
TARGET : Yes(Pass)
MIN : No(Fail)"
7081,1080,40,3,Were any mis-cuts or incomplete cuts observed in visual inspection of bag?,No(Pass),Yes(Fail),,"MAX : 
TARGET : Yes(Fail)
MIN : No(Pass)"
7081,1080,10,2,Is the slit edge free of slivers and double cuts?,No(Fail),Yes(Pass),,"MAX : 
TARGET : Yes(Pass)
MIN : No(Fail)"
7605,1134,20,3,Distance from near edge to tape,0.04,0.07,0.10,"MAX : 0.10
TARGET : 0.07
MIN : 0.04"
7605,1134,20,4,Is the tape laminated to the vinyl side?,No(Fail),Yes(Pass),,"MAX : 
TARGET : Yes(Pass)
MIN : No(Fail)"
7605,1134,20,5,Is the score deep enough to remove the liner and not cut into the vinyl?,No(Fail),Yes(Pass),,"MAX : 
TARGET : Yes(Pass)
MIN : No(Fail)"
7082,1081,30,2,Width of gear side adhesive,0.065,0.080,0.095,"MAX : 0.095
TARGET : 0.080
MIN : 0.065"
7082,1081,40,1,Length of part,2.30,2.32,2.34,"MAX : 2.34
TARGET : 2.32
MIN : 2.30"
7601,1132,10,3,Distance from perforation to end of part (see drawing),0.48,0.50,0.52,"MAX : 0.52
TARGET : 0.50
MIN : 0.48"
7601,1132,10,4,Distance from edge of part to edge of exposed metal strip. Cross web registration ,2.46,2.48,2.50,"MAX : 2.50
TARGET : 2.48
MIN : 2.46"
7601,1132,10,5,Is Red side of CSM laminated to adhesive?,No (Fail),Yes (Pass),,"MAX : 
TARGET : Yes (Pass)
MIN : No (Fail)"
7601,1132,10,6,Is the die strike deep enough to remove the matrix but not cut into the liner?,No (Fail),Yes (Pass),,"MAX : 
TARGET : Yes (Pass)
MIN : No (Fail)"
7082,1081,30,1,Width of part,0.450,0.465,0.480,"MAX : 0.480
TARGET : 0.465
MIN : 0.450"
7082,1081,10,1,Width of slit roll,1.15,1.20,1.25,"MAX : 1.25
TARGET : 1.20
MIN : 1.15"
7675,1136,10,3,Is the printed border visual even on the three sides with no text?,No(Fail),Yes(Pass),,"MAX : 
TARGET : Yes(Pass)
MIN : No(Fail)"
7675,1136,10,4,"Is the die strike deep enough to remove the matrix, but not cut into the liner?",No(Fail),Yes(Pass),,"MAX : 
TARGET : Yes(Pass)
MIN : No(Fail)"
7675,1136,10,5,Is the color within one shade of PMS?,No(Fail),Yes(Pass),,"MAX : 
TARGET : Yes(Pass)
MIN : No(Fail)"
7675,1136,20,1,Is the finished rewind direction #4?,No(Fail),Yes(Pass),,"MAX : 
TARGET : Yes(Pass)
MIN : No(Fail)"
7082,1081,10,2,Is the slit edge free of slivers and double cuts?,No(Fail),Yes(Pass),,"MAX : 
TARGET : Yes(Pass)
MIN : No(Fail)"
7086,1082,10,2,Length of sheet,6.345,6.375,6.405,"MAX : 6.405
TARGET : 6.375
MIN : 6.345"
7086,1082,10,1,Diameter of circle,6.22,6.25,6.28,"MAX : 6.28
TARGET : 6.25
MIN : 6.22"
7087,1862,10,1,Width of roll,0.45,0.50,0.55,"MAX : 0.55
TARGET : 0.50
MIN : 0.45"
7087,1862,10,2,Are the rolls wound without gapping or telescoping?,No(Fail),Yes(Pass),,"MAX : 
TARGET : Yes(Pass)
MIN : No(Fail)"
7087,1862,10,3,Are any splices made so that the finished rolls unwind correctly?,No(Fail),Yes(Pass),,"MAX : 
TARGET : Yes(Pass)
MIN : No(Fail)"
7120,1863,10,2,Is the slit edge free of slivers and double cuts?,No(Fail),Yes(Pass),,"MAX : 
TARGET : Yes(Pass)
MIN : No(Fail)"
6968,1850,20,5,"Record Tool number used for this order.  Do not run more than 25,000 feet (300,000 parts) on a tool before pulling for retool.",,,,"MAX : 
TARGET : 
MIN : "
7120,1863,10,1,Width of roll,0.97,1.00,1.03,"MAX : 1.03
TARGET : 1.00
MIN : 0.97"
7685,1138,10,3,Length of part,9.22,9.25,9.28,"MAX : 9.28
TARGET : 9.25
MIN : 9.22"
7122,1864,10,2,Is the roll wound without gapping and telescoping?,No(Fail),Yes(Pass),,"MAX : 
TARGET : Yes(Pass)
MIN : No(Fail)"
7122,1864,10,1,Width of roll,2.38,2.44,2.56,"MAX : 2.56
TARGET : 2.44
MIN : 2.38"
7677,1137,20,3,Width of part,48.0,49.0,50.0,"MAX : 50.0
TARGET : 49.0
MIN : 48.0"
7677,1137,20,4,Width of tab,5.4,6.4,7.4,"MAX : 7.4
TARGET : 6.4
MIN : 5.4"
7677,1137,20,5,Is the die strike deep enough to remove the matrix but not cut into the liner?,No(Fail),Yes(Pass),,"MAX : 
TARGET : Yes(Pass)
MIN : No(Fail)"
7126,1083,10,2,Distance from back score to edge of sheet,0.44,0.50,0.56,"MAX : 0.56
TARGET : 0.50
MIN : 0.44"
7126,1083,10,1,Width of sheet,3.97,4.00,4.03,"MAX : 4.03
TARGET : 4.00
MIN : 3.97"
1226,883,10,3,Is the die strike deep enough to remove the matrix without cutting into the liner?,No(Fail),Yes(Pass),,"MAX : 
TARGET : Yes(Pass)
MIN : No(Fail)"
7130,1865,10,2,Is the roll wound without gapping and telescoping?,No(Fail),Yes(Pass),,"MAX : 
TARGET : Yes(Pass)
MIN : No(Fail)"
7130,1865,10,1,Width of roll,31,32,33,"MAX : 33
TARGET : 32
MIN : 31"
7708,1908,20,3,Was yellow splice tape used create splices?,No(Fail),Yes(Pass),,"MAX : 
TARGET : Yes(Pass)
MIN : No(Fail)"
7135,1866,10,2,Is finished product roll 60 yards in length?,No (Fail),Yes (Pass),,"MAX : 
TARGET : Yes (Pass)
MIN : No (Fail)"
7135,1866,10,1,Width of slit roll on Cevi,4.3,5.0,5.7,"MAX : 5.7
TARGET : 5.0
MIN : 4.3"
7700,1139,20,3,Width of part,56.94,57.04,57.14,"MAX : 57.14
TARGET : 57.04
MIN : 56.94"
7700,1139,20,4,Distance from center of small hole to far edge of part,49.62,49.87,50.12,"MAX : 50.12
TARGET : 49.87
MIN : 49.62"
7700,1139,20,5,Diameter of small hole,0.41,0.51,0.61,"MAX : 0.61
TARGET : 0.51
MIN : 0.41"
7700,1139,20,10,Width of liner,66.84,67.04,67.24,"MAX : 67.24
TARGET : 67.04
MIN : 66.84"
7700,1139,20,11,Distance from edge of part to edge of liner,4.75,5.00,5.25,"MAX : 5.25
TARGET : 5.00
MIN : 4.75"
7700,1139,20,12,Repeat of part,28.43,28.58,28.73,"MAX : 28.73
TARGET : 28.58
MIN : 28.43"
7145,1084,10,2,Width of part,2.22,2.25,2.28,"MAX : 2.28
TARGET : 2.25
MIN : 2.22"
6978,1071,10,4,Are output rolls the correct length?,980,1080,1180,"MAX : 1180
TARGET : 1080
MIN : 980"
6978,1071,10,7,Confirm that the construction is correct and all 3 materials are present in the correct order.,No(Fail),Yes(Pass),,"MAX : 
TARGET : Yes(Pass)
MIN : No(Fail)"
7145,1084,10,1,Length of part,1.97,2.00,2.03,"MAX : 2.03
TARGET : 2.00
MIN : 1.97"
7158,1085,20,1,Width of part,0.94,1.00,1.06,"MAX : 1.06
TARGET : 1.00
MIN : 0.94"
7158,1085,30,1,Length of part,0.44,0.50,0.56,"MAX : 0.56
TARGET : 0.50
MIN : 0.44"
7737,1909,10,4,Width of Tape,1.97,2.00,2.03,"MAX : 2.03
TARGET : 2.00
MIN : 1.97"
7737,1909,10,5,Width of 42# Liner,2.12,2.25,2.38,"MAX : 2.38
TARGET : 2.25
MIN : 2.12"
7170,1867,10,2,Width of Part ,18,19,20,"MAX : 20
TARGET : 19
MIN : 18"
7170,1867,10,1,Length of Part,18,19,20,"MAX : 20
TARGET : 19
MIN : 18"
7174,1868,10,2,Width of part,2.47,2.50,2.53,"MAX : 2.53
TARGET : 2.50
MIN : 2.47"
7174,1868,10,1,Length of part,0.47,0.50,0.53,"MAX : 0.53
TARGET : 0.50
MIN : 0.47"
7180,1087,30,2,Width of part,0.595,0.625,0.655,"MAX : 0.655
TARGET : 0.625
MIN : 0.595"
7180,1087,30,1,Length of part,0.94,1.00,1.06,"MAX : 1.06
TARGET : 1.00
MIN : 0.94"
7180,1087,30,5,"Is the butt cut deep enough to remove the parts, but not cut into the liner?  Check 33 repeats by pulling off every other part.  Check 4 lanes (incl. OP and GR) per set.  Perform checks only on parts that were cut at process speed, not jog.  Save strip in retain envelope.",No (Fail),Yes (Pass),4 Lanes,"MAX : 4 Lanes
TARGET : Yes (Pass)
MIN : No (Fail)"
7180,1087,30,8,"Record Tool number used for this order.  Do not run more than 5,031,000 parts (117 sets) on a tool before pulling for retool.",,,,"MAX : 
TARGET : 
MIN : "
7180,1087,30,7,"Torque setting for tool recorded above.
Truck assembly must be used.  Starting setting should be 75 in/lbs",,,,"MAX : 
TARGET : 
MIN : "
7728,1142,10,4,Width of liner,0.98,1.00,1.02,"MAX : 1.02
TARGET : 1.00
MIN : 0.98"
7728,1142,10,5,Distance from edge of part to edge of liner,0.168,0.188,0.208,"MAX : 0.208
TARGET : 0.188
MIN : 0.168"
7728,1142,10,8,Is the die strike deep enough to remove the matrix but not cut into the liner?,No(Fail),Yes(Pass),,"MAX : 
TARGET : Yes(Pass)
MIN : No(Fail)"
7180,1087,30,6,One roll from each set - a tool repeat (10 around) checked every 50 feet offline.  Are all cuts complete with liner intact?,No (Fail),Yes (Pass),,"MAX : 
TARGET : Yes (Pass)
MIN : No (Fail)"
7183,1869,10,2,Is the slit edge free of slivers and double cuts?,No(Fail),Yes(Pass),,"MAX : 
TARGET : Yes(Pass)
MIN : No(Fail)"
7183,1869,10,1,Width of slit roll,0.47,0.50,0.53,"MAX : 0.53
TARGET : 0.50
MIN : 0.47"
7194,1089,20,2,Width of part,72.8,73.8,74.8,"MAX : 74.8
TARGET : 73.8
MIN : 72.8"
7746,1145,20,3,Width of tab,0.24,0.27,0.30,"MAX : 0.30
TARGET : 0.27
MIN : 0.24"
7746,1145,20,4,Is the score deep enough to remove the adhesive but not cut into the liner?,No(Fail),Yes(Pass),,"MAX : 
TARGET : Yes(Pass)
MIN : No(Fail)"
7746,1145,20,5,Is the paper liner coated on both sides?,No(Fail),Yes(Pass),,"MAX : 
TARGET : Yes(Pass)
MIN : No(Fail)"
7194,1089,20,1,Length of part,66.5,67.5,68.5,"MAX : 68.5
TARGET : 67.5
MIN : 66.5"
7195,1090,20,1,Length of part,63.5,64.5,65.5,"MAX : 65.5
TARGET : 64.5
MIN : 63.5"
7747,1146,20,4,Is the score deep enough to remove the adhesive but not cut into the liner?,No(Fail),Yes(Pass),,"MAX : 
TARGET : Yes(Pass)
MIN : No(Fail)"
7747,1146,20,5,Is the paper liner coated on both sides?,No(Fail),Yes(Pass),,"MAX : 
TARGET : Yes(Pass)
MIN : No(Fail)"
7747,1146,20,2,Diameter of inside,1.86,1.89,1.92,"MAX : 1.92
TARGET : 1.89
MIN : 1.86"
7195,1090,20,4,Does the part have a red stripe visually centered on part?,No(Fail),Yes(Pass),,"MAX : 
TARGET : Yes(Pass)
MIN : No(Fail)"
7196,1091,20,1,Length of part,5.72,5.75,5.78,"MAX : 5.78
TARGET : 5.75
MIN : 5.72"
7763,1148,10,3,Width of part,7.7,8.0,8.3,"MAX : 8.3
TARGET : 8.0
MIN : 7.7"
7763,1148,10,4,Is the die strike deep enough to remove the matrix but not cut into the liner?,No(Fail),Yes(Pass),,"MAX : 
TARGET : Yes(Pass)
MIN : No(Fail)"
7196,1091,20,2,Width of part,1.72,1.75,1.78,"MAX : 1.78
TARGET : 1.75
MIN : 1.72"
7199,1870,10,2,Is the slit edge free of slivers and other debris?,No(Fail),Yes(Pass),,"MAX : 
TARGET : Yes(Pass)
MIN : No(Fail)"
7762,1911,10,3,Is the roll wound without gapping or telescoping?,No(Fail),Yes(Pass),,"MAX : 
TARGET : Yes(Pass)
MIN : No(Fail)"
7199,1870,10,1,Width of roll,0.158,0.188,0.218,"MAX : 0.218
TARGET : 0.188
MIN : 0.158"
7211,1092,20,2,Width of label,12.94,13.00,13.06,"MAX : 13.06
TARGET : 13.00
MIN : 12.94"
7753,1147,10,4,Is the die strike deep enough to remove the matrix but not cut into the liner?  ,No(Fail),Yes(Pass),,"MAX : 
TARGET : Yes(Pass)
MIN : No(Fail)"
7753,1147,20,15,"Dimension A
Must be Within ±.010"" at set up",0.755,0.780,0.805,"MAX : 0.805
TARGET : 0.780
MIN : 0.755"
7753,1147,20,16,Dimension B,1.568,1.578,1.588,"MAX : 1.588
TARGET : 1.578
MIN : 1.568"
7753,1147,20,17,Dimension C,2.862,2.872,2.882,"MAX : 2.882
TARGET : 2.872
MIN : 2.862"
7753,1147,20,18,Dimension D,4.440,4.450,4.460,"MAX : 4.460
TARGET : 4.450
MIN : 4.440"
7753,1147,20,19,"Dimension F
Must be Within ±.010"" at set up",0.755,0.780,0.805,"MAX : 0.805
TARGET : 0.780
MIN : 0.755"
7753,1147,20,20,Dimension G,1.337,1.347,1.357,"MAX : 1.357
TARGET : 1.347
MIN : 1.337"
7753,1147,20,21,Dimension H,2.134,2.144,2.154,"MAX : 2.154
TARGET : 2.144
MIN : 2.134"
7753,1147,20,22,Dimension I,2.931,2.941,2.951,"MAX : 2.951
TARGET : 2.941
MIN : 2.931"
7753,1147,20,23,Dimension J,3.728,3.738,3.748,"MAX : 3.748
TARGET : 3.738
MIN : 3.728"
7753,1147,20,24,Dimension K,4.525,4.535,4.545,"MAX : 4.545
TARGET : 4.535
MIN : 4.525"
7753,1147,20,25,Dimension L,5.440,5.450,5.460,"MAX : 5.460
TARGET : 5.450
MIN : 5.440"
7753,1147,20,2,Dimension P,0.367,0.375,0.383,"MAX : 0.383
TARGET : 0.375
MIN : 0.367"
7753,1147,20,4,Dimension Q,0.367,0.375,0.383,"MAX : 0.383
TARGET : 0.375
MIN : 0.367"
7753,1147,20,9,Dimension R,0.040,0.045,0.050,"MAX : 0.050
TARGET : 0.045
MIN : 0.040"
7753,1147,20,10,Dimension S,0.040,0.045,0.050,"MAX : 0.050
TARGET : 0.045
MIN : 0.040"
7753,1147,20,8,Dimension T,0.040,0.045,0.050,"MAX : 0.050
TARGET : 0.045
MIN : 0.040"
7753,1147,20,11,Dimension U,0.040,0.045,0.050,"MAX : 0.050
TARGET : 0.045
MIN : 0.040"
7753,1147,20,7,Dimension V,0.040,0.045,0.050,"MAX : 0.050
TARGET : 0.045
MIN : 0.040"
7753,1147,20,12,Dimension W,0.040,0.045,0.050,"MAX : 0.050
TARGET : 0.045
MIN : 0.040"
7753,1147,20,6,Dimension X,0.040,0.045,0.050,"MAX : 0.050
TARGET : 0.045
MIN : 0.040"
7753,1147,20,13,Dimension Y,0.040,0.045,0.050,"MAX : 0.050
TARGET : 0.045
MIN : 0.040"
7753,1147,20,5,Dimension Z,0.040,0.045,0.050,"MAX : 0.050
TARGET : 0.045
MIN : 0.040"
7753,1147,20,14,Dimension AA,0.040,0.045,0.050,"MAX : 0.050
TARGET : 0.045
MIN : 0.040"
7753,1147,20,1,Dimension BB,0.367,0.375,0.383,"MAX : 0.383
TARGET : 0.375
MIN : 0.367"
7753,1147,20,3,Dimension CC,0.367,0.375,0.383,"MAX : 0.383
TARGET : 0.375
MIN : 0.367"
7753,1147,20,26,Does the part meet the wrinkle and crease defect sheet?,No(Fail),Yes(Pass),,"MAX : 
TARGET : Yes(Pass)
MIN : No(Fail)"
7753,1147,20,27,Are all of the holes removed with no hanging chads?,No(Fail),Yes(Pass),,"MAX : 
TARGET : Yes(Pass)
MIN : No(Fail)"
7211,1092,20,4,Distance from end of sheet to close edge of internal die cut.,0.44,0.50,0.56,"MAX : 0.56
TARGET : 0.50
MIN : 0.44"
7211,1092,20,1,Length of label,19.94,20.00,20.06,"MAX : 20.06
TARGET : 20.00
MIN : 19.94"
7726,1140,10,5,Diameter of Circle,1.620,1.640,1.660,"MAX : 1.660
TARGET : 1.640
MIN : 1.620"
7211,1092,20,3,Distance from edge of sheet to close edge of internal die cut.,0.32,0.38,0.44,"MAX : 0.44
TARGET : 0.38
MIN : 0.32"
7233,1093,10,2,Width of part,440,450,460,"MAX : 460
TARGET : 450
MIN : 440"
7769,1913,10,4,Is the score deep enough to remove the 9828 but not cut into the liner?,No(Fail),Yes(Pass),,"MAX : 
TARGET : Yes(Pass)
MIN : No(Fail)"
7769,1913,10,5,Is the roll wound without gapping or telescoping?,No(Fail),Yes(Pass),,"MAX : 
TARGET : Yes(Pass)
MIN : No(Fail)"
7233,1093,10,1,Length of part,440,450,460,"MAX : 460
TARGET : 450
MIN : 440"
7262,1094,20,1,Is the score deep enough to remove the liner?,No(Fail),Yes(Pass),,"MAX : 
TARGET : Yes(Pass)
MIN : No(Fail)"
7726,1140,20,3,Is the box oriented correctly with the 4 square cut-outs at the bottom? (Monitor constantly/log data every 22-24 boxes),No (Fail),Yes (Pass),,"MAX : 
TARGET : Yes (Pass)
MIN : No (Fail)"
7726,1140,20,4,"With the tail on the left side of the box and the tops pulling out on the right side, is the box label on the tail side of the box? (Monitor constantly/log data every 22-24 boxes)",No (Fail),Yes (Pass),,"MAX : 
TARGET : Yes (Pass)
MIN : No (Fail)"
7726,1140,20,5,No more than 2 missing parts in a row.  (Monitor constantly/log data every 22-24 boxes),No (Fail),Yes (Pass),,"MAX : 
TARGET : Yes (Pass)
MIN : No (Fail)"
7726,1140,20,6,"Have parts with aesthetic issues (overlapping, wrinkles, perf on part, damage, etc...) been removed? (Monitor constantly/log data every 22-24 boxes)",No (Fail),Yes (Pass),,"MAX : 
TARGET : Yes (Pass)
MIN : No (Fail)"
7262,1094,10,1,Does the part fit the inspection template?,No(Fail),Yes(Pass),,"MAX : 
TARGET : Yes(Pass)
MIN : No(Fail)"
7263,1095,20,1,Is the score deep enough to remove the liner?,No(Fail),Yes(Pass),,"MAX : 
TARGET : Yes(Pass)
MIN : No(Fail)"
7776,1149,10,3,Is the part laminated free of all visable defects?,No(Fail),Yes(Pass),,"MAX : 
TARGET : Yes(Pass)
MIN : No(Fail)"
7776,1149,10,4,"Are the parts cut cleanly, free of all hairs and debris?",No(Fail),Yes(Pass),,"MAX : 
TARGET : Yes(Pass)
MIN : No(Fail)"
7776,1149,10,5,Are the holes cleanly removed?,No(Fail),Yes(Pass),,"MAX : 
TARGET : Yes(Pass)
MIN : No(Fail)"
7263,1095,10,1,Does the part fit the inspection template?,No(Fail),Yes(Pass),,"MAX : 
TARGET : Yes(Pass)
MIN : No(Fail)"
7264,1096,20,1,Is the score deep enough to remove the liner?,No(Fail),Yes(Pass),,"MAX : 
TARGET : Yes(Pass)
MIN : No(Fail)"
7777,1914,20,2,Distance from edge of liner to edge of tape,0,0.125,0.25,"MAX : 0.25
TARGET : 0.125
MIN : 0"
7777,1914,20,3,Is the tape laminated to the release side of the liner?,No(Fail),Yes(Pass),,"MAX : 
TARGET : Yes(Pass)
MIN : No(Fail)"
7777,1914,20,4,Is the roll wound without gapping or telescoping?,No(fail),Yes(Pass),,"MAX : 
TARGET : Yes(Pass)
MIN : No(fail)"
7264,1096,10,1,Does the part fit the inspection template?,No(Fail),Yes(Pass),,"MAX : 
TARGET : Yes(Pass)
MIN : No(Fail)"
7272,1097,10,2,Width of adhesive,2.985,3.000,3.015,"MAX : 3.015
TARGET : 3.000
MIN : 2.985"
7780,1915,10,3,Is the roll wound without gapping and telescoping?,No(Fail),Yes(Pass),,"MAX : 
TARGET : Yes(Pass)
MIN : No(Fail)"
7780,1915,20,1,Is the roll tabbed?,No(Fail),Yes(Pass),,"MAX : 
TARGET : Yes(Pass)
MIN : No(Fail)"
7780,1915,20,2,Does the roll work correctly in the dispenser?,No(Fail),Yes(Pass),,"MAX : 
TARGET : Yes(Pass)
MIN : No(Fail)"
7272,1097,10,5,Width of liner,3.718,3.750,3.781,"MAX : 3.781
TARGET : 3.750
MIN : 3.718"
7272,1097,10,1,Length of part,0.360,0.375,0.390,"MAX : 0.390
TARGET : 0.375
MIN : 0.360"
7784,1916,10,4,Is the die strike deep enough to remove the adhesive but not cut into the liner?,No(Fail),Yes(Pass),,"MAX : 
TARGET : Yes(Pass)
MIN : No(Fail)"
7272,1097,10,4,Width of tab,0.235,0.250,0.265,"MAX : 0.265
TARGET : 0.250
MIN : 0.235"
7273,1098,10,4,Adhesive Width,18.47,18.60,18.73,"MAX : 18.73
TARGET : 18.60
MIN : 18.47"
7786,1150,20,6,Is the die strike deep enough to strip the matrix but not cut into the liner?,No(Fail),Yes(Pass),,"MAX : 
TARGET : Yes(Pass)
MIN : No(Fail)"
7786,1150,20,7,Is the adhesive on the foam laminated to the VHB?,No(Fail),Yes(Pass),,"MAX : 
TARGET : Yes(Pass)
MIN : No(Fail)"
7273,1098,10,3,Total Part Width,23.17,23.30,23.43,"MAX : 23.43
TARGET : 23.30
MIN : 23.17"
7273,1098,10,1,"Total Liner Width 
(Measure at set-up and blade change)",37.97,38.10,38.23,"MAX : 38.23
TARGET : 38.10
MIN : 37.97"
7789,1151,10,3,Is the liner width between 18 5/8 and 18 3/8?,No (Fail),Yes (Pass),,"MAX : 
TARGET : Yes (Pass)
MIN : No (Fail)"
7789,1151,10,4,Distance from edge of adhesive to edge of liner,0.125,0.25,0.375,"MAX : 0.375
TARGET : 0.25
MIN : 0.125"
7789,1151,10,5,Is the adhesive laminated to the release side of the 54# liner?,No(Fail),Yes(Pass),,"MAX : 
TARGET : Yes(Pass)
MIN : No(Fail)"
7789,1151,10,6,"Does the sheeted part lay flat with little to no visible curl?
",No(Fail),Yes(Pass),,"MAX : 
TARGET : Yes(Pass)
MIN : No(Fail)"
7273,1098,10,11,"Verify the 966NP being used is a transfer adhesive, and not a double coated adhesive.",Fail,Pass,,"MAX : 
TARGET : Pass
MIN : Fail"
7274,1099,10,4,Window Length ,18.91,19.04,19.17,"MAX : 19.17
TARGET : 19.04
MIN : 18.91"
7274,1099,10,13,Adhesive Tab Side,3.25,3.50,3.75,"MAX : 3.75
TARGET : 3.50
MIN : 3.25"
7274,1099,10,3,Right Leg Lead Length ,1.54,1.79,2.04,"MAX : 2.04
TARGET : 1.79
MIN : 1.54"
7795,1918,20,3,Is the roll wound without gapping and telescoping?,No(Fail),Yes(Pass),,"MAX : 
TARGET : Yes(Pass)
MIN : No(Fail)"
7274,1099,10,19,"Verify the 966NP being used is a transfer adhesive, and not a double coated adhesive.",Fail,Pass,,"MAX : 
TARGET : Pass
MIN : Fail"
7275,1872,10,2,Are the slit edges clean and free of debris and adhesive buildup?,No(Fail),Yes(Pass),,"MAX : 
TARGET : Yes(Pass)
MIN : No(Fail)"
7806,1153,20,3,Is the die strike deep enough to remove the matrix but not cut into the liner?,No(Fail),Yes(Pass),,"MAX : 
TARGET : Yes(Pass)
MIN : No(Fail)"
7275,1872,10,1,Width of roll.,12.50,13.50,14.50,"MAX : 14.50
TARGET : 13.50
MIN : 12.50"
7296,1100,10,4,Window Length,11.92,12.05,12.18,"MAX : 12.18
TARGET : 12.05
MIN : 11.92"
7296,1100,10,3,Right Leg Lead length,3.60,3.85,4.10,"MAX : 4.10
TARGET : 3.85
MIN : 3.60"
7296,1100,10,19,"Verify the 966NP being used is a transfer adhesive, and not a double coated adhesive.",Fail,Pass,,"MAX : 
TARGET : Pass
MIN : Fail"
7821,1154,10,3,Is the die strike deep enough to remove the matrix but not cut into the liner?,No(Fail),Yes(Pass),,"MAX : 
TARGET : Yes(Pass)
MIN : No(Fail)"
7821,1154,10,4,Is the adhesive laminated to the non-metalized side of the PET?,No(Fail),Yes(Pass),,"MAX : 
TARGET : Yes(Pass)
MIN : No(Fail)"
7306,1873,10,3,Is the tape visually centered on the liner?,No(Fail),Yes(Pass),,"MAX : 
TARGET : Yes(Pass)
MIN : No(Fail)"
7306,1873,10,1,Width of tape,15.9375,16.00,16.0625,"MAX : 16.0625
TARGET : 16.00
MIN : 15.9375"
7828,1922,10,3,Is the roll wound without gapping or telescoping?,No(Fail),Yes(Pass),,"MAX : 
TARGET : Yes(Pass)
MIN : No(Fail)"
7306,1873,10,2,Width of Liner,16.18,16.25,16.25,"MAX : 16.25
TARGET : 16.25
MIN : 16.18"
7307,1101,20,2,Width of part,38.5,39.0,39.5,"MAX : 39.5
TARGET : 39.0
MIN : 38.5"
7827,1155,20,3,Length of circle part,34.4,35.0,35.6,"MAX : 35.6
TARGET : 35.0
MIN : 34.4"
7827,1155,20,4,Width of sheet,56.55,57.15,57.75,"MAX : 57.75
TARGET : 57.15
MIN : 56.55"
7827,1155,20,5,Width of circle part including tab,37.9,38.5,39.1,"MAX : 39.1
TARGET : 38.5
MIN : 37.9"
7827,1155,20,6,Width of rectangle part,39.4,40.0,40.6,"MAX : 40.6
TARGET : 40.0
MIN : 39.4"
7827,1155,20,7,Is the score on the tab deep enough to remove the adhesive but not cut into the liner?,No(Fail),Yes(Pass),,"MAX : 
TARGET : Yes(Pass)
MIN : No(Fail)"
7827,1155,20,8,Is the liner cut deep enough to remove the liner but not cut through the adhesive?,No(Fail),Yes(Pass),,"MAX : 
TARGET : Yes(Pass)
MIN : No(Fail)"
7827,1155,20,9,Is the die strike deep enough to remove the matrix but not cut into the liner?,No(Fail),Yes(Pass),,"MAX : 
TARGET : Yes(Pass)
MIN : No(Fail)"
7827,1155,20,10,Is the center of the circle ejected?,No(Fail),Yes(Pass),,"MAX : 
TARGET : Yes(Pass)
MIN : No(Fail)"
7307,1101,20,1,Length of part,12.2,12.7,13.2,"MAX : 13.2
TARGET : 12.7
MIN : 12.2"
7311,1874,10,2,Are rolls wound neatly with material flush on core?,No(Fail),Yes(Pass),,"MAX : 
TARGET : Yes(Pass)
MIN : No(Fail)"
7843,1924,10,4,Is the Unwind Direction #2?,No (Fail),Yes (Pass),,"MAX : 
TARGET : Yes (Pass)
MIN : No (Fail)"
7843,1924,10,2,"Is print clean and sharp? Is ""P-21234"" legible?",No (Fail),Yes (Pass),,"MAX : 
TARGET : Yes (Pass)
MIN : No (Fail)"
7843,1924,10,5,Are sides of rolls free from adhesive build-up?,No (Fail),Yes (Pass),,"MAX : 
TARGET : Yes (Pass)
MIN : No (Fail)"
7311,1874,10,1,Width of roll,17.0,18.0,19.0,"MAX : 19.0
TARGET : 18.0
MIN : 17.0"
7321,1102,10,2,Width of part,2.62,2.65,2.68,"MAX : 2.68
TARGET : 2.65
MIN : 2.62"
7321,1102,10,1,Length of part,2.62,2.65,2.68,"MAX : 2.68
TARGET : 2.65
MIN : 2.62"
7856,1157,10,3,Is the VHB visually centered on the liner in the cross web direction?,No(Fail),Yes(Pass),,"MAX : 
TARGET : Yes(Pass)
MIN : No(Fail)"
7324,1103,10,2,Width of part,5.13,5.15,5.17,"MAX : 5.17
TARGET : 5.15
MIN : 5.13"
7324,1103,10,1,Length of part,5.13,5.15,5.17,"MAX : 5.17
TARGET : 5.15
MIN : 5.13"
7853,1156,20,3,Inspection #3 - See sheet,11.7752,12.0252,12.2752,"MAX : 12.2752
TARGET : 12.0252
MIN : 11.7752"
7853,1156,20,4,Inspection #4 - See sheet,4.7223,4.9723,5.2223,"MAX : 5.2223
TARGET : 4.9723
MIN : 4.7223"
7853,1156,20,5,Inspection #5 - See sheet,14.2990,14.5490,14.7990,"MAX : 14.7990
TARGET : 14.5490
MIN : 14.2990"
7853,1156,20,6,Inspection #6 - See sheet,11.7664,12.0164,12.2664,"MAX : 12.2664
TARGET : 12.0164
MIN : 11.7664"
7853,1156,20,7,Inspection #7 - See sheet,0.2500,0.5000,0.7500,"MAX : 0.7500
TARGET : 0.5000
MIN : 0.2500"
7853,1156,20,8,Inspection #8 - See sheet,161.6609,161.9109,162.1609,"MAX : 162.1609
TARGET : 161.9109
MIN : 161.6609"
7853,1156,20,9,Inspection #9 - See sheet,4.3895,4.5545,4.7195,"MAX : 4.7195
TARGET : 4.5545
MIN : 4.3895"
7853,1156,20,10,Inspection #10 - See sheet,2.9782,3.1032,3.2282,"MAX : 3.2282
TARGET : 3.1032
MIN : 2.9782"
7853,1156,20,11,Inspection #11 - See sheet,8.4947,8.6197,8.7447,"MAX : 8.7447
TARGET : 8.6197
MIN : 8.4947"
7853,1156,20,12,Inspection #12 - See sheet,0.7463,0.8713,0.9963,"MAX : 0.9963
TARGET : 0.8713
MIN : 0.7463"
7853,1156,20,13,Inspection #13 - See sheet,4.1952,4.3602,4.5252,"MAX : 4.5252
TARGET : 4.3602
MIN : 4.1952"
7853,1156,20,14,Inspection #14 - See sheet,4.1952,4.3602,4.5252,"MAX : 4.5252
TARGET : 4.3602
MIN : 4.1952"
7853,1156,20,18,Inspection #18 - See sheet,1.2874,1.4124,1.5374,"MAX : 1.5374
TARGET : 1.4124
MIN : 1.2874"
7853,1156,20,19,Inspection #19 - See sheet,8.2105,8.3355,8.4605,"MAX : 8.4605
TARGET : 8.3355
MIN : 8.2105"
7853,1156,20,20,Inspection #20 - See sheet,3.1129,3.2779,3.4429,"MAX : 3.4429
TARGET : 3.2779
MIN : 3.1129"
7853,1156,20,21,Inspection #21 - See sheet,3.1129,3.2779,3.4429,"MAX : 3.4429
TARGET : 3.2779
MIN : 3.1129"
7853,1156,20,22,Inspection #22 - See sheet,162.6170,162.8670,163.1170,"MAX : 163.1170
TARGET : 162.8670
MIN : 162.6170"
7853,1156,20,23,Inspection #23 - See sheet,9.0414,9.1664,9.2914,"MAX : 9.2914
TARGET : 9.1664
MIN : 9.0414"
7853,1156,20,24,Inspection #24 - See sheet,4.6295,4.7945,4.9595,"MAX : 4.9595
TARGET : 4.7945
MIN : 4.6295"
7853,1156,20,25,Inspection #25 - See sheet,3.1017,3.2667,3.4317,"MAX : 3.4317
TARGET : 3.2667
MIN : 3.1017"
7853,1156,20,26,Inspection #26 - See sheet,162.8234,163.0734,163.3234,"MAX : 163.3234
TARGET : 163.0734
MIN : 162.8234"
7853,1156,20,27,Inspection #27 - See sheet,8.0346,8.1596,8.2846,"MAX : 8.2846
TARGET : 8.1596
MIN : 8.0346"
7853,1156,20,28,Inspection #28 - See sheet,4.1296,4.2946,4.4596,"MAX : 4.4596
TARGET : 4.2946
MIN : 4.1296"
7853,1156,20,29,Inspection #29 - See sheet,2.7611,2.9261,3.0911,"MAX : 3.0911
TARGET : 2.9261
MIN : 2.7611"
7853,1156,20,30,Inspection #30 - See sheet,24.8750,25.0000,25.1250,"MAX : 25.1250
TARGET : 25.0000
MIN : 24.8750"
7853,1156,20,31,Inspection #31 - See sheet,19.8045,19.9295,20.0545,"MAX : 20.0545
TARGET : 19.9295
MIN : 19.8045"
7853,1156,20,32,Inspection #32 - See sheet,151.7163,151.9663,152.2163,"MAX : 152.2163
TARGET : 151.9663
MIN : 151.7163"
7853,1156,20,33,Inspection #33 - See sheet,185.7113,185.9613,186.2113,"MAX : 186.2113
TARGET : 185.9613
MIN : 185.7113"
7325,1104,10,2,Width of part,5.48,5.50,5.52,"MAX : 5.52
TARGET : 5.50
MIN : 5.48"
7325,1104,10,1,Length of part,3.58,3.60,3.62,"MAX : 3.62
TARGET : 3.60
MIN : 3.58"
7700,1139,20,8,Diameter of middle sized hole,0.90,1.00,1.10,"MAX : 1.10
TARGET : 1.00
MIN : 0.90"
7700,1139,20,9,Distance part edge to center of middle sized hole,6.36,6.61,6.86,"MAX : 6.86
TARGET : 6.61
MIN : 6.36"
7383,1878,20,2,Is length of finished product 50 yards?,No(Fail),Yes(Pass),,"MAX : 
TARGET : Yes(Pass)
MIN : No(Fail)"
7383,1878,20,1,Width of finished product?,0.45,0.50,0.55,"MAX : 0.55
TARGET : 0.50
MIN : 0.45"
7393,1106,10,2,Width of part,59.5,60.0,60.5,"MAX : 60.5
TARGET : 60.0
MIN : 59.5"
7393,1106,10,1,Length of part,83.0,83.5,84.0,"MAX : 84.0
TARGET : 83.5
MIN : 83.0"
7881,1160,20,3,Width of liner,18.375,18.50,18.625,"MAX : 18.625
TARGET : 18.50
MIN : 18.375"
7881,1160,20,4,Distance from edge of adhesive to edge of liner,0.125,0.25,0.375,"MAX : 0.375
TARGET : 0.25
MIN : 0.125"
7881,1160,20,5,Is the adhesive laminated to the release side of the 54# liner?,No(Fail),Yes(Pass),,"MAX : 
TARGET : Yes(Pass)
MIN : No(Fail)"
7881,1160,20,6,Do the parts lay flat with little to no curl?,No(Fail),Yes(Pass),,"MAX : 
TARGET : Yes(Pass)
MIN : No(Fail)"
7407,1881,10,2,Are the slit edges clean and free of debris and adhesive buildup?,No(Fail),Yes(Pass),,"MAX : 
TARGET : Yes(Pass)
MIN : No(Fail)"
7407,1881,10,1,Width of roll.,14.0,15.0,16.0,"MAX : 16.0
TARGET : 15.0
MIN : 14.0"
7883,1925,20,3,Is the adhesive laminated to the release side of the liner?,No(Fail),Yes(Pass),,"MAX : 
TARGET : Yes(Pass)
MIN : No(Fail)"
7413,1107,10,2,Does the part fit the approved template in region 1?,No (Fail),Yes (Pass),,"MAX : 
TARGET : Yes (Pass)
MIN : No (Fail)"
7413,1107,10,1,Does outside shape of part fit the approved template?,No (Fail),Yes (Pass),,"MAX : 
TARGET : Yes (Pass)
MIN : No (Fail)"
7413,1107,10,8,Is the adhesive laminated to the film side of the non-woven?,No(Fail),Yes(Pass),,"MAX : 
TARGET : Yes(Pass)
MIN : No(Fail)"
7432,1884,10,2,Is the slit edge free of slivers and double cuts?,No(Fail),Yes(Pass),,"MAX : 
TARGET : Yes(Pass)
MIN : No(Fail)"
7890,1927,10,3,Is the roll wound without gapping or telescoping?,No(Fail),Yes(Pass),,"MAX : 
TARGET : Yes(Pass)
MIN : No(Fail)"
7432,1884,10,1,Width of roll,0.57,0.60,0.63,"MAX : 0.63
TARGET : 0.60
MIN : 0.57"
7455,1888,10,2,Is the slit edge free of slivers and other debris?,No(Fail),Yes(Pass),,"MAX : 
TARGET : Yes(Pass)
MIN : No(Fail)"
7455,1888,10,1,Width of roll,8.5,9.5,10.5,"MAX : 10.5
TARGET : 9.5
MIN : 8.5"
7458,1109,10,2,Is the roll wound without gapping or telescoping?,No(Fail),Yes(Pass),,"MAX : 
TARGET : Yes(Pass)
MIN : No(Fail)"
7458,1109,10,1,Width of tape,5.97,6.00,6.03,"MAX : 6.03
TARGET : 6.00
MIN : 5.97"
7466,1889,10,2,Is the slit edge free of slivers and other slitting debris?,No(Fail),Yes(Pass),,"MAX : 
TARGET : Yes(Pass)
MIN : No(Fail)"
7900,1162,10,4,Is the stack up - AS203/AS203/Skyrol/AS203/Skyrol/AS203,No(Fail),Yes(Pass),,"MAX : 
TARGET : Yes(Pass)
MIN : No(Fail)"
7900,1162,10,2,Length of part,3.875,4.000,4.125,"MAX : 4.125
TARGET : 4.000
MIN : 3.875"
7466,1889,10,1,Width of roll,1.97,2.00,2.03,"MAX : 2.03
TARGET : 2.00
MIN : 1.97"
7468,1110,10,2,Is the slit edge free of slivers and other slitting debris?,No(Fail),Yes(Pass),,"MAX : 
TARGET : Yes(Pass)
MIN : No(Fail)"
7897,1161,20,3,Diameter of hole,6.5,7.0,7.5,"MAX : 7.5
TARGET : 7.0
MIN : 6.5"
7897,1161,20,4,Length of slot,9.5,10.0,10.5,"MAX : 10.5
TARGET : 10.0
MIN : 9.5"
7897,1161,20,5,Width of slot,6.5,7.0,7.5,"MAX : 7.5
TARGET : 7.0
MIN : 6.5"
7897,1161,20,6,Distance from end of part to edge of hole,115.0,115.5,116.0,"MAX : 116.0
TARGET : 115.5
MIN : 115.0"
7897,1161,20,7,Are the holes cleanly removed?,No(Fail),Yes(Pass),,"MAX : 
TARGET : Yes(Pass)
MIN : No(Fail)"
7468,1110,10,1,Width of slit roll,0.095,0.125,0.155,"MAX : 0.155
TARGET : 0.125
MIN : 0.095"
7468,1110,10,3,Are non woven input rolls the correct length?,350,400,450,"MAX : 450
TARGET : 400
MIN : 350"
7468,1110,10,4,Are adhesive input rolls the correct length?,450,500,550,"MAX : 550
TARGET : 500
MIN : 450"
7482,1112,10,14,Length of head - Measure one of each * ,5.78,5.81,5.84,"MAX : 5.84
TARGET : 5.81
MIN : 5.78"
7903,1163,30,6,Width of foam on long Leading Edge,0.215,0.220,0.225,"MAX : 0.225
TARGET : 0.220
MIN : 0.215"
7903,1163,30,7,Width of foam on long Trailing Edge,0.215,0.220,0.225,"MAX : 0.225
TARGET : 0.220
MIN : 0.215"
7903,1163,30,8,Width of foam on Operator Side,0.215,0.220,0.225,"MAX : 0.225
TARGET : 0.220
MIN : 0.215"
7903,1163,30,9,Width of foam Opposite Operator Side (Gear),0.215,0.220,0.225,"MAX : 0.225
TARGET : 0.220
MIN : 0.215"
7482,1112,10,13,Length of part - Measure one of each   ,7.28,7.31,7.34,"MAX : 7.34
TARGET : 7.31
MIN : 7.28"
7482,1112,10,26,"Is the narrowest RR track width on either end of the part greater than 0.030""?",No(Fail),Yes(Pass),,"MAX : 
TARGET : Yes(Pass)
MIN : No(Fail)"
7482,1112,10,23,Distance between alignment holes - anchor side,3.24,3.25,3.26,"MAX : 3.26
TARGET : 3.25
MIN : 3.24"
7880,1159,10,3,Is the print clean and free of gross print defects?,No(Fail),Yes(Pass),,"MAX : 
TARGET : Yes(Pass)
MIN : No(Fail)"
7482,1112,10,1,Reinforcement Strip Width ,.105,.125,.145,"MAX : .145
TARGET : .125
MIN : .105"
7482,1112,10,33,Confirm release of the 4 blue backed adhesive liners.,No(Fail),Yes(Pass),,"MAX : 
TARGET : Yes(Pass)
MIN : No(Fail)"
7930,1932,10,3,Is the roll wound without gapping or telescoping?,No(Fail),Yes(Pass),,"MAX : 
TARGET : Yes(Pass)
MIN : No(Fail)"
7482,1112,10,24,Distance between alignment holes - tab side,3.49,3.50,3.51,"MAX : 3.51
TARGET : 3.50
MIN : 3.49"
7482,1112,10,2,Initiation Cut,.004,.008,.012,"MAX : .012
TARGET : .008
MIN : .004"
7933,1933,30,1,Width of finished roll,0.97,1.00,1.03,"MAX : 1.03
TARGET : 1.00
MIN : 0.97"
7933,1933,30,2,Is the roll free of slivers and double cuts?,No(Fail),Yes(Pass),,"MAX : 
TARGET : Yes(Pass)
MIN : No(Fail)"
7933,1933,30,3,Is the roll wound without gapping or telescoping?,No(Fail),Yes(Pass),,"MAX : 
TARGET : Yes(Pass)
MIN : No(Fail)"
7933,1933,20,3,Are the finished rolls 20 ft.?,No(Fail),Yes(Pass),,"MAX : 
TARGET : Yes(Pass)
MIN : No(Fail)"
7485,1113,30,2,Width of part,11.49,11.55,11.70,"MAX : 11.70
TARGET : 11.55
MIN : 11.49"
7485,1113,30,5,Distance from narrow back adhesive to LDPE/adh. lamination.,0.07,0.13,0.19,"MAX : 0.19
TARGET : 0.13
MIN : 0.07"
7938,1164,10,1,Total Part Length,16.87,17.00,17.13,"MAX : 17.13
TARGET : 17.00
MIN : 16.87"
7938,1164,10,2,Total Repeat,20.75,21.00,21.25,"MAX : 21.25
TARGET : 21.00
MIN : 20.75"
7938,1164,10,5,Edge of liner to Edge of part - Tab side.  Note - (part is not centered on liner),6.14,6.39,6.64,"MAX : 6.64
TARGET : 6.39
MIN : 6.14"
7938,1164,10,9,Die Strike Check.  Does liner slit when bent back away from silicone at die strike?,,No (Pass),Yes (Fail),"MAX : Yes (Fail)
TARGET : No (Pass)
MIN : "
7938,1164,10,7,Is there any trace of the PVC tape left on the adhesive side of the product?,,No (Pass),Yes (Fail),"MAX : Yes (Fail)
TARGET : No (Pass)
MIN : "
7938,1164,10,10,Does Product Pass Liner Release Test?,No (Fail),Yes (Pass),,"MAX : 
TARGET : Yes (Pass)
MIN : No (Fail)"
7938,1164,10,8,Are there scratches or defects present on delivery liner when put on press?,,No (Pass),Yes (Fail),"MAX : Yes (Fail)
TARGET : No (Pass)
MIN : "
7485,1113,30,1,Length of part,22.38,22.44,22.50,"MAX : 22.50
TARGET : 22.44
MIN : 22.38"
7485,1113,20,1,Width of LDPE/TM8720 lamination,7.02,7.08,7.14,"MAX : 7.14
TARGET : 7.08
MIN : 7.02"
7939,1165,10,11,Window Width,7.98,8.23,8.48,"MAX : 8.48
TARGET : 8.23
MIN : 7.98"
7939,1165,10,4,Window Length,23.17,23.42,23.67,"MAX : 23.67
TARGET : 23.42
MIN : 23.17"
7939,1165,10,1,Right leg lead length,2.13,2.38,2.63,"MAX : 2.63
TARGET : 2.38
MIN : 2.13"
7939,1165,10,3,Left leg trailing length,2.13,2.38,2.63,"MAX : 2.63
TARGET : 2.38
MIN : 2.13"
7939,1165,10,7,"Tab Width
(Reference Dimension)",6.25,6.50,6.75,"MAX : 6.75
TARGET : 6.50
MIN : 6.25"
7939,1165,10,9,Total adhesive Width,17.57,17.82,18.07,"MAX : 18.07
TARGET : 17.82
MIN : 17.57"
7939,1165,10,13,Liner Width on NON-TAB side,6.14,6.39,6.64,"MAX : 6.64
TARGET : 6.39
MIN : 6.14"
7939,1165,10,6,"Liner Width on Tab Side
(Reference Dimension)",6.14,6.39,6.64,"MAX : 6.64
TARGET : 6.39
MIN : 6.14"
7939,1165,10,14,"Total Liner Width
(Measure at set-up and blade change)",36.95,37.10,37.25,"MAX : 37.25
TARGET : 37.10
MIN : 36.95"
7939,1165,10,5,Total Repeat,31.93,32.18,32.43,"MAX : 32.43
TARGET : 32.18
MIN : 31.93"
7939,1165,10,16,Are there scratches or defects present on delivery liner when put on press?,,No (Pass),Yes (Fail),"MAX : Yes (Fail)
TARGET : No (Pass)
MIN : "
7939,1165,10,17,"Die Strike Test at tab:  Is the die strike at the tab deep enough, but not too deep to cause the liner to split?",No (Fail),Yes (Pass),,"MAX : 
TARGET : Yes (Pass)
MIN : No (Fail)"
7939,1165,10,18,Does Product Pass Liner Release Test?,No (Fail),Yes (Pass),,"MAX : 
TARGET : Yes (Pass)
MIN : No (Fail)"
7939,1165,10,15,Is there any PVC present on adhesive side of die cut?,,No (Pass),Yes (Fail),"MAX : Yes (Fail)
TARGET : No (Pass)
MIN : "
7487,1892,10,2,Width of part,4.34,4.40,4.46,"MAX : 4.46
TARGET : 4.40
MIN : 4.34"
7487,1892,10,1,Length of part,1.44,1.50,1.56,"MAX : 1.56
TARGET : 1.50
MIN : 1.44"
7954,1166,20,3,Are the parts visually centered on the roll?,No(Fail),Yes(Pass),,"MAX : 
TARGET : Yes(Pass)
MIN : No(Fail)"
7954,1166,20,4,Is the die strike deep enough to remove the matrix but not cut into the liner?,No(Fail),Yes(Pass),,"MAX : 
TARGET : Yes(Pass)
MIN : No(Fail)"
7493,1114,10,2,Width of facestock,15.94,16.00,16.06,"MAX : 16.06
TARGET : 16.00
MIN : 15.94"
7493,1114,10,1,Length of part,19.250,19.375,19.500,"MAX : 19.500
TARGET : 19.375
MIN : 19.250"
7495,1115,10,2,Distance from edge of web to narrow part of gear side strip,1.60,1.63,1.66,"MAX : 1.66
TARGET : 1.63
MIN : 1.60"
7495,1115,10,1,Length of die repeat,7.97,8.00,8.03,"MAX : 8.03
TARGET : 8.00
MIN : 7.97"
7500,1116,10,2,Are the slit edges free of slitting debris and slivers?,No(Fail),Yes(Pass),,"MAX : 
TARGET : Yes(Pass)
MIN : No(Fail)"
7500,1116,10,1,Width of roll,0.610,0.625,0.640,"MAX : 0.640
TARGET : 0.625
MIN : 0.610"
7963,1167,10,4,Width of foam on long Leading Edge,0.215,0.220,0.225,"MAX : 0.225
TARGET : 0.220
MIN : 0.215"
7963,1167,10,5,Width of foam on long Trailing Edge,0.215,0.220,0.225,"MAX : 0.225
TARGET : 0.220
MIN : 0.215"
7963,1167,10,6,Width of foam on Operator Side,0.215,0.220,0.225,"MAX : 0.225
TARGET : 0.220
MIN : 0.215"
7963,1167,10,7,Width of foam Opposite Operator Side (Gear),0.215,0.220,0.225,"MAX : 0.225
TARGET : 0.220
MIN : 0.215"
7500,1116,10,4,Are output rolls the correct length?,980,1080,1180,"MAX : 1180
TARGET : 1080
MIN : 980"
7500,1116,10,5,Does splice construction match the splice template provided in the JJ?,No(Fail),Yes(Pass),,"MAX : 
TARGET : Yes(Pass)
MIN : No(Fail)"
7994,1169,10,3,Is the part laminated free of all visable defects?,No(Fail),Yes(Pass),,"MAX : 
TARGET : Yes(Pass)
MIN : No(Fail)"
7994,1169,10,4,"Are the parts cut cleanly, free of all hairs and debris?",No(Fail),Yes(Pass),,"MAX : 
TARGET : Yes(Pass)
MIN : No(Fail)"
7994,1169,10,5,Are the holes cleanly removed?,No(Fail),Yes(Pass),,"MAX : 
TARGET : Yes(Pass)
MIN : No(Fail)"
7501,1117,10,2,Are the slit edges free of slitting debris and slivers?,No(Fail),Yes(Pass),,"MAX : 
TARGET : Yes(Pass)
MIN : No(Fail)"
7501,1117,10,1,Width of roll,0.360,0.375,0.390,"MAX : 0.390
TARGET : 0.375
MIN : 0.360"
7991,1168,10,4,Length of sheeted part,19.25,19.75,20.25,"MAX : 20.25
TARGET : 19.75
MIN : 19.25"
7991,1168,10,5,"Is the score deep enough to separate the 9795R, but not cut through the White PET Liner?",No(Fail),Yes(Pass),,"MAX : 
TARGET : Yes(Pass)
MIN : No(Fail)"
7501,1117,10,4,Are output rolls the correct length?,980,1080,1180,"MAX : 1180
TARGET : 1080
MIN : 980"
7501,1117,10,5,Does splice construction match the splice template provided in the JJ?,No(Fail),Yes(Pass),,"MAX : 
TARGET : Yes(Pass)
MIN : No(Fail)"
8022,1170,10,11,Is the print clean and free of major print defects?,No(Fail),Yes(Pass),,"MAX : 
TARGET : Yes(Pass)
MIN : No(Fail)"
8022,1170,10,8,Is the die strike deep enough to remove the matrix but not cut into the liner?,No(Fail),Yes(Pass),,"MAX : 
TARGET : Yes(Pass)
MIN : No(Fail)"
8022,1170,10,3,Width of gear side adhesive,0.253,0.315,0.345,"MAX : 0.345
TARGET : 0.315
MIN : 0.253"
8022,1170,10,4,Width of gear side middle adhesive,0.253,0.315,0.345,"MAX : 0.345
TARGET : 0.315
MIN : 0.253"
8022,1170,10,5,Width of operator side middle adhesive,0.253,0.315,0.345,"MAX : 0.345
TARGET : 0.315
MIN : 0.253"
8022,1170,10,6,Width of operator side adhesive,0.253,0.315,0.345,"MAX : 0.345
TARGET : 0.315
MIN : 0.253"
8022,1170,10,9,"Verify print registration is within +/- 0.062"" in both X-web and web directions.",No(Fail),Yes(Pass),,"MAX : 
TARGET : Yes(Pass)
MIN : No(Fail)"
8022,1170,10,7,Distance from part to liner edge.,.13,.16,.19,"MAX : .19
TARGET : .16
MIN : .13"
7506,1118,20,2,Is the score deep enough to remove the liner but not cut into the vinyl?,No(Fail),Yes(Pass),,"MAX : 
TARGET : Yes(Pass)
MIN : No(Fail)"
7506,1118,20,1,Does the part fit the enclosed inspection template?,No(Fail),Yes(Pass),,"MAX : 
TARGET : Yes(Pass)
MIN : No(Fail)"
8021,1938,20,3,Does the roll unwind without tearing?,No(Fail),Yes(Pass),,"MAX : 
TARGET : Yes(Pass)
MIN : No(Fail)"
8021,1938,20,4,Is the roll wound without gapping or telescoping?,No(Fail),Yes(Pass),,"MAX : 
TARGET : Yes(Pass)
MIN : No(Fail)"
7509,1894,10,2,Width of adhesive (Keyence),121.0,122.0,123.0,"MAX : 123.0
TARGET : 122.0
MIN : 121.0"
7274,1099,10,1,Left leg Trailing Length,1.25,1.50,1.75,"MAX : 1.75
TARGET : 1.50
MIN : 1.25"
7509,1894,10,1,Length of part (Keyence),18.0,19.0,20.0,"MAX : 20.0
TARGET : 19.0
MIN : 18.0"
8037,1172,10,11,Is the print clean and free of major print defects?,No(Fail),Yes(Pass),,"MAX : 
TARGET : Yes(Pass)
MIN : No(Fail)"
8037,1172,10,3,Width of gear side film strip,0.345,0.391,0.445,"MAX : 0.445
TARGET : 0.391
MIN : 0.345"
8037,1172,10,4,Width of gear side middle film strip,0.345,0.391,0.445,"MAX : 0.445
TARGET : 0.391
MIN : 0.345"
8037,1172,10,5,Width of operator side middle film strip,0.345,0.391,0.445,"MAX : 0.445
TARGET : 0.391
MIN : 0.345"
8037,1172,10,6,Width of operator side film strip,0.345,0.391,0.445,"MAX : 0.445
TARGET : 0.391
MIN : 0.345"
8037,1172,10,8,"Are the finished rolls in the correct unwind direction?  The ""Bair"" should be in the bottom left corner as the roll unwinds from left to right.",No(Fail),Yes(Pass),,"MAX : 
TARGET : Yes(Pass)
MIN : No(Fail)"
8037,1172,10,7,Diameter of the hole,2.220,2.250,2.280,"MAX : 2.280
TARGET : 2.250
MIN : 2.220"
8037,1172,10,9,"Verify print registration is within +/- 0.062"" in both X-web and web directions.",No(Fail),Yes(Pass),,"MAX : 
TARGET : Yes(Pass)
MIN : No(Fail)"
7510,1119,10,4,Window Length,3.30,3.43,3.56,"MAX : 3.56
TARGET : 3.43
MIN : 3.30"
7510,1119,10,1,Right leg lead length,4.37,4.62,4.87,"MAX : 4.87
TARGET : 4.62
MIN : 4.37"
7510,1119,10,19,"Verify the 966NP being used is a transfer adhesive, and not a double coated adhesive.",Fail,Pass,,"MAX : 
TARGET : Pass
MIN : Fail"
8036,1939,10,3,Is the slit edge free of slivers and double cuts?,No(Fail),Yes(Pass),,"MAX : 
TARGET : Yes(Pass)
MIN : No(Fail)"
8036,1939,10,4,Is the roll free of telescoping and gapping?,No(Fail),Yes(Pass),,"MAX : 
TARGET : Yes(Pass)
MIN : No(Fail)"
7529,1120,20,4,Does the perf tear cleanly without ripping the liner?,No (Fail),Yes (Pass),,"MAX : 
TARGET : Yes (Pass)
MIN : No (Fail)"
7529,1120,20,3,Is the die strike deep enough to remove the matrix but not cut into the liner?,No (Fail),Yes (Pass),,"MAX : 
TARGET : Yes (Pass)
MIN : No (Fail)"
7529,1120,20,1,Does part fit inspection template?,No (Fail),Yes (Pass),,"MAX : 
TARGET : Yes (Pass)
MIN : No (Fail)"
7529,1120,20,2,Does tab fit inspection template? (Check PET),No (Fail),Yes (Pass),,"MAX : 
TARGET : Yes (Pass)
MIN : No (Fail)"
7530,1121,20,2,Width of part,71.0,72.0,73.0,"MAX : 73.0
TARGET : 72.0
MIN : 71.0"
7530,1121,20,1,Length of part,39.0,40.0,41.0,"MAX : 41.0
TARGET : 40.0
MIN : 39.0"
7543,1122,20,2,Width of part,216.6,219.1,221.6,"MAX : 221.6
TARGET : 219.1
MIN : 216.6"
7543,1122,20,1,Length of part,302.3,304.8,307.3,"MAX : 307.3
TARGET : 304.8
MIN : 302.3"
8075,1173,20,2,Length of part,2.92,2.95,2.98,"MAX : 2.98
TARGET : 2.95
MIN : 2.92"
8075,1173,20,3,Are the sheets free of debris and other cutting artifacts?,No(Fail),Yes(Pass),,"MAX : 
TARGET : Yes(Pass)
MIN : No(Fail)"
7549,1899,10,1,Is the tape wound on a plastic core?,No(Fail),Yes(Pass),,"MAX : 
TARGET : Yes(Pass)
MIN : No(Fail)"
7311,1874,10,4,"Is the material translucent/clear? (If yes, see QA)",,No(Pass),Yes(Fail),"MAX : Yes(Fail)
TARGET : No(Pass)
MIN : "
7549,1899,20,2,Is the roll wound without gapping or telescoping?,No(Fail),Yes(Pass),,"MAX : 
TARGET : Yes(Pass)
MIN : No(Fail)"
8094,1176,20,5,Is the part laminated free of all visible defects?,No(Fail),Yes(Pass),,"MAX : 
TARGET : Yes(Pass)
MIN : No(Fail)"
8094,1176,20,6,"Are the parts cut cleanly, free of all hairs and debris?",No(Fail),Yes(Pass),,"MAX : 
TARGET : Yes(Pass)
MIN : No(Fail)"
8094,1176,20,7,Are the holes cleanly removed?,No(Fail),Yes(Pass),,"MAX : 
TARGET : Yes(Pass)
MIN : No(Fail)"
8094,1176,20,3,Diameter of the holes,0.324,0.344,0.364,"MAX : 0.364
TARGET : 0.344
MIN : 0.324"
8094,1176,20,4,Distance from center of hole to center of other hole. ,1.44,1.50,1.56,"MAX : 1.56
TARGET : 1.50
MIN : 1.44"
7553,1900,10,2,Width of sheet,1.85,1.88,1.91,"MAX : 1.91
TARGET : 1.88
MIN : 1.85"
7553,1900,10,1,Length of sheet,1.47,1.50,1.53,"MAX : 1.53
TARGET : 1.50
MIN : 1.47"
7566,1123,20,2,Is the score deep enough to remove the liner but not cut into the vinyl?,No(Fail),Yes(Pass),,"MAX : 
TARGET : Yes(Pass)
MIN : No(Fail)"
7566,1123,20,1,Does the part fit within the approved inspection template?,No(Fail),Yes(Pass),,"MAX : 
TARGET : Yes(Pass)
MIN : No(Fail)"
8130,1179,20,4,Is the score deep enough to remove the adhesive but not cut into the liner?,No(Fail),Yes(Pass),,"MAX : 
TARGET : Yes(Pass)
MIN : No(Fail)"
8130,1179,20,5,Is the die strike deep enough to remove the matrix but not cut into the liner?,No(Fail),Yes(Pass),,"MAX : 
TARGET : Yes(Pass)
MIN : No(Fail)"
7567,1124,20,2,Is the score deep enough to remove the liner but not cut into the vinyl?,No(Fail),Yes(Pass),,"MAX : 
TARGET : Yes(Pass)
MIN : No(Fail)"
7567,1124,20,1,Does the part fit the enclosed inspection template?,No(Fail),Yes(Pass),,"MAX : 
TARGET : Yes(Pass)
MIN : No(Fail)"
8128,1177,10,3,Is the score deep enough to remove the adhesive but not cut into the liner?,No(Fail),Yes(Pass),,"MAX : 
TARGET : Yes(Pass)
MIN : No(Fail)"
8128,1177,10,4,Is the die strike deep enough to remove the matrix but not cut into the liner?,No(Fail),Yes(Pass),,"MAX : 
TARGET : Yes(Pass)
MIN : No(Fail)"
7578,1125,20,2,Are the scores deep enough to remove the liner but not cut into the vinyl?,No(Fail),Yes(Pass),,"MAX : 
TARGET : Yes(Pass)
MIN : No(Fail)"
7578,1125,20,1,Does the part fit the enclosed inspection template?,No(Fail),Yes(Pass),,"MAX : 
TARGET : Yes(Pass)
MIN : No(Fail)"
8129,1178,10,3,Is the score deep enough to remove the adhesive but not cut into the liner?,No(Fail),Yes(Pass),,"MAX : 
TARGET : Yes(Pass)
MIN : No(Fail)"
8129,1178,10,4,Is the die strike deep enough to remove the matrix but not cut into the liner?,No(Fail),Yes(Pass),,"MAX : 
TARGET : Yes(Pass)
MIN : No(Fail)"
7579,1126,20,2,Is the die strike deep enough to remove the matrix but not cut into the liner?,No(Fail),Yes(Pass),,"MAX : 
TARGET : Yes(Pass)
MIN : No(Fail)"
7579,1126,20,1,Does the part fit the enclosed inspection template?,No(Fail),Yes(Pass),,"MAX : 
TARGET : Yes(Pass)
MIN : No(Fail)"
8133,1180,10,3,Is the VHB laminated to the release side of the 78# liner?,No(Fail),Yes(Pass),,"MAX : 
TARGET : Yes(Pass)
MIN : No(Fail)"
7580,1127,20,1,Does the part fit the enclosed inspection template?,No(Fail),Yes(Pass),,"MAX : 
TARGET : Yes(Pass)
MIN : No(Fail)"
7580,1127,20,2,Is the die strike deep enough to remove the matrix but not cut into the liner?,No(Fail),Yes(Pass),,"MAX : 
TARGET : Yes(Pass)
MIN : No(Fail)"
8141,1941,10,3,Is the slit edge free of slivers and other slitting debris?,No(Fail),Yes(Pass),,"MAX : 
TARGET : Yes(Pass)
MIN : No(Fail)"
8141,1941,10,4,"Does the end of each roll have a 24"" leader?",No(Fail),Yes(Pass),,"MAX : 
TARGET : Yes(Pass)
MIN : No(Fail)"
7581,1128,20,2,Are the scores deep enough to remove the liner but not cut into the vinyl?,No(Fail),Yes(Pass),,"MAX : 
TARGET : Yes(Pass)
MIN : No(Fail)"
7581,1128,20,1,Does the part fit the enclosed inspection template?,No(Fail),Yes(Pass),,"MAX : 
TARGET : Yes(Pass)
MIN : No(Fail)"
8142,1181,10,4,Is the score deep enough to remove the adhesive but not cut into the liner?,No(Fail),Yes(Pass),,"MAX : 
TARGET : Yes(Pass)
MIN : No(Fail)"
8142,1181,10,5,Is the die strike deep enough to remove the matrix but not cut into the liner?,No(Fail),Yes(Pass),,"MAX : 
TARGET : Yes(Pass)
MIN : No(Fail)"
7590,1129,10,2,Length of part,0.44,0.47,0.50,"MAX : 0.50
TARGET : 0.47
MIN : 0.44"
7590,1129,10,1,Width of part,2.32,2.35,2.38,"MAX : 2.38
TARGET : 2.35
MIN : 2.32"
7903,1163,40,4,Is expiration date correct on labels? 3 years from production start date in format YYYY-MM-DD.,No (fail),Yes (pass),,"MAX : 
TARGET : Yes (pass)
MIN : No (fail)"
7592,1903,20,2,Is the slit edge free of slivers and other debris?,No(Fail),Yes(Pass),,"MAX : 
TARGET : Yes(Pass)
MIN : No(Fail)"
7592,1903,20,1,Width of roll,0.94,1.00,1.06,"MAX : 1.06
TARGET : 1.00
MIN : 0.94"
8090,1174,20,8,Is the center removed cleanly?,No (Fail),Yes (Pass),,"MAX : 
TARGET : Yes (Pass)
MIN : No (Fail)"
7596,1130,10,2,Width of part,5.76,5.79,5.82,"MAX : 5.82
TARGET : 5.79
MIN : 5.76"
7596,1130,10,1,Length of part,5.97,6.00,6.03,"MAX : 6.03
TARGET : 6.00
MIN : 5.97"
8150,1182,10,3,Width of Angled part of adhesive measured at the widest part,10.3,10.5,10.7,"MAX : 10.7
TARGET : 10.5
MIN : 10.3"
8150,1182,10,5,Is the die strike of die 1 deep enough to remove the adhesive but not cut into the parent liner?,No(Fail),Yes(Pass),,"MAX : 
TARGET : Yes(Pass)
MIN : No(Fail)"
8150,1182,10,6,Is the die strike of die 2 deep enough to remove the matrix but not cut into the liner?,No(Fail),Yes(Pass),,"MAX : 
TARGET : Yes(Pass)
MIN : No(Fail)"
7597,1131,10,2,Width of part,5.76,5.79,5.82,"MAX : 5.82
TARGET : 5.79
MIN : 5.76"
7597,1131,10,1,Length of part,5.97,6.00,6.03,"MAX : 6.03
TARGET : 6.00
MIN : 5.97"
7601,1132,10,2,Length of Part,0.73,0.75,0.77,"MAX : 0.77
TARGET : 0.75
MIN : 0.73"
7601,1132,10,1,Width of Part,5.20,5.22,5.24,"MAX : 5.24
TARGET : 5.22
MIN : 5.20"
7601,1132,10,7,Assure that the path is clear and nothing is in contact that could scratch the material.,No (Fail),Yes (Pass),,"MAX : 
TARGET : Yes (Pass)
MIN : No (Fail)"
8093,1175,30,3,Does the perf tear easily?,No(Fail),Yes(Pass),,"MAX : 
TARGET : Yes(Pass)
MIN : No(Fail)"
8093,1175,30,4,Does the wind direction match the drawing?,No(Fail),Yes(Pass),,"MAX : 
TARGET : Yes(Pass)
MIN : No(Fail)"
7603,1904,10,2,Distance from operator edge to film,0,1,2,"MAX : 2
TARGET : 1
MIN : 0"
7603,1904,10,1,Width of finished roll,94,95,96,"MAX : 96
TARGET : 95
MIN : 94"
8178,1184,30,9,Length of Window,1.896,1.906,1.916,"MAX : 1.916
TARGET : 1.906
MIN : 1.896"
8178,1184,30,10,Width of Window,4.653,4.663,4.673,"MAX : 4.673
TARGET : 4.663
MIN : 4.653"
8178,1184,40,3,Is expiration date correct on labels? 3 years from production start date in format YYYY-MM-DD.,No (fail),Yes (pass),,"MAX : 
TARGET : Yes (pass)
MIN : No (fail)"
8178,1184,40,4,Is lot number correct on labels? Month of production in format SYYYYMM-XX.  the S is fixed and the XX is number of run that month,No (fail),Yes (pass),,"MAX : 
TARGET : Yes (pass)
MIN : No (fail)"
8178,1184,40,5,Is the UDI Correct on Box? Fixed DI number followed by expiration date and lot number.,No (fail),Yes (pass),,"MAX : 
TARGET : Yes (pass)
MIN : No (fail)"
7604,1133,20,2,Width of part - measure where indicated on drawing,3.81,3.84,3.87,"MAX : 3.87
TARGET : 3.84
MIN : 3.81"
7604,1133,20,1,Length of part - measure where indicated on drawing,3.20,3.23,3.26,"MAX : 3.26
TARGET : 3.23
MIN : 3.20"
8184,1186,10,3,Is the butt cut deep enough to remove the part but not cut into the liner?,No(Fail),Yes(Pass),,"MAX : 
TARGET : Yes(Pass)
MIN : No(Fail)"
7605,1134,20,2,Width of part - measure where indicated on drawing,3.81,3.84,3.87,"MAX : 3.87
TARGET : 3.84
MIN : 3.81"
7605,1134,20,1,Length of part - measure where indicated on drawing,3.20,3.23,3.26,"MAX : 3.26
TARGET : 3.23
MIN : 3.20"
8183,1185,10,3,Is the butt cut deep enough to remove the part but not cut into the liner?,No(Fail),Yes(Pass),,"MAX : 
TARGET : Yes(Pass)
MIN : No(Fail)"
7639,1905,10,1,Length of perf,15.25,15.50,15.75,"MAX : 15.75
TARGET : 15.50
MIN : 15.25"
7639,1905,10,2,Width of part,2.5025,"2.5625
",2.6225,"MAX : 2.6225
TARGET : 2.5625

MIN : 2.5025"
8195,1942,20,1,Is the roll wound without gapping or telescoping?,No(Fail),Yes(Pass),,"MAX : 
TARGET : Yes(Pass)
MIN : No(Fail)"
7674,1135,20,2,Is the score deep enough to remove the liner but not cut into the vinyl?,No(Fail),Yes(Pass),,"MAX : 
TARGET : Yes(Pass)
MIN : No(Fail)"
7482,1112,10,32,"Are the adhesive strips oriented per the drawing? (dressing adhesive strips up, book adhesive strips against the carrier liner)",No(Fail),Yes(Pass),,"MAX : 
TARGET : Yes(Pass)
MIN : No(Fail)"
7674,1135,20,1,Does the part fit the enclosed inspection template?,No(Fail),Yes(Pass),,"MAX : 
TARGET : Yes(Pass)
MIN : No(Fail)"
8197,1943,10,9,Are the rolls and pallets free of any Corydon labeling?,No(Fail),Yes(Pass),,"MAX : 
TARGET : Yes(Pass)
MIN : No(Fail)"
7675,1136,10,2,Width of label,3.91,3.94,3.97,"MAX : 3.97
TARGET : 3.94
MIN : 3.91"
7675,1136,10,1,Length of label,5.97,6.00,6.03,"MAX : 6.03
TARGET : 6.00
MIN : 5.97"
7675,1136,10,6,Does the print match the controlled drawing?,No(Fail),Yes(Pass),,"MAX : 
TARGET : Yes(Pass)
MIN : No(Fail)"
7677,1137,20,2,Length of tab,24.4,25.4,26.4,"MAX : 26.4
TARGET : 25.4
MIN : 24.4"
8191,1187,20,3,Is the die strike deep enough to remove the matrix but not cut into the liner?,No(Fail),Yes(Pass),,"MAX : 
TARGET : Yes(Pass)
MIN : No(Fail)"
7677,1137,20,1,Length of part,120.3,121.3,122.3,"MAX : 122.3
TARGET : 121.3
MIN : 120.3"
7685,1138,10,2,Width of liner,1.85,1.88,1.91,"MAX : 1.91
TARGET : 1.88
MIN : 1.85"
7685,1138,10,1,Width of part,1.72,1.75,1.78,"MAX : 1.78
TARGET : 1.75
MIN : 1.72"
7685,1138,10,4,Length of liner,9.47,9.50,9.53,"MAX : 9.53
TARGET : 9.50
MIN : 9.47"
8197,1943,10,4,Height of print,7mm,8mm,9mm,"MAX : 9mm
TARGET : 8mm
MIN : 7mm"
8197,1943,10,5,Print repeat,11.5,12.0,12.5,"MAX : 12.5
TARGET : 12.0
MIN : 11.5"
8197,1943,10,6,Telescoping - Measured by how far the core protrudes from the end,-0.375,0,+0.375,"MAX : +0.375
TARGET : 0
MIN : -0.375"
8197,1943,10,7,Is the print clean and legible?,No(Fail),Yes(Pass),,"MAX : 
TARGET : Yes(Pass)
MIN : No(Fail)"
7685,1138,10,6,Is the die strike deep enough to remove the matrix but not cut into the liner?,No(Fail),Yes(Pass),,"MAX : 
TARGET : Yes(Pass)
MIN : No(Fail)"
7700,1139,20,2,Distance from center of small hole to near edge of part,11.65,11.90,12.15,"MAX : 12.15
TARGET : 11.90
MIN : 11.65"
8221,1189,10,3,Distance from leading edge of sheet to first label,0.47,0.50,0.53,"MAX : 0.53
TARGET : 0.50
MIN : 0.47"
8221,1189,10,4,Width of sheet,6.94,7.00,7.06,"MAX : 7.06
TARGET : 7.00
MIN : 6.94"
8221,1189,10,5,Width of internal label,2.72,2.75,2.78,"MAX : 2.78
TARGET : 2.75
MIN : 2.72"
8221,1189,10,6,Distance from edge of sheet to label,0.72,0.75,0.78,"MAX : 0.78
TARGET : 0.75
MIN : 0.72"
8221,1189,10,7,Is the die strike deep enough to remove the matrix but not cut into the liner?,No(Fail),Yes(Pass),,"MAX : 
TARGET : Yes(Pass)
MIN : No(Fail)"
7700,1139,20,7,Diameter of large hole,5.675,5.800,5.925,"MAX : 5.925
TARGET : 5.800
MIN : 5.675"
7700,1139,20,1,Length of part,23.74,23.84,23.94,"MAX : 23.94
TARGET : 23.84
MIN : 23.74"
8223,1944,20,3,Distance from edge of circle to edge of liner,0.105,0.125,0.145,"MAX : 0.145
TARGET : 0.125
MIN : 0.105"
8223,1944,20,4,Width of tape,0.47,0.50,0.53,"MAX : 0.53
TARGET : 0.50
MIN : 0.47"
7700,1139,20,6,End of part to center of center large hole,35.85,36.00,36.15,"MAX : 36.15
TARGET : 36.00
MIN : 35.85"
7708,1908,20,2,Is the adhesive wound in and the liner wound out?,No(Fail),Yes(Pass),,"MAX : 
TARGET : Yes(Pass)
MIN : No(Fail)"
7708,1908,20,1,Width of roll,1.47,1.50,1.53,"MAX : 1.53
TARGET : 1.50
MIN : 1.47"
8227,1191,10,3,Does the part not separate at the score line when pulled?,No(Fail),Yes(Pass),,"MAX : 
TARGET : Yes(Pass)
MIN : No(Fail)"
8227,1191,10,4,Is the score deep enough to allow for the liner to be removed in two pieces?,No(Fail),Yes(Pass),,"MAX : 
TARGET : Yes(Pass)
MIN : No(Fail)"
8227,1191,10,5,Is the die strike deep enough to remove the matrix but not cut into the liner?,No(Fail),Yes(Pass),,"MAX : 
TARGET : Yes(Pass)
MIN : No(Fail)"
8227,1191,10,6,Are all of the centers removed?,No(Fail),Yes(Pass),,"MAX : 
TARGET : Yes(Pass)
MIN : No(Fail)"
7726,1140,10,2,Width of part,2.879,2.910,2.941,"MAX : 2.941
TARGET : 2.910
MIN : 2.879"
7726,1140,10,4,Part edge to liner edge,0.094,0.125,0.156,"MAX : 0.156
TARGET : 0.125
MIN : 0.094"
6931,1067,20,7,Is expiration date correct on carton? 3 years from pouch date in format YYYY-MM-DD.,No (fail),Yes (pass),,"MAX : 
TARGET : Yes (pass)
MIN : No (fail)"
6931,1067,20,8,Is the UDI correct on carton label? Fixed DI number followed by expiration date and lot number.,No (fail),Yes (pass),,"MAX : 
TARGET : Yes (pass)
MIN : No (fail)"
7726,1140,20,2,Are 3 parts or more visible on the tail at the top of the box? (Monitor constantly/log data every 22-24 boxes),No (Fail),Yes (Pass),,"MAX : 
TARGET : Yes (Pass)
MIN : No (Fail)"
7726,1140,10,1,Length of part,2.879,2.910,2.941,"MAX : 2.941
TARGET : 2.910
MIN : 2.879"
7963,1167,20,4,Is expiration date correct on labels? 3 years from production start date in format YYYY-MM-DD.,No (fail),Yes (pass),,"MAX : 
TARGET : Yes (pass)
MIN : No (fail)"
7726,1140,10,3,Part Repeat,3.094,3.125,3.156,"MAX : 3.156
TARGET : 3.125
MIN : 3.094"
7726,1140,20,1,Are parts folding on the perf? (Monitor constantly/log data every 22-24 boxes),No (Fail),Yes (Pass),,"MAX : 
TARGET : Yes (Pass)
MIN : No (Fail)"
8233,1192,20,3,Diameter of one of the holes,0.07,0.08,0.09,"MAX : 0.09
TARGET : 0.08
MIN : 0.07"
8233,1192,20,8,Are all of the holes removed?,No(Fail),Yes(Pass),,"MAX : 
TARGET : Yes(Pass)
MIN : No(Fail)"
7726,1140,20,0.1,,,,,"MAX : 
TARGET : 
MIN : "
7726,1140,20,0.2,,,,,"MAX : 
TARGET : 
MIN : "
7728,1142,10,2,"Width of main part to inside corner.
",0.48,0.50,0.52,"MAX : 0.52
TARGET : 0.50
MIN : 0.48"
7728,1142,10,1,Length of part,1.98,2.00,2.02,"MAX : 2.02
TARGET : 2.00
MIN : 1.98"
7728,1142,10,7,Is the score deep enough to remove the adhesive but not cut into the liner?,No(Fail),Yes(Pass),,"MAX : 
TARGET : Yes(Pass)
MIN : No(Fail)"
7728,1142,10,9,Is the roll wound loosely?,No(Fail),Yes(Pass),,"MAX : 
TARGET : Yes(Pass)
MIN : No(Fail)"
8264,1193,20,3,Width of part,2.72,2.75,2.78,"MAX : 2.78
TARGET : 2.75
MIN : 2.72"
8264,1193,20,4,Length of part,14.91,15.00,15.09,"MAX : 15.09
TARGET : 15.00
MIN : 14.91"
8264,1193,20,5,Is the score deep enough to remove the vinyl centers but not cut into the liner?,No(Fail),Yes(Pass),,"MAX : 
TARGET : Yes(Pass)
MIN : No(Fail)"
7728,1142,10,3,"Width of adhesive on tab from inside corner.
",0.000,0.030,0.060,"MAX : 0.060
TARGET : 0.030
MIN : 0.000"
7728,1142,10,6,Space between parts,0.105,0.125,0.145,"MAX : 0.145
TARGET : 0.125
MIN : 0.105"
8270,1194,10,3,Is the butt cut deep enough to pull the parts off individually but not so deep as to fracture the liner?,No (Fail),Yes(Pass),,"MAX : 
TARGET : Yes(Pass)
MIN : No (Fail)"
8270,1194,10,4,Is the print clean and legible?,No(Fail),Yes(Pass),,"MAX : 
TARGET : Yes(Pass)
MIN : No(Fail)"
7728,1142,10,10,"Is 2"" blue splice tape being used for splices?  (BACKSIDE OF LINER ONLY)",No(Fail),Yes(Pass),,"MAX : 
TARGET : Yes(Pass)
MIN : No(Fail)"
7737,1909,10,2,Are the back printed registration marks and typeface clean and dark?,No (Fail),Yes (Pass),,"MAX : 
TARGET : Yes (Pass)
MIN : No (Fail)"
8271,1195,10,3,Is the butt cut deep enough to pull the parts off individually but not so deep as to fracture the liner?,No (Fail),Yes(Pass),,"MAX : 
TARGET : Yes(Pass)
MIN : No (Fail)"
8271,1195,10,4,Is the print clean and legible?,No(Fail),Yes(Pass),,"MAX : 
TARGET : Yes(Pass)
MIN : No(Fail)"
7737,1909,10,1,Is tape laminated to create an extended liner on one side only?,No (Fail),Yes (Pass),,"MAX : 
TARGET : Yes (Pass)
MIN : No (Fail)"
7737,1909,10,3,Distance between insides of black “eyemark” lines,11.97,12.00,12.03,"MAX : 12.03
TARGET : 12.00
MIN : 11.97"
8272,1196,10,3,Is the butt cut deep enough to pull the parts off individually but not so deep as to fracture the liner?,No (Fail),Yes(Pass),,"MAX : 
TARGET : Yes(Pass)
MIN : No (Fail)"
8272,1196,10,4,Is the print clean and legible?,No(Fail),Yes(Pass),,"MAX : 
TARGET : Yes(Pass)
MIN : No(Fail)"
7740,1143,20,2,Are the scores deep enough to remove the liner but not cut into the vinyl?,No(Fail),Yes(Pass),,"MAX : 
TARGET : Yes(Pass)
MIN : No(Fail)"
7740,1143,20,1,Does part fit template?,No(Fail),Yes(Pass),,"MAX : 
TARGET : Yes(Pass)
MIN : No(Fail)"
8273,1197,10,3,Is the butt cut deep enough to pull the parts off individually but not so deep as to fracture the liner?,No (Fail),Yes(Pass),,"MAX : 
TARGET : Yes(Pass)
MIN : No (Fail)"
8273,1197,10,4,Is the print clean and legible?,No(Fail),Yes(Pass),,"MAX : 
TARGET : Yes(Pass)
MIN : No(Fail)"
7741,1144,10,2,Are the scores deep enough to remove the liner but not cut into the vinyl?,No(Fail),Yes(Pass),,"MAX : 
TARGET : Yes(Pass)
MIN : No(Fail)"
7741,1144,10,1,Does part fit template?,No(Fail),Yes(Pass),,"MAX : 
TARGET : Yes(Pass)
MIN : No(Fail)"
7549,1899,20,1,Width of tape,1.94,2.00,2.06,"MAX : 2.06
TARGET : 2.00
MIN : 1.94"
7746,1145,20,2,Width of part,2.89,2.92,2.95,"MAX : 2.95
TARGET : 2.92
MIN : 2.89"
7746,1145,20,1,Length of part,2.41,2.44,2.47,"MAX : 2.47
TARGET : 2.44
MIN : 2.41"
7747,1146,20,3,Width of tab,0.24,0.27,0.30,"MAX : 0.30
TARGET : 0.27
MIN : 0.24"
7747,1146,20,1,Diameter of part,3.32,3.35,3.38,"MAX : 3.38
TARGET : 3.35
MIN : 3.32"
8286,1198,20,3,Are the holes cleanly cut?,No(Fail),Yes(Pass),,"MAX : 
TARGET : Yes(Pass)
MIN : No(Fail)"
7753,1147,10,2,Width of part - Letter E,5.988,6.000,6.012,"MAX : 6.012
TARGET : 6.000
MIN : 5.988"
7753,1147,10,1,Length of part - Letter M,6.975,7.000,7.025,"MAX : 7.025
TARGET : 7.000
MIN : 6.975"
7853,1156,20,17,Inspection #17 - See sheet,3.010,3.1750,3.3400,"MAX : 3.3400
TARGET : 3.1750
MIN : 3.010"
7753,1147,20,28,General Cleanliness - no visible foreign matter on film or carrier adhesive,No(Fail),Yes(Pass),,"MAX : 
TARGET : Yes(Pass)
MIN : No(Fail)"
7753,1147,10,3,Width of carrier liner,6.125,6.500,8.000,"MAX : 8.000
TARGET : 6.500
MIN : 6.125"
7753,1147,10,5,General Cleanliness - no visible foreign matter on film or carrier adhesive,No(Fail),Yes(Pass),,"MAX : 
TARGET : Yes(Pass)
MIN : No(Fail)"
7753,1147,20,29,"Under Scope at minimum 40X magnification check all of the .045"" holes on each retain for possible deformation.  See Reference in the job jacket for example",Fail,Pass,,"MAX : 
TARGET : Pass
MIN : Fail"
7762,1911,10,2,Is the slit edge free of slivers and double cuts?,No(Fail),Yes(Pass),,"MAX : 
TARGET : Yes(Pass)
MIN : No(Fail)"
7762,1911,10,1,Width of roll,1.07,1.10,1.13,"MAX : 1.13
TARGET : 1.10
MIN : 1.07"
2700,1714,20,2,Are the splices good for next press run?,No(Fail),Yes(Pass),,"MAX : 
TARGET : Yes(Pass)
MIN : No(Fail)"
2700,1714,30,1,Are the splices good for the next press run?,No(Fail),Yes(Pass),,"MAX : 
TARGET : Yes(Pass)
MIN : No(Fail)"
2700,1714,50,1,Are the parts wound to rewind direction #7?,No(Fail),Yes(Pass),,"MAX : 
TARGET : Yes(Pass)
MIN : No(Fail)"
2700,1714,50,2,"Is there a 10"" leader at the core?",No(Fail),Yes(Pass),,"MAX : 
TARGET : Yes(Pass)
MIN : No(Fail)"
7763,1148,10,2,Repeat length,9.7,10.0,10.3,"MAX : 10.3
TARGET : 10.0
MIN : 9.7"
7763,1148,10,1,Length of part,6.7,7.0,7.3,"MAX : 7.3
TARGET : 7.0
MIN : 6.7"
8296,1200,20,3,Are the holes cleanly cut?,No(Fail),Yes(Pass),,"MAX : 
TARGET : Yes(Pass)
MIN : No(Fail)"
7769,1913,10,2,Distance from edge to score,0.22,0.25,0.28,"MAX : 0.28
TARGET : 0.25
MIN : 0.22"
7769,1913,10,1,Width of roll,0.97,1.00,1.03,"MAX : 1.03
TARGET : 1.00
MIN : 0.97"
7769,1913,10,3,Width of 9828,0.47,0.50,0.53,"MAX : 0.53
TARGET : 0.50
MIN : 0.47"
7769,1913,10,7,"Are all splices created using Yellow Splice tape over Blue Splice tape, and are all factory splices removed?",No(Fail),Yes(Pass),,"MAX : 
TARGET : Yes(Pass)
MIN : No(Fail)"
8304,1201,20,1,Length of part,1.41,1.43,1.45,"MAX : 1.45
TARGET : 1.43
MIN : 1.41"
8304,1201,20,2,Width of part,1.28,1.30,1.32,"MAX : 1.32
TARGET : 1.30
MIN : 1.28"
8304,1201,20,3,Does the adhesive fall within the red lines on the enclosed template?,No(Fail),Yes(Pass),,"MAX : 
TARGET : Yes(Pass)
MIN : No(Fail)"
8304,1201,30,1,Are the silicone tape tabs on the parts?,No(Fail),Yes(Pass),,"MAX : 
TARGET : Yes(Pass)
MIN : No(Fail)"
7776,1149,10,2,Length of Part,3.33,3.39,3.45,"MAX : 3.45
TARGET : 3.39
MIN : 3.33"
7776,1149,10,1,Width of Part,3.75,3.81,3.87,"MAX : 3.87
TARGET : 3.81
MIN : 3.75"
8319,1204,10,3,Is the die strike deep enough to remove the matrix but not cut into the liner?,No(Fail),Yes(Pass),,"MAX : 
TARGET : Yes(Pass)
MIN : No(Fail)"
7777,1914,20,1,Width of tape,14.875,15.000,15.125,"MAX : 15.125
TARGET : 15.000
MIN : 14.875"
7777,1914,10,1,Width of slit roll.,14.875,15.000,15.125,"MAX : 15.125
TARGET : 15.000
MIN : 14.875"
8314,1202,10,3,Is the die strike deep enough to remove the matrix but not cut into the liner?,No(Fail),Yes(Pass),,"MAX : 
TARGET : Yes(Pass)
MIN : No(Fail)"
7777,1914,20,5,Is the roll free of wrinkles and other lamination defects?,No(Fail),Yes(Pass),,"MAX : 
TARGET : Yes(Pass)
MIN : No(Fail)"
7780,1915,10,2,Is the slit edge free of slivers and other slitting debris?,No(Fail),Yes(Pass),,"MAX : 
TARGET : Yes(Pass)
MIN : No(Fail)"
8315,1203,10,3,Is the die strike deep enough to remove the matrix but not cut into the liner?,No(Fail),Yes(Pass),,"MAX : 
TARGET : Yes(Pass)
MIN : No(Fail)"
7780,1915,10,1,Width of roll,0.72,0.75,0.78,"MAX : 0.78
TARGET : 0.75
MIN : 0.72"
7784,1916,10,3,Is the NON-release side of the 78 Lb liner laminated to the 9449S?,No(Fail),Yes(Pass),,"MAX : 
TARGET : Yes(Pass)
MIN : No(Fail)"
7784,1916,10,2,Are the holes ejected?,No(Fail),Yes(Pass),,"MAX : 
TARGET : Yes(Pass)
MIN : No(Fail)"
8329,1205,10,3,Diameter of hole,0.33,0.36,0.39,"MAX : 0.39
TARGET : 0.36
MIN : 0.33"
8329,1205,10,4,Are all of the holes ejected?,No(Fail),Yes(Pass),,"MAX : 
TARGET : Yes(Pass)
MIN : No(Fail)"
7786,1150,20,5,Are the parts visually centered on the sheet?,No(Fail),Yes(Pass),,"MAX : 
TARGET : Yes(Pass)
MIN : No(Fail)"
7786,1150,20,1,Diameter of circle - Cross web on liner,105.3,106.0,106.7,"MAX : 106.7
TARGET : 106.0
MIN : 105.3"
7786,1150,20,2,Diameter of circle - Cross web off liner,105.3,106.0,106.7,"MAX : 106.7
TARGET : 106.0
MIN : 105.3"
8334,1207,30,1,Length of finished sheet,14.97,15.00,15.03,"MAX : 15.03
TARGET : 15.00
MIN : 14.97"
8334,1207,30,2,Width of finished sheet,6.97,7.00,7.03,"MAX : 7.03
TARGET : 7.00
MIN : 6.97"
8334,1207,30,3,Distance from end to dashed lines,2.97,3.00,3.03,"MAX : 3.03
TARGET : 3.00
MIN : 2.97"
8334,1207,30,4,Distance from end to top left corner of letters,1.47,1.50,1.53,"MAX : 1.53
TARGET : 1.50
MIN : 1.47"
8334,1207,30,5,Distance from top edge to top left corner of letters,1.47,1.50,1.53,"MAX : 1.53
TARGET : 1.50
MIN : 1.47"
8334,1207,30,6,Does the print match the drawing?,No(Fail),Yes(Pass),,"MAX : 
TARGET : Yes(Pass)
MIN : No(Fail)"
7786,1150,20,3,Diameter of circle - Web direction on liner,105.3,106.0,106.7,"MAX : 106.7
TARGET : 106.0
MIN : 105.3"
7789,1151,10,2,Is the adhesive width between 17 7/8 and 18 1/8 inches?,No (Fail),Yes (Pass),,"MAX : 
TARGET : Yes (Pass)
MIN : No (Fail)"
7789,1151,10,1,Is the sheet length between 23 7/8 and 24 1/18 inches?,No (Fail),Yes (Pass),,"MAX : 
TARGET : Yes (Pass)
MIN : No (Fail)"
7789,1151,10,7,"Is the sheet free of wrinkles, buckles, and creases?
",No(Fail),Yes(Pass),,"MAX : 
TARGET : Yes(Pass)
MIN : No(Fail)"
8337,1208,20,3,Is the die strike deep enough to remove the matrix but not cut into the liner?,No(Fail),Yes(Pass),,"MAX : 
TARGET : Yes(Pass)
MIN : No(Fail)"
7792,1917,10,2,Is finished product 60 yards in length?,No (Fail),Yes (Pass),,"MAX : 
TARGET : Yes (Pass)
MIN : No (Fail)"
7792,1917,10,1,Width of finished product?,1.94,2.00,2.06,"MAX : 2.06
TARGET : 2.00
MIN : 1.94"
8338,1209,20,3,Is the die strike deep enough to remove the matrix but not cut into the liner?,No(Fail),Yes(Pass),,"MAX : 
TARGET : Yes(Pass)
MIN : No(Fail)"
7795,1918,20,2,Are the slit edges free of slivers and double cuts?,No(Fail),Yes(Pass),,"MAX : 
TARGET : Yes(Pass)
MIN : No(Fail)"
7795,1918,20,1,Width of roll,0.125,0.25,0.375,"MAX : 0.375
TARGET : 0.25
MIN : 0.125"
8339,1210,20,3,Is the die strike deep enough to remove the matrix but not cut into the liner?,No(Fail),Yes(Pass),,"MAX : 
TARGET : Yes(Pass)
MIN : No(Fail)"
7806,1153,20,2,Width of part - measured at top of part,48,50,52,"MAX : 52
TARGET : 50
MIN : 48"
7806,1153,20,1,Length of part - measured at top of part.,48,50,52,"MAX : 52
TARGET : 50
MIN : 48"
7806,1153,20,4,Thickness of foam at core of finished roll,7.5,10,10,"MAX : 10
TARGET : 10
MIN : 7.5"
8035,1171,20,4,Diameter of Upper Right Small Hole,4.9,5.0,5.1,"MAX : 5.1
TARGET : 5.0
MIN : 4.9"
8035,1171,20,5,Diameter of Lower Right Small Hole,4.9,5.0,5.1,"MAX : 5.1
TARGET : 5.0
MIN : 4.9"
8035,1171,20,6,Diameter of Lower Left Large Hole,39.3,39.4,39.5,"MAX : 39.5
TARGET : 39.4
MIN : 39.3"
8035,1171,20,7,Diameter of Upper Left Large Hole,39.3,39.4,39.5,"MAX : 39.5
TARGET : 39.4
MIN : 39.3"
8035,1171,20,8,Diameter of Upper Right Large Hole,39.3,39.4,39.5,"MAX : 39.5
TARGET : 39.4
MIN : 39.3"
8035,1171,20,9,Diameter of Lower Right Large Hole,39.3,39.4,39.5,"MAX : 39.5
TARGET : 39.4
MIN : 39.3"
8035,1171,20,10,Horizontal Distance Between Upper Small Holes,101.9,102.0,102.1,"MAX : 102.1
TARGET : 102.0
MIN : 101.9"
8035,1171,20,11,Horizontal Distance Between Lower Small Holes,101.9,102.0,102.1,"MAX : 102.1
TARGET : 102.0
MIN : 101.9"
8035,1171,20,12,Vertical Distance Between Left Small Holes,101.9,102.0,102.1,"MAX : 102.1
TARGET : 102.0
MIN : 101.9"
8035,1171,20,13,Vertical Distance Between Right Small Holes,101.9,102.0,102.1,"MAX : 102.1
TARGET : 102.0
MIN : 101.9"
8035,1171,20,14,Horizontal Distance Between Upper Large Holes,50.7,50.8,50.9,"MAX : 50.9
TARGET : 50.8
MIN : 50.7"
8035,1171,20,15,Horizontal Distance Between Lower Large Holes,50.7,50.8,50.9,"MAX : 50.9
TARGET : 50.8
MIN : 50.7"
8035,1171,20,16,Vertical Distance Between Left Large Holes,50.7,50.8,50.9,"MAX : 50.9
TARGET : 50.8
MIN : 50.7"
8035,1171,20,17,Vertical Distance Between Right Large Holes,50.7,50.8,50.9,"MAX : 50.9
TARGET : 50.8
MIN : 50.7"
8035,1171,20,18,Are the parts cut cleanly around all edges?,No (Fail),Yes (Pass),,"MAX : 
TARGET : Yes (Pass)
MIN : No (Fail)"
7814,1920,10,2,Are the slit edges free of slivers and double cuts?,No(Fail),Yes(Pass),,"MAX : 
TARGET : Yes(Pass)
MIN : No(Fail)"
7814,1920,10,1,Width of roll,1.625,1.750,1.875,"MAX : 1.875
TARGET : 1.750
MIN : 1.625"
7821,1154,10,2,Width of part,8.80,8.81,8.82,"MAX : 8.82
TARGET : 8.81
MIN : 8.80"
7685,1138,10,5,Are the dry edges of the adhesive outside of the slitting/sheeting area?,No(Fail),Yes(Pass),,"MAX : 
TARGET : Yes(Pass)
MIN : No(Fail)"
7821,1154,10,6,Do the parts lay flat when removed from the liner?,No(Fail),Yes(Pass),,"MAX : 
TARGET : Yes(Pass)
MIN : No(Fail)"
8356,1953,10,3,Is the roll wound without gapping or telescoping?,No(Fail),Yes(Pass),,"MAX : 
TARGET : Yes(Pass)
MIN : No(Fail)"
7821,1154,10,1,Length of part,8.80,8.81,8.82,"MAX : 8.82
TARGET : 8.81
MIN : 8.80"
7821,1154,10,5,Does the perf tear easily but without breaking on press?,No(Fail),Yes(Pass),,"MAX : 
TARGET : Yes(Pass)
MIN : No(Fail)"
8364,1211,20,1,Are the parts packed one per bag?,No(Fail),Yes(Pass),,"MAX : 
TARGET : Yes(Pass)
MIN : No(Fail)"
7827,1155,20,2,Length of rectangle part,29.4,30.0,30.6,"MAX : 30.6
TARGET : 30.0
MIN : 29.4"
7827,1155,20,1,Length of sheet,84.13,85.73,87.33,"MAX : 87.33
TARGET : 85.73
MIN : 84.13"
7828,1922,10,2,Is the slit edge free of slivers and other slitting debris?,No(Fail),Yes(Pass),,"MAX : 
TARGET : Yes(Pass)
MIN : No(Fail)"
8372,1212,10,3,Is the foam laminated to the release side of the liner?,No(Fail),Yes(Pass),,"MAX : 
TARGET : Yes(Pass)
MIN : No(Fail)"
7828,1922,10,1,Width of tape,7.50,8.00,8.00,"MAX : 8.00
TARGET : 8.00
MIN : 7.50"
7843,1924,10,1,Width of tape,0.711,0.743,0.774,"MAX : 0.774
TARGET : 0.743
MIN : 0.711"
8373,1213,10,3,Is the VHB laminated to the release side of the liner?,No(Fail),Yes(Pass),,"MAX : 
TARGET : Yes(Pass)
MIN : No(Fail)"
7843,1924,10,3,Length of roll.  Is counter set for 72 yds?,No (Fail),Yes (Pass),,"MAX : 
TARGET : Yes (Pass)
MIN : No (Fail)"
7853,1156,20,2,Inspection #2 - See sheet,3.9782,4.1032,4.2282,"MAX : 4.2282
TARGET : 4.1032
MIN : 3.9782"
8375,1214,10,3,Is the 9703 laminated to the release side of the liner?,No(Fail),Yes(Pass),,"MAX : 
TARGET : Yes(Pass)
MIN : No(Fail)"
7853,1156,20,16,Inspection #16 - See sheet,10.5516,10.8016,11.0516,"MAX : 11.0516
TARGET : 10.8016
MIN : 10.5516"
7853,1156,20,1,Inspection #1 - See sheet,3.9782,4.1032,4.2282,"MAX : 4.2282
TARGET : 4.1032
MIN : 3.9782"
8376,1215,10,3,Is the adhesive laminated to the release side of the liner?,No(Fail),Yes(Pass),,"MAX : 
TARGET : Yes(Pass)
MIN : No(Fail)"
7853,1156,20,15,Inspection #15 - See sheet,8.6198,8.8698,9.1198,"MAX : 9.1198
TARGET : 8.8698
MIN : 8.6198"
7856,1157,10,2,Width of adhesive,7.97,8.00,8.03,"MAX : 8.03
TARGET : 8.00
MIN : 7.97"
8382,1216,20,3,Width of part,3.315,3.375,3.435,"MAX : 3.435
TARGET : 3.375
MIN : 3.315"
8382,1216,20,4,Is the score deep enough to remove the adhesive from the tab area but not cut into the liner?,No(Fail),Yes(Pass),,"MAX : 
TARGET : Yes(Pass)
MIN : No(Fail)"
7856,1157,10,1,Length of adhesive,4.44,4.50,4.56,"MAX : 4.56
TARGET : 4.50
MIN : 4.44"
7867,1158,10,2,Is the part cut cleanly?,No(Fail),Yes(Pass),,"MAX : 
TARGET : Yes(Pass)
MIN : No(Fail)"
8385,1959,10,3,Is the print clear and legible?,No(Fail),Yes(Pass),,"MAX : 
TARGET : Yes(Pass)
MIN : No(Fail)"
7867,1158,10,1,Diameter of part,0.94,1.00,1.06,"MAX : 1.06
TARGET : 1.00
MIN : 0.94"
7880,1159,10,2,Width of part,3.875,4.000,4.125,"MAX : 4.125
TARGET : 4.000
MIN : 3.875"
1311,1697,10,3,"Is roll wound loose, but not so loose as to cause gapping?",No (Fail),Yes (Pass),,"MAX : 
TARGET : Yes (Pass)
MIN : No (Fail)"
1311,1697,10,4,Are rolls clean of dirt and debris?,No (Fail),Yes (Pass),,"MAX : 
TARGET : Yes (Pass)
MIN : No (Fail)"
7880,1159,10,1,Length of part,1.625,1.750,1.875,"MAX : 1.875
TARGET : 1.750
MIN : 1.625"
7881,1160,20,2,Width of adhesive,17.875,18.00,18.125,"MAX : 18.125
TARGET : 18.00
MIN : 17.875"
8395,1217,10,3,Distance from part edge to edge of window,0.30,0.33,0.36,"MAX : 0.36
TARGET : 0.33
MIN : 0.30"
8395,1217,10,4,Width of part,5.47,5.50,5.53,"MAX : 5.53
TARGET : 5.50
MIN : 5.47"
8395,1217,10,5,Width of inner window,2.66,2.69,2.72,"MAX : 2.72
TARGET : 2.69
MIN : 2.66"
8395,1217,10,6,Distance from part edge to top edge of window,0.90,0.93,0.96,"MAX : 0.96
TARGET : 0.93
MIN : 0.90"
8395,1217,10,7,Is the inner window removed?,No(Fail),Yes(Pass),,"MAX : 
TARGET : Yes(Pass)
MIN : No(Fail)"
7881,1160,20,1,Length of sheet,23.875,24.00,24.125,"MAX : 24.125
TARGET : 24.00
MIN : 23.875"
7883,1925,20,2,Is the adhesive visually centered on the liner?,No(Fail),Yes(Pass),,"MAX : 
TARGET : Yes(Pass)
MIN : No(Fail)"
8346,1950,10,3,Are there 3 layers of 69 tape?,No(Fail),Yes(Pass),,"MAX : 
TARGET : Yes(Pass)
MIN : No(Fail)"
8346,1950,10,4,Is the die strike deep enough to remove the matrix but not cut into the liner?,No(Fail),Yes(Pass),,"MAX : 
TARGET : Yes(Pass)
MIN : No(Fail)"
8346,1950,10,5,Is the tape laminated to the release side of the liner?,No(Fail),Yes(Pass),,"MAX : 
TARGET : Yes(Pass)
MIN : No(Fail)"
7883,1925,20,1,Width of adhesivel?,11.94,12.00,12.06,"MAX : 12.06
TARGET : 12.00
MIN : 11.94"
7889,1926,10,2,Is the roll wound without gapping and telescoping?,No(Fail),Yes(Pass),,"MAX : 
TARGET : Yes(Pass)
MIN : No(Fail)"
8348,1951,20,3,"Is the die strike deep enough to remove the matrix, but not cut into the liner?",No (Fail),Yes (Pass),,"MAX : 
TARGET : Yes (Pass)
MIN : No (Fail)"
8348,1951,20,4,Is the tape laminated to the release side of the liner?,No (Fail),Yes (Pass),,"MAX : 
TARGET : Yes (Pass)
MIN : No (Fail)"
7889,1926,10,1,Width of roll,11.97,12.00,12.03,"MAX : 12.03
TARGET : 12.00
MIN : 11.97"
7890,1927,10,2,Is the slit edge free of slivers and double cuts?,No(Fail),Yes(Pass),,"MAX : 
TARGET : Yes(Pass)
MIN : No(Fail)"
8349,1952,10,3,Is the die strike deep enough to remove the matrix but not cut into the liner?,No(Fail),Yes(Pass),,"MAX : 
TARGET : Yes(Pass)
MIN : No(Fail)"
8349,1952,10,4,Is the tape laminated to the release side of the liner?,No(Fail),Yes(Pass),,"MAX : 
TARGET : Yes(Pass)
MIN : No(Fail)"
7890,1927,10,1,Width of roll,- 0.03,See WO,+ 0.03,"MAX : + 0.03
TARGET : See WO
MIN : - 0.03"
7897,1161,20,2,Width of part,44.5,45.0,45.5,"MAX : 45.5
TARGET : 45.0
MIN : 44.5"
8359,1954,10,3,Are there 3 layers of 69 tape?,No(Fail),Yes(Pass),,"MAX : 
TARGET : Yes(Pass)
MIN : No(Fail)"
8359,1954,10,4,Is the die strike deep enough to remove the matrix but not cut into the liner?,No(Fail),Yes(Pass),,"MAX : 
TARGET : Yes(Pass)
MIN : No(Fail)"
8359,1954,10,5,Is the tape laminated to the release side of the liner?,No(Fail),Yes(Pass),,"MAX : 
TARGET : Yes(Pass)
MIN : No(Fail)"
7897,1161,20,1,Length of part,367.5,368.0,368.5,"MAX : 368.5
TARGET : 368.0
MIN : 367.5"
7897,1161,10,2,Is the adhesive visually centered on the PET?,No(Fail),Yes(Pass),,"MAX : 
TARGET : Yes(Pass)
MIN : No(Fail)"
8360,1955,10,3,Are there 3 layers of 69 tape?,No(Fail),Yes(Pass),,"MAX : 
TARGET : Yes(Pass)
MIN : No(Fail)"
8360,1955,10,4,Is the die strike deep enough to remove the matrix but not cut into the liner?,No(Fail),Yes(Pass),,"MAX : 
TARGET : Yes(Pass)
MIN : No(Fail)"
8360,1955,10,5,Is the tape laminated to the release side of the liner?,No(Fail),Yes(Pass),,"MAX : 
TARGET : Yes(Pass)
MIN : No(Fail)"
7900,1162,10,3,Was this laminated in the clean room with a RH of less than 30%?,No(Fail),Yes(Pass),,"MAX : 
TARGET : Yes(Pass)
MIN : No(Fail)"
7900,1162,10,1,Width of finished part,4.375,4.500,4.625,"MAX : 4.625
TARGET : 4.500
MIN : 4.375"
8362,1956,10,3,Are there 3 layers of 69 tape?,No(Fail),Yes(Pass),,"MAX : 
TARGET : Yes(Pass)
MIN : No(Fail)"
8362,1956,10,4,Is the die strike deep enough to remove the matrix but not cut into the liner?,No(Fail),Yes(Pass),,"MAX : 
TARGET : Yes(Pass)
MIN : No(Fail)"
8362,1956,10,5,Is the tape laminated to the release side of the liner?,No(Fail),Yes(Pass),,"MAX : 
TARGET : Yes(Pass)
MIN : No(Fail)"
7902,1928,10,2,Is the slit edge free of slivers and double cuts?,No(Fail),Yes(Pass),,"MAX : 
TARGET : Yes(Pass)
MIN : No(Fail)"
7902,1928,10,1,Width of slit rolls - See work order for target,-0.03,Target,+0.03,"MAX : +0.03
TARGET : Target
MIN : -0.03"
7482,1112,10,25,Distance between alignment holes - head side,4.05,4.06,4.07,"MAX : 4.07
TARGET : 4.06
MIN : 4.05"
7903,1163,30,12,Width of part,6.668,6.674,6.680,"MAX : 6.680
TARGET : 6.674
MIN : 6.668"
7903,1163,30,14,Width of Window,6.224,6.234,6.244,"MAX : 6.244
TARGET : 6.234
MIN : 6.224"
7903,1163,40,7,Do the barcodes / QR code on the labels scan correctly?,No (fail),Yes (pass),,"MAX : 
TARGET : Yes (pass)
MIN : No (fail)"
8411,1962,30,3,Length of Butt Cut,3.97,4.00,4.03,"MAX : 4.03
TARGET : 4.00
MIN : 3.97"
8411,1962,30,4,"Is butt cut deep enough to pull parts off individually, but not cut into the liner?",No(Fail),Yes(Pass),,"MAX : 
TARGET : Yes(Pass)
MIN : No(Fail)"
8411,1962,30,5,"Is liner width 4.25""?",No(Fail),Yes(Pass),,"MAX : 
TARGET : Yes(Pass)
MIN : No(Fail)"
8411,1962,30,6,Are Parts wound IN?,No(Fail),Yes(Pass),,"MAX : 
TARGET : Yes(Pass)
MIN : No(Fail)"
8411,1962,10,1,Width of tape,3.97,4.00,4.03,"MAX : 4.03
TARGET : 4.00
MIN : 3.97"
8411,1962,20,1,Width of tab material,0.47,0.50,0.53,"MAX : 0.53
TARGET : 0.50
MIN : 0.47"
7903,1163,30,11,Length of part,2.340,2.346,2.352,"MAX : 2.352
TARGET : 2.346
MIN : 2.340"
7903,1163,40,1,Are parts and boxes clean and free of contaminants?,No (fail),Yes (pass),,"MAX : 
TARGET : Yes (pass)
MIN : No (fail)"
8416,1218,10,3,Are the parts free of fingerprints and any cutting debris?,No(Fail),Yes(Pass),,"MAX : 
TARGET : Yes(Pass)
MIN : No(Fail)"
8416,1218,10,4,Does the design match the enclosed for reference only drawing?,No(Fail),Yes(Pass),,"MAX : 
TARGET : Yes(Pass)
MIN : No(Fail)"
8416,1218,10,5,Was the part cut with the double layer of AS203 down?,No(Fail),Yes(Pass),,"MAX : 
TARGET : Yes(Pass)
MIN : No(Fail)"
7903,1163,40,5,Is lot number correct on labels? Month of production in format SYYYYMM-XX.  the S is fixed and the XX is number of run that month,No (fail),Yes (pass),,"MAX : 
TARGET : Yes (pass)
MIN : No (fail)"
7903,1163,40,8,Does DI part of data matrix read 10816417020671 ?,No (fail),Yes (pass),,"MAX : 
TARGET : Yes (pass)
MIN : No (fail)"
8423,1963,10,3,Are the rolls double bagged?,No(Fail),Yes(Pass),,"MAX : 
TARGET : Yes(Pass)
MIN : No(Fail)"
7903,1163,30,2,Edge of polyester to edge of foam,0.180,0.250,0.320,"MAX : 0.320
TARGET : 0.250
MIN : 0.180"
7903,1163,40,2,Is expiration date correct on pouch seal? 3 years from production start date in format YYYY-MM-DD.,No (fail),Yes (pass),,"MAX : 
TARGET : Yes (pass)
MIN : No (fail)"
8431,1964,10,3,Is the roll wound without gapping or telescoping?,No(Fail),Yes(Pass),,"MAX : 
TARGET : Yes(Pass)
MIN : No(Fail)"
7903,1163,30,1,Has the production start date been written on the Job Ticket?,No (fail),Yes (pass),,"MAX : 
TARGET : Yes (pass)
MIN : No (fail)"
7903,1163,30,5,"Take 18"" of laminated foam, allow it hang under its own weight.  Is curl less than 1.5"" against a straight edge?",No (fail),Yes (pass),,"MAX : 
TARGET : Yes (pass)
MIN : No (fail)"
7903,1163,30,4,Check At Setup Only,,,,"MAX : 
TARGET : 
MIN : "
7903,1163,40,3,Is lot number correct on pouch seal? Month of production in format SYYYYMM-XX.  the S is fixed and the XX is number of run that month,No (fail),Yes (pass),,"MAX : 
TARGET : Yes (pass)
MIN : No (fail)"
7903,1163,30,16,"Check foam width before and after lamination top and bottom.  Are the widths less than 1/32"" different? Beginning of roll and end of roll.",No (fail),Yes (pass),,"MAX : 
TARGET : Yes (pass)
MIN : No (fail)"
8435,1219,20,3,Does the perf tear cleanly?,No(Fail),Yes(Pass),,"MAX : 
TARGET : Yes(Pass)
MIN : No(Fail)"
8435,1219,20,4,Is the roll wound without gapping or telescoping?,No(Fail),Yes(Pass),,"MAX : 
TARGET : Yes(Pass)
MIN : No(Fail)"
7903,1163,30,16.2,,,,,"MAX : 
TARGET : 
MIN : "
7930,1932,10,2,Is the roll free of slivers and double cuts?,No(Fail),Yes(Pass),,"MAX : 
TARGET : Yes(Pass)
MIN : No(Fail)"
7930,1932,10,1,Width of roll,1.97,2.00,2.03,"MAX : 2.03
TARGET : 2.00
MIN : 1.97"
7933,1933,20,2,Is the roll laminated adhesive to foam to adhesive?,No(Fail),Yes(Pass),,"MAX : 
TARGET : Yes(Pass)
MIN : No(Fail)"
8440,1221,10,3,Width of tab area,9.0,9.5,10.0,"MAX : 10.0
TARGET : 9.5
MIN : 9.0"
8440,1221,10,4,Is the tab material laminated adhesive to adhesive?,No(Fail),Yes(Pass),,"MAX : 
TARGET : Yes(Pass)
MIN : No(Fail)"
8440,1221,10,5,Is the die strike deep enough to remove the matrix but not cut into the liner?,No(Fail),Yes(Pass),,"MAX : 
TARGET : Yes(Pass)
MIN : No(Fail)"
7933,1933,20,1,Is the lamination free of gross wrinkles and other defects?,No(Fail),Yes(Pass),,"MAX : 
TARGET : Yes(Pass)
MIN : No(Fail)"
7769,1913,10,6,Is a blue tab added to each roll 2 - 3 Ft. from the start of rewind?,No(Fail),Yes(Pass),,"MAX : 
TARGET : Yes(Pass)
MIN : No(Fail)"
7938,1164,10,3,Adhesive Width,17.69,17.82,17.95,"MAX : 17.95
TARGET : 17.82
MIN : 17.69"
7938,1164,10,4,Total Part Width,24.69,24.82,24.95,"MAX : 24.95
TARGET : 24.82
MIN : 24.69"
7938,1164,10,6,Liner Width,36.95,37.10,37.25,"MAX : 37.25
TARGET : 37.10
MIN : 36.95"
7938,1164,10,11,"Verify the 966NP being used is a transfer adhesive, and not a double coated adhesive.",Fail,Pass,,"MAX : 
TARGET : Pass
MIN : Fail"
7939,1165,10,2,Total Part Length,27.93,28.18,28.43,"MAX : 28.43
TARGET : 28.18
MIN : 27.93"
7939,1165,10,10,"Adhesive Wide Gear Side
(Reference Dimension)",4.55,4.80,5.05,"MAX : 5.05
TARGET : 4.80
MIN : 4.55"
8442,1222,10,4,Is the foam visually centered on the liner?,No(Fail),Yes(Pass),,"MAX : 
TARGET : Yes(Pass)
MIN : No(Fail)"
7939,1165,10,12,Total Part Width,24.07,24.32,24.57,"MAX : 24.57
TARGET : 24.32
MIN : 24.07"
7784,1916,10,5,Please allow the parts to sit for 48 hours before shipping to confirm adhesion to the part backing and release from the parent liner.,No(Fail),Yes(Pass),,"MAX : 
TARGET : Yes(Pass)
MIN : No(Fail)"
7784,1916,10,1,Doe the part fit the approved template?,No (Fail),Yes (Pass),,"MAX : 
TARGET : Yes (Pass)
MIN : No (Fail)"
7939,1165,10,8,Adhesive Width OP Side,4.54,4.79,5.04,"MAX : 5.04
TARGET : 4.79
MIN : 4.54"
8445,1224,20,2,Width of foam on long Leading Edge,0.215,0.220,0.225,"MAX : 0.225
TARGET : 0.220
MIN : 0.215"
8445,1224,20,3,Width of foam on long Trailing Edge,0.215,0.220,0.225,"MAX : 0.225
TARGET : 0.220
MIN : 0.215"
8445,1224,20,4,Width of foam on Operator Side,0.215,0.220,0.225,"MAX : 0.225
TARGET : 0.220
MIN : 0.215"
8445,1224,20,5,Width of foam Opposite Operator Side (Gear),0.215,0.220,0.225,"MAX : 0.225
TARGET : 0.220
MIN : 0.215"
8445,1224,20,9,Width of Window,9.352,9.362,9.372,"MAX : 9.372
TARGET : 9.362
MIN : 9.352"
8445,1224,20,10,Length of Window,2.106,2.116,2.126,"MAX : 2.126
TARGET : 2.116
MIN : 2.106"
8445,1224,30,5,Is expiration date correct on label? 3 years from production start date in format YYYY-MM-DD.,No (fail),Yes (pass),,"MAX : 
TARGET : Yes (pass)
MIN : No (fail)"
8445,1224,30,6,Is lot number correct on label? Month of production in format SYYYYMM-XX.  The S is fixed and the XX is number of run that month.,No (fail),Yes (pass),,"MAX : 
TARGET : Yes (pass)
MIN : No (fail)"
8445,1224,30,7,Is the UDI Correct on label? Fixed DI number followed by expiration date and lot number,No (fail),Yes (pass),,"MAX : 
TARGET : Yes (pass)
MIN : No (fail)"
8445,1224,30,1,Are parts and boxes clean and free of contaminants?,No (fail),Yes (pass),,"MAX : 
TARGET : Yes (pass)
MIN : No (fail)"
7947,1934,20,2,Are the roll edges free of all debris and hairs?,No(Fail),Yes(Pass),,"MAX : 
TARGET : Yes(Pass)
MIN : No(Fail)"
7947,1934,20,1,Width of Roll,0.97,1.00,1.03,"MAX : 1.03
TARGET : 1.00
MIN : 0.97"
8444,1223,20,6,Width of foam on long Leading Edge,0.215,0.220,0.225,"MAX : 0.225
TARGET : 0.220
MIN : 0.215"
8444,1223,20,7,Width of foam on long Trailing Edge,0.215,0.220,0.225,"MAX : 0.225
TARGET : 0.220
MIN : 0.215"
8444,1223,20,8,Width of foam on Operator Side,0.215,0.220,0.225,"MAX : 0.225
TARGET : 0.220
MIN : 0.215"
8444,1223,20,9,Width of foam Opposite Operator Side (Gear),0.215,0.220,0.225,"MAX : 0.225
TARGET : 0.220
MIN : 0.215"
8444,1223,20,13,Length of Window,1.896,1.906,1.916,"MAX : 1.916
TARGET : 1.906
MIN : 1.896"
8444,1223,20,14,Width of Window,6.224,6.234,6.244,"MAX : 6.244
TARGET : 6.234
MIN : 6.224"
8444,1223,30,4,The following must be inspected every time a format is loaded/opened and labels are printed on the Honeywell printer,,,,"MAX : 
TARGET : 
MIN : "
8444,1223,30,5,Is expiration date correct on label? 3 years from production start date in format YYYY-MM-DD.,No (fail),Yes (pass),,"MAX : 
TARGET : Yes (pass)
MIN : No (fail)"
8444,1223,30,6,Is lot number correct on label? Month of production in format SYYYYMM-XX.  The S is fixed and the XX is number of run that month.,No (fail),Yes (pass),,"MAX : 
TARGET : Yes (pass)
MIN : No (fail)"
8444,1223,30,7,Is the UDI Correct on label? Fixed DI number followed by expiration date and lot number.,No (fail),Yes (pass),,"MAX : 
TARGET : Yes (pass)
MIN : No (fail)"
8444,1223,30,1,Are parts and boxes clean and free of contaminants?,No (fail),Yes (pass),,"MAX : 
TARGET : Yes (pass)
MIN : No (fail)"
7954,1166,20,2,Length of part,3.98,4.00,4.02,"MAX : 4.02
TARGET : 4.00
MIN : 3.98"
7954,1166,20,1,Width of part,1.98,2.00,2.02,"MAX : 2.02
TARGET : 2.00
MIN : 1.98"
8458,1226,10,3,Is the printed border visual even on the three sides with no text?,No(Fail),Yes(Pass),,"MAX : 
TARGET : Yes(Pass)
MIN : No(Fail)"
8458,1226,10,4,"Is the die strike deep enough to remove the matrix, but not cut into the liner?",No(Fail),Yes(Pass),,"MAX : 
TARGET : Yes(Pass)
MIN : No(Fail)"
8458,1226,10,5,Is the color within one shade of PMS?,No(Fail),Yes(Pass),,"MAX : 
TARGET : Yes(Pass)
MIN : No(Fail)"
8458,1226,20,1,Is the finished rewind direction #4?,No(Fail),Yes(Pass),,"MAX : 
TARGET : Yes(Pass)
MIN : No(Fail)"
7963,1167,10,10,Length of part,2.550,2.556,2.562,"MAX : 2.562
TARGET : 2.556
MIN : 2.550"
7963,1167,10,12,Length of Window,2.106,2.116,2.126,"MAX : 2.126
TARGET : 2.116
MIN : 2.106"
8446,1225,20,9,Length of Window,1.896,1.906,1.916,"MAX : 1.916
TARGET : 1.906
MIN : 1.896"
8446,1225,20,10,Width of Window,4.653,4.663,4.673,"MAX : 4.673
TARGET : 4.663
MIN : 4.653"
8446,1225,30,5,Is expiration date correct on label? 3 years from production start date in format YYYY-MM-DD.,No (fail),Yes (pass),,"MAX : 
TARGET : Yes (pass)
MIN : No (fail)"
8446,1225,30,6,Is lot number correct on label? Month of production in format SYYYYMM-XX.  The S is fixed and the XX is number of run that month.,No (fail),Yes (pass),,"MAX : 
TARGET : Yes (pass)
MIN : No (fail)"
8446,1225,30,7,Is the UDI Correct on label? Fixed DI number followed by expiration date and lot number.,No (fail),Yes (pass),,"MAX : 
TARGET : Yes (pass)
MIN : No (fail)"
7963,1167,20,7,Do the barcodes / data matrix on the labels scan correctly?,No (fail),Yes (pass),,"MAX : 
TARGET : Yes (pass)
MIN : No (fail)"
7963,1167,10,9,Width of part,9.796,9.802,9.808,"MAX : 9.808
TARGET : 9.802
MIN : 9.796"
7081,1080,20,1,Width of slit roll,0.145,0.160,0.175,"MAX : 0.175
TARGET : 0.160
MIN : 0.145"
7081,1080,20,2,Are the rolls wound without gapping or telescoping?,No(Fail),Yes(Pass),,"MAX : 
TARGET : Yes(Pass)
MIN : No(Fail)"
7963,1167,10,3,"Take 18"" of laminated foam, allow it hang under its own weight.  Is curl less than 1.5"" against a straight edge?",No (fail),Yes (pass),,"MAX : 
TARGET : Yes (pass)
MIN : No (fail)"
7963,1167,10,0,Has the production start date been written on the Job Ticket?,No (fail),Yes (pass),,"MAX : 
TARGET : Yes (pass)
MIN : No (fail)"
7082,1081,20,1,Width of slit roll,0.145,0.160,0.175,"MAX : 0.175
TARGET : 0.160
MIN : 0.145"
7082,1081,20,2,Are the rolls wound without gapping or telescoping?,No(Fail),Yes(Pass),,"MAX : 
TARGET : Yes(Pass)
MIN : No(Fail)"
7963,1167,10,12.1,Check Once per shift and after making any laminator adjustments.,,,,"MAX : 
TARGET : 
MIN : "
7963,1167,10,8,"Check at Setup and
Check Every 5,000 parts",,,,"MAX : 
TARGET : 
MIN : "
8469,1227,10,2,Length of window,6.250,6.280,6.310,"MAX : 6.310
TARGET : 6.280
MIN : 6.250"
8469,1227,10,4,Width of window - Measured at narrowest leg (See drawing for actual location to measure),5.136,5.166,5.196,"MAX : 5.196
TARGET : 5.166
MIN : 5.136"
8469,1227,10,6,Are the centers cleanly removed?,No(Fail),Yes(Pass),,"MAX : 
TARGET : Yes(Pass)
MIN : No(Fail)"
7963,1167,20,5,Is lot number correct on labels? Month of production in format SYYYYMM-XX.  the S is fixed and the XX is number of run that month,No (fail),Yes (pass),,"MAX : 
TARGET : Yes (pass)
MIN : No (fail)"
7963,1167,10,1,Edge of polyester to edge of foam,0.180,0.250,0.320,"MAX : 0.320
TARGET : 0.250
MIN : 0.180"
8386,1960,10,3,Is the print clear and legible?,No(Fail),Yes(Pass),,"MAX : 
TARGET : Yes(Pass)
MIN : No(Fail)"
7963,1167,10,12.2,"Check foam width before and after lamination top and bottom.  Are the widths less than 1/32"" different? Beginning of roll and end of roll.",No (fail),Yes (pass),,"MAX : 
TARGET : Yes (pass)
MIN : No (fail)"
7963,1167,10,12.4,,,,,"MAX : 
TARGET : 
MIN : "
8476,1967,10,3,Is the roll wound without excessive gapping or telescoping? See example of acceptable gapping; in the JJ.,No(Fail),Yes(Pass),,"MAX : 
TARGET : Yes(Pass)
MIN : No(Fail)"
7991,1168,10,3,Width of sheeted part,94.50,95.00,95.50,"MAX : 95.50
TARGET : 95.00
MIN : 94.50"
7991,1168,10,1,Width of 9795R center,74.50,75.00,75.50,"MAX : 75.50
TARGET : 75.00
MIN : 74.50"
8477,1228,10,3,Is the sheet free of foreign debris?,No (Fail),Yes (Pass),,"MAX : 
TARGET : Yes (Pass)
MIN : No (Fail)"
8477,1228,10,4,Is the adhesive side of the product laminated to the release side of the PET liner? (Can the product be removed from the liner?),No (Fail),Yes (Pass),,"MAX : 
TARGET : Yes (Pass)
MIN : No (Fail)"
8477,1228,10,5,"Are all die cut edges free of tears, burrs and jagged edges?",No (Fail),Yes (Pass),,"MAX : 
TARGET : Yes (Pass)
MIN : No (Fail)"
8477,1228,10,6,Is the die strike deep enough to remove the matrix but not cut into the PET liner?,No (Fail),Yes (Pass),,"MAX : 
TARGET : Yes (Pass)
MIN : No (Fail)"
7991,1168,10,2,Width of tabs,9.50,10.00,10.50,"MAX : 10.50
TARGET : 10.00
MIN : 9.50"
7994,1169,10,2,Length of Part,1.94,2.00,2.06,"MAX : 2.06
TARGET : 2.00
MIN : 1.94"
8478,1229,10,3,Is the sheet free of foreign debris?,No (Fail),Yes (Pass),,"MAX : 
TARGET : Yes (Pass)
MIN : No (Fail)"
8478,1229,10,4,Is the adhesive side of the product laminated to the release side of the PET liner? (Can the product be removed from the liner?),No (Fail),Yes (Pass),,"MAX : 
TARGET : Yes (Pass)
MIN : No (Fail)"
8478,1229,10,5,"Are all die cut edges free of tears, burrs and jagged edges?",No (Fail),Yes (Pass),,"MAX : 
TARGET : Yes (Pass)
MIN : No (Fail)"
8478,1229,10,6,Is the die strike deep enough to remove the matrix but not cut into the PET liner?,No (Fail),Yes (Pass),,"MAX : 
TARGET : Yes (Pass)
MIN : No (Fail)"
7994,1169,10,1,Width of Part,3.44,3.50,3.56,"MAX : 3.56
TARGET : 3.50
MIN : 3.44"
8021,1938,20,2,Is the slit edge free of slivers and double cuts?,No(Fail),Yes(Pass),,"MAX : 
TARGET : Yes(Pass)
MIN : No(Fail)"
8479,1230,10,3,Is the sheet free of foreign debris?,No (Fail),Yes (Pass),,"MAX : 
TARGET : Yes (Pass)
MIN : No (Fail)"
8479,1230,10,4,Is the adhesive side of the product laminated to the release side of the PET liner? (Can the product be removed from the liner?) ,No (Fail),Yes (Pass),,"MAX : 
TARGET : Yes (Pass)
MIN : No (Fail)"
8479,1230,10,5,"Are all die cut edges free of tears, burrs and jagged edges?",No (Fail),Yes (Pass),,"MAX : 
TARGET : Yes (Pass)
MIN : No (Fail)"
8479,1230,10,6,Is the die strike deep enough to remove the matrix but not cut into the PET liner?,No (Fail),Yes (Pass),,"MAX : 
TARGET : Yes (Pass)
MIN : No (Fail)"
8021,1938,20,1,Width of roll,0.095,0.125,0.155,"MAX : 0.155
TARGET : 0.125
MIN : 0.095"
8022,1170,10,2,Width of part,3.409,3.440,3.471,"MAX : 3.471
TARGET : 3.440
MIN : 3.409"
8480,1231,10,3,Is the sheet free of foreign debris?,No (Fail),Yes (Pass),,"MAX : 
TARGET : Yes (Pass)
MIN : No (Fail)"
8480,1231,10,4,Is the adhesive side of the product laminated to the release side of the PET liner? (Can the product be removed from the liner?),No (Fail),Yes (Pass),,"MAX : 
TARGET : Yes (Pass)
MIN : No (Fail)"
8480,1231,10,5,"Are all die cut edges free of tears, burrs and jagged edges?",No (Fail),Yes (Pass),,"MAX : 
TARGET : Yes (Pass)
MIN : No (Fail)"
8480,1231,10,6,Is the die strike deep enough to remove the matrix but not cut into the PET liner?,No (Fail),Yes (Pass),,"MAX : 
TARGET : Yes (Pass)
MIN : No (Fail)"
8022,1170,10,1,Length of part,2.720,2.750,2.780,"MAX : 2.780
TARGET : 2.750
MIN : 2.720"
8022,1170,10,10,"Inspect The First and Last 4 Parts on Every Roll at The Rewind  (Capture twice every 50,200 parts)",,,,"MAX : 
TARGET : 
MIN : "
8481,1232,10,3,Is the sheet free of foreign debris?,No (Fail),Yes (Pass),,"MAX : 
TARGET : Yes (Pass)
MIN : No (Fail)"
8481,1232,10,4,Is the adhesive side of the product laminated to the release side of the PET liner? (Can the product be removed from the liner?),No (Fail),Yes (Pass),,"MAX : 
TARGET : Yes (Pass)
MIN : No (Fail)"
8481,1232,10,5,"Are all die cut edges free of tears, burrs and jagged edges?",No (Fail),Yes (Pass),,"MAX : 
TARGET : Yes (Pass)
MIN : No (Fail)"
8481,1232,10,6,Is the die strike deep enough to remove the matrix but not cut into the PET liner?,No (Fail),Yes (Pass),,"MAX : 
TARGET : Yes (Pass)
MIN : No (Fail)"
8022,1170,20,0.1,,,,,"MAX : 
TARGET : 
MIN : "
8022,1170,20,2,Are 3 parts or more visible on the tail at the top of the box?  (Monitor constantly/log data every 22-24 boxes),No(Fail),Yes(Pass),,"MAX : 
TARGET : Yes(Pass)
MIN : No(Fail)"
8482,1233,10,3,Is the sheet free of foreign debris?,No (Fail),Yes (Pass),,"MAX : 
TARGET : Yes (Pass)
MIN : No (Fail)"
8482,1233,10,4,Is the adhesive side of the product laminated to the release side of the PET liner? (Can the product be removed from the liner?),No (Fail),Yes (Pass),,"MAX : 
TARGET : Yes (Pass)
MIN : No (Fail)"
8482,1233,10,5,"Are all die cut edges free of tears, burrs and jagged edges?",No (Fail),Yes (Pass),,"MAX : 
TARGET : Yes (Pass)
MIN : No (Fail)"
8482,1233,10,6,Is the die strike deep enough to remove the matrix but not cut into the PET liner?,No (Fail),Yes (Pass),,"MAX : 
TARGET : Yes (Pass)
MIN : No (Fail)"
8022,1170,20,0.2,,,,,"MAX : 
TARGET : 
MIN : "
8035,1171,20,3,Diameter of Upper Left Small Hole,4.9,5.0,5.1,"MAX : 5.1
TARGET : 5.0
MIN : 4.9"
8483,1234,10,5,"Are all die cut edges free of tears, burrs and jagged edges?",No (Fail),Yes (Pass),,"MAX : 
TARGET : Yes (Pass)
MIN : No (Fail)"
8483,1234,10,6,Is the die strike deep enough to remove the matrix but not cut into the PET liner?,No (Fail),Yes (Pass),,"MAX : 
TARGET : Yes (Pass)
MIN : No (Fail)"
8035,1171,20,1,"Remove part from carrier, Orient Notch Down on Keyence.",,,,"MAX : 
TARGET : 
MIN : "
8036,1939,10,2,Width of second slit width - See work order,-0.03,Target,+0.03,"MAX : +0.03
TARGET : Target
MIN : -0.03"
8484,1235,10,5,"Are all die cut edges free of tears, burrs and jagged edges?",No (Fail),Yes (Pass),,"MAX : 
TARGET : Yes (Pass)
MIN : No (Fail)"
8484,1235,10,6,Is the die strike deep enough to remove the matrix but not cut into the PET liner?,No (Fail),Yes (Pass),,"MAX : 
TARGET : Yes (Pass)
MIN : No (Fail)"
8036,1939,10,1,Width of first slit width - See work order,-0.03,Target,+0.03,"MAX : +0.03
TARGET : Target
MIN : -0.03"
8037,1172,10,2,Width of part,3.219,3.250,3.281,"MAX : 3.281
TARGET : 3.250
MIN : 3.219"
8486,1237,10,6,Is the adhesive side of the product laminated to the release side of the PET liner? (Can the product be removed from the liner?),No (Fail),Yes (Pass),,"MAX : 
TARGET : Yes (Pass)
MIN : No (Fail)"
8486,1237,10,7,"Are all die cut edges free of tears, burrs and jagged edges?",No (Fail),Yes (Pass),,"MAX : 
TARGET : Yes (Pass)
MIN : No (Fail)"
8486,1237,10,8,Is the die strike deep enough to remove the matrix but not cut into the PET liner?,No (Fail),Yes (Pass),,"MAX : 
TARGET : Yes (Pass)
MIN : No (Fail)"
8037,1172,10,1,Length of part,3.969,4.000,4.031,"MAX : 4.031
TARGET : 4.000
MIN : 3.969"
8049,1940,10,2,Is the slit edge free of slivers and double cuts?,No(Fail),Yes(Pass),,"MAX : 
TARGET : Yes(Pass)
MIN : No(Fail)"
8049,1940,10,1,Width of roll,5.97,6.00,6.03,"MAX : 6.03
TARGET : 6.00
MIN : 5.97"
8075,1173,20,1,Width of part,2.92,2.95,2.98,"MAX : 2.98
TARGET : 2.95
MIN : 2.92"
8075,1173,10,1,Is the VHB laminated t the release side of the liner?,No(Fail),Yes(Pass),,"MAX : 
TARGET : Yes(Pass)
MIN : No(Fail)"
8090,1174,20,4,Width of part,0.190,0.200,0.210,"MAX : 0.210
TARGET : 0.200
MIN : 0.190"
8090,1174,20,1,Length of part,2.10,2.11,2.12,"MAX : 2.12
TARGET : 2.11
MIN : 2.10"
7897,1161,10,1,Does the lamination lay flat?,No(Fail),Yes(Pass),,"MAX : 
TARGET : Yes(Pass)
MIN : No(Fail)"
8090,1174,20,9,Is the die strike deep enough to remove the matrix without cutting into the liner?,No (Fail),Yes (Pass),,"MAX : 
TARGET : Yes (Pass)
MIN : No (Fail)"
8090,1174,20,7,Is the VHB laminated to the easy release side of liner?,No (Fail),Yes (Pass),,"MAX : 
TARGET : Yes (Pass)
MIN : No (Fail)"
8090,1174,20,2,Length of window,1.99,2.00,2.01,"MAX : 2.01
TARGET : 2.00
MIN : 1.99"
7903,1163,30,13,Length of Window,1.896,1.906,1.916,"MAX : 1.916
TARGET : 1.906
MIN : 1.896"
8093,1175,30,2,Width of part,165,168,171,"MAX : 171
TARGET : 168
MIN : 165"
8498,1238,10,5,"Are the parts laying flat to within 1/2"" off table?",No(Fail),Yes(Pass),,"MAX : 
TARGET : Yes(Pass)
MIN : No(Fail)"
8498,1238,10,6,Are the parts visual centered on the liner?,No(Fail),Yes(Pass),,"MAX : 
TARGET : Yes(Pass)
MIN : No(Fail)"
8093,1175,30,1,Length of part,357,360,363,"MAX : 363
TARGET : 360
MIN : 357"
8094,1176,20,2,Length of Part,2.44,2.50,2.56,"MAX : 2.56
TARGET : 2.50
MIN : 2.44"
8508,1968,10,3,Is the score deep enough to split the liner but not cut into the facestock?,No(Fail),Yes(Pass),,"MAX : 
TARGET : Yes(Pass)
MIN : No(Fail)"
8094,1176,20,1,Width of Part,0.94,1.00,1.06,"MAX : 1.06
TARGET : 1.00
MIN : 0.94"
7903,1163,40,6,Is the UDI Correct on Box? Fixed DI number followed by expiration date and lot number.,No (fail),Yes (pass),,"MAX : 
TARGET : Yes (pass)
MIN : No (fail)"
8128,1177,10,2,Width of adhesive,27.00,28.00,28.00,"MAX : 28.00
TARGET : 28.00
MIN : 27.00"
8128,1177,10,1,Length of part,11.13,12.13,12.13,"MAX : 12.13
TARGET : 12.13
MIN : 11.13"
8129,1178,10,2,Width of adhesive,19.00,20.00,20.00,"MAX : 20.00
TARGET : 20.00
MIN : 19.00"
7500,1116,10,6,"Does the finished material pass the ""splice test""? (Splice test defined in the production step notes.)",No(Fail),Yes(Pass),,"MAX : 
TARGET : Yes(Pass)
MIN : No(Fail)"
8129,1178,10,1,Length of part,11.13,12.13,12.13,"MAX : 12.13
TARGET : 12.13
MIN : 11.13"
8130,1179,20,2,Width of adhesive,47.00,48.00,48.00,"MAX : 48.00
TARGET : 48.00
MIN : 47.00"
7501,1117,10,6,"Does the finished material pass the ""splice test""? (Splice test defined in the production step notes.)",No(Fail),Yes(Pass),,"MAX : 
TARGET : Yes(Pass)
MIN : No(Fail)"
8130,1179,20,1,Length of part,11.13,12.13,12.13,"MAX : 12.13
TARGET : 12.13
MIN : 11.13"
8130,1179,20,3,Width of tab,22.00,22.00,23.00,"MAX : 23.00
TARGET : 22.00
MIN : 22.00"
6978,1071,10,6,"Does the finished material pass the ""splice test""? (Splice test defined in the production step notes.)",No(Fail),Yes(Pass),,"MAX : 
TARGET : Yes(Pass)
MIN : No(Fail)"
8133,1180,10,2,Width of part,1.94,2.00,2.06,"MAX : 2.06
TARGET : 2.00
MIN : 1.94"
8133,1180,10,1,Length of part,1.94,2.00,2.06,"MAX : 2.06
TARGET : 2.00
MIN : 1.94"
7468,1110,10,5,Does splice construction match the splice template provided in the JJ?,No(Fail),Yes(Pass),,"MAX : 
TARGET : Yes(Pass)
MIN : No(Fail)"
7468,1110,10,6,"Does the finished material pass the ""splice test""? (Splice test defined in the production step notes.)",No(Fail),Yes(Pass),,"MAX : 
TARGET : Yes(Pass)
MIN : No(Fail)"
8141,1941,10,2,Is the roll wound without gapping or telescoping?,No(Fail),Yes(Pass),,"MAX : 
TARGET : Yes(Pass)
MIN : No(Fail)"
7903,1163,30,15,Check Once per shift and after making any laminator adjustments.,,,,"MAX : 
TARGET : 
MIN : "
7903,1163,30,16.1,,,,,"MAX : 
TARGET : 
MIN : "
7903,1163,30,3,Confirm parts fit within check gauge,No (fail),Yes (pass),,"MAX : 
TARGET : Yes (pass)
MIN : No (fail)"
8141,1941,10,1,Width of roll (3 DECIMAL PLACE READING REQUIRED),2.250,2.500,2.750,"MAX : 2.750
TARGET : 2.500
MIN : 2.250"
8523,1969,10,3,Is the roll wound without telescoping or gapping?,No(Fail),Yes(Pass),,"MAX : 
TARGET : Yes(Pass)
MIN : No(Fail)"
8142,1181,10,2,Width of adhesive,140,141,142,"MAX : 142
TARGET : 141
MIN : 140"
8142,1181,10,1,Length of adhesive,37,38,39,"MAX : 39
TARGET : 38
MIN : 37"
8150,1182,10,2,Width of Rectangle of adhesive,10.98,11.0,11.2,"MAX : 11.2
TARGET : 11.0
MIN : 10.98"
8150,1182,10,1,Length of adhesive,5.8,6.0,6.2,"MAX : 6.2
TARGET : 6.0
MIN : 5.8"
8150,1182,10,4,Distance from edge of liner to rectangle,4.48,4.68,4.88,"MAX : 4.88
TARGET : 4.68
MIN : 4.48"
8533,1971,40,1,Width of finished roll,17.97,18.00,18.03,"MAX : 18.03
TARGET : 18.00
MIN : 17.97"
8173,1183,20,2,"Is the score deep enough to remove the part, but not cut into the liner?",No(Fail),Yes(Pass),,"MAX : 
TARGET : Yes(Pass)
MIN : No(Fail)"
8173,1183,20,1,Does the part fit within the template?,No(Fail),Yes(Pass),,"MAX : 
TARGET : Yes(Pass)
MIN : No(Fail)"
8529,1242,10,2,Does the perf tear easily?,No(Fail),Yes(Pass),,"MAX : 
TARGET : Yes(Pass)
MIN : No(Fail)"
8529,1242,10,3,Is the roll wound without gapping or telescoping?,No(Fail),Yes(Pass),,"MAX : 
TARGET : Yes(Pass)
MIN : No(Fail)"
8178,1184,30,8,Width of part,5.097,5.103,5.109,"MAX : 5.109
TARGET : 5.103
MIN : 5.097"
8178,1184,30,6,"Check at Setup and
Check Every 4,000 parts",,,,"MAX : 
TARGET : 
MIN : "
8535,1243,10,2,Does the perf tear easily?,No(Fail),Yes(Pass),,"MAX : 
TARGET : Yes(Pass)
MIN : No(Fail)"
8535,1243,20,2,Is the roll wound without gapping or telescoping?,No(Fail),Yes(Pass),,"MAX : 
TARGET : Yes(Pass)
MIN : No(Fail)"
8178,1184,40,2,Are parts and boxes clean and free of contaminants?,No (fail),Yes (pass),,"MAX : 
TARGET : Yes (pass)
MIN : No (fail)"
8178,1184,30,7,Length of part,2.340,2.346,2.352,"MAX : 2.352
TARGET : 2.346
MIN : 2.340"
8515,1241,20,3,Is the score deep enough to remove the material from the tab area but not cut into the liner?,No(Fail),Yes(Pass),,"MAX : 
TARGET : Yes(Pass)
MIN : No(Fail)"
8178,1184,40,6,Do the barcodes / QR code on the labels scan correctly?,No (fail),Yes (pass),,"MAX : 
TARGET : Yes (pass)
MIN : No (fail)"
8178,1184,40,1,No printing on pouch seal,No (fail),Yes (pass),,"MAX : 
TARGET : Yes (pass)
MIN : No (fail)"
8178,1184,40,7,Does DI part of data matrix read 10816417020916 ?,No (fail),Yes (pass),,"MAX : 
TARGET : Yes (pass)
MIN : No (fail)"
8178,1184,30,1,Has the production start date been written on the Job Ticket?,No (fail),Yes (pass),,"MAX : 
TARGET : Yes (pass)
MIN : No (fail)"
7963,1167,10,11,Width of Window,9.352,9.362,9.372,"MAX : 9.372
TARGET : 9.362
MIN : 9.352"
7963,1167,20,1,Are parts and boxes clean and free of contaminants?,No (fail),Yes (pass),,"MAX : 
TARGET : Yes (pass)
MIN : No (fail)"
7963,1167,20,3,Is lot number correct on pouch seal? Month of production in format SYYYYMM-XX.  the S is fixed and the XX is number of run that month,No (fail),Yes (pass),,"MAX : 
TARGET : Yes (pass)
MIN : No (fail)"
7963,1167,20,6,Is the UDI Correct on Box? DI number followed by exp date and lot number.  Confirm DI against front page of DWG packet and DWG# 205262 in packet,No (fail),Yes (pass),,"MAX : 
TARGET : Yes (pass)
MIN : No (fail)"
7963,1167,10,2,Check At Setup Only,,,,"MAX : 
TARGET : 
MIN : "
7963,1167,20,2,Is expiration date correct on pouch seal? 3 years from production start date in format YYYY-MM-DD.,No (fail),Yes (pass),,"MAX : 
TARGET : Yes (pass)
MIN : No (fail)"
8178,1184,30,4,Check At Setup Only,,,,"MAX : 
TARGET : 
MIN : "
8543,1972,10,3,Does the perf tear easily?,No(Fail),Yes(Pass),,"MAX : 
TARGET : Yes(Pass)
MIN : No(Fail)"
8178,1184,30,12.2,,,,,"MAX : 
TARGET : 
MIN : "
8178,1184,30,3,Confirm parts fit within check gauge,No (fail),Yes (pass),,"MAX : 
TARGET : Yes (pass)
MIN : No (fail)"
8540,1244,20,3,Is the part visually centered on the liner?,No(Fail),Yes(Pass),,"MAX : 
TARGET : Yes(Pass)
MIN : No(Fail)"
8540,1244,20,4,Is the die strike deep enough to remove the matrix but not cut into the liner?,No(Fail),Yes(Pass),,"MAX : 
TARGET : Yes(Pass)
MIN : No(Fail)"
8178,1184,30,11,Check Once per shift and after making any laminator adjustments.,,,,"MAX : 
TARGET : 
MIN : "
8178,1184,30,12.3,,,,,"MAX : 
TARGET : 
MIN : "
8183,1185,10,2,Width of part,162.0,162.5,163.0,"MAX : 163.0
TARGET : 162.5
MIN : 162.0"
7963,1167,10,12.3,,,,,"MAX : 
TARGET : 
MIN : "
7963,1167,10,1.1,Confirm Parts fit within check gauge,No (fail),Yes (pass),,"MAX : 
TARGET : Yes (pass)
MIN : No (fail)"
8183,1185,10,1,Length of part,24.5,25.0,25.5,"MAX : 25.5
TARGET : 25.0
MIN : 24.5"
8184,1186,10,2,Width of part,180.0,180.5,181.0,"MAX : 181.0
TARGET : 180.5
MIN : 180.0"
8184,1186,10,1,Length of part,27.5,28.0,28.5,"MAX : 28.5
TARGET : 28.0
MIN : 27.5"
8578,1245,20,3,Is the die strike deep enough to strip the matrix but not cut into the liner?,No(Fail),Yes(Pass),,"MAX : 
TARGET : Yes(Pass)
MIN : No(Fail)"
8191,1187,20,2,Width of part,4.34,4.40,4.46,"MAX : 4.46
TARGET : 4.40
MIN : 4.34"
8191,1187,20,1,Length of part,3.13,3.19,3.25,"MAX : 3.25
TARGET : 3.19
MIN : 3.13"
8195,1942,10,2,Is the slit edge free of slivers and double cuts?,No(Fail),Yes(Pass),,"MAX : 
TARGET : Yes(Pass)
MIN : No(Fail)"
8195,1942,10,1,Width of roll,3.97,4.00,4.03,"MAX : 4.03
TARGET : 4.00
MIN : 3.97"
8197,1943,10,8,Does the perf tear cleanly without tearing into the non-perf areas?,No(Fail),Yes(Pass),,"MAX : 
TARGET : Yes(Pass)
MIN : No(Fail)"
8197,1943,10,3,Distance from edge of tape to print,5.5,6.0,6.5,"MAX : 6.5
TARGET : 6.0
MIN : 5.5"
8197,1943,10,1,Length of perf,75.00,75.25,75.75,"MAX : 75.75
TARGET : 75.25
MIN : 75.00"
8022,1170,20,1,Are parts folding on the perf? (Monitor constantly/log data every 22-24 boxes),No(Fail),Yes(Pass),,"MAX : 
TARGET : Yes(Pass)
MIN : No(Fail)"
8207,1188,20,3,Is the die strike deep enough to remove the matrix but not cut into the liner?,No(Fail),Yes(Pass),,"MAX : 
TARGET : Yes(Pass)
MIN : No(Fail)"
8586,1973,20,2,Width of liner,0.94,1.00,1.06,"MAX : 1.06
TARGET : 1.00
MIN : 0.94"
8586,1973,20,3,Is the score deep enough to remove the adhesive but not cut into the liner?,No(Fail),Yes(Pass),,"MAX : 
TARGET : Yes(Pass)
MIN : No(Fail)"
8586,1973,20,4,Is the adhesive cleanly removed from the  tab area?,No(Fail),Yes(Pass),,"MAX : 
TARGET : Yes(Pass)
MIN : No(Fail)"
8207,1188,20,2,Width of part,4.34,4.40,4.46,"MAX : 4.46
TARGET : 4.40
MIN : 4.34"
8221,1189,10,2,Length of internal label,1.97,2.00,2.03,"MAX : 2.03
TARGET : 2.00
MIN : 1.97"
8221,1189,10,1,Length of sheet,10.94,11.00,11.06,"MAX : 11.06
TARGET : 11.00
MIN : 10.94"
8223,1944,20,2,Distance from circle to circle,1.98,2.00,2.02,"MAX : 2.02
TARGET : 2.00
MIN : 1.98"
8035,1171,20,2,Diameter of Lower Left Small Hole,4.9,5.0,5.1,"MAX : 5.1
TARGET : 5.0
MIN : 4.9"
8223,1944,20,1,Diameter of reflective circles,0.22,0.25,0.28,"MAX : 0.28
TARGET : 0.25
MIN : 0.22"
8223,1944,20,5,"Record Tool number used for this order.  Do not run more than 25,000 feet (150,000 parts) on a tool before pulling for retool.",,,,"MAX : 
TARGET : 
MIN : "
8226,1190,20,2,Is the die strike deep enough to remove the matrix but not cut into the liner?,No(Fail),Yes(Pass),,"MAX : 
TARGET : Yes(Pass)
MIN : No(Fail)"
8037,1172,10,10,Inspect The First and Last 4 Parts on Every Roll at The Rewind  (Capture once every set),,,,"MAX : 
TARGET : 
MIN : "
8226,1190,20,1,Diameter of part,5.8,6.0,6.2,"MAX : 6.2
TARGET : 6.0
MIN : 5.8"
8227,1191,10,2,Inside diameter of part,0.62,0.65,0.68,"MAX : 0.68
TARGET : 0.65
MIN : 0.62"
8227,1191,10,1,Outside diameter of part,0.87,0.90,0.93,"MAX : 0.93
TARGET : 0.90
MIN : 0.87"
8588,1974,20,2,Is the adhesive visually centered on the liner?,No(Fail),Yes(Pass),,"MAX : 
TARGET : Yes(Pass)
MIN : No(Fail)"
8233,1192,20,2,Length of part,0.44,0.47,0.50,"MAX : 0.50
TARGET : 0.47
MIN : 0.44"
8233,1192,20,1,Width of part,1.54,1.57,1.60,"MAX : 1.60
TARGET : 1.57
MIN : 1.54"
8592,1247,10,3,Is the die strike deep enough to remove the matrix without cutting into the liner?,No(Fail),Yes(Pass),,"MAX : 
TARGET : Yes(Pass)
MIN : No(Fail)"
8233,1192,20,4,Position of right most hole (Y),0.15,0.16,0.17,"MAX : 0.17
TARGET : 0.16
MIN : 0.15"
8233,1192,20,5,Position of hole second from the right (Y),0.11,0.12,0.13,"MAX : 0.13
TARGET : 0.12
MIN : 0.11"
8594,1248,20,3,Is the die strike deep enough to remove the matrix but not cut into the liner?,No(Fail),Yes(Pass),,"MAX : 
TARGET : Yes(Pass)
MIN : No(Fail)"
8264,1193,20,2,Distance from inner edge of vinyl to center liner slit,0.055,0.075,0.095,"MAX : 0.095
TARGET : 0.075
MIN : 0.055"
8264,1193,20,1,Width of center liner area,0.13,0.15,0.17,"MAX : 0.17
TARGET : 0.15
MIN : 0.13"
7549,1899,20,3,Is the slit edge free of slivers and double cuts?,No(Fail),Yes(Pass),,"MAX : 
TARGET : Yes(Pass)
MIN : No(Fail)"
8270,1194,10,2,Width of part,3.44,3.50,3.56,"MAX : 3.56
TARGET : 3.50
MIN : 3.44"
8270,1194,10,1,Length of part,18.87,19.00,19.13,"MAX : 19.13
TARGET : 19.00
MIN : 18.87"
8271,1195,10,2,Width of part,3.44,3.50,3.56,"MAX : 3.56
TARGET : 3.50
MIN : 3.44"
8271,1195,10,1,Length of part,18.87,19.00,19.13,"MAX : 19.13
TARGET : 19.00
MIN : 18.87"
8604,1249,20,1,Length of part,0.185,0.200,0.215,"MAX : 0.215
TARGET : 0.200
MIN : 0.185"
8604,1249,20,2,Width of part,0.185,0.200,0.215,"MAX : 0.215
TARGET : 0.200
MIN : 0.185"
8604,1249,20,3,Is the die strike deep enough to remove the matrix but not cut into the liner?,No(Fail),Yes(Pass)`,,"MAX : 
TARGET : Yes(Pass)`
MIN : No(Fail)"
8272,1196,10,2,Width of part,4.94,5.00,5.06,"MAX : 5.06
TARGET : 5.00
MIN : 4.94"
8272,1196,10,1,Length of part,18.87,19.00,19.13,"MAX : 19.13
TARGET : 19.00
MIN : 18.87"
8273,1197,10,2,Width of part,3.44,3.50,3.56,"MAX : 3.56
TARGET : 3.50
MIN : 3.44"
8611,1250,10,3,Was part cut with adhesive down?,No(Fail),Yes(Pass),,"MAX : 
TARGET : Yes(Pass)
MIN : No(Fail)"
8273,1197,10,1,Length of part,18.87,19.00,19.13,"MAX : 19.13
TARGET : 19.00
MIN : 18.87"
8274,1948,10,2,Is the roll wound without gapping or telescoping?,No(Fail),Yes(Pass),,"MAX : 
TARGET : Yes(Pass)
MIN : No(Fail)"
8612,1251,10,3,Was part cut with adhesive down?,No(Fail),Yes(Pass),,"MAX : 
TARGET : Yes(Pass)
MIN : No(Fail)"
8274,1948,10,1,Width of roll,5.94,6.00,6.06,"MAX : 6.06
TARGET : 6.00
MIN : 5.94"
8286,1198,20,2,Width of part,4.815,4.875,4.935,"MAX : 4.935
TARGET : 4.875
MIN : 4.815"
8613,1252,10,3,Was part cut with adhesive down?,No(Fail),Yes(Pass),,"MAX : 
TARGET : Yes(Pass)
MIN : No(Fail)"
8286,1198,20,1,Length of part,5.883,5.943,6.003,"MAX : 6.003
TARGET : 5.943
MIN : 5.883"
8288,1949,10,2,Is the saw cut edge smooth and free of defects?,No(Fail),Yes(Pass),,"MAX : 
TARGET : Yes(Pass)
MIN : No(Fail)"
8614,1253,20,1,Length of part,3.148,3.178,3.208,"MAX : 3.208
TARGET : 3.178
MIN : 3.148"
8288,1949,10,1,Width of roll,0.47,0.50,0.53,"MAX : 0.53
TARGET : 0.50
MIN : 0.47"
8288,1949,10,3,Durometer of log prior to slitting.,,,,"MAX : 
TARGET : 
MIN : "
8293,1199,10,2,Is the die strike deep enough to remove the matrix but not cut into the liner?,No(Fail),Yes(Pass),,"MAX : 
TARGET : Yes(Pass)
MIN : No(Fail)"
8293,1199,10,1,Diameter of part,0.94,1.00,1.06,"MAX : 1.06
TARGET : 1.00
MIN : 0.94"
8142,1181,10,3,"Notch, cross web measurement to tab. ",10.5,11.5,12.5,"MAX : 12.5
TARGET : 11.5
MIN : 10.5"
8293,1199,10,3,Does the perf tear easily?,No(Fail),Yes(Pass),,"MAX : 
TARGET : Yes(Pass)
MIN : No(Fail)"
8178,1184,30,2,Edge of polyester to edge of foam,0.180,0.250,0.320,"MAX : 0.320
TARGET : 0.250
MIN : 0.180"
8296,1200,20,2,Width of part,6.64,6.67,6.70,"MAX : 6.70
TARGET : 6.67
MIN : 6.64"
8296,1200,20,1,Length of part,4.94,5.00,5.06,"MAX : 5.06
TARGET : 5.00
MIN : 4.94"
7903,1163,30,10,"Check at Setup and
Check Every 4,000 parts",,,,"MAX : 
TARGET : 
MIN : "
8304,1201,10,2,Does the roll unwind without picking?,No(Fail),Yes(Pass),,"MAX : 
TARGET : Yes(Pass)
MIN : No(Fail)"
8304,1201,10,1,Width of roll,0.115,0.125,0.135,"MAX : 0.135
TARGET : 0.125
MIN : 0.115"
8314,1202,10,2,Width of part,44,45,46,"MAX : 46
TARGET : 45
MIN : 44"
7963,1167,20,8,Does DI part of data matrix read 10816417020800 ?,No (fail),Yes (pass),,"MAX : 
TARGET : Yes (pass)
MIN : No (fail)"
8314,1202,10,1,Length of part,588,590,592,"MAX : 592
TARGET : 590
MIN : 588"
8315,1203,10,2,Width of part,42,43,44,"MAX : 44
TARGET : 43
MIN : 42"
8315,1203,10,1,Length of part,339,341,343,"MAX : 343
TARGET : 341
MIN : 339"
8319,1204,10,2,Width of part,0.49,0.50,0.51,"MAX : 0.51
TARGET : 0.50
MIN : 0.49"
8319,1204,10,1,Length of part,3.68,3.69,3.70,"MAX : 3.70
TARGET : 3.69
MIN : 3.68"
8329,1205,10,2,Width of part,0.44,0.50,0.56,"MAX : 0.56
TARGET : 0.50
MIN : 0.44"
8624,1976,10,2,Is the slit edge free of slivers and double cuts?,No(Fail),Yes(Pass),,"MAX : 
TARGET : Yes(Pass)
MIN : No(Fail)"
8329,1205,10,1,Length of part,11.44,11.50,11.56,"MAX : 11.56
TARGET : 11.50
MIN : 11.44"
8331,1206,10,2,Is the part clean and free of cutting debris?,No(Fail),Yes(Pass),,"MAX : 
TARGET : Yes(Pass)
MIN : No(Fail)"
8597,1975,10,2,Is the slit edge free of slivers and double cuts?,No(Fail),Yes(Pass),,"MAX : 
TARGET : Yes(Pass)
MIN : No(Fail)"
8331,1206,10,3,Are the stems intact and not crushed?,No(Fail),Yes(Pass),,"MAX : 
TARGET : Yes(Pass)
MIN : No(Fail)"
8178,1184,30,5,"Take 18"" of laminated foam, allow it hang under its own weight.  Is curl less than 1.5"" against a straight edge?",No (fail),Yes (pass),,"MAX : 
TARGET : Yes (pass)
MIN : No (fail)"
8334,1207,10,2,Is the adhesive visually centered on the tag stock?,No(Fail),Yes(Pass),,"MAX : 
TARGET : Yes(Pass)
MIN : No(Fail)"
8334,1207,10,1,Length of sheet,15.875,16.000,16.125,"MAX : 16.125
TARGET : 16.000
MIN : 15.875"
8337,1208,20,2,Width of part,0.230,0.240,0.250,"MAX : 0.250
TARGET : 0.240
MIN : 0.230"
8337,1208,20,1,Length of part,1.070,1.080,1.090,"MAX : 1.090
TARGET : 1.080
MIN : 1.070"
8338,1209,20,2,Width of part,0.230,0.240,0.250,"MAX : 0.250
TARGET : 0.240
MIN : 0.230"
5577,1765,10,5,Does 3M 371 delaminate from shurtape FP-726?,,No (Pass),Yes (Fail),"MAX : Yes (Fail)
TARGET : No (Pass)
MIN : "
5577,1765,10,4,Are Rolls Gapping?,,No (Pass),Yes (Fail),"MAX : Yes (Fail)
TARGET : No (Pass)
MIN : "
5577,1765,10,3,Are rolls wound evenly?,No (Fail),Yes (Pass),,"MAX : 
TARGET : Yes (Pass)
MIN : No (Fail)"
5577,1765,10,6,Peel force of top layer from tape,15.00 oz,,,"MAX : 
TARGET : 
MIN : 15.00 oz"
8338,1209,20,1,Length of part,0.400,0.410,0.420,"MAX : 0.420
TARGET : 0.410
MIN : 0.400"
8339,1210,20,2,Width of part,0.230,0.240,0.250,"MAX : 0.250
TARGET : 0.240
MIN : 0.230"
8637,1255,30,3,Is the die strike deep enough to remove the matrix but not cut into the liner?,No(Fail),Yes(Pass),,"MAX : 
TARGET : Yes(Pass)
MIN : No(Fail)"
8637,1255,20,1,Is the print clean and legible?,No(Fail),Yes(Pass),,"MAX : 
TARGET : Yes(Pass)
MIN : No(Fail)"
8637,1255,20,2,Is the red within one shade of the PMS number?,No(Fail),Yes(Pass),,"MAX : 
TARGET : Yes(Pass)
MIN : No(Fail)"
8339,1210,20,1,Length of part,0.310,0.320,0.330,"MAX : 0.330
TARGET : 0.320
MIN : 0.310"
8346,1950,10,2,Width of part,0.251,0.281,0.311,"MAX : 0.311
TARGET : 0.281
MIN : 0.251"
8346,1950,10,1,Length of part,1.408,1.438,1.468,"MAX : 1.468
TARGET : 1.438
MIN : 1.408"
8348,1951,20,2,Are there 3 layers of 69 tape?,No (Fail),Yes (Pass),,"MAX : 
TARGET : Yes (Pass)
MIN : No (Fail)"
8642,1977,20,4,Is the score deep enough to remove the 9828 but not cut into the liner?,No(Fail),Yes(Pass),,"MAX : 
TARGET : Yes(Pass)
MIN : No(Fail)"
8642,1977,20,5,Is the roll wound without gapping or telescoping?,No(Fail),Yes(Pass),,"MAX : 
TARGET : Yes(Pass)
MIN : No(Fail)"
8642,1977,20,3,Width of 9828,1.97,2.00,2.03,"MAX : 2.03
TARGET : 2.00
MIN : 1.97"
8348,1951,20,1,Does the part fit the approved template?,No (Fail),Yes (Pass),,"MAX : 
TARGET : Yes (Pass)
MIN : No (Fail)"
8349,1952,10,2,Are there 3 layers of 69 tape?,No(Fail),Yes(Pass),,"MAX : 
TARGET : Yes(Pass)
MIN : No(Fail)"
8349,1952,10,1,Does the part fit the inspection template?,No (Fail),Yes (Pass),,"MAX : 
TARGET : Yes (Pass)
MIN : No (Fail)"
8197,1943,10,2,Width of roll,41.87,42.00,42.13,"MAX : 42.13
TARGET : 42.00
MIN : 41.87"
8356,1953,10,2,Is the slit edge free of slivers and double cuts?,No(Fail),Yes(Pass),,"MAX : 
TARGET : Yes(Pass)
MIN : No(Fail)"
8638,1256,20,3,Length of part,0.72,0.75,0.78,"MAX : 0.78
TARGET : 0.75
MIN : 0.72"
8638,1256,20,5,Is the score deep enough to remove the adhesive but not cut into the liner?,No(Fail),Yes(Pass),,"MAX : 
TARGET : Yes(Pass)
MIN : No(Fail)"
8638,1256,20,6,Is the die strike deep enough to remove the matrix but not cut into the liner?,No(Fail),Yes(Pass),,"MAX : 
TARGET : Yes(Pass)
MIN : No(Fail)"
8638,1256,20,4,Is the perf visually centered between the parts?,No(Fail),Yes(Pass),,"MAX : 
TARGET : Yes(Pass)
MIN : No(Fail)"
8638,1256,20,7,Does the perf tear easily?,No(Fail),Yes(Pass),,"MAX : 
TARGET : Yes(Pass)
MIN : No(Fail)"
8356,1953,10,1,Width of roll,0.47,0.50,0.53,"MAX : 0.53
TARGET : 0.50
MIN : 0.47"
8207,1188,20,1,Length of part,3.13,3.19,3.25,"MAX : 3.25
TARGET : 3.19
MIN : 3.13"
8359,1954,10,2,Width of part,0.095,0.125,0.155,"MAX : 0.155
TARGET : 0.125
MIN : 0.095"
8359,1954,10,1,Length of part,0.470,0.500,0.530,"MAX : 0.530
TARGET : 0.500
MIN : 0.470"
8360,1955,10,2,Width of part,0.251,0.281,0.311,"MAX : 0.311
TARGET : 0.281
MIN : 0.251"
8360,1955,10,1,Length of part,1.158,1.188,1.218,"MAX : 1.218
TARGET : 1.188
MIN : 1.158"
8362,1956,10,2,Width of part,0.251,0.281,0.311,"MAX : 0.311
TARGET : 0.281
MIN : 0.251"
8362,1956,10,1,Length of part,1.970,2.000,2.030,"MAX : 2.030
TARGET : 2.000
MIN : 1.970"
8223,1944,20,6,Has the die log been filled out? This is to keep record of die condition. ,No (Fail),Yes (Pass),,"MAX : 
TARGET : Yes (Pass)
MIN : No (Fail)"
8364,1211,10,2,Width of part,0.94,1.00,1.06,"MAX : 1.06
TARGET : 1.00
MIN : 0.94"
8364,1211,10,1,Length of part,1.44,1.50,1.56,"MAX : 1.56
TARGET : 1.50
MIN : 1.44"
8372,1212,10,2,Width of part,6.5,7.0,7.5,"MAX : 7.5
TARGET : 7.0
MIN : 6.5"
8233,1192,20,9,Is the cut quality of the holes consistent with reference sample in Job Jacket?   (no excessive burn or raised edges on internal holes),No (Fail),Yes (Pass),,"MAX : 
TARGET : Yes (Pass)
MIN : No (Fail)"
8372,1212,10,1,Length of part,80,82,84,"MAX : 84
TARGET : 82
MIN : 80"
8650,1257,20,1,Length of sheet,17.94,18.00,18.06,"MAX : 18.06
TARGET : 18.00
MIN : 17.94"
8650,1257,20,2,Is the sheet clean and free of grease and other press debris?,No(Fail),Yes(Pass),,"MAX : 
TARGET : Yes(Pass)
MIN : No(Fail)"
8373,1213,10,2,Width of part,37,38,39,"MAX : 39
TARGET : 38
MIN : 37"
8373,1213,10,1,Length of part,40,41,42,"MAX : 42
TARGET : 41
MIN : 40"
8665,1262,10,3,Is the tape visually centered on the liner?,No(Fail),Yes(Pass),,"MAX : 
TARGET : Yes(Pass)
MIN : No(Fail)"
8375,1214,10,2,Width of part,8,9,10,"MAX : 10
TARGET : 9
MIN : 8"
8375,1214,10,1,Length of part,8,9,10,"MAX : 10
TARGET : 9
MIN : 8"
8376,1215,10,2,Width of part,104,105,106,"MAX : 106
TARGET : 105
MIN : 104"
8376,1215,10,1,Length of part,113,114,115,"MAX : 115
TARGET : 114
MIN : 113"
8382,1216,20,2,Width of adhesive,2.94,3.00,3.06,"MAX : 3.06
TARGET : 3.00
MIN : 2.94"
8382,1216,20,1,Length of part,0.44,0.50,0.56,"MAX : 0.56
TARGET : 0.50
MIN : 0.44"
8384,1958,10,2,Is the unwind direction #2?,No(Fail),Yes(Pass),,"MAX : 
TARGET : Yes(Pass)
MIN : No(Fail)"
8384,1958,10,1,Width of roll,0.97,1.00,1.03,"MAX : 1.03
TARGET : 1.00
MIN : 0.97"
8668,1263,20,3,Is the score deep enough to remove the trim but not cut into the liner?,No(Fail),Yes(Pass),,"MAX : 
TARGET : Yes(Pass)
MIN : No(Fail)"
8668,1263,20,4,Is the butt cut deep enough to remove the individual parts but not cut into the liner?,No(Fail),Yes(Pass),,"MAX : 
TARGET : Yes(Pass)
MIN : No(Fail)"
8385,1959,10,2,Is the unwind direction #2?,No(Fail),Yes(Pass),,"MAX : 
TARGET : Yes(Pass)
MIN : No(Fail)"
8385,1959,10,1,Width of roll,0.97,1.00,1.03,"MAX : 1.03
TARGET : 1.00
MIN : 0.97"
8669,1264,20,3,Is the score deep enough to remove the trim but not cut into the liner?,No(Fail),Yes(Pass),,"MAX : 
TARGET : Yes(Pass)
MIN : No(Fail)"
8669,1264,20,4,Is the butt cut deep enough to remove the individual parts but not cut into the liner?,No(Fail),Yes(Pass),,"MAX : 
TARGET : Yes(Pass)
MIN : No(Fail)"
8386,1960,10,2,Is the unwind direction #2?,No(Fail),Yes(Pass),,"MAX : 
TARGET : Yes(Pass)
MIN : No(Fail)"
8386,1960,10,1,Width of roll,0.97,1.00,1.03,"MAX : 1.03
TARGET : 1.00
MIN : 0.97"
8387,1961,10,2,Is the unwind direction #2?,No(Fail),Yes(Pass),,"MAX : 
TARGET : Yes(Pass)
MIN : No(Fail)"
8387,1961,10,1,Width of roll,0.97,1.00,1.03,"MAX : 1.03
TARGET : 1.00
MIN : 0.97"
8673,1981,10,3,Is the slit edge free of slivers and double-cuts?,No (fail),Yes (pass),,"MAX : 
TARGET : Yes (pass)
MIN : No (fail)"
8395,1217,10,2,Length of inner window,3.71,3.74,3.77,"MAX : 3.77
TARGET : 3.74
MIN : 3.71"
8395,1217,10,1,Length of part,4.37,4.40,4.43,"MAX : 4.43
TARGET : 4.40
MIN : 4.37"
8651,1258,20,3,Web Direction Symmetry,-0.020,0.000,0.020,"MAX : 0.020
TARGET : 0.000
MIN : -0.020"
8651,1258,20,4,Width,4.445,4.460,4.475,"MAX : 4.475
TARGET : 4.460
MIN : 4.445"
8651,1258,20,5,Window Width,3.805,3.820,3.835,"MAX : 3.835
TARGET : 3.820
MIN : 3.805"
8651,1258,20,6,Cross-Web Direction Symmetry,-0.020,0.000,0.020,"MAX : 0.020
TARGET : 0.000
MIN : -0.020"
8651,1258,20,10,Is the score deep enough to remove the adhesive but not cut into the liner?,No(Fail),Yes(Pass),,"MAX : 
TARGET : Yes(Pass)
MIN : No(Fail)"
8651,1258,20,11,Is the die strike deep enough to remove the matrix but not cut into the liner?,No(Fail),Yes(Pass),,"MAX : 
TARGET : Yes(Pass)
MIN : No(Fail)"
8411,1962,30,2,Width of tab,0.47,0.50,0.53,"MAX : 0.53
TARGET : 0.50
MIN : 0.47"
8411,1962,30,1,Full width of tape,3.94,4.00,4.06,"MAX : 4.06
TARGET : 4.00
MIN : 3.94"
7639,1905,10,3,Does the perf tear cleanly?,No(Fail),Yes(Pass),,"MAX : 
TARGET : Yes(Pass)
MIN : No(Fail)"
8416,1218,10,2,Width of part,24.7,25.2,25.7,"MAX : 25.7
TARGET : 25.2
MIN : 24.7"
8416,1218,10,1,Length of part,85.4,85.9,86.4,"MAX : 86.4
TARGET : 85.9
MIN : 85.4"
7482,1112,10,3,Initiation Tie,.054,.059,.064,"MAX : .064
TARGET : .059
MIN : .054"
7482,1112,10,4,Tie Length,.030,.035,.040,"MAX : .040
TARGET : .035
MIN : .030"
7482,1112,10,5,Cut Length,.006,.008,.010,"MAX : .010
TARGET : .008
MIN : .006"
7482,1112,10,6,Slit to Perf,.03,.04,.07,"MAX : .07
TARGET : .04
MIN : .03"
7482,1112,10,7,Perf to Perf,.185,.205,.225,"MAX : .225
TARGET : .205
MIN : .185"
7482,1112,10,8,Internal Perf to part edge,.390,.410,.430,"MAX : .430
TARGET : .410
MIN : .390"
7482,1112,10,9,Set Hole to end of Anchor,2.74,2.75,2.76,"MAX : 2.76
TARGET : 2.75
MIN : 2.74"
7482,1112,10,10,Set Hole to end of Tail,2.74,2.75,2.76,"MAX : 2.76
TARGET : 2.75
MIN : 2.74"
7482,1112,10,11,Set Hole to top of Anchor,2.79,2.80,2.81,"MAX : 2.81
TARGET : 2.80
MIN : 2.79"
7482,1112,10,0,CHECK AT SETUP and ANY CHANGES IN TOOLING,,,,"MAX : 
TARGET : 
MIN : "
7482,1112,10,12,CHECK AT SETUP and ANY CHANGES IN TOOLING and Every 500 Sets,,,,"MAX : 
TARGET : 
MIN : "
8423,1963,10,2,"Is the roll centered on the core, with no overhang on either side?",No(Fail),Yes(Pass),,"MAX : 
TARGET : Yes(Pass)
MIN : No(Fail)"
8423,1963,10,1,Is the roll wound without gapping or telescoping?,No(Fail),Yes(Pass),,"MAX : 
TARGET : Yes(Pass)
MIN : No(Fail)"
8679,1982,10,3,Is the roll wound without gapping or telescoping?,No(Fail),Yes(Pass),,"MAX : 
TARGET : Yes(Pass)
MIN : No(Fail)"
8431,1964,10,2,Is the slit edge free of slivers and double cuts?  Check Visually and by unwinding wrap if necessary.,No(Fail),Yes(Pass),,"MAX : 
TARGET : Yes(Pass)
MIN : No(Fail)"
8431,1964,10,1,Width of roll,0.158,0.188,0.218,"MAX : 0.218
TARGET : 0.188
MIN : 0.158"
8680,1983,20,1,Width of adhesive,0.97,1.00,1.03,"MAX : 1.03
TARGET : 1.00
MIN : 0.97"
8680,1983,20,2,Is the score deep enough to remove the adhesive but not cut into the liner?,No(Fail),Yes(Pass),,"MAX : 
TARGET : Yes(Pass)
MIN : No(Fail)"
8432,1965,10,2,Is the roll edge free of dust and other slitting debris?,No(Fail),Yes(Pass),,"MAX : 
TARGET : Yes(Pass)
MIN : No(Fail)"
8432,1965,10,1,Width of roll,2.47,2.50,2.53,"MAX : 2.53
TARGET : 2.50
MIN : 2.47"
8689,1266,20,3,Length of part,0.72,0.75,0.78,"MAX : 0.78
TARGET : 0.75
MIN : 0.72"
8689,1266,20,5,Is the score deep enough to remove the adhesive but not cut into the liner?,No(Fail),Yes(Pass),,"MAX : 
TARGET : Yes(Pass)
MIN : No(Fail)"
8689,1266,20,6,Is the die strike deep enough to remove the matrix but not cut into the liner?,No(Fail),Yes(Pass),,"MAX : 
TARGET : Yes(Pass)
MIN : No(Fail)"
8689,1266,20,4,Is the perf visually centered between the parts?,No(Fail),Yes(Pass),,"MAX : 
TARGET : Yes(Pass)
MIN : No(Fail)"
8689,1266,20,7,Does the perf tear easily?,No(Fail),Yes(Pass),,"MAX : 
TARGET : Yes(Pass)
MIN : No(Fail)"
8435,1219,20,1,Length of part,269,271,273,"MAX : 273
TARGET : 271
MIN : 269"
8435,1219,20,2,Width of part,38.5,39.5,40.5,"MAX : 40.5
TARGET : 39.5
MIN : 38.5"
8384,1958,10,3,Is the print clear and legible?,No(Fail),Yes(Pass),,"MAX : 
TARGET : Yes(Pass)
MIN : No(Fail)"
8437,1220,10,2,Is the die strike deep enough to remove the matrix but not cut into the liner?,No (Fail),Yes (Pass),,"MAX : 
TARGET : Yes (Pass)
MIN : No (Fail)"
8437,1220,10,1,Doe the part fit the approved template,No (Fail),Yes (Pass),,"MAX : 
TARGET : Yes (Pass)
MIN : No (Fail)"
8387,1961,10,3,Is the print clear and legible?,No(Fail),Yes(Pass),,"MAX : 
TARGET : Yes(Pass)
MIN : No(Fail)"
8440,1221,10,2,Width of part (Including tab),103.1,104.1,105.1,"MAX : 105.1
TARGET : 104.1
MIN : 103.1"
8440,1221,10,1,Length of part,52.4,53.4,54.4,"MAX : 54.4
TARGET : 53.4
MIN : 52.4"
8691,1267,20,1,Length of part,71.00,71.50,72.00,"MAX : 72.00
TARGET : 71.50
MIN : 71.00"
8691,1267,20,2,Length of window,66.75,67.00,67.25,"MAX : 67.25
TARGET : 67.00
MIN : 66.75"
8691,1267,20,5,Are the centers cleanly removed?,No(Fail),Yes(Pass),,"MAX : 
TARGET : Yes(Pass)
MIN : No(Fail)"
8442,1222,10,3,Width of foam,1.98,2.00,2.02,"MAX : 2.02
TARGET : 2.00
MIN : 1.98"
8442,1222,10,2,Length of sheet,3.98,4.00,4.02,"MAX : 4.02
TARGET : 4.00
MIN : 3.98"
8692,1268,20,3,Is the die strike deep enough to remove the matrix but not cut into the liner?,No(Fail),Yes(Pass),,"MAX : 
TARGET : Yes(Pass)
MIN : No(Fail)"
8442,1222,10,1,Width of foam; before putting roll on press (use calipers to get the outside of roll and at core measurements),1.98,2.00,2.02,"MAX : 2.02
TARGET : 2.00
MIN : 1.98"
8331,1206,10,1,Does part fit template?,No (Fail),Yes (Pass),,"MAX : 
TARGET : Yes (Pass)
MIN : No (Fail)"
8444,1223,20,12,Width of part,6.668,6.674,6.680,"MAX : 6.680
TARGET : 6.674
MIN : 6.668"
8626,1254,10,3,Is the cut edge clean and free of cutting debris?,No(Fail),Yes(Pass),,"MAX : 
TARGET : Yes(Pass)
MIN : No(Fail)"
8444,1223,30,3,Is seal applied smoothly and free of wrinkles?,No (fail),Yes (pass),,"MAX : 
TARGET : Yes (pass)
MIN : No (fail)"
8444,1223,20,10,"Check at Setup and
Check Every 4,000 parts",,,,"MAX : 
TARGET : 
MIN : "
8675,1265,10,20,Do ends of slits exhibit perpendicular stress marks? (see reference photo in job jacket),,No(Pass),Yes(fail),"MAX : Yes(fail)
TARGET : No(Pass)
MIN : "
8675,1265,10,18,"Is the Print Full, Clear and Legible?",No(Fail),Yes(Pass),,"MAX : 
TARGET : Yes(Pass)
MIN : No(Fail)"
8444,1223,20,11,Length of part,2.340,2.346,2.352,"MAX : 2.352
TARGET : 2.346
MIN : 2.340"
8444,1223,20,2,Edge of polyester to edge of foam,0.180,0.250,0.320,"MAX : 0.320
TARGET : 0.250
MIN : 0.180"
8693,1269,10,16,Distance from right-side big hole to far edge.,10.240,10.250,10.260,"MAX : 10.260
TARGET : 10.250
MIN : 10.240"
8693,1269,10,1,Width of part,10.730,10.750,10.770,"MAX : 10.770
TARGET : 10.750
MIN : 10.730"
8693,1269,10,14,Distance from right-side big hole to 10th small hole.,8.242,8.247,8.252,"MAX : 8.252
TARGET : 8.247
MIN : 8.242"
8693,1269,10,2,Part Repeat length,1.090,1.110,1.130,"MAX : 1.130
TARGET : 1.110
MIN : 1.090"
8693,1269,10,19,Material Thickness,0.0085,0.0100,0.0115,"MAX : 0.0115
TARGET : 0.0100
MIN : 0.0085"
8693,1269,10,21,"Is the Print Full, Clear and Legible?",No(Fail),Yes(Pass),,"MAX : 
TARGET : Yes(Pass)
MIN : No(Fail)"
8444,1223,30,8,Do the barcodes / data matrix on the labels scan correctly?,No (fail),Yes (pass),,"MAX : 
TARGET : Yes (pass)
MIN : No (fail)"
8444,1223,30,9,Does DI part of data matrix read 00816417021114 ?,No (fail),Yes (pass),,"MAX : 
TARGET : Yes (pass)
MIN : No (fail)"
8444,1223,30,2,Is the seal in a position that allows it to be broken?  EG. Is perf of seal not on top of box?  Is perf parallel to box edge?,No (fail),Yes (pass),,"MAX : 
TARGET : Yes (pass)
MIN : No (fail)"
8614,1253,20,10,Is the die strike deep enough to remove the matrix but not cut into the liner?,No(Fail),Yes(Pass),,"MAX : 
TARGET : Yes(Pass)
MIN : No(Fail)"
8444,1223,20,3,Confirm parts fit within check gauge,No (fail),Yes (pass),,"MAX : 
TARGET : Yes (pass)
MIN : No (fail)"
8444,1223,20,1,Has the production start date been written on the Job Ticket?,No (fail),Yes (pass),,"MAX : 
TARGET : Yes (pass)
MIN : No (fail)"
8707,1270,20,5,Are the foam centers free of adhesive?,No(Fail),Yes(Pass),,"MAX : 
TARGET : Yes(Pass)
MIN : No(Fail)"
8707,1270,20,6,Is the die strike deep enough to remove the matrix but not cut into the liner?,No(Fail),Yes(Pass),,"MAX : 
TARGET : Yes(Pass)
MIN : No(Fail)"
8707,1270,20,7,Are the foam centers left in the part?,No(Fail),Yes(Pass),,"MAX : 
TARGET : Yes(Pass)
MIN : No(Fail)"
8444,1223,20,5,"Take 18"" of laminated foam, allow it hang under its own weight.  Is curl less than 1.5"" against a straight edge?",No (fail),Yes (pass),,"MAX : 
TARGET : Yes (pass)
MIN : No (fail)"
8444,1223,20,15,Check Once per shift and after making any laminator adjustments.,,,,"MAX : 
TARGET : 
MIN : "
8444,1223,20,16.1,,,,,"MAX : 
TARGET : 
MIN : "
8444,1223,20,4,Check At Setup Only,,,,"MAX : 
TARGET : 
MIN : "
8444,1223,20,16,"Check foam width before and after lamination top and bottom.  Are the widths less than 1/32"" different? Beginning of roll and end of roll.",No (fail),Yes (pass),,"MAX : 
TARGET : Yes (pass)
MIN : No (fail)"
8444,1223,20,16.2,,,,,"MAX : 
TARGET : 
MIN : "
8717,1271,40,1,Length of part (Body),1.53,1.59,1.65,"MAX : 1.65
TARGET : 1.59
MIN : 1.53"
8717,1271,40,2,Length of filter paper,0.91,0.97,1.03,"MAX : 1.03
TARGET : 0.97
MIN : 0.91"
8717,1271,40,4,Width of part,2.74,2.80,2.86,"MAX : 2.86
TARGET : 2.80
MIN : 2.74"
8717,1271,40,5,Width of filter paper,2.26,2.30,2.34,"MAX : 2.34
TARGET : 2.30
MIN : 2.26"
8717,1271,40,7,Is the print visually centered in the web direction in the neck area?,No(Fail),Yes(Pass),,"MAX : 
TARGET : Yes(Pass)
MIN : No(Fail)"
8717,1271,40,8,"Is the die strike deep enough to strip the filter paper, but not cut through the 24pt board?",No(Fail),Yes(Pass),,"MAX : 
TARGET : Yes(Pass)
MIN : No(Fail)"
8445,1224,20,8,Length of part,2.550,2.556,2.562,"MAX : 2.562
TARGET : 2.556
MIN : 2.550"
8445,1224,30,3,Is seal applied smoothly and free of wrinkles?,No (fail),Yes (pass),,"MAX : 
TARGET : Yes (pass)
MIN : No (fail)"
8090,1174,20,3,Distance from window to end of part with angle cut,0.07,0.08,0.09,"MAX : 0.09
TARGET : 0.08
MIN : 0.07"
8090,1174,20,5,Width of window,0.09,0.10,0.11,"MAX : 0.11
TARGET : 0.10
MIN : 0.09"
8090,1174,20,6,Distance from edge of window to edge of part (x2),0.04,0.05,0.06,"MAX : 0.06
TARGET : 0.05
MIN : 0.04"
8445,1224,20,6,"Check at Setup and
Check Every 4,000 parts",,,,"MAX : 
TARGET : 
MIN : "
8445,1224,20,7,Width of part,9.796,9.802,9.808,"MAX : 9.808
TARGET : 9.802
MIN : 9.796"
8445,1224,10,1,Edge of polyester to edge of foam,0.180,0.250,0.320,"MAX : 0.320
TARGET : 0.250
MIN : 0.180"
8445,1224,30,8,Do the barcodes / data matrix on the labels scan correctly?,No (fail),Yes (pass),,"MAX : 
TARGET : Yes (pass)
MIN : No (fail)"
8445,1224,30,2,Is the seal in a position that allows it to be broken?  EG. Is perf of seal not on top of box?  Is perf parallel to box edge?,No (fail),Yes (pass),,"MAX : 
TARGET : Yes (pass)
MIN : No (fail)"
8445,1224,30,9,Does DI part of data matrix read 00816417021121 ?,No (fail),Yes (pass),,"MAX : 
TARGET : Yes (pass)
MIN : No (fail)"
8445,1224,10,0,Has the production start date been written on the Job Ticket?,No (fail),Yes (pass),,"MAX : 
TARGET : Yes (pass)
MIN : No (fail)"
8445,1224,20,1,"Take 18"" of laminated foam, allow it hang under its own weight.  Is curl less than 1.5"" against a straight edge?",No (fail),Yes (pass),,"MAX : 
TARGET : Yes (pass)
MIN : No (fail)"
8445,1224,20,10.1,Check Once per shift and after making any laminator adjustments.,,,,"MAX : 
TARGET : 
MIN : "
8445,1224,20,10.3,,,,,"MAX : 
TARGET : 
MIN : "
8445,1224,20,10.2,"Check foam width before and after lamination top and bottom.  Are the widths less than 1/32"" different? Beginning of roll and end of roll.",No (fail),Yes (pass),,"MAX : 
TARGET : Yes (pass)
MIN : No (fail)"
8445,1224,20,10.4,,,,,"MAX : 
TARGET : 
MIN : "
8446,1225,20,8,Width of part,5.097,5.103,5.109,"MAX : 5.109
TARGET : 5.103
MIN : 5.097"
8446,1225,30,1,Are parts and boxes clean and free of contaminants?,No (fail),Yes (pass),,"MAX : 
TARGET : Yes (pass)
MIN : No (fail)"
8719,1985,10,3,Is the roll wound without gapping or telescoping?,No(Fail),Yes(Pass),,"MAX : 
TARGET : Yes(Pass)
MIN : No(Fail)"
8446,1225,30,3,Is seal applied smoothly and free of wrinkles?,No (fail),Yes (pass),,"MAX : 
TARGET : Yes (pass)
MIN : No (fail)"
8446,1225,20,7,Length of part,2.340,2.346,2.352,"MAX : 2.352
TARGET : 2.346
MIN : 2.340"
8664,1980,10,4,Width of liner,0.985,1.000,1.015,"MAX : 1.015
TARGET : 1.000
MIN : 0.985"
8446,1225,30,8,Do the barcodes / data matrix on the labels scan correctly?,No (fail),Yes (pass),,"MAX : 
TARGET : Yes (pass)
MIN : No (fail)"
8446,1225,30,9,Does DI part of data matrix read 00816417021138 ?,No (fail),Yes (pass),,"MAX : 
TARGET : Yes (pass)
MIN : No (fail)"
8446,1225,30,4,The following must be inspected every time a format is loaded/opened and labels are printed on the Honeywell printer,,,,"MAX : 
TARGET : 
MIN : "
8432,1965,10,3,Is the release side wound in?,No(Fail),Yes(Pass),,"MAX : 
TARGET : Yes(Pass)
MIN : No(Fail)"
8432,1965,10,4,Are rolls wound tightly?,No(Fail),Yes(Pass),,"MAX : 
TARGET : Yes(Pass)
MIN : No(Fail)"
8446,1225,30,2,Is the seal in a position that allows it to be broken?  EG. Is perf of seal not on top of box?  Is perf parallel to box edge?,No (fail),Yes (pass),,"MAX : 
TARGET : Yes (pass)
MIN : No (fail)"
8446,1225,20,6,"Check at Setup and
Check Every 4,000 parts",,,,"MAX : 
TARGET : 
MIN : "
8725,1272,20,2,Width of part,5.70,5.73,5.76,"MAX : 5.76
TARGET : 5.73
MIN : 5.70"
8725,1272,20,4,Are the holes cleanly removed from the part?,No(Fail),Yes(Pass),,"MAX : 
TARGET : Yes(Pass)
MIN : No(Fail)"
8725,1272,20,5,Does the filter media completely cover the hole in the adhesive area?,No(Fail),Yes(Pass),,"MAX : 
TARGET : Yes(Pass)
MIN : No(Fail)"
8446,1225,20,5,"Take 18"" of laminated foam, allow it hang under its own weight.  Is curl less than 1.5"" against a straight edge?",No (fail),Yes (pass),,"MAX : 
TARGET : Yes (pass)
MIN : No (fail)"
8446,1225,20,4,Check At Setup Only,,,,"MAX : 
TARGET : 
MIN : "
8726,1273,10,3,Cut a part in half in the cross web direction.  Is the PET RFID tag completely within the VHB?,No(Fail),Yes(Pass),,"MAX : 
TARGET : Yes(Pass)
MIN : No(Fail)"
8446,1225,20,12.1,,,,,"MAX : 
TARGET : 
MIN : "
8446,1225,20,11,Check Once per shift and after making any laminator adjustments.,,,,"MAX : 
TARGET : 
MIN : "
8728,1275,20,3,Is the die strike deep enough to remove the matrix but not cut the liner?,No (Fail),Yes (Pass),,"MAX : 
TARGET : Yes (Pass)
MIN : No (Fail)"
8446,1225,20,12.2,,,,,"MAX : 
TARGET : 
MIN : "
8458,1226,10,2,Width of label,3.97,4.00,4.03,"MAX : 4.03
TARGET : 4.00
MIN : 3.97"
8458,1226,10,1,Length of label,5.97,6.00,6.03,"MAX : 6.03
TARGET : 6.00
MIN : 5.97"
8469,1227,10,3,Width of part,5.340,5.370,5.400,"MAX : 5.400
TARGET : 5.370
MIN : 5.340"
8733,1276,20,5,Are the slits cleanly cut?,No(Fail),Yes(Pass),,"MAX : 
TARGET : Yes(Pass)
MIN : No(Fail)"
8733,1276,20,6,Is the center of the overlam cleanly removed and not leaving any centers on the HIPS material?,No(Fail),Yes(Pass),,"MAX : 
TARGET : Yes(Pass)
MIN : No(Fail)"
8469,1227,10,1,Length of part,6.700,6.730,6.760,"MAX : 6.760
TARGET : 6.730
MIN : 6.700"
8476,1967,10,2,Is the slit edge free of slivers and other debris?,No(Fail),Yes(Pass),,"MAX : 
TARGET : Yes(Pass)
MIN : No(Fail)"
8727,1274,20,3,Length of trailing leg,2.05,2.20,2.35,"MAX : 2.35
TARGET : 2.20
MIN : 2.05"
8727,1274,20,4,Width of adhesive,27.45,27.60,27.75,"MAX : 27.75
TARGET : 27.60
MIN : 27.45"
8727,1274,20,5,Width of tab side leg,1.65,1.80,1.95,"MAX : 1.95
TARGET : 1.80
MIN : 1.65"
8727,1274,20,6,Width of non-tab side leg,1.65,1.80,1.95,"MAX : 1.95
TARGET : 1.80
MIN : 1.65"
8727,1274,20,7,Is the score deep enough to remove the adhesive but not cut into the liner?,No(Fail),Yes(Pass),,"MAX : 
TARGET : Yes(Pass)
MIN : No(Fail)"
8727,1274,20,8,Are all of the centers removed?,No(Fail),Yes(Pass),,"MAX : 
TARGET : Yes(Pass)
MIN : No(Fail)"
8476,1967,10,1,Width of roll,0.97,1.00,1.03,"MAX : 1.03
TARGET : 1.00
MIN : 0.97"
8477,1228,10,2,Does the liner fit the approved liner template?,No (Fail),Yes (Pass),,"MAX : 
TARGET : Yes (Pass)
MIN : No (Fail)"
8740,1987,10,3,Width of extended liner on gear side,0.375,0.500,0.625,"MAX : 0.625
TARGET : 0.500
MIN : 0.375"
8740,1987,10,4,Distance from edge of PET to edge of adhesive,0.875,1.000,1.125,"MAX : 1.125
TARGET : 1.000
MIN : 0.875"
8740,1987,10,5,Is the lamination free of gross defects and ,No(Fail),Yes(Pass),,"MAX : 
TARGET : Yes(Pass)
MIN : No(Fail)"
8477,1228,10,1,Does a part fit the approved part template?,No (Fail),Yes (Pass),,"MAX : 
TARGET : Yes (Pass)
MIN : No (Fail)"
8477,1228,10,7,"Is the measurement from the edge of the part to the edge of the selvage less than .1447"" (17.54% or less of the die cut area visible selvage)? (See pics in JJ for example of selvage.)",No (Fail),Yes (Pass),,"MAX : 
TARGET : Yes (Pass)
MIN : No (Fail)"
8738,1277,20,3,Distance from bottom edge to center of small radius - See drawing.,1.13,1.14,1.15,"MAX : 1.15
TARGET : 1.14
MIN : 1.13"
8738,1277,20,4,Distance from bottom edge to center of large radius - See drawing.,2.04,2.05,2.06,"MAX : 2.06
TARGET : 2.05
MIN : 2.04"
8738,1277,20,5,Radius of small notch,0.07,0.08,0.09,"MAX : 0.09
TARGET : 0.08
MIN : 0.07"
8738,1277,20,6,Radius of large notch,0.15,0.16,0.17,"MAX : 0.17
TARGET : 0.16
MIN : 0.15"
8738,1277,20,7,Is the cut edge free of cutting debris and defects?,No(Fail),Yes(Pass),,"MAX : 
TARGET : Yes(Pass)
MIN : No(Fail)"
8478,1229,10,2,Does the liner fit the approved liner template?,No (Fail),Yes (Pass),,"MAX : 
TARGET : Yes (Pass)
MIN : No (Fail)"
8478,1229,10,1,Does a part fit the approved part template?,No (Fail),Yes (Pass),,"MAX : 
TARGET : Yes (Pass)
MIN : No (Fail)"
8478,1229,10,7,"Is the measurement from the edge of the part to the edge of the selvage less than .1447"" (17.54% or less of the die cut area visible selvage)? (See pics in JJ for example of selvage.)",No (Fail),Yes (Pass),,"MAX : 
TARGET : Yes (Pass)
MIN : No (Fail)"
8479,1230,10,2,Does the liner fit the approved liner template?,No (Fail),Yes (Pass),,"MAX : 
TARGET : Yes (Pass)
MIN : No (Fail)"
8751,1279,20,3,Width of deadened area,0.095,0.125,0.155,"MAX : 0.155
TARGET : 0.125
MIN : 0.095"
8751,1279,20,4,"Does the crushed area act as a tab to ease removal of the part from the fabric?  Check Operator, Middle, and Gear lanes.",No (Fail),Yes (Pass),,"MAX : 
TARGET : Yes (Pass)
MIN : No (Fail)"
8751,1279,20,5,"Is the butt cut deep enough to remove the parts, but not cut into the liner?  Check 11 repeats by pulling off every other part.  Alternate lanes.  Perform checks only on parts that were cut at process speed, not jog.  Save strip in retain envelope.",No (Fail),Yes (Pass),,"MAX : 
TARGET : Yes (Pass)
MIN : No (Fail)"
8751,1279,20,8,"Record Tool number used for this order.  Do not run more than 5,031,000 parts (117 sets) on a tool before pulling for retool.",,,,"MAX : 
TARGET : 
MIN : "
8479,1230,10,1,Does a part fit the approved part template?,No (Fail),Yes (Pass),,"MAX : 
TARGET : Yes (Pass)
MIN : No (Fail)"
8479,1230,10,7,"Is the measurement from the edge of the part to the edge of the selvage less than .1447"" (17.54% or less of the die cut area visible selvage)? (See pics in JJ for example of selvage.)",No (Fail),Yes (Pass),,"MAX : 
TARGET : Yes (Pass)
MIN : No (Fail)"
8480,1231,10,2,Does the liner fit the approved liner template?,No (Fail),Yes (Pass),,"MAX : 
TARGET : Yes (Pass)
MIN : No (Fail)"
8480,1231,10,1,Does a part fit the approved part template?,No (Fail),Yes (Pass),,"MAX : 
TARGET : Yes (Pass)
MIN : No (Fail)"
8693,1269,10,12,Distance from right-side big hole to 8th small hole.,6.742,6.747,6.752,"MAX : 6.752
TARGET : 6.747
MIN : 6.742"
8693,1269,10,11,Distance from right-side big hole to 7th small hole.,5.992,5.997,6.002,"MAX : 6.002
TARGET : 5.997
MIN : 5.992"
8693,1269,10,10,Distance from right-side big hole to 6th small hole.,5.242,5.247,5.252,"MAX : 5.252
TARGET : 5.247
MIN : 5.242"
8693,1269,10,9,Distance from right-side big hole to 5th small hole.,4.492,4.497,4.502,"MAX : 4.502
TARGET : 4.497
MIN : 4.492"
8693,1269,10,8,Distance from right-side big hole to 4th small hole.,3.742,3.747,3.752,"MAX : 3.752
TARGET : 3.747
MIN : 3.742"
8693,1269,10,7,Distance from right-side big hole to 3rd small hole.,2.992,2.997,3.002,"MAX : 3.002
TARGET : 2.997
MIN : 2.992"
8693,1269,10,6,Distance from right-side big hole to 2nd small hole.,2.242,2.247,2.252,"MAX : 2.252
TARGET : 2.247
MIN : 2.242"
8693,1269,10,5,Distance from right-side big hole to 1st small hole.,1.492,1.497,1.502,"MAX : 1.502
TARGET : 1.497
MIN : 1.492"
8693,1269,10,4,Distance from center of big hole to part edge (web-direction).,0.535,0.555,0.575,"MAX : 0.575
TARGET : 0.555
MIN : 0.535"
8693,1269,10,3,Long distance from center of small hole to part edge (web-direction).,0.725,0.755,0.785,"MAX : 0.785
TARGET : 0.755
MIN : 0.725"
8693,1269,10,20,Width of carrier film,10.980,11.000,11.020,"MAX : 11.020
TARGET : 11.000
MIN : 10.980"
8481,1232,10,2,Does the liner fit the approved liner template?,No (Fail),Yes (Pass),,"MAX : 
TARGET : Yes (Pass)
MIN : No (Fail)"
8481,1232,10,1,Does a part fit the approved part template?,No (Fail),Yes (Pass),,"MAX : 
TARGET : Yes (Pass)
MIN : No (Fail)"
8675,1265,10,3,Width of part,6.980,7.000,7.020,"MAX : 7.020
TARGET : 7.000
MIN : 6.980"
8675,1265,10,10,Part Repeat length,1.090,1.110,1.130,"MAX : 1.130
TARGET : 1.110
MIN : 1.090"
8675,1265,10,4,Distance from big hole to big hole,5.995,6.000,6.005,"MAX : 6.005
TARGET : 6.000
MIN : 5.995"
8675,1265,10,9,Distance from right-side big hole to 5th small hole.,4.495,4.500,4.505,"MAX : 4.505
TARGET : 4.500
MIN : 4.495"
8675,1265,10,8,Distance from right-side big hole to 4th small hole.,3.745,3.750,3.755,"MAX : 3.755
TARGET : 3.750
MIN : 3.745"
8675,1265,10,7,Distance from right-side big hole to 3rd small hole.,2.995,3.000,3.005,"MAX : 3.005
TARGET : 3.000
MIN : 2.995"
8675,1265,10,6,Distance from right-side big hole to 2nd small hole.,2.245,2.250,2.255,"MAX : 2.255
TARGET : 2.250
MIN : 2.245"
8675,1265,10,5,Distance from right-side big hole to 1st small hole.,1.495,1.500,1.505,"MAX : 1.505
TARGET : 1.500
MIN : 1.495"
8675,1265,10,1,Distance from center of right big hole to part edge (web direction).,0.580,0.600,0.620,"MAX : 0.620
TARGET : 0.600
MIN : 0.580"
8675,1265,10,2,Long distance front center of small hole to part edge (web direction).,0.725,0.755,0.785,"MAX : 0.785
TARGET : 0.755
MIN : 0.725"
8675,1265,10,16,Width of carrier film,7.230,7.250,7.270,"MAX : 7.270
TARGET : 7.250
MIN : 7.230"
8675,1265,10,14,Length of long leg of slit,0.385,0.400,0.415,"MAX : 0.415
TARGET : 0.400
MIN : 0.385"
8675,1265,10,15,Length of short leg of slit,0.085,0.100,0.115,"MAX : 0.115
TARGET : 0.100
MIN : 0.085"
8481,1232,10,7,"Is the measurement from the edge of the part to the edge of the selvage less than .1737"" (17.54% or less of the die cut area visible selvage)? (See pics in JJ for example of selvage.)",No (Fail),Yes (Pass),,"MAX : 
TARGET : Yes (Pass)
MIN : No (Fail)"
8482,1233,10,2,Does the liner fit the approved liner template?,No (Fail),Yes (Pass),,"MAX : 
TARGET : Yes (Pass)
MIN : No (Fail)"
8755,1280,10,3,Is the score deep enough to remove the liner but not cut into the tape?,No(Fail),Yes(Pass),,"MAX : 
TARGET : Yes(Pass)
MIN : No(Fail)"
8482,1233,10,1,Does a part fit the approved part template?,No (Fail),Yes (Pass),,"MAX : 
TARGET : Yes (Pass)
MIN : No (Fail)"
8482,1233,10,7,"Is the measurement from the edge of the part to the edge of the selvage less than .1737"" (17.54% or less of the die cut area visible selvage)? (See pics in JJ for example of selvage.)",No (Fail),Yes (Pass),,"MAX : 
TARGET : Yes (Pass)
MIN : No (Fail)"
8756,1281,10,3,Is the score deep enough to remove the liner but not cut into the tape?,No(Fail),Yes(Pass),,"MAX : 
TARGET : Yes(Pass)
MIN : No(Fail)"
8483,1234,10,4,Is the adhesive side of the product laminated to the release side of the PET liner? (Can the product be removed from the liner?),No (Fail),Yes (Pass),,"MAX : 
TARGET : Yes (Pass)
MIN : No (Fail)"
8483,1234,10,3,Is the sheet free of foreign debris?,No (Fail),Yes (Pass),,"MAX : 
TARGET : Yes (Pass)
MIN : No (Fail)"
8758,1282,10,4,Width of liner,0.98,1.00,1.02,"MAX : 1.02
TARGET : 1.00
MIN : 0.98"
8758,1282,10,5,Distance from edge of part to edge of liner,0.168,0.188,0.208,"MAX : 0.208
TARGET : 0.188
MIN : 0.168"
8758,1282,10,8,Is the die strike deep enough to remove the matrix but not cut into the liner?,No(Fail),Yes(Pass),,"MAX : 
TARGET : Yes(Pass)
MIN : No(Fail)"
8758,1282,10,7,Is the score deep enough to remove the adhesive but not cut into the liner?,No(Fail),Yes(Pass),,"MAX : 
TARGET : Yes(Pass)
MIN : No(Fail)"
8758,1282,10,9,Is the roll wound loosely?,No(Fail),Yes(Pass),,"MAX : 
TARGET : Yes(Pass)
MIN : No(Fail)"
8758,1282,10,3,"Width of adhesive on tab from inside corner.
",0.000,0.030,0.060,"MAX : 0.060
TARGET : 0.030
MIN : 0.000"
8483,1234,10,7,"Is the measurement from the edge of the part to the edge of the selvage less than .1535"" (17.54% or less of the die cut area visible selvage)? (See pics in JJ for example of selvage.)",No (Fail),Yes (Pass),,"MAX : 
TARGET : Yes (Pass)
MIN : No (Fail)"
8483,1234,10,2,Does the liner fit the approved liner template?,No (Fail),Yes (Pass),,"MAX : 
TARGET : Yes (Pass)
MIN : No (Fail)"
8765,1284,10,4,Width of liner,1.105,1.125,1.145,"MAX : 1.145
TARGET : 1.125
MIN : 1.105"
8765,1284,10,5,Distance from edge of part to edge of liner,0.105,0.125,0.145,"MAX : 0.145
TARGET : 0.125
MIN : 0.105"
8765,1284,10,8,Is the die strike deep enough to remove the matrix but not cut into the liner?,No(Fail),Yes(Pass),,"MAX : 
TARGET : Yes(Pass)
MIN : No(Fail)"
8765,1284,10,7,Is the score deep enough to remove the adhesive but not cut into the liner?,No(Fail),Yes(Pass),,"MAX : 
TARGET : Yes(Pass)
MIN : No(Fail)"
8765,1284,10,9,Is the roll wound loosely?,No(Fail),Yes(Pass),,"MAX : 
TARGET : Yes(Pass)
MIN : No(Fail)"
8765,1284,10,3,"Width of adhesive on tab from inside corner.
",0.000,0.030,0.060,"MAX : 0.060
TARGET : 0.030
MIN : 0.000"
8484,1235,10,4,Is the adhesive side of the product laminated to the release side of the PET liner? (Can the product be removed from the liner?),No (Fail),Yes (Pass),,"MAX : 
TARGET : Yes (Pass)
MIN : No (Fail)"
8484,1235,10,3,Is the sheet free of foreign debris?,No (Fail),Yes (Pass),,"MAX : 
TARGET : Yes (Pass)
MIN : No (Fail)"
8747,1278,10,3,Is the die strike deep enough to remove the matrix but not cut into the liner?,No(Fail),Yes(Pass),,"MAX : 
TARGET : Yes(Pass)
MIN : No(Fail)"
8484,1235,10,7,"Is the measurement from the edge of the part to the edge of the selvage less than .1535"" (17.54% or less of the die cut area visible selvage)? (See pics in JJ for example of selvage.)",No (Fail),Yes (Pass),,"MAX : 
TARGET : Yes (Pass)
MIN : No (Fail)"
8484,1235,10,2,Does the liner fit the approved liner template?,No (Fail),Yes (Pass),,"MAX : 
TARGET : Yes (Pass)
MIN : No (Fail)"
8762,1283,20,3,Width of adhesive - Measured to flat area opposite tab,7.8,8.8,9.8,"MAX : 9.8
TARGET : 8.8
MIN : 7.8"
8762,1283,20,4,Distance from tab side adhesive to center of hole,3.6,4.6,5.6,"MAX : 5.6
TARGET : 4.6
MIN : 3.6"
8762,1283,20,5,Diameter of holes,3..45,3.70,3.95,"MAX : 3.95
TARGET : 3.70
MIN : 3..45"
8762,1283,20,6,Are the holes cleanly ejected?,No(Fail),Yes(Pass),,"MAX : 
TARGET : Yes(Pass)
MIN : No(Fail)"
8762,1283,20,7,Is the die strike deep enough to remove the matrix but not cut into the liner?,No(Fail),Yes(Pass),,"MAX : 
TARGET : Yes(Pass)
MIN : No(Fail)"
8485,1236,10,3,Is the sheet free of foreign debris?,No (Fail),Yes (Pass),,"MAX : 
TARGET : Yes (Pass)
MIN : No (Fail)"
8445,1224,30,4,The following must be inspected every time a format is loaded/opened and labels are printed on the Honeywell printer,,,,"MAX : 
TARGET : 
MIN : "
8485,1236,10,4,Is the adhesive side of the product laminated to the release side of the PET liner? (Can the product be removed from the liner?),No (Fail),Yes (Pass),,"MAX : 
TARGET : Yes (Pass)
MIN : No (Fail)"
8757,1989,20,3,Width of tab,0.855,0.875,0.895,"MAX : 0.895
TARGET : 0.875
MIN : 0.855"
8757,1989,20,4,Distance from edge of copper to edge of KPT-2,0.605,0.625,0.645,"MAX : 0.645
TARGET : 0.625
MIN : 0.605"
8757,1989,20,5,Is the adhesive/nomex lamination inset from each edge of the copper?,No(Fail),Yes(Pass),,"MAX : 
TARGET : Yes(Pass)
MIN : No(Fail)"
8757,1989,10,1,Width of KPT-2,1.605,1.625,1.645,"MAX : 1.645
TARGET : 1.625
MIN : 1.605"
8757,1989,10,2,Is the KPT-2 slit edge free of slivers and double cuts?,No(Fail),Yes(Pass),,"MAX : 
TARGET : Yes(Pass)
MIN : No(Fail)"
8757,1989,10,3,Does the KPT-2 unwind without tearing?,No(Fail),Yes(Pass),,"MAX : 
TARGET : Yes(Pass)
MIN : No(Fail)"
8486,1237,10,5,Is the sheet free of foreign debris?,No (Fail),Yes (Pass),,"MAX : 
TARGET : Yes (Pass)
MIN : No (Fail)"
8445,1224,20,0.5,"Check At Setup Only
",,,,"MAX : 
TARGET : 
MIN : "
8486,1237,10,1,Does a part fit the approved part template?,No (Fail),Yes (Pass),,"MAX : 
TARGET : Yes (Pass)
MIN : No (Fail)"
4220,919,10,3,Is the 5925 laminated to the treated side of the UHMW?,No(Fail),Yes(Pass),,"MAX : 
TARGET : Yes(Pass)
MIN : No(Fail)"
8486,1237,10,9,"Is the measurement from the edge of the part to the edge of the selvage less than .1535"" (17.54% or less of the die cut area visible selvage)? (See pics in JJ for example of selvage.)",No (Fail),Yes (Pass),,"MAX : 
TARGET : Yes (Pass)
MIN : No (Fail)"
8486,1237,10,2,Does the par fit the approved liner template?,No (Fail),Yes (Pass),,"MAX : 
TARGET : Yes (Pass)
MIN : No (Fail)"
8772,1990,10,5,Does 3M 371 delaminate from shurtape FP-726?,,No (Pass),Yes (Fail),"MAX : Yes (Fail)
TARGET : No (Pass)
MIN : "
8772,1990,10,4,Are Rolls Gapping?,,No (Pass),Yes (Fail),"MAX : Yes (Fail)
TARGET : No (Pass)
MIN : "
8772,1990,10,3,Are rolls wound evenly?,No (Fail),Yes (Pass),,"MAX : 
TARGET : Yes (Pass)
MIN : No (Fail)"
8772,1990,10,6,"Peel force of top layer from tape (test 1"" strip or divide 2"" result by 2)",15.00 oz/in,,,"MAX : 
TARGET : 
MIN : 15.00 oz/in"
8498,1238,10,4,Is the die strike deep enough to remove the matrix but not cut into the liner?,No(Fail),Yes(Pass),,"MAX : 
TARGET : Yes(Pass)
MIN : No(Fail)"
8498,1238,10,3,Distance from top to printed tape,1.87,2.00,2.13,"MAX : 2.13
TARGET : 2.00
MIN : 1.87"
8777,1991,10,3,Is the print on the liner?,No(Fail),Yes(Pass),,"MAX : 
TARGET : Yes(Pass)
MIN : No(Fail)"
8498,1238,10,1,Diameter of part,16.475,16.600,16.725,"MAX : 16.725
TARGET : 16.600
MIN : 16.475"
8498,1238,10,2,Distance from top to red tape,0.87,1.00,1.13,"MAX : 1.13
TARGET : 1.00
MIN : 0.87"
8508,1968,10,2,Distance from edge of roll to back score in liner?,0.94,1.00,1.06,"MAX : 1.06
TARGET : 1.00
MIN : 0.94"
8445,1224,20,0.1,Confirm Parts fit within check gauge,No (fail),Yes (pass),,"MAX : 
TARGET : Yes (pass)
MIN : No (fail)"
8508,1968,10,1,Width of slit roll,1.94,2.00,2.06,"MAX : 2.06
TARGET : 2.00
MIN : 1.94"
8779,1992,10,3,Is the roll wound without gapping or telescoping?,No(Fail),Yes(Pass),,"MAX : 
TARGET : Yes(Pass)
MIN : No(Fail)"
8510,1239,10,2,Width of part,24.4,25.4,26.4,"MAX : 26.4
TARGET : 25.4
MIN : 24.4"
8446,1225,20,2,Edge of polyester to edge of foam,0.430,0.500,0.570,"MAX : 0.570
TARGET : 0.500
MIN : 0.430"
8510,1239,10,1,Length of part,14,15,16,"MAX : 16
TARGET : 15
MIN : 14"
8789,1287,20,3,Are the two strips visually centered on the sheet?,No(Fail),Yes(Pass),,"MAX : 
TARGET : Yes(Pass)
MIN : No(Fail)"
8789,1287,20,4,Is the die strike deep enough to remove the matrix but not cut into the liner?,No(Fail),Yes(Pass),,"MAX : 
TARGET : Yes(Pass)
MIN : No(Fail)"
8514,1240,20,2,Is the score deep enough to remove the material from the tab area but not cut into the liner?,No (Fail),Yes (Pass),,"MAX : 
TARGET : Yes (Pass)
MIN : No (Fail)"
8514,1240,20,3,Is the score in registration to the die cut without significant visible offset (see photos in JJ)?,No (fail),Yes (pass),,"MAX : 
TARGET : Yes (pass)
MIN : No (fail)"
8791,1288,10,3,Is the die strike deep enough to remove the part but not cut into the liner?,No(Fail),Yes(Pass),,"MAX : 
TARGET : Yes(Pass)
MIN : No(Fail)"
8514,1240,20,1,Does the part fit the approved template?,No (Fail),Yes (Pass),,"MAX : 
TARGET : Yes (Pass)
MIN : No (Fail)"
8514,1240,20,4,"Does the part lay flat within 1/16""?",No (fail),Yes (pass),,"MAX : 
TARGET : Yes (pass)
MIN : No (fail)"
8515,1241,20,2,Width of part (not including tab),51.39,52.39,53.39,"MAX : 53.39
TARGET : 52.39
MIN : 51.39"
8515,1241,20,1,Length of part,41.86,42.86,43.86,"MAX : 43.86
TARGET : 42.86
MIN : 41.86"
8801,1291,10,3,Is the cut edge free of any cutting debris?,No(Fail),Yes(Pass),,"MAX : 
TARGET : Yes(Pass)
MIN : No(Fail)"
8523,1969,10,2,Is the slit edge free of slivers and double cuts?,No(Fail),Yes(Pass),,"MAX : 
TARGET : Yes(Pass)
MIN : No(Fail)"
8523,1969,10,1,Width of roll,0.158,0.188,0.218,"MAX : 0.218
TARGET : 0.188
MIN : 0.158"
8804,1292,10,3,Is the 1509 visually centered on the Q200 liner?,No(Fail),Yes(Pass),,"MAX : 
TARGET : Yes(Pass)
MIN : No(Fail)"
8804,1292,10,4,Is the 1509 laminated to the release side of the Q200?,No(Fail),Yes(Pass),,"MAX : 
TARGET : Yes(Pass)
MIN : No(Fail)"
8529,1242,20,1,Width of part,47,48,49,"MAX : 49
TARGET : 48
MIN : 47"
8446,1225,20,1,Has the production start date been written on the Job Ticket?,No (fail),Yes (pass),,"MAX : 
TARGET : Yes (pass)
MIN : No (fail)"
8529,1242,10,1,Length of perf,329,332,335,"MAX : 335
TARGET : 332
MIN : 329"
8529,1242,20,2,Is the slit edge free of slivers and double cuts?,No(Fail),Yes(Pass),,"MAX : 
TARGET : Yes(Pass)
MIN : No(Fail)"
8531,1970,10,2,Is the saw cut edge smooth and free of defects?,No(Fail),Yes(Pass),,"MAX : 
TARGET : Yes(Pass)
MIN : No(Fail)"
8796,1289,20,4,Datum C to furthest edge of FSA internal shape cut,17.3,17.5,17.7,"MAX : 17.7
TARGET : 17.5
MIN : 17.3"
8796,1289,20,5,Datum C to furthest edge of gasket internal shape cut,18.7,19.0,19.3,"MAX : 19.3
TARGET : 19.0
MIN : 18.7"
8796,1289,20,6,Part length - CRITICAL DIMENSION,35.10,35.50,35.90,"MAX : 35.90
TARGET : 35.50
MIN : 35.10"
8796,1289,20,7,Datum B to closest edge of gasket internal shape cut,1.5,1.8,2.1,"MAX : 2.1
TARGET : 1.8
MIN : 1.5"
8796,1289,20,8,"Datum B to closest edge of FSA internal shape cut
",2.4,2.6,2.8,"MAX : 2.8
TARGET : 2.6
MIN : 2.4"
8796,1289,20,9,Datum B to furthest edge of FSA internal shape cut,18.4,18.6,18.8,"MAX : 18.8
TARGET : 18.6
MIN : 18.4"
8796,1289,20,10,Datum B to furthest edge of gasket internal shape cut,19.7,20.0,20.3,"MAX : 20.3
TARGET : 20.0
MIN : 19.7"
8796,1289,20,11,Part Width - CRITICAL DIMENSION,21.60,22.00,22.40,"MAX : 22.40
TARGET : 22.00
MIN : 21.60"
8796,1289,20,12,Part edge to liner edge,5.0,5.5,6.0,"MAX : 6.0
TARGET : 5.5
MIN : 5.0"
8796,1289,20,13,Edge of tab to edge of liner,5.0,5.5,6.0,"MAX : 6.0
TARGET : 5.5
MIN : 5.0"
8796,1289,20,14,Liner width,37.6,38.1,38.6,"MAX : 38.6
TARGET : 38.1
MIN : 37.6"
8796,1289,20,17,Is the die strike deep enough to remove the matrix but not cut into the liner?,No(Fail),Yes(Pass),,"MAX : 
TARGET : Yes(Pass)
MIN : No(Fail)"
8796,1289,20,16,Does the part pass the Muth Mirror flatness test?,No(Fail),Yes(Pass),,"MAX : 
TARGET : Yes(Pass)
MIN : No(Fail)"
8531,1970,10,1,Width of roll,0.66,0.69,0.72,"MAX : 0.72
TARGET : 0.69
MIN : 0.66"
8531,1970,10,3,Durometer of log prior to slitting.,90,94,95,"MAX : 95
TARGET : 94
MIN : 90"
8797,1290,20,3,Part Spacing,2.1,2.6,3.1,"MAX : 3.1
TARGET : 2.6
MIN : 2.1"
8797,1290,20,4,Datum C to furthest edge of FSA internal shape cut,17.3,17.5,17.7,"MAX : 17.7
TARGET : 17.5
MIN : 17.3"
8797,1290,20,5,Datum C to furthest edge of gasket internal shape cut,18.7,19.0,19.3,"MAX : 19.3
TARGET : 19.0
MIN : 18.7"
8797,1290,20,6,Part length - CRITICAL DIMENSION,35.10,35.50,35.90,"MAX : 35.90
TARGET : 35.50
MIN : 35.10"
8797,1290,20,7,Datum B to closest edge of gasket internal shape cut,1.5,1.8,2.1,"MAX : 2.1
TARGET : 1.8
MIN : 1.5"
8797,1290,20,8,"Datum B to closest edge of FSA internal shape cut
",2.4,2.6,2.8,"MAX : 2.8
TARGET : 2.6
MIN : 2.4"
8797,1290,20,9,Datum B to furthest edge of FSA internal shape cut,18.4,18.6,18.8,"MAX : 18.8
TARGET : 18.6
MIN : 18.4"
8797,1290,20,10,Datum B to furthest edge of gasket internal shape cut,19.7,20.0,20.3,"MAX : 20.3
TARGET : 20.0
MIN : 19.7"
8797,1290,20,11,Part Width - CRITICAL DIMENSION,21.60,22.00,22.40,"MAX : 22.40
TARGET : 22.00
MIN : 21.60"
8797,1290,20,12,Part edge to liner edge,5.0,5.5,6.0,"MAX : 6.0
TARGET : 5.5
MIN : 5.0"
8797,1290,20,13,Edge of tab to edge of liner,5.0,5.5,6.0,"MAX : 6.0
TARGET : 5.5
MIN : 5.0"
8797,1290,20,14,Liner width,37.6,38.1,38.6,"MAX : 38.6
TARGET : 38.1
MIN : 37.6"
8797,1290,20,17,Is the die strike deep enough to remove the matrix but not cut into the liner?,No(Fail),Yes(Pass),,"MAX : 
TARGET : Yes(Pass)
MIN : No(Fail)"
8797,1290,20,16,Does the part pass the Muth Mirror flatness test?,No(Fail),Yes(Pass),,"MAX : 
TARGET : Yes(Pass)
MIN : No(Fail)"
8533,1971,30,1,Width of finished roll,14.97,15.00,15.03,"MAX : 15.03
TARGET : 15.00
MIN : 14.97"
8446,1225,20,3,Confirm parts fit within check gauge,No (fail),Yes (pass),,"MAX : 
TARGET : Yes (pass)
MIN : No (fail)"
8533,1971,20,1,Width of finished roll,11.97,12.00,12.03,"MAX : 12.03
TARGET : 12.00
MIN : 11.97"
8815,1293,20,1,Length of butt cut,0.47,0.50,0.53,"MAX : 0.53
TARGET : 0.50
MIN : 0.47"
8815,1293,20,2,Is the butt cut deep enough to remove the parts but not cut into the liner?  check full repeat of die (14 consecutive cuts),No(Fail),Yes(Pass),,"MAX : 
TARGET : Yes(Pass)
MIN : No(Fail)"
8535,1243,20,1,Width of part,37,38,39,"MAX : 39
TARGET : 38
MIN : 37"
8458,1226,10,6,Does the print match the controlled drawing?,No(Fail),Yes(Pass),,"MAX : 
TARGET : Yes(Pass)
MIN : No(Fail)"
8458,1226,10,7,Was Overvarnish used?,No(Fail),Yes(Pass),,"MAX : 
TARGET : Yes(Pass)
MIN : No(Fail)"
8535,1243,10,1,Length of perf,387,390,393,"MAX : 393
TARGET : 390
MIN : 387"
8816,1294,10,1,Total Part Length,14.85,15.00,15.15,"MAX : 15.15
TARGET : 15.00
MIN : 14.85"
8816,1294,10,2,Total Repeat,18.60,18.85,19.10,"MAX : 19.10
TARGET : 18.85
MIN : 18.60"
8816,1294,10,5,Edge of liner to Edge of part - Tab side.  Note - (part is not centered on liner),7.22,7.47,7.72,"MAX : 7.72
TARGET : 7.47
MIN : 7.22"
8816,1294,10,9,Die Strike Check.  Does liner slit when bent back away from silicone at die strike?,,No (Pass),Yes (Fail),"MAX : Yes (Fail)
TARGET : No (Pass)
MIN : "
8816,1294,10,7,Is there any trace of the PVC tape left on the adhesive side of the product?,,No (Pass),Yes (Fail),"MAX : Yes (Fail)
TARGET : No (Pass)
MIN : "
8816,1294,10,10,Does Product Pass Liner Release Test?,No (Fail),Yes (Pass),,"MAX : 
TARGET : Yes (Pass)
MIN : No (Fail)"
8816,1294,10,8,Are there scratches or defects present on delivery liner when put on press?,,No (Pass),Yes (Fail),"MAX : Yes (Fail)
TARGET : No (Pass)
MIN : "
8540,1244,20,2,Width of part,0.97,1.00,1.03,"MAX : 1.03
TARGET : 1.00
MIN : 0.97"
8469,1227,10,5,Width of top leg,0.248,0.278,0.308,"MAX : 0.308
TARGET : 0.278
MIN : 0.248"
8540,1244,20,1,Length of part,0.97,1.00,1.03,"MAX : 1.03
TARGET : 1.00
MIN : 0.97"
8543,1972,10,2,Length of perf,2.94,3.00,3.06,"MAX : 3.06
TARGET : 3.00
MIN : 2.94"
8824,1994,10,5,Is the corona treated side as marked on input rolls; wound out?,No(Fail),Yes(Pass),,"MAX : 
TARGET : Yes(Pass)
MIN : No(Fail)"
8824,1994,10,8,"Is the material translucent/clear? (If yes, see QA)",,No(Pass),Yes(Fail),"MAX : Yes(Fail)
TARGET : No(Pass)
MIN : "
8824,1994,10,3,Diameter of holes,0.158,0.188,0.218,"MAX : 0.218
TARGET : 0.188
MIN : 0.158"
8824,1994,10,2,Distance from edge of hole to near edge of part,0.095,0.125,0.155,"MAX : 0.155
TARGET : 0.125
MIN : 0.095"
8543,1972,10,1,Width of roll,1.94,2.00,2.06,"MAX : 2.06
TARGET : 2.00
MIN : 1.94"
8578,1245,20,2,Does small part fit the template?,No(Fail),Yes(Pass),,"MAX : 
TARGET : Yes(Pass)
MIN : No(Fail)"
8825,1995,20,2,Is the 13220L visually centered on the CSM?,No(Fail),Yes(Pass),,"MAX : 
TARGET : Yes(Pass)
MIN : No(Fail)"
8825,1995,20,3,Is the 13220L laminated without wrinkles or other lamination defects?,No(Fail),Yes(Pass),,"MAX : 
TARGET : Yes(Pass)
MIN : No(Fail)"
8825,1995,20,4,Is the roll wound without gapping or telescoping?,No(Fail),Yes(Pass),,"MAX : 
TARGET : Yes(Pass)
MIN : No(Fail)"
8578,1245,20,1,Does large part fit the Template?,No(Fail),Yes(Pass),,"MAX : 
TARGET : Yes(Pass)
MIN : No(Fail)"
8579,1246,20,2,Is the die strike deep enough to strip the matrix but not cut into the liner?,No(Fail),Yes(Pass),,"MAX : 
TARGET : Yes(Pass)
MIN : No(Fail)"
8821,1295,30,3,Distance from score to edge.,1.07,1.13,1.19,"MAX : 1.19
TARGET : 1.13
MIN : 1.07"
8821,1295,30,4,Is the score deep enough to remove the liners without tearing?,No(Fail),Yes(Pass),,"MAX : 
TARGET : Yes(Pass)
MIN : No(Fail)"
8579,1246,20,1,Does the part fit in the template?,No(Fail),Yes(Pass),,"MAX : 
TARGET : Yes(Pass)
MIN : No(Fail)"
8586,1973,20,1,Width of adhesive,0.69,0.75,0.81,"MAX : 0.81
TARGET : 0.75
MIN : 0.69"
8586,1973,10,1,Are the slit edges free of slivers and double cuts?,No(Fail),Yes(Pass),,"MAX : 
TARGET : Yes(Pass)
MIN : No(Fail)"
8588,1974,20,1,Is the adhesive laminated to the release side of the 54# liner?,No(Fail),Yes(Pass),,"MAX : 
TARGET : Yes(Pass)
MIN : No(Fail)"
8826,1296,20,3,Is the print visually centered?,No(Fail),Yes(Pass),,"MAX : 
TARGET : Yes(Pass)
MIN : No(Fail)"
8826,1296,20,4,Is the print legible and free of gross defects?,No(Fail),Yes(Pass),,"MAX : 
TARGET : Yes(Pass)
MIN : No(Fail)"
8588,1974,10,1,Width of adhesive,11.97,12.00,12.03,"MAX : 12.03
TARGET : 12.00
MIN : 11.97"
8592,1247,10,2,Width of part,1.5,2.0,2.5,"MAX : 2.5
TARGET : 2.0
MIN : 1.5"
8833,1298,20,3,Is the tape visually centered on the liner?,No(Fail),Yes(Pass),,"MAX : 
TARGET : Yes(Pass)
MIN : No(Fail)"
8592,1247,10,1,Length of part,49.6,50.6,51.6,"MAX : 51.6
TARGET : 50.6
MIN : 49.6"
8594,1248,20,2,Width of part,2.94,3.00,3.06,"MAX : 3.06
TARGET : 3.00
MIN : 2.94"
8480,1231,10,7,"Is the measurement from the edge of the part to the edge of the selvage less than .1447"" (17.54% or less of the die cut area visible selvage)? (See pics in JJ for example of selvage.)",No (Fail),Yes (Pass),,"MAX : 
TARGET : Yes (Pass)
MIN : No (Fail)"
8594,1248,20,1,Length of part,2.94,3.00,3.06,"MAX : 3.06
TARGET : 3.00
MIN : 2.94"
8597,1975,10,3,Is the roll wound without gapping or telescoping?,No(Fail),Yes(Pass),,"MAX : 
TARGET : Yes(Pass)
MIN : No(Fail)"
8835,1300,10,3,Are the edges clean cut and free of debris?,No(Fail),Yes(Pass),,"MAX : 
TARGET : Yes(Pass)
MIN : No(Fail)"
8597,1975,10,1,Width of roll,1.97,2.00,2.03,"MAX : 2.03
TARGET : 2.00
MIN : 1.97"
8604,1249,10,2,Is the slit edge free of slivers and double cuts?,No(Fail),Yes(Pass),,"MAX : 
TARGET : Yes(Pass)
MIN : No(Fail)"
8604,1249,10,1,Width of slit tape,0.94,1.00,1.06,"MAX : 1.06
TARGET : 1.00
MIN : 0.94"
8611,1250,10,2,Width of part,4.14,4.90,5.66,"MAX : 5.66
TARGET : 4.90
MIN : 4.14"
8611,1250,10,1,Length of part,10.54,11.30,12.06,"MAX : 12.06
TARGET : 11.30
MIN : 10.54"
8612,1251,10,2,Width of part,5.64,6.40,7.16,"MAX : 7.16
TARGET : 6.40
MIN : 5.64"
8839,1302,20,3,Length of Part,0.94,1.00,1.06,"MAX : 1.06
TARGET : 1.00
MIN : 0.94"
8839,1302,20,4,Are the edges free of hairs and defects?,No(Fail),Yes(Pass),,"MAX : 
TARGET : Yes(Pass)
MIN : No(Fail)"
8839,1302,20,5,Is the tape laminated to the liner TIGHT?,No(Fail),Yes(Pass),,"MAX : 
TARGET : Yes(Pass)
MIN : No(Fail)"
8612,1251,10,1,Length of part,10.54,11.30,12.06,"MAX : 12.06
TARGET : 11.30
MIN : 10.54"
8613,1252,10,2,Width of part,6.14,6.90,7.66,"MAX : 7.66
TARGET : 6.90
MIN : 6.14"
8834,1299,20,4,Width of adhesive part,2.435,2.450,2.465,"MAX : 2.465
TARGET : 2.450
MIN : 2.435"
8834,1299,20,5,Width of adhesive window,2.185,2.200,2.215,"MAX : 2.215
TARGET : 2.200
MIN : 2.185"
8834,1299,20,7,Width of tab area,0.235,0.250,0.265,"MAX : 0.265
TARGET : 0.250
MIN : 0.235"
8834,1299,20,9,Is the adhesive removed from the tab area and the centers?,No(Fail),Yes(Pass),,"MAX : 
TARGET : Yes(Pass)
MIN : No(Fail)"
8613,1252,10,1,Length of part,12.54,13.30,14.06,"MAX : 14.06
TARGET : 13.30
MIN : 12.54"
8483,1234,10,1,Does a part fit the approved part template?,No (Fail),Yes (Pass),,"MAX : 
TARGET : Yes (Pass)
MIN : No (Fail)"
8614,1253,20,3,Width of window,3.270,3.300,3.330,"MAX : 3.330
TARGET : 3.300
MIN : 3.270"
8846,1308,10,3,Is the part free of cutting debris and other dirt?,No(Fail),Yes(Pass),,"MAX : 
TARGET : Yes(Pass)
MIN : No(Fail)"
8614,1253,20,9,Is the score deep enough to remove the tab area material but not cut into the red liner>,No(Fail),Yes(Pass),,"MAX : 
TARGET : Yes(Pass)
MIN : No(Fail)"
8614,1253,20,4,Width of adhesive,4.270,4.300,4.330,"MAX : 4.330
TARGET : 4.300
MIN : 4.270"
8847,1309,10,5,Are the edges of the pieces cut cleanly?,No(Fail),Yes(Pass),,"MAX : 
TARGET : Yes(Pass)
MIN : No(Fail)"
8847,1309,10,6,Are the pieces clean and free of debris?,No(Fail),Yes(Pass),,"MAX : 
TARGET : Yes(Pass)
MIN : No(Fail)"
8614,1253,20,2,Length of window,2.508,2.538,2.568,"MAX : 2.568
TARGET : 2.538
MIN : 2.508"
8484,1235,10,1,Does a part fit the approved part template?,No (Fail),Yes (Pass),,"MAX : 
TARGET : Yes (Pass)
MIN : No (Fail)"
8614,1253,20,5,Leading Leg Length,0.290,0.320,0.350,"MAX : 0.350
TARGET : 0.320
MIN : 0.290"
8849,1311,20,2,Distance from edge of PET to edge of print,0.60,0.63,0.66,"MAX : 0.66
TARGET : 0.63
MIN : 0.60"
8849,1311,20,3,Distance between print areas,2.35,2.38,2.41,"MAX : 2.41
TARGET : 2.38
MIN : 2.35"
8849,1311,20,4,Is the print dry and not transferring to the back when wound up?,No(Fail),Yes(Pass),,"MAX : 
TARGET : Yes(Pass)
MIN : No(Fail)"
8849,1311,30,1,Width of PET,3.97,4.00,4.03,"MAX : 4.03
TARGET : 4.00
MIN : 3.97"
8849,1311,30,2,Distance from edge of PET to foil lamination,0.44,0.47,0.50,"MAX : 0.50
TARGET : 0.47
MIN : 0.44"
8849,1311,30,3,Distance between foil laminations,2.53,2.56,2.59,"MAX : 2.59
TARGET : 2.56
MIN : 2.53"
8849,1311,30,4,Is the foil laminated to the print side and partially covering the ink?,No(Fail),Yes(Pass),,"MAX : 
TARGET : Yes(Pass)
MIN : No(Fail)"
8614,1253,20,6,Trailing Leg Length,0.290,0.320,0.350,"MAX : 0.350
TARGET : 0.320
MIN : 0.290"
8624,1976,10,1,Width of roll,2.97,3.00,3.03,"MAX : 3.03
TARGET : 3.00
MIN : 2.97"
8624,1976,10,3,Is the roll wound without gapping or telescoping?,No(Fail),Yes(Pass),,"MAX : 
TARGET : Yes(Pass)
MIN : No(Fail)"
8626,1254,10,2,Width of part - record what you get for trial purposes and to determine tolerance for production runs,,9.00,,"MAX : 
TARGET : 9.00
MIN : "
8842,1304,20,3,Part Spacing,2.1,2.6,3.1,"MAX : 3.1
TARGET : 2.6
MIN : 2.1"
8842,1304,20,4,Datum C to furthest edge of FSA internal shape cut,17.3,17.5,17.7,"MAX : 17.7
TARGET : 17.5
MIN : 17.3"
8842,1304,20,5,Datum C to furthest edge of gasket internal shape cut,18.7,19.0,19.3,"MAX : 19.3
TARGET : 19.0
MIN : 18.7"
8842,1304,20,6,Part length - CRITICAL DIMENSION,35.10,35.50,35.90,"MAX : 35.90
TARGET : 35.50
MIN : 35.10"
8842,1304,20,7,Datum B to closest edge of gasket internal shape cut,1.5,1.8,2.1,"MAX : 2.1
TARGET : 1.8
MIN : 1.5"
8842,1304,20,8,"Datum B to closest edge of FSA internal shape cut
",2.2,2.4,2.6,"MAX : 2.6
TARGET : 2.4
MIN : 2.2"
8842,1304,20,9,Datum B to furthest edge of FSA internal shape cut,18.4,18.6,18.8,"MAX : 18.8
TARGET : 18.6
MIN : 18.4"
8842,1304,20,10,Datum B to furthest edge of gasket internal shape cut,19.7,20.0,20.3,"MAX : 20.3
TARGET : 20.0
MIN : 19.7"
8842,1304,20,11,Part Width - CRITICAL DIMENSION,21.60,22.00,22.40,"MAX : 22.40
TARGET : 22.00
MIN : 21.60"
8842,1304,20,12,Part edge to liner edge,5.0,5.5,6.0,"MAX : 6.0
TARGET : 5.5
MIN : 5.0"
8842,1304,20,13,Edge of tab to edge of liner,5.0,5.5,6.0,"MAX : 6.0
TARGET : 5.5
MIN : 5.0"
8842,1304,20,14,Liner width,37.6,38.1,38.6,"MAX : 38.6
TARGET : 38.1
MIN : 37.6"
8842,1304,20,17,Is the die strike deep enough to remove the matrix but not cut into the liner?,No(Fail),Yes(Pass),,"MAX : 
TARGET : Yes(Pass)
MIN : No(Fail)"
8842,1304,20,16,Does the part pass the Muth Mirror flatness test?,No(Fail),Yes(Pass),,"MAX : 
TARGET : Yes(Pass)
MIN : No(Fail)"
8842,1304,20,15,Overall Thickness,0.97,1.07,1.17,"MAX : 1.17
TARGET : 1.07
MIN : 0.97"
8842,1304,20,18,Is the rough side of the film against the 9495B?,No(Fail),Yes(Pass),,"MAX : 
TARGET : Yes(Pass)
MIN : No(Fail)"
8626,1254,10,1,Length of part - record what you get for trial purposes and to determine tolerance for production runs,,9.00,,"MAX : 
TARGET : 9.00
MIN : "
8637,1255,30,2,Width of part,2.97,3.00,3.03,"MAX : 3.03
TARGET : 3.00
MIN : 2.97"
8843,1305,20,3,Part Spacing,2.1,2.6,3.1,"MAX : 3.1
TARGET : 2.6
MIN : 2.1"
8843,1305,20,4,Datum C to furthest edge of FSA internal shape cut,17.3,17.5,17.7,"MAX : 17.7
TARGET : 17.5
MIN : 17.3"
8843,1305,20,5,Datum C to furthest edge of gasket internal shape cut,18.7,19.0,19.3,"MAX : 19.3
TARGET : 19.0
MIN : 18.7"
8843,1305,20,6,Part length - CRITICAL DIMENSION,35.10,35.50,35.90,"MAX : 35.90
TARGET : 35.50
MIN : 35.10"
8843,1305,20,7,Datum B to closest edge of gasket internal shape cut,1.5,1.8,2.1,"MAX : 2.1
TARGET : 1.8
MIN : 1.5"
8843,1305,20,8,"Datum B to closest edge of FSA internal shape cut
",2.2,2.4,2.6,"MAX : 2.6
TARGET : 2.4
MIN : 2.2"
8843,1305,20,9,Datum B to furthest edge of FSA internal shape cut,18.4,18.6,18.8,"MAX : 18.8
TARGET : 18.6
MIN : 18.4"
8843,1305,20,10,Datum B to furthest edge of gasket internal shape cut,19.7,20.0,20.3,"MAX : 20.3
TARGET : 20.0
MIN : 19.7"
8843,1305,20,11,Part Width - CRITICAL DIMENSION,21.60,22.00,22.40,"MAX : 22.40
TARGET : 22.00
MIN : 21.60"
8843,1305,20,12,Part edge to liner edge,5.0,5.5,6.0,"MAX : 6.0
TARGET : 5.5
MIN : 5.0"
8843,1305,20,13,Edge of tab to edge of liner,5.0,5.5,6.0,"MAX : 6.0
TARGET : 5.5
MIN : 5.0"
8843,1305,20,14,Liner width,37.6,38.1,38.6,"MAX : 38.6
TARGET : 38.1
MIN : 37.6"
8843,1305,20,17,Is the die strike deep enough to remove the matrix but not cut into the liner?,No(Fail),Yes(Pass),,"MAX : 
TARGET : Yes(Pass)
MIN : No(Fail)"
8843,1305,20,16,Does the part pass the Muth Mirror flatness test?,No(Fail),Yes(Pass),,"MAX : 
TARGET : Yes(Pass)
MIN : No(Fail)"
8843,1305,20,15,Overall Thickness,0.97,1.07,1.17,"MAX : 1.17
TARGET : 1.07
MIN : 0.97"
8843,1305,20,18,Is the rough side of the film against the 9495B?,No(Fail),Yes(Pass),,"MAX : 
TARGET : Yes(Pass)
MIN : No(Fail)"
8637,1255,30,1,Length of part,1.47,1.50,1.53,"MAX : 1.53
TARGET : 1.50
MIN : 1.47"
8638,1256,20,2,Width of tab,0.22,0.25,0.28,"MAX : 0.28
TARGET : 0.25
MIN : 0.22"
8844,1306,20,4,Datum C to furthest edge of FSA internal shape cut,18.3,18.5,18.7,"MAX : 18.7
TARGET : 18.5
MIN : 18.3"
8844,1306,20,5,Datum C to furthest edge of gasket internal shape cut,18.7,19.0,19.3,"MAX : 19.3
TARGET : 19.0
MIN : 18.7"
8844,1306,20,6,Part length - CRITICAL DIMENSION,35.10,35.50,35.90,"MAX : 35.90
TARGET : 35.50
MIN : 35.10"
8844,1306,20,8,"Datum B to closest edge of FSA internal shape cut
",1.6,1.8,2.0,"MAX : 2.0
TARGET : 1.8
MIN : 1.6"
8844,1306,20,9,Datum B to furthest edge of FSA internal shape cut,19.3,19.5,19.7,"MAX : 19.7
TARGET : 19.5
MIN : 19.3"
8844,1306,20,10,Datum B to furthest edge of gasket internal shape cut,19.7,20.0,20.3,"MAX : 20.3
TARGET : 20.0
MIN : 19.7"
8844,1306,20,11,Part Width - CRITICAL DIMENSION,21.60,22.00,22.40,"MAX : 22.40
TARGET : 22.00
MIN : 21.60"
8844,1306,20,12,Part edge to liner edge,5.0,5.5,6.0,"MAX : 6.0
TARGET : 5.5
MIN : 5.0"
8844,1306,20,13,Edge of tab to edge of liner,5.0,5.5,6.0,"MAX : 6.0
TARGET : 5.5
MIN : 5.0"
8844,1306,20,14,Liner width,37.6,38.1,38.6,"MAX : 38.6
TARGET : 38.1
MIN : 37.6"
8844,1306,20,17,Is the die strike deep enough to remove the matrix but not cut into the liner?,No(Fail),Yes(Pass),,"MAX : 
TARGET : Yes(Pass)
MIN : No(Fail)"
8844,1306,20,16,Does the part pass the Muth Mirror flatness test?,No(Fail),Yes(Pass),,"MAX : 
TARGET : Yes(Pass)
MIN : No(Fail)"
8844,1306,20,15,Overall Thickness,0.97,1.07,1.17,"MAX : 1.17
TARGET : 1.07
MIN : 0.97"
8844,1306,20,18,Is the rough side of the film against the 9495B?,No(Fail),Yes(Pass),,"MAX : 
TARGET : Yes(Pass)
MIN : No(Fail)"
8638,1256,20,1,Width of adhesive,1.97,2.00,2.03,"MAX : 2.03
TARGET : 2.00
MIN : 1.97"
8638,1256,10,1,Width of liner being slit on lathe or CEI,3.125,3.25,4,"MAX : 4
TARGET : 3.25
MIN : 3.125"
8845,1307,20,4,Datum C to furthest edge of FSA internal shape cut,18.3,18.5,18.7,"MAX : 18.7
TARGET : 18.5
MIN : 18.3"
8845,1307,20,5,Datum C to furthest edge of gasket internal shape cut,18.7,19.0,19.3,"MAX : 19.3
TARGET : 19.0
MIN : 18.7"
8845,1307,20,6,Part length - CRITICAL DIMENSION,35.10,35.50,35.90,"MAX : 35.90
TARGET : 35.50
MIN : 35.10"
8845,1307,20,8,"Datum B to closest edge of FSA internal shape cut
",1.6,1.8,2.0,"MAX : 2.0
TARGET : 1.8
MIN : 1.6"
8845,1307,20,9,Datum B to furthest edge of FSA internal shape cut,19.3,19.5,19.7,"MAX : 19.7
TARGET : 19.5
MIN : 19.3"
8845,1307,20,10,Datum B to furthest edge of gasket internal shape cut,19.7,20.0,20.3,"MAX : 20.3
TARGET : 20.0
MIN : 19.7"
8845,1307,20,11,Part Width - CRITICAL DIMENSION,21.60,22.00,22.40,"MAX : 22.40
TARGET : 22.00
MIN : 21.60"
8845,1307,20,12,Part edge to liner edge,5.0,5.5,6.0,"MAX : 6.0
TARGET : 5.5
MIN : 5.0"
8845,1307,20,13,Edge of tab to edge of liner,5.0,5.5,6.0,"MAX : 6.0
TARGET : 5.5
MIN : 5.0"
8845,1307,20,14,Liner width,37.6,38.1,38.6,"MAX : 38.6
TARGET : 38.1
MIN : 37.6"
8845,1307,20,17,Is the die strike deep enough to remove the matrix but not cut into the liner?,No(Fail),Yes(Pass),,"MAX : 
TARGET : Yes(Pass)
MIN : No(Fail)"
8845,1307,20,16,Does the part pass the Muth Mirror flatness test?,No(Fail),Yes(Pass),,"MAX : 
TARGET : Yes(Pass)
MIN : No(Fail)"
8845,1307,20,15,Overall Thickness,0.97,1.07,1.17,"MAX : 1.17
TARGET : 1.07
MIN : 0.97"
8845,1307,20,18,Is the rough side of the film against the 9495B?,No(Fail),Yes(Pass),,"MAX : 
TARGET : Yes(Pass)
MIN : No(Fail)"
8642,1977,20,2,Distance from edge to score,0.22,0.25,0.28,"MAX : 0.28
TARGET : 0.25
MIN : 0.22"
8642,1977,20,1,Width of roll,2.47,2.50,2.53,"MAX : 2.53
TARGET : 2.50
MIN : 2.47"
8853,1312,10,3,Are the internal cuts cleanly removed without tearing the liner?,No(Fail),Yes(Pass),,"MAX : 
TARGET : Yes(Pass)
MIN : No(Fail)"
8643,1978,10,2,Is the slit edge free of slivers and double cuts?,No(Fail),Yes(Pass),,"MAX : 
TARGET : Yes(Pass)
MIN : No(Fail)"
8643,1978,10,1,Width of roll - See work order for target width,-0.03,Target,+0.03,"MAX : +0.03
TARGET : Target
MIN : -0.03"
8854,1313,10,3,Are the internal cuts cleanly removed without tearing the liner?,No(Fail),Yes(Pass),,"MAX : 
TARGET : Yes(Pass)
MIN : No(Fail)"
8644,1979,10,2,Is the slit edge free of slivers and double cuts?,No(Fail),Yes(Pass),,"MAX : 
TARGET : Yes(Pass)
MIN : No(Fail)"
8644,1979,10,1,Width of roll - See work order for target width,-0.8,Target,+0.8,"MAX : +0.8
TARGET : Target
MIN : -0.8"
8650,1257,10,2,Are the slit edges clean and free of slivers and double cuts?,No(Fail),Yes(Pass),,"MAX : 
TARGET : Yes(Pass)
MIN : No(Fail)"
8650,1257,10,1,Width of slit roll,23.87,24.00,24.13,"MAX : 24.13
TARGET : 24.00
MIN : 23.87"
8848,1310,10,4,Is the print legible and free of print defects?,No(Fail),Yes(Pass),,"MAX : 
TARGET : Yes(Pass)
MIN : No(Fail)"
8848,1310,10,5,Are the centers cleanly ejected?,No(Fail),Yes(Pass),,"MAX : 
TARGET : Yes(Pass)
MIN : No(Fail)"
8848,1310,10,6,Is the die strike deep enough to remove the matrix but not cut into the liner?,No(Fail),Yes(Pass),,"MAX : 
TARGET : Yes(Pass)
MIN : No(Fail)"
8651,1258,20,2,Window Length,2.205,2.220,2.235,"MAX : 2.235
TARGET : 2.220
MIN : 2.205"
8651,1258,20,1,Length,3.185,3.200,3.215,"MAX : 3.215
TARGET : 3.200
MIN : 3.185"
8856,1314,10,3,Is the part clean of cutting debris?,No(Fail),Yes(Pass),,"MAX : 
TARGET : Yes(Pass)
MIN : No(Fail)"
8658,1259,10,3,Is the die strike deep enough to remove the matrix without cutting in to the liner?,No (Fail),Yes (Pass),,"MAX : 
TARGET : Yes (Pass)
MIN : No (Fail)"
8658,1259,10,2,Are the internal die cuts visually centered on the sheet with no parts cut into?,No (Fail),Yes (Pass),,"MAX : 
TARGET : Yes (Pass)
MIN : No (Fail)"
8658,1259,10,1,Does a part fit the approved template?,No (Fail),Yes (Pass),,"MAX : 
TARGET : Yes (Pass)
MIN : No (Fail)"
8857,1998,20,3,Does printing in black match description on the work order?,No(Fail),Yes(Pass),,"MAX : 
TARGET : Yes(Pass)
MIN : No(Fail)"
8857,1998,20,4,Is product in the proper unwind direction (1)? ,No(Fail),Yes(Pass),,"MAX : 
TARGET : Yes(Pass)
MIN : No(Fail)"
8857,1998,20,5,Is printing clear and readable?,No(Fail),Yes(Pass),,"MAX : 
TARGET : Yes(Pass)
MIN : No(Fail)"
8658,1259,10,4,Are all parts present on the finished sheet?  - Check 3 samples at every stop,No (Fail),Yes (Pass),,"MAX : 
TARGET : Yes (Pass)
MIN : No (Fail)"
8663,1261,10,1,Is the die strike deep enough to remove the matrix without cutting in to the liner? - CAR from previous run.,No (Fail),Yes (Pass),,"MAX : 
TARGET : Yes (Pass)
MIN : No (Fail)"
8861,1315,20,2,Is the die strike deep enough to remove the matrix but not cut into the liner?,No(Fail),Yes(Pass),,"MAX : 
TARGET : Yes(Pass)
MIN : No(Fail)"
8663,1261,10,3,Are the internal die cuts visually centered on the sheet with no parts cut into?,No (Fail),Yes (Pass),,"MAX : 
TARGET : Yes (Pass)
MIN : No (Fail)"
8663,1261,10,2,Does the sheet fit the approved template?,No (Fail),Yes (Pass),,"MAX : 
TARGET : Yes (Pass)
MIN : No (Fail)"
7786,1150,20,4,Diameter of circle - Web direction off liner,105.3,106.0,106.7,"MAX : 106.7
TARGET : 106.0
MIN : 105.3"
8664,1980,10,5,Is the die strike deep enough to remove the matrix but not cut into the liner?,No(Fail),Yes(Pass),,"MAX : 
TARGET : Yes(Pass)
MIN : No(Fail)"
8664,1980,10,3,Distance from edge of liner to edge of part,0.095,0.110,0.125,"MAX : 0.125
TARGET : 0.110
MIN : 0.095"
8664,1980,10,1,Diameter of circle,0.767,0.787,0.807,"MAX : 0.807
TARGET : 0.787
MIN : 0.767"
8869,1319,10,3,Total Part Length ,8.65,8.80,8.95,"MAX : 8.95
TARGET : 8.80
MIN : 8.65"
8869,1319,10,4,Total Repeat,12.55,12.80,13.05,"MAX : 13.05
TARGET : 12.80
MIN : 12.55"
8869,1319,10,5,"Edge of liner to Edge of part - Tab side
Note- part is not centered on liner",10.84,11.09,11.34,"MAX : 11.34
TARGET : 11.09
MIN : 10.84"
8869,1319,10,6,Die Strike Check. Does liner slit when bent back Away from silicone at die strike?,,No (Pass),Yes (Fail),"MAX : Yes (Fail)
TARGET : No (Pass)
MIN : "
8869,1319,10,7,Is there any trace of the PVC tape left on the adhesive side of the product?,,No (Pass),Yes (Fail),"MAX : Yes (Fail)
TARGET : No (Pass)
MIN : "
8869,1319,10,8,Does Product Pass Liner Release Test?,No (Fail),Yes (Fail),,"MAX : 
TARGET : Yes (Fail)
MIN : No (Fail)"
8869,1319,10,9,Are there scratches or defects present on Delivery liner when put on press.,,No (Pass),Yes (Fail),"MAX : Yes (Fail)
TARGET : No (Pass)
MIN : "
8664,1980,10,6,Are preforms complete without a cropped edge and with liner extended on each side?,No(Fail),Yes(Pass),,"MAX : 
TARGET : Yes(Pass)
MIN : No(Fail)"
8664,1980,10,8,Were supplier splices present in the raw material used or was a roll of raw material changed within this sampling period?,No,Yes,,"MAX : 
TARGET : Yes
MIN : No"
8870,1320,10,1,Distance to far edge of notch,9.15,9.40,9.65,"MAX : 9.65
TARGET : 9.40
MIN : 9.15"
8870,1320,10,5,"Tab Width
(Reference Dimension)",6.00,6.50,7.00,"MAX : 7.00
TARGET : 6.50
MIN : 6.00"
8870,1320,10,4,Total adhesive Width ,5.80,6.05,6.30,"MAX : 6.30
TARGET : 6.05
MIN : 5.80"
8870,1320,10,9,Liner Width on NON-TAB side ,6.15,6.40,6.65,"MAX : 6.65
TARGET : 6.40
MIN : 6.15"
8870,1320,10,10,"Liner Width on Tab Side
(Reference Dimension)",6.15,6.40,6.65,"MAX : 6.65
TARGET : 6.40
MIN : 6.15"
8870,1320,10,8,"Total Liner Width 
(Measure at set-up and blade change)",25.20,25.35,25.50,"MAX : 25.50
TARGET : 25.35
MIN : 25.20"
8870,1320,10,7,Total Repeat ,16.85,17.10,17.35,"MAX : 17.35
TARGET : 17.10
MIN : 16.85"
8870,1320,10,11,Are there scratches or defects present on Delivery liner when put on press.,Yes(Fail),No(Pass),,"MAX : 
TARGET : No(Pass)
MIN : Yes(Fail)"
8870,1320,10,12,Die Strike Test at tab: Is the die strike at the tab deep enough but not to deep to cause the liner to split.,Yes(Fail),No(Pass),,"MAX : 
TARGET : No(Pass)
MIN : Yes(Fail)"
8870,1320,10,13,Liner release test,,Pass,Fail,"MAX : Fail
TARGET : Pass
MIN : "
8870,1320,10,14,Is there any PVC present on adhesive side of die cut?,Yes(Fail),No(Pass),,"MAX : 
TARGET : No(Pass)
MIN : Yes(Fail)"
8870,1320,10,3,Length of part,12.95,13.10,13.25,"MAX : 13.25
TARGET : 13.10
MIN : 12.95"
8664,1980,10,7,Are all rolls free of stacked parts? (see photo in job jacket for reference),No (fail),Yes (pass),,"MAX : 
TARGET : Yes (pass)
MIN : No (fail)"
8664,1980,10,9,If yes to the above;  was the web monitored at the transition to assure no mis-cuts were included in the finished product?,No (fail),Yes (pass),,"MAX : 
TARGET : Yes (pass)
MIN : No (fail)"
8862,1316,20,3,Width of part,1.920,1.950,1.980,"MAX : 1.980
TARGET : 1.950
MIN : 1.920"
8862,1316,20,4,Are the holes cleanly ejected?,No(Fail),Yes(Pass),,"MAX : 
TARGET : Yes(Pass)
MIN : No(Fail)"
8862,1316,20,5,Is the score deep enough to remove the adhesive but not cut into the liner?,No(Fail),Yes(Pass),,"MAX : 
TARGET : Yes(Pass)
MIN : No(Fail)"
8862,1316,20,6,Is the die strike deep enough to remove the matrix but not cut into the liner?,No(Fail),Yes(Pass),,"MAX : 
TARGET : Yes(Pass)
MIN : No(Fail)"
8665,1262,10,2,Is the tape laminated to the medium release side of the liner?,No(Fail),Yes(Pass),,"MAX : 
TARGET : Yes(Pass)
MIN : No(Fail)"
8665,1262,10,1,Width of tape,23.75,24.00,24.25,"MAX : 24.25
TARGET : 24.00
MIN : 23.75"
8871,1321,20,3,Width of non-adhesive area,5,6,7,"MAX : 7
TARGET : 6
MIN : 5"
8871,1321,20,4,Is the die strike deep enough to remove the matrix but not cut into the liner?,No(Fail),Yes(Pass),,"MAX : 
TARGET : Yes(Pass)
MIN : No(Fail)"
8668,1263,20,2,Width of part,12.10,12.60,13.10,"MAX : 13.10
TARGET : 12.60
MIN : 12.10"
8668,1263,20,1,Length of part,6.10,6.60,7.10,"MAX : 7.10
TARGET : 6.60
MIN : 6.10"
8872,1322,20,3,Width of non-adhesive area,34,35,36,"MAX : 36
TARGET : 35
MIN : 34"
8872,1322,20,5,Is the die strike deep enough to remove the matrix but not cut into the liner?,No(Fail),Yes(Pass),,"MAX : 
TARGET : Yes(Pass)
MIN : No(Fail)"
8669,1264,20,2,Width of part,6.60,7.10,7.60,"MAX : 7.60
TARGET : 7.10
MIN : 6.60"
8669,1264,20,1,Length of part,5.00,5.50,6.00,"MAX : 6.00
TARGET : 5.50
MIN : 5.00"
8875,1323,20,2,Width of foam,1.95,2.00,2.05,"MAX : 2.05
TARGET : 2.00
MIN : 1.95"
8875,1323,20,3,Is the foam visually centered on the liner?,No(Fail),Yes(Pass),,"MAX : 
TARGET : Yes(Pass)
MIN : No(Fail)"
8875,1323,20,4,Is the butt cut deep enough to remove parts but not cut into the liner?,No(Fail),Yes(Pass),,"MAX : 
TARGET : Yes(Pass)
MIN : No(Fail)"
8673,1981,10,2,Is the roll wound without gapping or telescoping?,No (fail),Yes (pass),,"MAX : 
TARGET : Yes (pass)
MIN : No (fail)"
8673,1981,10,1,Slit Width,0.22,0.25,0.28,"MAX : 0.28
TARGET : 0.25
MIN : 0.22"
8675,1265,10,17,Material Thickness,0.0105,0.0120,0.0135,"MAX : 0.0135
TARGET : 0.0120
MIN : 0.0105"
8675,1265,10,11,"Diameter of small holes
(Do all small holes read in spec, per the Keyence program?)",No(Fail),Yes(Pass),,"MAX : 
TARGET : Yes(Pass)
MIN : No(Fail)"
8675,1265,10,19,Do small holes have slits?,No(fail),Yes(Pass),,"MAX : 
TARGET : Yes(Pass)
MIN : No(fail)"
8675,1265,10,12,"Diameter of large holes
(Do all large holes read in spec, per the Keyence program?)",No(Fail),Yes(Pass),,"MAX : 
TARGET : Yes(Pass)
MIN : No(Fail)"
8679,1982,10,2,Is the slit edge free of slivers and other slitting debris?,No(Fail),Yes(Pass),,"MAX : 
TARGET : Yes(Pass)
MIN : No(Fail)"
8679,1982,10,1,Width of tape,1.94,2.00,2.06,"MAX : 2.06
TARGET : 2.00
MIN : 1.94"
8680,1983,10,2,Is the slit edge free of slivers and double cuts?,No(Fail),Yes(Pass),,"MAX : 
TARGET : Yes(Pass)
MIN : No(Fail)"
8884,1324,20,2,Width of adhesive,45,46,47,"MAX : 47
TARGET : 46
MIN : 45"
8884,1324,20,3,Length of adhesive,37,38,39,"MAX : 39
TARGET : 38
MIN : 37"
8884,1324,20,5,Is the score deep enough to remove the adhesive but not cut into the liner?,No(Fail),Yes(Pass),,"MAX : 
TARGET : Yes(Pass)
MIN : No(Fail)"
8884,1324,20,6,Is the die strike deep enough to remove the parts but not cut into the liner?,No(Fail),Yes(Pass),,"MAX : 
TARGET : Yes(Pass)
MIN : No(Fail)"
8884,1324,20,7,Is adhesive laminated to release side of film liner?,No(Fail),Yes(Pass),,"MAX : 
TARGET : Yes(Pass)
MIN : No(Fail)"
8884,1324,20,4,Is the part visually centered on the liner?,No(Fail),Yes(Pass),,"MAX : 
TARGET : Yes(Pass)
MIN : No(Fail)"
8680,1983,10,1,Width of slit roll,1.22,1.25,1.28,"MAX : 1.28
TARGET : 1.25
MIN : 1.22"
8689,1266,20,2,Width of tab,0.22,0.25,0.28,"MAX : 0.28
TARGET : 0.25
MIN : 0.22"
8887,2002,10,2,Does the perf tear easily?,No (Fail),Yes (Pass),,"MAX : 
TARGET : Yes (Pass)
MIN : No (Fail)"
8887,2002,20,2,Is the roll wound without gapping or telescoping?,No (Fail),Yes (Pass),,"MAX : 
TARGET : Yes (Pass)
MIN : No (Fail)"
8689,1266,20,1,Width of adhesive,0.72,0.75,0.78,"MAX : 0.78
TARGET : 0.75
MIN : 0.72"
8691,1267,20,4,Width of window,40.13,40.38,40.63,"MAX : 40.63
TARGET : 40.38
MIN : 40.13"
8888,1325,20,3,"Is the die strike deep enough to remove the matrix, but not cut into the liner?",No(Fail),Yes(Pass),,"MAX : 
TARGET : Yes(Pass)
MIN : No(Fail)"
8691,1267,20,3,Width of part,44.38,44.88,45.38,"MAX : 45.38
TARGET : 44.88
MIN : 44.38"
8691,1267,20,6,Is the die strike deep enough to remove the matrix but not cut into the liner?,No(Fail),Yes(Pass),,"MAX : 
TARGET : Yes(Pass)
MIN : No(Fail)"
8876,1999,10,3,Is rewind direction #2 as shown on drawing?,No(Fail),Yes(Pass),,"MAX : 
TARGET : Yes(Pass)
MIN : No(Fail)"
8692,1268,20,2,Width of part,3.70,4.00,4.30,"MAX : 4.30
TARGET : 4.00
MIN : 3.70"
8692,1268,20,1,Length of part,3.70,4.00,4.30,"MAX : 4.30
TARGET : 4.00
MIN : 3.70"
8878,2000,10,3,Is rewind direction #2 as shown on drawing?,No(Fail),Yes(Pass),,"MAX : 
TARGET : Yes(Pass)
MIN : No(Fail)"
8693,1269,10,18,Diameter of small holes,0.420,0.425,0.430,"MAX : 0.430
TARGET : 0.425
MIN : 0.420"
8693,1269,10,13,Distance from right-side big hole to 9th small hole.,7.492,7.497,7.502,"MAX : 7.502
TARGET : 7.497
MIN : 7.492"
8879,2001,10,3,Is rewind direction #2 as shown on drawing?,No(Fail),Yes(Pass),,"MAX : 
TARGET : Yes(Pass)
MIN : No(Fail)"
8693,1269,10,17,Diameter of large holes,0.495,0.500,0.505,"MAX : 0.505
TARGET : 0.500
MIN : 0.495"
8693,1269,10,15,Distance from big hole to big hole.,9.74,9.75,9.76,"MAX : 9.76
TARGET : 9.75
MIN : 9.74"
8891,1326,10,3,Is the finished roll a #1 rewind direction?,No(Fail),Yes(Pass),,"MAX : 
TARGET : Yes(Pass)
MIN : No(Fail)"
8891,1326,20,1,Length of part,1.47,1.50,1.53,"MAX : 1.53
TARGET : 1.50
MIN : 1.47"
8891,1326,20,2,Width of part,3.97,4.00,4.03,"MAX : 4.03
TARGET : 4.00
MIN : 3.97"
8891,1326,20,3,Distance from point of liner to point of part,0.09,0.12,0.15,"MAX : 0.15
TARGET : 0.12
MIN : 0.09"
8891,1326,20,4,Are the three die cut parts visually centered on the sheet?,No(Fail),Yes(Pass),,"MAX : 
TARGET : Yes(Pass)
MIN : No(Fail)"
8891,1326,20,5,Is the score deep enough to remove the liner but not cut through the adhesive?,No(Fail),Yes(Pass),,"MAX : 
TARGET : Yes(Pass)
MIN : No(Fail)"
8891,1326,20,6,Is the die strike deep enough to remove the matrix but not cut into the liner?,No(Fail),Yes(Pass),,"MAX : 
TARGET : Yes(Pass)
MIN : No(Fail)"
8891,1326,20,7,Can all three parts be removed cleanly without hanging up on another part?,No(Fail),Yes(Pass),,"MAX : 
TARGET : Yes(Pass)
MIN : No(Fail)"
8891,1326,20,8,"When holding the part with the ""point"" up is the print right side up?",No(Fail),Yes(Pass),,"MAX : 
TARGET : Yes(Pass)
MIN : No(Fail)"
8707,1270,20,2,Diameter of foam,1.22,1.25,1.28,"MAX : 1.28
TARGET : 1.25
MIN : 1.22"
8707,1270,20,1,Diameter of adhesive hole,0.890,0.920,0.950,"MAX : 0.950
TARGET : 0.920
MIN : 0.890"
8892,1327,10,3,Is the finished roll a #1 rewind direction?,No(Fail),Yes(Pass),,"MAX : 
TARGET : Yes(Pass)
MIN : No(Fail)"
8892,1327,20,1,Length of part,1.47,1.50,1.53,"MAX : 1.53
TARGET : 1.50
MIN : 1.47"
8892,1327,20,2,Width of part,3.97,4.00,4.03,"MAX : 4.03
TARGET : 4.00
MIN : 3.97"
8892,1327,20,3,Distance from point of liner to point of part,0.09,0.12,0.15,"MAX : 0.15
TARGET : 0.12
MIN : 0.09"
8892,1327,20,4,Are the three die cut parts visually centered on the sheet?,No(Fail),Yes(Pass),,"MAX : 
TARGET : Yes(Pass)
MIN : No(Fail)"
8892,1327,20,5,Is the score deep enough to remove the liner but not cut through the adhesive?,No(Fail),Yes(Pass),,"MAX : 
TARGET : Yes(Pass)
MIN : No(Fail)"
8892,1327,20,6,Is the die strike deep enough to remove the matrix but not cut into the liner?,No(Fail),Yes(Pass),,"MAX : 
TARGET : Yes(Pass)
MIN : No(Fail)"
8892,1327,20,7,Can all three parts be removed cleanly without hanging up on another part?,No(Fail),Yes(Pass),,"MAX : 
TARGET : Yes(Pass)
MIN : No(Fail)"
8892,1327,20,8,"When holding the part with the ""point"" up is the print right side up?",No(Fail),Yes(Pass),,"MAX : 
TARGET : Yes(Pass)
MIN : No(Fail)"
8707,1270,20,3,Length of Liner,1.625,1.750,1.875,"MAX : 1.875
TARGET : 1.750
MIN : 1.625"
8707,1270,20,4,Width of Liner,1.625,1.750,1.875,"MAX : 1.875
TARGET : 1.750
MIN : 1.625"
8893,1328,10,2,Width of part,0.090,0.100,0.110,"MAX : 0.110
TARGET : 0.100
MIN : 0.090"
8715,1984,10,1,Width of finished tape,0.835,0.866,0.897,"MAX : 0.897
TARGET : 0.866
MIN : 0.835"
8717,1271,30,2,Is the print clear and legible?,No(Fail),Yes(Pass),,"MAX : 
TARGET : Yes(Pass)
MIN : No(Fail)"
8897,1329,10,3,Are the slit edges free of slivers and double cuts?,No(Fail),Yes(Pass),,"MAX : 
TARGET : Yes(Pass)
MIN : No(Fail)"
8897,1329,10,4,Are the rolls wound without telescoping?,No(Fail),Yes(Pass),,"MAX : 
TARGET : Yes(Pass)
MIN : No(Fail)"
8897,1329,20,1,Length of small part,1.08,1.11,1.14,"MAX : 1.14
TARGET : 1.11
MIN : 1.08"
8897,1329,20,3,Width of small adhesive,1.39,1.42,1.45,"MAX : 1.45
TARGET : 1.42
MIN : 1.39"
8897,1329,20,5,Is the score deep enough to remove the adhesive but not cut into the liner?,No(Fail),Yes(Pass),,"MAX : 
TARGET : Yes(Pass)
MIN : No(Fail)"
8897,1329,20,6,Is the die strike deep enough to remove the matrix but not cut into the liner?,No(Fail),Yes(Pass),,"MAX : 
TARGET : Yes(Pass)
MIN : No(Fail)"
8897,1329,20,7,Does the perf tear cleanly without ripping into the non-perf area?,No(Fail),Yes(Pass),,"MAX : 
TARGET : Yes(Pass)
MIN : No(Fail)"
8897,1329,20,2,Length of large part,1.33,1.36,1.39,"MAX : 1.39
TARGET : 1.36
MIN : 1.33"
8897,1329,20,4,Width of large adhesive,1.45,1.48,1.51,"MAX : 1.51
TARGET : 1.48
MIN : 1.45"
8717,1271,30,1,"Print repeat - Critical it is not long, short is fine",1.73,1.75,1.77,"MAX : 1.77
TARGET : 1.75
MIN : 1.73"
8717,1271,40,3,"Distance from edge of filter paper to edge of part (neck area, in web direction)",0.07,0.13,0.19,"MAX : 0.19
TARGET : 0.13
MIN : 0.07"
8717,1271,40,6,Distance from the #6's printed line to edge of filter paper (cross-web),0.10,0.13,0.16,"MAX : 0.16
TARGET : 0.13
MIN : 0.10"
8898,1330,20,3,Part Spacing,28.1,28.6,29.1,"MAX : 29.1
TARGET : 28.6
MIN : 28.1"
8898,1330,20,4,Datum C to furthest edge of FSA internal shape cut,9.9,10.1,10.3,"MAX : 10.3
TARGET : 10.1
MIN : 9.9"
8898,1330,20,5,Datum C to furthest edge of gasket internal shape cut,11.3,11.6,11.9,"MAX : 11.9
TARGET : 11.6
MIN : 11.3"
8898,1330,20,6,Part length - CRITICAL DIMENSION,23.10,23.50,23.90,"MAX : 23.90
TARGET : 23.50
MIN : 23.10"
8898,1330,20,7,Datum B to closest edge of gasket internal shape cut,1.7,2.0,2.3,"MAX : 2.3
TARGET : 2.0
MIN : 1.7"
8898,1330,20,8,"Datum B to closest edge of FSA internal shape cut
",2.0,2.2,2.4,"MAX : 2.4
TARGET : 2.2
MIN : 2.0"
8898,1330,20,9,Datum B to furthest edge of FSA internal shape cut,18.8,19.0,19.2,"MAX : 19.2
TARGET : 19.0
MIN : 18.8"
8898,1330,20,10,Datum B to furthest edge of gasket internal shape cut,20.2,20.5,20.8,"MAX : 20.8
TARGET : 20.5
MIN : 20.2"
8898,1330,20,11,Part Width - CRITICAL DIMENSION,22.10,22.50,22.90,"MAX : 22.90
TARGET : 22.50
MIN : 22.10"
8898,1330,20,12,Part edge to liner edge,4.8,5.3,5.8,"MAX : 5.8
TARGET : 5.3
MIN : 4.8"
8898,1330,20,13,Edge of tab to edge of liner,4.8,5.3,5.8,"MAX : 5.8
TARGET : 5.3
MIN : 4.8"
8898,1330,20,14,Liner width,37.6,38.1,38.6,"MAX : 38.6
TARGET : 38.1
MIN : 37.6"
8898,1330,20,17,Is the die strike deep enough to remove the matrix but not cut into the liner?,No(Fail),Yes(Pass),,"MAX : 
TARGET : Yes(Pass)
MIN : No(Fail)"
8898,1330,20,16,Does the part pass the Muth Mirror flatness test?,No(Fail),Yes(Pass),,"MAX : 
TARGET : Yes(Pass)
MIN : No(Fail)"
8898,1330,20,15,Overall Thickness,0.97,1.07,1.17,"MAX : 1.17
TARGET : 1.07
MIN : 0.97"
8898,1330,20,18,Is the rough side of the film against the 9495B?,No(Fail),Yes(Pass),,"MAX : 
TARGET : Yes(Pass)
MIN : No(Fail)"
8719,1985,10,2,Is the slit edge free of slivers and double cuts?,No(Fail),Yes(Pass),,"MAX : 
TARGET : Yes(Pass)
MIN : No(Fail)"
8719,1985,10,1,Width of roll,11.47,11.50,11.53,"MAX : 11.53
TARGET : 11.50
MIN : 11.47"
8899,1331,20,3,Part Spacing,28.1,28.6,29.1,"MAX : 29.1
TARGET : 28.6
MIN : 28.1"
8899,1331,20,4,Datum C to furthest edge of FSA internal shape cut,9.9,10.1,10.3,"MAX : 10.3
TARGET : 10.1
MIN : 9.9"
8899,1331,20,5,Datum C to furthest edge of gasket internal shape cut,11.3,11.6,11.9,"MAX : 11.9
TARGET : 11.6
MIN : 11.3"
8899,1331,20,6,Part length - CRITICAL DIMENSION,23.10,23.50,23.90,"MAX : 23.90
TARGET : 23.50
MIN : 23.10"
8899,1331,20,7,Datum B to closest edge of gasket internal shape cut,1.7,2.0,2.3,"MAX : 2.3
TARGET : 2.0
MIN : 1.7"
8899,1331,20,8,"Datum B to closest edge of FSA internal shape cut
",2.0,2.2,2.4,"MAX : 2.4
TARGET : 2.2
MIN : 2.0"
8899,1331,20,9,Datum B to furthest edge of FSA internal shape cut,18.8,19.0,19.2,"MAX : 19.2
TARGET : 19.0
MIN : 18.8"
8899,1331,20,10,Datum B to furthest edge of gasket internal shape cut,20.2,20.5,20.8,"MAX : 20.8
TARGET : 20.5
MIN : 20.2"
8899,1331,20,11,Part Width - CRITICAL DIMENSION,22.10,22.50,22.90,"MAX : 22.90
TARGET : 22.50
MIN : 22.10"
8899,1331,20,12,Part edge to liner edge,4.8,5.3,5.8,"MAX : 5.8
TARGET : 5.3
MIN : 4.8"
8899,1331,20,13,Edge of tab to edge of liner,4.8,5.3,5.8,"MAX : 5.8
TARGET : 5.3
MIN : 4.8"
8899,1331,20,14,Liner width,37.6,38.1,38.6,"MAX : 38.6
TARGET : 38.1
MIN : 37.6"
8899,1331,20,17,Is the die strike deep enough to remove the matrix but not cut into the liner? ,No(Fail),Yes(Pass),,"MAX : 
TARGET : Yes(Pass)
MIN : No(Fail)"
8899,1331,20,16,Does the part pass the Muth Mirror flatness test?,No(Fail),Yes(Pass),,"MAX : 
TARGET : Yes(Pass)
MIN : No(Fail)"
8899,1331,20,15,Overall Thickness,0.97,1.07,1.17,"MAX : 1.17
TARGET : 1.07
MIN : 0.97"
8899,1331,20,18,Is the rough side of the film against the 9495B?  ,No(Fail),Yes(Pass),,"MAX : 
TARGET : Yes(Pass)
MIN : No(Fail)"
8725,1272,20,1,Length of part,3.41,3.44,3.47,"MAX : 3.47
TARGET : 3.44
MIN : 3.41"
8725,1272,20,3,Does the finished part match the drawing?,No(Fail),Yes(Pass),,"MAX : 
TARGET : Yes(Pass)
MIN : No(Fail)"
8726,1273,10,2,Cut a part in half in the web direction.  Is the PET RFID tag completely within the VHB?,No(Fail),Yes(Pass),,"MAX : 
TARGET : Yes(Pass)
MIN : No(Fail)"
8726,1273,10,1,Diameter of part,1.22,1.25,1.28,"MAX : 1.28
TARGET : 1.25
MIN : 1.22"
8866,1317,20,1,Width of slit roll,0.659,0.669,0.679,"MAX : 0.679
TARGET : 0.669
MIN : 0.659"
8866,1317,20,2,Is the slit roll wound without gapping or telescoping?,No(fail),Yes(Pass),,"MAX : 
TARGET : Yes(Pass)
MIN : No(fail)"
8866,1317,20,3,Is the slit roll labeled per the labeling protocol?,No(Fail),Yes(Pass),,"MAX : 
TARGET : Yes(Pass)
MIN : No(Fail)"
8866,1317,30,3,Is the roll wound with the gold out?,No(Fail),Yes(Pass),,"MAX : 
TARGET : Yes(Pass)
MIN : No(Fail)"
8866,1317,30,1,Outside diameter measured on the flat side,13.550,13.600,13.630,"MAX : 13.630
TARGET : 13.600
MIN : 13.550"
8866,1317,30,2,Width of wound roll - include any layer to layer weave,0.660,0.670,0.720,"MAX : 0.720
TARGET : 0.670
MIN : 0.660"
8727,1274,20,2,Length of lead leg,2.05,2.20,2.35,"MAX : 2.35
TARGET : 2.20
MIN : 2.05"
8727,1274,20,1,Length of part,10.15,10.30,10.45,"MAX : 10.45
TARGET : 10.30
MIN : 10.15"
8867,1318,10,3,Diameter of holes,0.235,0.265,0.295,"MAX : 0.295
TARGET : 0.265
MIN : 0.235"
8867,1318,10,4,Distance from notch edge to center of middle hole,1.22,1.25,1.28,"MAX : 1.28
TARGET : 1.25
MIN : 1.22"
8867,1318,10,5,Distance from middle of center hole to middle of notch side hole,0.97,1.00,1.03,"MAX : 1.03
TARGET : 1.00
MIN : 0.97"
8867,1318,10,6,Distance from middle of center hole to middle of straight side hole,0.97,1.00,1.03,"MAX : 1.03
TARGET : 1.00
MIN : 0.97"
8867,1318,10,7,Distance from side to center of holes (3 in a row),0.345,0.375,0.405,"MAX : 0.405
TARGET : 0.375
MIN : 0.345"
8867,1318,10,8,Distance from side to center of holes (2 in a row),0.75,0.78,0.81,"MAX : 0.81
TARGET : 0.78
MIN : 0.75"
8867,1318,10,9,Are the holes cleanly removed?,No(Fail),Yes(Pass),,"MAX : 
TARGET : Yes(Pass)
MIN : No(Fail)"
8728,1275,20,2,Width of Part,2.97,3.00,3.03,"MAX : 3.03
TARGET : 3.00
MIN : 2.97"
8728,1275,20,1,Length of Part,1.47,1.50,1.53,"MAX : 1.53
TARGET : 1.50
MIN : 1.47"
8730,1986,10,2,Is the slit edge free of slivers and double cuts?,No(Fail),Yes(Pass),,"MAX : 
TARGET : Yes(Pass)
MIN : No(Fail)"
8730,1986,10,1,Width of roll,23,24,25,"MAX : 25
TARGET : 24
MIN : 23"
8902,2003,10,3,Is rewind direction #2 as shown on drawing?,No(Fail),Yes(Pass),,"MAX : 
TARGET : Yes(Pass)
MIN : No(Fail)"
8733,1276,20,2,Inside diameter of part,2.205,2.220,2.235,"MAX : 2.235
TARGET : 2.220
MIN : 2.205"
8733,1276,20,4,Overlaminate ID Concentricity,,0,0.030,"MAX : 0.030
TARGET : 0
MIN : "
8904,2005,10,3,Is rewind direction #2 as shown on drawing?,No(Fail),Yes(Pass),,"MAX : 
TARGET : Yes(Pass)
MIN : No(Fail)"
8733,1276,20,1,Diameter of part,3.600,3.625,3.650,"MAX : 3.650
TARGET : 3.625
MIN : 3.600"
8733,1276,20,3,Overlaminate ID,2.695,2.720,2.745,"MAX : 2.745
TARGET : 2.720
MIN : 2.695"
8905,2006,10,3,Is rewind direction #2 as shown on drawing?,No(Fail),Yes(Pass),,"MAX : 
TARGET : Yes(Pass)
MIN : No(Fail)"
8733,1276,10,1,Width of slit roll,7.875,8.10,8.25,"MAX : 8.25
TARGET : 8.10
MIN : 7.875"
8733,1276,20,7,"Are parts free of dust, dirt, and debris?
to include particulate trapped between overlam and hips, on surface, or in or on adhesive.",No(Fail),Yes(Pass),,"MAX : 
TARGET : Yes(Pass)
MIN : No(Fail)"
8906,2007,10,3,Is rewind direction #4 as shown on drawing?,No(Fail),Yes(Pass),,"MAX : 
TARGET : Yes(Pass)
MIN : No(Fail)"
8733,1276,10,2,Is the slit roll wound without gapping or telescoping?,No(Fail),Yes(Pass),,"MAX : 
TARGET : Yes(Pass)
MIN : No(Fail)"
8738,1277,20,2,Distance from flat edge to center of large radius - See drawing.,0.65,0.66,0.67,"MAX : 0.67
TARGET : 0.66
MIN : 0.65"
8664,1980,10,2,Part repeat,0.935,0.950,0.965,"MAX : 0.965
TARGET : 0.950
MIN : 0.935"
8738,1277,20,1,Distance from flat edge to center of small radius - See drawing.,0.59,0.60,0.61,"MAX : 0.61
TARGET : 0.60
MIN : 0.59"
8738,1277,30,1,Is the part evenly coated with two coats of black paint?,No(Fail),Yes(Pass),,"MAX : 
TARGET : Yes(Pass)
MIN : No(Fail)"
8738,1277,30,2,Is the paint dry?,No(Fail),Yes(Pass),,"MAX : 
TARGET : Yes(Pass)
MIN : No(Fail)"
8903,2004,10,3,Is rewind direction #4 as shown on drawing?,No(Fail),Yes(Pass),,"MAX : 
TARGET : Yes(Pass)
MIN : No(Fail)"
8740,1987,10,2,Width of extended liner on operator side,0.375,0.500,0.625,"MAX : 0.625
TARGET : 0.500
MIN : 0.375"
8740,1987,10,1,Width of adhesive ,14.875,15.000,15.125,"MAX : 15.125
TARGET : 15.000
MIN : 14.875"
8921,1338,10,3,"Is the score deep enough to remove the liner strip, but not cut into the UHMW?",No(Fail),Yes(Pass),,"MAX : 
TARGET : Yes(Pass)
MIN : No(Fail)"
8747,1278,10,2,Is the print clean and free of defects?,No(Fail),Yes(Pass),,"MAX : 
TARGET : Yes(Pass)
MIN : No(Fail)"
8747,1278,10,1,Diameter of part,1.220,1.250,1.280,"MAX : 1.280
TARGET : 1.250
MIN : 1.220"
8922,1339,10,3,Distance from edge to score,3.35,6.35,9.35,"MAX : 9.35
TARGET : 6.35
MIN : 3.35"
8750,1988,10,2,Is printing clear and readable?,No(Fail),Yes(Pass),,"MAX : 
TARGET : Yes(Pass)
MIN : No(Fail)"
8750,1988,10,1,Width of finished product?,0.45,0.50,0.55,"MAX : 0.55
TARGET : 0.50
MIN : 0.45"
8924,1341,20,3,Is the butt cut deep enough to separate the parts but not cut into the liner?,No(Fail),Yes(Pass),,"MAX : 
TARGET : Yes(Pass)
MIN : No(Fail)"
8751,1279,20,2,Width of part,2.470,2.500,2.530,"MAX : 2.530
TARGET : 2.500
MIN : 2.470"
8751,1279,20,1,Length of part,0.94,1.00,1.06,"MAX : 1.06
TARGET : 1.00
MIN : 0.94"
8931,2010,20,2,Is the adhesive laminated to the release side of the liner?,No(Fail),Yes(Pass),,"MAX : 
TARGET : Yes(Pass)
MIN : No(Fail)"
8751,1279,20,7,"Torque setting for tool recorded above.
Truck assembly must be used with fine thread bolts.  Starting setting should be 75 in/lbs",,,,"MAX : 
TARGET : 
MIN : "
8751,1279,20,6,One roll from every fourth set - a tool repeat (10 around) checked every 50 feet offline.  Are all cuts complete with liner intact?,No (Fail),Yes (Pass),,"MAX : 
TARGET : Yes (Pass)
MIN : No (Fail)"
8919,1337,20,3,Trailing edge leg,0.085,0.100,0.115,"MAX : 0.115
TARGET : 0.100
MIN : 0.085"
8919,1337,20,4,Width of part,2.145,2.160,2.175,"MAX : 2.175
TARGET : 2.160
MIN : 2.145"
8919,1337,20,4,Width of gear side leg,0.285,0.300,0.315,"MAX : 0.315
TARGET : 0.300
MIN : 0.285"
8919,1337,20,5,Width of operator side leg,0.285,0.300,0.315,"MAX : 0.315
TARGET : 0.300
MIN : 0.285"
8919,1337,20,6,Is the first die die strike deep enough to remove the slug but cut into the paper liner?,No(Fail),Yes(Pass),,"MAX : 
TARGET : Yes(Pass)
MIN : No(Fail)"
8919,1337,20,7,Is the die strike deep enough to remove the matrix but not cut into the PET liner?,No(Fail),Yes(Pass),,"MAX : 
TARGET : Yes(Pass)
MIN : No(Fail)"
8755,1280,10,2,Width of part,2.47,2.50,2.53,"MAX : 2.53
TARGET : 2.50
MIN : 2.47"
8755,1280,10,1,Length of part,5.72,5.75,5.78,"MAX : 5.78
TARGET : 5.75
MIN : 5.72"
8939,1343,10,3,Is the die strike deep enough to remove the matrix but not cut into the liner?,No(Fail),Yes(Pass),,"MAX : 
TARGET : Yes(Pass)
MIN : No(Fail)"
8939,1343,10,4,Is the perf visually centered between the two labels?,No(Fail),Yes(Pass),,"MAX : 
TARGET : Yes(Pass)
MIN : No(Fail)"
8756,1281,10,2,Width of part,2.47,2.50,2.53,"MAX : 2.53
TARGET : 2.50
MIN : 2.47"
8756,1281,10,1,Length of part,5.72,5.75,5.78,"MAX : 5.78
TARGET : 5.75
MIN : 5.72"
8757,1989,20,2,Width of KPT-2,1.605,1.625,1.645,"MAX : 1.645
TARGET : 1.625
MIN : 1.605"
8675,1265,10,13,Distance from right big hole to near edge (cross-web direction).,0.49,0.50,0.51,"MAX : 0.51
TARGET : 0.50
MIN : 0.49"
8757,1989,20,1,Width of copper,3.48,3.50,3.52,"MAX : 3.52
TARGET : 3.50
MIN : 3.48"
8758,1282,10,2,"Width of main part to inside corner.
",0.48,0.50,0.52,"MAX : 0.52
TARGET : 0.50
MIN : 0.48"
8758,1282,10,1,Length of part,1.98,2.00,2.02,"MAX : 2.02
TARGET : 2.00
MIN : 1.98"
8689,1266,10,1,Width of liner being slit on lathe or CEI,3.125,3.25,4,"MAX : 4
TARGET : 3.25
MIN : 3.125"
8758,1282,10,6,Space between parts,0.105,0.125,0.145,"MAX : 0.145
TARGET : 0.125
MIN : 0.105"
8762,1283,20,2,Distance from center of hole to center of hole,10,11,12,"MAX : 12
TARGET : 11
MIN : 10"
8914,1335,20,3,Distance from hole 2 to end,19.10,19.20,19.30,"MAX : 19.30
TARGET : 19.20
MIN : 19.10"
8914,1335,20,4,Distance from hole 3 to end,29.10,29.20,29.30,"MAX : 29.30
TARGET : 29.20
MIN : 29.10"
8914,1335,20,5,Distance from hole 4 to end,39.10,39.20,39.30,"MAX : 39.30
TARGET : 39.20
MIN : 39.10"
8914,1335,20,6,Distance from hole 5 to end,49.10,49.20,49.30,"MAX : 49.30
TARGET : 49.20
MIN : 49.10"
8914,1335,20,7,Distance from hole 6 to end,59.10,59.20,59.30,"MAX : 59.30
TARGET : 59.20
MIN : 59.10"
8914,1335,20,8,Distance from hole 7 to end,69.10,69.20,69.30,"MAX : 69.30
TARGET : 69.20
MIN : 69.10"
8914,1335,20,9,Distance from hole 8 to end,79.10,79.20,79.30,"MAX : 79.30
TARGET : 79.20
MIN : 79.10"
8914,1335,20,10,Distance from hole 9 to end,90.60,90.70,90.80,"MAX : 90.80
TARGET : 90.70
MIN : 90.60"
8914,1335,20,11,Width of part,83.59,83.69,83.79,"MAX : 83.79
TARGET : 83.69
MIN : 83.59"
8762,1283,20,1,Length of part,21.1,22.1,23.1,"MAX : 23.1
TARGET : 22.1
MIN : 21.1"
8765,1284,10,2,"Width of main part to inside corner.
",0.73,0.75,0.78,"MAX : 0.78
TARGET : 0.75
MIN : 0.73"
8915,1336,20,3,Width of extended liner,40.33,40.58,40.83,"MAX : 40.83
TARGET : 40.58
MIN : 40.33"
8915,1336,30,1,Length of part,159.05,159.30,159.55,"MAX : 159.55
TARGET : 159.30
MIN : 159.05"
8915,1336,30,2,Distance from 0 datum to center of first hole,7.91,8.06,8.21,"MAX : 8.21
TARGET : 8.06
MIN : 7.91"
8915,1336,30,3,Distance from 0 datum to center of second hole,20.91,21.06,21.21,"MAX : 21.21
TARGET : 21.06
MIN : 20.91"
8915,1336,30,4,Distance from 0 datum to center of third hole,40.91,41.06,41.21,"MAX : 41.21
TARGET : 41.06
MIN : 40.91"
8915,1336,30,5,Distance from 0 datum to center of fourth hole,60.91,61.06,61.21,"MAX : 61.21
TARGET : 61.06
MIN : 60.91"
8915,1336,30,6,Distance from 0 datum to center of fifth hole,80.91,81.06,81.21,"MAX : 81.21
TARGET : 81.06
MIN : 80.91"
8915,1336,30,7,Width of part,91.65,91.90,92.15,"MAX : 92.15
TARGET : 91.90
MIN : 91.65"
8915,1336,30,8,Distance from edge to center of big holes,18.55,18.80,19.05,"MAX : 19.05
TARGET : 18.80
MIN : 18.55"
8915,1336,30,13,Are the holes ejected cleanly?,No(Fail),Yes(Pass),,"MAX : 
TARGET : Yes(Pass)
MIN : No(Fail)"
8915,1336,30,14,Is the die strike deep enough to remove the matrix but not cut into the liner?,No(Fail),Yes(Pass),,"MAX : 
TARGET : Yes(Pass)
MIN : No(Fail)"
8765,1284,10,1,Length of part,1.23,1.25,1.27,"MAX : 1.27
TARGET : 1.25
MIN : 1.23"
8765,1284,10,6,Space between parts,0.105,0.125,0.145,"MAX : 0.145
TARGET : 0.125
MIN : 0.105"
8923,1340,30,3,Adhesive Width,1.129,1.134,1.139,"MAX : 1.139
TARGET : 1.134
MIN : 1.129"
8923,1340,30,3,Part Width,1.379,1.384,1.389,"MAX : 1.389
TARGET : 1.384
MIN : 1.379"
8923,1340,30,15,Are the small holes cleanly removed?,No (Fail),Yes (Pass),,"MAX : 
TARGET : Yes (Pass)
MIN : No (Fail)"
8765,1284,10,10,"Is 2"" blue splice tape being used for splices?  (BACKSIDE OF LINER ONLY)",No(Fail),Yes(Pass),,"MAX : 
TARGET : Yes(Pass)
MIN : No(Fail)"
8767,1285,20,2,Are the slits cut clean?,No (Fail),Yes (Pass),,"MAX : 
TARGET : Yes (Pass)
MIN : No (Fail)"
8767,1285,20,1,Does Part fit template?,No (Fail),Yes (Pass),,"MAX : 
TARGET : Yes (Pass)
MIN : No (Fail)"
8772,1990,10,2,Is finished product roll 60 yards?,No (Fail),Yes (Pass),,"MAX : 
TARGET : Yes (Pass)
MIN : No (Fail)"
8951,2017,20,2,Are the slit edges free of slivers and double cuts?,No(Fail),Yes(Pass),,"MAX : 
TARGET : Yes(Pass)
MIN : No(Fail)"
8772,1990,10,1,Width of finished product roll,1.94,2.00,2.06,"MAX : 2.06
TARGET : 2.00
MIN : 1.94"
8777,1991,10,2,Is the graphic clean and free of gross print defects?,No(Fail),Yes(Pass),,"MAX : 
TARGET : Yes(Pass)
MIN : No(Fail)"
8946,1346,20,3,Are the internal die cuts visually centered on the sheet with no parts cut into?,No(Fail),Yes(Pass),,"MAX : 
TARGET : Yes(Pass)
MIN : No(Fail)"
8946,1346,20,4,Is the die strike deep enough to remove the matrix without cutting in to the liner?,No(Fail),Yes(Pass),,"MAX : 
TARGET : Yes(Pass)
MIN : No(Fail)"
8777,1991,10,1,Width of roll,4.94,5.00,5.06,"MAX : 5.06
TARGET : 5.00
MIN : 4.94"
8778,1286,10,3,Is the die strike deep enough to remove the matrix without cutting in to the liner?,No (Fail),Yes (Pass),,"MAX : 
TARGET : Yes (Pass)
MIN : No (Fail)"
8778,1286,10,2,Are the internal die cuts visually centered on the sheet with no parts cut into?,No (Fail),Yes (Pass),,"MAX : 
TARGET : Yes (Pass)
MIN : No (Fail)"
8778,1286,10,1,Doe the part fit the approved template?,No (Fail),Yes (Pass),,"MAX : 
TARGET : Yes (Pass)
MIN : No (Fail)"
8779,1992,10,2,Is the slit edge free of slivers and double cuts?,No(Fail),Yes(Pass),,"MAX : 
TARGET : Yes(Pass)
MIN : No(Fail)"
8779,1992,10,1,Width of roll,0.72,0.75,0.78,"MAX : 0.78
TARGET : 0.75
MIN : 0.72"
8956,1352,20,3,Are the cut edges free of debris?,No(Fail),Yes(Pass),,"MAX : 
TARGET : Yes(Pass)
MIN : No(Fail)"
8789,1287,20,2,Length of die cut,2.47,2.50,2.53,"MAX : 2.53
TARGET : 2.50
MIN : 2.47"
8789,1287,20,1,Width of die cut,0.47,0.50,0.53,"MAX : 0.53
TARGET : 0.50
MIN : 0.47"
8957,2018,10,3,Is rewind direction #2 as shown on drawing?,No(Fail),Yes(Pass),,"MAX : 
TARGET : Yes(Pass)
MIN : No(Fail)"
8791,1288,10,2,Width of part,13.94,14.00,14.06,"MAX : 14.06
TARGET : 14.00
MIN : 13.94"
8791,1288,10,1,Length of part,16.94,17.00,17.06,"MAX : 17.06
TARGET : 17.00
MIN : 16.94"
8952,1348,10,3,Length of gauze pad,3.97,4.00,4.03,"MAX : 4.03
TARGET : 4.00
MIN : 3.97"
8952,1348,10,4,Width of gauze pad,3.97,4.00,4.03,"MAX : 4.03
TARGET : 4.00
MIN : 3.97"
8952,1348,10,5,Length of hydrogel,5.97,6.00,6.03,"MAX : 6.03
TARGET : 6.00
MIN : 5.97"
8952,1348,10,6,Width of hydrogel,5.97,6.00,6.03,"MAX : 6.03
TARGET : 6.00
MIN : 5.97"
8952,1348,10,8,Does the gauze pad set in the hydrogel pocket without touching the gel?,No(Fail),Yes(Pass),,"MAX : 
TARGET : Yes(Pass)
MIN : No(Fail)"
8952,1348,10,7,Distance from edge of part to back score,1.22,1.25,1.28,"MAX : 1.28
TARGET : 1.25
MIN : 1.22"
8952,1348,10,9,Is the die strike deep enough to remove the matrix but not cut into the liner?,No(Fail),Yes(Pass),,"MAX : 
TARGET : Yes(Pass)
MIN : No(Fail)"
8796,1289,20,3,Part Spacing,2.1,2.6,3.1,"MAX : 3.1
TARGET : 2.6
MIN : 2.1"
8796,1289,20,1,Datum C to upper edge of gasket internal shape cut,1.7,2.0,2.3,"MAX : 2.3
TARGET : 2.0
MIN : 1.7"
8796,1289,20,2,"Datum C to closest edge of FSA internal shape cut
",2.3,2.5,2.7,"MAX : 2.7
TARGET : 2.5
MIN : 2.3"
8796,1289,20,15,Overall Thickness,0.97,1.07,1.17,"MAX : 1.17
TARGET : 1.07
MIN : 0.97"
8796,1289,20,18,Is the rough side of the film against the 9495B?,No(Fail),Yes(Pass),,"MAX : 
TARGET : Yes(Pass)
MIN : No(Fail)"
8910,1334,10,3,Is the correct label applied to the box?,No (Fail),Yes (Pass),,"MAX : 
TARGET : Yes (Pass)
MIN : No (Fail)"
8910,1334,10,4,"Is the box sealed with two clear 1.5"" diameter labels?",No (Fail),Yes (Pass),,"MAX : 
TARGET : Yes (Pass)
MIN : No (Fail)"
8797,1290,20,2,"Datum C to closest edge of FSA internal shape cut
",2.3,2.5,2.7,"MAX : 2.7
TARGET : 2.5
MIN : 2.3"
8797,1290,20,1,Datum C to upper edge of gasket internal shape cut,1.7,2.0,2.3,"MAX : 2.3
TARGET : 2.0
MIN : 1.7"
8965,2020,10,3,Is the 6866 visually centered on the liner with a no exposed adhesive?,No(Fail),Yes(Pass),,"MAX : 
TARGET : Yes(Pass)
MIN : No(Fail)"
8801,1291,10,2,Width of part,4.10,4.13,4.16,"MAX : 4.16
TARGET : 4.13
MIN : 4.10"
8801,1291,10,1,Length of part,5.91,5.94,5.97,"MAX : 5.97
TARGET : 5.94
MIN : 5.91"
8966,1359,10,3,Is the inside diameter hole cleanly removed?,No(Fail),Yes(Pass),,"MAX : 
TARGET : Yes(Pass)
MIN : No(Fail)"
8802,1993,10,2,Is the slit edge free of slivers and double cuts?,No(Fail),Yes(Pass),,"MAX : 
TARGET : Yes(Pass)
MIN : No(Fail)"
8802,1993,10,1,Width of roll,5.97,6.00,6.03,"MAX : 6.03
TARGET : 6.00
MIN : 5.97"
8961,1355,10,3,Is the cut edge clean and free of slivers or other cutting defects?,No(Fail),Yes(Pass),,"MAX : 
TARGET : Yes(Pass)
MIN : No(Fail)"
8804,1292,10,1,Length of part,23.87,24.00,24.13,"MAX : 24.13
TARGET : 24.00
MIN : 23.87"
8804,1292,10,2,Width of part,17.94,18.00,18.06,"MAX : 18.06
TARGET : 18.00
MIN : 17.94"
8815,1293,10,2,Is the slit edge free of slivers and double cuts?,No(Fail),Yes(Pass),,"MAX : 
TARGET : Yes(Pass)
MIN : No(Fail)"
8815,1293,10,1,Width of roll,3.12,3.15,3.18,"MAX : 3.18
TARGET : 3.15
MIN : 3.12"
8970,2022,20,2,Is the slit edge free of gross slitting defects?,No(Fail),Yes(Pass),,"MAX : 
TARGET : Yes(Pass)
MIN : No(Fail)"
8970,2022,20,3,Is the roll wound with gapping or telescoping?,No(Fail),Yes(Pass),,"MAX : 
TARGET : Yes(Pass)
MIN : No(Fail)"
8816,1294,10,3,Adhesive Width,18.35,18.60,18.85,"MAX : 18.85
TARGET : 18.60
MIN : 18.35"
8816,1294,10,4,Total Part Width,23.15,23.30,23.45,"MAX : 23.45
TARGET : 23.30
MIN : 23.15"
8963,1357,20,3,Distance between parts,5.99,6.75,7.51,"MAX : 7.51
TARGET : 6.75
MIN : 5.99"
8963,1357,20,4,Distance from edge of liner to edge of part,5.32,6.08,6.84,"MAX : 6.84
TARGET : 6.08
MIN : 5.32"
8963,1357,20,6,Is the die strike deep enough to remove the matrix without cutting into the liner?,No(Fail),Yes(Pass),,"MAX : 
TARGET : Yes(Pass)
MIN : No(Fail)"
8816,1294,10,6,Liner Width,37.95,38.10,38.25,"MAX : 38.25
TARGET : 38.10
MIN : 37.95"
8816,1294,10,11,"Verify the 966NP being used is a transfer adhesive, and not a double coated adhesive.",Fail,Pass,,"MAX : 
TARGET : Pass
MIN : Fail"
8962,1356,10,2,Is the die strike deep enough to remove the part but not through the liner?,No(Fail),Yes(Pass),,"MAX : 
TARGET : Yes(Pass)
MIN : No(Fail)"
8821,1295,30,2,Width of part,2.19,2.25,2.31,"MAX : 2.31
TARGET : 2.25
MIN : 2.19"
8821,1295,30,1,Length of part,4.44,4.50,4.56,"MAX : 4.56
TARGET : 4.50
MIN : 4.44"
8964,1358,20,5,Is the die strike deep enough to remove the matrix but not cut into the liner?,No(Fail),Yes(Pass),,"MAX : 
TARGET : Yes(Pass)
MIN : No(Fail)"
8964,1358,20,6,Is the print free of gross print defects?,No(Fail),Yes(Pass),,"MAX : 
TARGET : Yes(Pass)
MIN : No(Fail)"
8824,1994,10,7,Are rolls wound neatly with material flush on core?,No(Fail),Yes(Pass),,"MAX : 
TARGET : Yes(Pass)
MIN : No(Fail)"
8824,1994,10,1,Width of roll,0.679,0.709,0.739,"MAX : 0.739
TARGET : 0.709
MIN : 0.679"
8944,1345,20,3,Is the cut edge clean and free of debris and slivers?,No(Fail),Yes(Pass),,"MAX : 
TARGET : Yes(Pass)
MIN : No(Fail)"
8824,1994,10,6,Are the rolls being run on press with the holes on the operator side?,No(Fail),Yes(Pass),,"MAX : 
TARGET : Yes(Pass)
MIN : No(Fail)"
8824,1994,10,4,Distance from hole to hole,0.320,0.350,0.380,"MAX : 0.380
TARGET : 0.350
MIN : 0.320"
8972,1362,10,3,Is the sheet free of debris?,No(Fail),Yes(Pass),,"MAX : 
TARGET : Yes(Pass)
MIN : No(Fail)"
8825,1995,20,1,Is the 13220L laminated to the marked side of the PTFE?,No(Fail),Yes(Pass),,"MAX : 
TARGET : Yes(Pass)
MIN : No(Fail)"
8825,1995,10,1,Width of 13220L,19.875,20.000,20.125,"MAX : 20.125
TARGET : 20.000
MIN : 19.875"
8826,1296,20,2,Width of part,2.71,2.74,2.77,"MAX : 2.77
TARGET : 2.74
MIN : 2.71"
8826,1296,20,1,Length of part,2.71,2.74,2.77,"MAX : 2.77
TARGET : 2.74
MIN : 2.71"
8942,1344,10,3,Distance from center of small center hole to center of top right small hole,8.544,8.554,8.564,"MAX : 8.564
TARGET : 8.554
MIN : 8.544"
8942,1344,10,4,Width of sheet,12.00,12.00,12.30,"MAX : 12.30
TARGET : 12.00
MIN : 12.00"
8942,1344,10,5,Distance from center of small center hole to center of bottom left small hole,3.795,3.805,3.815,"MAX : 3.815
TARGET : 3.805
MIN : 3.795"
8942,1344,10,6,Distance from center of small center hole to center of top right small hole,3.535,3.545,3.555,"MAX : 3.555
TARGET : 3.545
MIN : 3.535"
8942,1344,10,7,Are all holes cleanly cut and ejected?,No(Fail),Yes(Pass),,"MAX : 
TARGET : Yes(Pass)
MIN : No(Fail)"
8826,1296,10,1,Width of slit roll,6.625,6.75,6.875,"MAX : 6.875
TARGET : 6.75
MIN : 6.625"
8826,1296,20,5,Are parts cut cleanly without hairs or rough edges?,No(Fail),Yes(Pass),,"MAX : 
TARGET : Yes(Pass)
MIN : No(Fail)"
8960,1354,20,3,Is the die strike deep enough to remove the matrix but not cut into the liner?,No(Fail),Yes(Pass),,"MAX : 
TARGET : Yes(Pass)
MIN : No(Fail)"
8826,1296,10,2,Is the slit roll wound without gapping or telescoping?,No(Fail),Yes(Pass),,"MAX : 
TARGET : Yes(Pass)
MIN : No(Fail)"
8831,1297,10,2,Width of part,29.05,29.85,30.65,"MAX : 30.65
TARGET : 29.85
MIN : 29.05"
8967,1360,20,3,Is the die strike deep enough to strip the matrix but not cut into the liner?,No(Fail),Yes(Pass),,"MAX : 
TARGET : Yes(Pass)
MIN : No(Fail)"
8967,1360,20,4,Is the center square cleanly removed?,No(Fail),Yes(Pass),,"MAX : 
TARGET : Yes(Pass)
MIN : No(Fail)"
8831,1297,10,1,Length of part,65.28,66.06,66.86,"MAX : 66.86
TARGET : 66.06
MIN : 65.28"
8833,1298,20,2,Width of tape,0.97,1.00,1.03,"MAX : 1.03
TARGET : 1.00
MIN : 0.97"
8959,1353,20,3,Is the die strike deep enough to remove the matrix but not cut into the liner?,No(Fail),Yes(Pass),,"MAX : 
TARGET : Yes(Pass)
MIN : No(Fail)"
8833,1298,20,1,Length of part,1.94,2.00,2.06,"MAX : 2.06
TARGET : 2.00
MIN : 1.94"
8834,1299,20,2,Length of window,2.870,2.885,2.900,"MAX : 2.900
TARGET : 2.885
MIN : 2.870"
8834,1299,20,1,Length of part,3.010,3.025,3.040,"MAX : 3.040
TARGET : 3.025
MIN : 3.010"
8977,1364,10,3,Width of part,20.67,20.80,20.93,"MAX : 20.93
TARGET : 20.80
MIN : 20.67"
8977,1364,20,4,"Distance from edge to first set of holes.
Measured to center.",3.77,3.90,4.03,"MAX : 4.03
TARGET : 3.90
MIN : 3.77"
8977,1364,20,5,Distance from first small set of holes to large holes.  Measured from center to center ,6.37,6.50,6.63,"MAX : 6.63
TARGET : 6.50
MIN : 6.37"
8977,1364,20,6,Distance from first small set of holes to second set of small holes.  Measured from center to center ,12.75,13.00,13.25,"MAX : 13.25
TARGET : 13.00
MIN : 12.75"
8977,1364,20,7,Are all of the holes cleanly removed?,No(Fail),Yes(Pass),,"MAX : 
TARGET : Yes(Pass)
MIN : No(Fail)"
8834,1299,20,3,Length of tab,1.485,1.500,1.515,"MAX : 1.515
TARGET : 1.500
MIN : 1.485"
8835,1300,10,2,Width of part,0.22,0.25,0.28,"MAX : 0.28
TARGET : 0.25
MIN : 0.22"
8976,1363,10,3,Width of part,86.35,86.60,86.85,"MAX : 86.85
TARGET : 86.60
MIN : 86.35"
8976,1363,10,4,Width of inside window,71.91,72.16,72.41,"MAX : 72.41
TARGET : 72.16
MIN : 71.91"
8976,1363,10,5,Is the inside window cleanly removed?,No(Fail),Yes(Pass),,"MAX : 
TARGET : Yes(Pass)
MIN : No(Fail)"
8835,1300,10,1,Length of part,1.22,1.25,1.28,"MAX : 1.28
TARGET : 1.25
MIN : 1.22"
8758,1282,10,10,"Is 2"" blue splice tape being used for splices?  (BACKSIDE OF LINER ONLY)",No(Fail),Yes(Pass),,"MAX : 
TARGET : Yes(Pass)
MIN : No(Fail)"
8837,1301,30,3,Is the die strike deep enough to remove the matrix but not cut into the liner?,No(Fail),Yes(Pass),,"MAX : 
TARGET : Yes(Pass)
MIN : No(Fail)"
8981,2025,10,7,Does 3M 371 delaminate from shurtape FP-726?,,No (Pass),Yes (Fail),"MAX : Yes (Fail)
TARGET : No (Pass)
MIN : "
8981,2025,10,4,Were printed cores with customer supplied graphic used?,No (Fail),Yes (Pass),,"MAX : 
TARGET : Yes (Pass)
MIN : No (Fail)"
8981,2025,10,6,Are Rolls Gapping?,,No (Pass),Yes (Fail),"MAX : Yes (Fail)
TARGET : No (Pass)
MIN : "
8981,2025,10,5,Are rolls wound evenly?,No (Fail),Yes (Pass),,"MAX : 
TARGET : Yes (Pass)
MIN : No (Fail)"
8981,2025,10,9,Peel force of top layer from tape,15.00 oz,,,"MAX : 
TARGET : 
MIN : 15.00 oz"
8981,2025,10,2,Length of perf,3.94,4.00,4.06,"MAX : 4.06
TARGET : 4.00
MIN : 3.94"
8981,2025,10,8,Does the perf tear but still allow the roll to unwind?,No(Fail),Yes(Pass),,"MAX : 
TARGET : Yes(Pass)
MIN : No(Fail)"
8837,1301,30,5,Does the print remain intact when rubbed with your finger under moderate pressure? (Hold part in one hand print up and rub with pad of thumb of same hand),No(Fail),Yes(Pass),,"MAX : 
TARGET : Yes(Pass)
MIN : No(Fail)"
8837,1301,30,2,Is the print visually centered on the part?,No(Fail),Yes(Pass),,"MAX : 
TARGET : Yes(Pass)
MIN : No(Fail)"
8982,2026,20,3,Width of part,1.97,2.00,2.03,"MAX : 2.03
TARGET : 2.00
MIN : 1.97"
8982,2026,20,4,Is the die strike deep enough to remove the slug but not cut into the liner.,No(Fail),Yes(Pass),,"MAX : 
TARGET : Yes(Pass)
MIN : No(Fail)"
8982,2026,20,5,Are all of the slugs removed cleanly?,No(Fail),Yes(Pass),,"MAX : 
TARGET : Yes(Pass)
MIN : No(Fail)"
8838,1996,10,2,Is the slit edge free of slivers and double cuts?,No(Fail),Yes(Pass),,"MAX : 
TARGET : Yes(Pass)
MIN : No(Fail)"
8838,1996,10,1,Width of roll - see work order for target,- 1,Target,+ 1,"MAX : + 1
TARGET : Target
MIN : - 1"
8839,1302,20,2,Width of tab (tape area),0.47,0.50,0.53,"MAX : 0.53
TARGET : 0.50
MIN : 0.47"
8839,1302,20,1,Width of part,3.97,4.00,4.12,"MAX : 4.12
TARGET : 4.00
MIN : 3.97"
8983,1368,20,3,Width of liner,18.375,18.50,18.625,"MAX : 18.625
TARGET : 18.50
MIN : 18.375"
8983,1368,20,4,Distance from edge of adhesive to edge of liner,0.125,0.25,0.375,"MAX : 0.375
TARGET : 0.25
MIN : 0.125"
8983,1368,20,5,Is the adhesive laminated to the release side of the 54# liner?,No(Fail),Yes(Pass),,"MAX : 
TARGET : Yes(Pass)
MIN : No(Fail)"
8983,1368,20,6,Do the parts lay flat with little to no curl?,No(Fail),Yes(Pass),,"MAX : 
TARGET : Yes(Pass)
MIN : No(Fail)"
8841,1303,10,1,Length of part,3.942,3.967,3.992,"MAX : 3.992
TARGET : 3.967
MIN : 3.942"
8841,1303,10,3,Length of 9 repeats - See drawing.,48.082,48.207,48.332,"MAX : 48.332
TARGET : 48.207
MIN : 48.082"
8984,1369,20,1,Length of part,11.44,11.50,11.56,"MAX : 11.56
TARGET : 11.50
MIN : 11.44"
8984,1369,20,3,Length of deadened area,2.19,2.25,2.31,"MAX : 2.31
TARGET : 2.25
MIN : 2.19"
8984,1369,20,4,Distance from end of part to end of deadened area,4.57,4.63,4.69,"MAX : 4.69
TARGET : 4.63
MIN : 4.57"
8984,1369,20,5,Is the part visually centered on the liner?,No(Fail),Yes(Pass),,"MAX : 
TARGET : Yes(Pass)
MIN : No(Fail)"
8984,1369,20,6,Is the part cut cleanly?,No(Fail),Yes(Pass),,"MAX : 
TARGET : Yes(Pass)
MIN : No(Fail)"
8842,1304,20,2,"Datum C to closest edge of FSA internal shape cut
",2.3,2.5,2.7,"MAX : 2.7
TARGET : 2.5
MIN : 2.3"
8842,1304,20,1,Datum C to upper edge of gasket internal shape cut,1.7,2.0,2.3,"MAX : 2.3
TARGET : 2.0
MIN : 1.7"
8986,2027,30,3,Is unwind direction correct? #2,No(Fail),Yes(Pass),,"MAX : 
TARGET : Yes(Pass)
MIN : No(Fail)"
8986,2027,20,1,Was 3M 3903 refrigerated 24 hours before laminating to liner?,No(Fail),Yes(Pass),,"MAX : 
TARGET : Yes(Pass)
MIN : No(Fail)"
8986,2027,10,1,Width of slit rolls,5.94,6.00,6.06,"MAX : 6.06
TARGET : 6.00
MIN : 5.94"
8843,1305,20,2,"Datum C to closest edge of FSA internal shape cut
",2.3,2.5,2.7,"MAX : 2.7
TARGET : 2.5
MIN : 2.3"
8843,1305,20,1,Datum C to upper edge of gasket internal shape cut,1.7,2.0,2.3,"MAX : 2.3
TARGET : 2.0
MIN : 1.7"
8985,1370,20,4,Are the cut edges clean?,No(Fail),Yes(Pass),,"MAX : 
TARGET : Yes(Pass)
MIN : No(Fail)"
8844,1306,20,3,Part Spacing,2.1,2.6,3.1,"MAX : 3.1
TARGET : 2.6
MIN : 2.1"
8844,1306,20,2,"Datum C to closest edge of FSA internal shape cut
",1.8,2.0,2.2,"MAX : 2.2
TARGET : 2.0
MIN : 1.8"
8987,2028,10,3,Is the roll free of defects and debris?,No(Fail),Yes(Pass),,"MAX : 
TARGET : Yes(Pass)
MIN : No(Fail)"
8987,2028,10,4,Do any splices meet the splice quality requirements as listed on the JT?,No(Fail),Yes(Pass),,"MAX : 
TARGET : Yes(Pass)
MIN : No(Fail)"
8844,1306,20,7,Datum B to closest edge of gasket internal shape cut,1.5,1.8,2.1,"MAX : 2.1
TARGET : 1.8
MIN : 1.5"
8845,1307,20,3,Part Spacing,2.1,2.6,3.1,"MAX : 3.1
TARGET : 2.6
MIN : 2.1"
8845,1307,20,2,"Datum C to closest edge of FSA internal shape cut
",1.8,2.0,2.2,"MAX : 2.2
TARGET : 2.0
MIN : 1.8"
8971,2023,20,3,Is the score deep enough to slit the liner but not cut into the rubber?,No(Fail),Yes(Pass),,"MAX : 
TARGET : Yes(Pass)
MIN : No(Fail)"
8971,2023,20,2,Distance between internal scores.  Measure different row each inspection,1.97,2.00,2.03,"MAX : 2.03
TARGET : 2.00
MIN : 1.97"
8845,1307,20,7,Datum B to closest edge of gasket internal shape cut,1.5,1.8,2.1,"MAX : 2.1
TARGET : 1.8
MIN : 1.5"
8846,1308,10,2,Width of part,0.30,0.33,0.36,"MAX : 0.36
TARGET : 0.33
MIN : 0.30"
8989,1371,10,3,Distance from edge of label to edge of liner,0.095,0.125,0.155,"MAX : 0.155
TARGET : 0.125
MIN : 0.095"
8989,1371,10,4,Is the die strike deep enough to remove the matrix but not cut into the liner?,No(Fail),Yes(Pass),,"MAX : 
TARGET : Yes(Pass)
MIN : No(Fail)"
8846,1308,10,1,Length of part,1.05,1.08,1.11,"MAX : 1.11
TARGET : 1.08
MIN : 1.05"
8847,1309,10,3,Width of part,2.72,2.75,2.78,"MAX : 2.78
TARGET : 2.75
MIN : 2.72"
8847,1309,10,4,Width of window,1.76,1.79,1.82,"MAX : 1.82
TARGET : 1.79
MIN : 1.76"
8847,1309,10,1,Length of Part,5.72,5.75,5.78,"MAX : 5.78
TARGET : 5.75
MIN : 5.72"
8848,1310,10,2,Inside diameter of part,0.190,0.195,0.200,"MAX : 0.200
TARGET : 0.195
MIN : 0.190"
8848,1310,10,1,Diameter of part,0.495,0.500,0.505,"MAX : 0.505
TARGET : 0.500
MIN : 0.495"
8848,1310,10,3,Part Centering,-0.030,0.000,0.030,"MAX : 0.030
TARGET : 0.000
MIN : -0.030"
8849,1311,20,1,Width of PET,3.97,4.00,4.03,"MAX : 4.03
TARGET : 4.00
MIN : 3.97"
8997,1374,20,3,Is the part visually centered on the carrier liner?,No(Fail),Yes(Pass),,"MAX : 
TARGET : Yes(Pass)
MIN : No(Fail)"
8997,1374,20,4,Is the die strike deep enough to remove the matrix but not cut into the liner?,No(Fail),Yes(Pass),,"MAX : 
TARGET : Yes(Pass)
MIN : No(Fail)"
8849,1311,10,1,Width of foil/adhesive lamination,0.240,0.250,0.260,"MAX : 0.260
TARGET : 0.250
MIN : 0.240"
8852,1997,10,2,Is the roll wound without gapping or telescoping?,No(Fail),Yes(Pass),,"MAX : 
TARGET : Yes(Pass)
MIN : No(Fail)"
8990,2029,10,6,Is the roll wound without gapping or telescoping?,No(Fail),Yes(Pass),,"MAX : 
TARGET : Yes(Pass)
MIN : No(Fail)"
8852,1997,10,1,Width of roll,0.22,0.25,0.28,"MAX : 0.28
TARGET : 0.25
MIN : 0.22"
8852,1997,10,3,Is the slit edge free of slivers and double cuts?,No(Fail),Yes(Pass),,"MAX : 
TARGET : Yes(Pass)
MIN : No(Fail)"
8797,1290,20,15,Overall Thickness,0.97,1.07,1.17,"MAX : 1.17
TARGET : 1.07
MIN : 0.97"
8797,1290,20,18,Is the rough side of the film against the 9495B?,No(Fail),Yes(Pass),,"MAX : 
TARGET : Yes(Pass)
MIN : No(Fail)"
8853,1312,10,2,Width of part,2.87,3.00,3.13,"MAX : 3.13
TARGET : 3.00
MIN : 2.87"
8853,1312,10,1,Length of part,47.87,48.00,48.13,"MAX : 48.13
TARGET : 48.00
MIN : 47.87"
8995,1372,20,3,Does the part fit the device mount?,No(Fail),Yes(Pass),,"MAX : 
TARGET : Yes(Pass)
MIN : No(Fail)"
8854,1313,10,2,Width of part,4.87,5.00,5.13,"MAX : 5.13
TARGET : 5.00
MIN : 4.87"
8854,1313,10,1,Length of part,47.87,48.00,48.13,"MAX : 48.13
TARGET : 48.00
MIN : 47.87"
8856,1314,10,2,Width of part,9.94,10.00,10.06,"MAX : 10.06
TARGET : 10.00
MIN : 9.94"
8998,2034,10,3,Are slit edges clean and free of adhesive buildup?,No(Fail),Yes(Pass),,"MAX : 
TARGET : Yes(Pass)
MIN : No(Fail)"
8998,2034,10,4,Is the print clear and easily read?,No(Fail),Yes(Pass),,"MAX : 
TARGET : Yes(Pass)
MIN : No(Fail)"
8998,2034,10,5,Is the ink adhesion good?,No(Fail),Yes(Pass),,"MAX : 
TARGET : Yes(Pass)
MIN : No(Fail)"
8856,1314,10,1,Length of part,15.94,16.00,16.06,"MAX : 16.06
TARGET : 16.00
MIN : 15.94"
8857,1998,20,2,Is length of finished product 50 yards?,No(Fail),Yes(Pass),,"MAX : 
TARGET : Yes(Pass)
MIN : No(Fail)"
8999,2035,10,3,Are slit edges clean and free of adhesive buildup?,No(Fail),Yes(Pass),,"MAX : 
TARGET : Yes(Pass)
MIN : No(Fail)"
8999,2035,10,4,Is the print clear and easily read?,No(Fail),Yes(Pass),,"MAX : 
TARGET : Yes(Pass)
MIN : No(Fail)"
8999,2035,10,5,Is the ink adhesion good?,No(Fail),Yes(Pass),,"MAX : 
TARGET : Yes(Pass)
MIN : No(Fail)"
8857,1998,20,1,Width of finished product?,0.45,0.50,0.55,"MAX : 0.55
TARGET : 0.50
MIN : 0.45"
8861,1315,20,1,Diameter of part,0.293,0.313,0.333,"MAX : 0.333
TARGET : 0.313
MIN : 0.293"
8954,1350,10,3,Width of part,24.75,25.00,25.25,"MAX : 25.25
TARGET : 25.00
MIN : 24.75"
8954,1350,10,4,Distance from narrow edge of part to near edge of liner,4.75,5.00,5.25,"MAX : 5.25
TARGET : 5.00
MIN : 4.75"
8954,1350,10,5,Width of liner,35.01,35.26,35.51,"MAX : 35.51
TARGET : 35.26
MIN : 35.01"
8954,1350,10,6,Is the die strike deep enough to remove the matrix but not cut into the liner?,No(Fail),Yes(Pass),,"MAX : 
TARGET : Yes(Pass)
MIN : No(Fail)"
8861,1315,10,1,Is the slit edge free of slivers and double cuts?,No(Fail),Yes(Pass),,"MAX : 
TARGET : Yes(Pass)
MIN : No(Fail)"
8862,1316,20,2,Width of adhesive,1.425,1.445,1.465,"MAX : 1.465
TARGET : 1.445
MIN : 1.425"
8955,1351,10,3,Width of part,46.84,46.97,47.10,"MAX : 47.10
TARGET : 46.97
MIN : 46.84"
8955,1351,10,4,Distance from edge of part to near edge of liner,4.75,5.00,5.25,"MAX : 5.25
TARGET : 5.00
MIN : 4.75"
8955,1351,10,5,Width of liner,60.07,60.32,60.57,"MAX : 60.57
TARGET : 60.32
MIN : 60.07"
8955,1351,10,6,Is the die strike deep enough to remove the matrix but not cut into the liner?,No(Fail),Yes(Pass),,"MAX : 
TARGET : Yes(Pass)
MIN : No(Fail)"
8862,1316,20,1,Length of part,4.355,4.375,4.395,"MAX : 4.395
TARGET : 4.375
MIN : 4.355"
8866,1317,10,2,Are slit rolls labeled per the labeling protocol?,No(Fail),Yes(Pass),,"MAX : 
TARGET : Yes(Pass)
MIN : No(Fail)"
8866,1317,10,1,Is the slit edge free of slivers and other slitting debris?,No(Fail),Yes(Pass),,"MAX : 
TARGET : Yes(Pass)
MIN : No(Fail)"
8968,1361,10,3,Width of part,22.6,22.7,22.8,"MAX : 22.8
TARGET : 22.7
MIN : 22.6"
8968,1361,10,4,Distance from edge of liner to label on operator side,5.90,6.15,6.40,"MAX : 6.40
TARGET : 6.15
MIN : 5.90"
8968,1361,10,5,Distance from edge of liner to label on gear side,5.40,6.15,6.90,"MAX : 6.90
TARGET : 6.15
MIN : 5.40"
8968,1361,10,6,Width of liner,34,35,36,"MAX : 36
TARGET : 35
MIN : 34"
8968,1361,10,7,Is the die strike deep enough to remove the matrix but not cut into the liner?,No(Fail),Yes(Pass),,"MAX : 
TARGET : Yes(Pass)
MIN : No(Fail)"
8968,1361,10,8,Is the text visually center on the label?,No(Fail),Yes(Pass),,"MAX : 
TARGET : Yes(Pass)
MIN : No(Fail)"
8968,1361,10,9,Is the print legible and free of gross printing defects?,No(Fail),Yes(Pass),,"MAX : 
TARGET : Yes(Pass)
MIN : No(Fail)"
8968,1361,10,10,Is the press roll wound in rewind direction #1?,No(Fail),Yes(Pass),,"MAX : 
TARGET : Yes(Pass)
MIN : No(Fail)"
8968,1361,20,1,Is the finished roll wound in rewind direction #2?,No(Fail),Yes(Pass),,"MAX : 
TARGET : Yes(Pass)
MIN : No(Fail)"
8867,1318,10,2,Width of part,1.47,1.50,1.53,"MAX : 1.53
TARGET : 1.50
MIN : 1.47"
8867,1318,10,1,Length of part,2.47,2.50,2.53,"MAX : 2.53
TARGET : 2.50
MIN : 2.47"
9004,1376,10,3,Is the adhesive laminated to the medium release side of the liner?,No(Fail),Yes(Pass),,"MAX : 
TARGET : Yes(Pass)
MIN : No(Fail)"
9004,1376,10,4,Is the adhesive visually centered on the liner?,No(Fail),Yes(Pass),,"MAX : 
TARGET : Yes(Pass)
MIN : No(Fail)"
8869,1319,10,2,Adhesive Width,9.57,9.82,10.07,"MAX : 10.07
TARGET : 9.82
MIN : 9.57"
8869,1319,10,1,Total Part Width,15.67,15.82,15.97,"MAX : 15.97
TARGET : 15.82
MIN : 15.67"
9008,2041,20,2,Is the roll wound without gapping or telescoping?,No(Fail),Yes(Pass),,"MAX : 
TARGET : Yes(Pass)
MIN : No(Fail)"
9008,2041,20,3,Is the roll free of dirt and debris?,No(Fail),Yes(Pass),,"MAX : 
TARGET : Yes(Pass)
MIN : No(Fail)"
8870,1320,10,2,Distance to near edge of notch,3.45,3.70,3.95,"MAX : 3.95
TARGET : 3.70
MIN : 3.45"
8870,1320,10,6,Total Part Width,12.40,12.55,12.70,"MAX : 12.70
TARGET : 12.55
MIN : 12.40"
9009,1377,10,3,Is the adhesive visually centered on the liner?,No(Fail),Yes(Pass),,"MAX : 
TARGET : Yes(Pass)
MIN : No(Fail)"
9009,1377,10,4,Is the adhesive laminated to the release side of the liner?,No(Fail),Yes(Pass),,"MAX : 
TARGET : Yes(Pass)
MIN : No(Fail)"
8871,1321,20,2,Width of part not including tab,47,48,49,"MAX : 49
TARGET : 48
MIN : 47"
8871,1321,20,1,Length of part,39,40,41,"MAX : 41
TARGET : 40
MIN : 39"
9001,1375,10,3,Width of part,22.6,22.7,22.8,"MAX : 22.8
TARGET : 22.7
MIN : 22.6"
9001,1375,10,4,Distance from edge of liner to label on operator side,5.90,6.15,6.40,"MAX : 6.40
TARGET : 6.15
MIN : 5.90"
9001,1375,10,5,Distance from edge of liner to label on gear side,5.40,6.15,6.90,"MAX : 6.90
TARGET : 6.15
MIN : 5.40"
9001,1375,10,6,Width of liner,34,35,36,"MAX : 36
TARGET : 35
MIN : 34"
9001,1375,10,7,Is the die strike deep enough to remove the matrix but not cut into the liner?,No(Fail),Yes(Pass),,"MAX : 
TARGET : Yes(Pass)
MIN : No(Fail)"
9001,1375,10,8,Is the text visually center on the label?,No(Fail),Yes(Pass),,"MAX : 
TARGET : Yes(Pass)
MIN : No(Fail)"
9001,1375,10,9,Is the print legible and free of gross printing defects?,No(Fail),Yes(Pass),,"MAX : 
TARGET : Yes(Pass)
MIN : No(Fail)"
9001,1375,10,10,Is the press roll wound in rewind direction #1?,No(Fail),Yes(Pass),,"MAX : 
TARGET : Yes(Pass)
MIN : No(Fail)"
9001,1375,20,1,Is the finished roll wound in rewind direction #2?,No(Fail),Yes(Pass),,"MAX : 
TARGET : Yes(Pass)
MIN : No(Fail)"
8872,1322,20,2,Width of part not including tab,47,48,49,"MAX : 49
TARGET : 48
MIN : 47"
8872,1322,10,1,Width of Red tape,24.4,25.4,26.4,"MAX : 26.4
TARGET : 25.4
MIN : 24.4"
9005,2038,10,3,Is the print visually centered cross web on the tape?,No(Fail),Yes(Pass),,"MAX : 
TARGET : Yes(Pass)
MIN : No(Fail)"
8872,1322,20,1,Length of part,39,40,41,"MAX : 41
TARGET : 40
MIN : 39"
8875,1323,20,1,Length of foam,1.95,2.00,2.05,"MAX : 2.05
TARGET : 2.00
MIN : 1.95"
9002,2036,10,3,Is the roll wound without telescoping or gapping?,No(Fail),Yes(Pass),,"MAX : 
TARGET : Yes(Pass)
MIN : No(Fail)"
8875,1323,10,1,Width of foam if slit in house,1.95,2.00,2.05,"MAX : 2.05
TARGET : 2.00
MIN : 1.95"
8876,1999,10,1,Does the hole pattern match and fit the template?,No(Fail),Yes(Pass),,"MAX : 
TARGET : Yes(Pass)
MIN : No(Fail)"
9006,2039,10,3,Is the print legible and free of gross defects?,No(Fail),Yes(Pass),,"MAX : 
TARGET : Yes(Pass)
MIN : No(Fail)"
9006,2039,10,4,Is the print visually centered on the label?,No(Fail),Yes(Pass),,"MAX : 
TARGET : Yes(Pass)
MIN : No(Fail)"
9006,2039,10,5,Is the die strike deep enough to remove the matrix but not cut through the liner?,No(Fail),Yes(Pass),,"MAX : 
TARGET : Yes(Pass)
MIN : No(Fail)"
8876,1999,10,2,Are the holes cleanly cut and chads ejected?,No(Fail),Yes(Pass),,"MAX : 
TARGET : Yes(Pass)
MIN : No(Fail)"
8876,1999,10,4,"Is the raw material free of visible defects?  If defects are observed, please set the rolls aside.",No(Fail),Yes(Pass),,"MAX : 
TARGET : Yes(Pass)
MIN : No(Fail)"
9007,2040,10,3,Are the two colors in register as shown on the print proof?,No(Fail),Yes(Pass),,"MAX : 
TARGET : Yes(Pass)
MIN : No(Fail)"
9007,2040,10,4,Are the colors within one shade of the correct PMS color?,No(Fail),Yes(Pass),,"MAX : 
TARGET : Yes(Pass)
MIN : No(Fail)"
8878,2000,10,1,Does the hole pattern match and fit the template?,No(Fail),Yes(Pass),,"MAX : 
TARGET : Yes(Pass)
MIN : No(Fail)"
8878,2000,10,2,Are the holes cleanly cut and chads ejected?,No(Fail),Yes(Pass),,"MAX : 
TARGET : Yes(Pass)
MIN : No(Fail)"
8834,1299,20,6,Width of small leg,0.055,0.070,0.085,"MAX : 0.085
TARGET : 0.070
MIN : 0.055"
8878,2000,10,4,"Is the raw material free of visible defects?  If defects are observed, please set the rolls aside.",No(Fail),Yes(Pass),,"MAX : 
TARGET : Yes(Pass)
MIN : No(Fail)"
8879,2001,10,1,Does the hole pattern match and fit the template?,No(Fail),Yes(Pass),,"MAX : 
TARGET : Yes(Pass)
MIN : No(Fail)"
8837,1301,30,4,Is the print legible without obvious defect?,No(Fail),Yes(Pass),,"MAX : 
TARGET : Yes(Pass)
MIN : No(Fail)"
8837,1301,30,1,Does the part fit the approved template?,No (Fail),Yes (Pass),,"MAX : 
TARGET : Yes (Pass)
MIN : No (Fail)"
8837,1301,20,1,Is the foam corona treated across the full width of the roll?  (Check once per roll of foam).,No (Fail),Yes (Pass),,"MAX : 
TARGET : Yes (Pass)
MIN : No (Fail)"
8879,2001,10,2,Are the holes cleanly cut and chads ejected?,No(Fail),Yes(Pass),,"MAX : 
TARGET : Yes(Pass)
MIN : No(Fail)"
8879,2001,10,4,"Is the raw material free of visible defects?  If defects are observed, please set the rolls aside.",No(Fail),Yes(Pass),,"MAX : 
TARGET : Yes(Pass)
MIN : No(Fail)"
8884,1324,20,1,Width of part,48,49,50,"MAX : 50
TARGET : 49
MIN : 48"
8841,1303,10,2,Length of space between parts,1.16,1.56,1.96,"MAX : 1.96
TARGET : 1.56
MIN : 1.16"
8884,1324,10,1,Is the slit edge clean and free of slivers and double cuts?,No(Fail),Yes(Pass),,"MAX : 
TARGET : Yes(Pass)
MIN : No(Fail)"
8887,2002,20,1,Width of roll,1.44,1.50,1.56,"MAX : 1.56
TARGET : 1.50
MIN : 1.44"
8887,2002,10,1,Length of perf,16.25,16.50,16.75,"MAX : 16.75
TARGET : 16.50
MIN : 16.25"
8844,1306,20,1,Datum C to upper edge of gasket internal shape cut,1.7,2.0,2.3,"MAX : 2.3
TARGET : 2.0
MIN : 1.7"
8888,1325,20,2,Width of part,1.25,1.28,1.31,"MAX : 1.31
TARGET : 1.28
MIN : 1.25"
8845,1307,20,1,Datum C to upper edge of gasket internal shape cut,1.7,2.0,2.3,"MAX : 2.3
TARGET : 2.0
MIN : 1.7"
8888,1325,20,1,Length of part,1.59,1.62,1.65,"MAX : 1.65
TARGET : 1.62
MIN : 1.59"
8891,1326,10,2,Is the print centered on the NON-release sideof the liner?,No(Fail),Yes(Pass),,"MAX : 
TARGET : Yes(Pass)
MIN : No(Fail)"
8847,1309,10,2,Length of window,4.76,4.79,4.82,"MAX : 4.82
TARGET : 4.79
MIN : 4.76"
8891,1326,10,1,Is the print legible and free of major print defects?,No(Fail),Yes(Pass),,"MAX : 
TARGET : Yes(Pass)
MIN : No(Fail)"
8892,1327,10,2,Is the print centered on the NON-release sideof the liner?,No(Fail),Yes(Pass),,"MAX : 
TARGET : Yes(Pass)
MIN : No(Fail)"
9013,1381,10,4,Length of Perforated part,12.25,12.50,12.75,"MAX : 12.75
TARGET : 12.50
MIN : 12.25"
9013,1381,20,1,Core label with exact footage inside each roll and on outside of bag of each roll?,No(Fail),Yes(Pass),,"MAX : 
TARGET : Yes(Pass)
MIN : No(Fail)"
9013,1381,20,4,Product ID label on outside of box with core label as well?,No(Fail),Yes(Pass),,"MAX : 
TARGET : Yes(Pass)
MIN : No(Fail)"
9013,1381,20,2,Is each roll bagged with core plugs in each end?,No(Fail),Yes(Pass),,"MAX : 
TARGET : Yes(Pass)
MIN : No(Fail)"
9013,1381,20,3,Is each roll bubble wrapped?,No(Fail),Yes(Pass),,"MAX : 
TARGET : Yes(Pass)
MIN : No(Fail)"
9013,1381,20,5,Is supplementary packing slip filled out with correct total footage shipped?,No(Fail),Yes(Pass),,"MAX : 
TARGET : Yes(Pass)
MIN : No(Fail)"
9013,1381,10,1,Was new perf blade used for this order?,No(Fail),Yes(Pass),,"MAX : 
TARGET : Yes(Pass)
MIN : No(Fail)"
8892,1327,10,1,Is the print legible and free of major print defects?,No(Fail),Yes(Pass),,"MAX : 
TARGET : Yes(Pass)
MIN : No(Fail)"
8893,1328,10,1,Length of part,0.490,0.500,0.510,"MAX : 0.510
TARGET : 0.500
MIN : 0.490"
8893,1328,10,3,Distance from center of gold thread to edges of part,0.02,0.05,0.08,"MAX : 0.08
TARGET : 0.05
MIN : 0.02"
8893,1328,10,4,Is the die strike deep enough to remove the matrix but not cut into the liner?,No(Fail),Yes(Pass),,"MAX : 
TARGET : Yes(Pass)
MIN : No(Fail)"
9015,2043,10,3,Is the roll wound without gapping or telescoping?,No(Fail),Yes(Pass),,"MAX : 
TARGET : Yes(Pass)
MIN : No(Fail)"
8897,1329,10,2,Width of 8047,5.94,6.00,6.06,"MAX : 6.06
TARGET : 6.00
MIN : 5.94"
8897,1329,10,1,Width of 1510,5.94,6.00,6.06,"MAX : 6.06
TARGET : 6.00
MIN : 5.94"
9019,2045,20,3,Does printing in black match description on the work order?,No(Fail),Yes(Pass),,"MAX : 
TARGET : Yes(Pass)
MIN : No(Fail)"
9019,2045,20,4,Is product in the proper unwind direction (1)? ,No(Fail),Yes(Pass),,"MAX : 
TARGET : Yes(Pass)
MIN : No(Fail)"
9019,2045,20,5,Is printing clear and readable?,No(Fail),Yes(Pass),,"MAX : 
TARGET : Yes(Pass)
MIN : No(Fail)"
8898,1330,20,2,"Datum C to closest edge of FSA internal shape cut
",2.3,2.5,2.7,"MAX : 2.7
TARGET : 2.5
MIN : 2.3"
8898,1330,20,1,Datum C to upper edge of gasket internal shape cut,1.7,2.0,2.3,"MAX : 2.3
TARGET : 2.0
MIN : 1.7"
9017,1383,20,1,Length of part,7.5,8.0,8.5,"MAX : 8.5
TARGET : 8.0
MIN : 7.5"
9017,1383,20,2,Width of part,7.5,8.0,8.5,"MAX : 8.5
TARGET : 8.0
MIN : 7.5"
9017,1383,20,3,Is the die strike deep enough to strip the matrix but not cut into the liner?,No(Fail),Yes(Pass),,"MAX : 
TARGET : Yes(Pass)
MIN : No(Fail)"
9017,1383,20,4,Is the adhesive laminated to the medium release side of the liner? ,No(Fail),Yes(Pass),,"MAX : 
TARGET : Yes(Pass)
MIN : No(Fail)"
8899,1331,20,2,"Datum C to closest edge of FSA internal shape cut
",2.3,2.5,2.7,"MAX : 2.7
TARGET : 2.5
MIN : 2.3"
8899,1331,20,20,Is the score depth adequate to remove the adhesive but not compromise the part liner?,No(Fail),Yes(Pass),,"MAX : 
TARGET : Yes(Pass)
MIN : No(Fail)"
9016,1382,20,3,Is the die strike deep enough to remove the matrix but not cut into the liner?,No(Fail),Yes(Pass),,"MAX : 
TARGET : Yes(Pass)
MIN : No(Fail)"
8899,1331,20,1,Datum C to upper edge of gasket internal shape cut,1.7,2.0,2.3,"MAX : 2.3
TARGET : 2.0
MIN : 1.7"
8899,1331,20,19,"Do the parts pass the part release test?
Use Release Liner Testing Rev A with gauge #372 or #373 provided by Muth. - 20 parts",No(Fail),Yes(Pass),,"MAX : 
TARGET : Yes(Pass)
MIN : No(Fail)"
9020,1384,20,2,Is the die strike deep enough to remove the matrix but not cut into the liner?,No(Fail),Yes(Pass),,"MAX : 
TARGET : Yes(Pass)
MIN : No(Fail)"
9020,1384,10,1,Width of slit roll,4.94,5.00,5.06,"MAX : 5.06
TARGET : 5.00
MIN : 4.94"
8901,1332,10,2,Is the die strike deep enough to remove the matrix but not cut into the liner?,No(Fail),Yes(Pass),,"MAX : 
TARGET : Yes(Pass)
MIN : No(Fail)"
8901,1332,10,1,Diameter of part,0.94,1.00,1.06,"MAX : 1.06
TARGET : 1.00
MIN : 0.94"
9023,2046,20,3,Is the butt cut deep enough to remove the part but not cut into the liner?,No(Fail),Yes(Pass),,"MAX : 
TARGET : Yes(Pass)
MIN : No(Fail)"
8902,2003,10,1,Does the hole pattern match and fit the template?,No(Fail),Yes(Pass),,"MAX : 
TARGET : Yes(Pass)
MIN : No(Fail)"
8902,2003,10,2,Are the holes cleanly cut and chads ejected?,No(Fail),Yes(Pass),,"MAX : 
TARGET : Yes(Pass)
MIN : No(Fail)"
9018,2044,20,7,Is the die strike deep enough to remove the matrix but not cut into the liner?,No (Fail),Yes (Pass),,"MAX : 
TARGET : Yes (Pass)
MIN : No (Fail)"
9018,2044,20,8,When the interleave is removed does the part stay with the carrier liner?,No (Fail),Yes (Pass),,"MAX : 
TARGET : Yes (Pass)
MIN : No (Fail)"
8902,2003,10,4,"Is the raw material free of visible defects?  If defects are observed, please set the rolls aside.",No(Fail),Yes(Pass),,"MAX : 
TARGET : Yes(Pass)
MIN : No(Fail)"
8903,2004,10,1,Does the hole pattern match and fit the template?,No(Fail),Yes(Pass),,"MAX : 
TARGET : Yes(Pass)
MIN : No(Fail)"
8903,2004,10,2,Are the holes cleanly cut and chads ejected?,No(Fail),Yes(Pass),,"MAX : 
TARGET : Yes(Pass)
MIN : No(Fail)"
9012,1380,10,3,"Distance from hole to top of ""head""",111.87,112.37,112.87,"MAX : 112.87
TARGET : 112.37
MIN : 111.87"
9012,1380,10,4,"Distance from hole to bottom of ""foot""",142.17,142.67,143.17,"MAX : 143.17
TARGET : 142.67
MIN : 142.17"
9012,1380,10,5,Diameter of large hole,38.75,39.00,39.25,"MAX : 39.25
TARGET : 39.00
MIN : 38.75"
9012,1380,10,6,Diameter of small holes,5.80,6.00,6.20,"MAX : 6.20
TARGET : 6.00
MIN : 5.80"
8903,2004,10,4,"Is the raw material free of visible defects?  If defects are observed, please set the rolls aside.",No(Fail),Yes(Pass),,"MAX : 
TARGET : Yes(Pass)
MIN : No(Fail)"
8904,2005,10,1,Does the hole pattern match and fit the template?,No(Fail),Yes(Pass),,"MAX : 
TARGET : Yes(Pass)
MIN : No(Fail)"
9021,1385,30,3,Length of Legs,0.437,0.50,0.563,"MAX : 0.563
TARGET : 0.50
MIN : 0.437"
9021,1385,30,4,Width of Part,5.687,5.75,5.813,"MAX : 5.813
TARGET : 5.75
MIN : 5.687"
9021,1385,30,5,Width of BOTTOM leg,0.437,0.50,0.563,"MAX : 0.563
TARGET : 0.50
MIN : 0.437"
9021,1385,30,6,Width of Non-Woven,5.317,5.38,5.443,"MAX : 5.443
TARGET : 5.38
MIN : 5.317"
9021,1385,30,7,Width of GRAB Tab area created at top (Distance from top Non-Woven to TM8720XT adhesive),0.067,0.13,0.193,"MAX : 0.193
TARGET : 0.13
MIN : 0.067"
9021,1385,30,8,Width of top tab (WHERE ADHESIVE IS MISSING),0.437,0.50,0.563,"MAX : 0.563
TARGET : 0.50
MIN : 0.437"
9021,1385,30,9,Is the part clean and free of all debris,No(Fail),Yes(Pass),,"MAX : 
TARGET : Yes(Pass)
MIN : No(Fail)"
9021,1385,30,10,"Are you wearing a Hair Net, Beard Net, Gloves etc as required.",No(Fail),Yes(Pass),,"MAX : 
TARGET : Yes(Pass)
MIN : No(Fail)"
9021,1385,10,1,Is the Print Clean and free of visual defects?,No(Fail),Yes(Pass),,"MAX : 
TARGET : Yes(Pass)
MIN : No(Fail)"
9021,1385,20,1,Width of slit label stock,0.687,0.75,0.813,"MAX : 0.813
TARGET : 0.75
MIN : 0.687"
9021,1385,20,2,Is the finished roll wound in rewind direction #3?,No(Fail),Yes(Pass),,"MAX : 
TARGET : Yes(Pass)
MIN : No(Fail)"
8904,2005,10,2,Are the holes cleanly cut and chads ejected?,No(Fail),Yes(Pass),,"MAX : 
TARGET : Yes(Pass)
MIN : No(Fail)"
8904,2005,10,4,"Is the raw material free of visible defects?  If defects are observed, please set the rolls aside.",No(Fail),Yes(Pass),,"MAX : 
TARGET : Yes(Pass)
MIN : No(Fail)"
9022,1386,30,3,Length of Legs,0.687   Trail,0.75,0.813  Lead,"MAX : 0.813  Lead
TARGET : 0.75
MIN : 0.687   Trail"
9022,1386,30,4,Width of Part,6.187,6.25,6.313,"MAX : 6.313
TARGET : 6.25
MIN : 6.187"
9022,1386,30,5,Width of BOTTOM leg,0.687,0.75,0.813,"MAX : 0.813
TARGET : 0.75
MIN : 0.687"
9022,1386,30,6,Width of Non-Woven,5.817,5.88,5.943,"MAX : 5.943
TARGET : 5.88
MIN : 5.817"
9022,1386,30,7,Width of GRAB Tab area created at top (Distance from top Non-Woven to TM8720XT adhesive),0.067,0.13,0.193,"MAX : 0.193
TARGET : 0.13
MIN : 0.067"
9022,1386,30,8,Width of top tab (WHERE ADHESIVE IS MISSING),0.437,0.50,0.563,"MAX : 0.563
TARGET : 0.50
MIN : 0.437"
9022,1386,30,9,Is the part clean and free of all debris,No(Fail),Yes(Pass),,"MAX : 
TARGET : Yes(Pass)
MIN : No(Fail)"
9022,1386,30,10,"Are you wearing a Hair Net, Beard Net, Gloves etc as required.",No(Fail),Yes(Pass),,"MAX : 
TARGET : Yes(Pass)
MIN : No(Fail)"
9022,1386,10,1,Is the Print Clean and free of visual defects?,No(Fail),Yes(Pass),,"MAX : 
TARGET : Yes(Pass)
MIN : No(Fail)"
9022,1386,20,1,Width of slit label stock,0.687,0.75,0.813,"MAX : 0.813
TARGET : 0.75
MIN : 0.687"
9022,1386,20,2,Is the finished roll wound in rewind direction #3?,No(Fail),Yes(Pass),,"MAX : 
TARGET : Yes(Pass)
MIN : No(Fail)"
8905,2006,10,1,Does the hole pattern match and fit the template?,No(Fail),Yes(Pass),,"MAX : 
TARGET : Yes(Pass)
MIN : No(Fail)"
8905,2006,10,2,Are the holes cleanly cut and chads ejected?,No(Fail),Yes(Pass),,"MAX : 
TARGET : Yes(Pass)
MIN : No(Fail)"
8905,2006,10,4,"Is the raw material free of visible defects?  If defects are observed, please set the rolls aside.",No(Fail),Yes(Pass),,"MAX : 
TARGET : Yes(Pass)
MIN : No(Fail)"
8906,2007,10,1,Does the hole pattern match and fit the template?,No(Fail),Yes(Pass),,"MAX : 
TARGET : Yes(Pass)
MIN : No(Fail)"
8906,2007,10,2,Are the holes cleanly cut and chads ejected?,No(Fail),Yes(Pass),,"MAX : 
TARGET : Yes(Pass)
MIN : No(Fail)"
8906,2007,10,4,"Is the raw material free of visible defects?  If defects are observed, please set the rolls aside.",No(Fail),Yes(Pass),,"MAX : 
TARGET : Yes(Pass)
MIN : No(Fail)"
9025,1387,20,3,Width of adhesive,4.94,5.00,5.06,"MAX : 5.06
TARGET : 5.00
MIN : 4.94"
9025,1387,20,4,Is the score deep enough to remove the adhesive but not cut into the liner?,No(Fail),Yes(Pass),,"MAX : 
TARGET : Yes(Pass)
MIN : No(Fail)"
9025,1387,20,5,Is the die strike deep enough to remove the matrix but not cut into the liner?,No(Fail),Yes(Pass),,"MAX : 
TARGET : Yes(Pass)
MIN : No(Fail)"
8909,1333,10,1,Is the proper label applied to the bags?,No (Fail),Yes (Pass),,"MAX : 
TARGET : Yes (Pass)
MIN : No (Fail)"
8872,1322,20,4,Distance from edge of part to red stripe,10.3,11.3,12.3,"MAX : 12.3
TARGET : 11.3
MIN : 10.3"
8910,1334,10,2,"Are there three 30 packs of white, and one 10 pack of clear in each carton?",No (Fail),Yes (Pass),,"MAX : 
TARGET : Yes (Pass)
MIN : No (Fail)"
9026,1388,20,4,Width of adhesive ,34.41,34.71,35.01,"MAX : 35.01
TARGET : 34.71
MIN : 34.41"
9026,1388,20,5,Diameter of hole,4.29,5.09,5.89,"MAX : 5.89
TARGET : 5.09
MIN : 4.29"
9026,1388,20,6,Distance from center of slit to center of hole,19.20,20.00,20.80,"MAX : 20.80
TARGET : 20.00
MIN : 19.20"
9026,1388,20,7,Length of slit,4.69,5.49,6.29,"MAX : 6.29
TARGET : 5.49
MIN : 4.69"
9026,1388,20,10,Is the score deep enough to remove the adhesive but not cut into the liner?,No(Fail),Yes(Pass),,"MAX : 
TARGET : Yes(Pass)
MIN : No(Fail)"
9026,1388,20,11,Are the holes cleanly ejected?,No(Fail),Yes(Pass),,"MAX : 
TARGET : Yes(Pass)
MIN : No(Fail)"
9026,1388,20,12,Is the die strike deep enough to remove the matrix but not cut into the liner?,No(Fail),Yes(Pass),,"MAX : 
TARGET : Yes(Pass)
MIN : No(Fail)"
8910,1334,10,1,Are the proper labels applied to the bags?,No (Fail),Yes (Pass),,"MAX : 
TARGET : Yes (Pass)
MIN : No (Fail)"
8912,2008,10,2,Is the roll wound with telescoping or gapping?,No(Fail),Yes(Pass),,"MAX : 
TARGET : Yes(Pass)
MIN : No(Fail)"
8912,2008,10,1,Width of roll,11.2,12.0,12.8,"MAX : 12.8
TARGET : 12.0
MIN : 11.2"
8914,1335,20,2,Distance from hole 1 to end,7.60,7.70,7.80,"MAX : 7.80
TARGET : 7.70
MIN : 7.60"
9027,1389,20,3,Distance from end of part to internal rectangle,2.48,2.50,2.52,"MAX : 2.52
TARGET : 2.50
MIN : 2.48"
9027,1389,20,4,Width of part,7.98,8.00,8.02,"MAX : 8.02
TARGET : 8.00
MIN : 7.98"
9027,1389,20,5,Width of internal rectangle,3.98,4.00,4.02,"MAX : 4.02
TARGET : 4.00
MIN : 3.98"
9027,1389,20,6,Distance from edge of part to internal rectangle,1.98,2.00,2.02,"MAX : 2.02
TARGET : 2.00
MIN : 1.98"
9027,1389,20,7,Is the internal rectangle cleanly cut and easy to remove?,No(Fail),Yes(Pass),,"MAX : 
TARGET : Yes(Pass)
MIN : No(Fail)"
8914,1335,20,1,Length of part,99.23,99.33,99.43,"MAX : 99.43
TARGET : 99.33
MIN : 99.23"
8915,1336,20,2,Width of scored adhesive,16.33,17.08,17.83,"MAX : 17.83
TARGET : 17.08
MIN : 16.33"
8915,1336,30,9,Width of carrier liner,97.55,97.80,98.05,"MAX : 98.05
TARGET : 97.80
MIN : 97.55"
8915,1336,20,1,Distance from edge of adhesive to close edge of extended liner,6.25,6.50,6.75,"MAX : 6.75
TARGET : 6.50
MIN : 6.25"
9029,1390,10,3,Is the print visually center in the cross web direction?,No(Fail),Yes(Pass),,"MAX : 
TARGET : Yes(Pass)
MIN : No(Fail)"
9029,1390,20,1,Width of foam (this dimension is in inches),3.25,3.3,3.5,"MAX : 3.5
TARGET : 3.3
MIN : 3.25"
9029,1390,30,1,Diameter of hole,50.57,50.80,51.03,"MAX : 51.03
TARGET : 50.80
MIN : 50.57"
9029,1390,30,2,Length of part,68.7,70.0,71.3,"MAX : 71.3
TARGET : 70.0
MIN : 68.7"
9029,1390,30,3,Width of part,68.7,70.0,71.3,"MAX : 71.3
TARGET : 70.0
MIN : 68.7"
9029,1390,30,4,Width of tab material,1.5,3.0,4.5,"MAX : 4.5
TARGET : 3.0
MIN : 1.5"
9029,1390,30,5,Is the print visually centered on the non-hole side?,No(Fail),Yes(Pass),,"MAX : 
TARGET : Yes(Pass)
MIN : No(Fail)"
9029,1390,30,6,Is the 1522 exposed in the circle area?,No(Fail),Yes(Pass),,"MAX : 
TARGET : Yes(Pass)
MIN : No(Fail)"
9029,1390,30,7,Does the low tack material cover the hole and remove from the foam as needed?,No(Fail),Yes(Pass),,"MAX : 
TARGET : Yes(Pass)
MIN : No(Fail)"
8915,1336,20,4,Width of interleave liner,93.63,94.63,95.63,"MAX : 95.63
TARGET : 94.63
MIN : 93.63"
8915,1336,30,10,Distance from edge of part to bottom edge of extended liner ,44.45,44.70,44.95,"MAX : 44.95
TARGET : 44.70
MIN : 44.45"
8915,1336,30,11,Distance from top edge of adhesive to centerline of holes,7.42,8.17,8.92,"MAX : 8.92
TARGET : 8.17
MIN : 7.42"
8915,1336,30,12,Distance from top of part to edge of carrier liner,2.00,3.00,4.00,"MAX : 4.00
TARGET : 3.00
MIN : 2.00"
8022,1170,20,3,Is the box oriented correctly with the 4 square cut-outs at the bottom?  (Monitor constantly/log data every 22-24 boxes),No(Fail),Yes(Pass),,"MAX : 
TARGET : Yes(Pass)
MIN : No(Fail)"
8022,1170,20,4,"With the tail on the left side of the box and the tops pulling out on the right side, is the ""Bair"" logo on the bottom right side of the part, when looking down into the box?  (Monitor constantly/log data every 22-24 boxes)",No(Fail),Yes(Pass),,"MAX : 
TARGET : Yes(Pass)
MIN : No(Fail)"
8022,1170,20,5,No more than 2 missing parts in a row.  (Monitor constantly/log data every 22-24 boxes),No(Fail),Yes(Pass),,"MAX : 
TARGET : Yes(Pass)
MIN : No(Fail)"
8022,1170,20,6,"Have parts with aesthetic issues (overlapping, wrinkles, perf on part, damage, etc...) been removed?  (Monitor constantly/log data every 22-24 boxes)",No(Fail),Yes(Pass),,"MAX : 
TARGET : Yes(Pass)
MIN : No(Fail)"
8022,1170,20,7,Are cartons labeled correctly with correct part numbers based on their destination?,No(Fail),Yes(Pass),,"MAX : 
TARGET : Yes(Pass)
MIN : No(Fail)"
8919,1337,20,2,Leading edge leg,0.085,0.100,0.115,"MAX : 0.115
TARGET : 0.100
MIN : 0.085"
8919,1337,20,1,Length of part,1.130,1.145,1.160,"MAX : 1.160
TARGET : 1.145
MIN : 1.130"
9030,1391,20,3,Is the butt cut deep enough to remove the part but not cut into the liner?,No(Fail),Yes(Pass),,"MAX : 
TARGET : Yes(Pass)
MIN : No(Fail)"
8921,1338,10,2,Does the score fit the approved score template?,No (Fail),Yes (Pass),,"MAX : 
TARGET : Yes (Pass)
MIN : No (Fail)"
8921,1338,10,1,Does the part fit the approved part template?,No (Fail),Yes (Pass),,"MAX : 
TARGET : Yes (Pass)
MIN : No (Fail)"
8922,1339,10,2,Width of part - checked off liner,24,25,26,"MAX : 26
TARGET : 25
MIN : 24"
9031,1392,20,5,Are the black and green in register?,No(Fail),Yes(Pass),,"MAX : 
TARGET : Yes(Pass)
MIN : No(Fail)"
9031,1392,20,6,Is the print in register with the die?,No(Fail),Yes(Pass),,"MAX : 
TARGET : Yes(Pass)
MIN : No(Fail)"
9031,1392,20,7,Is the die strike deep enough to remove the internal labels but not cut into the liner?,No(Fail),Yes(Pass),,"MAX : 
TARGET : Yes(Pass)
MIN : No(Fail)"
9031,1392,20,3,Distance from edge of sheet to close edge of internal die cut.,0.32,0.38,0.44,"MAX : 0.44
TARGET : 0.38
MIN : 0.32"
9031,1392,20,4,Distance from end of sheet to close edge of internal die cut.,0.44,0.50,0.56,"MAX : 0.56
TARGET : 0.50
MIN : 0.44"
8922,1339,10,1,Length of part - checked off liner,54,55,56,"MAX : 56
TARGET : 55
MIN : 54"
8923,1340,30,16,Are the holes lined up after the fold?,No (Fail),Yes (Pass),,"MAX : 
TARGET : Yes (Pass)
MIN : No (Fail)"
9032,1393,20,5,Are the black and purple in register?,No(Fail),Yes(Pass),,"MAX : 
TARGET : Yes(Pass)
MIN : No(Fail)"
9032,1393,20,6,Is the print in register with the die?,No(Fail),Yes(Pass),,"MAX : 
TARGET : Yes(Pass)
MIN : No(Fail)"
9032,1393,20,7,Is the die strike deep enough to remove the internal labels but not cut into the liner?,No(Fail),Yes(Pass),,"MAX : 
TARGET : Yes(Pass)
MIN : No(Fail)"
9032,1393,20,3,Distance from edge of sheet to close edge of internal die cut.,0.32,0.38,0.44,"MAX : 0.44
TARGET : 0.38
MIN : 0.32"
9032,1393,20,4,Distance from end of sheet to close edge of internal die cut.,0.44,0.50,0.56,"MAX : 0.56
TARGET : 0.50
MIN : 0.44"
8923,1340,30,1,Part Length,1.129,1.134,1.139,"MAX : 1.139
TARGET : 1.134
MIN : 1.129"
8923,1340,30,17,Is the adhesive die strike deep enough to remove the matrix but not cut into the liner?,No (Fail),Yes (Pass),,"MAX : 
TARGET : Yes (Pass)
MIN : No (Fail)"
9033,1394,20,5,Are the black and yellow in register?,No(Fail),Yes(Pass),,"MAX : 
TARGET : Yes(Pass)
MIN : No(Fail)"
9033,1394,20,6,Is the print in register with the die?,No(Fail),Yes(Pass),,"MAX : 
TARGET : Yes(Pass)
MIN : No(Fail)"
9033,1394,20,7,Is the die strike deep enough to remove the internal labels but not cut into the liner?,No(Fail),Yes(Pass),,"MAX : 
TARGET : Yes(Pass)
MIN : No(Fail)"
9033,1394,20,3,Distance from edge of sheet to close edge of internal die cut.,0.32,0.38,0.44,"MAX : 0.44
TARGET : 0.38
MIN : 0.32"
9033,1394,20,4,Distance from end of sheet to close edge of internal die cut.,0.44,0.50,0.56,"MAX : 0.56
TARGET : 0.50
MIN : 0.44"
8923,1340,30,12,Bottom Left Diameter,0.188,0.193,0.198,"MAX : 0.198
TARGET : 0.193
MIN : 0.188"
8924,1341,20,2,Width of part,1.44,1.50,1.56,"MAX : 1.56
TARGET : 1.50
MIN : 1.44"
9034,1395,10,3,Is the adhesive laminated to the medium side of the liner?,No(Fail),Yes(Pass),,"MAX : 
TARGET : Yes(Pass)
MIN : No(Fail)"
8924,1341,20,1,Length of part,1.44,1.50,1.56,"MAX : 1.56
TARGET : 1.50
MIN : 1.44"
8930,2009,10,1,Does the hole pattern match and fit the template?,No(Fail),Yes(Pass),,"MAX : 
TARGET : Yes(Pass)
MIN : No(Fail)"
9035,1396,30,3,Length of Legs,0.687   Trail,0.75 ,0.813  Lead,"MAX : 0.813  Lead
TARGET : 0.75 
MIN : 0.687   Trail"
9035,1396,30,4,Width of Part,6.187,6.25,6.313,"MAX : 6.313
TARGET : 6.25
MIN : 6.187"
9035,1396,30,5,Width of BOTTOM leg,0.687,0.750,0.813,"MAX : 0.813
TARGET : 0.750
MIN : 0.687"
9035,1396,30,6,Width of Non-Woven,5.817,5.88,5.943,"MAX : 5.943
TARGET : 5.88
MIN : 5.817"
9035,1396,30,7,Width of GRAB Tab area created at top (Distance from top Non-Woven to 2477P adhesive),0.067,0.13,0.193,"MAX : 0.193
TARGET : 0.13
MIN : 0.067"
9035,1396,30,8,Width of top tab (WHERE ADHESIVE IS MISSING),0.437,0.50,0.563,"MAX : 0.563
TARGET : 0.50
MIN : 0.437"
9035,1396,30,9,Is the part clean and free of all debris,No(Fail),Yes(Pass),,"MAX : 
TARGET : Yes(Pass)
MIN : No(Fail)"
9035,1396,30,10,"Are you wearing a Hair Net, Beard Net, Gloves etc as required.",No(Fail),Yes(Pass),,"MAX : 
TARGET : Yes(Pass)
MIN : No(Fail)"
9035,1396,20,1,Is the Print Clean and free of visual defects?,No(Fail),Yes(Pass),,"MAX : 
TARGET : Yes(Pass)
MIN : No(Fail)"
9035,1396,20,2,Width of slit label stock,0.687,0.75,0.813,"MAX : 0.813
TARGET : 0.75
MIN : 0.687"
9035,1396,20,3,Is the finished roll wound in rewind direction #3?,No(Fail),Yes(Pass),,"MAX : 
TARGET : Yes(Pass)
MIN : No(Fail)"
8930,2009,10,2,Are the holes cleanly cut and chads ejected?,No(Fail),Yes(Pass),,"MAX : 
TARGET : Yes(Pass)
MIN : No(Fail)"
8931,2010,20,1,Is the adhesive visually centered on the liner?,No(Fail),Yes(Pass),,"MAX : 
TARGET : Yes(Pass)
MIN : No(Fail)"
9036,1397,30,3,Length of Legs,0.437,0.50,0.563,"MAX : 0.563
TARGET : 0.50
MIN : 0.437"
9036,1397,30,4,Width of Part,5.687,5.75,5.813,"MAX : 5.813
TARGET : 5.75
MIN : 5.687"
9036,1397,30,5,Width of BOTTOM leg,0.437,0.50,0.563,"MAX : 0.563
TARGET : 0.50
MIN : 0.437"
9036,1397,30,6,Width of Non-Woven,5.317,5.38,5.443,"MAX : 5.443
TARGET : 5.38
MIN : 5.317"
9036,1397,30,7,Width of GRAB Tab area created at top (Distance from top Non-Woven to 2477P adhesive),0.067,0.13,0.193,"MAX : 0.193
TARGET : 0.13
MIN : 0.067"
9036,1397,30,8,Width of top tab (Edge of adhesive to edge of liner),0.437,0.50,0.563,"MAX : 0.563
TARGET : 0.50
MIN : 0.437"
9036,1397,30,9,Is the part clean and free of all debris,No(Fail),Yes(Pass),,"MAX : 
TARGET : Yes(Pass)
MIN : No(Fail)"
9036,1397,30,10,"Are you wearing a Hair Net, Beard Net, Gloves etc as required.",No(Fail),Yes(Pass),,"MAX : 
TARGET : Yes(Pass)
MIN : No(Fail)"
9036,1397,20,1,Is the Print Clean and free of visual defects?,No(Fail),Yes(Pass),,"MAX : 
TARGET : Yes(Pass)
MIN : No(Fail)"
9036,1397,20,2,Width of slit label stock,0.687,0.75,0.813,"MAX : 0.813
TARGET : 0.75
MIN : 0.687"
9036,1397,20,3,Is the finished roll wound in rewind direction #3?,No(Fail),Yes(Pass),,"MAX : 
TARGET : Yes(Pass)
MIN : No(Fail)"
8931,2010,10,1,Width of liner,13.37,13.50,13.63,"MAX : 13.63
TARGET : 13.50
MIN : 13.37"
8931,2010,20,4,Is there minimal cockling/wrinkles in the finished rolls?,No(Fails),Yes(Pass),,"MAX : 
TARGET : Yes(Pass)
MIN : No(Fails)"
8898,1330,20,19,"Do the parts pass the part release test?
Use Release Liner Testing Rev A with gauge #372 or #373 provided by Muth.",No(Fail),Yes(Pass),,"MAX : 
TARGET : Yes(Pass)
MIN : No(Fail)"
8898,1330,20,20,Is the score depth adequate to remove the adhesive but not compromise the part liner?,No(Fail),Yes(Pass),,"MAX : 
TARGET : Yes(Pass)
MIN : No(Fail)"
8935,2011,10,1,Does the hole pattern match and fit the template?,No(Fail),Yes(Pass),,"MAX : 
TARGET : Yes(Pass)
MIN : No(Fail)"
9037,1398,30,1,Length of part,9.87,10.00,10.13,"MAX : 10.13
TARGET : 10.00
MIN : 9.87"
9037,1398,30,2,Width of part,7.87,8.00,8.13,"MAX : 8.13
TARGET : 8.00
MIN : 7.87"
9037,1398,30,3,Distance from top edge of shield to bottom of foam,1.25,1.50,1.75,"MAX : 1.75
TARGET : 1.50
MIN : 1.25"
9037,1398,30,4,Distance from top edge to edge of Adhesive,0.12,0.25,0.38,"MAX : 0.38
TARGET : 0.25
MIN : 0.12"
9037,1398,30,5,Width of 9701,3.87,4.00,4.13,"MAX : 4.13
TARGET : 4.00
MIN : 3.87"
9037,1398,30,7,Is the foam laminated to the anti-fogging side of the PET?,No(Fail),Yes(Pass),,"MAX : 
TARGET : Yes(Pass)
MIN : No(Fail)"
9037,1398,30,8,Are all adhesive covered and not exposed?,No(Fail),Yes(Pass),,"MAX : 
TARGET : Yes(Pass)
MIN : No(Fail)"
9037,1398,30,6,Is the cut out in the 9701 visually centered on the PET?,No(Fail),Yes(Pass),,"MAX : 
TARGET : Yes(Pass)
MIN : No(Fail)"
8935,2011,10,4,"Is the raw material free of visible defects?  If defects are observed, please set the rolls aside.",No(Fail),Yes(Pass),,"MAX : 
TARGET : Yes(Pass)
MIN : No(Fail)"
8935,2011,10,2,Are the holes cleanly cut and chads ejected?,No(Fail),Yes(Pass),,"MAX : 
TARGET : Yes(Pass)
MIN : No(Fail)"
8936,2012,10,1,Does the hole pattern match and fit the template?,No(Fail),Yes(Pass),,"MAX : 
TARGET : Yes(Pass)
MIN : No(Fail)"
8936,2012,10,4,"Is the raw material free of visible defects?  If defects are observed, please set the rolls aside.",No(Fail),Yes(Pass),,"MAX : 
TARGET : Yes(Pass)
MIN : No(Fail)"
8936,2012,10,2,Are the holes cleanly cut and chads ejected?,No(Fail),Yes(Pass),,"MAX : 
TARGET : Yes(Pass)
MIN : No(Fail)"
9039,1399,20,3,Width 1,109.32,109.62,109.92,"MAX : 109.92
TARGET : 109.62
MIN : 109.32"
9039,1399,20,4,Width 2,19.49,19.69,19.89,"MAX : 19.89
TARGET : 19.69
MIN : 19.49"
9039,1399,20,5,Hole 1,5.90,6.00,6.10,"MAX : 6.10
TARGET : 6.00
MIN : 5.90"
9039,1399,20,6,Hole 2,6.40,6.50,6.70,"MAX : 6.70
TARGET : 6.50
MIN : 6.40"
9039,1399,20,7,Hole 3,6.70,6.80,7.00,"MAX : 7.00
TARGET : 6.80
MIN : 6.70"
9039,1399,20,8,Hole 4,5.09,5.19,5.39,"MAX : 5.39
TARGET : 5.19
MIN : 5.09"
9039,1399,20,12,Is the die strike deep enough to remove the matrix but not cut into the liner?,No(Fail),Yes(Pass),,"MAX : 
TARGET : Yes(Pass)
MIN : No(Fail)"
9039,1399,20,11,Are all of the holes cleanly ejected?,No(Fail),Yes(Pass),,"MAX : 
TARGET : Yes(Pass)
MIN : No(Fail)"
8936,2012,10,3,Is rewind direction #2 as shown on drawing?,No(Fail),Yes(Pass),,"MAX : 
TARGET : Yes(Pass)
MIN : No(Fail)"
8937,2013,10,1,Does the hole pattern match and fit the template?,No(Fail),Yes(Pass),,"MAX : 
TARGET : Yes(Pass)
MIN : No(Fail)"
8937,2013,10,4,"Is the raw material free of visible defects?  If defects are observed, please set the rolls aside.",No(Fail),Yes(Pass),,"MAX : 
TARGET : Yes(Pass)
MIN : No(Fail)"
8937,2013,10,2,Are the holes cleanly cut and chads ejected?,No(Fail),Yes(Pass),,"MAX : 
TARGET : Yes(Pass)
MIN : No(Fail)"
9044,1403,20,2,Width of liner,1.44,1.50,1.56,"MAX : 1.56
TARGET : 1.50
MIN : 1.44"
9044,1403,20,3,Length of part,1.94,2.00,2.06,"MAX : 2.06
TARGET : 2.00
MIN : 1.94"
9044,1403,20,4,Is the VHB visually centered on the liner?,No(Fail),Yes(Pass),,"MAX : 
TARGET : Yes(Pass)
MIN : No(Fail)"
9044,1403,20,5,Is the VHB laminated to the tighter release side of the liner?,No(Fail),Yes(Pass),,"MAX : 
TARGET : Yes(Pass)
MIN : No(Fail)"
8937,2013,10,3,Is rewind direction #2 as shown on drawing?,No(Fail),Yes(Pass),,"MAX : 
TARGET : Yes(Pass)
MIN : No(Fail)"
8938,1342,20,3,Diameter of part,1.594,1.614,1.634,"MAX : 1.634
TARGET : 1.614
MIN : 1.594"
9010,1378,10,3,Are the slit edges free of slivers and double cuts.,No(Fail),Yes(Pass),,"MAX : 
TARGET : Yes(Pass)
MIN : No(Fail)"
8938,1342,20,4,Thickness of Foam (with one liner each side),0.105,0.125,0.145,"MAX : 0.145
TARGET : 0.125
MIN : 0.105"
8938,1342,20,6,Is the die strike deep enough to remove the matrix but not cut into the liner?,No(Fail),Yes(Pass),,"MAX : 
TARGET : Yes(Pass)
MIN : No(Fail)"
9011,1379,10,3,Are the slit edges free of slivers and double cuts.,No(Fail),Yes(Pass),,"MAX : 
TARGET : Yes(Pass)
MIN : No(Fail)"
9011,1379,20,1,Length of hole in hydrogel,2.033,2.063,2.093,"MAX : 2.093
TARGET : 2.063
MIN : 2.033"
9011,1379,20,2,Width of hole in hydrogel,4.033,4.063,4.093,"MAX : 4.093
TARGET : 4.063
MIN : 4.033"
9011,1379,20,3,Length of gauze pad,1.97,2.00,2.03,"MAX : 2.03
TARGET : 2.00
MIN : 1.97"
9011,1379,20,4,Width of gauze pad,3.97,4.00,4.03,"MAX : 4.03
TARGET : 4.00
MIN : 3.97"
9011,1379,20,5,Length of hydrogel,3.97,4.00,4.03,"MAX : 4.03
TARGET : 4.00
MIN : 3.97"
9011,1379,20,6,Width of hydrogel,5.97,6.00,6.03,"MAX : 6.03
TARGET : 6.00
MIN : 5.97"
9011,1379,20,8,Does the gauze pad set in the hydrogel pocket without touching the gel?,No(Fail),Yes(Pass),,"MAX : 
TARGET : Yes(Pass)
MIN : No(Fail)"
9011,1379,20,7,Distance from edge of part to back score,1.22,1.25,1.28,"MAX : 1.28
TARGET : 1.25
MIN : 1.22"
9011,1379,20,9,Is the die strike deep enough to remove the matrix but not cut into the liner?,No(Fail),Yes(Pass),,"MAX : 
TARGET : Yes(Pass)
MIN : No(Fail)"
8938,1342,20,1,"Thickness of Foam (with one liner each side)
Visually inspect every foam roll prior to putting on press for thin spots",0.105,0.125,0.145,"MAX : 0.145
TARGET : 0.125
MIN : 0.105"
8939,1343,10,2,Width of label ,2.83,2.86,2.89,"MAX : 2.89
TARGET : 2.86
MIN : 2.83"
9010,1378,20,3,Length of gauze pad,1.97,2.00,2.03,"MAX : 2.03
TARGET : 2.00
MIN : 1.97"
9010,1378,20,4,Width of gauze pad,1.97,2.00,2.03,"MAX : 2.03
TARGET : 2.00
MIN : 1.97"
9010,1378,20,5,Length of hydrogel,4.97,4.00,4.03,"MAX : 4.03
TARGET : 4.00
MIN : 4.97"
9010,1378,20,6,Width of hydrogel,3.97,4.00,4.03,"MAX : 4.03
TARGET : 4.00
MIN : 3.97"
9010,1378,20,8,Does the gauze pad set in the hydrogel pocket without touching the gel?,No(Fail),Yes(Pass),,"MAX : 
TARGET : Yes(Pass)
MIN : No(Fail)"
9010,1378,20,7,Distance from edge of part to back score,1.22,1.25,1.28,"MAX : 1.28
TARGET : 1.25
MIN : 1.22"
9010,1378,20,9,Is the die strike deep enough to remove the matrix but not cut into the liner?,No(Fail),Yes(Pass),,"MAX : 
TARGET : Yes(Pass)
MIN : No(Fail)"
8939,1343,10,1,Length of label,1.97,2.00,2.03,"MAX : 2.03
TARGET : 2.00
MIN : 1.97"
8941,2014,10,2,Is the slit edge free of slivers and double cuts?,No(Fail),Yes(Pass),,"MAX : 
TARGET : Yes(Pass)
MIN : No(Fail)"
8941,2014,10,1,Width of slit roll,1.47,1.50,1.53,"MAX : 1.53
TARGET : 1.50
MIN : 1.47"
8942,1344,10,2,Distance from center of small center hole to center of bottom left small hole,8.936,8.946,8.956,"MAX : 8.956
TARGET : 8.946
MIN : 8.936"
8942,1344,10,1,Length of sheet,18.00,18.00,18.30,"MAX : 18.30
TARGET : 18.00
MIN : 18.00"
8944,1345,20,2,Width of part,1.556,1.571,1.586,"MAX : 1.586
TARGET : 1.571
MIN : 1.556"
9030,1391,10,3,Is the roll consistent width from core to outside diameter?,No(Fail),Yes(Pass),,"MAX : 
TARGET : Yes(Pass)
MIN : No(Fail)"
8944,1345,20,1,Length of part,1.556,1.571,1.586,"MAX : 1.586
TARGET : 1.571
MIN : 1.556"
8945,2015,10,1,Is the roll wound nicely onto the core?,No(Fail),Yes(Pass),,"MAX : 
TARGET : Yes(Pass)
MIN : No(Fail)"
8946,1346,20,2,Width of sheet,4.94,5.00,5.06,"MAX : 5.06
TARGET : 5.00
MIN : 4.94"
8946,1346,20,1,Length of sheet,3.94,4.00,4.06,"MAX : 4.06
TARGET : 4.00
MIN : 3.94"
8947,1347,20,1,Width of gauze,1.5,2.0,2.5,"MAX : 2.5
TARGET : 2.0
MIN : 1.5"
8947,1347,10,1,Registration mark repeat,4.47,4.50,4.53,"MAX : 4.53
TARGET : 4.50
MIN : 4.47"
9041,1401,20,3,Are the parts visually centered on the parent liner?,No(Fail),Yes(Pass),,"MAX : 
TARGET : Yes(Pass)
MIN : No(Fail)"
8947,1347,30,8,Are equipment parameters maintained as determined by the validation?,No(Fail),Yes(Pass),,"MAX : 
TARGET : Yes(Pass)
MIN : No(Fail)"
8947,1347,30,1,Length of gauze,1.75,2.00,2.25,"MAX : 2.25
TARGET : 2.00
MIN : 1.75"
9042,1402,20,5,Are the parts visually centered on the parent liner?,No(Fail),Yes(Pass),,"MAX : 
TARGET : Yes(Pass)
MIN : No(Fail)"
9042,1402,20,2,Width of adhesive,0.47,0.50,0.53,"MAX : 0.53
TARGET : 0.50
MIN : 0.47"
9042,1402,20,3,Is the score deep enough to remove the adhesive in the tab area but not cut into the liner?,No(Fail),Yes(Pass),,"MAX : 
TARGET : Yes(Pass)
MIN : No(Fail)"
8947,1347,30,4,Width of tab,0.094,0.125,0.156,"MAX : 0.156
TARGET : 0.125
MIN : 0.094"
8914,1335,20,12,Width of liner,90.65,90.90,91.15,"MAX : 91.15
TARGET : 90.90
MIN : 90.65"
8950,2016,10,2,Is the slit edge free of slivers and double cuts?,N0(Fail),Yes(Pass),,"MAX : 
TARGET : Yes(Pass)
MIN : N0(Fail)"
9047,1404,10,3,Hole 2 X Position,0.095,0.100,0.105,"MAX : 0.105
TARGET : 0.100
MIN : 0.095"
9047,1404,10,4,Hole 3 X Position,1.740,1.745,1.750,"MAX : 1.750
TARGET : 1.745
MIN : 1.740"
9047,1404,10,5,Hole 4 X Position,1.559,1.564,1.569,"MAX : 1.569
TARGET : 1.564
MIN : 1.559"
9047,1404,10,6,Width of part (Y direction),0.460,0.465,0.470,"MAX : 0.470
TARGET : 0.465
MIN : 0.460"
9047,1404,10,7,Hole 1 Y Position,0.110,0.115,0.120,"MAX : 0.120
TARGET : 0.115
MIN : 0.110"
9047,1404,10,8,Hole 2 Y Position,0.283,0.288,0.293,"MAX : 0.293
TARGET : 0.288
MIN : 0.283"
9047,1404,10,9,Hole 3 Y Position,0.172,0.177,0.182,"MAX : 0.182
TARGET : 0.177
MIN : 0.172"
9047,1404,10,10,Hole 4 Y Position,0.283,0.288,0.293,"MAX : 0.293
TARGET : 0.288
MIN : 0.283"
9047,1404,10,11,Hole 1 Diameter,0.156,0.161,0.166,"MAX : 0.166
TARGET : 0.161
MIN : 0.156"
9047,1404,10,12,Hole 2 Diameter,0.143,0.148,0.153,"MAX : 0.153
TARGET : 0.148
MIN : 0.143"
9047,1404,10,13,Hole 3 Diameter,0.143,0.148,0.153,"MAX : 0.153
TARGET : 0.148
MIN : 0.143"
9047,1404,10,14,Diameter Hole 4,0.111,0.116,0.121,"MAX : 0.121
TARGET : 0.116
MIN : 0.111"
9047,1404,10,15,Are all holes cleanly ejected?,No(Fail),Yes(Pass),,"MAX : 
TARGET : Yes(Pass)
MIN : No(Fail)"
9047,1404,10,16,Is the adhesive on the correct side per the drawing?,No(Fail),Yes(Pass),,"MAX : 
TARGET : Yes(Pass)
MIN : No(Fail)"
8950,2016,10,1,Width of roll,649,650,651,"MAX : 651
TARGET : 650
MIN : 649"
8951,2017,20,1,Width of roll,0.72,0.75,0.78,"MAX : 0.78
TARGET : 0.75
MIN : 0.72"
9048,1405,10,3,Hole 2 X Position,0.260,0.265,0.270,"MAX : 0.270
TARGET : 0.265
MIN : 0.260"
9048,1405,10,4,Hole 3 X Position,1.559,1.564,1.569,"MAX : 1.569
TARGET : 1.564
MIN : 1.559"
9048,1405,10,5,Hole 4 X Position,1.740,1.745,1.750,"MAX : 1.750
TARGET : 1.745
MIN : 1.740"
9048,1405,10,6,Width of Part (Y Direction),0.460,0.465,0.470,"MAX : 0.470
TARGET : 0.465
MIN : 0.460"
9048,1405,10,7,Hole 1 Y Position,0.283,0.288,0.293,"MAX : 0.293
TARGET : 0.288
MIN : 0.283"
9048,1405,10,8,Hole 2 Y Position,0.110,0.115,0.120,"MAX : 0.120
TARGET : 0.115
MIN : 0.110"
9048,1405,10,9,Hole 3 Y Position,0.283,0.288,0.293,"MAX : 0.293
TARGET : 0.288
MIN : 0.283"
9048,1405,10,10,Hole 4 Y Position,0.172,0.177,0.182,"MAX : 0.182
TARGET : 0.177
MIN : 0.172"
9048,1405,10,11,Hole 1 Diameter,0.143,0.148,0.153,"MAX : 0.153
TARGET : 0.148
MIN : 0.143"
9048,1405,10,12,Hole 2 Diameter,0.111,0.116,0.121,"MAX : 0.121
TARGET : 0.116
MIN : 0.111"
9048,1405,10,13,Hole 3 Diameter,0.156,0.161,0.166,"MAX : 0.166
TARGET : 0.161
MIN : 0.156"
9048,1405,10,14,Hole 4 Diameter,0.143,0.148,0.153,"MAX : 0.153
TARGET : 0.148
MIN : 0.143"
9048,1405,10,15,Are all holes cleanly ejected?,No(Fail),Yes(Pass),,"MAX : 
TARGET : Yes(Pass)
MIN : No(Fail)"
9048,1405,10,16,Is the adhesive on the correct side per the drawing?,No(Fail),Yes(Pass),,"MAX : 
TARGET : Yes(Pass)
MIN : No(Fail)"
8951,2017,10,1,Are the logs wound without gapping or telescoping?,No(Fail),Yes(Pass),,"MAX : 
TARGET : Yes(Pass)
MIN : No(Fail)"
8952,1348,10,2,Width of hole in hydrogel,4.033,4.063,4.093,"MAX : 4.093
TARGET : 4.063
MIN : 4.033"
9052,1409,30,1,Length of part,9.87,10.00,10.13,"MAX : 10.13
TARGET : 10.00
MIN : 9.87"
9052,1409,30,2,Width of part,7.87,8.00,8.13,"MAX : 8.13
TARGET : 8.00
MIN : 7.87"
9052,1409,30,3,Distance from top edge of shield to bottom of foam,1.25,1.50,1.75,"MAX : 1.75
TARGET : 1.50
MIN : 1.25"
9052,1409,30,4,Distance from top edge to edge of 9832F,0.12,0.25,0.38,"MAX : 0.38
TARGET : 0.25
MIN : 0.12"
9052,1409,30,5,Width of 9832F,3.87,4.00,4.13,"MAX : 4.13
TARGET : 4.00
MIN : 3.87"
9052,1409,30,7,Is the foam laminated to the anti-fogging side of the PET?,No(Fail),Yes(Pass),,"MAX : 
TARGET : Yes(Pass)
MIN : No(Fail)"
9052,1409,30,8,Are all adhesive covered and not exposed?,No(Fail),Yes(Pass),,"MAX : 
TARGET : Yes(Pass)
MIN : No(Fail)"
9052,1409,30,6,Is the cut out in the 9832F visually centered on the PET?,No(Fail),Yes(Pass),,"MAX : 
TARGET : Yes(Pass)
MIN : No(Fail)"
8952,1348,10,1,Length of hole in hydrogel,4.033,4.063,4.093,"MAX : 4.093
TARGET : 4.063
MIN : 4.033"
8953,1349,10,2,Is the part cut visually square?,No(Fail),Yes(Pass),,"MAX : 
TARGET : Yes(Pass)
MIN : No(Fail)"
9049,1406,10,3,Distance from datum to center of second hole,0.260,0.265,0.270,"MAX : 0.270
TARGET : 0.265
MIN : 0.260"
9049,1406,10,4,Distance from datum to center of third hole,1.059,1.064,1.069,"MAX : 1.069
TARGET : 1.064
MIN : 1.059"
9049,1406,10,5,Distance from datum to center of fourth hole,1.240,1.245,1.250,"MAX : 1.250
TARGET : 1.245
MIN : 1.240"
9049,1406,10,6,Width of part,0.460,0.465,0.470,"MAX : 0.470
TARGET : 0.465
MIN : 0.460"
9049,1406,10,7,Distance from datum to center of first hole,0.110,0.115,0.120,"MAX : 0.120
TARGET : 0.115
MIN : 0.110"
9049,1406,10,8,Distance from datum to center of second hole,0.172,0.177,0.182,"MAX : 0.182
TARGET : 0.177
MIN : 0.172"
9049,1406,10,9,Distance from datum to center of third hole,0.283,0.288,0.293,"MAX : 0.293
TARGET : 0.288
MIN : 0.283"
9049,1406,10,10,Distance from datum to center of fourth hole,0.283,0.288,0.293,"MAX : 0.293
TARGET : 0.288
MIN : 0.283"
9049,1406,10,11,Diameter of hole one,0.143,0.148,0.153,"MAX : 0.153
TARGET : 0.148
MIN : 0.143"
9049,1406,10,12,Diameter of hole two,0.156,0.161,0.166,"MAX : 0.166
TARGET : 0.161
MIN : 0.156"
9049,1406,10,13,Diameter of hole three,0.111,0.116,0.121,"MAX : 0.121
TARGET : 0.116
MIN : 0.111"
9049,1406,10,14,Diameter of hole four,0.143,0.148,0.153,"MAX : 0.153
TARGET : 0.148
MIN : 0.143"
9049,1406,10,15,Are all holes cleanly ejected?,No(Fail),Yes(Pass),,"MAX : 
TARGET : Yes(Pass)
MIN : No(Fail)"
9049,1406,10,16,Is the adhesive on the correct side per the drawing?,No(Fail),Yes(Pass),,"MAX : 
TARGET : Yes(Pass)
MIN : No(Fail)"
8953,1349,10,1,Length of part,1.87,2.00,2.13,"MAX : 2.13
TARGET : 2.00
MIN : 1.87"
8954,1350,10,2,Part repeat,6.735,6.865,6.995,"MAX : 6.995
TARGET : 6.865
MIN : 6.735"
9050,1407,10,3,Distance from datum to center of second hole,0.260,0.265,0.270,"MAX : 0.270
TARGET : 0.265
MIN : 0.260"
9050,1407,10,4,Distance from datum to center of third hole,1.059,1.064,1.069,"MAX : 1.069
TARGET : 1.064
MIN : 1.059"
9050,1407,10,5,Distance from datum to center of fourth hole,1.240,1.245,1.250,"MAX : 1.250
TARGET : 1.245
MIN : 1.240"
9050,1407,10,6,Width of part,0.460,0.465,0.470,"MAX : 0.470
TARGET : 0.465
MIN : 0.460"
9050,1407,10,7,Distance from datum to center of first hole,0.110,0.115,0.120,"MAX : 0.120
TARGET : 0.115
MIN : 0.110"
9050,1407,10,8,Distance from datum to center of second hole,0.172,0.177,0.182,"MAX : 0.182
TARGET : 0.177
MIN : 0.172"
9050,1407,10,9,Distance from datum to center of third hole,0.283,0.288,0.293,"MAX : 0.293
TARGET : 0.288
MIN : 0.283"
9050,1407,10,10,Distance from datum to center of fourth hole,0.283,0.288,0.293,"MAX : 0.293
TARGET : 0.288
MIN : 0.283"
9050,1407,10,11,Diameter of hole one,0.143,0.148,0.153,"MAX : 0.153
TARGET : 0.148
MIN : 0.143"
9050,1407,10,12,Diameter of hole two,0.111,0.116,0.121,"MAX : 0.121
TARGET : 0.116
MIN : 0.111"
9050,1407,10,13,Diameter of hole three,0.156,0.161,0.166,"MAX : 0.166
TARGET : 0.161
MIN : 0.156"
9050,1407,10,14,Diameter of hole four,0.143,0.148,0.153,"MAX : 0.153
TARGET : 0.148
MIN : 0.143"
9050,1407,10,15,Are all holes cleanly ejected?,No(Fail),Yes(Pass),,"MAX : 
TARGET : Yes(Pass)
MIN : No(Fail)"
9050,1407,10,16,Is the adhesive on the correct side per the drawing?,No(Fail),Yes(Pass),,"MAX : 
TARGET : Yes(Pass)
MIN : No(Fail)"
8954,1350,10,1,Length of part,4.87,5.00,5.13,"MAX : 5.13
TARGET : 5.00
MIN : 4.87"
8954,1350,20,1,Does the finish wind direction match the drawing.,No(Fail),Yes(Pass),,"MAX : 
TARGET : Yes(Pass)
MIN : No(Fail)"
8955,1351,10,2,Part repeat,22.37,22.47,22.57,"MAX : 22.57
TARGET : 22.47
MIN : 22.37"
9055,2054,20,3,Distance from edge of gel to leading edge of top liner,0.135,0.155,0.175,"MAX : 0.175
TARGET : 0.155
MIN : 0.135"
9055,2054,20,4,Distance from edge of gel to operator edge of top liner,0.135,0.155,0.175,"MAX : 0.175
TARGET : 0.155
MIN : 0.135"
9055,2054,20,5,"Is the ""Tie"" side of the gel laminated to the easy release carrier PET liner?",No(Fail),Yes(Pass),,"MAX : 
TARGET : Yes(Pass)
MIN : No(Fail)"
9055,2054,20,6,Is the first die strike deep enough to remove the gel matrix but not cut into the liner?,No(Fail),Yes(Pass),,"MAX : 
TARGET : Yes(Pass)
MIN : No(Fail)"
9055,2054,20,7,Is the outside die strike deep enough to strip the matrix but not cut into the liner?,No(Fail),Yes(Pass),,"MAX : 
TARGET : Yes(Pass)
MIN : No(Fail)"
8955,1351,10,1,Length of part,17.34,17.47,17.60,"MAX : 17.60
TARGET : 17.47
MIN : 17.34"
8956,1352,20,2,Width of part,4.5,5.0,5.5,"MAX : 5.5
TARGET : 5.0
MIN : 4.5"
9054,1410,20,3,Distance from edge of adhesive to center of pair of holes,19.87,20.25,20.63,"MAX : 20.63
TARGET : 20.25
MIN : 19.87"
9054,1410,20,4,Width of part,36.25,36.50,36.75,"MAX : 36.75
TARGET : 36.50
MIN : 36.25"
9054,1410,20,5,Distance from edge to center of first hole ,11.62,12.00,12.38,"MAX : 12.38
TARGET : 12.00
MIN : 11.62"
9054,1410,20,6,Distance from edge to center of second hole,17.87,18.25,18.63,"MAX : 18.63
TARGET : 18.25
MIN : 17.87"
9054,1410,20,7,Distance from edge to center of third hole,24.12,24.50,24.88,"MAX : 24.88
TARGET : 24.50
MIN : 24.12"
9054,1410,20,8,Is the die strike deep enough to remove the tab material but not cut into the liner?,No(Fail),Yes(Pass),,"MAX : 
TARGET : Yes(Pass)
MIN : No(Fail)"
8956,1352,20,1,Length of part,39,40,41,"MAX : 41
TARGET : 40
MIN : 39"
8957,2018,10,1,Does the hole pattern match and fit the template?,No(Fail),Yes(Pass),,"MAX : 
TARGET : Yes(Pass)
MIN : No(Fail)"
9051,1408,30,1,Length of part,9.87,10.00,10.13,"MAX : 10.13
TARGET : 10.00
MIN : 9.87"
9051,1408,30,2,Width of part,7.87,8.00,8.13,"MAX : 8.13
TARGET : 8.00
MIN : 7.87"
9051,1408,30,3,Distance from top edge of shield to bottom of foam,1.25,1.50,1.75,"MAX : 1.75
TARGET : 1.50
MIN : 1.25"
9051,1408,30,4,Distance from top edge to edge of 9832F,0.12,0.25,0.38,"MAX : 0.38
TARGET : 0.25
MIN : 0.12"
9051,1408,30,5,Width of 9832F,3.87,4.00,4.13,"MAX : 4.13
TARGET : 4.00
MIN : 3.87"
9051,1408,30,7,Is the foam laminated to the anti-fogging side of the PET?,No(Fail),Yes(Pass),,"MAX : 
TARGET : Yes(Pass)
MIN : No(Fail)"
9051,1408,30,8,Are all adhesive covered and not exposed?,No(Fail),Yes(Pass),,"MAX : 
TARGET : Yes(Pass)
MIN : No(Fail)"
9051,1408,30,6,Is the cut out in the 9832F visually centered on the PET?,No(Fail),Yes(Pass),,"MAX : 
TARGET : Yes(Pass)
MIN : No(Fail)"
8957,2018,10,2,Are the holes cleanly cut and chads ejected?,No(Fail),Yes(Pass),,"MAX : 
TARGET : Yes(Pass)
MIN : No(Fail)"
8958,2019,10,2,Is the slit edge free of slivers and double cuts?,No(Fail),Yes(Pass),,"MAX : 
TARGET : Yes(Pass)
MIN : No(Fail)"
9056,1411,20,7,Are the foam centers free of adhesive?,No(Fail),Yes(Pass),,"MAX : 
TARGET : Yes(Pass)
MIN : No(Fail)"
9056,1411,20,8,Is the die strike deep enough to remove the matrix but not cut into the liner?,No(Fail),Yes(Pass),,"MAX : 
TARGET : Yes(Pass)
MIN : No(Fail)"
9056,1411,20,9,Are the foam centers left in the part?,No(Fail),Yes(Pass),,"MAX : 
TARGET : Yes(Pass)
MIN : No(Fail)"
9056,1411,20,4,Length of Liner,43.2,44.0,44.8,"MAX : 44.8
TARGET : 44.0
MIN : 43.2"
9056,1411,20,6,Width of Liner,43.2,44.0,44.8,"MAX : 44.8
TARGET : 44.0
MIN : 43.2"
9056,1411,20,3,Length of part,37.3,38.1,38.9,"MAX : 38.9
TARGET : 38.1
MIN : 37.3"
9056,1411,20,5,Width of part,37.3,38.1,38.9,"MAX : 38.9
TARGET : 38.1
MIN : 37.3"
8958,2019,10,1,Width of roll,6.47,6.50,6.53,"MAX : 6.53
TARGET : 6.50
MIN : 6.47"
8959,1353,20,2,Width of part,1.85,1.86,1.87,"MAX : 1.87
TARGET : 1.86
MIN : 1.85"
9057,1412,10,3,Distance from edge of part to score,0.97,1.00,1.03,"MAX : 1.03
TARGET : 1.00
MIN : 0.97"
9057,1412,10,4,Is the score deep enough to remove the liner but not cut into the film?,No(Fail),Yes(Pass),,"MAX : 
TARGET : Yes(Pass)
MIN : No(Fail)"
8959,1353,20,1,Length of part,0.87,0.88,0.89,"MAX : 0.89
TARGET : 0.88
MIN : 0.87"
8960,1354,20,2,Width of part,1.22,1.23,1.24,"MAX : 1.24
TARGET : 1.23
MIN : 1.22"
9058,1413,10,3,Distance from edge of part to score,0.97,1.00,1.03,"MAX : 1.03
TARGET : 1.00
MIN : 0.97"
9058,1413,10,4,Is the score deep enough to remove the liner but not cut into the film?,No(Fail),Yes(Pass),,"MAX : 
TARGET : Yes(Pass)
MIN : No(Fail)"
8960,1354,20,1,Length of part,0.95,0.96,0.97,"MAX : 0.97
TARGET : 0.96
MIN : 0.95"
8930,2009,10,4,"Is the raw material free of visible defects?  If defects are observed, please set the rolls aside.",No(Fail),Yes(Pass),,"MAX : 
TARGET : Yes(Pass)
MIN : No(Fail)"
8961,1355,10,2,Width of part,0.68,0.69,0.70,"MAX : 0.70
TARGET : 0.69
MIN : 0.68"
8961,1355,10,1,Length of part,0.95,0.96,0.97,"MAX : 0.97
TARGET : 0.96
MIN : 0.95"
8930,2009,10,3,Is rewind direction #2 as shown on drawing?,No(Fail),Yes(Pass),,"MAX : 
TARGET : Yes(Pass)
MIN : No(Fail)"
8962,1356,10,3,Is all of the material removed from the score?,No(Fail),Yes(Pass),,"MAX : 
TARGET : Yes(Pass)
MIN : No(Fail)"
8962,1356,10,1,Diameter of part,1.58,1.61,1.64,"MAX : 1.64
TARGET : 1.61
MIN : 1.58"
8931,2010,20,3,Is 42# liner wound out?,No(Fail),Yes(Pass),,"MAX : 
TARGET : Yes(Pass)
MIN : No(Fail)"
8962,1356,10,4,Is the force to separate the tab ? 4lb on peel tester?,No(Fail),Yes(Pass),,"MAX : 
TARGET : Yes(Pass)
MIN : No(Fail)"
8963,1357,20,2,Width of part,18.84,19.60,20.36,"MAX : 20.36
TARGET : 19.60
MIN : 18.84"
8963,1357,20,5,Width of liner,30.99,31.75,32.51,"MAX : 32.51
TARGET : 31.75
MIN : 30.99"
8963,1357,20,1,Length of part,24.24,25.00,25.76,"MAX : 25.76
TARGET : 25.00
MIN : 24.24"
8964,1358,20,4,Is the print oriented correctly with the notch?,No(Fail),Yes(Pass),,"MAX : 
TARGET : Yes(Pass)
MIN : No(Fail)"
8964,1358,20,1,Length of part,40.24,41.00,41.76,"MAX : 41.76
TARGET : 41.00
MIN : 40.24"
8935,2011,10,3,Is rewind direction #2 as shown on drawing?,No(Fail),Yes(Pass),,"MAX : 
TARGET : Yes(Pass)
MIN : No(Fail)"
8965,2020,10,2,Width of liner,24.22,24.25,24.28,"MAX : 24.28
TARGET : 24.25
MIN : 24.22"
8965,2020,10,1,Width of tape,23.90,24.00,24.03,"MAX : 24.03
TARGET : 24.00
MIN : 23.90"
8966,1359,10,2,Inside diameter,0.94,1.00,1.06,"MAX : 1.06
TARGET : 1.00
MIN : 0.94"
9067,1420,20,2,Width of part,5.87,6.00,6.13,"MAX : 6.13
TARGET : 6.00
MIN : 5.87"
9067,1420,20,3,Are the cut edges free of slivers and other cutting debris?,No(Fail),Yes(Pass),,"MAX : 
TARGET : Yes(Pass)
MIN : No(Fail)"
8966,1359,10,1,Outside diameter,11.94,12.00,12.06,"MAX : 12.06
TARGET : 12.00
MIN : 11.94"
8967,1360,20,2,Width of part,0.87,0.88,0.89,"MAX : 0.89
TARGET : 0.88
MIN : 0.87"
8947,1347,30,2,Length of pouch,4.44,4.50,4.56,"MAX : 4.56
TARGET : 4.50
MIN : 4.44"
8947,1347,30,3,Width of pouch,5.44,5.50,5.56,"MAX : 5.56
TARGET : 5.50
MIN : 5.44"
8947,1347,30,5,Distance from edge of pouch to top of seal.,0.50,0.56,0.62,"MAX : 0.62
TARGET : 0.56
MIN : 0.50"
8947,1347,30,6,Is the heat seal complete with no unsealed areas?,No(Fail),Yes(Pass),,"MAX : 
TARGET : Yes(Pass)
MIN : No(Fail)"
8947,1347,30,7,Is the gauze pad completely in the sealed area with none trapped under the seal?,No(Fail),Yes(Pass),,"MAX : 
TARGET : Yes(Pass)
MIN : No(Fail)"
8967,1360,20,1,Length of part,1.62,1.63,1.64,"MAX : 1.64
TARGET : 1.63
MIN : 1.62"
8968,1361,10,2,Repeat length,11.74,11.99,12.24,"MAX : 12.24
TARGET : 11.99
MIN : 11.74"
9063,1417,20,1,Length of part,1.24,1.25,1.28,"MAX : 1.28
TARGET : 1.25
MIN : 1.24"
9063,1417,20,2,Length of slot,0.77,0.80,0.83,"MAX : 0.83
TARGET : 0.80
MIN : 0.77"
9063,1417,20,3,Width of part,1.22,1.25,1.28,"MAX : 1.28
TARGET : 1.25
MIN : 1.22"
9063,1417,20,3,Distance from non-slot edge to bottom of text.,0.59,0.62,0.65,"MAX : 0.65
TARGET : 0.62
MIN : 0.59"
9063,1417,20,4,Width of slot,0.07,0.10,0.13,"MAX : 0.13
TARGET : 0.10
MIN : 0.07"
9063,1417,20,5,Width of adhesive,0.97,1.00,1.03,"MAX : 1.03
TARGET : 1.00
MIN : 0.97"
9063,1417,20,6,Is the print visually centered in the web direction?,No(Fail),Yes(Pass),,"MAX : 
TARGET : Yes(Pass)
MIN : No(Fail)"
9063,1417,20,7,Is the print legible and free of gross defects?,No(Fail),Yes(Pass),,"MAX : 
TARGET : Yes(Pass)
MIN : No(Fail)"
8968,1361,10,1,Length of part,5.7,5.8,5.9,"MAX : 5.9
TARGET : 5.8
MIN : 5.7"
8969,2021,10,2,Is the slit edge free of slivers and double cuts?,No(Fail),Yes(Pass),,"MAX : 
TARGET : Yes(Pass)
MIN : No(Fail)"
9064,1418,10,2,Width of loop,2.72,2.75,2.78,"MAX : 2.78
TARGET : 2.75
MIN : 2.72"
9064,1418,10,4,Is the slit edge of the 1522H free of slivers and double cuts?,No(Fail),Yes(Pass),,"MAX : 
TARGET : Yes(Pass)
MIN : No(Fail)"
9064,1418,20,1,Length of part,0.72,0.75,0.78,"MAX : 0.78
TARGET : 0.75
MIN : 0.72"
9064,1418,20,2,Width of part,2.97,3.00,3.03,"MAX : 3.03
TARGET : 3.00
MIN : 2.97"
9064,1418,20,3,Width of hook,0.47,0.50,0.53,"MAX : 0.53
TARGET : 0.50
MIN : 0.47"
9064,1418,20,4,Width of loop,2.47,2.50,2.53,"MAX : 2.53
TARGET : 2.50
MIN : 2.47"
9064,1418,20,5,Width of adhesive,0.97,1.00,1.03,"MAX : 1.03
TARGET : 1.00
MIN : 0.97"
9064,1418,20,6,Distance from edge of loop to edge of adhesive,1.44,1.50,1.56,"MAX : 1.56
TARGET : 1.50
MIN : 1.44"
9064,1418,20,7,Is the hook laminated to the opposite end of the adhesive?  See drawing.,No(Fail),Yes(Pass),,"MAX : 
TARGET : Yes(Pass)
MIN : No(Fail)"
9064,1418,20,8,Is the adhesive laminated to the opposite side of PET from the hook/loop.  See drawing.,No(Fail),Yes(Pass),,"MAX : 
TARGET : Yes(Pass)
MIN : No(Fail)"
8969,2021,10,1,Width of roll,2.345,2.375,2.405,"MAX : 2.405
TARGET : 2.375
MIN : 2.345"
8970,2022,20,1,Width of slit roll,1.72,1.75,1.78,"MAX : 1.78
TARGET : 1.75
MIN : 1.72"
9065,1419,10,3,Are the adhesives on the same side after assembly?,No(Fail),Yes(Pass),,"MAX : 
TARGET : Yes(Pass)
MIN : No(Fail)"
8970,2022,10,1,Width of slit roll,9.94,10.00,10.06,"MAX : 10.06
TARGET : 10.00
MIN : 9.94"
8971,2023,20,1,Distance from edge of roll to first score,1.47,1.50,1.53,"MAX : 1.53
TARGET : 1.50
MIN : 1.47"
8971,2023,10,1,Width of slit roll,8.937,9.000,9.063,"MAX : 9.063
TARGET : 9.000
MIN : 8.937"
8972,1362,10,2,Width of part,17.94,18.00,18.06,"MAX : 18.06
TARGET : 18.00
MIN : 17.94"
9053,2053,20,3,Are there 16 rolls wound on one 80 mm wide core?,No(Fail),Yes(Pass),,"MAX : 
TARGET : Yes(Pass)
MIN : No(Fail)"
8972,1362,10,1,Length of part,23.875,24.000,24.125,"MAX : 24.125
TARGET : 24.000
MIN : 23.875"
8974,2024,10,2,Is the roll wound without gapping or telescoping?,No(Fail),Yes(Pass),,"MAX : 
TARGET : Yes(Pass)
MIN : No(Fail)"
8974,2024,10,1,Width of finished roll,0.345,0.375,0.405,"MAX : 0.405
TARGET : 0.375
MIN : 0.345"
9069,1421,20,3,Distance from edge of window to bottom wing edge of part.  See drawing.,0.26,0.28,0.30,"MAX : 0.30
TARGET : 0.28
MIN : 0.26"
9069,1421,20,4,Width of part,0.81,0.82,0.83,"MAX : 0.83
TARGET : 0.82
MIN : 0.81"
9069,1421,20,5,Width of window in adhesive,0.23,0.24,0.25,"MAX : 0.25
TARGET : 0.24
MIN : 0.23"
9069,1421,20,6,Distance from edge of window to edge of part.  See drawing.,0.27,0.29,0.31,"MAX : 0.31
TARGET : 0.29
MIN : 0.27"
9069,1421,20,9,Are all of the holes ejected from adhesive and liner?,No(Fail),Yes(Pass),,"MAX : 
TARGET : Yes(Pass)
MIN : No(Fail)"
9069,1421,20,7,Width of liner,0.99,1.00,1.01,"MAX : 1.01
TARGET : 1.00
MIN : 0.99"
9069,1421,20,8,Distance from edge of part to edge of liner,0.08,0.09,0.10,"MAX : 0.10
TARGET : 0.09
MIN : 0.08"
9069,1421,20,10,Is the die strike deep enough to remove the matrix but not cut into the liner?,No(Fail),Yes(Pass),,"MAX : 
TARGET : Yes(Pass)
MIN : No(Fail)"
8976,1363,10,2,Length of inside window,129.61,129.86,130.11,"MAX : 130.11
TARGET : 129.86
MIN : 129.61"
8976,1363,10,1,Length of part,148.90,149.15,149.40,"MAX : 149.40
TARGET : 149.15
MIN : 148.90"
8977,1364,10,2,Distance between center of circles - Measured to center.,38.95,39.20,39.45,"MAX : 39.45
TARGET : 39.20
MIN : 38.95"
8938,1342,20,7,Collect an additional 2 strips per lane for offline QA checks.,,,,"MAX : 
TARGET : 
MIN : "
8938,1342,20,5,"Make sure fold is visually centered on part, all 4 lanes.",No(Fail),Yes(Pass),,"MAX : 
TARGET : Yes(Pass)
MIN : No(Fail)"
8938,1342,20,2,Ensure 78# liner is easy release,No(Fail),Yes(Pass),,"MAX : 
TARGET : Yes(Pass)
MIN : No(Fail)"
8977,1364,10,1,Length of part,47.07,47.20,47.33,"MAX : 47.33
TARGET : 47.20
MIN : 47.07"
9071,2059,20,2,Distance from edge of adhesive to edge of mesh on the gear side,0.00,0.03,0.06,"MAX : 0.06
TARGET : 0.03
MIN : 0.00"
9071,2059,20,3,Distance from edge of adhesive to edge of mesh on the operator side,0.00,0.03,0.06,"MAX : 0.06
TARGET : 0.03
MIN : 0.00"
8981,2025,10,3,Is finished product roll 60 yards?,No (Fail),Yes (Pass),,"MAX : 
TARGET : Yes (Pass)
MIN : No (Fail)"
8981,2025,10,1,Width of finished product roll,0.94,1.00,1.06,"MAX : 1.06
TARGET : 1.00
MIN : 0.94"
8982,2026,20,2,Length of non-adhesive area,0.97,1.00,1.03,"MAX : 1.03
TARGET : 1.00
MIN : 0.97"
8982,2026,20,1,Length of adhesive area,1.97,2.00,2.03,"MAX : 2.03
TARGET : 2.00
MIN : 1.97"
5651,974,10,12,Dimension 12,20.48,20.73,20.98,"MAX : 20.98
TARGET : 20.73
MIN : 20.48"
5651,974,10,13,Dimension 13,20.48,20.73,20.98,"MAX : 20.98
TARGET : 20.73
MIN : 20.48"
5651,974,10,14,Dimension 14,25.37,25.62,25.87,"MAX : 25.87
TARGET : 25.62
MIN : 25.37"
5651,974,10,15,Dimension 15,43.75,44.00,44.25,"MAX : 44.25
TARGET : 44.00
MIN : 43.75"
5651,974,10,16,Dimension 16,17.50,17.75,18.00,"MAX : 18.00
TARGET : 17.75
MIN : 17.50"
5651,974,10,17,Dimension 17,14.81,15.06,15.31,"MAX : 15.31
TARGET : 15.06
MIN : 14.81"
5651,974,10,18,Dimension 18,46.25,46.50,46.75,"MAX : 46.75
TARGET : 46.50
MIN : 46.25"
5651,974,10,19,Dimension 19,50.55,50.80,51.05,"MAX : 51.05
TARGET : 50.80
MIN : 50.55"
5651,974,10,20,Dimension 20,54.75,55.00,55.25,"MAX : 55.25
TARGET : 55.00
MIN : 54.75"
5651,974,10,21,Dimension 21,56.13,56.38,56.63,"MAX : 56.63
TARGET : 56.38
MIN : 56.13"
5651,974,10,25,Dimension 22 - Adhesive Thickness (on parent liner),0.39,0.64,0.89,"MAX : 0.89
TARGET : 0.64
MIN : 0.39"
8983,1368,20,2,Width of adhesive,17.875,18.00,18.125,"MAX : 18.125
TARGET : 18.00
MIN : 17.875"
8983,1368,20,1,Length of sheet,23.875,24.00,24.125,"MAX : 24.125
TARGET : 24.00
MIN : 23.875"
8984,1369,20,2,Width of part,0.44,0.50,0.56,"MAX : 0.56
TARGET : 0.50
MIN : 0.44"
8984,1369,10,1,Width of tape,5.94,6.00,6.06,"MAX : 6.06
TARGET : 6.00
MIN : 5.94"
9073,1422,10,3,Are all of the holes cleanly removed?,No(Fail),Yes(Pass),,"MAX : 
TARGET : Yes(Pass)
MIN : No(Fail)"
8985,1370,20,3,"Is the part free of foreign material, debris and visible defects?",No(Fail),Yes(Pass),,"MAX : 
TARGET : Yes(Pass)
MIN : No(Fail)"
8985,1370,20,1,Diameter of disk - Web Direction,112.50,113.30,114.10,"MAX : 114.10
TARGET : 113.30
MIN : 112.50"
9074,1423,10,3,Are all of the holes cleanly removed?,No(Fail),Yes(Pass),,"MAX : 
TARGET : Yes(Pass)
MIN : No(Fail)"
8985,1370,20,2,Diameter of disk - Cross Web Direction,112.50,113.30,114.10,"MAX : 114.10
TARGET : 113.30
MIN : 112.50"
8986,2027,30,2,Is print neat and clean?,No(Fail),Yes(Pass),,"MAX : 
TARGET : Yes(Pass)
MIN : No(Fail)"
8986,2027,30,1,Width of tape,0.969,1.000,1.031,"MAX : 1.031
TARGET : 1.000
MIN : 0.969"
8987,2028,10,2,Is the roll wound without telescoping or gapping?,No(Fail),Yes(Pass),,"MAX : 
TARGET : Yes(Pass)
MIN : No(Fail)"
9078,1426,20,3,Is the 9495B laminated to the adhesive side of the 1181?,No(Fail),Yes(Pass),,"MAX : 
TARGET : Yes(Pass)
MIN : No(Fail)"
8987,2028,10,1,Width of slit roll,4.59,4.65,4.71,"MAX : 4.71
TARGET : 4.65
MIN : 4.59"
8989,1371,10,2,Width of label,1.78,1.84,1.90,"MAX : 1.90
TARGET : 1.84
MIN : 1.78"
9075,1424,20,3,Width of tab area,0.05,0.08,0.11,"MAX : 0.11
TARGET : 0.08
MIN : 0.05"
9075,1424,20,4,Distance from edge of part to edge of liner,0.124,0.139,0.154,"MAX : 0.154
TARGET : 0.139
MIN : 0.124"
9075,1424,20,5,Is the die strike deep enough to remove the matrix but not cut into the liner?,No(Fail),Yes(Pass),,"MAX : 
TARGET : Yes(Pass)
MIN : No(Fail)"
8989,1371,10,1,Length of label,0.88,0.94,1.00,"MAX : 1.00
TARGET : 0.94
MIN : 0.88"
8990,2029,10,1,Width of roll,87.20,88.20,90.20,"MAX : 90.20
TARGET : 88.20
MIN : 87.20"
9076,1425,20,4,Width of tab area,0.167,0.197,0.227,"MAX : 0.227
TARGET : 0.197
MIN : 0.167"
9076,1425,20,5,Distance from edge of part to edge of liner,0.110,0.125,0.140,"MAX : 0.140
TARGET : 0.125
MIN : 0.110"
9076,1425,20,6,Is the die strike deep enough to remove the matrix but not cut into the liner?,No(Fail),Yes(Pass),,"MAX : 
TARGET : Yes(Pass)
MIN : No(Fail)"
8990,2029,10,5,Is the slit edge free of any slitting debris?,No(Fail),Yes(Pass),,"MAX : 
TARGET : Yes(Pass)
MIN : No(Fail)"
8990,2029,10,4,Is the roll length at least 280 meters?,No (Fail),Yes (Pass),,"MAX : 
TARGET : Yes (Pass)
MIN : No (Fail)"
9079,2062,10,3,Are slit edges clean and free of adhesive buildup?,No(Fail),Yes(Pass),,"MAX : 
TARGET : Yes(Pass)
MIN : No(Fail)"
9079,2062,10,4,Is the print clear and easily read?,No(Fail),Yes(Pass) ,,"MAX : 
TARGET : Yes(Pass) 
MIN : No(Fail)"
9079,2062,10,5,Is the ink adhesion good?,No(Fail),Yes(Pass),,"MAX : 
TARGET : Yes(Pass)
MIN : No(Fail)"
8991,2030,10,1,Width of roll,95.70,96.70,98.70,"MAX : 98.70
TARGET : 96.70
MIN : 95.70"
8991,2030,10,6,Is the roll wound without gapping or telescoping?,No(Fail),Yes(Pass),,"MAX : 
TARGET : Yes(Pass)
MIN : No(Fail)"
9080,1427,20,3,Width of part,0.77,0.78,0.79,"MAX : 0.79
TARGET : 0.78
MIN : 0.77"
9080,1427,20,4,Is the score deep enough to remove the adhesive but not cut into the liner?,No(Fail),Yes(Pass),,"MAX : 
TARGET : Yes(Pass)
MIN : No(Fail)"
9080,1427,20,5,Is the die strike deep enough to remove the matrix but not cut into the liner?,No(Fail),Yes(Pass),,"MAX : 
TARGET : Yes(Pass)
MIN : No(Fail)"
8992,2031,10,1,Width of roll,304.50,307.00,309.50,"MAX : 309.50
TARGET : 307.00
MIN : 304.50"
8992,2031,10,5,Is the slit edge free of any slitting debris?,No(Fail),Yes(Pass),,"MAX : 
TARGET : Yes(Pass)
MIN : No(Fail)"
8992,2031,10,6,Is the roll wound without gapping or telescoping?,No(Fail),Yes(Pass),,"MAX : 
TARGET : Yes(Pass)
MIN : No(Fail)"
9082,1429,10,3,Are all of the holes cleanly removed?,No(Fail),Yes(Pass),,"MAX : 
TARGET : Yes(Pass)
MIN : No(Fail)"
8993,2032,10,1,Width of roll,270.50,273.00,275.50,"MAX : 275.50
TARGET : 273.00
MIN : 270.50"
8993,2032,10,5,Is the slit edge free of any slitting debris?,No(Fail),Yes(Pass),,"MAX : 
TARGET : Yes(Pass)
MIN : No(Fail)"
9083,2063,20,3,Does printing in black match description on the work order?,No(Fail),Yes(Pass),,"MAX : 
TARGET : Yes(Pass)
MIN : No(Fail)"
9083,2063,20,4,Is product in the proper unwind direction (1)? ,No(Fail),Yes(Pass),,"MAX : 
TARGET : Yes(Pass)
MIN : No(Fail)"
9083,2063,20,5,Is printing clear and readable?,No(Fail),Yes(Pass),,"MAX : 
TARGET : Yes(Pass)
MIN : No(Fail)"
8993,2032,10,6,Is the roll wound without gapping or telescoping?,No(Fail),Yes(Pass),,"MAX : 
TARGET : Yes(Pass)
MIN : No(Fail)"
8994,2033,10,1,Width of roll,92.53,93.53,95.53,"MAX : 95.53
TARGET : 93.53
MIN : 92.53"
9084,2064,10,3,Is the butt cut deep enough to remove the part but not cut into the liner?,No(Fail),Yes(Pass),,"MAX : 
TARGET : Yes(Pass)
MIN : No(Fail)"
8994,2033,10,5,Is the slit edge free of any slitting debris?,No(Fail),Yes(Pass),,"MAX : 
TARGET : Yes(Pass)
MIN : No(Fail)"
8994,2033,10,6,Is the roll wound without gapping or telescoping?,No(Fail),Yes(Pass),,"MAX : 
TARGET : Yes(Pass)
MIN : No(Fail)"
9081,1428,20,4,Production start date recorded?,No(Fail),Yes(Pass),,"MAX : 
TARGET : Yes(Pass)
MIN : No(Fail)"
9081,1428,30,1,Is the Julian date correct for the label?,No(Fail),Yes(Pass),,"MAX : 
TARGET : Yes(Pass)
MIN : No(Fail)"
9081,1428,30,2,Do the barcodes scan correctly?,No(Fail),Yes(Pass),,"MAX : 
TARGET : Yes(Pass)
MIN : No(Fail)"
8995,1372,20,2,Width of part,8.74,8.80,8.86,"MAX : 8.86
TARGET : 8.80
MIN : 8.74"
8995,1372,20,1,Length of part,12.24,12.30,12.36,"MAX : 12.36
TARGET : 12.30
MIN : 12.24"
8957,2018,10,4,"Is the raw material free of visible defects?  If defects are observed, please set the rolls aside.",No(Fail),Yes(Pass),,"MAX : 
TARGET : Yes(Pass)
MIN : No(Fail)"
8996,1373,10,1,Are the parts assembled without any exposed adhesive?,No(Fail),Yes(Pass),,"MAX : 
TARGET : Yes(Pass)
MIN : No(Fail)"
8997,1374,20,2,Width of part,69.25,70.00,70.75,"MAX : 70.75
TARGET : 70.00
MIN : 69.25"
8997,1374,20,1,Length of part,19.25,20.00,20.75,"MAX : 20.75
TARGET : 20.00
MIN : 19.25"
8998,2034,10,2,Does the core line up with the tape?,No(Fail),Yes(Pass),,"MAX : 
TARGET : Yes(Pass)
MIN : No(Fail)"
8998,2034,10,1,Width of roll,0.485,0.500,0.515,"MAX : 0.515
TARGET : 0.500
MIN : 0.485"
8999,2035,10,2,Does the core line up with the tape?,No(Fail),Yes(Pass),,"MAX : 
TARGET : Yes(Pass)
MIN : No(Fail)"
9094,1438,10,3,Is the die strike deep enough to remove the matrix but not cut into the liner?,No(Fail),Yes(Pass),,"MAX : 
TARGET : Yes(Pass)
MIN : No(Fail)"
8999,2035,10,1,Width of roll,0.485,0.500,0.515,"MAX : 0.515
TARGET : 0.500
MIN : 0.485"
9001,1375,10,2,Repeat length,11.74,11.99,12.24,"MAX : 12.24
TARGET : 11.99
MIN : 11.74"
9093,1437,10,3,Width of Liner,520.70,533.40,546.10,"MAX : 546.10
TARGET : 533.40
MIN : 520.70"
9093,1437,10,4,Are parts lying flat?,No (Fail),Yes (Pass),,"MAX : 
TARGET : Yes (Pass)
MIN : No (Fail)"
9093,1437,10,5,"Is die cut deep enough to strip matrix, but not so deep as to cut through liner?",No (Fail),Yes (Pass),,"MAX : 
TARGET : Yes (Pass)
MIN : No (Fail)"
9001,1375,10,1,Length of part,5.7,5.8,5.9,"MAX : 5.9
TARGET : 5.8
MIN : 5.7"
9002,2036,10,2,Is the slit edge free of slivers and double cuts?,No(Fail),Yes(Pass),,"MAX : 
TARGET : Yes(Pass)
MIN : No(Fail)"
9085,1430,10,3,Is the cut edge free of slivers and other cutting debris?,No(Fail),Yes(Pass),,"MAX : 
TARGET : Yes(Pass)
MIN : No(Fail)"
9002,2036,10,1,Width of roll,0.345,0.375,0.405,"MAX : 0.405
TARGET : 0.375
MIN : 0.345"
9003,2037,10,2,Is the roll wound without gapping or telescoping?,No(Fail),Yes(Pass),,"MAX : 
TARGET : Yes(Pass)
MIN : No(Fail)"
9003,2037,10,1,Width of slit roll.  See work order for target,-0.03,Target,+0.03,"MAX : +0.03
TARGET : Target
MIN : -0.03"
8963,1357,20,7,Are parts wound in?,No(Fail),Yes(Pass),,"MAX : 
TARGET : Yes(Pass)
MIN : No(Fail)"
9004,1376,10,2,Width of adhesive,2.90,3.00,3.10,"MAX : 3.10
TARGET : 3.00
MIN : 2.90"
9004,1376,10,1,Length of part,8.90,9.00,9.10,"MAX : 9.10
TARGET : 9.00
MIN : 8.90"
8964,1358,20,3,Thickness,1.14,1.64,2.14,"MAX : 2.14
TARGET : 1.64
MIN : 1.14"
8964,1358,20,2,Width of part,40.24,41.00,41.76,"MAX : 41.76
TARGET : 41.00
MIN : 40.24"
9005,2038,10,2,Is the print legible and free of gross defects?,No(Fail),Yes(Pass),,"MAX : 
TARGET : Yes(Pass)
MIN : No(Fail)"
9005,2038,10,1,Width of tape,1.94,2.00,2.06,"MAX : 2.06
TARGET : 2.00
MIN : 1.94"
9006,2039,10,2,Width of label,4.94,5.00,5.06,"MAX : 5.06
TARGET : 5.00
MIN : 4.94"
9006,2039,10,1,Length of label,2.94,3.00,3.06,"MAX : 3.06
TARGET : 3.00
MIN : 2.94"
9007,2040,10,2,Is the print legible and free of gross defects?,No(Fail),Yes(Pass),,"MAX : 
TARGET : Yes(Pass)
MIN : No(Fail)"
9092,1436,20,3,Is the die strike deep enough to remove the matrix but not cut into the liner?,No(Fail),Yes(Pass),,"MAX : 
TARGET : Yes(Pass)
MIN : No(Fail)"
9007,2040,10,1,Width of tape,70,72,74,"MAX : 74
TARGET : 72
MIN : 70"
9008,2041,20,1,Width of input roll,3.97,4.00,4.03,"MAX : 4.03
TARGET : 4.00
MIN : 3.97"
9096,1439,30,3,Length of Legs,0.687,0.75,0.813,"MAX : 0.813
TARGET : 0.75
MIN : 0.687"
9096,1439,30,4,Width of Part,6.187,6.25,6.313,"MAX : 6.313
TARGET : 6.25
MIN : 6.187"
9096,1439,30,5,Width of BOTTOM leg,0.687,0.75,0.813,"MAX : 0.813
TARGET : 0.75
MIN : 0.687"
9096,1439,30,6,Width of Non-Woven,5.817,5.88,5.943,"MAX : 5.943
TARGET : 5.88
MIN : 5.817"
9096,1439,30,7,Width of GRAB Tab area created at top (Distance from top Non-Woven to 2477P adhesive),0.067,0.13,0.193,"MAX : 0.193
TARGET : 0.13
MIN : 0.067"
9096,1439,30,8,Width of top tab (Edge of adhesive to edge of liner),0.437,0.50,0.563,"MAX : 0.563
TARGET : 0.50
MIN : 0.437"
9096,1439,30,9,Is the part clean and free of all debris,No(Fail),Yes(Pass),,"MAX : 
TARGET : Yes(Pass)
MIN : No(Fail)"
9096,1439,30,11,"Are you wearing a Hair Net, Beard Net, Gloves etc as required.",No(Fail),Yes(Pass),,"MAX : 
TARGET : Yes(Pass)
MIN : No(Fail)"
9096,1439,20,1,Is the Print Clean and free of visual defects?,No(Fail),Yes(Pass),,"MAX : 
TARGET : Yes(Pass)
MIN : No(Fail)"
9096,1439,20,2,Width of slit label stock,0.687,0.75,0.813,"MAX : 0.813
TARGET : 0.75
MIN : 0.687"
9096,1439,20,4,Is the finished roll wound in rewind direction #3?,No(Fail),Yes(Pass),,"MAX : 
TARGET : Yes(Pass)
MIN : No(Fail)"
9096,1439,10,1,Width of filter media,5.875,6.00,6.125,"MAX : 6.125
TARGET : 6.00
MIN : 5.875"
9008,2041,10,1,Width of roll - If slit here.,3.97,4.00,4.03,"MAX : 4.03
TARGET : 4.00
MIN : 3.97"
9009,1377,10,2,Width of part,11.97,12.00,12.03,"MAX : 12.03
TARGET : 12.00
MIN : 11.97"
9098,1440,30,3,Length of Legs,0.437,0.50,0.563,"MAX : 0.563
TARGET : 0.50
MIN : 0.437"
9098,1440,30,4,Width of Part,5.687,5.75,5.813,"MAX : 5.813
TARGET : 5.75
MIN : 5.687"
9098,1440,30,5,Width of BOTTOM leg,0.437,0.50,0.563,"MAX : 0.563
TARGET : 0.50
MIN : 0.437"
9098,1440,30,6,Width of Non-Woven,5.317,5.38,5.443,"MAX : 5.443
TARGET : 5.38
MIN : 5.317"
9098,1440,30,7,Width of GRAB Tab area created at top (Distance from top Non-Woven to 2477P adhesive),0.067,0.13,0.193,"MAX : 0.193
TARGET : 0.13
MIN : 0.067"
9098,1440,30,8,Width of top tab (Edge of adhesive to edge of liner),0.437,0.50,0.563,"MAX : 0.563
TARGET : 0.50
MIN : 0.437"
9098,1440,30,9,Is the part clean and free of all debris,No(Fail),Yes(Pass),,"MAX : 
TARGET : Yes(Pass)
MIN : No(Fail)"
9098,1440,30,11,"Are you wearing a Hair Net, Beard Net, Gloves etc as required.",No(Fail),Yes(Pass),,"MAX : 
TARGET : Yes(Pass)
MIN : No(Fail)"
9098,1440,20,1,Is the Print Clean and free of visual defects?,No(Fail),Yes(Pass),,"MAX : 
TARGET : Yes(Pass)
MIN : No(Fail)"
9098,1440,20,2,Width of slit label stock,0.687,0.75,0.813,"MAX : 0.813
TARGET : 0.75
MIN : 0.687"
9098,1440,20,4,Is the finished roll wound in rewind direction #3?,No(Fail),Yes(Pass),,"MAX : 
TARGET : Yes(Pass)
MIN : No(Fail)"
9098,1440,10,1,Width of filter media,5.875,6.00,6.125,"MAX : 6.125
TARGET : 6.00
MIN : 5.875"
9009,1377,10,1,Length of part,9.97,10.00,10.03,"MAX : 10.03
TARGET : 10.00
MIN : 9.97"
9010,1378,10,2,Width of 9956,5.19,5.25,5.31,"MAX : 5.31
TARGET : 5.25
MIN : 5.19"
9095,2066,20,1,Length of part,7.94,8.00,8.06,"MAX : 8.06
TARGET : 8.00
MIN : 7.94"
9095,2066,20,2,Width of part,11.44,11.50,11.56,"MAX : 11.56
TARGET : 11.50
MIN : 11.44"
9095,2066,20,3,Does the sheet lay relatively flat?,No(Fail),Yes(Pass),,"MAX : 
TARGET : Yes(Pass)
MIN : No(Fail)"
9010,1378,20,2,Width of hole in hydrogel,2.033,2.063,2.093,"MAX : 2.093
TARGET : 2.063
MIN : 2.033"
9010,1378,10,1,Width of SWM material,1.97,2.00,2.03,"MAX : 2.03
TARGET : 2.00
MIN : 1.97"
9087,1432,20,1,Length of part,0.740,0.750,0.760,"MAX : 0.760
TARGET : 0.750
MIN : 0.740"
9087,1432,20,2,Width of part,2.65,2.75,2.85,"MAX : 2.85
TARGET : 2.75
MIN : 2.65"
9011,1379,10,2,Width of 9956,7.19,7.25,7.31,"MAX : 7.31
TARGET : 7.25
MIN : 7.19"
9011,1379,10,1,Width of SWM material,3.97,4.00,4.03,"MAX : 4.03
TARGET : 4.00
MIN : 3.97"
9088,1433,20,1,Length of part,0.99,1.00,1.01,"MAX : 1.01
TARGET : 1.00
MIN : 0.99"
9088,1433,20,2,Width of part,2.65,2.75,2.85,"MAX : 2.85
TARGET : 2.75
MIN : 2.65"
9012,1380,10,2,"Distance from hole to right ""arm""",111.77,112.27,112.77,"MAX : 112.77
TARGET : 112.27
MIN : 111.77"
9012,1380,10,1,"Distance from hole to left ""arm""",111.77,112.27,112.77,"MAX : 112.77
TARGET : 112.27
MIN : 111.77"
9100,1441,20,2,Length of perf,4.94,5.00,5.06,"MAX : 5.06
TARGET : 5.00
MIN : 4.94"
9100,1441,20,3,Are the parts packed loosely in the box?,No(Fail),Yes(Pass),,"MAX : 
TARGET : Yes(Pass)
MIN : No(Fail)"
9013,1381,10,3,Width of roll,5.94,6.00,6.06,"MAX : 6.06
TARGET : 6.00
MIN : 5.94"
9013,1381,10,2,"Is raw material free of creases, wrinkles, gage bands, stretch bands. diamond pattern, and lint?",No(Fail),Yes(Pass),,"MAX : 
TARGET : Yes(Pass)
MIN : No(Fail)"
9014,2042,10,2,Is the slit edge free of slivers and double cuts?,No(Fail),Yes(Pass),,"MAX : 
TARGET : Yes(Pass)
MIN : No(Fail)"
9014,2042,10,1,Width of slit roll,18,19,20,"MAX : 20
TARGET : 19
MIN : 18"
9091,1435,20,2,Length of slot,7.75,8.00,8.25,"MAX : 8.25
TARGET : 8.00
MIN : 7.75"
9091,1435,20,4,Width of part,21.15,21.65,22.15,"MAX : 22.15
TARGET : 21.65
MIN : 21.15"
9091,1435,20,5,Width of slot,3.25,3.50,3.75,"MAX : 3.75
TARGET : 3.50
MIN : 3.25"
9091,1435,20,6,Distance from slot to the bottom of the part,3.50,3.75,4.00,"MAX : 4.00
TARGET : 3.75
MIN : 3.50"
9091,1435,20,3,Distance from slot to notch end,5.95,6.20,6.45,"MAX : 6.45
TARGET : 6.20
MIN : 5.95"
9091,1435,20,7,Is the slot cleanly cut and easily removed?,No(Fail),Yes(Pass),,"MAX : 
TARGET : Yes(Pass)
MIN : No(Fail)"
9091,1435,20,8,Is the die strike deep enough to remove the matrix but not cut into the liner?,No(Fail),Yes(Pass),,"MAX : 
TARGET : Yes(Pass)
MIN : No(Fail)"
9015,2043,10,2,Is the slit edge free of slivers and double cuts?,No(Fail),Yes(Pass),,"MAX : 
TARGET : Yes(Pass)
MIN : No(Fail)"
9015,2043,10,1,Width of roll,5.97,6.00,6.03,"MAX : 6.03
TARGET : 6.00
MIN : 5.97"
9106,2068,20,3,Is the print on the liner?,No(Fail),Yes(Pass),,"MAX : 
TARGET : Yes(Pass)
MIN : No(Fail)"
9016,1382,20,2,Distance from edge of seal to edge of tabbed area,41.99,42.79,43.59,"MAX : 43.59
TARGET : 42.79
MIN : 41.99"
9016,1382,10,2,Is the slit edge free of slivers and double cuts?,No(Fail),Yes(Pass),,"MAX : 
TARGET : Yes(Pass)
MIN : No(Fail)"
9016,1382,20,1,Diameter of seal - measured in the web direction,43.65,44.45,45.25,"MAX : 45.25
TARGET : 44.45
MIN : 43.65"
9017,1383,10,2,"Is the slit edge free of double cuts, smeared adhesive and other slitting defects?",No(Fail),Yes(Pass)q,,"MAX : 
TARGET : Yes(Pass)q
MIN : No(Fail)"
9017,1383,10,1,Width of slit roll of adhesive,49.8,50.8,53.0,"MAX : 53.0
TARGET : 50.8
MIN : 49.8"
9018,2044,20,3,Width of part,3.97,4.00,4.03,"MAX : 4.03
TARGET : 4.00
MIN : 3.97"
9109,2071,10,3,Is the roll wound without gapping and telescoping?,No(Fail),Yes(Pass),,"MAX : 
TARGET : Yes(Pass)
MIN : No(Fail)"
9018,2044,20,4,Width of liner,4.30,4.33,4.36,"MAX : 4.36
TARGET : 4.33
MIN : 4.30"
9018,2044,20,1,Length of part,0.345,0.375,0.405,"MAX : 0.405
TARGET : 0.375
MIN : 0.345"
9110,2072,10,3,Is the roll wound without gapping and telescoping?,No(Fail),Yes(Pass),,"MAX : 
TARGET : Yes(Pass)
MIN : No(Fail)"
9110,2072,10,4,Is the roll wound on a green plastic core?,No(Fail),Yes(Pass),,"MAX : 
TARGET : Yes(Pass)
MIN : No(Fail)"
9018,2044,20,2,Length of spacing between parts,0.22,0.25,0.28,"MAX : 0.28
TARGET : 0.25
MIN : 0.22"
9018,2044,20,6,Repeat of registration marks,0.595,0.625,0.655,"MAX : 0.655
TARGET : 0.625
MIN : 0.595"
9019,2045,20,2,Is length of finished product 50 yards?,No(Fail),Yes(Pass),,"MAX : 
TARGET : Yes(Pass)
MIN : No(Fail)"
9111,1444,20,3,Width of part,33.6,34.4,35.2,"MAX : 35.2
TARGET : 34.4
MIN : 33.6"
9111,1444,20,4,Is the die strike deep enough to remove the matrix and not cut into the liner?,No(Fail),Yes(Pass),,"MAX : 
TARGET : Yes(Pass)
MIN : No(Fail)"
9111,1444,20,6,Is the perf easy enough to tear but stay together under rewind?,No(Fail),Yes(Pass),,"MAX : 
TARGET : Yes(Pass)
MIN : No(Fail)"
9111,1444,20,5,Is the score deep enough to remove the adhesive but not cut into the tab?,No(Fail),Yes(Pass),,"MAX : 
TARGET : Yes(Pass)
MIN : No(Fail)"
9019,2045,20,1,Width of finished product?,0.45,0.50,0.55,"MAX : 0.55
TARGET : 0.50
MIN : 0.45"
8990,2029,10,2,Core Diameter,75.70,76.20,76.70,"MAX : 76.70
TARGET : 76.20
MIN : 75.70"
9020,1384,20,1,Diameter of part,0.417,0.437,0.457,"MAX : 0.457
TARGET : 0.437
MIN : 0.417"
8991,2030,10,5,Is the slit edge free of any slitting debris?,No(Fail),Yes(Pass),,"MAX : 
TARGET : Yes(Pass)
MIN : No(Fail)"
9020,1384,10,2,Is the slit edge free of slivers and double cuts?,No(Fail),Yes(Pass),,"MAX : 
TARGET : Yes(Pass)
MIN : No(Fail)"
9021,1385,30,2,Length of Inside Window,5.937,6.00,6.063,"MAX : 6.063
TARGET : 6.00
MIN : 5.937"
9116,2073,20,1,Is the adhesive visually centered on the liner?,No(Fail),Yes(Pass),,"MAX : 
TARGET : Yes(Pass)
MIN : No(Fail)"
9116,2073,20,2,Is the adhesive laminated to the release side of the liner?,No(Fail),Yes(Pass),,"MAX : 
TARGET : Yes(Pass)
MIN : No(Fail)"
9021,1385,30,1,Length of Part,6.937,7.00,7.063,"MAX : 7.063
TARGET : 7.00
MIN : 6.937"
9022,1386,30,2,Length of Inside Window,6.437,6.50,6.563,"MAX : 6.563
TARGET : 6.50
MIN : 6.437"
9112,1445,30,1,Length of part,9.87,10.00,10.13,"MAX : 10.13
TARGET : 10.00
MIN : 9.87"
9112,1445,30,2,Width of part,7.87,8.00,8.13,"MAX : 8.13
TARGET : 8.00
MIN : 7.87"
9112,1445,30,3,Distance from top edge of shield to bottom of foam,1.25,1.50,1.75,"MAX : 1.75
TARGET : 1.50
MIN : 1.25"
9112,1445,30,4,Distance from top edge to edge of 9832F,0.12,0.25,0.38,"MAX : 0.38
TARGET : 0.25
MIN : 0.12"
9112,1445,30,5,Width of 9832F,3.87,4.00,4.13,"MAX : 4.13
TARGET : 4.00
MIN : 3.87"
9112,1445,30,7,Is the foam laminated to the anti-fogging side of the PET?,No(Fail),Yes(Pass),,"MAX : 
TARGET : Yes(Pass)
MIN : No(Fail)"
9112,1445,30,8,Are all adhesive covered and not exposed?,No(Fail),Yes(Pass),,"MAX : 
TARGET : Yes(Pass)
MIN : No(Fail)"
9112,1445,30,6,Is the cut out in the 9832F visually centered on the PET?,No(Fail),Yes(Pass),,"MAX : 
TARGET : Yes(Pass)
MIN : No(Fail)"
9112,1445,30,9,Does the part lay flat or curl away from the foam?,No(Fail),Yes(Pass),,"MAX : 
TARGET : Yes(Pass)
MIN : No(Fail)"
9112,1445,30,10,Does the part pass the curl test?  See JT and pictures for test description.,No(Fail),Yes(Pass),,"MAX : 
TARGET : Yes(Pass)
MIN : No(Fail)"
9022,1386,30,1,Length of Part,7.937,8.00,8.063,"MAX : 8.063
TARGET : 8.00
MIN : 7.937"
9023,2046,20,2,Width of part,0.97,1.00,1.03,"MAX : 1.03
TARGET : 1.00
MIN : 0.97"
9114,1447,30,1,Length of part,9.87,10.00,10.13,"MAX : 10.13
TARGET : 10.00
MIN : 9.87"
9114,1447,30,2,Width of part,7.87,8.00,8.13,"MAX : 8.13
TARGET : 8.00
MIN : 7.87"
9114,1447,30,3,Distance from top edge of shield to bottom of foam,1.25,1.50,1.75,"MAX : 1.75
TARGET : 1.50
MIN : 1.25"
9114,1447,30,4,Distance from top edge to edge of 9832F,0.12,0.25,0.38,"MAX : 0.38
TARGET : 0.25
MIN : 0.12"
9114,1447,30,5,Width of 9832F,3.87,4.00,4.13,"MAX : 4.13
TARGET : 4.00
MIN : 3.87"
9114,1447,30,7,Is the foam laminated to the anti-fogging side of the PET?,No(Fail),Yes(Pass),,"MAX : 
TARGET : Yes(Pass)
MIN : No(Fail)"
9114,1447,30,8,Are all adhesive covered and not exposed?,No(Fail),Yes(Pass),,"MAX : 
TARGET : Yes(Pass)
MIN : No(Fail)"
9114,1447,30,6,Is the cut out in the 9832F visually centered on the PET?,No(Fail),Yes(Pass),,"MAX : 
TARGET : Yes(Pass)
MIN : No(Fail)"
9114,1447,30,9,Does the part lay flat or curl away from the foam?,No(Fail),Yes(Pass),,"MAX : 
TARGET : Yes(Pass)
MIN : No(Fail)"
9114,1447,30,10,Does the part pass the curl test?  See JT and pictures for test description.,No(Fail),Yes(Pass),,"MAX : 
TARGET : Yes(Pass)
MIN : No(Fail)"
9023,2046,20,1,Length of part,1.97,2.00,2.03,"MAX : 2.03
TARGET : 2.00
MIN : 1.97"
9024,2047,10,2,Is the slit edge free of slivers and double cuts?,No(Fail),Yes(Pass),,"MAX : 
TARGET : Yes(Pass)
MIN : No(Fail)"
9115,1448,30,1,Length of part,9.87,10.00,10.13,"MAX : 10.13
TARGET : 10.00
MIN : 9.87"
9115,1448,30,2,Width of part,7.87,8.00,8.13,"MAX : 8.13
TARGET : 8.00
MIN : 7.87"
9115,1448,30,3,Distance from top edge of shield to bottom of foam,1.25,1.50,1.75,"MAX : 1.75
TARGET : 1.50
MIN : 1.25"
9115,1448,30,4,Distance from top edge to edge of 9832F,0.12,0.25,0.38,"MAX : 0.38
TARGET : 0.25
MIN : 0.12"
9115,1448,30,5,Width of 9832F,3.87,4.00,4.13,"MAX : 4.13
TARGET : 4.00
MIN : 3.87"
9115,1448,30,7,Is the foam laminated to the anti-fogging side of the PET?,No(Fail),Yes(Pass),,"MAX : 
TARGET : Yes(Pass)
MIN : No(Fail)"
9115,1448,30,8,Are all adhesive covered and not exposed?,No(Fail),Yes(Pass),,"MAX : 
TARGET : Yes(Pass)
MIN : No(Fail)"
9115,1448,30,6,Is the cut out in the 9832F visually centered on the PET?,No(Fail),Yes(Pass),,"MAX : 
TARGET : Yes(Pass)
MIN : No(Fail)"
9115,1448,30,9,Does the part lay flat or curl away from the foam?,No(Fail),Yes(Pass),,"MAX : 
TARGET : Yes(Pass)
MIN : No(Fail)"
9115,1448,30,10,Does the part pass the curl test?  See JT and pictures for test description.,No(Fail),Yes(Pass),,"MAX : 
TARGET : Yes(Pass)
MIN : No(Fail)"
9024,2047,10,1,Width of slit roll,18,19,20,"MAX : 20
TARGET : 19
MIN : 18"
9025,1387,20,2,Width of part,5.44,5.50,5.56,"MAX : 5.56
TARGET : 5.50
MIN : 5.44"
9025,1387,20,1,Length of part,0.94,1.00,1.06,"MAX : 1.06
TARGET : 1.00
MIN : 0.94"
9026,1388,20,2,Radius of lower radii,5.80,6.60,7.40,"MAX : 7.40
TARGET : 6.60
MIN : 5.80"
9124,1456,20,1,Width of adhesive,23.875,24.00,24.125,"MAX : 24.125
TARGET : 24.00
MIN : 23.875"
9124,1456,20,2,Length of sheet,17.875,18.00,18.125,"MAX : 18.125
TARGET : 18.00
MIN : 17.875"
9124,1456,20,3,Width of Q200 liner,24.375,24.50,24.625,"MAX : 24.625
TARGET : 24.50
MIN : 24.375"
9124,1456,20,4,Distance from edge of adhesive to edge of liner,0.125,0.25,0.375,"MAX : 0.375
TARGET : 0.25
MIN : 0.125"
9124,1456,20,5,Is the adhesive laminated to the release side of the Q300 liner?,No(Fail),Yes(Pass),,"MAX : 
TARGET : Yes(Pass)
MIN : No(Fail)"
9124,1456,20,6,Do the parts lay flat with little to no curl?,No(Fail),Yes(Pass),,"MAX : 
TARGET : Yes(Pass)
MIN : No(Fail)"
9026,1388,20,9,Distance from bottom of part to edge of hole,3.81,4.06,4.31,"MAX : 4.31
TARGET : 4.06
MIN : 3.81"
9026,1388,20,1,Radius of upper radii,7.55,8.35,9.15,"MAX : 9.15
TARGET : 8.35
MIN : 7.55"
9123,1455,20,1,Width of adhesive,23.875,24.00,24.125,"MAX : 24.125
TARGET : 24.00
MIN : 23.875"
9123,1455,20,2,Length of sheet,17.875,18.00,18.125,"MAX : 18.125
TARGET : 18.00
MIN : 17.875"
9123,1455,20,3,Width of liner,24.375,24.50,24.625,"MAX : 24.625
TARGET : 24.50
MIN : 24.375"
9123,1455,20,4,Distance from edge of adhesive to edge of liner,0.125,0.25,0.375,"MAX : 0.375
TARGET : 0.25
MIN : 0.125"
9123,1455,20,5,Is the adhesive laminated to the release side of the 54# liner?,No(Fail),Yes(Pass),,"MAX : 
TARGET : Yes(Pass)
MIN : No(Fail)"
9123,1455,20,6,Do the parts lay flat with little to no curl?,No(Fail),Yes(Pass),,"MAX : 
TARGET : Yes(Pass)
MIN : No(Fail)"
9026,1388,20,3,Length of part at flats,10.41,11.21,12.01,"MAX : 12.01
TARGET : 11.21
MIN : 10.41"
9027,1389,20,2,Length of internal rectangle,4.98,5.00,5.02,"MAX : 5.02
TARGET : 5.00
MIN : 4.98"
9016,1382,10,3,Does the adhesive unwind without picking?,No(Fail),Yes(Pass),,"MAX : 
TARGET : Yes(Pass)
MIN : No(Fail)"
9027,1389,20,1,Length of part,9.97,10.00,10.03,"MAX : 10.03
TARGET : 10.00
MIN : 9.97"
9028,2048,10,2,Is the slit edge free of slivers and double cuts?,No(Fail),Yes(Pass),,"MAX : 
TARGET : Yes(Pass)
MIN : No(Fail)"
9117,1449,30,6,Width,26.04,26.42,26.80,"MAX : 26.80
TARGET : 26.42
MIN : 26.04"
9117,1449,30,4,Datum B to Near Window Edge,12.34,12.64,12.94,"MAX : 12.94
TARGET : 12.64
MIN : 12.34"
9117,1449,30,7,Liner Edge to Part Edge Operator Side,5.3,5.8,6.3,"MAX : 6.3
TARGET : 5.8
MIN : 5.3"
9117,1449,30,9,Liner Width,37.6,38.1,38.6,"MAX : 38.6
TARGET : 38.1
MIN : 37.6"
9117,1449,30,12,Does the part pass the Muth Mirror flatness test?,No(Fail),Yes(Pass),,"MAX : 
TARGET : Yes(Pass)
MIN : No(Fail)"
9117,1449,30,13,Is the die strike deep enough to remove the matrix but not cut into the liner?,No(Fail),Yes(Pass),,"MAX : 
TARGET : Yes(Pass)
MIN : No(Fail)"
9117,1449,30,14,Is the smooth side of the film against the foam?,No(Fail),Yes(Pass),,"MAX : 
TARGET : Yes(Pass)
MIN : No(Fail)"
9028,2048,10,1,Width of slit roll,7.97,8.00,8.03,"MAX : 8.03
TARGET : 8.00
MIN : 7.97"
9029,1390,10,1,Print repeat,11.97,12.00,12.03,"MAX : 12.03
TARGET : 12.00
MIN : 11.97"
9118,1450,30,4,Part Width,26.04,26.42,26.80,"MAX : 26.80
TARGET : 26.42
MIN : 26.04"
9118,1450,30,5,B to Near Window Edge,12.34,12.64,12.94,"MAX : 12.94
TARGET : 12.64
MIN : 12.34"
9118,1450,30,7,Part Edge to Liner Edge,5.3,5.8,6.3,"MAX : 6.3
TARGET : 5.8
MIN : 5.3"
9118,1450,30,8,Liner Width,37.6,38.1,38.6,"MAX : 38.6
TARGET : 38.1
MIN : 37.6"
9118,1450,30,10,Does the part pass the Muth Mirror flatness test?,No(Fail),Yes(Pass),,"MAX : 
TARGET : Yes(Pass)
MIN : No(Fail)"
9118,1450,30,11,Is the die strike deep enough to remove the matrix but not cut into the liner?,No(Fail),Yes(Pass),,"MAX : 
TARGET : Yes(Pass)
MIN : No(Fail)"
9118,1450,30,12,Is the smooth side of the film against the foam?,No(Fail),Yes(Pass),,"MAX : 
TARGET : Yes(Pass)
MIN : No(Fail)"
9029,1390,10,2,Is the print legible and free of gross print defects?,No(Fail),Yes(Pass),,"MAX : 
TARGET : Yes(Pass)
MIN : No(Fail)"
9030,1391,20,2,Width of part,1.94,2.00,2.06,"MAX : 2.06
TARGET : 2.00
MIN : 1.94"
9119,1451,30,14,Is the smooth side of the film against the foam?,No(Fail),Yes(Pass),,"MAX : 
TARGET : Yes(Pass)
MIN : No(Fail)"
9030,1391,10,2,Is the slit edge free of slivers and other slitting debris?,No(Fail),Yes(Pass),,"MAX : 
TARGET : Yes(Pass)
MIN : No(Fail)"
9030,1391,20,1,Length of part,0.94,1.00,1.06,"MAX : 1.06
TARGET : 1.00
MIN : 0.94"
9120,1452,30,15,Is the smooth side of the film against the foam?,No(Fail),Yes(Pass),,"MAX : 
TARGET : Yes(Pass)
MIN : No(Fail)"
9031,1392,20,2,Width of label,12.94,13.00,13.06,"MAX : 13.06
TARGET : 13.00
MIN : 12.94"
9031,1392,20,1,Length of label,19.94,20.00,20.06,"MAX : 20.06
TARGET : 20.00
MIN : 19.94"
9121,1453,30,4,Width of part,27.12,27.50,27.88,"MAX : 27.88
TARGET : 27.50
MIN : 27.12"
9121,1453,30,5,Distance from datum B to close internal edge,8.41,8.60,8.79,"MAX : 8.79
TARGET : 8.60
MIN : 8.41"
9121,1453,30,7,Part edge to liner edge (Op side),4.8,5.3,5.8,"MAX : 5.8
TARGET : 5.3
MIN : 4.8"
9121,1453,30,9,Liner width,37.6,38.1,38.6,"MAX : 38.6
TARGET : 38.1
MIN : 37.6"
9121,1453,30,12,Does the part pass the Muth Mirror flatness test?,No(Fail),Yes(Pass),,"MAX : 
TARGET : Yes(Pass)
MIN : No(Fail)"
9121,1453,30,13,Is the die strike deep enough to remove the matrix but not cut into the liner?,No(Fail),Yes(Pass),,"MAX : 
TARGET : Yes(Pass)
MIN : No(Fail)"
9121,1453,30,14,Is the smooth side of the film against the foam?,No(Fail),Yes(Pass),,"MAX : 
TARGET : Yes(Pass)
MIN : No(Fail)"
9121,1453,30,6,Distance from datum B to far internal edge,24.81,25.00,25.19,"MAX : 25.19
TARGET : 25.00
MIN : 24.81"
9032,1393,20,2,Width of label,12.94,13.00,13.06,"MAX : 13.06
TARGET : 13.00
MIN : 12.94"
9032,1393,20,1,Length of label,19.94,20.00,20.06,"MAX : 20.06
TARGET : 20.00
MIN : 19.94"
9122,1454,30,4,Width of part,27.12,27.50,27.88,"MAX : 27.88
TARGET : 27.50
MIN : 27.12"
9122,1454,30,5,Distance from datum B to close internal edge,8.41,8.60,8.79,"MAX : 8.79
TARGET : 8.60
MIN : 8.41"
9122,1454,30,7,Part edge to liner edge (Op side),4.8,5.3,5.8,"MAX : 5.8
TARGET : 5.3
MIN : 4.8"
9122,1454,30,9,Liner width,37.6,38.1,38.6,"MAX : 38.6
TARGET : 38.1
MIN : 37.6"
9122,1454,30,12,Does the part pass the Muth Mirror flatness test?,No(Fail),Yes(Pass),,"MAX : 
TARGET : Yes(Pass)
MIN : No(Fail)"
9122,1454,30,13,Is the die strike deep enough to remove the matrix but not cut into the liner?,No(Fail),Yes(Pass),,"MAX : 
TARGET : Yes(Pass)
MIN : No(Fail)"
9122,1454,30,14,Is the smooth side of the film against the foam?,No(Fail),Yes(Pass),,"MAX : 
TARGET : Yes(Pass)
MIN : No(Fail)"
9122,1454,30,6,Distance from datum B to far internal edge,24.81,25.00,25.19,"MAX : 25.19
TARGET : 25.00
MIN : 24.81"
9033,1394,20,2,Width of label,12.94,13.00,13.06,"MAX : 13.06
TARGET : 13.00
MIN : 12.94"
9033,1394,20,1,Length of label,19.94,20.00,20.06,"MAX : 20.06
TARGET : 20.00
MIN : 19.94"
9034,1395,10,2,Inside diameter of part,0.56,0.58,0.60,"MAX : 0.60
TARGET : 0.58
MIN : 0.56"
9128,1460,10,3,Is the die strike deep enough to remove the matrix but not cut into the liner?,No(Fail),Yes(Pass),,"MAX : 
TARGET : Yes(Pass)
MIN : No(Fail)"
9034,1395,10,1,Outside diameter of part,0.690,0.700,0.710,"MAX : 0.710
TARGET : 0.700
MIN : 0.690"
9035,1396,30,2,Length of Inside Window,6.437,6.50,6.563,"MAX : 6.563
TARGET : 6.50
MIN : 6.437"
9129,1461,10,3,Length of of wide window,1.135,1.140,1.145,"MAX : 1.145
TARGET : 1.140
MIN : 1.135"
9129,1461,10,4,Width of part,1.714,1.719,1.724,"MAX : 1.724
TARGET : 1.719
MIN : 1.714"
9129,1461,10,5,Width of narrow window,0.340,0.345,0.350,"MAX : 0.350
TARGET : 0.345
MIN : 0.340"
9129,1461,10,6,Width of wide window,0.695,0.700,0.705,"MAX : 0.705
TARGET : 0.700
MIN : 0.695"
9129,1461,10,7,Are all of the internal cuts clean and the windows easily removed?,No(Fail),Yes(Pass),,"MAX : 
TARGET : Yes(Pass)
MIN : No(Fail)"
9129,1461,10,8,Is the low tack carrier intact and not cut through?,No(Fail),Yes(Pass),,"MAX : 
TARGET : Yes(Pass)
MIN : No(Fail)"
9035,1396,30,1,Length of Part,7.937,8.00,8.063,"MAX : 8.063
TARGET : 8.00
MIN : 7.937"
9035,1396,10,1,Width of filter media,6.00,6.125,6.25,"MAX : 6.25
TARGET : 6.125
MIN : 6.00"
9130,1462,10,3,Is the die strike deep enough to remove the matrix but not cut into the parts?,No(Fail),Yes(Pass),,"MAX : 
TARGET : Yes(Pass)
MIN : No(Fail)"
9036,1397,30,2,Length of Inside Window,5.937,6.00,6.063,"MAX : 6.063
TARGET : 6.00
MIN : 5.937"
9036,1397,30,1,Length of Part,6.937,7.00,7.063,"MAX : 7.063
TARGET : 7.00
MIN : 6.937"
9131,1463,10,2,Width of part,0.416,0.421,0.426,"MAX : 0.426
TARGET : 0.421
MIN : 0.416"
9036,1397,10,1,Width of filter media,5.875,6.00,6.125,"MAX : 6.125
TARGET : 6.00
MIN : 5.875"
9037,1398,20,1,Width of slit foam,1.25,1.50,1.75,"MAX : 1.75
TARGET : 1.50
MIN : 1.25"
9132,1464,10,3,Is the die strike deep enough to remove the matrix but not cut into the parts?,No(Fail),Yes(Pass),,"MAX : 
TARGET : Yes(Pass)
MIN : No(Fail)"
9037,1398,10,1,Width of slit foam,8.87,9.00,9.13,"MAX : 9.13
TARGET : 9.00
MIN : 8.87"
9010,1378,20,1,Length of hole in hydrogel,2.033,2.063,2.093,"MAX : 2.093
TARGET : 2.063
MIN : 2.033"
9038,2049,10,2,Is the roll wound without gapping or telescoping?,No(Fail),Yes(Pass),,"MAX : 
TARGET : Yes(Pass)
MIN : No(Fail)"
9126,1458,20,2,Width of part,93.96,94.21,94.46,"MAX : 94.46
TARGET : 94.21
MIN : 93.96"
9126,1458,20,3,Distance from gear side of part to edge of liner?,9.791,10.045,10.299,"MAX : 10.299
TARGET : 10.045
MIN : 9.791"
9126,1458,20,4,Distance from operator side of part to edge of liner?,9.791,10.045,10.299,"MAX : 10.299
TARGET : 10.045
MIN : 9.791"
9126,1458,20,5,Is the die strike deep enough to remove the matrix but not cut into the liner?,No(Fail),Yes(Pass),,"MAX : 
TARGET : Yes(Pass)
MIN : No(Fail)"
9038,2049,10,1,Width of roll,0.44,0.50,0.56,"MAX : 0.56
TARGET : 0.50
MIN : 0.44"
9039,1399,20,2,Length 2,28.78,28.98,29.18,"MAX : 29.18
TARGET : 28.98
MIN : 28.78"
9125,1457,20,2,Width of part,85.68,85.93,86.18,"MAX : 86.18
TARGET : 85.93
MIN : 85.68"
9125,1457,20,3,Distance from gear side of part to edge of liner?,13.94,14.19,14.44,"MAX : 14.44
TARGET : 14.19
MIN : 13.94"
9125,1457,20,4,Distance from operator side of part to edge of liner?,13.94,14.19,14.44,"MAX : 14.44
TARGET : 14.19
MIN : 13.94"
9125,1457,20,5,Is the die strike deep enough to remove the matrix but not cut into the liner?,No(Fail),Yes(Pass),,"MAX : 
TARGET : Yes(Pass)
MIN : No(Fail)"
9039,1399,20,1,Length 1,51.18,51.48,51.78,"MAX : 51.78
TARGET : 51.48
MIN : 51.18"
9039,1399,20,9,Hole 5,3.90,4.00,4.20,"MAX : 4.20
TARGET : 4.00
MIN : 3.90"
9127,1459,20,2,Width of part,81.64,81.89,82.14,"MAX : 82.14
TARGET : 81.89
MIN : 81.64"
9127,1459,20,3,Distance from gear side of part to edge of liner?,15.96,16.21,16.46,"MAX : 16.46
TARGET : 16.21
MIN : 15.96"
9127,1459,20,4,Distance from operator side of part to edge of liner?,15.96,16.21,16.46,"MAX : 16.46
TARGET : 16.21
MIN : 15.96"
9127,1459,20,5,Is the die strike deep enough to remove the matrix but not cut into the liner?,No(Fail),Yes(Pass),,"MAX : 
TARGET : Yes(Pass)
MIN : No(Fail)"
9127,1459,20,6,Are the holes cleanly removed?,No(Fail),Yes(Pass),,"MAX : 
TARGET : Yes(Pass)
MIN : No(Fail)"
9039,1399,10,1,Slit Width of 8993LC,6.00,6.06,6.125,"MAX : 6.125
TARGET : 6.06
MIN : 6.00"
9039,1399,20,10,Liner Width,138.7,139.7,140.7,"MAX : 140.7
TARGET : 139.7
MIN : 138.7"
9133,1465,20,3,Width of extended liner,40.08,40.58,41.08,"MAX : 41.08
TARGET : 40.58
MIN : 40.08"
9133,1465,30,1,Length of part,159.04,159.29,159.54,"MAX : 159.54
TARGET : 159.29
MIN : 159.04"
9133,1465,30,2,Distance from 0 datum to center of first hole,7.91,8.06,8.21,"MAX : 8.21
TARGET : 8.06
MIN : 7.91"
9133,1465,30,3,Distance from 0 datum to center of second hole,20.91,21.06,21.21,"MAX : 21.21
TARGET : 21.06
MIN : 20.91"
9133,1465,30,4,Distance from 0 datum to center of third hole,40.91,41.06,41.21,"MAX : 41.21
TARGET : 41.06
MIN : 40.91"
9133,1465,30,5,Distance from 0 datum to center of fourth hole,60.91,61.06,61.21,"MAX : 61.21
TARGET : 61.06
MIN : 60.91"
9133,1465,30,6,Distance from 0 datum to center of fifth hole,80.91,81.06,81.21,"MAX : 81.21
TARGET : 81.06
MIN : 80.91"
9133,1465,30,7,Width of part,91.61,91.86,92.11,"MAX : 92.11
TARGET : 91.86
MIN : 91.61"
9133,1465,30,8,Distance from edge to center of big holes,18.55,18.80,19.05,"MAX : 19.05
TARGET : 18.80
MIN : 18.55"
9133,1465,30,13,Are the holes ejected cleanly?,No(Fail),Yes(Pass),,"MAX : 
TARGET : Yes(Pass)
MIN : No(Fail)"
9133,1465,30,14,Is the die strike deep enough to remove the matrix but not cut into the liner?,No(Fail),Yes(Pass),,"MAX : 
TARGET : Yes(Pass)
MIN : No(Fail)"
9133,1465,20,4,Width of interleave liner,93.63,94.63,95.63,"MAX : 95.63
TARGET : 94.63
MIN : 93.63"
9133,1465,30,9,Width of carrier liner,97.54,97.79,98.04,"MAX : 98.04
TARGET : 97.79
MIN : 97.54"
9133,1465,30,10,Distance from edge of part to bottom edge of extended liner ,44.20,44.70,45.20,"MAX : 45.20
TARGET : 44.70
MIN : 44.20"
9039,1399,20,13,Are the parts free of bubbles and wrinkles?,No(Fail),Yes(Pass),,"MAX : 
TARGET : Yes(Pass)
MIN : No(Fail)"
9041,1401,20,2,Is the die strike deep enough to remove the matrix but not cut into the liner?,No(Fail),Yes(Pass),,"MAX : 
TARGET : Yes(Pass)
MIN : No(Fail)"
9041,1401,20,1,Diameter of circle,0.47,0.50,0.53,"MAX : 0.53
TARGET : 0.50
MIN : 0.47"
9016,1382,10,1,Width of slit adhesive,4.80,4.90,5.00,"MAX : 5.00
TARGET : 4.90
MIN : 4.80"
9042,1402,20,4,Is the die strike deep enough to remove the matrix but not cut into the liner?,No(Fail),Yes(Pass),,"MAX : 
TARGET : Yes(Pass)
MIN : No(Fail)"
9042,1402,20,1,Length of the part,0.97,1.00,1.03,"MAX : 1.03
TARGET : 1.00
MIN : 0.97"
9134,1466,10,3,Width of tab,0.44,0.50,0.56,"MAX : 0.56
TARGET : 0.50
MIN : 0.44"
9134,1466,10,4,Is the score deep enough to remove the liner but not cut into the face?,No(Fail),Yes(Pass),,"MAX : 
TARGET : Yes(Pass)
MIN : No(Fail)"
9043,2050,10,2,Is the slit edge free of slivers and double cuts?,No(Fail),Yes(Pass),,"MAX : 
TARGET : Yes(Pass)
MIN : No(Fail)"
9043,2050,10,1,Width of roll,0.345,0.375,0.405,"MAX : 0.405
TARGET : 0.375
MIN : 0.345"
9136,2074,10,3,Are the sheets clean and free of cutting debris?,No(Fail),Yes(Pass),,"MAX : 
TARGET : Yes(Pass)
MIN : No(Fail)"
9044,1403,20,1,Width of 4905,0.97,1.00,1.03,"MAX : 1.03
TARGET : 1.00
MIN : 0.97"
9018,2044,20,5,Distance from leading edge of registration mark to trailing edge of adhesive,0.345,0.375,0.405,"MAX : 0.405
TARGET : 0.375
MIN : 0.345"
9044,1403,10,1,Width of slit liner,1.44,1.50,1.56,"MAX : 1.56
TARGET : 1.50
MIN : 1.44"
9139,1469,20,3,Is the VHB laminated to the medium release side?,No(Fail),Yes(Pass),,"MAX : 
TARGET : Yes(Pass)
MIN : No(Fail)"
9045,2051,10,2,Is the slit edge free of slivers and double cuts?,No(Fail),Yes(Pass),,"MAX : 
TARGET : Yes(Pass)
MIN : No(Fail)"
9045,2051,10,1,Width of slit roll,11.44,11.50,11.56,"MAX : 11.56
TARGET : 11.50
MIN : 11.44"
8841,1303,10,4,Width of part,1.367,1.392,1.417,"MAX : 1.417
TARGET : 1.392
MIN : 1.367"
8841,1303,10,5,Distance from edge of part to edge of liner,2.17,2.33,2.49,"MAX : 2.49
TARGET : 2.33
MIN : 2.17"
8841,1303,10,6,Width of liner,6.05,6.10,6.15,"MAX : 6.15
TARGET : 6.10
MIN : 6.05"
9046,2052,10,2,Are the rolls wound without gapping or telescoping?,No(Fail),Yes(Pass),,"MAX : 
TARGET : Yes(Pass)
MIN : No(Fail)"
9046,2052,10,1,Width of roll,11.94,12.00,12.06,"MAX : 12.06
TARGET : 12.00
MIN : 11.94"
9137,1468,40,2,Length of adhesive on leading edge,0.38,0.50,0.63,"MAX : 0.63
TARGET : 0.50
MIN : 0.38"
9137,1468,40,3,Width of part,6.38,6.50,6.63,"MAX : 6.63
TARGET : 6.50
MIN : 6.38"
9137,1468,40,4,Are the hook and 1587 on the same side of the non woven?,No(Fail),Yes(Pass),,"MAX : 
TARGET : Yes(Pass)
MIN : No(Fail)"
9137,1468,40,5,"Is the adhesive visually centered in the large area, cross web?",No(Fail),Yes(Pass),,"MAX : 
TARGET : Yes(Pass)
MIN : No(Fail)"
9137,1468,40,6,"Is the hook visually centered in the small area, cross web?",No(Fail),Yes(Pass),,"MAX : 
TARGET : Yes(Pass)
MIN : No(Fail)"
9047,1404,10,2,Hole 1 X Position,0.260,0.265,0.270,"MAX : 0.270
TARGET : 0.265
MIN : 0.260"
9047,1404,10,1,Length of part (X direction),1.840,1.845,1.850,"MAX : 1.850
TARGET : 1.845
MIN : 1.840"
9102,1442,30,4,Width of foam pad,5.345,5.360,5.375,"MAX : 5.375
TARGET : 5.360
MIN : 5.345"
9102,1442,30,3,Width of part,7.985,8.000,8.015,"MAX : 8.015
TARGET : 8.000
MIN : 7.985"
9102,1442,30,2,Length of foam pad,6.355,6.370,6.385,"MAX : 6.385
TARGET : 6.370
MIN : 6.355"
9102,1442,30,5,Is the print visually centered on the part?,No(Fail),Yes(Pass),,"MAX : 
TARGET : Yes(Pass)
MIN : No(Fail)"
9048,1405,10,2,Hole 1 X Position,0.095,0.100,0.105,"MAX : 0.105
TARGET : 0.100
MIN : 0.095"
9048,1405,10,1,Length of Part (X Direction),1.840,1.845,1.850,"MAX : 1.850
TARGET : 1.845
MIN : 1.840"
9140,2075,20,1,Width of finished roll,14.94,15.00,15.06,"MAX : 15.06
TARGET : 15.00
MIN : 14.94"
9140,2075,20,2,Width of hole pattern from center to center,14.36,14.39,14.42,"MAX : 14.42
TARGET : 14.39
MIN : 14.36"
9140,2075,20,5,Are the holes cleanly ejected?,No(Fail),Yes(Pass),,"MAX : 
TARGET : Yes(Pass)
MIN : No(Fail)"
9140,2075,20,3,Distance from gear side to edge of holes,0.195,0.225,0.255,"MAX : 0.255
TARGET : 0.225
MIN : 0.195"
9140,2075,20,4,Distance from operator side to edge of holes,0.195,0.225,0.255,"MAX : 0.255
TARGET : 0.225
MIN : 0.195"
9049,1406,10,2,Distance from datum to center of first hole,0.095,0.100,0.105,"MAX : 0.105
TARGET : 0.100
MIN : 0.095"
9049,1406,10,1,Length of part,1.340,1.345,1.350,"MAX : 1.350
TARGET : 1.345
MIN : 1.340"
9050,1407,10,2,Distance from datum to center of first hole,0.095,0.100,0.105,"MAX : 0.105
TARGET : 0.100
MIN : 0.095"
9050,1407,10,1,Length of part,1.33,1.34,1.35,"MAX : 1.35
TARGET : 1.34
MIN : 1.33"
9051,1408,20,1,"Width of slit foam - 9"" Rolls
(Inspect one finished roll every 15 input rolls)
Width of slit foam - Random Width End Cut Rolls
(Inspect one finished roll every input roll)",1.25,1.50,1.75,"MAX : 1.75
TARGET : 1.50
MIN : 1.25"
9051,1408,20,2,Does the part pass the curl test?  See JT and pictures for test description.,No(Fail),Yes(Pass),,"MAX : 
TARGET : Yes(Pass)
MIN : No(Fail)"
9147,2082,20,3,Distance from edge of part to 9828/1mil PET/IB5121 lamination,8.5,10.0,11.5,"MAX : 11.5
TARGET : 10.0
MIN : 8.5"
9147,2082,20,4,Does the lamination stack up match the enclosed drawing?,No(Fail),Yes(Pass),,"MAX : 
TARGET : Yes(Pass)
MIN : No(Fail)"
9051,1408,10,1,Width of slit foam,8.87,9.00,9.13,"MAX : 9.13
TARGET : 9.00
MIN : 8.87"
9026,1388,20,8,Distance from leading edge of part to edge of hole,3.81,4.06,4.31,"MAX : 4.31
TARGET : 4.06
MIN : 3.81"
9051,1408,30,9,Does the part lay flat or curl away from the foam?,No(Fail),Yes(Pass),,"MAX : 
TARGET : Yes(Pass)
MIN : No(Fail)"
9052,1409,20,1,Width of slit foam,1.25,1.50,1.75,"MAX : 1.75
TARGET : 1.50
MIN : 1.25"
9052,1409,30,10,Does the part pass the curl test?  See JT and pictures for test description.,No(Fail),Yes(Pass),,"MAX : 
TARGET : Yes(Pass)
MIN : No(Fail)"
9052,1409,10,1,Width of slit foam,8.87,9.00,9.13,"MAX : 9.13
TARGET : 9.00
MIN : 8.87"
9053,2053,20,2,Are the rows cleanly slit?,No(Fail),Yes(Pass),,"MAX : 
TARGET : Yes(Pass)
MIN : No(Fail)"
9149,1471,20,2,Distance from leading edge of mask to leading edge of liner,6.35,12.70,19.05,"MAX : 19.05
TARGET : 12.70
MIN : 6.35"
9149,1471,20,3,Width of Liner,571.50,584.20,596.90,"MAX : 596.90
TARGET : 584.20
MIN : 571.50"
9149,1471,20,5,"Is die cut deep enough to strip matrix, but not so deep as to cut through liner?",No (Fail),Yes (Pass),,"MAX : 
TARGET : Yes (Pass)
MIN : No (Fail)"
9149,1471,20,7,Are parts packed Face UP in box?,No (Fail),Yes (Pass),,"MAX : 
TARGET : Yes (Pass)
MIN : No (Fail)"
9053,2053,20,1,Width of one slit row,4.87,5.00,5.13,"MAX : 5.13
TARGET : 5.00
MIN : 4.87"
9054,1410,20,2,Distance from edge of adhesive to center of single hole,6.37,6.75,7.13,"MAX : 7.13
TARGET : 6.75
MIN : 6.37"
9054,1410,20,1,Length of adhesive,26.25,26.50,26.75,"MAX : 26.75
TARGET : 26.50
MIN : 26.25"
9148,1470,10,3,Are the slit edges fre of slivers and double cuts?,No(Fail),Yes(Pass),,"MAX : 
TARGET : Yes(Pass)
MIN : No(Fail)"
9148,1470,20,1,Is the adhesive visually center on the carrier liner?,No(Fail),Yes(Pass),,"MAX : 
TARGET : Yes(Pass)
MIN : No(Fail)"
9148,1470,20,2,Are all splices made per the SOP?,No(Fail),Yes(Pass),,"MAX : 
TARGET : Yes(Pass)
MIN : No(Fail)"
9148,1470,30,1,Is the spool wound with the secondary liner out?,No(Fail),Yes(Pass),,"MAX : 
TARGET : Yes(Pass)
MIN : No(Fail)"
9148,1470,30,2,Is the spool wound without gaps?,No(Fail),Yes(Pass),,"MAX : 
TARGET : Yes(Pass)
MIN : No(Fail)"
9054,1410,20,9,Are all of the holes cleanly ejected?,No(Fail),Yes(Pass),,"MAX : 
TARGET : Yes(Pass)
MIN : No(Fail)"
9030,1391,10,1,Width of foam,1.94,2.00,2.06,"MAX : 2.06
TARGET : 2.00
MIN : 1.94"
9055,2054,20,2,"Diameter of liner.  Check a different orientation each time, cross web and down web.",0.99,1.00,1.01,"MAX : 1.01
TARGET : 1.00
MIN : 0.99"
9135,1467,20,2,Diameter of part,1.480,1.500,1.520,"MAX : 1.520
TARGET : 1.500
MIN : 1.480"
9135,1467,20,3,Diameter of inner hole,0.605,0.625,0.645,"MAX : 0.645
TARGET : 0.625
MIN : 0.605"
9135,1467,20,5,"Is the die strike deep enough to remove the matrix, but not cut into the liner?",No(Fail),Yes(Pass),,"MAX : 
TARGET : Yes(Pass)
MIN : No(Fail)"
9055,2054,20,1,"Diameter of gel.  Check a different orientation each time, cross web and down web.",0.68,0.69,0.70,"MAX : 0.70
TARGET : 0.69
MIN : 0.68"
9056,1411,20,2,Diameter of foam hole,21.4,22.2,23.0,"MAX : 23.0
TARGET : 22.2
MIN : 21.4"
9151,1473,20,1,Length of sheet,23.87,24.00,24.13,"MAX : 24.13
TARGET : 24.00
MIN : 23.87"
9151,1473,20,2,Distance from edge of 1524 to edge of 3426A,-0.03,0,+0.03,"MAX : +0.03
TARGET : 0
MIN : -0.03"
9151,1473,20,3,Is the adhesive visually centered on the liner?,No(Fail),Yes(Pass),,"MAX : 
TARGET : Yes(Pass)
MIN : No(Fail)"
9151,1473,20,4,Is the adhesive laminated to the release side of the liner?,No(Fail),Yes(Pass),,"MAX : 
TARGET : Yes(Pass)
MIN : No(Fail)"
9056,1411,20,1,Diameter of adhesive hole,23.50,24.00,24.50,"MAX : 24.50
TARGET : 24.00
MIN : 23.50"
9057,1412,10,2,Width of part,1.97,2.00,2.03,"MAX : 2.03
TARGET : 2.00
MIN : 1.97"
9057,1412,10,1,Length of part,14.47,14.50,14.53,"MAX : 14.53
TARGET : 14.50
MIN : 14.47"
9058,1413,10,2,Width of part,1.97,2.00,2.03,"MAX : 2.03
TARGET : 2.00
MIN : 1.97"
9058,1413,10,1,Length of part,11.47,11.50,11.53,"MAX : 11.53
TARGET : 11.50
MIN : 11.47"
9059,2055,10,2,Width of sheet,8.94,9.00,9.06,"MAX : 9.06
TARGET : 9.00
MIN : 8.94"
9152,1474,20,3,Is the score deep enough to remove the adhesive but not cut into the liner?,No(Fail),Yes(Pass),,"MAX : 
TARGET : Yes(Pass)
MIN : No(Fail)"
9059,2055,10,1,Length of sheet,23.94,24.00,24.06,"MAX : 24.06
TARGET : 24.00
MIN : 23.94"
9060,1414,10,2,Width of part,19,20,21,"MAX : 21
TARGET : 20
MIN : 19"
9060,1414,10,1,Length of part,69,70,71,"MAX : 71
TARGET : 70
MIN : 69"
9060,1414,10,3,Do the parts have rounded ends?,No(Fail),Yes(Pass),,"MAX : 
TARGET : Yes(Pass)
MIN : No(Fail)"
9153,1475,10,3,Is the hole cleanly removed?,No(Fail),Yes(Pass),,"MAX : 
TARGET : Yes(Pass)
MIN : No(Fail)"
9153,1475,10,4,Is the die strike deep enough to strip the matrix but not cut through the liner?,No(Fail),Yes(Pass),,"MAX : 
TARGET : Yes(Pass)
MIN : No(Fail)"
9061,1415,10,2,Width of part,1.37,1.50,1.63,"MAX : 1.63
TARGET : 1.50
MIN : 1.37"
9061,1415,10,1,Length of part,7.87,8.00,8.13,"MAX : 8.13
TARGET : 8.00
MIN : 7.87"
9096,1439,40,3,Is the printed strip oriented towards the ziplock end of the bag?,No(Fail),Yes(Pass),,"MAX : 
TARGET : Yes(Pass)
MIN : No(Fail)"
9062,1416,0,1,SEFAR Mesh thickness (using a micrometer),.04,.045,.05,"MAX : .05
TARGET : .045
MIN : .04"
9062,1416,70,9,Verify that no Vivid GR is trapped under the mesh.,F (Fail),P (Pass),,"MAX : 
TARGET : P (Pass)
MIN : F (Fail)"
9098,1440,40,3,Is the printed strip oriented towards the ziplock end of the bag?,No(Fail),Yes(Pass),,"MAX : 
TARGET : Yes(Pass)
MIN : No(Fail)"
9062,1416,100,3,ASSAY PAD Length (using RamScope) 3.2mm Hole Parts,24.8,25.0,25.2,"MAX : 25.2
TARGET : 25.0
MIN : 24.8"
9062,1416,0,2,Vivid GR thickness (using a micrometer),.31,.33,.35,"MAX : .35
TARGET : .33
MIN : .31"
9156,1477,20,3,Is the cut edge free of any burrs or cutting defects?,No(Fail),Yes(Pass),,"MAX : 
TARGET : Yes(Pass)
MIN : No(Fail)"
9156,1477,20,4,Production start date recorded?,No(Fail),Yes(Pass),,"MAX : 
TARGET : Yes(Pass)
MIN : No(Fail)"
9156,1477,30,1,Is the Julian date correct for the label?,No(Fail),Yes(Pass),,"MAX : 
TARGET : Yes(Pass)
MIN : No(Fail)"
9156,1477,30,2,Do the barcodes scan correctly?,No(Fail),Yes(Pass),,"MAX : 
TARGET : Yes(Pass)
MIN : No(Fail)"
9156,1477,10,1,Length of label,3.97,4.00,4.03,"MAX : 4.03
TARGET : 4.00
MIN : 3.97"
9156,1477,10,2,Width of label,2.47,2.50,2.53,"MAX : 2.53
TARGET : 2.50
MIN : 2.47"
9062,1416,80,9,Verify that no Vivid GR is trapped under the mesh.,F (Fail),P (Pass),,"MAX : 
TARGET : P (Pass)
MIN : F (Fail)"
9062,1416,100,4,ASSAY PAD Width (using RamScope) 3.2mm Hole Parts,12.8,13.0,13.2,"MAX : 13.2
TARGET : 13.0
MIN : 12.8"
9157,2084,10,3,Is the roll wound without gapping or telescoping?,No(Fail),Yes(Pass),,"MAX : 
TARGET : Yes(Pass)
MIN : No(Fail)"
9063,1417,10,2,Is the slit edge free of slivers and double cuts and does it unwind without picking?,No(Fail),Yes(Pass),,"MAX : 
TARGET : Yes(Pass)
MIN : No(Fail)"
9063,1417,10,1,Width of 1522,1.345,1.375,1.405,"MAX : 1.405
TARGET : 1.375
MIN : 1.345"
9158,1478,20,3,Width of part,0.94,0.95,0.96,"MAX : 0.96
TARGET : 0.95
MIN : 0.94"
9158,1478,20,4,Part repeat,0.74,0.75,0.76,"MAX : 0.76
TARGET : 0.75
MIN : 0.74"
9158,1478,20,5,Is the score deep enough to remove the adhesive but not cut into the liner?,No(Fail),Yes(Pass),,"MAX : 
TARGET : Yes(Pass)
MIN : No(Fail)"
9158,1478,20,6,Is the die strike deep enough to remove the matrix but not cut into the liner?,No(Fail),Yes(Pass),,"MAX : 
TARGET : Yes(Pass)
MIN : No(Fail)"
9064,1418,10,1,Width of hook,0.72,0.75,0.78,"MAX : 0.78
TARGET : 0.75
MIN : 0.72"
9064,1418,10,3,Width of 1522H,1.345,1.375,1.405,"MAX : 1.405
TARGET : 1.375
MIN : 1.345"
9103,1443,30,1,Length of part,8.44,8.50,8.56,"MAX : 8.56
TARGET : 8.50
MIN : 8.44"
9103,1443,30,2,Length of leading leg,0.44,0.50,0.56,"MAX : 0.56
TARGET : 0.50
MIN : 0.44"
9103,1443,30,3,Length of overlap,0.04,0.10,0.16,"MAX : 0.16
TARGET : 0.10
MIN : 0.04"
9103,1443,30,4,Width of part,4.44,4.50,4.56,"MAX : 4.56
TARGET : 4.50
MIN : 4.44"
9103,1443,30,5,Width of operator side leg,0.44,0.50,0.56,"MAX : 0.56
TARGET : 0.50
MIN : 0.44"
9103,1443,30,6,Width of overlap,0.04,0.10,0.16,"MAX : 0.16
TARGET : 0.10
MIN : 0.04"
9103,1443,30,7,Width of fold,0.43,0.50,0.56,"MAX : 0.56
TARGET : 0.50
MIN : 0.43"
9103,1443,30,8,Distance from edge of part to edge of fold,2.19,2.25,2.31,"MAX : 2.31
TARGET : 2.25
MIN : 2.19"
9103,1443,40,1,Length of pouch,11.32,11.38,11.44,"MAX : 11.44
TARGET : 11.38
MIN : 11.32"
9103,1443,40,2,Width of pouch,6.19,6.25,6.31,"MAX : 6.31
TARGET : 6.25
MIN : 6.19"
9103,1443,40,3,Is the bandage contained within the pouch and not captured by the seal?,No(Fail),Yes(Pass),,"MAX : 
TARGET : Yes(Pass)
MIN : No(Fail)"
9065,1419,10,2,Distance from adhesive to adhesive,1.44,1.50,1.56,"MAX : 1.56
TARGET : 1.50
MIN : 1.44"
9065,1419,10,1,Length of exposed loop?,1.9,2.0,2.1,"MAX : 2.1
TARGET : 2.0
MIN : 1.9"
9066,2056,10,2,Is the slit edge free of slivers and double cuts?,No(Fail),Yes(Pass),,"MAX : 
TARGET : Yes(Pass)
MIN : No(Fail)"
9066,2056,10,1,Width of roll - See work order for target width,-0.03,Target,+0.03,"MAX : +0.03
TARGET : Target
MIN : -0.03"
9102,1442,30,8,Distance from edge of part to edge of fold,3.985,4.000,4.015,"MAX : 4.015
TARGET : 4.000
MIN : 3.985"
9102,1442,40,1,Length of pouch,10.485,10.500,10.515,"MAX : 10.515
TARGET : 10.500
MIN : 10.485"
9102,1442,40,2,Width of pouch,9.32,9.38,9.44,"MAX : 9.44
TARGET : 9.38
MIN : 9.32"
9102,1442,40,3,Is the bandage contained within the pouch and not captured by the seal?,No(Fail),Yes(Pass),,"MAX : 
TARGET : Yes(Pass)
MIN : No(Fail)"
9067,1420,20,1,Length of part,3.87,4.00,4.13,"MAX : 4.13
TARGET : 4.00
MIN : 3.87"
9067,1420,10,1,Width of material,5.87,6.00,6.13,"MAX : 6.13
TARGET : 6.00
MIN : 5.87"
9159,2085,10,3,Is the roll wound without gapping or telescoping?,No(Fail),Yes(Pass),,"MAX : 
TARGET : Yes(Pass)
MIN : No(Fail)"
9068,2057,10,2,Width of sheet,11.94,12.00,12.06,"MAX : 12.06
TARGET : 12.00
MIN : 11.94"
9068,2057,10,1,Length of sheet,23.94,24.00,24.06,"MAX : 24.06
TARGET : 24.00
MIN : 23.94"
9155,1476,10,3,Is the die strike deep enough to remove the matrix but not cut into the liner?,No(Fail),Yes(Pass),,"MAX : 
TARGET : Yes(Pass)
MIN : No(Fail)"
9069,1421,20,2,Length of window in adhesive,0.15,0.16,0.17,"MAX : 0.17
TARGET : 0.16
MIN : 0.15"
9069,1421,20,1,Length of part,0.79,0.80,0.81,"MAX : 0.81
TARGET : 0.80
MIN : 0.79"
9070,2058,10,2,Width of sheet,17.75,18.00,18.25,"MAX : 18.25
TARGET : 18.00
MIN : 17.75"
9161,2087,20,1,Width of slit roll,0.47,0.50,0.53,"MAX : 0.53
TARGET : 0.50
MIN : 0.47"
9161,2087,20,2,Is the roll wound without gapping or telescoping?,No(Fail),Yes(Pass),,"MAX : 
TARGET : Yes(Pass)
MIN : No(Fail)"
9070,2058,10,1,Length of sheet,23.75,24.00,24.25,"MAX : 24.25
TARGET : 24.00
MIN : 23.75"
9071,2059,20,1,Width of finished roll,2.47,2.50,2.53,"MAX : 2.53
TARGET : 2.50
MIN : 2.47"
9162,1479,20,3,Are all of the holes cleanly ejected?,No(Fail),Yes(Pass),,"MAX : 
TARGET : Yes(Pass)
MIN : No(Fail)"
9162,1479,20,4,Is the die strike deep enough to strip the matrix but not cut into the PET low tack?,No(Fail),Yes(Pass),,"MAX : 
TARGET : Yes(Pass)
MIN : No(Fail)"
9071,2059,10,1,Width of mesh,2.47,2.50,2.53,"MAX : 2.53
TARGET : 2.50
MIN : 2.47"
9072,2060,10,2,Is the slit edge free of slivers and double cuts?,No(Fail),Yes(Pass),,"MAX : 
TARGET : Yes(Pass)
MIN : No(Fail)"
9072,2060,10,1,Width of roll,23,24,25,"MAX : 25
TARGET : 24
MIN : 23"
9073,1422,10,2,Width of part,1.019,1.024,1.029,"MAX : 1.029
TARGET : 1.024
MIN : 1.019"
9073,1422,10,1,Length of part,1.745,1.750,1.755,"MAX : 1.755
TARGET : 1.750
MIN : 1.745"
9074,1423,10,2,Width of part,0.949,0.954,0.959,"MAX : 0.959
TARGET : 0.954
MIN : 0.949"
9074,1423,10,1,Length of part,2.996,3.001,3.006,"MAX : 3.006
TARGET : 3.001
MIN : 2.996"
9163,1480,20,3,Is the score visually centered on the part?,No(Fail),Yes(Pass),,"MAX : 
TARGET : Yes(Pass)
MIN : No(Fail)"
9163,1480,20,4,Does the score allow the liner to be easily removed?,No(Fail),Yes(Pass),,"MAX : 
TARGET : Yes(Pass)
MIN : No(Fail)"
9163,1480,20,5,Is the 1524 laminated to the non-adhesive side of the 9776 foam?,No(Fail),Yes(Pass),,"MAX : 
TARGET : Yes(Pass)
MIN : No(Fail)"
9075,1424,20,2,Width of part,0.462,0.472,0.482,"MAX : 0.482
TARGET : 0.472
MIN : 0.462"
9075,1424,20,1,Length of part,0.305,0.315,0.325,"MAX : 0.325
TARGET : 0.315
MIN : 0.305"
9076,1425,20,2,Width of part,0.812,0.827,0.842,"MAX : 0.842
TARGET : 0.827
MIN : 0.812"
9150,1472,10,4,Length of foam at bottom of arc,0.60,0.70,0.80,"MAX : 0.80
TARGET : 0.70
MIN : 0.60"
9150,1472,10,5,Thickness of part,0.44,0.50,0.56,"MAX : 0.56
TARGET : 0.50
MIN : 0.44"
9150,1472,20,1,Is expiration date correct on carton? 3 years from pouch date in format YYYY-MM-DD.,No (fail),Yes (pass),,"MAX : 
TARGET : Yes (pass)
MIN : No (fail)"
9150,1472,20,2,Is the UDI correct on carton label? Fixed DI number followed by expiration date and lot number.,No (fail),Yes (pass),,"MAX : 
TARGET : Yes (pass)
MIN : No (fail)"
9150,1472,20,3,Are parts and pouches clean and free of contaminants?,No (fail),Yes (pass),,"MAX : 
TARGET : Yes (pass)
MIN : No (fail)"
9150,1472,20,4,Do the barcodes / QR code on the labels scan correctly?,No (fail),Yes (pass),,"MAX : 
TARGET : Yes (pass)
MIN : No (fail)"
9150,1472,10,1,Has the production start date been written on the Job Ticket?,No (fail),Yes (pass),,"MAX : 
TARGET : Yes (pass)
MIN : No (fail)"
9076,1425,20,1,Length of part,0.384,0.394,0.404,"MAX : 0.404
TARGET : 0.394
MIN : 0.384"
9051,1408,30,10,Does the part pass the curl test?  See JT and pictures for test description.,No(Fail),Yes(Pass),,"MAX : 
TARGET : Yes(Pass)
MIN : No(Fail)"
9078,1426,20,2,Width of part,0.539,0.549,0.559,"MAX : 0.559
TARGET : 0.549
MIN : 0.539"
9052,1409,30,9,Does the part lay flat or curl away from the foam?,No(Fail),Yes(Pass),,"MAX : 
TARGET : Yes(Pass)
MIN : No(Fail)"
9078,1426,20,1,Length of part,0.540,0.550,0.560,"MAX : 0.560
TARGET : 0.550
MIN : 0.540"
9053,2053,20,4,Was clean humidity maintained at 20% RH or below during processing?,No(Fail),Yes(Pass),,"MAX : 
TARGET : Yes(Pass)
MIN : No(Fail)"
9079,2062,10,2,Does the core line up with the tape?,No(Fail),Yes(Pass),,"MAX : 
TARGET : Yes(Pass)
MIN : No(Fail)"
9079,2062,10,1,Width of roll,0.485,0.500,0.515,"MAX : 0.515
TARGET : 0.500
MIN : 0.485"
9080,1427,20,2,Width of adhesive part,0.52,0.53,0.54,"MAX : 0.54
TARGET : 0.53
MIN : 0.52"
9080,1427,20,1,Length of part,10.74,10.75,10.76,"MAX : 10.76
TARGET : 10.75
MIN : 10.74"
9081,1428,20,3,Is the cut edge free of any burrs or cutting defects?,No(Fail),Yes(Pass),,"MAX : 
TARGET : Yes(Pass)
MIN : No(Fail)"
9081,1428,10,2,Width of label,2.47,2.50,2.53,"MAX : 2.53
TARGET : 2.50
MIN : 2.47"
9081,1428,20,1,Does the part fit within the enclosed template?,No(Fail),Yes(Pass),,"MAX : 
TARGET : Yes(Pass)
MIN : No(Fail)"
9170,1485,20,2,Length of sheet,6.99,7.00,7.01,"MAX : 7.01
TARGET : 7.00
MIN : 6.99"
9170,1485,20,3,Width of part,2.23,2.24,2.25,"MAX : 2.25
TARGET : 2.24
MIN : 2.23"
9170,1485,20,4,Width of sheet,2.49,2.50,2.51,"MAX : 2.51
TARGET : 2.50
MIN : 2.49"
9170,1485,20,5,Is the center window cleanly removed?,No(Fail),Yes(Pass),,"MAX : 
TARGET : Yes(Pass)
MIN : No(Fail)"
9170,1485,20,6,Are all of the holes cleanly ejected?,No(Fail),Yes(Pass),,"MAX : 
TARGET : Yes(Pass)
MIN : No(Fail)"
9081,1428,20,2,Is the part clean and free of cutting debris?,No(Fail),Yes(Pass),,"MAX : 
TARGET : Yes(Pass)
MIN : No(Fail)"
9082,1429,10,2,Width of part,1.452,1.457,1.462,"MAX : 1.462
TARGET : 1.457
MIN : 1.452"
9082,1429,10,1,Length of part,3.026,3.031,3.036,"MAX : 3.036
TARGET : 3.031
MIN : 3.026"
9083,2063,20,2,Is length of finished product 50 yards?,No(Fail),Yes(Pass),,"MAX : 
TARGET : Yes(Pass)
MIN : No(Fail)"
9171,1486,20,2,Length of sheet,0.74,0.75,0.76,"MAX : 0.76
TARGET : 0.75
MIN : 0.74"
9171,1486,20,3,Width of adhesive,0.42,0.43,0.44,"MAX : 0.44
TARGET : 0.43
MIN : 0.42"
9171,1486,20,4,Width of sheet,0.74,0.75,0.76,"MAX : 0.76
TARGET : 0.75
MIN : 0.74"
9171,1486,20,5,Is the score deep enough to remove the adhesive but not cut into the liner?,No(Fail),Yes(Pass),,"MAX : 
TARGET : Yes(Pass)
MIN : No(Fail)"
9083,2063,20,1,Width of finished product?,0.45,0.50,0.55,"MAX : 0.55
TARGET : 0.50
MIN : 0.45"
9084,2064,10,2,Length of butt cut in Inches,1.97,2.00,2.03,"MAX : 2.03
TARGET : 2.00
MIN : 1.97"
9172,1487,20,2,Length of sheet,0.74,0.75,0.76,"MAX : 0.76
TARGET : 0.75
MIN : 0.74"
9172,1487,20,3,Width of adhesive,1.15,1.16,1.17,"MAX : 1.17
TARGET : 1.16
MIN : 1.15"
9172,1487,20,4,Width of sheet,1.74,1.75,1.76,"MAX : 1.76
TARGET : 1.75
MIN : 1.74"
9172,1487,20,5,Is the score deep enough to remove the adhesive but not cut into the liner?,No(Fail),Yes(Pass),,"MAX : 
TARGET : Yes(Pass)
MIN : No(Fail)"
9172,1487,20,5,Are the centers cleanly ejected?,No(Fail),Yes(Pass),,"MAX : 
TARGET : Yes(Pass)
MIN : No(Fail)"
9084,2064,10,1,Width of roll in mm,23.2,24.0,24.8,"MAX : 24.8
TARGET : 24.0
MIN : 23.2"
9085,1430,10,2,Width of part,7.94,8.00,8.06,"MAX : 8.06
TARGET : 8.00
MIN : 7.94"
9173,1488,20,2,Length of sheet,5.99,6.00,6.01,"MAX : 6.01
TARGET : 6.00
MIN : 5.99"
9173,1488,20,3,Width of part,3.34,3.35,3.36,"MAX : 3.36
TARGET : 3.35
MIN : 3.34"
9173,1488,20,4,Width of sheet,3.49,3.50,3.51,"MAX : 3.51
TARGET : 3.50
MIN : 3.49"
9173,1488,20,5,Is the center window cleanly removed?,No(Fail),Yes(Pass),,"MAX : 
TARGET : Yes(Pass)
MIN : No(Fail)"
9085,1430,10,1,Length of part,4.44,4.50,4.56,"MAX : 4.56
TARGET : 4.50
MIN : 4.44"
9086,1431,20,15,Does the orientation match the drawing?,No(Fail),Yes(Pass),,"MAX : 
TARGET : Yes(Pass)
MIN : No(Fail)"
9174,1489,20,2,Length of sheet,3.99,4.00,4.01,"MAX : 4.01
TARGET : 4.00
MIN : 3.99"
9174,1489,20,3,Width of part,1.35,1.36,1.37,"MAX : 1.37
TARGET : 1.36
MIN : 1.35"
9174,1489,20,4,Width of sheet,1.62,1.63,1.64,"MAX : 1.64
TARGET : 1.63
MIN : 1.62"
9174,1489,20,5,Is the center window cleanly removed?,No(Fail),Yes(Pass),,"MAX : 
TARGET : Yes(Pass)
MIN : No(Fail)"
9086,1431,20,14,Is the score deep enough to remove the adhesive in the tab area but not cut into the liner?,No(Fail),Yes(Pass),,"MAX : 
TARGET : Yes(Pass)
MIN : No(Fail)"
9086,1431,20,2,Large Hole Radius (Asymmetric),0.410,0.412,0.412,"MAX : 0.412
TARGET : 0.412
MIN : 0.410"
9177,1492,20,2,Length of sheet,0.49,0.50,0.51,"MAX : 0.51
TARGET : 0.50
MIN : 0.49"
9177,1492,20,3,Width of adhesive,0.293,0.303,0.313,"MAX : 0.313
TARGET : 0.303
MIN : 0.293"
9177,1492,20,4,Width of sheet,0.615,0.625,0.635,"MAX : 0.635
TARGET : 0.625
MIN : 0.615"
9177,1492,20,5,Is the score deep enough to remove the adhesive but not cut into the liner?,No(Fail),Yes(Pass),,"MAX : 
TARGET : Yes(Pass)
MIN : No(Fail)"
9087,1432,10,1,Width of labelstock,2.94,3.00,3.06,"MAX : 3.06
TARGET : 3.00
MIN : 2.94"
9087,1432,20,3,Is the die strike deep enough to remove the matrix but not cut into the liner?,No(Fail),Yes(Pass),,"MAX : 
TARGET : Yes(Pass)
MIN : No(Fail)"
9178,1493,20,2,Width of part,0.50,0.51,0.52,"MAX : 0.52
TARGET : 0.51
MIN : 0.50"
9178,1493,20,3,Is the 9828 laminated to the film side of the foam?,No(Fail),Yes(Pass),,"MAX : 
TARGET : Yes(Pass)
MIN : No(Fail)"
9088,1433,10,1,Width of labelstock,2.94,3.00,3.06,"MAX : 3.06
TARGET : 3.00
MIN : 2.94"
9088,1433,20,3,Is the die strike deep enough to remove the matrix but not cut into the liner?,No(Fail),Yes(Pass),,"MAX : 
TARGET : Yes(Pass)
MIN : No(Fail)"
9175,1490,20,2,Width of part,1.540,1.550,1.560,"MAX : 1.560
TARGET : 1.550
MIN : 1.540"
9175,1490,20,14,Is the center window cleanly removed?,No(Fail),Yes(Pass),,"MAX : 
TARGET : Yes(Pass)
MIN : No(Fail)"
9175,1490,20,15,Are all of the holes cut through?,No(Fail),Yes(Pass),,"MAX : 
TARGET : Yes(Pass)
MIN : No(Fail)"
9089,2065,10,2,Is the roll wound without gapping or telescoping?,No(Fail),Yes(Pass),,"MAX : 
TARGET : Yes(Pass)
MIN : No(Fail)"
9089,2065,10,1,Width of roll,4.87,5.00,5.13,"MAX : 5.13
TARGET : 5.00
MIN : 4.87"
9176,1491,20,2,Length of sheet,0.49,0.50,0.51,"MAX : 0.51
TARGET : 0.50
MIN : 0.49"
9176,1491,20,3,Width of adhesive,0.30,0.31,0.32,"MAX : 0.32
TARGET : 0.31
MIN : 0.30"
9176,1491,20,4,Width of sheet,0.62,0.63,0.64,"MAX : 0.64
TARGET : 0.63
MIN : 0.62"
9176,1491,20,5,Is the score deep enough to remove the adhesive but not cut into the liner?,No(Fail),Yes(Pass),,"MAX : 
TARGET : Yes(Pass)
MIN : No(Fail)"
9090,1434,10,2,Width of part,0.94,1.00,1.06,"MAX : 1.06
TARGET : 1.00
MIN : 0.94"
9090,1434,10,1,Length of part,0.44,0.50,0.56,"MAX : 0.56
TARGET : 0.50
MIN : 0.44"
9165,1481,20,7,True Position of Hole 1 Length,0.6495,0.6530,0.6565,"MAX : 0.6565
TARGET : 0.6530
MIN : 0.6495"
9165,1481,20,6,Diameter of hole 1,0.086,0.089,0.092,"MAX : 0.092
TARGET : 0.089
MIN : 0.086"
9165,1481,20,9,Diameter of hole 2,0.086,0.089,0.092,"MAX : 0.092
TARGET : 0.089
MIN : 0.086"
9165,1481,20,11,True Position of Hole 2 Width,0.6495,0.6530,0.6565,"MAX : 0.6565
TARGET : 0.6530
MIN : 0.6495"
9165,1481,20,12,Diameter of Hole 3,0.086,0.089,0.092,"MAX : 0.092
TARGET : 0.089
MIN : 0.086"
9165,1481,20,14,True Position of Hole 3 Width,0.6495,0.6530,0.6565,"MAX : 0.6565
TARGET : 0.6530
MIN : 0.6495"
9165,1481,20,20,Is the score deep enough to remove the adhesive in the tab area but not cut into the liner?,No(Fail),Yes(Pass),,"MAX : 
TARGET : Yes(Pass)
MIN : No(Fail)"
9165,1481,20,21,Does the orientation match the drawing?,No(Fail),Yes(Pass),,"MAX : 
TARGET : Yes(Pass)
MIN : No(Fail)"
9165,1481,20,3,Diameter of Large Hole,1.441,1.448,1.455,"MAX : 1.455
TARGET : 1.448
MIN : 1.441"
9165,1481,20,4,True position of Large Hole Width,0.5735,0.5770,0.5805,"MAX : 0.5805
TARGET : 0.5770
MIN : 0.5735"
9165,1481,20,15,Width of Slot,0.172,0.182,0.192,"MAX : 0.192
TARGET : 0.182
MIN : 0.172"
9165,1481,20,16,True Position of Slot Radius Length,-0.0035,0.0000,0.0035,"MAX : 0.0035
TARGET : 0.0000
MIN : -0.0035"
9091,1435,20,1,Length of part,34.60,34.85,35.10,"MAX : 35.10
TARGET : 34.85
MIN : 34.60"
9091,1435,10,1,Width of poron,2.6,2.7,2.8,"MAX : 2.8
TARGET : 2.7
MIN : 2.6"
9092,1436,20,2,Width of part,3.70,4.00,4.30,"MAX : 4.30
TARGET : 4.00
MIN : 3.70"
9092,1436,20,1,Length of part,9.70,10.00,10.30,"MAX : 10.30
TARGET : 10.00
MIN : 9.70"
9093,1437,10,2,Distance from leading edge of mask to leading edge of liner,6.35,12.70,19.05,"MAX : 19.05
TARGET : 12.70
MIN : 6.35"
9093,1437,10,1,Diameter,504.82,508.00,511.18,"MAX : 511.18
TARGET : 508.00
MIN : 504.82"
9094,1438,10,2,Width of part,2.44,2.50,2.56,"MAX : 2.56
TARGET : 2.50
MIN : 2.44"
9094,1438,10,1,Length of part,3.94,4.00,4.06,"MAX : 4.06
TARGET : 4.00
MIN : 3.94"
9168,1484,10,2,Total Part Length,9.32,9.45,9.58,"MAX : 9.58
TARGET : 9.45
MIN : 9.32"
9168,1484,10,8,Width of leg opposite of tab,1.84,2.09,2.34,"MAX : 2.34
TARGET : 2.09
MIN : 1.84"
9168,1484,10,11,Window Width,13.89,14.02,14.15,"MAX : 14.15
TARGET : 14.02
MIN : 13.89"
9168,1484,10,12,Total Part Width,24.05,24.30,24.55,"MAX : 24.55
TARGET : 24.30
MIN : 24.05"
9168,1484,10,13,Liner Width on NON-TAB side (Reference Dimension),6.65,6.90,7.15,"MAX : 7.15
TARGET : 6.90
MIN : 6.65"
9168,1484,10,6,Liner Width on Tab Side,6.65,6.90,7.15,"MAX : 7.15
TARGET : 6.90
MIN : 6.65"
9168,1484,10,5,Total Repeat,12.45,12.70,12.95,"MAX : 12.95
TARGET : 12.70
MIN : 12.45"
9168,1484,10,14,"Total Liner Width
(Measure at set-up and blade change)",37.85,38.10,38.35,"MAX : 38.35
TARGET : 38.10
MIN : 37.85"
9168,1484,10,16,Are there scratches or defects present on delivery liner when put on press?,,No (Pass),Yes (Fail),"MAX : Yes (Fail)
TARGET : No (Pass)
MIN : "
9168,1484,10,17,"Die Strike Test:  When the liner is bent back away from the silicone at the die strike, does it split?",,No (Pass),Yes (Fail),"MAX : Yes (Fail)
TARGET : No (Pass)
MIN : "
9168,1484,10,18,Does Product Pass Liner Release Test?,No (Fail),Yes (Pass),,"MAX : 
TARGET : Yes (Pass)
MIN : No (Fail)"
9168,1484,10,15,Is there any PVC present on adhesive side of die cut?,,No (Pass),Yes (Fail),"MAX : Yes (Fail)
TARGET : No (Pass)
MIN : "
9168,1484,10,3,Left leg trailing length,1.15,1.40,1.65,"MAX : 1.65
TARGET : 1.40
MIN : 1.15"
9168,1484,10,10,Width of leg on tab side,1.84,2.09,2.34,"MAX : 2.34
TARGET : 2.09
MIN : 1.84"
9168,1484,10,9,Total adhesive Width,17.95,18.20,18.45,"MAX : 18.45
TARGET : 18.20
MIN : 17.95"
9168,1484,10,7,Tab Width,5.85,6.10,6.35,"MAX : 6.35
TARGET : 6.10
MIN : 5.85"
9168,1484,10,19,"Verify the 966NP being used is a transfer adhesive, and not a double coated adhesive.",Fail,Pass,,"MAX : 
TARGET : Pass
MIN : Fail"
9095,2066,10,2,Is the slit edge free of double cuts?,No(Fail),Yes(Pass),,"MAX : 
TARGET : Yes(Pass)
MIN : No(Fail)"
9095,2066,10,1,Width of adhesive,11.75,11.875,12.00,"MAX : 12.00
TARGET : 11.875
MIN : 11.75"
9062,1416,0,3,467MP,.053,.058,.063,"MAX : .063
TARGET : .058
MIN : .053"
9062,1416,0,4,5 mil Clear PET thickness (using a micrometer),.114,.127,.140,"MAX : .140
TARGET : .127
MIN : .114"
9062,1416,0,5,468MP thickness (using a micrometer),.119,.132,.145,"MAX : .145
TARGET : .132
MIN : .119"
9062,1416,0,6,GLU Reagent Membrane thickness (using a micrometer),.16,.18,.20,"MAX : .20
TARGET : .18
MIN : .16"
9062,1416,0,9,8211 thickness (using a micrometer),.022,.025,.028,"MAX : .028
TARGET : .025
MIN : .022"
9062,1416,0,10,2 mil Clear PET thickness (using a micrometer),.045,.050,.055,"MAX : .055
TARGET : .050
MIN : .045"
9062,1416,70,1,SAS width (RAM scope),12.85,13.0,13.15,"MAX : 13.15
TARGET : 13.0
MIN : 12.85"
9062,1416,70,2,SAS length (RAM scope),4.75,4.9,4.9,"MAX : 4.9
TARGET : 4.9
MIN : 4.75"
9062,1416,70,3,Spacer width LH (RAM scope),2.7,3.0,3.3,"MAX : 3.3
TARGET : 3.0
MIN : 2.7"
9062,1416,70,4,Spacer width RH (RAM scope),2.7,3.0,3.3,"MAX : 3.3
TARGET : 3.0
MIN : 2.7"
9062,1416,70,5,Vivid GR width (RAM scope),5.92,6.0,6.08,"MAX : 6.08
TARGET : 6.0
MIN : 5.92"
9062,1416,70,6,Gap between spacer and Vivid GR (RAM scope) - NO VIVID CAN BE TRAPPED UNDER MESH.,0.0,0.5,1.0,"MAX : 1.0
TARGET : 0.5
MIN : 0.0"
9062,1416,70,7,SAS thickness over LH spacer (using a micrometer),.57,.62,.67,"MAX : .67
TARGET : .62
MIN : .57"
9062,1416,70,8,SAS thickness over RH spacer (using a micrometer),.57,.62,.67,"MAX : .67
TARGET : .62
MIN : .57"
9062,1416,70,10,Destructive test (remove mesh)- Measure thickness of Vivid GR in finished part (using a micrometer),.29,.33,N/A,"MAX : N/A
TARGET : .33
MIN : .29"
9062,1416,70,11,"Destructive test (remove mesh) - Measure thickness of membrane/8211/2 mil PET in the part center. (using a micrometer, if possible, or calipers)",.220,.255,N/A,"MAX : N/A
TARGET : .255
MIN : .220"
9062,1416,70,12,"Blue Dye Wetting Test - Does wetting begin in the center and spread outward?
(inspection frequency is 5 parts per 1000 parts)",No (Fail),Yes (Pass),,"MAX : 
TARGET : Yes (Pass)
MIN : No (Fail)"
9062,1416,80,1,SAS width (RAM scope),12.85,13.00,13.15,"MAX : 13.15
TARGET : 13.00
MIN : 12.85"
9062,1416,80,2,SAS length (RAM scope),4.75,4.9,4.9,"MAX : 4.9
TARGET : 4.9
MIN : 4.75"
9062,1416,80,3,Spacer width LH (RAM scope),2.7,3.0,3.3,"MAX : 3.3
TARGET : 3.0
MIN : 2.7"
9062,1416,80,4,Spacer width RH (RAM scope),2.7,3.0,3.3,"MAX : 3.3
TARGET : 3.0
MIN : 2.7"
9062,1416,80,5,Vivid GR width (RAM scope),5.92,6.00,6.08,"MAX : 6.08
TARGET : 6.00
MIN : 5.92"
9062,1416,80,6,Gap between spacer and Vivid GR (RAM scope) - NO VIVID CAN BE TRAPPED UNDER MESH.,0.0,.5,1.0,"MAX : 1.0
TARGET : .5
MIN : 0.0"
9062,1416,80,7,SAS thickness over LH spacer (using a micrometer),.57,.62,.67,"MAX : .67
TARGET : .62
MIN : .57"
9062,1416,80,8,SAS thickness over RH spacer (using a micrometer),.57,.62,.67,"MAX : .67
TARGET : .62
MIN : .57"
9062,1416,80,10,Destructive test (remove mesh)- Measure thickness of Vivid GR in finished part (using a micrometer),.29,.33,N/A,"MAX : N/A
TARGET : .33
MIN : .29"
9062,1416,80,11,"Destructive test (remove mesh) - Measure thickness of membrane/8211/2 mil PET in the part center. (using a micrometer, if possible, or calipers)",.220,.255,N/A,"MAX : N/A
TARGET : .255
MIN : .220"
9062,1416,80,12,"Blue Dye Wetting Test - Does wetting begin in the center and spread outward?
(inspection frequency is 5 parts per 1000 parts)",No (Fail),Yes (Pass),,"MAX : 
TARGET : Yes (Pass)
MIN : No (Fail)"
9062,1416,90,1,SAS width (RAM scope),12.85,13.00,13.15,"MAX : 13.15
TARGET : 13.00
MIN : 12.85"
9062,1416,90,2,SAS length (RAM scope),4.75,4.9,4.9,"MAX : 4.9
TARGET : 4.9
MIN : 4.75"
9062,1416,90,3,Spacer width LH (RAM scope),2.7,3.0,3.3,"MAX : 3.3
TARGET : 3.0
MIN : 2.7"
9062,1416,90,4,Spacer width RH (RAM scope),2.7,3.0,3.3,"MAX : 3.3
TARGET : 3.0
MIN : 2.7"
9062,1416,90,5,Vivid GR width (RAM scope),5.92,6.00,6.08,"MAX : 6.08
TARGET : 6.00
MIN : 5.92"
9062,1416,90,6,Gap between spacer and Vivid GR (RAM scope) - NO VIVID CAN BE TRAPPED UNDER MESH.,0.0,.5,1.0,"MAX : 1.0
TARGET : .5
MIN : 0.0"
9062,1416,90,7,SAS thickness over LH spacer (using a micrometer),.57,.62,.67,"MAX : .67
TARGET : .62
MIN : .57"
9062,1416,90,8,SAS thickness over RH spacer (using a micrometer),.57,.62,.67,"MAX : .67
TARGET : .62
MIN : .57"
9062,1416,90,10,Destructive test (remove mesh)- Measure thickness of Vivid GR in finished part (using a micrometer),.29,.33,N/A,"MAX : N/A
TARGET : .33
MIN : .29"
9062,1416,90,11,"Destructive test (remove mesh) - Measure thickness of membrane/8211/2 mil PET in the part center. (using a micrometer, if possible, or calipers)",.220,.255,N/A,"MAX : N/A
TARGET : .255
MIN : .220"
9062,1416,90,12,"Blue Dye Wetting Test - Does wetting begin in the center and spread outward?
(inspection frequency is 5 parts per 1000 parts)",No (Fail),Yes (Pass),,"MAX : 
TARGET : Yes (Pass)
MIN : No (Fail)"
9062,1416,0,7,TC Reagent Membrane thickness (using a micrometer),.16,.18,.20,"MAX : .20
TARGET : .18
MIN : .16"
9062,1416,0,8,TG Reagent Membrane thickness (using a micrometer),.16,.18,.20,"MAX : .20
TARGET : .18
MIN : .16"
9096,1439,30,2,Length of Inside Window,6.437,6.50,6.563,"MAX : 6.563
TARGET : 6.50
MIN : 6.437"
9096,1439,40,2,Are the 10 mask facing opposite the cards?,No(Fail),Yes(Pass),,"MAX : 
TARGET : Yes(Pass)
MIN : No(Fail)"
9180,1494,10,3,Is the adhesive laminated to the uncoated non-release side of the CSM liner?,No(Fail),Yes(Pass),,"MAX : 
TARGET : Yes(Pass)
MIN : No(Fail)"
9180,1494,10,4,Is the adhesive visually centered on the liner?,No(Fail),Yes(Pass),,"MAX : 
TARGET : Yes(Pass)
MIN : No(Fail)"
9096,1439,30,1,Length of Part,7.937,8.00,8.063,"MAX : 8.063
TARGET : 8.00
MIN : 7.937"
9096,1439,40,1,Does each bag contain an instruction sheet and an info card?,No(Fail),Yes(Pass),,"MAX : 
TARGET : Yes(Pass)
MIN : No(Fail)"
9062,1416,90,9,Verify that no Vivid GR is trapped under the mesh.,F (Fail),P (Pass),,"MAX : 
TARGET : P (Pass)
MIN : F (Fail)"
9098,1440,30,2,Length of Inside Window,5.937,6.00,6.063,"MAX : 6.063
TARGET : 6.00
MIN : 5.937"
9098,1440,40,2,Are the 10 mask facing opposite the cards?,No(Fail),Yes(Pass),,"MAX : 
TARGET : Yes(Pass)
MIN : No(Fail)"
9076,1425,20,3,Width of adhesive area,.620,.630,.640,"MAX : .640
TARGET : .630
MIN : .620"
9098,1440,30,1,Length of Part,6.937,7.00,7.063,"MAX : 7.063
TARGET : 7.00
MIN : 6.937"
9182,1495,20,3,Width of tab area,9,10,11,"MAX : 11
TARGET : 10
MIN : 9"
9182,1495,20,4,Is the die strike deep enough to remove the matrix but not cut into the liner?,No(Fail),Yes(Pass),,"MAX : 
TARGET : Yes(Pass)
MIN : No(Fail)"
9098,1440,30,10,Is the print visually centered on the mask?,No(Fail),Yes(Pass),,"MAX : 
TARGET : Yes(Pass)
MIN : No(Fail)"
9098,1440,20,3,Print repeat,7.080,7.125,7.155,"MAX : 7.155
TARGET : 7.125
MIN : 7.080"
9100,1441,20,1,Width of part,0.97,1.00,1.03,"MAX : 1.03
TARGET : 1.00
MIN : 0.97"
9100,1441,10,1,Width of slit rolls,2.97,3.00,3.03,"MAX : 3.03
TARGET : 3.00
MIN : 2.97"
9101,2067,10,1,Width of slit roll,0.22,0.25,0.28,"MAX : 0.28
TARGET : 0.25
MIN : 0.22"
9102,1442,30,1,Length of part,7.985,8.000,8.015,"MAX : 8.015
TARGET : 8.000
MIN : 7.985"
9102,1442,30,7,Width of fold,0.69,0.75,0.81,"MAX : 0.81
TARGET : 0.75
MIN : 0.69"
9062,1416,100,5,ASSAY PAD Circle Diameter (using RamScope),3.0,3.2,3.5,"MAX : 3.5
TARGET : 3.2
MIN : 3.0"
9062,1416,100,6,ASSAY PAD Circle to Circle distance (using RamScope) 3.2mm Hole Parts,4.8,5.0,5.2,"MAX : 5.2
TARGET : 5.0
MIN : 4.8"
9062,1416,100,7,ASSAY PAD Circle to short edge distance (using RamScope) 3.2mm Hole Parts,2.3,2.5,2.7,"MAX : 2.7
TARGET : 2.5
MIN : 2.3"
9062,1416,100,8,ASSAY PAD Circle to long edge distance (using RamScope) 3.2mm Hole Parts,6.3,6.5,6.7,"MAX : 6.7
TARGET : 6.5
MIN : 6.3"
9062,1416,110,1,ASSAY PAD Length (using RamScope) 3.85mm Hole Parts,24.8,25.0,25.2,"MAX : 25.2
TARGET : 25.0
MIN : 24.8"
9062,1416,110,2,ASSAY PAD Width (using RamScope) 3.85mm Hole Parts,12.8,13.0,13.2,"MAX : 13.2
TARGET : 13.0
MIN : 12.8"
9062,1416,110,3,ASSAY PAD Circle Diameter (using RamScope),3.65,3.85,4.05,"MAX : 4.05
TARGET : 3.85
MIN : 3.65"
9062,1416,110,4,ASSAY PAD Circle to Circle distance (using RamScope) 3.85mm Hole Parts,4.8,5.0,5.2,"MAX : 5.2
TARGET : 5.0
MIN : 4.8"
9062,1416,110,5,ASSAY PAD Circle to short edge distance (using RamScope) 3.85mm Hole Parts,2.3,2.5,2.7,"MAX : 2.7
TARGET : 2.5
MIN : 2.3"
9062,1416,110,6,ASSAY PAD Circle to long edge distance (using RamScope) 3.85mm Hole Parts,6.3,6.5,6.7,"MAX : 6.7
TARGET : 6.5
MIN : 6.3"
9062,1416,120,1,Fully Assembled ASSAY PAD Length 3.2mm Hole Parts,24.8,25.0,25.2,"MAX : 25.2
TARGET : 25.0
MIN : 24.8"
9062,1416,120,2,Fully Assembled ASSAY PAD Width 3.2mm Hole Parts,12.8,13.0,13.2,"MAX : 13.2
TARGET : 13.0
MIN : 12.8"
9062,1416,120,3,Fully Assembled ASSAY PAD - Gap between SAS 3.2mm Hole Parts (No overlapping),No (Fail),Yes (Pass),,"MAX : 
TARGET : Yes (Pass)
MIN : No (Fail)"
9062,1416,120,4,Fully Assembled ASSAY PAD Length 3.85mm Hole Parts,24.8,25.0,25.2,"MAX : 25.2
TARGET : 25.0
MIN : 24.8"
9062,1416,120,5,Fully Assembled ASSAY PAD Width 3.85mm Hole Parts,12.8,13.0,13.2,"MAX : 13.2
TARGET : 13.0
MIN : 12.8"
9062,1416,120,6,Fully Assembled ASSAY PAD - Gap between SAS 3.85mm Hole Parts (No overlapping),No (Fail),Yes (Pass),,"MAX : 
TARGET : Yes (Pass)
MIN : No (Fail)"
9062,1416,100,1,5mil PET Thickness (Using micrometer),.12,.13,.14,"MAX : .14
TARGET : .13
MIN : .12"
9062,1416,100,2,3M 8211 1 mil adhesive (Using micrometer),.023,.025,.027,"MAX : .027
TARGET : .025
MIN : .023"
9102,1442,20,1,Print repeat,8.22,8.25,8.28,"MAX : 8.28
TARGET : 8.25
MIN : 8.22"
9081,1428,10,1,Length of label,3.97,4.00,4.03,"MAX : 4.03
TARGET : 4.00
MIN : 3.97"
9102,1442,20,2,Is the print clear and free of gross printing defects?,No(Fail),Yes(Pass),,"MAX : 
TARGET : Yes(Pass)
MIN : No(Fail)"
9103,1443,20,2,Is the print clear and free of gross printing defects?,No(Fail),Yes(Pass),,"MAX : 
TARGET : Yes(Pass)
MIN : No(Fail)"
9103,1443,20,1,Print repeat,8.97,9.00,9.03,"MAX : 9.03
TARGET : 9.00
MIN : 8.97"
9103,1443,20,3,Is the print on the non-coated side as determined by the scratch test?  A scratch on the coated side will leave a mark.,No(Fail),Yes(Pass),,"MAX : 
TARGET : Yes(Pass)
MIN : No(Fail)"
9106,2068,20,2,Is the graphic clean and free of gross print defects?,No(Fail),Yes(Pass),,"MAX : 
TARGET : Yes(Pass)
MIN : No(Fail)"
9106,2068,20,1,Width of roll,3.94,4.00,4.06,"MAX : 4.06
TARGET : 4.00
MIN : 3.94"
9107,2069,10,2,Is the roll wound without gapping or telescoping?,No(Fail),Yes(Pass),,"MAX : 
TARGET : Yes(Pass)
MIN : No(Fail)"
9187,1497,10,4,Are the internal die cuts visually centered on the sheet with no parts cut into?,No(Fail),Yes(Pass),,"MAX : 
TARGET : Yes(Pass)
MIN : No(Fail)"
9187,1497,10,1,Is the die strike deep enough to remove the matrix without cutting in to the liner? - CAR from previous run.,No(Fail),Yes(Pass),,"MAX : 
TARGET : Yes(Pass)
MIN : No(Fail)"
9107,2069,10,1,Width of slit roll,4.94,5.00,5.06,"MAX : 5.06
TARGET : 5.00
MIN : 4.94"
9108,2070,10,2,Is the roll wound without gapping or telescoping?,No(Fail),Yes(Pass),,"MAX : 
TARGET : Yes(Pass)
MIN : No(Fail)"
9086,1431,20,1,True Position of Large Hole,,0.000,0.0115,"MAX : 0.0115
TARGET : 0.000
MIN : "
9108,2070,10,1,Width of slit roll,4.94,5.00,5.06,"MAX : 5.06
TARGET : 5.00
MIN : 4.94"
9109,2071,10,2,Is the slit edge free of slivers and double cuts?,No(Fail),Yes(Pass),,"MAX : 
TARGET : Yes(Pass)
MIN : No(Fail)"
9190,1499,10,3,Diameter of circle,39.0,40.0,41.0,"MAX : 41.0
TARGET : 40.0
MIN : 39.0"
9109,2071,10,1,Width of slit roll,0.095,0.125,0.155,"MAX : 0.155
TARGET : 0.125
MIN : 0.095"
9109,2071,10,4,Is the roll wound on a white plastic core?,No(Fail),Yes(Pass),,"MAX : 
TARGET : Yes(Pass)
MIN : No(Fail)"
9191,2094,20,3,Are there 16 rolls wound on one 80 mm wide core?,No(Fail),Yes(Pass),,"MAX : 
TARGET : Yes(Pass)
MIN : No(Fail)"
9191,2094,20,4,Was clean humidity maintained at 20% RH or below during processing?,No(Fail),Yes(Pass),,"MAX : 
TARGET : Yes(Pass)
MIN : No(Fail)"
9110,2072,10,2,Is the slit edge free of slivers and double cuts?,No(Fail),Yes(Pass),,"MAX : 
TARGET : Yes(Pass)
MIN : No(Fail)"
9110,2072,10,1,Width of slit roll,0.095,0.125,0.155,"MAX : 0.155
TARGET : 0.125
MIN : 0.095"
9193,2095,20,3,Are there 16 rolls wound on one 80 mm wide core?,No(Fail),Yes(Pass),,"MAX : 
TARGET : Yes(Pass)
MIN : No(Fail)"
9193,2095,20,4,Was clean humidity maintained at 20% RH or below during processing?,No(Fail),Yes(Pass),,"MAX : 
TARGET : Yes(Pass)
MIN : No(Fail)"
9111,1444,20,2,Width of adhesive,27.2,28.0,28.8,"MAX : 28.8
TARGET : 28.0
MIN : 27.2"
9111,1444,20,1,Length of part,27.2,28.0,28.8,"MAX : 28.8
TARGET : 28.0
MIN : 27.2"
9194,2096,20,3,Are there 16 rolls wound on one 80 mm wide core?,No(Fail),Yes(Pass),,"MAX : 
TARGET : Yes(Pass)
MIN : No(Fail)"
9194,2096,20,4,Was clean humidity maintained at 20% RH or below during processing?,No(Fail),Yes(Pass),,"MAX : 
TARGET : Yes(Pass)
MIN : No(Fail)"
9112,1445,20,1,Width of slit foam,1.25,1.50,1.75,"MAX : 1.75
TARGET : 1.50
MIN : 1.25"
9112,1445,10,1,Width of slit foam,8.87,9.00,9.13,"MAX : 9.13
TARGET : 9.00
MIN : 8.87"
9195,2097,20,3,Are there 16 rolls wound on one 80 mm wide core?,No(Fail),Yes(Pass),,"MAX : 
TARGET : Yes(Pass)
MIN : No(Fail)"
9195,2097,20,4,Was clean humidity maintained at 20% RH or below during processing?,No(Fail),Yes(Pass),,"MAX : 
TARGET : Yes(Pass)
MIN : No(Fail)"
9113,1446,30,1,See Engineering,,,,"MAX : 
TARGET : 
MIN : "
9114,1447,20,1,Width of slit foam,1.25,1.50,1.75,"MAX : 1.75
TARGET : 1.50
MIN : 1.25"
9196,2098,20,3,Are there 16 rolls wound on one 80 mm wide core?,No(Fail),Yes(Pass),,"MAX : 
TARGET : Yes(Pass)
MIN : No(Fail)"
9196,2098,20,4,Was clean humidity maintained at 20% RH or below during processing?,No(Fail),Yes(Pass),,"MAX : 
TARGET : Yes(Pass)
MIN : No(Fail)"
9196,2098,20,5,Light meter reading - Must be less then 40 LUX,,<40,40 ,"MAX : 40 
TARGET : <40
MIN : "
9114,1447,10,1,Width of slit foam,8.87,9.00,9.13,"MAX : 9.13
TARGET : 9.00
MIN : 8.87"
9115,1448,20,1,Width of slit foam,1.25,1.50,1.75,"MAX : 1.75
TARGET : 1.50
MIN : 1.25"
9197,2099,10,3,Is the Kapton free of all cardboard contamination,No(Fail),Yes(Pass),,"MAX : 
TARGET : Yes(Pass)
MIN : No(Fail)"
9115,1448,10,1,Width of slit foam,8.87,9.00,9.13,"MAX : 9.13
TARGET : 9.00
MIN : 8.87"
9116,2073,10,2,Is the slit edge free of slivers and double cuts?,No(Fail),Yes(Pass),,"MAX : 
TARGET : Yes(Pass)
MIN : No(Fail)"
9198,1501,20,3,Width of part,3.803,3.811,3.819,"MAX : 3.819
TARGET : 3.811
MIN : 3.803"
9116,2073,10,1,Width of slit adhesive,1.72,1.75,1.78,"MAX : 1.78
TARGET : 1.75
MIN : 1.72"
9117,1449,30,1,Datum C to Near Window Edge,1.22,1.52,1.82,"MAX : 1.82
TARGET : 1.52
MIN : 1.22"
9192,1500,20,3,Are the holes cleanly ejected and all slugs cleared?,No(Fail),Yes(Pass),,"MAX : 
TARGET : Yes(Pass)
MIN : No(Fail)"
9192,1500,30,1,Length of adhesive part,1.686,1.691,1.696,"MAX : 1.696
TARGET : 1.691
MIN : 1.686"
9192,1500,30,2,Width of adhesive part,1.686,1.691,1.696,"MAX : 1.696
TARGET : 1.691
MIN : 1.686"
9192,1500,30,3,Width of part,1.848,1.895,1.941,"MAX : 1.941
TARGET : 1.895
MIN : 1.848"
9192,1500,30,7,Is the adhesive die strike deep enough to remove the matrix but not cut into the liner?,No(Fail),Yes(Pass),,"MAX : 
TARGET : Yes(Pass)
MIN : No(Fail)"
9192,1500,30,8,Are the small holes cleanly removed?,No(Fail),Yes(Pass),,"MAX : 
TARGET : Yes(Pass)
MIN : No(Fail)"
9117,1449,30,3,Length,19.45,19.83,20.21,"MAX : 20.21
TARGET : 19.83
MIN : 19.45"
9096,1439,30,10,Is the print visually centered on the mask?,No(Fail),Yes(Pass),,"MAX : 
TARGET : Yes(Pass)
MIN : No(Fail)"
9096,1439,20,3,Length of print repeat,8.080,8.125,8.155,"MAX : 8.155
TARGET : 8.125
MIN : 8.080"
9117,1449,30,10,Repeat,24.9,25.4,25.9,"MAX : 25.9
TARGET : 25.4
MIN : 24.9"
9199,1502,20,3,Is the score deep enough to remove the adhesive but not cut into the liner?,No(Fail),Yes(Pass),,"MAX : 
TARGET : Yes(Pass)
MIN : No(Fail)"
9199,1502,20,4,Is the die strike deep enough to remove the matrix but not cut into the liner?,No(Fail),Yes(Pass),,"MAX : 
TARGET : Yes(Pass)
MIN : No(Fail)"
9117,1449,30,11,Overall Thickness,0.77,0.92,1.07,"MAX : 1.07
TARGET : 0.92
MIN : 0.77"
9117,1449,30,2,Datum C to Far Window Edge,18.03,18.33,18.63,"MAX : 18.63
TARGET : 18.33
MIN : 18.03"
9117,1449,30,5,Datum B to Far Window Edge,24.70,25.00,25.30,"MAX : 25.30
TARGET : 25.00
MIN : 24.70"
9165,1481,20,10,True Position of Hole 2 Length,0.6495,0.6530,0.6565,"MAX : 0.6565
TARGET : 0.6530
MIN : 0.6495"
9165,1481,20,13,True Position of Hole 3 Length,0.6495,0.6530,0.6565,"MAX : 0.6565
TARGET : 0.6530
MIN : 0.6495"
9165,1481,20,17,True Position of Slot Radius Width,1.0795,1.0830,1.0865,"MAX : 1.0865
TARGET : 1.0830
MIN : 1.0795"
9165,1481,20,18,Tab Length,0.531,0.681,0.831,"MAX : 0.831
TARGET : 0.681
MIN : 0.531"
9165,1481,20,19,Tab Width,0.236,0.361,0.486,"MAX : 0.486
TARGET : 0.361
MIN : 0.236"
9118,1450,30,2,C to Near Window Edge,1.22,1.52,1.82,"MAX : 1.82
TARGET : 1.52
MIN : 1.22"
9118,1450,30,1,Part Length,19.45,19.83,20.21,"MAX : 20.21
TARGET : 19.83
MIN : 19.45"
8834,1299,20,8,Adhesive thickness,0.018,0.020,0.022,"MAX : 0.022
TARGET : 0.020
MIN : 0.018"
9118,1450,30,9,Repeat,24.9,25.4,25.9,"MAX : 25.9
TARGET : 25.4
MIN : 24.9"
9098,1440,40,1,Does each bag contain an instruction sheet and an info card?,No(Fail),Yes(Pass),,"MAX : 
TARGET : Yes(Pass)
MIN : No(Fail)"
9118,1450,30,9,Overall Thickness,0.77,0.92,1.07,"MAX : 1.07
TARGET : 0.92
MIN : 0.77"
9201,1504,30,1,Width of adhesive,0.20,0.22,0.24,"MAX : 0.24
TARGET : 0.22
MIN : 0.20"
9201,1504,30,2,Width of finished roll,0.745,0.750,0.755,"MAX : 0.755
TARGET : 0.750
MIN : 0.745"
9201,1504,30,4,Are the slit edges free of slivers and debris?,No(Fail),Yes(Pass),,"MAX : 
TARGET : Yes(Pass)
MIN : No(Fail)"
9118,1450,30,3,C to Far Window Edge,18.03,18.33,18.63,"MAX : 18.63
TARGET : 18.33
MIN : 18.03"
9118,1450,30,6,B to Far Window Edge,24.70,25.00,25.30,"MAX : 25.30
TARGET : 25.00
MIN : 24.70"
9086,1431,20,3,True Position of Hole 1,,0.00,0.009,"MAX : 0.009
TARGET : 0.00
MIN : "
9086,1431,20,4,Hole 1 Diameter (Asymmetric),0.163,0.168,0.168,"MAX : 0.168
TARGET : 0.168
MIN : 0.163"
9086,1431,20,5,True Position of Hole 2,,0.000,0.013,"MAX : 0.013
TARGET : 0.000
MIN : "
9086,1431,20,6,Hole 2 Diameter (Asymmetric),0.189,0.193,0.193,"MAX : 0.193
TARGET : 0.193
MIN : 0.189"
9086,1431,20,7,True Position of Hole 3,,0.0000,0.0085,"MAX : 0.0085
TARGET : 0.0000
MIN : "
9086,1431,20,8,Hole 3 Diameter (Asymmetric),0.205,0.210,0.210,"MAX : 0.210
TARGET : 0.210
MIN : 0.205"
9086,1431,20,10,Slot Radius (Asymmetric),0.091,0.094,0.095,"MAX : 0.095
TARGET : 0.094
MIN : 0.091"
9086,1431,20,9,True Position of Slot,,0.0000,0.0085,"MAX : 0.0085
TARGET : 0.0000
MIN : "
9086,1431,20,11,Length of Part (Asymmetric),1.139,1.145,1.150,"MAX : 1.150
TARGET : 1.145
MIN : 1.139"
9086,1431,20,12,Width of Adhesive (Asymmetric),2.324,2.326,2.331,"MAX : 2.331
TARGET : 2.326
MIN : 2.324"
9086,1431,20,13,Edge to Large Hole Center (Asymmetric),0.564,0.573,0.586,"MAX : 0.586
TARGET : 0.573
MIN : 0.564"
9119,1451,30,13,Is the die strike deep enough to remove the matrix but not cut into the liner?,No(Fail),Yes(Pass),,"MAX : 
TARGET : Yes(Pass)
MIN : No(Fail)"
9119,1451,30,12,Does the part pass the Muth Mirror flatness test?,No(Fail),Yes(Pass),,"MAX : 
TARGET : Yes(Pass)
MIN : No(Fail)"
9119,1451,30,11,Overall Thickness,0.77,0.92,1.07,"MAX : 1.07
TARGET : 0.92
MIN : 0.77"
9119,1451,30,8,Liner Edge to Part Edge Gear Side,5.3,5.8,6.3,"MAX : 6.3
TARGET : 5.8
MIN : 5.3"
9210,1510,10,3,Is the VHB laminated to the medium release side of the liner?,No(Fail),Yes(Pass),,"MAX : 
TARGET : Yes(Pass)
MIN : No(Fail)"
9119,1451,30,9,Liner Width,37.6,38.1,38.6,"MAX : 38.6
TARGET : 38.1
MIN : 37.6"
9120,1452,30,14,Is the die strike deep enough to remove the matrix but not cut into the liner?,No(Fail),Yes(Pass),,"MAX : 
TARGET : Yes(Pass)
MIN : No(Fail)"
9166,1482,30,2,Length of pouch,4.44,4.50,4.56,"MAX : 4.56
TARGET : 4.50
MIN : 4.44"
9166,1482,30,3,Width of pouch,7.94,8.00,8.06,"MAX : 8.06
TARGET : 8.00
MIN : 7.94"
9166,1482,30,5,Distance from edge of pouch to top of seal.,0.36,0.42,0.48,"MAX : 0.48
TARGET : 0.42
MIN : 0.36"
9166,1482,30,6,Is the heat seal complete with no unsealed areas?,No(Fail),Yes(Pass),,"MAX : 
TARGET : Yes(Pass)
MIN : No(Fail)"
9166,1482,30,7,Is the gauze pad completely in the sealed area with none trapped under the seal?,No(Fail),Yes(Pass),,"MAX : 
TARGET : Yes(Pass)
MIN : No(Fail)"
9166,1482,30,8,Are equipment parameters maintained as determined by the validation?,No(Fail),Yes(Pass),,"MAX : 
TARGET : Yes(Pass)
MIN : No(Fail)"
9166,1482,30,1,Length of gauze,1.75,2.00,2.25,"MAX : 2.25
TARGET : 2.00
MIN : 1.75"
9166,1482,30,4,Width of tab,0.094,0.125,0.156,"MAX : 0.156
TARGET : 0.125
MIN : 0.094"
9120,1452,30,13,Does the part pass the Muth Mirror flatness test?,No(Fail),Yes(Pass),,"MAX : 
TARGET : Yes(Pass)
MIN : No(Fail)"
9120,1452,30,12,Overall Thickness,0.77,0.92,1.07,"MAX : 1.07
TARGET : 0.92
MIN : 0.77"
9167,1483,30,2,Length of pouch,7.94,8.00,8.06,"MAX : 8.06
TARGET : 8.00
MIN : 7.94"
9167,1483,30,3,Width of pouch,7.94,8.00,8.06,"MAX : 8.06
TARGET : 8.00
MIN : 7.94"
9167,1483,30,5,Distance from edge of pouch to top of seal.,0.36,0.42,0.48,"MAX : 0.48
TARGET : 0.42
MIN : 0.36"
9167,1483,30,6,Is the heat seal complete with no unsealed areas?,No(Fail),Yes(Pass),,"MAX : 
TARGET : Yes(Pass)
MIN : No(Fail)"
9167,1483,30,7,Is the gauze pad completely in the sealed area with none trapped under the seal?,No(Fail),Yes(Pass),,"MAX : 
TARGET : Yes(Pass)
MIN : No(Fail)"
9167,1483,30,8,Are equipment parameters maintained as determined by the validation?,No(Fail),Yes(Pass),,"MAX : 
TARGET : Yes(Pass)
MIN : No(Fail)"
9167,1483,30,1,Length of gauze,3.75,4.00,4.25,"MAX : 4.25
TARGET : 4.00
MIN : 3.75"
9167,1483,30,4,Width of tab,0.094,0.125,0.156,"MAX : 0.156
TARGET : 0.125
MIN : 0.094"
9120,1452,30,2,Datum C to Far Window Edge,18.03,18.33,18.63,"MAX : 18.63
TARGET : 18.33
MIN : 18.03"
9121,1453,30,2,Distance from datum C to internal edge,1.31,1.50,1.69,"MAX : 1.69
TARGET : 1.50
MIN : 1.31"
9208,1508,20,3,Is the score deep enough to remove the foam but not cut into the liner?,No(Fail),Yes(Pass),,"MAX : 
TARGET : Yes(Pass)
MIN : No(Fail)"
9208,1508,20,4,Is the die strike deep enough to remove the matrix but not cut into the liner?,No(Fail),Yes(Pass),,"MAX : 
TARGET : Yes(Pass)
MIN : No(Fail)"
9208,1508,10,1,Width of slit foam,2.60,2.75,2.88,"MAX : 2.88
TARGET : 2.75
MIN : 2.60"
9208,1508,10,2,Is the slit edge free of slivers and double cuts?,No(Fail),Yes(Pass),,"MAX : 
TARGET : Yes(Pass)
MIN : No(Fail)"
9121,1453,30,3,Distance from datum C to far edge,18.11,18.30,18.49,"MAX : 18.49
TARGET : 18.30
MIN : 18.11"
9121,1453,30,1,Length of part,19.42,19.80,20.18,"MAX : 20.18
TARGET : 19.80
MIN : 19.42"
9121,1453,30,10,Repeat,24.9,25.4,25.9,"MAX : 25.9
TARGET : 25.4
MIN : 24.9"
9122,1454,30,2,Distance from datum C to internal edge,1.31,1.50,1.69,"MAX : 1.69
TARGET : 1.50
MIN : 1.31"
9192,1500,30,6,Diameter of small Hole 3,.076,.079,.082,"MAX : .082
TARGET : .079
MIN : .076"
9192,1500,30,9,Position of small hole 1 (Pass or Fail as indicated by the Program),Fail,Pass,,"MAX : 
TARGET : Pass
MIN : Fail"
9192,1500,30,10,Position of small hole 2 (Pass or Fail as indicated by the Program),Fail,Pass,,"MAX : 
TARGET : Pass
MIN : Fail"
9192,1500,30,11,Position of small hole 3 (Pass or Fail as indicated by the Program),Fail,Pass,,"MAX : 
TARGET : Pass
MIN : Fail"
9122,1454,30,3,Distance from datum C to far edge,18.11,18.30,18.49,"MAX : 18.49
TARGET : 18.30
MIN : 18.11"
9122,1454,30,1,Length of part,19.42,19.80,20.18,"MAX : 20.18
TARGET : 19.80
MIN : 19.42"
9209,1509,20,4,Width of adhesive ,34.41,34.71,35.01,"MAX : 35.01
TARGET : 34.71
MIN : 34.41"
9209,1509,20,5,Diameter of hole,4.29,5.09,5.89,"MAX : 5.89
TARGET : 5.09
MIN : 4.29"
9209,1509,20,6,Repeat,19.52,20.32,21.12,"MAX : 21.12
TARGET : 20.32
MIN : 19.52"
9209,1509,20,7,Diameter of large hole,9.61,10.41,11.21,"MAX : 11.21
TARGET : 10.41
MIN : 9.61"
9209,1509,20,10,Is the score deep enough to remove the adhesive but not cut into the liner?,No(Fail),Yes(Pass),,"MAX : 
TARGET : Yes(Pass)
MIN : No(Fail)"
9209,1509,20,11,Are the holes cleanly ejected?,No(Fail),Yes(Pass),,"MAX : 
TARGET : Yes(Pass)
MIN : No(Fail)"
9209,1509,20,12,Is the die strike deep enough to remove the matrix but not cut into the liner?,No(Fail),Yes(Pass),,"MAX : 
TARGET : Yes(Pass)
MIN : No(Fail)"
9209,1509,20,8,Distance from leading edge of part to edge of hole,3.81,4.06,4.31,"MAX : 4.31
TARGET : 4.06
MIN : 3.81"
9209,1509,20,9,Distance from bottom of part to edge of hole,3.81,4.06,4.31,"MAX : 4.31
TARGET : 4.06
MIN : 3.81"
9209,1509,20,3,Length of part at flats,10.41,11.21,12.01,"MAX : 12.01
TARGET : 11.21
MIN : 10.41"
9122,1454,30,10,Repeat,24.9,25.4,25.9,"MAX : 25.9
TARGET : 25.4
MIN : 24.9"
9122,1454,30,8,Part edge to liner edge (Gear side),4.8,5.3,5.8,"MAX : 5.8
TARGET : 5.3
MIN : 4.8"
9212,1512,10,3,Distance from end of part to printed stripe,0.11,0.14,0.17,"MAX : 0.17
TARGET : 0.14
MIN : 0.11"
9212,1512,10,4,Width of stripe,0.040,0.050,0.060,"MAX : 0.060
TARGET : 0.050
MIN : 0.040"
9212,1512,10,5,Is the print free of debris and gross print defects?,No(Fail),Yes(Pass),,"MAX : 
TARGET : Yes(Pass)
MIN : No(Fail)"
9212,1512,10,6,Is the die strike deep enough to remove the matrix but not cut into the liner?,No(Fail),Yes(Pass),,"MAX : 
TARGET : Yes(Pass)
MIN : No(Fail)"
9122,1454,30,11,Overall Thickness,0.83,0.93,1.03,"MAX : 1.03
TARGET : 0.93
MIN : 0.83"
9123,1455,10,2,Is the slit edge free of slivers and double cuts?,No(Fail),Yes(Pass),,"MAX : 
TARGET : Yes(Pass)
MIN : No(Fail)"
9211,1511,20,3,Length of sheet,342.10,342.90,343.70,"MAX : 343.70
TARGET : 342.90
MIN : 342.10"
9211,1511,20,4,Distance from narrow end of sheet to center of first hole,15.26,16.06,16.86,"MAX : 16.86
TARGET : 16.06
MIN : 15.26"
9211,1511,20,5,Width of narrow section of VHB,1.20,2.00,2.80,"MAX : 2.80
TARGET : 2.00
MIN : 1.20"
9211,1511,20,6,Width of wide part of VHB,6.06,6.86,7.66,"MAX : 7.66
TARGET : 6.86
MIN : 6.06"
9211,1511,20,7,Distance from center of hole on one side to center of hole on other side,32.30,33.10,33.90,"MAX : 33.90
TARGET : 33.10
MIN : 32.30"
9211,1511,20,8,Distance between parts,15.48,16.28,17.08,"MAX : 17.08
TARGET : 16.28
MIN : 15.48"
9211,1511,20,9,Is the perf in the middle cut deep enough to tear apart but also hold the parts together?,No(Fail),Yes(Pass),,"MAX : 
TARGET : Yes(Pass)
MIN : No(Fail)"
9211,1511,20,10,Is the die strike deep enough to remove the matrix but not cut into the liner?,No(Fail),Yes(Pass),,"MAX : 
TARGET : Yes(Pass)
MIN : No(Fail)"
9211,1511,20,11,Are all of the holes cleanly removed?,No(Fail),Yes(Pass),,"MAX : 
TARGET : Yes(Pass)
MIN : No(Fail)"
9123,1455,10,1,Width of slit roll,23.875,24.000,24.125,"MAX : 24.125
TARGET : 24.000
MIN : 23.875"
9124,1456,10,2,Is the slit edge free of slivers and double cuts?,No(Fail),Yes(Pass),,"MAX : 
TARGET : Yes(Pass)
MIN : No(Fail)"
8990,2029,10,3,PVC Thickness,0.27,0.30,0.33,"MAX : 0.33
TARGET : 0.30
MIN : 0.27"
8990,2029,10,9,Check one foot of Material for the 3 items below -,,,,"MAX : 
TARGET : 
MIN : "
8990,2029,10,10,"Is material free of loose contamination; such as but not limited to; hair, bug, oil, mud, gross adherence?",No (Fail),Yes (Pass),,"MAX : 
TARGET : Yes (Pass)
MIN : No (Fail)"
8990,2029,10,11,Is material free of embedded contamination 0.3mm2 or greater?  No more than 2 between 0.05-0.29mm2?,No (Fail),Yes (pass),,"MAX : 
TARGET : Yes (pass)
MIN : No (Fail)"
8990,2029,10,12,Is material free of concentrated outbreaks of embedded contamination less than 0.05mm2 in size?,No (Fail),Yes (Pass),,"MAX : 
TARGET : Yes (Pass)
MIN : No (Fail)"
8990,2029,10,7,Is material free of holes and tears?,No (Fail),Yes (Pass),,"MAX : 
TARGET : Yes (Pass)
MIN : No (Fail)"
8990,2029,10,8,"Is material free of folds, scratches, or unevenness in film?",No (Fail),Yes (Pass),,"MAX : 
TARGET : Yes (Pass)
MIN : No (Fail)"
9124,1456,10,1,Width of slit roll,23.875,24.000,24.125,"MAX : 24.125
TARGET : 24.000
MIN : 23.875"
9125,1457,20,1,Length of part,26.09,26.21,26.33,"MAX : 26.33
TARGET : 26.21
MIN : 26.09"
8991,2030,10,2,Core Diameter,75.70,76.20,76.70,"MAX : 76.70
TARGET : 76.20
MIN : 75.70"
8991,2030,10,4,Is the roll length at least 280 meters?,No (Fail),Yes (Pass),,"MAX : 
TARGET : Yes (Pass)
MIN : No (Fail)"
8991,2030,10,3,PVC Thickness,0.27,0.30,0.33,"MAX : 0.33
TARGET : 0.30
MIN : 0.27"
8991,2030,10,9,"Check one foot of Material for the 3 items below - 
",,,,"MAX : 
TARGET : 
MIN : "
8991,2030,10,10,"Is material free of loose contamination; such as but not limited to; hair, bug, oil, mud, gross adherence?",No (Fail),Yes (Pass),,"MAX : 
TARGET : Yes (Pass)
MIN : No (Fail)"
8991,2030,10,11,Is material free of embedded contamination 0.3mm2 or greater?  No more than 2 between 0.05-0.29mm2?,No (Fail),Yes (pass),,"MAX : 
TARGET : Yes (pass)
MIN : No (Fail)"
8991,2030,10,12,Is material free of concentrated outbreaks of embedded contamination less than 0.05mm2 in size?,No (Fail),Yes (Pass),,"MAX : 
TARGET : Yes (Pass)
MIN : No (Fail)"
8991,2030,10,7,Is material free of holes and tears?,No (Fail),Yes (Pass),,"MAX : 
TARGET : Yes (Pass)
MIN : No (Fail)"
8991,2030,10,8,"Is material free of folds, scratches, or unevenness in film?",No (Fail),Yes (Pass),,"MAX : 
TARGET : Yes (Pass)
MIN : No (Fail)"
9125,1457,10,1,Width of slit roll,97.8,98.5,99.2,"MAX : 99.2
TARGET : 98.5
MIN : 97.8"
9126,1458,20,1,Length of part,33.94,34.06,34.18,"MAX : 34.18
TARGET : 34.06
MIN : 33.94"
8992,2031,10,2,Core Diameter,75.70,76.20,76.70,"MAX : 76.70
TARGET : 76.20
MIN : 75.70"
8992,2031,10,4,Is the roll length at least 300 meters?,No (Fail),Yes (Pass),,"MAX : 
TARGET : Yes (Pass)
MIN : No (Fail)"
8992,2031,10,3,PVC Thickness,0.47,0.50,0.53,"MAX : 0.53
TARGET : 0.50
MIN : 0.47"
8992,2031,10,9,"Check multiple samples from each roll for the 3 items below - See QA for number of samples per roll

",,,,"MAX : 
TARGET : 
MIN : "
8992,2031,10,10,"Is material free of loose contamination; such as but not limited to; hair, bug, oil, mud, gross adherence?",No (Fail),Yes (Pass),,"MAX : 
TARGET : Yes (Pass)
MIN : No (Fail)"
8992,2031,10,11,Is material free of embedded contamination 0.3mm2 or greater?  No more than 2 between 0.05-0.29mm2?,No (Fail),Yes (pass),,"MAX : 
TARGET : Yes (pass)
MIN : No (Fail)"
8992,2031,10,12,Is material free of concentrated outbreaks of embedded contamination less than 0.05mm2 in size?,No (Fail),Yes (Pass),,"MAX : 
TARGET : Yes (Pass)
MIN : No (Fail)"
8992,2031,10,7,Is material free of holes and tears?,No (Fail),Yes (Pass),,"MAX : 
TARGET : Yes (Pass)
MIN : No (Fail)"
8992,2031,10,8,"Is material free of folds, scratches, or unevenness in film?",No (Fail),Yes (Pass),,"MAX : 
TARGET : Yes (Pass)
MIN : No (Fail)"
9126,1458,10,1,Width of slit roll,97.8,98.5,99.2,"MAX : 99.2
TARGET : 98.5
MIN : 97.8"
9127,1459,20,1,Length of part,25.30,25.42,25.54,"MAX : 25.54
TARGET : 25.42
MIN : 25.30"
8993,2032,10,2,Core Diameter,75.70,76.20,76.70,"MAX : 76.70
TARGET : 76.20
MIN : 75.70"
8993,2032,10,4,Is the roll length at least 300 meters?,No (Fail),Yes (Pass),,"MAX : 
TARGET : Yes (Pass)
MIN : No (Fail)"
8993,2032,10,3,PVC Thickness,0.47,0.50,0.53,"MAX : 0.53
TARGET : 0.50
MIN : 0.47"
8993,2032,10,9,"Check multiple samples from each roll for the 3 items below - See QA for number of samples per roll
",,,,"MAX : 
TARGET : 
MIN : "
8993,2032,10,10,"Is material free of loose contamination; such as but not limited to; hair, bug, oil, mud, gross adherence?",No (Fail),Yes (Pass),,"MAX : 
TARGET : Yes (Pass)
MIN : No (Fail)"
8993,2032,10,11,Is material free of embedded contamination 0.3mm2 or greater?  No more than 2 between 0.05-0.29mm2?,No (Fail),Yes (pass),,"MAX : 
TARGET : Yes (pass)
MIN : No (Fail)"
8993,2032,10,12,Is material free of concentrated outbreaks of embedded contamination less than 0.05mm2 in size?,No (Fail),Yes (Pass),,"MAX : 
TARGET : Yes (Pass)
MIN : No (Fail)"
8993,2032,10,7,Is material free of holes and tears?,No (Fail),Yes (Pass),,"MAX : 
TARGET : Yes (Pass)
MIN : No (Fail)"
8993,2032,10,8,"Is material free of folds, scratches, or unevenness in film?",No (Fail),Yes (Pass),,"MAX : 
TARGET : Yes (Pass)
MIN : No (Fail)"
9127,1459,10,1,Width of slit roll,97.8,98.5,99.2,"MAX : 99.2
TARGET : 98.5
MIN : 97.8"
9128,1460,10,2,Width of part,0.090,0.100,0.110,"MAX : 0.110
TARGET : 0.100
MIN : 0.090"
8994,2033,10,2,Core Diameter,75.70,76.20,76.70,"MAX : 76.70
TARGET : 76.20
MIN : 75.70"
8994,2033,10,4,Is the roll length at least 300 meters?,No (Fail),Yes (Pass),,"MAX : 
TARGET : Yes (Pass)
MIN : No (Fail)"
8994,2033,10,3,PVC Thickness,0.47,0.50,0.53,"MAX : 0.53
TARGET : 0.50
MIN : 0.47"
8994,2033,10,9,"Check one foot of Material for the 3 items below - 
",,,,"MAX : 
TARGET : 
MIN : "
8994,2033,10,10,"Is material free of loose contamination; such as but not limited to; hair, bug, oil, mud, gross adherence?",No (Fail),Yes (Pass),,"MAX : 
TARGET : Yes (Pass)
MIN : No (Fail)"
8994,2033,10,11,Is material free of embedded contamination 0.3mm2 or greater?  No more than 2 between 0.05-0.29mm2?,No (Fail),Yes (pass),,"MAX : 
TARGET : Yes (pass)
MIN : No (Fail)"
8994,2033,10,12,Is material free of concentrated outbreaks of embedded contamination less than 0.05mm2 in size?,No (Fail),Yes (Pass),,"MAX : 
TARGET : Yes (Pass)
MIN : No (Fail)"
8994,2033,10,7,Is material free of holes and tears?,No (Fail),Yes (Pass),,"MAX : 
TARGET : Yes (Pass)
MIN : No (Fail)"
8994,2033,10,8,"Is material free of folds, scratches, or unevenness in film?",No (Fail),Yes (Pass),,"MAX : 
TARGET : Yes (Pass)
MIN : No (Fail)"
9128,1460,10,1,Length of part,0.490,0.500,0.510,"MAX : 0.510
TARGET : 0.500
MIN : 0.490"
9129,1461,10,2,Length of narrow window,1.865,1.870,1.875,"MAX : 1.875
TARGET : 1.870
MIN : 1.865"
9129,1461,10,1,Length of part,2.635,2.640,2.645,"MAX : 2.645
TARGET : 2.640
MIN : 2.635"
9130,1462,10,2,Width of part,0.117,0.122,0.127,"MAX : 0.127
TARGET : 0.122
MIN : 0.117"
9215,2104,10,3,Is the roll wound without gapping or telescoping?,No(Fail),Yes(Pass),,"MAX : 
TARGET : Yes(Pass)
MIN : No(Fail)"
9130,1462,10,1,Length of part,0.451,0.456,0.461,"MAX : 0.461
TARGET : 0.456
MIN : 0.451"
9131,1463,10,1,Length of part,0.451,0.456,0.461,"MAX : 0.461
TARGET : 0.456
MIN : 0.451"
9216,2105,10,3,Is the roll wound without gapping or telescoping?,No(Fail),Yes(Pass),,"MAX : 
TARGET : Yes(Pass)
MIN : No(Fail)"
9131,1463,10,3,Is the die strike deep enough to remove the matrix but not cut into the parts?,No(Fail),Yes(Pass),,"MAX : 
TARGET : Yes(Pass)
MIN : No(Fail)"
9132,1464,10,2,Width of part,0.416,0.421,0.426,"MAX : 0.426
TARGET : 0.421
MIN : 0.416"
9132,1464,10,1,Length of part,0.451,0.456,0.461,"MAX : 0.461
TARGET : 0.456
MIN : 0.451"
9133,1465,20,2,Width of scored adhesive,16.33,17.08,17.83,"MAX : 17.83
TARGET : 17.08
MIN : 16.33"
9133,1465,20,1,Distance from edge of adhesive to close edge of extended liner,6.25,6.50,6.75,"MAX : 6.75
TARGET : 6.50
MIN : 6.25"
9133,1465,30,12,Distance from top of part to edge of carrier liner,2.00,3.00,4.00,"MAX : 4.00
TARGET : 3.00
MIN : 2.00"
9133,1465,30,11,Distance from top edge of adhesive to centerline of holes,7.42,8.17,8.92,"MAX : 8.92
TARGET : 8.17
MIN : 7.42"
9134,1466,10,2,Width of part,3.94,4.00,4.06,"MAX : 4.06
TARGET : 4.00
MIN : 3.94"
9134,1466,10,1,Length of part,1.94,2.00,2.06,"MAX : 2.06
TARGET : 2.00
MIN : 1.94"
9135,1467,10,2,Is the slit edge free of slivers and double cuts?,No(Fail),Yes(Pass),,"MAX : 
TARGET : Yes(Pass)
MIN : No(Fail)"
9218,1514,20,1,Length of part,1.41,1.43,1.45,"MAX : 1.45
TARGET : 1.43
MIN : 1.41"
9218,1514,20,2,Width of part,1.28,1.30,1.32,"MAX : 1.32
TARGET : 1.30
MIN : 1.28"
9218,1514,20,3,Does the adhesive fall within the red lines on the enclosed template?,No(Fail),Yes(Pass),,"MAX : 
TARGET : Yes(Pass)
MIN : No(Fail)"
9218,1514,30,1,Are the silicone tape tabs on the parts?,No(Fail),Yes(Pass),,"MAX : 
TARGET : Yes(Pass)
MIN : No(Fail)"
9135,1467,10,1,Width of slit foam,5.75,6.00,6.25,"MAX : 6.25
TARGET : 6.00
MIN : 5.75"
9135,1467,20,4,Width of gap,0.137,0.157,0.177,"MAX : 0.177
TARGET : 0.157
MIN : 0.137"
9222,2106,10,3,Is the roll wound without telescoping and gapping?,No(Fail),Yes(Pass),,"MAX : 
TARGET : Yes(Pass)
MIN : No(Fail)"
9135,1467,20,1,Width of carrier liner,1.98,2.00,2.02,"MAX : 2.02
TARGET : 2.00
MIN : 1.98"
9136,2074,10,2,Width of part,298,300,302,"MAX : 302
TARGET : 300
MIN : 298"
9223,2107,10,3,Is the roll wound without gapping or telescoping?,No(Fail),Yes(Pass),,"MAX : 
TARGET : Yes(Pass)
MIN : No(Fail)"
9136,2074,10,1,Length of part,298,300,302,"MAX : 302
TARGET : 300
MIN : 298"
9137,1468,40,1,Length of part,11.38,11.50,11.63,"MAX : 11.63
TARGET : 11.50
MIN : 11.38"
9219,1515,30,3,Width of part,70.2,71.0,71.8,"MAX : 71.8
TARGET : 71.0
MIN : 70.2"
9219,1515,30,4,Width of filter paper,31.7,32.5,33.3,"MAX : 33.3
TARGET : 32.5
MIN : 31.7"
9219,1515,30,6,Is the die strike deep enough to strip the filter paper but not cut into the 24pt board?,No(Fail),Yes(Pass),,"MAX : 
TARGET : Yes(Pass)
MIN : No(Fail)"
9137,1468,30,1,Width of slit hook,0.38,0.50,0.63,"MAX : 0.63
TARGET : 0.50
MIN : 0.38"
9139,1469,20,2,Width of part,2.94,3.00,3.06,"MAX : 3.06
TARGET : 3.00
MIN : 2.94"
9221,1517,20,3,Width of part,0.807,0.827,0.847,"MAX : 0.847
TARGET : 0.827
MIN : 0.807"
9221,1517,20,4,Width of window,0.390,0.410,0.430,"MAX : 0.430
TARGET : 0.410
MIN : 0.390"
9221,1517,20,5,Are the centers cleanly ejected?,No(Fail),Yes(Pass),,"MAX : 
TARGET : Yes(Pass)
MIN : No(Fail)"
9221,1517,20,6,Is the die strike deep enough to remove the matrix but not cut into the liner?,No(Fail),Yes(Pass),,"MAX : 
TARGET : Yes(Pass)
MIN : No(Fail)"
9221,1517,20,7,Is the adhesive laminated to the tighter side of the paper liner?,No(Fail),Yes(Pass),,"MAX : 
TARGET : Yes(Pass)
MIN : No(Fail)"
9139,1469,20,1,Length of part,0.69,0.75,0.81,"MAX : 0.81
TARGET : 0.75
MIN : 0.69"
9140,2075,10,2,Is the slit edge free of slivers and double cuts?,No(Fail),Yes(Pass),,"MAX : 
TARGET : Yes(Pass)
MIN : No(Fail)"
9224,1518,20,3,Diameter of internal hole,0.057,0.062,0.067,"MAX : 0.067
TARGET : 0.062
MIN : 0.057"
9224,1518,20,4,Are the holes cleanly ejected,No(Fail),Yes(Pass),,"MAX : 
TARGET : Yes(Pass)
MIN : No(Fail)"
9140,2075,10,1,Width of slit roll,14.94,15.00,15.06,"MAX : 15.06
TARGET : 15.00
MIN : 14.94"
9141,2076,20,1,Is the print legible and free of gross print defects?,No(Fail),Yes(Pass),,"MAX : 
TARGET : Yes(Pass)
MIN : No(Fail)"
9225,1519,20,2,Length of window,0.335,0.340,0.345,"MAX : 0.345
TARGET : 0.340
MIN : 0.335"
9225,1519,20,5,Are the windows cleanly ejected,No(Fail),Yes(Pass),,"MAX : 
TARGET : Yes(Pass)
MIN : No(Fail)"
9225,1519,20,4,Width of window,0.495,0.500,0.505,"MAX : 0.505
TARGET : 0.500
MIN : 0.495"
9141,2076,10,1,Width of APR1510,11.97,12.00,12.03,"MAX : 12.03
TARGET : 12.00
MIN : 11.97"
9120,1452,30,1,Datum C to Near Window Edge,1.22,1.52,1.82,"MAX : 1.82
TARGET : 1.52
MIN : 1.22"
9141,2076,10,2,Is the slit edge free of slivers and double cuts?,No(Fail),Yes(Pass),,"MAX : 
TARGET : Yes(Pass)
MIN : No(Fail)"
9141,2076,30,1,Is the adhesive visually centered on the liner?,No(Fail),Yes(Pass),,"MAX : 
TARGET : Yes(Pass)
MIN : No(Fail)"
9217,1513,10,3,Diameter of circle,0.182,0.188,0.194,"MAX : 0.194
TARGET : 0.188
MIN : 0.182"
9217,1513,10,4,Distance from far edge to circle,1.00,1.06,1.12,"MAX : 1.12
TARGET : 1.06
MIN : 1.00"
9217,1513,10,5,Distance from operator side to circle,0.17,0.23,0.29,"MAX : 0.29
TARGET : 0.23
MIN : 0.17"
9217,1513,10,6,Is the circle cleanly ejected?,No(Fail),Yes(Pass),,"MAX : 
TARGET : Yes(Pass)
MIN : No(Fail)"
9217,1513,10,7,Is the 9471LE laminated to the face side of the 8671?,No(Fail),Yes(Pass),,"MAX : 
TARGET : Yes(Pass)
MIN : No(Fail)"
9142,2077,10,2,Is the slit edge free of slivers and double cuts?,No(Fail),Yes(Pass),,"MAX : 
TARGET : Yes(Pass)
MIN : No(Fail)"
9121,1453,30,8,Part edge to liner edge (Gear side),4.8,5.3,5.8,"MAX : 5.8
TARGET : 5.3
MIN : 4.8"
9121,1453,30,11,Overall Thickness,0.83,0.93,1.03,"MAX : 1.03
TARGET : 0.93
MIN : 0.83"
9142,2077,10,1,Width of slit roll,5.97,6.00,6.03,"MAX : 6.03
TARGET : 6.00
MIN : 5.97"
9119,1451,30,10,Repeat,24.9,25.4,25.9,"MAX : 25.9
TARGET : 25.4
MIN : 24.9"
9119,1451,30,1,Datum C to Near Window Edge,1.22,1.52,1.82,"MAX : 1.82
TARGET : 1.52
MIN : 1.22"
9119,1451,30,2,Datum C to Far Window Edge,18.03,18.33,18.63,"MAX : 18.63
TARGET : 18.33
MIN : 18.03"
9119,1451,30,3,Length,19.45,19.83,20.21,"MAX : 20.21
TARGET : 19.83
MIN : 19.45"
9119,1451,30,4,Datum B to Near Window Edge,12.34,12.64,12.94,"MAX : 12.94
TARGET : 12.64
MIN : 12.34"
9119,1451,30,5,Datum B to Far Window Edge,24.70,25.00,25.30,"MAX : 25.30
TARGET : 25.00
MIN : 24.70"
9119,1451,30,6,Width,26.04,26.42,26.80,"MAX : 26.80
TARGET : 26.42
MIN : 26.04"
9119,1451,30,7,Liner Edge to Part Edge Operator Side,5.3,5.8,6.3,"MAX : 6.3
TARGET : 5.8
MIN : 5.3"
9143,2078,10,1,Width of slit roll,0.345,0.375,0.405,"MAX : 0.405
TARGET : 0.375
MIN : 0.345"
9144,2079,10,1,Width of slit roll,0.432,0.492,0.552,"MAX : 0.552
TARGET : 0.492
MIN : 0.432"
9120,1452,30,3,Length,19.42,19.83,20.21,"MAX : 20.21
TARGET : 19.83
MIN : 19.42"
9120,1452,30,4,Datum B to Near Window Edge,12.34,12.64,12.94,"MAX : 12.94
TARGET : 12.64
MIN : 12.34"
9120,1452,30,5,Datum B to Far Window Edge,24.70,25.00,25.30,"MAX : 25.30
TARGET : 25.00
MIN : 24.70"
9120,1452,30,6,Width,26.04,26.42,26.80,"MAX : 26.80
TARGET : 26.42
MIN : 26.04"
9120,1452,30,7,Liner Edge to Part Edge Operator Side,5.3,5.8,6.3,"MAX : 6.3
TARGET : 5.8
MIN : 5.3"
9120,1452,30,8,Liner Edge to Part Edge Gear Side,5.3,5.8,6.3,"MAX : 6.3
TARGET : 5.8
MIN : 5.3"
9120,1452,30,9,Liner Width,37.6,38.1,38.6,"MAX : 38.6
TARGET : 38.1
MIN : 37.6"
9120,1452,30,10,Repeat,24.9,25.4,25.9,"MAX : 25.9
TARGET : 25.4
MIN : 24.9"
9145,2080,10,1,Width of slit roll,0.678,0.738,0.798,"MAX : 0.798
TARGET : 0.738
MIN : 0.678"
9146,2081,10,1,Width of slit roll,0.924,0.984,1.044,"MAX : 1.044
TARGET : 0.984
MIN : 0.924"
9220,1516,20,3,Width of part,1.265,1.280,1.295,"MAX : 1.295
TARGET : 1.280
MIN : 1.265"
9220,1516,20,4,Width of window,1.048,1.063,1.078,"MAX : 1.078
TARGET : 1.063
MIN : 1.048"
9220,1516,20,5,Diameter of one of the holes on the 6 hole grid,0.194,0.209,0.224,"MAX : 0.224
TARGET : 0.209
MIN : 0.194"
9220,1516,20,7,Does the whole part pass the routine set up for inspection?,No(Fail),Yes(Pass),,"MAX : 
TARGET : Yes(Pass)
MIN : No(Fail)"
9220,1516,20,8,Are all of the internal holes removed?,No(Fail),Yes(Pass),,"MAX : 
TARGET : Yes(Pass)
MIN : No(Fail)"
9220,1516,20,9,Is the interleave centered on the adhesive and laminated with the release side to the part?,No(Fail),Yes(Pass),,"MAX : 
TARGET : Yes(Pass)
MIN : No(Fail)"
9147,2082,20,2,Width of 468MP/FRA3312 lamination,278.5,280.0,281.5,"MAX : 281.5
TARGET : 280.0
MIN : 278.5"
9147,2082,20,1,Width of the 9828/1mil PET/IB5121 lamination,268.5,270.0,271.5,"MAX : 271.5
TARGET : 270.0
MIN : 268.5"
9148,1470,10,2,Width of slit liner,24,25,26,"MAX : 26
TARGET : 25
MIN : 24"
9148,1470,10,1,WIdth of Z2011 adhesive,5.7,6.0,6.3,"MAX : 6.3
TARGET : 6.0
MIN : 5.7"
9149,1471,20,4,Are parts lying flat?,No (Fail),Yes (Pass),,"MAX : 
TARGET : Yes (Pass)
MIN : No (Fail)"
9149,1471,20,1,Diameter,555.62,558.80,561.98,"MAX : 561.98
TARGET : 558.80
MIN : 555.62"
9228,1522,20,3,Is the die strike deep enough to remove the matrix but not cut into the liner?,No(Fail),Yes(Pass),,"MAX : 
TARGET : Yes(Pass)
MIN : No(Fail)"
9150,1472,10,3,Length of part,1.98,2.07,2.15,"MAX : 2.15
TARGET : 2.07
MIN : 1.98"
9150,1472,10,2,Width of part,5.60,5.70,5.81,"MAX : 5.81
TARGET : 5.70
MIN : 5.60"
9229,1523,20,3,Is the die strike deep enough to remove the matrix but not cut into the liner?,No(Fail),Yes(Pass),,"MAX : 
TARGET : Yes(Pass)
MIN : No(Fail)"
9150,1472,10,5.1,,,,,"MAX : 
TARGET : 
MIN : "
9150,1472,20,6,Does DI part of data matrix read 00816417022302 ?,No (fail),Yes (pass),,"MAX : 
TARGET : Yes (pass)
MIN : No (fail)"
9150,1472,10,5.2,,,,,"MAX : 
TARGET : 
MIN : "
9151,1473,10,2,Width of 3426A slit roll,17.97,18.00,18.03,"MAX : 18.03
TARGET : 18.00
MIN : 17.97"
9230,1524,20,3,Is the butt cut deep enough to separate the parts but not cut into the liner? ,No(Fail),Yes(Pass),,"MAX : 
TARGET : Yes(Pass)
MIN : No(Fail)"
9151,1473,10,1,Width of 1524 slit roll,17.97,18.00,18.03,"MAX : 18.03
TARGET : 18.00
MIN : 17.97"
9152,1474,20,2,Width of adhesive,10.75,11.00,11.25,"MAX : 11.25
TARGET : 11.00
MIN : 10.75"
9152,1474,20,1,Length of adhesive,14.75,15.00,15.25,"MAX : 15.25
TARGET : 15.00
MIN : 14.75"
9153,1475,10,2,Width of part,3.83,3.86,3.89,"MAX : 3.89
TARGET : 3.86
MIN : 3.83"
9153,1475,10,1,Length of part,1.81,1.84,1.87,"MAX : 1.87
TARGET : 1.84
MIN : 1.81"
9154,2083,10,2,Is the roll wound without gapping or telescoping?,No(Fail),Yes(Pass),,"MAX : 
TARGET : Yes(Pass)
MIN : No(Fail)"
9154,2083,10,1,Width of slit roll,24.47,24.50,24.53,"MAX : 24.53
TARGET : 24.50
MIN : 24.47"
9155,1476,10,2,Width of part,5.51,5.53,5.55,"MAX : 5.55
TARGET : 5.53
MIN : 5.51"
9233,1526,10,3,Is the VHB laminated to the medium release side of the liner?,No(Fail),Yes(Pass),,"MAX : 
TARGET : Yes(Pass)
MIN : No(Fail)"
9155,1476,10,1,Length of part,2.75,2.77,2.79,"MAX : 2.79
TARGET : 2.77
MIN : 2.75"
9156,1477,20,2,Is the part clean and free of cutting debris?,No(Fail),Yes(Pass),,"MAX : 
TARGET : Yes(Pass)
MIN : No(Fail)"
9234,1527,10,8,Is the VHB laminated to the medium release side of the liner?,No(Fail),Yes(Pass),,"MAX : 
TARGET : Yes(Pass)
MIN : No(Fail)"
9156,1477,20,1,Does the part fit the approved template?,No (Fail),Yes (Pass),,"MAX : 
TARGET : Yes (Pass)
MIN : No (Fail)"
9157,2084,10,2,Is the slit edge free of debris and slitting defects?,No(Fail),Yes(Pass),,"MAX : 
TARGET : Yes(Pass)
MIN : No(Fail)"
9157,2084,10,1,Width of slit roll,0.73,0.75,0.77,"MAX : 0.77
TARGET : 0.75
MIN : 0.73"
9158,1478,20,2,Width of adhesive,0.15,0.16,0.17,"MAX : 0.17
TARGET : 0.16
MIN : 0.15"
9158,1478,20,1,Length of part,0.48,0.49,0.50,"MAX : 0.50
TARGET : 0.49
MIN : 0.48"
9159,2085,10,2,Is the slit edge free of slitting debris?,No(Fail),Yes(Pass),,"MAX : 
TARGET : Yes(Pass)
MIN : No(Fail)"
9159,2085,10,1,Width of slit roll,0.885,0.945,1.005,"MAX : 1.005
TARGET : 0.945
MIN : 0.885"
9234,1527,10,6,Distance from edge to window,0.172,0.177,0.182,"MAX : 0.182
TARGET : 0.177
MIN : 0.172"
9234,1527,10,7,Are all of the internal cuts removed cleanly?,No(Fail),Yes(Pass),,"MAX : 
TARGET : Yes(Pass)
MIN : No(Fail)"
9160,2086,10,2,Is the slit edge free of slivers and double cuts?,NoFail),Yes(Pass),,"MAX : 
TARGET : Yes(Pass)
MIN : NoFail)"
9160,2086,10,1,Width of slit roll,14.875,15.000,15.125,"MAX : 15.125
TARGET : 15.000
MIN : 14.875"
9235,1528,10,8,Is the VHB laminated to the medium release side of the liner?,No(Fail),Yes(Pass),,"MAX : 
TARGET : Yes(Pass)
MIN : No(Fail)"
9235,1528,10,3,Length of window,2.177,2.182,2.187,"MAX : 2.187
TARGET : 2.182
MIN : 2.177"
9235,1528,10,4,Width of window,0.792,0.797,0.802,"MAX : 0.802
TARGET : 0.797
MIN : 0.792"
9235,1528,10,5,Diameter of hole,0.089,0.094,0.099,"MAX : 0.099
TARGET : 0.094
MIN : 0.089"
9235,1528,10,6,Distance from edge to window,0.094,0.099,0.104,"MAX : 0.104
TARGET : 0.099
MIN : 0.094"
9235,1528,10,7,Are all of the internal cuts removed cleanly?,No(Fail),Yes(Pass),,"MAX : 
TARGET : Yes(Pass)
MIN : No(Fail)"
9161,2087,10,2,Is the slit edge free of slivers and double cuts?,No(Fail),Yes(Pass),,"MAX : 
TARGET : Yes(Pass)
MIN : No(Fail)"
9161,2087,10,1,Width of slit roll,4.74,4.80,4.86,"MAX : 4.86
TARGET : 4.80
MIN : 4.74"
9162,1479,20,2,Width of part,3.956,3.966,3.976,"MAX : 3.976
TARGET : 3.966
MIN : 3.956"
9162,1479,20,1,Length of part,2.340,2.350,2.360,"MAX : 2.360
TARGET : 2.350
MIN : 2.340"
9236,1529,10,8,Is the VHB laminated to the medium release side of the liner?,No(Fail),Yes(Pass),,"MAX : 
TARGET : Yes(Pass)
MIN : No(Fail)"
9236,1529,10,5,Distance from first hole to 3rd hole,0.473,0.478,0.483,"MAX : 0.483
TARGET : 0.478
MIN : 0.473"
9236,1529,10,4,Distance from edge to first hole,0.338,0.343,0.348,"MAX : 0.348
TARGET : 0.343
MIN : 0.338"
9236,1529,10,3,Diameter of hole,0.074,0.079,0.084,"MAX : 0.084
TARGET : 0.079
MIN : 0.074"
9236,1529,10,6,Distance from first hole to 8th hole,1.326,1.331,1.336,"MAX : 1.336
TARGET : 1.331
MIN : 1.326"
9236,1529,10,7,Are all of the internal cuts removed cleanly?,No(Fail),Yes(Pass),,"MAX : 
TARGET : Yes(Pass)
MIN : No(Fail)"
9163,1480,20,2,Width of part,0.96,1.00,1.04,"MAX : 1.04
TARGET : 1.00
MIN : 0.96"
9163,1480,20,1,Length of part,0.46,0.50,0.54,"MAX : 0.54
TARGET : 0.50
MIN : 0.46"
8178,1184,30,12,"Check foam width before and after lamination top and bottom.  Are the widths less than 1/32"" different? Beginning of roll and end of roll.",No (fail),Yes (pass),,"MAX : 
TARGET : Yes (pass)
MIN : No (fail)"
8178,1184,30,12.4,,,,,"MAX : 
TARGET : 
MIN : "
8178,1184,30,12.5,,,,,"MAX : 
TARGET : 
MIN : "
8178,1184,30,12.6,,,,,"MAX : 
TARGET : 
MIN : "
9164,2088,20,2,Is the roll wound without gapping or telescoping?,No(Fail),Yes(Pass),,"MAX : 
TARGET : Yes(Pass)
MIN : No(Fail)"
9164,2088,20,1,Width of finished roll,9.40,10.16,10.92,"MAX : 10.92
TARGET : 10.16
MIN : 9.40"
9165,1481,20,2,Width of Adhesive,2.851,2.856,2.866,"MAX : 2.866
TARGET : 2.856
MIN : 2.851"
9165,1481,20,8,True Position of Hole 1 Width,0.6495,0.6530,0.6565,"MAX : 0.6565
TARGET : 0.6530
MIN : 0.6495"
9165,1481,20,1,Length of Adhesive,1.697,1.702,1.712,"MAX : 1.712
TARGET : 1.702
MIN : 1.697"
9166,1482,20,1,Width of gauze,3.5,4.0,4.5,"MAX : 4.5
TARGET : 4.0
MIN : 3.5"
8446,1225,20,12,"Check foam width before and after lamination top and bottom.  Are the widths less than 1/32"" different? Beginning of roll and end of roll.",No (fail),Yes (pass),,"MAX : 
TARGET : Yes (pass)
MIN : No (fail)"
8446,1225,20,12.3,,,,,"MAX : 
TARGET : 
MIN : "
8446,1225,20,12.5,,,,,"MAX : 
TARGET : 
MIN : "
8446,1225,20,12.6,,,,,"MAX : 
TARGET : 
MIN : "
9166,1482,10,1,Registration mark repeat,4.47,4.50,4.53,"MAX : 4.53
TARGET : 4.50
MIN : 4.47"
9167,1483,20,1,Width of gauze,3.5,4.0,4.5,"MAX : 4.5
TARGET : 4.0
MIN : 3.5"
9237,1530,20,3,Width of deadened area,0.76,0.82,0.88,"MAX : 0.88
TARGET : 0.82
MIN : 0.76"
9237,1530,20,4,Is the die strike deep enough to remove the matrix but not cut into the liner?,No(Fail),Yes(Pass),,"MAX : 
TARGET : Yes(Pass)
MIN : No(Fail)"
9167,1483,10,1,Registration mark repeat,7.97,8.00,8.03,"MAX : 8.03
TARGET : 8.00
MIN : 7.97"
9168,1484,10,4,Window Length,4.80,4.93,5.06,"MAX : 5.06
TARGET : 4.93
MIN : 4.80"
9168,1484,10,1,Right leg lead length,2.87,3.12,3.37,"MAX : 3.37
TARGET : 3.12
MIN : 2.87"
9169,2089,10,2,Is the slit edge free of slivers and double cuts?,No(Fail),Yes(Pass),,"MAX : 
TARGET : Yes(Pass)
MIN : No(Fail)"
9117,1449,30,8,Liner Edge to Part Edge Gear Side,5.3,5.8,6.3,"MAX : 6.3
TARGET : 5.8
MIN : 5.3"
9169,2089,10,1,Width of slit roll,0.750,0.775,0.800,"MAX : 0.800
TARGET : 0.775
MIN : 0.750"
9170,1485,20,1,Length of part,6.76,6.77,6.78,"MAX : 6.78
TARGET : 6.77
MIN : 6.76"
9170,1485,10,1,Is the slit edge free of slivers and double cuts?,No(Fail),Yes(Pass),,"MAX : 
TARGET : Yes(Pass)
MIN : No(Fail)"
9171,1486,20,1,Length of part,0.58,0.59,0.60,"MAX : 0.60
TARGET : 0.59
MIN : 0.58"
9171,1486,10,1,Are the slit rolls free of slivers and double cuts?,No(Fail),Yes(Pass),,"MAX : 
TARGET : Yes(Pass)
MIN : No(Fail)"
9172,1487,20,1,Length of part,0.55,0.56,0.57,"MAX : 0.57
TARGET : 0.56
MIN : 0.55"
9172,1487,10,1,Are the slit rolls free of slivers and double cuts?,No(Fail),Yes(Pass),,"MAX : 
TARGET : Yes(Pass)
MIN : No(Fail)"
9239,1531,10,4,Length of Perforated part,12.25,12.50,12.75,"MAX : 12.75
TARGET : 12.50
MIN : 12.25"
9239,1531,20,1,Core label with exact footage inside each roll and on outside of bag of each roll?,No(Fail),Yes(Pass),,"MAX : 
TARGET : Yes(Pass)
MIN : No(Fail)"
9239,1531,20,4,Product ID label on outside of box with core label as well?,No(Fail),Yes(Pass),,"MAX : 
TARGET : Yes(Pass)
MIN : No(Fail)"
9239,1531,20,2,Is each roll bagged with core plugs in each end?,No(Fail),Yes(Pass),,"MAX : 
TARGET : Yes(Pass)
MIN : No(Fail)"
9239,1531,20,3,Is each roll bubble wrapped?,No(Fail),Yes(Pass),,"MAX : 
TARGET : Yes(Pass)
MIN : No(Fail)"
9239,1531,20,5,Is supplementary packing slip filled out with correct total footage shipped?,No(Fail),Yes(Pass),,"MAX : 
TARGET : Yes(Pass)
MIN : No(Fail)"
9239,1531,10,1,Was new perf blade used for this order?,No(Fail),Yes(Pass),,"MAX : 
TARGET : Yes(Pass)
MIN : No(Fail)"
9173,1488,20,1,Length of part,5.80,5.81,5.82,"MAX : 5.82
TARGET : 5.81
MIN : 5.80"
9173,1488,10,1,Is the slit edge free of slivers and double cuts?,No(Fail),Yes(Pass),,"MAX : 
TARGET : Yes(Pass)
MIN : No(Fail)"
9240,2110,10,3,Does the perf tear easily but stay together when running on press?,No(Fail),Yes(Pass),,"MAX : 
TARGET : Yes(Pass)
MIN : No(Fail)"
9174,1489,20,1,Length of part,3.70,3.71,3.72,"MAX : 3.72
TARGET : 3.71
MIN : 3.70"
9174,1489,10,1,Is the slit edge free of slivers and double cuts?,No(Fail),Yes(Pass),,"MAX : 
TARGET : Yes(Pass)
MIN : No(Fail)"
9241,1532,10,3,Width of part,12.29,12.32,12.35,"MAX : 12.35
TARGET : 12.32
MIN : 12.29"
9241,1532,10,4,Width of window,11.89,11.92,11.95,"MAX : 11.95
TARGET : 11.92
MIN : 11.89"
9175,1490,20,1,Length of part,3.790,3.800,3.810,"MAX : 3.810
TARGET : 3.800
MIN : 3.790"
9150,1472,20,5,Are labels affixed to the white tyvek side of the pouch?,No (fail),Yes (pass),,"MAX : 
TARGET : Yes (pass)
MIN : No (fail)"
9175,1490,10,1,Is the slit edge free of slivers and double cuts?,No(Fail),Yes(Pass),,"MAX : 
TARGET : Yes(Pass)
MIN : No(Fail)"
9175,1490,20,3,Diameter of hole,0.034,0.049,0.064,"MAX : 0.064
TARGET : 0.049
MIN : 0.034"
9175,1490,20,4,Center Hole to Left Edge,1.891,1.901,1.911,"MAX : 1.911
TARGET : 1.901
MIN : 1.891"
9175,1490,20,5,Center Hole to Bottom Edge,0.146,0.156,0.166,"MAX : 0.166
TARGET : 0.156
MIN : 0.146"
9176,1491,20,1,Length of part,0.30,0.31,0.32,"MAX : 0.32
TARGET : 0.31
MIN : 0.30"
9242,1533,10,3,Diameter of hole,0.058,0.088,0.118,"MAX : 0.118
TARGET : 0.088
MIN : 0.058"
9242,1533,10,4,Are the holes cleanly removed?,No(Fail),Yes(Pass),,"MAX : 
TARGET : Yes(Pass)
MIN : No(Fail)"
9176,1491,10,1,Are the slit rolls free of slivers and double cuts?,No(Fail),Yes(Pass),,"MAX : 
TARGET : Yes(Pass)
MIN : No(Fail)"
9177,1492,20,1,Length of part,0.301,0.311,0.321,"MAX : 0.321
TARGET : 0.311
MIN : 0.301"
9177,1492,10,1,Are the slit rolls free of slivers and double cuts?,No(Fail),Yes(Pass),,"MAX : 
TARGET : Yes(Pass)
MIN : No(Fail)"
9244,2112,10,3,Is the roll wound without gapping or telescoping?,No(Fail),Yes(Pass),,"MAX : 
TARGET : Yes(Pass)
MIN : No(Fail)"
9178,1493,20,1,Length of part,5.11,5.12,5.13,"MAX : 5.13
TARGET : 5.12
MIN : 5.11"
9178,1493,10,1,Are the slit edges free of slivers and double cuts.,No(Fail),Yes(Pass),,"MAX : 
TARGET : Yes(Pass)
MIN : No(Fail)"
9179,2090,10,2,Is the slit edge free of slivers and double cuts?,No(Fail),Yes(Pass),,"MAX : 
TARGET : Yes(Pass)
MIN : No(Fail)"
9245,2113,10,3,Is the print on the liner?,No(Fail),Yes(Pass),,"MAX : 
TARGET : Yes(Pass)
MIN : No(Fail)"
9179,2090,10,1,Width of roll,11.94,12.00,12.06,"MAX : 12.06
TARGET : 12.00
MIN : 11.94"
9180,1494,10,2,Width of adhesive,17.94,18.00,18.06,"MAX : 18.06
TARGET : 18.00
MIN : 17.94"
9180,1494,10,1,Length of part,23.94,24.00,24.06,"MAX : 24.06
TARGET : 24.00
MIN : 23.94"
9181,2091,10,2,Is the roll wound with gapping or telescoping?,No(Fail),Yes(Pass),,"MAX : 
TARGET : Yes(Pass)
MIN : No(Fail)"
8614,1253,20,7,Gear Leg Width,0.470,0.500,0.530,"MAX : 0.530
TARGET : 0.500
MIN : 0.470"
8614,1253,20,8,Operator Leg Width,0.470,0.500,0.530,"MAX : 0.530
TARGET : 0.500
MIN : 0.470"
9181,2091,10,1,Width of slit roll,4.87,5.00,5.13,"MAX : 5.13
TARGET : 5.00
MIN : 4.87"
9182,1495,20,2,Width of part,27,28,29,"MAX : 29
TARGET : 28
MIN : 27"
9246,1534,20,3,Is the adhesive laminated to the release side of the liner?,No(Fail),Yes(Pass),,"MAX : 
TARGET : Yes(Pass)
MIN : No(Fail)"
9182,1495,20,1,Length of part,37,38,39,"MAX : 39
TARGET : 38
MIN : 37"
9184,2092,10,2,Is the film visually centered on the liner?,No(Fail),Yes(Pass),,"MAX : 
TARGET : Yes(Pass)
MIN : No(Fail)"
9248,1536,20,3,Is the die strike deep enough to remove the matrix but not cut into the liner?,No(Fail),Yes(Pass),,"MAX : 
TARGET : Yes(Pass)
MIN : No(Fail)"
9184,2092,10,1,Width of film,26.37,26.50,26.63,"MAX : 26.63
TARGET : 26.50
MIN : 26.37"
9185,1496,20,2,Is the die strike deep enough to strip the matrix but not cut into the liner?,No(Fail),Yes(Pass),,"MAX : 
TARGET : Yes(Pass)
MIN : No(Fail)"
9185,1496,20,1,Diameter of part,0.22,0.25,0.28,"MAX : 0.28
TARGET : 0.25
MIN : 0.22"
9186,2093,10,2,Is the slit edge free of slivers and double cuts?,No(Fail),Yes(Pass),,"MAX : 
TARGET : Yes(Pass)
MIN : No(Fail)"
9250,1537,20,2,Width of part,1.77,1.80,1.83,"MAX : 1.83
TARGET : 1.80
MIN : 1.77"
9250,1537,20,3,Width of gear side adhesive area,0.32,0.38,0.44,"MAX : 0.44
TARGET : 0.38
MIN : 0.32"
9250,1537,20,4,Width of op side adhesive area,0.32,0.38,0.44,"MAX : 0.44
TARGET : 0.38
MIN : 0.32"
9250,1537,20,6,Does the perf tear easily but stay together when unwinding from roll?,No(Fail),Yes(Pass),,"MAX : 
TARGET : Yes(Pass)
MIN : No(Fail)"
9186,2093,10,1,Width of slit roll,23,24,25,"MAX : 25
TARGET : 24
MIN : 23"
9165,1481,20,5,True position of Large Hole Length,-0.0035,0,0.0035,"MAX : 0.0035
TARGET : 0
MIN : -0.0035"
9187,1497,10,3,Width of sheet,3.94,4.00,4.06,"MAX : 4.06
TARGET : 4.00
MIN : 3.94"
9187,1497,10,2,Length of sheet,4.88,4.94,5.00,"MAX : 5.00
TARGET : 4.94
MIN : 4.88"
9188,1498,20,2,Are the slits cut clean?,No(Fail),Yes(Pass),,"MAX : 
TARGET : Yes(Pass)
MIN : No(Fail)"
9188,1498,20,1,Does the part fit the approved template?,No (Fail),Yes (Pass),,"MAX : 
TARGET : Yes (Pass)
MIN : No (Fail)"
9190,1499,10,2,Length of overlap on 9713 adhesive,3.0,2.0,1.0,"MAX : 1.0
TARGET : 2.0
MIN : 3.0"
9190,1499,10,1,Length of overlap on foil,3.0,2.0,1.0,"MAX : 1.0
TARGET : 2.0
MIN : 3.0"
9247,1535,10,3,Is the roll wound without gapping or telescoping?,No(Fail),Yes(Pass),,"MAX : 
TARGET : Yes(Pass)
MIN : No(Fail)"
9191,2094,20,2,Are the rows cleanly slit?,No(Fail),Yes(Pass),,"MAX : 
TARGET : Yes(Pass)
MIN : No(Fail)"
9191,2094,20,1,Width of one slit row,4.87,5.00,5.13,"MAX : 5.13
TARGET : 5.00
MIN : 4.87"
9192,1500,20,2,Are the holes lined up after the fold?,No(Fail),Yes(Pass),,"MAX : 
TARGET : Yes(Pass)
MIN : No(Fail)"
9192,1500,30,5,Diameter of small Hole 2,.076,.079,.082,"MAX : .082
TARGET : .079
MIN : .076"
9192,1500,20,1,Diameter of hole,1.445,1.452,1.459,"MAX : 1.459
TARGET : 1.452
MIN : 1.445"
9193,2095,20,2,Are the rows cleanly slit?,No(Fail),Yes(Pass),,"MAX : 
TARGET : Yes(Pass)
MIN : No(Fail)"
8178,1184,30,12.1,,,,,"MAX : 
TARGET : 
MIN : "
9193,2095,20,1,Width of one slit row,4.87,5.00,5.13,"MAX : 5.13
TARGET : 5.00
MIN : 4.87"
9194,2096,20,2,Are the rows cleanly slit?,No(Fail),Yes(Pass),,"MAX : 
TARGET : Yes(Pass)
MIN : No(Fail)"
8446,1225,20,12.4,,,,,"MAX : 
TARGET : 
MIN : "
9194,2096,20,1,Width of one slit row,4.87,5.00,5.13,"MAX : 5.13
TARGET : 5.00
MIN : 4.87"
9195,2097,20,2,Are the rows cleanly slit?,No(Fail),Yes(Pass),,"MAX : 
TARGET : Yes(Pass)
MIN : No(Fail)"
9195,2097,20,1,Width of one slit row,4.87,5.00,5.13,"MAX : 5.13
TARGET : 5.00
MIN : 4.87"
9196,2098,20,2,Are the rows cleanly slit?,No(Fail),Yes(Pass),,"MAX : 
TARGET : Yes(Pass)
MIN : No(Fail)"
9196,2098,20,1,Width of one slit row,4.87,5.00,5.13,"MAX : 5.13
TARGET : 5.00
MIN : 4.87"
9197,2099,10,2,Are the finished rolls splice free?,No(Fail),Yes(Pass),,"MAX : 
TARGET : Yes(Pass)
MIN : No(Fail)"
9253,1538,10,1,Part repeat,3.969,4.000,4.031,"MAX : 4.031
TARGET : 4.000
MIN : 3.969"
9253,1538,10,11.1,Is the print clean and free of major print defects?,No(Fail),Yes(Pass),,"MAX : 
TARGET : Yes(Pass)
MIN : No(Fail)"
9253,1538,10,5,Width of gear side film strip,0.345,0.391,0.445,"MAX : 0.445
TARGET : 0.391
MIN : 0.345"
9253,1538,10,6,Width of gear side middle film strip,0.345,0.391,0.445,"MAX : 0.445
TARGET : 0.391
MIN : 0.345"
9253,1538,10,7,Width of operator side middle film strip,0.345,0.391,0.445,"MAX : 0.445
TARGET : 0.391
MIN : 0.345"
9253,1538,10,8,Width of operator side film strip,0.345,0.391,0.445,"MAX : 0.445
TARGET : 0.391
MIN : 0.345"
9253,1538,20,1,Are parts folding on the perf? (Monitor constantly/log data every 22-24 boxes),No(Fail),Yes(Pass),,"MAX : 
TARGET : Yes(Pass)
MIN : No(Fail)"
9253,1538,20,2,Are 2 parts or more visible on the tail at the top of the box?  (Monitor constantly/log data every 22-24 boxes),No(Fail),Yes(Pass),,"MAX : 
TARGET : Yes(Pass)
MIN : No(Fail)"
9253,1538,20,4,"With the tail on the left side of the box and the tops pulling out on the right side, is the ""Bair"" logo on the bottom right side of the part, when looking down into the box?  (Monitor constantly/log data every 22-24 boxes)",No(Fail),Yes(Pass),,"MAX : 
TARGET : Yes(Pass)
MIN : No(Fail)"
9253,1538,20,3,Is the box oriented correctly with the 4 square cut outs at the bottom?  (Monitor constantly/log data every 22-24 boxes),No(Fail),Yes(Pass),,"MAX : 
TARGET : Yes(Pass)
MIN : No(Fail)"
9253,1538,20,6,"Have parts with aesthetic issues (overlapping, wrinkles, perf on part, damage, etc...) been removed?  (Monitor constantly/log data every 22-24 boxes)",No(Fail),Yes(Pass),,"MAX : 
TARGET : Yes(Pass)
MIN : No(Fail)"
9253,1538,10,9,Diameter of the hole,2.190,2.200,2.210,"MAX : 2.210
TARGET : 2.200
MIN : 2.190"
9253,1538,10,2,"Is the print orientation such that the ""Bair"" logo is on the gear side, facing the D7 web direction (left)?",No(Fail),Yes(Pass),,"MAX : 
TARGET : Yes(Pass)
MIN : No(Fail)"
9253,1538,10,10,"Verify print registration is within +/- 0.062"" in both X-web and web directions.",No(Fail),Yes(Pass),,"MAX : 
TARGET : Yes(Pass)
MIN : No(Fail)"
9253,1538,20,5,No more than 2 missing parts in a row.  (Monitor constantly/log data every 22-24 boxes),No(Fail),Yes(Pass),,"MAX : 
TARGET : Yes(Pass)
MIN : No(Fail)"
9253,1538,20,7,Are cartons labeled correctly with correct part numbers based on their destination?,No(Fail),Yes(Pass),,"MAX : 
TARGET : Yes(Pass)
MIN : No(Fail)"
9253,1538,20,0.1,,,,,"MAX : 
TARGET : 
MIN : "
9253,1538,20,0.2,,,,,"MAX : 
TARGET : 
MIN : "
9253,1538,20,0.3,,,,,"MAX : 
TARGET : 
MIN : "
9253,1538,20,0.4,,,,,"MAX : 
TARGET : 
MIN : "
9253,1538,20,0.5,,,,,"MAX : 
TARGET : 
MIN : "
9253,1538,20,0.6,,,,,"MAX : 
TARGET : 
MIN : "
9253,1538,10,11,"Inspect The First and Last 4 Parts on Every Roll at The Rewind  (Capture twice every 34,400 parts)",,,,"MAX : 
TARGET : 
MIN : "
9197,2099,10,1,Width of slit roll,0.88,0.90,0.92,"MAX : 0.92
TARGET : 0.90
MIN : 0.88"
9198,1501,20,2,Length of part,6.464,6.472,6.480,"MAX : 6.480
TARGET : 6.472
MIN : 6.464"
9254,1539,20,3,Is the adhesive laminated to the tighter side of the liner?,No(Fail),Yes(Pass),,"MAX : 
TARGET : Yes(Pass)
MIN : No(Fail)"
9198,1501,20,1,Do sheets meet Note 7 on drawing?  See note in finishing area.,No(Fail),Yes(Pass),,"MAX : 
TARGET : Yes(Pass)
MIN : No(Fail)"
9199,1502,20,2,Width of adhesive,1.82,1.88,1.94,"MAX : 1.94
TARGET : 1.88
MIN : 1.82"
9199,1502,20,1,Length of part,1.82,1.88,1.94,"MAX : 1.94
TARGET : 1.88
MIN : 1.82"
9200,1503,10,1,"Is the proper ""Ascensia"" label applied to the bags?",No (Fail),Yes (Pass),,"MAX : 
TARGET : Yes (Pass)
MIN : No (Fail)"
9201,1504,20,1,Width of Mylar,4.22,4.25,4.28,"MAX : 4.28
TARGET : 4.25
MIN : 4.22"
9201,1504,10,1,Width of adhesive,0.305,0.315,0.325,"MAX : 0.325
TARGET : 0.315
MIN : 0.305"
9202,1505,10,1,Does the part fit the approved template?,No (Fail),Yes (Pass),,"MAX : 
TARGET : Yes (Pass)
MIN : No (Fail)"
9258,2116,20,3,"Is the slit edge free of slivers, double cuts , and other slitting debris?",No(Fail),Yes(Pass),,"MAX : 
TARGET : Yes(Pass)
MIN : No(Fail)"
9203,1506,20,2,Width of part,44.5,45.0,45.5,"MAX : 45.5
TARGET : 45.0
MIN : 44.5"
9203,1506,20,1,Length of part,367.5,368.0,368.5,"MAX : 368.5
TARGET : 368.0
MIN : 367.5"
9204,2100,20,2,Is the roll wound without gapping or telescoping?,No(Fail),Yes(Pass),,"MAX : 
TARGET : Yes(Pass)
MIN : No(Fail)"
9204,2100,20,1,Width of roll,1.97,2.00,2.03,"MAX : 2.03
TARGET : 2.00
MIN : 1.97"
9205,2101,20,2,Is the roll wound without gapping or telescoping?,No(Fail),Yes(Pass),,"MAX : 
TARGET : Yes(Pass)
MIN : No(Fail)"
9205,2101,20,1,Width of roll,0.97,1.00,1.03,"MAX : 1.03
TARGET : 1.00
MIN : 0.97"
9206,2102,20,3,Is the roll wound without gapping or telescoping?,No(Fail),Yes(Pass),,"MAX : 
TARGET : Yes(Pass)
MIN : No(Fail)"
9206,2102,20,1,Width of roll,2.94,3.00,3.06,"MAX : 3.06
TARGET : 3.00
MIN : 2.94"
9206,2102,20,2,Amount of exposed 528 adhesive,0.031,0,0.031,"MAX : 0.031
TARGET : 0
MIN : 0.031"
9207,1507,10,2,Diameter of circle,39.0,40.0,41.0,"MAX : 41.0
TARGET : 40.0
MIN : 39.0"
9207,1507,10,1,Length of overlap on foil,3.0,2.0,1.0,"MAX : 1.0
TARGET : 2.0
MIN : 3.0"
9208,1508,20,2,Width of adhesive,0.69,0.75,0.81,"MAX : 0.81
TARGET : 0.75
MIN : 0.69"
8923,1340,30,13,Bottom Right Diameter,0.205,0.210,0.215,"MAX : 0.215
TARGET : 0.210
MIN : 0.205"
8923,1340,30,11,Top Right Diameter,0.163,0.168,0.173,"MAX : 0.173
TARGET : 0.168
MIN : 0.163"
8923,1340,30,4,True Position of Center Hole,,0.0000,0.0100,"MAX : 0.0100
TARGET : 0.0000
MIN : "
8923,1340,30,5,True Position of Top Left,,0.0000,0.0100,"MAX : 0.0100
TARGET : 0.0000
MIN : "
8923,1340,30,6,True Position of Top Right,,0.0000,0.0100,"MAX : 0.0100
TARGET : 0.0000
MIN : "
8923,1340,30,7,True Position of Bottom Left,,0.0000,0.0100,"MAX : 0.0100
TARGET : 0.0000
MIN : "
8923,1340,30,8,True Position of Bottom Right,,0.0000,0.0100,"MAX : 0.0100
TARGET : 0.0000
MIN : "
8923,1340,30,9,Center Diameter,0.818,0.823,0.828,"MAX : 0.828
TARGET : 0.823
MIN : 0.818"
8923,1340,30,10,Top Left Radius,0.088,0.093,0.098,"MAX : 0.098
TARGET : 0.093
MIN : 0.088"
8923,1340,30,14,Leg Width,0.123,0.128,0.133,"MAX : 0.133
TARGET : 0.128
MIN : 0.123"
9208,1508,20,1,Length of part,0.32,0.38,0.44,"MAX : 0.44
TARGET : 0.38
MIN : 0.32"
9209,1509,20,2,Radius of lower radii,5.80,6.60,7.40,"MAX : 7.40
TARGET : 6.60
MIN : 5.80"
9209,1509,20,1,Radius of upper radii,7.55,8.35,9.15,"MAX : 9.15
TARGET : 8.35
MIN : 7.55"
9192,1500,30,4,Diameter of small Hole 1,.076,.079,.082,"MAX : .082
TARGET : .079
MIN : .076"
9210,1510,10,2,Width of VHB,2.94,3.00,3.06,"MAX : 3.06
TARGET : 3.00
MIN : 2.94"
9260,1541,10,4,Are the internal die cuts visually centered on the sheet with no parts cut into?,No(Fail),Yes(Pass),,"MAX : 
TARGET : Yes(Pass)
MIN : No(Fail)"
9260,1541,10,1,Is the die strike deep enough to remove the matrix without cutting in to the liner? - CAR from previous run.,No(Fail),Yes(Pass),,"MAX : 
TARGET : Yes(Pass)
MIN : No(Fail)"
9210,1510,10,1,Length of VHB,3.94,4.00,4.06,"MAX : 4.06
TARGET : 4.00
MIN : 3.94"
9211,1511,20,2,Distance from center of one hole to center of next hole,279.13,279.93,280.73,"MAX : 280.73
TARGET : 279.93
MIN : 279.13"
9203,1506,20,3,Diameter of hole,6.5,7.0,7.5,"MAX : 7.5
TARGET : 7.0
MIN : 6.5"
9203,1506,20,4,Length of slot,9.5,10.0,10.5,"MAX : 10.5
TARGET : 10.0
MIN : 9.5"
9203,1506,20,5,Width of slot,6.5,7.0,7.5,"MAX : 7.5
TARGET : 7.0
MIN : 6.5"
9203,1506,20,6,Distance from end of part to edge of hole,115.0,115.5,116.0,"MAX : 116.0
TARGET : 115.5
MIN : 115.0"
9203,1506,20,7,Are the holes cleanly removed?,No(Fail),Yes(Pass),,"MAX : 
TARGET : Yes(Pass)
MIN : No(Fail)"
9203,1506,10,1,Does the lamination lay flat?,No(Fail),Yes(Pass),,"MAX : 
TARGET : Yes(Pass)
MIN : No(Fail)"
9203,1506,10,2,Is the adhesive visually centered on the PET?,No(Fail),Yes(Pass),,"MAX : 
TARGET : Yes(Pass)
MIN : No(Fail)"
9211,1511,20,1,Length of part,335.20,336.00,336.80,"MAX : 336.80
TARGET : 336.00
MIN : 335.20"
9212,1512,10,2,Width of part,2.815,2.830,2.845,"MAX : 2.845
TARGET : 2.830
MIN : 2.815"
9261,1542,20,5,Is the print in register with the die?,No(Fail),Yes(Pass),,"MAX : 
TARGET : Yes(Pass)
MIN : No(Fail)"
9261,1542,20,6,Is the die strike deep enough to remove the internal labels but not cut into the liner?,No(Fail),Yes(Pass),,"MAX : 
TARGET : Yes(Pass)
MIN : No(Fail)"
9261,1542,20,3,Distance from edge of sheet to close edge of internal die cut.,0.32,0.38,0.44,"MAX : 0.44
TARGET : 0.38
MIN : 0.32"
9261,1542,20,4,Distance from end of sheet to close edge of internal die cut.,0.44,0.50,0.56,"MAX : 0.56
TARGET : 0.50
MIN : 0.44"
9212,1512,10,1,Length of part,0.485,0.500,0.515,"MAX : 0.515
TARGET : 0.500
MIN : 0.485"
9214,2103,10,2,Is the roll wound without gapping or telescoping?,No(Fail),Yes(Pass),,"MAX : 
TARGET : Yes(Pass)
MIN : No(Fail)"
9214,2103,10,1,Width of slit roll,0.595,0.625,0.655,"MAX : 0.655
TARGET : 0.625
MIN : 0.595"
9215,2104,10,2,Is the slit edge free of slivers and double cuts?,No(Fail),Yes(Pass),,"MAX : 
TARGET : Yes(Pass)
MIN : No(Fail)"
9215,2104,10,1,Width of slit roll,1.345,1.375,1.405,"MAX : 1.405
TARGET : 1.375
MIN : 1.345"
9216,2105,10,2,Is the slit edge free of slivers and other debris?,No(Fail),Yes(Pass),,"MAX : 
TARGET : Yes(Pass)
MIN : No(Fail)"
9216,2105,10,1,Width of roll,5.84,5.90,5.96,"MAX : 5.96
TARGET : 5.90
MIN : 5.84"
9217,1513,10,2,Width of part,0.94,1.00,1.06,"MAX : 1.06
TARGET : 1.00
MIN : 0.94"
9263,2117,20,1,Width of finished slit rolls,0.44,0.50,0.56,"MAX : 0.56
TARGET : 0.50
MIN : 0.44"
9263,2117,20,2,Is the slit edge free of slitting defects?  Material is fibrous so it may have slivers or strings. ,No(Fail),Yes(Pass),,"MAX : 
TARGET : Yes(Pass)
MIN : No(Fail)"
9217,1513,10,1,Length of part,1.25,1.31,1.37,"MAX : 1.37
TARGET : 1.31
MIN : 1.25"
9218,1514,10,2,Does the roll unwind without picking?,No(Fail),Yes(Pass),,"MAX : 
TARGET : Yes(Pass)
MIN : No(Fail)"
8485,1236,10,5,"Are all die cut edges free of tears, burrs and jagged edges?",No (Fail),Yes (Pass),,"MAX : 
TARGET : Yes (Pass)
MIN : No (Fail)"
8485,1236,10,6,Is the die strike deep enough to remove the matrix but not cut into the PET liner?,No (Fail),Yes (Pass),,"MAX : 
TARGET : Yes (Pass)
MIN : No (Fail)"
8485,1236,10,7,"Is the measurement from the edge of the part to the edge of the selvage less than .1535"" (17.54% or less of the die cut area visible selvage)? (See pics in JJ for example of selvage.)",No (Fail),Yes (Pass),,"MAX : 
TARGET : Yes (Pass)
MIN : No (Fail)"
8485,1236,10,1,Does a part fit the approved part template?,No (Fail),Yes (Pass),,"MAX : 
TARGET : Yes (Pass)
MIN : No (Fail)"
8485,1236,10,2,Does the liner fit the approved liner template?,No (Fail),Yes (Pass),,"MAX : 
TARGET : Yes (Pass)
MIN : No (Fail)"
9218,1514,10,1,Width of roll,0.115,0.125,0.135,"MAX : 0.135
TARGET : 0.125
MIN : 0.115"
9201,1504,30,3,Position of 467MPF - Edge of construction to outside edge of 467MPF,-0.002,0,0.002,"MAX : 0.002
TARGET : 0
MIN : -0.002"
9219,1515,30,2,Length of filter paper,35.2,36.0,36.8,"MAX : 36.8
TARGET : 36.0
MIN : 35.2"
9265,2118,20,1,Width of roll,4.2,5.0,5.8,"MAX : 5.8
TARGET : 5.0
MIN : 4.2"
9265,2118,20,2,Is the slit edge free of slivers and double cuts?,No(Fail),Yes(Pass),,"MAX : 
TARGET : Yes(Pass)
MIN : No(Fail)"
9265,2118,20,3,Is the roll wound without gapping or telescoping?,No(Fail),Yes(Pass),,"MAX : 
TARGET : Yes(Pass)
MIN : No(Fail)"
9219,1515,30,1,Length of part (Body),39.8,40.6,41.4,"MAX : 41.4
TARGET : 40.6
MIN : 39.8"
9220,1516,20,2,Length of window,1.639,1.654,1.669,"MAX : 1.669
TARGET : 1.654
MIN : 1.639"
9266,1545,10,11,Is the print clean and free of major print defects?,No(Fail),Yes(Pass),,"MAX : 
TARGET : Yes(Pass)
MIN : No(Fail)"
9266,1545,10,3,Width of gear side film strip,0.345,0.391,0.445,"MAX : 0.445
TARGET : 0.391
MIN : 0.345"
9266,1545,10,4,Width of gear side middle film strip,0.345,0.391,0.445,"MAX : 0.445
TARGET : 0.391
MIN : 0.345"
9266,1545,10,5,Width of operator side middle film strip,0.345,0.391,0.445,"MAX : 0.445
TARGET : 0.391
MIN : 0.345"
9266,1545,10,6,Width of operator side film strip,0.345,0.391,0.445,"MAX : 0.445
TARGET : 0.391
MIN : 0.345"
9266,1545,10,8,"Are the finished rolls in the correct unwind direction?  The ""Bair"" should be in the bottom left corner as the roll unwinds from left to right.",No(Fail),Yes(Pass),,"MAX : 
TARGET : Yes(Pass)
MIN : No(Fail)"
9266,1545,10,7,Diameter of the hole,2.220,2.250,2.280,"MAX : 2.280
TARGET : 2.250
MIN : 2.220"
9266,1545,10,9,"Verify print registration is within +/- 0.062"" in both X-web and web directions.",No(Fail),Yes(Pass),,"MAX : 
TARGET : Yes(Pass)
MIN : No(Fail)"
9266,1545,10,10,Inspect The First and Last 4 Parts on Every Roll at The Rewind  (Capture once every set),,,,"MAX : 
TARGET : 
MIN : "
9220,1516,20,1,Length of part,3.666,3.681,3.696,"MAX : 3.696
TARGET : 3.681
MIN : 3.666"
9220,1516,20,6,Diameter of the large hole,0.245,0.260,0.275,"MAX : 0.275
TARGET : 0.260
MIN : 0.245"
9221,1517,20,2,Length of window,0.630,0.650,0.670,"MAX : 0.670
TARGET : 0.650
MIN : 0.630"
9221,1517,20,1,Length of part,0.807,0.827,0.847,"MAX : 0.847
TARGET : 0.827
MIN : 0.807"
9222,2106,10,2,Is the slit edge free of slivers and double cuts?,No(Fail),Yes(Pass),,"MAX : 
TARGET : Yes(Pass)
MIN : No(Fail)"
9222,2106,10,1,Width of roll,0.277,0.292,0.307,"MAX : 0.307
TARGET : 0.292
MIN : 0.277"
6931,1067,10,4.3,,,,,"MAX : 
TARGET : 
MIN : "
6931,1067,10,4.4,,,,,"MAX : 
TARGET : 
MIN : "
9223,2107,10,2,Is the slit edge free of slivers and double cuts?,No(Fail),Yes(Pass),,"MAX : 
TARGET : Yes(Pass)
MIN : No(Fail)"
9223,2107,10,1,Width of slit roll,1.34,1.40,1.46,"MAX : 1.46
TARGET : 1.40
MIN : 1.34"
9150,1472,10,5.3,,,,,"MAX : 
TARGET : 
MIN : "
9150,1472,10,5.4,,,,,"MAX : 
TARGET : 
MIN : "
9224,1518,20,2,Width of part,0.245,0.250,0.255,"MAX : 0.255
TARGET : 0.250
MIN : 0.245"
9224,1518,20,1,Length of part,0.135,0.140,0.145,"MAX : 0.145
TARGET : 0.140
MIN : 0.135"
9268,1546,10,3,Is the print visually centered on the label?,No(Fail),Yes(Pass),,"MAX : 
TARGET : Yes(Pass)
MIN : No(Fail)"
9268,1546,10,4,Is the print free of gross defects and is legible?,No(Fail),Yes(Pass),,"MAX : 
TARGET : Yes(Pass)
MIN : No(Fail)"
9224,1518,20,5,Is the pressure sensitive laser cut deep enough to remove the matrix but not cut through the liner?,No(Fail),Yes(Pass),,"MAX : 
TARGET : Yes(Pass)
MIN : No(Fail)"
9225,1519,20,3,Width of part,0.595,0.600,0.605,"MAX : 0.605
TARGET : 0.600
MIN : 0.595"
9225,1519,20,1,Length of part,0.435,0.440,0.445,"MAX : 0.445
TARGET : 0.440
MIN : 0.435"
9225,1519,20,6,Is the pressure sensitive laser cut deep enough to remove the matrix but not cut through the liner?,No(Fail),Yes(Pass),,"MAX : 
TARGET : Yes(Pass)
MIN : No(Fail)"
9226,1520,20,2,Is the die strike deep enough to strip the matrix but not cut into the liner?,No(Fail),Yes(Pass),,"MAX : 
TARGET : Yes(Pass)
MIN : No(Fail)"
9226,1520,20,1,Diameter of part,2.015,2.03,2.045,"MAX : 2.045
TARGET : 2.03
MIN : 2.015"
9227,1521,20,2,Is the die strike deep enough to strip the matrix but not cut into the liner?,No(Fail),Yes(Pass),,"MAX : 
TARGET : Yes(Pass)
MIN : No(Fail)"
9227,1521,20,1,Diameter of part,1.285,1.300,1.315,"MAX : 1.315
TARGET : 1.300
MIN : 1.285"
9269,2120,20,1,Are the rolls wound without gapping or telescoping?,No(Fail),Yes(Pass),,"MAX : 
TARGET : Yes(Pass)
MIN : No(Fail)"
9228,1522,20,2,Width of part,0.785,0.800,0.815,"MAX : 0.815
TARGET : 0.800
MIN : 0.785"
9228,1522,20,1,Length of part,0.985,1.000,1.015,"MAX : 1.015
TARGET : 1.000
MIN : 0.985"
9271,2121,20,1,Is the roll wound without gapping or telescoping?,No(Fail),Yes(Pass),,"MAX : 
TARGET : Yes(Pass)
MIN : No(Fail)"
9229,1523,20,2,Width of part,2.385,2.400,2.415,"MAX : 2.415
TARGET : 2.400
MIN : 2.385"
9229,1523,20,1,Length of part,0.985,1.000,1.015,"MAX : 1.015
TARGET : 1.000
MIN : 0.985"
9230,1524,20,2,Width of part,0.355,0.375,0.395,"MAX : 0.395
TARGET : 0.375
MIN : 0.355"
9230,1524,20,1,Length of part,0.355,0.375,0.395,"MAX : 0.395
TARGET : 0.375
MIN : 0.355"
9232,2108,30,2,Is the adhesive laminated to the corona treated side of the foam?,No(Fail),Yes(Pass),,"MAX : 
TARGET : Yes(Pass)
MIN : No(Fail)"
9273,1547,20,5,Distance from edge of gel to operator edge of top liner,0.145,0.205,0.265,"MAX : 0.265
TARGET : 0.205
MIN : 0.145"
9273,1547,20,6,"Is the ""Tie"" side of the gel laminated to the easy release carrier PET liner?",No(Fail),Yes(Pass),,"MAX : 
TARGET : Yes(Pass)
MIN : No(Fail)"
9273,1547,20,7,Is the first die strike deep enough to remove the gel matrix but not cut into the liner?,No(Fail),Yes(Pass),,"MAX : 
TARGET : Yes(Pass)
MIN : No(Fail)"
9273,1547,20,8,Is the outside die strike deep enough to strip the matrix but not cut into the liner?,No(Fail),Yes(Pass),,"MAX : 
TARGET : Yes(Pass)
MIN : No(Fail)"
9232,2108,30,1,Width of slit rolls,0.97,1.00,1.03,"MAX : 1.03
TARGET : 1.00
MIN : 0.97"
9233,1526,10,2,Width of part,0.218,0.223,0.228,"MAX : 0.228
TARGET : 0.223
MIN : 0.218"
9274,1548,20,1,Length of part,1.60,1.62,1.64,"MAX : 1.64
TARGET : 1.62
MIN : 1.60"
9274,1548,20,2,Width of part,0.82,0.84,0.86,"MAX : 0.86
TARGET : 0.84
MIN : 0.82"
9274,1548,20,3,Does the adhesive fall within the red lines on the enclosed template?,No(Fail),Yes(Pass),,"MAX : 
TARGET : Yes(Pass)
MIN : No(Fail)"
9274,1548,30,1,Are the silicone tape tabs on the parts?,No(Fail),Yes(Pass),,"MAX : 
TARGET : Yes(Pass)
MIN : No(Fail)"
9233,1526,10,1,Length of part,0.782,0.787,0.792,"MAX : 0.792
TARGET : 0.787
MIN : 0.782"
9234,1527,10,2,Width of part,0.375,0.380,0.385,"MAX : 0.385
TARGET : 0.380
MIN : 0.375"
9275,1549,20,1,Length of part,1.41,1.43,1.45,"MAX : 1.45
TARGET : 1.43
MIN : 1.41"
9275,1549,20,2,Width of part,0.57,0.59,0.61,"MAX : 0.61
TARGET : 0.59
MIN : 0.57"
9275,1549,20,3,Does the adhesive fall within the red lines on the enclosed template?,No(Fail),Yes(Pass),,"MAX : 
TARGET : Yes(Pass)
MIN : No(Fail)"
9275,1549,30,1,Are the silicone tape tabs on the parts?,No(Fail),Yes(Pass),,"MAX : 
TARGET : Yes(Pass)
MIN : No(Fail)"
9234,1527,10,5,Diameter of hole,0.065,0.070,0.075,"MAX : 0.075
TARGET : 0.070
MIN : 0.065"
9234,1527,10,1,Length of part,1.156,1.161,1.166,"MAX : 1.166
TARGET : 1.161
MIN : 1.156"
9276,1550,20,3,Width of liner,5.985,6.000,6.015,"MAX : 6.015
TARGET : 6.000
MIN : 5.985"
9276,1550,20,4,Width of gear side tab,0.110,0.125,0.140,"MAX : 0.140
TARGET : 0.125
MIN : 0.110"
9276,1550,20,5,Width of op side tab,0.110,0.125,0.140,"MAX : 0.140
TARGET : 0.125
MIN : 0.110"
9276,1550,20,6,Is the score deep enough to remove the adhesive and foam but not cut into the liner?,No(Fail),Yes(Pass),,"MAX : 
TARGET : Yes(Pass)
MIN : No(Fail)"
9234,1527,10,3,Length of window,0.802,0.807,0.812,"MAX : 0.812
TARGET : 0.807
MIN : 0.802"
9234,1527,10,4,Width of window,0.238,0.243,0.248,"MAX : 0.248
TARGET : 0.243
MIN : 0.238"
9278,1552,10,3,Is the die strike deep enough to remove the matrix but not cut into the liner?,No (Fail),Yes (Pass),,"MAX : 
TARGET : Yes (Pass)
MIN : No (Fail)"
9235,1528,10,2,Width of part,0.993,0.998,1.003,"MAX : 1.003
TARGET : 0.998
MIN : 0.993"
9235,1528,10,1,Length of part,2.374,2.379,2.384,"MAX : 2.384
TARGET : 2.379
MIN : 2.374"
9279,2123,20,3,Distance from edge of part to 9824/2 mil LDPE/9425HT lamination,8.5,10.0,11.5,"MAX : 11.5
TARGET : 10.0
MIN : 8.5"
9279,2123,20,4,Does the lamination stack up match the enclosed drawing?,No(Fail),Yes(Pass),,"MAX : 
TARGET : Yes(Pass)
MIN : No(Fail)"
9236,1529,10,2,Width of part,0.752,0.757,0.762,"MAX : 0.762
TARGET : 0.757
MIN : 0.752"
9236,1529,10,1,Length of part,2.137,2.142,2.147,"MAX : 2.147
TARGET : 2.142
MIN : 2.137"
9237,1530,20,2,Width of part,2.16,2.22,2.28,"MAX : 2.28
TARGET : 2.22
MIN : 2.16"
9237,1530,20,1,Length of part,6.70,6.76,6.82,"MAX : 6.82
TARGET : 6.76
MIN : 6.70"
9238,2109,10,2,Are the slit edges free of slivers and double cuts?,No(Fail),Yes(Pass),,"MAX : 
TARGET : Yes(Pass)
MIN : No(Fail)"
9238,2109,10,1,Slit width as called out on work order,-0.03,Target,+0.03,"MAX : +0.03
TARGET : Target
MIN : -0.03"
9281,1553,10,3,Is the die strike deep enough to remove the matrix but not cut into the liner?,No(Fail),Yes(Pass),,"MAX : 
TARGET : Yes(Pass)
MIN : No(Fail)"
9239,1531,10,3,Width of roll,5.94,6.00,6.06,"MAX : 6.06
TARGET : 6.00
MIN : 5.94"
9239,1531,10,2,"Is raw material free of creases, wrinkles, gage bands, stretch bands. diamond pattern, and lint?",No(Fail),Yes(Pass),,"MAX : 
TARGET : Yes(Pass)
MIN : No(Fail)"
9282,1554,10,3,Is the die strike deep enough to remove the matrix but not cut into the liner?,No(Fail),Yes(Pass),,"MAX : 
TARGET : Yes(Pass)
MIN : No(Fail)"
9240,2110,10,2,Length of perf,11.94,12.00,12.06,"MAX : 12.06
TARGET : 12.00
MIN : 11.94"
9240,2110,10,1,Width of roll,2.94,3.00,3.06,"MAX : 3.06
TARGET : 3.00
MIN : 2.94"
9283,1555,10,3,Is the die strike deep enough to remove the matrix but not cut into the liner?,No(Fail),Yes(Pass),,"MAX : 
TARGET : Yes(Pass)
MIN : No(Fail)"
9241,1532,10,2,Length of window,21.05,21.08,21.11,"MAX : 21.11
TARGET : 21.08
MIN : 21.05"
9241,1532,10,1,Length of part,21.45,21.48,21.51,"MAX : 21.51
TARGET : 21.48
MIN : 21.45"
9284,1556,10,3,Is the die strike deep enough to remove the matrix but not cut into the liner?,No(Fail),Yes(Pass),,"MAX : 
TARGET : Yes(Pass)
MIN : No(Fail)"
9242,1533,10,2,Width of part,0.09,0.15,0.21,"MAX : 0.21
TARGET : 0.15
MIN : 0.09"
9242,1533,10,1,Length of part,0.19,0.25,0.31,"MAX : 0.31
TARGET : 0.25
MIN : 0.19"
9285,2125,20,1,Width of finished roll,9.94,10.00,10.06,"MAX : 10.06
TARGET : 10.00
MIN : 9.94"
9285,2125,20,2,Are the slit edges free of slitting debris?,No(Fail),Yes(Pass),,"MAX : 
TARGET : Yes(Pass)
MIN : No(Fail)"
9285,2125,20,3,Is the roll wound without gapping or telescoping?,No(Fail),Yes(Pass),,"MAX : 
TARGET : Yes(Pass)
MIN : No(Fail)"
9243,2111,10,3,Is the roll wound without telescoping and gapping?,No(Fail),Yes(Pass),,"MAX : 
TARGET : Yes(Pass)
MIN : No(Fail)"
9243,2111,10,1,"Width of slit roll (if 48mm / 1.89"")",1.83,1.89,1.95,"MAX : 1.95
TARGET : 1.89
MIN : 1.83"
9287,2126,20,1,Is the adhesive laminated to the release side of the liner?,No(Fail),Yes(Pass),,"MAX : 
TARGET : Yes(Pass)
MIN : No(Fail)"
9287,2126,20,2,Is the adhesive visually centered on the liner?,No(Fail),Yes(Pass),,"MAX : 
TARGET : Yes(Pass)
MIN : No(Fail)"
9244,2112,10,2,Is the slit edge free of slivers and other slitting debris?,No(Fail),Yes(Pass),,"MAX : 
TARGET : Yes(Pass)
MIN : No(Fail)"
9244,2112,10,1,Width of slit roll,4.375,4.500,4.625,"MAX : 4.625
TARGET : 4.500
MIN : 4.375"
5651,974,10,24,Bottom Small Hole X,-0.25,0.00,0.25,"MAX : 0.25
TARGET : 0.00
MIN : -0.25"
9245,2113,10,2,Is the graphic clean and free of gross print defects?,No(Fail),Yes(Pass),,"MAX : 
TARGET : Yes(Pass)
MIN : No(Fail)"
9245,2113,10,1,Width of roll,4.94,5.00,5.06,"MAX : 5.06
TARGET : 5.00
MIN : 4.94"
9175,1490,20,6,Bottom Left Hole to Center Hole X,1.479,1.489,1.499,"MAX : 1.499
TARGET : 1.489
MIN : 1.479"
9175,1490,20,7,Bottom Right Hole to Center Hole X,1.479,1.489,1.499,"MAX : 1.499
TARGET : 1.489
MIN : 1.479"
9175,1490,20,8,Top Left Hole to Center Hole X,1.390,1.400,1.410,"MAX : 1.410
TARGET : 1.400
MIN : 1.390"
9175,1490,20,9,Top Right Hole to Center Hole X,1.390,1.400,1.410,"MAX : 1.410
TARGET : 1.400
MIN : 1.390"
9175,1490,20,10,Bottom Left Hole to Center Hole Y,0.039,0.049,0.059,"MAX : 0.059
TARGET : 0.049
MIN : 0.039"
9175,1490,20,11,Bottom Right Hole to Center Hole Y,0.039,0.049,0.059,"MAX : 0.059
TARGET : 0.049
MIN : 0.039"
9175,1490,20,12,Top Left Hole to Center Hole Y,1.205,1.215,1.225,"MAX : 1.225
TARGET : 1.215
MIN : 1.205"
9175,1490,20,13,Top Right Hole to Center Hole Y,1.205,1.215,1.225,"MAX : 1.225
TARGET : 1.215
MIN : 1.205"
9246,1534,20,2,Width of part,2.58,2.60,2.62,"MAX : 2.62
TARGET : 2.60
MIN : 2.58"
9246,1534,20,1,Length of part,3.96,3.98,4.00,"MAX : 4.00
TARGET : 3.98
MIN : 3.96"
9247,1535,10,2,Is the slit edge free of any slitting debris?,No(Fail),Yes(Pass),,"MAX : 
TARGET : Yes(Pass)
MIN : No(Fail)"
9247,1535,10,1,Width of slit roll,4.44,4.50,4.56,"MAX : 4.56
TARGET : 4.50
MIN : 4.44"
9248,1536,20,2,Width of part,0.69,0.75,0.81,"MAX : 0.81
TARGET : 0.75
MIN : 0.69"
9248,1536,20,1,Length of part,1.44,1.50,1.56,"MAX : 1.56
TARGET : 1.50
MIN : 1.44"
9249,2114,10,2,Is the roll wound without gapping or telescoping?,No(Fail),Yes(Pass),,"MAX : 
TARGET : Yes(Pass)
MIN : No(Fail)"
9249,2114,10,1,Width of slit roll,0.640,0.655,0.670,"MAX : 0.670
TARGET : 0.655
MIN : 0.640"
9291,1558,10,1,Part repeat,3.969,4.000,4.031,"MAX : 4.031
TARGET : 4.000
MIN : 3.969"
9291,1558,10,11.1,Is the print clean and free of major print defects?,No(Fail),Yes(Pass),,"MAX : 
TARGET : Yes(Pass)
MIN : No(Fail)"
9291,1558,10,5,Width of gear side film strip,0.345,0.391,0.445,"MAX : 0.445
TARGET : 0.391
MIN : 0.345"
9291,1558,10,6,Width of gear side middle film strip,0.345,0.391,0.445,"MAX : 0.445
TARGET : 0.391
MIN : 0.345"
9291,1558,10,7,Width of operator side middle film strip,0.345,0.391,0.445,"MAX : 0.445
TARGET : 0.391
MIN : 0.345"
9291,1558,10,8,Width of operator side film strip,0.345,0.391,0.445,"MAX : 0.445
TARGET : 0.391
MIN : 0.345"
9291,1558,20,1,Are parts folding on the perf? (Monitor constantly/log data every 22-24 boxes),No(Fail),Yes(Pass),,"MAX : 
TARGET : Yes(Pass)
MIN : No(Fail)"
9291,1558,20,2,Are 2 parts or more visible on the tail at the top of the box?  (Monitor constantly/log data every 22-24 boxes),No(Fail),Yes(Pass),,"MAX : 
TARGET : Yes(Pass)
MIN : No(Fail)"
9291,1558,20,4,"With the tail on the left side of the box and the tops pulling out on the right side, is the ""Bair"" logo on the bottom right side of the part, when looking down into the box?  (Monitor constantly/log data every 22-24 boxes)",No(Fail),Yes(Pass),,"MAX : 
TARGET : Yes(Pass)
MIN : No(Fail)"
9291,1558,20,3,Is the box oriented correctly with the 4 square cut outs at the bottom?  (Monitor constantly/log data every 22-24 boxes),No(Fail),Yes(Pass),,"MAX : 
TARGET : Yes(Pass)
MIN : No(Fail)"
9291,1558,20,6,"Have parts with aesthetic issues (overlapping, wrinkles, perf on part, damage, etc...) been removed?  (Monitor constantly/log data every 22-24 boxes)",No(Fail),Yes(Pass),,"MAX : 
TARGET : Yes(Pass)
MIN : No(Fail)"
9291,1558,10,9,Diameter of the hole,2.190,2.200,2.210,"MAX : 2.210
TARGET : 2.200
MIN : 2.190"
9291,1558,10,2,"Is the print orientation such that the ""Bair"" logo is on the gear side, facing the D7 web direction (left)?",No(Fail),Yes(Pass),,"MAX : 
TARGET : Yes(Pass)
MIN : No(Fail)"
9291,1558,10,10,"Verify print registration is within +/- 0.062"" in both X-web and web directions.",No(Fail),Yes(Pass),,"MAX : 
TARGET : Yes(Pass)
MIN : No(Fail)"
9291,1558,20,5,No more than 2 missing parts in a row.  (Monitor constantly/log data every 22-24 boxes),No(Fail),Yes(Pass),,"MAX : 
TARGET : Yes(Pass)
MIN : No(Fail)"
9291,1558,20,7,Are cartons labeled correctly with correct part numbers based on their destination?,No(Fail),Yes(Pass),,"MAX : 
TARGET : Yes(Pass)
MIN : No(Fail)"
9291,1558,20,0.1,,,,,"MAX : 
TARGET : 
MIN : "
9291,1558,20,0.2,,,,,"MAX : 
TARGET : 
MIN : "
9291,1558,20,0.3,,,,,"MAX : 
TARGET : 
MIN : "
9291,1558,20,0.4,,,,,"MAX : 
TARGET : 
MIN : "
9291,1558,20,0.5,,,,,"MAX : 
TARGET : 
MIN : "
9291,1558,20,0.6,,,,,"MAX : 
TARGET : 
MIN : "
9291,1558,10,11,"Inspect The First and Last 4 Parts on Every Roll at The Rewind  (Capture twice every 34,400 parts)",,,,"MAX : 
TARGET : 
MIN : "
9250,1537,20,1,Length of perf,26.875,27.000,27.125,"MAX : 27.125
TARGET : 27.000
MIN : 26.875"
9250,1537,10,1,Width of slit PET,1.02,1.04,1.06,"MAX : 1.06
TARGET : 1.04
MIN : 1.02"
9292,1559,10,1,Is the dual lock mated together stem side to stem side and NOT adhesive to adhesive?,No(Fail),Yes(Pass),,"MAX : 
TARGET : Yes(Pass)
MIN : No(Fail)"
9250,1537,20,5,Difference of adhesive area widths,,0,.06,"MAX : .06
TARGET : 0
MIN : "
9253,1538,10,4,Width of part,3.469,3.500,3.531,"MAX : 3.531
TARGET : 3.500
MIN : 3.469"
9253,1538,10,3,Length of part,3.719,3.750,3.781,"MAX : 3.781
TARGET : 3.750
MIN : 3.719"
9253,1538,30,1,Are all tack test results from the sampling greater than or equal to 95.5g?,No(Fail),Yes(Pass),,"MAX : 
TARGET : Yes(Pass)
MIN : No(Fail)"
9254,1539,20,2,Width of part,22.2,23.0,23.8,"MAX : 23.8
TARGET : 23.0
MIN : 22.2"
9254,1539,20,1,Length o part,49.2,50.0,50.8,"MAX : 50.8
TARGET : 50.0
MIN : 49.2"
9257,2115,10,1,Width of slit roll,1.416,1.476,1.536,"MAX : 1.536
TARGET : 1.476
MIN : 1.416"
9258,2116,20,2,Is the roll wound without telescoping or gapping?,No(Fail),Yes(Pass),,"MAX : 
TARGET : Yes(Pass)
MIN : No(Fail)"
2347,891,10,10,Pinhole to edge of part,0.135,0.150,0.165,"MAX : 0.165
TARGET : 0.150
MIN : 0.135"
9258,2116,20,1,Width of slit roll,26.8,27.6,28.4,"MAX : 28.4
TARGET : 27.6
MIN : 26.8"
9259,1540,20,2,Is the die strike deep enough to remove the matrix but not cut into the liner?,No(Fail),Yes(Pass),,"MAX : 
TARGET : Yes(Pass)
MIN : No(Fail)"
9259,1540,20,1,Diameter of part,1.44,1.50,1.56,"MAX : 1.56
TARGET : 1.50
MIN : 1.44"
9260,1541,10,3,Width of sheet,5.19,5.25,5.31,"MAX : 5.31
TARGET : 5.25
MIN : 5.19"
3136,903,10,1,Width of Pocket,0.334,0.339,0.344,"MAX : 0.344
TARGET : 0.339
MIN : 0.334"
3136,903,10,4,Pinhole to Pinhole Cross-Web,3.395,3.400,3.405,"MAX : 3.405
TARGET : 3.400
MIN : 3.395"
3136,903,10,10,Pinhole to edge of part,0.135,0.150,0.165,"MAX : 0.165
TARGET : 0.150
MIN : 0.135"
9260,1541,10,2,Length of sheet,4.19,4.25,4.31,"MAX : 4.31
TARGET : 4.25
MIN : 4.19"
9261,1542,20,2,Width of label,12.94,13.00,13.06,"MAX : 13.06
TARGET : 13.00
MIN : 12.94"
4276,920,10,2,Width of Pocket,0.170,0.175,0.180,"MAX : 0.180
TARGET : 0.175
MIN : 0.170"
4276,920,10,10,Pinhole to edge of part,0.135,0.150,0.165,"MAX : 0.165
TARGET : 0.150
MIN : 0.135"
4276,920,10,4,Pinhole to Pinhole Cross-Web,3.395,3.400,3.405,"MAX : 3.405
TARGET : 3.400
MIN : 3.395"
9261,1542,20,1,Length of label,19.94,20.00,20.06,"MAX : 20.06
TARGET : 20.00
MIN : 19.94"
9262,1543,10,2,Length of part,4.517,4.527,4.537,"MAX : 4.537
TARGET : 4.527
MIN : 4.517"
4735,929,10,2,Width of Pocket,0.334,0.339,0.344,"MAX : 0.344
TARGET : 0.339
MIN : 0.334"
4735,929,10,10,Pinhole to edge of part,0.135,0.150,0.165,"MAX : 0.165
TARGET : 0.150
MIN : 0.135"
9262,1543,10,1,Width of part,3.06,3.07,3.08,"MAX : 3.08
TARGET : 3.07
MIN : 3.06"
9243,2111,10,2,"Width of slit roll (if true 2"" / 50.8 mm)",1.94,2.00,2.06,"MAX : 2.06
TARGET : 2.00
MIN : 1.94"
9263,2117,10,2,Is the adhesive centered on the film side of the CSM?,No(Fail),Yes(Pass),,"MAX : 
TARGET : Yes(Pass)
MIN : No(Fail)"
9263,2117,10,1,Is the adhesive laminated to the film side of the CSM?,No(Fail),Yes(Pass),,"MAX : 
TARGET : Yes(Pass)
MIN : No(Fail)"
9264,1544,20,1,Are rolls wrapped in bubble wrap with end caps.,Fail,Pass,,"MAX : 
TARGET : Pass
MIN : Fail"
9264,1544,10,1,Material slit width,4.438,4.5,4.563,"MAX : 4.563
TARGET : 4.5
MIN : 4.438"
9265,2118,10,2,Is the roll wound without gapping or telescoping?,No(Fail),Yes(Pass),,"MAX : 
TARGET : Yes(Pass)
MIN : No(Fail)"
9265,2118,10,1,Is the material taped to the core for the whole width?,No(Fail),Yes(Pass),,"MAX : 
TARGET : Yes(Pass)
MIN : No(Fail)"
9266,1545,10,2,Width of part,3.219,3.250,3.281,"MAX : 3.281
TARGET : 3.250
MIN : 3.219"
9266,1545,10,1,Length of part,3.969,4.000,4.031,"MAX : 4.031
TARGET : 4.000
MIN : 3.969"
9300,1564,10,3,Is the black dark and free of gross print defects?,No(Fail),Yes(Pass),,"MAX : 
TARGET : Yes(Pass)
MIN : No(Fail)"
9300,1564,10,4,Is the die strike deep enough to remove the matrix but not cut into the liner?,No(Fail),Yes(Pass),,"MAX : 
TARGET : Yes(Pass)
MIN : No(Fail)"
9267,2119,10,2,Is the slit edge free of slivers and double cuts?,No(Fail),Yes(Pass),,"MAX : 
TARGET : Yes(Pass)
MIN : No(Fail)"
9267,2119,10,1,Width of slit roll,15.94,16.00,16.06,"MAX : 16.06
TARGET : 16.00
MIN : 15.94"
9299,1563,20,3,Width of part,37.2,38.2,39.2,"MAX : 39.2
TARGET : 38.2
MIN : 37.2"
9299,1563,20,4,Is the score deep enough to remove the adhesive but not cut into the 78# liner?,No(Fail),Yes(Pass),,"MAX : 
TARGET : Yes(Pass)
MIN : No(Fail)"
9299,1563,20,5,Is the die strike deep enough to remove the matrix but not cut into the liner?,No(Fail),Yes(Pass),,"MAX : 
TARGET : Yes(Pass)
MIN : No(Fail)"
9268,1546,10,2,Width of label,4.875,5.000,5.125,"MAX : 5.125
TARGET : 5.000
MIN : 4.875"
9268,1546,10,1,Length of label,2.875,3.000,3.125,"MAX : 3.125
TARGET : 3.000
MIN : 2.875"
9303,1567,10,3,Length of part,9.22,9.25,9.28,"MAX : 9.28
TARGET : 9.25
MIN : 9.22"
9303,1567,10,4,Length of liner,9.47,9.50,9.53,"MAX : 9.53
TARGET : 9.50
MIN : 9.47"
9303,1567,10,5,Are the dry edges of the adhesive outside of the slitting/sheeting area?,No(Fail),Yes(Pass),,"MAX : 
TARGET : Yes(Pass)
MIN : No(Fail)"
9303,1567,10,6,Is the die strike deep enough to remove the matrix but not cut into the liner?,No(Fail),Yes(Pass),,"MAX : 
TARGET : Yes(Pass)
MIN : No(Fail)"
9269,2120,20,1,Width of slit roll,0.94,1.00,1.06,"MAX : 1.06
TARGET : 1.00
MIN : 0.94"
9269,2120,10,1,"Width of 6"" wide roll",5.94,6.00,6.06,"MAX : 6.06
TARGET : 6.00
MIN : 5.94"
9301,1565,20,3,Distance from leading edge of 1509 to edge of part,5.7,6.0,6.3,"MAX : 6.3
TARGET : 6.0
MIN : 5.7"
9301,1565,20,4,Width of 1509,97.2,97.5,97.8,"MAX : 97.8
TARGET : 97.5
MIN : 97.2"
9301,1565,20,5,Width of part,105.2,105.5,105.8,"MAX : 105.8
TARGET : 105.5
MIN : 105.2"
9301,1565,20,6,Distance from edge of 1509 to non-tab edge of part,5.7,6.0,6.3,"MAX : 6.3
TARGET : 6.0
MIN : 5.7"
9301,1565,20,7,Is the 1509 die strike deep enough to remove the matrix but not cut into the liner?,No(Fail),Yes(Pass),,"MAX : 
TARGET : Yes(Pass)
MIN : No(Fail)"
9271,2121,10,2,Is the slit edge free of slivers and double cuts?,No(Fail),Yes(Pass),,"MAX : 
TARGET : Yes(Pass)
MIN : No(Fail)"
9271,2121,10,1,Width of slit roll,5.94,6.00,6.06,"MAX : 6.06
TARGET : 6.00
MIN : 5.94"
9272,2122,10,2,Is the slit edge free of slivers and double cuts?,No(Fail),Yes(Pass),,"MAX : 
TARGET : Yes(Pass)
MIN : No(Fail)"
9272,2122,10,1,Width of slit roll,37,38,39,"MAX : 39
TARGET : 38
MIN : 37"
9304,2132,10,3,Is the roll wound without gapping or telescoping?,No(Fail),Yes(Pass),,"MAX : 
TARGET : Yes(Pass)
MIN : No(Fail)"
9273,1547,20,4,Distance from edge of gel to leading edge of top liner,0.145,0.205,0.265,"MAX : 0.265
TARGET : 0.205
MIN : 0.145"
9273,1547,20,3,Diameter of Liner (Cross-Web),1.74,1.75,1.76,"MAX : 1.76
TARGET : 1.75
MIN : 1.74"
9302,1566,10,2,Width of part (at widest part),0.438,0.448,0.458,"MAX : 0.458
TARGET : 0.448
MIN : 0.438"
9273,1547,20,2,Diameter of Liner (Web),1.74,1.75,1.76,"MAX : 1.76
TARGET : 1.75
MIN : 1.74"
9273,1547,20,1,Diameter of Gel,1.33,1.34,1.35,"MAX : 1.35
TARGET : 1.34
MIN : 1.33"
9274,1548,10,2,Does the roll unwind without picking?,No(Fail),Yes(Pass),,"MAX : 
TARGET : Yes(Pass)
MIN : No(Fail)"
9274,1548,10,1,Width of roll,0.115,0.125,0.135,"MAX : 0.135
TARGET : 0.125
MIN : 0.115"
9275,1549,10,2,Does the roll unwind without picking?,No(Fail),Yes(Pass),,"MAX : 
TARGET : Yes(Pass)
MIN : No(Fail)"
9275,1549,10,1,Width of roll,0.115,0.125,0.135,"MAX : 0.135
TARGET : 0.125
MIN : 0.115"
9276,1550,20,2,Width of part,5.735,5.750,5.765,"MAX : 5.765
TARGET : 5.750
MIN : 5.735"
6741,1837,10,3,Are any splices made so that the finished rolls unwind correctly?,No(Fail),Yes(Pass),,"MAX : 
TARGET : Yes(Pass)
MIN : No(Fail)"
9276,1550,20,1,Length of part,0.985,1.000,1.015,"MAX : 1.015
TARGET : 1.000
MIN : 0.985"
9277,1551,10,2,Length of window,4.32,4.35,4.38,"MAX : 4.38
TARGET : 4.35
MIN : 4.32"
9277,1551,10,1,Length of part,4.82,4.85,4.88,"MAX : 4.88
TARGET : 4.85
MIN : 4.82"
9278,1552,10,2,Width of part,3.97,4.00,4.03,"MAX : 4.03
TARGET : 4.00
MIN : 3.97"
9277,1551,10,3,Width of part,2.92,2.95,2.98,"MAX : 2.98
TARGET : 2.95
MIN : 2.92"
9277,1551,10,4,Width of window,2.42,2.45,2.48,"MAX : 2.48
TARGET : 2.45
MIN : 2.42"
9278,1552,10,1,Length of part,5.97,6.00,6.03,"MAX : 6.03
TARGET : 6.00
MIN : 5.97"
9279,2123,20,2,Width of 468MP/Q300 lamination,278.5,280.0,281.5,"MAX : 281.5
TARGET : 280.0
MIN : 278.5"
9295,1560,30,3,Adhesive Width,1.129,1.134,1.139,"MAX : 1.139
TARGET : 1.134
MIN : 1.129"
9295,1560,30,3,Part Width,1.379,1.384,1.389,"MAX : 1.389
TARGET : 1.384
MIN : 1.379"
9295,1560,30,15,Are the small holes cleanly removed?,No (Fail),Yes (Pass),,"MAX : 
TARGET : Yes (Pass)
MIN : No (Fail)"
9295,1560,30,17,Is the adhesive die strike deep enough to remove the matrix but not cut into the liner?,No (Fail),Yes (Pass),,"MAX : 
TARGET : Yes (Pass)
MIN : No (Fail)"
9295,1560,30,12,Bottom Left Diameter,0.188,0.193,0.198,"MAX : 0.198
TARGET : 0.193
MIN : 0.188"
9295,1560,30,13,Bottom Right Diameter,0.205,0.210,0.215,"MAX : 0.215
TARGET : 0.210
MIN : 0.205"
9295,1560,30,11,Top Right Diameter,0.163,0.168,0.173,"MAX : 0.173
TARGET : 0.168
MIN : 0.163"
9295,1560,30,4,True Position of Center Hole,,0.0000,0.0100,"MAX : 0.0100
TARGET : 0.0000
MIN : "
9295,1560,30,5,True Position of Top Left,,0.0000,0.0100,"MAX : 0.0100
TARGET : 0.0000
MIN : "
9295,1560,30,6,True Position of Top Right,,0.0000,0.0100,"MAX : 0.0100
TARGET : 0.0000
MIN : "
9295,1560,30,7,True Position of Bottom Left,,0.0000,0.0100,"MAX : 0.0100
TARGET : 0.0000
MIN : "
9295,1560,30,8,True Position of Bottom Right,,0.0000,0.0100,"MAX : 0.0100
TARGET : 0.0000
MIN : "
9295,1560,30,9,Center Diameter,0.818,0.823,0.828,"MAX : 0.828
TARGET : 0.823
MIN : 0.818"
9295,1560,30,10,Top Left Radius,0.088,0.093,0.098,"MAX : 0.098
TARGET : 0.093
MIN : 0.088"
9295,1560,30,14,Leg Width,0.123,0.128,0.133,"MAX : 0.133
TARGET : 0.128
MIN : 0.123"
9279,2123,20,1,Width of the 9824/2 mil LDPE/9425HT lamination,268.5,270.0,271.5,"MAX : 271.5
TARGET : 270.0
MIN : 268.5"
9280,2124,10,2,Is the roll wound without telescoping or gapping?,No(Fail),Yes(Pass),,"MAX : 
TARGET : Yes(Pass)
MIN : No(Fail)"
9296,1561,20,3,Are the holes cleanly ejected and all slugs cleared?,No(Fail),Yes(Pass),,"MAX : 
TARGET : Yes(Pass)
MIN : No(Fail)"
9296,1561,30,1,Length of adhesive part,1.681,1.691,1.701,"MAX : 1.701
TARGET : 1.691
MIN : 1.681"
9296,1561,30,2,Width of adhesive part,1.681,1.691,1.701,"MAX : 1.701
TARGET : 1.691
MIN : 1.681"
9296,1561,30,3,Width of part,1.848,1.895,1.941,"MAX : 1.941
TARGET : 1.895
MIN : 1.848"
9296,1561,30,7,Is the adhesive die strike deep enough to remove the matrix but not cut into the liner?,No(Fail),Yes(Pass),,"MAX : 
TARGET : Yes(Pass)
MIN : No(Fail)"
9296,1561,30,8,Are the small holes cleanly removed?,No(Fail),Yes(Pass),,"MAX : 
TARGET : Yes(Pass)
MIN : No(Fail)"
9296,1561,30,4,Diameter of small Hole 1,.072,.079,.086,"MAX : .086
TARGET : .079
MIN : .072"
9296,1561,30,5,Diameter of small Hole 2,.072,.079,.086,"MAX : .086
TARGET : .079
MIN : .072"
9296,1561,30,6,Diameter of small Hole 3,.072,.079,.086,"MAX : .086
TARGET : .079
MIN : .072"
9296,1561,30,9,Position of small hole 1 (Pass or Fail as indicated by the Program),Fail,Pass,,"MAX : 
TARGET : Pass
MIN : Fail"
9296,1561,30,10,Position of small hole 2 (Pass or Fail as indicated by the Program),Fail,Pass,,"MAX : 
TARGET : Pass
MIN : Fail"
9296,1561,30,11,Position of small hole 3 (Pass or Fail as indicated by the Program),Fail,Pass,,"MAX : 
TARGET : Pass
MIN : Fail"
9280,2124,10,1,Width of roll,11.94,12.00,12.06,"MAX : 12.06
TARGET : 12.00
MIN : 11.94"
9281,1553,10,2,Width of part,0.707,0.727,0.747,"MAX : 0.747
TARGET : 0.727
MIN : 0.707"
9281,1553,10,1,Length of part,7.337,7.357,7.377,"MAX : 7.377
TARGET : 7.357
MIN : 7.337"
9282,1554,10,2,Width of part,1.68,1.70,1.72,"MAX : 1.72
TARGET : 1.70
MIN : 1.68"
9282,1554,10,1,Length of part,2.88,2.90,2.92,"MAX : 2.92
TARGET : 2.90
MIN : 2.88"
9283,1555,10,2,Width of part,1.68,1.70,1.72,"MAX : 1.72
TARGET : 1.70
MIN : 1.68"
9283,1555,10,1,Length of part,3.48,3.50,3.52,"MAX : 3.52
TARGET : 3.50
MIN : 3.48"
9284,1556,10,2,Width of part,1.68,1.70,1.72,"MAX : 1.72
TARGET : 1.70
MIN : 1.68"
9284,1556,10,1,Length of part,4.77,4.79,4.81,"MAX : 4.81
TARGET : 4.79
MIN : 4.77"
9285,2125,10,2,Width of 9458,10.63,10.75,10.88,"MAX : 10.88
TARGET : 10.75
MIN : 10.63"
9285,2125,10,1,Width of CSM,10.88,11.00,11.25,"MAX : 11.25
TARGET : 11.00
MIN : 10.88"
9286,1557,20,1,See Engineering for inspections,,,,"MAX : 
TARGET : 
MIN : "
8233,1192,20,6,Position of third from the right (Y),0.09,0.10,0.11,"MAX : 0.11
TARGET : 0.10
MIN : 0.09"
8233,1192,20,7,Centering of hole pattern (X)  Measured from right corner of flat edge to center of right most hole.,0.21,0.22,0.23,"MAX : 0.23
TARGET : 0.22
MIN : 0.21"
9287,2126,10,2,Width of 9458,9.94,10.00,10.06,"MAX : 10.06
TARGET : 10.00
MIN : 9.94"
9287,2126,10,1,Width of Liner,10.44,10.50,10.56,"MAX : 10.56
TARGET : 10.50
MIN : 10.44"
9314,1571,20,3,Is the print visually centered on the label? ,No(Fail),Yes(Pass),,"MAX : 
TARGET : Yes(Pass)
MIN : No(Fail)"
9314,1571,20,4,Is the print legible and free of any gross defects?,No(Fail),Yes(Pass),,"MAX : 
TARGET : Yes(Pass)
MIN : No(Fail)"
9289,2127,10,2,Is the roll wound without gapping or telescoping?,No(Fail),Yes(Pass),,"MAX : 
TARGET : Yes(Pass)
MIN : No(Fail)"
9289,2127,10,1,Width of roll,1.234,1.250,1.266,"MAX : 1.266
TARGET : 1.250
MIN : 1.234"
9315,1572,20,3,Diameter of small holes.  Measure a different one for each inspection.,0.170,0.188,0.193,"MAX : 0.193
TARGET : 0.188
MIN : 0.170"
9315,1572,20,4,Width of part,4.175,4.200,4.225,"MAX : 4.225
TARGET : 4.200
MIN : 4.175"
9315,1572,20,5,Width of window,3.075,3.100,3.125,"MAX : 3.125
TARGET : 3.100
MIN : 3.075"
9315,1572,20,6,Is the die strike deep enough to remove the matrix and pull the centers?,No(Fail),Yes(Pass),,"MAX : 
TARGET : Yes(Pass)
MIN : No(Fail)"
9315,1572,20,7,Are all of the holes cleanly ejected?,No(Fail),Yes(Pass),,"MAX : 
TARGET : Yes(Pass)
MIN : No(Fail)"
9290,2128,10,2,Is the roll wound without gapping or telescoping?,No(Fail),Yes(Pass),,"MAX : 
TARGET : Yes(Pass)
MIN : No(Fail)"
9290,2128,10,1,Width of slit roll,0.645,0.660,0.675,"MAX : 0.675
TARGET : 0.660
MIN : 0.645"
9316,1573,20,3,Diameter of small holes.  Measure a different one for each inspection.,0.170,0.203,0.213,"MAX : 0.213
TARGET : 0.203
MIN : 0.170"
9316,1573,20,4,Width of part,7.075,7.100,7.125,"MAX : 7.125
TARGET : 7.100
MIN : 7.075"
9316,1573,20,5,Width of window,5.825,5.850,5.875,"MAX : 5.875
TARGET : 5.850
MIN : 5.825"
9316,1573,20,6,Is the die strike deep enough to remove the matrix and pull the centers?,No(Fail),Yes(Pass),,"MAX : 
TARGET : Yes(Pass)
MIN : No(Fail)"
9316,1573,20,7,Are all of the holes cleanly ejected?,No(Fail),Yes(Pass),,"MAX : 
TARGET : Yes(Pass)
MIN : No(Fail)"
9291,1558,10,4,Width of part,3.469,3.500,3.531,"MAX : 3.531
TARGET : 3.500
MIN : 3.469"
9291,1558,10,3,Length of part,3.719,3.750,3.781,"MAX : 3.781
TARGET : 3.750
MIN : 3.719"
9321,1576,10,3,Width of Q300,11.37,11.50,11.63,"MAX : 11.63
TARGET : 11.50
MIN : 11.37"
9321,1576,20,1,Length of sheet,16.87,17.00,17.13,"MAX : 17.13
TARGET : 17.00
MIN : 16.87"
9321,1576,20,2,Distance from zero datum to near edge,0.99,1.05,1.11,"MAX : 1.11
TARGET : 1.05
MIN : 0.99"
9321,1576,20,3,Distance from zero datum to perf,0.330,0.360,0.390,"MAX : 0.390
TARGET : 0.360
MIN : 0.330"
9321,1576,20,4,Distance from zero datum to edge of first cut out,2.156,2.176,2.196,"MAX : 2.196
TARGET : 2.176
MIN : 2.156"
9321,1576,20,5,Distance from zero datum to center of hole on Non-notch side,7.736,7.756,7.776,"MAX : 7.776
TARGET : 7.756
MIN : 7.736"
9321,1576,20,6,Distance from zero datum to far edge of last cut out,15.341,15.361,15.381,"MAX : 15.381
TARGET : 15.361
MIN : 15.341"
9321,1576,20,7,Width of adhesive,10.44,10.50,10.69,"MAX : 10.69
TARGET : 10.50
MIN : 10.44"
9321,1576,20,8,Distance from zero datum to far edge of first cut out,3.935,3.955,3.975,"MAX : 3.975
TARGET : 3.955
MIN : 3.935"
9321,1576,20,9,Distance from zero datum to edge of notch,8.974,8.994,9.014,"MAX : 9.014
TARGET : 8.994
MIN : 8.974"
9321,1576,20,10,Diameter of zero datum,0.123,0.125,0.127,"MAX : 0.127
TARGET : 0.125
MIN : 0.123"
9321,1576,20,11,"Diameter of 0.156"" holes",0.151,0.156,0.161,"MAX : 0.161
TARGET : 0.156
MIN : 0.151"
9321,1576,20,12,"Diameter of 0.25"" holes",0.24,0.25,0.26,"MAX : 0.26
TARGET : 0.25
MIN : 0.24"
9321,1576,20,13,Does the perf stay together but also tear easily when pulled?q,No(Fail),Yes(Pass),,"MAX : 
TARGET : Yes(Pass)
MIN : No(Fail)"
9321,1576,20,14,Are all of the holes cleanly cut?,No(fail),Yes(Pass),,"MAX : 
TARGET : Yes(Pass)
MIN : No(fail)"
9292,1559,20,2,Width of part,0.94,1.00,1.06,"MAX : 1.06
TARGET : 1.00
MIN : 0.94"
9292,1559,20,1,Length of part,3.94,4.00,4.06,"MAX : 4.06
TARGET : 4.00
MIN : 3.94"
9320,1575,20,1,Length of sheet,17.25,17.38,17.51,"MAX : 17.51
TARGET : 17.38
MIN : 17.25"
9320,1575,20,2,Distance from zero datum to near edge,1.129,1.189,1.249,"MAX : 1.249
TARGET : 1.189
MIN : 1.129"
9320,1575,20,3,Distance from zero datum to perf,0.330,0.360,0.390,"MAX : 0.390
TARGET : 0.360
MIN : 0.330"
9320,1575,20,4,Width of adhesive,11.19,11.25,11.37,"MAX : 11.37
TARGET : 11.25
MIN : 11.19"
9320,1575,20,5,Distance from zero datum to center of closest hole,0.571,0.591,0.611,"MAX : 0.611
TARGET : 0.591
MIN : 0.571"
9320,1575,20,6,Distance from edge of adhesive to edge of liner,0.00,0.19,0.50,"MAX : 0.50
TARGET : 0.19
MIN : 0.00"
9320,1575,20,7,Diameter of zero datum,0.123,0.125,0.127,"MAX : 0.127
TARGET : 0.125
MIN : 0.123"
9320,1575,20,8,"Diameter of 0.38"" holes",0.37,0.38,0.39,"MAX : 0.39
TARGET : 0.38
MIN : 0.37"
9320,1575,20,9,"Diameter of 0.25"" holes",0.24,0.25,0.26,"MAX : 0.26
TARGET : 0.25
MIN : 0.24"
9320,1575,20,12,Does the perf stay together but also tear easily when pulled?,No(Fail),Yes(Pass),,"MAX : 
TARGET : Yes(Pass)
MIN : No(Fail)"
9320,1575,20,13,Are all of the holes cleanly cut?,No(Fail),Yes(Pass),,"MAX : 
TARGET : Yes(Pass)
MIN : No(Fail)"
9320,1575,20,10,"Diameter of 0.151"" holes",0.146,0.151,0.156,"MAX : 0.156
TARGET : 0.151
MIN : 0.146"
9320,1575,20,11,Length of slot in the web direction,0.123,0.125,0.127,"MAX : 0.127
TARGET : 0.125
MIN : 0.123"
9320,1575,20,14,Is the adhesive laminated to the non-release side of the paper liner?,No(Fail),Yes(Pass),,"MAX : 
TARGET : Yes(Pass)
MIN : No(Fail)"
9293,2129,10,2,Is the finished roll wound without gapping or telescoping?,No(Fail),Yes(Pass),,"MAX : 
TARGET : Yes(Pass)
MIN : No(Fail)"
9293,2129,10,1,Width of slit roll,1.19,1.25,1.31,"MAX : 1.31
TARGET : 1.25
MIN : 1.19"
9319,1574,20,1,Length of sheet,16.87,17.00,17.13,"MAX : 17.13
TARGET : 17.00
MIN : 16.87"
9319,1574,20,2,Distance from zero datum to near edge,0.993,1.053,1.113,"MAX : 1.113
TARGET : 1.053
MIN : 0.993"
9319,1574,20,3,Distance from zero datum to perf,0.330,0.360,0.390,"MAX : 0.390
TARGET : 0.360
MIN : 0.330"
9319,1574,20,5,Width of Q100 liner,9.72,9.85,9.98,"MAX : 9.98
TARGET : 9.85
MIN : 9.72"
9319,1574,20,6,Distance from zero datum to edge of Q100,0.814,0.874,0.934,"MAX : 0.934
TARGET : 0.874
MIN : 0.814"
9319,1574,20,7,Distance from zero datum to edge of square bottom hole in far part,6.126,6.136,6.146,"MAX : 6.146
TARGET : 6.136
MIN : 6.126"
9319,1574,20,8,Diameter of zero datum,0.123,0.125,0.127,"MAX : 0.127
TARGET : 0.125
MIN : 0.123"
9319,1574,20,15,Does the perf stay together but also tear easily when pulled?,No(Fail),Yes(Pass),,"MAX : 
TARGET : Yes(Pass)
MIN : No(Fail)"
9319,1574,20,16,Are all of the holes cleanly cut?,No(Fail),Yes(Pass),,"MAX : 
TARGET : Yes(Pass)
MIN : No(Fail)"
9319,1574,20,9,"Diameter of 0.156"" holes",0.151,0.156,0.161,"MAX : 0.161
TARGET : 0.156
MIN : 0.151"
9319,1574,20,10,Length of adhesive part,1.764,1.769,1.774,"MAX : 1.774
TARGET : 1.769
MIN : 1.764"
9319,1574,20,17,Is the die strike deep enough to remove the matrix but not cut into the liner?,No(Fail),Yes(Pass),,"MAX : 
TARGET : Yes(Pass)
MIN : No(Fail)"
9319,1574,20,4,Distance from zero datum to center of big hole in far part,13.455,13.465,13.475,"MAX : 13.475
TARGET : 13.465
MIN : 13.455"
9319,1574,20,11,Distance from edge to center of flat bottom hole,0.736,0.746,0.756,"MAX : 0.756
TARGET : 0.746
MIN : 0.736"
9319,1574,20,12,Width of adhesive part,2.825,2.835,2.845,"MAX : 2.845
TARGET : 2.835
MIN : 2.825"
9319,1574,20,13,Distance from edge to flat bottom hole,0.477,0.482,0.487,"MAX : 0.487
TARGET : 0.482
MIN : 0.477"
9294,2130,10,2,Is the finished roll wound without gapping or telescoping?,No(Fail),Yes(Pass),,"MAX : 
TARGET : Yes(Pass)
MIN : No(Fail)"
9294,2130,10,1,Width of slit roll,2.19,2.25,2.31,"MAX : 2.31
TARGET : 2.25
MIN : 2.19"
8022,1170,20,0.3,,,,,"MAX : 
TARGET : 
MIN : "
8022,1170,20,0.4,,,,,"MAX : 
TARGET : 
MIN : "
8022,1170,20,0.5,,,,,"MAX : 
TARGET : 
MIN : "
8022,1170,20,0.6,,,,,"MAX : 
TARGET : 
MIN : "
8022,1170,20,0.7,,,,,"MAX : 
TARGET : 
MIN : "
9295,1560,30,16,Are the holes lined up after the fold?,No (Fail),Yes (Pass),,"MAX : 
TARGET : Yes (Pass)
MIN : No (Fail)"
9295,1560,30,1,Part Length,1.129,1.134,1.139,"MAX : 1.139
TARGET : 1.134
MIN : 1.129"
7726,1140,20,0.3,,,,,"MAX : 
TARGET : 
MIN : "
7726,1140,20,0.4,,,,,"MAX : 
TARGET : 
MIN : "
9295,1560,30,18,Does the carrier liner have the blue indicator strip added?,No(Fail),Yes(Pass),,"MAX : 
TARGET : Yes(Pass)
MIN : No(Fail)"
9296,1561,20,2,Are the holes lined up after the fold?,No(Fail),Yes(Pass),,"MAX : 
TARGET : Yes(Pass)
MIN : No(Fail)"
9296,1561,20,1,Diameter of hole,1.445,1.452,1.459,"MAX : 1.459
TARGET : 1.452
MIN : 1.445"
9296,1561,30,12,Does the carrier liner have the blue indicator strip added?,No(Fail),Yes(Pass),,"MAX : 
TARGET : Yes(Pass)
MIN : No(Fail)"
9297,2131,10,1,Is the finished roll wound to unwind direction 2,No(Fail),Yes(Pass),,"MAX : 
TARGET : Yes(Pass)
MIN : No(Fail)"
9298,1562,10,2,Is the part free of any dirt or other debris?,No(Fail),Yes(Pass),,"MAX : 
TARGET : Yes(Pass)
MIN : No(Fail)"
9298,1562,10,1,Diameter of part,0.678,0.684,0.690,"MAX : 0.690
TARGET : 0.684
MIN : 0.678"
9299,1563,20,2,Width of adhesive,31,32,33,"MAX : 33
TARGET : 32
MIN : 31"
9299,1563,20,1,Length of part,4,5,6,"MAX : 6
TARGET : 5
MIN : 4"
9300,1564,10,2,Width of label,1.47,1.50,1.53,"MAX : 1.53
TARGET : 1.50
MIN : 1.47"
9300,1564,10,1,Length of label,11.60,11.63,11.66,"MAX : 11.66
TARGET : 11.63
MIN : 11.60"
9301,1565,20,2,Length of part,79.7,80.0,80.3,"MAX : 80.3
TARGET : 80.0
MIN : 79.7"
9301,1565,20,1,Length of 1509,67.7,68.0,68.3,"MAX : 68.3
TARGET : 68.0
MIN : 67.7"
9302,1566,10,3,Is the part free of any dirt or other debris?,No(Fail),Yes(Pass),,"MAX : 
TARGET : Yes(Pass)
MIN : No(Fail)"
9330,2145,10,3,Is the roll wound with gapping or telescoping?,No(Fail),Yes(Pass),,"MAX : 
TARGET : Yes(Pass)
MIN : No(Fail)"
9302,1566,10,1,Length of part,0.630,0.640,0.650,"MAX : 0.650
TARGET : 0.640
MIN : 0.630"
9303,1567,10,2,Width of liner,1.85,1.88,1.91,"MAX : 1.91
TARGET : 1.88
MIN : 1.85"
9328,1578,10,3,Length of foam at bottom of arc,16.7,17.0,17.3,"MAX : 17.3
TARGET : 17.0
MIN : 16.7"
9328,1578,10,4,Thickness of part,24.7,25.0,25.3,"MAX : 25.3
TARGET : 25.0
MIN : 24.7"
9303,1567,10,1,Width of part,1.72,1.75,1.78,"MAX : 1.78
TARGET : 1.75
MIN : 1.72"
9304,2132,10,2,Is the slit edge free of slivers and double cuts?,No(Fail),Yes(Pass),,"MAX : 
TARGET : Yes(Pass)
MIN : No(Fail)"
9329,2144,10,3,Width of wide arm,20,21,22,"MAX : 22
TARGET : 21
MIN : 20"
9329,2144,10,4,Thickness of part,24,25,26,"MAX : 26
TARGET : 25
MIN : 24"
9304,2132,10,1,Width of roll,0.47,0.50,0.53,"MAX : 0.53
TARGET : 0.50
MIN : 0.47"
9305,2133,10,2,Is the roll wound without gapping or telescoping?,No(Fail),Yes(Pass),,"MAX : 
TARGET : Yes(Pass)
MIN : No(Fail)"
9307,1568,20,3,See routine for internal measurements,,,,"MAX : 
TARGET : 
MIN : "
9305,2133,10,1,Width of roll,0.22,0.25,0.28,"MAX : 0.28
TARGET : 0.25
MIN : 0.22"
9307,1568,20,2,Width of part,199.75,200.00,200.25,"MAX : 200.25
TARGET : 200.00
MIN : 199.75"
9334,1582,20,3,See routine for internal measurements,,,,"MAX : 
TARGET : 
MIN : "
9307,1568,20,1,Length of part,32.75,33.00,33.25,"MAX : 33.25
TARGET : 33.00
MIN : 32.75"
9308,2135,10,2,Is the roll wound without gapping or telescoping?,No(Fail),Yes(Pass),,"MAX : 
TARGET : Yes(Pass)
MIN : No(Fail)"
9308,2135,10,1,Width of slit roll,0.22,0.25,0.28,"MAX : 0.28
TARGET : 0.25
MIN : 0.22"
9309,2136,10,2,Is the roll wound without gapping or telescoping?,No(Fail),Yes(Pass),,"MAX : 
TARGET : Yes(Pass)
MIN : No(Fail)"
9309,2136,10,1,Width of slit roll,1.97,2.00,2.03,"MAX : 2.03
TARGET : 2.00
MIN : 1.97"
9333,1581,10,3,Is the printed border visual even on the three sides with no text?,No(Fail),Yes(Pass),,"MAX : 
TARGET : Yes(Pass)
MIN : No(Fail)"
9333,1581,10,4,"Is the die strike deep enough to remove the matrix, but not cut into the liner?",No(Fail),Yes(Pass),,"MAX : 
TARGET : Yes(Pass)
MIN : No(Fail)"
9333,1581,10,5,Is the color within one shade of PMS?,No(Fail),Yes(Pass),,"MAX : 
TARGET : Yes(Pass)
MIN : No(Fail)"
9333,1581,20,1,Is the finished rewind direction #4?,No(Fail),Yes(Pass),,"MAX : 
TARGET : Yes(Pass)
MIN : No(Fail)"
9333,1581,10,6,Does the print match the controlled drawing?,No(Fail),Yes(Pass),,"MAX : 
TARGET : Yes(Pass)
MIN : No(Fail)"
9310,2137,10,2,Is the slit edge free of slivers and double cuts?,No(Fail),Yes(Pass),,"MAX : 
TARGET : Yes(Pass)
MIN : No(Fail)"
9310,2137,10,1,Width of slit roll - See work order for slit widths,-0.093,Target,+0.093,"MAX : +0.093
TARGET : Target
MIN : -0.093"
9332,1580,10,3,Is the printed border visual even on the three sides with no text?,No(Fail),Yes(Pass),,"MAX : 
TARGET : Yes(Pass)
MIN : No(Fail)"
9332,1580,10,4,"Is the die strike deep enough to remove the matrix, but not cut into the liner?",No(Fail),Yes(Pass),,"MAX : 
TARGET : Yes(Pass)
MIN : No(Fail)"
9332,1580,10,5,Is the color within one shade of PMS?,No(Fail),Yes(Pass),,"MAX : 
TARGET : Yes(Pass)
MIN : No(Fail)"
9332,1580,20,1,Is the finished rewind direction #4?,No(Fail),Yes(Pass),,"MAX : 
TARGET : Yes(Pass)
MIN : No(Fail)"
9332,1580,10,6,Does the print match the controlled drawing?,No(Fail),Yes(Pass),,"MAX : 
TARGET : Yes(Pass)
MIN : No(Fail)"
9314,1571,20,2,Width of label,1.94,2.00,2.06,"MAX : 2.06
TARGET : 2.00
MIN : 1.94"
9314,1571,20,1,Length of label,1.94,2.00,2.06,"MAX : 2.06
TARGET : 2.00
MIN : 1.94"
9331,1579,10,3,Is the printed border visual even on the three sides with no text?,No(Fail),Yes(Pass),,"MAX : 
TARGET : Yes(Pass)
MIN : No(Fail)"
9331,1579,10,4,"Is the die strike deep enough to remove the matrix, but not cut into the liner?",No(Fail),Yes(Pass),,"MAX : 
TARGET : Yes(Pass)
MIN : No(Fail)"
9331,1579,10,5,Is the color within one shade of PMS?,No(Fail),Yes(Pass),,"MAX : 
TARGET : Yes(Pass)
MIN : No(Fail)"
9331,1579,20,1,Is the finished rewind direction #4?,No(Fail),Yes(Pass),,"MAX : 
TARGET : Yes(Pass)
MIN : No(Fail)"
9331,1579,10,6,Does the print match the controlled drawing?,No(Fail),Yes(Pass),,"MAX : 
TARGET : Yes(Pass)
MIN : No(Fail)"
9315,1572,20,2,Length of window,2.318,2.350,2.382,"MAX : 2.382
TARGET : 2.350
MIN : 2.318"
9315,1572,20,1,Length of part,3.418,3.450,3.482,"MAX : 3.482
TARGET : 3.450
MIN : 3.418"
9337,1585,20,1,Length of part,1.237,1.267,1.297,"MAX : 1.297
TARGET : 1.267
MIN : 1.237"
9337,1585,20,2,Width of foam measured at tab area.,0.595,0.625,0.655,"MAX : 0.655
TARGET : 0.625
MIN : 0.595"
9337,1585,20,3,Is the score deep enough to remove the foam in the tab area but not cut into the parent liner?,No(Fail),Yes(Pass),,"MAX : 
TARGET : Yes(Pass)
MIN : No(Fail)"
9337,1585,20,4,Is the die strike deep enough to remove the matrix but not cut into the carrier liner?,No(Fail),Yes(Pass),,"MAX : 
TARGET : Yes(Pass)
MIN : No(Fail)"
9315,1572,30,1,Have the parts with seams in the foam been removed?,No(Fail),Yes(Pass),,"MAX : 
TARGET : Yes(Pass)
MIN : No(Fail)"
9316,1573,20,2,Length of window,5.218,5.250,5.282,"MAX : 5.282
TARGET : 5.250
MIN : 5.218"
9316,1573,20,1,Length of part,6.468,6.500,6.532,"MAX : 6.532
TARGET : 6.500
MIN : 6.468"
9316,1573,30,1,Have the parts with seams in the foam been removed?,No(Fail),Yes(Pass),,"MAX : 
TARGET : Yes(Pass)
MIN : No(Fail)"
9335,1583,10,3,Diameter of hole,0.33,0.36,0.39,"MAX : 0.39
TARGET : 0.36
MIN : 0.33"
9335,1583,10,6,Are all of the holes ejected?,No(Fail),Yes(Pass),,"MAX : 
TARGET : Yes(Pass)
MIN : No(Fail)"
9319,1574,10,2,Width of Q300,9.72,9.85,9.98,"MAX : 9.98
TARGET : 9.85
MIN : 9.72"
9319,1574,10,1,Width of Q100,10.125,10.375,10.500,"MAX : 10.500
TARGET : 10.375
MIN : 10.125"
9336,1584,10,3,Diameter of hole,0.33,0.36,0.39,"MAX : 0.39
TARGET : 0.36
MIN : 0.33"
9336,1584,10,6,Are all of the holes ejected?,No(Fail),Yes(Pass),,"MAX : 
TARGET : Yes(Pass)
MIN : No(Fail)"
9320,1575,10,2,Width of UC-HPRP3BY,11.37,11.50,11.63,"MAX : 11.63
TARGET : 11.50
MIN : 11.37"
9320,1575,10,1,Width of 1524,11.19,11.25,11.37,"MAX : 11.37
TARGET : 11.25
MIN : 11.19"
9339,1586,10,16,Distance from right-side big hole to far edge.,10.240,10.250,10.260,"MAX : 10.260
TARGET : 10.250
MIN : 10.240"
9339,1586,10,1,Width of part,10.730,10.750,10.770,"MAX : 10.770
TARGET : 10.750
MIN : 10.730"
9339,1586,10,14,Distance from right-side big hole to 10th small hole.,8.242,8.247,8.252,"MAX : 8.252
TARGET : 8.247
MIN : 8.242"
9339,1586,10,2,Part Repeat length,1.090,1.110,1.130,"MAX : 1.130
TARGET : 1.110
MIN : 1.090"
9339,1586,10,19,Material Thickness,0.0085,0.0100,0.0115,"MAX : 0.0115
TARGET : 0.0100
MIN : 0.0085"
9339,1586,10,20,"Is the Print Full, Clear and Legible?",No(Fail),Yes(Pass),,"MAX : 
TARGET : Yes(Pass)
MIN : No(Fail)"
9339,1586,10,15,Distance from big hole to big hole.,9.74,9.75,9.76,"MAX : 9.76
TARGET : 9.75
MIN : 9.74"
9339,1586,10,13,Distance from right-side big hole to 9th small hole.,7.492,7.497,7.502,"MAX : 7.502
TARGET : 7.497
MIN : 7.492"
9339,1586,10,12,Distance from right-side big hole to 8th small hole.,6.742,6.747,6.752,"MAX : 6.752
TARGET : 6.747
MIN : 6.742"
9339,1586,10,11,Distance from right-side big hole to 7th small hole.,5.992,5.997,6.002,"MAX : 6.002
TARGET : 5.997
MIN : 5.992"
9339,1586,10,10,Distance from right-side big hole to 6th small hole.,5.242,5.247,5.252,"MAX : 5.252
TARGET : 5.247
MIN : 5.242"
9339,1586,10,9,Distance from right-side big hole to 5th small hole.,4.492,4.497,4.502,"MAX : 4.502
TARGET : 4.497
MIN : 4.492"
9339,1586,10,8,Distance from right-side big hole to 4th small hole.,3.742,3.747,3.752,"MAX : 3.752
TARGET : 3.747
MIN : 3.742"
9339,1586,10,7,Distance from right-side big hole to 3rd small hole.,2.992,2.997,3.002,"MAX : 3.002
TARGET : 2.997
MIN : 2.992"
9339,1586,10,6,Distance from right-side big hole to 2nd small hole.,2.242,2.247,2.252,"MAX : 2.252
TARGET : 2.247
MIN : 2.242"
9339,1586,10,5,Distance from right-side big hole to 1st small hole.,1.492,1.497,1.502,"MAX : 1.502
TARGET : 1.497
MIN : 1.492"
9339,1586,10,4,Distance from center of big hole to part edge (web-direction).,0.535,0.555,0.575,"MAX : 0.575
TARGET : 0.555
MIN : 0.535"
9339,1586,10,3,Long distance from center of small hole to part edge (web-direction).,0.725,0.755,0.785,"MAX : 0.785
TARGET : 0.755
MIN : 0.725"
9321,1576,10,2,Width of Q100,10.87,11.00,11.13,"MAX : 11.13
TARGET : 11.00
MIN : 10.87"
9321,1576,10,1,Width of 9874,10.44,10.50,10.69,"MAX : 10.69
TARGET : 10.50
MIN : 10.44"
9340,1587,10,19,Do ends of slits exhibit perpendicular stress marks? (see reference photo in job jacket),,No(Pass),Yes(fail),"MAX : Yes(fail)
TARGET : No(Pass)
MIN : "
9340,1587,10,17,"Is the Print Full, Clear and Legible?",No(Fail),Yes(Pass),,"MAX : 
TARGET : Yes(Pass)
MIN : No(Fail)"
9340,1587,10,12,"Diameter of large holes
(Do all large holes read in spec, per the Keyence program?)",No(Fail),Yes(Pass),,"MAX : 
TARGET : Yes(Pass)
MIN : No(Fail)"
9340,1587,10,11,"Diameter of small holes
(Do all small holes read in spec, per the Keyence program?)",No(Fail),Yes(Pass),,"MAX : 
TARGET : Yes(Pass)
MIN : No(Fail)"
9340,1587,10,3,Width of part,6.980,7.000,7.020,"MAX : 7.020
TARGET : 7.000
MIN : 6.980"
9340,1587,10,10,Part Repeat length,1.090,1.110,1.130,"MAX : 1.130
TARGET : 1.110
MIN : 1.090"
9340,1587,10,4,Distance from big hole to big hole,5.995,6.000,6.005,"MAX : 6.005
TARGET : 6.000
MIN : 5.995"
9340,1587,10,9,Distance from right-side big hole to 5th small hole.,4.495,4.500,4.505,"MAX : 4.505
TARGET : 4.500
MIN : 4.495"
9340,1587,10,8,Distance from right-side big hole to 4th small hole.,3.745,3.750,3.755,"MAX : 3.755
TARGET : 3.750
MIN : 3.745"
9340,1587,10,7,Distance from right-side big hole to 3rd small hole.,2.995,3.000,3.005,"MAX : 3.005
TARGET : 3.000
MIN : 2.995"
9340,1587,10,6,Distance from right-side big hole to 2nd small hole.,2.245,2.250,2.255,"MAX : 2.255
TARGET : 2.250
MIN : 2.245"
9340,1587,10,5,Distance from right-side big hole to 1st small hole.,1.495,1.500,1.505,"MAX : 1.505
TARGET : 1.500
MIN : 1.495"
9340,1587,10,1,Distance from center of right big hole to part edge (web direction).,0.580,0.600,0.620,"MAX : 0.620
TARGET : 0.600
MIN : 0.580"
9340,1587,10,2,Long distance front center of small hole to part edge (web direction).,0.725,0.755,0.785,"MAX : 0.785
TARGET : 0.755
MIN : 0.725"
9340,1587,10,14,Length of long leg of slit,0.385,0.400,0.415,"MAX : 0.415
TARGET : 0.400
MIN : 0.385"
9340,1587,10,15,Length of short leg of slit,0.085,0.100,0.115,"MAX : 0.115
TARGET : 0.100
MIN : 0.085"
9340,1587,10,13,Distance from right big hole to near edge (cross-web direction).,0.49,0.50,0.51,"MAX : 0.51
TARGET : 0.50
MIN : 0.49"
9322,2139,10,2,Is the slit edge free of slivers and double cuts?,No(Fail),Yes(Pass),,"MAX : 
TARGET : Yes(Pass)
MIN : No(Fail)"
9322,2139,10,1,Width of slit roll - See work order for slit widths,-0.06,Target,+0.06,"MAX : +0.06
TARGET : Target
MIN : -0.06"
9323,2140,10,2,Is the roll wound without gapping or telescoping?,No(Fail),Yes(Pass),,"MAX : 
TARGET : Yes(Pass)
MIN : No(Fail)"
9323,2140,10,1,Width of roll,2.94,3.00,3.06,"MAX : 3.06
TARGET : 3.00
MIN : 2.94"
9341,2146,20,3,Distance from edge of part to 9824/9425HT lamination,8.5,10.0,11.5,"MAX : 11.5
TARGET : 10.0
MIN : 8.5"
9341,2146,20,4,Does the lamination stack up match the enclosed drawing?,No(Fail),Yes(Pass),,"MAX : 
TARGET : Yes(Pass)
MIN : No(Fail)"
9324,2141,10,2,Is the slit edge free of slivers and double cuts?,No(fail),Yes(Pass),,"MAX : 
TARGET : Yes(Pass)
MIN : No(fail)"
9324,2141,10,1,With of slit roll,3.94,4.00,4.06,"MAX : 4.06
TARGET : 4.00
MIN : 3.94"
9325,2142,10,2,Is the slit edge free of slivers and double cuts?,No(fail),Yes(Pass),,"MAX : 
TARGET : Yes(Pass)
MIN : No(fail)"
9325,2142,10,1,With of slit roll,17.94,18.00,18.06,"MAX : 18.06
TARGET : 18.00
MIN : 17.94"
9326,2143,10,2,Is the slit edge free of slivers and double cuts?,No(Fail),Yes(Pass),,"MAX : 
TARGET : Yes(Pass)
MIN : No(Fail)"
9343,1589,20,3,Width of leg.  Measure a different place each time.,0.12,0.14,0.16,"MAX : 0.16
TARGET : 0.14
MIN : 0.12"
9343,1589,20,4,Is the score deep enough to remove the adhesive but not cut into the liner?,No(Fail),Yes(Pass),,"MAX : 
TARGET : Yes(Pass)
MIN : No(Fail)"
9343,1589,20,5,Are all of the slugs ejected?,No(Fail),Yes(Pass),,"MAX : 
TARGET : Yes(Pass)
MIN : No(Fail)"
9343,1589,20,6,Is the die strike deep enough to remove the matrix but not cut into the liner?,No(Fail),Yes(Pass),,"MAX : 
TARGET : Yes(Pass)
MIN : No(Fail)"
9326,2143,10,1,Width of roll,0.44,0.50,0.56,"MAX : 0.56
TARGET : 0.50
MIN : 0.44"
9328,1578,10,2,Length of part,73.7,74.0,74.3,"MAX : 74.3
TARGET : 74.0
MIN : 73.7"
9342,1588,20,3,Part repeat,6.735,6.865,6.995,"MAX : 6.995
TARGET : 6.865
MIN : 6.735"
9342,1588,20,4,Width of part,59.12,59.37,59.62,"MAX : 59.62
TARGET : 59.37
MIN : 59.12"
9342,1588,20,5,Width of liner,69.07,69.32,69.57,"MAX : 69.57
TARGET : 69.32
MIN : 69.07"
9342,1588,20,6,Distance from edge of liner to edge of part.,4.75,5.00,5.25,"MAX : 5.25
TARGET : 5.00
MIN : 4.75"
9342,1588,20,7,Is the die strike deep enough to remove the matrix but not cut into the liner?,No(Fail),Yes(Pass),,"MAX : 
TARGET : Yes(Pass)
MIN : No(Fail)"
9328,1578,10,1,"Width of part - measured to inside of ""arms""",149.7,150.0,150.3,"MAX : 150.3
TARGET : 150.0
MIN : 149.7"
9329,2144,10,2,Length of part,79.5,80.5,81.5,"MAX : 81.5
TARGET : 80.5
MIN : 79.5"
9344,1590,20,3,Does the red tape and brown liner adhesive cover the entire parts exclusive of the tab area?,No(Fail),Yes(Pass),,"MAX : 
TARGET : Yes(Pass)
MIN : No(Fail)"
9344,1590,20,4,Is the brown liner score deep enough to remove the material from the tab area but not cut into the liner?,No(Fail),Yes(Pass),,"MAX : 
TARGET : Yes(Pass)
MIN : No(Fail)"
9344,1590,20,5,Is the clear liner score deep enough to remove the material from the tab area but not cut into the liner?,No(Fail),Yes(Pass),,"MAX : 
TARGET : Yes(Pass)
MIN : No(Fail)"
9329,2144,10,1,Width of narrow arm,16,17,18,"MAX : 18
TARGET : 17
MIN : 16"
9330,2145,10,2,Is the slit edge free of slivers and other slitting debris?,No(Fail),Yes(Pass),,"MAX : 
TARGET : Yes(Pass)
MIN : No(Fail)"
9330,2145,10,1,Width of slit roll,0.345,0.375,0.405,"MAX : 0.405
TARGET : 0.375
MIN : 0.345"
9331,1579,10,2,Width of label,3.97,4.00,4.03,"MAX : 4.03
TARGET : 4.00
MIN : 3.97"
9331,1579,10,1,Length of label,6.10,6.13,6.16,"MAX : 6.16
TARGET : 6.13
MIN : 6.10"
9319,1574,20,14,Length of datum slot,0.123,0.125,0.127,"MAX : 0.127
TARGET : 0.125
MIN : 0.123"
9332,1580,10,2,Width of label,3.97,4.00,4.03,"MAX : 4.03
TARGET : 4.00
MIN : 3.97"
9332,1580,10,1,Length of label,6.10,6.13,6.16,"MAX : 6.16
TARGET : 6.13
MIN : 6.10"
9333,1581,10,2,Width of label,3.97,4.00,4.03,"MAX : 4.03
TARGET : 4.00
MIN : 3.97"
9333,1581,10,1,Length of label,6.10,6.13,6.16,"MAX : 6.16
TARGET : 6.13
MIN : 6.10"
9334,1582,20,2,Width of part,199.75,200.00,200.25,"MAX : 200.25
TARGET : 200.00
MIN : 199.75"
9334,1582,20,1,Length of part,32.75,33.00,33.25,"MAX : 33.25
TARGET : 33.00
MIN : 32.75"
9335,1583,10,2,Width of part,3.50,3.56,3.62,"MAX : 3.62
TARGET : 3.56
MIN : 3.50"
9335,1583,10,5,Edge of part to edge of hole (web,0.19,0.25,0.31,"MAX : 0.31
TARGET : 0.25
MIN : 0.19"
9335,1583,10,1,Length of part,11.44,11.50,11.56,"MAX : 11.56
TARGET : 11.50
MIN : 11.44"
9335,1583,10,4,Edge of part to edge of hole (cross-web),0.04,0.10,0.16,"MAX : 0.16
TARGET : 0.10
MIN : 0.04"
9336,1584,10,2,Width of part,4.38,4.44,4.50,"MAX : 4.50
TARGET : 4.44
MIN : 4.38"
9336,1584,10,5,Edge of Part to Edge of hole (web),0.19,0.25,0.31,"MAX : 0.31
TARGET : 0.25
MIN : 0.19"
9336,1584,10,1,Length of part,11.44,11.50,11.56,"MAX : 11.56
TARGET : 11.50
MIN : 11.44"
9336,1584,10,4,Edge of Part to Edge of hole (cross-web),0.23,0.29,0.35,"MAX : 0.35
TARGET : 0.29
MIN : 0.23"
9337,1585,10,2,Is the slit edge free of slivers and double cuts?,No(Fail),Yes(Pass),,"MAX : 
TARGET : Yes(Pass)
MIN : No(Fail)"
9337,1585,10,1,Width of slit foam,2.75,2.85,2.95,"MAX : 2.95
TARGET : 2.85
MIN : 2.75"
9348,1594,20,3,Is the butt cut deep enough to remove the parts but not cut into the liner?,No(Fail),Yes(Pass),,"MAX : 
TARGET : Yes(Pass)
MIN : No(Fail)"
9339,1586,10,18,Diameter of small holes,0.420,0.425,0.430,"MAX : 0.430
TARGET : 0.425
MIN : 0.420"
9339,1586,10,17,Diameter of large holes,0.495,0.500,0.505,"MAX : 0.505
TARGET : 0.500
MIN : 0.495"
9351,1595,20,2,Width of adhesive,47.5,48.0,48.5,"MAX : 48.5
TARGET : 48.0
MIN : 47.5"
9351,1595,20,3,Length of adhesive,36.5,37.0,37.5,"MAX : 37.5
TARGET : 37.0
MIN : 36.5"
9351,1595,20,5,Is the score deep enough to remove the adhesive but not cut into the liner?,No(Fail),Yes(Pass),,"MAX : 
TARGET : Yes(Pass)
MIN : No(Fail)"
9351,1595,20,6,Is the die strike deep enough to remove the parts but not cut into the liner?,No(Fail),Yes(Pass),,"MAX : 
TARGET : Yes(Pass)
MIN : No(Fail)"
9351,1595,20,7,Is adhesive laminated to release side of film liner?,No(Fail),Yes(Pass),,"MAX : 
TARGET : Yes(Pass)
MIN : No(Fail)"
9351,1595,20,4,Is the part visually centered on the liner?,No(Fail),Yes(Pass),,"MAX : 
TARGET : Yes(Pass)
MIN : No(Fail)"
9340,1587,10,16,Material Thickness,0.0105,0.0120,0.0135,"MAX : 0.0135
TARGET : 0.0120
MIN : 0.0105"
9340,1587,10,18,Do small holes have slits?,No(fail),Yes(Pass),,"MAX : 
TARGET : Yes(Pass)
MIN : No(fail)"
9355,1599,10,3,Is the butt cut deep enough to remove the part but not cut into the liner?,No(Fail),Yes(Pass),,"MAX : 
TARGET : Yes(Pass)
MIN : No(Fail)"
9341,2146,20,2,Width of 468MP/Q300 lamination,278.5,280.0,281.5,"MAX : 281.5
TARGET : 280.0
MIN : 278.5"
9341,2146,20,1,Width of the 9824/9425HT lamination,268.5,270.0,271.5,"MAX : 271.5
TARGET : 270.0
MIN : 268.5"
9354,1598,10,3,Is the die strike deep enough to remove the matrix but not cut into the liner?,No(Fail),Yes(Pass),,"MAX : 
TARGET : Yes(Pass)
MIN : No(Fail)"
9342,1588,20,2,Length of narrow area,1.33,1.46,1.59,"MAX : 1.59
TARGET : 1.46
MIN : 1.33"
9342,1588,20,1,Length of part,4.77,4.90,5.03,"MAX : 5.03
TARGET : 4.90
MIN : 4.77"
9358,2150,10,3,Are you using 36 yd logs?,No(Fail),Yes(Pass),,"MAX : 
TARGET : Yes(Pass)
MIN : No(Fail)"
9343,1589,20,2,Width of adhesive,1.81,1.83,1.85,"MAX : 1.85
TARGET : 1.83
MIN : 1.81"
9343,1589,20,1,Length of part,3.14,3.16,3.18,"MAX : 3.18
TARGET : 3.16
MIN : 3.14"
9352,1596,10,3,Is the adhesive laminated to the release side of the liner?,No(Fail),Yes(Pass),,"MAX : 
TARGET : Yes(Pass)
MIN : No(Fail)"
9344,1590,20,2,Width of adhesive,3.046,3.071,3.096,"MAX : 3.096
TARGET : 3.071
MIN : 3.046"
9344,1590,20,1,Length of part,2.396,2.421,2.446,"MAX : 2.446
TARGET : 2.421
MIN : 2.396"
9360,1601,20,2,Total Part Length,13.01,13.26,13.51,"MAX : 13.51
TARGET : 13.26
MIN : 13.01"
9360,1601,20,8,Width of leg opposite of tab,1.65,1.90,2.15,"MAX : 2.15
TARGET : 1.90
MIN : 1.65"
9360,1601,20,11,Window Width,31.62,31.87,32.12,"MAX : 32.12
TARGET : 31.87
MIN : 31.62"
9360,1601,20,12,Total Part Width,42.81,43.06,43.31,"MAX : 43.31
TARGET : 43.06
MIN : 42.81"
9360,1601,20,13,Liner Width on NON-TAB side (Reference Dimension),5.75,6.00,6.25,"MAX : 6.25
TARGET : 6.00
MIN : 5.75"
9360,1601,20,6,Liner Width on Tab Side,5.75,6.00,6.25,"MAX : 6.25
TARGET : 6.00
MIN : 5.75"
9360,1601,20,5,Total Repeat,17.01,17.26,17.51,"MAX : 17.51
TARGET : 17.26
MIN : 17.01"
9360,1601,20,14,"Total Liner Width
(Measure at set-up and blade change)",54.81,55.06,55.31,"MAX : 55.31
TARGET : 55.06
MIN : 54.81"
9360,1601,20,16,Are there scratches or defects present on delivery liner when put on press?,,No (Pass),Yes (Fail),"MAX : Yes (Fail)
TARGET : No (Pass)
MIN : "
9360,1601,20,17,"Die Strike Test:  When the liner is bent back away from the silicone at the die strike, does it split?",,No (Pass),Yes (Fail),"MAX : Yes (Fail)
TARGET : No (Pass)
MIN : "
9360,1601,20,18,Does Product Pass Liner Release Test?,No (Fail),Yes (Pass),,"MAX : 
TARGET : Yes (Pass)
MIN : No (Fail)"
9360,1601,20,15,Is there any PVC present on adhesive side of die cut?,,No (Pass),Yes (Fail),"MAX : Yes (Fail)
TARGET : No (Pass)
MIN : "
9360,1601,20,3,Left leg trailing length,3.65,3.90,4.15,"MAX : 4.15
TARGET : 3.90
MIN : 3.65"
9360,1601,20,10,Width of leg on tab side,1.65,1.90,2.15,"MAX : 2.15
TARGET : 1.90
MIN : 1.65"
9360,1601,20,9,Total adhesive Width,35.42,35.67,35.92,"MAX : 35.92
TARGET : 35.67
MIN : 35.42"
9360,1601,20,7,Tab Width,7.14,7.39,7.64,"MAX : 7.64
TARGET : 7.39
MIN : 7.14"
9345,1591,20,2,Width of part,0.44,0.50,0.56,"MAX : 0.56
TARGET : 0.50
MIN : 0.44"
9345,1591,20,1,Length of part,7.94,8.00,8.06,"MAX : 8.06
TARGET : 8.00
MIN : 7.94"
9361,2152,10,2,"Width of slit roll (if true 2"" / 50.8 mm)",1.94,2.00,2.06,"MAX : 2.06
TARGET : 2.00
MIN : 1.94"
9346,1592,20,1,Length of part,2.90,2.92,2.94,"MAX : 2.94
TARGET : 2.92
MIN : 2.90"
9346,1592,20,7,Does the part pass the Keyence routine?,No(Fail),Yes(Pass),,"MAX : 
TARGET : Yes(Pass)
MIN : No(Fail)"
9365,1605,10,3,Is the adhesive visually center on the liner?,,Yes(Pass),,"MAX : 
TARGET : Yes(Pass)
MIN : "
9347,1593,20,1,Length of part,2.90,2.92,2.94,"MAX : 2.94
TARGET : 2.92
MIN : 2.90"
9348,1594,20,2,Width of part,24.9,25.4,25.9,"MAX : 25.9
TARGET : 25.4
MIN : 24.9"
9366,1606,10,3,Is the adhesive visually center on the liner?,No(Fail),Yes(Pass),,"MAX : 
TARGET : Yes(Pass)
MIN : No(Fail)"
9366,1606,10,4,Is the adhesive laminated to the medium release side of the liner?,No(Fail),Yes(Pass),,"MAX : 
TARGET : Yes(Pass)
MIN : No(Fail)"
9348,1594,20,1,Length of part,303,305,307,"MAX : 307
TARGET : 305
MIN : 303"
9349,2147,10,2,Is the roll wound without telescoping or gapping?,No(fail),Yes(Pass),,"MAX : 
TARGET : Yes(Pass)
MIN : No(fail)"
9367,1607,10,3,Is the adhesive laminated to the medium release side of the liner?,No(Fail),Yes(Pass),,"MAX : 
TARGET : Yes(Pass)
MIN : No(Fail)"
9349,2147,10,1,Width of slit roll,5.94,6.00,6.06,"MAX : 6.06
TARGET : 6.00
MIN : 5.94"
9350,2148,10,2,Is the slit edge free of slivers and double cuts?,No(Fail),Yes(Pass),,"MAX : 
TARGET : Yes(Pass)
MIN : No(Fail)"
9370,1610,10,1,Are there two layers of adhesive on the adhesive side?,No(Fail),Yes(Pass),,"MAX : 
TARGET : Yes(Pass)
MIN : No(Fail)"
9370,1610,10,2,"Is the lamination free of gross lamination defects, such as large bubbles and adhesive picks?",No(Fail),Yes(Pass),,"MAX : 
TARGET : Yes(Pass)
MIN : No(Fail)"
9370,1610,20,3,Is the cut edge free of slivers and other cutting debris?,No(Fail),Yes(Pass),,"MAX : 
TARGET : Yes(Pass)
MIN : No(Fail)"
9370,1610,10,3,Is the adhesive laminated to the NON-WHITE side of the CSM?,No(Fail),Yes(Pass),,"MAX : 
TARGET : Yes(Pass)
MIN : No(Fail)"
9350,2148,10,1,Width of slit roll,98,100,102,"MAX : 102
TARGET : 100
MIN : 98"
9351,1595,20,1,Width of part,50.5,51.0,51.5,"MAX : 51.5
TARGET : 51.0
MIN : 50.5"
9368,1608,20,8,Are the slugs cleanly removed?,No(Fail),Yes(Pass),,"MAX : 
TARGET : Yes(Pass)
MIN : No(Fail)"
9368,1608,20,9,Is the VHB laminated to the medium release side of the liner?,No(Fail),Yes(Pass),,"MAX : 
TARGET : Yes(Pass)
MIN : No(Fail)"
9351,1595,10,1,Is the slit edge clean and free of slivers and double cuts?,No(Fail),Yes(Pass),,"MAX : 
TARGET : Yes(Pass)
MIN : No(Fail)"
9352,1596,10,2,Width of part,3.44,3.50,3.56,"MAX : 3.56
TARGET : 3.50
MIN : 3.44"
9353,1597,10,1,Part repeat,3.969,4.000,4.031,"MAX : 4.031
TARGET : 4.000
MIN : 3.969"
9353,1597,10,11.1,Is the print clean and free of major print defects?,No(Fail),Yes(Pass),,"MAX : 
TARGET : Yes(Pass)
MIN : No(Fail)"
9353,1597,10,5,Width of gear side film strip,0.345,0.391,0.445,"MAX : 0.445
TARGET : 0.391
MIN : 0.345"
9353,1597,10,6,Width of gear side middle film strip,0.345,0.391,0.445,"MAX : 0.445
TARGET : 0.391
MIN : 0.345"
9353,1597,10,7,Width of operator side middle film strip,0.345,0.391,0.445,"MAX : 0.445
TARGET : 0.391
MIN : 0.345"
9353,1597,10,8,Width of operator side film strip,0.345,0.391,0.445,"MAX : 0.445
TARGET : 0.391
MIN : 0.345"
9353,1597,20,1,Are parts folding on the perf? (Monitor constantly/log data every 22-24 boxes),No(Fail),Yes(Pass),,"MAX : 
TARGET : Yes(Pass)
MIN : No(Fail)"
9353,1597,20,2,Are 2 parts or more visible on the tail at the top of the box?  (Monitor constantly/log data every 22-24 boxes),No(Fail),Yes(Pass),,"MAX : 
TARGET : Yes(Pass)
MIN : No(Fail)"
9353,1597,20,4,"With the tail on the left side of the box and the tops pulling out on the right side, is the ""Bair"" logo on the bottom right side of the part, when looking down into the box?  (Monitor constantly/log data every 22-24 boxes)",No(Fail),Yes(Pass),,"MAX : 
TARGET : Yes(Pass)
MIN : No(Fail)"
9353,1597,20,3,Is the box oriented correctly with the 4 square cut outs at the bottom?  (Monitor constantly/log data every 22-24 boxes),No(Fail),Yes(Pass),,"MAX : 
TARGET : Yes(Pass)
MIN : No(Fail)"
9353,1597,20,6,"Have parts with aesthetic issues (overlapping, wrinkles, perf on part, damage, etc...) been removed?  (Monitor constantly/log data every 22-24 boxes)",No(Fail),Yes(Pass),,"MAX : 
TARGET : Yes(Pass)
MIN : No(Fail)"
9353,1597,10,9,Diameter of the hole,2.190,2.200,2.210,"MAX : 2.210
TARGET : 2.200
MIN : 2.190"
9353,1597,10,2,"Is the print orientation such that the ""Bair"" logo is on the gear side, facing the D7 web direction (left)?",No(Fail),Yes(Pass),,"MAX : 
TARGET : Yes(Pass)
MIN : No(Fail)"
9353,1597,10,10,"Verify print registration is within +/- 0.062"" in both X-web and web directions.",No(Fail),Yes(Pass),,"MAX : 
TARGET : Yes(Pass)
MIN : No(Fail)"
9353,1597,20,5,No more than 2 missing parts in a row.  (Monitor constantly/log data every 22-24 boxes),No(Fail),Yes(Pass),,"MAX : 
TARGET : Yes(Pass)
MIN : No(Fail)"
9353,1597,20,7,Are cartons labeled correctly with correct part numbers based on their destination?,No(Fail),Yes(Pass),,"MAX : 
TARGET : Yes(Pass)
MIN : No(Fail)"
9353,1597,20,0.1,,,,,"MAX : 
TARGET : 
MIN : "
9353,1597,20,0.2,,,,,"MAX : 
TARGET : 
MIN : "
9353,1597,20,0.3,,,,,"MAX : 
TARGET : 
MIN : "
9353,1597,20,0.4,,,,,"MAX : 
TARGET : 
MIN : "
9353,1597,20,0.5,,,,,"MAX : 
TARGET : 
MIN : "
9353,1597,20,0.6,,,,,"MAX : 
TARGET : 
MIN : "
9353,1597,10,11,"Inspect The First and Last 4 Parts on Every Roll at The Rewind  (Capture twice every 34,400 parts)",,,,"MAX : 
TARGET : 
MIN : "
9352,1596,10,1,Length of part,5.94,6.00,6.06,"MAX : 6.06
TARGET : 6.00
MIN : 5.94"
9353,1597,10,4,Width of part,3.469,3.500,3.531,"MAX : 3.531
TARGET : 3.500
MIN : 3.469"
9353,1597,10,3,Length of part,3.719,3.750,3.781,"MAX : 3.781
TARGET : 3.750
MIN : 3.719"
9354,1598,10,2,Width of part,168.2,169.0,169.8,"MAX : 169.8
TARGET : 169.0
MIN : 168.2"
9362,1602,20,3,Is the slit cut clean through?,No(Fail),Yes(Pass),,"MAX : 
TARGET : Yes(Pass)
MIN : No(Fail)"
9362,1602,20,4,Are the scores deep enough to allow the part to be bent easily?,No(Fail),Yes(Pass),,"MAX : 
TARGET : Yes(Pass)
MIN : No(Fail)"
9354,1598,10,1,Length of part ,192.8,193.6,194.4,"MAX : 194.4
TARGET : 193.6
MIN : 192.8"
9355,1599,10,2,Width of part,72,75,78,"MAX : 78
TARGET : 75
MIN : 72"
9364,1604,20,1,Length of part,6.5,8.0,9.5,"MAX : 9.5
TARGET : 8.0
MIN : 6.5"
9364,1604,20,2,Width of adhesive part,31.5,33.0,34.5,"MAX : 34.5
TARGET : 33.0
MIN : 31.5"
9364,1604,20,3,Width of part,34.0,35.5,37.0,"MAX : 37.0
TARGET : 35.5
MIN : 34.0"
9364,1604,20,4,Is the score deep enough to remove the adhesive but not cut into the liner?,No(fail),Yes(Pass),,"MAX : 
TARGET : Yes(Pass)
MIN : No(fail)"
9364,1604,30,1,Distance from the top of adhesive to top of foam,1.0,2.5,4.0,"MAX : 4.0
TARGET : 2.5
MIN : 1.0"
9364,1604,30,2,Distance from non-tab side of adhesive to edge of foam,0.7,2.2,3.7,"MAX : 3.7
TARGET : 2.2
MIN : 0.7"
9355,1599,10,1,Length of part ,149,152,155,"MAX : 155
TARGET : 152
MIN : 149"
9346,1592,20,2,Width of part not including the tab,4.398,4.408,4.418,"MAX : 4.418
TARGET : 4.408
MIN : 4.398"
9346,1592,20,3,Distance from tab edge of adhesive to edge of first row of holes,0.074,0.089,0.104,"MAX : 0.104
TARGET : 0.089
MIN : 0.074"
9346,1592,20,4,Is the score deep enough to remove the adhesive but not cut into the liner?,No(Fail),Yes(Pass),,"MAX : 
TARGET : Yes(Pass)
MIN : No(Fail)"
9346,1592,20,5,Are all of the holes cleanly ejected and free from any chads?,No(Fail),Yes(Pass),,"MAX : 
TARGET : Yes(Pass)
MIN : No(Fail)"
9346,1592,20,6,Is the die strike deep enough to remove the matrix but not cut into the liner?,No(Fail),Yes(Pass),,"MAX : 
TARGET : Yes(Pass)
MIN : No(Fail)"
9346,1592,30,1,Is the adhesive aligned so that there is not adhesive encroaching on the holes?,No(Fail),Yes(Pass),,"MAX : 
TARGET : Yes(Pass)
MIN : No(Fail)"
9357,1600,20,1,Length of part,39,40,41,"MAX : 41
TARGET : 40
MIN : 39"
9347,1593,20,2,Width of part not including the tab,4.398,4.408,4.418,"MAX : 4.418
TARGET : 4.408
MIN : 4.398"
9347,1593,20,3,Distance from tab edge of adhesive to edge of first row of holes,0.055,0.070,0.085,"MAX : 0.085
TARGET : 0.070
MIN : 0.055"
9347,1593,20,4,Is the score deep enough to remove the adhesive but not cut into the liner?,No(Fail),Yes(Pass),,"MAX : 
TARGET : Yes(Pass)
MIN : No(Fail)"
9347,1593,20,5,Are all of the holes cleanly ejected and free from any chads?,No(Fail),Yes(Pass),,"MAX : 
TARGET : Yes(Pass)
MIN : No(Fail)"
9347,1593,20,6,Is the die strike deep enough to remove the matrix but not cut into the liner?,No(Fail),Yes(Pass),,"MAX : 
TARGET : Yes(Pass)
MIN : No(Fail)"
9347,1593,30,1,Is the adhesive aligned so that there is not adhesive encroaching on the holes?,No(Fail),Yes(Pass),,"MAX : 
TARGET : Yes(Pass)
MIN : No(Fail)"
9347,1593,20,7,Does the part pass the Keyence routine?,No(Fail),Yes(Pass),,"MAX : 
TARGET : Yes(Pass)
MIN : No(Fail)"
9357,1600,20,8,Are the slots cut clean?,No(Fail),Yes(Pass),,"MAX : 
TARGET : Yes(Pass)
MIN : No(Fail)"
9358,2150,10,2,Is the roll free of double cuts and slivers?,No(Fail),Yes(Pass),,"MAX : 
TARGET : Yes(Pass)
MIN : No(Fail)"
9358,2150,10,1,Width of roll,0.595,0.625,0.655,"MAX : 0.655
TARGET : 0.625
MIN : 0.595"
9372,1611,10,3,Diameter of hole,0.44,0.50,0.56,"MAX : 0.56
TARGET : 0.50
MIN : 0.44"
9372,1611,10,4,Distance from right edge to center of first hole,1.69,1.75,1.81,"MAX : 1.81
TARGET : 1.75
MIN : 1.69"
9372,1611,10,5,Distance from center of right side hole to center of last hole,16.439,16.499,16.559,"MAX : 16.559
TARGET : 16.499
MIN : 16.439"
9372,1611,10,6,Are the holes removed?,No(Fail),Yes(Pass),,"MAX : 
TARGET : Yes(Pass)
MIN : No(Fail)"
9360,1601,20,4,Window Length,5.21,5.46,5.71,"MAX : 5.71
TARGET : 5.46
MIN : 5.21"
9360,1601,20,1,Right leg lead length,3.65,3.90,4.15,"MAX : 4.15
TARGET : 3.90
MIN : 3.65"
9373,1612,10,3,Diameter of hole,0.44,0.50,0.56,"MAX : 0.56
TARGET : 0.50
MIN : 0.44"
9373,1612,10,4,Distance from left edge to center of first hole,0.73,0.79,0.85,"MAX : 0.85
TARGET : 0.79
MIN : 0.73"
9373,1612,10,5,Distance from center of right side hole to center of last hole,39.11,39.17,39.23,"MAX : 39.23
TARGET : 39.17
MIN : 39.11"
9373,1612,10,6,Are the holes removed?,No(Fail),Yes(Pass),,"MAX : 
TARGET : Yes(Pass)
MIN : No(Fail)"
9361,2152,10,3,Is the roll wound without telescoping and gapping?,No(Fail),Yes(Pass),,"MAX : 
TARGET : Yes(Pass)
MIN : No(Fail)"
9361,2152,10,1,"Width of slit roll (if 48mm / 1.89"")",1.83,1.89,1.95,"MAX : 1.95
TARGET : 1.89
MIN : 1.83"
9362,1602,20,2,Width of part,159.2,160.0,160.8,"MAX : 160.8
TARGET : 160.0
MIN : 159.2"
9362,1602,20,1,Length of part,73.7,74.5,75.3,"MAX : 75.3
TARGET : 74.5
MIN : 73.7"
9363,1603,10,2,Width of part,6.7,8.7,10.7,"MAX : 10.7
TARGET : 8.7
MIN : 6.7"
9357,1600,20,2,Distance from edge of part to edge of slot,14,15,16,"MAX : 16
TARGET : 15
MIN : 14"
9357,1600,20,3,Length of slot,9.5,10.0,10.5,"MAX : 10.5
TARGET : 10.0
MIN : 9.5"
9357,1600,20,4,Width of part,39,40,41,"MAX : 41
TARGET : 40
MIN : 39"
9357,1600,20,5,Distance from edge of part to edge of slot,14.75,15.25,15.75,"MAX : 15.75
TARGET : 15.25
MIN : 14.75"
9357,1600,20,6,Distance from outside edge of slot to opposite outside edge of slot,9.0,9.5,10.0,"MAX : 10.0
TARGET : 9.5
MIN : 9.0"
9357,1600,20,7,Width of slot,1.0,1.5,2.0,"MAX : 2.0
TARGET : 1.5
MIN : 1.0"
9363,1603,10,1,Length of part,35.0,37.0,39.0,"MAX : 39.0
TARGET : 37.0
MIN : 35.0"
9364,1604,10,2,Width of part,6.7,8.7,10.7,"MAX : 10.7
TARGET : 8.7
MIN : 6.7"
9374,1613,10,3,Is the roll wound without gapping or telescoping?,No(Fail),Yes(Pass),,"MAX : 
TARGET : Yes(Pass)
MIN : No(Fail)"
9364,1604,10,1,Length of part,35.0,37.0,39.0,"MAX : 39.0
TARGET : 37.0
MIN : 35.0"
9365,1605,10,2,Width of part,0.45,0.50,0.55,"MAX : 0.55
TARGET : 0.50
MIN : 0.45"
9365,1605,10,1,Length of part,7.9,8.0,8.1,"MAX : 8.1
TARGET : 8.0
MIN : 7.9"
9368,1608,20,5,Diameter of Circle,6.05,6.85,7.65,"MAX : 7.65
TARGET : 6.85
MIN : 6.05"
9368,1608,20,6,Length of Ellipse,8.05,8.85,9.65,"MAX : 9.65
TARGET : 8.85
MIN : 8.05"
9368,1608,20,7,Width of Ellipse,6.05,6.85,7.65,"MAX : 7.65
TARGET : 6.85
MIN : 6.05"
9366,1606,10,2,Width of part,0.95,1.00,1.05,"MAX : 1.05
TARGET : 1.00
MIN : 0.95"
9366,1606,10,1,Length of part,6.15,6.25,6.35,"MAX : 6.35
TARGET : 6.25
MIN : 6.15"
9375,1614,20,2,Distance from near edge to edge of hole,0.19,0.25,0.31,"MAX : 0.31
TARGET : 0.25
MIN : 0.19"
9375,1614,20,4,Distance from edge of part to edge of hole,0.69,0.75,0.81,"MAX : 0.81
TARGET : 0.75
MIN : 0.69"
9375,1614,20,5,Is the hole cleanly cut through and removed?,No(Fail),Yes(Pass),,"MAX : 
TARGET : Yes(Pass)
MIN : No(Fail)"
9375,1614,20,6,Is the die strike deep enough to remove the matrix but not cut into the liner?,No(Fail),Yes(Pass),,"MAX : 
TARGET : Yes(Pass)
MIN : No(Fail)"
9367,1607,10,2,Width of part,0.95,1.00,1.05,"MAX : 1.05
TARGET : 1.00
MIN : 0.95"
9367,1607,10,1,Length of part,6.7,6.8,6.9,"MAX : 6.9
TARGET : 6.8
MIN : 6.7"
9141,2076,30,2,"Is the adhesive laminated to the release, non-printed side of the liner?",No(Fail),Yes(Pass),,"MAX : 
TARGET : Yes(Pass)
MIN : No(Fail)"
9141,2076,20,2,Is the print on the non-release side of the liner?,No(Fail),Yes(Pass),,"MAX : 
TARGET : Yes(Pass)
MIN : No(Fail)"
9368,1608,20,2,Width of part,301.0,301.8,302.6,"MAX : 302.6
TARGET : 301.8
MIN : 301.0"
9368,1608,20,4,Width of Hole,18.32,19.12,19.92,"MAX : 19.92
TARGET : 19.12
MIN : 18.32"
9368,1608,20,1,Length of part,473.0,473.8,474.6,"MAX : 474.6
TARGET : 473.8
MIN : 473.0"
9368,1608,20,3,Length of Hole,22.79,23.59,24.39,"MAX : 24.39
TARGET : 23.59
MIN : 22.79"
9377,1615,10,3,Distance from edge of part to edge of hole. Measured cross web,0.35,0.41,0.47,"MAX : 0.47
TARGET : 0.41
MIN : 0.35"
9377,1615,10,4,Is the die strike deep enough to remove the circle and the part separately without cutting through the liner?,No(Fail),Yes(Pass),,"MAX : 
TARGET : Yes(Pass)
MIN : No(Fail)"
9370,1610,20,2,Width of part,216.6,219.1,221.6,"MAX : 221.6
TARGET : 219.1
MIN : 216.6"
9370,1610,20,1,Length of part,302.3,304.8,307.3,"MAX : 307.3
TARGET : 304.8
MIN : 302.3"
9378,1616,10,3,Is the score visually centered on the liner of the part?,No(Fail),Yes(Pass),,"MAX : 
TARGET : Yes(Pass)
MIN : No(Fail)"
9378,1616,10,4,Is the score deep enough to remove the liner but not cut into the part?,No(Fail),Yes(Pass),,"MAX : 
TARGET : Yes(Pass)
MIN : No(Fail)"
9372,1611,10,2,Width of part,1.19,1.25,1.31,"MAX : 1.31
TARGET : 1.25
MIN : 1.19"
9372,1611,10,1,Length of part,21.63,21.69,21.75,"MAX : 21.75
TARGET : 21.69
MIN : 21.63"
9379,2154,10,3,Is the roll wound without gapping or telescoping?,No(Fail),Yes(Pass),,"MAX : 
TARGET : Yes(Pass)
MIN : No(Fail)"
9373,1612,10,2,Width of part,1.19,1.25,1.31,"MAX : 1.31
TARGET : 1.25
MIN : 1.19"
9373,1612,10,1,Length of part,40.69,40.75,40.81,"MAX : 40.81
TARGET : 40.75
MIN : 40.69"
9381,1618,10,3,Is the printed border visually even on the three sides with no text?,No(Fail),Yes(Pass),,"MAX : 
TARGET : Yes(Pass)
MIN : No(Fail)"
9381,1618,10,4,Is the die strike deep enough to remove the matrix but not cut into the liner?,No(Fail),Yes(Pass),,"MAX : 
TARGET : Yes(Pass)
MIN : No(Fail)"
9381,1618,10,5,Is the color within one shade of PMS ?,No(Fail),Yes(Pass),,"MAX : 
TARGET : Yes(Pass)
MIN : No(Fail)"
9381,1618,20,1,Is the finished rewind direction #4?,No(Fail),Yes(Pass),,"MAX : 
TARGET : Yes(Pass)
MIN : No(Fail)"
9374,1613,10,2,Is the slit edge free of slivers and double cuts?,No(Fail),Yes(Pass),,"MAX : 
TARGET : Yes(Pass)
MIN : No(Fail)"
9374,1613,10,1,Width of roll,0.525,0.585,0.645,"MAX : 0.645
TARGET : 0.585
MIN : 0.525"
9382,1619,10,3,Is the printed border visually even on the three sides with no text?,No(Fail),Yes(Pass),,"MAX : 
TARGET : Yes(Pass)
MIN : No(Fail)"
9382,1619,10,4,Is the die strike deep enough to remove the matrix but not cut into the liner?,No(Fail),Yes(Pass),,"MAX : 
TARGET : Yes(Pass)
MIN : No(Fail)"
9382,1619,10,5,Is the color within one shade of PMS ?,No(Fail),Yes(Pass),,"MAX : 
TARGET : Yes(Pass)
MIN : No(Fail)"
9382,1619,20,1,Is the finished rewind direction #4?,No(Fail),Yes(Pass),,"MAX : 
TARGET : Yes(Pass)
MIN : No(Fail)"
9375,1614,20,3,Width of part,1.94,2.00,2.06,"MAX : 2.06
TARGET : 2.00
MIN : 1.94"
9375,1614,20,1,Length of part,1.44,1.50,1.56,"MAX : 1.56
TARGET : 1.50
MIN : 1.44"
9383,1620,10,3,Is the printed border visually even on the three sides with no text?,No(Fail),Yes(Pass),,"MAX : 
TARGET : Yes(Pass)
MIN : No(Fail)"
9383,1620,10,4,Is the die strike deep enough to remove the matrix but not cut into the liner?,No(Fail),Yes(Pass),,"MAX : 
TARGET : Yes(Pass)
MIN : No(Fail)"
9383,1620,10,5,Is the color within one shade of PMS ?,No(Fail),Yes(Pass),,"MAX : 
TARGET : Yes(Pass)
MIN : No(Fail)"
9383,1620,20,1,Is the finished rewind direction #4?,No(Fail),Yes(Pass),,"MAX : 
TARGET : Yes(Pass)
MIN : No(Fail)"
9377,1615,10,2,Width of part,0.94,1.00,1.06,"MAX : 1.06
TARGET : 1.00
MIN : 0.94"
9377,1615,10,1,Length of part,0.94,1.00,1.06,"MAX : 1.06
TARGET : 1.00
MIN : 0.94"
9384,1621,20,2,Diameter of part,1.480,1.500,1.520,"MAX : 1.520
TARGET : 1.500
MIN : 1.480"
9384,1621,20,3,Diameter of inner hole,0.605,0.625,0.645,"MAX : 0.645
TARGET : 0.625
MIN : 0.605"
9384,1621,20,5,"Is the die strike deep enough to remove the matrix, but not cut into the liner?",No(Fail),Yes(Pass),,"MAX : 
TARGET : Yes(Pass)
MIN : No(Fail)"
9384,1621,20,4,Width of gap,0.137,0.157,0.177,"MAX : 0.177
TARGET : 0.157
MIN : 0.137"
9384,1621,20,1,Width of carrier liner,1.98,2.00,2.02,"MAX : 2.02
TARGET : 2.00
MIN : 1.98"
9378,1616,10,2,Width of part,1.105,1.125,1.145,"MAX : 1.145
TARGET : 1.125
MIN : 1.105"
9378,1616,10,1,Length of part,10.94,11.00,11.06,"MAX : 11.06
TARGET : 11.00
MIN : 10.94"
9379,2154,10,2,Is the slit edge free of slivers and other slitting debris?,No(Fail),Yes(Pass),,"MAX : 
TARGET : Yes(Pass)
MIN : No(Fail)"
9379,2154,10,1,Width of slit roll,0.94,1.00,1.06,"MAX : 1.06
TARGET : 1.00
MIN : 0.94"
9381,1618,10,2,Width of label,3.91,3.94,3.97,"MAX : 3.97
TARGET : 3.94
MIN : 3.91"
9381,1618,10,1,Length of label,5.97,6.00,6.03,"MAX : 6.03
TARGET : 6.00
MIN : 5.97"
9382,1619,10,2,Width of label,3.91,3.94,3.97,"MAX : 3.97
TARGET : 3.94
MIN : 3.91"
9391,1627,10,3,Is the center ejected cleanly?,No(Fail),Yes(Pass),,"MAX : 
TARGET : Yes(Pass)
MIN : No(Fail)"
9382,1619,10,1,Length of label,5.97,6.00,6.03,"MAX : 6.03
TARGET : 6.00
MIN : 5.97"
9383,1620,10,2,Width of label,3.91,3.94,3.97,"MAX : 3.97
TARGET : 3.94
MIN : 3.91"
9392,1628,10,3,Distance from center of hole to center of hole,10.230,10.250,10.270,"MAX : 10.270
TARGET : 10.250
MIN : 10.230"
9392,1628,10,4,Width of part,1.44,1.50,1.56,"MAX : 1.56
TARGET : 1.50
MIN : 1.44"
9392,1628,10,5,Distance from near edge of part to center of circle,0.710,0.730,0.750,"MAX : 0.750
TARGET : 0.730
MIN : 0.710"
9392,1628,10,6,Diameter of hole,0.418,0.438,0.458,"MAX : 0.458
TARGET : 0.438
MIN : 0.418"
9392,1628,10,7,Are the holes removed?,No(Fail),Yes(Pass),,"MAX : 
TARGET : Yes(Pass)
MIN : No(Fail)"
9383,1620,10,1,Length of label,5.97,6.00,6.03,"MAX : 6.03
TARGET : 6.00
MIN : 5.97"
9383,1620,10,6,Is the ink well adhered and sealed by the over-varnish to prevent smudging?,No(Fail),Yes(Pass),,"MAX : 
TARGET : Yes(Pass)
MIN : No(Fail)"
9384,1621,10,2,Is the slit edge free of slivers and double cuts?,No(Fail),Yes(Pass),,"MAX : 
TARGET : Yes(Pass)
MIN : No(Fail)"
9384,1621,10,1,Width of slit foam,5.75,6.00,6.25,"MAX : 6.25
TARGET : 6.00
MIN : 5.75"
9385,1622,10,2,Width of part,16.47,16.50,16.53,"MAX : 16.53
TARGET : 16.50
MIN : 16.47"
9385,1622,10,1,Length of part,1.97,2.00,2.03,"MAX : 2.03
TARGET : 2.00
MIN : 1.97"
9396,1630,10,3,Dimension 3,2.25,2.50,2.75,"MAX : 2.75
TARGET : 2.50
MIN : 2.25"
9396,1630,10,4,Dimension 4,2.25,2.50,2.75,"MAX : 2.75
TARGET : 2.50
MIN : 2.25"
9396,1630,10,5,Dimension 5,2.25,2.50,2.75,"MAX : 2.75
TARGET : 2.50
MIN : 2.25"
9396,1630,10,6,Dimension 6,48.75,49.00,49.25,"MAX : 49.25
TARGET : 49.00
MIN : 48.75"
9396,1630,10,7,Dimension 7,24.25,24.50,24.75,"MAX : 24.75
TARGET : 24.50
MIN : 24.25"
9396,1630,10,8,Dimension 8,24.25,24.50,24.75,"MAX : 24.75
TARGET : 24.50
MIN : 24.25"
9396,1630,10,9,Dimension 9,43.75,44.00,44.25,"MAX : 44.25
TARGET : 44.00
MIN : 43.75"
9396,1630,10,10,Dimension 10,14.81,15.06,15.31,"MAX : 15.31
TARGET : 15.06
MIN : 14.81"
9396,1630,10,11,Dimension 11,41.20,41.45,41.70,"MAX : 41.70
TARGET : 41.45
MIN : 41.20"
9396,1630,10,12,Dimension 12,20.48,20.73,20.98,"MAX : 20.98
TARGET : 20.73
MIN : 20.48"
9396,1630,10,13,Dimension 13,20.48,20.73,20.98,"MAX : 20.98
TARGET : 20.73
MIN : 20.48"
9396,1630,10,14,Dimension 14,25.37,25.62,25.87,"MAX : 25.87
TARGET : 25.62
MIN : 25.37"
9396,1630,10,15,Dimension 15,43.75,44.00,44.25,"MAX : 44.25
TARGET : 44.00
MIN : 43.75"
9396,1630,10,16,Dimension 16,17.50,17.75,18.00,"MAX : 18.00
TARGET : 17.75
MIN : 17.50"
9396,1630,10,17,Dimension 17,14.81,15.06,15.31,"MAX : 15.31
TARGET : 15.06
MIN : 14.81"
9396,1630,10,18,Dimension 18,46.25,46.50,46.75,"MAX : 46.75
TARGET : 46.50
MIN : 46.25"
9396,1630,10,19,Dimension 19,50.55,50.80,51.05,"MAX : 51.05
TARGET : 50.80
MIN : 50.55"
9396,1630,10,20,Dimension 20,54.75,55.00,55.25,"MAX : 55.25
TARGET : 55.00
MIN : 54.75"
9396,1630,10,21,Dimension 21,56.13,56.38,56.63,"MAX : 56.63
TARGET : 56.38
MIN : 56.13"
9396,1630,10,25,Dimension 22 - Adhesive Thickness (on parent liner),0.39,0.64,0.89,"MAX : 0.89
TARGET : 0.64
MIN : 0.39"
9396,1630,10,26,"Are all of the internal features thru-cut, per the drawing?",No (Fail),Yes (Pass),,"MAX : 
TARGET : Yes (Pass)
MIN : No (Fail)"
9396,1630,10,22,Big Hole X,-0.25,0.00,0.25,"MAX : 0.25
TARGET : 0.00
MIN : -0.25"
9396,1630,10,23,Big Hole Y,-0.25,0.00,0.25,"MAX : 0.25
TARGET : 0.00
MIN : -0.25"
9396,1630,10,24,Bottom Small Hole X,-0.25,0.00,0.25,"MAX : 0.25
TARGET : 0.00
MIN : -0.25"
9386,2155,10,1,Has the press been clean per the line clearance procedure attached to job jacket?,No(Fail),Yes(Pass),,"MAX : 
TARGET : Yes(Pass)
MIN : No(Fail)"
9391,1627,10,2,Diameter of center hole,1.48,1.60,1.72,"MAX : 1.72
TARGET : 1.60
MIN : 1.48"
9393,1629,20,3,Diameter of hole,0.070,0.080,0.090,"MAX : 0.090
TARGET : 0.080
MIN : 0.070"
9393,1629,20,4,Distance from center of hole 1 to edge,0.0695,0.0795,0.0895,"MAX : 0.0895
TARGET : 0.0795
MIN : 0.0695"
9393,1629,20,5,Distance from center of hole 2 to edge,0.0575,0.0675,0.0775,"MAX : 0.0775
TARGET : 0.0675
MIN : 0.0575"
9393,1629,20,6,Are the hole cut clean through?,No(Fail),Yes(Pass),,"MAX : 
TARGET : Yes(Pass)
MIN : No(Fail)"
9393,1629,20,7,Is the outside cut deep enough to remove the matrix but not cut into the liner?,No(Fail),Yes(Pass),,"MAX : 
TARGET : Yes(Pass)
MIN : No(Fail)"
9391,1627,10,1,Diameter of part,3.38,3.50,3.62,"MAX : 3.62
TARGET : 3.50
MIN : 3.38"
9392,1628,10,2,Distance from end of part to center of hole,0.32,0.38,0.44,"MAX : 0.44
TARGET : 0.38
MIN : 0.32"
9392,1628,10,1,Length of part,10.94,11.00,11.06,"MAX : 11.06
TARGET : 11.00
MIN : 10.94"
9393,1629,20,2,Width of part,0.365,0.375,0.385,"MAX : 0.385
TARGET : 0.375
MIN : 0.365"
9393,1629,20,1,Length of part,0.365,0.375,0.385,"MAX : 0.385
TARGET : 0.375
MIN : 0.365"
9394,2156,10,2,Is the slit edge free of slivers and double cuts?,No(Fail),Yes(Pass),,"MAX : 
TARGET : Yes(Pass)
MIN : No(Fail)"
9394,2156,10,1,Width of slit roll,6.031,6.156,6.281,"MAX : 6.281
TARGET : 6.156
MIN : 6.031"
9395,2157,10,2,Is the score deep enough to remove the liner but not cut into the face material?,No(Fail),Yes(Pass),,"MAX : 
TARGET : Yes(Pass)
MIN : No(Fail)"
9400,2158,20,2,Width of HIPS,3.90,3.96,4.02,"MAX : 4.02
TARGET : 3.96
MIN : 3.90"
9400,2158,20,3,Distance from edge of adhesive to edge of HIPS,0.17,0.23,0.29,"MAX : 0.29
TARGET : 0.23
MIN : 0.17"
9395,2157,10,1,Is the score visually centered on the roll?,No(Fail),Yes(Pass),,"MAX : 
TARGET : Yes(Pass)
MIN : No(Fail)"
9396,1630,10,2,Dimension 2,2.25,2.50,2.75,"MAX : 2.75
TARGET : 2.50
MIN : 2.25"
9396,1630,10,1,Dimension 1,2.25,2.50,2.75,"MAX : 2.75
TARGET : 2.50
MIN : 2.25"
9398,1632,20,1,Diameter of part,17.75,18.00,18.25,"MAX : 18.25
TARGET : 18.00
MIN : 17.75"
9398,1632,20,2,Is the die strike deep enough to remove the matrix but not cut into the liner?,No(Fail),Yes(Pass),,"MAX : 
TARGET : Yes(Pass)
MIN : No(Fail)"
9400,2158,20,1,Width of adhesive,3.44,3.50,3.56,"MAX : 3.56
TARGET : 3.50
MIN : 3.44"
9408,2159,20,3,Was yellow splice tape used to create splices?,No(Fail),Yes(Pass),,"MAX : 
TARGET : Yes(Pass)
MIN : No(Fail)"
9408,2159,20,4,Is the slit edge clean with a complete cut and not picking or tearing of the adhesive?,No(Fail),Yes(Pass),,"MAX : 
TARGET : Yes(Pass)
MIN : No(Fail)"
9400,2158,10,1,Width of adhesive,3.44,3.50,3.56,"MAX : 3.56
TARGET : 3.50
MIN : 3.44"
9401,1633,10,1,Length of part,2.875,3.000,3.125,"MAX : 3.125
TARGET : 3.000
MIN : 2.875"
9408,2159,20,2,Is the adhesive wound in and the liner wound out?,No(Fail),Yes(Pass),,"MAX : 
TARGET : Yes(Pass)
MIN : No(Fail)"
9398,1632,20,3,Are the parts visually centered on the liner?,No(Fail),Yes(Pass),,"MAX : 
TARGET : Yes(Pass)
MIN : No(Fail)"
9408,2159,20,1,Width of roll,1.47,1.50,1.53,"MAX : 1.53
TARGET : 1.50
MIN : 1.47"
