Revision Name,Revision Id,Component Item,BOM Quantity,Units,Source,Component Yield
"2 - Slit Tape Internal Use UPVC 3/16"" x 1000Yd",109,5905Tpvc-W5.905,0.1,Length Units,Stock,0.833333333
"2 - Slit Tape Internal Use UPVC 3/16"" x 1000Yd",109,5905Tpvc-W5.67,0.1,Length Units,Stock,0.833333333
124 - Slit Tape d/c PET 20mm x 33m,110,415-W48,0.001862069,Length Units,Stock,0.952380952
"133 - Die Cut Label Silver foil 5"" x 3/4""",111,54385-W6,0.0535,Length Units,Stock,0.909090909
"192 - Die Cut Part PE face shields 9-7/16"" x 4-3/16""",112,R-AC005015A-W5.75,0.802083333,Length Units,Stock,0.909090909
"192 - Die Cut Part PE face shields 9-7/16"" x 4-3/16""",112,2104C-W6,0.802083333,Length Units,Stock,0.909090909
"194 - Die Cut Label Silver foil disks on 3"" cores 2-1/2""",113,491 AWF-W6,0.115,Length Units,Stock,0.909090909
"272 - Die Cut Tape Silver foil 3-9/16"" x 3/4""",114,153150160-W3.75,0.037760417,Length Units,Stock,0.909090909
"273 - Die Cut Label Silver foil
 4-1/16"" x 3/4""",115,54385-W3.75 - CatID-23607,0.087229167,Length Units,Stock,0.909090909
"278 - Slit Tape 1 mil Kaneka polyimide film with high temperature Adh. 5/8"" x 60Yd",116,F9460PC-W5.875,0.0225,Length Units,Stock,0.909090909
"278 - Slit Tape 1 mil Kaneka polyimide film with high temperature Adh. 5/8"" x 60Yd",116,100AV-W6,0.0225,Length Units,Stock,0.909090909
"278 - Slit Tape 1 mil Kaneka polyimide film with high temperature Adh. 5/8"" x 60Yd",116,1.5 mil PET-W6.25,0.0225,Length Units,Stock,0.909090909
"286 - Die Cut Label White Thermal Transfer 6"" x 4""",117,54091-W9,0.255208333,Length Units,Stock,0.909090909
322 - Die Cut Tape Silver PET 120mm x 19mm,118,DPM Silver VL-W3.75,0.027,Length Units,Stock,0.666666667
461 - Butt Cut Tape d/c PET 19mm x 19mm,119,415-W6,0.013541667,Length Units,Stock,0.909090909
"519 - Core Liner, Two color with the Strouse Logo and ""The Strouse Corporation"" 3-15/16""",120,"50#, White,Finch Opaque-W17.5",0.25,Length Units,Stock,0.909090909
526 - Fabricated Part d/c PET 16mm x 19mm,121,415-W6,0.0135,Length Units,Stock,0.909090909
"602 - Die Cut Part Checkered Splice Tape PM Code: 345-5412 1"" x 3/4""",122,24950-W6,0.018055556,Length Units,Stock,0.909090909
"602 - Die Cut Part Checkered Splice Tape PM Code: 345-5412 1"" x 3/4""",122,24950-W6,0.018055556,Length Units,Stock,0.909090909
"602 - Die Cut Part Checkered Splice Tape PM Code: 345-5412 1"" x 3/4""",122,415-W6,0.018055556,Length Units,Stock,0.909090909
"618 - Die Cut Part Checkered Splice Tape PM Code: 345-5411 3/4"" x 3/4"" x 36Yd",123,415-W6,0.018,Length Units,Stock,0.925925926
"618 - Die Cut Part Checkered Splice Tape PM Code: 345-5411 3/4"" x 3/4"" x 36Yd",123,Q200-W6,0.018,Length Units,Stock,0.925925926
"618 - Die Cut Part Checkered Splice Tape PM Code: 345-5411 3/4"" x 3/4"" x 36Yd",123,Q200-W6,0.018,Length Units,Stock,0.925925926
"760 - Butt Cut Tape Silver splice 3/4"" x 3.73"" x 60Yd",124,DPM Silver VL-W3.75,0.3125,Length Units,Stock,0.909090909
814 - Slit Tape Premask application tape See Work order,125,6582-W48,0.1,Length Units,Stock,0.952380952
"847 - Die Cut Label Silver foil 2-1/2"" x 3/4""",126,54385-W3.75 - CatID-22838,0.0275,Length Units,Stock,0.909090909
"1088 - Tape White Imprintable PET tape printed Yellow, Blue & Black with ""Hydraulic"" 1.936"" x 60Yd",127,Compucal II PM200 White MT/C-329 No PS MT/C-352-W6.4375,0.06,Length Units,Stock,0.909090909
"1200 - Die Cut Label Post-a-Dots 1"" Dia",128,10092-W3,0.110833333,Length Units,Stock,0.869565217
"1200 - Die Cut Label Post-a-Dots 1"" Dia",128,9415PC-W1.625,0.110833333,Length Units,Stock,0.869565217
"1226 - Die Cut Label White Thermal Transfer labels 2-1/2"" x 3/4""",129,54091-W4,0.0546875,Length Units,Stock,0.909090909
1286 - Tape PP. 48mm x 110Yd,130,3777 - Clear-W5.67,0.11,Length Units,Stock,0.909090909
1286 - Tape PP. 48mm x 110Yd,130,HP260 - Clear-W5.67,0.11,Length Units,Stock,0.909090909
"1305 - Butt Cut Label White/Blue ""IBM"" 200mm x 200mm",131,19298-W8.625,0.666666667,Length Units,Stock,0.8
"1311 - Fabricated Part 2 mil polyimide film with high temperature Adh. on PET liner supplied on plastic cores 5/8"" x 60Yd",132,200AV-W6,0.02,Length Units,Stock,0.909090909
"1311 - Fabricated Part 2 mil polyimide film with high temperature Adh. on PET liner supplied on plastic cores 5/8"" x 60Yd",132,F9460PC-W5.875,0.02,Length Units,Stock,0.909090909
"1311 - Fabricated Part 2 mil polyimide film with high temperature Adh. on PET liner supplied on plastic cores 5/8"" x 60Yd",132,1.5 mil PET-W6.25,0.02,Length Units,Stock,0.909090909
"1386 - Butt Cut Part PET, Checkerboard 3/4"" X 3/4"" X 36Yd",133,415-W6,0.0135,Length Units,Stock,0.909090909
"1497 - d/c Tape Printed with Red Arrow every 2"" 1"" x 36Yd",134,415-W6,0.018,Length Units,Stock,0.909090909
"1735 - Die Cut Label White Litho Core Label 15/16"" x 11/16""",136,53874-W4.5,0.0169375,Length Units,Stock,0.909090909
"1751 - Slit Tape Yellow UPVC printed ""Inspected...P-2178"" 3/4"" x 72Yd (66m)",137,5905Ypvc-W5.905,0.027,Length Units,Stock,0.909090909
"1771 - Fabricated Part Internal Rectangle Area W/ Tab 0.5895"" x 0.402""",138,4994-W2,0.020833333,Length Units,Stock,0.8
"1771 - Fabricated Part Internal Rectangle Area W/ Tab 0.5895"" x 0.402""",138,9671LE-W1.875,0.020833333,Length Units,Stock,0.8
"1771 - Fabricated Part Internal Rectangle Area W/ Tab 0.5895"" x 0.402""",138,54 lb. C1S S0(BG0)-W2,0.020833333,Length Units,Stock,0.8
"1771 - Fabricated Part Internal Rectangle Area W/ Tab 0.5895"" x 0.402""",138,250tpvc-W0.25,0.020833333,Length Units,Stock,0.8
"1771 - Fabricated Part Internal Rectangle Area W/ Tab 0.5895"" x 0.402""",138,250tpvc-W0.25,0.020833333,Length Units,Stock,0.8
"1783 - Slit Tape Yellow UPVC printed ""Inspected...P-7903"" 3/4"" x 72Yd (66m)",139,5905Ypvc-W5.905,0.027,Length Units,Stock,0.909090909
"1796 - Slit Tape Yellow UPVC printed ""Inspected...P-1318"" 3/4"" x 72Yd (66m)",140,5905Ypvc-W5.905,0.027,Length Units,Stock,0.892857143
"1812 - Butt Cut Part Colored PVC or Paper Tabs 0.75"" x 2""",141,78 lb. C1S S0-W5,0.03125,Length Units,Stock,0.909090909
"1812 - Butt Cut Part Colored PVC or Paper Tabs 0.75"" x 2""",141,42 lb. C1S S0-W0.75,0.03125,Length Units,Stock,0.909090909
"1812 - Butt Cut Part Colored PVC or Paper Tabs 0.75"" x 2""",141,42 lb. C1S S0-W0.75,0.03125,Length Units,Stock,0.909090909
"1812 - Butt Cut Part Colored PVC or Paper Tabs 0.75"" x 2""",141,OM 59-W13,0.010416667,Length Units,Stock,0.909090909
"1829 - Fabricated Part Slit Dupont Grade A Mylar 1/2"" x 1,000'",142,1043-W6,0.090909091,Length Units,Stock,0.943396226
"1831 - Tape CSM 5 mil Teflon perfed at 12"" intervals 12"" x 6""",143,206-015-023 500A FEP Teflon-W6,1,Length Units,Stock,0.909090909
"1878 - Butt Cut Foam Single coated, 2 across, 1/16"" thick 3/4"" x 3/4""",144,4116-W1.5,0.09,Length Units,Stock,0.952380952
"2186 - Printed Tape White PVC Printed printed black ""IN"" 1/2"" x 80Yd",145,5905Wpvc-W5.905,0.021969697,Length Units,Stock,0.909090909
"2187 - Printed Tape White PVC Printed printed black ""OUT"" 1/2"" x 80Yd",146,5905Wpvc-W5.905,0.021969697,Length Units,Stock,0.909090909
2190 - Die Cut Label White Litho Core Label 40mm x 12mm,147,12906-W3.125,0.047222222,Length Units,Stock,0.909090909
2191 - Butt Cut Tape d/c PET 19mm x 15mm x 36Yd,148,415-W6,0.012,Length Units,Stock,0.869565217
"2282 - Butt Cut Tape d/c PET with printed checkerboard pattern 3/4"" x 0.455"" x 36Yd",149,415-W6,0.009818182,Length Units,Stock,0.869565217
2314 - Butt Cut Tape d/c PET 19mm x 19mm,150,415-W6,0.0135,Length Units,Stock,0.769230769
2314 - Butt Cut Tape d/c PET 19mm x 19mm,150,A2015DC-W6,0.0135,Length Units,Stock,0.769230769
"2329 - Fabricated Part Adh. Area with Tab 0.500"" x 0.82""",151,F9469PC-W2,0.048958333,Length Units,Stock,0.833333333
"2329 - Fabricated Part Adh. Area with Tab 0.500"" x 0.82""",151,4994-W2.25,0.048958333,Length Units,Stock,0.833333333
"2329 - Fabricated Part Adh. Area with Tab 0.500"" x 0.82""",151,375Tpvc-W0.375,0.048958333,Length Units,Stock,0.833333333
2347 - Fabricated Tape ST-894 with internal die cuts 21mm x 10mm,152,EAD500-W4.25,1,Length Units,Stock,0.909090909
2347 - Fabricated Tape ST-894 with internal die cuts 21mm x 10mm,152,50155507-W4.5,1,Length Units,Stock,0.909090909
"2377 - Printed Tape White tape with Red Arrows 1/2"" x 72Yd",153,HP 460-W5.66 - CatID-23499,0.019636364,Length Units,Stock,0.909090909
"2387 - Fabricated Part Perimeter Edge Seal printed Blue 1"" x 50'",154,9472-W0.875,0.104166667,Length Units,Stock,0.909090909
"2387 - Fabricated Part Perimeter Edge Seal printed Blue 1"" x 50'",154,9472-W0.875,0.104166667,Length Units,Stock,0.909090909
"2387 - Fabricated Part Perimeter Edge Seal printed Blue 1"" x 50'",154,PS 5410S-W2.375,0.104166667,Length Units,Stock,0.909090909
"2387 - Fabricated Part Perimeter Edge Seal printed Blue 1"" x 50'",154,10106-W2.25,0.104166667,Length Units,Stock,0.909090909
"2413 - Tape 3M 9472 with double extended liner 4-3/4"" x 60Yd with 1/2"" tab",155,9472-W5.25,0.18,Length Units,Stock,0.8
"2413 - Tape 3M 9472 with double extended liner 4-3/4"" x 60Yd with 1/2"" tab",155,24950-W6,0.18,Length Units,Stock,0.8
"2413 - Tape 3M 9472 with double extended liner 4-3/4"" x 60Yd with 1/2"" tab",155,375Tpvc-W0.375,0.18,Length Units,Stock,0.8
"2563 - Label White Matte Litho printed ""Elite Fasteners"", perfed between 2.75"" x 2.75""",156,03146-W3,0.239583333,Length Units,Stock,0.8
"2700 - Die Cut Part Tabs, Adh. printed with ""Press...Lift Off"" 1/2"" x 1""",158,55 lb. Tight C1S-W2,0.011,Length Units,Stock,0.869565217
"2700 - Die Cut Part Tabs, Adh. printed with ""Press...Lift Off"" 1/2"" x 1""",158,EL8001-W27,0.000275,Length Units,Stock,0.869565217
"2700 - Die Cut Part Tabs, Adh. printed with ""Press...Lift Off"" 1/2"" x 1""",158,4994-W2,0.011,Length Units,Stock,0.869565217
"2737 - Die Cut Part 25A29C with White tab 1"" x 1.25""",159,25A29C-W3.5,0.046875,Length Units,Stock,0.909090909
"2737 - Die Cut Part 25A29C with White tab 1"" x 1.25""",159,500Wpvc-W0.5,0.046875,Length Units,Stock,0.909090909
"2737 - Die Cut Part 25A29C with White tab 1"" x 1.25""",159,500Wpvc-W0.5,0.046875,Length Units,Stock,0.909090909
"2737 - Die Cut Part 25A29C with White tab 1"" x 1.25""",159,55 lb. Tight C1S-W3.5,0.046875,Length Units,Stock,0.909090909
"2749 - Fabricated Part Adh. Preform 500"" x 1.150""",160,F9469PC-W2.25,0.0525,Length Units,Stock,0.833333333
"2749 - Fabricated Part Adh. Preform 500"" x 1.150""",160,4994-W2.5,0.0525,Length Units,Stock,0.833333333
"2749 - Fabricated Part Adh. Preform 500"" x 1.150""",160,500Wpvc-W0.5,0.0525,Length Units,Stock,0.833333333
"2812 - Tape Linerless Beaming 7/8"" x 60Yd",161,9472-W6,0.030555556,Length Units,Stock,0.909090909
"2812 - Tape Linerless Beaming 7/8"" x 60Yd",161,R-RZ013021-W6.25,0.030555556,Length Units,Stock,0.909090909
"2876 - Tape 3M 444 1/4"" x 36Yd",162,444-W16,0.0018,Length Units,Stock,0.909090909
"2886 - Fabricated Part Adh. Preform 500"" x 1.244""",163,F9469PC-W2.25,0.053033333,Length Units,Stock,0.666666667
"2886 - Fabricated Part Adh. Preform 500"" x 1.244""",163,4994-W2.5,0.053033333,Length Units,Stock,0.666666667
"2886 - Fabricated Part Adh. Preform 500"" x 1.244""",163,375Tpvc-W0.375,0.053033333,Length Units,Stock,0.666666667
"2926 - Die Cut Part Black Lexan with 3M LSE Adh. one side 1"" Dia",164,9453LE-W3.25,0.041666667,Length Units,Stock,0.909090909
"2926 - Die Cut Part Black Lexan with 3M LSE Adh. one side 1"" Dia",164,FR700-701-W3.5,0.041666667,Length Units,Stock,0.909090909
"2926 - Die Cut Part Black Lexan with 3M LSE Adh. one side 1"" Dia",164,42 lb. C1S S0-W4,0.041666667,Length Units,Stock,0.909090909
"3027 - Foam 0.125""T 2AFR Volara with PSA-60 2.5"" x 100'",165,2AFR White-W60,0.004545455,Length Units,Stock,0.952380952
"3034 - Butt Cut Tape Silver Splice 3/4"" x 2.125"" x 60Yd",166,DPM Silver-W2.125,0.18,Length Units,Stock,0.909090909
3036 - Fabricated Tape ST-894 with internal die cuts 48 x 30,167,EAD500-W4.25,1,Length Units,Stock,0.909090909
3036 - Fabricated Tape ST-894 with internal die cuts 48 x 30,167,50155507-W4.5,1,Length Units,Stock,0.909090909
"3053 - Die Cut Part PTFE Supplied 3 across 1/4"" Dia",168,5480-W1.5,0.010416667,Length Units,Stock,0.909090909
"3053 - Die Cut Part PTFE Supplied 3 across 1/4"" Dia",168,4935-W1.5,0.010416667,Length Units,Stock,0.909090909
"3082 - Sheeted Part 90# C2S tabs with 1/2"" RED STRIPE 1"" x 4""",169,4017-2/90-W8,0.041666667,Length Units,Stock,0.909090909
"3082 - Sheeted Part 90# C2S tabs with 1/2"" RED STRIPE 1"" x 4""",169,MYP-3RS-W1,0.041666667,Length Units,Stock,0.909090909
"3083 - Sheeted Part 90# C2S tabs with 1/2"" GREEN STRIPE 1"" x 4""",170,4017-2/90-W8,0.041666667,Length Units,Stock,0.909090909
"3083 - Sheeted Part 90# C2S tabs with 1/2"" GREEN STRIPE 1"" x 4""",170,MYP-36GS-W1,0.041666667,Length Units,Stock,0.909090909
"3114 - Sheeted Label 3M 7323 Silver PET 27 pcs/sheet 8.5"" x 6.25""",171,7323-W5.25,0.708333333,Length Units,Stock,0.884955752
"3114 - Sheeted Label 3M 7323 Silver PET 27 pcs/sheet 8.5"" x 6.25""",171,1043-W3.75,0.708333333,Length Units,Stock,0.884955752
"3114 - Sheeted Label 3M 7323 Silver PET 27 pcs/sheet 8.5"" x 6.25""",171,1.5 mil PET-W6.25,0.708333333,Length Units,Stock,0.884955752
"3115 - Tape White UPVC Floodcoated Brown 0.936"" x 80Yd",172,5905Wpvc-W5.905,0.048,Length Units,Stock,0.909090909
3127 - Clear Film Pressure Sensitive 19.8mm + 0.4mm x 1000',173,FM011-W6,0.142857143,Length Units,Stock,0.909090909
3136 - Fabricated Tape ST-741 with internal die cuts 15 X 20,174,9009-W4.25,1,Length Units,Stock,0.909090909
3136 - Fabricated Tape ST-741 with internal die cuts 15 X 20,174,50155507-W4.5,1,Length Units,Stock,0.909090909
"3141 - Tape ST-869 w/ extended liner 1/2"" x 1000'",175,TT400 V344 60 LA PFW-W2.84375,0.25,Length Units,Stock,0.909090909
"3141 - Tape ST-869 w/ extended liner 1/2"" x 1000'",175,1875Tpvc-W0.1875,0.25,Length Units,Stock,0.909090909
"3141 - Tape ST-869 w/ extended liner 1/2"" x 1000'",175,1875Tpvc-W0.1875,0.25,Length Units,Stock,0.909090909
"3141 - Tape ST-869 w/ extended liner 1/2"" x 1000'",175,1875Tpvc-W0.1875,0.25,Length Units,Stock,0.909090909
"3141 - Tape ST-869 w/ extended liner 1/2"" x 1000'",175,1875Tpvc-W0.1875,0.25,Length Units,Stock,0.909090909
"3164 - Die Cut Tape 3M 4950, one side deadened 9.52mm OD x 3.56mm ID",176,4950-W0.75,4.17E-05,Length Units,Stock,0.909090909
"3164 - Die Cut Tape 3M 4950, one side deadened 9.52mm OD x 3.56mm ID",176,1043-W1,4.17E-05,Length Units,Stock,0.909090909
3282 - Die Cut Label White Vinyl Printed Orange & Black 46mm x 109mm,177,FLX000306-W5,0.166666667,Length Units,Stock,0.833333333
"3304 - Tape Matte White PET, No PSA
 1.936"" x 60Yd",178,Compucal II PM200 White MT/C-329 No PS MT/C-352-W6.4375,0.06,Length Units,Stock,0.833333333
"3314 - Slit Adh 9495MP 1-1/8"" x 60Yd",179,9495MP-W6,0.036,Length Units,Stock,0.952380952
"3345 - Fabricated Part UHMW with 3M VHB 1.625"" x 1.625""",180,5952-W12,0.000193452,Length Units,Stock,0.909090909
"3345 - Fabricated Part UHMW with 3M VHB 1.625"" x 1.625""",180,8752K611-TR-W24,9.67E-05,"Each (Use for Boxes, Bags, Cores, Cases)",Stock,0.909090909
"3356 - CSM Sheeted Infrared 3/4"" x 3/4""",181,I86-IR48-00C150-W0.75,0.15,Length Units,Stock,0.909090909
"3356 - CSM Sheeted Infrared 3/4"" x 3/4""",181,I86-IR48-00C150-W0.75,0.15,Length Units,Stock,0.909090909
"3356 - CSM Sheeted Infrared 3/4"" x 3/4""",181,3 mil Polyester Item# 12263-W4,0.03125,Length Units,Stock,0.909090909
"3368 - Printed Tape White UPVC Printed black ""EM 8100"" 1/2"" x 80Yd",182,5905Wpvc-W5.905,0.021818182,Length Units,Stock,0.8
3479 - Butt Cut Tape d/c Case Insulation Tape Tabbed 14mm x 18.5mm,183,9009-W3,0.025254167,Length Units,Stock,0.909090909
3479 - Butt Cut Tape d/c Case Insulation Tape Tabbed 14mm x 18.5mm,183,54 lb. C1S S0-W3.1875,0.025254167,Length Units,Stock,0.909090909
3479 - Butt Cut Tape d/c Case Insulation Tape Tabbed 14mm x 18.5mm,183,125tpvc-W0.125,0.025254167,Length Units,Stock,0.909090909
"3516 - Fabricated Part UHMW with 3M VHB 36.25"" x 0.875"" with 0.125"" corners",184,5952-W12,0.126736111,Length Units,Stock,0.909090909
"3516 - Fabricated Part UHMW with 3M VHB 36.25"" x 0.875"" with 0.125"" corners",184,8752K611-TR-W24,0.126736111,"Each (Use for Boxes, Bags, Cores, Cases)",Stock,0.909090909
"3516 - Fabricated Part UHMW with 3M VHB 36.25"" x 0.875"" with 0.125"" corners",184,5952-W12,0.126736111,Length Units,Stock,0.909090909
"3524 - Fabricated Part 1/16""T EPDM with 3M VHB 0.625"" O.D with 0.218"" I.D",185,5925-W12,0.00390625,Length Units,Stock,0.909090909
"3524 - Fabricated Part 1/16""T EPDM with 3M VHB 0.625"" O.D with 0.218"" I.D",185,8985K42-W12,0.00390625,"Each (Use for Boxes, Bags, Cores, Cases)",Stock,0.909090909
"3524 - Fabricated Part 1/16""T EPDM with 3M VHB 0.625"" O.D with 0.218"" I.D",185,54 lb. C1S S0-W12,0.00390625,Length Units,Stock,0.909090909
"3524 - Fabricated Part 1/16""T EPDM with 3M VHB 0.625"" O.D with 0.218"" I.D",185,94 Primer ,0.00390625,"Each (Use for Boxes, Bags, Cores, Cases)",Stock,1
"3538 - Die Cut Mask 3M 2750 on 78# Liner 12"" X 13""",186,2750-W12.75,1,Length Units,Stock,0.833333333
"3538 - Die Cut Mask 3M 2750 on 78# Liner 12"" X 13""",186,78 lb. C1S S0-W13,1,Length Units,Stock,0.833333333
3551 - Die Cut Label 3M 7818 25mm X 50mm,187,7818-W4.5,0.047625,Length Units,Stock,0.909090909
"3614 - Sheeted Part CSM 0.020 T Clear PVC 20"" x 20""",188,22010630-W20,1.666666667,Length Units,Stock,0.961538462
3653 - Butt Cut Label Black Matte Paper Label 112mm X 20mm,189,14532-W6,0.026309524,Length Units,Stock,0.909090909
"3664 - Die Cut Foam 3M 4052 0.33"" X 1.145"" incl. tab",190,4052-W2,0.055208333,Length Units,Stock,0.8
"3664 - Die Cut Foam 3M 4052 0.33"" X 1.145"" incl. tab",190,42 lb. C1S S0-W2.5,0.055208333,Length Units,Stock,0.8
"3683 - Fabricated Part 1/16""T EPDM with 3M VHB 0.750"" O.D with 0.330"" I.D",191,5925-W12,0.004557292,Length Units,Stock,0.833333333
"3683 - Fabricated Part 1/16""T EPDM with 3M VHB 0.750"" O.D with 0.330"" I.D",191,8985K42-W12,0.004557292,"Each (Use for Boxes, Bags, Cores, Cases)",Stock,0.833333333
"3683 - Fabricated Part 1/16""T EPDM with 3M VHB 0.750"" O.D with 0.330"" I.D",191,54 lb. C1S S0-W12,0.004557292,Length Units,Stock,0.833333333
"3683 - Fabricated Part 1/16""T EPDM with 3M VHB 0.750"" O.D with 0.330"" I.D",191,94 Primer ,0.004557292,"Each (Use for Boxes, Bags, Cores, Cases)",Stock,1
"3713 - Die Cut Label Silver foil 4.5"" x 3/4""",192,153150160-W3.75,0.04825,Length Units,Stock,0.909090909
"3771 - Die Cut foam End Foam 1.9375"" x 0.5424""",193,4701-30-15188-04-W20,0.007083333,"Each (Use for Boxes, Bags, Cores, Cases)",Stock,0.8
"3771 - Die Cut foam End Foam 1.9375"" x 0.5424""",193,SCPM-44X-W24,0.007083333,Length Units,Stock,0.8
"4115 - Foam Squares 3M 4492, supplied 4 to a pad 1"" X 1""",194,4492W-W2,0.041666667,Length Units,Stock,0.909090909
"4115 - Foam Squares 3M 4492, supplied 4 to a pad 1"" X 1""",194,54 lb. C1S SL4 (S38)-W2.25,0.041666667,Length Units,Stock,0.909090909
"4121 - Tape 3M 231 1"" x 60Yd",195,231-P-W29,0.006206897,Length Units,Stock,0.952380952
"4147 - Butt Cut Tape Silver splice 2"" x 2""",196,FLX054104-W6,0.06,Length Units,Stock,0.909090909
"4200 - Sheeted Part 3M 4492 white w/ extended liner both sides 1/2 "" X 4""",197,4492W-W4,0.042533333,Length Units,Stock,0.909090909
"4200 - Sheeted Part 3M 4492 white w/ extended liner both sides 1/2 "" X 4""",197,54 lb. C1S SL4 (S38)-W4.5,0.042533333,Length Units,Stock,0.909090909
"4220 - Fabricated Part UHMW (White) with 3M VHB 3/'8"" Dia",198,5925-W12,0.001736111,Length Units,Stock,0.909090909
"4220 - Fabricated Part UHMW (White) with 3M VHB 3/'8"" Dia",198,8752K611-TR-W24,0.000868056,"Each (Use for Boxes, Bags, Cores, Cases)",Stock,0.909090909
"4255 - CSM, 24"" x 500' Film Laminated to 3M 9471 Slit to 4 rolls, sheeted every 4.80"" 4.80” x 5.25""",199,9471-W5.75,0.411458333,Length Units,Stock,0.909090909
"4255 - CSM, 24"" x 500' Film Laminated to 3M 9471 Slit to 4 rolls, sheeted every 4.80"" 4.80” x 5.25""",199,MBDestan0240500-W24,0.411458333,Length Units,Stock,0.909090909
"4276 - Fabricated Tape 10 x 15 strip, ST-741 with internal die cuts 8.0"" x 3.7""",200,9009-W4.25,0.666666667,Length Units,Stock,0.909090909
"4276 - Fabricated Tape 10 x 15 strip, ST-741 with internal die cuts 8.0"" x 3.7""",200,50155507-W4.5,0.666666667,Length Units,Stock,0.909090909
"4398 - Die Cut Label Thermal transfer printable, 3M FP022102 3"" x 3""",201,FP022102-W7,0.130208333,Length Units,Stock,0.909090909
"4467 - Die Cut Part PET blocker, 3 mil PET with 3M 9832 2.01"" x 1.69""",202,9832-W4,0.088541667,Length Units,Stock,0.909090909
"4467 - Die Cut Part PET blocker, 3 mil PET with 3M 9832 2.01"" x 1.69""",202,3 mil Polyester Item# 12263-W4,0.088541667,Length Units,Stock,0.909090909
"4467 - Die Cut Part PET blocker, 3 mil PET with 3M 9832 2.01"" x 1.69""",202,54 lb. C1S SL4 (S38)-W4.25,0.088541667,Length Units,Stock,0.909090909
"4467 - Die Cut Part PET blocker, 3 mil PET with 3M 9832 2.01"" x 1.69""",202,750Tpvc-W0.75,0.088541667,Length Units,Stock,0.909090909
"4467 - Die Cut Part PET blocker, 3 mil PET with 3M 9832 2.01"" x 1.69""",202,371-W1.889,0.088541667,Length Units,Stock,0.909090909
"4467 - Die Cut Part PET blocker, 3 mil PET with 3M 9832 2.01"" x 1.69""",202,371-W1.889,0.088541667,Length Units,Stock,0.909090909
"4467 - Die Cut Part PET blocker, 3 mil PET with 3M 9832 2.01"" x 1.69""",202,24687-W4.75,0.088541667,Length Units,Stock,0.909090909
"4494 - Butt Cut Part Dead area 0.25"" wide in center of part 0.125"" x 0.625""",203,8911-W1,0.010416667,Length Units,Stock,0.909090909
"4494 - Butt Cut Part Dead area 0.25"" wide in center of part 0.125"" x 0.625""",203,HDS-90-W1.25,0.010416667,Length Units,Stock,0.909090909
"4494 - Butt Cut Part Dead area 0.25"" wide in center of part 0.125"" x 0.625""",203,1043-W0.25,0.010416667,Length Units,Stock,0.909090909
"4516 - Slit Tape ST 934 3/8"" x 60Yd",204,PP-800 - PC-W0.375,5.48E-07,Length Units,Stock,0.909090909
"4534 - Foam 3M 4611 12"" x 15'",205,4611-W12,0.015,Length Units,Stock,0.909090909
"4538 - Die Cut Part 10 mil tyvek with Adh., printed in red 0.5"" x 3.9370""
",206,1085D-W4.5,0.052083333,Length Units,Stock,0.869565217
"4543 - Slit Tape Yellow UPVC printed ""Inspected...P-1243"" 0.5"" x 72Yd
(66m)",207,5905Ypvc-W5.905,0.018,Length Units,Stock,0.909090909
"4554 - Die Cut Masking 3M 2392 perforated every 24"" 12"" x 100'",208,2392-W62.2047,0.025,Length Units,Stock,0.909090909
"4556 - Printed Tape 3M 4737T - Right Hand Side - with printed delineation line 2"" x 60Yd",209,4737TL-W4.36,0.09,Length Units,Stock,0.952380952
"4557 - Printed Tape 3M 4737T - Left Hand Side - with printed delineation line 2"" x 60Yd",210,4737TL-W4.36,0.09,Length Units,Stock,0.952380952
"4597 - Slit Tape 3M 8901 2.25"" x 72Yd",211,8901-W5,0.108,Length Units,Stock,0.909090909
"4601 - Masking Tape 3M 2392 3.65"" x 60Yd",212,2392-W62.2047,0.012,Length Units,Stock,0.909090909
"4636 - Die Cut Part 0.01"" thick mylar with 1"" wide Adh. strip 2.5"" x 2.75""",213,10 mil Poly-W6,0.104166667,Length Units,Stock,0.869565217
"4636 - Die Cut Part 0.01"" thick mylar with 1"" wide Adh. strip 2.5"" x 2.75""",213,9828-W2,0.104166667,Length Units,Stock,0.869565217
"4636 - Die Cut Part 0.01"" thick mylar with 1"" wide Adh. strip 2.5"" x 2.75""",213,54 lb. C1S SL4 (S38)-W2.5,0.104166667,Length Units,Stock,0.869565217
"4658 - Tape, Tamper Proof Printed Black, ""PITCH"", ""ROLL"" and ""YAW"" 0.75"" x 60Yd",214,PM200 Clear Matte TC348 No PS-W6,0.03,Length Units,Stock,0.333333333
"4658 - Tape, Tamper Proof Printed Black, ""PITCH"", ""ROLL"" and ""YAW"" 0.75"" x 60Yd",214,9459W-W5.75,0.03,Length Units,Stock,0.333333333
"4658 - Tape, Tamper Proof Printed Black, ""PITCH"", ""ROLL"" and ""YAW"" 0.75"" x 60Yd",214,PM200 Clear Matte No PS TC348-W2.875,0.03,Length Units,Stock,0.333333333
"4689 - Label White PP, perfed every 3.125"" 3"" x 5""",215,PJ9502-W6,0.260416667,Length Units,Stock,0.909090909
"4690 - Die Cut Part foil tape, 3M 1345 6.93"" x 3.33""",216,1345-W23,0.000101861,Length Units,Stock,0.934579439
4730 - Die Cut Part Wiper Motor masking - Hi Temperature masking tape with 6 internal die cut holes 40mm x 35mm,217,2517-W2,0.14325,Length Units,Stock,0.740740741
4730 - Die Cut Part Wiper Motor masking - Hi Temperature masking tape with 6 internal die cut holes 40mm x 35mm,217,78 lb. C1S BG40-W2,0.14325,Length Units,Stock,0.740740741
"4735 - Fabricated Tape 17 x 15 Strip, ST-741, with internal die cuts and tractor feed 8.0"" x 3.7""",218,9009-W4.25,1,Length Units,Stock,0.909090909
"4735 - Fabricated Tape 17 x 15 Strip, ST-741, with internal die cuts and tractor feed 8.0"" x 3.7""",218,50155507-W4.5,1,Length Units,Stock,0.909090909
"4848 - Slit material CSM 8.37"" wide",219,DigiSeal-W27,0.083333333,Length Units,Stock,0.909090909
"4848 - Slit material CSM 8.37"" wide",219,DigiSeal-W25,0.083333333,Length Units,Stock,0.909090909
"4848 - Slit material CSM 8.37"" wide",219,DigiSeal-W40,0.0625,Length Units,Stock,0.909090909
"4884 - Die Cut Part Die cut 5mil Protective Film 2.73"" x 1.48""",220,51825C-W2,0.239583333,Length Units,Stock,0.8
"4884 - Die Cut Part Die cut 5mil Protective Film 2.73"" x 1.48""",220,78 lb. C1S S45-W2,0.239583333,Length Units,Stock,0.8
"4905 - Die Cut Mask Front indicator Mask with tab, Part# 2519454 5.687"" x 5.312""",221,234-W6,0.000479167,Length Units,Stock,0.8
"4905 - Die Cut Mask Front indicator Mask with tab, Part# 2519454 5.687"" x 5.312""",221,78 lb. C1S-W6,0.000479167,Length Units,Stock,0.8
"4907 - Die Cut Mask
 44X, Battery Box B Mask, no tab. Part # 2527094 24.30"" x 16.68""",222,SCPM-44X-W18,0.002166667,Length Units,Stock,0.8
"4907 - Die Cut Mask
 44X, Battery Box B Mask, no tab. Part # 2527094 24.30"" x 16.68""",222,78 lb. C1S BG40-W18,0.002166667,Length Units,Stock,0.8
"4908 - Die Cut Mask 44X, Left Windshield Mask, no tab. Part # 2519547 38.719"" x 16.4""",223,SCPM-44X-W18,3.416666667,Length Units,Stock,0.909090909
"4908 - Die Cut Mask 44X, Left Windshield Mask, no tab. Part # 2519547 38.719"" x 16.4""",223,78 lb. C1S BG40-W18,3.416666667,Length Units,Stock,0.909090909
"4909 - Die Cut Mask 44X, Right Windshield Mask, no tab. Part # 2519548 38.719"" x 16.4""",224,SCPM-44X-W18,0.003416667,Length Units,Stock,0.869565217
"4909 - Die Cut Mask 44X, Right Windshield Mask, no tab. Part # 2519548 38.719"" x 16.4""",224,78 lb. C1S BG40-W18,0.003416667,Length Units,Stock,0.869565217
"4913 - 78 # SCK Liner 78 lb. SCK Liner 2"" x 72Yd",225,78 lb. C1S-W48,0.108,Length Units,Stock,0.833333333
4924 - Butt Cut Tape Double Sided Case Insulation Tape Tabbed 14mm x 15.5mm,226,9009-W3,0.022958333,Length Units,Stock,0.869565217
4924 - Butt Cut Tape Double Sided Case Insulation Tape Tabbed 14mm x 15.5mm,226,54 lb. C1S S0-W3.1875,0.022958333,Length Units,Stock,0.869565217
"4928 - Fabricated Part Trailing Edge Strip. Unprinted Liner 3-3/4"" x 50'",227,853-W2.5,0.05,Length Units,Stock,0.833333333
"4928 - Fabricated Part Trailing Edge Strip. Unprinted Liner 3-3/4"" x 50'",227,1316-W1,0.05,Length Units,Stock,0.833333333
"4928 - Fabricated Part Trailing Edge Strip. Unprinted Liner 3-3/4"" x 50'",227,HPN-09809-W2.5,0.05,Length Units,Stock,0.833333333
"4928 - Fabricated Part Trailing Edge Strip. Unprinted Liner 3-3/4"" x 50'",227,54 lb. C1S SL4 (S38)-W1.25,0.05,Length Units,Stock,0.833333333
"4951 - Sheeted Part 1/8""T UHMW with VHB 1"" x 7""",228,8752K611-TR-W24,0.034722222,"Each (Use for Boxes, Bags, Cores, Cases)",Stock,0.909090909
"4951 - Sheeted Part 1/8""T UHMW with VHB 1"" x 7""",228,5925-W12,0.034722222,Length Units,Stock,0.909090909
"4967 - Masking Tape 3M 231 Masking Tape, 72 rolls per case 0.50"" x 60Yd",229,231-W60.629,0.001636364,Length Units,Stock,0.909090909
"4975 - Masking Tape 3M 232 masking tape, 96 rolls per case 3/8"" x 60Yd",230,232-P-W29,0.0025,Length Units,Stock,0.952380952
"4979 - Printed Tape White, UPVC printed Red ""DO NOT TOP LOAD"" 2"" x 55Yd",231,5905Wpvc-W5.905,0.055,Length Units,Stock,0.909090909
"4980 - Die Cut Mask 3.0625"" diameter Reflector mask with tab 3.0625"" Dia",232,232-W4.375,0.305558333,Length Units,Stock,0.909090909
"4980 - Die Cut Mask 3.0625"" diameter Reflector mask with tab 3.0625"" Dia",232,54 lb. C1S SL4 (S38)-W4.5,0.305558333,Length Units,Stock,0.909090909
"4982 - Butt Cut Part 3M 5354 ""Weatherban"" Sealant Tape, .125"" Thick, 50' rolls 1.5"" x 0.75"" W",233,5354-W0.75,0.125,Length Units,Stock,0.909090909
"4982 - Butt Cut Part 3M 5354 ""Weatherban"" Sealant Tape, .125"" Thick, 50' rolls 1.5"" x 0.75"" W",233,24687-W1.25,0.125,Length Units,Stock,0.909090909
"5005 - Butt Cut Adh Transfer Tape 3M 468MP 0.82"" x 0.75""",234,468MP-W1,0.068333333,Length Units,Stock,0.909090909
"5005 - Butt Cut Adh Transfer Tape 3M 468MP 0.82"" x 0.75""",234,42 lb. C1S S0-W1.5,0.068333333,Length Units,Stock,0.909090909
"5017 - Perfed Part AB 181, 4"" wide, perfed every 4"", with 1"" center hole removed. 200 yards or 1800 pieces per roll. 4"" x 4""",235,181-W4,0.6,Length Units,Stock,0.892857143
"5017 - Perfed Part AB 181, 4"" wide, perfed every 4"", with 1"" center hole removed. 200 yards or 1800 pieces per roll. 4"" x 4""",235,750Tpvc-W0.75,0.6,Length Units,Stock,0.892857143
"5017 - Perfed Part AB 181, 4"" wide, perfed every 4"", with 1"" center hole removed. 200 yards or 1800 pieces per roll. 4"" x 4""",235,54 lb. C1S SL4 (S38)-W4.5,0.6,Length Units,Stock,0.892857143
"5021 - Slit Tape 3M 231 0.75"" x 60Yd",236,231-W57.09,0.002571429,Length Units,Stock,0.952380952
"5026 - Butt Cut Tape d/c PET splicing tape, Checkerboard 3/4"" x 3/4"" x 36Yd",237,415-W6,0.0135,Length Units,Stock,0.925925926
"5027 - Butt Cut Tape d/c PET splicing tape, Checkerboard 10mm x 20mm x 36Yd",238,415-W6,0.015428571,Length Units,Stock,0.833333333
5076 - Splice Tape Butt Cut Black Paper Splicing Tape 25mm x 19mm,239,19298-W6,0.012,Length Units,Stock,0.909090909
"5097 - Masking Tape 3M 231 1.5"" x 60Yd",240,231-W57.09,0.005,Length Units,Stock,0.952380952
"5108 - Sheeted Sets Mated Dual Lock 1 1/2"" x 1""",241,SJ3781-W1,0.125,Length Units,Stock,0.909090909
"5108 - Sheeted Sets Mated Dual Lock 1 1/2"" x 1""",241,SJ3751-W1,0.125,Length Units,Stock,0.909090909
"5140 - Tape 3M 232 Masking Tape 4"" x 60Yd",242,232-W58.661,0.012857143,Length Units,Stock,0.909090909
5148 - Masking Tape 3M 2307 72mm x 55m,243,2307-W2.83,0.18,Length Units,Stock,1
"5158 - Sheeted Part Screen Protector 2.115"" x 2.830""",244,SQHM3 Prosave-W7,0.0009375,Length Units,Stock,0.833333333
"5158 - Sheeted Part Screen Protector 2.115"" x 2.830""",244,RPS/CN3&CK3/10PAKLBL,0.083333333,"Each (Use for Boxes, Bags, Cores, Cases)",Stock,1
"5158 - Sheeted Part Screen Protector 2.115"" x 2.830""",244,Mini Brochure,0.008333333,"Each (Use for Boxes, Bags, Cores, Cases)",Stock,1
"5159 - Sheeted Part Screen Protector 2.115"" x 2.830""",245,92170-W7,0.00234375,Length Units,Stock,0.909090909
"5159 - Sheeted Part Screen Protector 2.115"" x 2.830""",245,RPS/CN3&CK3/ 25PAKLBL,0.083333333,"Each (Use for Boxes, Bags, Cores, Cases)",Stock,1
"5159 - Sheeted Part Screen Protector 2.115"" x 2.830""",245,Mini Brochure,0.003333333,"Each (Use for Boxes, Bags, Cores, Cases)",Stock,1
"5169 - Slit Tape 3M 231, Green Plastic Core 0.125"" x 60Yd",246,231-W57.09,0.0004,Length Units,Stock,0.961538462
"5182 - Die Cut Part CSM Cu/Al/PET w/ Adh. Laminate 0.375"" x 4.440""",247,SP-2022-000-39-W6 - CatID-22562,0.041666667,Length Units,Stock,0.862068966
"5182 - Die Cut Part CSM Cu/Al/PET w/ Adh. Laminate 0.375"" x 4.440""",247,TT100 V29 200 Poly SC6 200 Poly H9-W6,0.041666667,Length Units,Stock,0.862068966
"5183 - Die Cut Part CSM Cu/Tin/PET w/ Adh. Laminate 0.375"" x 1.492""",248,SP-2068-000-39-W3 - CatID-22564,0.041666667,Length Units,Stock,0.909090909
"5183 - Die Cut Part CSM Cu/Tin/PET w/ Adh. Laminate 0.375"" x 1.492""",248,TT100 V29 200 Poly SC6 200 Poly H9-W2,0.041666667,Length Units,Stock,0.909090909
"5184 - Die Cut Part CSM Cu/Tin/PET w/ Adh. Laminate 0.75"" x 5.883""",249,SP-2068-000-39-W6 - CatID-23060,0.09375,Length Units,Stock,0.869565217
"5184 - Die Cut Part CSM Cu/Tin/PET w/ Adh. Laminate 0.75"" x 5.883""",249,9009-W0.75,0.09375,Length Units,Stock,0.869565217
"5184 - Die Cut Part CSM Cu/Tin/PET w/ Adh. Laminate 0.75"" x 5.883""",249,9009-W0.75,0.09375,Length Units,Stock,0.869565217
"5184 - Die Cut Part CSM Cu/Tin/PET w/ Adh. Laminate 0.75"" x 5.883""",249,TT100 V29 200 Poly SC6 200 Poly H9-W6,0.09375,Length Units,Stock,0.869565217
"5184 - Die Cut Part CSM Cu/Tin/PET w/ Adh. Laminate 0.75"" x 5.883""",249,4 mil Clear PET-W6,0.09375,Length Units,Stock,0.869565217
"5201 - Printed Tape 3M 3903, printed Black with ""CM"" 1"" x 50Yd",250,3903-W6,0.03,Length Units,Stock,0.8
"5201 - Printed Tape 3M 3903, printed Black with ""CM"" 1"" x 50Yd",250,42 lb. C1S S0-W6.25,0.03,Length Units,Stock,0.8
"5249 - Sheeted Part Screen Protector 2.16"" x 2.88""",251,92170-W3.843,0.002,Length Units,Stock,0.833333333
"5249 - Sheeted Part Screen Protector 2.16"" x 2.88""",251,RPS/CK31/CN50/10PAKLBL,0.083333333,"Each (Use for Boxes, Bags, Cores, Cases)",Stock,1
"5249 - Sheeted Part Screen Protector 2.16"" x 2.88""",251,Mini Brochure,0.001666667,"Each (Use for Boxes, Bags, Cores, Cases)",Stock,1
"5253 - Tape Printed "" DO NOT REMOVE UNTIL CUSTOMER DELIVERY"" 12mm",252,HP260 - White-W5.67,0.25,Length Units,Stock,0.909090909
"5258 - Tape Feather Edge Crepe Masking 3/4"" x 60Yd",253,2364-W3.5,0.045,Length Units,Stock,0.909090909
"5258 - Tape Feather Edge Crepe Masking 3/4"" x 60Yd",253,2364-W0.25,0.045,Length Units,Stock,0.909090909
"5258 - Tape Feather Edge Crepe Masking 3/4"" x 60Yd",253,2364-W0.25,0.045,Length Units,Stock,0.909090909
"5258 - Tape Feather Edge Crepe Masking 3/4"" x 60Yd",253,2364-W0.25,0.045,Length Units,Stock,0.909090909
"5258 - Tape Feather Edge Crepe Masking 3/4"" x 60Yd",253,2364-W0.25,0.045,Length Units,Stock,0.909090909
"5258 - Tape Feather Edge Crepe Masking 3/4"" x 60Yd",253,2364-W0.25,0.045,Length Units,Stock,0.909090909
"5267 - Linered Mask Armor Side Window Masking 20.375"" x 11.25""",254,SCPM-44X-W11.25,0.001697917,Length Units,Stock,0.909090909
"5267 - Linered Mask Armor Side Window Masking 20.375"" x 11.25""",254,78 lb. C1S S45 (BG40)-W12.5,0.001697917,Length Units,Stock,0.909090909
"5277 - Die Cut Part CSM Cu/Al/PET w/ Adh. Laminate 0.375"" x 4.048""",255,TT100 V29 200 Poly SC6 200 Poly H9-W4.6,0.041666667,Length Units,Stock,0.909090909
"5277 - Die Cut Part CSM Cu/Al/PET w/ Adh. Laminate 0.375"" x 4.048""",255,9009-W0.75,0.041666667,Length Units,Stock,0.909090909
"5277 - Die Cut Part CSM Cu/Al/PET w/ Adh. Laminate 0.375"" x 4.048""",255,9009-W0.75,0.041666667,Length Units,Stock,0.909090909
"5277 - Die Cut Part CSM Cu/Al/PET w/ Adh. Laminate 0.375"" x 4.048""",255,4 mil Clear PET-W4.6,0.041666667,Length Units,Stock,0.909090909
"5277 - Die Cut Part CSM Cu/Al/PET w/ Adh. Laminate 0.375"" x 4.048""",255,SP-2022-000-39-W6 - CatID-22562,0.041666667,Length Units,Stock,0.909090909
"5278 - Die Cut Part CSM Cu/Al/PET w/ Adh. Laminate 0.375"" x 4.886""",256,SP-2022-000-39-W6 - CatID-22562,0.041666667,Length Units,Stock,0.909090909
"5278 - Die Cut Part CSM Cu/Al/PET w/ Adh. Laminate 0.375"" x 4.886""",256,TT100 V29 200 Poly SC6 200 Poly H9-W5.4687,0.041666667,Length Units,Stock,0.909090909
"5279 - Die Cut Part CSM Cu/Al/PET w/ Adh. Laminate 0.375"" x 2.042""",257,SP-2022-000-39-W3 - CatID-22561,0.041666667,Length Units,Stock,0.909090909
"5279 - Die Cut Part CSM Cu/Al/PET w/ Adh. Laminate 0.375"" x 2.042""",257,TT100 V29 200 Poly SC6 200 Poly H9-W2.5,0.041666667,Length Units,Stock,0.909090909
"5280 - Die Cut Part CSM Cu/Al/PET w/ Adh. Laminate 0.375"" x 1.920""",258,SP-2022-000-39-W3 - CatID-22561,0.041666667,Length Units,Stock,0.909090909
"5280 - Die Cut Part CSM Cu/Al/PET w/ Adh. Laminate 0.375"" x 1.920""",258,TT100 V29 200 Poly SC6 200 Poly H9-W2.5,0.041666667,Length Units,Stock,0.909090909
"5281 - Die Cut Part CSM Cu/Al/PET w/ Adh. Laminate 0.375"" x 2.292""",259,TT100 V29 200 Poly SC6 200 Poly H9-W2.75,0.041666667,Length Units,Stock,0.909090909
"5281 - Die Cut Part CSM Cu/Al/PET w/ Adh. Laminate 0.375"" x 2.292""",259,SP-2022-000-39-W3 - CatID-22561,0.041666667,Length Units,Stock,0.909090909
"5282 - Die Cut Part CSM Cu/Al/PET w/ Adh. Laminate 0.75"" x 7.721""",260,SP-2022-000-39-W6 - CatID-22562,0.116666667,Length Units,Stock,0.909090909
"5282 - Die Cut Part CSM Cu/Al/PET w/ Adh. Laminate 0.75"" x 7.721""",260,4 mil Clear PET-W6,0.116666667,Length Units,Stock,0.909090909
"5282 - Die Cut Part CSM Cu/Al/PET w/ Adh. Laminate 0.75"" x 7.721""",260,9009-W0.75,0.116666667,Length Units,Stock,0.909090909
"5282 - Die Cut Part CSM Cu/Al/PET w/ Adh. Laminate 0.75"" x 7.721""",260,9009-W0.75,0.116666667,Length Units,Stock,0.909090909
"5282 - Die Cut Part CSM Cu/Al/PET w/ Adh. Laminate 0.75"" x 7.721""",260,TT100 V29 200 Poly SC6 200 Poly H9-W6,0.116666667,Length Units,Stock,0.909090909
"5283 - Die Cut Part CSM Cu/Al/PET w/ Adh. Laminate 0.75"" x 8.791""",261,SP-2022-000-39-W6 - CatID-22562,0.145833333,Length Units,Stock,0.769230769
"5283 - Die Cut Part CSM Cu/Al/PET w/ Adh. Laminate 0.75"" x 8.791""",261,4 mil Clear PET-W6,0.145833333,Length Units,Stock,0.769230769
"5283 - Die Cut Part CSM Cu/Al/PET w/ Adh. Laminate 0.75"" x 8.791""",261,9009-W0.75,0.145833333,Length Units,Stock,0.769230769
"5283 - Die Cut Part CSM Cu/Al/PET w/ Adh. Laminate 0.75"" x 8.791""",261,9009-W0.75,0.145833333,Length Units,Stock,0.769230769
"5283 - Die Cut Part CSM Cu/Al/PET w/ Adh. Laminate 0.75"" x 8.791""",261,TT100 V29 200 Poly SC6 200 Poly H9-W6,0.145833333,Length Units,Stock,0.769230769
"5308 - Die Cut Part 44X Side Window Mask 19.375"" x 13.500""",262,SCPM-44X-W14,1.614583333,Length Units,Stock,0.833333333
"5308 - Die Cut Part 44X Side Window Mask 19.375"" x 13.500""",262,78 lb. C1S S45-W15,1.614583333,Length Units,Stock,0.833333333
"5309 - Printed Tape White Vinyl Tape Printed ""INTERNAL FMED INSTALLED"" 2"" X 50Yd",263,3903-W4.625,0.075,Length Units,Stock,0.909090909
"5309 - Printed Tape White Vinyl Tape Printed ""INTERNAL FMED INSTALLED"" 2"" X 50Yd",263,42 lb. C1S S0-W5,0.075,Length Units,Stock,0.909090909
"5312 - Perforated Roll 1/8"" thick Black PE Foam Perforated Every 7"" 1"" x 100'",264,2AFR Black-W60 - CatID-13764,0.001666667,Length Units,Stock,0.909090909
5322 - Tape 3M 2693 Masking 5mm x 55m,265,2693 -PL-W57,0.00063527,Length Units,Stock,0.952380952
"5354 - Sheeted Part ST-1116 on Extended Liner w/ printed backing ST-11161122 0.625"" x 3.125""",266,5413-W0.625,0.260416667,Length Units,Stock,0.909090909
"5354 - Sheeted Part ST-1116 on Extended Liner w/ printed backing ST-11161122 0.625"" x 3.125""",266,4935-W1,0.260416667,Length Units,Stock,0.909090909
"5354 - Sheeted Part ST-1116 on Extended Liner w/ printed backing ST-11161122 0.625"" x 3.125""",266,1000Tpvc-W1,0.260416667,Length Units,Stock,0.909090909
"5371 - Die Cut Part Checkerboard Tamper Labels 0.75"" x 3.0""",267,PM200 Tampermark-W3.5,0.072916667,Length Units,Stock,0.869565217
5395 - Tape Butt cut Silver splice 19mm x 19mm x 72Yd,268,153150160-W6,0.027,Length Units,Stock,0.909090909
5457 - Tape 375 Clear 48mm X 50m,269,375 Clear-W1.889,0.16375,Length Units,Stock,0.909090909
"5470 - Die Cut Part Tail Light Mask 6.75"" x 5.34""",270,232-W6,0.572916667,Length Units,Stock,0.666666667
"5470 - Die Cut Part Tail Light Mask 6.75"" x 5.34""",270,78 lb. C1S S0-W6.25,0.572916667,Length Units,Stock,0.666666667
"5473 - Die Cut Part Membrane, Carrier Sample Well 0.750"" x 4.492"" plus Tab",271,EL-90420-W5.4,0.072916667,Length Units,Stock,0.909090909
"5494 - Tape 3M 2393 10"" x 60Yd",272,2392-W62.2047,0.036,Length Units,Stock,0.909090909
"5541 - Die Cut Part CSM Cu/Tin/PET w/ Adh. Laminate 0.375"" x 2.422""",273,SP-2068-000-39-W3 - CatID-22564,0.041666667,Length Units,Stock,0.909090909
"5541 - Die Cut Part CSM Cu/Tin/PET w/ Adh. Laminate 0.375"" x 2.422""",273,TT100 V29 200 Poly SC6 200 Poly H9-W2.75,0.041666667,Length Units,Stock,0.909090909
"5542 - Die Cut Part CSM Cu/Tin/PET w/ Adh. Laminate 0.75"" x 6.299""",274,SP-2068-000-39-W6 - CatID-23060,0.104166667,Length Units,Stock,0.909090909
"5542 - Die Cut Part CSM Cu/Tin/PET w/ Adh. Laminate 0.75"" x 6.299""",274,4 mil Clear PET-W6,0.104166667,Length Units,Stock,0.909090909
"5542 - Die Cut Part CSM Cu/Tin/PET w/ Adh. Laminate 0.75"" x 6.299""",274,9009-W0.75,0.104166667,Length Units,Stock,0.909090909
"5542 - Die Cut Part CSM Cu/Tin/PET w/ Adh. Laminate 0.75"" x 6.299""",274,9009-W0.75,0.104166667,Length Units,Stock,0.909090909
"5542 - Die Cut Part CSM Cu/Tin/PET w/ Adh. Laminate 0.75"" x 6.299""",274,TT100 V29 200 Poly SC6 200 Poly H9-W6,0.104166667,Length Units,Stock,0.909090909
"5543 - Die Cut Part CSM Cu/Al/PET w/ Adh. Laminate 0.375"" x 3.873""",275,TT100 V29 200 Poly SC6 200 Poly H9-W4.6,0.041666667,Length Units,Stock,0.909090909
"5543 - Die Cut Part CSM Cu/Al/PET w/ Adh. Laminate 0.375"" x 3.873""",275,SP-2022-000-39-W6 - CatID-22562,0.041666667,Length Units,Stock,0.909090909
"5543 - Die Cut Part CSM Cu/Al/PET w/ Adh. Laminate 0.375"" x 3.873""",275,9009-W0.75,0.041666667,Length Units,Stock,0.909090909
"5543 - Die Cut Part CSM Cu/Al/PET w/ Adh. Laminate 0.375"" x 3.873""",275,9009-W0.75,0.041666667,Length Units,Stock,0.909090909
"5543 - Die Cut Part CSM Cu/Al/PET w/ Adh. Laminate 0.375"" x 3.873""",275,4 mil Clear PET-W4.6,0.041666667,Length Units,Stock,0.909090909
"5544 - Die Cut Part CSM Cu/Al/PET w/ Adh. Laminate 0.375"" x 5.362""",276,SP-2022-000-39-W6 - CatID-22562,0.041666667,Length Units,Stock,0.909090909
"5544 - Die Cut Part CSM Cu/Al/PET w/ Adh. Laminate 0.375"" x 5.362""",276,TT100 V29 200 Poly SC6 200 Poly H9-W5.75,0.041666667,Length Units,Stock,0.909090909
"5546 - Slit Rolls Masking Tape, Fine Line, Hi-Temp 0.75"" x 36Yd",277,4737T-W0.75,0.108,Length Units,Stock,0.909090909
"5547 - Die Cut Part Rectangle w/ Tab VHB Tape 0.5"" x 3.75"" w/ 0.25"" tab",278,5925-W4.5,0.041666667,Length Units,Stock,0.555555556
"5547 - Die Cut Part Rectangle w/ Tab VHB Tape 0.5"" x 3.75"" w/ 0.25"" tab",278,54 lb. C1S S0-W5,0.041666667,Length Units,Stock,0.555555556
"5557 - Fabricated Part UHMW with 3M VHB 42"" x 0.875"" with 0.125"" corners",279,5952-W12,0.0005,Length Units,Stock,0.909090909
"5557 - Fabricated Part UHMW with 3M VHB 42"" x 0.875"" with 0.125"" corners",279,8752K611-TR-W24,0.0005,"Each (Use for Boxes, Bags, Cores, Cases)",Stock,0.909090909
"5575 - Paint Adhesion Tape ST-1195 on printed cores 1"" x 60Yd
",280,371-W5.669,0.036,Length Units,Stock,0.909090909
"5575 - Paint Adhesion Tape ST-1195 on printed cores 1"" x 60Yd
",280,FP-726-W6,0.036,Length Units,Stock,0.909090909
"5577 - Paint Adhesion Tape ST-1195 on plain cores 1"" x 60Yd",281,371-W5.669,0.036,Length Units,Stock,0.909090909
"5577 - Paint Adhesion Tape ST-1195 on plain cores 1"" x 60Yd",281,FP-726-W6,0.036,Length Units,Stock,0.909090909
"5579 - Core Liner Orange (pantone 021) with Elcometer company logo 5500' x 3-15/16""",282,"50#, White,Finch Opaque-W17.5",0.5,Length Units,Stock,0.909090909
"5593 - Slit Rolls White PP Film, 3 mil 19mm x 3,200'",283,3 mil Corona Treated White PolyPro-W12,0.2,Length Units,Stock,0.952380952
"5597 - Die Cut Part SG 51825C Mask with Tab 1.45"" x 1.25""",284,51825C-W2,0.145833333,Length Units,Stock,0.892857143
"5597 - Die Cut Part SG 51825C Mask with Tab 1.45"" x 1.25""",284,78 lb. C1S BG40-W2.5,0.145833333,Length Units,Stock,0.892857143
"5599 - Fabricated Part CSM FEP 200A, 2 mil Teflon perfed at 12-1/2"" # D11510344 6"" x 500'",285,200A FEP Teflon-W6,1.041666667,Length Units,Stock,0.909090909
"5611 - Slit Rolls General purpose masking 2.5"" x 60Yd",286,GPM-63-W55.5,0.008181818,Length Units,Stock,0.952380952
"5612 - Slit Rolls General purpose masking 3.5"" x 60Yd",287,GPM-63-W49.2,0.013846154,Length Units,Stock,0.952380952
5630 - Die Cut Part Wiper Foam - VHB 15mm x 15mm,288,GT7108-W1.25,0.0625,Length Units,Stock,0.869565217
5630 - Die Cut Part Wiper Foam - VHB 15mm x 15mm,288,Q300-W1.5,0.0625,Length Units,Stock,0.869565217
5630 - Die Cut Part Wiper Foam - VHB 15mm x 15mm,288,54 lb. C1S SL4 (S38)-W1,0.0625,Length Units,Stock,0.869565217
5631 - Die Cut Part Wiper Foam - VHB 21mm x 27mm,289,GT7108-W2,0.104166667,Length Units,Stock,0.869565217
5631 - Die Cut Part Wiper Foam - VHB 21mm x 27mm,289,Q300-W2,0.104166667,Length Units,Stock,0.869565217
5631 - Die Cut Part Wiper Foam - VHB 21mm x 27mm,289,54 lb. C1S SL4 (S38)-W1.75,0.104166667,Length Units,Stock,0.869565217
5632 - Die Cut Part Wiper Foam - Poly 21mm x 26mm,290,T84562001-W37.4,0.003968333,Length Units,Stock,0.869565217
5632 - Die Cut Part Wiper Foam - Poly 21mm x 26mm,290,42 lb. C1S S0-W1.5,0.083333333,Length Units,Stock,0.869565217
5633 - Die Cut Part Wiper Foam - Poly 19mm x 19.5mm,291,T84562001-W37.4,0.002604167,Length Units,Stock,0.869565217
5633 - Die Cut Part Wiper Foam - Poly 19mm x 19.5mm,291,42 lb. C1S S0-W1.25,0.072916667,Length Units,Stock,0.869565217
"5635 - Die Cut Label Unprinted Circle 3 3/8"" Dia",292,FM01961K-W4.5,0.291666667,Length Units,Stock,0.952380952
"5649 - Slit Rolls Masking Tape, Hi-Temp 24mm x 55m",293,2693-W0.9449,0.18,Length Units,Stock,0.909090909
5651 - Die Cut Part Blower Gasket Cover - 4929 84.54mm x 54mm,294,4929-W3.75,0.00025,Length Units,Stock,0.666666667
5651 - Die Cut Part Blower Gasket Cover - 4929 84.54mm x 54mm,294,2 mil T50-W4,0.00025,Length Units,Stock,0.666666667
5651 - Die Cut Part Blower Gasket Cover - 4929 84.54mm x 54mm,294,53 Lb. C2S BG0/BG0-W4.5,0.00025,Length Units,Stock,0.666666667
5660 - Die Cut Part Pull Tabs 6mm x 80mm,295,5300-W1.5,0.019583333,Length Units,Stock,0.833333333
5660 - Die Cut Part Pull Tabs 6mm x 80mm,295,4 mil Blue HDPE-W1.95,0.019583333,Length Units,Stock,0.833333333
5660 - Die Cut Part Pull Tabs 6mm x 80mm,295,54 lb. C1S S0-W3.625,0.019583333,Length Units,Stock,0.833333333
"5672 - Die Cut Part CSM Cu/Al/PET w/ Adh. Laminate 375"" x 4.423""",296,SP-2022-000-39-W6 - CatID-22562,0.041666667,Length Units,Stock,0.909090909
"5672 - Die Cut Part CSM Cu/Al/PET w/ Adh. Laminate 375"" x 4.423""",296,TT100 V29 200 Poly SC6 200 Poly H9-W5,0.041666667,Length Units,Stock,0.909090909
"5672 - Die Cut Part CSM Cu/Al/PET w/ Adh. Laminate 375"" x 4.423""",296,4 mil Clear PET-W5.1,0.041666667,Length Units,Stock,0.909090909
"5672 - Die Cut Part CSM Cu/Al/PET w/ Adh. Laminate 375"" x 4.423""",296,9009-W0.75,0.041666667,Length Units,Stock,0.909090909
"5672 - Die Cut Part CSM Cu/Al/PET w/ Adh. Laminate 375"" x 4.423""",296,9009-W0.75,0.041666667,Length Units,Stock,0.909090909
"5673 - Die Cut Part CSM Cu/Al/PET w/ Adh. Laminate 0.75"" x 9.679""",297,SP-2022-000-39-W6 - CatID-22562,0.166666667,Length Units,Stock,0.909090909
"5673 - Die Cut Part CSM Cu/Al/PET w/ Adh. Laminate 0.75"" x 9.679""",297,4 mil Clear PET-W6,0.166666667,Length Units,Stock,0.909090909
"5673 - Die Cut Part CSM Cu/Al/PET w/ Adh. Laminate 0.75"" x 9.679""",297,TT100 V29 200 Poly SC6 200 Poly H9-W6,0.166666667,Length Units,Stock,0.909090909
"5673 - Die Cut Part CSM Cu/Al/PET w/ Adh. Laminate 0.75"" x 9.679""",297,9009-W0.75,0.166666667,Length Units,Stock,0.909090909
"5673 - Die Cut Part CSM Cu/Al/PET w/ Adh. Laminate 0.75"" x 9.679""",297,9009-W0.75,0.166666667,Length Units,Stock,0.909090909
"5674 - Die Cut Part Filler Mask with tab 4.125"" x 4.125""",298,232-W4.625,0.000359375,Length Units,Stock,0.909090909
"5674 - Die Cut Part Filler Mask with tab 4.125"" x 4.125""",298,54 lb. C1S SL4 (S38)-W4.75,0.000359375,Length Units,Stock,0.909090909
"5675 - Slit Rolls Nitto E-Mask RB300S 8"" X 200m",299,RB300S-W49.2,0.109166667,Length Units,Stock,0.961538462
"5680 - Perforated Tape Paint Booth Shoe Covering Film 18"" x 11""",300,3179C-W11,0.6,Length Units,Stock,0.909090909
"5682 - Die Cut Part Low Tack Film .010 Thick 1"" OD x 1/2"" ID",301,9415PC-W2.5,0.052083333,Length Units,Stock,0.869565217
"5682 - Die Cut Part Low Tack Film .010 Thick 1"" OD x 1/2"" ID",301,10 mil Poly-W3,0.052083333,Length Units,Stock,0.869565217
"5682 - Die Cut Part Low Tack Film .010 Thick 1"" OD x 1/2"" ID",301,Q100 (FRA-3307)-W3.25,0.052083333,Length Units,Stock,0.869565217
"5689 - Die Cut Label 3M 7011 tamper evident label with gray reverse print 1.5"" x 1.25""",302,7011-W3,0.067708333,Length Units,Stock,0.8
"5732 - Printed Tape White UPVC Reverse Printed Blue with ""1"" 1/2"" x 80Yd",303,5905Wpvc-W5.905,0.021818182,Length Units,Stock,0.909090909
"5733 - Printed Tape White UPVC Reverse Printed Blue with ""2"" 1/2"" x 80Yd",304,5905Wpvc-W5.905,0.021818182,Length Units,Stock,0.909090909
"5734 - Printed Tape White UPVC Reverse Printed Blue with ""5"" 1/2"" x 80Yd",305,5905Wpvc-W5.905,0.021818182,Length Units,Stock,0.909090909
"5735 - Printed Tape White UPVC Reverse Printed Blue with ""7"" 1/2"" x 80Yd",306,5905Wpvc-W5.905,0.021818182,Length Units,Stock,0.909090909
"5736 - Printed Tape White UPVC printed black ""5"" 1/2"" x 80Yd",307,5905Wpvc-W5.905,0.021818182,Length Units,Stock,0.909090909
"5751 - Die Cut Part Buzzer seal with pull tab 0.320"" dia with tab",308,B010HY Black-W0.75,0.041666667,Length Units,Stock,0.714285714
"5751 - Die Cut Part Buzzer seal with pull tab 0.320"" dia with tab",308,9471LE-W2,0.041666667,Length Units,Stock,0.714285714
"5751 - Die Cut Part Buzzer seal with pull tab 0.320"" dia with tab",308,42 lb. C1S S0-W2,0.041666667,Length Units,Stock,0.714285714
"5751 - Die Cut Part Buzzer seal with pull tab 0.320"" dia with tab",308,FRA 354-W1.25,0.041666667,Length Units,Stock,0.714285714
"5781 - Wheel Mask 20"" Chicago/Oakville 558.80mm Dia",309,51134-W23.5,1.916666667,Length Units,Stock,0.909090909
"5781 - Wheel Mask 20"" Chicago/Oakville 558.80mm Dia",309,78 lb. C1S BG40-W23,1.916666667,Length Units,Stock,0.909090909
"5781 - Wheel Mask 20"" Chicago/Oakville 558.80mm Dia",309,1875DkGpvc-W0.1875,1.916666667,Length Units,Stock,0.909090909
"5781 - Wheel Mask 20"" Chicago/Oakville 558.80mm Dia",309,HP260White-print-W0.5,1.916666667,Length Units,Stock,0.909090909
"5782 - Wheel Mask 22"" Oakville 622.30mm Dia",310,51134-W26,2.125,Length Units,Stock,0.99009901
"5782 - Wheel Mask 22"" Oakville 622.30mm Dia",310,78 lb. C1S BG40-W25.5,2.125,Length Units,Stock,0.99009901
"5782 - Wheel Mask 22"" Oakville 622.30mm Dia",310,1875Blkpvc-W0.1875,2.125,Length Units,Stock,0.99009901
"5782 - Wheel Mask 22"" Oakville 622.30mm Dia",310,HP260White-print-W0.5,2.125,Length Units,Stock,0.99009901
"5841 - Tape 9816M 9"" x 250Yd",311,9816M-W54,0.125,Length Units,Stock,0.909090909
"5851 - Fabricated Part UHMW with 3M VHB 1-3/8"" x 1-3/8"" x 1/8""T",312,5925-W12,0.000015625,Length Units,Stock,0.909090909
"5851 - Fabricated Part UHMW with 3M VHB 1-3/8"" x 1-3/8"" x 1/8""T",312,8752K611-TR-W24,7.81E-06,"Each (Use for Boxes, Bags, Cores, Cases)",Stock,0.909090909
"5855 - Fabricated Part CSM FEP 200A, 2 mil Teflon perfed at 14"" 13"" x 1,400'",313,200A FEP Teflon-W13,0.001,Length Units,Stock,0.909090909
5875 - Die Cut Part Fixturing Tape 8mm x 40mm,314,V400F White No PS-W6.75,0.00825,Length Units,Stock,0.555555556
5875 - Die Cut Part Fixturing Tape 8mm x 40mm,314,V400F White No PS-W6.75,0.011,Length Units,Stock,0.555555556
5875 - Die Cut Part Fixturing Tape 8mm x 40mm,314,9626-W6.5,0.00825,Length Units,Stock,0.555555556
5875 - Die Cut Part Fixturing Tape 8mm x 40mm,314,9626-W6.5,0.011,Length Units,Stock,0.555555556
5875 - Die Cut Part Fixturing Tape 8mm x 40mm,314,467MP-W6.125,0.011,Length Units,Stock,0.555555556
5875 - Die Cut Part Fixturing Tape 8mm x 40mm,314,4994-W2,0.066,Length Units,Stock,0.555555556
5875 - Die Cut Part Fixturing Tape 8mm x 40mm,314,55 lb. Medium Release-W2,0.066,Length Units,Stock,0.555555556
5875 - Die Cut Part Fixturing Tape 8mm x 40mm,314,78 lb. C1S S45-W2.875,0.066,Length Units,Stock,0.555555556
"5898 - Die Cut Part 3M 4492 2.4375"" x 1.0""",315,4492W-W3,0.09375,Length Units,Stock,0.892857143
"5898 - Die Cut Part 3M 4492 2.4375"" x 1.0""",315,54 lb. C1S S0-W3.25,0.09375,Length Units,Stock,0.892857143
"5899 - Die Cut Part 3M 4492 1.9375"" x 1.0""",316,4492W-W2.5,0.09375,Length Units,Stock,0.892857143
"5899 - Die Cut Part 3M 4492 1.9375"" x 1.0""",316,54 lb. C1S S0-W2.5,0.09375,Length Units,Stock,0.892857143
"5902 - Slit Tape 3M 1181 Cu Tape 0.360"" x 60Yd",317,1181-W23 - CatID-16245,0.003,Length Units,Stock,0.952380952
"5903 - Slit Tape 3M 1181 Cu Foil Tape 0.270"" x 60Yd",318,1181-W23 - CatID-16245,0.00225,Length Units,Stock,0.952380952
5908 - Die Cut Part AB 7405 Mask with Tab 43mm x 45mm,319,7405W-W2.25,0.15625,Length Units,Stock,0.8
5908 - Die Cut Part AB 7405 Mask with Tab 43mm x 45mm,319,78 lb. C1S BG40-W2.5,0.15625,Length Units,Stock,0.8
"5909 - Printed Tape White UPVC printed black with #6 1/2"" x 80Yd",320,5905Wpvc-W5.905,0.021818182,Length Units,Stock,0.909090909
"5913 - Slit Tape 8 mil Reinforced Double Sided tape 1/2"" x 10Yd",321,4965-W54,0.00030303,Length Units,Stock,0.909090909
"5932 - Die Cut Part Mammo Circle with 1.0mm BB 0.6"" Dia",322,1598K16-W0.039,0.083333333,"Each (Use for Boxes, Bags, Cores, Cases)",Stock,0.909090909
"5932 - Die Cut Part Mammo Circle with 1.0mm BB 0.6"" Dia",322,5979-W1.5,0.083333333,"Each (Use for Boxes, Bags, Cores, Cases)",Stock,0.909090909
"5932 - Die Cut Part Mammo Circle with 1.0mm BB 0.6"" Dia",322,E-Max 303,0.083333333,"Each (Use for Boxes, Bags, Cores, Cases)",Stock,1
"5936 - Die Cut Part Mammo Circle with 2.0mm BB 0.6"" Dia",323,5979-W1.5,0.083333333,"Each (Use for Boxes, Bags, Cores, Cases)",Stock,0.869565217
"5936 - Die Cut Part Mammo Circle with 2.0mm BB 0.6"" Dia",323,E-Max 303,0.083333333,"Each (Use for Boxes, Bags, Cores, Cases)",Stock,1
"5936 - Die Cut Part Mammo Circle with 2.0mm BB 0.6"" Dia",323,CatID-23115-W0.079,0.083333333,Unit-Base M (Use for Finished Goods),Stock,0.869565217
"5937 - Die Cut Part Mammo Circle with 2.5mm BB 0.6"" Dia",324,1598K22-W0.098,0.004,"Each (Use for Boxes, Bags, Cores, Cases)",Stock,0.909090909
"5937 - Die Cut Part Mammo Circle with 2.5mm BB 0.6"" Dia",324,5979-W1.5,0.083333333,"Each (Use for Boxes, Bags, Cores, Cases)",Stock,0.909090909
"5937 - Die Cut Part Mammo Circle with 2.5mm BB 0.6"" Dia",324,E-Max 303,0.083333333,"Each (Use for Boxes, Bags, Cores, Cases)",Stock,0.090909091
5944 - Die Cut Part DA53-88262-A5 supplied 2 up on roll 87.69mm x 25.4mm plus tab,325,62856 PV06-W3,0.151041667,Length Units,Stock,0.909090909
5944 - Die Cut Part DA53-88262-A5 supplied 2 up on roll 87.69mm x 25.4mm plus tab,325,4 mil Blue HDPE-W3,0.151041667,Length Units,Stock,0.909090909
5944 - Die Cut Part DA53-88262-A5 supplied 2 up on roll 87.69mm x 25.4mm plus tab,325,54 lb. C1S S0-W3.25,0.151041667,Length Units,Stock,0.909090909
5964 - Die Cut Part 51825C Mask with Tab 43mm x 45mm,326,78 lb. C1S S45(BG40)-W2.5,0.15625,Length Units,Stock,0.909090909
5964 - Die Cut Part 51825C Mask with Tab 43mm x 45mm,326,51825C-W2,0.15625,Length Units,Stock,0.909090909
"5966 - Sheeted Part SJ3540 1/2"" x 2""",327,SJ3540-W2,0.041666667,Length Units,Stock,0.909090909
"5979 - Printed Label Mammo Circle for BB application 0.6"" Dia",328,6040-W6,0.020833333,Length Units,Stock,0.833333333
"5979 - Printed Label Mammo Circle for BB application 0.6"" Dia",328,7301C-W0.25,0.020833333,Length Units,Stock,0.833333333
"5979 - Printed Label Mammo Circle for BB application 0.6"" Dia",328,7301C-W0.25,0.020833333,Length Units,Stock,0.833333333
"5979 - Printed Label Mammo Circle for BB application 0.6"" Dia",328,7301C-W0.25,0.020833333,Length Units,Stock,0.833333333
"5979 - Printed Label Mammo Circle for BB application 0.6"" Dia",328,7301C-W0.25,0.020833333,Length Units,Stock,0.833333333
"5979 - Printed Label Mammo Circle for BB application 0.6"" Dia",328,4994-W6,0.020833333,Length Units,Stock,0.833333333
"6007 - Fabricated Part ST-1715 Bonding Film 0.875"" Dia",329,583-W6,0.016666667,Length Units,Stock,0.892857143
"6007 - Fabricated Part ST-1715 Bonding Film 0.875"" Dia",329,3 mil Polyester Item# 12263-W6.25,0.016666667,Length Units,Stock,0.892857143
"6018 - Printed Tape White UPVC printed black #1 1/2"" x 80Yd",330,5905Wpvc-W5.905,0.021818182,Length Units,Stock,0.909090909
"6026 - Printed Tape White UPVC printed black #2 1/2"" x 80Yd",331,5905Wpvc-W5.905,0.021818182,Length Units,Stock,0.909090909
"6027 - Printed Tape White UPVC printed black ""3"" 1/2"" x 80Yd",332,5905Wpvc-W5.905,0.021818182,Length Units,Stock,0.909090909
"6028 - Printed Tape White UPVC printed black ""4"" 1/2"" x 80Yd",333,5905Wpvc-W5.905,0.021818182,Length Units,Stock,0.909090909
"6040 - Printed material Input material for die cutting process 6"" wide",334,1526-W6,0.25,Length Units,Stock,0.833333333
"6052 - Die Cut Foil ChromAir with slot 3.433"" x 0.833""",335,A-21-PS-W8,0.037760417,Length Units,Stock,0.909090909
"6052 - Die Cut Foil ChromAir with slot 3.433"" x 0.833""",335,Q200-W3.85,0.037760417,Length Units,Stock,0.909090909
"6053 - Die Cut Foil ChromAir with 6 holes 3.433"" x 0.914""",336,A-21-PS-W8,0.037760417,Length Units,Stock,0.909090909
"6053 - Die Cut Foil ChromAir with 6 holes 3.433"" x 0.914""",336,Q200-W3.85,0.037760417,Length Units,Stock,0.909090909
6067 - Die Cut Part TK4 Grill Mask 70mm x 100mm,337,FV003602-W5,0.239583333,Length Units,Stock,0.833333333
6067 - Die Cut Part TK4 Grill Mask 70mm x 100mm,337,931-W3.1875,0.239583333,Length Units,Stock,0.833333333
6067 - Die Cut Part TK4 Grill Mask 70mm x 100mm,337,HP260 - White-W5.67,0.239583333,Length Units,Stock,0.833333333
6067 - Die Cut Part TK4 Grill Mask 70mm x 100mm,337,54 lb. C1S S0-W6,0.239583333,Length Units,Stock,0.833333333
6107 - Fabricated Part Ocular Membrane 6.35mm x 44.45mm,338,505FDA-W2,0.020833333,Length Units,Stock,0.909090909
6107 - Fabricated Part Ocular Membrane 6.35mm x 44.45mm,338,ST-1234-W1.26,0.020833333,Length Units,Stock,0.909090909
6107 - Fabricated Part Ocular Membrane 6.35mm x 44.45mm,338,SUPOR-200-W1.813,0.020833333,Length Units,Stock,0.909090909
6107 - Fabricated Part Ocular Membrane 6.35mm x 44.45mm,338,ST-1234-W1.75,0.020833333,Length Units,Stock,0.909090909
6107 - Fabricated Part Ocular Membrane 6.35mm x 44.45mm,338,1043-W2,0.020833333,Length Units,Stock,0.909090909
"6108 - Sheeted Part Orange vinyl strips 15"" x 2.75""",339,V400F Orange TC160 V23-W3.375,1.25,Length Units,Stock,0.952380952
"6108 - Sheeted Part Orange vinyl strips 15"" x 2.75""",339,7301C-W3.5,1.25,Length Units,Stock,0.952380952
"6108 - Sheeted Part Orange vinyl strips 15"" x 2.75""",339,500Ypvc-W0.5,1.25,Length Units,Stock,0.952380952
"6111 - Tape 3M 401+ with 78# liner 30"" x 50'",340,401+-W30,0.05,Length Units,Stock,0.833333333
"6111 - Tape 3M 401+ with 78# liner 30"" x 50'",340,78 lb. C1S BG0-W30.25,0.05,Length Units,Stock,0.833333333
"6118 - Perfed Part Black Volara foam with perf #P084047B 18.25"" x 3""",341,2AFR Black-W9,0.000506944,Length Units,Stock,0.909090909
"6119 - Foam 0.125""T 2AFR Black Volara with PSA-60 3"" x 100'",342,2AFR Black-W60 - CatID-13764,0.005555556,Length Units,Stock,0.970873786
6142 - Slit Tape 3M 60 Teflon Tape Various size x 36Yd,343,60-W13.5,0.005684211,Length Units,Stock,0.952380952
"6173 - Die Cut Part Race Track 1"" x 2.5""",344,2132-W5.438,0.0642375,Length Units,Stock,0.884955752
"6173 - Die Cut Part Race Track 1"" x 2.5""",344,42 lb. C1S S0-W6,0.0642375,Length Units,Stock,0.884955752
"6173 - Die Cut Part Race Track 1"" x 2.5""",344,54 lb. C1S S0(BG0)-W5,0.0642375,Length Units,Stock,0.884955752
"6173 - Die Cut Part Race Track 1"" x 2.5""",344,HP260 - White-W5.67,0.0642375,Length Units,Stock,0.884955752
"6180 - Fabricated Part Blue arrow with Adh. 0.5"" x 5.5""",345,55 lb. Tight C1S-W6,0.052083333,Length Units,Stock,0.869565217
"6180 - Fabricated Part Blue arrow with Adh. 0.5"" x 5.5""",345,EAD500-W0.5,0.052083333,Length Units,Stock,0.869565217
"6180 - Fabricated Part Blue arrow with Adh. 0.5"" x 5.5""",345,EAD500-W0.5,0.052083333,Length Units,Stock,0.869565217
"6180 - Fabricated Part Blue arrow with Adh. 0.5"" x 5.5""",345,Spec# 78004-W6,0.052083333,Length Units,Stock,0.869565217
6199 - Die Cut Part 3M 1181 5.90mm x 13.20mm,346,1181-W1,0.02975,Length Units,Stock,0.8
6219 - Slit Film 3M 1350F-2 Black 66.5mm x 195m,347,1350F-2-W12,0.1605,Length Units,Stock,0.970873786
6224 - Die Cut Part AB 7405 45mm x 73mm,348,7405W-W3.375,0.166666667,Length Units,Stock,0.869565217
6224 - Die Cut Part AB 7405 45mm x 73mm,348,78 lb. C1S BG40-W3.25,0.166666667,Length Units,Stock,0.869565217
"6240 - Die Cut Part Adh. Transfer Tape - No Tab 0.105"" x 0.105""",349,468MP-W2.4375,0.004270833,Length Units,Stock,0.869565217
"6240 - Die Cut Part Adh. Transfer Tape - No Tab 0.105"" x 0.105""",349,T-363-W2.5,0.004270833,Length Units,Stock,0.869565217
"6241 - Sheeted Part 3M 401+, Linered 16"" x 12""",350,401+-W12,1.333333333,Length Units,Stock,0.909090909
"6241 - Sheeted Part 3M 401+, Linered 16"" x 12""",350,78 lb. C1S BG40-W12.25,1.333333333,Length Units,Stock,0.909090909
"6244 - Slit Tape 3M 56 1/8"" x 72Yd",351,56-W24,0.0012,Length Units,Stock,0.909090909
6247 - Slit Tape CSM slit to width See Work order x 164',352,Belbien Architectural Film-W48,0.164,Length Units,Stock,0.952380952
"6258 - Die Cut Part F9460PC with 0.25"" tab 0.125"" x 2.185""",353,F9460PC-W3,0.063333333,Length Units,Stock,0.909090909
"6258 - Die Cut Part F9460PC with 0.25"" tab 0.125"" x 2.185""",353,FRA 3502-W3,0.063333333,Length Units,Stock,0.909090909
"6258 - Die Cut Part F9460PC with 0.25"" tab 0.125"" x 2.185""",353,375Tpvc-W0.375,0.063333333,Length Units,Stock,0.909090909
"6273 - Butt Cut Part Foil 3/4"" x 3/4""",354,427-W5.5,0.03125,Length Units,Stock,0.862068966
"6275 - Slit Tape 3M 9495LE 1/2"" x 60Yd",355,9495LE-W54,0.001730769,Length Units,Stock,0.952380952
6279 - Slit Tape Nitto P-212HD See WO,356,P212HD-W24,0.004909091,Length Units,Stock,0.909090909
"6280 - Die Cut Part 3M 4920 1.16"" x 0.90""",357,4920-W2.25,0.0546875,Length Units,Stock,0.666666667
"6280 - Die Cut Part 3M 4920 1.16"" x 0.90""",357,54 lb. C1S S0 (BG0)-W2.25,0.0546875,Length Units,Stock,0.666666667
"6288 - Fabricated Part CSM FEP 200A, 2 mil Teflon perfed at 14"" 12.25"" x See WO",358,200A FEP Teflon-W12.25,1,Length Units,Stock,0.909090909
"6291 - Slit Rolls 3M 33515 1.5"" x 10Yd",359,33515-W60,0.001875,Length Units,Stock,0.952380952
"6292 - Slit Rolls 3M 472 1"" x 10Yd",360,472 Black-W6,0.005,Length Units,Stock,0.952380952
"6293 - Slit Rolls 3M 472 2"" x 10Yd",361,472 Black-W6,0.01,Length Units,Stock,0.952380952
"6294 - Slit Rolls 3M 472 3"" x 10Yd",362,472 Black-W6,0.015,Length Units,Stock,0.952380952
6299 - Slit Tape 3M 966 See WO,363,966-W48,0.003913043,Length Units,Stock,0.952380952
"6308 - Slit Roll 3M 4712 with back scored liner 30"" x 180Yd",364,4712Y-W30,0.54,Length Units,Stock,0.909090909
"6331 - Sheeted Part 3M 4008 double sided foam 0.5"" X 0.25""",365,4008-W3,0.004166667,Length Units,Stock,0.909090909
"6331 - Sheeted Part 3M 4008 double sided foam 0.5"" X 0.25""",365,FRA 3306 S1S-W4 - CatID-22938,0.004166667,Length Units,Stock,0.909090909
"6335 - Sheeted Part Potted Seal Foam 8"" X 12""",366,DC-PEF03A-W8.25,1,Length Units,Stock,0.909090909
"6335 - Sheeted Part Potted Seal Foam 8"" X 12""",366,Q100 (FRA-3307)-W8.75,1,Length Units,Stock,0.909090909
"6335 - Sheeted Part Potted Seal Foam 8"" X 12""",366,13220L-W8.75,1,Length Units,Stock,0.909090909
"6337 - Fabricated Part 2 layers of 3M 7871 laminated together with tabs 1.73"" x 165'",367,7871-W2.25,0.165,Length Units,Stock,0.909090909
"6337 - Fabricated Part 2 layers of 3M 7871 laminated together with tabs 1.73"" x 165'",367,7871-W2.25,0.165,Length Units,Stock,0.909090909
6340 - Die Cut Part Reflector 11mm Dia,368,850S-W2,2.29E-05,Length Units,Stock,0.5
6340 - Die Cut Part Reflector 11mm Dia,368,42 lb. C1S S0-W2,2.29E-05,Length Units,Stock,0.5
6342 - Slit Tape 3M 79 See WO,369,79-W24.25,0.004090909,Length Units,Stock,0.909090909
6345 - Slit Tape 3M 92 See WO,370,92-W12.5,0.0027,Length Units,Stock,0.952380952
6377 - Slit Tape 3M 40PR See WO,371,40PR-W24,0.0216,Length Units,Stock,0.909090909
6377 - Slit Tape 3M 40PR See WO,371,40PR-W1,0.216,Length Units,Stock,1
"6386 - Slit Tape 3M 468MP 6"" x 60Yd",372,468MP-W6,0.18,Length Units,Stock,0.909090909
"6391 - Die Cut Part 3M 467MP with tab 0.51"" Dia",373,467MP-W2,0.026041667,Length Units,Stock,0.869565217
"6391 - Die Cut Part 3M 467MP with tab 0.51"" Dia",373,54 lb. C1S S0 (BG0)-W2.25,0.026041667,Length Units,Stock,0.869565217
"6391 - Die Cut Part 3M 467MP with tab 0.51"" Dia",373,54 lb. C1S S0 (BG0)-W2.25,0.026041667,Length Units,Stock,0.869565217
"6391 - Die Cut Part 3M 467MP with tab 0.51"" Dia",373,375Tpvc-W0.375,0.026041667,Length Units,Stock,0.869565217
6411 - Fabricated Part WMS Paper Carrier 15mm x 343m,374,10 pt.-W35,0.025007407,Length Units,Stock,0.909090909
"6415 - Die Cut Part CSM Cu/Tin/PET w/ Adh. Laminate 0.375"" x 3.5""",375,SP-2068-000-39-W6 - CatID-23060,0.041666667,Length Units,Stock,0.909090909
"6415 - Die Cut Part CSM Cu/Tin/PET w/ Adh. Laminate 0.375"" x 3.5""",375,TT100 V29 200 Poly SC6 200 Poly H9-W6,0.041666667,Length Units,Stock,0.909090909
6422 - Slitting for JJ 6425 415 and CSM slitting Various,376,415-W6,0.005569444,Length Units,Stock,0.909090909
6422 - Slitting for JJ 6425 415 and CSM slitting Various,376,EKF BHB-W5.5,0.005569444,Length Units,Stock,0.909090909
6424 - Slit Tape d/c Tape 18mm x 20m,377,99786-W24,0.002732639,Length Units,Stock,0.952380952
"6425 - Fabricated Part BHB Silicone test strip 0.31"" x 2.00""",378,339- printed BLUE BHB-W2.8,0.033416667,Length Units,Stock,0.909090909
"6425 - Fabricated Part BHB Silicone test strip 0.31"" x 2.00""",378,415-W0.59,0.033416667,Length Units,Stock,0.909090909
"6425 - Fabricated Part BHB Silicone test strip 0.31"" x 2.00""",378,OpPad/Reagent - LIGHT SENSITIVE-W0.275,0.033416667,Length Units,Stock,0.909090909
"6425 - Fabricated Part BHB Silicone test strip 0.31"" x 2.00""",378,105/52-W0.64,0.033416667,Length Units,Stock,0.909090909
"6425 - Fabricated Part BHB Silicone test strip 0.31"" x 2.00""",378,RE-5-W3,0.033416667,Length Units,Stock,0.909090909
"6425 - Fabricated Part BHB Silicone test strip 0.31"" x 2.00""",378,M-3003-09,0.008333333,"Each (Use for Boxes, Bags, Cores, Cases)",Stock,1
"6426 - Slit Roll 3M SJ5816BK 2.25"" x 36Yd",379,SJ5816BK-W4.5,0.054,Length Units,Stock,0.909090909
"6426 - Slit Roll 3M SJ5816BK 2.25"" x 36Yd",379,Soft Anvil - 50 lb. Glacier Smooth-W4.5,0.054,Length Units,Stock,0.909090909
"6427 - Printed Melinex Random print 2.8"" wide",380,339-W6.22,0.016708333,Length Units,Stock,0.909090909
"6441 - Die Cut Label Motor cover label - ""Parker"" 11.625"" x 3""",381,7600-W7,0.5,Length Units,Stock,0.869565217
"6441 - Die Cut Label Motor cover label - ""Parker"" 11.625"" x 3""",381,7731FL-W6.75,0.5,Length Units,Stock,0.869565217
"6442 - Die Cut Label Motor cover label - ""Parker"" 11.625"" x 3.5""",382,7600-W8,0.5,Length Units,Stock,0.869565217
"6442 - Die Cut Label Motor cover label - ""Parker"" 11.625"" x 3.5""",382,7731FL-W7.75,0.5,Length Units,Stock,0.869565217
"6460 - Die Cut Part 3M 2364 3.3125"" x 1.3125""",384,2364-W1.889,0.153,Length Units,Stock,0.8
"6460 - Die Cut Part 3M 2364 3.3125"" x 1.3125""",384,54 lb. C1S SL4 (S38)-W2,0.153,Length Units,Stock,0.8
"6461 - Die Cut circle 3M 2364 1"" Dia",385,2364-W5.25,0.00625,Length Units,Stock,0.833333333
"6461 - Die Cut circle 3M 2364 1"" Dia",385,54 lb. C1S SL4 (S38)-W5.375,0.00625,Length Units,Stock,0.833333333
"6464 - Butt Cut Part 3M 2364 10.875"" x 5.75""",386,2364-W5.75,0.170375,Length Units,Stock,0.909090909
"6464 - Butt Cut Part 3M 2364 10.875"" x 5.75""",386,54 lb. C1S SL4 (S38)-W6,0.170375,Length Units,Stock,0.909090909
"6466 - Die Cut Part 3M 2364 4.8"" x 7""",387,2364-W7.5,0.408333333,Length Units,Stock,0.909090909
"6466 - Die Cut Part 3M 2364 4.8"" x 7""",387,54 lb. C1S SL4 (S38)-W7.5,0.408333333,Length Units,Stock,0.909090909
"6467 - Die Cut Part 3M 2364 3.4"" x 4.75""",388,2364-W5.25,0.18,Length Units,Stock,0.909090909
"6467 - Die Cut Part 3M 2364 3.4"" x 4.75""",388,54 lb. C1S SL4 (S38)-W5.25,0.18,Length Units,Stock,0.909090909
"6474 - Die Cut circle 3M 2364 8"" Dia",389,2364-W9,0.067708333,Length Units,Stock,0.892857143
"6474 - Die Cut circle 3M 2364 8"" Dia",389,54 lb. C1S SL4 (S38)-W9,0.067708333,Length Units,Stock,0.892857143
"6476 - Die Cut Part 3M 2364 1.75"" Dia",390,2364-W3.937,0.083333333,Length Units,Stock,0.925925926
"6476 - Die Cut Part 3M 2364 1.75"" Dia",390,54 lb. C1S SL4 (S38)-W4,0.083333333,Length Units,Stock,0.925925926
"6477 - Die Cut Part 3M 2364 / 500 Parts / roll 4.5"" Dia",391,2364-W5,0.2,Length Units,Stock,0.769230769
"6477 - Die Cut Part 3M 2364 / 500 Parts / roll 4.5"" Dia",391,54 lb. C1S SL4 (S38)-W5,0.2,Length Units,Stock,0.769230769
"6478 - Die Cut Part 3M 2364 3"" Dia",392,2364-W7,0.138875,Length Units,Stock,0.909090909
"6478 - Die Cut Part 3M 2364 3"" Dia",392,54 lb. C1S SL4 (S38)-W7,0.138875,Length Units,Stock,0.909090909
"6481 - Die Cut Part 3M 2364 1.625"" Dia",393,2364-W3.937,0.01875,Length Units,Stock,0.833333333
"6481 - Die Cut Part 3M 2364 1.625"" Dia",393,54 lb. C1S SL4 (S38)-W4,0.01875,Length Units,Stock,0.833333333
"6483 - Target Tape 1/4"" reflective dots with 1/2"" spacing - WHITE 1/2"" x 42'",394,8850-W2.33,0.0105,Length Units,Stock,0.909090909
"6483 - Target Tape 1/4"" reflective dots with 1/2"" spacing - WHITE 1/2"" x 42'",394,FLX004121-W2.5,0.0105,Length Units,Stock,0.909090909
"6483 - Target Tape 1/4"" reflective dots with 1/2"" spacing - WHITE 1/2"" x 42'",394,1875Tpvc-W0.1875,0.0105,Length Units,Stock,0.909090909
"6483 - Target Tape 1/4"" reflective dots with 1/2"" spacing - WHITE 1/2"" x 42'",394,1875Tpvc-W0.1875,0.0105,Length Units,Stock,0.909090909
"6483 - Target Tape 1/4"" reflective dots with 1/2"" spacing - WHITE 1/2"" x 42'",394,1875Tpvc-W0.1875,0.0105,Length Units,Stock,0.909090909
"6483 - Target Tape 1/4"" reflective dots with 1/2"" spacing - WHITE 1/2"" x 42'",394,1875Tpvc-W0.1875,0.0105,Length Units,Stock,0.909090909
"6483 - Target Tape 1/4"" reflective dots with 1/2"" spacing - WHITE 1/2"" x 42'",394,27520-W3,0.0105,Length Units,Stock,0.909090909
"6484 - Target Tape 1/4"" reflective dots with 1"" spacing - WHITE 1/2"" x 83'",395,8850-W2.33,0.020833333,Length Units,Stock,0.909090909
"6484 - Target Tape 1/4"" reflective dots with 1"" spacing - WHITE 1/2"" x 83'",395,FLX004121-W2.5,0.020833333,Length Units,Stock,0.909090909
"6484 - Target Tape 1/4"" reflective dots with 1"" spacing - WHITE 1/2"" x 83'",395,1875Tpvc-W0.1875,0.020833333,Length Units,Stock,0.909090909
"6484 - Target Tape 1/4"" reflective dots with 1"" spacing - WHITE 1/2"" x 83'",395,1875Tpvc-W0.1875,0.020833333,Length Units,Stock,0.909090909
"6484 - Target Tape 1/4"" reflective dots with 1"" spacing - WHITE 1/2"" x 83'",395,1875Tpvc-W0.1875,0.020833333,Length Units,Stock,0.909090909
"6484 - Target Tape 1/4"" reflective dots with 1"" spacing - WHITE 1/2"" x 83'",395,1875Tpvc-W0.1875,0.020833333,Length Units,Stock,0.909090909
"6484 - Target Tape 1/4"" reflective dots with 1"" spacing - WHITE 1/2"" x 83'",395,24950-W3,0.020833333,Length Units,Stock,0.909090909
"6511 - Die Cut Part 5430, Tape, 6.5 mil, Clear UHMW, Acrylic 1/2"" x 1.25”",396,5430-W2,0.052083333,Length Units,Stock,0.909090909
"6512 - Printed Tape White UPVC Reverse Printed Blue with ""4"" 1/2"" x 80Yd",397,5905Wpvc-W5.905,0.021818182,Length Units,Stock,0.909090909
"6513 - Printed Tape White UPVC Reverse Printed Blue with ""3"" 1/2"" x 80Yd",398,5905Wpvc-W5.905,0.021818182,Length Units,Stock,0.909090909
"6518 - Target Tape 1/4"" reflective dots with 2"" spacing - WHITE 1/2"" x 167'",399,FLX004121-W2.5,0.041666667,Length Units,Stock,0.909090909
"6518 - Target Tape 1/4"" reflective dots with 2"" spacing - WHITE 1/2"" x 167'",399,8850-W2.33,0.041666667,Length Units,Stock,0.909090909
"6518 - Target Tape 1/4"" reflective dots with 2"" spacing - WHITE 1/2"" x 167'",399,1875Tpvc-W0.1875,0.041666667,Length Units,Stock,0.909090909
"6518 - Target Tape 1/4"" reflective dots with 2"" spacing - WHITE 1/2"" x 167'",399,1875Tpvc-W0.1875,0.041666667,Length Units,Stock,0.909090909
"6518 - Target Tape 1/4"" reflective dots with 2"" spacing - WHITE 1/2"" x 167'",399,1875Tpvc-W0.1875,0.041666667,Length Units,Stock,0.909090909
"6518 - Target Tape 1/4"" reflective dots with 2"" spacing - WHITE 1/2"" x 167'",399,1875Tpvc-W0.1875,0.041666667,Length Units,Stock,0.909090909
"6518 - Target Tape 1/4"" reflective dots with 2"" spacing - WHITE 1/2"" x 167'",399,27520-W3,0.041666667,Length Units,Stock,0.909090909
"6521 - Die Cut Part P224 0.976"" x 0.445""",400,P224-W0.75,0.108,Length Units,Stock,0.909090909
"6521 - Die Cut Part P224 0.976"" x 0.445""",400,54 lb. C1S SL4 (S38)-W1,0.108,Length Units,Stock,0.909090909
"6524 - Fabricated Part 3M 8671 w/ 2 internal die cut holes 1.88 "" x 4.75""",401,8671-W5,0.000416667,Length Units,Stock,0.909090909
"6525 - Fabricated Part 3M 8671 w/ 4 internal die cut holes 3.5"" x 10.5""",402,8671-W5,0.000916667,Length Units,Stock,0.909090909
"6526 - Fabricated Part 3M 8671 w/ 4 internal die cut holes 4.75"" x 10.24""",403,8671-W5,0.000875,Length Units,Stock,0.909090909
"6531 - Die Cut Part 3M 5850 for BOOM 47.75"" x 16.25""",404,5850-W50,2,Length Units,Stock,0.909090909
6538 - Slit Tape 3M 9495LE See WO,405,9495LE w/ plastic core-W54,0.001730769,Length Units,Stock,0.952380952
"6551 - Die Cut Part Insect hang tag with Adh. strip 1.5"" x 3""",406,SAM-00089-W10,0.045138889,Length Units,Stock,0.909090909
"6551 - Die Cut Part Insect hang tag with Adh. strip 1.5"" x 3""",406,54 lb. C1S SL4 (S38)-W10,0.045138889,Length Units,Stock,0.909090909
"6551 - Die Cut Part Insect hang tag with Adh. strip 1.5"" x 3""",406,TT200 L344 60 LA PFW-W6,0.011284722,Length Units,Stock,0.909090909
"6552 - Sheeted Part 3M 5925 6.69"" x 2.854""",407,5925-W3,0.583333333,Length Units,Stock,0.540540541
"6552 - Sheeted Part 3M 5925 6.69"" x 2.854""",407,53 Lb. C2S BG0-BG0-W3.25,0.583333333,Length Units,Stock,0.540540541
"6572 - Slit Tape 3M 4941 0.75"" x 25'",408,4941-W6,0.003571429,Length Units,Stock,0.909090909
"6575 - Printed Tape White UPVC Reverse Printed Blue with ""6"" 1/2"" x 80Yd",409,5905Wpvc-W5.905,0.021818182,Length Units,Stock,0.909090909
"6581 - Printed Tape White UPVC Reverse Printed Blue with ""8"" 1/2"" x 80Yd",410,5905Wpvc-W5.905,0.021818182,Length Units,Stock,0.909090909
6597 - Die Cut Part Lower gasket 520mm x 190mm,411,9453LE-W7.75,0.000916667,Length Units,Stock,0.925925926
6597 - Die Cut Part Lower gasket 520mm x 190mm,411,4790-92-12250-04-W8 - CatID-20608,0.000916667,Length Units,Stock,0.925925926
"6605 - Slit Tape Splicing tape - ST-1389 AF 1.5"" x 180'",412,9738-W11,0.025714286,Length Units,Stock,0.909090909
"6605 - Slit Tape Splicing tape - ST-1389 AF 1.5"" x 180'",412,9738-W11,0.025714286,Length Units,Stock,0.909090909
"6605 - Slit Tape Splicing tape - ST-1389 AF 1.5"" x 180'",412,1000 Series O Aluminum-W12,0.025714286,Length Units,Stock,0.909090909
"6606 - Slit Tape 3M 213 5/8"" x 180Yd",413,213-W48,0.0075,Length Units,Stock,0.909090909
6631 - Die Cut Part Upper gasket 476.3mm x 150mm,414,9453LE-W7.75,0.000916667,Length Units,Stock,0.925925926
6631 - Die Cut Part Upper gasket 476.3mm x 150mm,414,4790-92-12250-04-W8 - CatID-20608,0.000916667,Length Units,Stock,0.925925926
"6634 - Die Cut Part 7333 Cowl Mask 7.608"" x 7.323""",415,7333-W7.875,0.583333333,Length Units,Stock,0.909090909
"6634 - Die Cut Part 7333 Cowl Mask 7.608"" x 7.323""",415,78 lb. C1S BG40-W8,0.583333333,Length Units,Stock,0.909090909
"6638 - Die Cut Part A pillar RH 26.40"" x 6.32""",416,7600-W7,2.21875,Length Units,Stock,0.909090909
"6639 - Die Cut Part A pillar LH 26.40"" x 6.32""",417,7600-W7,2.21875,Length Units,Stock,0.909090909
"6640 - Die Cut Part B pillar RH 17"" x 9.05""",418,7600-W10,1.4375,Length Units,Stock,0.909090909
"6641 - Die Cut Part B pillar LH 17"" x 9.05""",419,7600-W10,1.4375,Length Units,Stock,0.909090909
"6660 - Die Cut Part 3M PUL8591 7.5"" x 3.5""",420,PUL8591-W4,0.645833333,Length Units,Stock,0.892857143
"6661 - Slit Tape 3M 588 2"" x 60Yd",421,588-W13.25,0.03,Length Units,Stock,0.909090909
"6677 - Printed Tape White tape printed Black ""MIL-100S-1"" 1/2"" x 50Yd",422,3903-W6,0.013636364,Length Units,Stock,0.909090909
"6677 - Printed Tape White tape printed Black ""MIL-100S-1"" 1/2"" x 50Yd",422,42 lb. C1S S0-W6.25,0.013636364,Length Units,Stock,0.909090909
"6695 - Die Cut Part 3M 200 with 3/8"" overhang 6"" Dia",423,200-W6.5,0.510416667,Length Units,Stock,0.869565217
"6695 - Die Cut Part 3M 200 with 3/8"" overhang 6"" Dia",423,54 lb. C1S S0-W6.75,0.510416667,Length Units,Stock,0.869565217
"6703 - Slit Tape CHR 2255-2 1.40"" x 36Yd",424,2255-2-W12,0.015428571,Length Units,Stock,0.952380952
"6704 - Die Cut Part Low tack/Low tack Adh. 1"" Dia",425,FLX040266-W6,0.0234375,Length Units,Stock,0.769230769
"6704 - Die Cut Part Low tack/Low tack Adh. 1"" Dia",425,42 lb. C1S S0-W6.25,0.0234375,Length Units,Stock,0.769230769
"6704 - Die Cut Part Low tack/Low tack Adh. 1"" Dia",425,42 lb. C1S S0-W6.5,0.0234375,Length Units,Stock,0.769230769
"6710 - Printed Tape White tape printed Black ""70S-2/ER70S-2"" 1/2"" x 50Yd",426,3903-W6,0.013636364,Length Units,Stock,0.909090909
"6710 - Printed Tape White tape printed Black ""70S-2/ER70S-2"" 1/2"" x 50Yd",426,42 lb. C1S S0-W6.25,0.013636364,Length Units,Stock,0.909090909
"6722 - Linered Tape AB 7305 on liner 15"" x 200Yd",427,7305-W15,0.6,Length Units,Stock,0.909090909
"6722 - Linered Tape AB 7305 on liner 15"" x 200Yd",427,54 lb. C1S SL4 (S38)-W16,0.6,Length Units,Stock,0.909090909
6729 - Die Cut Part 3M 213 masking 128mm x 38mm,428,213-W2,0.458333333,Length Units,Stock,0.5
6729 - Die Cut Part 3M 213 masking 128mm x 38mm,428,54 lb. C1S S0-W2.125,0.458333333,Length Units,Stock,0.5
6730 - Die Cut Part 3M 213 masking 10mm Dia,429,213-W2.75,0.008333333,Length Units,Stock,0.8
6730 - Die Cut Part 3M 213 masking 10mm Dia,429,55 lb. Tight C1S S75-W3,0.008333333,Length Units,Stock,0.8
"6738 - Sheeted Part 3M 335 with extended liner 3.75"" x 5""",430,335-W6,0.3125,Length Units,Stock,0.769230769
"6738 - Sheeted Part 3M 335 with extended liner 3.75"" x 5""",430,54 lb. C1S S0-W6.25,0.3125,Length Units,Stock,0.769230769
"6741 - Slit Tape 3M 472 6"" x 10Yd",431,472 Black-W6,0.03,Length Units,Stock,0.909090909
"6750 - Slit Tape 3M 3290 0.5"" x 50Yd",432,3290-W12,0.006818182,Length Units,Stock,0.952380952
"6756 - Die Cut Part Label, Reagent, Vent Cover 0.866"" dia with tab",433,RG20 384#-W2,8.33E-05,Length Units,Stock,0.909090909
"6756 - Die Cut Part Label, Reagent, Vent Cover 0.866"" dia with tab",433,1043-W1,8.33E-05,Length Units,Stock,0.909090909
"6756 - Die Cut Part Label, Reagent, Vent Cover 0.866"" dia with tab",433,54 lb. C1S S0-W2.5,8.33E-05,Length Units,Stock,0.909090909
"6756 - Die Cut Part Label, Reagent, Vent Cover 0.866"" dia with tab",433,FP022102-W5.4,8.33E-05,Length Units,Stock,0.909090909
"6756 - Die Cut Part Label, Reagent, Vent Cover 0.866"" dia with tab",433,5905Rpvc-W0.75,8.33E-05,Length Units,Stock,0.909090909
"6761 - Sheeted Part 3M 4930 1-7/8"" x 7/32""",434,4930-W1.25,0.00009375,Length Units,Stock,0.833333333
"6761 - Sheeted Part 3M 4930 1-7/8"" x 7/32""",434,42 lb. C1S S0-W0.44,0.00009375,Length Units,Stock,0.833333333
"6761 - Sheeted Part 3M 4930 1-7/8"" x 7/32""",434,375Tpvc-W0.375,0.00009375,Length Units,Stock,0.833333333
"6761 - Sheeted Part 3M 4930 1-7/8"" x 7/32""",434,375Tpvc-W0.375,0.00009375,Length Units,Stock,0.833333333
"6761 - Sheeted Part 3M 4930 1-7/8"" x 7/32""",434,Q100 (FRA-3307)-W1.5,0.00009375,Length Units,Stock,0.833333333
"6761 - Sheeted Part 3M 4930 1-7/8"" x 7/32""",434,FRA 367-W1.866,0.00009375,Length Units,Stock,0.833333333
"6765 - Die Cut Part 3M 2380 masking tape 0.25"" Dia",435,2380-W1.417,0.06,Length Units,Stock,0.8
"6765 - Die Cut Part 3M 2380 masking tape 0.25"" Dia",435,54 lb. C1S SL4 (S38)-W1.5,0.06,Length Units,Stock,0.8
"6766 - Die Cut Part 3M 2380 masking tape 0.5"" Dia",436,2380-W2.834,0.045,Length Units,Stock,0.8
"6766 - Die Cut Part 3M 2380 masking tape 0.5"" Dia",436,54 lb. C1S SL4 (S38)-W3,0.045,Length Units,Stock,0.8
"6769 - Slit Tape Blue Silicone 0.5"" x 60Yd",437,CO404 438000-W38,0.003,Length Units,Stock,0.952380952
"6770 - Slit Tape 3M 63 0.125"" x 36Yd",438,63-W14,0.001125,Length Units,Stock,0.909090909
"6782 - Butt Cut Parts Foam squares - 10/sheet 1"" x 1""",439,DC-PEF06R - Special White 3.2 mil Liner-W2,0.041666667,Length Units,Stock,0.934579439
"6782 - Butt Cut Parts Foam squares - 10/sheet 1"" x 1""",439,54 lb. C1S S0 (BG0)-W2.25,0.041666667,Length Units,Stock,0.934579439
"6786 - Laser Cut Part 3M 8671 with Adh. both sides 7.5"" x 2""",440,8671-W5,0.0003125,Length Units,Stock,0.5
"6786 - Laser Cut Part 3M 8671 with Adh. both sides 7.5"" x 2""",440,9471LE-W5,0.0003125,Length Units,Stock,0.5
6792 - Slit Tape Nitto Permacel P-224 See WO,441,P224-W24.75,0.001227273,Length Units,Stock,0.909090909
"6800 - Sheeted Part 3M 427 17.22"" x 13.82""",442,427-W18,0.00128125,Length Units,Stock,0.869565217
"6801 - Sheeted Part 3M 427 14.72"" x 11.31""",443,427-W12,0.001239583,Length Units,Stock,0.869565217
"6802 - Slit Tape 3M 63 0.25"" x 36Yd",444,63-W14,0.00225,Length Units,Stock,0.909090909
"6813 - Sheeted Part 3M 427 24.48"" x 17.54""",445,427-W18,0.0020625,Length Units,Stock,0.555555556
"6814 - Sheeted Part 3M 427 26.97"" x 19.99""",446,427-W22,0.002270833,Length Units,Stock,0.555555556
"6815 - Sheeted Part 3M 427 32.59"" x 18.13""",447,427-W22,0.00275,Length Units,Stock,0.555555556
"6816 - Sheeted Part 3M 427 35.14"" x 20.62""",448,427-W22,0.003,Length Units,Stock,0.555555556
"6817 - Sheeted Part 3M 427 27.35"" x 13.22""",449,427-W15,0.002333333,Length Units,Stock,0.555555556
"6818 - Sheeted Part 3M 427 29.88"" x 15.71""",450,427-W18,0.002520833,Length Units,Stock,0.555555556
"6819 - Sheeted Part 3M 427 26.62"" x 14.54""",451,427-W15,0.00225,Length Units,Stock,0.555555556
"6820 - Sheeted Part 3M 427 29.13"" x 17.04""",452,427-W18,0.0025,Length Units,Stock,0.555555556
"6821 - Sheeted Part 3M 427 24.48"" x 17.54""",453,427-W18,0.0020625,Length Units,Stock,0.555555556
"6822 - Sheeted Part 3M 427 26.97"" x 19.99""",454,427-W22,0.002270833,Length Units,Stock,0.555555556
"6823 - Sheeted Part 3M 427 32.59"" x 18.13""",455,427-W22,0.00275,Length Units,Stock,0.555555556
"6824 - Sheeted Part 3M 427 35.14"" x 20.62""",456,427-W22,0.003,Length Units,Stock,0.666666667
"6825 - Sheeted Part 3M 427 27.35"" x 13.22""",457,427-W15,0.002333333,Length Units,Stock,0.555555556
"6826 - Sheeted Part 3M 427 29.88"" x 15.71""",458,427-W18,0.002520833,Length Units,Stock,0.555555556
"6829 - Slit Tape 3M 3903 Black 12"" x 50Yd",459,3903 Black-W49,0.0375,Length Units,Stock,0.952380952
"6835 - Sheeted Part 3M 1170 3"" x 0.75""",460,1170-W1.75,0.000270833,Length Units,Stock,0.909090909
"6836 - Sheeted Part 5 mil PET 0.50"" x 2.165""",461,19342-29#211090-W6,2.08E-05,Length Units,Stock,0.5
"6874 - Printed Tape White tape printed Black ""70S-6/ER70S-6"" 1/2"" x 50Yd",462,3903-W6,0.013636364,Length Units,Stock,0.909090909
"6874 - Printed Tape White tape printed Black ""70S-6/ER70S-6"" 1/2"" x 50Yd",462,42 lb. C1S S0-W6.25,0.013636364,Length Units,Stock,0.909090909
"6876 - Printed Tape White tape printed Black ""70S-3/ER70S-3"" 1/2"" x 50Yd",463,3903-W6,0.013636364,Length Units,Stock,0.909090909
"6876 - Printed Tape White tape printed Black ""70S-3/ER70S-3"" 1/2"" x 50Yd",463,42 lb. C1S S0-W6.25,0.013636364,Length Units,Stock,0.909090909
"6923 - Sheeted Part 3M 213 engine blade mask 6.39"" x 3.17""",464,213-W4,0.552083333,Length Units,Stock,0.909090909
"6923 - Sheeted Part 3M 213 engine blade mask 6.39"" x 3.17""",464,55 lb. Tight C1S-W4.25,0.552083333,Length Units,Stock,0.909090909
6928 - Slit Tape 3M 232 6mm x 55m,465,232-P-W29,0.001666667,Length Units,Stock,0.909090909
"6931 - Die Cut Part Foam Border 3.22"" x 6.94""",466,2 White EVA - Palziv-W7.75,0.0115,Length Units,Stock,0.909090909
"6931 - Die Cut Part Foam Border 3.22"" x 6.94""",466,1509-W7.5,0.0115,Length Units,Stock,0.909090909
"6931 - Die Cut Part Foam Border 3.22"" x 6.94""",466,PL-18452F,0.083333333,"Each (Use for Boxes, Bags, Cores, Cases)",Stock,1
"6931 - Die Cut Part Foam Border 3.22"" x 6.94""",466,2174-001B-W7,2,"Each (Use for Boxes, Bags, Cores, Cases)",Stock,0.909090909
"6945 - Sheeted Part 8671, Upper Rifle Mount Insulator 1.75"" x 3.06""",467,8671-W3.5,0.000145833,Length Units,Stock,0.909090909
"6945 - Sheeted Part 8671, Upper Rifle Mount Insulator 1.75"" x 3.06""",467,9471LE-W3.5,0.000145833,Length Units,Stock,0.909090909
"6952 - Slit Tape Kapton 0.75"" x 36Yd",468,KPT-1-W0.75 - CatID-15832,0.108,Length Units,Stock,0.909090909
"6960 - Sheeted Part UHMW with 3M VHB 3/4"" X 5""",469,8752K611-TR-W24,0.01344086,"Each (Use for Boxes, Bags, Cores, Cases)",Stock,0.909090909
"6960 - Sheeted Part UHMW with 3M VHB 3/4"" X 5""",469,5925-W12,0.01344086,Length Units,Stock,0.909090909
"6968 - Target Tape 1/4"" reflective dots with 1"" spacing - BLACK 1/2"" x 83'",470,8850-W2.33,0.02075,Length Units,Stock,0.909090909
"6968 - Target Tape 1/4"" reflective dots with 1"" spacing - BLACK 1/2"" x 83'",470,1875Tpvc-W0.1875,0.02075,Length Units,Stock,0.909090909
"6968 - Target Tape 1/4"" reflective dots with 1"" spacing - BLACK 1/2"" x 83'",470,1875Tpvc-W0.1875,0.02075,Length Units,Stock,0.909090909
"6968 - Target Tape 1/4"" reflective dots with 1"" spacing - BLACK 1/2"" x 83'",470,1875Tpvc-W0.1875,0.02075,Length Units,Stock,0.909090909
"6968 - Target Tape 1/4"" reflective dots with 1"" spacing - BLACK 1/2"" x 83'",470,1875Tpvc-W0.1875,0.02075,Length Units,Stock,0.909090909
"6968 - Target Tape 1/4"" reflective dots with 1"" spacing - BLACK 1/2"" x 83'",470,27520-W3,0.02075,Length Units,Stock,0.909090909
"6968 - Target Tape 1/4"" reflective dots with 1"" spacing - BLACK 1/2"" x 83'",470,Flexmark V400 F Black V-58 90 PFW-W2.5,0.02075,Length Units,Stock,0.909090909
6970 - Die Cut Part PT1100 with 60 mm tab 6mm x 60mm,471,PT1100-W5.25,0.03125,Length Units,Stock,0.909090909
6970 - Die Cut Part PT1100 with 60 mm tab 6mm x 60mm,471,54 lb. C1S S0-W5.5,0.03125,Length Units,Stock,0.909090909
6970 - Die Cut Part PT1100 with 60 mm tab 6mm x 60mm,471,54 lb. C1S SL4 (S38)-W5.25,0.03125,Length Units,Stock,0.909090909
"6978 - Slit Adh For use on tails and anchors JT 7482 0.25"" wide",472,S1001-W4,0.047619048,Length Units,Stock,0.909090909
"6978 - Slit Adh For use on tails and anchors JT 7482 0.25"" wide",472,9471LE-W4,0.047619048,Length Units,Stock,0.909090909
"6978 - Slit Adh For use on tails and anchors JT 7482 0.25"" wide",472,CO404 904000-W4,0.047619048,Length Units,Stock,0.909090909
7000 - Slit Tape 3M 232 120mm x 60Yd,473,232-W58.661,0.016363636,Length Units,Stock,0.952380952
"7005 - Slit Tape 3M 9629FL 0.5"" x 60Yd",475,9629FL-W54,0.001730769,Length Units,Stock,0.952380952
"7006 - Slit Tape 3M 9629FL 1.5"" x 60Yd",476,9629FL-W54,0.005294118,Length Units,Stock,0.952380952
"7018 - Slit Tape CSM w/ 9471LE 6"" x 150'",477,1571CW-W60,0.15,Length Units,Stock,0.909090909
"7018 - Slit Tape CSM w/ 9471LE 6"" x 150'",477,9471LE-W54,0.15,Length Units,Stock,0.909090909
7023 - Sheeted Part 3M 4735L Right Hand 309mm x 182.2mm,478,4735L-W8,0.729166667,Length Units,Stock,0.909090909
7024 - Sheeted Part 3M 4735L Left hand 309mm x 182.2mm,479,4735L-W8,0.729166667,Length Units,Stock,0.833333333
"7027 - Slit Tape Nitto P-221 0.73"" x 36Yd",480,P221-W3,0.036,Length Units,Stock,0.8
"7028 - Slit Tape Nitto P-221 1.0"" x 36Yd",481,P221-W4.5,0.027,Length Units,Stock,0.934579439
"7030 - Slit Tape Nitto P-221 0.30"" x 36Yd",482,P221-W3,0.0135,Length Units,Stock,0.8
"7035 - Slit Tape Tape, Pressure Sensitive Adh. – Polyimide Various x 36Yd",483,1205-W12.5,0.004909091,Length Units,Stock,0.909090909
"7046 - Die Cut Part TM8720XT 0.5"" x 1.5""",484,TM8720-W1.75,0.0625,Length Units,Stock,0.8
"7046 - Die Cut Part TM8720XT 0.5"" x 1.5""",484,54 lb. C1S S0-W2,0.0625,Length Units,Stock,0.8
"7047 - Die Cut Part TM8720XT 3"" x 1.625""",485,TM8720-W3.75,0.130208333,Length Units,Stock,0.869565217
"7047 - Die Cut Part TM8720XT 3"" x 1.625""",485,54 lb. C1S S0-W4,0.130208333,Length Units,Stock,0.869565217
"7049 - Laminated Part 3M 467MP on 5 mil PET 4"" x 177'",486,467MP-W3,0.016083333,Length Units,Stock,0.8
"7049 - Laminated Part 3M 467MP on 5 mil PET 4"" x 177'",486,5 mil clear-W4,0.177,Length Units,Stock,0.8
"7052 - Die Cut Label 3M 7812 1.5"" x 0.75""",487,7812-W6,0.033854167,Length Units,Stock,0.909090909
7055 - Die Cut Part Foam w/ Adh. 60mm x 175mm,488,"EMR1 - 0.197""-W8",0.21875,Length Units,Stock,0.909090909
7055 - Die Cut Part Foam w/ Adh. 60mm x 175mm,488,468MP-W7.5,0.21875,Length Units,Stock,0.909090909
"7057 - Slit Tape 3M 1318, Yellow See WO",489,1318-1  Y-W24,0.003085714,Length Units,Stock,0.909090909
"7059 - Slit Tape 3M 56 0.125"" x 72Yd",490,56-W24,0.001227273,Length Units,Stock,0.952380952
7061 - Sheeted Part 3M 427 50.8mm x 150mm,491,427-W6.5,0.000166667,Length Units,Stock,0.909090909
"7081 - Sheeted Part ST-1341 1.22"" x 0.435""",492,9461P-W6,5.08E-06,Length Units,Stock,0.869565217
"7081 - Sheeted Part ST-1341 1.22"" x 0.435""",492,100AV-W2.25,2.54E-05,Length Units,Stock,0.869565217
"7082 - Sheeted Part ST-1341 2.32"" x 0.465""",493,9461P-W6,9.67E-06,Length Units,Stock,0.869565217
"7082 - Sheeted Part ST-1341 2.32"" x 0.465""",493,100AV-W2.375,4.83E-05,Length Units,Stock,0.869565217
"7086 - Sheeted Part 3M 8179C 6.25"" Dia",494,8179C-W6.85,0.53125,Length Units,Stock,0.909090909
"7086 - Sheeted Part 3M 8179C 6.25"" Dia",494,78 lb. C1S BG40-W6.5,0.53125,Length Units,Stock,0.909090909
"7086 - Sheeted Part 3M 8179C 6.25"" Dia",494,42 lb. Uncoated-W6,0.53125,Length Units,Stock,0.909090909
"7087 - Slit Rolls 3M 472 0.5"" x 10Yd",495,472 Black-W6,0.0025,Length Units,Stock,0.952380952
"7120 - Slit Tape K-104 1"" x 36Yd",496,K-104-W17,0.0072,Length Units,Stock,0.952380952
"7122 - Slit Tape 3M 301+ 3"" x 250Yd",497,301+-W58.66,0.032608696,Length Units,Stock,0.952380952
"7126 - Sheeted Part 3M 1538L with back scored liner 4"" x 4"" with 0.5"" strips",498,1538L-W4,0.333333333,Length Units,Stock,0.869565217
7130 - Slit Tape 3M 373 Blue 32mm x 50m,499,373-Blue-W2.83,0.0825,Length Units,Stock,0.952380952
"7135 - Slit Tape ST 934, 55M tape rolls 5mm X 55m",500,PP-800-W32.6,0.000602007,Length Units,Stock,0.869565217
"7145 - Die Cut Part 3M 5958FR with tab 2"" x 2.25""",501,5958FR-W2.5,0.000177083,Length Units,Stock,0.8
"7145 - Die Cut Part 3M 5958FR with tab 2"" x 2.25""",501,54 lb. C1S SL4 (S38)-W2.75,0.000177083,Length Units,Stock,0.8
"7158 - Sheeted Part ST-1406 1/2"" x 1""",502,SF-VFMD-W1.02,4.17E-05,Length Units,Stock,0.5
"7158 - Sheeted Part ST-1406 1/2"" x 1""",502,9472LE-W1,4.17E-05,Length Units,Stock,0.5
"7158 - Sheeted Part ST-1406 1/2"" x 1""",502,9472LE-W1,4.17E-05,Length Units,Stock,0.5
"7158 - Sheeted Part ST-1406 1/2"" x 1""",502,54 Lb. C2S-W1.5,4.17E-05,Length Units,Stock,0.5
"7158 - Sheeted Part ST-1406 1/2"" x 1""",502,54 Lb. C2S-W1.5,4.17E-05,Length Units,Stock,0.5
"7166 - Die Cut Label Inventory label 11.875"" x 4""",503,540920178-W9,0.5,Length Units,Stock,0.909090909
"7170 - Butt Cut Tape d/c PET, double layer 19mm x 19mm",504,415-W6,0.013541667,Length Units,Stock,0.869565217
"7170 - Butt Cut Tape d/c PET, double layer 19mm x 19mm",504,415-W6,0.013541667,Length Units,Stock,0.869565217
"7174 - Die Cut Part RP 16 with 1/2"" tab 0.5"" x 2.5""",505,RP16-W6.25,0.054,Length Units,Stock,0.740740741
"7174 - Die Cut Part RP 16 with 1/2"" tab 0.5"" x 2.5""",505,54 lb. C1S S0-W6.5,0.054,Length Units,Stock,0.740740741
"7174 - Die Cut Part RP 16 with 1/2"" tab 0.5"" x 2.5""",505,54 lb. C1S S0-W6.5,0.054,Length Units,Stock,0.740740741
"7180 - Butt Cut Part Hook Coin Fastener w/ Non-Engagement Edges - Gowns, 0.625"" 1"" x 0.625""",506,SJ3506-W8,0.006944444,Length Units,Stock,0.925925926
"7180 - Butt Cut Part Hook Coin Fastener w/ Non-Engagement Edges - Gowns, 0.625"" 1"" x 0.625""",506,91022-W0.5,0.006944444,Length Units,Stock,0.925925926
"7180 - Butt Cut Part Hook Coin Fastener w/ Non-Engagement Edges - Gowns, 0.625"" 1"" x 0.625""",506,SJ3527N-W1 - CatID-14016,0.005763889,Length Units,Stock,0.925925926
"7180 - Butt Cut Part Hook Coin Fastener w/ Non-Engagement Edges - Gowns, 0.625"" 1"" x 0.625""",506,SJ3527N - 1/2 sheet-W1,0.005763889,Length Units,Stock,0.925925926
"7183 - Slit Tape 3M 365 1/2"" x 60Yd",507,365-W16,0.006206897,Length Units,Stock,0.909090909
"7191 - Perfed Roll 3M 25A29B Perfed every 12.25"" 1.4375"" x 1,000'",508,25A29B-W1.438,1,Length Units,Stock,0.909090909
7194 - Die Cut Part 51825 56.5mm x 73.8mm,509,51825C-W6.857,0.119791667,Length Units,Stock,0.909090909
7194 - Die Cut Part 51825 56.5mm x 73.8mm,509,54 lb. C1S SL4 (S38)-W6.5,0.119791667,Length Units,Stock,0.909090909
7195 - Die Cut Part 51825 with red stripe 53.5mm x 71mm,510,51825C-W6.25,0.119791667,Length Units,Stock,0.909090909
7195 - Die Cut Part 51825 with red stripe 53.5mm x 71mm,510,54 lb. C1S SL4 (S38)-W6,0.119791667,Length Units,Stock,0.909090909
7195 - Die Cut Part 51825 with red stripe 53.5mm x 71mm,510,500Rpvc-W0.5,0.119791667,Length Units,Stock,0.909090909
7195 - Die Cut Part 51825 with red stripe 53.5mm x 71mm,510,500Rpvc-W0.5,0.119791667,Length Units,Stock,0.909090909
"7196 - Die Cut Part ABI 1510 5.75"" x 1.75""",511,1510-W6.25,0.163194444,Length Units,Stock,0.8
"7196 - Die Cut Part ABI 1510 5.75"" x 1.75""",511,54 lb. C1S SL4 (S38)-W6.25,0.163194444,Length Units,Stock,0.8
"7199 - Slit Tape 3M 5419 0.1875"" x 36Yd",512,5419-W22 - CatID-23656,0.001018868,Length Units,Stock,0.909090909
"7211 - Sheeted Label Discrepancy marking - Orange 20"" x 13""",513,7901-W13,0.416666667,Length Units,Stock,0.869565217
"7223 - Perfed mask Blue film perfed 18.125"" 6.25"" x 1,500'",514,13220L(SG2108B)-W6.25,1.510416667,Length Units,Stock,0.909090909
"7233 - Sheeted Part CSM with 2 layers of 9627 17.75"" x 17.75""",515,IE 6035T-W18,0.001489583,Length Units,Stock,0.909090909
"7233 - Sheeted Part CSM with 2 layers of 9627 17.75"" x 17.75""",515,9627-W17.875,0.001489583,Length Units,Stock,0.909090909
"7233 - Sheeted Part CSM with 2 layers of 9627 17.75"" x 17.75""",515,9627-W17.875,0.001489583,Length Units,Stock,0.909090909
"7262 - Sheeted Part 7x Cabin Window Inset 16.06"" x 12.26""",516,427-W48,0.000472222,Length Units,Stock,0.740740741
"7263 - Sheeted Part 7x Cabin Window Outset 18.07"" x 14.26""",517,427-W48,0.000527778,Length Units,Stock,0.555555556
"7264 - Sheeted Part Outside Cockpit Left Hand Inset 29.76"" x 19.14""",518,427-W48,0.00125,Length Units,Stock,0.666666667
"7272 - Die Cut Part 3M 9629PC 0.375"" x 3"" with 0.25"" tab",519,9629PC-W3.75,4.17E-05,Length Units,Stock,0.8
"7272 - Die Cut Part 3M 9629PC 0.375"" x 3"" with 0.25"" tab",519,54 lb. C1S S0-W4,0.000416667,Length Units,Stock,0.8
7273 - Die Cut Adh Preform Contact RMM/P 18.6 mm Tabfold 13.09mm x 23.30mm,520,966NP-W4.5,0.018666667,Length Units,Stock,0.909090909
7273 - Die Cut Adh Preform Contact RMM/P 18.6 mm Tabfold 13.09mm x 23.30mm,520,375Tpvc-W0.375,0.018666667,Length Units,Stock,0.909090909
7273 - Die Cut Adh Preform Contact RMM/P 18.6 mm Tabfold 13.09mm x 23.30mm,520,FRA 3502-W5,0.018666667,Length Units,Stock,0.909090909
7273 - Die Cut Adh Preform Contact RMM/P 18.6 mm Tabfold 13.09mm x 23.30mm,520,375Tpvc-W0.375,0.018666667,Length Units,Stock,0.909090909
7273 - Die Cut Adh Preform Contact RMM/P 18.6 mm Tabfold 13.09mm x 23.30mm,520,375Tpvc-W0.375,0.018666667,Length Units,Stock,0.909090909
7274 - Die Cut Adh Preform Tab Mono Tab Nose 22.33mm x 19.76mm,521,966NP-W5.375,0.021614583,Length Units,Stock,0.909090909
7274 - Die Cut Adh Preform Tab Mono Tab Nose 22.33mm x 19.76mm,521,5905Tpvc-W5.905,0.021614583,Length Units,Stock,0.909090909
7274 - Die Cut Adh Preform Tab Mono Tab Nose 22.33mm x 19.76mm,521,750Tpvc-W0.75,0.021614583,Length Units,Stock,0.909090909
7274 - Die Cut Adh Preform Tab Mono Tab Nose 22.33mm x 19.76mm,521,375Tpvc-W0.375,0.021614583,Length Units,Stock,0.909090909
7274 - Die Cut Adh Preform Tab Mono Tab Nose 22.33mm x 19.76mm,521,1875Tpvc-W0.1875,0.021614583,Length Units,Stock,0.909090909
7274 - Die Cut Adh Preform Tab Mono Tab Nose 22.33mm x 19.76mm,521,54 lb. C1S S0-W5.5,0.021614583,Length Units,Stock,0.909090909
7274 - Die Cut Adh Preform Tab Mono Tab Nose 22.33mm x 19.76mm,521,FRA 3502-W5.32,0.021614583,Length Units,Stock,0.909090909
7275 - Slit Tape 3M 9495MP 13.5mm x 20Yd,522,9495MP-W6,0.006,Length Units,Stock,0.8
7296 - Die Cut Adh Preform Adh. Preform Color Chip 17.50mm x 19.64mm,523,966NP-W5.3125,0.0175,Length Units,Stock,0.909090909
7296 - Die Cut Adh Preform Adh. Preform Color Chip 17.50mm x 19.64mm,523,54 lb. C1S S0-W5.5,0.0175,Length Units,Stock,0.909090909
7296 - Die Cut Adh Preform Adh. Preform Color Chip 17.50mm x 19.64mm,523,5905Tpvc-W5.905,0.0175,Length Units,Stock,0.909090909
7296 - Die Cut Adh Preform Adh. Preform Color Chip 17.50mm x 19.64mm,523,375Tpvc-W0.375,0.0175,Length Units,Stock,0.909090909
7296 - Die Cut Adh Preform Adh. Preform Color Chip 17.50mm x 19.64mm,523,1875Tpvc-W0.1875,0.0175,Length Units,Stock,0.909090909
7296 - Die Cut Adh Preform Adh. Preform Color Chip 17.50mm x 19.64mm,523,750Tpvc-W0.75,0.0175,Length Units,Stock,0.909090909
7296 - Die Cut Adh Preform Adh. Preform Color Chip 17.50mm x 19.64mm,523,FRA 3502-W5.32,0.0175,Length Units,Stock,0.909090909
"7306 - Slit Roll 4712 on 78# liner 16"" x 60Yd",524,4712Y-W16,0.18,Length Units,Stock,0.892857143
"7306 - Slit Roll 4712 on 78# liner 16"" x 60Yd",524,78 lb. C1S BG40-W18,0.18,Length Units,Stock,0.892857143
7307 - Sheeted Part PET Film 12.7mm x 39mm,525,Mylar A-W2,4.17E-05,Length Units,Stock,0.166666667
"7311 - Slit Rolls White PP Film, 3 mil 18mm x 3,200'",526,3 mil Corona Treated White PolyPro-W12,0.2,Length Units,Stock,0.8
"7321 - Sheeted Part 3M 4492W with center removed 2.65"" x 2.65""",527,4492W-W8.625,7.64E-05,Length Units,Stock,0.884955752
"7321 - Sheeted Part 3M 4492W with center removed 2.65"" x 2.65""",527,54 lb. C1S SL4 (S38)-W9,7.64E-05,Length Units,Stock,0.884955752
"7324 - Sheeted Part 3M 5962P, holes removed 5.15"" x 5.15""",528,5962P-W6,0.0005,Length Units,Stock,0.666666667
"7324 - Sheeted Part 3M 5962P, holes removed 5.15"" x 5.15""",528,54 lb. C1S SL4 (S38)-W6.25,0.0005,Length Units,Stock,0.666666667
"7325 - Sheeted Part 3M 5962P, holes removed 3.60"" x 5.50""",529,5962P-W6,0.000333333,Length Units,Stock,0.666666667
"7325 - Sheeted Part 3M 5962P, holes removed 3.60"" x 5.50""",529,54 lb. C1S SL4 (S38)-W6.25,0.000333333,Length Units,Stock,0.666666667
"7367 - Tape 3M 97057, 23 Rolls Per Case 0.5"" x 36Yd",530,97057-W0.5,0.108,Length Units,Stock,0.909090909
"7373 - Slit Tape 3.5 mil Virgin White Teflon Pipe Thread Seal tape 0.5"" x 520""",531,PTFE-35S-W0.5,0.52,"Each (Use for Boxes, Bags, Cores, Cases)",Stock,0.909090909
"7374 - Slit Tape 3M 2380 Masking Tape, GT500015844 48mm x 55m",532,2380-W1.889,0.18,Length Units,Stock,0.909090909
"7381 - Tape Polyken Technologies #281, Black 2"" x 60Yd",533,281-W1.89,0.18,Length Units,Stock,0.909090909
"7383 - Printed Tape White tape printed Black ""MIL-80S-D2/MIL-90S-D2"" 1/2"" x 50Yd",534,3903-W6,0.013636364,Length Units,Stock,0.909090909
"7383 - Printed Tape White tape printed Black ""MIL-80S-D2/MIL-90S-D2"" 1/2"" x 50Yd",534,42 lb. C1S S0-W6.25,0.013636364,Length Units,Stock,0.909090909
"7385 - Tape AC Tape, NAPA # TEM209491 ",535,TEM209491-W2,0.03,Length Units,Stock,1
"7392 - Slit Rolls 3M 471 Yellow 2.0"" x 36Yd",536,471-Y-W2,0.108,Length Units,Stock,0.909090909
7393 - Die Cut Part 3M 468MP 83.5mm x 60mm,537,468MP-W3.25,0.000305583,Length Units,Stock,0.909090909
7393 - Die Cut Part 3M 468MP 83.5mm x 60mm,537,54 Lb C2S SL1/SL1 HCW-W3.25,0.000305583,Length Units,Stock,0.909090909
7407 - Slit Tape 3M 9495MP 15mm x 20Yd,538,9495MP-W6,0.006666667,Length Units,Stock,0.909090909
"7410 - Tape, Masking Hi Temp, 3M Mfg. & Ind. #2364 1.5"" x 180'",539,2364-W1.417,0.18,Length Units,Stock,0.909090909
"7413 - Sheeted Part Disposable Thyroid Collar Covers 12"" x 8.54""",540,614URM-W6,1.041666667,Length Units,Stock,0.869565217
"7413 - Sheeted Part Disposable Thyroid Collar Covers 12"" x 8.54""",540,13059 White-W10,1.041666667,Length Units,Stock,0.869565217
"7413 - Sheeted Part Disposable Thyroid Collar Covers 12"" x 8.54""",540,DC-411OR/P-W0.7086,1.041666667,Length Units,Stock,0.869565217
"7413 - Sheeted Part Disposable Thyroid Collar Covers 12"" x 8.54""",540,TM8720-W9.6,1.041666667,Length Units,Stock,0.869565217
"7413 - Sheeted Part Disposable Thyroid Collar Covers 12"" x 8.54""",540,13059 Clear-W10,1.041666667,Length Units,Stock,0.869565217
"7413 - Sheeted Part Disposable Thyroid Collar Covers 12"" x 8.54""",540,3.3NPET- E-W9.5,1.041666667,Length Units,Stock,0.869565217
"7413 - Sheeted Part Disposable Thyroid Collar Covers 12"" x 8.54""",540,2 mil Clear Polyester - Coated L-3 UV-W53,0.189393939,Length Units,Stock,1
"7431 - Slit Tape OPP-CC-3.4 2.0"" x 55Yd",541,OPP-34CC-W2,0.165,Length Units,Stock,0.909090909
"7432 - Slit Tape 3M 468MP 0.6"" x 60Yd",542,468MP-W48,0.004285714,Length Units,Stock,0.909090909
"7433 - Tape, Masking, Hi Temp 3M Mfg. & Ind. #GT500015828, 3M 2380 1"" x 60Yd",543,2380-W0.94488,0.18,Length Units,Stock,0.909090909
"7434 - Tape, Foam, Double Sided 3M Mfg. & Ind. # 70006178779 0.75"" x 216'",544,4492W-W0.75,0.216,Length Units,Stock,0.909090909
"7444 - Slit Rolls ST-1214, d/c Silicone Tape 12.0"" x 300'",545,SP590HT-DC2-W12,0.3,Length Units,Stock,0.909090909
"7450 - Tape, Foil Al Foil Tape. 3M# 70006385283. ID# 70-0063-8528-3 0.75"" x 60Yd",546,425-W0.75,0.18,Length Units,Stock,0.909090909
7455 - Slit Tape ST-1447 Fine line Ditch masking 9.5mm x 36Yd,547,4737S-W48,0.000864,Length Units,Stock,0.952380952
"7458 - Slit Tape 3M 2380 6"" x 60Yd",548,2380-W57.0866,0.02,Length Units,Stock,0.952380952
"7466 - Slit Tape 3M 8815 2"" x 36Yd",549,8815-W4,0.018,Length Units,Stock,0.909090909
"7468 - Slit Tape, Slit Adh and non-woven For use on tails and anchors JT 7482 0.125""",550,1776-W3,0.033333333,Length Units,Stock,0.909090909
"7468 - Slit Tape, Slit Adh and non-woven For use on tails and anchors JT 7482 0.125""",550,1567-W3,0.033333333,Length Units,Stock,0.909090909
"7470 - Tape, Scotch Film Strapping 8898 Blue, 3M #70006272622, 36 Rolls a Case 24mm x 55m",551,8898 Blue-W0.945,0.18,Length Units,Stock,0.909090909
"7479 - Slit Roll 3M High Temperature Paint Masking Film 7300 Translucent 36"" x 1,500'",552,7300-W36,1.5,Length Units,Stock,0.909090909
"7481 - Tape, Masking Hi-Temp, #2380, 3M Mfg. & Industry #70006250669 1.5"" x 60Yd",553,2380-W1.417,0.18,Length Units,Stock,0.909090909
"7482 - Die Cut Part Tail and Anchor set 7.31"" x 3.62""",554,7495-W5,0.666666667,Length Units,Stock,0.909090909
"7482 - Die Cut Part Tail and Anchor set 7.31"" x 3.62""",554,7500 - 0.625-W0.625,0.666666667,Length Units,Stock,0.909090909
"7482 - Die Cut Part Tail and Anchor set 7.31"" x 3.62""",554,7501 - 0.375-W0.375,0.666666667,Length Units,Stock,0.909090909
"7482 - Die Cut Part Tail and Anchor set 7.31"" x 3.62""",554,6978 - 9471LE/S1001-Neo-W0.25,0.666666667,Length Units,Stock,0.909090909
"7482 - Die Cut Part Tail and Anchor set 7.31"" x 3.62""",554,6978 - 9471LE/S1001-Neo-W0.25,0.666666667,Length Units,Stock,0.909090909
"7482 - Die Cut Part Tail and Anchor set 7.31"" x 3.62""",554,7468-1776/1567-W0.125,0.666666667,Length Units,Stock,0.909090909
"7482 - Die Cut Part Tail and Anchor set 7.31"" x 3.62""",554,7468-1776/1567-W0.125,0.666666667,Length Units,Stock,0.909090909
"7482 - Die Cut Part Tail and Anchor set 7.31"" x 3.62""",554,614URM-W5,0.666666667,Length Units,Stock,0.909090909
"7482 - Die Cut Part Tail and Anchor set 7.31"" x 3.62""",554,SO#65151-W4.75,0.666666667,Length Units,Stock,0.909090909
"7485 - Die Cut Part Large and XL Cap 22.44"" x 11.55""",555,TM8720-W0.75,1.895833333,Length Units,Stock,0.909090909
"7485 - Die Cut Part Large and XL Cap 22.44"" x 11.55""",555,TM8720-W3.375,1.895833333,Length Units,Stock,0.909090909
"7485 - Die Cut Part Large and XL Cap 22.44"" x 11.55""",555,K24-W3.5,1.895833333,Length Units,Stock,0.909090909
"7485 - Die Cut Part Large and XL Cap 22.44"" x 11.55""",555,53 Lb. C2S BG0-BG0-W1,1.895833333,Length Units,Stock,0.909090909
"7485 - Die Cut Part Large and XL Cap 22.44"" x 11.55""",555,Blue Fabric 7 mil-W13,1.895833333,Length Units,Stock,0.909090909
"7485 - Die Cut Part Large and XL Cap 22.44"" x 11.55""",555,"Special, A-454 200 Poly H9 Silicone Side Up-W12",1.895833333,Length Units,Stock,0.909090909
"7485 - Die Cut Part Large and XL Cap 22.44"" x 11.55""",555,TM8720-W7.25,1.895833333,Length Units,Stock,0.909090909
"7485 - Die Cut Part Large and XL Cap 22.44"" x 11.55""",555,345-196-W8,1.895833333,Length Units,Stock,0.909090909
"7487 - Die Cut Part 3M F9460PC 1.5"" x 4.4""",556,F9460PC-W4.875,0.07,Length Units,Stock,0.869565217
"7487 - Die Cut Part 3M F9460PC 1.5"" x 4.4""",556,54 lb. C1S S0-W5,0.07,Length Units,Stock,0.869565217
"7493 - Sheeted Part 3M 7735 19.375"" x 16""",557,7735FL-W16,1.614583333,Length Units,Stock,0.909090909
"7493 - Sheeted Part 3M 7735 19.375"" x 16""",557,78 lb. C1S BG40-W16.25,1.614583333,Length Units,Stock,0.909090909
"7495 - Die Cut pull strip set For use on job ticket 7482 8"" repeat",558,7871-W5,0.666666667,Length Units,Stock,0.909090909
"7498 - Slit Roll Tape, Masking, Hi Temp, 3M 2364 2.0"" x 60Yd",559,2364-W1.889,0.18,Length Units,Stock,0.909090909
"7500 - Tail Adh Strips - 16cm Ver. 2 For use on JT 7482 0.625"" wide",560,9471FL-W5,0.095238095,Length Units,Stock,0.909090909
"7500 - Tail Adh Strips - 16cm Ver. 2 For use on JT 7482 0.625"" wide",560,Q100 (FRA-3307)-W5.25,0.095238095,Length Units,Stock,0.909090909
"7500 - Tail Adh Strips - 16cm Ver. 2 For use on JT 7482 0.625"" wide",560,CO404 905000-W5,0.095238095,Length Units,Stock,0.909090909
"7501 - Anchor Adh Strips -16cm Ver. 2 For use on JT 7482 0.375""",561,9471FL-W5,0.055555556,Length Units,Stock,0.909090909
"7501 - Anchor Adh Strips -16cm Ver. 2 For use on JT 7482 0.375""",561,Q100 (FRA-3307)-W5.25,0.055555556,Length Units,Stock,0.909090909
"7501 - Anchor Adh Strips -16cm Ver. 2 For use on JT 7482 0.375""",561,CO404 905000-W5,0.055555556,Length Units,Stock,0.909090909
"7506 - Sheeted Part C1UL D Pillar - RH 6.98"" x 1.3""",562,4735L-W2,0.59375,Length Units,Stock,0.909090909
7509 - Butt Cut Part 3M 93020LE 19mm x 135mm,563,250DkBlupvc-W0.25,0.0625,Length Units,Stock,0.925925926
7509 - Butt Cut Part 3M 93020LE 19mm x 135mm,563,1043-W0.25,0.0625,Length Units,Stock,0.925925926
7509 - Butt Cut Part 3M 93020LE 19mm x 135mm,563,93020LE-W4.8125,0.0625,Length Units,Stock,0.925925926
7509 - Butt Cut Part 3M 93020LE 19mm x 135mm,563,54 lb. C1S S0(BG0)-W5.315,0.0625,Length Units,Stock,0.925925926
7509 - Butt Cut Part 3M 93020LE 19mm x 135mm,563,54 lb. C1S S0(BG0)-W6.1875,0.0625,Length Units,Stock,0.925925926
7510 - Die Cut Adh Preform Top PSA preform 9.45mm x 18.2mm,564,966NP-W3,0.041666667,Length Units,Stock,0.571428571
7510 - Die Cut Adh Preform Top PSA preform 9.45mm x 18.2mm,564,375Tpvc-W0.375,0.041666667,Length Units,Stock,0.571428571
7510 - Die Cut Adh Preform Top PSA preform 9.45mm x 18.2mm,564,54 lb. C1S S0-W3.25,0.041666667,Length Units,Stock,0.571428571
7510 - Die Cut Adh Preform Top PSA preform 9.45mm x 18.2mm,564,2950Tpvc-W2.95,0.041666667,Length Units,Stock,0.571428571
7510 - Die Cut Adh Preform Top PSA preform 9.45mm x 18.2mm,564,FRA 3502-W3,0.041666667,Length Units,Stock,0.571428571
7510 - Die Cut Adh Preform Top PSA preform 9.45mm x 18.2mm,564,750Tpvc-W0.75,0.041666667,Length Units,Stock,0.571428571
"7523 - Slit Rolls 3M 9672 48"" x 540'",565,9672-W48,0.54,Length Units,Stock,0.909090909
"7524 - Slit Rolls 3M 2460, Masking 2.0"" x 180'",566,2460-W2,0.18,Length Units,Stock,0.909090909
"7526 - Slit Rolls 24S56W perfed every 10"" ",567,24S56W-Perf10-W8 - CatID-19864,0.6485,Length Units,Stock,0.909090909
7529 - Die Cut Part 3M 401+ with tab 38mm x 70mm,568,401+-W4,0.15625,Length Units,Stock,0.8
7529 - Die Cut Part 3M 401+ with tab 38mm x 70mm,568,1043-W0.375,0.15625,Length Units,Stock,0.8
7529 - Die Cut Part 3M 401+ with tab 38mm x 70mm,568,54 lb. C1S SL4 (S38)-W4,0.15625,Length Units,Stock,0.8
7530 - Die Cut Part 3M 6038PC with tab 40mm x 72mm,569,6038PC-W4,0.15625,Length Units,Stock,0.8
7530 - Die Cut Part 3M 6038PC with tab 40mm x 72mm,569,750Tpvc-W0.75,0.15625,Length Units,Stock,0.8
7530 - Die Cut Part 3M 6038PC with tab 40mm x 72mm,569,53 Lb. C2S BG0-BG0-W4.25,0.15625,Length Units,Stock,0.8
7543 - Sheeted Part Natural Adh. Patch 304.8mm x 219.1mm,570,IE 6035T-W22.5,0.0005,"Each (Use for Boxes, Bags, Cores, Cases)",Stock,0.833333333
7543 - Sheeted Part Natural Adh. Patch 304.8mm x 219.1mm,570,9627-W23.5,0.0005,Length Units,Stock,0.833333333
7543 - Sheeted Part Natural Adh. Patch 304.8mm x 219.1mm,570,9627-W23.5,0.0005,Length Units,Stock,0.833333333
7543 - Sheeted Part Natural Adh. Patch 304.8mm x 219.1mm,570,54 Lb. C2S-W26.5,0.0005,Length Units,Stock,0.833333333
"7545 - Slit Roll Tape, Box Sealing, 3M Manufacturing & Industry #375 Clear 2"" x 60Yd",571,375 Clear-W1.889,0.18,Length Units,Stock,0.909090909
"7549 - Slit Roll Tape, Black Carton Sealing, 20 rolls per case 2"" x 60Yd",572,4288-W59,0.006923077,Length Units,Stock,0.952380952
"7553 - Sheeted Part 3M 1774T 1.5"" x 1.875""",573,1774T-W1.875,0.000125,Length Units,Stock,0.869565217
"7557 - Slit Rolls Tape, Masking, Hi Temp, 3M Mfg. & Ind. #2693 2"" x 60Yd",574,2693-W1.889,0.18,Length Units,Stock,0.909090909
"7566 - Sheeted Part C1UL Wheel Flare - Long 17.468"" x 1.002""",575,4735L-W6,0.493055556,Length Units,Stock,0.909090909
"7567 - Sheeted Part C1UL Wheel Flare Short 8.252"" x 1.016""",576,4735L-W4.5,0.236111111,Length Units,Stock,0.909090909
"7569 - Slit Rolls ATP, DC-PEF06A Black 0.5"" x 36Yd",577,DC-PEF06A-W0.5,0.108,Length Units,Stock,0.909090909
"7578 - Sheeted Part C1UL Spoiler Die cut #1 2.2754"" x 5.3404""",578,4735L-W6,0.15625,Length Units,Stock,0.909090909
"7579 - Die Cut Part C1UL Spoiler Die cut #2 3.682"" x 5.75""",579,04174-70055-04-W6.25,0.177083333,Length Units,Stock,0.909090909
"7580 - Die Cut Part C1UL Spoiler Die cut #3 7.21"" x 5.75""",580,04174-70055-04-W6.25,0.322916667,Length Units,Stock,0.909090909
"7581 - Sheeted Part C1UL Spoiler Die cut #4 4.0831"" x 7.3397""",581,4735L-W6,0.229166667,Length Units,Stock,0.909090909
"7590 - Die Cut Part Metallic Foil 0.47"" x 2.35""",582,3311-W2.83,0.052083333,Length Units,Stock,0.666666667
"7592 - Slit Tape ST-1453 Fine line Ditch masking 1"" x 36Yd",583,4735L-W48,0.002297872,Length Units,Stock,0.952380952
"7596 - Sheeted Part Black Roof Rear Driver 6"" x 5.79""",584,4737T-W8,0.000255208,Length Units,Stock,0.666666667
"7597 - Sheeted Part Black Roof Rear Passenger 6"" x 5.79""",585,4737T-W8,0.000255208,Length Units,Stock,0.666666667
"7601 - Die Cut Part CSM Cu/Tin/PET w/ Adh. Laminate 0.75"" x 6.818""",586,SP-2068-000-39-W6 - CatID-23060,0.104166667,Length Units,Stock,0.909090909
"7601 - Die Cut Part CSM Cu/Tin/PET w/ Adh. Laminate 0.75"" x 6.818""",586,4 mil Clear PET-W6,0.104166667,Length Units,Stock,0.909090909
"7601 - Die Cut Part CSM Cu/Tin/PET w/ Adh. Laminate 0.75"" x 6.818""",586,9009-W0.75,0.104166667,Length Units,Stock,0.909090909
"7601 - Die Cut Part CSM Cu/Tin/PET w/ Adh. Laminate 0.75"" x 6.818""",586,9009-W0.75,0.104166667,Length Units,Stock,0.909090909
"7601 - Die Cut Part CSM Cu/Tin/PET w/ Adh. Laminate 0.75"" x 6.818""",586,TT100 V29 200 Poly SC6 200 Poly H9-W6,0.104166667,Length Units,Stock,0.909090909
"7603 - Laminated Part CSM heat laminated materials 95mm x 1,200'",587,AVXC202-W3.74,1.2,Length Units,Stock,0.909090909
"7603 - Laminated Part CSM heat laminated materials 95mm x 1,200'",587,INT-E100-2MIL-W4,0.16,Length Units,Stock,0.909090909
"7604 - Sheeted Part Front Drivers Side 3.70"" x 3.84""",588,4737T-W6.86,0.000161458,Length Units,Stock,0.666666667
"7604 - Sheeted Part Front Drivers Side 3.70"" x 3.84""",588,371-W0.375,0.000161458,Length Units,Stock,0.666666667
"7604 - Sheeted Part Front Drivers Side 3.70"" x 3.84""",588,371-W0.375,0.000161458,Length Units,Stock,0.666666667
"7605 - Sheeted Part Front Passengers Side 3.70"" x 3.84""",589,4737T-W6.86,0.000161458,Length Units,Stock,0.666666667
"7605 - Sheeted Part Front Passengers Side 3.70"" x 3.84""",589,371-W0.375,0.000161458,Length Units,Stock,0.666666667
"7605 - Sheeted Part Front Passengers Side 3.70"" x 3.84""",589,371-W0.375,0.000161458,Length Units,Stock,0.666666667
"7639 - Perfed Roll 3195C/EZ Perfed every 15.75"" 2.5625"" x 1,000'",590,3195C/EZ-W2.5625,1,Length Units,Stock,0.909090909
"7674 - Sheeted Part C1UL D Pillar - LH 6.98"" x 1.3""",591,4735L-W2,0.59375,Length Units,Stock,0.909090909
"7675 - Die Cut Part 6"" x 3.939"" Printed Label for Foam Borders (C-Foam), Color 2766C (Dark Purple) 6"" x 4""",592,54091-W9,0.255208333,Length Units,Stock,0.909090909
"7676 - Slit Tape Box Sealing, Transparent, 3M mfg. & Ind. 375, LPD: 3W655 48mm x 50m",593,375 Clear-W1.889,0.164,Length Units,Stock,0.909090909
7677 - Die Cut Part ST-1480 Windsor Mold Mask 121.3mm x 49.0mm,594,1512-W5,0.208333333,Length Units,Stock,0.909090909
7677 - Die Cut Part ST-1480 Windsor Mold Mask 121.3mm x 49.0mm,594,54 lb. C1S SL4 (S38)-W5,0.208333333,Length Units,Stock,0.909090909
"7680 - Slit Rolls SG 3130C 6.0"" x 1,000'",595,3130C-W6,1,Length Units,Stock,0.909090909
"7685 - Sheeted Part 3M 1504XL 9.25"" x 1.75""",596,1504XL-W6,0.263888889,Length Units,Stock,0.952380952
"7685 - Sheeted Part 3M 1504XL 9.25"" x 1.75""",596,"53 Lb. C2S BG0/BG0 Channeled Resources, Inc-W6.75",0.263888889,Length Units,Stock,0.952380952
7700 - Die Cut Part DXL Mono 23.85mm x 57.04mm,597,15059-W6,0.046875,Length Units,Stock,0.909090909
7700 - Die Cut Part DXL Mono 23.85mm x 57.04mm,597,966NP-W5.75,0.047083333,Length Units,Stock,0.909090909
7700 - Die Cut Part DXL Mono 23.85mm x 57.04mm,597,Q300-W6,0.047083333,Length Units,Stock,0.909090909
7700 - Die Cut Part DXL Mono 23.85mm x 57.04mm,597,13220L-W5.75,0.046875,Length Units,Stock,0.909090909
7700 - Die Cut Part DXL Mono 23.85mm x 57.04mm,597,13220L-W5.75,0.046875,Length Units,Stock,0.909090909
"7708 - Slit Tape Splicing tape, Blue 1.5"" x 180'",598,9738-W5,0.06,Length Units,Stock,0.909090909
"7708 - Slit Tape Splicing tape, Blue 1.5"" x 180'",598,9738-W5,0.06,Length Units,Stock,0.909090909
"7708 - Slit Tape Splicing tape, Blue 1.5"" x 180'",598,OPP-20UP-W5.669,0.06,Length Units,Stock,0.909090909
"7726 - Die Cut Part Hose Card, Gown 2.91"" x 2.91""",599,.024 pt Candesce 1CS Printed-W8,0.130208333,Length Units,Stock,0.909090909
"7726 - Die Cut Part Hose Card, Gown 2.91"" x 2.91""",599,BH Tape (A135)-W7,0.130208333,Length Units,Stock,0.909090909
"7726 - Die Cut Part Hose Card, Gown 2.91"" x 2.91""",599,Q300-W7.25,0.130208333,Length Units,Stock,0.909090909
"7727 - Die cut part Tape, 0.75"" X 1.25"", Roll 1.25"" x 0.75""",600,9495LE-W9.5,0.014322917,Length Units,Stock,0.869565217
"7727 - Die cut part Tape, 0.75"" X 1.25"", Roll 1.25"" x 0.75""",600,Q100 (FRA-3307)-W10,0.014322917,Length Units,Stock,0.869565217
"7727 - Die cut part Tape, 0.75"" X 1.25"", Roll 1.25"" x 0.75""",600,54 lb. C1S S0(BG0)-W10,0.014322917,Length Units,Stock,0.869565217
"7728 - Die Cut Part Tape, 0.5"" X 2.0"", Roll 2"" x 0.5""",601,9495LE-W9.5,0.019675926,Length Units,Stock,0.925925926
"7728 - Die Cut Part Tape, 0.5"" X 2.0"", Roll 2"" x 0.5""",601,Q100 (FRA-3307)-W10,0.019675926,Length Units,Stock,0.925925926
"7728 - Die Cut Part Tape, 0.5"" X 2.0"", Roll 2"" x 0.5""",601,54 lb. C1S S0(BG0)-W10,0.019675926,Length Units,Stock,0.925925926
"7737 - Tape M60 with 1/4"" extended liner w/ eyemark every 12"" and ""Watershed..Tape"" 2"" x 216Yd",602,M60-W4,0.324,Length Units,Stock,0.892857143
"7737 - Tape M60 with 1/4"" extended liner w/ eyemark every 12"" and ""Watershed..Tape"" 2"" x 216Yd",602,42 lb. C1S S0-W4.5,0.324,Length Units,Stock,0.892857143
"7740 - Sheeted Part Right Hand Skirt mask 2.23"" x 3.84""",603,4735L-W4.375,0.197916667,Length Units,Stock,0.909090909
"7741 - Sheeted Part Left Hand Skirt mask 2.23"" x 3.84""",604,4735L-W4.375,0.197916667,Length Units,Stock,0.909090909
"7746 - Sheeted Part Star with tabs 2.44"" x 2.92""",605,5952-W3.5,0.00021875,Length Units,Stock,0.909090909
"7746 - Sheeted Part Star with tabs 2.44"" x 2.92""",605,53 Lb. C2S BG0-W3.75,0.00021875,Length Units,Stock,0.909090909
"7746 - Sheeted Part Star with tabs 2.44"" x 2.92""",605,54 lb. C1S S0-W3.75,0.00021875,Length Units,Stock,0.909090909
"7746 - Sheeted Part Star with tabs 2.44"" x 2.92""",605,54 lb. C1S S0-W3.75,0.000216667,Length Units,Stock,0.909090909
"7747 - Sheeted Part Doughnut with tab 3.35"" Dia",606,5952-W4,0.000291667,Length Units,Stock,0.909090909
"7747 - Sheeted Part Doughnut with tab 3.35"" Dia",606,53 Lb. C2S BG0-BG0-W4.25,0.000291667,Length Units,Stock,0.909090909
"7747 - Sheeted Part Doughnut with tab 3.35"" Dia",606,54 lb. C1S S0-W4.25,0.000291667,Length Units,Stock,0.909090909
"7747 - Sheeted Part Doughnut with tab 3.35"" Dia",606,54 lb. C1S S0-W4.25,0.000291667,Length Units,Stock,0.980392157
"7753 - Die Cut Part Therapy Electrode Punched Lidding Layer 7"" x 6""",607,RE-18 2 mil-W7.875,0.604166667,Length Units,Stock,0.909090909
"7753 - Die Cut Part Therapy Electrode Punched Lidding Layer 7"" x 6""",607,MA250M-W8,0.604166667,Length Units,Stock,0.909090909
"7753 - Die Cut Part Therapy Electrode Punched Lidding Layer 7"" x 6""",607,PM200 White No PS-W0.5,0.604166667,Length Units,Stock,0.909090909
"7753 - Die Cut Part Therapy Electrode Punched Lidding Layer 7"" x 6""",607,PM200 White No PS-W0.5,0.604166667,Length Units,Stock,0.909090909
"7753 - Die Cut Part Therapy Electrode Punched Lidding Layer 7"" x 6""",607,Q100 (FRA-3307)-W8,0.008333333,Length Units,Stock,0.909090909
"7759 - Slit Roll Nominal rolls of flat back tape that complies with ASTM5486 Type V 2"" x 60Yd",608,538-W1.889,0.18,Length Units,Stock,1
"7762 - Slit Tape 3M 8926-02 1.1"" x 40m",609,8926-02-W23.62,0.13125,Length Units,Stock,0.909090909
7763 - Die Cut Part 3M 96042 7mm x 8mm,610,96042-W1,3.33E-05,Length Units,Stock,0.666666667
7763 - Die Cut Part 3M 96042 7mm x 8mm,610,FRA 310-W1,3.33E-05,Length Units,Stock,0.666666667
"7764 - Slit Roll Self wound PET overlaminating film 1/2"" x 10,000'",611,614-W0.5,10,Length Units,Stock,0.909090909
"7769 - Slit Tape 3M 9828 1"" x 1,400'",612,9828-W6,0.28,Length Units,Stock,0.952380952
"7776 - Sheeted Part 3M 8671/9471LE, Insulator, Grab Handle 3.81"" x 3.39""",613,8671HS-W4,0.000333333,Length Units,Stock,0.666666667
"7776 - Sheeted Part 3M 8671/9471LE, Insulator, Grab Handle 3.81"" x 3.39""",613,9471LE-W5,0.000333333,Length Units,Stock,0.666666667
"7777 - Laminated Rolls IPG OM/Mylar liner 15"" x 60Yd",614,OM 59-W59,0.06,Length Units,Stock,0.909090909
"7777 - Laminated Rolls IPG OM/Mylar liner 15"" x 60Yd",614,Q300-W15.25,0.18,Length Units,Stock,0.909090909
"7780 - Slit Tape 3M 2364 0.75"" x 400""",615,2364-W3.5,0.009,Length Units,Stock,0.884955752
"7780 - Slit Tape 3M 2364 0.75"" x 400""",615,BSN00465-W1,0.005208333,"Each (Use for Boxes, Bags, Cores, Cases)",Stock,0.884955752
"7784 - Die Cut Part 4.4 mil Liner/Post-it 4"" OD x 0.4"" ID",616,78 lb. C1S BG40-W9.5,0.171875,Length Units,Stock,0.934579439
"7784 - Die Cut Part 4.4 mil Liner/Post-it 4"" OD x 0.4"" ID",616,9449S-W9,0.171875,Length Units,Stock,0.934579439
7786 - Die Cut Part 2916P/5915P 106mm Dia,617,2916P-60-W60,0.03125,Length Units,Stock,0.740740741
7786 - Die Cut Part 2916P/5915P 106mm Dia,617,5915P-W9.5,0.1875,Length Units,Stock,0.740740741
"7789 - Sheeted Part 3426A 24"" x 18""",618,3426A-W18,2,Length Units,Stock,0.884955752
"7789 - Sheeted Part 3426A 24"" x 18""",618,54 lb. C1S S0-W18.5,2,Length Units,Stock,0.884955752
"7792 - Masking Tape 3M 2393 2"" x 60Yd",619,2393-W57.8,0.308571429,Length Units,Stock,0.952380952
"7795 - Slit Tape 3M 232 0.25"" x 60Yd",620,232-W58.661,0.001666667,Length Units,Stock,0.952380952
"7802 - Sheeted Part 1/16"" Thick ""Twinstick"" d/c tape 1"" x 3""",621,470370-W1,0.25,"Each (Use for Boxes, Bags, Cores, Cases)",Stock,1
7806 - Die Cut Part Foam/Adh. 50mm x 50mm,622,"EMR1 - 0.394""-W9.6",0.046875,Length Units,Stock,0.869565217
7806 - Die Cut Part Foam/Adh. 50mm x 50mm,622,468MP-W9,0.046875,Length Units,Stock,0.869565217
"7811 - Slit Rolls 3M 415 6.25"" x ""see WO""Yd",623,415-W6.25,1.08,Length Units,Stock,0.909090909
"7814 - Slit Roll ST-1338 1.75"" x 36Yd",624,KPT-1-W25.2,0.007714286,Length Units,Stock,0.952380952
"7815 - Slit Roll ST-1338 0.75"" x 36Yd",625,KPT-1-W0.75 - CatID-15832,0.108,Length Units,Stock,1
"7821 - Die Cut Part Foil w/ 468MP, Perf between parts 8.81"" x 8.81""",626,468MPF-W9.25,0.00075,Length Units,Stock,0.909090909
"7821 - Die Cut Part Foil w/ 468MP, Perf between parts 8.81"" x 8.81""",626,DE050-W9.5,0.00075,Length Units,Stock,0.909090909
7827 - Sheeted Part 3M 1522 85.73mm x 57.15mm,627,1522-W2.125,0.00028125,Length Units,Stock,0.847457627
7827 - Sheeted Part 3M 1522 85.73mm x 57.15mm,627,FRA 312 (Q200)-W2.5,0.00028125,Length Units,Stock,0.847457627
7827 - Sheeted Part 3M 1522 85.73mm x 57.15mm,627,375Tpvc-W0.375,0.00028125,Length Units,Stock,0.847457627
7827 - Sheeted Part 3M 1522 85.73mm x 57.15mm,627,54 lb. C1S S0 (BG0)-W2.25,0.00028125,Length Units,Stock,0.847457627
7828 - Slit Tape 3M 8810 8mm x 108',628,8810-W4,0.009,Length Units,Stock,0.952380952
"7829 - Slit Tape 3M 213 1"" x 60Yd",629,213-W1,0.18,Length Units,Stock,0.909090909
"7843 - Slit Tape Yellow UPVC printed ""Inspected...P-21234"" 3/4"" x 72Yd",630,5905Ypvc-W5.905,0.027,Length Units,Stock,0.909090909
7853 - Die Cut Part Aperture protector 25mm x 185.96mm,631,3 mil Polyester-W8,0.00009375,Length Units,Stock,0.5
7853 - Die Cut Part Aperture protector 25mm x 185.96mm,631,3655C-W8.504,0.00009375,Length Units,Stock,0.5
7853 - Die Cut Part Aperture protector 25mm x 185.96mm,631,D9430434-W8.5,0.00009375,Length Units,Stock,0.5
"7856 - Sheeted Part 3M 4951 4.5"" x 8""",632,4951-W8,0.000375,Length Units,Stock,0.909090909
"7856 - Sheeted Part 3M 4951 4.5"" x 8""",632,54 lb. C1S S0-W8.25,0.000375,Length Units,Stock,0.909090909
"7867 - Sheeted Part 3M SJ3550 1"" Dia",633,SJ3550CF-W2,0.093333333,Length Units,Stock,0.8
"7867 - Sheeted Part 3M SJ3550 1"" Dia",633,42 lb. Uncoated-W2,0.093333333,Length Units,Stock,0.8
"7880 - Die Cut Part Arrow box label 1.75"" x 4""",634,54091-W4.5,0.166666667,Length Units,Stock,0.909090909
"7881 - Sheeted Part TM 4200 24"" x 18""",635,TM4200-W18,0.002,Length Units,Stock,0.666666667
"7881 - Sheeted Part TM 4200 24"" x 18""",635,54 lb. C1S S0-W18.5,0.002,Length Units,Stock,0.666666667
"7883 - Slit Tape 3M 93010LE 12.0"" x 1,080'",636,93010LE-W12,1.08,Length Units,Stock,0.952380952
"7883 - Slit Tape 3M 93010LE 12.0"" x 1,080'",636,FRA 3312-W12.5,1.08,Length Units,Stock,0.952380952
"7889 - Slit Tape 3M 301+ 12"" x 60Yd",637,301+-W58.66,0.045,Length Units,Stock,0.666666667
7890 - Slit Tape 3M 56 See WO,638,56 - 300ft-W24,0.008823529,Length Units,Stock,0.909090909
7897 - Sheeted Part PSA Capping Strip 368mm x 45mm,639,2 mil Clear PET-W5,0.000625,Length Units,Stock,0.909090909
7897 - Sheeted Part PSA Capping Strip 368mm x 45mm,639,941-W4.5,0.000625,Length Units,Stock,0.909090909
7902 - Slit Roll Nitto RB200S See Work order,641,RB200S-W49.2,0.013957447,Length Units,Stock,0.952380952
"7903 - Sheeted Part Cool Advantage Gasket 2.346"" x 6.674""",642,1772-W8,0.00525,Length Units,Stock,0.909090909
"7903 - Sheeted Part Cool Advantage Gasket 2.346"" x 6.674""",642,1772-W8,0.00525,Length Units,Stock,0.909090909
"7903 - Sheeted Part Cool Advantage Gasket 2.346"" x 6.674""",642,MELINEX 462-W8.5,0.00525,Length Units,Stock,0.909090909
"7903 - Sheeted Part Cool Advantage Gasket 2.346"" x 6.674""",642,9382,0.083333333,"Each (Use for Boxes, Bags, Cores, Cases)",Stock,1
"7906 - Slit Roll 3M 213 3.0"" x 60Yd",643,213-W3,0.18,Length Units,Stock,1
"7913 - Slit Roll 3M 1533L 3.0"" x 72Yd",644,1533L-W3,0.216,Length Units,Stock,1
"7914 - Slit Roll 3M 1533L 6.0"" x 72Yd",645,1533L-W6,0.216,Length Units,Stock,1
"7930 - Slit Tape 3M 9495LE 2"" x 180'",646,9495LE-W54,0.006923077,Length Units,Stock,0.952380952
"7933 - Slit foam Tape ST-2115, 1/2"" Thick 1.0"" x 20'",647,9828-W27,0.0008,Length Units,Stock,0.952380952
"7933 - Slit foam Tape ST-2115, 1/2"" Thick 1.0"" x 20'",647,LS-1550-W54,0.0004,Length Units,Stock,0.952380952
"7933 - Slit foam Tape ST-2115, 1/2"" Thick 1.0"" x 20'",647,9828-W27,0.0008,Length Units,Stock,0.952380952
7938 - Die Cut Part Front Preform Juno 17mm x 17.82mm,648,966NP-W4.5,0.022916667,Length Units,Stock,0.8
7938 - Die Cut Part Front Preform Juno 17mm x 17.82mm,648,FRA 3502-W5,0.022916667,Length Units,Stock,0.8
7938 - Die Cut Part Front Preform Juno 17mm x 17.82mm,648,375Tpvc-W0.375,0.022916667,Length Units,Stock,0.8
7938 - Die Cut Part Front Preform Juno 17mm x 17.82mm,648,375Tpvc-W0.375,0.022916667,Length Units,Stock,0.8
7938 - Die Cut Part Front Preform Juno 17mm x 17.82mm,648,375Tpvc-W0.375,0.022916667,Length Units,Stock,0.8
7939 - Die Cut Part Top Preform Juno 28.18mm x 17.82mm,649,966NP-W6.25,0.026367188,Length Units,Stock,0.892857143
7939 - Die Cut Part Top Preform Juno 28.18mm x 17.82mm,649,2 mil Clear PET-W6.5,0.026367188,Length Units,Stock,0.892857143
7939 - Die Cut Part Top Preform Juno 28.18mm x 17.82mm,649,966NP-W6.25,0.026367188,Length Units,Stock,0.892857143
7939 - Die Cut Part Top Preform Juno 28.18mm x 17.82mm,649,FRA 3502-W6.5,0.026367188,Length Units,Stock,0.892857143
7939 - Die Cut Part Top Preform Juno 28.18mm x 17.82mm,649,42 lb. C1S S0-W6.5,0.026367188,Length Units,Stock,0.892857143
7939 - Die Cut Part Top Preform Juno 28.18mm x 17.82mm,649,5905Tpvc-W5.905,0.026367188,Length Units,Stock,0.892857143
7939 - Die Cut Part Top Preform Juno 28.18mm x 17.82mm,649,1875Tpvc-W0.1875,0.026458333,Length Units,Stock,0.892857143
7939 - Die Cut Part Top Preform Juno 28.18mm x 17.82mm,649,1875Tpvc-W0.1875,0.026458333,Length Units,Stock,0.892857143
7939 - Die Cut Part Top Preform Juno 28.18mm x 17.82mm,649,1875Tpvc-W0.1875,0.026458333,Length Units,Stock,0.892857143
7939 - Die Cut Part Top Preform Juno 28.18mm x 17.82mm,649,1875Tpvc-W0.1875,0.026458333,Length Units,Stock,0.892857143
7939 - Die Cut Part Top Preform Juno 28.18mm x 17.82mm,649,750Tpvc-W0.75,0.026458333,Length Units,Stock,0.892857143
7939 - Die Cut Part Top Preform Juno 28.18mm x 17.82mm,649,750Tpvc-W0.75,0.026458333,Length Units,Stock,0.892857143
7939 - Die Cut Part Top Preform Juno 28.18mm x 17.82mm,649,750Tpvc-W0.75,0.026458333,Length Units,Stock,0.892857143
7939 - Die Cut Part Top Preform Juno 28.18mm x 17.82mm,649,750Tpvc-W0.75,0.026458333,Length Units,Stock,0.892857143
"7947 - Tape 3M 231 1"" x 60Yd",650,231-P-W29,0.006206897,Length Units,Stock,0.952380952
"7954 - Die Cut Part MacTac IB1200XTW60, Triangle 4.0"" x 2.0""",651,IB1200XTW60-W3.375,0.125,Length Units,Stock,0.869565217
"7954 - Die Cut Part MacTac IB1200XTW60, Triangle 4.0"" x 2.0""",651,54 lb. C1S S0-W3.625,0.125,Length Units,Stock,0.869565217
"7963 - Sheeted Part Cool Advantage Plus Gasket 9.802"" x 2.556""",652,1772-W10.5,0.00375,Length Units,Stock,0.909090909
"7963 - Sheeted Part Cool Advantage Plus Gasket 9.802"" x 2.556""",652,1772-W10.5,0.00375,Length Units,Stock,0.909090909
"7963 - Sheeted Part Cool Advantage Plus Gasket 9.802"" x 2.556""",652,MELINEX 462-W11,0.00375,Length Units,Stock,0.909090909
"7975 - Slit Roll ABI 7405 30"" x 200Yd",653,7405W-W30,0.6,Length Units,Stock,1
7991 - Sheeted Part 3M 9795R with 10mm extended liner on both sides 19.75mm x 75mm,654,9795R-W4,0.064833333,Length Units,Stock,0.869565217
"7994 - Sheeted Part Insulator, Bottom Latch Bracket 3.5"" x 2""",655,8671-W4,0.000166667,Length Units,Stock,0.909090909
"7994 - Sheeted Part Insulator, Bottom Latch Bracket 3.5"" x 2""",655,9471LE-W4,0.000166667,Length Units,Stock,0.909090909
"7996 - Slit Tape DC-PEF06A Black 0.75"" x 36Yd",656,DC-PEF06A-W0.75,0.108,Length Units,Stock,0.909090909
"8003 - Slit Roll 3M 467MP 24"" x 60Yd",657,467MP-W24,0.18,Length Units,Stock,1
"8021 - Slit Roll 3M 231 masking tape 1/8"" x 60Yd",658,231-W57.09,0.000401786,Length Units,Stock,0.952380952
"8022 - Die Cut Part Hose Card Plug/Hose Cover 3.44"" x 2.75""",659,15 mil HIPS-W8,0.125,Length Units,Stock,0.909090909
"8022 - Die Cut Part Hose Card Plug/Hose Cover 3.44"" x 2.75""",659,FRA 3306 S1S-W8,0.125,Length Units,Stock,0.909090909
"8022 - Die Cut Part Hose Card Plug/Hose Cover 3.44"" x 2.75""",659,9579-W0.92,0.125,Length Units,Stock,0.909090909
"8022 - Die Cut Part Hose Card Plug/Hose Cover 3.44"" x 2.75""",659,9579-W0.5,0.125,Length Units,Stock,0.909090909
"8022 - Die Cut Part Hose Card Plug/Hose Cover 3.44"" x 2.75""",659,9579-W0.5,0.125,Length Units,Stock,0.909090909
8035 - Sheeted Part CSM - 5 mil PP 120mm x 120mm,660,BF 18473 5 mil PP-W10,0.203125,Length Units,Stock,0.833333333
8035 - Sheeted Part CSM - 5 mil PP 120mm x 120mm,660,"Special, A-454 400 Poly H9 Silicone Side Up-W10",0.203125,Length Units,Stock,0.833333333
8036 - Slit Tape RB200S slit to multiple widths Various x 656',661,RB200S-W49.2,0.656,Length Units,Stock,0.909090909
"8037 - Die Cut Part Hose Card, Narrow, MNL 4"" x 3.25""",662,.024 pt Candesce 1CS Printed-W8,0.171875,Length Units,Stock,0.909090909
"8037 - Die Cut Part Hose Card, Narrow, MNL 4"" x 3.25""",662,505E-W0.5,0.171875,Length Units,Stock,0.909090909
"8037 - Die Cut Part Hose Card, Narrow, MNL 4"" x 3.25""",662,505E-W0.5,0.171875,Length Units,Stock,0.909090909
"8037 - Die Cut Part Hose Card, Narrow, MNL 4"" x 3.25""",662,505E-W0.5,0.171875,Length Units,Stock,0.909090909
"8037 - Die Cut Part Hose Card, Narrow, MNL 4"" x 3.25""",662,505E-W0.5,0.171875,Length Units,Stock,0.909090909
"8037 - Die Cut Part Hose Card, Narrow, MNL 4"" x 3.25""",662,BH Tape (A135)-W7.75,0.171875,Length Units,Stock,0.909090909
"8049 - Slit Tape CSM - 5100-85 6"" x 25Yd",663,5100-85-W48,0.009375,Length Units,Stock,0.909090909
"8075 - Sheeted Part Acrylic Foam Tape 2.95"" x 2.95""",664,5357-W6.25,0.000130208,Length Units,Stock,0.714285714
"8075 - Sheeted Part Acrylic Foam Tape 2.95"" x 2.95""",664,54 lb. C1S S0-W6.75,0.000130208,Length Units,Stock,0.714285714
"8090 - Die Cut Part 3M 5906 Filter Adh. 2.115"" x 0.200""",665,5906-W24,0.00625,Length Units,Stock,0.666666667
"8090 - Die Cut Part 3M 5906 Filter Adh. 2.115"" x 0.200""",665,54lb C2S SL1/SL4 Liner-W3,0.1875,Length Units,Stock,0.666666667
"8090 - Die Cut Part 3M 5906 Filter Adh. 2.115"" x 0.200""",665,54lb C2S SL1/SL4 Liner-W2,0.046875,Length Units,Stock,0.666666667
8093 - Die Cut Perf on a Roll ABI 7333 360mm x 168mm,666,7333-W7 - CatID-19899,1.229166667,Length Units,Stock,0.909090909
8093 - Die Cut Perf on a Roll ABI 7333 360mm x 168mm,666,54 lb. C1S S0-W7.5,1.229166667,Length Units,Stock,0.909090909
"8094 - Sheeted Part Insulator, Door Strap 1.0"" x 2.5""",667,8671-W6,0.000046875,Length Units,Stock,0.909090909
"8094 - Sheeted Part Insulator, Door Strap 1.0"" x 2.5""",667,9471LE-W6,0.000046875,Length Units,Stock,0.909090909
8128 - Die Cut Part 3M 468MP 12.13mm x 28mm w/ 12mm tab,668,468MP-W3,0.052083333,Length Units,Stock,0.892857143
8128 - Die Cut Part 3M 468MP 12.13mm x 28mm w/ 12mm tab,668,54 lb. C1S S0-W3.25,0.052083333,Length Units,Stock,0.892857143
8128 - Die Cut Part 3M 468MP 12.13mm x 28mm w/ 12mm tab,668,375Tpvc-W0.375,0.052083333,Length Units,Stock,0.892857143
8129 - Die Cut Part 3M 468MP 12.13mm x 20mm w/ 12mm tab,669,468MP-W3,0.026041667,Length Units,Stock,0.8
8129 - Die Cut Part 3M 468MP 12.13mm x 20mm w/ 12mm tab,669,54 lb. C1S S0-W3.5,0.026041667,Length Units,Stock,0.8
8129 - Die Cut Part 3M 468MP 12.13mm x 20mm w/ 12mm tab,669,375Tpvc-W0.375,0.026041667,Length Units,Stock,0.8
8130 - Die Cut Part 3M 468MP 12.13mm x 48mm w/ 22mm tab,670,468MP-W3.5,0.052083333,Length Units,Stock,0.8
8130 - Die Cut Part 3M 468MP 12.13mm x 48mm w/ 22mm tab,670,54 lb. C1S S0-W3.75,0.052083333,Length Units,Stock,0.8
8130 - Die Cut Part 3M 468MP 12.13mm x 48mm w/ 22mm tab,670,500Tpvc-W0.5,0.052083333,Length Units,Stock,0.8
"8133 - Sheeted Part CSM - 5952P 2"" x 2""",671,5952P-W6.5,0.055555556,Length Units,Stock,0.909090909
"8133 - Sheeted Part CSM - 5952P 2"" x 2""",671,78 lb. C1S BG40-W6.75,0.055555556,Length Units,Stock,0.909090909
8141 - Slit Tape 3M 93010LE 2.5mm x 18Yd,672,93010LE-W2.5,0.0028,Length Units,Stock,0.909090909
8142 - Die Cut Part 3M 5952 38mm x 141mm,673,54 lb. C1S S0-W6.75,0.135833333,Length Units,Stock,0.833333333
8142 - Die Cut Part 3M 5952 38mm x 141mm,673,5952-W6.5,0.135833333,Length Units,Stock,0.833333333
"8150 - Die Cut Part Adh., Front, Bottom Cap, Bracket 0.3681"" x 1.5""",674,468MPF-W2.5,0.052083333,Length Units,Stock,0.909090909
"8150 - Die Cut Part Adh., Front, Bottom Cap, Bracket 0.3681"" x 1.5""",674,42 lb. C1S S0-W2.75,0.052083333,Length Units,Stock,0.909090909
"8150 - Die Cut Part Adh., Front, Bottom Cap, Bracket 0.3681"" x 1.5""",674,54 lb. C1S S0-W2,0.052083333,Length Units,Stock,0.909090909
"8150 - Die Cut Part Adh., Front, Bottom Cap, Bracket 0.3681"" x 1.5""",674,42 lb. Uncoated-W3,0.0525,Length Units,Stock,0.909090909
"8150 - Die Cut Part Adh., Front, Bottom Cap, Bracket 0.3681"" x 1.5""",674,750Tpvc-W0.75,0.0525,Length Units,Stock,0.909090909
"8173 - Die Cut Part CR-V Grille H 6.51"" x 5.69""",675,04174-70055-04-W6.25,0.5,Length Units,Stock,0.909090909
"8178 - Sheeted Part Cool Advantage Petite Gasket 2.346"" x 5.103""",676,1772-W6,0.00525,Length Units,Stock,0.909090909
"8178 - Sheeted Part Cool Advantage Petite Gasket 2.346"" x 5.103""",676,1772-W6,0.00525,Length Units,Stock,0.909090909
"8178 - Sheeted Part Cool Advantage Petite Gasket 2.346"" x 5.103""",676,MELINEX 462-W7,0.00525,Length Units,Stock,0.909090909
8183 - Die Cut Part Laser backing blank 25mm x 162.5mm,677,G-64-W7.874,0.083333333,Length Units,Stock,0.769230769
"8184 - Die Cut Part Tape, Plasma Guard 28mm x 180.5mm",678,G-260H-W7.874,0.091666667,Length Units,Stock,0.769230769
"8191 - Die Cut Part TLX Rocker Mask LH rev 6 3.19"" x 4.40""",679,04174-70055-04-W6,0.229166667,Length Units,Stock,0.854700855
"8195 - Slit Roll 3M 87630A 4"" x 100'",680,87630A-W46.063,0.009090909,Length Units,Stock,0.909090909
"8197 - Printed Film 3M 7300 42"" x 500'",681,7300-W42,0.5,Length Units,Stock,0.909090909
"8207 - Die Cut Part TLX Rocker Mask RH rev 6 3.19"" x 4.40""",682,04174-70055-04-W6,0.229166667,Length Units,Stock,0.854700855
"8221 - Sheeted Part 3M 7840HL 11"" x 7""",683,7840HL-W9,0.916666667,Length Units,Stock,0.909090909
"8223 - Target Tape 1/4"" reflective dots with 2"" spacing - BLACK 1/2"" x 167'",684,8850-W2.33,0.041666667,Length Units,Stock,0.909090909
"8223 - Target Tape 1/4"" reflective dots with 2"" spacing - BLACK 1/2"" x 167'",684,Flexmark V400 F Black V-58 90 PFW-W2.5,0.041666667,Length Units,Stock,0.909090909
"8223 - Target Tape 1/4"" reflective dots with 2"" spacing - BLACK 1/2"" x 167'",684,27520-W3,0.041666667,Length Units,Stock,0.909090909
"8223 - Target Tape 1/4"" reflective dots with 2"" spacing - BLACK 1/2"" x 167'",684,1875Tpvc-W0.1875,0.041666667,Length Units,Stock,0.909090909
"8223 - Target Tape 1/4"" reflective dots with 2"" spacing - BLACK 1/2"" x 167'",684,1875Tpvc-W0.1875,0.041666667,Length Units,Stock,0.909090909
"8223 - Target Tape 1/4"" reflective dots with 2"" spacing - BLACK 1/2"" x 167'",684,1875Tpvc-W0.1875,0.041666667,Length Units,Stock,0.909090909
"8223 - Target Tape 1/4"" reflective dots with 2"" spacing - BLACK 1/2"" x 167'",684,1875Tpvc-W0.1875,0.041666667,Length Units,Stock,0.909090909
8226 - Die Cut Part 5 mil Polyimide 6mm Dia,685,500AV-W1.25,0.013020833,Length Units,Stock,0.25
8226 - Die Cut Part 5 mil Polyimide 6mm Dia,685,A-454 400 Poly H9 Silicone Side Up-W1.5,0.013020833,Length Units,Stock,0.25
"8227 - Die Cut Part 3M 4941 OD/ID 0.9"" OD x 0.65"" ID",686,4941 -W1.5,0.083333333,Length Units,Stock,0.833333333
"8227 - Die Cut Part 3M 4941 OD/ID 0.9"" OD x 0.65"" ID",686,54 lb. C1S SL4 (S38)-W1.75,0.083333333,Length Units,Stock,0.833333333
"8227 - Die Cut Part 3M 4941 OD/ID 0.9"" OD x 0.65"" ID",686,54 lb. C1S S0-W1.5,0.083333333,Length Units,Stock,0.833333333
"8233 - Sheeted Part AFTC 5319 0.47"" x 1.57""",687,5319-W6,0.016666667,Length Units,Stock,0.8
"8233 - Sheeted Part AFTC 5319 0.47"" x 1.57""",687,54lb C2S SL1/SL4 Liner-W7,0.016666667,Length Units,Stock,0.8
"8233 - Sheeted Part AFTC 5319 0.47"" x 1.57""",687,FLX051800-2 A-454 150 Poly H9 Silicone Side Up-W6.375,0.016666667,Length Units,Stock,0.8
"8239 - Slit Tape 3M 4950 2"" x 36Yd",688,4950-W2,0.108,Length Units,Stock,0.909090909
"8252 - Slit Tape 3M 2090 2"" x 60Yd",689,2090-W1.89,0.18,Length Units,Stock,0.909090909
"8264 - Sheeted Part GE Engine mask 15"" x 2.75""",690,V400F Orange TC160 V23-W3.375,1.25,Length Units,Stock,0.909090909
"8264 - Sheeted Part GE Engine mask 15"" x 2.75""",690,7301C-W3.5,1.25,Length Units,Stock,0.909090909
"8267 - Slit Tape 3M 468MP 20"" x 180Yd",691,468MP-W20,0.54,Length Units,Stock,0.909090909
"8270 - Printed Label Brown Kraft printed Blue with ""TransferRite"" 19"" x 3.5""",692,53470-W7,0.791666667,Length Units,Stock,0.909090909
"8271 - Printed Label Brown Kraft printed Red with ""ProtectRite"" 19"" x 3.5""",693,53470-W7,0.791666667,Length Units,Stock,0.909090909
"8272 - Printed Label Brown Kraft printed Green with ""Autowrap"" 19"" x 5""",694,B5558-W10,0.791666667,Length Units,Stock,0.909090909
"8273 - Printed Label Brown Kraft printed Blue with ""StencilRite"" 19"" x 3.5""",695,53470-W7,0.791666667,Length Units,Stock,0.909090909
"8274 - Slit Tape SG 25A25C 6"" x 300'",696,25A25C-W6,0.3,Length Units,Stock,0.952380952
"8286 - Sheeted Part P104878F 4.875"" x 5.943""",697,2AFR White-W60,5.09E-05,Length Units,Stock,0.952380952
"8288 - Slit Tape ST-2119 1/2"" x 5,000'",698,SG15106B-W48,0.064935065,Length Units,Stock,0.909090909
"8293 - Die Cut Part Wafer Seal

 1"" Dia",699,FP024802-W7,0.015431944,Length Units,Stock,0.909090909
"8296 - Sheeted Part P105376K 5"" x 6.67""",700,2AFR Black-W60 - CatID-13764,5.34E-05,Length Units,Stock,0.952380952
"8304 - Sheeted Part Roscolux 94 Kelly Green 1.43"" x 1.30""",701,Roscolux 94-W20,1.04E-05,"Each (Use for Boxes, Bags, Cores, Cases)",Stock,0.666666667
"8304 - Sheeted Part Roscolux 94 Kelly Green 1.43"" x 1.30""",701,467MP-W6.125,5.21E-06,Length Units,Stock,0.666666667
8314 - Die Cut Part SG Polymask 3195EZ 590mm x 45mm,702,3195C/EZ-W10,0.389583333,Length Units,Stock,0.952380952
8314 - Die Cut Part SG Polymask 3195EZ 590mm x 45mm,702,54 lb. C1S SL4 (S38)-W10.25,0.389583333,Length Units,Stock,0.952380952
8315 - Die Cut Part SG Polymask 3195EZ 341mm x 43mm,703,3195C/EZ-W10,0.227083333,Length Units,Stock,0.952380952
8315 - Die Cut Part SG Polymask 3195EZ 341mm x 43mm,703,54 lb. C1S SL4 (S38)-W10.25,0.227083333,Length Units,Stock,0.952380952
"8319 - Die Cut Part 3M 5952 3.69"" x 0.5""",704,5952-W1,0.000319517,Length Units,Stock,0.909090909
"8319 - Die Cut Part 3M 5952 3.69"" x 0.5""",704,53 Lb. C2S BG0-BG0-W1.25,0.000319517,Length Units,Stock,0.909090909
"8329 - Sheeted Part #23 Trim Strips 11.5"" x 0.5""",705,10 pt.-W6,0.119791667,Length Units,Stock,0.909090909
"8331 - Sheeted Part 3M SJ3560 2.75"" x 1""",706,SJ3560-W1,0.229166667,Length Units,Stock,0.952380952
"8334 - Sheeted Part Laser cut stencil 15"" x 7""",707,.024 pt Candesce 1CS Printed-W12.5,0.001333333,Length Units,Stock,0.333333333
"8334 - Sheeted Part Laser cut stencil 15"" x 7""",707,9462P-W8.75,0.001333333,Length Units,Stock,0.333333333
"8334 - Sheeted Part Laser cut stencil 15"" x 7""",707,Laser Cut Stencil,0.083333333,"Each (Use for Boxes, Bags, Cores, Cases)",Stock,1
"8337 - Die Cut Part Shield, AL Foil Adh., 4-Port 1.080"" x 0.240""",708,3302-W1,0.049479167,Length Units,Stock,0.869565217
"8338 - Die Cut Part Shield, AL Foil Adh., 2-Port 0.410"" x 0.240""",709,3302-W1,0.019791667,Length Units,Stock,0.740740741
"8339 - Die Cut Part Shield, AL Foil Adh., 1-Port 0.320"" x 0.240""",710,3302-W1,0.01885,Length Units,Stock,0.5
"8346 - Die Cut Part GE PN 3074T08P02 1-7/16"" x 9/32""",711,69-W23.75,0.0093,Length Units,Stock,0.8
"8346 - Die Cut Part GE PN 3074T08P02 1-7/16"" x 9/32""",711,HDS-90-W1.5,0.065104167,Length Units,Stock,0.8
"8348 - Die Cut Part GE PN T700 3/4"" x 1/8""",712,69-W23.75,0.005208333,Length Units,Stock,0.8
"8348 - Die Cut Part GE PN T700 3/4"" x 1/8""",712,HDS-90-W1.5,0.036458333,Length Units,Stock,0.8
"8349 - Die Cut Part GE PN 6078T19P10 9/16"" x 1/8""",713,69-W23.75,0.008184167,Length Units,Stock,0.8
"8349 - Die Cut Part GE PN 6078T19P10 9/16"" x 1/8""",713,HDS-90-W1.5,0.057291667,Length Units,Stock,0.8
"8356 - Slit Tape 3M 3903 1/2"" x 50Yd",714,3903-W49,0.001578947,Length Units,Stock,0.952380952
"8359 - Die Cut Part GE PN 6051T72G02 1/2"" x 1/8""",715,69-W23.75,0.000338258,Length Units,Stock,0.8
"8359 - Die Cut Part GE PN 6051T72G02 1/2"" x 1/8""",715,HDS-90-W1.5,0.052083333,Length Units,Stock,0.8
"8360 - Die Cut Part GE PN 5101T38G08-1 1-3/16"" x 9/32""",716,69-W23.75,0.0078125,Length Units,Stock,0.8
"8360 - Die Cut Part GE PN 5101T38G08-1 1-3/16"" x 9/32""",716,HDS-90-W1.5,0.0546875,Length Units,Stock,0.8
"8362 - Die Cut Part GE PN 5101T38G08-2 2"" x 9/32""",717,69-W23.75,0.01275,Length Units,Stock,0.8
"8362 - Die Cut Part GE PN 5101T38G08-2 2"" x 9/32""",717,HDS-90-W1.5,0.089166667,Length Units,Stock,0.8
"8364 - Sheeted Part Mated hook and loop 1.5"" x 1""",718,SJ3526N-W1 - CatID-20053,0.125,Length Units,Stock,0.833333333
"8364 - Sheeted Part Mated hook and loop 1.5"" x 1""",718,SJ3527N-W1 - CatID-20054,0.125,Length Units,Stock,0.833333333
8372 - Sheeted Part 3M 4008 82mm x 7mm,719,4008-W3,3.57E-05,Length Units,Stock,0.952380952
8372 - Sheeted Part 3M 4008 82mm x 7mm,719,54 lb. C1S SL4 (S38)-W3.125,3.57E-05,Length Units,Stock,0.952380952
8373 - Sheeted Part 3M 4941 41mm x 38mm,720,4941-W6,8.33E-05,Length Units,Stock,0.952380952
8373 - Sheeted Part 3M 4941 41mm x 38mm,720,54 lb. C1S SL4 (S38)-W6,8.33E-05,Length Units,Stock,0.952380952
8375 - Sheeted Part 3M 9703 9mm x 9mm,721,9703-W24,8.68E-07,Length Units,Stock,0.952380952
8375 - Sheeted Part 3M 9703 9mm x 9mm,721,54 lb. C1S SL4 (S38)-W23.875,8.68E-07,Length Units,Stock,0.952380952
8376 - Sheeted Part PPI TC-250B 114mm x 105mm,722,TC-250B-W5,0.000333333,Length Units,Stock,0.952380952
8376 - Sheeted Part PPI TC-250B 114mm x 105mm,722,54 lb. C1S S0-W5,0.000333333,Length Units,Stock,0.952380952
"8381 - Printed Tape 3M 1529 5"" x 1,500'",723,1529-W10,0.75,Length Units,Stock,0.909090909
"8382 - Sheeted Part 3M 1522 0.5"" x 3""",724,1522-W4,0.041666667,Length Units,Stock,0.952380952
"8382 - Sheeted Part 3M 1522 0.5"" x 3""",724,Q100 (FRA-3307)-W4,0.041666667,Length Units,Stock,0.952380952
"8384 - Printed Tape Light green PVC printed black ""Tower 1"" 1"" x 72Yd",725,5905Wpvc-W5.905,0.0432,Length Units,Stock,0.909090909
"8385 - Printed Tape Light Blue EE12 printed black ""Tower 2"" 1"" x 72Yd",726,EE12 LtB-W5.9,0.0432,Length Units,Stock,0.909090909
"8386 - Printed Tape Red EE12 printed black ""Tower 3"" 1"" x 72Yd",727,EE12 R-W5.9,0.0432,Length Units,Stock,0.909090909
"8387 - Printed Tape EE12 printed black ""Tower 4"" 1"" x 72Yd",728,EE12 W-W5.9,0.0432,Length Units,Stock,0.909090909
"8395 - Sheeted Part 3M 5930P 4.4"" x 5.5""",729,5930P-W6,0.000375,Length Units,Stock,0.909090909
"8395 - Sheeted Part 3M 5930P 4.4"" x 5.5""",729,53 Lb. C2S BG0/BG0-W6,0.000375,Length Units,Stock,0.909090909
"8411 - Butt Cut Tape ST-1753 butt cut every 4"" w/ tab 4"" x 4""",730,78 lb. C1S BG40-W4.75,0.166666667,Length Units,Stock,0.909090909
"8411 - Butt Cut Tape ST-1753 butt cut every 4"" w/ tab 4"" x 4""",730,2380-W0.5,0.166666667,Length Units,Stock,0.909090909
"8411 - Butt Cut Tape ST-1753 butt cut every 4"" w/ tab 4"" x 4""",730,2380-W4,0.166666667,Length Units,Stock,0.909090909
8416 - Sheeted Part 22-TS0-R##-FCSpacer-483_LFA 8.00_170614 85.9mm x 25.2mm,731,MATL0050-W4.5,0.027777778,"Each (Use for Boxes, Bags, Cores, Cases)",Stock,0.909090909
8423 - Slit Tape 3M 3073 72mm x 50m,732,3073-W2.83,0.165,Length Units,Stock,0.909090909
"8431 - Slit Tape P-221 3/16"" x 36Yd",733,P221-W25,0.00084375,Length Units,Stock,0.952380952
"8432 - Slit Roll 2.5 mil C1S Easy Release liner 2.5"" x 1,340'",734,42 lb. C1S S0-W13.25,0.268,Length Units,Stock,0.952380952
8435 - Perfed Film Pregis 2A04B Blue 271mm x 39.5mm,735,2A04B-W10,0.147569444,Length Units,Stock,0.909090909
8435 - Perfed Film Pregis 2A04B Blue 271mm x 39.5mm,735,54 lb. C1S S0(BG0)-W10,0.147569444,Length Units,Stock,0.909090909
8437 - Die Cut Part 3M 4955 60mm x 6mm,736,4955-W1.5,7.12E-05,Length Units,Stock,0.909090909
8437 - Die Cut Part 3M 4955 60mm x 6mm,736,54lb C2S SL1/SL4 Liner-W4,7.22E-05,Length Units,Stock,0.909090909
8440 - Die Cut Part Bezel Mask Protective Film 53.4mm x 94.6mm,737,2124C-W48,0.023148148,Length Units,Stock,0.666666667
8440 - Die Cut Part Bezel Mask Protective Film 53.4mm x 94.6mm,737,Q300-W6,0.208333333,Length Units,Stock,0.666666667
8440 - Die Cut Part Bezel Mask Protective Film 53.4mm x 94.6mm,737,750Wpvc-W0.75,0.208333333,Length Units,Stock,0.666666667
"8442 - Sheeted Part 3M 4496W 4"" x 2""",738,4496W-W2,0.333333333,Length Units,Stock,0.869565217
"8442 - Sheeted Part 3M 4496W 4"" x 2""",738,53 Lb. Liner C2S-W2.25,0.333333333,Length Units,Stock,0.869565217
"8444 - Sheeted Part Cool Advantage Gasket 2.346"" x 6.674""",739,1772-W8,0.00175,Length Units,Stock,0.943396226
"8444 - Sheeted Part Cool Advantage Gasket 2.346"" x 6.674""",739,1772-W8,0.00175,Length Units,Stock,0.943396226
"8444 - Sheeted Part Cool Advantage Gasket 2.346"" x 6.674""",739,MELINEX 462-W8.5,0.00175,Length Units,Stock,0.943396226
"8444 - Sheeted Part Cool Advantage Gasket 2.346"" x 6.674""",739,3317A02075R8 - Tray,0.083333333,"Each (Use for Boxes, Bags, Cores, Cases)",Stock,1
"8444 - Sheeted Part Cool Advantage Gasket 2.346"" x 6.674""",739,9382,0.083333333,"Each (Use for Boxes, Bags, Cores, Cases)",Stock,1
"8445 - Sheeted Part Cool Advantage Plus Gasket 9.802"" x 2.556""",740,1772-W10.5,0.002333333,Length Units,Stock,0.943396226
"8445 - Sheeted Part Cool Advantage Plus Gasket 9.802"" x 2.556""",740,1772-W10.5,0.002333333,Length Units,Stock,0.943396226
"8445 - Sheeted Part Cool Advantage Plus Gasket 9.802"" x 2.556""",740,MELINEX 462-W11,0.002333333,Length Units,Stock,0.943396226
"8445 - Sheeted Part Cool Advantage Plus Gasket 9.802"" x 2.556""",740,3319A00751 - Tray,0.083333333,"Each (Use for Boxes, Bags, Cores, Cases)",Stock,1
"8445 - Sheeted Part Cool Advantage Plus Gasket 9.802"" x 2.556""",740,MP21004948-R6 - Sleeve,0.083333333,"Each (Use for Boxes, Bags, Cores, Cases)",Stock,1
"8446 - Sheeted Part Cool Advantage Petite Gasket 2.346"" x 5.103""",741,1772-W6,0.00175,Length Units,Stock,0.925925926
"8446 - Sheeted Part Cool Advantage Petite Gasket 2.346"" x 5.103""",741,1772-W6,0.00175,Length Units,Stock,0.925925926
"8446 - Sheeted Part Cool Advantage Petite Gasket 2.346"" x 5.103""",741,MELINEX 462-W7,0.00175,Length Units,Stock,0.925925926
"8446 - Sheeted Part Cool Advantage Petite Gasket 2.346"" x 5.103""",741,MP20003557-R21 - Sleeve,0.083333333,"Each (Use for Boxes, Bags, Cores, Cases)",Stock,1
"8458 - Die Cut Part 6"" x 4"" Printed Label for Advantage Pouch, Color 10220C (Metallic Purple) 6"" x 4""",742,54091-W9,0.255208333,Length Units,Stock,0.909090909
"8469 - Sheeted Part 3M 5930P 6.73"" x 5.37""",743,5930P-W7,0.000583333,Length Units,Stock,0.909090909
"8469 - Sheeted Part 3M 5930P 6.73"" x 5.37""",743,53 Lb. C2S BG0/BG0-W6.25,0.000583333,Length Units,Stock,0.909090909
"8475 - Slit Tape ST-934 0.75"" x 55m",744,PP-800-W0.75,0.18,Length Units,Stock,1
"8476 - Slit Tape Tesa 62932 1"" x 55Yd",745,62932-60021-00-W54,0.003173077,Length Units,Stock,0.952380952
"8477 - Sheeted Part 3M SJ3571 White Loop 5/8"" 0.625"" Dia",746,SJ3571 WH LP-W2,0.25,Length Units,Stock,0.909090909
"8477 - Sheeted Part 3M SJ3571 White Loop 5/8"" 0.625"" Dia",746,51118-W2.25,0.25,Length Units,Stock,0.909090909
"8477 - Sheeted Part 3M SJ3571 White Loop 5/8"" 0.625"" Dia",746,614URM-W3 - CatID-17814,0.25,Length Units,Stock,0.909090909
"8478 - Sheeted Part 3M SJ3572 White Hook 5/8"" 0.625"" Dia",747,SJ3572 WH HK-W2,0.25,Length Units,Stock,0.909090909
"8478 - Sheeted Part 3M SJ3572 White Hook 5/8"" 0.625"" Dia",747,51118-W2.25,0.25,Length Units,Stock,0.909090909
"8478 - Sheeted Part 3M SJ3572 White Hook 5/8"" 0.625"" Dia",747,614URM-W3 - CatID-17814,0.25,Length Units,Stock,0.909090909
"8479 - Sheeted Part 3M SJ3571 Black Loop 5/8"" 0.625"" Dia",748,SJ3571 BL LP-W2,0.25,Length Units,Stock,0.909090909
"8479 - Sheeted Part 3M SJ3571 Black Loop 5/8"" 0.625"" Dia",748,51118-W2.25,0.25,Length Units,Stock,0.909090909
"8479 - Sheeted Part 3M SJ3571 Black Loop 5/8"" 0.625"" Dia",748,614URM-W3 - CatID-17814,0.25,Length Units,Stock,0.909090909
"8480 - Sheeted Part 3M SJ3572 Black Hook 5/8"" 0.625"" Dia",749,SJ3572 BL HK-W2,0.25,Length Units,Stock,0.909090909
"8480 - Sheeted Part 3M SJ3572 Black Hook 5/8"" 0.625"" Dia",749,51118-W2.25,0.25,Length Units,Stock,0.909090909
"8480 - Sheeted Part 3M SJ3572 Black Hook 5/8"" 0.625"" Dia",749,614URM-W3 - CatID-17814,0.25,Length Units,Stock,0.909090909
"8481 - Sheeted Part 3M SJ3571 White Loop 3/4"" 0.75"" Dia",750,SJ3571 WH LP-W2,0.25,Length Units,Stock,0.909090909
"8481 - Sheeted Part 3M SJ3571 White Loop 3/4"" 0.75"" Dia",750,51118-W2.25,0.25,Length Units,Stock,0.909090909
"8481 - Sheeted Part 3M SJ3571 White Loop 3/4"" 0.75"" Dia",750,614URM-W3 - CatID-17814,0.25,Length Units,Stock,0.909090909
"8482 - Sheeted Part 3M SJ3572 White Hook 3/4"" 0.75"" Dia",751,SJ3572 WH HK-W2,0.25,Length Units,Stock,0.909090909
"8482 - Sheeted Part 3M SJ3572 White Hook 3/4"" 0.75"" Dia",751,51118-W2.25,0.25,Length Units,Stock,0.909090909
"8482 - Sheeted Part 3M SJ3572 White Hook 3/4"" 0.75"" Dia",751,614URM-W3 - CatID-17814,0.25,Length Units,Stock,0.909090909
"8483 - Sheeted Part 3M SJ3571 White Loop 7/8"" 0.875"" x 0.875""",752,SJ3571 WH LP-W2,0.25,Length Units,Stock,0.909090909
"8483 - Sheeted Part 3M SJ3571 White Loop 7/8"" 0.875"" x 0.875""",752,51118-W2.25,0.25,Length Units,Stock,0.909090909
"8483 - Sheeted Part 3M SJ3571 White Loop 7/8"" 0.875"" x 0.875""",752,614URM-W3 - CatID-17814,0.25,Length Units,Stock,0.909090909
"8484 - Sheeted Part 3M SJ3572 White Hook 7/8"" 0.875"" x 0.875""",753,SJ3572 WH HK-W2,0.25,Length Units,Stock,0.909090909
"8484 - Sheeted Part 3M SJ3572 White Hook 7/8"" 0.875"" x 0.875""",753,51118-W2.25,0.25,Length Units,Stock,0.909090909
"8484 - Sheeted Part 3M SJ3572 White Hook 7/8"" 0.875"" x 0.875""",753,614URM-W3 - CatID-17814,0.25,Length Units,Stock,0.909090909
"8485 - Sheeted Part 3M SJ3571 Black Loop 7/8"" 0.875"" x 0.875""",754,SJ3571 BL LP-W2,0.25,Length Units,Stock,0.909090909
"8485 - Sheeted Part 3M SJ3571 Black Loop 7/8"" 0.875"" x 0.875""",754,51118-W2.25,0.25,Length Units,Stock,0.909090909
"8485 - Sheeted Part 3M SJ3571 Black Loop 7/8"" 0.875"" x 0.875""",754,614URM-W3 - CatID-17814,0.25,Length Units,Stock,0.909090909
"8486 - Sheeted Part 3M SJ3572 Black Hook 7/8"" 0.875"" x 0.875""",755,SJ3572 BL HK-W2,0.25,Length Units,Stock,0.909090909
"8486 - Sheeted Part 3M SJ3572 Black Hook 7/8"" 0.875"" x 0.875""",755,51118-W2.25,0.25,Length Units,Stock,0.909090909
"8486 - Sheeted Part 3M SJ3572 Black Hook 7/8"" 0.875"" x 0.875""",755,614URM-W3 - CatID-17814,0.25,Length Units,Stock,0.909090909
"8498 - Sheeted Part 15"" Ford Fiesta Wheel Mask 16.6"" Dia",756,51134-W21.26,1.489583333,Length Units,Stock,0.99009901
"8498 - Sheeted Part 15"" Ford Fiesta Wheel Mask 16.6"" Dia",756,78 lb. C1S BG40-W18,1.489583333,Length Units,Stock,0.99009901
"8498 - Sheeted Part 15"" Ford Fiesta Wheel Mask 16.6"" Dia",756,HP260White-print-W0.5,1.489583333,Length Units,Stock,0.99009901
"8498 - Sheeted Part 15"" Ford Fiesta Wheel Mask 16.6"" Dia",756,1875Rpvc-W0.1875,1.489583333,Length Units,Stock,0.99009901
"8508 - Slit Tape CSM, Flexcon FLX000322 2"" x 500'",757,FLX000322-W6,0.166666667,Length Units,Stock,1
8510 - Sheeted Part 3M SJ3550CF 15mm x 25.4mm,758,SJ3550CF-W6,0.00001,Length Units,Stock,0.909090909
8514 - Foam Die Cut ETTH Cheek Pad - Standard 57.2mm x 69.9mm,759,130133-W7.75,0.104166667,Length Units,Stock,0.666666667
8514 - Foam Die Cut ETTH Cheek Pad - Standard 57.2mm x 69.9mm,759,Polyken 2916P-W3.5,0.208333333,Length Units,Stock,0.666666667
8514 - Foam Die Cut ETTH Cheek Pad - Standard 57.2mm x 69.9mm,759,631-W5,0.052083333,Length Units,Stock,0.666666667
8514 - Foam Die Cut ETTH Cheek Pad - Standard 57.2mm x 69.9mm,759,1875Tpvc-W0.1875,0.208333333,Length Units,Stock,0.666666667
8514 - Foam Die Cut ETTH Cheek Pad - Standard 57.2mm x 69.9mm,759,1875Tpvc-W0.1875,0.208333333,Length Units,Stock,0.666666667
8514 - Foam Die Cut ETTH Cheek Pad - Standard 57.2mm x 69.9mm,759,1875Tpvc-W0.1875,0.208333333,Length Units,Stock,0.666666667
8515 - Foam Die Cut ETTH Cheek Pad - Small 42.86mm x 52.39mm,760,130133-W7.75,0.078125,Length Units,Stock,0.666666667
8515 - Foam Die Cut ETTH Cheek Pad - Small 42.86mm x 52.39mm,760,Polyken 2916P-W3,0.15625,Length Units,Stock,0.666666667
8515 - Foam Die Cut ETTH Cheek Pad - Small 42.86mm x 52.39mm,760,631-W5,0.15625,Length Units,Stock,0.666666667
8515 - Foam Die Cut ETTH Cheek Pad - Small 42.86mm x 52.39mm,760,1875Tpvc-W0.1875,0.15625,Length Units,Stock,0.666666667
8515 - Foam Die Cut ETTH Cheek Pad - Small 42.86mm x 52.39mm,760,1875Tpvc-W0.1875,0.15625,Length Units,Stock,0.666666667
8515 - Foam Die Cut ETTH Cheek Pad - Small 42.86mm x 52.39mm,760,1875Tpvc-W0.1875,0.15625,Length Units,Stock,0.666666667
"8523 - Slit Tape 3M 4929 0.1875"" x 36Yd",761,4929-W6.25,0.00432,Length Units,Stock,0.952380952
8529 - Perfed Tape SG 25A29C 332mm x 48mm,762,25A29C-W9.5,0.272135417,Length Units,Stock,0.909090909
8529 - Perfed Tape SG 25A29C 332mm x 48mm,762,54 lb. C1S SL4 (S38)-W6.25,0.272135417,Length Units,Stock,0.909090909
"8531 - Slit Tape ST-2119 0.69"" x 5,000'",763,SG15106B-W48,0.083333333,Length Units,Stock,0.934579439
8533 - Slit Tape 3M 218 Green w/ liner Various - See WO,764,218 Green-W48,0.18,Length Units,Stock,0.909090909
8533 - Slit Tape 3M 218 Green w/ liner Various - See WO,764,FRA 310-W60,0.18,Length Units,Stock,0.909090909
8535 - Perfed Tape SG 25A29C 390mm x 38mm,765,25A29C-W9.5,0.213541667,Length Units,Stock,0.909090909
"8540 - Die Cut Part 3M 4926 1"" x 1""",766,4926-W6.75,2.34E-05,Length Units,Stock,0.869565217
"8540 - Die Cut Part 3M 4926 1"" x 1""",766,54lb C2S SL1/SL4 Liner-W2,0.00009375,Length Units,Stock,0.869565217
"8543 - Perfed Tape ABI 8510 Blue/ perfed 3"" 2"" x 110Yd",767,8510 UV Blue-W6,0.11,Length Units,Stock,0.943396226
"8578 - Die Cut Part JM Mask - 2 piece set 7.99"" x 7.65""",768,301+-W8.25,0.6875,Length Units,Stock,0.909090909
"8578 - Die Cut Part JM Mask - 2 piece set 7.99"" x 7.65""",768,78 lb. C1S BG40-W8.5,0.6875,Length Units,Stock,0.909090909
"8579 - Die Cut Part CE Mask 3.35"" x 4.48""",769,301+-W5.5,0.291666667,Length Units,Stock,0.909090909
"8579 - Die Cut Part CE Mask 3.35"" x 4.48""",769,78 lb. C1S BG40-W5.75,0.291666667,Length Units,Stock,0.909090909
"8586 - Slit Tape AFTC 5310 XL 3/4"" x 99'",770,5310-W19.685,0.0061875,Length Units,Stock,0.909090909
"8586 - Slit Tape AFTC 5310 XL 3/4"" x 99'",770,1875Tpvc-W0.1875,0.02475,Length Units,Stock,0.909090909
"8586 - Slit Tape AFTC 5310 XL 3/4"" x 99'",770,1875Tpvc-W0.1875,0.02475,Length Units,Stock,0.909090909
"8586 - Slit Tape AFTC 5310 XL 3/4"" x 99'",770,1875Tpvc-W0.1875,0.02475,Length Units,Stock,0.909090909
"8586 - Slit Tape AFTC 5310 XL 3/4"" x 99'",770,1875Tpvc-W0.1875,0.02475,Length Units,Stock,0.909090909
"8588 - Slit Adh 3M 966 12"" x 180'",771,966-W48,0.01125,Length Units,Stock,0.5
"8588 - Slit Adh 3M 966 12"" x 180'",771,54 lb. C1S S0-W40,0.0084375,Length Units,Stock,0.5
8592 - Die Cut Part White PE Foam 50.6mm x 2mm,772,4116-W1.75,0.029513889,Length Units,Stock,0.869565217
"8594 - Die Cut Part SG 13220L 3"" x 3""",773,13220L-W6.75,0.130208333,Length Units,Stock,0.934579439
"8594 - Die Cut Part SG 13220L 3"" x 3""",773,55 lb. Tight C1S-W7,0.130208333,Length Units,Stock,0.934579439
"8597 - Slit Tape 3M 69 2.0"" x 36Yd",774,69-W48,0.004513889,Length Units,Stock,0.980392157
"8604 - Die Cut Part 3M 92 0.2"" x 0.2""",775,92-W12,0.001130208,Length Units,Stock,0.833333333
"8604 - Die Cut Part 3M 92 0.2"" x 0.2""",775,HDS-90-W1.5,0.0135625,Length Units,Stock,0.833333333
8611 - Sheeted Part RH Absorber pad 11.3mm x 4.9mm,776,903-1502-ND-W12,1.36E-06,"Each (Use for Boxes, Bags, Cores, Cases)",Stock,0.909090909
8612 - Sheeted Part RH Absorber pad 11.3mm x 6.4mm,777,903-1502-ND-W12,1.70E-06,"Each (Use for Boxes, Bags, Cores, Cases)",Stock,0.909090909
8613 - Sheeted Part RH Absorber pad 13.3mm x 6.9mm,778,903-1502-ND-W12,1.93E-06,"Each (Use for Boxes, Bags, Cores, Cases)",Stock,0.909090909
"8614 - Die Cut Part 3M 5962P 3.178"" x 4.3""",779,5962P-W5.125,0.286458333,Length Units,Stock,0.666666667
"8614 - Die Cut Part 3M 5962P 3.178"" x 4.3""",779,54 lb. C1S S0-W5.5,0.286458333,Length Units,Stock,0.666666667
"8614 - Die Cut Part 3M 5962P 3.178"" x 4.3""",779,54lb C2S SL1/SL4 Liner-W5.5,0.286458333,Length Units,Stock,0.666666667
"8614 - Die Cut Part 3M 5962P 3.178"" x 4.3""",779,375Tpvc-W0.375,0.286458333,Length Units,Stock,0.666666667
"8614 - Die Cut Part 3M 5962P 3.178"" x 4.3""",779,Q100 (FRA-3307)-W5.25,0.286458333,Length Units,Stock,0.666666667
"8624 - Slit Tape 3M 69 3.0"" x 36Yd",780,69-W48,0.006770833,Length Units,Stock,0.980392157
8626 - Sheeted Part CSM Lidding seal 9mm Dia,781,"CSM - Grey TPO Rubber, 43mils thick-W10",0.001663889,Length Units,Stock,0.909090909
8626 - Sheeted Part CSM Lidding seal 9mm Dia,781,620E-W10,0.001663889,Length Units,Stock,0.909090909
"8637 - Die Cut Part Matte Silver printed 2 color 1.5"" x 3""",782,5908-W10,0.045138889,Length Units,Stock,0.8
"8637 - Die Cut Part Matte Silver printed 2 color 1.5"" x 3""",782,23120-W10.25,0.045138889,Length Units,Stock,0.8
"8637 - Die Cut Part Matte Silver printed 2 color 1.5"" x 3""",782,54lb C2S SL1/SL4 Liner-W10.25,0.045138889,Length Units,Stock,0.8
"8638 - Die Cut Part 3M RP45 die cut and perfed 0.75"" x 2"" with tab",783,RP45-W3,0.083333333,Length Units,Stock,0.740740741
"8638 - Die Cut Part 3M RP45 die cut and perfed 0.75"" x 2"" with tab",783,54lb C2S SL1/SL4 Liner-W3.25,0.083333333,Length Units,Stock,0.740740741
"8638 - Die Cut Part 3M RP45 die cut and perfed 0.75"" x 2"" with tab",783,375Tpvc-W0.375,0.083333333,Length Units,Stock,0.740740741
"8642 - Slit Tape 3M 9828 XL liner 2.5"" x 1,400'",784,9828-W6,0.7,Length Units,Stock,0.869565217
8643 - Slit Tape 3M 8412 Various,785,8412-W48,0.0135,Length Units,Stock,0.952380952
8644 - Slit Tape 3M 234 Various,786,234-P-W29,0.005,Length Units,Stock,0.952380952
"8650 - Sheeted Part 3M 1774W 18"" x 24""",787,1774W-W48,0.00075,Length Units,Stock,0.833333333
"8651 - Die Cut Part 3M 5952P VHB seal 3.2"" x 4.46""",788,5952P-W5.25,0.000289067,Length Units,Stock,0.571428571
"8651 - Die Cut Part 3M 5952P VHB seal 3.2"" x 4.46""",788,54 lb. C1S S0-W5.5,0.000289067,Length Units,Stock,0.571428571
"8651 - Die Cut Part 3M 5952P VHB seal 3.2"" x 4.46""",788,54lb C2S SL1/SL4 Liner-W5,0.000289067,Length Units,Stock,0.571428571
"8651 - Die Cut Part 3M 5952P VHB seal 3.2"" x 4.46""",788,Q100 (FRA-3307)-W5.5,0.000289067,Length Units,Stock,0.571428571
"8658 - Sheeted Part Triangles - 2018 4.5"" x 3.375""",789,1521-W3.375,0.375,Length Units,Stock,0.952380952
8659 - Die Cut Part  ,790,Hydroblock P2000TR-W13.386,0.004166667,Length Units,Stock,0.666666667
8659 - Die Cut Part  ,790,P77-W13.11,0.004166667,Length Units,Stock,0.666666667
8659 - Die Cut Part  ,790,Aluminum Foil-W7.2835,0.008333333,Length Units,Stock,0.666666667
8659 - Die Cut Part  ,790,Active Adhesive-W6.4961,0.008333333,Length Units,Stock,0.666666667
8659 - Die Cut Part  ,790,Coated Metalized-W6.6929,0.008333333,Length Units,Stock,0.666666667
"8663 - Sheeted Part Variety - 2018 4.5"" x 3.375""",791,1521-W3.375,0.375,Length Units,Stock,0.952380952
"8664 - Die Cut Part Stiffener 0.787"" Dia",792,FLX067109-W9,9.90E-06,Length Units,Stock,0.869565217
"8665 - Laminated Roll 3M 1522 24"" x 72Yd",793,1522-W24,0.216,Length Units,Stock,0.909090909
"8665 - Laminated Roll 3M 1522 24"" x 72Yd",793,54 lb. C1S SL4 (S38)-W24.5,0.216,Length Units,Stock,0.909090909
8668 - Die Cut Part Pad Foam Large Rear Hsg Calypso 6.6mm x 12.6mm,794,4928-00033-20-W54,0.000575,Length Units,Stock,0.8
8668 - Die Cut Part Pad Foam Large Rear Hsg Calypso 6.6mm x 12.6mm,794,4790-92-20081-04-W54,0.0006075,Length Units,Stock,0.8
8669 - Die Cut Part Pad Foam Small Rear Hsg Calypso 5.5mm x 7.1mm,795,4928-00033-20-W54,0.000258333,Length Units,Stock,0.8
8669 - Die Cut Part Pad Foam Small Rear Hsg Calypso 5.5mm x 7.1mm,795,4790-92-20081-04-W54,0.00035,Length Units,Stock,0.8
"8673 - Slit Roll 3M 9086 d/c tape 0.25"" x 165Yd",796,9086 Plastic core-W54,0.002334906,Length Units,Stock,0.952380952
"8675 - Male Carrier Strip Dark Blue Dual Cap 1.11"" x 7.00""",797,HDPE 12 mil Natural-W7.875,0.0925,Length Units,Stock,0.833333333
"8675 - Male Carrier Strip Dark Blue Dual Cap 1.11"" x 7.00""",797,A-454 150 Poly H9 Silicone Side Up-W7.25,0.0925,Length Units,Stock,0.833333333
"8679 - Slit Tape ABI 8510 Blue 2"" x 110Yd",798,8510 UV Blue-W6,0.11,Length Units,Stock,0.943396226
"8680 - Slit Tape 3M 4956XL 1"" x 120'",799,4956-W4,0.04,Length Units,Stock,0.8
"8689 - Die Cut Part 3M RP45 die cut and perfed 0.75"" x 0.75"" with tab",800,RP45-W3,0.041666667,Length Units,Stock,0.8
"8689 - Die Cut Part 3M RP45 die cut and perfed 0.75"" x 0.75"" with tab",800,54lb C2S SL1/SL4 Liner-W3.25,0.041666667,Length Units,Stock,0.8
"8689 - Die Cut Part 3M RP45 die cut and perfed 0.75"" x 0.75"" with tab",800,375Tpvc-W0.375,0.041666667,Length Units,Stock,0.8
8691 - Die Cut Part Gasket LCD Foam Calypso 71.5mm x 44.88mm,801,4972-W4.25,0.12675,Length Units,Stock,0.884955752
8691 - Die Cut Part Gasket LCD Foam Calypso 71.5mm x 44.88mm,801,4790-92-25021-04P-W4.5,0.12675,Length Units,Stock,0.884955752
8692 - Die Cut Part Foam TW Conn Retainer BTM Housing Calypso 4mm x 4mm,802,4928-00033-20-W1.375,0.017041667,Length Units,Stock,0.666666667
8692 - Die Cut Part Foam TW Conn Retainer BTM Housing Calypso 4mm x 4mm,802,4790-92-25041-1604-W1.5,0.017041667,Length Units,Stock,0.666666667
"8693 - Female Carrier Strip Light Blue Dual Cap 1.11"" x 10.75""",803,HDPE 10 mil Natural-W11.625,0.0925,Length Units,Stock,0.833333333
"8693 - Female Carrier Strip Light Blue Dual Cap 1.11"" x 10.75""",803,FLX051800-W11,0.0925,Length Units,Stock,0.833333333
"8707 - Sheeted Part Volara 2A Foam & 3M 1522 1.25"" Dia",804,2A White-W60,0.004861111,Length Units,Stock,0.833333333
"8707 - Sheeted Part Volara 2A Foam & 3M 1522 1.25"" Dia",804,1522-W9,0.029166667,Length Units,Stock,0.833333333
"8707 - Sheeted Part Volara 2A Foam & 3M 1522 1.25"" Dia",804,42 lb. C1S S0-W9.5,0.029166667,Length Units,Stock,0.833333333
"8707 - Sheeted Part Volara 2A Foam & 3M 1522 1.25"" Dia",804,205561-W11.34,0.029166667,Length Units,Stock,0.833333333
"8707 - Sheeted Part Volara 2A Foam & 3M 1522 1.25"" Dia",804,L61010-W8.5,0.029166667,Length Units,Stock,0.833333333
"8707 - Sheeted Part Volara 2A Foam & 3M 1522 1.25"" Dia",804,1875Tpvc-W0.1875,0.029166667,Length Units,Stock,0.833333333
"8707 - Sheeted Part Volara 2A Foam & 3M 1522 1.25"" Dia",804,1875Tpvc-W0.1875,0.029166667,Length Units,Stock,0.833333333
"8707 - Sheeted Part Volara 2A Foam & 3M 1522 1.25"" Dia",804,1875Tpvc-W0.1875,0.029166667,Length Units,Stock,0.833333333
"8707 - Sheeted Part Volara 2A Foam & 3M 1522 1.25"" Dia",804,1875Tpvc-W0.1875,0.029166667,Length Units,Stock,0.833333333
"8707 - Sheeted Part Volara 2A Foam & 3M 1522 1.25"" Dia",804,1875Tpvc-W0.1875,0.029166667,Length Units,Stock,0.833333333
8715 - Slit Roll Headliner film without masking 22mm x 100m,805,E-100 3 mil-W6,0.054680556,Length Units,Stock,0.909090909
"8717 - Sheeted Part Oral Hydration indicator 1.59"" x 2.80""",806,.024 pt Candesce 1CS-W7.625,0.072916667,Length Units,Stock,0.666666667
"8717 - Sheeted Part Oral Hydration indicator 1.59"" x 2.80""",806,TM8720-W6.857,0.072916667,Length Units,Stock,0.666666667
"8717 - Sheeted Part Oral Hydration indicator 1.59"" x 2.80""",806,42 lb. C1S S0-W7,0.072916667,Length Units,Stock,0.666666667
"8717 - Sheeted Part Oral Hydration indicator 1.59"" x 2.80""",806,5905Tpvc-W5.905,0.072916667,Length Units,Stock,0.666666667
"8717 - Sheeted Part Oral Hydration indicator 1.59"" x 2.80""",806,White Filter Paper-W14,0.036458333,Length Units,Stock,0.666666667
"8719 - Slit Tape 3M 8555 11.5"" x 72Yd",807,8555-W48,0.054,Length Units,Stock,0.952380952
"8725 - Sheeted Part Canister Label Assembly 5.73"" x 3.44""",808,1522-W4,0.000333333,Length Units,Stock,0.526315789
"8725 - Sheeted Part Canister Label Assembly 5.73"" x 3.44""",808,4 mil Clear PET-W4.6,0.000333333,Length Units,Stock,0.526315789
"8725 - Sheeted Part Canister Label Assembly 5.73"" x 3.44""",808,FRA 354-W4.85,0.000333333,Length Units,Stock,0.526315789
"8725 - Sheeted Part Canister Label Assembly 5.73"" x 3.44""",808,SVX-200-W8,2.78E-06,Length Units,Stock,0.8
"8726 - Sheeted Part RFID VHB label 1.25"" Dia",809,5952-W1.75,0.114583333,Length Units,Stock,0.909090909
"8726 - Sheeted Part RFID VHB label 1.25"" Dia",809,5952-W1.75,0.114583333,Length Units,Stock,0.909090909
"8726 - Sheeted Part RFID VHB label 1.25"" Dia",809,RFID Tags-W1.102 - CatID-22899,0.083333333,"Each (Use for Boxes, Bags, Cores, Cases)",Stock,0.909090909
8727 - Die Cut Part 3M 4914 10.3mm x 27.6mm,810,4914-W2.25,0.044166667,Length Units,Stock,0.714285714
8727 - Die Cut Part 3M 4914 10.3mm x 27.6mm,810,54 lb. C1S S0-W2.5,0.044166667,Length Units,Stock,0.714285714
8727 - Die Cut Part 3M 4914 10.3mm x 27.6mm,810,FRA 312 (Q200)-W4,0.044166667,Length Units,Stock,0.714285714
8727 - Die Cut Part 3M 4914 10.3mm x 27.6mm,810,54lb C2S SL1/SL4 Liner-W2,0.044166667,Length Units,Stock,0.714285714
8727 - Die Cut Part 3M 4914 10.3mm x 27.6mm,810,1875Tpvc-W0.1875,0.044166667,Length Units,Stock,0.714285714
"8728 - Die Cut Part Matte Silver 1.5"" x 3.0""",811,5908-W10,0.045138889,Length Units,Stock,0.869565217
"8728 - Die Cut Part Matte Silver 1.5"" x 3.0""",811,23120-W10.25,0.045138889,Length Units,Stock,0.869565217
"8728 - Die Cut Part Matte Silver 1.5"" x 3.0""",811,55 lb. Tight C2S-W10.25,0.045138889,Length Units,Stock,0.869565217
8730 - Slit Tape 3M 9793R 24mm x 25Yd,812,9793R-W6,0.015,Length Units,Stock,1
"8733 - Die Cut Part Hose Card Model 555 3.625"" Dia",813,54 lb. C1S S0-W8,0.166666667,Length Units,Stock,0.952380952
"8733 - Die Cut Part Hose Card Model 555 3.625"" Dia",813,10092-W7.6875,0.166666667,Length Units,Stock,0.952380952
"8733 - Die Cut Part Hose Card Model 555 3.625"" Dia",813,32B88111-W40.5,0.033333333,Length Units,Stock,0.952380952
"8733 - Die Cut Part Hose Card Model 555 3.625"" Dia",813,FT 445 2M PET-W7.71,0.166666667,Length Units,Stock,0.952380952
"8733 - Die Cut Part Hose Card Model 555 3.625"" Dia",813,Q300 - FRA 319-W8,0.166666667,Length Units,Stock,0.952380952
"8738 - Sheeted Part Magnetic Shield painted black 2.91"" x 0.70""",814,NFT004-15-W15,0.017361111,Length Units,Stock,0.909090909
"8738 - Sheeted Part Magnetic Shield painted black 2.91"" x 0.70""",814,5066-W4.363,0.017361111,Length Units,Stock,0.909090909
"8740 - Fabricated Part 1 mil PET/9458 15"" x 180Yd",815,9458-W16,0.54,Length Units,Stock,0.909090909
"8740 - Fabricated Part 1 mil PET/9458 15"" x 180Yd",815,1043-W17,0.54,Length Units,Stock,0.909090909
"8740 - Fabricated Part 1 mil PET/9458 15"" x 180Yd",815,78 lb. C1S BG0-W18,0.54,Length Units,Stock,0.909090909
"8747 - Die Cut Label Strouse Accuplace label 1.25"" Dia",816,19640-W6,0.038194444,Length Units,Stock,0.833333333
"8747 - Die Cut Label Strouse Accuplace label 1.25"" Dia",816,10092-W5.5,0.038194444,Length Units,Stock,0.833333333
"8750 - Printed Tape White printed black 0.5"" x 225Yd",817,5905Wpvc-W5.905,0.061363636,Length Units,Stock,0.833333333
"8751 - Butt Cut Part Hook Coin Fastener w/ Non-Engagement Edges - Gowns, 2.5"" 1"" x 2.5""",818,SJ3506-W8,0.027777778,Length Units,Stock,0.925925926
"8751 - Butt Cut Part Hook Coin Fastener w/ Non-Engagement Edges - Gowns, 2.5"" 1"" x 2.5""",818,91022-W0.5,0.027777778,Length Units,Stock,0.925925926
"8751 - Butt Cut Part Hook Coin Fastener w/ Non-Engagement Edges - Gowns, 2.5"" 1"" x 2.5""",818,SJ3527N-W1 - CatID-14016,0.027777778,Length Units,Stock,0.925925926
"8751 - Butt Cut Part Hook Coin Fastener w/ Non-Engagement Edges - Gowns, 2.5"" 1"" x 2.5""",818,SJ3527N - 1/2 sheet-W1,0.027777778,Length Units,Stock,0.925925926
"8755 - Sheeted Part 3M 213 5.75"" x 2.5""",819,213-W6,0.00025,Length Units,Stock,0.666666667
"8755 - Sheeted Part 3M 213 5.75"" x 2.5""",819,78 lb. C1S BG40-W6.5,0.00025,Length Units,Stock,0.666666667
"8756 - Sheeted Part 3M 213 5.75"" x 2.5""",820,213-W6,0.00025,Length Units,Stock,0.666666667
"8756 - Sheeted Part 3M 213 5.75"" x 2.5""",820,78 lb. C1S BG40-W6.5,0.00025,Length Units,Stock,0.666666667
"8757 - Fabricated Part Ultraweld Top Bus 3.5"" x 164'",821,CSM - 16 mil Copper Foil-W3.5,0.164,Length Units,Stock,0.666666667
"8757 - Fabricated Part Ultraweld Top Bus 3.5"" x 164'",821,467MP-W4,0.164,Length Units,Stock,0.666666667
"8757 - Fabricated Part Ultraweld Top Bus 3.5"" x 164'",821,467MP-W4,0.164,Length Units,Stock,0.666666667
"8757 - Fabricated Part Ultraweld Top Bus 3.5"" x 164'",821,850BLK-W1,0.164,Length Units,Stock,0.666666667
"8757 - Fabricated Part Ultraweld Top Bus 3.5"" x 164'",821,Nomex 410-W4.25,0.164,Length Units,Stock,0.666666667
"8757 - Fabricated Part Ultraweld Top Bus 3.5"" x 164'",821,KPT-2-W1.625,0.164,Length Units,Stock,0.666666667
"8757 - Fabricated Part Ultraweld Top Bus 3.5"" x 164'",821,55 lb. Tight C1S-W5,0.164,Length Units,Stock,0.666666667
"8758 - Die Cut Part Tape, 0.5"" X 2.0"", Roll 2"" x 0.5""",822,BH Tape (A135 )-W9.5,0.019675926,Length Units,Stock,0.909090909
"8758 - Die Cut Part Tape, 0.5"" X 2.0"", Roll 2"" x 0.5""",822,Q200-W10,0.019675926,Length Units,Stock,0.909090909
"8758 - Die Cut Part Tape, 0.5"" X 2.0"", Roll 2"" x 0.5""",822,54 lb. C1S S0(BG0)-W10,0.019675926,Length Units,Stock,0.909090909
8762 - Die Cut Part 3M 5915P 22.1mm x 10mm,823,5915P-W2,4.17E-05,Length Units,Stock,0.8
8762 - Die Cut Part 3M 5915P 22.1mm x 10mm,823,54lb C2S SL1/SL4 Liner-W2.75,4.17E-05,Length Units,Stock,0.8
8762 - Die Cut Part 3M 5915P 22.1mm x 10mm,823,54 lb. C1S S0 (BG0)-W2.25,4.17E-05,Length Units,Stock,0.8
8762 - Die Cut Part 3M 5915P 22.1mm x 10mm,823,375Tpvc-W0.375,4.17E-05,Length Units,Stock,0.8
"8765 - Die Cut Part Tape, 0.75"" X 1.25"", Roll 1.25"" x 0.75""",824,BH Tape (A135 )-W9.5,0.014322917,Length Units,Stock,0.869565217
"8765 - Die Cut Part Tape, 0.75"" X 1.25"", Roll 1.25"" x 0.75""",824,Q200-W10,0.014322917,Length Units,Stock,0.869565217
"8765 - Die Cut Part Tape, 0.75"" X 1.25"", Roll 1.25"" x 0.75""",824,54 lb. C1S S0(BG0)-W10,0.014322917,Length Units,Stock,0.869565217
8767 - Sheeted Part EPE sheets 80mmx 60mm,825,White EPE-W39.37,0.01640625,Length Units,Stock,0.909090909
8767 - Sheeted Part EPE sheets 80mmx 60mm,825,Black EPE-W39.37,0.01640625,Length Units,Stock,0.909090909
"8772 - Paint Adhesion Tape ST-1195 on plain cores 2"" x 60Yd",826,371-W5.669,0.09,Length Units,Stock,0.909090909
"8772 - Paint Adhesion Tape ST-1195 on plain cores 2"" x 60Yd",826,FP-726-W6,0.09,Length Units,Stock,0.909090909
"8777 - Printed Tape MED 5707 5"" x 100Yd",827,MED 5707-W10,0.15,Length Units,Stock,0.909090909
"8778 - Sheeted Part Long Sheet - 2016 4.5"" x 3.375""",828,1521-W3.375,0.375,Length Units,Stock,0.952380952
"8779 - Slit Tape 3M 8686 0.75"" x 36Yd",829,8686-W24,0.0036,Length Units,Stock,0.952380952
"8789 - Sheeted Part 3M 9916 2.5"" x 0.5""",830,9916-W6,0.0546875,Length Units,Stock,0.8
"8791 - Butt Cut Part 3M FP0862 17"" x 14""",831,FP0862-W14,1.416666667,Length Units,Stock,1
8796 - Die Cut Part Left Hand diffuser 35.5mm x 22.0mm,832,62934-W5,0.041666667,Length Units,Stock,0.666666667
8796 - Die Cut Part Left Hand diffuser 35.5mm x 22.0mm,832,8B35-W5.25,0.041666667,Length Units,Stock,0.666666667
8796 - Die Cut Part Left Hand diffuser 35.5mm x 22.0mm,832,9495B-W5,0.041666667,Length Units,Stock,0.666666667
8796 - Die Cut Part Left Hand diffuser 35.5mm x 22.0mm,832,FRA 354-W5.25,0.041666667,Length Units,Stock,0.666666667
8796 - Die Cut Part Left Hand diffuser 35.5mm x 22.0mm,832,Q100 (FRA-3307)-W5.25,0.041666667,Length Units,Stock,0.666666667
8796 - Die Cut Part Left Hand diffuser 35.5mm x 22.0mm,832,54 lb. C1S S0-W5.25,0.041666667,Length Units,Stock,0.666666667
8797 - Die Cut Part Right Hand diffuser 35.5mm x 22.0mm,833,62934-W5,0.041666667,Length Units,Stock,0.666666667
8797 - Die Cut Part Right Hand diffuser 35.5mm x 22.0mm,833,8B35-W5.25,0.041666667,Length Units,Stock,0.666666667
8797 - Die Cut Part Right Hand diffuser 35.5mm x 22.0mm,833,9495B-W5,0.041666667,Length Units,Stock,0.666666667
8797 - Die Cut Part Right Hand diffuser 35.5mm x 22.0mm,833,FRA 354-W5.25,0.041666667,Length Units,Stock,0.666666667
8797 - Die Cut Part Right Hand diffuser 35.5mm x 22.0mm,833,Q100 (FRA-3307)-W5.25,0.041666667,Length Units,Stock,0.666666667
8797 - Die Cut Part Right Hand diffuser 35.5mm x 22.0mm,833,54 lb. C1S S0-W5.25,0.041666667,Length Units,Stock,0.666666667
"8801 - Sheeted Part Screen Protector 5.94"" x 4.13""",834,3104C-W16,0.000208333,Length Units,Stock,0.869565217
"8801 - Sheeted Part Screen Protector 5.94"" x 4.13""",834,55 lb. Tight C1S-W16,0.000208333,Length Units,Stock,0.869565217
"8802 - Slit Tape 3M 8555 6"" x 72Yd",835,8555-W48,0.030857143,Length Units,Stock,0.909090909
"8804 - Sheeted Part 3M 1509 24"" x 18""",836,1509-W18,0.002,Length Units,Stock,0.869565217
"8804 - Sheeted Part 3M 1509 24"" x 18""",836,FRA 312 (Q200)-W4.25,0.002,Length Units,Stock,0.869565217
"8815 - Butt Cut Part 3M 1181 0.5"" x 3.15""",837,1181-W23 - CatID-14500,0.005952381,Length Units,Stock,0.666666667
8816 - Die Cut Part Preform Contact 15mm x 18.6mm,838,966NP-W4.5,0.020613889,Length Units,Stock,0.952380952
8816 - Die Cut Part Preform Contact 15mm x 18.6mm,838,FRA 3502-W5,0.020613889,Length Units,Stock,0.952380952
8816 - Die Cut Part Preform Contact 15mm x 18.6mm,838,375Tpvc-W0.375,0.020613889,Length Units,Stock,0.952380952
8816 - Die Cut Part Preform Contact 15mm x 18.6mm,838,375Tpvc-W0.375,0.020613889,Length Units,Stock,0.952380952
8816 - Die Cut Part Preform Contact 15mm x 18.6mm,838,375Tpvc-W0.375,0.020613889,Length Units,Stock,0.952380952
"8821 - Sheeted Part CSM fabric with 3M 1524 4.5"" x 2.25""",839,UPF 50 Spandex-W55,1.93E-05,Length Units,Stock,0.909090909
"8821 - Sheeted Part CSM fabric with 3M 1524 4.5"" x 2.25""",839,1524-W5,0.000192708,Length Units,Stock,0.909090909
"8821 - Sheeted Part CSM fabric with 3M 1524 4.5"" x 2.25""",839,54 lb. C1S S0-W5.25,0.000192708,Length Units,Stock,0.909090909
"8824 - Fabricated Part 3 mil Polypro film with holes 18mm x 3,200'",840,3 mil Corona Treated White PolyPro-W6,0.4,Length Units,Stock,0.909090909
8825 - Laminated Roll CSM Teflon with 13220L See WO,841,"204-2HD6 Virgin PTFE film, 2 mil thick-W23",1,Length Units,Stock,0.909090909
8825 - Laminated Roll CSM Teflon with 13220L See WO,841,13220L-W20,1,Length Units,Stock,0.909090909
"8826 - Sheeted Part Hose Card Plug, Manual 2.74"" x 2.74""",842,32B88111-W40.5,0.019965278,Length Units,Stock,0.833333333
"8826 - Sheeted Part Hose Card Plug, Manual 2.74"" x 2.74""",842,614URM-W7,0.119791667,Length Units,Stock,0.833333333
8831 - Sheeted Part VHB Die cut 66.06mm x 29.85mm,843,4957F-W12,3.43E-05,Length Units,Stock,0.909090909
8831 - Sheeted Part VHB Die cut 66.06mm x 29.85mm,843,54lb C2S SL1/SL4 Liner-W12.25,3.43E-05,Length Units,Stock,0.909090909
"8833 - Sheeted Part 3M 414DC 2"" x 1""",844,414-LONGDC-W1,0.166666667,Length Units,Stock,0.892857143
"8833 - Sheeted Part 3M 414DC 2"" x 1""",844,54lb C2S SL1/SL4 Liner-W1.25,0.166666667,Length Units,Stock,0.892857143
"8834 - Sheeted Part Tesa 62932 3.025"" x 2.45""",845,62932-60021-00-W54,0.018055556,Length Units,Stock,0.833333333
"8834 - Sheeted Part Tesa 62932 3.025"" x 2.45""",845,54lb C2S SL1/SL4 Liner-W4,0.270833333,Length Units,Stock,0.833333333
"8835 - Sheeted Part Poron 4701-40 1.25"" x 0.25""",846,12M715-W12,2.42E-06,"Each (Use for Boxes, Bags, Cores, Cases)",Stock,0.952380952
"8837 - Die Cut Part Printed foam part 1.18"" x 0.71""",847,4A White Volara-W60,0.002246732,Length Units,Stock,0.833333333
"8837 - Die Cut Part Printed foam part 1.18"" x 0.71""",847,1522-W3,0.038194444,Length Units,Stock,0.8
8838 - Slit Tape Nitto RB200S See WO,848,RB200S-W49.2,0.11,Length Units,Stock,0.952380952
"8839 - Sheeted Part 90# C2S tabs with 1/2"" BLUE STRIPE 1"" x 4""",849,4017-2/90-W8,0.041666667,Length Units,Stock,0.909090909
"8839 - Sheeted Part 90# C2S tabs with 1/2"" BLUE STRIPE 1"" x 4""",849,MYP-36US-W1,0.041666667,Length Units,Stock,0.909090909
8841 - Trial LC Covers 3.967mm x 1.392mm,850,9286-W2,0.004533333,Length Units,Stock,0.666666667
8841 - Trial LC Covers 3.967mm x 1.392mm,850,Reels,0.018333333,"Each (Use for Boxes, Bags, Cores, Cases)",Stock,1
8841 - Trial LC Covers 3.967mm x 1.392mm,850,5932-W3,0.004533333,Length Units,Stock,0.666666667
8842 - Die Cut Part Left Hand diffuser 35.5mm x 22.0mm,851,62934-W5,4.17E-05,Length Units,Stock,0.666666667
8842 - Die Cut Part Left Hand diffuser 35.5mm x 22.0mm,851,8B35-W5.25,4.17E-05,Length Units,Stock,0.666666667
8842 - Die Cut Part Left Hand diffuser 35.5mm x 22.0mm,851,9495B-W5,4.17E-05,Length Units,Stock,0.666666667
8842 - Die Cut Part Left Hand diffuser 35.5mm x 22.0mm,851,FRA 354-W5.25,4.17E-05,Length Units,Stock,0.666666667
8842 - Die Cut Part Left Hand diffuser 35.5mm x 22.0mm,851,Q100 (FRA-3307)-W5.25,4.17E-05,Length Units,Stock,0.666666667
8842 - Die Cut Part Left Hand diffuser 35.5mm x 22.0mm,851,54 lb. C1S S0-W5.25,4.17E-05,Length Units,Stock,0.666666667
8843 - Die Cut Part Right Hand diffuser 35.5mm x 22.0mm,852,62934-W5,4.17E-05,Length Units,Stock,0.666666667
8843 - Die Cut Part Right Hand diffuser 35.5mm x 22.0mm,852,8B35-W5.25,4.17E-05,Length Units,Stock,0.666666667
8843 - Die Cut Part Right Hand diffuser 35.5mm x 22.0mm,852,9495B-W5,4.17E-05,Length Units,Stock,0.666666667
8843 - Die Cut Part Right Hand diffuser 35.5mm x 22.0mm,852,FRA 354-W5.25,4.17E-05,Length Units,Stock,0.666666667
8843 - Die Cut Part Right Hand diffuser 35.5mm x 22.0mm,852,Q100 (FRA-3307)-W5.25,4.17E-05,Length Units,Stock,0.666666667
8843 - Die Cut Part Right Hand diffuser 35.5mm x 22.0mm,852,54 lb. C1S S0-W5.25,4.17E-05,Length Units,Stock,0.666666667
8844 - Die Cut Part Left Hand diffuser 35.5mm x 22.0mm,853,62934-W5,4.17E-05,Length Units,Stock,0.666666667
8844 - Die Cut Part Left Hand diffuser 35.5mm x 22.0mm,853,8B35-W5.25,4.17E-05,Length Units,Stock,0.666666667
8844 - Die Cut Part Left Hand diffuser 35.5mm x 22.0mm,853,9495B-W5,4.17E-05,Length Units,Stock,0.666666667
8844 - Die Cut Part Left Hand diffuser 35.5mm x 22.0mm,853,FRA 354-W5.25,4.17E-05,Length Units,Stock,0.666666667
8844 - Die Cut Part Left Hand diffuser 35.5mm x 22.0mm,853,Q100 (FRA-3307)-W5.25,4.17E-05,Length Units,Stock,0.666666667
8844 - Die Cut Part Left Hand diffuser 35.5mm x 22.0mm,853,54 lb. C1S S0-W5.25,4.17E-05,Length Units,Stock,0.666666667
8845 - Die Cut Part Right Hand diffuser 35.5mm x 22.0mm,854,62934-W5,4.17E-05,Length Units,Stock,0.666666667
8845 - Die Cut Part Right Hand diffuser 35.5mm x 22.0mm,854,8B35-W5.25,4.17E-05,Length Units,Stock,0.666666667
8845 - Die Cut Part Right Hand diffuser 35.5mm x 22.0mm,854,9495B-W5,4.17E-05,Length Units,Stock,0.666666667
8845 - Die Cut Part Right Hand diffuser 35.5mm x 22.0mm,854,FRA 354-W5.25,4.17E-05,Length Units,Stock,0.666666667
8845 - Die Cut Part Right Hand diffuser 35.5mm x 22.0mm,854,Q100 (FRA-3307)-W5.25,4.17E-05,Length Units,Stock,0.666666667
8845 - Die Cut Part Right Hand diffuser 35.5mm x 22.0mm,854,54 lb. C1S S0-W5.25,4.17E-05,Length Units,Stock,0.666666667
"8846 - Sheeted Part Pall Versapor Oleophobic filter 1.08"" x 0.33""",855,V45R3R-W10,5.04E-06,Length Units,Stock,0.952380952
"8847 - Sheeted Part 20 mil PC with 3M 467MP 5.75"" X 2.75""",856,467MP-W12,0.000125,Length Units,Stock,0.769230769
"8847 - Sheeted Part 20 mil PC with 3M 467MP 5.75"" X 2.75""",856,8010 (20mil)-W12,0.000125,Length Units,Stock,0.769230769
"8847 - Sheeted Part 20 mil PC with 3M 467MP 5.75"" X 2.75""",856,54 lb. C1S S0-W12.5,0.000125,Length Units,Stock,0.769230769
"8848 - Die Cut Part PRV label 0.5"" Dia",857,40443-W4,0.013020833,Length Units,Stock,0.869565217
"8849 - Fabricated Part PET with foil and conductive ink 4"" x 1,000'",858,110 Annealed Copper-W6.125,0.090909091,Length Units,Stock,0.952380952
"8849 - Fabricated Part PET with foil and conductive ink 4"" x 1,000'",858,9472LE-W6,0.090909091,Length Units,Stock,0.952380952
"8849 - Fabricated Part PET with foil and conductive ink 4"" x 1,000'",858,Melinex 462-W8,0.5,Length Units,Stock,0.952380952
"8852 - Slit Tape 3M 8555 0.25"" x 72Yd",859,8555-W48,0.001173913,Length Units,Stock,0.909090909
"8853 - Sheeted Part CSM with 6035PC 3"" x 48""",860,CSM - Regupol Vibration 300-W48,0.000297619,Length Units,Stock,0.909090909
"8853 - Sheeted Part CSM with 6035PC 3"" x 48""",860,6035PC-W24,0.000595238,Length Units,Stock,0.909090909
"8854 - Sheeted Part CSM with 6035PC 5"" x 48""",861,CSM - Regupol Vibration 300-W48,0.000520833,Length Units,Stock,0.909090909
"8854 - Sheeted Part CSM with 6035PC 5"" x 48""",861,6035PC-W24,0.001041667,Length Units,Stock,0.909090909
"8856 - Sheeted Part 3M 7070UV 16"" x 10""",862,7070UV-W48,0.000335938,Length Units,Stock,0.833333333
"8857 - Printed Tape White tape printed Black ""Mil-80S-D2"" 1/2"" x 50Yd",863,3903-W6,0.013636364,Length Units,Stock,0.909090909
"8857 - Printed Tape White tape printed Black ""Mil-80S-D2"" 1/2"" x 50Yd",863,42 lb. C1S S0-W6.25,0.013636364,Length Units,Stock,0.909090909
"8861 - Die Cut Part AA 3332-1 foam 0.313"" Dia",864,3332-1-W61.5,0.000385802,Length Units,Stock,0.833333333
"8862 - Die Cut Part 3M 5952 Gasket 4.375"" x 1.445""",865,5952-W2.5,0.375,Length Units,Stock,0.869565217
"8862 - Die Cut Part 3M 5952 Gasket 4.375"" x 1.445""",865,54 lb. C1S S0(BG0)-W2.75,0.375,"Each (Use for Boxes, Bags, Cores, Cases)",Stock,0.869565217
"8862 - Die Cut Part 3M 5952 Gasket 4.375"" x 1.445""",865,54lb C2S SL1/SL4 Liner-W3,0.375,Length Units,Stock,0.869565217
"8862 - Die Cut Part 3M 5952 Gasket 4.375"" x 1.445""",865,250tpvc-W0.25,0.375,Length Units,Stock,0.869565217
8866 - Slit Roll CSM wound onto CSM Mandrels 17mm x,866,303-0023-000-W45.28,4.920833333,Length Units,Stock,0.961538462
8866 - Slit Roll CSM wound onto CSM Mandrels 17mm x,866,005-0662-000,0.083333333,"Each (Use for Boxes, Bags, Cores, Cases)",Stock,1
"8867 - Sheeted Part 3M 4959 1.5"" x 2.5""",867,4959-W6.25,7.29E-05,Length Units,Stock,0.909090909
"8867 - Sheeted Part 3M 4959 1.5"" x 2.5""",867,4959-W6.25,7.29E-05,Length Units,Stock,0.909090909
"8869 - Die Cut Part Preform, LL Contacts, ""Heatwave"" ST-1987 8.8mm x 15.82mm",868,M403I440P00EZ-W6,0.010547917,Length Units,Stock,0.892857143
"8869 - Die Cut Part Preform, LL Contacts, ""Heatwave"" ST-1987 8.8mm x 15.82mm",868,5905Tpvc-W5.905,0.010547917,Length Units,Stock,0.892857143
"8869 - Die Cut Part Preform, LL Contacts, ""Heatwave"" ST-1987 8.8mm x 15.82mm",868,9709-W6,0.010547917,Length Units,Stock,0.892857143
"8870 - Die Cut Part Preform, LL Chip, ""Heatwave"", ST-1987 13.10mm x 12.55mm",869,M403I440P00EZ-W4.5,0.0140625,Length Units,Stock,0.8
"8870 - Die Cut Part Preform, LL Chip, ""Heatwave"", ST-1987 13.10mm x 12.55mm",869,9709-W4.5,0.0140625,Length Units,Stock,0.8
"8870 - Die Cut Part Preform, LL Chip, ""Heatwave"", ST-1987 13.10mm x 12.55mm",869,5905Tpvc-W5.905,0.0140625,Length Units,Stock,0.8
8871 - Die Cut Part Protective film with tab 40mm x 48mm,870,51825C-W2.75,0.1527775,Length Units,Stock,0.8
8871 - Die Cut Part Protective film with tab 40mm x 48mm,870,1043-W0.5,0.15277775,Length Units,Stock,0.8
8871 - Die Cut Part Protective film with tab 40mm x 48mm,870,78 lb. C1S S75-W3,0.152775,Length Units,Stock,0.8
8872 - Die Cut Part Protective film with tab and stripe 40mm x 48mm,871,51825C-W4,0.15275,Length Units,Stock,0.8
8872 - Die Cut Part Protective film with tab and stripe 40mm x 48mm,871,1043-W2,0.152775,Length Units,Stock,0.8
8872 - Die Cut Part Protective film with tab and stripe 40mm x 48mm,871,78 lb. C1S S75-W5,0.152775,Length Units,Stock,0.8
8872 - Die Cut Part Protective film with tab and stripe 40mm x 48mm,871,100Rpvc-W1,0.152775,Length Units,Stock,0.8
"8875 - Butt Cut Part 3M 4466W 2"" x 2""",872,4466W-W2,0.000166667,Length Units,Stock,0.869565217
"8875 - Butt Cut Part 3M 4466W 2"" x 2""",872,42 lb. C1S S0-W2.5,0.000166667,Length Units,Stock,0.869565217
"8876 - Fabricated Part Windset Farms 2LB Symphony Tomato Ensemble 216mm x 265mm x 2,250'",873,WF2SYTOMENS-W10.4,2.25,Length Units,Stock,0.99009901
"8878 - Fabricated Part Windset Farms 2LB Concerto Tomato Bili 216mm x 265mm x 2,250'",874,WF2CCGRPTOMBL-W10.4,2.25,Length Units,Stock,0.99009901
"8879 - Fabricated Part Windset Farms 2LB Organic Grape Tomato 216mm x 265mm x 2,250'",875,WF20RGGRPTOM-W10.4,2.25,Length Units,Stock,0.99009901
8884 - Butt Cut Part Adh. mounting tape 38mm x 46mm with 3mm tab,876,AVX-Silver-W2.4,0.12575,Length Units,Stock,0.666666667
8884 - Butt Cut Part Adh. mounting tape 38mm x 46mm with 3mm tab,876,W10002-W2.5,0.12575,Length Units,Stock,0.666666667
"8887 - Perfed Tape 25A29 perfed every 16.5"" 1.5"" x 1,000'",877,25A29C-W9.5,0.166666667,Length Units,Stock,0.869565217
"8888 - Die Cut Part 3M 401+ 1.62"" x 1.28""",878,401+-W1.889,0.1527775,Length Units,Stock,0.740740741
"8888 - Die Cut Part 3M 401+ 1.62"" x 1.28""",878,54 lb. C1S SL4 (S38)-W2,0.152775,Length Units,Stock,0.740740741
"8891 - Sheeted Part 3M 1522 1.5"" x 1.25""",879,1522-W4.8125,0.131944167,Length Units,Stock,0.909090909
"8891 - Sheeted Part 3M 1522 1.5"" x 1.25""",879,42 lb. C1S S0-W5.25,0.131944167,Length Units,Stock,0.909090909
"8891 - Sheeted Part 3M 1522 1.5"" x 1.25""",879,8891-W5.25,0.131941667,Length Units,Stock,0.909090909
"8892 - Sheeted Part 3M 1522 1.5"" x 1.25""",880,1522-W4.8,0.131944167,Length Units,Stock,0.909090909
"8892 - Sheeted Part 3M 1522 1.5"" x 1.25""",880,42 lb. C1S S0-W5.25,0.131944167,Length Units,Stock,0.909090909
"8893 - Die Cut Part Cu foil with Conductive Adh. 0.50"" x 0.10""",881,CSM - Gold band-W0.018,0.0463,Length Units,Stock,0.8
"8893 - Die Cut Part Cu foil with Conductive Adh. 0.50"" x 0.10""",881,X149051.4.75-W0.75,0.0463,Length Units,Stock,0.8
"8893 - Die Cut Part Cu foil with Conductive Adh. 0.50"" x 0.10""",881,9707-W0.5,0.0463,Length Units,Stock,0.8
"8893 - Die Cut Part Cu foil with Conductive Adh. 0.50"" x 0.10""",881,1225-W5,0.02315,"Each (Use for Boxes, Bags, Cores, Cases)",Stock,1
"8897 - Die Cut Part d/c Adh. patch 1.36"" x 1.48"" with tab",882,1510-W27,0.009840278,Length Units,Stock,0.952380952
"8897 - Die Cut Part d/c Adh. patch 1.36"" x 1.48"" with tab",882,8777(8047)-W60,0.003936111,Length Units,Stock,0.952380952
"8897 - Die Cut Part d/c Adh. patch 1.36"" x 1.48"" with tab",882,54 lb. C1S S0-W6.25,0.039361111,Length Units,Stock,0.952380952
8898 - Die Cut Part Left Hand diffuser 23.5mm x 22.5mm,883,62934-W5,3.47E-05,Length Units,Stock,0.666666667
8898 - Die Cut Part Left Hand diffuser 23.5mm x 22.5mm,883,8B35-W5.25,3.47E-05,Length Units,Stock,0.666666667
8898 - Die Cut Part Left Hand diffuser 23.5mm x 22.5mm,883,9495B-W5,3.47E-05,Length Units,Stock,0.666666667
8898 - Die Cut Part Left Hand diffuser 23.5mm x 22.5mm,883,FRA 354-W5.25,3.47E-05,Length Units,Stock,0.666666667
8898 - Die Cut Part Left Hand diffuser 23.5mm x 22.5mm,883,Q100 (FRA-3307)-W5.25,3.47E-05,Length Units,Stock,0.666666667
8898 - Die Cut Part Left Hand diffuser 23.5mm x 22.5mm,883,54 lb. C1S S0-W5.25,3.47E-05,Length Units,Stock,0.666666667
8899 - Die Cut Part Right Hand diffuser 23.5mm x 22.5mm,884,62934-W5,3.47E-05,Length Units,Stock,0.666666667
8899 - Die Cut Part Right Hand diffuser 23.5mm x 22.5mm,884,8B35-W5.25,3.47E-05,Length Units,Stock,0.666666667
8899 - Die Cut Part Right Hand diffuser 23.5mm x 22.5mm,884,9495B-W5,3.47E-05,Length Units,Stock,0.666666667
8899 - Die Cut Part Right Hand diffuser 23.5mm x 22.5mm,884,FRA 354-W5.25,3.47E-05,Length Units,Stock,0.666666667
8899 - Die Cut Part Right Hand diffuser 23.5mm x 22.5mm,884,Q100 (FRA-3307)-W5.25,3.47E-05,Length Units,Stock,0.666666667
8899 - Die Cut Part Right Hand diffuser 23.5mm x 22.5mm,884,54 lb. C1S S0-W5.25,3.47E-05,Length Units,Stock,0.666666667
"8901 - Die Cut Parts 3M 5952 1"" Dia",885,5952P-W1.25,0.09375,Length Units,Stock,0.666666667
"8901 - Die Cut Parts 3M 5952 1"" Dia",885,42 lb. C1S S0-W1.5,0.09375,Length Units,Stock,0.666666667
"8902 - Fabricated Part Windset Farms 2LB Symphony Tomato Fair Trade 216mm x 265mm x 2,250'",886,WNDST002LBSYMTPSLWWENFT-W10.4,2.25,Length Units,Stock,0.99009901
"8903 - Fabricated Part Windset Farms 681g Pres Chc Axiany Cherry Tom 216mm x 265mm x 2,250'",887,PRZCH0681GCYMTPSLWWEFAX-W10.4,2.25,Length Units,Stock,0.99009901
"8904 - Windset Farms 1.5LB Concerto Grape Tomato Bili. 216mm x 265mm x 2,250'",888,WNDST015LBGTMTPSLWWEFCS-W10.4,2.25,Length Units,Stock,0.99009901
"8905 - Fabricated Part WF 1.5LB Symphony Windset TopSeal 216mm x 265mm x 2,250'",889,WNDST015LBSYMTPSLWWEFV2-W10.4,2.25,Length Units,Stock,0.99009901
"8906 - Fabricated Part WF 681g Pres Chc Variety Pack Tom 216mm x 265mm x 2,250'",890,PRZCH0681GTOMTPSLWWVRPK-W10.4,2.25,Length Units,Stock,0.99009901
"8909 - Sheeted Part Eversense Adh. Patches, 30-pack White 2.34"" x 2.84""",891,8326-W2.84,2.5,Unit-Base M (Use for Finished Goods),Stock,0.99009901
"8909 - Sheeted Part Eversense Adh. Patches, 30-pack White 2.34"" x 2.84""",891,8916-W3,0.083333333,Unit-Base M (Use for Finished Goods),Stock,0.99009901
"8910 - Sheeted Part Eversense Adh. Patches, 3 30-packs White & 1 10-pack Clear (100PK) 2.34"" x 2.84""",892,8326-W2.84,7.5,Unit-Base M (Use for Finished Goods),Stock,0.99009901
"8910 - Sheeted Part Eversense Adh. Patches, 3 30-packs White & 1 10-pack Clear (100PK) 2.34"" x 2.84""",892,8576-W2.84,0.833333333,Unit-Base M (Use for Finished Goods),Stock,0.99009901
"8910 - Sheeted Part Eversense Adh. Patches, 3 30-packs White & 1 10-pack Clear (100PK) 2.34"" x 2.84""",892,8916-W3,0.333333333,Unit-Base M (Use for Finished Goods),Stock,0.99009901
"8910 - Sheeted Part Eversense Adh. Patches, 3 30-packs White & 1 10-pack Clear (100PK) 2.34"" x 2.84""",892,1001-W4,0.083333333,Unit-Base M (Use for Finished Goods),Stock,0.99009901
8912 - Slit Tape 3M 8815 12mm x 36Yd,893,8815-W7,0.007714286,Length Units,Stock,0.952380952
8914 - Die Cut Part Cartridge Manifold Cover 99.33mm x 83.69mm,894,S5005 DC-W4,0.336833333,Length Units,Stock,0.8
8914 - Die Cut Part Cartridge Manifold Cover 99.33mm x 83.69mm,894,DE-100-W48,0.030621212,Length Units,Stock,0.8
8915 - Die Cut Part Cartridge Film 159.3mm x 91.9mm,895,S5005 DC-W4.25,0.268229167,Length Units,Stock,0.8
8915 - Die Cut Part Cartridge Film 159.3mm x 91.9mm,895,R10DC06100-W6,0.536458333,Length Units,Stock,0.8
8915 - Die Cut Part Cartridge Film 159.3mm x 91.9mm,895,S5005 DC-W4.25,0.536458333,Length Units,Stock,0.8
8915 - Die Cut Part Cartridge Film 159.3mm x 91.9mm,895,FRA 310-W4.5,0.536458333,Length Units,Stock,0.909090909
"8919 - Die Cut Part 3M 965 1.145"" x 2.16""",896,965-W3.5,0.000106771,Length Units,Stock,0.666666667
"8919 - Die Cut Part 3M 965 1.145"" x 2.16""",896,FRA 3502-W4,0.000106771,Length Units,Stock,0.666666667
"8919 - Die Cut Part 3M 965 1.145"" x 2.16""",896,54 lb. C1S S0-W4,0.000106771,Length Units,Stock,0.666666667
"8919 - Die Cut Part 3M 965 1.145"" x 2.16""",896,750Tpvc-W0.75,0.000106771,Length Units,Stock,0.666666667
"8919 - Die Cut Part 3M 965 1.145"" x 2.16""",896,1500Tpvc-W1.5,0.000106771,Length Units,Stock,0.666666667
8921 - Sheeted Part 3M 5423 65mm x 25mm,897,5423-W1,0.000213333,Length Units,Stock,0.833333333
8922 - Sheeted Part Poron/468MP 55mm x 25mm,898,4701-50-20093-04-W3,0.00018125,Length Units,Stock,0.666666667
8922 - Sheeted Part Poron/468MP 55mm x 25mm,898,468MP-W3,0.00018125,Length Units,Stock,0.666666667
8922 - Sheeted Part Poron/468MP 55mm x 25mm,898,FRA 312 (Q200)-W3.25,0.00018125,Length Units,Stock,0.666666667
"8923 - Die Cut Part Membrane Sticker 1.134"" x 1.384""",899,8212-W4,0.125,Length Units,Stock,0.877192982
"8923 - Die Cut Part Membrane Sticker 1.134"" x 1.384""",899,8.0 micron PCTE-W1.25 - CatID-22193,0.125,Length Units,Stock,0.877192982
"8923 - Die Cut Part Membrane Sticker 1.134"" x 1.384""",899,FRA 354-W2,0.125,Length Units,Stock,0.877192982
"8923 - Die Cut Part Membrane Sticker 1.134"" x 1.384""",899,RE-18-W2,0.125,Length Units,Stock,0.877192982
"8923 - Die Cut Part Membrane Sticker 1.134"" x 1.384""",899,125tpvc-W0.125,0.125,Length Units,Stock,0.877192982
"8923 - Die Cut Part Membrane Sticker 1.134"" x 1.384""",899,125tpvc-W0.125,0.125,Length Units,Stock,0.877192982
"8923 - Die Cut Part Membrane Sticker 1.134"" x 1.384""",899,35Tpvc-W3.5,0.125,Length Units,Stock,0.877192982
"8923 - Die Cut Part Membrane Sticker 1.134"" x 1.384""",899,1043-W3,0.125,Length Units,Stock,0.877192982
"8923 - Die Cut Part Membrane Sticker 1.134"" x 1.384""",899,FRA 312 (Q200)-W3,0.125,Length Units,Stock,0.877192982
"8923 - Die Cut Part Membrane Sticker 1.134"" x 1.384""",899,8993LC-W2,0.125,Length Units,Stock,0.877192982
"8923 - Die Cut Part Membrane Sticker 1.134"" x 1.384""",899,614URM-W2,0.125,Length Units,Stock,0.877192982
"8924 - Butt Cut Part 3M 9877 1.5"" x 1.5""",900,9877-W5,0.041666667,Length Units,Stock,0.740740741
"8924 - Butt Cut Part 3M 9877 1.5"" x 1.5""",900,54 lb. C1S S0-W5.25,0.041666667,Length Units,Stock,0.740740741
"8930 - Fabricated Part 1 PT Concerto Grape Tomato 136.1mm x 175mm x 2,250'",901,WNDST001PTGTMTPSLWWEFNA-W6.89,2.25,Length Units,Stock,0.99009901
"8931 - Laminated Tape 3M 6035PC 13"" x 60Yd",902,6035PC-W13,0.18,Length Units,Stock,0.970873786
"8931 - Laminated Tape 3M 6035PC 13"" x 60Yd",902,42 lb. C1S S0-W13.5,0.1775,Length Units,Stock,0.970873786
"8935 - PRVT SEL 1PT PETIT GOLD CHRY MX 149.2mm x 165mm x 2,250'",903,PRVSL001PTCTMTPSLMXPTGD-W6.5,2.25,Length Units,Stock,0.99009901
"8936 - 1 Pint Prvt Select Petite Cherry Mix 149.2mm x 165mm x 2,250'",904,PRVSL001PTCYMTPSLMXPTSN-W6.5,2.25,Length Units,Stock,0.99009901
"8937 - 1PT Prvt Select Petit Grape MX 149.2mm x 165mm x 2,250'",905,PRVSL001PTGTMTPSLMXPTNA-W6.5,2.25,Length Units,Stock,0.99009901
"8938 - Sheeted Part Foam Disk, Bottom 1.614"" Dia",906,54 lb. C1S SL4 (S38)-W2,5.21E-05,Length Units,Stock,0.909090909
"8938 - Sheeted Part Foam Disk, Bottom 1.614"" Dia",906,54 lb. C1S SL4 (S38)-W2,5.21E-05,Length Units,Stock,0.909090909
"8938 - Sheeted Part Foam Disk, Bottom 1.614"" Dia",906,54 lb. C1S SL4 (S38)-W3.6,5.21E-05,Length Units,Stock,0.909090909
"8938 - Sheeted Part Foam Disk, Bottom 1.614"" Dia",906,54 lb. C1S SL4 (S38)-W3.6,5.21E-05,Length Units,Stock,0.909090909
"8938 - Sheeted Part Foam Disk, Bottom 1.614"" Dia",906,54 lb. C1S SL4 (S38)-W3.6,5.21E-05,Length Units,Stock,0.909090909
"8938 - Sheeted Part Foam Disk, Bottom 1.614"" Dia",906,FT1804-W9.75,5.21E-05,Length Units,Stock,0.909090909
"8938 - Sheeted Part Foam Disk, Bottom 1.614"" Dia",906,78 lb. C1S BG0-W10.5,5.21E-05,Length Units,Stock,0.909090909
"8938 - Sheeted Part Foam Disk, Bottom 1.614"" Dia",906,S-11077,0.000166667,"Each (Use for Boxes, Bags, Cores, Cases)",Stock,1
"8939 - Die Cut Part Thermal Transfer label 2"" x 2.86""",907,53874-W4.5,0.177083333,Length Units,Stock,0.869565217
"8941 - Slit Tape 3M 8671 1.5"" x 36Yd",908,8671-W18.5,0.009,Length Units,Stock,0.952380952
"8942 - Sheeted Part 3M 1774W 18"" x 12""",909,1774W-W12,1.5,Length Units,Stock,0.909090909
"8944 - Sheeted Part Release Liner, Clip 1.57"" x 1.57""",910,FRA 316-W5.5,0.046875,Length Units,Stock,0.666666667
8945 - Slit Tape 3M 893 48mm x 10Yd,911,893-W1.889,0.03,Length Units,Stock,0.952380952
"8946 - Sheeted Part Facial Smoothies GENTLE Variety 4"" x 5""",912,192830-W5,0.166666667,Length Units,Stock,0.833333333
"8947 - Sheeted Part Gauze pads 2"" x 2""",913,CSM - Gauze-W2,0.000166667,Length Units,Stock,1
"8947 - Sheeted Part Gauze pads 2"" x 2""",913,PS55-W5.5,0.000375,Length Units,Stock,1
"8947 - Sheeted Part Gauze pads 2"" x 2""",913,35709-G-W5.5,0.000375,Length Units,Stock,1
8950 - Slit Tape 3M 8211 650mm x 180Yd,914,8211-W30,0.54,Length Units,Stock,1
"8951 - Slit Tape 3M 213 0.75"" x 60Yd",915,213-W24,0.005806452,Length Units,Stock,0.952380952
"8953 - Sheeted Part Velcro strap 2"" x 1""",917,MC-VS 30/AS-W1,0.000166667,"Each (Use for Boxes, Bags, Cores, Cases)",Stock,0.909090909
8954 - Die Cut Label Tape - LL Chip 5mm x 25mm,918,7667-W6,0.007508333,Length Units,Stock,0.8
8955 - Die Cut Label Lid LL Cartridge 17.47mm x 46.97mm,919,7667-W6,0.036858333,Length Units,Stock,0.8
8956 - Sheeted Part 3M 4926 40mm x 5mm,920,4926-W1.6875,0.00001875,Length Units,Stock,0.666666667
8956 - Sheeted Part 3M 4926 40mm x 5mm,920,54lb C2S SL1/SL4 Liner-W2,0.00001875,Length Units,Stock,0.666666667
"8957 - Fabricated Part WF 2LB Concerto Grape Tomato Fair Trade 216mm x 265mm x 2,250'",921,WNDST002LBGTMTPSLWWENFT-W10.4,2.25,Length Units,Stock,0.99009901
"8958 - Slit Tape 3M 7953MP 6.5"" x 180Yd",922,7953MP-W48,0.077142857,Length Units,Stock,0.869565217
"8959 - Die Cut Part 3M 2477P 0.88"" x 1.86""",923,2477P-W2.5,0.083333333,Length Units,Stock,0.909090909
"8960 - Die Cut Part 3M 1181 0.96"" x 1.23""",924,1181-W2.875,0.045833333,Length Units,Stock,0.909090909
"8961 - Sheeted Part PF-4 C-Foam 0.96"" x 0.69""",925,PF-4-W24 - CatID-21671,0.00245098,"Each (Use for Boxes, Bags, Cores, Cases)",Stock,0.666666667
"8962 - Die Cut Part BHTM Sensor Adh. 1.61"" Dia",926,9948-W8.5 - CatID-22186,3.65E-05,Length Units,Stock,0.833333333
"8962 - Die Cut Part BHTM Sensor Adh. 1.61"" Dia",926,M6600000TSC-W9,3.65E-05,Length Units,Stock,0.833333333
"8962 - Die Cut Part BHTM Sensor Adh. 1.61"" Dia",926,"Special, A-454, 200 Poly H-9 silicone side up-W9",3.65E-05,Length Units,Stock,0.833333333
"8962 - Die Cut Part BHTM Sensor Adh. 1.61"" Dia",926,250tpvc-W0.25,3.65E-05,Length Units,Stock,0.833333333
"8962 - Die Cut Part BHTM Sensor Adh. 1.61"" Dia",926,250tpvc-W0.25,3.65E-05,Length Units,Stock,0.833333333
"8962 - Die Cut Part BHTM Sensor Adh. 1.61"" Dia",926,250tpvc-W0.25,3.65E-05,Length Units,Stock,0.833333333
"8962 - Die Cut Part BHTM Sensor Adh. 1.61"" Dia",926,250tpvc-W0.25,3.65E-05,Length Units,Stock,0.833333333
"8962 - Die Cut Part BHTM Sensor Adh. 1.61"" Dia",926,Soft Anvil - 50 lb. Glacier Smooth-W17.5,7.29E-05,Length Units,Stock,0.833333333
"8963 - Die Cut Part 3M 9952, Sensor Tab 25mm x 19.6mm",927,9952-W5,0.026041667,Length Units,Stock,0.833333333
"8964 - Die Cut Part MD360 Foam, Top 41mm Dia",928,CSM-1772-W7.25,3.91E-05,Length Units,Stock,0.925925926
"8964 - Die Cut Part MD360 Foam, Top 41mm Dia",928,9836-W7.25,3.91E-05,Length Units,Stock,0.925925926
"8965 - Fabricated Tape Bron 6866 on 78# liner 24"" x 70Yd",929,6866-W24,0.21,Length Units,Stock,0.833333333
"8965 - Fabricated Tape Bron 6866 on 78# liner 24"" x 70Yd",929,78 lb. C1S BG40-W25.5,0.21,Length Units,Stock,0.833333333
"8966 - Sheeted Part Cetco T80NR 12"" OD x 1"" ID",930,T80NR-W74,0.000168403,Length Units,Stock,0.909090909
"8967 - Die Cut Part 3M 96042 1.63"" x 0.88""",931,96042-W2.5,0.083333333,Length Units,Stock,0.909090909
"8967 - Die Cut Part 3M 96042 1.63"" x 0.88""",931,HDS-90-W3,0.083333333,Length Units,Stock,0.909090909
8968 - Printed Label Label 5.8mm x 22.7mm,932,7667-W6,0.0098375,Length Units,Stock,0.869565217
8968 - Printed Label Label 5.8mm x 22.7mm,932,505B-W6,0.0098375,Length Units,Stock,0.869565217
"8969 - Slit Tape 3M 5952P 2.375"" x 36Yd",933,5952P-W6,0.054,Length Units,Stock,0.909090909
"8970 - Slit Rolls CSM - Fiberglass/PP weave 1.75"" x See W/O for length",934,OP-6000170-G-W48,0.014583333,Length Units,Stock,0.869565217
"8971 - Slit Roll 3M 8545HS with skip slit 9"" x 108'",935,8545HS-W24,0.054,Length Units,Stock,0.769230769
"8972 - Sheeted Part AR 10 mil PET 18"" x 24""",936,W6019-W18,2,Length Units,Stock,0.740740741
"8974 - Slit Rolls CSM - 3M 4991 0.375"" x 36Yd",937,CSM - 4991-W0.75,0.054,Length Units,Stock,0.909090909
8976 - Sheeted Part 3M 5909 with tab 149.15mm x 86.6mm with tab,938,5909-W6,0.000291667,Length Units,Stock,0.909090909
8976 - Sheeted Part 3M 5909 with tab 149.15mm x 86.6mm with tab,938,54 lb C2S SL1/SL4 Liner-W6.75,0.000291667,Length Units,Stock,0.909090909
8977 - Sheeted Part Insulator sheet 47.20mm x 20.80mm,939,9460PC-W2,0.083333333,Length Units,Stock,0.8
8977 - Sheeted Part Insulator sheet 47.20mm x 20.80mm,939,9460PC-W2,0.083333333,Length Units,Stock,0.8
8977 - Sheeted Part Insulator sheet 47.20mm x 20.80mm,939,8B35-W3,0.083333333,Length Units,Stock,0.8
"8981 - Paint Adhesion Tape ST-1195 perfed every 4"" 1"" x 60Yd",943,371-W5.669,0.036,Length Units,Stock,0.909090909
"8981 - Paint Adhesion Tape ST-1195 perfed every 4"" 1"" x 60Yd",943,FP-726-W6,0.036,Length Units,Stock,0.909090909
"8982 - Fabricated Part Tesa 4962 squares 2"" x 54Yd",944,54 lb. C1S S0-W9.25,0.0405,Length Units,Stock,0.833333333
"8982 - Fabricated Part Tesa 4962 squares 2"" x 54Yd",944,5905Tpvc-W5.905,0.0405,Length Units,Stock,0.833333333
"8982 - Fabricated Part Tesa 4962 squares 2"" x 54Yd",944,5905Tpvc-W5.905,0.0405,Length Units,Stock,0.833333333
"8982 - Fabricated Part Tesa 4962 squares 2"" x 54Yd",944,CSM - 4962-W54,0.00675,Length Units,Stock,0.8
"8982 - Fabricated Part Tesa 4962 squares 2"" x 54Yd",944,614URM-W10.063,0.040416667,Length Units,Stock,0.8
"8982 - Fabricated Part Tesa 4962 squares 2"" x 54Yd",944,54 lb. C1S S0(BG0)-W10,0.040416667,Length Units,Stock,0.8
"8983 - Sheeted Part 3M 1510 24"" x 18""",945,1510-W18,0.002,Length Units,Stock,0.869565217
"8983 - Sheeted Part 3M 1510 24"" x 18""",945,54 lb. C1S S0-W18.5,0.002,Length Units,Stock,0.869565217
"8984 - Die Cut Part 3M 880 11.5"" x 0.5""",946,880-W48,0.005208333,Length Units,Stock,0.833333333
"8984 - Die Cut Part 3M 880 11.5"" x 0.5""",946,78 lb. C1S BG40-W6,0.041666667,Length Units,Stock,0.833333333
"8984 - Die Cut Part 3M 880 11.5"" x 0.5""",946,42 lb. C1S S0-W6,0.041666667,Length Units,Stock,0.833333333
"8985 - Sheeted Part 1/16"" foam disk 113.3mm Dia",947,Volara 6A White-W60,0.031826389,Length Units,Stock,0.952380952
"8986 - Printed Tape 3M 3903 Blue, printed White with ""STEAM PLANT CLEAN"" 1"" x 50Yd",948,3903 Blue-W6,0.03,Length Units,Stock,0.833333333
"8986 - Printed Tape 3M 3903 Blue, printed White with ""STEAM PLANT CLEAN"" 1"" x 50Yd",948,42 lb. C1S S0-W6.25,0.03,Length Units,Stock,0.833333333
"8987 - Slit Roll 1/16"" foam 4.65"" x 1,050'",949,Volara 6A White-W60,0.0875,Length Units,Stock,0.952380952
"8989 - Die Cut Label Thermal Transfer 0.94"" x 1.84""",950,12906-W4.5,0.044416667,Length Units,Stock,0.833333333
8990 - Slit Film CS 0.3 mm clear PVC 88.20mm x 280m,951,TRPV0030 rev. 2-W33.46,0.102222222,Length Units,Stock,0.952380952
8991 - Slit Film CS 0.3 mm clear PVC 96.7mm x 280m,952,TRPV0030 rev. 2-W33.46,0.115,Length Units,Stock,0.952380952
8992 - Slit Film CS 0.5 mm clear PVC 307mm x 300m,953,TRPV0038 rev. 3-W38.39,0.328055556,Length Units,Stock,0.952380952
8993 - Slit Film CS 0.5 mm clear PVC 273mm x 300m,954,TRPV0031 Rev. 3-W33.07,0.328055556,Length Units,Stock,0.952380952
8994 - Slit Film CS 0.5 mm clear PVC 93.53mm x 300m,955,TRPV0038 rev. 3-W38.39,0.098416667,Length Units,Stock,0.952380952
"8995 - Sheeted Part 3M 4919F 12.3"" x 8.8""",956,4919F-W10,0.001041667,Length Units,Stock,0.740740741
"8995 - Sheeted Part 3M 4919F 12.3"" x 8.8""",956,78 lb. C1S-W10.25,0.001041667,Length Units,Stock,0.740740741
8996 - Sheeted Part Hand assembly of CS parts and VHB N/A,957,8995-W8.8,0.083333333,"Each (Use for Boxes, Bags, Cores, Cases)",Stock,1
8996 - Sheeted Part Hand assembly of CS parts and VHB N/A,957,SG-2010,0.083333333,"Each (Use for Boxes, Bags, Cores, Cases)",Stock,1
8996 - Sheeted Part Hand assembly of CS parts and VHB N/A,957,SG-2022,0.083333333,"Each (Use for Boxes, Bags, Cores, Cases)",Stock,1
8997 - Sheeted Part 3M 9472LE 20mm x 70mm,958,9472LE-W3,8.33E-05,Length Units,Stock,0.833333333
8997 - Sheeted Part 3M 9472LE 20mm x 70mm,958,54 lb. C1S S0-W3.25,8.33E-05,Length Units,Stock,0.833333333
"8998 - Printed Tape White UPVC printed black ""7"" 1/2"" x 80Yd",959,5905Wpvc-W5.905,0.021818182,Length Units,Stock,0.909090909
"8999 - Printed Tape White UPVC printed black ""8"" 1/2"" x 80Yd",960,5905Wpvc-W5.905,0.021818182,Length Units,Stock,0.909090909
9001 - Printed Label Label 5.8mm x 22.7mm,961,7667-W6,0.0098375,Length Units,Stock,0.869565217
"9002 - Slit Tape UL181A-P 0.375"" x 60Yd",962,UL181A-P plastic core-W3.9,0.0225,Length Units,Stock,0.833333333
9003 - Slit Rolls FLX001449 See WO,963,FLX001449-W6,0.05,Length Units,Stock,1
"9004 - Sheeted Part 3M 5952 9"" x 3""",964,5952-W3,0.75,Length Units,Stock,0.909090909
"9004 - Sheeted Part 3M 5952 9"" x 3""",964,54lb C2S SL1/SL4 Liner-W3.5,0.75,Length Units,Stock,0.909090909
"9005 - Printed Tape 3M 471 yellow 2"" x 36Yd",965,4712Y-W4,0.054,Length Units,Stock,0.8
"9006 - Printed Label Chartreuse with black print 3"" x 5""",966,15284-W5.5,0.130208333,Length Units,Stock,0.769230769
9007 - Printed Tape White with 2 colors 72mm x 72Yd,967,HP260 - White-W5.67,0.108,Length Units,Stock,0.970873786
"9008 - Slit Tape 3M 87630A 4"" x 500'",968,87630A-W4,0.5,Length Units,Stock,0.909090909
"9009 - Sheeted Part 3M 467MP 10"" x 12""",969,467MP-W12,0.000833333,Length Units,Stock,0.869565217
"9009 - Sheeted Part 3M 467MP 10"" x 12""",969,54 lb. C1S S0-W12.25,0.000833333,Length Units,Stock,0.869565217
"9010 - Sheeted Part Hydrogel Dressing 4.75"" x 4.75""",970,KM10T- 4.625 - 0.020-W4.625,0.40625,Length Units,Stock,0.909090909
"9010 - Sheeted Part Hydrogel Dressing 4.75"" x 4.75""",970,15.5NLYB_E-W29,0.029017857,Length Units,Stock,0.909090909
"9010 - Sheeted Part Hydrogel Dressing 4.75"" x 4.75""",970,9833-W4.5,0.058035714,Length Units,Stock,0.909090909
"9010 - Sheeted Part Hydrogel Dressing 4.75"" x 4.75""",970,9956-W45,0.05078125,Length Units,Stock,0.909090909
"9010 - Sheeted Part Hydrogel Dressing 4.75"" x 4.75""",970,RE-18-W6,0.40625,Length Units,Stock,0.909090909
"9010 - Sheeted Part Hydrogel Dressing 4.75"" x 4.75""",970,Dressing tape JT 9007-W2.83,0.01625,Length Units,Stock,0.99009901
"9011 - Sheeted Part Hydrogel Dressing 4.75"" x 6.75""",971,KM10T- 6.625 - 0.020-W6.625,0.40625,Length Units,Stock,0.909090909
"9011 - Sheeted Part Hydrogel Dressing 4.75"" x 6.75""",971,15.5NLYB_E-W29,0.058035714,Length Units,Stock,0.909090909
"9011 - Sheeted Part Hydrogel Dressing 4.75"" x 6.75""",971,9833-W6.5,0.40625,Length Units,Stock,0.909090909
"9011 - Sheeted Part Hydrogel Dressing 4.75"" x 6.75""",971,9956-W45,0.05078125,Length Units,Stock,0.909090909
"9011 - Sheeted Part Hydrogel Dressing 4.75"" x 6.75""",971,RE-18-W8,0.40625,Length Units,Stock,0.909090909
"9011 - Sheeted Part Hydrogel Dressing 4.75"" x 6.75""",971,Dressing tape JT 9007-W2.83,0.016927083,Length Units,Stock,0.909090909
9012 - Sheeted Part 3M 1181 255.04mm x 224.54mm,972,1181-W9,0.000916667,Length Units,Stock,0.666666667
9012 - Sheeted Part 3M 1181 255.04mm x 224.54mm,972,54lb C2S SL1/SL4 Liner-W9,0.000916667,Length Units,Stock,0.666666667
"9013 - Fabricated Part CSM CHEMFILM FEP FG 2Mil., perfed at 12.5"" 6"" x 500'",973,CSM - Chemfilm FEP FG-W6,1.041666667,Length Units,Stock,0.909090909
9014 - Slit Tape Tesa 70740 19mm x 10m,974,70740 ACX-W15.74,0.001726316,Length Units,Stock,0.892857143
"9015 - Slit Tape 3M 7953MP 6"" x 180Yd",975,7953MP-W48,0.0675,Length Units,Stock,1
9016 - Die Cut Part Tabbed wafer seal 44.45mm Dia,976,42 lb. C1S S0-W5,0.083333333,Length Units,Stock,0.943396226
9016 - Die Cut Part Tabbed wafer seal 44.45mm Dia,976,750Tpvc-W0.75,0.083333333,Length Units,Stock,1
9016 - Die Cut Part Tabbed wafer seal 44.45mm Dia,976,APR 1510-W4.9,0.083333333,Length Units,Stock,0.943396226
9017 - Die Cut Part 3M 467MP 8mm x 8mm,977,467MP-W2,0.009202083,Length Units,Stock,0.833333333
9017 - Die Cut Part 3M 467MP 8mm x 8mm,977,54lb C2S SL1/SL4 Liner-W2,0.009202083,Length Units,Stock,0.833333333
"9018 - Die Cut Part IB1190XTP2 0.375"" x 4""",978,IB1190XTP2-W4.75,0.75,Length Units,Stock,0.869565217
"9018 - Die Cut Part IB1190XTP2 0.375"" x 4""",978,Q100 (FRA-3307)-W5,0.75,Length Units,Stock,0.869565217
"9018 - Die Cut Part IB1190XTP2 0.375"" x 4""",978,Q100  (FRA-3307)-W4.25,0.75,Length Units,Stock,0.869565217
"9019 - Printed Tape White tape printed Black ""100-1"" 1/2"" x 50Yd",979,3903-W6,0.013636364,Length Units,Stock,0.909090909
"9019 - Printed Tape White tape printed Black ""100-1"" 1/2"" x 50Yd",979,42 lb. C1S S0-W6.25,0.013636364,Length Units,Stock,0.909090909
"9020 - Die Cut Part AA 3332-1 foam 0.437"" Dia",980,3332-1-W61.5,0.00062004,Length Units,Stock,0.892857143
"9021 - Fabricated Part Smoke Mask Half - Small - Gray 7"" x 5.75""",981,1902-W6.125,0.59375,Length Units,Stock,0.8
"9021 - Fabricated Part Smoke Mask Half - Small - Gray 7"" x 5.75""",981,DPM PC Clear Polyester Hi-Perf Adh Roll Liner-W6,0.098958333,Length Units,Stock,0.8
"9021 - Fabricated Part Smoke Mask Half - Small - Gray 7"" x 5.75""",981,2477P-W7,0.594166667,Length Units,Stock,0.8
"9022 - Fabricated Part Smoke Mask Half - Large - Gray 8.00"" x 6.25""",982,1902-W6.125,0.677083333,Length Units,Stock,0.8
"9022 - Fabricated Part Smoke Mask Half - Large - Gray 8.00"" x 6.25""",982,DPM PC Clear Polyester Hi-Perf Adh Roll Liner-W6,0.112847222,Length Units,Stock,0.8
"9022 - Fabricated Part Smoke Mask Half - Large - Gray 8.00"" x 6.25""",982,2477P-W7,0.677083333,Length Units,Stock,1
"9023 - Butt Cut Tape 3M 9964 2"" x 1"" x 25Yd",983,9964-W6,0.015,Length Units,Stock,1
9024 - Slit Tape Tesa 70730 19mm x 10m,984,70730-60000-W15.75,0.001726316,Length Units,Stock,0.892857143
"9025 - Die Cut Part 3M 4910 1"" x 5""",985,4910-W12,0.046875,Length Units,Stock,0.854700855
"9025 - Die Cut Part 3M 4910 1"" x 5""",985,54lb C2S SL1/SL4 Liner-W12.25,0.046875,Length Units,Stock,0.854700855
"9025 - Die Cut Part 3M 4910 1"" x 5""",985,750Tpvc-W0.75,0.046875,Length Units,Stock,0.854700855
9026 - Die Cut Part 3M 4910 Tape Assembly 16.7mm x 34.71mm w/ tab,986,4910-W2.25,0.066666667,Length Units,Stock,0.666666667
9026 - Die Cut Part 3M 4910 Tape Assembly 16.7mm x 34.71mm w/ tab,986,Q100 (FRA-3307)-W2.5,0.066666667,Length Units,Stock,0.666666667
9026 - Die Cut Part 3M 4910 Tape Assembly 16.7mm x 34.71mm w/ tab,986,54lb C2S SL1/SL4 Liner-W2.75,0.066666667,Length Units,Stock,0.666666667
9026 - Die Cut Part 3M 4910 Tape Assembly 16.7mm x 34.71mm w/ tab,986,375Tpvc-W0.375,0.066666667,Length Units,Stock,0.666666667
"9028 - Slit Tape 3M 87630A 8"" x 656'",988,87630A-W46.063,0.1312,Length Units,Stock,0.909090909
9029 - Sheeted Part DRC11 Disc Ring/Cap Assembly 70mm x 70mm,989,OFV0202-W3.25,0.25,Length Units,Stock,0.714285714
9029 - Sheeted Part DRC11 Disc Ring/Cap Assembly 70mm x 70mm,989,2A White Volara .125” thick foam-W3.33,0.25,Length Units,Stock,0.714285714
9029 - Sheeted Part DRC11 Disc Ring/Cap Assembly 70mm x 70mm,989,1522-W3.25,0.25,Length Units,Stock,0.714285714
9029 - Sheeted Part DRC11 Disc Ring/Cap Assembly 70mm x 70mm,989,2A White-W3.33,0.25,Length Units,Stock,0.714285714
9029 - Sheeted Part DRC11 Disc Ring/Cap Assembly 70mm x 70mm,989,250tpvc-W0.25,0.25,Length Units,Stock,0.714285714
9029 - Sheeted Part DRC11 Disc Ring/Cap Assembly 70mm x 70mm,989,8993LC-W3,0.25,Length Units,Stock,0.714285714
9029 - Sheeted Part DRC11 Disc Ring/Cap Assembly 70mm x 70mm,989,8993LC-W3,0.25,Length Units,Stock,0.714285714
"9030 - Butt Cut Part 3M 4008 1"" x 2""",990,4008-W2,0.083333333,Length Units,Stock,0.909090909
"9030 - Butt Cut Part 3M 4008 1"" x 2""",990,54 lb. C1S SL4 (S38)-W2.25,0.083333333,Length Units,Stock,0.909090909
"9031 - Sheeted Label Discrepancy marking - Green 20"" x 13""",991,7901-W13,0.416666667,Length Units,Stock,0.869565217
"9032 - Sheeted Label Discrepancy marking - Purple 20"" x 13""",992,7901-W13,0.416666667,Length Units,Stock,0.869565217
"9033 - Sheeted Label Discrepancy marking - Yellow 20"" x 13""",993,7901-W13,0.416666667,Length Units,Stock,0.869565217
"9034 - Sheeted Part 3M 5958FR 0.7"" OD x 0.58"" ID",994,5958FR-W2.5,4.17E-05,Length Units,Stock,0.8
"9034 - Sheeted Part 3M 5958FR 0.7"" OD x 0.58"" ID",994,54lb C2S SL1/SL4 Liner-W2.75,4.17E-05,Length Units,Stock,0.8
"9035 - Sheeted Part Large, Yellow filter media 8"" x 6.25""",995,2477P-W7,0.677083333,Length Units,Stock,0.952380952
"9035 - Sheeted Part Large, Yellow filter media 8"" x 6.25""",995,54 lb. C1S S0-W7.5,0.677083333,Length Units,Stock,0.952380952
"9035 - Sheeted Part Large, Yellow filter media 8"" x 6.25""",995,DPL003-60PYEL-W61,0.075231481,Length Units,Stock,0.952380952
"9035 - Sheeted Part Large, Yellow filter media 8"" x 6.25""",995,DPM PC Clear Polyester Hi-Perf Adh Roll Liner-W6,0.112847222,Length Units,Stock,0.869565217
"9035 - Sheeted Part Large, Yellow filter media 8"" x 6.25""",995,250tpvc-W0.25,0.677083333,Length Units,Stock,0.952380952
"9036 - Sheeted Part Small, Yellow filter media 7"" x 5.75""",996,2477P-W7,0.59375,Length Units,Stock,0.952380952
"9036 - Sheeted Part Small, Yellow filter media 7"" x 5.75""",996,54 lb. C1S S0-W7.5,0.59375,Length Units,Stock,0.952380952
"9036 - Sheeted Part Small, Yellow filter media 7"" x 5.75""",996,DPL003-60PYEL-W61,0.065972222,Length Units,Stock,0.952380952
"9036 - Sheeted Part Small, Yellow filter media 7"" x 5.75""",996,DPM PC Clear Polyester Hi-Perf Adh Roll Liner-W6,0.11875,Length Units,Stock,1
"9036 - Sheeted Part Small, Yellow filter media 7"" x 5.75""",996,250tpvc-W0.25,0.59375,Length Units,Stock,1
"9037 - Sheeted Part Strouse Face Shield w/PU strap 10"" x 8""",997,9828-W1,0.854166667,Length Units,Stock,0.833333333
"9037 - Sheeted Part Strouse Face Shield w/PU strap 10"" x 8""",997,9828-W1,0.854166667,Length Units,Stock,0.833333333
"9037 - Sheeted Part Strouse Face Shield w/PU strap 10"" x 8""",997,EGM1 Foam-W54,0.028472222,Length Units,Stock,0.833333333
"9037 - Sheeted Part Strouse Face Shield w/PU strap 10"" x 8""",997,9701-W4,0.854166667,Length Units,Stock,0.833333333
"9037 - Sheeted Part Strouse Face Shield w/PU strap 10"" x 8""",997,9037/9052-W9.7,0.854166667,Length Units,Stock,0.833333333
"9038 - Slit Tape 3M 256 Green 0.5"" x 60Yd",998,256 GREEN-W2,0.045,Length Units,Stock,0.909090909
9039 - Die Cut Part CS film on low tack carrier 80.46mm x 129.31mm,999,M14407-W5.5,0.274308333,Length Units,Stock,0.884955752
9039 - Die Cut Part CS film on low tack carrier 80.46mm x 129.31mm,999,8993LC-W6,0.274308333,Length Units,Stock,0.884955752
"9040 - Sheeted Part Strouse Face Shield w/PU strap 10"" x 8""",1000,9037-W8,0.083333333,"Each (Use for Boxes, Bags, Cores, Cases)",Stock,1
"9040 - Sheeted Part Strouse Face Shield w/PU strap 10"" x 8""",1000,S-18348,0.000416667,"Each (Use for Boxes, Bags, Cores, Cases)",Stock,1
"9041 - Die Cut Part 3M 1567 Circles 0.5"" Dia",1001,1567-W1.5,0.041666667,Length Units,Stock,0.724637681
"9041 - Die Cut Part 3M 1567 Circles 0.5"" Dia",1001,125tpvc-W0.125,0.041666667,Length Units,Stock,0.724637681
"9041 - Die Cut Part 3M 1567 Circles 0.5"" Dia",1001,125tpvc-W0.125,0.041666667,Length Units,Stock,0.724637681
"9041 - Die Cut Part 3M 1567 Circles 0.5"" Dia",1001,42 lb. C1S S0-W1.5,0.041666667,Length Units,Stock,0.724637681
"9041 - Die Cut Part 3M 1567 Circles 0.5"" Dia",1001,42 lb. C1S S0-W2,0.041666667,Length Units,Stock,0.724637681
"9042 - Die Cut Part 3M 1567 Rectangle 1"" x 0.5""",1002,1567-W2.5,0.083333333,Length Units,Stock,0.740740741
"9042 - Die Cut Part 3M 1567 Rectangle 1"" x 0.5""",1002,FRA 312 (Q200)-W3,0.083333333,Length Units,Stock,0.740740741
"9043 - Slit Tape 3M 396 0.375"" x 36Yd",1003,396-W4,0.0108,Length Units,Stock,1
"9044 - Sheeted Part 3M 4905 2"" x 1""",1004,4905-W1,0.166666667,Length Units,Stock,0.684931507
"9044 - Sheeted Part 3M 4905 2"" x 1""",1004,54lb C2S SL1/SL4 Liner-W1.5,0.166666667,Length Units,Stock,0.684931507
"9045 - Slit Tape 3M 855 11.5"" x 72Yd",1005,855-W48,0.054,Length Units,Stock,0.980392157
"9046 - Slit Tape CARC Tape 12"" x 164'",1006,62856-W48.81,0.040625,Length Units,Stock,1
"9047 - Sheeted Part Kapton Insulator 1.845"" x 0.465""",1007,KAP-ROLL-11158-A-W1,0.000165,Length Units,Stock,0.666666667
"9048 - Sheeted Part Kapton Insulator 1.845"" x 0.465""",1008,KAP-ROLL-11158-A-W1,0.000165,Length Units,Stock,0.666666667
"9049 - Sheeted Part Kapton Insulator 1.34"" x 0.47""",1009,KAP-ROLL-11158-A-W1,0.0001225,Length Units,Stock,0.666666667
"9050 - Sheeted Part Kapton Insulator 1.34"" x 0.47""",1010,KAP-ROLL-11158-A-W1,0.0001225,Length Units,Stock,0.666666667
"9051 - Sheeted Part Strouse Face Shield w/PU strap 10"" x 8""",1011,S-18348,0.000833333,"Each (Use for Boxes, Bags, Cores, Cases)",Stock,1
"9051 - Sheeted Part Strouse Face Shield w/PU strap 10"" x 8""",1011,9828-W1,0.854166667,Length Units,Stock,0.833333333
"9051 - Sheeted Part Strouse Face Shield w/PU strap 10"" x 8""",1011,9828-W1,0.854166667,Length Units,Stock,0.833333333
"9051 - Sheeted Part Strouse Face Shield w/PU strap 10"" x 8""",1011,EGM1 Foam-W54,0.028472222,Length Units,Stock,0.833333333
"9051 - Sheeted Part Strouse Face Shield w/PU strap 10"" x 8""",1011,9832F-W4,0.854166667,Length Units,Stock,0.833333333
"9051 - Sheeted Part Strouse Face Shield w/PU strap 10"" x 8""",1011,9037/9052-W9.7,0.854166667,Length Units,Stock,0.833333333
"9051 - Sheeted Part Strouse Face Shield w/PU strap 10"" x 8""",1011,750Tpvc-W0.75,0.854166667,Length Units,Stock,0.833333333
"9051 - Sheeted Part Strouse Face Shield w/PU strap 10"" x 8""",1011,9094-W2.5,0.000833333,"Each (Use for Boxes, Bags, Cores, Cases)",Stock,1
"9052 - Sheeted Part Strouse Face Shield w/PU strap 10"" x 8""",1012,9828-W1,0.854166667,Length Units,Stock,0.833333333
"9052 - Sheeted Part Strouse Face Shield w/PU strap 10"" x 8""",1012,9828-W1,0.854166667,Length Units,Stock,0.833333333
"9052 - Sheeted Part Strouse Face Shield w/PU strap 10"" x 8""",1012,EGM1 Foam-W54,0.028472222,Length Units,Stock,0.833333333
"9052 - Sheeted Part Strouse Face Shield w/PU strap 10"" x 8""",1012,9832F-W4,0.854166667,Length Units,Stock,0.833333333
"9052 - Sheeted Part Strouse Face Shield w/PU strap 10"" x 8""",1012,9037/9052-W9.7,0.854166667,Length Units,Stock,0.833333333
"9052 - Sheeted Part Strouse Face Shield w/PU strap 10"" x 8""",1012,750Tpvc-W0.75,0.854166667,Length Units,Stock,0.833333333
9053 - Slit Part Ascorbic Acid Reagent 80mm x 120',1013,6612 HIPS-W4,0.12,Length Units,Stock,0.606060606
9053 - Slit Part Ascorbic Acid Reagent 80mm x 120',1013,444-W3.375,0.12,Length Units,Stock,0.606060606
9053 - Slit Part Ascorbic Acid Reagent 80mm x 120',1013,C0567-W3.5,0.12,Length Units,Stock,0.606060606
9054 - Sheeted Part 3M 2477P Adh. 26.5mm x 36.5mm,1014,2477P-W6.5,0.034722222,Length Units,Stock,0.735294118
9054 - Sheeted Part 3M 2477P Adh. 26.5mm x 36.5mm,1014,375Tpvc-W0.375,0.034722222,Length Units,Stock,0.735294118
9054 - Sheeted Part 3M 2477P Adh. 26.5mm x 36.5mm,1014,375Tpvc-W0.375,0.034722222,Length Units,Stock,0.735294118
9054 - Sheeted Part 3M 2477P Adh. 26.5mm x 36.5mm,1014,375Tpvc-W0.375,0.034722222,Length Units,Stock,0.735294118
9054 - Sheeted Part 3M 2477P Adh. 26.5mm x 36.5mm,1014,54 lb. C1S S0-W7.5,0.034722222,Length Units,Stock,0.735294118
9054 - Sheeted Part 3M 2477P Adh. 26.5mm x 36.5mm,1014,54 lb. C1S SL4 (S38)-W7.5,0.034722222,Length Units,Stock,0.735294118
"9055 - Die Cut Part AG640 Conductive Hydrogel 0.69"" Dia",1015,AG640 sensingAxelgaard gel-W8.75,0.018333333,Length Units,Stock,0.909090909
"9055 - Die Cut Part AG640 Conductive Hydrogel 0.69"" Dia",1015,Q100 (FRA-3307)-W8.75,0.018333333,Length Units,Stock,0.909090909
"9055 - Die Cut Part AG640 Conductive Hydrogel 0.69"" Dia",1015,Q100 (FRA-3307)-W8.75,0.018333333,Length Units,Stock,0.909090909
"9055 - Die Cut Part AG640 Conductive Hydrogel 0.69"" Dia",1015,500Tpvc-W0.5,0.018333333,Length Units,Stock,0.909090909
"9055 - Die Cut Part AG640 Conductive Hydrogel 0.69"" Dia",1015,500Tpvc-W0.5,0.018333333,Length Units,Stock,0.909090909
"9055 - Die Cut Part AG640 Conductive Hydrogel 0.69"" Dia",1015,500Tpvc-W0.5,0.018333333,Length Units,Stock,0.909090909
"9055 - Die Cut Part AG640 Conductive Hydrogel 0.69"" Dia",1015,500Tpvc-W0.5,0.018333333,Length Units,Stock,0.909090909
"9055 - Die Cut Part AG640 Conductive Hydrogel 0.69"" Dia",1015,500Tpvc-W0.5,0.018333333,Length Units,Stock,0.909090909
9056 - Sheeted Part Volara 2A Foam & 3M 1522 38.1mm x 38.1mm,1016,2A White-W3.33,0.15625,Length Units,Stock,0.8
9056 - Sheeted Part Volara 2A Foam & 3M 1522 38.1mm x 38.1mm,1016,1522-W2.875,0.15625,Length Units,Stock,0.8
9056 - Sheeted Part Volara 2A Foam & 3M 1522 38.1mm x 38.1mm,1016,Q100  (FRA-3307)-W3,0.15625,Length Units,Stock,0.8
9056 - Sheeted Part Volara 2A Foam & 3M 1522 38.1mm x 38.1mm,1016,750Tpvc-W0.75,0.15625,Length Units,Stock,0.8
9056 - Sheeted Part Volara 2A Foam & 3M 1522 38.1mm x 38.1mm,1016,750Tpvc-W0.75,0.15625,Length Units,Stock,0.8
"9057 - Sheeted Part 3M 7070UV 14.5"" x 2""",1017,7070UV-W48,5.68E-06,Length Units,Stock,0.8
"9058 - Sheeted Part 3M 7070UV 11.5"" x 2""",1018,7070UV-W48,4.55E-06,Length Units,Stock,0.8
"9059 - Sheeted Part CSM Bisco BF-2000 24"" x 9""",1019,3007760-W36,0.04,Length Units,Stock,1
9060 - Sheeted Part 70 duro 6 mm black rubber 70mm x 20mm,1020,Commerical Nitrile-W36,0.00000625,Length Units,Stock,0.909090909
"9061 - Sheeted Part 0.75"" thick foam strips 8"" x 1.5""",1021,EGM1 Foam-W4,0.000333333,Length Units,Stock,0.714285714
"9061 - Sheeted Part 0.75"" thick foam strips 8"" x 1.5""",1021,9828-W4.75,0.000333333,Length Units,Stock,0.714285714
9062 - Die Cut Part Assay Pad Assembly 4.9mm x 13mm,1022,72104173-C-W4,0.032083333,Length Units,Stock,0.666666667
9062 - Die Cut Part Assay Pad Assembly 4.9mm x 13mm,1022,467MP-W5.625,0.005347222,Length Units,Stock,0.666666667
9062 - Die Cut Part Assay Pad Assembly 4.9mm x 13mm,1022,468MP-W3.25,0.005347222,Length Units,Stock,0.666666667
9062 - Die Cut Part Assay Pad Assembly 4.9mm x 13mm,1022,CSM 7053-1210-006-55-W6,0.010694444,Length Units,Stock,0.666666667
9062 - Die Cut Part Assay Pad Assembly 4.9mm x 13mm,1022,T9EXPPA200R600R-W0.236,0.002005208,Length Units,Stock,0.666666667
9062 - Die Cut Part Assay Pad Assembly 4.9mm x 13mm,1022,SCPM-44X-W6,0.010694444,Length Units,Stock,0.666666667
9062 - Die Cut Part Assay Pad Assembly 4.9mm x 13mm,1022,SCPM-44X-W6,0.010694444,Length Units,Stock,0.666666667
9062 - Die Cut Part Assay Pad Assembly 4.9mm x 13mm,1022,GLU Membrane-W0.75,0.032083333,Length Units,Stock,0.666666667
9062 - Die Cut Part Assay Pad Assembly 4.9mm x 13mm,1022,TC Membrane-W0.75,0.032083333,Length Units,Stock,0.666666667
9062 - Die Cut Part Assay Pad Assembly 4.9mm x 13mm,1022,TG Membrane-W0.75,0.032083333,Length Units,Stock,0.666666667
9062 - Die Cut Part Assay Pad Assembly 4.9mm x 13mm,1022,8211-W60,0.001083333,Length Units,Stock,0.666666667
9062 - Die Cut Part Assay Pad Assembly 4.9mm x 13mm,1022,2 mil Clear PET-W6.5,0.010833333,Length Units,Stock,0.666666667
"9063 - Sheeted Part Printed short piece 1.25"" x 1.25""",1023,1522H-W11,0.014322917,Length Units,Stock,0.714285714
"9063 - Sheeted Part Printed short piece 1.25"" x 1.25""",1023,72436173-C-W6.75,0.057291667,Length Units,Stock,0.714285714
"9063 - Sheeted Part Printed short piece 1.25"" x 1.25""",1023,609 CLEAR POLYESTER OVERLAMINATE-W60,0.004774306,Length Units,Stock,0.714285714
"9064 - Sheeted Part Long Piece 0.75"" x 3""",1024,1522H-W11,0.008101852,Length Units,Stock,0.666666667
"9064 - Sheeted Part Long Piece 0.75"" x 3""",1024,72436173-C-W4,0.072916667,Length Units,Stock,0.666666667
"9064 - Sheeted Part Long Piece 0.75"" x 3""",1024,7336-W26,0.002430556,Length Units,Stock,0.666666667
"9064 - Sheeted Part Long Piece 0.75"" x 3""",1024,7337-W48,0.004289216,Length Units,Stock,0.666666667
"9065 - Assembled Part Implant Tensioner Assembly 1.25"" x 3.5""",1025,PRT-104027-1-W1.25,0.416666667,"Each (Use for Boxes, Bags, Cores, Cases)",Stock,1
"9065 - Assembled Part Implant Tensioner Assembly 1.25"" x 3.5""",1025,PRT-104027-2-W3,0.416666667,"Each (Use for Boxes, Bags, Cores, Cases)",Stock,1
9066 - Slit Tape 3M 1181 Various,1026,1181-W23 - CatID-14500,0.054,Length Units,Stock,1
"9067 - Sheeted Label CSM Post-it Flex Write 4"" x 6""",1027,FWS50X4-W48,4.17E-05,Length Units,Stock,1
"9068 - Sheeted Part CSM Bisco BF-2000 24"" x 12""",1028,3007760-W36,0.04,Length Units,Stock,1
"9069 - Die Cut Part ESD Cover, Gecko 0.8"" x 0.82""",1029,FLX058304-W5,0.01875,Length Units,Stock,0.921658986
"9069 - Die Cut Part ESD Cover, Gecko 0.8"" x 0.82""",1029,8A35VD-W4.5,0.01875,Length Units,Stock,0.921658986
"9069 - Die Cut Part ESD Cover, Gecko 0.8"" x 0.82""",1029,54 lb. C1S S0-W5.25,0.01875,Length Units,Stock,0.921658986
"9070 - Sheeted Part CSM Poron 4701-37-14118-04 24"" x 18""",1030,4701-37-14118-04-W54,0.165,Length Units,Stock,0.909090909
"9071 - Laminated Roll 7 mil mesh with 0.5"" Adh. 2.5"" x 100Yd",1031,92255T8/92255T999-W50,0.015,Length Units,Stock,0.892857143
"9071 - Laminated Roll 7 mil mesh with 0.5"" Adh. 2.5"" x 100Yd",1031,467MP-W0.5,0.3,Length Units,Stock,0.892857143
"9071 - Laminated Roll 7 mil mesh with 0.5"" Adh. 2.5"" x 100Yd",1031,467MP-W0.5,0.3,Length Units,Stock,0.892857143
9072 - Slit Tape 3M DT17 24mm x 32m,1032,DT17-W41.732,0.0025,Length Units,Stock,1
"9073 - Sheeted Part 3M 93020LE 1.75"" x 1.024""",1033,93020LE-W1.5,0.000166667,Length Units,Stock,0.8
"9073 - Sheeted Part 3M 93020LE 1.75"" x 1.024""",1033,54 lb C2S SL1/SL4 Liner-W5.75,5.56E-05,Length Units,Stock,0.8
"9074 - Sheeted Part 3M 93020LE 3.001"" x 0.954""",1034,93020LE-W1.5,0.000270833,Length Units,Stock,0.8
"9074 - Sheeted Part 3M 93020LE 3.001"" x 0.954""",1034,54 lb C2S SL1/SL4 Liner-W5.75,9.03E-05,Length Units,Stock,0.8
"9075 - Die Cut Part CSM - PT205HD 0.315"" c 0.472""",1035,PT205HD-W5,0.006944444,Length Units,Stock,0.8
"9075 - Die Cut Part CSM - PT205HD 0.315"" c 0.472""",1035,FRA 310-W6,0.006944444,Length Units,Stock,0.8
"9075 - Die Cut Part CSM - PT205HD 0.315"" c 0.472""",1035,1043-W0.25,0.006944444,Length Units,Stock,0.8
"9075 - Die Cut Part CSM - PT205HD 0.315"" c 0.472""",1035,1043-W0.25,0.006944444,Length Units,Stock,0.8
"9075 - Die Cut Part CSM - PT205HD 0.315"" c 0.472""",1035,1043-W0.25,0.006944444,Length Units,Stock,0.8
"9075 - Die Cut Part CSM - PT205HD 0.315"" c 0.472""",1035,1043-W0.25,0.006944444,Length Units,Stock,0.8
"9075 - Die Cut Part CSM - PT205HD 0.315"" c 0.472""",1035,1043-W0.25,0.006944444,Length Units,Stock,0.8
"9075 - Die Cut Part CSM - PT205HD 0.315"" c 0.472""",1035,1043-W0.25,0.006944444,Length Units,Stock,0.8
"9076 - Die Cut Part CSM - PT205HD 0.394"" x 0.830""",1036,PT205HD-W5,0.010416667,Length Units,Stock,0.8
"9076 - Die Cut Part CSM - PT205HD 0.394"" x 0.830""",1036,FRA 310-W6,0.010416667,Length Units,Stock,0.8
"9076 - Die Cut Part CSM - PT205HD 0.394"" x 0.830""",1036,1043-W0.25,0.010416667,Length Units,Stock,0.8
"9076 - Die Cut Part CSM - PT205HD 0.394"" x 0.830""",1036,1043-W0.25,0.010416667,Length Units,Stock,0.8
"9076 - Die Cut Part CSM - PT205HD 0.394"" x 0.830""",1036,1043-W0.25,0.010416667,Length Units,Stock,0.8
"9076 - Die Cut Part CSM - PT205HD 0.394"" x 0.830""",1036,1043-W0.25,0.010416667,Length Units,Stock,0.8
"9077 - Slit Tape 3M 112PO5 23.5"" x 60Yd",1037,112P05-W23.5,0.18,Length Units,Stock,1
"9078 - Sheeted Part 3M 1181/9495B 0.550"" x 0.549""",1038,1181-W4.6,0.000015,Length Units,Stock,0.8
"9078 - Sheeted Part 3M 1181/9495B 0.550"" x 0.549""",1038,9495B-W5,0.000015,Length Units,Stock,0.8
"9079 - Printed Tape White UPVC printed black ""1"". ""2"", ""C"" 1/2"" x 80Yd",1039,5905Wpvc-W5.905,0.021818182,Length Units,Stock,0.909090909
"9080 - Die Cut Part ARCare 90445 w/ tab 10.75"" x 0.53""",1040,90445-W27,0.0390625,Length Units,Stock,0.909090909
"9080 - Die Cut Part ARCare 90445 w/ tab 10.75"" x 0.53""",1040,500Tpvc-W0.5,0.1171875,Length Units,Stock,0.909090909
"9080 - Die Cut Part ARCare 90445 w/ tab 10.75"" x 0.53""",1040,Q100 (FRA-3307)-W10,0.1171875,Length Units,Stock,0.909090909
"9080 - Die Cut Part ARCare 90445 w/ tab 10.75"" x 0.53""",1040,500Tpvc-W0.5,0.1171875,Length Units,Stock,0.909090909
"9080 - Die Cut Part ARCare 90445 w/ tab 10.75"" x 0.53""",1040,500Tpvc-W0.5,0.1171875,Length Units,Stock,0.909090909
"9080 - Die Cut Part ARCare 90445 w/ tab 10.75"" x 0.53""",1040,500Tpvc-W0.5,0.1171875,Length Units,Stock,0.909090909
"9081 - Sheeted Part Hook Tabs. 4 packs 3.8"" x 1.5""",1041,156841-W2,0.001333333,Length Units,Stock,0.909090909
"9081 - Sheeted Part Hook Tabs. 4 packs 3.8"" x 1.5""",1041,156841-W2,0.001333333,Length Units,Stock,0.909090909
"9081 - Sheeted Part Hook Tabs. 4 packs 3.8"" x 1.5""",1041,54092-W6,0.083333333,Length Units,Stock,0.909090909
"9081 - Sheeted Part Hook Tabs. 4 packs 3.8"" x 1.5""",1041,9094-W2.5,8.33E-05,"Each (Use for Boxes, Bags, Cores, Cases)",Stock,1
"9082 - Sheeted Part 3M 93020LE 3.031"" x 1.457""",1042,93020LE-W6,6.77E-05,Length Units,Stock,0.666666667
"9082 - Sheeted Part 3M 93020LE 3.031"" x 1.457""",1042,54 lb C2S SL1/SL4 Liner-W6.75,6.77E-05,Length Units,Stock,0.666666667
"9083 - Printed Tape White tape printed Black ""MIL 70S-3"" 1/2"" x 50Yd",1043,3903-W6,0.013636364,Length Units,Stock,0.909090909
"9083 - Printed Tape White tape printed Black ""MIL 70S-3"" 1/2"" x 50Yd",1043,42 lb. C1S S0-W6.25,0.013636364,Length Units,Stock,0.909090909
9084 - Die Cut Part 5 mil Lexan/Drytac Facemount 24mm x 25Yd,1044,8010-W9,0.008333333,Length Units,Stock,0.606060606
9084 - Die Cut Part 5 mil Lexan/Drytac Facemount 24mm x 25Yd,1044,PSF61150-W9.25,0.008333333,Length Units,Stock,0.606060606
"9085 - Sheeted Part Anti-Fog PET 4.5"" x 8""",1045,9037/9052-W9.7,0.395833333,Length Units,Stock,0.909090909
"9086 - Die Cut Part 3M 8212 1.145"" x 2.326""",1046,8212-W4,0.114583333,Length Units,Stock,0.862068966
"9086 - Die Cut Part 3M 8212 1.145"" x 2.326""",1046,614URM-W3.5,0.114583333,Length Units,Stock,0.862068966
"9086 - Die Cut Part 3M 8212 1.145"" x 2.326""",1046,FRA 354-W3.75,0.114583333,Length Units,Stock,0.862068966
"9086 - Die Cut Part 3M 8212 1.145"" x 2.326""",1046,125tpvc-W0.125,0.114583333,Length Units,Stock,0.862068966
"9086 - Die Cut Part 3M 8212 1.145"" x 2.326""",1046,125tpvc-W0.125,0.114583333,Length Units,Stock,0.862068966
"9086 - Die Cut Part 3M 8212 1.145"" x 2.326""",1046,RE-18-W3.75,0.114583333,Length Units,Stock,0.862068966
"9086 - Die Cut Part 3M 8212 1.145"" x 2.326""",1046,8993LC-W3.75,0.114583333,Length Units,Stock,0.862068966
"9086 - Die Cut Part 3M 8212 1.145"" x 2.326""",1046,HP260 - Clear-W5.905,0.114583333,Length Units,Stock,0.862068966
"9087 - Die Cut Label 3M 7860 0.75"" x 2.75""",1047,7860-W6,0.0375,Length Units,Stock,0.869565217
"9088 - Die Cut Label 3M 7860 1"" x 2.75""",1048,7860-W6,0.046875,Length Units,Stock,0.869565217
9089 - Slit Film CSM - 10 mil Melinex 5mm x 200',1049,Melinex-W3.5,0.0125,Length Units,Stock,1
"9090 - Sheeted Part 3M SJ3560 0.5"" x 1""",1050,SJ3560-W1,0.041666667,Length Units,Stock,0.952380952
"9091 - Die Cut Part Thinstick Antenna Calypso, 7007596 34.85mm x 21.65mm",1051,4790-92-09020-04-P-W54,0.00625,Length Units,Stock,0.8
"9091 - Die Cut Part Thinstick Antenna Calypso, 7007596 34.85mm x 21.65mm",1051,4928-00033-20-W2.5,0.0625,Length Units,Stock,0.8
9092 - Die Cut Part Foam LCD Conn Retainer BTM Housing Calypso 10mm x 4mm,1052,4928-00033-20-W1.375,0.004098958,Length Units,Stock,0.666666667
9092 - Die Cut Part Foam LCD Conn Retainer BTM Housing Calypso 10mm x 4mm,1052,4790-92-25041-1604-W1.5,0.004098958,Length Units,Stock,0.666666667
"9093 - Sheeted Part 508 mm (20"") Wheel Mask 508mm Dia",1053,6D1921056-W21,1.75,Length Units,Stock,0.909090909
"9093 - Sheeted Part 508 mm (20"") Wheel Mask 508mm Dia",1053,0524-W21,1.75,Length Units,Stock,0.909090909
"9094 - Die Cut Label Thermal Transfer 4"" x 2.5""",1054,54091-W3.125,0.34375,Length Units,Stock,0.952380952
"9095 - Sheeted Part CSM Brass/3M 9628FL 8"" x 11.5""",1055,9628FL-W54,0.14125,Length Units,Stock,0.909090909
"9095 - Sheeted Part CSM Brass/3M 9628FL 8"" x 11.5""",1055,C26000-002-W12,0.565,Length Units,Stock,0.909090909
"9096 - Sheeted Part Large, Gray filter media 8"" x 6.25""",1056,2477P-W7,0.677083333,Length Units,Stock,0.952380952
"9096 - Sheeted Part Large, Gray filter media 8"" x 6.25""",1056,54 lb. C1S S0-W7.5,0.677083333,Length Units,Stock,0.952380952
"9096 - Sheeted Part Large, Gray filter media 8"" x 6.25""",1056,CSM - DPL003-60PGREY-W61,0.075231481,Length Units,Stock,0.952380952
"9096 - Sheeted Part Large, Gray filter media 8"" x 6.25""",1056,DPM PC Clear Polyester Hi-Perf Adh Roll Liner-W6,0.112847222,Length Units,Stock,0.869565217
"9096 - Sheeted Part Large, Gray filter media 8"" x 6.25""",1056,250tpvc-W0.25,0.677083333,Length Units,Stock,0.952380952
"9096 - Sheeted Part Large, Gray filter media 8"" x 6.25""",1056,MOD345796,0.1,"Each (Use for Boxes, Bags, Cores, Cases)",Stock,1
"9096 - Sheeted Part Large, Gray filter media 8"" x 6.25""",1056,N1902S - INS card,0.1,"Each (Use for Boxes, Bags, Cores, Cases)",Stock,1
"9096 - Sheeted Part Large, Gray filter media 8"" x 6.25""",1056,N1902L - INFO card,0.1,"Each (Use for Boxes, Bags, Cores, Cases)",Stock,1
"9098 - Sheeted Part Small, Gray filter media 7"" x 5.75""",1057,2477P-W7,0.59375,Length Units,Stock,0.952380952
"9098 - Sheeted Part Small, Gray filter media 7"" x 5.75""",1057,54 lb. C1S S0-W7.5,0.59375,Length Units,Stock,0.952380952
"9098 - Sheeted Part Small, Gray filter media 7"" x 5.75""",1057,CSM - DPL003-60PGREY-W61,0.065972222,Length Units,Stock,0.952380952
"9098 - Sheeted Part Small, Gray filter media 7"" x 5.75""",1057,DPM PC Clear Polyester Hi-Perf Adh Roll Liner-W6,0.59375,Length Units,Stock,0.869565217
"9098 - Sheeted Part Small, Gray filter media 7"" x 5.75""",1057,250tpvc-W0.25,0.59375,Length Units,Stock,0.952380952
"9098 - Sheeted Part Small, Gray filter media 7"" x 5.75""",1057,MOD345796,0.1,"Each (Use for Boxes, Bags, Cores, Cases)",Stock,1
"9098 - Sheeted Part Small, Gray filter media 7"" x 5.75""",1057,N1902S - INS card,0.1,"Each (Use for Boxes, Bags, Cores, Cases)",Stock,1
"9098 - Sheeted Part Small, Gray filter media 7"" x 5.75""",1057,N1902S - INFO card,0.1,"Each (Use for Boxes, Bags, Cores, Cases)",Stock,1
"9100 - Sheeted Part Blue VCI paper 5"" x 1""",1058,"VCI Sheeting, 4 mil, Blue-W36",0.011574074,Length Units,Stock,0.934579439
"9101 - Slit Tape Internal Use UPVC 1/4"" x 1000Yd",1059,5905Tpvc-W5.905,0.15,Length Units,Stock,0.833333333
"9101 - Slit Tape Internal Use UPVC 1/4"" x 1000Yd",1059,5905Tpvc-W5.67,0.15,Length Units,Stock,0.833333333
"9102 - Sheeted Part Dressing 8"" x 8""",1060,DM-2270-W8.75,0.6875,Length Units,Stock,0.769230769
"9102 - Sheeted Part Dressing 8"" x 8""",1060,3150.160-W6.29 - CatID-23101,0.6875,Length Units,Stock,0.769230769
"9102 - Sheeted Part Dressing 8"" x 8""",1060,PE-3-W8.75,0.6875,Length Units,Stock,0.769230769
"9102 - Sheeted Part Dressing 8"" x 8""",1060,8993LC-W6.5,0.6875,Length Units,Stock,0.769230769
"9102 - Sheeted Part Dressing 8"" x 8""",1060,54 lb. C1S S0(BG0)-W5,0.6875,Length Units,Stock,0.769230769
"9102 - Sheeted Part Dressing 8"" x 8""",1060,54 lb. C1S S0(BG0)-W5,0.6875,Length Units,Stock,0.769230769
"9102 - Sheeted Part Dressing 8"" x 8""",1060,21-1148G-W9.875,0.875,Length Units,Stock,0.769230769
"9102 - Sheeted Part Dressing 8"" x 8""",1060,10-0013-W9.875,0.875,Length Units,Stock,0.769230769
"9102 - Sheeted Part Dressing 8"" x 8""",1060,3320A00613-04,0.333333333,"Each (Use for Boxes, Bags, Cores, Cases)",Stock,1
"9103 - Sheeted Part Dressing 8.5"" x 4.5""",1061,DM-4305,0.75,Length Units,Stock,0.769230769
"9103 - Sheeted Part Dressing 8.5"" x 4.5""",1061,DM-2270-W5.5,0.75,Length Units,Stock,0.769230769
"9103 - Sheeted Part Dressing 8.5"" x 4.5""",1061,1 mil Clear Polyester-W1.25,0.75,Length Units,Stock,0.769230769
"9103 - Sheeted Part Dressing 8.5"" x 4.5""",1061,54 lb. C1S S0-W3.25,0.75,Length Units,Stock,0.769230769
"9103 - Sheeted Part Dressing 8.5"" x 4.5""",1061,54 lb. C1S S0-W3.25,0.75,Length Units,Stock,0.769230769
"9103 - Sheeted Part Dressing 8.5"" x 4.5""",1061,614URM-W5.5,0.75,Length Units,Stock,0.769230769
"9103 - Sheeted Part Dressing 8.5"" x 4.5""",1061,1875DkGpvc-W0.1875,0.75,Length Units,Stock,0.769230769
"9103 - Sheeted Part Dressing 8.5"" x 4.5""",1061,PS55-W6.771,0.947916667,Length Units,Stock,0.769230769
"9103 - Sheeted Part Dressing 8.5"" x 4.5""",1061,35709-G-W6.771,0.947916667,Length Units,Stock,0.769230769
"9103 - Sheeted Part Dressing 8.5"" x 4.5""",1061,RE-18-W5,0.75,Length Units,Stock,0.769230769
"9103 - Sheeted Part Dressing 8.5"" x 4.5""",1061,614-W5.5,0.75,Length Units,Stock,0.769230769
"9106 - Printed Tape 3M 9836 4"" x 100Yd",1062,9836-W4,0.3,Length Units,Stock,0.909090909
"9107 - Slit Tape MED 5707 5"" x 750'",1063,MED 5707-W10,0.75,Length Units,Stock,0.909090909
"9108 - Slit Tape 3M 1529 5"" x 1,500'",1064,1529-W10,1.5,Length Units,Stock,0.909090909
"9109 - Slit Tape 3M 231 / White plastic core 0.125"" x 60Yd",1065,231-PL-W29,0.000833333,Length Units,Stock,0.952380952
"9110 - Slit Tape 3M 231 / Green plastic core 0.125"" x 60Yd",1066,231-PLG-W29,0.000833333,Length Units,Stock,0.952380952
9111 - Die Cut Part d/c Adh. Patch with Tab 28mm x 28mm,1067,8777(8047)-W3.5,0.057291667,Length Units,Stock,0.666666667
9111 - Die Cut Part d/c Adh. Patch with Tab 28mm x 28mm,1067,1510-W3.5,0.057291667,Length Units,Stock,0.666666667
9111 - Die Cut Part d/c Adh. Patch with Tab 28mm x 28mm,1067,500Tpvc-W0.5,0.057291667,Length Units,Stock,0.666666667
9111 - Die Cut Part d/c Adh. Patch with Tab 28mm x 28mm,1067,54 lb. C1S S0-W4,0.057291667,Length Units,Stock,0.666666667
"9112 - Sheeted Part Face Shield w/PU strap, 25/Case 10"" x 8""",1068,9828-W1,0.021354167,Length Units,Stock,0.909090909
"9112 - Sheeted Part Face Shield w/PU strap, 25/Case 10"" x 8""",1068,9828-W1,0.021354167,Length Units,Stock,0.909090909
"9112 - Sheeted Part Face Shield w/PU strap, 25/Case 10"" x 8""",1068,EGM1 Foam-W54,0.000711806,Length Units,Stock,0.909090909
"9112 - Sheeted Part Face Shield w/PU strap, 25/Case 10"" x 8""",1068,9832F-W4,0.021354167,Length Units,Stock,0.909090909
"9112 - Sheeted Part Face Shield w/PU strap, 25/Case 10"" x 8""",1068,9037/9052-W9.7,0.021354167,Length Units,Stock,0.909090909
"9112 - Sheeted Part Face Shield w/PU strap, 25/Case 10"" x 8""",1068,750Tpvc-W0.75,0.021354167,Length Units,Stock,0.909090909
9113 - Die Cut Part Push Tab Various,1069,CSM- Printed Metalized Film (VVM7)-W6.299,0.03125,Length Units,Stock,0.666666667
9113 - Die Cut Part Push Tab Various,1069,CSM - Printed Active Adhesive Laminate (VVM7)-W13,0.03125,Length Units,Stock,0.666666667
9113 - Die Cut Part Push Tab Various,1069,CSM - P77 Laminate Adhesive-W13,0.03125,Length Units,Stock,0.666666667
9113 - Die Cut Part Push Tab Various,1069,CSM - Hydro Block-W13,0.03125,Length Units,Stock,0.666666667
9113 - Die Cut Part Push Tab Various,1069,CSM - Aluminum Foil-W6.299,0.03125,Length Units,Stock,0.666666667
9113 - Die Cut Part Push Tab Various,1069,Q100 (FRA-3307)-W7,0.03125,Length Units,Stock,0.666666667
"9114 - Sheeted Part Face Shield w/PU strap, 50/Case 10"" x 8""",1070,9828-W1,0.042708333,Length Units,Stock,0.909090909
"9114 - Sheeted Part Face Shield w/PU strap, 50/Case 10"" x 8""",1070,9828-W1,0.042708333,Length Units,Stock,0.909090909
"9114 - Sheeted Part Face Shield w/PU strap, 50/Case 10"" x 8""",1070,EGM1 Foam-W54,0.001423611,Length Units,Stock,0.909090909
"9114 - Sheeted Part Face Shield w/PU strap, 50/Case 10"" x 8""",1070,9832F-W4,0.042708333,Length Units,Stock,0.909090909
"9114 - Sheeted Part Face Shield w/PU strap, 50/Case 10"" x 8""",1070,15mil Clear APET-W9.7,0.042708333,Length Units,Stock,0.909090909
"9114 - Sheeted Part Face Shield w/PU strap, 50/Case 10"" x 8""",1070,750Tpvc-W0.75,0.042708333,Length Units,Stock,0.909090909
"9115 - Sheeted Part Face Shield w/PU strap, 100/Case 10"" x 8""",1071,9828-W1,0.085416667,Length Units,Stock,0.909090909
"9115 - Sheeted Part Face Shield w/PU strap, 100/Case 10"" x 8""",1071,9828-W1,0.085416667,Length Units,Stock,0.909090909
"9115 - Sheeted Part Face Shield w/PU strap, 100/Case 10"" x 8""",1071,EGM1 Foam-W54,0.002847222,Length Units,Stock,0.909090909
"9115 - Sheeted Part Face Shield w/PU strap, 100/Case 10"" x 8""",1071,9832F-W4,0.085416667,Length Units,Stock,0.909090909
"9115 - Sheeted Part Face Shield w/PU strap, 100/Case 10"" x 8""",1071,9037/9052-W9.7,0.085416667,Length Units,Stock,0.909090909
"9115 - Sheeted Part Face Shield w/PU strap, 100/Case 10"" x 8""",1071,750Tpvc-W0.75,0.085416667,Length Units,Stock,0.909090909
"9116 - Slit Roll 3M 4914 on a secondary liner 1.75"" x 216'",1072,4914-W1.75,0.216,Length Units,Stock,0.952380952
"9116 - Slit Roll 3M 4914 on a secondary liner 1.75"" x 216'",1072,42 lb. C1S S0-W2,0.216,Length Units,Stock,0.952380952
9117 - Die Cut Part Tesa 62934 19.83mm x 26.42mm,1073,62934-W5,2.78E-05,Length Units,Stock,0.714285714
9117 - Die Cut Part Tesa 62934 19.83mm x 26.42mm,1073,FRA 312 (Q200)-W5.25,2.78E-05,Length Units,Stock,0.714285714
9117 - Die Cut Part Tesa 62934 19.83mm x 26.42mm,1073,8B35-W5.25,2.78E-05,Length Units,Stock,0.714285714
9117 - Die Cut Part Tesa 62934 19.83mm x 26.42mm,1073,FRA 312 (Q200)-W5.25,2.78E-05,Length Units,Stock,0.714285714
9118 - Die Cut Part Tesa 62934 19.83mm x 26.42mm,1074,62934-W5,2.78E-05,Length Units,Stock,0.714285714
9118 - Die Cut Part Tesa 62934 19.83mm x 26.42mm,1074,FRA 312 (Q200)-W5.25,2.78E-05,Length Units,Stock,0.714285714
9118 - Die Cut Part Tesa 62934 19.83mm x 26.42mm,1074,8B35-W5.25,2.78E-05,Length Units,Stock,0.714285714
9118 - Die Cut Part Tesa 62934 19.83mm x 26.42mm,1074,FRA 312 (Q200)-W5.25,2.78E-05,Length Units,Stock,0.714285714
9119 - Die Cut Part 3M 4492B 19.83mm x 26.42mm,1075,4492B-W4.5,2.78E-05,Length Units,Stock,0.714285714
9119 - Die Cut Part 3M 4492B 19.83mm x 26.42mm,1075,FRA 312 (Q200)-W5.25,2.78E-05,Length Units,Stock,0.714285714
9119 - Die Cut Part 3M 4492B 19.83mm x 26.42mm,1075,8B35-W5.25,2.78E-05,Length Units,Stock,0.714285714
9119 - Die Cut Part 3M 4492B 19.83mm x 26.42mm,1075,FRA 312 (Q200)-W5.25,2.78E-05,Length Units,Stock,0.714285714
9120 - Die Cut Part 3M 4492B 19.83mm x 26.42mm,1076,4492B-W4.5,2.78E-05,Length Units,Stock,0.714285714
9120 - Die Cut Part 3M 4492B 19.83mm x 26.42mm,1076,FRA 312 (Q200)-W5.25,2.78E-05,Length Units,Stock,0.714285714
9120 - Die Cut Part 3M 4492B 19.83mm x 26.42mm,1076,8B35-W5.25,2.78E-05,Length Units,Stock,0.714285714
9120 - Die Cut Part 3M 4492B 19.83mm x 26.42mm,1076,FRA 312 (Q200)-W5.25,2.78E-05,Length Units,Stock,0.714285714
9121 - Die Cut Part Tesa 62934 19.8mm x 27.5mm,1077,62934-W5,2.78E-05,Length Units,Stock,0.714285714
9121 - Die Cut Part Tesa 62934 19.8mm x 27.5mm,1077,FRA 312 (Q200)-W5.25,2.78E-05,Length Units,Stock,0.714285714
9121 - Die Cut Part Tesa 62934 19.8mm x 27.5mm,1077,8B35-W5.25,2.78E-05,Length Units,Stock,0.714285714
9121 - Die Cut Part Tesa 62934 19.8mm x 27.5mm,1077,FRA 312 (Q200)-W5.25,2.78E-05,Length Units,Stock,0.714285714
9122 - Die Cut Part Tesa 62934 19.8mm x 27.5mm,1078,62934-W5,2.78E-05,Length Units,Stock,0.714285714
9122 - Die Cut Part Tesa 62934 19.8mm x 27.5mm,1078,FRA 312 (Q200)-W5.25,2.78E-05,Length Units,Stock,0.714285714
9122 - Die Cut Part Tesa 62934 19.8mm x 27.5mm,1078,8B35-W5.25,2.78E-05,Length Units,Stock,0.714285714
9122 - Die Cut Part Tesa 62934 19.8mm x 27.5mm,1078,FRA 312 (Q200)-W5.25,2.78E-05,Length Units,Stock,0.714285714
"9123 - Sheeted Part 3M 1524 18"" x 24""",1079,54 lb. C1S S0-W24.5,0.0015,Length Units,Stock,0.869565217
"9123 - Sheeted Part 3M 1524 18"" x 24""",1079,1524-W48,0.00075,Length Units,Stock,0.869565217
"9124 - Sheeted Part 3M 9874 18"" x 24""",1080,9874-W48,0.75,Length Units,Stock,0.666666667
"9124 - Sheeted Part 3M 9874 18"" x 24""",1080,Q300-W25,1.5,Length Units,Stock,0.666666667
"9124 - Sheeted Part 3M 9874 18"" x 24""",1080,Q200-W24.5,1.5,Length Units,Stock,0.666666667
9125 - Die Cut Part DX Tape - Top of Card 26.21mm x 85.93mm,1081,462 Melinex-W4,0.104166667,Length Units,Stock,0.8
9125 - Die Cut Part DX Tape - Top of Card 26.21mm x 85.93mm,1081,IB8161-78-W60,0.006944444,Length Units,Stock,0.8
9125 - Die Cut Part DX Tape - Top of Card 26.21mm x 85.93mm,1081,Q100 (FRA-3307)-W5,0.104166667,Length Units,Stock,0.8
9126 - Die Cut Part DX Tape - Shroud 34.06mm x 94.21mm,1082,462 Melinex-W4,0.125,Length Units,Stock,0.8
9126 - Die Cut Part DX Tape - Shroud 34.06mm x 94.21mm,1082,IB8161-78-W60,0.008333333,Length Units,Stock,0.8
9126 - Die Cut Part DX Tape - Shroud 34.06mm x 94.21mm,1082,Q100 (FRA-3307)-W5,0.125,Length Units,Stock,0.8
9127 - Die Cut Part DX Tape - Bottom of Card 25.42mm x 81.89mm,1083,462 Melinex-W4,0.09375,Length Units,Stock,0.8
9127 - Die Cut Part DX Tape - Bottom of Card 25.42mm x 81.89mm,1083,IB8161-78-W60,0.00625,Length Units,Stock,0.8
9127 - Die Cut Part DX Tape - Bottom of Card 25.42mm x 81.89mm,1083,Q100 (FRA-3307)-W5,0.09375,Length Units,Stock,0.8
"9128 - Die Cut Part 3M 1181 0.50"" x 0.10""",1084,1181-W1,0.02315,Length Units,Stock,0.666666667
"9128 - Die Cut Part 3M 1181 0.50"" x 0.10""",1084,1225-W5,0.208333333,"Each (Use for Boxes, Bags, Cores, Cases)",Stock,1
"9129 - Sheeted Part ECF 568 Base 2.64"" x 1.719""",1085,ECF 568-W12,0.0000625,Length Units,Stock,0.909090909
"9129 - Sheeted Part ECF 568 Base 2.64"" x 1.719""",1085,13220L-W14.75,0.0000625,Length Units,Stock,0.909090909
"9130 - Sheeted Part ECF 568 Finger #1 0.456"" x 0.122""",1086,ECF 568-W12,0.0000125,Length Units,Stock,0.909090909
"9130 - Sheeted Part ECF 568 Finger #1 0.456"" x 0.122""",1086,13220L-W14.75,0.0000125,Length Units,Stock,0.909090909
9131 - Sheeted Part ECF 568 Finger #2 ,1087,ECF 568-W12,2.08E-05,Length Units,Stock,0.909090909
9131 - Sheeted Part ECF 568 Finger #2 ,1087,13220L-W14.75,2.08E-05,Length Units,Stock,0.909090909
9132 - Sheeted Part ECF 568 Finger #3 ,1088,ECF 568-W12,0.00003125,Length Units,Stock,0.909090909
9132 - Sheeted Part ECF 568 Finger #3 ,1088,13220L-W14.75,0.00003125,Length Units,Stock,0.909090909
9133 - Die Cut Part Cartridge Film 159.29mm x 91.86mm,1089,S5005 DC-W4.25,0.268229167,Length Units,Stock,0.8
9133 - Die Cut Part Cartridge Film 159.29mm x 91.86mm,1089,R10DC06100-W6,0.536458333,Length Units,Stock,0.8
9133 - Die Cut Part Cartridge Film 159.29mm x 91.86mm,1089,S5005 DC-W4.25,0.536458333,Length Units,Stock,0.8
9133 - Die Cut Part Cartridge Film 159.29mm x 91.86mm,1089,FRA 310-W4.5,0.536458333,Length Units,Stock,0.8
"9134 - Sheeted Part ST-2058 2"" x 4""",1090,7876-W4.5,0.000166667,Length Units,Stock,0.8
"9135 - Die Cut Part Clip Foam 1.5"" Dia",1091,TM4200-W6,0.045138889,Length Units,Stock,0.943396226
"9135 - Die Cut Part Clip Foam 1.5"" Dia",1091,54lb C2S SL1/SL4 Liner-W6.25,0.045138889,Length Units,Stock,0.943396226
9136 - Sheeted Part 3M 8211 300mm x 300mm,1092,8211-W60,0.18,Length Units,Stock,1
"9137 - Sheeted Part N95 Strouse Mask 11.5"" x 6.5""",1093,12000-W7.7,0.979166667,Length Units,Stock,0.952380952
"9137 - Sheeted Part N95 Strouse Mask 11.5"" x 6.5""",1093,CHK05635 Hook-W28,0.019199346,Length Units,Stock,0.952380952
"9137 - Sheeted Part N95 Strouse Mask 11.5"" x 6.5""",1093,1587-W5.25,0.979166667,Length Units,Stock,0.952380952
"9137 - Sheeted Part N95 Strouse Mask 11.5"" x 6.5""",1093,9828-W54,0.009599673,Length Units,Stock,0.952380952
"9137 - Sheeted Part N95 Strouse Mask 11.5"" x 6.5""",1093,54 lb. C1S S0(BG0)-W5.5,0.979166667,Length Units,Stock,0.952380952
"9137 - Sheeted Part N95 Strouse Mask 11.5"" x 6.5""",1093,54 lb. C1S S0-W7,0.979166667,Length Units,Stock,0.166666667
"9139 - Sheeted Part 3M 4941 0.75"" x 3""",1094,4941-W3.5,0.072916667,Length Units,Stock,0.8
"9139 - Sheeted Part 3M 4941 0.75"" x 3""",1094,54lb C2S SL1/SL4 Liner-W4,0.072916667,Length Units,Stock,0.8
"9140 - Pinfeed Tape 3M 8992L 15"" x 72Yd",1095,8992L-W54,0.072,Length Units,Stock,0.740740741
"9141 - Laminated Part APR1510/Printed liner 12"" x 60Yd",1096,54 lb. C1S SL4 (S38)-W12.25,0.18,Length Units,Stock,0.64516129
"9141 - Laminated Part APR1510/Printed liner 12"" x 60Yd",1096,APR 1510-W54,0.045,Length Units,Stock,0.769230769
"9142 - Slit Tape 3M 8211 6"" x 60Yd",1097,8211-W60,0.018,Length Units,Stock,0.555555556
"9143 - Slit Tape Internal Use UPVC 3/8"" x 1000Yd",1098,5905Tpvc-W5.905,0.25,Length Units,Stock,0.869565217
"9143 - Slit Tape Internal Use UPVC 3/8"" x 1000Yd",1098,5905Tpvc-W5.67,0.25,Length Units,Stock,0.869565217
"9144 - Slit Tape Internal Use UPVC 1/2"" x 1000Yd",1099,5905Tpvc-W5.905,0.272727273,Length Units,Stock,0.909090909
"9144 - Slit Tape Internal Use UPVC 1/2"" x 1000Yd",1099,5905Tpvc-W5.67,0.272727273,Length Units,Stock,0.909090909
"9145 - Slit Tape Internal Use UPVC 3/4"" x 1000Yd",1100,5905Tpvc-W5.905,0.375,Length Units,Stock,0.909090909
"9145 - Slit Tape Internal Use UPVC 3/4"" x 1000Yd",1100,5905Tpvc-W5.67,0.375,Length Units,Stock,0.909090909
"9146 - Slit Tape Internal Use UPVC 1"" x 1000Yd",1101,5905Tpvc-W5.905,0.5,Length Units,Stock,0.909090909
"9146 - Slit Tape Internal Use UPVC 1"" x 1000Yd",1101,5905Tpvc-W5.67,0.5,Length Units,Stock,0.909090909
9147 - Fabricated Roll Custom lamination 280mm x 50m,1102,9828-W11.625,0.164,Length Units,Stock,0.869565217
9147 - Fabricated Roll Custom lamination 280mm x 50m,1102,1043-W12,0.164,Length Units,Stock,0.869565217
9147 - Fabricated Roll Custom lamination 280mm x 50m,1102,IB5121-72-W11.625,0.164,Length Units,Stock,0.869565217
9147 - Fabricated Roll Custom lamination 280mm x 50m,1102,FRA 3312-W12.5,0.164,Length Units,Stock,0.869565217
9147 - Fabricated Roll Custom lamination 280mm x 50m,1102,468MP-W12,0.164,Length Units,Stock,0.869565217
9148 - Spool Tape CSM - Z2000 6mm x 99m,1103,Z2011-W31.49,0.002598667,Length Units,Stock,0.833333333
9148 - Spool Tape CSM - Z2000 6mm x 99m,1103,HDPE liner 1.5 easy release-W30,0.01160119,Length Units,Stock,0.833333333
"9149 - Sheeted Part 558.8 mm (22"") Wheel Mask 558.80mm Dia",1104,0524-W23,1.916666667,Length Units,Stock,0.909090909
"9149 - Sheeted Part 558.8 mm (22"") Wheel Mask 558.80mm Dia",1104,6D1921056-W23,1.916666667,Length Units,Stock,0.909090909
"9150 - Sheeted Part Foam Border, S150 2.065"" x 5.702""",1105,1509-W6.25,0.002770833,Length Units,Stock,0.934579439
"9150 - Sheeted Part Foam Border, S150 2.065"" x 5.702""",1105,2 White EVA-W6.5,0.002770833,Length Units,Stock,0.934579439
"9150 - Sheeted Part Foam Border, S150 2.065"" x 5.702""",1105,2174-001B-W7,0.833333333,"Each (Use for Boxes, Bags, Cores, Cases)",Stock,1
"9150 - Sheeted Part Foam Border, S150 2.065"" x 5.702""",1105,PC 13952 JT 9278-W4,0.007575758,"Each (Use for Boxes, Bags, Cores, Cases)",Stock,1
"9151 - Sheeted Part 3426A/1524 24"" x 18""",1106,1524-W18,0.002,Length Units,Stock,0.769230769
"9151 - Sheeted Part 3426A/1524 24"" x 18""",1106,3426A-W18,0.002,Length Units,Stock,0.769230769
"9151 - Sheeted Part 3426A/1524 24"" x 18""",1106,54 lb. C1S S0-W18.5,0.002,Length Units,Stock,0.769230769
9152 - Sheeted Part 3M 5909 15mm x 11mm,1107,5909-W6,0.00001,Length Units,Stock,0.666666667
9152 - Sheeted Part 3M 5909 15mm x 11mm,1107,54lb C2S SL1/SL4 Liner-W6.25,0.00001,Length Units,Stock,0.666666667
"9153 - Die Cut Part Cling Vinyl 1.84"" x 3.86""",1108,Pro cling CV800-W9,0.091666667,Length Units,Stock,0.714285714
"9154 - Slit Roll CSM 5 mil PET 24.5"" x 500'",1109,2SLKN - 200 guage-W25,0.5,Length Units,Stock,1
"9154 - Slit Roll CSM 5 mil PET 24.5"" x 500'",1109,32040-W24.625,0.5,Length Units,Stock,1
"9155 - Die Cut Part Anti-splinter film 2.77"" x 5.526""",1110,456-W6,0.25,Length Units,Stock,0.666666667
"9155 - Die Cut Part Anti-splinter film 2.77"" x 5.526""",1110,8146-1-W6,0.25,Length Units,Stock,0.666666667
"9156 - Sheeted Part Hook Tabs. 4 packs 7.0"" x 1.5""",1111,DG20LGHR-W2,0.002541667,Length Units,Stock,0.833333333
"9156 - Sheeted Part Hook Tabs. 4 packs 7.0"" x 1.5""",1111,DG20LGHR-W2,0.002541667,Length Units,Stock,0.833333333
"9156 - Sheeted Part Hook Tabs. 4 packs 7.0"" x 1.5""",1111,54092-W6,0.083333333,Length Units,Stock,0.833333333
"9156 - Sheeted Part Hook Tabs. 4 packs 7.0"" x 1.5""",1111,9094-W2.5,0.000333333,"Each (Use for Boxes, Bags, Cores, Cases)",Stock,1
"9157 - Slit material CSM Asymmetric Polysulfone membrane 0.75"" x 500'",1112,T9EXPPS080R400M-W4,0.032083333,Length Units,Stock,0.571428571
"9158 - Die Cut Part Adh. Tab 0.49"" x 0.95""",1113,1509-W4,0.020833333,Length Units,Stock,0.666666667
"9158 - Die Cut Part Adh. Tab 0.49"" x 0.95""",1113,2123R-W3,0.020833333,Length Units,Stock,0.666666667
"9158 - Die Cut Part Adh. Tab 0.49"" x 0.95""",1113,FRA 312 (Q200) -W4.75,0.020833333,Length Units,Stock,0.666666667
"9159 - Slit Label stock 3M FM046902 0.945"" x 2,160'",1114,FM046902-W13.5,0.166153846,Length Units,Stock,1
"9160 - Slit Tape 3M 4712Y 15"" x 36Yd",1115,4712Y-W30,0.054,Length Units,Stock,0.952380952
"9161 - Slit Tape 3M 966 0.5"" x 25Yd",1116,966-W48,0.000833333,Length Units,Stock,0.8
"9162 - Die Cut Part Test Skin Film 2.35"" x 3.966""",1117,44093-W40,0.026692708,Length Units,Stock,0.8
"9162 - Die Cut Part Test Skin Film 2.35"" x 3.966""",1117,600REM-W9 - CatID-22418,0.106770833,Length Units,Stock,0.8
"9163 - Sheeted Part 3M 1524/3M 9776 0.5"" x 1""",1118,1524-W1.75,0.041666667,Length Units,Stock,0.833333333
"9163 - Sheeted Part 3M 1524/3M 9776 0.5"" x 1""",1118,9776-W2,0.041666667,Length Units,Stock,0.833333333
"9163 - Sheeted Part 3M 1524/3M 9776 0.5"" x 1""",1118,78 lb. C1S BG40-W2.25,0.041666667,Length Units,Stock,0.833333333
9164 - Slit Tape St-2067 10.16mm x 350',1119,DPM Silver VL-W3.75,0.04375,Length Units,Stock,0.925925926
"9165 - Die Cut Part 3M 8212 1.702"" x 2.856""",1120,8212-W4,0.166666667,Length Units,Stock,0.8
"9165 - Die Cut Part 3M 8212 1.702"" x 2.856""",1120,FRA 354-W3.75,0.166666667,Length Units,Stock,0.8
"9165 - Die Cut Part 3M 8212 1.702"" x 2.856""",1120,614URM-W3.5,0.166666667,Length Units,Stock,0.8
"9165 - Die Cut Part 3M 8212 1.702"" x 2.856""",1120,RE-18-W3.75,0.166666667,Length Units,Stock,0.8
"9165 - Die Cut Part 3M 8212 1.702"" x 2.856""",1120,8993LC-W3.5,0.166666667,Length Units,Stock,0.8
"9165 - Die Cut Part 3M 8212 1.702"" x 2.856""",1120,125tpvc-W0.125,0.166666667,Length Units,Stock,0.8
"9165 - Die Cut Part 3M 8212 1.702"" x 2.856""",1120,125tpvc-W0.125,0.166666667,Length Units,Stock,0.8
"9165 - Die Cut Part 3M 8212 1.702"" x 2.856""",1120,35Tpvc-W3.5,0.166666667,Length Units,Stock,0.8
"9166 - Sheeted Part Gauze pads 2"" x 4""",1121,35709-G-W8,0.375,Length Units,Stock,0.666666667
"9166 - Sheeted Part Gauze pads 2"" x 4""",1121,PS55-W8,0.375,Length Units,Stock,0.666666667
"9166 - Sheeted Part Gauze pads 2"" x 4""",1121,CSM - Gauze-W4,0.166666667,Length Units,Stock,0.666666667
"9167 - Sheeted Part Gauze pads 4"" x 4""",1122,35709-G-W8,0.666666667,Length Units,Stock,0.666666667
"9167 - Sheeted Part Gauze pads 4"" x 4""",1122,PS55-W8,0.666666667,Length Units,Stock,0.666666667
"9167 - Sheeted Part Gauze pads 4"" x 4""",1122,CSM - Gauze-W4,0.333333333,Length Units,Stock,0.666666667
9168 - Die Cut Part PREFORM - CHIP DW2A DBOD 9.45mm x 18.2mm,1123,966NP-W3,0.041666667,Length Units,Stock,0.666666667
9168 - Die Cut Part PREFORM - CHIP DW2A DBOD 9.45mm x 18.2mm,1123,375Tpvc-W0.375,0.041666667,Length Units,Stock,0.666666667
9168 - Die Cut Part PREFORM - CHIP DW2A DBOD 9.45mm x 18.2mm,1123,54 lb. C1S S0-W3.25,0.041666667,Length Units,Stock,0.666666667
9168 - Die Cut Part PREFORM - CHIP DW2A DBOD 9.45mm x 18.2mm,1123,2950Tpvc-W2.95,0.041666667,Length Units,Stock,0.666666667
9168 - Die Cut Part PREFORM - CHIP DW2A DBOD 9.45mm x 18.2mm,1123,FRA 3502-W3,0.041666667,Length Units,Stock,0.666666667
9168 - Die Cut Part PREFORM - CHIP DW2A DBOD 9.45mm x 18.2mm,1123,750Tpvc-W0.75,0.041666667,Length Units,Stock,0.666666667
"9169 - Slit Tape 3M 8926-02 0.775"" x 40m",1124,8926-02-W4.73,0.0264,Length Units,Stock,0.909090909
"9170 - Sheeted Part Handle Grip Tape 6.77"" x 2.25""",1125,5909-W2.5,0.00059375,Length Units,Stock,0.666666667
"9170 - Sheeted Part Handle Grip Tape 6.77"" x 2.25""",1125,Q100  (FRA-3307)-W3,0.00059375,Length Units,Stock,0.666666667
"9170 - Sheeted Part Handle Grip Tape 6.77"" x 2.25""",1125,FRA 616-W3,0.00059375,Length Units,Stock,0.666666667
"9170 - Sheeted Part Handle Grip Tape 6.77"" x 2.25""",1125,RE-18-W3.5,0.00059375,Length Units,Stock,0.666666667
"9170 - Sheeted Part Handle Grip Tape 6.77"" x 2.25""",1125,500Tpvc-W0.5,0.00059375,Length Units,Stock,0.666666667
"9170 - Sheeted Part Handle Grip Tape 6.77"" x 2.25""",1125,1000Tpvc-W1,0.00059375,Length Units,Stock,0.666666667
"9171 - Sheeted Part Speaker Tape 0.59"" x 0.43""",1126,5909-W1.5,7.29E-05,Length Units,Stock,0.666666667
"9171 - Sheeted Part Speaker Tape 0.59"" x 0.43""",1126,Q100 (FRA-3307)-W2,7.29E-05,Length Units,Stock,0.666666667
"9171 - Sheeted Part Speaker Tape 0.59"" x 0.43""",1126,FRA 616-W2,7.29E-05,Length Units,Stock,0.666666667
"9171 - Sheeted Part Speaker Tape 0.59"" x 0.43""",1126,RE-18-W2.25,7.29E-05,Length Units,Stock,0.666666667
"9171 - Sheeted Part Speaker Tape 0.59"" x 0.43""",1126,250tpvc-W0.25,7.29E-05,Length Units,Stock,0.666666667
"9171 - Sheeted Part Speaker Tape 0.59"" x 0.43""",1126,1000Tpvc-W1,7.29E-05,Length Units,Stock,0.666666667
"9172 - Sheeted Part Charge Pin Tape 0.561"" x 1.161""",1127,5909-W2.25,8.33E-05,Length Units,Stock,0.666666667
"9172 - Sheeted Part Charge Pin Tape 0.561"" x 1.161""",1127,Q100 (FRA-3307)-W2.5,8.33E-05,Length Units,Stock,0.666666667
"9172 - Sheeted Part Charge Pin Tape 0.561"" x 1.161""",1127,FRA 616-W3,8.33E-05,Length Units,Stock,0.666666667
"9172 - Sheeted Part Charge Pin Tape 0.561"" x 1.161""",1127,RE-18-W3,8.33E-05,Length Units,Stock,0.666666667
"9172 - Sheeted Part Charge Pin Tape 0.561"" x 1.161""",1127,250tpvc-W0.25,8.33E-05,Length Units,Stock,0.666666667
"9172 - Sheeted Part Charge Pin Tape 0.561"" x 1.161""",1127,1000Tpvc-W1,8.33E-05,Length Units,Stock,0.666666667
"9173 - Sheeted Part Display Tape 5.81"" x 3.35""",1128,5909-W4,0.000510417,Length Units,Stock,0.666666667
"9173 - Sheeted Part Display Tape 5.81"" x 3.35""",1128,Q100  (FRA-3307)-W4.25,0.000510417,Length Units,Stock,0.666666667
"9173 - Sheeted Part Display Tape 5.81"" x 3.35""",1128,FRA 616-W4.5,0.000510417,Length Units,Stock,0.666666667
"9173 - Sheeted Part Display Tape 5.81"" x 3.35""",1128,RE-18-W5.5,0.000510417,Length Units,Stock,0.666666667
"9173 - Sheeted Part Display Tape 5.81"" x 3.35""",1128,250tpvc-W0.25,0.000510417,Length Units,Stock,0.666666667
"9173 - Sheeted Part Display Tape 5.81"" x 3.35""",1128,1000Tpvc-W1,0.000510417,Length Units,Stock,0.666666667
"9174 - Sheeted Part Outer Optical Glass Tape 3.71"" x 1.36""",1129,5909-W2,0.00034375,Length Units,Stock,0.666666667
"9174 - Sheeted Part Outer Optical Glass Tape 3.71"" x 1.36""",1129,Q100 (FRA-3307)-W2.5,0.00034375,Length Units,Stock,0.666666667
"9174 - Sheeted Part Outer Optical Glass Tape 3.71"" x 1.36""",1129,FRA 616-W2.25,0.00034375,Length Units,Stock,0.666666667
"9174 - Sheeted Part Outer Optical Glass Tape 3.71"" x 1.36""",1129,RE-18-W3,0.00034375,Length Units,Stock,0.666666667
"9174 - Sheeted Part Outer Optical Glass Tape 3.71"" x 1.36""",1129,1000Tpvc-W1,0.00034375,Length Units,Stock,0.666666667
"9174 - Sheeted Part Outer Optical Glass Tape 3.71"" x 1.36""",1129,500Tpvc-W0.5,0.00034375,Length Units,Stock,0.666666667
"9175 - Sheeted Part SOM Heat Sink 3.80"" x 1.55""",1130,8805-W2,0.00034375,Length Units,Stock,0.666666667
"9175 - Sheeted Part SOM Heat Sink 3.80"" x 1.55""",1130,Q100 (FRA-3307)-W2.5,0.00034375,Length Units,Stock,0.666666667
"9175 - Sheeted Part SOM Heat Sink 3.80"" x 1.55""",1130,FRA 616-W2.25,0.00034375,Length Units,Stock,0.666666667
"9175 - Sheeted Part SOM Heat Sink 3.80"" x 1.55""",1130,RE-18-W3,0.00034375,Length Units,Stock,0.666666667
"9175 - Sheeted Part SOM Heat Sink 3.80"" x 1.55""",1130,500Tpvc-W0.5,0.00034375,Length Units,Stock,0.666666667
"9175 - Sheeted Part SOM Heat Sink 3.80"" x 1.55""",1130,1000Tpvc-W1,0.00034375,Length Units,Stock,0.666666667
"9176 - Sheeted Part Camera Thermal Pad 0.31"" x 0.31""",1131,67-40-0750-T418-W7.5,1.04E-05,Length Units,Stock,0.666666667
"9176 - Sheeted Part Camera Thermal Pad 0.31"" x 0.31""",1131,FRA 312 (Q200)-W2,5.21E-05,Length Units,Stock,0.666666667
"9176 - Sheeted Part Camera Thermal Pad 0.31"" x 0.31""",1131,FRA 616-W2,5.21E-05,Length Units,Stock,0.666666667
"9176 - Sheeted Part Camera Thermal Pad 0.31"" x 0.31""",1131,8993LC-W1.75,5.21E-05,Length Units,Stock,0.666666667
"9176 - Sheeted Part Camera Thermal Pad 0.31"" x 0.31""",1131,250tpvc-W0.25,5.21E-05,Length Units,Stock,0.666666667
"9176 - Sheeted Part Camera Thermal Pad 0.31"" x 0.31""",1131,1000Tpvc-W1,5.21E-05,Length Units,Stock,0.666666667
"9177 - Sheeted Part Screw Cover Tape 0.311"" x 0.303""",1132,5909-W1.5,5.21E-05,Length Units,Stock,0.666666667
"9177 - Sheeted Part Screw Cover Tape 0.311"" x 0.303""",1132,Q100 (FRA-3307)-W2,5.21E-05,Length Units,Stock,0.666666667
"9177 - Sheeted Part Screw Cover Tape 0.311"" x 0.303""",1132,FRA 616-W2,5.21E-05,Length Units,Stock,0.666666667
"9177 - Sheeted Part Screw Cover Tape 0.311"" x 0.303""",1132,RE-18-W2.25,5.21E-05,Length Units,Stock,0.666666667
"9177 - Sheeted Part Screw Cover Tape 0.311"" x 0.303""",1132,250tpvc-W0.25,5.21E-05,Length Units,Stock,0.666666667
"9177 - Sheeted Part Screw Cover Tape 0.311"" x 0.303""",1132,1000Tpvc-W1,5.21E-05,Length Units,Stock,0.666666667
"9178 - Sheeted Part Battery Foam 5.12"" x 0.51""",1133,4790-92-09020-04-P-W2.7,0.000447917,Length Units,Stock,0.666666667
"9178 - Sheeted Part Battery Foam 5.12"" x 0.51""",1133,9828-W1.75,0.000447917,Length Units,Stock,0.666666667
"9179 - Slit Tape 3M 838 12"" x 72Yd",1134,838-W48,0.054,Length Units,Stock,1
"9180 - Sheeted Part 3M 1524/CSM Liner 24"" x 18""",1135,Release Paper-W19.685,0.002,Length Units,Stock,0.909090909
"9180 - Sheeted Part 3M 1524/CSM Liner 24"" x 18""",1135,1524-W18,0.002,Length Units,Stock,0.909090909
9181 - Slit material CSM- Coated Ahlstrom 6613 5mm x 125',1136,6613-W3.5,0.125,Length Units,Stock,1
9182 - Die Cut Part 51825C Protective film 38mm x 28mm,1137,51825C-W2.75,0.138891667,Length Units,Stock,0.925925926
9182 - Die Cut Part 51825C Protective film 38mm x 28mm,1137,1043-W0.5,0.138891667,Length Units,Stock,0.925925926
9182 - Die Cut Part 51825C Protective film 38mm x 28mm,1137,55 lb. Tight C1S-W2.5,0.138891667,Length Units,Stock,0.925925926
"9184 - Laminated Film 3001-022/90# liner 26.5"" x 1000'",1138,3001-022-CL-W26.5,1,Length Units,Stock,0.909090909
"9184 - Laminated Film 3001-022/90# liner 26.5"" x 1000'",1138,FRA-617-W27,1,Length Units,Stock,0.909090909
"9185 - Die Cut Part 3M 7610 0.25"" Dia",1139,7610-W1,0.015625,Length Units,Stock,0.666666667
"9185 - Die Cut Part 3M 7610 0.25"" Dia",1139,Q100 (FRA-3307)-W1.25,0.015625,Length Units,Stock,0.666666667
9186 - Slit Tape Sekisui 500WC Red 24mm x 50m,1140,500-W52.36,0.00309434,Length Units,Stock,0.970873786
"9187 - Sheeted Part Wide 4.9375"" x 4""",1141,1521-W4,0.411458333,Length Units,Stock,0.980392157
9188 - Sheeted Part EPE M6 40mm x 40mm,1142,Black EPE-W39.37,0.00546875,Length Units,Stock,0.909090909
9188 - Sheeted Part EPE M6 40mm x 40mm,1142,Clear EPE-W39.37,0.00546875,Length Units,Stock,0.909090909
9188 - Sheeted Part EPE M6 40mm x 40mm,1142,White EPE-W39.37,0.00546875,Length Units,Stock,0.909090909
"9190 - Sheeted Part d/c 3M 1170 40"" Dia",1143,1170-W23,0.004,Length Units,Stock,0.666666667
"9190 - Sheeted Part d/c 3M 1170 40"" Dia",1143,1170-W23,0.004,Length Units,Stock,0.666666667
"9190 - Sheeted Part d/c 3M 1170 40"" Dia",1143,9713-W24,0.004,Length Units,Stock,0.666666667
"9190 - Sheeted Part d/c 3M 1170 40"" Dia",1143,9713-W24,0.004,Length Units,Stock,0.666666667
9191 - Slit Part Magnesium Reagent 80mm x 120',1144,6612 HIPS-W4,0.12,Length Units,Stock,0.909090909
9191 - Slit Part Magnesium Reagent 80mm x 120',1144,444-W3.375,0.12,Length Units,Stock,0.909090909
9191 - Slit Part Magnesium Reagent 80mm x 120',1144,C0571-W3.5,0.12,Length Units,Stock,0.909090909
"9192 - Sheeted Part ZyMot Multi 3000 Membrane Sticker 1.691"" x 1.691""",1145,8212-W5,0.166666667,Length Units,Stock,0.666666667
"9192 - Sheeted Part ZyMot Multi 3000 Membrane Sticker 1.691"" x 1.691""",1145,8.0 micron PCTE-W1.75,0.166666667,Length Units,Stock,0.666666667
"9192 - Sheeted Part ZyMot Multi 3000 Membrane Sticker 1.691"" x 1.691""",1145,FRA 354-W2.5,0.166666667,Length Units,Stock,0.666666667
"9192 - Sheeted Part ZyMot Multi 3000 Membrane Sticker 1.691"" x 1.691""",1145,8993LC-W2.5,0.166666667,Length Units,Stock,0.666666667
"9192 - Sheeted Part ZyMot Multi 3000 Membrane Sticker 1.691"" x 1.691""",1145,RE-18-W2.5,0.166666667,Length Units,Stock,0.666666667
"9192 - Sheeted Part ZyMot Multi 3000 Membrane Sticker 1.691"" x 1.691""",1145,125tpvc-W0.125,0.166666667,Length Units,Stock,0.666666667
"9192 - Sheeted Part ZyMot Multi 3000 Membrane Sticker 1.691"" x 1.691""",1145,125tpvc-W0.125,0.166666667,Length Units,Stock,0.666666667
"9192 - Sheeted Part ZyMot Multi 3000 Membrane Sticker 1.691"" x 1.691""",1145,35Tpvc-W3.5,0.166666667,Length Units,Stock,0.666666667
"9192 - Sheeted Part ZyMot Multi 3000 Membrane Sticker 1.691"" x 1.691""",1145,1043-W3.5,0.166666667,Length Units,Stock,0.666666667
"9192 - Sheeted Part ZyMot Multi 3000 Membrane Sticker 1.691"" x 1.691""",1145,FRA 312 (Q200)-W3,0.166666667,Length Units,Stock,0.666666667
"9192 - Sheeted Part ZyMot Multi 3000 Membrane Sticker 1.691"" x 1.691""",1145,614URM-W2.5,0.166666667,Length Units,Stock,0.666666667
9193 - Slit Part Calcium Reagent 80mm x 120',1146,6612 HIPS-W4,0.12,Length Units,Stock,0.909090909
9193 - Slit Part Calcium Reagent 80mm x 120',1146,444-W3.375,0.12,Length Units,Stock,0.909090909
9193 - Slit Part Calcium Reagent 80mm x 120',1146,C0570-W3.5,0.12,Length Units,Stock,0.909090909
9194 - Slit Part pH Reagent 80mm x 120',1147,6612 HIPS-W4,0.12,Length Units,Stock,0.909090909
9194 - Slit Part pH Reagent 80mm x 120',1147,444-W3.375,0.12,Length Units,Stock,0.909090909
9194 - Slit Part pH Reagent 80mm x 120',1147,C0588-W3.5,0.12,Length Units,Stock,0.909090909
9195 - Slit Part Specific Gravity Reagent 80mm x 120',1148,6612 HIPS-W4,0.12,Length Units,Stock,0.909090909
9195 - Slit Part Specific Gravity Reagent 80mm x 120',1148,444-W3.375,0.12,Length Units,Stock,0.909090909
9195 - Slit Part Specific Gravity Reagent 80mm x 120',1148,C0590-W3.5,0.12,Length Units,Stock,0.909090909
9196 - Slit Part BHB Reagent 80mm x 120',1149,6612 HIPS-W4,0.12,Length Units,Stock,0.909090909
9196 - Slit Part BHB Reagent 80mm x 120',1149,444-W3.375,0.12,Length Units,Stock,0.909090909
9196 - Slit Part BHB Reagent 80mm x 120',1149,C0569-W3.5,0.12,Length Units,Stock,0.909090909
"9197 - Slit Tape Kapton 200MT 0.9"" x 500'",1150,200MT-W12,0.041666667,Length Units,Stock,0.970873786
"9198 - Sheeted Part PC Sheet, Coated 6.472"" x 3.811""",1151,AG-400-W3.811,0.001,"Each (Use for Boxes, Bags, Cores, Cases)",Stock,1
"9198 - Sheeted Part PC Sheet, Coated 6.472"" x 3.811""",1151,S-5323,0.001083333,"Each (Use for Boxes, Bags, Cores, Cases)",Stock,1
"9199 - Die Cut Part 3M VHB LSE-160WF 1.88"" x 1.88""",1152,LSE-160WF-W4.75,0.083333333,Length Units,Stock,0.8
"9199 - Die Cut Part 3M VHB LSE-160WF 1.88"" x 1.88""",1152,54lb C2S SL1/SL4 Liner-W5.5,0.083333333,Length Units,Stock,0.8
"9199 - Die Cut Part 3M VHB LSE-160WF 1.88"" x 1.88""",1152,250DkBlupvc-W0.25,0.083333333,Length Units,Stock,0.8
"9200 - Die Cut Part - Packaging White 'Phoenix' Adh. Patch 2.34"" x 2.84""",1153,8326-W2.84,0.083333333,Unit-Base M (Use for Finished Goods),Stock,0.99009901
"9200 - Die Cut Part - Packaging White 'Phoenix' Adh. Patch 2.34"" x 2.84""",1153,8390-W3,0.028333333,Unit-Base M (Use for Finished Goods),Stock,0.99009901
"9201 - Fabricated Part 3M 467MPF/2 mil PET 0.75"" x 1,000'",1154,467MPF-W5.4,0.066666667,Length Units,Stock,0.892857143
"9201 - Fabricated Part 3M 467MPF/2 mil PET 0.75"" x 1,000'",1154,462 Melinex-W51,0.020833333,Length Units,Stock,0.892857143
"9202 - Sheeted Part Poron/9471LE 2.25"" x 0.9""",1155,4701-30-25045-04-W54,4.17E-06,Length Units,Stock,0.833333333
"9202 - Sheeted Part Poron/9471LE 2.25"" x 0.9""",1155,9471LE-W6.45,3.33E-05,Length Units,Stock,0.833333333
9203 - Sheeted Part PSA Capping Strip 368mm x 45mm,1156,2 mil Clear PET-W5,0.000625,Length Units,Stock,0.909090909
9203 - Sheeted Part PSA Capping Strip 368mm x 45mm,1156,966NP-W4.5,0.000625,Length Units,Stock,0.909090909
"9204 - Slit Tape 3M 5288-OB220 2"" x 20Yd",1157,528-W3,0.06,Length Units,Stock,0.909090909
"9204 - Slit Tape 3M 5288-OB220 2"" x 20Yd",1157,481-W3,0.06,Length Units,Stock,0.909090909
"9204 - Slit Tape 3M 5288-OB220 2"" x 20Yd",1157,54 lb. C1S S0-W3.5,0.06,Length Units,Stock,0.909090909
"9205 - Slit Tape 3M 5288-OB120 1"" x 20Yd",1158,528-W3,0.03,Length Units,Stock,0.909090909
"9205 - Slit Tape 3M 5288-OB120 1"" x 20Yd",1158,481-W3,0.03,Length Units,Stock,0.909090909
"9205 - Slit Tape 3M 5288-OB120 1"" x 20Yd",1158,54 lb. C1S S0-W3.5,0.03,Length Units,Stock,0.909090909
"9206 - Slit Tape 3M 5288-OB320 3"" x 20Yd",1159,528-W3,0.06,Length Units,Stock,0.909090909
"9206 - Slit Tape 3M 5288-OB320 3"" x 20Yd",1159,481-W3,0.06,Length Units,Stock,0.909090909
"9206 - Slit Tape 3M 5288-OB320 3"" x 20Yd",1159,54 lb. C1S S0-W3.75,0.06,Length Units,Stock,0.909090909
"9207 - Sheeted Part 3M 1170 40"" Dia",1160,1170-W23,0.004,Length Units,Stock,0.666666667
"9207 - Sheeted Part 3M 1170 40"" Dia",1160,1170-W23,0.004,Length Units,Stock,0.666666667
"9208 - Die Cut Part AA 1016P/R 0.375"" x 0.75""",1161,1016 P/R-W61.5,0.000992063,Length Units,Stock,0.869565217
"9208 - Die Cut Part AA 1016P/R 0.375"" x 0.75""",1161,54lb C2S SL1/SL4 Liner-W3,0.020833333,Length Units,Stock,0.869565217
9209 - Die Cut Part 3M 110LSE-WF Tape Assembly 16.7mm x 34.71mm w/ tab,1162,LSE-110WF-W2.25,0.066666667,Length Units,Stock,0.909090909
9209 - Die Cut Part 3M 110LSE-WF Tape Assembly 16.7mm x 34.71mm w/ tab,1162,2 mil T30-W2.5,0.066666667,Length Units,Stock,0.909090909
9209 - Die Cut Part 3M 110LSE-WF Tape Assembly 16.7mm x 34.71mm w/ tab,1162,54lb C2S SL1/SL4 Liner-W2.75,0.066666667,Length Units,Stock,0.909090909
9209 - Die Cut Part 3M 110LSE-WF Tape Assembly 16.7mm x 34.71mm w/ tab,1162,375Tpvc-W0.375,0.066666667,Length Units,Stock,0.909090909
"9210 - Sheeted Part 3M 5952 4"" x 3""",1163,5952-W3.5,0.000354167,Length Units,Stock,0.666666667
"9210 - Sheeted Part 3M 5952 4"" x 3""",1163,54lb C2S SL1/SL4 Liner-W3.75,0.000354167,Length Units,Stock,0.666666667
9211 - Sheeted Part 3M 5915P 336mm x 6.86mm,1164,5915P-W3.5,0.001145833,Length Units,Stock,0.746268657
9211 - Sheeted Part 3M 5915P 336mm x 6.86mm,1164,FRA 312 (Q200)-W4,0.001145833,Length Units,Stock,0.746268657
9211 - Sheeted Part 3M 5915P 336mm x 6.86mm,1164,54 lb. C1S S0-W4,0.001145833,Length Units,Stock,0.746268657
9211 - Sheeted Part 3M 5915P 336mm x 6.86mm,1164,54 lb. C1S S0-W4,0.001145833,Length Units,Stock,0.746268657
9211 - Sheeted Part 3M 5915P 336mm x 6.86mm,1164,2 mil T50-W4,0.001145833,Length Units,Stock,0.746268657
9211 - Sheeted Part 3M 5915P 336mm x 6.86mm,1164,HP260 - White-W5.67,0.001145833,Length Units,Stock,0.746268657
9211 - Sheeted Part 3M 5915P 336mm x 6.86mm,1164,375Tpvc-W0.375,0.001145833,Length Units,Stock,0.746268657
9211 - Sheeted Part 3M 5915P 336mm x 6.86mm,1164,750Tpvc-W0.75,0.001145833,Length Units,Stock,0.746268657
9211 - Sheeted Part 3M 5915P 336mm x 6.86mm,1164,750Tpvc-W0.75,0.001145833,Length Units,Stock,0.746268657
"9212 - Die Cut Part ST - 2090 0.5"" x 2.83""",1165,77855-W10,0.017361111,Length Units,Stock,0.840336134
"9214 - Slit Tape 3M 8810 0.625"" x 108'",1166,8810-W4,0.018,Length Units,Stock,0.909090909
"9215 - Slit Tape ST-2114 1.375"" x 1640'",1167,SPR4L5400GG-W48,0.054666667,Length Units,Stock,0.909090909
"9216 - Slit Tape 3M 9874 5.9"" x 200Yd",1168,9874-W19.5,0.2,Length Units,Stock,0.909090909
"9217 - Sheeted Part Insulator, Latch Base 1.31"" x 1.00""",1169,8671-W2,0.166666667,Length Units,Stock,0.666666667
"9217 - Sheeted Part Insulator, Latch Base 1.31"" x 1.00""",1169,9471LE-W1.875,0.166666667,Length Units,Stock,0.666666667
"9218 - Sheeted Part Roscolux 26 Light Red 1.43"" x 1.30""",1170,467MP-W6.125,5.21E-06,Length Units,Stock,0.666666667
"9218 - Sheeted Part Roscolux 26 Light Red 1.43"" x 1.30""",1170,Roscolux 26-W20,1.04E-05,"Each (Use for Boxes, Bags, Cores, Cases)",Stock,0.666666667
9219 - Sheeted Part Saliva collection device 40.6mm x 71mm,1171,.024 pt Candesce 1CS-W7.625,0.072916667,Length Units,Stock,0.666666667
9219 - Sheeted Part Saliva collection device 40.6mm x 71mm,1171,TM8720-W6.857,0.072916667,Length Units,Stock,0.666666667
9219 - Sheeted Part Saliva collection device 40.6mm x 71mm,1171,42 lb. C1S S0-W7,0.072916667,Length Units,Stock,0.666666667
9219 - Sheeted Part Saliva collection device 40.6mm x 71mm,1171,5905Tpvc-W5.905,0.072916667,Length Units,Stock,0.666666667
9219 - Sheeted Part Saliva collection device 40.6mm x 71mm,1171,White Filter Paper-W14,0.036458333,Length Units,Stock,0.666666667
"9220 - Die Cut Part 3M 7953MP 3.445"" x 1.22""",1172,7953MP-W2,0.322916667,Length Units,Stock,0.892857143
"9220 - Die Cut Part 3M 7953MP 3.445"" x 1.22""",1172,Q100  (FRA-3307)-W3,0.322916667,Length Units,Stock,0.892857143
"9220 - Die Cut Part 3M 7953MP 3.445"" x 1.22""",1172,Q100 (FRA-3307)-W1.5,0.322916667,Length Units,Stock,0.892857143
"9220 - Die Cut Part 3M 7953MP 3.445"" x 1.22""",1172,Q300-W2,0.322916667,Length Units,Stock,0.892857143
"9220 - Die Cut Part 3M 7953MP 3.445"" x 1.22""",1172,FRA 3502-W3,0.322916667,Length Units,Stock,0.892857143
"9220 - Die Cut Part 3M 7953MP 3.445"" x 1.22""",1172,HP260 - Tan-W1.89,0.322916667,Length Units,Stock,0.892857143
"9220 - Die Cut Part 3M 7953MP 3.445"" x 1.22""",1172,RE-18-W2.5,0.322916667,Length Units,Stock,0.892857143
"9220 - Die Cut Part 3M 7953MP 3.445"" x 1.22""",1172,54 lb. C1S S0-W3,0.322916667,Length Units,Stock,0.892857143
"9221 - Die Cut Part 3M 4052 0.827"" x 0.827""",1173,4052-W2,0.083333333,Length Units,Stock,0.769230769
"9221 - Die Cut Part 3M 4052 0.827"" x 0.827""",1173,54lb C2S SL1/SL4 Liner-W2.75,0.083333333,Length Units,Stock,0.769230769
"9222 - Slit Tape 3M 1280 0.292"" x 144Yd",1174,1280-W6,0.025411765,Length Units,Stock,0.869565217
"9223 - Slit Tape 2A04B 1.4"" x 1,000'",1175,2A04B-W10,0.166666667,Length Units,Stock,0.952380952
"9224 - Die Cut Part 3M 5952 0.14"" x 0.25""",1176,5952P-W1.25,0.020833333,Length Units,Stock,0.666666667
"9224 - Die Cut Part 3M 5952 0.14"" x 0.25""",1176,FRA 616-W2,0.020833333,Length Units,Stock,0.666666667
"9224 - Die Cut Part 3M 5952 0.14"" x 0.25""",1176,54 Lb C2S SL1/SL1-W1.75,0.020833333,Length Units,Stock,0.666666667
"9224 - Die Cut Part 3M 5952 0.14"" x 0.25""",1176,614URM-W2.25,0.020833333,Length Units,Stock,0.666666667
"9225 - Die Cut Part 3M 5952 0.44"" x 0.6""",1177,5952P-W1.25,0.052083333,Length Units,Stock,0.666666667
"9225 - Die Cut Part 3M 5952 0.44"" x 0.6""",1177,FRA 616-W2,0.052083333,Length Units,Stock,0.666666667
"9225 - Die Cut Part 3M 5952 0.44"" x 0.6""",1177,54 Lb C2S SL1/SL1-W1.75,0.052083333,Length Units,Stock,0.666666667
"9225 - Die Cut Part 3M 5952 0.44"" x 0.6""",1177,614URM-W2.25,0.052083333,Length Units,Stock,0.666666667
"9225 - Die Cut Part 3M 5952 0.44"" x 0.6""",1177,3051-W2,0.052083333,Length Units,Stock,0.666666667
"9226 - Die Cut Part 3M 401+ 2.03"" OD with tab",1178,401+-W5,0.09375,Length Units,Stock,0.909090909
"9226 - Die Cut Part 3M 401+ 2.03"" OD with tab",1178,78 lb. C1S BG40-W5.25,0.09375,Length Units,Stock,0.909090909
"9227 - Die Cut Part 3M 401+ 1.3"" OD with tab",1179,401+-W3,0.083333333,Length Units,Stock,0.909090909
"9227 - Die Cut Part 3M 401+ 1.3"" OD with tab",1179,78 lb. C1S BG40-W3.25,0.083333333,Length Units,Stock,0.909090909
"9228 - Die Cut Part 3M 401+ 1"" x 0.5"" with tab",1180,401+-W2.625,0.052083333,Length Units,Stock,0.909090909
"9228 - Die Cut Part 3M 401+ 1"" x 0.5"" with tab",1180,78 lb. C1S BG40-W2.75,0.052083333,Length Units,Stock,0.909090909
"9229 - Die Cut Part 3M 401+ 1"" x 2"" with tab",1181,401+-W5.5,0.020833333,Length Units,Stock,0.909090909
"9229 - Die Cut Part 3M 401+ 1"" x 2"" with tab",1181,78 lb. C1S BG40-W5.5,0.020833333,Length Units,Stock,0.909090909
"9230 - Butt Cut Part 1/16"" white foam 0.375"" x 0.375""",1182,6A White Volara/PSA-60-W60,0.000208333,Length Units,Stock,0.909090909
9231 - Die Cut Part VVM14 - Trial ,1183,Hydroblock P2000TR-W13.386,0.004166667,Length Units,Stock,0.666666667
9231 - Die Cut Part VVM14 - Trial ,1183,P77-W13.11,0.004166667,Length Units,Stock,0.666666667
9231 - Die Cut Part VVM14 - Trial ,1183,Aluminum Foil-W7.2835,0.008333333,Length Units,Stock,0.666666667
9231 - Die Cut Part VVM14 - Trial ,1183,Active Adhesive VVM14-W6.496,0.008333333,Length Units,Stock,0.666666667
9231 - Die Cut Part VVM14 - Trial ,1183,Coated Metalized-W6.6929,0.008333333,Length Units,Stock,0.666666667
"9232 - Slit Tape CSM FKM-04/9719 1"" x 20'",1184,9719XYZ-W14,0.002222222,Length Units,Stock,0.769230769
"9232 - Slit Tape CSM FKM-04/9719 1"" x 20'",1184,FKM-04-W10.1,0.002222222,Length Units,Stock,0.769230769
"9233 - Sheeted Part 3M 5906 0.223"" x 0.787""",1185,5906-W6,4.17E-06,Length Units,Stock,0.8
"9233 - Sheeted Part 3M 5906 0.223"" x 0.787""",1185,54lb C2S SL1/SL4 Liner-W6.25,4.17E-06,Length Units,Stock,0.8
"9234 - Sheeted Part 3M 5906 0.38"" x 1.161""",1186,5906-W6,8.33E-06,Length Units,Stock,0.8
"9234 - Sheeted Part 3M 5906 0.38"" x 1.161""",1186,54lb C2S SL1/SL4 Liner-W6.25,8.33E-06,Length Units,Stock,0.8
"9235 - Sheeted Part 3M 5906 0.998"" x 2.379""",1187,5906-W6,4.17E-05,Length Units,Stock,0.8
"9235 - Sheeted Part 3M 5906 0.998"" x 2.379""",1187,54lb C2S SL1/SL4 Liner-W6.25,4.17E-05,Length Units,Stock,0.8
"9236 - Sheeted Part 3M 5906 0.757"" x 2.142""",1188,5906-W6,2.74E-05,Length Units,Stock,0.8
"9236 - Sheeted Part 3M 5906 0.757"" x 2.142""",1188,54lb C2S SL1/SL4 Liner-W6.25,2.74E-05,Length Units,Stock,0.8
9237 - Die Cut Part 3M 4712 171.59mm x 56.36mm,1189,4712Y-W6,0.583333333,Length Units,Stock,0.952380952
9237 - Die Cut Part 3M 4712 171.59mm x 56.36mm,1189,1043-W1,0.583333333,Length Units,Stock,0.952380952
9237 - Die Cut Part 3M 4712 171.59mm x 56.36mm,1189,54 lb. C1S SL4 (S38)-W6.25,0.583333333,Length Units,Stock,0.952380952
9238 - Slit Tape CSM - 8926-02 Vari x 40m,1190,8926-02-W23,0.131,Length Units,Stock,1
"9239 - Fabricated Part CSM CHEMOURS TEFLON PFA 200LP 2Mil., perfed at 12.5"" 6"" x 500'",1191,D11510478-W6,1.041666667,Length Units,Stock,0.909090909
"9240 - Slit Tape Novacel 9275 3"" x 660' x 12"" Perf",1192,9275-W3,0.66,Length Units,Stock,1
"9241 - Sheeted Part Window Gasket 21.48"" x 12.32""",1193,9471LE-W12.5,0.001833333,Length Units,Stock,0.666666667
"9241 - Sheeted Part Window Gasket 21.48"" x 12.32""",1193,4701-30-20062-04-W12.75,0.001833333,"Each (Use for Boxes, Bags, Cores, Cases)",Stock,0.666666667
"9242 - Sheeted Part Neoprene gasket 0.25"" x 0.15""",1194,93375K607-W1,0.004305556,Length Units,Stock,0.833333333
"9243 - Slit Tape Berry 827 PE film tape 2"" x 6Yd",1195,1086781-W1.889,0.018,Length Units,Stock,0.99009901
"9244 - Slit material CS Membrane 4.5"" x 260'",1196,T9EXPPA200R600R-W6,0.26,Length Units,Stock,1
"9245 - Printed Tape MED 5707 5"" x 1,500'",1197,MED 5707-W10,0.75,Length Units,Stock,0.909090909
"9246 - Sheeted Part ST-2138 3.98"" x 2.6""",1198,5319-W35.4,0.00003125,Length Units,Stock,0.869565217
"9246 - Sheeted Part ST-2138 3.98"" x 2.6""",1198,54 lb. C1S S0-W40,0.00003125,Length Units,Stock,0.869565217
"9247 - Slit Material CS Membrane 4.5"" x 100'",1199,T9EXPPA0010W00M-W11,0.5,Length Units,Stock,1
"9248 - Die Cut Part Matte Silver/3M 5908 1.5"" x 0.75""",1200,23120-W2.75,0.067708333,Length Units,Stock,0.833333333
"9248 - Die Cut Part Matte Silver/3M 5908 1.5"" x 0.75""",1200,5908-W2.5,0.067708333,Length Units,Stock,0.833333333
"9248 - Die Cut Part Matte Silver/3M 5908 1.5"" x 0.75""",1200,55 lb. Tight C2S-W3,0.067708333,Length Units,Stock,0.833333333
"9249 - Slit Tape 3M 1280 0.655"" x 144Yd",1201,1280-W6,0.054,Length Units,Stock,0.952380952
"9250 - Fabricated Part Wire Shield 27"" x 1.8""",1202,FM01860N-W6,0.75,Length Units,Stock,0.833333333
"9250 - Fabricated Part Wire Shield 27"" x 1.8""",1202,1043-W6,0.75,Length Units,Stock,0.833333333
"9253 - Die Cut Part Hose Card, Standard CCT 3.75"" x 3.5""",1203,.024 pt Candesce 1CS Printed-W8,0.166666667,Length Units,Stock,0.99009901
"9253 - Die Cut Part Hose Card, Standard CCT 3.75"" x 3.5""",1203,Q300 - FRA 319-W8,0.166666667,Length Units,Stock,0.99009901
"9253 - Die Cut Part Hose Card, Standard CCT 3.75"" x 3.5""",1203,505E-W0.5,0.166666667,Length Units,Stock,0.99009901
"9253 - Die Cut Part Hose Card, Standard CCT 3.75"" x 3.5""",1203,505E-W0.5,0.166666667,Length Units,Stock,0.99009901
"9253 - Die Cut Part Hose Card, Standard CCT 3.75"" x 3.5""",1203,505E-W0.5,0.166666667,Length Units,Stock,0.99009901
"9253 - Die Cut Part Hose Card, Standard CCT 3.75"" x 3.5""",1203,505E-W0.5,0.166666667,Length Units,Stock,0.99009901
"9253 - Die Cut Part Hose Card, Standard CCT 3.75"" x 3.5""",1203,MD-1320-60NL-54-W7.71,0.166666667,Length Units,Stock,0.99009901
9254 - Sheeted Part 3M 300LSE 50mm x 23mm,1204,9472LE-W6,0.0000375,Length Units,Stock,0.666666667
9254 - Sheeted Part 3M 300LSE 50mm x 23mm,1204,54lb C2S SL1/SL4 Liner-W7,0.0000375,Length Units,Stock,0.666666667
"9257 - Slit Tape Internal Use UPVC 1.5"" x 1000Yd",1205,5905Tpvc-W5.905,0.75,Length Units,Stock,0.909090909
"9257 - Slit Tape Internal Use UPVC 1.5"" x 1000Yd",1205,5905Tpvc-W5.67,0.75,Length Units,Stock,0.909090909
9258 - Slit Tape 3M 9793R 27.6mm x 262m,1206,9793R-W6,0.171916667,Length Units,Stock,0.909090909
"9259 - Die Cut Part 3M 9472 1.5"" Dia",1207,9472-W5.25,6.77E-05,Length Units,Stock,0.666666667
"9259 - Die Cut Part 3M 9472 1.5"" Dia",1207,Q100 (FRA-3307)-W2.75,0.000135417,Length Units,Stock,0.666666667
"9260 - Sheeted Part Full Coverage 4.25"" x 5.25""",1208,1521-W5.25,0.354166667,Length Units,Stock,0.987166831
"9261 - Sheeted Label Discrepancy marking - White 20"" x 13""",1209,7901-W13,0.416666667,Length Units,Stock,0.869565217
"9262 - Sheeted Part 3M 9795R 3.07"" x 4.527""",1210,9795R-W4,0.000395833,Length Units,Stock,0.666666667
"9263 - Slit Rolls CSM/A802 PSA 0.5"" x 500'",1211,A802-W23.75,0.0125,Length Units,Stock,0.8
"9263 - Slit Rolls CSM/A802 PSA 0.5"" x 500'",1211,"CSM-fiber tape 27"" outside dims 25"" with 25"" of material-W27",0.0125,Length Units,Stock,0.8
"9264 - Slit material CSM - Vivid GR 4.5"" x 100'",1212,T9PA200W900R-W9,0.05,Length Units,Stock,1
"9264 - Slit material CSM - Vivid GR 4.5"" x 100'",1212,Q100 (FRA-3307)-W10,0.05,Length Units,Stock,1
9265 - Slit Tape 3M 1194 5mm x 55m,1213,1194-W23,0.001565217,Length Units,Stock,0.925925926
"9266 - Die Cut Part Hose Card, Narrow, MNL 4"" x 3.25""",1214,.024 pt Candesce 1CS Printed-W8,0.171875,Length Units,Stock,0.909090909
"9266 - Die Cut Part Hose Card, Narrow, MNL 4"" x 3.25""",1214,505E-W0.5,0.171875,Length Units,Stock,0.909090909
"9266 - Die Cut Part Hose Card, Narrow, MNL 4"" x 3.25""",1214,505E-W0.5,0.171875,Length Units,Stock,0.909090909
"9266 - Die Cut Part Hose Card, Narrow, MNL 4"" x 3.25""",1214,505E-W0.5,0.171875,Length Units,Stock,0.909090909
"9266 - Die Cut Part Hose Card, Narrow, MNL 4"" x 3.25""",1214,505E-W0.5,0.171875,Length Units,Stock,0.909090909
"9266 - Die Cut Part Hose Card, Narrow, MNL 4"" x 3.25""",1214,MD-1320-61-54-W7.71,0.171875,Length Units,Stock,0.909090909
"9267 - Slit Tape 3M 2090 16"" x 60Yd",1215,2090-4FT-60YD-W48,0.06,Length Units,Stock,0.952380952
"9268 - Printed Label Blue label with white text 3"" x 5""",1216,PJ9502-W6,0.000260417,Length Units,Stock,0.666666667
"9269 - Slit Tape ""See work order for material"" 1"" x 36Yd",1217,RP45-W3,0.036,Length Units,Stock,0.952380952
"9269 - Slit Tape ""See work order for material"" 1"" x 36Yd",1217,GPH-110GF-W2.625,0.054,Length Units,Stock,0.952380952
"9269 - Slit Tape ""See work order for material"" 1"" x 36Yd",1217,GPH-110GF-W2.5,0.054,Length Units,Stock,0.952380952
"9269 - Slit Tape ""See work order for material"" 1"" x 36Yd",1217,4611-W13,0.009,Length Units,Stock,0.952380952
"9271 - Slit Tape 3M 9874 6"" x 200Yd",1218,9874-W20,0.2,Length Units,Stock,0.952380952
9272 - Slit Tape Sekisui 500WC Red 38mm x 50m,1219,500-W52.36,0.004823529,Length Units,Stock,0.952380952
"9273 - Die Cut Part Medium Gel Disc 1.34"" Dia",1220,AG625-W8.7,0.041666667,Length Units,Stock,0.869565217
"9273 - Die Cut Part Medium Gel Disc 1.34"" Dia",1220,Q100 (FRA-3307)-W8.75,0.041666667,Length Units,Stock,0.869565217
"9273 - Die Cut Part Medium Gel Disc 1.34"" Dia",1220,Q100 (FRA-3307)-W8.75,0.041666667,Length Units,Stock,0.869565217
"9273 - Die Cut Part Medium Gel Disc 1.34"" Dia",1220,500Tpvc-W0.5,0.041666667,Length Units,Stock,0.869565217
"9273 - Die Cut Part Medium Gel Disc 1.34"" Dia",1220,500Tpvc-W0.5,0.041666667,Length Units,Stock,0.869565217
"9273 - Die Cut Part Medium Gel Disc 1.34"" Dia",1220,500Tpvc-W0.5,0.041666667,Length Units,Stock,0.869565217
"9273 - Die Cut Part Medium Gel Disc 1.34"" Dia",1220,500Tpvc-W0.5,0.041666667,Length Units,Stock,0.869565217
"9274 - Sheeted Part Roscolux 94 Green, 4b_button_gel 1.62"" x 0.84""",1221,Roscolux 94-W20,9.17E-06,"Each (Use for Boxes, Bags, Cores, Cases)",Stock,0.666666667
"9274 - Sheeted Part Roscolux 94 Green, 4b_button_gel 1.62"" x 0.84""",1221,467MP-W6.125,6.49E-06,Length Units,Stock,0.666666667
"9275 - Sheeted Part Roscolux 26 Red 1.43"" x 0.59""",1222,Roscolux 26-W20,6.71E-06,"Each (Use for Boxes, Bags, Cores, Cases)",Stock,0.666666667
"9275 - Sheeted Part Roscolux 26 Red 1.43"" x 0.59""",1222,467MP-W6.125,5.87E-06,Length Units,Stock,0.666666667
"9276 - Sheeted Part d/c foam strips 1"" x 5.75""",1223,Armasport MC Natural-W56,0.009259259,Length Units,Stock,0.952380952
"9276 - Sheeted Part d/c foam strips 1"" x 5.75""",1223,1524-W6,0.083333333,Length Units,Stock,0.952380952
"9276 - Sheeted Part d/c foam strips 1"" x 5.75""",1223,1524-W6,0.083333333,Length Units,Stock,0.952380952
"9277 - Sheeted Part EPDM/3M L3+T5 4.5"" x 2.95""",1224,"1/8"" EPDM-W36",4.63E-05,Length Units,Stock,0.666666667
"9277 - Sheeted Part EPDM/3M L3+T5 4.5"" x 2.95""",1224,L3+T5-W4,0.000416667,"Each (Use for Boxes, Bags, Cores, Cases)",Stock,0.666666667
"9278 - Die Cut Label White Thermal Transfer 6"" x 4""",1225,540920178-W9,0.255208333,Length Units,Stock,0.952380952
9279 - Fabricated Roll Custom lamination 280mm x 50m,1226,9425HT-W11.625,0.15,Length Units,Stock,0.862068966
9279 - Fabricated Roll Custom lamination 280mm x 50m,1226,LDPE-W12,0.15,Length Units,Stock,0.862068966
9279 - Fabricated Roll Custom lamination 280mm x 50m,1226,9824-W11.625,0.15,Length Units,Stock,0.862068966
9279 - Fabricated Roll Custom lamination 280mm x 50m,1226,Q300-W12.5,0.15,Length Units,Stock,0.862068966
9279 - Fabricated Roll Custom lamination 280mm x 50m,1226,468MP-W12,0.15,Length Units,Stock,0.862068966
"9280 - Slit Tape 3M RP45 12"" x 60'",1227,RP45-W12,0.06,Length Units,Stock,0.952380952
"9281 - Die Cut Part Acrylic Adh. Hook 7.357"" x 0.727""",1228,191231-W2,0.000635417,Length Units,Stock,0.869565217
"9281 - Die Cut Part Acrylic Adh. Hook 7.357"" x 0.727""",1228,FRA 312 (Q200)-W2.5,0.000635417,Length Units,Stock,0.869565217
"9282 - Die Cut Part Acrylic Adh. Hook 2.9"" x 1.7""",1229,191231-W2,0.000270833,Length Units,Stock,0.869565217
"9282 - Die Cut Part Acrylic Adh. Hook 2.9"" x 1.7""",1229,FRA 312 (Q200)-W2.5,0.000270833,Length Units,Stock,0.869565217
"9283 - Die Cut Part Acrylic Adh. Hook 3.5"" x 1.7""",1230,191231-W2,0.0003125,Length Units,Stock,0.869565217
"9283 - Die Cut Part Acrylic Adh. Hook 3.5"" x 1.7""",1230,FRA 312 (Q200)-W2.5,0.0003125,Length Units,Stock,0.869565217
"9284 - Die Cut Part Acrylic Adh. Hook 4.79"" x 1.7""",1231,191231-W2,0.000416667,Length Units,Stock,0.869565217
"9284 - Die Cut Part Acrylic Adh. Hook 4.79"" x 1.7""",1231,FRA 312 (Q200)-W2.5,0.000416667,Length Units,Stock,0.869565217
"9285 - Laminated material CSM/9458 10"" x 100'",1232,CSM - PVDF 3 mil thick-W19,0.1,Length Units,Stock,1
"9285 - Laminated material CSM/9458 10"" x 100'",1232,9458-W16,0.1,Length Units,Stock,0.833333333
"9286 - Lamination 3M CSM Kapton/UCT-10 4"" wide",1233,UCT10-W4,1,Length Units,Stock,0.666666667
"9286 - Lamination 3M CSM Kapton/UCT-10 4"" wide",1233,Kapton - 200HN-W4,1,Length Units,Stock,0.666666667
"9287 - Laminated material 3M 9458/54# liner 10"" x 108'",1234,9458-W16,0.108,Length Units,Stock,1
"9287 - Laminated material 3M 9458/54# liner 10"" x 108'",1234,54 lb. C1S S0-W10.5,0.108,Length Units,Stock,1
"9289 - Slit Tape UHMW-PE 1.25"" x 500'",1235,SP000005012500-TBD-W1.25,0.5,Length Units,Stock,1
"9290 - Slit Tape 3M 1280 0.660"" x 144Yd",1236,1280-W6,0.054,Length Units,Stock,0.952380952
"9291 - Die Cut Part Hose Card, Standard/Hose Card 3.75"" x 3.5""",1237,.024 pt Candesce 1CS Printed-W8,0.166666667,Length Units,Stock,0.909090909
"9291 - Die Cut Part Hose Card, Standard/Hose Card 3.75"" x 3.5""",1237,BH Tape (A135)-W7.75,0.166666667,Length Units,Stock,0.909090909
"9291 - Die Cut Part Hose Card, Standard/Hose Card 3.75"" x 3.5""",1237,505E-W0.5,0.166666667,Length Units,Stock,0.909090909
"9291 - Die Cut Part Hose Card, Standard/Hose Card 3.75"" x 3.5""",1237,505E-W0.5,0.166666667,Length Units,Stock,0.943396226
"9291 - Die Cut Part Hose Card, Standard/Hose Card 3.75"" x 3.5""",1237,505E-W0.5,0.166666667,Length Units,Stock,0.943396226
"9291 - Die Cut Part Hose Card, Standard/Hose Card 3.75"" x 3.5""",1237,505E-W0.5,0.166666667,Length Units,Stock,0.943396226
"9291 - Die Cut Part Hose Card, Standard/Hose Card 3.75"" x 3.5""",1237,Q300 - FRA 319-W8,0.166666667,Length Units,Stock,0.943396226
"9292 - Sheeted Part 3M SJ3551CF Dual Lock, mated 4"" x 1""",1238,SJ3551CF-W1,0.000333333,Length Units,Stock,0.740740741
"9292 - Sheeted Part 3M SJ3551CF Dual Lock, mated 4"" x 1""",1238,SJ3551CF-W1,0.000333333,Length Units,Stock,0.740740741
"9293 - Slit Tape 3M 4646 1.25"" x 5Yd",1239,4646-W1.25,0.015,Length Units,Stock,0.966183575
"9294 - Slit Tape 3M 4646 2.25"" x 5Yd",1240,4646-W2.25,0.015,Length Units,Stock,0.966183575
"9295 - Die Cut Part Membrane Sticker - 14um Pore size 1.134"" x 1.384""",1241,8212-W4,0.125,Length Units,Stock,0.877192982
"9295 - Die Cut Part Membrane Sticker - 14um Pore size 1.134"" x 1.384""",1241,14.0 micron PCTE-W1.25,0.125,Length Units,Stock,0.877192982
"9295 - Die Cut Part Membrane Sticker - 14um Pore size 1.134"" x 1.384""",1241,FRA 354-W2,0.125,Length Units,Stock,0.877192982
"9295 - Die Cut Part Membrane Sticker - 14um Pore size 1.134"" x 1.384""",1241,RE-18-W2,0.125,Length Units,Stock,0.877192982
"9295 - Die Cut Part Membrane Sticker - 14um Pore size 1.134"" x 1.384""",1241,125tpvc-W0.125,0.125,Length Units,Stock,0.877192982
"9295 - Die Cut Part Membrane Sticker - 14um Pore size 1.134"" x 1.384""",1241,125tpvc-W0.125,0.125,Length Units,Stock,0.877192982
"9295 - Die Cut Part Membrane Sticker - 14um Pore size 1.134"" x 1.384""",1241,35Tpvc-W3.5,0.125,Length Units,Stock,0.877192982
"9295 - Die Cut Part Membrane Sticker - 14um Pore size 1.134"" x 1.384""",1241,1043-W3,0.125,Length Units,Stock,0.877192982
"9295 - Die Cut Part Membrane Sticker - 14um Pore size 1.134"" x 1.384""",1241,FRA 312 (Q200)-W3,0.125,Length Units,Stock,0.877192982
"9295 - Die Cut Part Membrane Sticker - 14um Pore size 1.134"" x 1.384""",1241,8993LC-W2,0.125,Length Units,Stock,0.877192982
"9295 - Die Cut Part Membrane Sticker - 14um Pore size 1.134"" x 1.384""",1241,614URM-W2,0.125,Length Units,Stock,0.877192982
"9295 - Die Cut Part Membrane Sticker - 14um Pore size 1.134"" x 1.384""",1241,250DkBlupvc-W0.25,0.125,Length Units,Stock,0.877192982
"9296 - Sheeted Part Multi 3ML Veterinary Membrane sticker, 14 Micron 1.691"" x 1.691""",1242,14.0 micron PCTE-W1.75,0.166666667,Length Units,Stock,0.666666667
"9296 - Sheeted Part Multi 3ML Veterinary Membrane sticker, 14 Micron 1.691"" x 1.691""",1242,FRA 354-W2.5,0.166666667,Length Units,Stock,0.666666667
"9296 - Sheeted Part Multi 3ML Veterinary Membrane sticker, 14 Micron 1.691"" x 1.691""",1242,8993LC-W2.5,0.166666667,Length Units,Stock,0.666666667
"9296 - Sheeted Part Multi 3ML Veterinary Membrane sticker, 14 Micron 1.691"" x 1.691""",1242,RE-18-W2.5,0.166666667,Length Units,Stock,0.666666667
"9296 - Sheeted Part Multi 3ML Veterinary Membrane sticker, 14 Micron 1.691"" x 1.691""",1242,125tpvc-W0.125,0.166666667,Length Units,Stock,0.666666667
"9296 - Sheeted Part Multi 3ML Veterinary Membrane sticker, 14 Micron 1.691"" x 1.691""",1242,125tpvc-W0.125,0.166666667,Length Units,Stock,0.666666667
"9296 - Sheeted Part Multi 3ML Veterinary Membrane sticker, 14 Micron 1.691"" x 1.691""",1242,35Tpvc-W3.5,0.166666667,Length Units,Stock,0.666666667
"9296 - Sheeted Part Multi 3ML Veterinary Membrane sticker, 14 Micron 1.691"" x 1.691""",1242,1043-W3.5,0.166666667,Length Units,Stock,0.666666667
"9296 - Sheeted Part Multi 3ML Veterinary Membrane sticker, 14 Micron 1.691"" x 1.691""",1242,FRA 312 (Q200)-W3,0.166666667,Length Units,Stock,0.666666667
"9296 - Sheeted Part Multi 3ML Veterinary Membrane sticker, 14 Micron 1.691"" x 1.691""",1242,614URM-W2.5,0.166666667,Length Units,Stock,0.666666667
"9296 - Sheeted Part Multi 3ML Veterinary Membrane sticker, 14 Micron 1.691"" x 1.691""",1242,8212-W5,0.166666667,Length Units,Stock,0.666666667
"9296 - Sheeted Part Multi 3ML Veterinary Membrane sticker, 14 Micron 1.691"" x 1.691""",1242,250DkBlupvc-W0.25,0.166666667,Length Units,Stock,0.666666667
9297 - Rewinding CSM Film 118mm wide,1243,CSM Print-W4.646,3.25,Length Units,Stock,1
"9298 - Sheeted Part Foil lidding film 0.690"" Dia",1244,TDS P0321-W2.375,2.83E-05,Length Units,Stock,0.8
"9298 - Sheeted Part Foil lidding film 0.690"" Dia",1244,614URM-W3 - CatID-23041,2.83E-05,Length Units,Stock,0.8
9299 - Die Cut Part 3M 5952 5mm x 32mm,1245,5952P-W2.25,0.03125,Length Units,Stock,0.8
9299 - Die Cut Part 3M 5952 5mm x 32mm,1245,78 lb. C1S S45(BG40)-W2.5,0.03125,Length Units,Stock,0.8
9299 - Die Cut Part 3M 5952 5mm x 32mm,1245,54 lb. C1S S0(BG0)-W2,0.03125,Length Units,Stock,0.8
"9300 - Die Cut Label Motor cover label, Black 11.625"" x 1.5""",1246,7600-W4,0.5,Length Units,Stock,0.892857143
"9300 - Die Cut Label Motor cover label, Black 11.625"" x 1.5""",1246,7731FL-W4,0.5,Length Units,Stock,0.892857143
9301 - Sheeted Part Adh. ISP 80mm x 105.5mm,1247,54 lb. C1S S0-W9.5,0.145833333,Length Units,Stock,0.8
9301 - Sheeted Part Adh. ISP 80mm x 105.5mm,1247,1509-W9,0.145833333,Length Units,Stock,0.8
9301 - Sheeted Part Adh. ISP 80mm x 105.5mm,1247,2476P-W9.5,0.145833333,Length Units,Stock,0.8
9301 - Sheeted Part Adh. ISP 80mm x 105.5mm,1247,2 mil Clear PET-W2.5,0.145833333,Length Units,Stock,0.8
9301 - Sheeted Part Adh. ISP 80mm x 105.5mm,1247,FRA 310-W10,0.145833333,Length Units,Stock,0.8
"9302 - Sheeted Part Extraction Tube seal 0.64"" x 0.438""",1248,CPL-200-W3.937,0.008928571,Length Units,Stock,0.8
"9302 - Sheeted Part Extraction Tube seal 0.64"" x 0.438""",1248,RE-18-W5.5,0.008928571,Length Units,Stock,0.8
"9303 - Sheeted Part Tesa 75507 9.25"" x 1.75""",1249,75507-60000-00-W6,0.263888889,Length Units,Stock,0.952380952
"9303 - Sheeted Part Tesa 75507 9.25"" x 1.75""",1249,"53 Lb. C2S BG0/BG0 Channeled Resources, Inc-W6.75",0.263888889,Length Units,Stock,0.952380952
"9304 - Slit Tape 3M 3903 White 1/2"" x 50Yd",1250,3903-W49,0.001578947,Length Units,Stock,0.909090909
"9305 - Slit Tape 3M RP16 0.25"" x 36Yd",1251,RP16-W6.25,0.0045,Length Units,Stock,0.909090909
9307 - Die Cut Part Aperture Release Sheet 33mm x 200mm,1253,PFA Film-W8.5,0.125,Length Units,Stock,0.909090909
9307 - Die Cut Part Aperture Release Sheet 33mm x 200mm,1253,614URM-W9,0.125,Length Units,Stock,0.909090909
"9308 - Slit Tape 3M 4229P - CSM 0.25"" x 262'",1254,4229P-W4.5,0.015441176,Length Units,Stock,1
"9309 - Slit Tape 3M 2392 2"" x 60Yd",1255,2392-W62.2047,0.006,Length Units,Stock,0.892857143
9310 - Slit Tape 3M 9828 Various x 240Yd,1256,9828-W54,0.72,Length Units,Stock,1
"9314 - Printed Label Grey with black print 2"" x 2""",1260,7331 / 7860-W6,0.088541667,Length Units,Stock,0.684931507
"9314 - Printed Label Grey with black print 2"" x 2""",1260,5908-W5,0.088541667,Length Units,Stock,0.680272109
"9315 - Die Cut Part Foam gasket - Battery door 3.45"" x 4.2""",1261,SCE41B-W42,0.037760417,Length Units,Stock,0.862068966
"9315 - Die Cut Part Foam gasket - Battery door 3.45"" x 4.2""",1261,9828-W5,0.302083333,Length Units,Stock,0.862068966
"9316 - Die Cut Part Foam gasket - Case bottom 6.5"" x 7.1""",1262,SCE41B-W42,0.1125,Length Units,Stock,0.8
"9316 - Die Cut Part Foam gasket - Case bottom 6.5"" x 7.1""",1262,9828-W7.5,0.5625,Length Units,Stock,0.8
"9316 - Die Cut Part Foam gasket - Case bottom 6.5"" x 7.1""",1262,1875Tpvc-W0.1875,0.5625,Length Units,Stock,0.8
"9316 - Die Cut Part Foam gasket - Case bottom 6.5"" x 7.1""",1262,1875Tpvc-W0.1875,0.5625,Length Units,Stock,0.8
"9319 - Sheeted Part Device Adh. 17"" x 10.35""",1263,Q300-W9.85,1.416666667,Length Units,Stock,0.909090909
"9319 - Sheeted Part Device Adh. 17"" x 10.35""",1263,1524-W9.25 - CatID-23528,1.416666667,Length Units,Stock,0.909090909
"9319 - Sheeted Part Device Adh. 17"" x 10.35""",1263,2123R-W9.25,1.416666667,Length Units,Stock,0.909090909
"9319 - Sheeted Part Device Adh. 17"" x 10.35""",1263,Q100 (FRA-3307)-W10.375,1.416666667,Length Units,Stock,0.909090909
"9319 - Sheeted Part Device Adh. 17"" x 10.35""",1263,Q100 (FRA-3307)-W10.375,1.416666667,Length Units,Stock,0.909090909
"9319 - Sheeted Part Device Adh. 17"" x 10.35""",1263,500Tpvc-W0.5,8.5,Length Units,Stock,0.909090909
"9319 - Sheeted Part Device Adh. 17"" x 10.35""",1263,750Tpvc-W0.75,2.833333333,Length Units,Stock,0.909090909
"9320 - Sheeted Part Liner Adh. 17.38"" x 11.25""",1264,UC-HPRP3BY-W19.69,1.447916667,Length Units,Stock,0.909090909
"9320 - Sheeted Part Liner Adh. 17.38"" x 11.25""",1264,1524-W11.25,1.447916667,Length Units,Stock,0.909090909
"9320 - Sheeted Part Liner Adh. 17.38"" x 11.25""",1264,Q200-W12,1.447916667,Length Units,Stock,0.909090909
"9321 - Sheeted Part Circuit Adh. 17"" x 10.5""",1265,Q300-W11.5,1.416666667,Length Units,Stock,0.925925926
"9321 - Sheeted Part Circuit Adh. 17"" x 10.5""",1265,Q100 (FRA-3307)-W11,1.416666667,Length Units,Stock,0.925925926
"9321 - Sheeted Part Circuit Adh. 17"" x 10.5""",1265,9874-W10.5,1.416666667,Length Units,Stock,0.925925926
"9322 - Slit Tape A462DC 27"" x 36Yd",1266,A462DC-W27,0.108,Length Units,Stock,0.99009901
"9323 - Slit Tape 3M 4412N 3"" x 15'",1267,4412N-W3,0.015,Length Units,Stock,0.769230769
"9324 - Slit Tape 3M Dirt Trap 4"" x 300'",1268,37853-W56,0.021428571,Length Units,Stock,0.99009901
"9325 - Slit Tape 3M Dirt Trap 18"" x 300'",1269,37853-W56,0.1,Length Units,Stock,0.99009901
"9326 - Slit Tape 3M 8412 0.5"" x 72Yd",1270,8412-W48,0.002347826,Length Units,Stock,0.99009901
"9327 - Sheeted Part mBrace Hydrocolloid pads 2.723"" x 2.348""",1271,130140-W8,0.083333333,Length Units,Stock,0.8
"9327 - Sheeted Part mBrace Hydrocolloid pads 2.723"" x 2.348""",1271,54 lb. C1S S0-W8,0.083333333,Length Units,Stock,0.8
"9328 - Sheeted Part Foam Border, S180 74mm x 184mm",1272,SEV Vizion Natural-W8,0.000236667,Length Units,Stock,0.909090909
"9328 - Sheeted Part Foam Border, S180 74mm x 184mm",1272,1509-W7.75,0.000236667,Length Units,Stock,0.909090909
"9329 - Sheeted Part Foam Border, T260 80.5mm x 202mm",1273,SEV Vizion Natural-W11,0.0004375,Length Units,Stock,0.909090909
"9329 - Sheeted Part Foam Border, T260 80.5mm x 202mm",1273,1509-W10.75,0.0004375,Length Units,Stock,0.909090909
"9330 - Slit Liner 54# C2S Medium release 0.375"" x 250Yd",1274,54lb C2S SL1/SL4 Liner-W4,0.083333333,Length Units,Stock,0.909090909
"9331 - Die Cut Part 6.125"" x 4"" Printed Cover Label for Advantage Standard, 101-10 Violet 6.125"" x 4""",1275,75312-W9,0.260416667,Length Units,Stock,0.909090909
"9332 - Die Cut Part 6.125"" x 4"" Printed Cover Label for Advantage Petite, 2467 Brown 6.125"" x 4""",1276,75312-W9,0.260416667,Length Units,Stock,0.909090909
"9333 - Die Cut Part 6.125"" x 4"" Printed Cover Label for Advantage Plus, Cool Gray 6 6.125"" x 4""",1277,75312-W9,0.260416667,Length Units,Stock,0.909090909
9334 - Die Cut Part ChemFilm Release 33mm x 200mm,1278,"10356M, DF100 2mil-W8.25",0.125,Length Units,Stock,0.909090909
9334 - Die Cut Part ChemFilm Release 33mm x 200mm,1278,614URM-W9,0.125,Length Units,Stock,0.909090909
"9335 - Sheeted Part #161 Trim Strips 11.5"" x 3.56""",1279,10 pt.-W6,0.958333333,Length Units,Stock,0.909090909
"9336 - Sheeted Part #183 Trim Strips 11.5"" x 4.44""",1280,10 pt.-W6,0.958333333,Length Units,Stock,0.909090909
"9337 - Die Cut Part Backing, Adh. Foam, SideLok 1.267"" x 0.625""",1281,TM4230-W60,0.00297619,Length Units,Stock,0.8
"9337 - Die Cut Part Backing, Adh. Foam, SideLok 1.267"" x 0.625""",1281,54 lb. C1S S0-W3.25,0.0625,Length Units,Stock,0.8
"9337 - Die Cut Part Backing, Adh. Foam, SideLok 1.267"" x 0.625""",1281,375Tpvc-W0.375,0.0625,Length Units,Stock,0.8
"9337 - Die Cut Part Backing, Adh. Foam, SideLok 1.267"" x 0.625""",1281,375Tpvc-W0.375,0.0625,Length Units,Stock,0.8
"9337 - Die Cut Part Backing, Adh. Foam, SideLok 1.267"" x 0.625""",1281,FRA 367-W3,0.0625,Length Units,Stock,0.8
"9339 - Female Carrier Strip Light Blue Dual Cap - Brick pack 1.11"" x 10.75""",1282,HDPE 10 mil Natural-W11.625,0.0925,Length Units,Stock,0.833333333
"9339 - Female Carrier Strip Light Blue Dual Cap - Brick pack 1.11"" x 10.75""",1282,RE-18 2 mil-W11.63,0.0925,Length Units,Stock,0.833333333
"9339 - Female Carrier Strip Light Blue Dual Cap - Brick pack 1.11"" x 10.75""",1282,12.125 x 11-W13,0.083333333,"Each (Use for Boxes, Bags, Cores, Cases)",Stock,1
"9340 - Male Carrier Strip Dark Blue Dual Cap - Brick pack 1.11"" x 7.00""",1283,HDPE 12 mil Natural-W7.875,0.0925,Length Units,Stock,0.833333333
"9340 - Male Carrier Strip Dark Blue Dual Cap - Brick pack 1.11"" x 7.00""",1283,RE-18 2 mil-W7.25,0.0925,Length Units,Stock,0.833333333
"9340 - Male Carrier Strip Dark Blue Dual Cap - Brick pack 1.11"" x 7.00""",1283,12.125 x 7.25-W7.25,0.083333333,"Each (Use for Boxes, Bags, Cores, Cases)",Stock,1
9341 - Fabricated Roll Custom lamination 280mm x 50m,1284,9425HT-W11.625,0.15,Length Units,Stock,0.862068966
9341 - Fabricated Roll Custom lamination 280mm x 50m,1284,9824-W11.625,0.15,Length Units,Stock,0.862068966
9341 - Fabricated Roll Custom lamination 280mm x 50m,1284,Q300-W12.5,0.15,Length Units,Stock,0.862068966
9341 - Fabricated Roll Custom lamination 280mm x 50m,1284,468MP-W12,0.15,Length Units,Stock,0.862068966
9342 - Die Cut Label CSM - PET/PSA 306 4.9mm x 59.37mm,1285,21942-DEV-W6,0.01125,Length Units,Stock,0.909090909
"9343 - Die Cut Part 3M 9828 3.16"" x 1.83""",1286,9828-W5.4,0.13888875,Length Units,Stock,0.8
"9343 - Die Cut Part 3M 9828 3.16"" x 1.83""",1286,53 Lb. C2S BG0/BG0-W5.5,0.1388875,Length Units,Stock,0.8
"9343 - Die Cut Part 3M 9828 3.16"" x 1.83""",1286,54 lb. C1S S0-W5.5,0.1388875,Length Units,Stock,0.8
"9343 - Die Cut Part 3M 9828 3.16"" x 1.83""",1286,500Tpvc-W0.5,0.138875,Length Units,Stock,0.8
"9343 - Die Cut Part 3M 9828 3.16"" x 1.83""",1286,614URM-W6,0.138875,Length Units,Stock,0.8
"9343 - Die Cut Part 3M 9828 3.16"" x 1.83""",1286,78 lb. C1S BG40-W5.5,0.1388875,Length Units,Stock,0.038461538
9344 - Sheeted Part Phone accessory 6.15cm x 7.8cm,1287,S2822-W3.5,0.00021875,Length Units,Stock,0.8
9344 - Sheeted Part Phone accessory 6.15cm x 7.8cm,1287,FBA8218GL-W3.75,0.00021875,Length Units,Stock,0.8
9344 - Sheeted Part Phone accessory 6.15cm x 7.8cm,1287,5053-W6,0.00021875,Length Units,Stock,0.8
"9345 - Sheeted Part 1/8"" Neoprene w/ Adh. 8"" x 0.5""",1288,Dualplex Neoprene Sponge-W12,0.031818182,"Each (Use for Boxes, Bags, Cores, Cases)",Stock,0.925925926
"9345 - Sheeted Part 1/8"" Neoprene w/ Adh. 8"" x 0.5""",1288,9828-W12,0.031818182,Length Units,Stock,0.925925926
"9346 - Assembly 96 Well assembly 2.92"" x 4.41""",1289,9495LE-W5.4,0.260416667,Length Units,Stock,0.724637681
"9346 - Assembly 96 Well assembly 2.92"" x 4.41""",1289,Q100 (FRA-3307)-W6,0.260416667,Length Units,Stock,0.724637681
"9346 - Assembly 96 Well assembly 2.92"" x 4.41""",1289,2 mil T50-W6.25,0.260416667,Length Units,Stock,0.724637681
"9346 - Assembly 96 Well assembly 2.92"" x 4.41""",1289,96 Tray-W4,0.083333333,"Each (Use for Boxes, Bags, Cores, Cases)",Stock,1
"9347 - Assembly 384 Well assembly 2.92"" x 4.41""",1290,9495LE-W5.4,0.260416667,Length Units,Stock,0.724637681
"9347 - Assembly 384 Well assembly 2.92"" x 4.41""",1290,Q100 (FRA-3307)-W6,0.260416667,Length Units,Stock,0.724637681
"9347 - Assembly 384 Well assembly 2.92"" x 4.41""",1290,2 mil T50-W6.25,0.260416667,Length Units,Stock,0.724637681
"9347 - Assembly 384 Well assembly 2.92"" x 4.41""",1290,384 Tray-W4,0.083333333,"Each (Use for Boxes, Bags, Cores, Cases)",Stock,1
9348 - Die Cut Part Angled Mobility Mount 305mm x 25.4mm,1291,LS-2012-W54,0.020833333,Length Units,Stock,0.8
9348 - Die Cut Part Angled Mobility Mount 305mm x 25.4mm,1291,9495LE-W9,0.125,Length Units,Stock,0.8
"9349 - Slit Tape IPG RA 6 6"" x 60Yd",1292,RA6-W57,0.02,Length Units,Stock,0.99009901
9350 - Slit Tape CSM - DNP D-EL408PH 100mm x 100m,1293,DNP D-EL408PH(3)-W7.874,0.328083333,Length Units,Stock,1
9351 - Butt Cut Part Adh. mounting tape 37mm x 48mm with 3mm tab,1294,AVX-Silver-W4,0.121625,Length Units,Stock,0.909090909
9351 - Butt Cut Part Adh. mounting tape 37mm x 48mm with 3mm tab,1294,W10002-W4.25,0.121625,Length Units,Stock,0.909090909
"9352 - Sheeted Part 3M 93020LE 6"" x 3.5""",1295,93020LE-W4.8125,0.000541667,Length Units,Stock,0.666666667
"9352 - Sheeted Part 3M 93020LE 6"" x 3.5""",1295,54 lb. C1S S0(BG0)-W5,0.000541667,Length Units,Stock,0.666666667
"9353 - Die Cut Part Hose Card, Standard/Hose Card 3.75"" x 3.5""",1296,24SBS08X4700-W8,0.166666667,Length Units,Stock,0.934579439
"9353 - Die Cut Part Hose Card, Standard/Hose Card 3.75"" x 3.5""",1296,BH Tape (A135)-W7.75,0.166666667,Length Units,Stock,0.934579439
"9353 - Die Cut Part Hose Card, Standard/Hose Card 3.75"" x 3.5""",1296,505E-W0.5,0.166666667,Length Units,Stock,0.934579439
"9353 - Die Cut Part Hose Card, Standard/Hose Card 3.75"" x 3.5""",1296,505E-W0.5,0.166666667,Length Units,Stock,0.934579439
"9353 - Die Cut Part Hose Card, Standard/Hose Card 3.75"" x 3.5""",1296,505E-W0.5,0.166666667,Length Units,Stock,0.934579439
"9353 - Die Cut Part Hose Card, Standard/Hose Card 3.75"" x 3.5""",1296,Q300 - FRA 319-W8,0.166666667,Length Units,Stock,0.934579439
9354 - Die Cut Part Protective Foil 193.6mm x 169mm,1297,1519CW-W7.5,0.645833333,Length Units,Stock,0.8
9355 - Butt Cut Part Protective Foil 152mm x 75mm,1298,1519CW-W7.5,0.25,Length Units,Stock,0.8
9357 - Sheeted Part EPE - Slotted 40mm x 40mm,1300,Black EPE-W39.37,0.00546875,Length Units,Stock,0.769230769
9357 - Sheeted Part EPE - Slotted 40mm x 40mm,1300,Clear EPE-W39.37,0.00546875,Length Units,Stock,0.769230769
9357 - Sheeted Part EPE - Slotted 40mm x 40mm,1300,White EPE-W39.37,0.00546875,Length Units,Stock,0.769230769
9357 - Sheeted Part EPE - Slotted 40mm x 40mm,1300,HP 460-W11.338,0.021875,Length Units,Stock,0.769230769
"9358 - Slit Tape 3M 63 0.625"" x 36Yd",1301,63-W14,0.0054,Length Units,Stock,0.909090909
9360 - Die Cut Part Preform - Chip EG 13.26mm x 35.67mm,1303,467MP-W4.5,0.028333333,Length Units,Stock,0.909090909
9360 - Die Cut Part Preform - Chip EG 13.26mm x 35.67mm,1303,54 lb. C1S S0-W4.75,0.028333333,Length Units,Stock,0.909090909
9360 - Die Cut Part Preform - Chip EG 13.26mm x 35.67mm,1303,Q100 (FRA-3307)-W4.75,0.028333333,Length Units,Stock,0.909090909
9360 - Die Cut Part Preform - Chip EG 13.26mm x 35.67mm,1303,375Tpvc-W0.375,0.028333333,Length Units,Stock,0.909090909
9360 - Die Cut Part Preform - Chip EG 13.26mm x 35.67mm,1303,375Tpvc-W0.375,0.028333333,Length Units,Stock,0.909090909
9360 - Die Cut Part Preform - Chip EG 13.26mm x 35.67mm,1303,HP260 - White-W5.67,0.028333333,Length Units,Stock,0.909090909
"9361 - Slit Tape Berry 827 PE film tape - Black 2"" x 6Yd",1304,827-W3.78,0.009,Length Units,Stock,0.99009901
9362 - Sheeted Part Check Pad Paper Sleeve 74.5mm x 160mm,1305,.024 pt Candesce 1CS-W7.625,0.260416667,Length Units,Stock,0.666666667
9362 - Sheeted Part Check Pad Paper Sleeve 74.5mm x 160mm,1305,614URM-W8.25,0.260416667,Length Units,Stock,0.666666667
9363 - Sheeted Part Foam Nose Brace 37mm x 11.3mm,1306,LD-15 - White-W42,0.001822917,"Each (Use for Boxes, Bags, Cores, Cases)",Stock,0.833333333
9364 - Sheeted Part Nose Foam Brace Assembly 37mm x 11.3mm,1307,6035PC-W2.66,0.026166667,Length Units,Stock,0.666666667
9364 - Sheeted Part Nose Foam Brace Assembly 37mm x 11.3mm,1307,54 lb. C1S S0-W3,0.026166667,Length Units,Stock,0.666666667
9364 - Sheeted Part Nose Foam Brace Assembly 37mm x 11.3mm,1307,LD-15 - White-W42,0.001822917,"Each (Use for Boxes, Bags, Cores, Cases)",Stock,0.833333333
"9365 - Sheeted Part 3M 4950 8"" x 0.5""",1308,4950-W1 - CatID-23517,4.17E-05,Length Units,Stock,0.666666667
"9366 - Sheeted Part 3M RP+230GF 6.25"" x 1""",1309,RP+230GF-W6.25,8.33E-05,Length Units,Stock,0.666666667
"9366 - Sheeted Part 3M RP+230GF 6.25"" x 1""",1309,54lb C2S SL1/SL4 Liner-W7,8.33E-05,Length Units,Stock,0.666666667
"9367 - Sheeted Part 3M RP+230GF 6.8"" x 1""",1310,RP+230GF-W6.25,0.0001155,Length Units,Stock,0.666666667
"9367 - Sheeted Part 3M RP+230GF 6.8"" x 1""",1310,54lb C2S SL1/SL4 Liner-W7,0.0001155,Length Units,Stock,0.666666667
9368 - Sheeted Part CCB Tape 473.8mm x 301.8mm,1311,5952-W12,0.001666667,Length Units,Stock,0.952380952
9368 - Sheeted Part CCB Tape 473.8mm x 301.8mm,1311,54lb C2S SL1/SL4 Liner-W12.25,0.001666667,Length Units,Stock,0.952380952
9370 - Sheeted Part White Adh. Patch 304.8mm x 219.1mm,1313,IE 6035T - White-W22.5,0.0005,"Each (Use for Boxes, Bags, Cores, Cases)",Stock,0.769230769
9370 - Sheeted Part White Adh. Patch 304.8mm x 219.1mm,1313,9627-W23.5,0.0005,Length Units,Stock,0.769230769
9370 - Sheeted Part White Adh. Patch 304.8mm x 219.1mm,1313,9627-W23.5,0.0005,Length Units,Stock,0.769230769
9370 - Sheeted Part White Adh. Patch 304.8mm x 219.1mm,1313,54 Lb. C2S-W26.5,0.0005,Length Units,Stock,0.769230769
"9372 - Sheeted Part 3M 8671/9471LE, Insulator, LH Companion Seat 21.69"" x 1.25""",1314,8671-W12,0.000229167,Length Units,Stock,0.666666667
"9372 - Sheeted Part 3M 8671/9471LE, Insulator, LH Companion Seat 21.69"" x 1.25""",1314,9471LE-W12,0.000229167,Length Units,Stock,0.666666667
"9373 - Sheeted Part 3M 8671/9471LE, Insulator, Front Companion Seat 40.75"" x 1.25""",1315,8671-W12,0.000427083,Length Units,Stock,0.666666667
"9373 - Sheeted Part 3M 8671/9471LE, Insulator, Front Companion Seat 40.75"" x 1.25""",1315,9471LE-W12,0.000427083,Length Units,Stock,0.666666667
"9374 - Slit Tape 3M 501+ 0.585"" x 60Yd",1316,3M 501+-W59,0.001875,Length Units,Stock,0.99009901
"9375 - Die Cut Part Neorpene gasket 1.5"" x 2""",1317,SCE41B-W2.5,0.138916667,Length Units,Stock,0.952380952
"9375 - Die Cut Part Neorpene gasket 1.5"" x 2""",1317,9828-W2.5,0.138916667,Length Units,Stock,0.952380952
"9377 - Die Cut Part TPE-X36B washer 1"" x 1""",1319,TPE-X36B-W1,0.083333333,Length Units,Stock,0.869565217
"9378 - Sheeted Part 8671/9485PC 11"" x 1.125""",1320,8671HS-W4,0.3125,Length Units,Stock,0.909090909
"9378 - Sheeted Part 8671/9485PC 11"" x 1.125""",1320,9485PC-W4,0.3125,Length Units,Stock,0.909090909
"9379 - Slit Tape 3M 9795R 1"" x 120Yd",1321,9795R-W4,0.09,Length Units,Stock,0.892857143
"9380 - Die Cut Part 3M 4926 0.75"" x 0.75"" w/ tab",1322,4926-W3,0.041666667,Length Units,Stock,0.769230769
"9380 - Die Cut Part 3M 4926 0.75"" x 0.75"" w/ tab",1322,54 lb. C1S S0-W3.25,0.041666667,Length Units,Stock,0.769230769
"9380 - Die Cut Part 3M 4926 0.75"" x 0.75"" w/ tab",1322,54lb C2S SL1/SL4 Liner-W3.25,0.041666667,Length Units,Stock,0.769230769
"9380 - Die Cut Part 3M 4926 0.75"" x 0.75"" w/ tab",1322,375Tpvc-W0.375,0.041666667,Length Units,Stock,0.769230769
"9380 - Die Cut Part 3M 4926 0.75"" x 0.75"" w/ tab",1322,375Tpvc-W0.375,0.041666667,Length Units,Stock,0.769230769
"9381 - Die Cut Part Petite label, 6"" x 3.939"" 6"" x 3.9""",1323,540920178-W9,0.255208333,Length Units,Stock,0.943396226
"9382 - Die Cut Part Standard label 6"" x 3.9""",1324,540920178-W9,0.255208333,Length Units,Stock,0.943396226
"9383 - Die Cut Part Plus label 6"" x 3.9""",1325,540920178-W9,0.255208333,Length Units,Stock,0.943396226
"9384 - Die Cut Part Clip Foam - MED 6017 1.5"" Dia",1326,CSM-MED 6017-W6,0.045138889,Length Units,Stock,0.943396226
"9384 - Die Cut Part Clip Foam - MED 6017 1.5"" Dia",1326,54lb C2S SL1/SL4 Liner-W6.25,0.045138889,Length Units,Stock,0.943396226
"9385 - Sheeted Part 54 lb. Medium Release liner 2"" x 16.5""",1327,54 lb. C1S SL4 (S38)-W17.5,0.2,Length Units,Stock,0.8
"9386 - Sheeted Part 3M 8555/Loparex liner 24""",1328,8555-W48,2,Length Units,Stock,0.8
"9386 - Sheeted Part 3M 8555/Loparex liner 24""",1328,11229-W24,2,Length Units,Stock,0.8
"9386 - Sheeted Part 3M 8555/Loparex liner 24""",1328,Protect 470 – MIL-PRF-131K C1-W48,2,Length Units,Stock,0.8
9391 - Sheeted Part Gasket 3.5mm OD x 1.6mm ID,1333,8985K41-W12,0.000485185,"Each (Use for Boxes, Bags, Cores, Cases)",Stock,0.666666667
9391 - Sheeted Part Gasket 3.5mm OD x 1.6mm ID,1333,9471LE-W12,0.000485185,Length Units,Stock,0.666666667
"9392 - Sheeted Part 3M SJ5816 11"" x 1.5""",1334,SJ5816BK-W4.5,0.000463542,Length Units,Stock,0.869565217
"9393 - Laser Cut Part Polyimide Tape Mask, Pattern A 0.375"" x 0.375""",1335,KPT-1-W1,0.020833333,Length Units,Stock,0.8
"9393 - Laser Cut Part Polyimide Tape Mask, Pattern A 0.375"" x 0.375""",1335,HDS-90-W1.5,0.020833333,Length Units,Stock,0.8
"9394 - Slit Tape 3M 9576 6-5/32"" x 328Yd",1336,9576-W27,0.246,Length Units,Stock,0.869565217
"9395 - Slit Tape 3M 4076 with scored liner 5"" x 288Yd",1337,4076-W5,0.864,Length Units,Stock,0.943396226
9396 - Die Cut Part Blower Gasket Cover - 4930 84.54mm x 54mm,1338,4930-W3.75,0.00025,Length Units,Stock,0.709219858
9396 - Die Cut Part Blower Gasket Cover - 4930 84.54mm x 54mm,1338,2 mil T50-W4,0.00025,Length Units,Stock,0.709219858
9396 - Die Cut Part Blower Gasket Cover - 4930 84.54mm x 54mm,1338,53 Lb. C2S BG0/BG0-W4.5,0.00025,Length Units,Stock,0.709219858
"9400 - Laminated Rolls 3M 9415PC/15 mil HIPS 3.96"" x 700'",1341,9415PC-W48,0.053846154,Length Units,Stock,0.833333333
"9400 - Laminated Rolls 3M 9415PC/15 mil HIPS 3.96"" x 700'",1341,32B88111 (blue)-W24,0.14,Length Units,Stock,0.833333333
"9401 - Sheeted Part 3M SJ3560 3"" x 1""",1342,SJ3560-W1,0.25,Length Units,Stock,0.666666667
9402 -   ,1343,8717-W1.59,0.083333333,"Each (Use for Boxes, Bags, Cores, Cases)",Stock,0.99009901
9402 -   ,1343,CatID-23731,0.013891667,"Each (Use for Boxes, Bags, Cores, Cases)",Stock,0.99009901
9402 -   ,1343,CatID-23730,0.013891667,"Each (Use for Boxes, Bags, Cores, Cases)",Stock,0.99009901
9402 -   ,1343,CatID-23729,0.013891667,"Each (Use for Boxes, Bags, Cores, Cases)",Stock,0.99009901
"9408 - Slit Tape Splicing tape - ST-2221 1.5"" x 180 ft",1348,6035PC-W11,0.025714286,Length Units,Stock,0.909090909
"9408 - Slit Tape Splicing tape - ST-2221 1.5"" x 180 ft",1348,6035PC-W11,0.025714286,Length Units,Stock,0.909090909
"9408 - Slit Tape Splicing tape - ST-2221 1.5"" x 180 ft",1348,1000 Series O Aluminum-W12,0.025714286,Length Units,Stock,0.909090909
