entityId,internalId,Address1_AddressName,Address1_attention,Address1_Addressee,Address1_phone,Address1_line1,Address1_line2,Address1_city,Address1_state,Address1_zipCode,Address1_country,Address1_defaultBilling,Address1_defaultShipping
Customer ID,Internal Id,Label,Attention,Addressee,Phone,Address 1,Address 2,City,Province/State,Postal Code/Zip,Country,Default Billing,Default Shipping
QPE214238,1095,Mailing,,"3M Company, IATD",,P.O. Box 33121,,St. Paul,MN,55133-3121,United States,N,N
QPE214238,1095,Billing,,"3M Company, IATD",,P.O. Box 33121,,St. Paul,MN,55133-3121,United States,Y,N
QPE214238,1095,Shipping,,"3M Company, IATD",,,,,,,,N,Y
YAE139452,1096,Mailing,,The Strouse Corporation,,1211 Independence Way,,Westminster,MD,21157-0000,United States,N,N
YAE139452,1096,Billing,,The Strouse Corporation,,1211 Independence Way,,Westminster,MD,21157-0000,United States,Y,N
YAE139452,1096,Shipping,,The Strouse Corporation,,1211 Independence Way,,Westminster,MD,21157-0000,United States,N,Y
OSW371044,1097,Mailing,,"3M Company, Inc. Converter Markets",,PO Box 269-F,,St Louis,MO,63150-0269,United States,N,N
OSW371044,1097,Billing,,"3M Company, Inc. Converter Markets",,PO Box 269-F,,St Louis,MO,63150-0269,United States,Y,N
OSW371044,1097,Shipping,,"3M Company, Inc. Converter Markets",,3M Center Building 220-7W-03,,St Paul,MN,55144-1000,United States,N,Y
WIM229535,1098,Mailing,,American Biltrite,,105 Whittendale Drive,,Moorestown,NJ,08057,United States,N,N
WIM229535,1098,Billing,,American Biltrite,,105 Whittendale Drive,,Moorestown,NJ,08057,United States,Y,N
WIM229535,1098,Shipping,,American Biltrite,,105 Whittendale Drive,,Moorestown,NJ,08057,United States,N,Y
TDW838321,1302,Mailing,,Apogee Designs Ltd.,,101 South Kane Street,,Baltimore,MD,21224-0000,United States,N,N
TDW838321,1302,Billing,,Apogee Designs Ltd.,,101 South Kane Street,,Baltimore,MD,21224-0000,United States,Y,N
TDW838321,1302,Shipping,,Apogee Designs Ltd.,,101 South Kane Street,,Baltimore,MD,21224,United States,N,Y
WGQ484129,1303,Mailing,,Arnold Packaging,,3101 Washington Blvd.,,Baltimore,MD,21230-1093,United States,N,N
WGQ484129,1303,Billing,,Arnold Packaging,,1900 Finishing Mill Road,Suite 100,Sparrows Point,MD,21219,United States,Y,N
WGQ484129,1303,Shipping,,Arnold Packaging,,3101 Washington Blvd.,,Baltimore,MD,21230-1093,United States,N,Y
WFW133635,1304,Mailing,,Atlas Container Corporation,,8140 Telegraph Road,,Severn,MD,21144,United States,N,N
WFW133635,1304,Billing,,Atlas Container Corporation,,8140 Telegraph Road,,Severn,MD,21144,United States,Y,N
WFW133635,1304,Shipping,,Atlas Container Corporation,,"8870 Greenwood Place, Suite C",,Savage,MD,20763,United States,N,Y
IAV630762,1305,Mailing,,Fifield Fabrics,,72 Sharp Street,,Hingham,MA,02043-4204,United States,N,N
IAV630762,1305,Billing,,Fifield Fabrics,,72 Sharp Street,,Hingham,MA,02043-4204,United States,Y,N
IAV630762,1305,Shipping,,Fifield Fabrics,,72 Sharp Street,,Hingham,MA,02043-4204,United States,N,Y
IPM272994,1306,Mailing,,"Cantwell-Cleary Co., Inc.",,7575 Washington Blvd.,,Elkridge,MD,21075-0000,United States,N,N
IPM272994,1306,Billing,,"Cantwell-Cleary Co., Inc.",,7575 Washington Blvd.,,Elkridge,MD,21075-0000,United States,Y,N
IPM272994,1306,Shipping,,"Cantwell-Cleary Co., Inc.",,7575 Washington Blvd.,,Elkridge,MD,21075-0000,United States,N,Y
IUT918098,1307,Mailing,,Colony Packaging & Machine,,1776 Colony Road,,York,PA,17408-0000,United States,N,N
IUT918098,1307,Billing,,Colony Packaging & Machine,,1776 Colony Road,,York,PA,17408-0000,United States,Y,N
IUT918098,1307,Shipping,,Colony Packaging & Machine,,1776 Colony Road,,York,PA,17408-0000,United States,N,Y
WSV317131,1308,Mailing,,"Conversource, Inc.",,1510 Page Industrial Blvd.,,St. Louis,MO,63132,United States,N,N
WSV317131,1308,Billing,,"Conversource, Inc.",,1510 Page Industrial Blvd.,,St. Louis,MO,63132,United States,Y,N
WSV317131,1308,Shipping,,"Conversource, Inc.",,1510 Page Industrial Blvd.,,St. Louis,MO,63132,United States,N,Y
TIV508034,1309,Mailing,,"FLEXcon Company, Inc.",,P.O. Box 360813,,Pittsburgh,PA,15251-6813,United States,N,N
TIV508034,1309,Billing,,"FLEXcon Company, Inc.",,P.O. Box 360813,,Pittsburgh,PA,15251-6813,United States,Y,N
TIV508034,1309,Shipping,,"FLEXcon Company, Inc.",,1 FLEXcon Industrial Park,,Spencer,MA,01562-2642,United States,N,Y
IIN275501,1310,Mailing,,Flexprint Graphics,,1017 East Patapsco Avenue,,Baltimore,MD,21225-0000,United States,N,N
IIN275501,1310,Billing,,Flexprint Graphics,,P. O. Box 9026,"6 Yorkway, Suite 104",Baltimore,MD,21222-0000,United States,Y,N
IIN275501,1310,Shipping,,Flexprint Graphics,,"Arcos Industries, LLC",One Arcos Way,Mt. Carmel,PA,17851,United States,N,Y
RSE021905,1311,Mailing,,Gaska Tape Inc.,,PO Box 1968,,Elkhart,IN,46515-0000,United States,N,N
RSE021905,1311,Billing,,Gaska Tape Inc.,,PO Box 1968,,Elkhart,IN,46515-0000,United States,Y,N
RSE021905,1311,Shipping,,Gaska Tape Inc.,,1810 W Lusher,,Elkhart,IN,46515,United States,N,Y
EIM977065,1312,Mailing,,General Rubber,,P.O. Box 12737,,Lexington,KY,40583-2737,United States,N,N
EIM977065,1312,Billing,,General Rubber,,P.O. Box 12737,,Lexington,KY,40583-2737,United States,Y,N
EIM977065,1312,Shipping,,General Rubber,,1016 Majaun Road,,Lexington,KY,40511,United States,N,Y
QSM017537,1313,Mailing,,The Griff Network,,275 Lower Morrisville Road,,Fallsington,PA,19054-0000,United States,N,N
QSM017537,1313,Billing,,The Griff Network,,275 Lower Morrisville Road,,Fallsington,PA,19054-0000,United States,Y,N
QSM017537,1313,Shipping,,The Griff Network,,275 Lower Morrisville Road,,Fallsington,PA,19054,United States,N,Y
UOQ075118,1314,Mailing,,Atlantic Corporation-Duncan,,790 Duncan-Reidville Road,,Duncan,SC,29334-0000,United States,N,N
UOQ075118,1314,Billing,,Atlantic Corporation-Duncan,,806 N. 23rd Street,,Wilmington,NC,28405-0000,United States,Y,N
UOQ075118,1314,Shipping,,Atlantic Corporation-Duncan,,"744 Frontage Road, Suite 100",,Greenville ,SC,29611,United States,N,Y
WSM984583,1315,Mailing,,Hershey Paper Company,,P.O. Box 4247,,Lancaster,PA,17604-4247,United States,N,N
WSM984583,1315,Billing,,Hershey Paper Company,,P.O. Box 4247,,Lancaster,PA,17604-4247,United States,Y,N
WSM984583,1315,Shipping,,Hershey Paper Company,,3650 Hempland Road,,Lancaster,PA,17601,United States,N,Y
RDV820768,1316,Mailing,,"Ideal Tape Co., Inc.",,1400 Middlesex Street,,Lowell,MA,01851-0000,United States,N,N
RDV820768,1316,Billing,,"Ideal Tape Co., Inc.",,105 Whittendale Drive,,Moorestown,NJ,08057-0000,United States,Y,N
RDV820768,1316,Shipping,,"Ideal Tape Co., Inc.",,33 High Street,,Billerica,MA,01821,United States,N,Y
TOT059736,1317,Mailing,,Jarrett Industries,,11511 Cronridge Drive,,Owings Mills,MD,21117-0000,United States,N,N
TOT059736,1317,Billing,,Jarrett Industries,,11511 Cronridge Drive,,Owings Mills,MD,21117-0000,United States,Y,N
TOT059736,1317,Shipping,,Jarrett Industries,,11511 Cronridge Drive,,Owings Mills,MD,21117,United States,N,Y
EDV589478,1318,Mailing,,Maryland Plastics,,251 East Central Avenue,,Federalsburg,MD,21632-0000,United States,N,N
EDV589478,1318,Billing,,Maryland Plastics,,P. O. Box 472,,Federalsburg,MD,21632-0000,United States,Y,N
EDV589478,1318,Shipping,,Maryland Plastics,,251 East Central Avenue,,Federalsburg,MD,21632,United States,N,Y
QSM124897,1319,Mailing,,"McCormick & Co., Inc.",,McCormick/Schilling Division,PO Box 6500 ,Sparks,MD,21152-0000,United States,N,N
QSM124897,1319,Billing,,"McCormick & Co., Inc.",,McCormick/Schilling Division,PO Box 168 ,Cockeysville,MD,21030-0000,United States,Y,N
QSM124897,1319,Shipping,,"McCormick & Co., Inc.",,11100 McCormick Road,,Hunt Valley,MD,21031,United States,N,Y
USR856608,1320,Mailing,,,,3081 Business Park Drive,,Raleigh,NC,27610-0000,United States,N,N
USR856608,1320,Billing,,,,PO Box 20768,,Greensboro,NC,27420-0000,United States,Y,N
USR856608,1320,Shipping,,,,5925 Summit Avenue,,Browns Summit,NC,27214,United States,N,Y
QOE094704,1321,Mailing,,"Shannon Baum Signs, Inc.",,105 Competitive Goals Drive,,Eldersburg,MD,21784,United States,N,N
QOE094704,1321,Billing,,"Shannon Baum Signs, Inc.",,105 Competitive Goals Drive,,Eldersburg,MD,21784,United States,Y,N
QOE094704,1321,Shipping,,"Shannon Baum Signs, Inc.",,105 Competitive Goals Drive,,Eldersburg,MD,21784,United States,N,Y
UIM106892,1322,Mailing,,Shippers Supply Company,,1735 W. Burnett,,Louisville,KY,40210-1814,United States,N,N
UIM106892,1322,Billing,,Shippers Supply Company,,4500 Progress Blvd,,Louisville,KY,40218-1814,United States,Y,N
UIM106892,1322,Shipping,,Shippers Supply Company,,4500 Progress Blvd,,Louisville,KY,40218-1814,United States,N,Y
IAN256034,1323,Mailing,,Static Control Components,,P. O. Box 152,,Sanford,NC,27331-0000,United States,N,N
IAN256034,1323,Billing,,Static Control Components,,P. O. Box 152,Attn: Accts. Payable,Sanford,NC,27331-0000,United States,Y,N
IAN256034,1323,Shipping,,Static Control Components,,2980 Lee  Avenue,Plant 18,Sanford,NC,27330,United States,N,Y
QPV058282,1324,Mailing,,Tesa Tape,,5825 Carnegie Blvd.,,Charlotte,NC,28209-0000,United States,N,N
QPV058282,1324,Billing,,Tesa Tape,,5825 Carnegie Blvd.,,Charlotte,NC,28209-0000,United States,Y,N
QPV058282,1324,Shipping,,Tesa Tape,,"2945 Walkent Ct., NW",,Grand Rapids,MI,49544,United States,N,Y
QAB825606,1325,Mailing,,"Textape, Inc.",,915 Pendale Road,,El Paso,TX,79907-0000,United States,N,N
QAB825606,1325,Billing,,"Textape, Inc.",,915 Pendale Road,,El Paso,TX,79907-0000,United States,Y,N
QAB825606,1325,Shipping,,"Textape, Inc.",,915 Pendale Road,,El Paso,TX,79907,United States,N,Y
RDM094552,1326,Mailing,,"Transcendia (Transilwrap Company, Inc.)",,Dept. 77-6082,,Chicago,IL,60678-6082,United States,N,N
RDM094552,1326,Billing,,"Transcendia (Transilwrap Company, Inc.)",,Dept. 77-6082,,Chicago,IL,60678-6082,United States,Y,N
RDM094552,1326,Shipping,,"Transcendia (Transilwrap Company, Inc.)",,1420 Valwood Parkway,,Dallas,TX,75006,United States,N,Y
RPB504805,1327,Mailing,,Veritiv - Richmond Unisource,,2401 Dabney Road,,Richmond,VA,23230,United States,N,N
RPB504805,1327,Billing,,Veritiv - Richmond Unisource,,P.O. Box 45195,Attn: Accounts Payable,Jacksonville,FL,32232-0000,United States,Y,N
RPB504805,1327,Shipping,,Veritiv - Richmond Unisource,,2401 Dabney Road,,Richmond,VA,23230,United States,N,Y
QIW004276,1328,Mailing,,"Uticom Systems, Inc.",,109 Independence Way,,Coatesville,PA,19320-1893,United States,N,N
QIW004276,1328,Billing,,"Uticom Systems, Inc.",,109 Independence Way,,Coatesville,PA,19320-1893,United States,Y,N
QIW004276,1328,Shipping,,"Uticom Systems, Inc.",,109 Independence Way,,Coatesville,PA,19320-1893,United States,N,Y
WDW572368,1329,Mailing,,Veritiv - El Paso ,,6839 Market Avenue,,El Paso,TX,79915,United States,N,N
WDW572368,1329,Billing,,Veritiv - El Paso ,,PO Box 415755,Attn: NEDS A/P,Cincinnati,OH,45241-5755,United States,Y,N
WDW572368,1329,Shipping,,Veritiv - El Paso ,,6839 Market Avenue,,El Paso,TX,79915,United States,N,Y
YUM481722,1330,Mailing,,Veritiv - Hanover,,7445 New Ridge Road,,Hanover,MD,21076-0000,United States,N,N
YUM481722,1330,Billing,,Veritiv - Hanover,,"Attn: MAX A/P, P. O. Box 625799",,Cincinnati,OH,45262-0000,United States,Y,N
YUM481722,1330,Shipping,,Veritiv - Hanover,,7445 New Ridge Road,,Hanover,MD,21076,United States,N,Y
WIT971548,1331,Mailing,,Veritiv - Charlotte,,4265 Trailer Drive,,Charlotte,NC,28269,United States,N,N
WIT971548,1331,Billing,,Veritiv - Charlotte,,"Attn: MAX A/P, P. O. Box 625799",,Cincinnati,OH,45262,United States,Y,N
WIT971548,1331,Shipping,,Veritiv - Charlotte,,4265 Trailer Drive,,Charlotte,NC,28269,United States,N,Y
RDV853804,1332,Mailing,,Veritiv - Greensboro,,3 Centerview Drive,Suite 300,Greensboro,NC,27407,United States,N,N
RDV853804,1332,Billing,,Veritiv - Greensboro,,"Attn: MAX A/P, P. O. Box 625799",,Cincinnati,OH,45262,United States,Y,N
RDV853804,1332,Shipping,,Veritiv - Greensboro,,3 Centerview Drive,Suite 300,Greensboro,NC,27407,United States,N,Y
TPB746337,1333,Mailing,,Veritiv - Garner (Morrisville),,1021 Morrisville Parkway,,Morrisville,NC,27560,United States,N,N
TPB746337,1333,Billing,,Veritiv - Garner (Morrisville),,"Attn: MAX A/P, P. O. Box 625799",,Cincinnati,OH,45262-1337,United States,Y,N
TPB746337,1333,Shipping,,Veritiv - Garner (Morrisville),,1070 Waterfield Drive,,Garner,NC,27529,United States,N,Y
WUN891767,1334,Mailing,,Veritiv - Richmond (Xpedx),,11800 North Lakeridge Parkway,,Ashland,VA,23005,United States,N,N
WUN891767,1334,Billing,,Veritiv - Richmond (Xpedx),,"Attn: MAX A/P, P. O. Box 625799",,Cincinnati,OH,45262,United States,Y,N
WUN891767,1334,Shipping,,Veritiv - Richmond (Xpedx),,11800 North Lakeridge Parkway,,Ashland,VA,23005,United States,N,Y
OPR884164,1335,Mailing,,Veritiv - Roanoke,,1885 Apperson Drive,,Salem,VA,24153,United States,N,N
OPR884164,1335,Billing,,Veritiv - Roanoke,,"Attn: MAX A/P, P. O. Box 625799",,Cincinnati,OH,45262-0000,United States,Y,N
OPR884164,1335,Shipping,,Veritiv - Roanoke,,1885 Apperson Drive,,Salem,VA,24153,United States,N,Y
QFE611665,1336,Mailing,,Veritiv - Winston Salem,,1400 Westgate Center Drive,Suite 110,Winston-Salem,NC,27103,United States,N,N
QFE611665,1336,Billing,,Veritiv - Winston Salem,,"Attn: MAX A/P, P. O. Box 625799",,Cincinnati,OH,45262,United States,Y,N
QFE611665,1336,Shipping,,Veritiv - Winston Salem,,,,,,,,N,Y
EAN920189,1337,Mailing,,Weiss Brothers of Hagerstown,,18038 West Oak Ridge Drive,,Hagerstown,MD,21740-0000,United States,N,N
EAN920189,1337,Billing,,Weiss Brothers of Hagerstown,,18038 West Oak Ridge Drive,,Hagerstown,MD,21740-0000,United States,Y,N
EAN920189,1337,Shipping,,Weiss Brothers of Hagerstown,,18038 West Oak Ridge Drive,,Hagerstown,MD,21740,United States,N,Y
QSB480143,1338,Mailing,,Veritiv - Jessup,,8261 Preston Court,,Jessup,MD,20794,United States,N,N
QSB480143,1338,Billing,,Veritiv - Jessup,,PO BOX 45192,,Jacksonville,FL,32232-5048,United States,Y,N
QSB480143,1338,Shipping,,Veritiv - Jessup,,8261 Preston Court,,Jessup,MD,20794,United States,N,Y
TDE161602,1339,Mailing,,BGR Inc,,6392 Gano Road,,West Chester,OH,45069,United States,N,N
TDE161602,1339,Billing,,BGR Inc,,6392 Gano Road,RR1,West Chester,OH,45069,United States,Y,N
TDE161602,1339,Shipping,,BGR Inc,,6392 Gano Road,,West Chester,OH,45069,United States,N,Y
QPQ892062,1340,Mailing,,Becton Dickinson,,54 Loveton Circle,,Sparks,MD,21152-0000,United States,N,N
QPQ892062,1340,Billing,,Becton Dickinson,,54 Loveton Circle,,Sparks,MD,21152-0000,United States,Y,N
QPQ892062,1340,Shipping,,Becton Dickinson,,,,,,,,N,Y
IFN316196,1341,Mailing,,"Edvotek, Inc",,P.O. Box 1232,,West Bethesda,MD,20827-1232,United States,N,N
IFN316196,1341,Billing,,"Edvotek, Inc",,1121 5th Street NW,,Washington,DC,20001,United States,Y,N
IFN316196,1341,Shipping,,"Edvotek, Inc",,1121 5th Street NW,,Washington,DC,20001,United States,N,Y
WOQ644327,1342,Mailing,,3M Canada - London Manufacturing,,,,,,,,N,N
WOQ644327,1342,Billing,,3M Canada - London Manufacturing,,P. O. Box 33121,,St. Paul,MN,55133-0000,United States,Y,N
WOQ644327,1342,Shipping,,3M Canada - London Manufacturing,,,,,,,,N,Y
EAR127602,1343,Mailing,,"The ESAB Group, Inc.",,PO Box 710,,Ashtabula,OH,44005-0710,United States,N,N
EAR127602,1343,Billing,,"The ESAB Group, Inc.",,2800 Airport Road,Accts. Payable,Denton,TX,76207,United States,Y,N
EAR127602,1343,Shipping,,"The ESAB Group, Inc.",,256 Midway Drive,,Union,SC,29379,United States,N,Y
UIM226548,1344,Mailing,,White Horse Packaging Co.,,PO Box 1848,,Greenville,SC,29602-0000,United States,N,N
UIM226548,1344,Billing,,White Horse Packaging Co.,,PO Box 1269,,Fountain Inn,SC,29644-0000,United States,Y,N
UIM226548,1344,Shipping,,White Horse Packaging Co.,,303 Dale Drive,,Fountain Inn,SC,29644,United States,N,Y
IAQ844389,1345,Mailing,,Veritiv - Indianapolis,,5850 W. 80th Street,,Indianapolis,IN,46278-1320,United States,N,N
IAQ844389,1345,Billing,,Veritiv - Indianapolis,,P O Box 62717,,Cincinnati,OH,45262-0717,United States,Y,N
IAQ844389,1345,Shipping,,Veritiv - Indianapolis,,5850 W. 80th Street,,Indianapolis,IN,46278-1320,United States,N,Y
EFV029584,1346,Mailing,,Northrop Grumman,,1745A West Nursery Road,,Linthicum,MD,21090,United States,N,N
EFV029584,1346,Billing,,Northrop Grumman,,1745A West Nursery Road,,Linthicum,MD,21090,United States,Y,N
EFV029584,1346,Shipping,,Northrop Grumman,,"Gate 3A, Dock A",7323 Aviation Blvd.,Baltimore,MD,21240-2001,United States,N,Y
EDB251872,1347,Mailing,,KYOCERA AVX Components LLC,,1 AVX Boulevard,,Fountain Inn,SC,29644-9039,United States,N,N
EDB251872,1347,Billing,,KYOCERA AVX Components LLC,,1 AVX Boulevard,,Fountain Inn,SC,29644-9039,United States,Y,N
EDB251872,1347,Shipping,,KYOCERA AVX Components LLC,,1 AVX Boulevard,,Fountain Inn,SC,29644-9039,United States,N,Y
WAW842664,1348,Mailing,,"Wesco Integrated Supply, Inc.",,36 Harbor Park Drive,,Port Washington,NY,11050,United States,N,N
WAW842664,1348,Billing,,"Wesco Integrated Supply, Inc.",,"33 Earle Ovington Blvd, Suite 608",,Uniondale,NY,11050,United States,Y,N
WAW842664,1348,Shipping,,"Wesco Integrated Supply, Inc.",,185 Thorn Hill Drive,,Warrendale,PA,15086,United States,N,Y
EOQ364546,1349,Mailing,,Nitto Denko Automotive (formerly Nistem),,809 Principle Court,,Chesapeake,VA,23320,United States,N,N
EOQ364546,1349,Billing,,Nitto Denko Automotive (formerly Nistem),,809 Principal Court,,Chesapeake,VA,23320,United States,Y,N
EOQ364546,1349,Shipping,,Nitto Denko Automotive (formerly Nistem),,809 Principal Court,,Chesapeake,VA,23320,United States,N,Y
EDW368753,1350,Mailing,,The ARC of Carroll County,,180 Kriders Church Road,,Westminster,MD,21158,United States,N,N
EDW368753,1350,Billing,,The ARC of Carroll County,,180 Kriders Church Road,,Westminster,MD,21158,United States,Y,N
EDW368753,1350,Shipping,,The ARC of Carroll County,,180 Kriders Church Road,,Westminster,MD,21158,United States,N,Y
ROB070998,1351,Mailing,,Delta ModTech,,8445 Bunker Lake Blvd.,,Ramsey,MN,55303,United States,N,N
ROB070998,1351,Billing,,Delta ModTech,,8445 Bunker Lake Blvd.,,Ramsey,MN,55303,United States,Y,N
ROB070998,1351,Shipping,,Delta ModTech,,8445 Bunker Lake Blvd.,,Ramsey,MN,55303,United States,N,Y
IOE959996,1352,Mailing,,"Pro Tapes & Specialties, Inc",,,,,,,,N,N
IOE959996,1352,Billing,,"Pro Tapes & Specialties, Inc",,621 US 1 South,,Brunswick,NJ,08902,United States,Y,N
IOE959996,1352,Shipping,,"Pro Tapes & Specialties, Inc",,621 US 1 South,,Brunswick,NJ,08902,United States,N,Y
EPV432885,1353,Mailing,,Rotometrics Group-MO,,800 Howerton Lane,,Eureka,MO,63025,United States,N,N
EPV432885,1353,Billing,,Rotometrics Group-MO,,800 Howerton Lane,,Eureka,MO,63025,United States,Y,N
EPV432885,1353,Shipping,,Rotometrics Group-MO,,800 Howerton Lane,,Eureka,MO,63025,United States,N,Y
QSN810205,1354,Mailing,,"Taher, Inc.",,18185 HWY 75 N,,Willis ,TX,77378-7041,United States,N,N
QSN810205,1354,Billing,,"Taher, Inc.",,18185 HWY 75 N,,Willis ,TX,77378-7041,United States,Y,N
QSN810205,1354,Shipping,,"Taher, Inc.",,18185 HWY 75 N,,Willis ,TX,77378,United States,N,Y
OIB819681,1355,Mailing,,"Top Tier Industrial, LLC",,P. O. Box 4285,,Jackson,MI,49204,United States,N,N
OIB819681,1355,Billing,,"Top Tier Industrial, LLC",,P. O. Box 4285,,Jackson,MI,49204,United States,Y,N
OIB819681,1355,Shipping,,"Top Tier Industrial, LLC",,3728 Luella,,Jackson,MI,49201,United States,N,Y
YSV087007,1356,Mailing,,Rand Whitney Mid-Atlantic,,175 Walnut Street,,Red Lion,PA,17356,United States,N,N
YSV087007,1356,Billing,,Rand Whitney Mid-Atlantic,,175 Walnut Street,,Red Lion,PA,17356,United States,Y,N
YSV087007,1356,Shipping,,Rand Whitney Mid-Atlantic,,175 Walnut Street,,Red Lion,PA,17356,United States,N,Y
EPV985522,1357,Mailing,,Veritiv - Rochester,,1059 West Ridge Road,,Rochester,NY,14615,United States,N,N
EPV985522,1357,Billing,,Veritiv - Rochester,,"Attn: MAX A/P, P. O. Box 625799",,Cincinnati,OH,45262,United States,Y,N
EPV985522,1357,Shipping,,Veritiv - Rochester,,1059 West Ridge Road,,Rochester,NY,14615,United States,N,Y
YIM342938,1358,Mailing,,"Lexmark Intl. Technology, S.A. (Juarez)",,"CP 508 Geneva CH 1215 C/O Lexmark Mexico, PO Box 17410",,El Paso,TX,79917,United States,N,N
YIM342938,1358,Billing,,"Lexmark Intl. Technology, S.A. (Juarez)",,"Do Not Mail Invoices. CP 508 Geneva CH 1215 C/O Lexmark Mexico,",2931 Central Ave PMB 368,El Paso,TX,79905,United States,Y,N
YIM342938,1358,Shipping,,"Lexmark Intl. Technology, S.A. (Juarez)",,C/O Lexmark Intl Mexicana S de R.L. de C.V.,"C/O Kuehne & Nagel - 1325 Pendale Road, Suite F",El Paso,TX,79936,United States,N,Y
IDB726023,1359,Mailing,,Kyana Industrial Supply,,2501 Ampere Drive,,Louisville,KY,40299-3863,United States,N,N
IDB726023,1359,Billing,,Kyana Industrial Supply,,2501 Ampere Drive,,Louisville,KY,40299-3863,United States,Y,N
IDB726023,1359,Shipping,,Kyana Industrial Supply,,2501 Ampere Drive,,Louisville,KY,40299,United States,N,Y
UPM465018,1360,Mailing,,Veritiv - Joliet,,1701 Crossroads Drive,,Joliet,IL,60431,United States,N,N
UPM465018,1360,Billing,,Veritiv - Joliet,,PO Box 45195,,Jacksonville,FL,32232,United States,Y,N
UPM465018,1360,Shipping,,Veritiv - Joliet,,1701 Crossroads Drive,,Joliet,IL,60431,United States,N,Y
UDB397685,1361,Mailing,,"TCOM, L.P.",,7115 Thomas Edison Drive,"Columbia Gateway, Corporation Park",Columbia,MD,21046,United States,N,N
UDB397685,1361,Billing,,"TCOM, L.P.",,7115 Thomas Edison Drive,"Columbia Gateway, Corporation Park",Columbia,MD,21046,United States,Y,N
UDB397685,1361,Shipping,,"TCOM, L.P.",,190 TCOM Drive,,Elizabeth City,NC,27909,United States,N,Y
EDQ013494,1362,Mailing,,BAPS Auto Paint & Supply,,"2915 North George St., Suite #2",,York,PA,17406,United States,N,N
EDQ013494,1362,Billing,,BAPS Auto Paint & Supply,,1805 Loucks Road Suite 800,,York,PA,17408,United States,Y,N
EDQ013494,1362,Shipping,,BAPS Auto Paint & Supply,,2770 Lewisberry Road,,York,PA,17404,United States,N,Y
EUW765006,1363,Mailing,,Regal Plastics Supply Co.,,117 Industrial Drive,,Waterloo,IA,50707,United States,N,N
EUW765006,1363,Billing,,Regal Plastics Supply Co.,,111 E.10th Avenue,,North Kansas City,MO,64116,United States,Y,N
EUW765006,1363,Shipping,,Regal Plastics Supply Co.,,117 Industrial Drive,,Waterloo,IA,50707,United States,N,Y
WPB262231,1364,Mailing,,DeVito's Deli,,14302 Coastal Highway,,Ocean City,MD,21842,United States,N,N
WPB262231,1364,Billing,,DeVito's Deli,,14302 Coastal Highway,,Ocean City,MD,21842,United States,Y,N
WPB262231,1364,Shipping,,DeVito's Deli,,14302 Coastal Highway,,Ocean City,MD,21842,United States,N,Y
WSN865392,1365,Mailing,,Piedmont National,,P. O. Box 20118,,Atlanta,GA,30325,United States,N,N
WSN865392,1365,Billing,,Piedmont National,,P. O. Box 20118,,Atlanta,GA,30325,United States,Y,N
WSN865392,1365,Shipping,,Piedmont National,,"11445 Granite Street, Unit B",,Charlotte,NC,28273,United States,N,Y
TFW984145,1366,Mailing,,Veritiv - Omaha,,10500 Sapp Brothers Drive,,Omaha,NE,68138,United States,N,N
TFW984145,1366,Billing,,Veritiv - Omaha,,PO 625799,,Cincinnati,OH,45262,United States,Y,N
TFW984145,1366,Shipping,,Veritiv - Omaha,,10500 Sapp Brothers Drive,,Omaha,NE,68138,United States,N,Y
ISE414136,1367,Mailing,,Kyocera AVX-Juarez,,PO Box 971116,,El Paso,TX,79997,United States,N,N
ISE414136,1367,Billing,,Kyocera AVX-Juarez,,1 AVX Boulevard,,Fountain Inn,SC,29644-9039,United States,Y,N
ISE414136,1367,Shipping,,Kyocera AVX-Juarez,,950 Loma Verde Drive,Ceva C/O AVX Interconnect Dock Doors 16-26,El Paso,TX,79936,United States,N,Y
EPN136397,1368,Mailing,,Hauni-Richmond,,2800 Charles City Road,,Richmond,VA,23231,United States,N,N
EPN136397,1368,Billing,,Hauni-Richmond,,2800 Charles City Road,,Richmond,VA,23231,United States,Y,N
EPN136397,1368,Shipping,,Hauni-Richmond,,2800 Charles City Road,,Richmond,VA,23231,United States,N,Y
EFQ487824,1369,Mailing,,"Unique Fabricating, Inc.",,1001 West Oak Street,,Louisville,KY,40210,United States,N,N
EFQ487824,1369,Billing,,"Unique Fabricating, Inc.",,1001 West Oak Street,,Louisville,KY,40210,United States,Y,N
EFQ487824,1369,Shipping,,"Unique Fabricating, Inc.",,1001 West Oak Street,,Louisville,KY,40210,United States,N,Y
OAV133678,1370,Mailing,,BW Papersystems ( MarquipWardUnited ),,"PO Box 4717, Attn: Accts. Payable",,Timonium,MD,21094-4717,United States,N,N
OAV133678,1370,Billing,,BW Papersystems ( MarquipWardUnited ),,"PO Box 4717, Attn: Accts. Payable",,Timonium,MD,21094-4717,United States,Y,N
OAV133678,1370,Shipping,,BW Papersystems ( MarquipWardUnited ),,10615 Beaver Dam Road,,Cockeysville,MD,21030,United States,N,Y
OFR559247,1371,Mailing,,Veritiv - Portland,,9111 N. E. Columbia Blvd.,,Portland,OR,97220,United States,N,N
OFR559247,1371,Billing,,Veritiv - Portland,,"Attn: MAX A/P, P. O. Box 625799",,Cincinnati,OH,45262,United States,Y,N
OFR559247,1371,Shipping,,Veritiv - Portland,,9111 N. E. Columbia Blvd.,,Portland,OR,97220,United States,N,Y
EUN127513,1372,Mailing,,Atlantic Corp.-Wilmington,,806 North 23rd Street,,Wilmington,NC,28405,United States,N,N
EUN127513,1372,Billing,,Atlantic Corp.-Wilmington,,806 North 23rd Street,,Wilmington,NC,28405,United States,Y,N
EUN127513,1372,Shipping,,Atlantic Corp.-Wilmington,,806 North 23rd Street,,Wilmington,NC,28405,United States,N,Y
IFV325442,1373,Mailing,,"W.L. Gore & Associates, Inc. (Airport Rd.)",,P.O. Box 1550,,Elkton,MD,21922-1550,United States,N,N
IFV325442,1373,Billing,,"W.L. Gore & Associates, Inc. (Airport Rd.)",,P.O. Box 1010,,Elkton,MD,21922-1010,United States,Y,N
IFV325442,1373,Shipping,,"W.L. Gore & Associates, Inc. (Airport Rd.)",,401 Airport Road,,Elkton,MD,21921,United States,N,Y
EDB724624,1374,Mailing,,"M.E. Taylor Engineering, Inc.",,21604 Gentry Lane,,Brookeville,MD,20833,United States,N,N
EDB724624,1374,Billing,,"M.E. Taylor Engineering, Inc.",,21604 Gentry Lane,,Brookeville,MD,20833,United States,Y,N
EDB724624,1374,Shipping,,"M.E. Taylor Engineering, Inc.",,15817 Crabb's Branch Way,,Rockville,MD,20855,United States,N,Y
USE739947,1375,Mailing,,"Elite Fasteners, Inc.",,"150 Airport Drive, Unit 11",,Westminster,MD,21157,United States,N,N
USE739947,1375,Billing,,"Elite Fasteners, Inc.",,"150 Airport Drive, Unit 11",,Westminster,MD,21157,United States,Y,N
USE739947,1375,Shipping,,"Elite Fasteners, Inc.",,"150 Airport Drive, Unit 11",,Westminster,MD,21157,United States,N,Y
IFB021586,1376,Mailing,,Veritiv - Carrollton,,2828 Trade Center Drive,,Carrollton,TX,75007,United States,N,N
IFB021586,1376,Billing,,Veritiv - Carrollton,,2828 Trade Center Drive,,Carrollton,TX,75007,United States,Y,N
IFB021586,1376,Shipping,,Veritiv - Carrollton,,2828 Trade Center Drive,,Carrollton,TX,75007,United States,N,Y
QDB672017,1377,Mailing,,Veritiv - Westampton ,,1200 Highland Drive Suite 18,,Westampton,NJ,08060,United States,N,N
QDB672017,1377,Billing,,Veritiv - Westampton ,,"Attn: MAX A/P, P. O. Box 625799",,Cincinnati,OH,45262,United States,Y,N
QDB672017,1377,Shipping,,Veritiv - Westampton ,,1200 Highland Drive Suite 18,,Westampton,NJ,08060,United States,N,Y
QGW409681,1378,Mailing,,"Adhesives Research, Inc.",,"400 Seaks Run Road, P. O. Box 100",,Glen Rock,PA,17327,United States,N,N
QGW409681,1378,Billing,,"Adhesives Research, Inc.",,"400 Seaks Run Road, P. O. Box 100",,Glen Rock,PA,17327,United States,Y,N
QGW409681,1378,Shipping,,"Adhesives Research, Inc.",,"400 Seaks Run Road, P. O. Box 100",,Glen Rock,PA,17327,United States,N,Y
YOM295078,1379,Mailing,,Xcaliber,,4747 NE 1st,,Pryor,OK,74361,United States,N,N
YOM295078,1379,Billing,,Xcaliber,,4747 N.E. 1st,,Pryor,OK,74361,United States,Y,N
YOM295078,1379,Shipping,,Xcaliber,,4747 NE 1st,,Pryor,OK,74361,United States,N,Y
EOE933384,1380,Mailing,,"Agilent Technologies, Inc.",,5301 Stevens Creek Blvd.,MS 53L-WA,Santa Clara,CA,95051,United States,N,N
EOE933384,1380,Billing,,"Agilent Technologies, Inc.",,P.O. Box 2995,,Colorado Springs,CO,80901-2995,United States,Y,N
EOE933384,1380,Shipping,,"Agilent Technologies, Inc.",,5301 Stevens Creek Blvd.,MS 53L-WA,Santa Clara,CA,95051,United States,N,Y
YDV993284,1381,Mailing,,GM Nameplate-NC (Boyd),,300 Acme Drive,,Monroe,NC,28112,United States,N,N
YDV993284,1381,Billing,,GM Nameplate-NC (Boyd),,2040 15th Avenue West,,Seattle,WA,98119,United States,Y,N
YDV993284,1381,Shipping,,GM Nameplate-NC (Boyd),,300 Acme Drive,,Monroe,NC,28112,United States,N,Y
RDE454792,1382,Mailing,,SunTech Medical,,507 Airport Blvd Suite 117,,Morrisville,NC,27560,United States,N,N
RDE454792,1382,Billing,,SunTech Medical,,5827 South Miami Blvd. Suite 100,,Morrisville,NC,27560,United States,Y,N
RDE454792,1382,Shipping,,SunTech Medical,,507 Airport Blvd Suite 117,,Morrisville,NC,27560,United States,N,Y
WDR189848,1383,Mailing,,Veritiv - Salt Lake City ,,5350 West Harold Gatty Drive,,Salt Lake City,UT,84116,United States,N,N
WDR189848,1383,Billing,,Veritiv - Salt Lake City ,,PO Box 44178,,Jacksonville,FL,32231-4178,United States,Y,N
WDR189848,1383,Shipping,,Veritiv - Salt Lake City ,,5350 West Harold Gatty Drive,,Salt Lake City,UT,84116,United States,N,Y
UUE998299,1384,Mailing,,Camalloy Corporation,,P. O. Box 248,,Washington,PA,15301,United States,N,N
UUE998299,1384,Billing,,Camalloy Corporation,,P. O. Box 248,1960 North Main Street,Washington,PA,15301,United States,Y,N
UUE998299,1384,Shipping,,Camalloy Corporation,,1960 N. Main Street,,Washington,PA,15301,United States,N,Y
TDN780405,1385,Mailing,,Grand River Enterprises Six Nations Ltd.,,"2176 Chiefswood Road, Box 760",,Ohsweken,ON,N0A 1M0,Canada,N,N
TDN780405,1385,Billing,,Grand River Enterprises Six Nations Ltd.,,"2176 Chiefswood Road, Box 760",,Ohsweken,ON,N0A 1M0,Canada,Y,N
TDN780405,1385,Shipping,,Grand River Enterprises Six Nations Ltd.,,"2176 Chiefswood Road, Box 760",,Ohsweken,ON,N0A 1M0,Canada,N,Y
UDB462439,1386,Mailing,,Atlantic Corporation-Raleigh,,165 Weathers Street,,Youngsville,NC,27596,United States,N,N
UDB462439,1386,Billing,,Atlantic Corporation-Raleigh,,806 N 23rd Street,,Wilmington ,NC,28405,United States,Y,N
UDB462439,1386,Shipping,,Atlantic Corporation-Raleigh,,165 Weathers Street,,Youngsville,NC,27596,United States,N,Y
RSN752995,1387,Mailing,,"Measurement Specialties,  a TE Connectivity Company",,1000 Lucas Way ,,Hampton,VA,23666,United States,N,N
RSN752995,1387,Billing,,"Measurement Specialties,  a TE Connectivity Company",,1000 Lucas Way ,,Hampton,VA,23666,United States,Y,N
RSN752995,1387,Shipping,,"Measurement Specialties,  a TE Connectivity Company",,1000 Lucas Way ,,Hampton,VA,23666,United States,N,Y
TPM421613,1388,Mailing,,Accuplace,,1800 NW 69th Avenue,,Plantation,FL,33313-4583,United States,N,N
TPM421613,1388,Billing,,Accuplace,,1800 NW 69th Avenue,,Plantation,FL,33313-4583,United States,Y,N
TPM421613,1388,Shipping,,Accuplace,,1800 NW 69th Avenue,,Plantation,FL,33313-4583,United States,N,Y
WIB097715,1389,Mailing,,Nissan-Canton,,300 Nissan Drive,,Canton,MS,39046,United States,N,N
WIB097715,1389,Billing,,Nissan-Canton,,PO BOX 981452,,El Paso,TX,79998-1452,United States,Y,N
WIB097715,1389,Shipping,,Nissan-Canton,,300 Nissan Drive,,Canton,MS,39046,United States,N,Y
TIV272847,1390,Mailing,,Shippers Supply MN,,401-11th Avenue South,,Hopkins,MN,55343,United States,N,N
TIV272847,1390,Billing,,Shippers Supply MN,,"401-11th Avenue South, Suite 100",Suite 100,Hopkins,MN,55343,United States,Y,N
TIV272847,1390,Shipping,,Shippers Supply MN,,401-11th Avenue South,Dock 18/ 19,Hopkins,MN,55343,United States,N,Y
QST098934,1391,Mailing,,JRM Industries,,1 Mattimore Street,,Passaic,NJ,07055,United States,N,N
QST098934,1391,Billing,,JRM Industries,,1 Mattimore Street,,Passaic,NJ,07055,United States,Y,N
QST098934,1391,Shipping,,JRM Industries,,2 Hobart Street,,Passaic,NJ,07055,United States,N,Y
RIB044904,1392,Mailing,,Ford Motor Co. - Kentucky Truck,,3001 Chamberlain Lane,,Louisville,KY,40241,United States,N,N
RIB044904,1392,Billing,,Ford Motor Co. - Kentucky Truck,,3001 Chamberlain Lane,,Louisville,KY,40241,United States,Y,N
RIB044904,1392,Shipping,,Ford Motor Co. - Kentucky Truck,,3001 Chamberlain Lane,General Stores,Louisville,KY,40241,United States,N,Y
TAV401932,1393,Mailing,,Dimax Corporation,,10123 Industrial Dr. Suite 4,PO Box 236,Winsted,MN,55395,United States,N,N
TAV401932,1393,Billing,,Dimax Corporation,,PO Box 236,,Winsted,MN,55395,United States,Y,N
TAV401932,1393,Shipping,,Dimax Corporation,,1109 Industrial Lane,Receiving Doors 1 or 2,Winsted,MN,55395,United States,N,Y
RFQ475502,1394,Mailing,,NOYA VERA DIS TICARET ,,Sair Esref Bulvari 15,Ihsan Kayin Plaza  D84,35210 Izmir,,,Turkey,N,N
RFQ475502,1394,Billing,,NOYA VERA DIS TICARET ,,Sair Esref Bulvari 15,Ihsan Kayin Plaza  D84,Izmir,,35210 ,Turkey,Y,N
RFQ475502,1394,Shipping,,NOYA VERA DIS TICARET ,,Sair Esref Bulvari 15,Ihsan Kayin Plaza  D84,Izmir,,35210,Turkey,N,Y
TAW288422,1395,Mailing,,Cardinal Health,,,,,,,,N,N
TAW288422,1395,Billing,,Cardinal Health,,,,,,,,Y,N
TAW288422,1395,Shipping,,Cardinal Health,,"Clinical Supply Services, 10381 Decatur Road",,Philadelphia,PA,19114,United States,N,Y
TAW052056,1396,Mailing,,Pine Valley Packaging,,1 Parratt Road,,Uxbridge ,ON,L9P 1R1,Canada,N,N
TAW052056,1396,Billing,,Pine Valley Packaging,,1 Parratt Road,,Uxbridge ,ON,L9P 1R1,Canada,Y,N
TAW052056,1396,Shipping,,Pine Valley Packaging,,1 Parratt Road,,Uxbridge ,ON,L9P 1R1,Canada,N,Y
UDM925962,1397,Mailing,,"Thruway Fasteners, Inc.",,P. O. Box 870,,N. Tonawanda,NY,14120-0870,United States,N,N
UDM925962,1397,Billing,,"Thruway Fasteners, Inc.",,P. O. Box 870,,N. Tonawanda,NY,14120-0870,United States,Y,N
UDM925962,1397,Shipping,,"Thruway Fasteners, Inc.",,425 Commerce Road,,Vestal,NY,13850,United States,N,Y
RDT584546,1398,Mailing,,The Boeing Company,,P. O. Box 16858,,Philadelphia,PA,19142-0858,United States,N,N
RDT584546,1398,Billing,,The Boeing Company,,Attn: Vinothkumar Ponnusamy,P. O. Box 3707/ Mailcode 6A7-01,Seattle,WA,98124,United States,Y,N
RDT584546,1398,Shipping,,The Boeing Company,,Rt. 291 and Stewart Avenue,"Bldg. 3-31.3 F3, MC: P-3850",Ridley Park,PA,19078,United States,N,Y
RDR172762,1399,Mailing,,Ernest Packaging Solutions,,501 Innovation Ave,,Morrisville,NC,27560,United States,N,N
RDR172762,1399,Billing,,Ernest Packaging Solutions,,501 Innovation Ave,,Morrisville,NC,27560,United States,Y,N
RDR172762,1399,Shipping,,Ernest Packaging Solutions,,501 Innovation Ave,,Morrisville,NC,27560,United States,N,Y
YPN807764,1400,Mailing,,PRS Guitars (Paul Reed Smith),,380 Log Canoe Circle,,Stevensville,MD,21666,United States,N,N
YPN807764,1400,Billing,,PRS Guitars (Paul Reed Smith),,380 Log Canoe Circle,,Stevensville,MD,21666,United States,Y,N
YPN807764,1400,Shipping,,PRS Guitars (Paul Reed Smith),,380 Log Canoe Circle,,Stevensville,MD,21666,United States,N,Y
TGB618446,1401,Mailing,,"Grasser & Associates, Inc. dba Florida Export Trading Co.",,PO Box 2159,,Riverview,FL,33568-2159,United States,N,N
TGB618446,1401,Billing,,"Grasser & Associates, Inc. dba Florida Export Trading Co.",,10732 Moss Island Drive,,Riverview,FL,33569,United States,Y,N
TGB618446,1401,Shipping,,"Grasser & Associates, Inc. dba Florida Export Trading Co.",,PO Box 2159,,Riverview,FL,33568-2159,United States,N,Y
UPN320586,1402,Mailing,,AirBoss Defense Group / Immediate Response Technologies,,"7100 Holladay Tyler Road, Suite 200",,Glendale,MD,20769,United States,N,N
UPN320586,1402,Billing,,AirBoss Defense Group / Immediate Response Technologies,,3341 75th Avenue,Ste GG,Landover,MD,20785,United States,Y,N
UPN320586,1402,Shipping,,AirBoss Defense Group / Immediate Response Technologies,,3341 75th Avenue,Ste GG,Landover,MD,20785,United States,N,Y
YUW991818,1403,Mailing,,"Peraton, Inc. ( NASA Goddard )",,8800 Greenbelt Road,ETIS 3-Building 15 Room 106,Greenbelt,MD,20771,United States,N,N
YUW991818,1403,Billing,,"Peraton, Inc. ( NASA Goddard )",,P.O. Box 221470,Attn:  Accounts Payable,Chantilly,VA,20153,United States,Y,N
YUW991818,1403,Shipping,,"Peraton, Inc. ( NASA Goddard )",,NASA Goddard Space Flight Center,"8800 Greenbelt Rd, ETIS 3-Building 15 Room 106",Greenbelt,MD,20771,United States,N,Y
WPR328577,1404,Mailing,,GT Industries - Tulsa,,9525 East 55th Street,,Tulsa,OK,74145,United States,N,N
WPR328577,1404,Billing,,GT Industries - Tulsa,,9525 East 55th Street,,Tulsa,OK,74145,United States,Y,N
WPR328577,1404,Shipping,,GT Industries - Tulsa,,9525 East 55th Street,,Tulsa,OK,74145,United States,N,Y
TPB017834,1405,Mailing,,"Schweitzer-Mauduit International, Inc.( formerly DelStar Technologies, Inc.)",,"601 Industrial Drive

",,Middletown,DE,19709,United States,N,N
TPB017834,1405,Billing,,"Schweitzer-Mauduit International, Inc.( formerly DelStar Technologies, Inc.)",,"601 Industrial Drive

",,Middletown,DE,19709,United States,Y,N
TPB017834,1405,Shipping,,"Schweitzer-Mauduit International, Inc.( formerly DelStar Technologies, Inc.)",,601 Industrial Drive,,Middletown,DE,19709,United States,N,Y
EDW720248,1406,Mailing,,"C.E. Thurston & Sons, Inc. formerly Empire Machinery",,PO Box 27,,Norfolk,VA,23501,United States,N,N
EDW720248,1406,Billing,,"C.E. Thurston & Sons, Inc. formerly Empire Machinery",,PO Box 10286,,Norfolk,VA,23513,United States,Y,N
EDW720248,1406,Shipping,,"C.E. Thurston & Sons, Inc. formerly Empire Machinery",,711 Howmet Drive,,Hampton,VA,23150,United States,N,Y
EOQ976133,1407,Mailing,,Tidewater Valve and Fitting,,1373 London Bridge Road,,Virginia Beach,VA,23453,United States,N,N
EOQ976133,1407,Billing,,Tidewater Valve and Fitting,,2825 Crusader Circle ,,Virginia Beach,VA,23453-3133,United States,Y,N
EOQ976133,1407,Shipping,,Tidewater Valve and Fitting,,2825 Crusader Circle ,,Virginia Beach,VA,23453-3133,United States,N,Y
ISE939304,1408,Mailing,,Toyota,,,,,,,,N,N
ISE939304,1408,Billing,,Toyota,,,,,,,,Y,N
ISE939304,1408,Shipping,,Toyota,,,,,,,,N,Y
UAM466001,1409,Mailing,,"McKinnon and Harris, Inc.",,1722 Arlington Rd,,Richmond,VA,23230,United States,N,N
UAM466001,1409,Billing,,"McKinnon and Harris, Inc.",,1722 Arlington Rd,,Richmond,VA,23230,United States,Y,N
UAM466001,1409,Shipping,,"McKinnon and Harris, Inc.",,1722 Arlington Rd,,Richmond,VA,23230,United States,N,Y
WAV615718,1410,Mailing,,Monte's Pinstriping (Atlantic Pinstriping),,4108 Matthews Indian Trail Rd.,,Matthews,NC,28104,United States,N,N
WAV615718,1410,Billing,,Monte's Pinstriping (Atlantic Pinstriping),,PO Box 2309,,Indian Trail,NC,28079,United States,Y,N
WAV615718,1410,Shipping,,Monte's Pinstriping (Atlantic Pinstriping),,4108 Matthews Indian Trail Rd.,,Matthews ,NC,28104,United States,N,Y
OFT322243,1411,Mailing,,Hisco - NJ,,,,,,,,N,N
OFT322243,1411,Billing,,Hisco - NJ,,55 Veronica Avenue,,Somerset,NJ,08873,United States,Y,N
OFT322243,1411,Shipping,,Hisco - NJ,,55 Veronica Avenue,,Somerset,NJ,08873-3448,United States,N,Y
IPR860545,1412,Mailing,,CED/Evansville Supply Co.,,801 John Street,,Evansville,IN,47713,United States,N,N
IPR860545,1412,Billing,,CED/Evansville Supply Co.,,6802 Loehrlein Drive,,Evansville,IN,47715,United States,Y,N
IPR860545,1412,Shipping,,CED/Evansville Supply Co.,,801 John Street,,Evansville,IN,47713,United States,N,Y
QGE202945,1413,Mailing,,Adhesive Applications,,41 O'Neil Street,,Easthampton,MA,01027,United States,N,N
QGE202945,1413,Billing,,Adhesive Applications,,41 O'Neil Street,,Easthampton,MA,01027,United States,Y,N
QGE202945,1413,Shipping,,Adhesive Applications,,41 O'Neil Street,,Easthampton,MA,01027,United States,N,Y
WIV771726,1414,Mailing,,Packaging Services of Maryland,,16461 Elliott Parkway,P.O. Box 650,Williamsport,MD,21795,United States,N,N
WIV771726,1414,Billing,,Packaging Services of Maryland,,16461 Elliott Parkway,,Williamsport,MD,21795,United States,Y,N
WIV771726,1414,Shipping,,Packaging Services of Maryland,,16461 Elliott Parkway,,Williamsport,MD,21795,United States,N,Y
UDE704608,1415,Mailing,,Veritiv - Appleton,,,,,,,,N,N
UDE704608,1415,Billing,,Veritiv - Appleton,,PO Box 45192,,Jacksonville,FL,65565-5192,United States,Y,N
UDE704608,1415,Shipping,,Veritiv - Appleton,,3551 East Vantage Dr,,Appleton,WI,54915,United States,N,Y
YPW441067,1416,Mailing,,"IFE North America, Inc. / Knorr Brake Corporation",,1 Arthur Peck Dr,,Westminster,MD,21157,United States,N,N
YPW441067,1416,Billing,,"IFE North America, Inc. / Knorr Brake Corporation",,PO Box 127,,Watertown,NY,13601,United States,Y,N
YPW441067,1416,Shipping,,"IFE North America, Inc. / Knorr Brake Corporation",,1 Arthur Peck Dr,,Westminster,MD,21157,United States,N,Y
QFM447338,1417,Mailing,,"Honda of America Mfg., Inc.",,Marysville Automobile Plant,24000 Honda Parkway,Marysville,OH,43040-9251,United States,N,N
QFM447338,1417,Billing,,"Honda of America Mfg., Inc.",,Marysville Automobile Plant,24000 Honda Parkway,Marysville,OH,43040-9251,United States,Y,N
QFM447338,1417,Shipping,,"Honda of America Mfg., Inc.",,24000 Honda Parkway,,Marysville,OH,43040,United States,N,Y
EIW191334,1418,Mailing,,Veritiv - Denver,,3900 Lima Street,,Denver,CO,80239,United States,N,N
EIW191334,1418,Billing,,Veritiv - Denver,,P. O. Box 415195,,Jacksonville,FL,32232-5755,United States,Y,N
EIW191334,1418,Shipping,,Veritiv - Denver,,3900 Lima Street,,Denver,CO,80239,United States,N,Y
WAR202131,1419,Mailing,,Electric Motion Company,,110 John G Groppo Drv,,Winsted,CT,06098,United States,N,N
WAR202131,1419,Billing,,Electric Motion Company,,110 John G Groppo Drv,,Winsted,CT,06098,United States,Y,N
WAR202131,1419,Shipping,,Electric Motion Company,,157 Colebrook River Road,,Winsted,CT,06098,United States,N,Y
WDN251401,1420,Mailing,,Bourns Inc. ,,1200 Columbia Avenue,,Riverside,CA,92507,United States,N,N
WDN251401,1420,Billing,,Bourns Inc. ,,1200 Columbia Avenue,,Riverside,CA,92507,United States,Y,N
WDN251401,1420,Shipping,,Bourns Inc. ,,9560 Joe Rodriguez Dr.,C/O Space Border Logistics ,El Paso,TX,79927,United States,N,Y
TFV767893,1421,Mailing,,"Standard Motor Products, Inc. W & C",,1718 North Home Street,,Mishawaka,IN,46545-7200,United States,N,N
TFV767893,1421,Billing,,"Standard Motor Products, Inc. W & C",,5150 Pelham Road,,Greenville,SC,29615,United States,Y,N
TFV767893,1421,Shipping,,"Standard Motor Products, Inc. W & C",,5300 George  McVay Drive Ste 204,C/O Protrans,McAllen,TX,78503,United States,N,Y
ROM408063,1422,Mailing,,Judco Manufacturing,,1429 W. 240th Street,,Harbor City,CA,90710,United States,N,N
ROM408063,1422,Billing,,Judco Manufacturing,,1429 W. 240th Street,,Harbor City,CA,90710,United States,Y,N
ROM408063,1422,Shipping,,Judco Manufacturing,,1429 W. 240th Street,,Harbor City,CA,90710,United States,N,Y
OFN508164,1423,Mailing,,BGR's Label Printing  (Formerly Triangle Label),,6392 Gano Road,,West Chester,OH,45069,United States,N,N
OFN508164,1423,Billing,,BGR's Label Printing  (Formerly Triangle Label),,6392 Gano Road,,West Chester,OH,45069-4869,United States,Y,N
OFN508164,1423,Shipping,,BGR's Label Printing  (Formerly Triangle Label),,6392 Gano Road,,West Chester,OH,45069,United States,N,Y
YGR341892,1424,Mailing,,"Industrial Packaging Supplies, Inc. ( IPS )",,P. O. Box 2009,,Fountain Inn,SC,29644,United States,N,N
YGR341892,1424,Billing,,"Industrial Packaging Supplies, Inc. ( IPS )",,P. O. Box 2009,,Fountain Inn,SC,29644,United States,Y,N
YGR341892,1424,Shipping,,"Industrial Packaging Supplies, Inc. ( IPS )",,306 Wilson Bridge Road,,Fountain Inn,SC,29644,United States,N,Y
ESV287306,1425,Mailing,,"MSC Industrial Direct Co., Inc.",,Attn: Accounts Payable,P. O. Box 9073,Melville,NY,11747,United States,N,N
ESV287306,1425,Billing,,"MSC Industrial Direct Co., Inc.",,Attn: Accounts Payable,P. O. Box 9073,Melville,NY,11747,United States,Y,N
ESV287306,1425,Shipping,,"MSC Industrial Direct Co., Inc.",,P. O. Box 9073,,Melville,NY,11747,United States,N,Y
IFV603349,1426,Mailing,,Eastern Technical Corporation,,10195 Maxine Street,,Ellicott City,MD,21042,United States,N,N
IFV603349,1426,Billing,,Eastern Technical Corporation,,10195 Maxine Street,,Ellicott City,MD,21042,United States,Y,N
IFV603349,1426,Shipping,,Eastern Technical Corporation,,10195 Maxine Street,,Ellicott City,MD,21042,United States,N,Y
TAM382648,1427,Mailing,,Teknion Ltd,,195 Nantucket Blvd,,Scarborough,ON,M1P 2P2,Canada,N,N
TAM382648,1427,Billing,,Teknion Ltd,,1150 Flint Road,,Downsview,ON,M3J 2J5,Canada,Y,N
TAM382648,1427,Shipping,,Teknion Ltd,,195 Nantucket Blvd,,Scarborough,ON,M1P 2P2,Canada,N,Y
EDV128237,1428,Mailing,,Deco Sales Co.,,210-4 Carter Drive,,West Chester,PA,19382,United States,N,N
EDV128237,1428,Billing,,Deco Sales Co.,,P. O. Box 2524,,West Chester,PA,19380,United States,Y,N
EDV128237,1428,Shipping,,Deco Sales Co.,,209 Carter Drive,,West Chester,PA,19382,United States,N,Y
TOB630076,1429,Mailing,,"IZI Medical Products, Inc.",,"5 Easter Court, Suite J",,Owings Mills,MD,21117,United States,N,N
TOB630076,1429,Billing,,"IZI Medical Products, Inc.",,"5 Easter Court, Suite J",,Owings Mills,MD,21117,United States,Y,N
TOB630076,1429,Shipping,,"IZI Medical Products, Inc.",,"5 Easter Court, Suite J",,Owings Mills,MD,21117,United States,N,Y
OSW729934,1430,Mailing,,Veritiv - St. Louis,,Shared Services Center,P. O. Box 6519,Jacksonville,FL,32236-5192,United States,N,N
OSW729934,1430,Billing,,Veritiv - St. Louis,,Shared Services Center,P. O. Box 45192,Jacksonville,FL,32232-5192,United States,Y,N
OSW729934,1430,Shipping,,Veritiv - St. Louis,,8195 Lackland Road,,St. Louis,MO,63114,United States,N,Y
11870,1431,Mailing,,McAuliffe's Industrial LLC,,1297 West 5th Street,,Marysville,OH,43040,United States,N,N
11870,1431,Billing,,McAuliffe's Industrial LLC,,1297 West 5th Street,,Marysville,OH,43040,United States,Y,N
11870,1431,Shipping,,McAuliffe's Industrial LLC,,1297 West 5th Street,,Marysville,OH,43040,United States,N,Y
11884,1432,Mailing,,Tobyhanna Army Depot,,11 Hap Arnold Blvd.,Attn: Amsel-TY,Tobyhanna ,PA,18466-5091,United States,N,N
11884,1432,Billing,,Tobyhanna Army Depot,,11 Hap Arnold Blvd.,,Tobyhanna ,PA,18466-5091,United States,Y,N
11884,1432,Shipping,,Tobyhanna Army Depot,,"Attn.: ASARS 9025, Receiving 1 CB 6",11 Hap Arnold Blvd.,Tobyhanna ,PA,18466-5091,United States,N,Y
11892,1433,Mailing,,"Infrared Tools, LLC ( IR.TOOLS )",,2147 Priest Bridge Dr.,Ste 9,Crofton,MD,21114,United States,N,N
11892,1433,Billing,,"Infrared Tools, LLC ( IR.TOOLS )",,2147 Priest Bridge Drive,Ste 9,Crofton,MD,21114,United States,Y,N
11892,1433,Shipping,,"Infrared Tools, LLC ( IR.TOOLS )",,1612 Professional Blvd,Ste AB,Crofton,MD,21114,United States,N,Y
11957,1434,Mailing,,"North East Technical Services, Inc.",,"75 Aileron Ct., Suite 4",,Westminster,MD,21157,United States,N,N
11957,1434,Billing,,"North East Technical Services, Inc.",,"75 Aileron Ct., Suite 4",,Westminster,MD,21157,United States,Y,N
11957,1434,Shipping,,"North East Technical Services, Inc.",,"75 Aileron Ct., Suite 4",,Westminster,MD,21157,United States,N,Y
11982,1435,Mailing,,"Advanced Metal Concepts, Inc.",,"4376 Kirkwood St. Georges Rd., Unit D",Unit D,Bear,DE,19701,United States,N,N
11982,1435,Billing,,"Advanced Metal Concepts, Inc.",,"4376 Kirkwood St. Georges Rd., Unit D",Unit D,Bear,DE,19701,United States,Y,N
11982,1435,Shipping,,"Advanced Metal Concepts, Inc.",,"4376 Kirkwood St. Georges Rd., Unit D",Unit D,Bear,DE,19701,United States,N,Y
12015,1436,Mailing,,Nokia,,12278 Scripps Summit Drive,,San Diego,CA,92131,United States,N,N
12015,1436,Billing,,Nokia,,12278 Scripps Summit Drive,,San Diego,CA,92131,United States,Y,N
12015,1436,Shipping,,Nokia,,777 E Middlefield Road,,Mountain View,CA,94043,United States,N,Y
13063,1437,Mailing,,Tex Shield,,"2300 M Street, NW, Suite 800",,Washington,DC,20037,United States,N,N
13063,1437,Billing,,Tex Shield,,3 Bethesda Metro Center,"Ste 700, Attn: Paul C. Palmer",Bethesda,MD,20814,United States,Y,N
13063,1437,Shipping,,Tex Shield,,3 Bethesda Metro Center,"Ste 700, Attn: Paul C. Palmer",Bethesda,MD,20814,United States,N,Y
13071,1438,Mailing,,Ford Motor Co. - Missouri,,5850 Mercury Drive,,Dearborn,MI,48126,United States,N,N
13071,1438,Billing,,Ford Motor Co. - Missouri,,5850 Mercury Drive,,Dearborn,MI,48126,United States,Y,N
13071,1438,Shipping,,Ford Motor Co. - Missouri,,1501 Claycomo Rd.,,Liberty,MO,64068-8939,United States,N,Y
13109,1439,Mailing,,Crown Packaging Corp. Antioch,,"1418 Antioch Pike, Suite 201",,Antioch,TN,37013,United States,N,N
13109,1439,Billing,,Crown Packaging Corp. Antioch,,17854 Chesterfield Airport Rd.,,Chesterfield,MO,63005,United States,Y,N
13109,1439,Shipping,,Crown Packaging Corp. Antioch,,5050 Harding Place Road,,Nashville,TN,37211,United States,N,Y
13127,1440,Mailing,,Ford Motor Co. - Dearborn Truck,,Dearborn Truck Plant,5850 Mercury Rd.,Dearborn,MI,48126,United States,N,N
13127,1440,Billing,,Ford Motor Co. - Dearborn Truck,,5850 Mercury Rd.,,Dearborn,MI,48126,United States,Y,N
13127,1440,Shipping,,Ford Motor Co. - Dearborn Truck,,3001 Miller Rd.,Dearborn Truck/Paint Dept./General Stores,Dearborn,MI,48121,United States,N,Y
13148,1441,Mailing,,Ford Motor Co. of Canada Ltd.,,5850 Mercury Dr.,,Dearborn,MI,48126,United States,N,N
13148,1441,Billing,,Ford Motor Co. of Canada Ltd.,,5850 Mercury Dr.,,Dearborn,MI,48126,United States,Y,N
13148,1441,Shipping,,Ford Motor Co. of Canada Ltd.,,The Canadian Rd./Door 88/Gen. Stores,BROKER: Livingston,Oakville,ON,L6J 5C9,Canada,N,Y
13184,1442,Mailing,,"OBBCO Safety & Supply, Inc. (Motion Industries)",,1737 South Park Court,,Chesapeake,VA,23320,United States,N,N
13184,1442,Billing,,"OBBCO Safety & Supply, Inc. (Motion Industries)",,PO Box 1655,c/o Motion Industries,Birmingham,AL,35201,United States,Y,N
13184,1442,Shipping,,"OBBCO Safety & Supply, Inc. (Motion Industries)",,1737 South Park Court,,Chesapeake,VA,23320,United States,N,Y
13199,1443,Mailing,,"3M Company, Inc",,,,,,,,N,N
13199,1443,Billing,,"3M Company, Inc",,P. O. Box 33121,,St. Paul,MN,55133,United States,Y,N
13199,1443,Shipping,,"3M Company, Inc",,,,,,,,N,Y
13226,1444,Mailing,,Ford Motor Co. - Louisville Assembly,,5850 Mercury Dr.,,Dearborn,MI,48126,United States,N,N
13226,1444,Billing,,Ford Motor Co. - Louisville Assembly,,5850 Mercury Dr.,,Dearborn,MI,48126,United States,Y,N
13226,1444,Shipping,,Ford Motor Co. - Louisville Assembly,,2000 Fern Valley Rd. ,General Stores,Louisville,KY,40213,United States,N,Y
13238,1445,Mailing,,General Motors Corp. - Hamtramck,,2500 E. General Motors Blvd.,,Detroit,MI,48211,United States,N,N
13238,1445,Billing,,General Motors Corp. - Hamtramck,,PO BOX 982002,,El Paso,TX,79998-2002,United States,Y,N
13238,1445,Shipping,,General Motors Corp. - Hamtramck,,2500 E. General Motors Blvd.,Attn: Ann Kunitz - APA Stores GT 5,Detroit,MI,48211,United States,N,Y
13241,1446,Mailing,,"Tape Innovations, LLC",,"201 East Risinger Road, Ste. 101",,Fort Worth,TX,76140,United States,N,N
13241,1446,Billing,,"Tape Innovations, LLC",,"201 East Risinger Road, Ste. 101",,Fort Worth,TX,76140,United States,Y,N
13241,1446,Shipping,,"Tape Innovations, LLC",,"201 East Risinger Road, Ste. 101",,Fort Worth,TX,76140,United States,N,Y
13248,1447,Mailing,,"McQ., Inc.",,1551 Forbes Street,,Fredericksburg,VA,22405,United States,N,N
13248,1447,Billing,,"McQ., Inc.",,1551 Forbes Street,,Fredericksburg,VA,22405-1603,United States,Y,N
13248,1447,Shipping,,"McQ., Inc.",,1551 Forbes Street,,Fredericksburg,VA,22405,United States,N,Y
13276,1448,Mailing,,Ford Motor Co. - Rawsonville,,,,,,,,N,N
13276,1448,Billing,,Ford Motor Co. - Rawsonville,,5850 Mercury Dr.,,Dearborn,MI,48126,United States,Y,N
13276,1448,Shipping,,Ford Motor Co. - Rawsonville,,10300 Textile Road,,Ypsilanti,MI,48197,United States,N,Y
13293,1449,Mailing,,TriStar,,,,,,,,N,N
13293,1449,Billing,,TriStar,,906 Boston Turnpike,,Shrewsbury,MA,01545,United States,Y,N
13293,1449,Shipping,,TriStar,,6701-K Northpark Blvd.,,Charlotte,NC,28216,United States,N,Y
13310,1450,Mailing,,"Fujitsu Components America, Inc.",,"2290 North 1St Street, Suite 212",,San Jose,CA,95131,United States,N,N
13310,1450,Billing,,"Fujitsu Components America, Inc.",,350 Cobalt Way M/S 160,,Sunnyvale,CA,94085,United States,Y,N
13310,1450,Shipping,,"Fujitsu Components America, Inc.",,"1650 Las Plumas Ave., Suite H",,San Jose,CA,95133,United States,N,Y
13312,1451,Mailing,,"Ford Motor Co. - Pilot Plant, Allen Park",,,,,,,,N,N
13312,1451,Billing,,"Ford Motor Co. - Pilot Plant, Allen Park",,17000 Oakwood Blvd.,,Allen Park,MI,48101,United States,Y,N
13312,1451,Shipping,,"Ford Motor Co. - Pilot Plant, Allen Park",,17000 Oakwood Blvd. ,Attn.: General Stores,Allen Park,MI,48101,United States,N,Y
13322,1452,Mailing,,Ford Motor Co. - Ohio Assembly Plant-Avon Lake,,,,,,,,N,N
13322,1452,Billing,,Ford Motor Co. - Ohio Assembly Plant-Avon Lake,,650 Miller Road,,Avon Lake,OH,44012,United States,Y,N
13322,1452,Shipping,,Ford Motor Co. - Ohio Assembly Plant-Avon Lake,,650 Miller Road,,Avon Lake,OH,44012,United States,N,Y
13333,1453,Mailing,,Ford Motor Co. - Romulus  AF30A,,,,,,,,N,N
13333,1453,Billing,,Ford Motor Co. - Romulus  AF30A,,FCSD Parts Redistribution Center,25555 Pennsylvania Road,Romulus,MI,48174,United States,Y,N
13333,1453,Shipping,,Ford Motor Co. - Romulus  AF30A,,FCSD Parts Redistribution Center,25555 Pennsylvania Road,Romulus,MI,48174,United States,N,Y
13348,1454,Mailing,,Chrysler - Warren Truck Assembly,,21500 Mound Rd.,,Warren,MI,48091,United States,N,N
13348,1454,Billing,,Chrysler - Warren Truck Assembly,,800 Chrysler Dr.,,Auburn Hills,MI,48326,United States,Y,N
13348,1454,Shipping,,Chrysler - Warren Truck Assembly,,21500 Mound Rd.,,Warren,MI,48091,United States,N,Y
13371,1455,Mailing,,Rockwell Collins (Collins Aerospace),,400 Collins Rd. NE,,Cedar Rapids,IA,52498,United States,N,N
13371,1455,Billing,,Rockwell Collins (Collins Aerospace),,100 W Hibiscus Blvd,,Melbourne,FL,32901,United States,Y,N
13371,1455,Shipping,,Rockwell Collins (Collins Aerospace),,,,,,,,N,Y
13376,1456,Mailing,,Ford Motor Co. - Cleveland Engine 1 ,,,,,,,,N,N
13376,1456,Billing,,Ford Motor Co. - Cleveland Engine 1 ,,17601 Brookpark Road,,Brookpark,OH,44142,United States,Y,N
13376,1456,Shipping,,Ford Motor Co. - Cleveland Engine 1 ,,17601 Brookpark Road,,Brookpark,OH,44142,United States,N,Y
13380,1457,Mailing,,Ford Motor Co. - Chicago Assembly,,,,,,,,N,N
13380,1457,Billing,,Ford Motor Co. - Chicago Assembly,,12600 S. Torrence Avenue,,Chicago,IL,60633,United States,Y,N
13380,1457,Shipping,,Ford Motor Co. - Chicago Assembly,,12600 S. Torrence Avenue,General Stores,Chicago,IL,60633,United States,N,Y
13388,1458,Mailing,,Consumer Product Testing Co.,,70 New Dutch Lane,,Fairfield,NJ,07004,United States,N,N
13388,1458,Billing,,Consumer Product Testing Co.,,70 New Dutch Lane,,Fairfield,NJ,07004,United States,Y,N
13388,1458,Shipping,,Consumer Product Testing Co.,,70 New Dutch Lane,,Fairfield,NJ,07004,United States,N,Y
13417,1459,Mailing,,Chrysler Toledo Assembly Plant,,Corporate Accts Payable,PO Box 537927,Livonia,MI,48153,United States,N,N
13417,1459,Billing,,Chrysler Toledo Assembly Plant,,Corporate Accts Payable,PO Box 537927,Livonia,MI,48153,United States,Y,N
13417,1459,Shipping,,Chrysler Toledo Assembly Plant,,4400 Chrysler Dr,,Toledo,OH,43608,United States,N,Y
13420,1460,Mailing,,Ellsworth Adhesives -  Germantown (WI),,W 129 N 10825,Washington Dr.,Germantown,WI,53022,United States,N,N
13420,1460,Billing,,Ellsworth Adhesives -  Germantown (WI),,P. O. Box 1002,,Germantown,WI,53022,United States,Y,N
13420,1460,Shipping,,Ellsworth Adhesives -  Germantown (WI),,W 129 N 10825 Washington Drive,,Germantown,WI,53022,United States,N,Y
13423,1461,Mailing,,Proto Labels,,101 South Kane Street,,Baltimore,MD,21224,United States,N,N
13423,1461,Billing,,Proto Labels,,101 South Kane Street,,Baltimore,MD,21224,United States,Y,N
13423,1461,Shipping,,Proto Labels,,101 South Kane Street,,Baltimore,MD,21224,United States,N,Y
13425,1462,Mailing,,Dillon Supply,,440 Civic Boulevard,,Raleigh,NC,27610,United States,N,N
13425,1462,Billing,,Dillon Supply,,P. O. Box 14535,,Raleigh,NC,27620,United States,Y,N
13425,1462,Shipping,,Dillon Supply,,1551 North Liberty Street,,Harrisonburg,VA,22802,United States,N,Y
13460,1463,Mailing,,Ford Motor Co. - Flat Rock,,,,,,,,N,N
13460,1463,Billing,,Ford Motor Co. - Flat Rock,,One International Drive,,Flat Rock,MI,48134,United States,Y,N
13460,1463,Shipping,,Ford Motor Co. - Flat Rock,,One International Drive,Attn: General Stores,Flat Rock,MI,48134,United States,N,Y
13463,1464,Mailing,,Ford Motor Co. - Village Road,,,,,,,,N,N
13463,1464,Billing,,Ford Motor Co. - Village Road,,1451 Village Road,,Dearborn,MI,48121,United States,Y,N
13463,1464,Shipping,,Ford Motor Co. - Village Road,,1451 Village Road/Central Crib,Engine Services Building,Dearborn,MI,48121,United States,N,Y
13479,1465,Mailing,,Ford Motor Co. - T & C Sharonville,,,,,,,,N,N
13479,1465,Billing,,Ford Motor Co. - T & C Sharonville,,3000 Sharon Road,,Sharonville,OH,45241,United States,Y,N
13479,1465,Shipping,,Ford Motor Co. - T & C Sharonville,,3000 Sharon Road,Attn: Tool Room,Sharonville,OH,45241,United States,N,Y
13483,1466,Mailing,,Ford Motor Co. - Kansas City Assembly,,,,,,,,N,N
13483,1466,Billing,,Ford Motor Co. - Kansas City Assembly,,U S Hwy. 69,,Claycomo,MO,64119,United States,Y,N
13483,1466,Shipping,,Ford Motor Co. - Kansas City Assembly,,8121 NE U S Hwy. 69,Attn General Stores,Claycomo,MO,64119,United States,N,Y
13489,1467,Mailing,,Ford Motor Co. - Kansas City Paint,,,,,,,,N,N
13489,1467,Billing,,Ford Motor Co. - Kansas City Paint,,1601 Claycomo RD /Paint Facility,,Liberty,MO,64068-0009,United States,Y,N
13489,1467,Shipping,,Ford Motor Co. - Kansas City Paint,,1601 Claycomo RD /Paint Facility,,Liberty,MO,64068-0009,United States,N,Y
13508,1468,Mailing,,Ford Motor Co. - Lima Engine   EF06A,,,,,,,,N,N
13508,1468,Billing,,Ford Motor Co. - Lima Engine   EF06A,,1155 Bible Road,Non Production Tool Crib,Lima,OH,45801,United States,Y,N
13508,1468,Shipping,,Ford Motor Co. - Lima Engine   EF06A,,1155 Bible Road,Non Production Tool Crib,Lima,OH,45801,United States,N,Y
13530,1469,Mailing,,Helicomb International,,1402 S. 69th E. Ave.,,Tulsa,OK,74112-6603,United States,N,N
13530,1469,Billing,,Helicomb International,,1402 S. 69th E. Ave.,,Tulsa,OK,74112-6603,United States,Y,N
13530,1469,Shipping,,Helicomb International,,1402 S. 69th E. Ave.,,Tulsa,OK,74112-6603,United States,N,Y
13534,1470,Mailing,,Ford Motor Co. - Diversified Mfg. Plant,,,,,,,,N,N
13534,1470,Billing,,Ford Motor Co. - Diversified Mfg. Plant,,3001 Miller/Crib 223-L23,,Dearborn,MI,48120,United States,Y,N
13534,1470,Shipping,,Ford Motor Co. - Diversified Mfg. Plant,,"Crib 223, LOC L-23 (R. Lustig)",3001 Miller/Crib 223-L23,Dearborn,MI,48120,United States,N,Y
13544,1471,Mailing,,"Tenneco, Inc.",,33 Lockwood Road,,Milan,OH,44846,United States,N,N
13544,1471,Billing,,"Tenneco, Inc.",,33 Lockwood Road,,Milan,OH,44846,United States,Y,N
13544,1471,Shipping,,"Tenneco, Inc.",,33 Lockwood Road,,Milan,OH,44846,United States,N,Y
13546,1472,Mailing,,Rubbertec,,7580 Commerce Ct.,,Lewis Center,OH,43035,United States,N,N
13546,1472,Billing,,Rubbertec,,7580 Commerce Ct.,,Lewis Center,OH,43035,United States,Y,N
13546,1472,Shipping,,Rubbertec,,7580 Commerce Ct.,Elledge Gasket,Lewis Center,OH,43035,United States,N,Y
13555,1473,Mailing,,Ford Dearborn Engine & Fuel Tank  EF03A,,,,,,,,N,N
13555,1473,Billing,,Ford Dearborn Engine & Fuel Tank  EF03A,,3001 Miller Road,,Dearborn,MI,48120,United States,Y,N
13555,1473,Shipping,,Ford Dearborn Engine & Fuel Tank  EF03A,,3001 Miller Road,Attn:  Crib 270,Dearborn,MI,48120,United States,N,Y
13560,1474,Mailing,,Lamart Corporation,,16 Richmond St.,,Clifton,NJ,07015,United States,N,N
13560,1474,Billing,,Lamart Corporation,,16 Richmond St.,,Clifton,NJ,07015,United States,Y,N
13560,1474,Shipping,,Lamart Corporation,,16 Richmond St.,,Clifton,NJ,07015,United States,N,Y
13561,1475,Mailing,,Ford Michigan Truck   AP02F,,,,,,,,N,N
13561,1475,Billing,,Ford Michigan Truck   AP02F,,38000 Van Born/Body Shop,,Wayne,MI,48184,United States,Y,N
13561,1475,Shipping,,Ford Michigan Truck   AP02F,,38000 Van Born/Body Shop,Attn: General Stores,Wayne,MI,48184,United States,N,Y
13578,1476,Mailing,,Gentex Corp,,600 North Centennial Street,,Zeeland,MI,49464,United States,N,N
13578,1476,Billing,,Gentex Corp,,600 North Centennial Street,Attn:  Accounts Payable,Zeeland,MI,49464,United States,Y,N
13578,1476,Shipping,,Gentex Corp,,600 North Centennial Street,East Dock Doors 1E-6E,Zeeland,MI,49464,United States,N,Y
13590,1477,Mailing,,Johns Hopkins Univ. Dept. of Physics and Astronomy,,3701 San Martin Drive,Department of Physics and Astronomy Instrument Development Group ,Baltimore,MD,21218,United States,N,N
13590,1477,Billing,,Johns Hopkins Univ. Dept. of Physics and Astronomy,,3701 San Martin Drive,Department of Physics and Astronomy Instrument Development Group ,Baltimore,MD,21218,United States,Y,N
13590,1477,Shipping,,Johns Hopkins Univ. Dept. of Physics and Astronomy,,3701 San Martin Drive,Department of Physics and Astronomy Instrument Development Group ,Baltimore,MD,21218,United States,N,Y
13614,1478,Mailing,,King Mountain Tobacco,,,,,,,,N,N
13614,1478,Billing,,King Mountain Tobacco,,2000 Ft. Simco Road,,White Swan,WA,98952,United States,Y,N
13614,1478,Shipping,,King Mountain Tobacco,,2000 Ft. Simco Road,,White Swan,WA,98952,United States,N,Y
13621,1479,Mailing,,"Amphenol Intercon Systems, Inc.",,"825 Old Trail Road, Suite A",,Etters,PA,17319,United States,N,N
13621,1479,Billing,,"Amphenol Intercon Systems, Inc.",,"825 Old Trail Road, Suite A",,Etters,PA,17319,United States,Y,N
13621,1479,Shipping,,"Amphenol Intercon Systems, Inc.",,"825 Old Trail Road, Suite A",,Etters,PA,17319,United States,N,Y
13627,1480,Mailing,,RAM Technologies,,P.O. Box 27,4605 116th Street S.W.,Mukilteo,WA,98275,United States,N,N
13627,1480,Billing,,RAM Technologies,,P.O. Box 27,4605 116th Street S.W.,Mukilteo,WA,98275,United States,Y,N
13627,1480,Shipping,,RAM Technologies,,"4605  116th Street, S.W.",,Mukilteo,WA,98275,United States,N,Y
13629,1481,Mailing,,Mark Andy Print Products,,PO Box 17065,,Fernandina Beach,FL,32035,United States,N,N
13629,1481,Billing,,Mark Andy Print Products,,P. O. Box 1023,,Chesterfield,MO,63006,United States,Y,N
13629,1481,Shipping,,Mark Andy Print Products,,201 W. Oakton Street,,Des Plains,IL,60018,United States,N,Y
13632,1482,Mailing,,Premier Supply Company,,53372 Cobus Court,,Elkhart,IN,46514,United States,N,N
13632,1482,Billing,,Premier Supply Company,,53372 Cobus Court,,Elkhart,IN,46514,United States,Y,N
13632,1482,Shipping,,Premier Supply Company,,53372 Cobus Court,,Elkhart,IN,46514,United States,N,Y
13647,1483,Mailing,,Kenosha B.V.,,Schweitzerlaan 70,,1187 JD Amstelveen,,,Netherlands,N,N
13647,1483,Billing,,Kenosha B.V.,,Schweitzerlaan 24,,Amstelveen,,1187 JD ,Netherlands,Y,N
13647,1483,Shipping,,Kenosha B.V.,,Schweitzerlaan 70,,Amstelveen,,1187 JD ,Netherlands,N,Y
13649,1484,Mailing,,Ellsworth Adhesives - Mexico,,,,,,,,N,N
13649,1484,Billing,,Ellsworth Adhesives - Mexico,,P. O. Box 1002,,Germantown,WI,53022,United States,Y,N
13649,1484,Shipping,,Ellsworth Adhesives - Mexico,,Circuito Roble 1015,"Hacienda, del Nogal",Cd Juarez,Chih,32470,Mexico,N,Y
13651,1485,Mailing,,Protective Packaging Products P3,,1600 West Main St.,,Louisville,KY,40203,United States,N,N
13651,1485,Billing,,Protective Packaging Products P3,,PO Box 3585,,Louisville,KY,40201,United States,Y,N
13651,1485,Shipping,,Protective Packaging Products P3,,1600 West Main Street,,Louisville,KY,40203,United States,N,Y
13658,1486,Mailing,,"Materion Large Area Coatings, LLC.",,300 Lamberton Rd.,,Windsor,CT,06095,United States,N,N
13658,1486,Billing,,"Materion Large Area Coatings, LLC.",,300 Lamberton Rd.,,Windsor,CT,06095,United States,Y,N
13658,1486,Shipping,,"Materion Large Area Coatings, LLC.",,300 Lamberton Rd.,,Windsor,CT,06095,United States,N,Y
13660,1487,Mailing,,Murtech,,820 Cromwell Park Drive,,Glen Burnie,MD,21061,United States,N,N
13660,1487,Billing,,Murtech,,820 Cromwell Park Drive,,Glen Burnie,MD,21061,United States,Y,N
13660,1487,Shipping,,Murtech,,820 Cromwell Park Drive,,Glen Burnie,MD,21061,United States,N,Y
13674,1488,Mailing,,Letterkenny Army Depot,,1 Overcash Avenue,Amsam-LE-KO Bldg 2,Chambersburg,PA,17201-4150,United States,N,N
13674,1488,Billing,,Letterkenny Army Depot,,1 Overcash Avenue,Amsam-LE-KO Bldg 2,Chambersburg,PA,17201-4150,United States,Y,N
13674,1488,Shipping,,Letterkenny Army Depot,,"1 Overcash Ave., Bldg. 320 or advise",,Chambersburg,PA,17201-4150,United States,N,Y
13678,1489,Mailing,,Spaceage Tool and Manufacturing Inc.,,611 North Park,,St Ansgar,IA,50472,United States,N,N
13678,1489,Billing,,Spaceage Tool and Manufacturing Inc.,,611 North Park,,St Ansgar,IA,50472,United States,Y,N
13678,1489,Shipping,,Spaceage Tool and Manufacturing Inc.,,611 North Park,,St Ansgar,IA,50472,United States,N,Y
13687,1490,Mailing,,Veritiv - Orlando,,,,,,,,N,N
13687,1490,Billing,,Veritiv - Orlando,,"Attn: MAX A/P, P. O. Box 45195",,Jacksonville,FL,32232,United States,Y,N
13687,1490,Shipping,,Veritiv - Orlando,,4051 Phillips Highway,,Jacksonville,FL,32207,United States,N,Y
13689,1491,Mailing,,Ford Motor - Sterling Plant,,,,,,,,N,N
13689,1491,Billing,,Ford Motor - Sterling Plant,,39000 Mound Road,,Sterling Heights,MI,48310-2799,United States,Y,N
13689,1491,Shipping,,Ford Motor - Sterling Plant,,39000 Mound Road,,Sterling Heights,MI,48310-2799,United States,N,Y
13715,1492,Mailing,,Hubbard Supply,,901 W. 2nd. St,,Flint,MI,48503,United States,N,N
13715,1492,Billing,,Hubbard Supply,,901 W. 2nd. Street,,Flint,MI,48503,United States,Y,N
13715,1492,Shipping,,Hubbard Supply,,901 W. 2nd. Street,,Flint,MI,48503,United States,N,Y
13724,1493,Mailing,,Santa Fe Natural Tobacco Company,,,,,,,,N,N
13724,1493,Billing,,Santa Fe Natural Tobacco Company,,1 Plaza La Prensa,,Santa Fe,NM,87507,United States,Y,N
13724,1493,Shipping,,Santa Fe Natural Tobacco Company,,3220 Knotts Grove Road,Attn: Danny Arnold,Oxford,NC,27565,United States,N,Y
13734,1494,Mailing,,SAI Infusion Technologies,,278 Park Avenue,,Libertyville,IL,60046,United States,N,N
13734,1494,Billing,,SAI Infusion Technologies,,278 Park Avenue,,Libertyville,IL,60046,United States,Y,N
13734,1494,Shipping,,SAI Infusion Technologies,,278 Park Avenue,,Libertyville,IL,60046,United States,N,Y
13759,1495,Mailing,,MacKennan Labs,,,,,,,,N,N
13759,1495,Billing,,MacKennan Labs,,404 Forest Lane,,Salisbury,MD,21801,United States,Y,N
13759,1495,Shipping,,MacKennan Labs,,404 Forest Lane,,Salisbury,MD,21801,United States,N,Y
13774,1496,Mailing,,Ford Motor - Design Center,,,,,,,,N,N
13774,1496,Billing,,Ford Motor - Design Center,,21175 Oakwood Blvd.,,Dearborn,MI,48124,United States,Y,N
13774,1496,Shipping,,Ford Motor - Design Center,,21175 Oakwood Blvd.,,Dearborn,MI,48124,United States,N,Y
13779,1497,Mailing,,"QRC Technologies, Inc.",,,,,,,,N,N
13779,1497,Billing,,"QRC Technologies, Inc.",,1191 Central Park Blvd,,Fredericksburg,VA,22401,United States,Y,N
13779,1497,Shipping,,"QRC Technologies, Inc.",,,,,,,,N,Y
13789,1498,Mailing,,"Global Safety First, LLC",,"545 Washington Blvd., Suite 2",,Sea Girt,NJ,08750,United States,N,N
13789,1498,Billing,,"Global Safety First, LLC",,41 Leopard Road,"Paoli Executive Green I, Suite 200",Paoli,PA,19301,United States,Y,N
13789,1498,Shipping,,"Global Safety First, LLC",,"545 Washington Blvd., Suite 2",,Sea Girt,NJ,08750,United States,N,Y
13796,1499,Mailing,,"ProductDev, LLC",,1405 Ryan Road,,Fallston,MD,21047,United States,N,N
13796,1499,Billing,,"ProductDev, LLC",,1405 Ryan Road,,Fallston,MD,21047,United States,Y,N
13796,1499,Shipping,,"ProductDev, LLC",,1405 Ryan Road,,Fallston,MD,21047,United States,N,Y
13799,1500,Mailing,,Ford Motor Co. - Woodhaven Stamping Plant,,,,,,,,N,N
13799,1500,Billing,,Ford Motor Co. - Woodhaven Stamping Plant,,20900 West Road,,Woodhaven,MI,48183-3327,United States,Y,N
13799,1500,Shipping,,Ford Motor Co. - Woodhaven Stamping Plant,,20900 West Road,,Woodhaven,MI,48183-3327,United States,N,Y
13828,1501,Mailing,,Cowles Products,,,,,,,,N,N
13828,1501,Billing,,Cowles Products,,126 Bailey Road,,New Haven,CT,06473,United States,Y,N
13828,1501,Shipping,,Cowles Products,,83 Water Street,,New Haven,CT,06511,United States,N,Y
13835,1502,Mailing,,Stauffer Glove and Safety,,,,,,,,N,N
13835,1502,Billing,,Stauffer Glove and Safety,,PO Box 45,,Red Hill,PA,18076,United States,Y,N
13835,1502,Shipping,,Stauffer Glove and Safety,,361 East 6th Street,,Red Hill,PA,18076,United States,N,Y
13849,1503,Mailing,,Sherwin Williams Co,,101 Prospect Ave.,9th Floor Midland Bldg,Cleveland,OH,44115,United States,N,N
13849,1503,Billing,,Sherwin Williams Co,,PO Box 5819,,Cleveland,OH,44101,United States,Y,N
13849,1503,Shipping,,Sherwin Williams Co,,3205 East Lincolnway,,Sterling,IL,61081-1772,United States,N,Y
13852,1504,Mailing,,"Luckett Holdings, Inc.",,,,,,,,N,N
13852,1504,Billing,,"Luckett Holdings, Inc.",,"2000 Warrington Way, Suite 163",,Louisville,KY,40222,United States,Y,N
13852,1504,Shipping,,"Luckett Holdings, Inc.",,Compagnie Des Tabacs,"Comme IL Faut S. A.,Rte.De Cazeus/Tabarre",Port Au Prince,,,Haiti,N,Y
13853,1505,Mailing,,"AMZ West, Inc. (Formerly Tucker Industrial Liquid Coatings, Inc.)",,,,,,,,N,N
13853,1505,Billing,,"AMZ West, Inc. (Formerly Tucker Industrial Liquid Coatings, Inc.)",,2675 Eastern Blvd,,York,PA,17402,United States,Y,N
13853,1505,Shipping,,"AMZ West, Inc. (Formerly Tucker Industrial Liquid Coatings, Inc.)",,407 North Avenue,,East Berlin,PA,17316,United States,N,Y
13856,1506,Mailing,,L3 Harris Technologies,,1355 Bluegrass Lakes Parkway,,Alpharetta,GA,30004-8458,United States,N,N
13856,1506,Billing,,L3 Harris Technologies,,1355 Bluegrass Lakes Parkway,,Alpharetta,GA,30004-8458,United States,Y,N
13856,1506,Shipping,,L3 Harris Technologies,,1355 Bluegrass Lakes Parkway,Display Systems Division,Alpharetta,GA,30004-8458,United States,N,Y
13864,1507,Mailing,,Fastenal - McConnellsburg,,225 Lincoln Way W.,,McConnellsburg,PA,17233,United States,N,N
13864,1507,Billing,,Fastenal - McConnellsburg,,Attn: A/P,P. O. Box 529,Winona,MN,55987,United States,Y,N
13864,1507,Shipping,,Fastenal - McConnellsburg,,225 Lincoln Way W.,,McConnellsburg,PA,17233,United States,N,Y
13872,1508,Mailing,,TA Industrial,,PO Box 863,,Toledo,OH,43691,United States,N,N
13872,1508,Billing,,TA Industrial,,PO Box 863,,Toledo,OH,43691,United States,Y,N
13872,1508,Shipping,,TA Industrial,,7749 Ponderosa Road,,Perrysburg,OH,43551,United States,N,Y
13898,1509,Mailing,,Identco International,,,,,,,,N,N
13898,1509,Billing,,Identco International,,28164 West Concrete Drive,,Ingleside,IL,60041,United States,Y,N
13898,1509,Shipping,,Identco International,,28164 West Concrete Drive,,Ingleside,IL,60041,United States,N,Y
13915,1510,Mailing,,BDI,,14954 Bogle Drive,,Chantilly,VA,20151,United States,N,N
13915,1510,Billing,,BDI,,14954 Bogle Drive,,Chantilly,VA,20151,United States,Y,N
13915,1510,Shipping,,BDI,,14954 Bogle Drive,,Chantilly,VA,20151,United States,N,Y
13923,1511,Mailing,,Xerox Corporation,,Accounts Payable,P. O. Box 1560,Rochester,NY,14580-0420,United States,N,N
13923,1511,Billing,,Xerox Corporation,,Accounts Payable,P. O. Box 1560,Rochester,NY,14580-0420,United States,Y,N
13923,1511,Shipping,,Xerox Corporation,,27063 SW Canyon Creek Road,"Bldg#63 Dock, Doors 17-18",Wilsonville,OR,97070-9231,United States,N,Y
13941,1512,Mailing,,Peerless Supply,,1701 Guthrie Ave,,Des Moines,IA,50316,United States,N,N
13941,1512,Billing,,Peerless Supply,,1701 Guthrie Avenue,,Des Moines,IA,50316,United States,Y,N
13941,1512,Shipping,,Peerless Supply,,1701 Guthrie Avenue,,Des Moines,IA,50316,United States,N,Y
13958,1513,Mailing,,Medtronic,,,,,,,,N,N
13958,1513,Billing,,Medtronic,,PO Box 778,Accounts Payable,Minneapolis,MN,55440,United States,Y,N
13958,1513,Shipping,,Medtronic,,18000 Devonshire Street,Northridge Manufacturing,Northridge,CA,91325-1219,United States,N,Y
13961,1514,Mailing,,"MGS Group North America, Inc.",,Av. Juan Ruiz de Alarcon 345,Complejo Industrial Chihuahua,Chihuahua,Chih,31109,United States,N,N
13961,1514,Billing,,"MGS Group North America, Inc.",,W188 N11707 Maple Road,,Germantown,WI,53022,United States,Y,N
13961,1514,Shipping,,"MGS Group North America, Inc.",,9500 Plaza Circle,C/O Interload Forwarder,El Paso,TX,79927,United States,N,Y
13962,1515,Mailing,,Blaine Roberts,,1307 Manchester Road,,Chico,CA,95926,United States,N,N
13962,1515,Billing,,Blaine Roberts,,1307 Manchester Road,,Chico,CA,95926,United States,Y,N
13962,1515,Shipping,,Blaine Roberts,,1307 Manchester Road,,Chico,CA,95926,United States,N,Y
13970,1516,Mailing,,Meadwestvaco-Dublin (Westrock),,,,,,,,N,N
13970,1516,Billing,,Meadwestvaco-Dublin (Westrock),,84/85 Lagan Road,Dublin Industrial Estate,"Glasnevin, Dublin 11",,D11 H277,Ireland,Y,N
13970,1516,Shipping,,Meadwestvaco-Dublin (Westrock),,84/85 Lagan Road,Dublin Industrial Estate,"Glasnevin, Dublin 11",,,Ireland,N,Y
14012,1517,Mailing,,Dunmore International Corporation,,145 Wharton Road,,Bristol,PA,19007-1620,United States,N,N
14012,1517,Billing,,Dunmore International Corporation,,145 Wharton Road,,Bristol,PA,19007,United States,Y,N
14012,1517,Shipping,,Dunmore International Corporation,,145 Wharton Road,,Bristol,PA,19007,United States,N,Y
14014,1518,Mailing,,Meso Scale Discovery A division of Meso Scale Diagnostics,,1601 Research Boulevard,,Rockville,MD,20850,United States,N,N
14014,1518,Billing,,Meso Scale Discovery A division of Meso Scale Diagnostics,,1601 Research Boulevard,,Rockville,MD,20850,United States,Y,N
14014,1518,Shipping,,Meso Scale Discovery A division of Meso Scale Diagnostics,,9120 Gaither Road,,Gaithersburg,MD,20877,United States,N,Y
14028,1519,Mailing,,Sweet Home Ventures,,,,,,,,N,N
14028,1519,Billing,,Sweet Home Ventures,,20 Pennswood Drive,,Glenmoore,PA,19343,United States,Y,N
14028,1519,Shipping,,Sweet Home Ventures,,20 Pennswood Drive,,Glenmoore,PA,19343,United States,N,Y
14035,1520,Mailing,,Motion Industries - Kernersville,,,,,,,,N,N
14035,1520,Billing,,Motion Industries - Kernersville,,P. O. Box 1655,,Birmingham,AL,35201,United States,Y,N
14035,1520,Shipping,,Motion Industries - Kernersville,,1249 Shields Road,,Kernersville,NC,27284,United States,N,Y
14043,1521,Mailing,,"Guardian Industries (Formerly SRG Global, Inc.)",,800 Stephenson Highway,,Troy,MI,48083,United States,N,N
14043,1521,Billing,,"Guardian Industries (Formerly SRG Global, Inc.)",,800 Stephenson Highway,,Troy,MI,48083,United States,Y,N
14043,1521,Shipping,,"Guardian Industries (Formerly SRG Global, Inc.)",,601 N Congress Ave,,Evansville,IN,47715,United States,N,Y
14046,1522,Mailing,,"Hardware Specialty Co., Inc.",,48-75 36th Street,,Long Island City,NY,11101,United States,N,N
14046,1522,Billing,,"Hardware Specialty Co., Inc.",,4875 36th Street,,Long Island City,NY,11101,United States,Y,N
14046,1522,Shipping,,"Hardware Specialty Co., Inc.",,1951 Plaza Real,,Oceanside,CA,92056,United States,N,Y
14053,1523,Mailing,,Ford - Livonia Transmission Plant,,,,,,,,N,N
14053,1523,Billing,,Ford - Livonia Transmission Plant,,36200 Plymouth Road,,Livonia,MI,48150,United States,Y,N
14053,1523,Shipping,,Ford - Livonia Transmission Plant,,36200 Plymouth Road,,Livonia,MI,48150,United States,N,Y
14054,1524,Mailing,,Ford Motor Co. - Michigan Assembly Plant,,,,,,,,N,N
14054,1524,Billing,,Ford Motor Co. - Michigan Assembly Plant,,38303 Michigan Avenue,,Wayne,MI,48184,United States,Y,N
14054,1524,Shipping,,Ford Motor Co. - Michigan Assembly Plant,,38303 Michigan Avenue,,Wayne,MI,48184,United States,N,Y
14057,1525,Mailing,,R. G. Brewton,,,,,,,,N,N
14057,1525,Billing,,R. G. Brewton,,P. O. Box 562,,Lawrence,PA,15055-0562,United States,Y,N
14057,1525,Shipping,,R. G. Brewton,,1 Park Drive,,Lawrence,PA,15055,United States,N,Y
14074,1526,Mailing,,Thermo Fisher Scientific - Marietta,,401 Mill Creek Rd,,Marietta,OH,45750,United States,N,N
14074,1526,Billing,,Thermo Fisher Scientific - Marietta,,P. O. Box 649,,Marietta,OH,45750-0649,United States,Y,N
14074,1526,Shipping,,Thermo Fisher Scientific - Marietta,,401 Mill Creek Rd,,Marietta,OH,45750,United States,N,Y
14098,1527,Mailing,,Phillips Plastics Corporation - Phillips Medisize,,,,,,,,N,N
14098,1527,Billing,,Phillips Plastics Corporation - Phillips Medisize,,One Plastics Drive,Custom 1,Phillips,WI,54555,United States,Y,N
14098,1527,Shipping,,Phillips Plastics Corporation - Phillips Medisize,,One Plastics Drive,Custom 1,Phillips,WI,54555,United States,N,Y
14129,1528,Mailing,,"Able Industrial Products, Inc.",,2006 S. Baker Avenue,,Ontario,CA,91761-7709,United States,N,N
14129,1528,Billing,,"Able Industrial Products, Inc.",,2006 S. Baker Avenue,,Ontario,CA,91761-7709,United States,Y,N
14129,1528,Shipping,,"Able Industrial Products, Inc.",,,,,,,,N,Y
14172,1529,Mailing,,Ellsworth Adhesives - Centennial (CO),,7367 S. Revere Parkway,Unit 1C,Centennial,CO,80112-6766,United States,N,N
14172,1529,Billing,,Ellsworth Adhesives - Centennial (CO),,P. O. Box 1002,,Germantown,WI,53022,United States,Y,N
14172,1529,Shipping,,Ellsworth Adhesives - Centennial (CO),,7367 S. Revere Parkway,Unit 1C,Centennial,CO,80112-6766,United States,N,Y
14180,1530,Mailing,,Ellsworth Adhesives - Walnut Creek (CA),,1530 Shuey Ave,,Walnut Creek,CA,94596,United States,N,N
14180,1530,Billing,,Ellsworth Adhesives - Walnut Creek (CA),,P. O. Box 1002,,Germantown,WI,53022,United States,Y,N
14180,1530,Shipping,,Ellsworth Adhesives - Walnut Creek (CA),,1530 Shuey Ave,,Walnut Creek,CA,94596,United States,N,Y
14182,1531,Mailing,,"Surgical Solutions, a global unit of Covidien",,,,,,,,N,N
14182,1531,Billing,,"Surgical Solutions, a global unit of Covidien",,PO Box 778,,Minneapolis,MN,55440-2206,United States,Y,N
14182,1531,Shipping,,"Surgical Solutions, a global unit of Covidien",,5920 Longbow Drive,,Boulder,CO,80301,United States,N,Y
14184,1532,Mailing,,Hamamatsu Corp.,,250 Wood Ave,,Middlesex,NJ,08846,United States,N,N
14184,1532,Billing,,Hamamatsu Corp.,,P. O. Box 6910,360 Foothill Road,Bridgewater,NJ,08807-0910,United States,Y,N
14184,1532,Shipping,,Hamamatsu Corp.,,250 Wood Avenue,,Middlesex,NJ,08846,United States,N,Y
14186,1533,Mailing,,Ellsworth Adhesives - Irvine (CA),,,,,,,,N,N
14186,1533,Billing,,Ellsworth Adhesives - Irvine (CA),,P. O. Box 1002,,Germantown,WI,53022,United States,Y,N
14186,1533,Shipping,,Ellsworth Adhesives - Irvine (CA),,25 Hubble,,Irvine,CA,92618,United States,N,Y
14189,1534,Mailing,,Ellsworth Adhesives - Beaverton (OR),,10200 SW Allen Boulevard,Ste G,Beaverton,OR,97005,United States,N,N
14189,1534,Billing,,Ellsworth Adhesives - Beaverton (OR),,P. O. Box 1002,,Germantown,WI,53022,United States,Y,N
14189,1534,Shipping,,Ellsworth Adhesives - Beaverton (OR),,10200 SW Allen Boulevard,Ste G,Beaverton,OR,97005,United States,N,Y
14198,1535,Mailing,,Turner Supply,,P. O. Box 1428,,Mobile,AL,36633,United States,N,N
14198,1535,Billing,,Turner Supply,,P. O. Box 1428,,Mobile,AL,36633,United States,Y,N
14198,1535,Shipping,,Turner Supply,,401 North 33rd Street,,Birmingham,AL,35222,United States,N,Y
14201,1536,Mailing,,John Deere - Hitachi,,,,,,,,N,N
14201,1536,Billing,,John Deere - Hitachi,,1000 John Deere Road,,Kernersville,NC,27284,United States,Y,N
14201,1536,Shipping,,John Deere - Hitachi,,1000 Deere-Hitachi Road,,Kernersville,NC,27284,United States,N,Y
14203,1537,Mailing,,"CTW International, Inc.",,PO Box 926,72 Beebe River Rd.,Campton,NH,03223,United States,N,N
14203,1537,Billing,,"CTW International, Inc.",,737 Melrose Avenue,,Nashville,TN,37211,United States,Y,N
14203,1537,Shipping,,"CTW International, Inc.",,737 Melrose Avenue,,Nashville,TN,37211,United States,N,Y
14237,1538,Mailing,,Thermal Circuits,,1 Technology Way,Technology Park,Salem,MA,01970,United States,N,N
14237,1538,Billing,,Thermal Circuits,,1 Technology Way,Technology Park,Salem,MA,01970,United States,Y,N
14237,1538,Shipping,,Thermal Circuits,,1 Technology Way,Technology Park,Salem,MA,01970,United States,N,Y
14239,1539,Mailing,,Morphix Technologies,,2557 Production Road,,Virginia Beach,VA,23454,United States,N,N
14239,1539,Billing,,Morphix Technologies,,2557 Production Road,,Virginia Beach,VA,23454,United States,Y,N
14239,1539,Shipping,,Morphix Technologies,,2557 Production Road,,Virginia Beach,VA,23454,United States,N,Y
14260,1540,Mailing,,"Clover Technologies Group, LLC.",,,,,,,,N,N
14260,1540,Billing,,"Clover Technologies Group, LLC.",,4200 Columbus Street,,Ottawa,IL,61350,United States,Y,N
14260,1540,Shipping,,"Clover Technologies Group, LLC.",,325 Weakley  Road,,Calexico,CA,92231,United States,N,Y
14263,1541,Mailing,,Ford Motor Co. - Dearborn Tool & Die,,,,,,,,N,N
14263,1541,Billing,,Ford Motor Co. - Dearborn Tool & Die,,3001 Miller Road,,Dearborn,MI,48120,United States,Y,N
14263,1541,Shipping,,Ford Motor Co. - Dearborn Tool & Die,,3001 Miller Road LOC A 37,GG-93 Annex - Stores Crib,Dearborn,MI,48120,United States,N,Y
14264,1542,Mailing,,Elcoma Metal Fabricating,,521 Lawrence Road  N E,,Canton,OH,44704,United States,N,N
14264,1542,Billing,,Elcoma Metal Fabricating,,521 Lawrence Road  N E,,Canton,OH,44704,United States,Y,N
14264,1542,Shipping,,Elcoma Metal Fabricating,,521 Lawrence Road  N E,,Canton,OH,44704,United States,N,Y
14274,1543,Mailing,,"Scienstry, Inc.",,"1110 E. Collins Blvd.,  Ste 120",,Richardson,TX,75081,United States,N,N
14274,1543,Billing,,"Scienstry, Inc.",,"1110 E. Collins Blvd.,  Ste 120",,Richardson,TX,75081,United States,Y,N
14274,1543,Shipping,,"Scienstry, Inc.",,"1110 E. Collins Blvd.,  Ste 120",,Richardson,TX,75081,United States,N,Y
14284,1544,Mailing,,"W.R. Rayson Co., Inc.",,720 S. Dickerson Street,,Burgaw,NC,28425,United States,N,N
14284,1544,Billing,,"W.R. Rayson Co., Inc.",,720 S. Dickerson Street,,Burgaw,NC,28425,United States,Y,N
14284,1544,Shipping,,"W.R. Rayson Co., Inc.",,720 S. Dickerson Street,,Burgaw,NC,28425,United States,N,Y
14310,1545,Mailing,,Tribar,,2211 Grand Commerce Dr.,,Howell,MI,48855,United States,N,N
14310,1545,Billing,,Tribar,,2211 Grand Commerce Dr.,,Howell,MI,48855,United States,Y,N
14310,1545,Shipping,,Tribar,,2211 Grand Commerce Dr.,,Howell,MI,48855,United States,N,Y
14312,1546,Mailing,,Butts Ticket Co.,,151 Hood Rd.,,Cochranville,PA,19330,United States,N,N
14312,1546,Billing,,Butts Ticket Co.,,151 Hood Rd.,,Cochranville,PA,19330,United States,Y,N
14312,1546,Shipping,,Butts Ticket Co.,,151 Hood Rd.,,Cochranville,PA,19330,United States,N,Y
14330,1547,Mailing,,Dontech. Inc.,,P.O. Box 889,700 Airport Blvd.,Doylestown,PA,18902-1036,United States,N,N
14330,1547,Billing,,Dontech. Inc.,,P.O. Box 889,700 Airport Blvd.,Doylestown,PA,18902-1036,United States,Y,N
14330,1547,Shipping,,Dontech. Inc.,,P.O. Box 889,700 Airport Blvd.,Doylestown,PA,18902-1036,United States,N,Y
14347,1548,Mailing,,Dillon Supply - W/S,,,,,,,,N,N
14347,1548,Billing,,Dillon Supply - W/S,,P. O. Box 14535,,Raleigh,NC,27620,United States,Y,N
14347,1548,Shipping,,Dillon Supply - W/S,,311 Perimeter Pt. ,"Winston-Salem Main, Dillon Supply WS",Winston-Salem,NC,27105,United States,N,Y
14356,1549,Mailing,,Ellsworth - Yorba Linda,,17581 Willow Circle,,Yorba Linda,CA,92886,United States,N,N
14356,1549,Billing,,Ellsworth - Yorba Linda,,P. O. Box 1002,,Germantown,WI,53022,United States,Y,N
14356,1549,Shipping,,Ellsworth - Yorba Linda,,17581 Willow Circle,,Yorba Linda,CA,92886,United States,N,Y
14362,1550,Mailing,,Ford Motor Co. - Ohio Assembly Sheffield Village,,,,,,,,N,N
14362,1550,Billing,,Ford Motor Co. - Ohio Assembly Sheffield Village,,799 Abbe Road,,Sheffield Village,OH,44054-1807,United States,Y,N
14362,1550,Shipping,,Ford Motor Co. - Ohio Assembly Sheffield Village,,799 Abbe Road,,Sheffield Village,OH,44054-1807,United States,N,Y
14382,1551,Mailing,,DCN,,1 Whittendale Dr.,Suite E,Moorestown,NJ,08057,United States,N,N
14382,1551,Billing,,DCN,,1 Whittendale Dr.,Suite E,Moorestown,NJ,08057,United States,Y,N
14382,1551,Shipping,,DCN,,1 Whittendale Dr.,Suite E,Moorestown,NJ,08057,United States,N,Y
14409,1552,Mailing,,Neodyne Bioscience,,127 Independence Drive,,Menlo Park,CA,94025,United States,N,N
14409,1552,Billing,,Neodyne Bioscience,,47801 Fremont Blvd,,Fremont,CA,94538,United States,Y,N
14409,1552,Shipping,,Neodyne Bioscience,,7999 Gateway Blvd Suite 110,,Newark,CA,94560,United States,N,Y
14412,1553,Mailing,,Interior Design Solutions,,,,,,,,N,N
14412,1553,Billing,,Interior Design Solutions,,9223 Harford Road,,Baltimore,MD,21234,United States,Y,N
14412,1553,Shipping,,Interior Design Solutions,,9223 Harford Road,,Baltimore,MD,21234,United States,N,Y
14417,1554,Mailing,,Interactive Inks & Coatings,,1610 Shanahan Drive,,South Elgin,IL,60177,United States,N,N
14417,1554,Billing,,Interactive Inks & Coatings,,1610 Shanahan Drive,,South Elgin,IL,60177,United States,Y,N
14417,1554,Shipping,,Interactive Inks & Coatings,,1610 Shanahan Drive,,South Elgin,IL,60177,United States,N,Y
14440,1555,Mailing,,Akonni,,400 Sagner Ave.,Suite 300,Frederick,MD,21701,United States,N,N
14440,1555,Billing,,Akonni,,400 Sagner Ave.,Suite 300,Frederick,MD,21701,United States,Y,N
14440,1555,Shipping,,Akonni,,400 Sagner Ave.,Suite 300,Frederick,MD,21701,United States,N,Y
14443,1556,Mailing,,ILC Dover,,,,,,,,N,N
14443,1556,Billing,,ILC Dover,,1 Moonwalker Road,,Frederica,DE,19946,United States,Y,N
14443,1556,Shipping,,ILC Dover,,1 Moonwalker Road,,Frederica,DE,19946,United States,N,Y
14459,1557,Mailing,,Ellsworth Adhesives - Rockford (MI),,"5977 Eygpt Valley Avenue, NE",,Rockford,MI,49341,United States,N,N
14459,1557,Billing,,Ellsworth Adhesives - Rockford (MI),,P. O. Box 1002,,Germantown,WI,53022,United States,Y,N
14459,1557,Shipping,,Ellsworth Adhesives - Rockford (MI),,"5977 Eygpt Valley Avenue, NE",,Rockford,MI,49341,United States,N,Y
14497,1558,Mailing,,Service Industrial Supply Co.,,,,,,,,N,N
14497,1558,Billing,,Service Industrial Supply Co.,,184 E. Inez Road,,Dothan,AL,36301-5756,United States,Y,N
14497,1558,Shipping,,Service Industrial Supply Co.,,184 E. Inez Road,,Dothan,AL,36301-5756,United States,N,Y
14498,1559,Mailing,,"Advanced Programs, Inc.",,"7125 Riverwood Drive, #A",,Columbia,MD,21046,United States,N,N
14498,1559,Billing,,"Advanced Programs, Inc.",,"7125 Riverwood Drive, #A",,Columbia,MD,21046,United States,Y,N
14498,1559,Shipping,,"Advanced Programs, Inc.",,21A Northwestern Drive,,Salem,NH,03079,United States,N,Y
14504,1560,Mailing,,Ellsworth Adhesives - Bloomington (MN),,"9555 James Avenue, S. #265",,Bloomington,MN,55431,United States,N,N
14504,1560,Billing,,Ellsworth Adhesives - Bloomington (MN),,P. O. Box 1002,,Germantown,WI,53022,United States,Y,N
14504,1560,Shipping,,Ellsworth Adhesives - Bloomington (MN),,"9555 James Avenue, S #265",,Bloomington,MN,55431,United States,N,Y
14523,1561,Mailing,,Ellsworth Adhesives - Manakin-Sabot (VA),,353 Holly Lake Drive,,Manakin-Sabot,VA,23103,United States,N,N
14523,1561,Billing,,Ellsworth Adhesives - Manakin-Sabot (VA),,P. O. Box 1002,,Germantown,WI,53022,United States,Y,N
14523,1561,Shipping,,Ellsworth Adhesives - Manakin-Sabot (VA),,353 Holly Lake Drive,,Manakin-Sabot,VA,23103,United States,N,Y
14530,1562,Mailing,,Ellsworth Adhesives - Santiago (MX),,2475-A Paseo de la Americas #1079,,San Diego,CA,92154,United States,N,N
14530,1562,Billing,,Ellsworth Adhesives - Santiago (MX),,P. O. Box 1002,,Germantown,WI,53022,United States,Y,N
14530,1562,Shipping,,Ellsworth Adhesives - Santiago (MX),,2475-A Paseo de la Americas #1079,,San Diego,CA,92154,United States,N,Y
14536,1563,Mailing,,Raloid Corporation,,,,,,,,N,N
14536,1563,Billing,,Raloid Corporation,,109 Wabash Avenue,,Reisterstown,MD,21136,United States,Y,N
14536,1563,Shipping,,Raloid Corporation,,109 Wabash Avenue,,Reisterstown,MD,21136,United States,N,Y
14540,1564,Mailing,,Ellsworth Adhesives - West Hartford (CT),,170 Woodrow Street,,West Hartford,CT,06107,United States,N,N
14540,1564,Billing,,Ellsworth Adhesives - West Hartford (CT),,P. O. Box 1002,,Germantown,WI,53022,United States,Y,N
14540,1564,Shipping,,Ellsworth Adhesives - West Hartford (CT),,170 Woodrow Street,,West Hartford,CT,06107,United States,N,Y
14546,1565,Mailing,,StanBio Laboratory LP EKF Diagnostics,,1261 N.Main ST.,,Boerne,TX,78006,United States,N,N
14546,1565,Billing,,StanBio Laboratory LP EKF Diagnostics,,1261 N.Main ST.,,Boerne,TX,78006,United States,Y,N
14546,1565,Shipping,,StanBio Laboratory LP EKF Diagnostics,,1261 N. Main ST.,,Boerne,TX,78006,United States,N,Y
14548,1566,Mailing,,"Electronic Production Tool, Inc.",,"1860 Pond Road, Unit 4",,Ronkonkoma,NY,11779,United States,N,N
14548,1566,Billing,,"Electronic Production Tool, Inc.",,"1860 Pond Road, Unit 4",,Ronkonkoma,NY,11779,United States,Y,N
14548,1566,Shipping,,"Electronic Production Tool, Inc.",,"1860 Pond Road, Unit 4",,Ronkonkoma,NY,11779,United States,N,Y
14550,1567,Mailing,,XSYS North America Corporation,,P. O. Box 1077,Attn: Flexographic Department,Arden,NC,28704,United States,N,N
14550,1567,Billing,,XSYS North America Corporation,,2915 Whitehall Park Drive Suite 600,Suite 600,Charlotte,NC ,28273,United States,Y,N
14550,1567,Shipping,,XSYS North America Corporation,,95 Glenn Bridge Road,Attn: Flexographic Dept.,Arden,NC,28704,United States,N,Y
14571,1568,Mailing,,Ellsworth Adhesives - Sterling (UT),,185 East Palisade Road,,Sterling,UT,84665,United States,N,N
14571,1568,Billing,,Ellsworth Adhesives - Sterling (UT),,P. O. Box 1002,,Germantown,WI,53022,United States,Y,N
14571,1568,Shipping,,Ellsworth Adhesives - Sterling (UT),,185 East Palisade Road,,Sterling,UT,84665,United States,N,Y
14586,1569,Mailing,,Ellsworth Adhesives - Canton (GA),,638 Blackwater Ridge,,Canton,GA,30114,United States,N,N
14586,1569,Billing,,Ellsworth Adhesives - Canton (GA),,P. O. Box 1002,,Germantown,,53022,United States,Y,N
14586,1569,Shipping,,Ellsworth Adhesives - Canton (GA),,638 Blackwater Ridge,,Canton,GA,30114,United States,N,Y
14616,1570,Mailing,,Advanced Printing & Graphics ,,1261  Holton Road,,Muskegon,MI,49445,United States,N,N
14616,1570,Billing,,Advanced Printing & Graphics ,,1261  Holton Road,,Muskegon,MI,49445,United States,Y,N
14616,1570,Shipping,,Advanced Printing & Graphics ,,1261  Holton Road,,Muskegon,MI,49445,United States,N,Y
14622,1571,Mailing,,US Tool Group -San Marcos,,206 Technology Way,,San Marcos,TX,78666,United States,N,N
14622,1571,Billing,,US Tool Group -San Marcos,,2000 Progress Drive,,Farmington,MO,63640,United States,Y,N
14622,1571,Shipping,,US Tool Group -San Marcos,,2005 Technology Way,C/O Goodrich 512-754-3641,San Marcos,TX,78666,United States,N,Y
14626,1572,Mailing,,Ellsworth Adhesives - Lake Forest (CA),,25541 Sawmill Lane,,Lake Forest,CA,92630,United States,N,N
14626,1572,Billing,,Ellsworth Adhesives - Lake Forest (CA),,P. O. Box 1002,,Germantown,WI,53022,United States,Y,N
14626,1572,Shipping,,Ellsworth Adhesives - Lake Forest (CA),,25541 Sawmill Lane,,Lake Forest,CA,92630,United States,N,Y
14632,1573,Mailing,,"Fithco, Inc.",,109 Becky Drive,,Cleveland,GA,30528,United States,N,N
14632,1573,Billing,,"Fithco, Inc.",,P. O. Box 2855,,Cleveland,GA,30528,United States,Y,N
14632,1573,Shipping,,"Fithco, Inc.",,109 Becky Drive,,Cleveland,GA,30528,United States,N,Y
14635,1574,Mailing,,Avon Protection Systems,,411 Seventh Street,,Cadillac,MI,49601,United States,N,N
14635,1574,Billing,,Avon Protection Systems,,503 Eighth St,,Cadillac,MI,49601,United States,Y,N
14635,1574,Shipping,,Avon Protection Systems,,411 7th Street,,Cadillac,MI,49601,United States,N,Y
14648,1575,Mailing,,"TEXTILES POLINYLON, S.A.",,,,,,,,N,N
14648,1575,Billing,,"TEXTILES POLINYLON, S.A.",,KM 18.5 CARRETERA AL MAYAN GOLF,VILLA NUEVA,Guatemala C.A.,,,Guatemala,Y,N
14648,1575,Shipping,,"TEXTILES POLINYLON, S.A.",,KM 18.5 CARRETERA AL MAYAN GOLF,VILLA NUEVA,Guatemala C.A.,,01064,Guatemala,N,Y
14650,1576,Mailing,,"DXP Enterprises, Inc.",,P. O. Box 1697,,Houston,TX,77251,United States,N,N
14650,1576,Billing,,"DXP Enterprises, Inc.",,PO BOX 2892,,Clinton,IA,52372-2892,United States,Y,N
14650,1576,Shipping,,"DXP Enterprises, Inc.",,13200 McKinley Highway,Door 10/ AMG Military Assembly/ Plant Tool Crib,Mishawaka,IN,46545,United States,N,Y
14668,1577,Mailing,,Ellsworth Adhesives - Manchester (NH),,226 North St,,Manchester,NH,03104,United States,N,N
14668,1577,Billing,,Ellsworth Adhesives - Manchester (NH),,P. O. Box 1002,,Germantown,WI,53022,United States,Y,N
14668,1577,Shipping,,Ellsworth Adhesives - Manchester (NH),,226 North St,,Manchester,NH,03104,United States,N,Y
14669,1578,Mailing,,"Entegris, Inc.",,,,,,,,N,N
14669,1578,Billing,,"Entegris, Inc.",,117 Jonathan Blvd.,,Chaska,MN,55318,United States,Y,N
14669,1578,Shipping,,"Entegris, Inc.",,129 Concord Road,,Billerica,MA,01821,United States,N,Y
14673,1579,Mailing,,OAI Electronics,,6960 East 12th,,Tulsa,OK,74112,United States,N,N
14673,1579,Billing,,OAI Electronics,,6960 East 12th,,Tulsa,OK,74112,United States,Y,N
14673,1579,Shipping,,OAI Electronics,,6960 East 12th,,Tulsa,OK,74112,United States,N,Y
14675,1580,Mailing,,Troy Design & Manufacturing Co,,12359 S. Burley,,Chicago,IL,60633,United States,N,N
14675,1580,Billing,,Troy Design & Manufacturing Co,,14425 Sheldon Road,Attn: Accounts Payable,Plymouth,MI,48170,United States,Y,N
14675,1580,Shipping,,Troy Design & Manufacturing Co,,12359 S. Burley Avenue,,Chicago,IL,60633,United States,N,Y
14677,1581,Mailing,,Dynamics Inc.,,493 Nixon Road,,Cheswick,PA,15024,United States,N,N
14677,1581,Billing,,Dynamics Inc.,,493 Nixon Road,,Cheswick,PA,15024,United States,Y,N
14677,1581,Shipping,,Dynamics Inc.,,493 Nixon Road,,Cheswick,PA,15024,United States,N,Y
14678,1582,Mailing,,"Accumold - SMS Concast Canada, Inc.",,PO Box 248,399 A Canada Ave,Huron Park,ON,N0M 1Y0,Canada,N,N
14678,1582,Billing,,"Accumold - SMS Concast Canada, Inc.",,PO Box 248,399 A Canada Ave,Huron Park,ON,N0M 1Y0,Canada,Y,N
14678,1582,Shipping,,"Accumold - SMS Concast Canada, Inc.",,PO Box 248,399 A Canada Ave,Huron Park,ON,N0M 1Y0,Canada,N,Y
14694,1583,Mailing,,US Tool Group -Everett,,2615 94th Street SW,,Everett,WA,98204,United States,N,N
14694,1583,Billing,,US Tool Group -Everett,,2000 Progress Drive,,Farmington,MO,63640,United States,Y,N
14694,1583,Shipping,,US Tool Group -Everett,,2615 94th Street SW,,Everett,WA,98204,United States,N,Y
14702,1584,Mailing,,PPG Aerospace PRC-DeSoto Int'l - ASC Philly,,Accounts Payable,12780 San Fernando Road,Sylmar,CA,91342,United States,N,N
14702,1584,Billing,,PPG Aerospace PRC-DeSoto Int'l - ASC Philly,,Aerospace Processing Center,848 Southern Avenue,Chillicothe,OH,45601,United States,Y,N
14702,1584,Shipping,,PPG Aerospace PRC-DeSoto Int'l - ASC Philly,,PRC-Desoto Int'l-TSS Boeing,"823 East Gate Drive, Unit 1",Mt. Laurel,NJ,08054,United States,N,Y
14704,1585,Mailing,,Hendee Enterprises,,9350 South Point Drive,,Houston,TX,77054,United States,N,N
14704,1585,Billing,,Hendee Enterprises,,9350 South Point Drive,,Houston,TX,77054,United States,Y,N
14704,1585,Shipping,,Hendee Enterprises,,9350 South Point Drive,,Houston,TX,77054,United States,N,Y
14727,1586,Mailing,,Ellsworth Adhesives - Appleton (WI),,9650 Lois Lane,,Appleton,WI,54914,United States,N,N
14727,1586,Billing,,Ellsworth Adhesives - Appleton (WI),,P. O. Box 1002,,Germantown,WI,53022,United States,Y,N
14727,1586,Shipping,,Ellsworth Adhesives - Appleton (WI),,9650 Lois Lane,,Appleton,WI,54914,United States,N,Y
14758,1587,Mailing,,Ellsworth Adhesives - eCornelius (NC),,19879 Stough Farm Road,,Cornelius,NC,28031,United States,N,N
14758,1587,Billing,,Ellsworth Adhesives - eCornelius (NC),,P. O. Box 1002,,Germantown,WI,53022,United States,Y,N
14758,1587,Shipping,,Ellsworth Adhesives - eCornelius (NC),,19879 Stough Farm Road,,Cornelius,NC,28031,United States,N,Y
14763,1588,Mailing,,"Moore Boat, LLC.",,,,,,,,N,N
14763,1588,Billing,,"Moore Boat, LLC.",,117 West 49th Street,,Ocean City,MD,21842,United States,Y,N
14763,1588,Shipping,,"Moore Boat, LLC.",,12303 North Piney Point Road,,Bishopville,MD,21813,United States,N,Y
14779,1589,Mailing,,Mailender,,,,,,,,N,N
14779,1589,Billing,,Mailender,,9500 Glades Drive,,Hamilton,OH,45011,United States,Y,N
14779,1589,Shipping,,Mailender,,9500 Glades Drive,,Hamilton,OH,45011,United States,N,Y
14780,1590,Mailing,,US Tool Group -MX,,,,,,,,N,N
14780,1590,Billing,,US Tool Group -MX,,2000 Progress Drive,,Farmington,MO,63640,United States,Y,N
14780,1590,Shipping,,US Tool Group -MX,,1778 Carr Road Suite 3B,C/O Nogueira/ Norman Krieger,Calexico,CA,92231,United States,N,Y
14781,1591,Mailing,,Ellsworth Adhesives - Carrollton (TX),,1625 Crescent Circle #220,,Carrollton,TX,75006,United States,N,N
14781,1591,Billing,,Ellsworth Adhesives - Carrollton (TX),,P. O. Box 1002,,Germantown,WI,53022,United States,Y,N
14781,1591,Shipping,,Ellsworth Adhesives - Carrollton (TX),,2323 Clear Lake City Blvd (UPS Store),"Suite 180, Box 291",Houston,TX,77062,United States,N,Y
14789,1592,Mailing,,Senseonics,,20451 Seneca Meadows Parkway,,Germantown,MD,20876,United States,N,N
14789,1592,Billing,,Senseonics,,20451 Seneca Meadows Parkway,,Germantown,MD,20876,United States,Y,N
14789,1592,Shipping,,Senseonics,,20451 Seneca Meadows Parkway,,Germantown,MD,20876,United States,N,Y
14799,1593,Mailing,,Ellsworth Adhesives - Stow (OH),,5005 Comanche Trail,,Stow,OH,44224,United States,N,N
14799,1593,Billing,,Ellsworth Adhesives - Stow (OH),,P. O. Box 1002,,Germantown,WI,53022-8020,United States,Y,N
14799,1593,Shipping,,Ellsworth Adhesives - Stow (OH),,5005 Comanche Trail,,Stow,OH,44224,United States,N,Y
14800,1594,Mailing,,Ellsworth Adhesives - Mequon (WI),,12543 N. Farmdale Road,,Mequon,WI,53097,United States,N,N
14800,1594,Billing,,Ellsworth Adhesives - Mequon (WI),,P. O. Box 1002,,Germantown,WI,53022,United States,Y,N
14800,1594,Shipping,,Ellsworth Adhesives - Mequon (WI),,12543 N. Farmdale Road,,Mequon,WI,53097,United States,N,Y
14801,1595,Mailing,,Ford Motor Co. - Metal Stamping Chicago,,,,,,,,N,N
14801,1595,Billing,,Ford Motor Co. - Metal Stamping Chicago,,1000 E. Lincoln Highway,,Chicago Heights,IL,60411-3004,United States,Y,N
14801,1595,Shipping,,Ford Motor Co. - Metal Stamping Chicago,,1000 E. Lincoln Highway,,Chicago Heights,IL,60411-3004,United States,N,Y
14806,1596,Mailing,,Ellsworth Adhesives - Milwaukie (OR),,7179 SE Cypress Ave,,Milwaukie,OR,97267,United States,N,N
14806,1596,Billing,,Ellsworth Adhesives - Milwaukie (OR),,P. O. Box 1002,,Germantown,WI,53022,United States,Y,N
14806,1596,Shipping,,Ellsworth Adhesives - Milwaukie (OR),,7179 SE Cypress Ave,,Milwaukie,OR,97267,United States,N,Y
14814,1597,Mailing,,Ellsworth Adhesives - Beaver Creek (OH),,2520 Kewanna Lane,,Beavercreek,OH,45434,United States,N,N
14814,1597,Billing,,Ellsworth Adhesives - Beaver Creek (OH),,P. O. Box 1002,,Germantown,WI,53022,United States,Y,N
14814,1597,Shipping,,Ellsworth Adhesives - Beaver Creek (OH),,2520 Kewanna Lane,,Beavercreek,OH,45434,United States,N,Y
14815,1598,Mailing,,Ellsworth Adhesives - Erie (PA),,5809 Pebblestone Court,,Erie,PA,16506,United States,N,N
14815,1598,Billing,,Ellsworth Adhesives - Erie (PA),,P. O. Box 1002,,Germantown,WI,53022,United States,Y,N
14815,1598,Shipping,,Ellsworth Adhesives - Erie (PA),,5809 Pebblestone Court,,Erie,PA,16506,United States,N,Y
14834,1599,Mailing,,Ford Motor Co. - Wayne Integral Stamping & Assembly,,,,,,,,N,N
14834,1599,Billing,,Ford Motor Co. - Wayne Integral Stamping & Assembly,,37500 Van Born,,Wayne,MI,48184,United States,Y,N
14834,1599,Shipping,,Ford Motor Co. - Wayne Integral Stamping & Assembly,,37500 Van Born,General Stores - West Dock,Wayne,MI,48184,United States,N,Y
14840,1600,Mailing,,Ellsworth Adhesives - Gilbert (AZ),,1254 S. Sierra Street,,Gilbert,"A
",85296,United States,N,N
14840,1600,Billing,,Ellsworth Adhesives - Gilbert (AZ),,P. O. Box 1002,,Germantown,WI,53022,United States,Y,N
14840,1600,Shipping,,Ellsworth Adhesives - Gilbert (AZ),,1254 S. Sierra Street,,Gilbert,AZ,85296,United States,N,Y
14850,1601,Mailing,,Ellsworth Adhesives - Thompsons Station (TN),,1257 Saddle Springs Drive,,Thompsons Station,TN,37179,United States,N,N
14850,1601,Billing,,Ellsworth Adhesives - Thompsons Station (TN),,P. O. Box 1002,,Germantown,WI,53022,United States,Y,N
14850,1601,Shipping,,Ellsworth Adhesives - Thompsons Station (TN),,1257 Saddle Springs Drive,,Thompsons Station,TN,37179,United States,N,Y
14851,1602,Mailing,,,,14562 Saint Georges Hill Drive,,Orlando,FL,32828,United States,N,N
14851,1602,Billing,,,,P. O. Box 1002,,Germantown,WI,53022,United States,Y,N
14851,1602,Shipping,,,,14562 Saint Georges Hill Drive,,Orlando,FL,32828,United States,N,Y
14859,1603,Mailing,,Plant Products by BioBest Canada,,2020 Fox Run Rd.,,Leamington,ON,N8H 3V7,Canada,N,N
14859,1603,Billing,,Plant Products by BioBest Canada,,50 Hazelton Street,P.O. Box 33,Leamington,ON,N8H 1B8,Canada,Y,N
14859,1603,Shipping,,Plant Products by BioBest Canada,,2020 Fox Run Road,RR #4,Leamington,ON,N8H3V7,Canada,N,Y
14860,1604,Mailing,,Bostik Inc. ,,10921 Lamore Drive,,Disputanta,VA,23842,United States,N,N
14860,1604,Billing,,Bostik Inc. ,,C/O Oildex,P.O. Box 210966,Dallas,TX,75211-0600,United States,Y,N
14860,1604,Shipping,,Bostik Inc. ,,10921 Lamore Drive,,Disputanta,VA,23842-4602,United States,N,Y
14870,1605,Mailing,,Daria Metal Fabricators,,1507 W. Park Avenue,,Perkasie,PA,18944,United States,N,N
14870,1605,Billing,,Daria Metal Fabricators,,1507 W. Park Avenue,,Perkasie,PA,18944,United States,Y,N
14870,1605,Shipping,,Daria Metal Fabricators,,1507 W. Park Avenue,,Perkasie,PA,18944,United States,N,Y
14878,1606,Mailing,,,,3300 Horizon Drive19406,,King of Prussia,PA,19406,United States,N,N
14878,1606,Billing,,,,3300 Horizon Drive,,King of Prussia,PA,19406,United States,Y,N
14878,1606,Shipping,,,,155 Stewart Road,Hanover Industrial Estates,Wilkes-Barre,PA,18706,United States,N,Y
14895,1607,Mailing,,"Polymer Packaging, Inc.",,275 Hickory St,,Sparta,MI,49345,United States,N,N
14895,1607,Billing,,"Polymer Packaging, Inc.",,5285 Edgewater Drive,,Allendale,MI,49401,United States,Y,N
14895,1607,Shipping,,"Polymer Packaging, Inc.",,,,,,,,N,Y
14900,1608,Mailing,,Keilhauer,,1450 Birchmount Rd,,Toronto,ON,M1P 2E3,Canada,N,N
14900,1608,Billing,,Keilhauer,,1450 Birchmount Rd,,Toronto,ON,M1P 2E3,Canada,Y,N
14900,1608,Shipping,,Keilhauer,,1450 Birchmount Rd,,Toronto,ON,M1P 2E3,Canada,N,Y
14912,1609,Mailing,,Health Line International Corp.,,,,,,,,N,N
14912,1609,Billing,,Health Line International Corp.,,260 North Ace Yeager Court Unit D,,Salt Lake City,UT,84116,United States,Y,N
14912,1609,Shipping,,Health Line International Corp.,,5675 West 300 South,,Salt Lake City,UT,84104,United States,N,Y
14917,1610,Mailing,,Ellsworth Adhesives - San Diego (CA),,14059 Stoney Gate Place,,San Diego,CA,92128,United States,N,N
14917,1610,Billing,,Ellsworth Adhesives - San Diego (CA),,P. O. Box 1002,,Germantown,WI,53022,United States,Y,N
14917,1610,Shipping,,Ellsworth Adhesives - San Diego (CA),,14059 Stoney Gate Place,,San Diego,CA,92128,United States,N,Y
14920,1611,Mailing,,JOLI Distribution F Hendel Inc,,941 Rue Reverchon Street,,Saint-Laurent,PQ,H4T 4L2,Canada,N,N
14920,1611,Billing,,JOLI Distribution F Hendel Inc,,941 Rue Reverchon Street,,Saint-Laurent,QC,H4T 4L2,Canada,Y,N
14920,1611,Shipping,,JOLI Distribution F Hendel Inc,,941 Rue Reverchon Street,,Saint-Laurent,PQ,H4T 4L2,Canada,N,Y
14945,1612,Mailing,,"Cree, Inc.",,4600 Silicon Drive,,Durham,NC,27703,United States,N,N
14945,1612,Billing,,"Cree, Inc.",,4600 Silicon Drive,,Durham,NC,27703,United States,Y,N
14945,1612,Shipping,,"Cree, Inc.",,4600 Silicon Drive,,Durham,NC,27703,United States,N,Y
14973,1613,Mailing,,Teleflex Medical,,,,,,,,N,N
14973,1613,Billing,,Teleflex Medical,,Teleflex Medical Europe Ltd,"IDA Business & Technology Park,  Dublin Rd, Athione",Co Westmeath,,,Ireland,Y,N
14973,1613,Shipping,,Teleflex Medical,,Teleflex Inc. Perimeter Park,3015 Carrington Mill Blvd,Morrisville,NC,27560,United States,N,Y
14990,1614,Mailing,,RS Hughes - Cincinnati,,2941 Kemper Road,,Cincinnati,OH,45241,United States,N,N
14990,1614,Billing,,RS Hughes - Cincinnati,,2941 Kemper Road,,Cincinnati,OH,45241,United States,Y,N
14990,1614,Shipping,,RS Hughes - Cincinnati,,2941 Kemper Road,,Cincinnati,OH,45241,United States,N,Y
14994,1615,Mailing,,MSC Direct - York,,,,,,,,N,N
14994,1615,Billing,,MSC Direct - York,,Attn: Accounts Payable,P. O. Box 9073,Melville,NY,11747,United States,Y,N
14994,1615,Shipping,,MSC Direct - York,,2135 Industrial Highway,,York,PA,17402,United States,N,Y
15025,1616,Mailing,,Ground Effects LTD,,4505 Rhodes Dr.,,Windsor,ON,N8W 5R8,Canada,N,N
15025,1616,Billing,,Ground Effects LTD,,4505 Rhodes Dr.,,Windsor,ON,N8W 5R8,Canada,Y,N
15025,1616,Shipping,,Ground Effects LTD,,2946 Walker Rd,Plant 5,Windsor,ON,N8W 3R3,Canada,N,Y
15027,1617,Mailing,,"dlhBowles, Inc.",,,,,,,,N,N
15027,1617,Billing,,"dlhBowles, Inc.",,2422 Leo Avenue SW,Attn: Accounts Payable,Canton ,OH,44706,United States,Y,N
15027,1617,Shipping,,"dlhBowles, Inc.",,"Laser Forwarding, Warehouse II","901 Carrier St., Uniroyal Ind'l. Park",Laredo,TX,78045,United States,N,Y
15042,1618,Mailing,,Ellsworth Adhesives - Scotts Valley (CA),,105 Lucia Lane,,Scotts Valley,CA,95066-4557,United States,N,N
15042,1618,Billing,,Ellsworth Adhesives - Scotts Valley (CA),,W129 N10825 Washington Drive,,Germantown,WI,60002,United States,Y,N
15042,1618,Shipping,,Ellsworth Adhesives - Scotts Valley (CA),,105 Lucia Lane,,Scotts Valley,CA,95066,United States,N,Y
15057,1619,Mailing,,Perfect Fit Injection Moulding,,5403 44 Street SE,,Calgary,AB,T2C 2T6,Canada,N,N
15057,1619,Billing,,Perfect Fit Injection Moulding,,5403 44 Street SE,,Calgary,AB,T2C 2T6,Canada,Y,N
15057,1619,Shipping,,Perfect Fit Injection Moulding,,5403 44 Street SE,,Calgary,AB,T2C 2T6,Canada,N,Y
15059,1620,Mailing,,"Thorlabs, Inc.",,56 Sparta Avenue,,Newton,NJ,07860,United States,N,N
15059,1620,Billing,,"Thorlabs, Inc.",,56 Sparta Avenue,,Newton,NJ,07860,United States,Y,N
15059,1620,Shipping,,"Thorlabs, Inc.",,1400 Campus Dr West,,Morganville,NJ,07751,United States,N,Y
15082,1621,Mailing,,Protek Medical Products Inc,,4125 Westcor Ct.,,Coralville,IA,52241,United States,N,N
15082,1621,Billing,,Protek Medical Products Inc,,4125 Westcor Ct.,,Coralville,IA,52241,United States,Y,N
15082,1621,Shipping,,Protek Medical Products Inc,,4125 Westcor Ct.,,Coralville,IA,52241,United States,N,Y
15084,1622,Mailing,,Tom Smith Industries,,500 Smith Drive,,Englewood,OH,45315,United States,N,N
15084,1622,Billing,,Tom Smith Industries,,500 Smith Drive,,Englewood,OH,45315,United States,Y,N
15084,1622,Shipping,,Tom Smith Industries,,500 Smith Drive,,Englewood,OH,45315,United States,N,Y
15088,1623,Mailing,,"Funai Electric Cebu, Inc.",,,,,,,,N,N
15088,1623,Billing,,"Funai Electric Cebu, Inc.",,Mactan Economic Zone II,Basak,Lapu-Lapu City,Cebu,6015,Philippines,Y,N
15088,1623,Shipping,,"Funai Electric Cebu, Inc.",,Mactan Economic Zone II,Basak,Lapu-Lapu City,Cebu,6015,Philippines,N,Y
15092,1624,Mailing,,"Alliance Industrial Masking, Inc.",,204 S. Ludlow Street Suite 200,,Dayton,OH,45402,United States,N,N
15092,1624,Billing,,"Alliance Industrial Masking, Inc.",,204 S. Ludlow Street Suite 200,,Dayton,OH,45402,United States,Y,N
15092,1624,Shipping,,"Alliance Industrial Masking, Inc.",,204 S. Ludlow Street Suite 200,,Dayton,OH,45402,United States,N,Y
15110,1625,Mailing,,Syneron Medical Israel,,Sultam Ind Zone - Tavor BLD,Service 18000,Yokneam ILLIT,,20692,Israel,N,N
15110,1625,Billing,,Syneron Medical Israel,,POB 160,Yokne'am Industrial Zone Tavor building,Yokne'am ILLIT,Israel,2069200,Israel,Y,N
15110,1625,Shipping,,Syneron Medical Israel,,POB 550,Industrial Zone Tavor building,Yokneam ILLIT,,2069200,Israel,N,Y
15122,1626,Mailing,,"Davlyn Manufacturing Co., Inc.",,85 Mennonite Church Road,,Spring City,PA,19475,United States,N,N
15122,1626,Billing,,"Davlyn Manufacturing Co., Inc.",,P. O. Box 49,85 Mennonite Church Road,Spring City,PA,19475,United States,Y,N
15122,1626,Shipping,,"Davlyn Manufacturing Co., Inc.",,P. O. Box 49,85 Mennonite Church Road,Spring City,PA,19475,United States,N,Y
15147,1627,Mailing,,Ellsworth Adhesives - Chicago (IL),,910 W. Lake St. Unit L,,Chicago,IL,60607,United States,N,N
15147,1627,Billing,,Ellsworth Adhesives - Chicago (IL),,P. O. Box 1002,,Germantown,WI,53022,United States,Y,N
15147,1627,Shipping,,Ellsworth Adhesives - Chicago (IL),,910 W. Lake St. Unit L,,Chicago,IL,60607,United States,N,Y
15157,1628,Mailing,,Ford Motor Co. - Romeo,,,,,,,,N,N
15157,1628,Billing,,Ford Motor Co. - Romeo,,701 E. 32 Mile Road,,Romeo,MI,48065,United States,Y,N
15157,1628,Shipping,,Ford Motor Co. - Romeo,,701 E. 32 Mile Road,,Romeo,MI,48065,United States,N,Y
15197,1629,Mailing,,DLA Troop Support,,Construction & Equipment,700 Robbins Avenue,Philadelphia,PA,19111,United States,N,N
15197,1629,Billing,,DLA Troop Support,,"DEF FIN and Accounting SVC, BSM",P. O. Box 369031,Columbus,OH,43236-9031,United States,Y,N
15197,1629,Shipping,,DLA Troop Support,,"DEF FIN and Accounting SVC, BSM",P. O. Box 369031,Columbus,OH,43236-9031,United States,N,Y
15200,1630,Mailing,,Ellsworth Adhesives - Godfrey (IL),,5315 Dover Dr,,Godrey,IL,62035,United States,N,N
15200,1630,Billing,,Ellsworth Adhesives - Godfrey (IL),,P. O. Box 1002,,Germantown,WI,53022,United States,Y,N
15200,1630,Shipping,,Ellsworth Adhesives - Godfrey (IL),,5315 Dover Dr,,Godrey,IL,62035,United States,N,Y
15214,1631,Mailing,,"Applied Video Imaging, LLC.",,,,,,,,N,N
15214,1631,Billing,,"Applied Video Imaging, LLC.",,3345 Seminole Trail,Suite 1122,Charlottesville,VA,22911,United States,Y,N
15214,1631,Shipping,,"Applied Video Imaging, LLC.",,590 Tanager Woods Court,,Earlysville,VA,22936,United States,N,Y
15219,1632,Mailing,,W. L. Gore & Associates,,380 Starr Road,,Landenberg,PA,19350,United States,N,N
15219,1632,Billing,,W. L. Gore & Associates,,100 airport Road,,Elkton,MD,21922,United States,Y,N
15219,1632,Shipping,,W. L. Gore & Associates,,555 Paper Mill Road,,Newark,DE,19711,United States,N,Y
15221,1633,Mailing,,NETWork Medical Products Inc.,,,,,,,,N,N
15221,1633,Billing,,NETWork Medical Products Inc.,,183 Providence New London Turnpike,,North Stonington,CT,06359,United States,Y,N
15221,1633,Shipping,,NETWork Medical Products Inc.,,183 Providence New London Turnpike,,North Stonington,CT,06359,United States,N,Y
15231,1634,Mailing,,"Carestream Health, Inc.",,1049 Ridge Road West,,Rochester ,NY,14615-2731,United States,N,N
15231,1634,Billing,,"Carestream Health, Inc.",,1669 Lake Ave,,Rochester ,NY,14650-2731,United States,Y,N
15231,1634,Shipping,,"Carestream Health, Inc.",,1049 Ridge Road West,,Rochester ,NY,14615-2731,United States,N,Y
15240,1635,Mailing,,"Plasman Plastics, Inc",,5245 Burke Dr,,Windsor,ON,N9A 6J3,Canada,N,N
15240,1635,Billing,,"Plasman Plastics, Inc",,5245 Burke Dr,Livingston International is custom clearance,Windsor,ON,N9A 6J3,Canada,Y,N
15240,1635,Shipping,,"Plasman Plastics, Inc",,5250 Outer Dr,Windsor Plant 1,Windsor,ON,N9A 6J3,Canada,N,Y
15311,1636,Mailing,,Archer Advanced Rubber Components,,,,,,,,N,N
15311,1636,Billing,,Archer Advanced Rubber Components,,2860 Lowery Street,,Winston-Salem ,NC,27101,United States,Y,N
15311,1636,Shipping,,Archer Advanced Rubber Components,,2860 Lowery Street,,Winston-Salem ,NC,27101,United States,N,Y
15326,1637,Mailing,,"DALB, Inc",,73 Industrial Blvd,,Kearneysville,WV,25430,United States,N,N
15326,1637,Billing,,"DALB, Inc",,73 Industrial Blvd,,Kearneysville,WV,25430,United States,Y,N
15326,1637,Shipping,,"DALB, Inc",,73 Industrial Blvd,,Kearneysville,WV,25430,United States,N,Y
15327,1638,Mailing,,Qualcomm,,,,,,,,N,N
15327,1638,Billing,,Qualcomm,,5775 Morehouse Drive,,San Diego,CA,92121,United States,Y,N
15327,1638,Shipping,,Qualcomm,,3105 Kifer Rd,,Santa Clara,CA,95051,United States,N,Y
15334,1639,Mailing,,Tremco Police Products,,,,,,,,N,N
15334,1639,Billing,,Tremco Police Products,,34 Sullivan Road,Bldg. 17,N. Billerica,MA,01862-1275,United States,Y,N
15334,1639,Shipping,,Tremco Police Products,,34 Sullivan Road,Bldg. 17,N. Billerica,MA,01862-1275,United States,N,Y
15347,1640,Mailing,,Rugged Logic Inc,,23475 Rock Haven Way,Suite 230,Sterling,VA,20166,United States,N,N
15347,1640,Billing,,Rugged Logic Inc,,4200 Technology Court ,Suite G,Chantilly ,VA,20151,United States,Y,N
15347,1640,Shipping,,Rugged Logic Inc,,4200 Technology Court ,Suite G,Chantilly ,VA,20151,United States,N,Y
15375,1641,Mailing,,"HorseEase, LLC.",,118 Roberts Ln #400,,Alexandria,VA,22314,United States,N,N
15375,1641,Billing,,"HorseEase, LLC.",,118 Roberts Ln #400,,Alexandria,VA,22314,United States,Y,N
15375,1641,Shipping,,"HorseEase, LLC.",,118 Roberts Ln #400,,Fredericksburg,VA,22314,United States,N,Y
15390,1642,Mailing,,"Action Electronics, Inc.",,25 Walpole Park South,,Walpole,MA,02081,United States,N,N
15390,1642,Billing,,"Action Electronics, Inc.",,25 Walpole Park South,,Walpole,MA,02081,United States,Y,N
15390,1642,Shipping,,"Action Electronics, Inc.",,25 Walpole Park South,,Walpole,MA,02081,United States,N,Y
15399,1643,Mailing,,"Flex Lighting, LLC.",,"11 West Illinois Street, 3rd Floor",,Chicago,IL,60654,United States,N,N
15399,1643,Billing,,"Flex Lighting, LLC.",,"11 West Illinois Street, 3rd Floor",,Chicago,IL,60654,United States,Y,N
15399,1643,Shipping,,"Flex Lighting, LLC.",,"11 West Illinois Street, 3rd Floor",,Chicago,IL,60654,United States,N,Y
15405,1644,Mailing,,Thorlabs Quantum Electronics,,10335 Guilford Rd,,Jessup,MD,20794,United States,N,N
15405,1644,Billing,,Thorlabs Quantum Electronics,,10335 Guilford Rd,,Jessup,MD,20794,United States,Y,N
15405,1644,Shipping,,Thorlabs Quantum Electronics,,10335 Guilford Rd,,Jessup,MD,20794,United States,N,Y
15431,1645,Mailing,,"Silipos, Inc.",,,,,,,,N,N
15431,1645,Billing,,"Silipos, Inc.",,7049 Williams Road,,Niagra Falls,NY,14304-3731,United States,Y,N
15431,1645,Shipping,,"Silipos, Inc.",,7049 Williams Road,,Niagra Falls,NY,14304-3731,United States,N,Y
15448,1646,Mailing,,Medtronic Puerto Rico Ops,,,,,,,,N,N
15448,1646,Billing,,Medtronic Puerto Rico Ops,,PO Box 778,,Minneapolis,MN,55440,United States,Y,N
15448,1646,Shipping,,Medtronic Puerto Rico Ops,,Ceiba Norta Industrial Park ,RD 31 KM 24.4,Juncos,Puerto Rico,00777,United States,N,Y
15478,1647,Mailing,,Xymox Technolgies,,9099 W. Dean Road,,Milwaukee,WI,53224,United States,N,N
15478,1647,Billing,,Xymox Technolgies,,9099 W. Dean Road,,Milwaukee,WI,53224,United States,Y,N
15478,1647,Shipping,,Xymox Technolgies,,9099 W. Dean Road,,Milwaukee,WI,53224,United States,N,Y
15495,1648,Mailing,,Ridge Pavement Marking,,,,,,,,N,N
15495,1648,Billing,,Ridge Pavement Marking,,1005 Farmington Road,,Macedon,NY,14502,United States,Y,N
15495,1648,Shipping,,Ridge Pavement Marking,,1005 Farmington Road,,Macedon,NY,14502,United States,N,Y
15514,1649,Mailing,,Sur-Seal,,,,,,,,N,N
15514,1649,Billing,,Sur-Seal,,6156 Wesselman Road,,Cincinnati,OH,45248,United States,Y,N
15514,1649,Shipping,,Sur-Seal,,6156 Wesselman Road,,Cincinnati,OH,45248,United States,N,Y
15521,1650,Mailing,,Taylor Technologies,,31 Loveton Circle,,Sparks,MD,21152,United States,N,N
15521,1650,Billing,,Taylor Technologies,,31 Loveton Circle,,Sparks,MD,21152,United States,Y,N
15521,1650,Shipping,,Taylor Technologies,,31 Loveton Circle,,Sparks,MD,21152,United States,N,Y
15526,1651,Mailing,,Viant Co. - Coastal Life Systems,,7027 Fairgrounds Parkway,,San Antonio,TX,78238,United States,N,N
15526,1651,Billing,,Viant Co. - Coastal Life Systems,,Viant San Antonio,1501 W Fountainhead Pkwy # 510,Tempe,AZ,85282,United States,Y,N
15526,1651,Shipping,,Viant Co. - Coastal Life Systems,,7027 Fairgrounds Parkway,,San Antonio,TX,78238,United States,N,Y
15539,1652,Mailing,,Motorola Solutions,,8000 W. Sunrise Blvd,,Plantation,FL,33322,United States,N,N
15539,1652,Billing,,Motorola Solutions,,8000 W. Sunrise Blvd,,Plantation,FL,33322,United States,Y,N
15539,1652,Shipping,,Motorola Solutions,,8000 W. Sunrise Blvd,,Plantation,FL,33322,United States,N,Y
15540,1653,Mailing,,Bostwick-Braun Corp.,,,,,,,,N,N
15540,1653,Billing,,Bostwick-Braun Corp.,,7349 Crossliegh Court,,Toledo,OH,43617,United States,Y,N
15540,1653,Shipping,,Bostwick-Braun Corp.,,205 HL Thompson Drive,,Ashley,IN,46705,United States,N,Y
15559,1654,Mailing,,All Phase Electric Supply,,P. O. Box 86088,,Tucson,AZ,85754,United States,N,N
15559,1654,Billing,,All Phase Electric Supply,,P. O. Box 86088,,Tucson,AZ,85754,United States,Y,N
15559,1654,Shipping,,All Phase Electric Supply,,,,,,,,N,Y
15560,1655,Mailing,,Ellsworth Adhesives - Montréal,,P.O. Box 15205,Station A,Toronto,ON,M5W 1C1,Canada,N,N
15560,1655,Billing,,Ellsworth Adhesives - Montréal,,P. O. Box 1002,,Germantown,WI,53022,United States,Y,N
15560,1655,Shipping,,Ellsworth Adhesives - Montréal,,7249 Rue Boyer,,Montreal,QC,H2R 2R6,Canada,N,Y
15561,1656,Mailing,,E & R Industrial,,,,,,,,N,N
15561,1656,Billing,,E & R Industrial,,40800 Enterprise Drive,,Sterling Heights,MI,48314,United States,Y,N
15561,1656,Shipping,,E & R Industrial,,"4500 Empire Way, Suite #5",,Lansing,MI,48917,United States,N,Y
15565,1657,Mailing,,Berman Bedding Inc.,,1114 Sassafras Street,Erie,PA,USA,16501,United States,N,N
15565,1657,Billing,,Berman Bedding Inc.,,2000 E. 36th Street,,Erie ,PA,16510,United States,Y,N
15565,1657,Shipping,,Berman Bedding Inc.,,1114 Sassafras Street,,Erie,PA,16501,United States,N,Y
15574,1658,Mailing,,3M Strategic Sourcing and Packaging Solutions,,,,,,,,N,N
15574,1658,Billing,,3M Strategic Sourcing and Packaging Solutions,,PO Box 33121,,St. Paul,MN,55133-3121,United States,Y,N
15574,1658,Shipping,,3M Strategic Sourcing and Packaging Solutions,,PO Box 33121,,St. Paul,MN,55133-3121,United States,N,Y
15575,1659,Mailing,,Funai Lexington Technology Corporation,,772 Newtown Pike,,Lexington,KY,40511,United States,N,N
15575,1659,Billing,,Funai Lexington Technology Corporation,,700 Setzer Way,,Lexington,KY,40508,United States,Y,N
15575,1659,Shipping,,Funai Lexington Technology Corporation,,772 Newtown Pike,,Lexington,KY,40511,United States,N,Y
15578,1660,Mailing,,Vorbeck Materials,,"8306 Patuxent Range Rd., #105",,Jessup,MD,20790,United States,N,N
15578,1660,Billing,,Vorbeck Materials,,"8306 Patuxent Range Rd., #105",,Jessup,MD,20790,United States,Y,N
15578,1660,Shipping,,Vorbeck Materials,,"8306 Patuxent Range Rd., #105",,Jessup,MD,20790,United States,N,Y
15587,1661,Mailing,,Packaging Unlimited,,1121 West Kentucky Street,,Louisville ,KY,40210,United States,N,N
15587,1661,Billing,,Packaging Unlimited,,1121 West Kentucky Street,,Louisville ,KY,40210,United States,Y,N
15587,1661,Shipping,,Packaging Unlimited,,1121 West Kentucky Street,,Louisville ,KY,40210,United States,N,Y
15594,1662,Mailing,,Century Fasteners Corp,,10238 Sycamore Drive,Lakeridge Industrial Park,Ashland,VA,23005-8137,United States,N,N
15594,1662,Billing,,Century Fasteners Corp,,50-20 Ireland Street,,Elmhurst,NY,11373,United States,Y,N
15594,1662,Shipping,,Century Fasteners Corp,,3850 Gaskins Rd Ste 400,,Richmond,VA,23233,United States,N,Y
15609,1663,Mailing,,Aerotuf  (Adv. Comp. Structures/Cargo Composites),,1026 Legrand Blvd,,Charleston,SC,29492,United States,N,N
15609,1663,Billing,,Aerotuf  (Adv. Comp. Structures/Cargo Composites),,1026 Legrand Blvd,,Charleston,SC,29492,United States,Y,N
15609,1663,Shipping,,Aerotuf  (Adv. Comp. Structures/Cargo Composites),,1026 Legrand Blvd,(P) 843-588-5590,Charleston,SC,29492,United States,N,Y
15617,1664,Mailing,,3M Medical Solutions Division,,,,,,,,N,N
15617,1664,Billing,,3M Medical Solutions Division,,PO BOX 33121,,St. Paul,MN,55144,United States,Y,N
15617,1664,Shipping,,3M Medical Solutions Division,,"3M Center, Building 0275",,St. Paul,MN,55144,United States,N,Y
15644,1665,Mailing,,Grainger Sourcing - Richmond,,,,,,,,N,N
15644,1665,Billing,,Grainger Sourcing - Richmond,,Accounts Payable,MW-H11,Palatine,IL,60038,United States,Y,N
15644,1665,Shipping,,Grainger Sourcing - Richmond,,2424 Magnolia Court,,Richmond ,VA,23233,United States,N,Y
15687,1666,Mailing,,Lumeway Products,,800 Main St,Ste 205,Holden,MA,01520,United States,N,N
15687,1666,Billing,,Lumeway Products,,800 Main St,Ste 205,Holden,MA,01520,United States,Y,N
15687,1666,Shipping,,Lumeway Products,,800 Main St,Ste 205,Holden,MA,01520,United States,N,Y
15697,1667,Mailing,,Zoll Medical,,121 Gamma Drive,,Pittsburgh,PA,15238-2919,United States,N,N
15697,1667,Billing,,Zoll Medical,,121 Gamma Drive,,Pittsburgh,PA,15238-2919,United States,Y,N
15697,1667,Shipping,,Zoll Medical,,121 Gamma Drive,,Pittsburgh,PA,15238-2919,United States,N,Y
15716,1668,Mailing,,Hisco - Tempe,,1150 W. Geneva Dr,,Tempe,AZ,85282,United States,N,N
15716,1668,Billing,,Hisco - Tempe,,1150 W. Geneva D,,Tempe,AZ,85282,United States,Y,N
15716,1668,Shipping,,Hisco - Tempe,,1150 W. Geneva D,,Tempe,AZ,85282,United States,N,Y
15740,1669,Mailing,,Ellsworth Adhesives - Portsmouth (NH),,579 Sagamore Avenue,Unit 56,Portsmouth,NH,03801,United States,N,N
15740,1669,Billing,,Ellsworth Adhesives - Portsmouth (NH),,P. O. Box 1002,,Germantown,WI,53022,United States,Y,N
15740,1669,Shipping,,Ellsworth Adhesives - Portsmouth (NH),,579 Sagamore Avenue,Unit 56,Portsmouth,NH,03801,United States,N,Y
15741,1670,Mailing,,Ornim Medical,,123-125 Washington St.,Unit 7,Foxboro,MA,02035,United States,N,N
15741,1670,Billing,,Ornim Medical,,123-125 Washington St.,Unit 7,Foxboro,MA,02035,United States,Y,N
15741,1670,Shipping,,Ornim Medical,,123-125 Washington St.,Unit 7,Foxboro,MA,02035,United States,N,Y
15755,1671,Mailing,,Emerson Process Management,,,,,,,,N,N
15755,1671,Billing,,Emerson Process Management,,Ave. Miguel de Cervantes 111,,Chihuahua,Chih,31136,United States,Y,N
15755,1671,Shipping,,Emerson Process Management,,Ave. Miguel de Cervantes 111,,Chihuahua,Chih,31136,Mexico,N,Y
15770,1672,Mailing,,Ellsworth Adhesives - Carmel (IN),,4923 Wood Creek Drive,,Carmel,IN,46033,United States,N,N
15770,1672,Billing,,Ellsworth Adhesives - Carmel (IN),,P. O. Box 1002,,Germantown,WI,53022,United States,Y,N
15770,1672,Shipping,,Ellsworth Adhesives - Carmel (IN),,4923 Wood Creek Drive,,Carmel,IN,46033,United States,N,Y
15777,1673,Mailing,,Richard Plastics Co.,,1024 Hillcrest Dr,,Laurel,MS,39440,United States,N,N
15777,1673,Billing,,Richard Plastics Co.,,1024 Hillcrest Dr,,Laurel,MS,39440,United States,Y,N
15777,1673,Shipping,,Richard Plastics Co.,,1024 Hillcrest Dr,,Laurel,MS,39440,United States,N,Y
15824,1674,Mailing,,"MetriTrack, Inc.",,"4415 West Harrison, St. #230",,Hillside,IL,60162,United States,N,N
15824,1674,Billing,,"MetriTrack, Inc.",,"4415 West Harrison, St. #230",,Hillside,IL,60162,United States,Y,N
15824,1674,Shipping,,"MetriTrack, Inc.",,"4415 West Harrison, St. #230",,Hillside,IL,60162,United States,N,Y
15833,1675,Mailing,,Ellsworth Adhesives - Latrobe (PA),,934 Terrace Drv,,Latrobe,PA,15650,United States,N,N
15833,1675,Billing,,Ellsworth Adhesives - Latrobe (PA),,P. O. Box 1002,,Germantown,WI,53022,United States,Y,N
15833,1675,Shipping,,Ellsworth Adhesives - Latrobe (PA),,934 Terrace Drv,,Latrobe,PA,15650,United States,N,Y
15839,1676,Mailing,,Bar-Ray,,90 East Lakeview Drive,,Littlestown,PA,17340,United States,N,N
15839,1676,Billing,,Bar-Ray,,90 East Lakeview Drive,,Littlestown,PA,17340,United States,Y,N
15839,1676,Shipping,,Bar-Ray,,90 East Lakeview Drive,,Littlestown,PA,17340,United States,N,Y
15844,1677,Mailing,,DI-EL Tack Ltd,,,,,,,,N,N
15844,1677,Billing,,DI-EL Tack Ltd,,13 Hidekel St.,POB 2383,Yavne,,,Israel,Y,N
15844,1677,Shipping,,DI-EL Tack Ltd,,"13 Hidekel Street, P. O. B. 2623",,Yavne,,8158736,Israel,N,Y
15850,1678,Mailing,,McRoberts Security Technologies,,46 Throckmorton Street,,Freehold,NJ,07728,United States,N,N
15850,1678,Billing,,McRoberts Security Technologies,,46 Throckmorton Street,,Freehold,NJ,07728,United States,Y,N
15850,1678,Shipping,,McRoberts Security Technologies,,,,,,,,N,Y
15852,1679,Mailing,,Potomac Photonics,,1450 South Rolling Rd,Ste 2.095,Halethorpe,MD,21227,United States,N,N
15852,1679,Billing,,Potomac Photonics,,1450 South Rolling Rd,Ste 2.095,Halethorpe,MD,21227,United States,Y,N
15852,1679,Shipping,,Potomac Photonics,,1450 South Rolling Rd,Ste 2.095,Halethorpe,MD,21227,United States,N,Y
15863,1680,Mailing,,Science & Engineering Services LLC / SES,,6992 Columbia Gateway Dr,,Columbia,MD,21046,United States,N,N
15863,1680,Billing,,Science & Engineering Services LLC / SES,,6992 Columbia Gateway Dr,,Columbia,MD,21046,United States,Y,N
15863,1680,Shipping,,Science & Engineering Services LLC / SES,,248 Dunlop Blvd,,Huntsville,AL,35824,United States,N,Y
15871,1681,Mailing,,Swift Medical,,1 Richmond St W,Ste 300,Toronto,ON,M5H 3W4,Canada,N,N
15871,1681,Billing,,Swift Medical,,1 Richmond St W,Ste 300,Toronto,ON,M5H 3W4,Canada,Y,N
15871,1681,Shipping,,Swift Medical,,1 Richmond St W,Ste 300,Toronto,ON,M5H 3W4,Canada,N,Y
15880,1682,Mailing,,Ellsworth Adhesives - Antioch (IL),,39882 N Long Drive,,Antioch,IL,60002,United States,N,N
15880,1682,Billing,,Ellsworth Adhesives - Antioch (IL),,P. O. Box 1002,,Germantown,WI,53022,United States,Y,N
15880,1682,Shipping,,Ellsworth Adhesives - Antioch (IL),,39882 N Long Drive,,Antioch,IL,60002,United States,N,Y
15882,1683,Mailing,,Merit Medical Systems,,1600 West Merit Parkway,,South Jordan,UT,84095,United States,N,N
15882,1683,Billing,,Merit Medical Systems,,1600 West Merit Parkway,,South Jordan,UT,84095,United States,Y,N
15882,1683,Shipping,,Merit Medical Systems,,1600 West Merit Parkway,,South Jordan,UT,84095,United States,N,Y
15883,1684,Mailing,,PFC Flexible Circuits Ltd,,11 Canadian Rd,Suite 7,Scarborough,ON,M1R5G1,Canada,N,N
15883,1684,Billing,,PFC Flexible Circuits Ltd,,11 Canadian Rd,Suite 7,Scarborough,ON,M1R5G1,Canada,Y,N
15883,1684,Shipping,,PFC Flexible Circuits Ltd,,11 Canadian Rd,Unit 12 Rear,Scarborough,ON,M1R5G1,Canada,N,Y
15889,1685,Mailing,,New Market Graphics,,2244 Sunrise Way,,Jamison,PA,18929-1051,United States,N,N
15889,1685,Billing,,New Market Graphics,,2244 Sunrise Way,,Jamison,PA,18929-1051,United States,Y,N
15889,1685,Shipping,,New Market Graphics,,"230 Fair Hill Street, Dock NMG",,Willow Grove,PA,19090,United States,N,Y
15894,1686,Mailing,,Viant ,,,,,,,,N,N
15894,1686,Billing,,Viant ,,Ave. La Cuspide No. 1,Parque Industrial Technomex playas de Tijuana,Tijuana,BC,22500,Mexico,Y,N
15894,1686,Shipping,,Viant ,,9850 Siempre Viva Road Suite #3,,San Diego,CA,92154,United States,N,Y
15898,1687,Mailing,,DLA Aviation Richmond,,8000 Jefferson Davis Hwy,,Richmond,VA,23297,United States,N,N
15898,1687,Billing,,DLA Aviation Richmond,,DEF FIN & ACCT SVC/ BSM,PO Box 182317,Columbus,OH,43218,United States,Y,N
15898,1687,Shipping,,DLA Aviation Richmond,,8000 Jefferson Davis Hwy,ASC Commodities Division,Richmond,VA,23297,United States,N,Y
15905,1688,Mailing,,Tinker AFB,,,,,,,,N,N
15905,1688,Billing,,Tinker AFB,,,,,,,,Y,N
15905,1688,Shipping,,Tinker AFB,,,,,,,,N,Y
15914,1689,Mailing,,Plexus,,One Plexus Way,,Neenah,WI,54956,United States,N,N
15914,1689,Billing,,Plexus,,One Plexus Way,,Neenah,WI,54956,United States,Y,N
15914,1689,Shipping,,Plexus,,One Plexus Way,,Neenah,WI,54956,United States,N,Y
15922,1690,Mailing,,BGF Industries,,230 Slayton Avenue,,Danville,VA,24540,United States,N,N
15922,1690,Billing,,BGF Industries,,230 Slayton Avenue,Suite A1,Danville,VA,24540,United States,Y,N
15922,1690,Shipping,,BGF Industries,,,,,,,,N,Y
15938,1691,Mailing,,Apollo Display Technologies Corp.,,"87 Raynor Avenue, Unit #1",,Ronkonkoma,NY,11779,United States,N,N
15938,1691,Billing,,Apollo Display Technologies Corp.,,"87 Raynor Avenue, Unit #1",,Ronkonkoma,NY,11779,United States,Y,N
15938,1691,Shipping,,Apollo Display Technologies Corp.,,"87 Raynor Avenue, Unit #1",,Ronkonkoma,NY,11779,United States,N,Y
15941,1692,Mailing,,Volvo Trucks North America,,"Dept. 18832, TC-2",7900 National Service Road,Greensboro,NC,27409,United States,N,N
15941,1692,Billing,,Volvo Trucks North America,,"Dept. 18832, TC-2",7900 National Service Road,Greensboro,NC,27409,United States,Y,N
15941,1692,Shipping,,Volvo Trucks North America,,"Dept. 18832, TC-2",7900 National Service Road,Greensboro,NC,27409,United States,N,Y
15949,1693,Mailing,,Advanced Decorative Systems-US,,4705 Industrial Drive,,Millington,MI,48746,United States,N,N
15949,1693,Billing,,Advanced Decorative Systems-US,,4705 Industrial Drive,,Millington,MI,48746,United States,Y,N
15949,1693,Shipping,,Advanced Decorative Systems-US,,4705 Industrial Drive,,Millington,MI,48746,United States,N,Y
15955,1694,Mailing,,Oak Ridge National Laboratory,,"UT- Battelle, ORNL",1 Bethel Valley Rd 7001-AMSE1129,Oak Ridge,TN,37830,United States,N,N
15955,1694,Billing,,Oak Ridge National Laboratory,,1 Bethel Valley Rd,MS 6339,Oak Ridge,TN,37830,United States,Y,N
15955,1694,Shipping,,Oak Ridge National Laboratory,,"UT- Battelle, ORNL",1 Bethel Valley Rd 7001-AMSE1129,Oak Ridge,TN,37830,United States,N,Y
15965,1695,Mailing,,Ford Integrated Stamping Plant KC,,,,,,,,N,N
15965,1695,Billing,,Ford Integrated Stamping Plant KC,,Receiving Area,2401 Plummer Rd,Liberty,MO,64068,United States,Y,N
15965,1695,Shipping,,Ford Integrated Stamping Plant KC,,,,,,,,N,Y
15973,1696,Mailing,,Summit Technologies Corp.,,,,,,,,N,N
15973,1696,Billing,,Summit Technologies Corp.,,5F No 17 Dingshan Rd,Haicang District,Xiamen,Fujian,361026,China,Y,N
15973,1696,Shipping,,Summit Technologies Corp.,,5F No 17 Dingshan Rd,Haicang District,Xiamen,Fujian,361026,China,N,Y
15987,1697,Mailing,,Veritiv - Depew ,,3344 Walden Ave,,Depew,NY,14043,United States,N,N
15987,1697,Billing,,Veritiv - Depew ,,3344 Walden Ave,,Depew,NY,14043,United States,Y,N
15987,1697,Shipping,,Veritiv - Depew ,,3344 Walden Ave,,Depew,NY,14043,United States,N,Y
16006,1698,Mailing,,Beta-Calco Inc,,25 Kodiak Crescent,,Toronto,ON,M3J 3E5,Canada,N,N
16006,1698,Billing,,Beta-Calco Inc,,25 Kodiak Crescent,,Toronto,ON,M3J 3E5,Canada,Y,N
16006,1698,Shipping,,Beta-Calco Inc,,C/O Borderworx Logistics,369 Lng Blvd.,Grand Island,NY,14072,United States,N,Y
16010,1699,Mailing,,Quality Mill Supply,,2159 Early Lane; PO Box 329,,Franklin ,IN,46131,United States,N,N
16010,1699,Billing,,Quality Mill Supply,,2159 Early Lane; PO Box 329,,Franklin ,IN,46131,United States,Y,N
16010,1699,Shipping,,Quality Mill Supply,,2159 Early Lane,,Franklin ,IN,46131,United States,N,Y
16017,1700,Mailing,,CompoSecure,,500 Memorial Drive,,Somerset,NJ,08873,United States,N,N
16017,1700,Billing,,CompoSecure,,500 Memorial Drive,,Somerset,NJ,08873,United States,Y,N
16017,1700,Shipping,,CompoSecure,,500 Memorial Drive,,Somerset,NJ,08873,United States,N,Y
16019,1701,Mailing,,Neff-Perkins Company,,16080 Industrial Parkway,,Middlefield,OH,44062,United States,N,N
16019,1701,Billing,,Neff-Perkins Company,,16080 Industrial Parkway,,Middlefield,OH,44062,United States,Y,N
16019,1701,Shipping,,Neff-Perkins Company,,16080 Industrial Parkway,,Middlefield,OH,44062,United States,N,Y
16025,1702,Mailing,,Q-Tech,,221A Lower Morrisville Road,,Levittown,PA,19054,United States,N,N
16025,1702,Billing,,Q-Tech,,221A Lower Morrisville Road,,Levittown,PA,19054,United States,Y,N
16025,1702,Shipping,,Q-Tech,,221A Lower Morrisville Road,,Levittown,PA,19054,United States,N,Y
16038,1703,Mailing,,FayJan Tool Sales Co.,,6751 US 15,,Montgomery,PA,17752,United States,N,N
16038,1703,Billing,,FayJan Tool Sales Co.,,6751 US 15,,Montgomery,PA,17752,United States,Y,N
16038,1703,Shipping,,FayJan Tool Sales Co.,,6751 US 15,,Montgomery,PA,17752,United States,N,Y
16046,1704,Mailing,,"SDM & Associates, Inc. (For Lockheed Martin)",,20 High Street E,,Glassboro,NJ,08028,United States,N,N
16046,1704,Billing,,"SDM & Associates, Inc. (For Lockheed Martin)",,PO Box 130,,Glassboro,NJ,08028,United States,Y,N
16046,1704,Shipping,,"SDM & Associates, Inc. (For Lockheed Martin)",,,,,,,,N,Y
16071,1705,Mailing,,Rocket Mark Corporation,,115 Penn Warren Drive,Suite 300-305,Brentwood,TN,37027,United States,N,N
16071,1705,Billing,,Rocket Mark Corporation,,"3026 Owen Drive, Suite 110",,Antioch,TN,37013,United States,Y,N
16071,1705,Shipping,,Rocket Mark Corporation,,"3026 Owen Drive, Suite 110",,Antioch,TN,37013,United States,N,Y
16073,1706,Mailing,,"New Visual Media Group, LLC",,"6 Industrial Way West, Suite G",,Eatontown,NJ,07724,United States,N,N
16073,1706,Billing,,"New Visual Media Group, LLC",,"6 Industrial Way West, Suite G",,Eatontown,NJ,07724,United States,Y,N
16073,1706,Shipping,,"New Visual Media Group, LLC",,"6 Industrial Way West, Suite G",,Eatontown,NJ,07724,United States,N,Y
16075,1707,Mailing,,Performance Elastomers,,7162 State Rte 88,,Ravenna,OH,44266,United States,N,N
16075,1707,Billing,,Performance Elastomers,,7162 State Rte 88,,Ravenna,OH,44266,United States,Y,N
16075,1707,Shipping,,Performance Elastomers,,7162 State Rte 88,,Ravenna,OH,44266,United States,N,Y
16076,1708,Mailing,,3M EDUMEX / EDUSA,,Ramon Rivera Lara 6620,,Ciudad Juarez,Chihuahua,,Mexico,N,N
16076,1708,Billing,,3M EDUMEX / EDUSA,,c/o Edusa Corporation- Accounts Payable,PO Box 9308 ,El Paso,TX,79905-9308,United States,Y,N
16076,1708,Shipping,,3M EDUMEX / EDUSA,,420-B Pan American Drive,Ste B-5,El Paso,TX,79907,United States,N,Y
16091,1709,Mailing,,"General Electric Co., DBA GE Healthcare",,3114 Grandview Blvd.,F39403,Waukesha,WI,53118,United States,N,N
16091,1709,Billing,,"General Electric Co., DBA GE Healthcare",,"General Electric Com., DBA GE Healthcare","BID 330010, PO Box 982357",El Paso,TX,79998,United States,Y,N
16091,1709,Shipping,,"General Electric Co., DBA GE Healthcare",,3000 N. Grandview Blvd,,Waukesha,WI,53188,United States,N,Y
16101,1710,Mailing,,Ellsworth Adhesives - Flower Mound (TX),,,,,,,,N,N
16101,1710,Billing,,Ellsworth Adhesives - Flower Mound (TX),,P. O. Box 1002,,Germantown,WI,53022,United States,Y,N
16101,1710,Shipping,,Ellsworth Adhesives - Flower Mound (TX),,1625 Crescent Circle # 220,,Carrollton,TX,75006,United States,N,Y
16107,1711,Mailing,,Ford Motor Co. - Metal Stamping Buffalo,,3663 Lakeshore Rd.,,Buffalo,NY,14219,United States,N,N
16107,1711,Billing,,Ford Motor Co. - Metal Stamping Buffalo,,3663 Lakeshore Rd.,,Buffalo,NY,14219,United States,Y,N
16107,1711,Shipping,,Ford Motor Co. - Metal Stamping Buffalo,,3663 Lakeshore Rd.,,Buffalo,NY,14219,United States,N,Y
16126,1712,Mailing,,Johnson Medtech,,One Parlex Place,,Methuen,MA,01844,United States,N,N
16126,1712,Billing,,Johnson Medtech,,801 Scholz Drive,,Vandalia,OH,45377,United States,Y,N
16126,1712,Shipping,,Johnson Medtech,,801 Scholz Drive,,Vandalia,OH,45377,United States,N,Y
16130,1713,Mailing,,"PakSouth, Inc.",,11000-C South Commerce Blvd.,,Charlotte ,NC,28273,United States,N,N
16130,1713,Billing,,"PakSouth, Inc.",,1407-A Westinghouse Blvd.,,Charlotte ,NC,28273,United States,Y,N
16130,1713,Shipping,,"PakSouth, Inc.",,11000-C South Commerce Blvd.,,Charlotte ,NC,28273,United States,N,Y
16136,1714,Mailing,,Natech Plastics,,85 Remington Blvd,,Ronkonkoma,NY,11779,United States,N,N
16136,1714,Billing,,Natech Plastics,,85 Remington Blvd,,Ronkonkoma,NY,11779,United States,Y,N
16136,1714,Shipping,,Natech Plastics,,"180 Orville Drive, Suite 400",,Bohemia,NY,11716,United States,N,Y
16151,1715,Mailing,,Ellsworth Adhesives - Rochester (NY),,,,,,,,N,N
16151,1715,Billing,,Ellsworth Adhesives - Rochester (NY),,P. O. Box 1002,,Germantown,WI,53022,United States,Y,N
16151,1715,Shipping,,Ellsworth Adhesives - Rochester (NY),,,,,,,,N,Y
16154,1716,Mailing,,Innovative Electronics Corporation,,750 Trumbull Drive,,Pittsburgh,PA,15205,United States,N,N
16154,1716,Billing,,Innovative Electronics Corporation,,750 Trumbull Drive,,Pittsburgh,PA,15205,United States,Y,N
16154,1716,Shipping,,Innovative Electronics Corporation,,750 Trumbull Drive,,Pittsburgh,PA,15205,United States,N,Y
16160,1717,Mailing,,Fastenal - Auburn Maine,,,,,,,,N,N
16160,1717,Billing,,Fastenal - Auburn Maine,,A/P,P. O. Box 348,Winona,ME,55987,United States,Y,N
16160,1717,Shipping,,Fastenal - Auburn Maine,,2879 Hotel Road,,Auburn,ME,04210,United States,N,Y
16168,1718,Mailing,,Lutron Electronics Co Inc.,,7200 Suter Rd,,Coopersburg,PA,18036,United States,N,N
16168,1718,Billing,,Lutron Electronics Co Inc.,,7200 Suter Rd,,Coopersburg,PA,18036,United States,Y,N
16168,1718,Shipping,,Lutron Electronics Co Inc.,,7200 Suter Rd,,Coopersburg,PA,18036,United States,N,Y
16183,1719,Mailing,,Ellsworth Adhesives - Brea (CA),,914 Wildrose Drive,,Brea,CA,92821-8499,United States,N,N
16183,1719,Billing,,Ellsworth Adhesives - Brea (CA),,P. O. Box 1002,,Germantown,WI,53022,United States,Y,N
16183,1719,Shipping,,Ellsworth Adhesives - Brea (CA),,P. O. Box 1002,,Germantown,WI,53022,United States,N,Y
16191,1720,Mailing,,Lincoln Industries,,,,,,,,N,N
16191,1720,Billing,,Lincoln Industries,,"600 West ""E"" St",,Lincoln,NE,68522,United States,Y,N
16191,1720,Shipping,,Lincoln Industries,,,,,,,,N,Y
16192,1721,Mailing,,Terumo Medical,,125 Blue Ball Road,,Elkton,MD,21921,United States,N,N
16192,1721,Billing,,Terumo Medical,,265 Davidson Avenue,Suite 320,Somerset,NJ,08873,United States,Y,N
16192,1721,Shipping,,Terumo Medical,,125 Blue Ball Road,,Elkton,MD,21921,United States,N,Y
16196,1722,Mailing,,Allergan ( Zeltiq ),,,,,,,,N,N
16196,1722,Billing,,Allergan ( Zeltiq ),,,,,,,,Y,N
16196,1722,Shipping,,Allergan ( Zeltiq ),,,,,,,,N,Y
16200,1723,Mailing,,Identification Products,,104 Silliman Avenue,,Bridgeport,CT,06605,United States,N,N
16200,1723,Billing,,Identification Products,,P.O. Box 320307,,Fairfield ,CT,06825,United States,Y,N
16200,1723,Shipping,,Identification Products,,104 Silliman Avenue,,Bridgeport,CT,06605,United States,N,Y
16213,1724,Mailing,,"Construction Specialties, Inc.",,6696 State Route 405,,Muncy,PA,17756,United States,N,N
16213,1724,Billing,,"Construction Specialties, Inc.",,6696 State Route 405,,Muncy,PA,17756,United States,Y,N
16213,1724,Shipping,,"Construction Specialties, Inc.",,6696 State Route 405,,Muncy,PA,17756,United States,N,Y
16215,1725,Mailing,,"Hemosonics, LLC.",,4020 Stirrup Creek,,Durham,NC,27703,United States,N,N
16215,1725,Billing,,"Hemosonics, LLC.",,4020 Stirrup Creek Drive ,Suite 105,Durham,NC,27703-8970,United States,Y,N
16215,1725,Shipping,,"Hemosonics, LLC.",,4020 Stirrup Creek Drive,Suite 105,Durham,NC,27703,United States,N,Y
16225,1726,Mailing,,"DocXS Biomedical Products, LLC",,564 South Dora Street,Sutie A-1,Ukiah,CA,95482,United States,N,N
16225,1726,Billing,,"DocXS Biomedical Products, LLC",,564 South Dora Street,Sutie A-1,Ukiah,CA,95482,United States,Y,N
16225,1726,Shipping,,"DocXS Biomedical Products, LLC",,564 South Dora Street,Sutie A-1,Ukiah,CA,95482,United States,N,Y
16226,1727,Mailing,,"Applied Image, Inc.",,1653 East Main Street,,Rochester,NY,14609,United States,N,N
16226,1727,Billing,,"Applied Image, Inc.",,1653 East Main Street,,Rochester,NY,14609,United States,Y,N
16226,1727,Shipping,,"Applied Image, Inc.",,1653 East Main Street,,Rochester,NY,14609,United States,N,Y
16228,1728,Mailing,,"Trumpf Photonics, Inc.",,2601 US Route 130 South,,Cranbury,NJ,08512,United States,N,N
16228,1728,Billing,,"Trumpf Photonics, Inc.",,2601 US Route 130 South,,Cranbury,NJ,08512,United States,Y,N
16228,1728,Shipping,,"Trumpf Photonics, Inc.",,2601 US Route 130 South,,Cranbury,NJ,08512,United States,N,Y
16232,1729,Mailing,,"Paul Rabinowitz Glass Co., Inc.",,1401 North American Street,,Philadelphia,PA,19122,United States,N,N
16232,1729,Billing,,"Paul Rabinowitz Glass Co., Inc.",,1401-15 North American Street,,Philadelphia,PA,19122,United States,Y,N
16232,1729,Shipping,,"Paul Rabinowitz Glass Co., Inc.",,1401 North American Street,,Philadelphia,PA,19122,United States,N,Y
16233,1730,Mailing,,Andrew Yu,,,,,,,,N,N
16233,1730,Billing,,Andrew Yu,,"420 East 51st, Apt. 9B",,New York,NY,10022,United States,Y,N
16233,1730,Shipping,,Andrew Yu,,"420 East 51st, Apt. 9B",,New York,NY,10022,United States,N,Y
16242,1731,Mailing,,Geneva Healthcare,,826 Mohr Avenue,,Waterford,WI,53185,United States,N,N
16242,1731,Billing,,Geneva Healthcare,,826 Mohr Avenue,,Waterford,WI,53185,United States,Y,N
16242,1731,Shipping,,Geneva Healthcare,,,,,,,,N,Y
16243,1732,Mailing,,Connect 4 Technologies,,,,,,,,N,N
16243,1732,Billing,,Connect 4 Technologies,,79 Boul Brunswick Ste A,,Dollard-Des-Ormeau,QC,H9B 2J5,Canada,Y,N
16243,1732,Shipping,,Connect 4 Technologies,,79 Boul Brunswick Ste A,,Dollard-Des-Ormeau,QC,H9B 2J5,Canada,N,Y
16244,1733,Mailing,,NeoLight LLC,,,,,,,,N,N
16244,1733,Billing,,NeoLight LLC,,275 N. Gateway Drive #120,,Phoenix,AZ,85034,United States,Y,N
16244,1733,Shipping,,NeoLight LLC,,,,,,,,N,Y
16246,1734,Mailing,,"iSun International Group, LLC",,,,,,,,N,N
16246,1734,Billing,,"iSun International Group, LLC",,235 W Boylston St,,West Boylston,MA,01583,United States,Y,N
16246,1734,Shipping,,"iSun International Group, LLC",,7940 N 81st Street,,Milwaukee,WI,53223,United States,N,Y
16250,1735,Mailing,,Adheso-Graphics,,1 Selina Drive,,Albany,NY,12205,United States,N,N
16250,1735,Billing,,Adheso-Graphics,,1 Selina Drive,,Albany,NY,12205,United States,Y,N
16250,1735,Shipping,,Adheso-Graphics,,1 Selina Drive,,Albany,NY,12205,United States,N,Y
16260,1736,Mailing,,Ellsworth Adhesives - Brampton (ON),,,,,,,,N,N
16260,1736,Billing,,Ellsworth Adhesives - Brampton (ON),,W129 N10825 Washington Drive,,Germantown,WI,53022,United States,Y,N
16260,1736,Shipping,,Ellsworth Adhesives - Brampton (ON),,,,,,,,N,Y
16282,1737,Mailing,,Andersen Sterilizers,,3170 Caroline Drive,,Haw River,NC,27258,United States,N,N
16282,1737,Billing,,Andersen Sterilizers,,3170 Caroline Drive,,Haw River,NC,27258,United States,Y,N
16282,1737,Shipping,,Andersen Sterilizers,,3154 Caroline Drive,Health Science Park,Haw River,NC,27258,United States,N,Y
16293,1738,Mailing,,Collins Aerospace (B/E Aerospace),,355 Knickerbocker Avenue,,Bohemia,NY,11716,United States,N,N
16293,1738,Billing,,Collins Aerospace (B/E Aerospace),,355 Knickerbocker Avenue,,Bohemia,NY,11716,United States,Y,N
16293,1738,Shipping,,Collins Aerospace (B/E Aerospace),,355 Knickerbocker Avenue,,Bohemia,NY,11716,United States,N,Y
16320,1739,Mailing,,Fathom (BioMetrix Company),,212 W. Main Street,Office 213,Durham ,NC,27701,United States,N,N
16320,1739,Billing,,Fathom (BioMetrix Company),,PO Box 25325,,Durham ,NC,27702,United States,Y,N
16320,1739,Shipping,,Fathom (BioMetrix Company),,212 W. Main Street,Office 213,Durham ,NC,27701,United States,N,Y
16325,1740,Mailing,,Roller Die & Forming ,,4630 County Road 209 South,,Green Cove Springs,FL,32043,United States,N,N
16325,1740,Billing,,Roller Die & Forming ,,4630 County Road 209 South,,Green Cove Springs,FL,32043,United States,Y,N
16325,1740,Shipping,,Roller Die & Forming ,,4630 County Road 209 South,,Green Cove Springs,FL,32043,United States,N,Y
16326,1741,Mailing,,Opex Corporation,,305 Commerce Drive,,Moorestown,NJ,08057,United States,N,N
16326,1741,Billing,,Opex Corporation,,305 Commerce Drive,,Moorestown,NJ,08057,United States,Y,N
16326,1741,Shipping,,Opex Corporation,,835 Lancer,,Moorestown,NJ,08057,United States,N,Y
16328,1742,Mailing,,York Wallcoverings,,,,,,,,N,N
16328,1742,Billing,,York Wallcoverings,,750 Linden Avenue,,York,PA,17405,United States,Y,N
16328,1742,Shipping,,York Wallcoverings,,750 Linden Avenue,,York,PA,17405,United States,N,Y
16333,1743,Mailing,,Cirtronics Corporation,,528 Route 13 South,,Milford,NH,03055,United States,N,N
16333,1743,Billing,,Cirtronics Corporation,,528 Route 13 South,,Milford,NH,03055,United States,Y,N
16333,1743,Shipping,,Cirtronics Corporation,,528 Route 13 South,,Milford,NH,03055,United States,N,Y
16356,1744,Mailing,,Univex Corporation,,3 Old Rockingham Road,,Salem,NH,03079,United States,N,N
16356,1744,Billing,,Univex Corporation,,3 Old Rockingham Road,,Salem,NH,03079,United States,Y,N
16356,1744,Shipping,,Univex Corporation,,3 Old Rockingham Road,,Salem,NH,03079,United States,N,Y
16359,1745,Mailing,,Plastifab Industries,,7777 rte Transcanadienne,,Saint-Laurent,QC,H4S 1L3,Canada,N,N
16359,1745,Billing,,Plastifab Industries,,7777 rte Transcanadienne,,Saint-Laurent,QC,H4S 1L3,Canada,Y,N
16359,1745,Shipping,,Plastifab Industries,,7777 rte Transcanadienne,,Saint-Laurent,QC,H4S 1L3,Canada ,N,Y
16362,1746,Mailing,,Stair Supplies,,1722 Eisenhower Drive North,Suite B,Goshen,IN,46526,United States,N,N
16362,1746,Billing,,Stair Supplies,,1722 Eisenhower Drive North,Suite B,Goshen,IN,46526,United States,Y,N
16362,1746,Shipping,,Stair Supplies,,1722 Eisenhower Drive North,Suite B,Goshen,IN,46526,United States,N,Y
16364,1747,Mailing,,Dare 2B Different! Enterprises LLC.,,915 Beryl Drive,,Rockledge,FL,32955,United States,N,N
16364,1747,Billing,,Dare 2B Different! Enterprises LLC.,,915 Beryl Drive,,Rockledge,FL,32955,United States,Y,N
16364,1747,Shipping,,Dare 2B Different! Enterprises LLC.,,915 Beryl Drive,,Rockledge,FL,32955,United States,N,Y
16371,1748,Mailing,,"JPC Controls, Inc.",,3081 Elm Point Industrial Drive,,St. Charles,MO,63301,United States,N,N
16371,1748,Billing,,"JPC Controls, Inc.",,3081 Elm Point Industrial Drive,,St. Charles,MO,63301,United States,Y,N
16371,1748,Shipping,,"JPC Controls, Inc.",,3081 Elm Point Industrial Drive,,St. Charles,MO,63301,United States,N,Y
16384,1749,Mailing,,Michelin Tire,,,,,,,,N,N
16384,1749,Billing,,Michelin Tire,,,,,,,,Y,N
16384,1749,Shipping,,Michelin Tire,,515 Michelin Road,,Greenville ,SC,29605,United States,N,Y
16403,1750,Mailing,,Wi Inc.,,12503 E. Euclid Drive Suite 6,,Centennial,CO,80111,United States,N,N
16403,1750,Billing,,Wi Inc.,,12503 E. Euclid Drive Suite 6,,Centennial,CO,80111,United States,Y,N
16403,1750,Shipping,,Wi Inc.,,12503 E. Euclid Drive Suite 6,,Centennial,CO,80111,United States,N,Y
16404,1751,Mailing,,"AAXICO Technical Services, Inc. (Kapco-Global)",,,,,,,,N,N
16404,1751,Billing,,"AAXICO Technical Services, Inc. (Kapco-Global)",,10601 State St. Suite 1,,Tamarac,FL,33321,United States,Y,N
16404,1751,Shipping,,"AAXICO Technical Services, Inc. (Kapco-Global)",,10601 State St. Suite 1,,Tamarac,FL,33321,United States,N,Y
16407,1752,Mailing,,Veritiv - MN,,,,,,,,N,N
16407,1752,Billing,,Veritiv - MN,,P. O. Box 625799,,Cincinnati,OH,45262,United States,Y,N
16407,1752,Shipping,,Veritiv - MN,,13201 Wilfred Lane North,,Rogers,MN,55374,United States,N,Y
16411,1753,Mailing,,"Tecmotiv (USA), Inc.",,1500 James Avenue,,Niagra Falls,NY,14305,United States,N,N
16411,1753,Billing,,"Tecmotiv (USA), Inc.",,1500 James Avenue,,Niagra Falls,NY,14305,United States,Y,N
16411,1753,Shipping,,"Tecmotiv (USA), Inc.",,1500 James Avenue,,Niagra Falls,NY,14305,United States,N,Y
16421,1754,Mailing,,"Eliminating Global Boundaries, Inc.",,7 Ferris Drive,,Old Greenwich,CT,06870,United States,N,N
16421,1754,Billing,,"Eliminating Global Boundaries, Inc.",,7 Ferris Drive,,Old Greenwich,CT,06870,United States,Y,N
16421,1754,Shipping,,"Eliminating Global Boundaries, Inc.",,7 Ferris Drive,,Old Greenwich,CT,06870,United States,N,Y
16424,1755,Mailing,,SPARK Product Development LLC,,5928 School Avenue,,Richmond,VA,23228,United States,N,N
16424,1755,Billing,,SPARK Product Development LLC,,5928 School Avenue,,Richmond,VA,23228,United States,Y,N
16424,1755,Shipping,,SPARK Product Development LLC,,5928 School Avenue,,Richmond,VA,23228,United States,N,Y
16425,1756,Mailing,,,,5155 King Street,,Cocoa,FL,32926,United States,N,N
16425,1756,Billing,,,,5155 W. King Street,,Cocoa,FL,32926,United States,Y,N
16425,1756,Shipping,,,,5155 W. King Street,,Cocoa,FL,32926,United States,N,Y
16442,1757,Mailing,,Red River Institute LLC,,,,,,,,N,N
16442,1757,Billing,,Red River Institute LLC,,PO Box 160220,,Austin ,TX,78716-0220,United States,Y,N
16442,1757,Shipping,,Red River Institute LLC,,40 North Interstate 35 Unit 9B1,,Austin,TX,78701,United States,N,Y
16447,1758,Mailing,,Fastenal - Baltimore,,1008 Russell Street,,Baltimore,MD,21230,United States,N,N
16447,1758,Billing,,Fastenal - Baltimore,,A/P P. O. Box 348,,Winona,MN,55987,United States,Y,N
16447,1758,Shipping,,Fastenal - Baltimore,,1008 Russell Street,,Baltimore,MD,21230,United States,N,Y
16451,1759,Mailing,,Teleflex - Malaysia,,,,,,,,N,N
16451,1759,Billing,,Teleflex - Malaysia,,Teleflex Medical SDN BHD Attn: Milly Ong/ Kupu,"PT 2577 Jalan Perusahaan 4, Kamunting Industrial Estate, 34600 Kamunting ",Perak,,,Malasyia,Y,N
16451,1759,Shipping,,Teleflex - Malaysia,,Teleflex Medical SDN BHD,"PT 2577 Jalan Perusahaan 4, Kamunting Industrial Estate, 34600 Kamunting ",Perak,,,Malaysia,N,Y
16468,1760,Mailing,,"Silfab Solar, Inc.",,,,,,,,N,N
16468,1760,Billing,,"Silfab Solar, Inc.",,240 Courtneypark Drive E,,Mississauga,ON,L5T 2S5,Canada,Y,N
16468,1760,Shipping,,"Silfab Solar, Inc.",,240 Courtney Park Drive E,,Mississauga,ON,L5T 2S5,Canada,N,Y
16469,1761,Mailing,,Knuckledragger Design LLC,,P.O. Box 2595,,Spring Valley,CA,91979,United States,N,N
16469,1761,Billing,,Knuckledragger Design LLC,,P.O. Box 2595,,Spring Valley,CA,91979,United States,Y,N
16469,1761,Shipping,,Knuckledragger Design LLC,,"2732 Via Orange Way, Suite D",,Spring Valley,CA,91978,United States,N,Y
16470,1762,Mailing,,Fastenal - Ohio,,,,,,,,N,N
16470,1762,Billing,,Fastenal - Ohio,,ATTN: A/P,P. O. Box 529,Winona,MN,55987,United States,Y,N
16470,1762,Shipping,,Fastenal - Ohio,,3501 Venice Road,,Sandusky,OH,44870,United States,N,Y
16477,1763,Mailing,,"Nourisse Naturals,  LLC",,,,,,,,N,N
16477,1763,Billing,,"Nourisse Naturals,  LLC",,27 Elm Street,,Hamilton,MA,01982,United States,Y,N
16477,1763,Shipping,,"Nourisse Naturals,  LLC",,27 Elm Street,,S. Hamilton,MA,01982,United States,N,Y
16490,1764,Mailing,,Wake Forest University Baptist Medical Center,,,,,,,,N,N
16490,1764,Billing,,Wake Forest University Baptist Medical Center,,Attn: Accounts Payable,Medical Center Blvd,Winston-Salem,NC,27157,United States,Y,N
16490,1764,Shipping,,Wake Forest University Baptist Medical Center,,,,,,,,N,Y
16492,1765,Mailing,,"Hancock Medical, Inc. ",,897 Independence Avenue ,Suite 3A,Mountain View,CA,94043,United States,N,N
16492,1765,Billing,,"Hancock Medical, Inc. ",,897 Independence Avenue ,Suite 3A,Mountain View,CA,94043,United States,Y,N
16492,1765,Shipping,,"Hancock Medical, Inc. ",,897 Independence Avenue ,Suite 3A,Mountain View,CA,94043,United States,N,Y
16499,1766,Mailing,,Sardine Can Giftware,,PO Box 283,,Brewer,ME,04412,United States,N,N
16499,1766,Billing,,Sardine Can Giftware,,PO Box 283,,Brewer,ME,04412,United States,Y,N
16499,1766,Shipping,,Sardine Can Giftware,,17 Doughty Drive,,Brewer,ME,04412,United States,N,Y
16512,1767,Mailing,,Energy Products Distribution,,9223 Harford Road,,Baltimore,MD,21234,United States,N,N
16512,1767,Billing,,Energy Products Distribution,,9223 Harford Road,,Baltimore,MD,21234,United States,Y,N
16512,1767,Shipping,,Energy Products Distribution,,9223 Harford Road,,Baltimore,MD,21234,United States,N,Y
16516,1768,Mailing,,Ferguson Industrial/Wolseley Industrial Group ,,,,,,,,N,N
16516,1768,Billing,,Ferguson Industrial/Wolseley Industrial Group ,,PO Box 9406,,Hampton,VA,23670-0406,United States,Y,N
16516,1768,Shipping,,Ferguson Industrial/Wolseley Industrial Group ,,2945 Crescentville Rd,Integrated Services #281,West Chester,OH,45069,United States,N,Y
16521,1769,Mailing,,Eklipse Architectural Lighting,,,,,,,,N,N
16521,1769,Billing,,Eklipse Architectural Lighting,,"2090 Rue Moreau, Suite 100",,Montreal,QC,H1W 2M3,Canada,Y,N
16521,1769,Shipping,,Eklipse Architectural Lighting,,,,,,,,N,Y
16527,1770,Mailing,,SHL Medical AG,,588 Jim Moran Blvd.,,Deerfield Beach,FL,33442,Switzerland,N,N
16527,1770,Billing,,SHL Medical AG,,Gubelstrasse 22,6300 Zug,,,,Switzerland,Y,N
16527,1770,Shipping,,SHL Medical AG,,588 Jim Moran Blvd.,,Deerfield Beach,FL,33442,United States,N,Y
16532,1771,Mailing,,Transaxle ,,2501 NJ 73 South,,Cinnaminson,NJ,08077,United States,N,N
16532,1771,Billing,,Transaxle ,,2501 NJ 73 South,,Cinnaminson,NJ,08077,United States,Y,N
16532,1771,Shipping,,Transaxle ,,2501 NJ 73 South,,Cinnaminson,NJ,08077,United States,N,Y
16538,1772,Mailing,,Power Choice Sdn Bhd,,,,,,,,N,N
16538,1772,Billing,,Power Choice Sdn Bhd,,Plot 79 Lorong Perindustrian Bukit,Kawasan Perindustrian Bukit Minyak,Bukit Mertajam,,14100,Malaysia,Y,N
16538,1772,Shipping,,Power Choice Sdn Bhd,,,,,,,,N,Y
16540,1773,Mailing,,Fastenal - Greencastle,,,,,,,,N,N
16540,1773,Billing,,Fastenal - Greencastle,,335 Nova Drive,,Greencastle,PA,17225,United States,Y,N
16540,1773,Shipping,,Fastenal - Greencastle,,335 Nova Drive,,Greencastle,PA,17225,United States,N,Y
16548,1774,Mailing,,Dampp-Chaser Electronics,,PO Box 1610 ,,Hendersonville,NC,28792,United States,N,N
16548,1774,Billing,,Dampp-Chaser Electronics,,PO Box 1610 ,,Hendersonville,NC,28792,United States,Y,N
16548,1774,Shipping,,Dampp-Chaser Electronics,,1410 Spartanburg Hwy.,,Hendersonville,NC,28792,United States,N,Y
16551,1775,Mailing,,General Motors Corp. - Oshawa Assembly,,,,,,,,N,N
16551,1775,Billing,,General Motors Corp. - Oshawa Assembly,,PO BOX 982002,,El Paso,TX,,United States,Y,N
16551,1775,Shipping,,General Motors Corp. - Oshawa Assembly,,"880 Stevenson Road, South",,Oshawa,ON,L1J 7C8,Canada,N,Y
16554,1776,Mailing,,Ford Arizona Proving Ground,,,,,,,,N,N
16554,1776,Billing,,Ford Arizona Proving Ground,,20715 W Happy Valley Road,,Wittmann,AZ,85361,United States,Y,N
16554,1776,Shipping,,Ford Arizona Proving Ground,,20715 W Happy Valley Road,,Wittmann,AZ,85361,United States,N,Y
16555,1777,Mailing,,"Williford Plastics, Inc.",,2715 Wyoming Ave,,Norfolk,VA,23513,United States,N,N
16555,1777,Billing,,"Williford Plastics, Inc.",,2715 Wyoming Ave,,Norfolk,VA,23513,United States,Y,N
16555,1777,Shipping,,"Williford Plastics, Inc.",,2715 Wyoming Ave,,Norfolk,VA,23513,United States,N,Y
16556,1778,Mailing,,Arrow Crating & Packaging,,7100 Westfield Avenue,,Pennsauken,NJ,08110,United States,N,N
16556,1778,Billing,,Arrow Crating & Packaging,,7100 Westfield Avenue,,Pennsauken,NJ,08110,United States,Y,N
16556,1778,Shipping,,Arrow Crating & Packaging,,7100 Westfield Avenue,,Pennsauken,NJ,08110,United States,N,Y
16564,1779,Mailing,,UE Life Sciences,,,,,,,,N,N
16564,1779,Billing,,UE Life Sciences,,26 Evelyn Drive,,Commack,NY,11725,United States,Y,N
16564,1779,Shipping,,UE Life Sciences,,26 Evelyn Drive,,Commack,NY,11725,United States,N,Y
16574,1780,Mailing,,"GrifGrips, LLC",,1331 McMullen Rd,,Gurley,AL,35748,United States,N,N
16574,1780,Billing,,"GrifGrips, LLC",,1331 McMullen Rd,,Gurley,AL,35748,United States,Y,N
16574,1780,Shipping,,"GrifGrips, LLC",,1331 McMullen Rd,,Gurley,AL,35748,United States,N,Y
16577,1781,Mailing,,Halco,,20269 Mack Steel,,Hayward,CA,94545,United States,N,N
16577,1781,Billing,,Halco,,20269 Mack Steel,,Hayward,CA,94545,United States,Y,N
16577,1781,Shipping,,Halco,,20269 Mack Steel,,Hayward,CA,94545,United States,N,Y
16580,1782,Mailing,,Universal Products,,Box #1586,,Mason City,Iowa,50402,United States,N,N
16580,1782,Billing,,Universal Products,,Box #1586,,Mason City,IA,50402,United States,Y,N
16580,1782,Shipping,,Universal Products,,Box #1586,,Mason City,IA,50402,United States,N,Y
16586,1783,Mailing,,"SCI Technology, Inc.",,,,,,,,N,N
16586,1783,Billing,,"SCI Technology, Inc.",,PO Box 1000,,Huntsville,AL,35807,United States,Y,N
16586,1783,Shipping,,"SCI Technology, Inc.",,13000 South Memorial Parkway SW,,Huntsville,AL,35803,United States,N,Y
16592,1784,Mailing,,DNP Denmark,,,,,,,,N,N
16592,1784,Billing,,DNP Denmark,,Skruegangen 2,,Karlslunde,,2690,Denmark,Y,N
16592,1784,Shipping,,DNP Denmark,,Skruegangen 2,Gate C,Karlslunde,,2690,Denmark,N,Y
16603,1785,Mailing,,WexEnergy LLC,,,,,,,,N,N
16603,1785,Billing,,WexEnergy LLC,,WexEnergy260 E. Main Street,Suite 6318,Rochester,NY,14604,United States,Y,N
16603,1785,Shipping,,WexEnergy LLC,,,,,,,,N,Y
16605,1786,Mailing,,Sunrise Strips,,,,,,,,N,N
16605,1786,Billing,,Sunrise Strips,,12 Rosebank Drive,,Providence,RI,02908,United States,Y,N
16605,1786,Shipping,,Sunrise Strips,,12 Rosebank Drive,,Providence,RI,02908,United States,N,Y
16614,1787,Mailing,,"Ramona Research, INC – A HEICO Company",,13741 Danielson Street,Suite J,Poway,CA,92064,United States,N,N
16614,1787,Billing,,"Ramona Research, INC – A HEICO Company",,13741 Danielson Street,Suite J,Poway,CA,92064,United States,Y,N
16614,1787,Shipping,,"Ramona Research, INC – A HEICO Company",,13741 Danielson Street,Suite J,Poway,CA,92064,United States,N,Y
16618,1788,Mailing,,Adcolor Inc.,,620 Adcolor Drive,,Lexington,KY,40511,United States,N,N
16618,1788,Billing,,Adcolor Inc.,,620 Adcolor Drive,,Lexington,KY,40511,United States,Y,N
16618,1788,Shipping,,Adcolor Inc.,,620 Adcolor Drive,,Lexington,KY,40511,United States,N,Y
16621,1789,Mailing,,"Creative Materials, Inc.",,12 Willow Road,,Ayer,MA,01432,United States,N,N
16621,1789,Billing,,"Creative Materials, Inc.",,12 Willow Road,,Ayer,MA,01432,United States,Y,N
16621,1789,Shipping,,"Creative Materials, Inc.",,12 Willow Road,,Ayer,MA,01432,United States,N,Y
16627,1790,Mailing,,3M CHIM Mfg,,"3M Center, Building 251-1C-09",,St. Paul,MN,55144-1000,United States,N,N
16627,1790,Billing,,3M CHIM Mfg,,"3M Center, Building 251-1C-09",,St. Paul,MN,55144-1000,United States,Y,N
16627,1790,Shipping,,3M CHIM Mfg,,"3M Center, Building 251-1C-09",,St. Paul,MN,55144-1000,United States,N,Y
16632,1791,Mailing,,"Allen Organ Company, LLC",,150 Locust Street,,Macungie,PA,18062,United States,N,N
16632,1791,Billing,,"Allen Organ Company, LLC",,150 Locust Street,,Macungie,PA,18062,United States,Y,N
16632,1791,Shipping,,"Allen Organ Company, LLC",,150 Locust Street,,Macungie,PA,18062,United States,N,Y
16637,1792,Mailing,,"Great Lakes Greenhouses, Inc.",,,,,,,,N,N
16637,1792,Billing,,"Great Lakes Greenhouses, Inc.",,"834 Mersea Road 4, RR3",,Leamington,ON,N8H 3V6,Canada,Y,N
16637,1792,Shipping,,"Great Lakes Greenhouses, Inc.",,,,,,,,N,Y
16647,1793,Mailing,,Ford T & C Van Dyke,,,,,,,,N,N
16647,1793,Billing,,Ford T & C Van Dyke,,4111 Van Dyke,,Sterling Heights,MI,48314-3674,United States,Y,N
16647,1793,Shipping,,Ford T & C Van Dyke,,4111 Van Dyke,,Sterling Heights,MI,48314-3674,United States,N,Y
16661,1794,Mailing,,Howa USA Holdings Inc,,,,,,,,N,N
16661,1794,Billing,,Howa USA Holdings Inc,,40220 Grand River Ave,,Novi,MI,48375,United States,Y,N
16661,1794,Shipping,,Howa USA Holdings Inc,,,,,,,,N,Y
16670,1795,Mailing,,Greene Rubber Company,,20 Cross Street,,Woburn,MA,01801,United States,N,N
16670,1795,Billing,,Greene Rubber Company,,20 Cross Street,,Woburn,MA,01801,United States,Y,N
16670,1795,Shipping,,Greene Rubber Company,,20 Cross Street,,Woburn,MA,01801,United States,N,Y
16671,1796,Mailing,,"Inteprod, LLC",,2583 Industry Lane,,Eagleville,PA,19403,United States,N,N
16671,1796,Billing,,"Inteprod, LLC",,2583 Industry Lane,,Eagleville,PA,19403,United States,Y,N
16671,1796,Shipping,,"Inteprod, LLC",,2583 Industry Lane,,Eagleville,PA,19403,United States,N,Y
16677,1797,Mailing,,Menasha Packaging Company,,30 Grumbacher Rd,,York,PA,17406,United States,N,N
16677,1797,Billing,,Menasha Packaging Company,,30 Grumbacher Rd,,York,PA,17406,United States,Y,N
16677,1797,Shipping,,Menasha Packaging Company,,30 Grumbacher Rd,,York,PA,17406,United States,N,Y
16678,1798,Mailing,,Cam Med LLC,,"M2D2, Lab 272, 600 Suffolk St",,Lowell,MA,01854,United States,N,N
16678,1798,Billing,,Cam Med LLC,,"M2D2, Lab 272, 600 Suffolk St",,Lowell,MA,01854,United States,Y,N
16678,1798,Shipping,,Cam Med LLC,,"M2D2, Lab 272, 600 Suffolk St",,Lowell,MA,01854,United States,N,Y
16680,1799,Mailing,,Fralock,,28525 W. Industry Drive,,Valencia,CA,91355,United States,N,N
16680,1799,Billing,,Fralock,,28525 W. Industry Drive,,Valencia,CA,91355,United States,Y,N
16680,1799,Shipping,,Fralock,,28525 W. Industry Drive,,Valencia,CA,91355,United States,N,Y
16683,1800,Mailing,,Hunter Douglas (Window Design Div.),,,,,,,,N,N
16683,1800,Billing,,Hunter Douglas (Window Design Div.),,201 Southridge Parkway,,Bessemer City,NC,28016,United States,Y,N
16683,1800,Shipping,,Hunter Douglas (Window Design Div.),,,,,,,,N,Y
16688,1801,Mailing,,Westfield Electroplating Company,,PO Box 298,,Westfield,MA,01089,United States,N,N
16688,1801,Billing,,Westfield Electroplating Company,,68 N Elm St,,Westfield,MA,01085,United States,Y,N
16688,1801,Shipping,,Westfield Electroplating Company,,68 N Elm St,,Westfield,MA,01085,United States,N,Y
16691,1802,Mailing,,Ximedica,,,,,,,,N,N
16691,1802,Billing,,Ximedica,,55 Dupont Drive,,Providence,RI,02907,United States,Y,N
16691,1802,Shipping,,Ximedica,,,,,,,,N,Y
16708,1803,Mailing,,Beyonics Precision (Maylaysia) Sdn Bhd,,No. 98 Jalan i-Park 1/10,Kawasan Perindustrian i-Park,"Bandar Indahpura, 8100 Kulaijaya",Johor Darul Takzim,,Malaysia,N,N
16708,1803,Billing,,Beyonics Precision (Maylaysia) Sdn Bhd,,No. 98 Jalan i-Park 1/10,Kawasan Perindustrian i-Park,"Bandar Indahpura, 8100 Kulaijaya",Johor Darul Takzim,,Malaysia,Y,N
16708,1803,Shipping,,Beyonics Precision (Maylaysia) Sdn Bhd,,No. 98 Jalan i-Park 1/10,Kawasan Perindustrian i-Park,"Bandar Indahpura, 8100 Kulaijaya",Johor Darul Takzim,,Malaysia,N,Y
16716,1804,Mailing,,"BLC PAWS, LLC",,,,,,,,N,N
16716,1804,Billing,,"BLC PAWS, LLC",,"2020 Howell Mill Road, Suite C #267",,Atlanta,GA,30318-1732,United States,Y,N
16716,1804,Shipping,,"BLC PAWS, LLC",,"2020 Howell Mill Road, Suite 267",,Atlanta,GA,30318-1732,United States,N,Y
16718,1805,Mailing,,Polymershapes LLC,,2115 N. Hamilton Street,,Richmond,VA,23230,United States,N,N
16718,1805,Billing,,Polymershapes LLC,,Accounts Payables,PO Box 25167,Lehigh Valley,PA,18002,United States,Y,N
16718,1805,Shipping,,Polymershapes LLC,,2115-A N. Hamilton Street,,Richmond,VA,23230,United States,N,Y
16728,1806,Mailing,,Hickman Edge Systems formally OMG EdgeSystems,, PO Box 15005,,Asheville,NC,28813,United States,N,N
16728,1806,Billing,,Hickman Edge Systems formally OMG EdgeSystems,,4 Commerce Way,,Arden,NC,28704,United States,Y,N
16728,1806,Shipping,,Hickman Edge Systems formally OMG EdgeSystems,,4 Commerce Way,,Arden,NC,28704,United States,N,Y
16731,1807,Mailing,,Woodrow Corporation,,4300 River Road,,Springfiled,OH,45502,United States,N,N
16731,1807,Billing,,Woodrow Corporation,,4300 River Road,,Springfield,OH,45502,United States,Y,N
16731,1807,Shipping,,Woodrow Corporation,,4300 River Road,,Springfiled,OH,45502,United States,N,Y
16749,1808,Mailing,,"Nanogate Jay Systems, LLC",,,,,,,,N,N
16749,1808,Billing,,"Nanogate Jay Systems, LLC",,150 E. Longview Ave.,,Mansfield,OH,44903,United States,Y,N
16749,1808,Shipping,,"Nanogate Jay Systems, LLC",,150 E. Longview Ave.,,Mansfield,OH,44903,United States,N,Y
16754,1809,Mailing,,"Fres-Co Systems USA, Inc.",,,,,,,,N,N
16754,1809,Billing,,"Fres-Co Systems USA, Inc.",,3005 State Rd,,Telford,PA,18969,United States,Y,N
16754,1809,Shipping,,"Fres-Co Systems USA, Inc.",,3005 State Rd,,Telford,PA,18969,United States,N,Y
16756,1810,Mailing,,Technosoft Innovations,,,,,,,,N,N
16756,1810,Billing,,Technosoft Innovations,,900 Perimeter Park Drive,Suite C,Morrisville,NC,27560,United States,Y,N
16756,1810,Shipping,,Technosoft Innovations,,900 Perimeter Park Drive,Suite C,Morrisville,NC,27560,United States,N,Y
16757,1811,Mailing,,"Infratab, Inc.",,4347 Raytheon Road,,Oxnard,CA,93033,United States,N,N
16757,1811,Billing,,"Infratab, Inc.",,4347 Raytheon Road,,Oxnard,CA,93033,United States,Y,N
16757,1811,Shipping,,"Infratab, Inc.",,4347 Raytheon Road,,Oxnard,CA,93033,United States,N,Y
16759,1812,Mailing,,Beynon Sports & Surfaces,,,,,,,,N,N
16759,1812,Billing,,Beynon Sports & Surfaces,,16 Alt Rd,,Hunt Valley,MD,21030,United States,Y,N
16759,1812,Shipping,,Beynon Sports & Surfaces,,,,,,,,N,Y
16761,1813,Mailing,,Goyard,,,,,,,,N,N
16761,1813,Billing,,Goyard,,20 East 63rd Street,,New York,NY,10065,United States,Y,N
16761,1813,Shipping,,Goyard,,,,,,,,N,Y
16764,1814,Mailing,,"Commonwealth Technology, Inc.",,5875 Barclay Drive,,Alexandra,VA,22315,United States,N,N
16764,1814,Billing,,"Commonwealth Technology, Inc.",,5875 Barclay Drive,,Alexandra,VA,22315,United States,Y,N
16764,1814,Shipping,,"Commonwealth Technology, Inc.",,5875 Barclay Drive,,Alexandra,VA,22315,United States,N,Y
16772,1815,Mailing,,"APC International, Ltd.",,P. O. Box 180,213 Duck Run Road,Mackeyville,PA,17750,United States,N,N
16772,1815,Billing,,"APC International, Ltd.",,P. O. Box 180,213 Duck Run Road,Mackeyville,PA,17750,United States,Y,N
16772,1815,Shipping,,"APC International, Ltd.",,213 Duck Run Road,,Mackeyville,PA,17750,United States,N,Y
16774,1816,Mailing,,Ellsworth Adhesives - Westminster (MD),,5105 Grave Run Rd,,Manchester,MD,21102,United States,N,N
16774,1816,Billing,,Ellsworth Adhesives - Westminster (MD),,P. O. Box 1002,,Germantown,WI,53022,United States,Y,N
16774,1816,Shipping,,Ellsworth Adhesives - Westminster (MD),,5105 Grave Run Rd,,Manchester,MD,21102,United States,N,Y
16775,1817,Mailing,,Bio Verdi LLC,,6885 Crest Avenue,,Riverside,CA,92503,United States,N,N
16775,1817,Billing,,Bio Verdi LLC,,6885 Crest Avenue,,Riverside,CA,92503,United States,Y,N
16775,1817,Shipping,,Bio Verdi LLC,,6885 Crest Avenue,,Riverside,CA,92503,United States,N,Y
16776,1818,Mailing,,"Helpful Products 4U, LLC",,,,,,,,N,N
16776,1818,Billing,,"Helpful Products 4U, LLC",,220 West Ellsworth Lane,,Bayside,WI,53217,United States,Y,N
16776,1818,Shipping,,"Helpful Products 4U, LLC",,,,,,,,N,Y
16778,1819,Mailing,,Bullseye Design Worx,,355 S Teller St #200,,Lakewood,CO,80226,United States,N,N
16778,1819,Billing,,Bullseye Design Worx,,355 S Teller St #200,,Lakewood,CO,80226,United States,Y,N
16778,1819,Shipping,,Bullseye Design Worx,,355 S Teller St #200,,Lakewood,CO,80226,United States,N,Y
16779,1820,Mailing,,Muth Mirror Systems,,,,,,,,N,N
16779,1820,Billing,,Muth Mirror Systems,,PO Box 418,,Sheboygan,WI,53083,United States,Y,N
16779,1820,Shipping,,Muth Mirror Systems,,,,,,,,N,Y
16786,1821,Mailing,,,,22309 West 46th Terrace,,Shawnee,KS,66226,United States,N,N
16786,1821,Billing,,,,P. O. Box 1002,,Germantown,WI,53022,United States,Y,N
16786,1821,Shipping,,,,22309 West 46th Terrace,,Shawnee,KS,66226,United States,N,Y
16788,1822,Mailing,,Constant Aviation,,,,,,,,N,N
16788,1822,Billing,,Constant Aviation,,18601 Cleveland Parkway,,Cleveland,OH,44135,United States,Y,N
16788,1822,Shipping,,Constant Aviation,,18601 Cleveland Parkway,,Cleveland,OH,44135,United States,N,Y
16791,1823,Mailing,,EMI Specialty Papers,,4 Old Mill Road,,Redding,CT,06896,United States,N,N
16791,1823,Billing,,EMI Specialty Papers,,PO BOX 668,,Georgetown,CT,06829,United States,Y,N
16791,1823,Shipping,,EMI Specialty Papers,,4 Old Mill Road,,Redding,CT,06896,United States,N,Y
16792,1824,Mailing,,Amgen,,One Amgen Center Drive,,Thousand Oaks,CA,91320,United States,N,N
16792,1824,Billing,,Amgen,,One Amgen Center Drive,,Thousand Oaks,CA,91320,United States,Y,N
16792,1824,Shipping,,Amgen,,One Amgen Center Drive,,Thousand Oaks,CA,91320,United States,N,Y
16794,1825,Mailing,,"Cerillo, LLC",,224A Shamrock Road,,Charlottesville,VA,22903,United States,N,N
16794,1825,Billing,,"Cerillo, LLC",,107 E. Water Street,,Charlottesville,VA,22902,United States,Y,N
16794,1825,Shipping,,"Cerillo, LLC",,107 E. Water Street,,Charlottesville,VA,22902,United States,N,Y
16797,1826,Mailing,,SAFRAN Electrical & Power Mexico SA de CV.,,Calle Nicolás Gogol #11322,,Complejo Industrial,Chihuahua,31136,Mexico,N,N
16797,1826,Billing,,SAFRAN Electrical & Power Mexico SA de CV.,,Avenida Nicolas Gogol 11322,,Complejo Industrial Chihuahua,Chihuahua,31136,Mexico,Y,N
16797,1826,Shipping,,SAFRAN Electrical & Power Mexico SA de CV.,,Calle Nicolás Gogol #11322,,Complejo Industrial,Chihuahua,31136,Mexico,N,Y
16801,1827,Mailing,,Materion - Advanced Materials Group,,2978 Main Street,,Buffalo,NY,14214,United States,N,N
16801,1827,Billing,,Materion - Advanced Materials Group,,Accounts Payable,6070 Parkland Blvd.,Mayfield Heights,OH,44124,United States,Y,N
16801,1827,Shipping,,Materion - Advanced Materials Group,,2978 Main Street,,Buffalo,NY,14214,United States,N,Y
16803,1828,Mailing,,Tesla,,,,,,,,N,N
16803,1828,Billing,,Tesla,,47400 Kato Road,,Fremont,CA,94538,United States,Y,N
16803,1828,Shipping,,Tesla,,,,,,,,N,Y
16804,1829,Mailing,,California Polytechnic State University,,,,,,,,N,N
16804,1829,Billing,,California Polytechnic State University,,1 Grand Avenue,,San Luis Obispo,CA,93407,United States,Y,N
16804,1829,Shipping,,California Polytechnic State University,,190 California Blvd Apt 202,,San Luis Obispo,CA,93405,United States,N,Y
16806,1830,Mailing,,Beatty Marketing and Sales,,9345 151st Ave NE,,Redmond,WA,98052,United States,N,N
16806,1830,Billing,,Beatty Marketing and Sales,,9345 151st Ave NE,,Redmond,WA,98052,United States,Y,N
16806,1830,Shipping,,Beatty Marketing and Sales,,9345 151st Ave NE,,Redmond,WA,98052,United States,N,Y
16807,1831,Mailing,,"US Wire, LLC",,,,,,,,N,N
16807,1831,Billing,,"US Wire, LLC",,5887 West Blount Street,,Fountain,NC,27829,United States,Y,N
16807,1831,Shipping,,"US Wire, LLC",,5887 West Blount Street,,Fountain,NC,27829,United States,N,Y
16810,1832,Mailing,,Allen Field Company,,,,,,,,N,N
16810,1832,Billing,,Allen Field Company,,256 Orinoco Drive,,Brightwaters,NY,11718,United States,Y,N
16810,1832,Shipping,,Allen Field Company,,,,,,,,N,Y
16812,1833,Mailing,,SPARC,,PO Box 14816,,San Francisco,CA,94114,United States,N,N
16812,1833,Billing,,SPARC,,PO Box 14816,,San Francisco,CA,94114,United States,Y,N
16812,1833,Shipping,,SPARC,,6771 Sebastopol Ave,,Sebastopol,CA,95472,United States,N,Y
16813,1834,Mailing,,"Allied Finishing, Inc.",,P. O. Box 3728,,Grand Rapids,MI,49501,United States,N,N
16813,1834,Billing,,"Allied Finishing, Inc.",,P. O. Box 3728,,Grand Rapids,MI,49501,United States,Y,N
16813,1834,Shipping,,"Allied Finishing, Inc.",,4050 Broadmoor SE,,Grand Rapids,MI,49501,United States,N,Y
16816,1835,Mailing,,FUZETOUCH B.V.                                     ,,Carretera 57 Queretaro ,"San Luis Potosi Km 192, Zona Industrial",San Luis,S.L.P,78421,Mexico,N,N
16816,1835,Billing,,FUZETOUCH B.V.                                     ,,Dalsteindreef 141,,Diemen,,1112XJ,Netherlands,Y,N
16816,1835,Shipping,,FUZETOUCH B.V.                                     ,,Carretera 57 Queretaro ,"San Luis Potosi Km 192, Zona Industrial",San Luis,S.L.P,78421,Mexico,N,Y
16818,1836,Mailing,,"Kiosk Group, Inc.",,,,,,,,N,N
16818,1836,Billing,,"Kiosk Group, Inc.",,440 Sagner Ave,,Frederick,MD,21701,United States,Y,N
16818,1836,Shipping,,"Kiosk Group, Inc.",,,,,,,,N,Y
16819,1837,Mailing,,Smith Seal of North Carolina,,8441 Garvey Drive,,Raleigh,NC,27616,United States,N,N
16819,1837,Billing,,Smith Seal of North Carolina,,8441 Garvey Drive,,Raleigh,NC,27616,United States,Y,N
16819,1837,Shipping,,Smith Seal of North Carolina,,8441 Garvey Drive,,Raleigh,NC,27616,United States,N,Y
16821,1838,Mailing,,Sup Cloud ,,17940 Golden Leaf Lane,,Orlando,FL,32820,United States,N,N
16821,1838,Billing,,Sup Cloud ,,17940 Golden Leaf Lane,,Orlando,FL,32820,United States,Y,N
16821,1838,Shipping,,Sup Cloud ,,17940 Golden Leaf Lane,,Orlando,FL,32820,United States,N,Y
16825,1839,Mailing,,"Soft Health Technologies, LLC ",,,,,,,,N,N
16825,1839,Billing,,"Soft Health Technologies, LLC ",,8 Argonaut Suite 170 ,,Aliso Viejo,CA,92656,United States,Y,N
16825,1839,Shipping,,"Soft Health Technologies, LLC ",,8 Argonaut Suite 170 ,,Aliso Viejo,CA,92656,United States,N,Y
16827,1840,Mailing,,Amtrol Water Systems/Worthington Industries,,,,,,,,N,N
16827,1840,Billing,,Amtrol Water Systems/Worthington Industries,,1400 Division Road,,West Warwick,RI,02893,United States,Y,N
16827,1840,Shipping,,Amtrol Water Systems/Worthington Industries,,,,,,,,N,Y
16837,1841,Mailing,,Kimoto Tech Inc.,,"601 Canal Street, ",,Cedartown,GA,30125,United States,N,N
16837,1841,Billing,,Kimoto Tech Inc.,,"601 Canal Street, ",,Cedartown,GA,30125,United States,Y,N
16837,1841,Shipping,,Kimoto Tech Inc.,,"601 Canal Street, ",,Cedartown,GA,30125,United States,N,Y
16838,1842,Mailing,,ASU - W. P. Carey School of Business,,Business Administration,300 E Lemon St,Tempe,AZ,85287,United States,N,N
16838,1842,Billing,,ASU - W. P. Carey School of Business,,Business Administration,300 E Lemon St,Tempe,AZ,85287,United States,Y,N
16838,1842,Shipping,,ASU - W. P. Carey School of Business,,,,,,,,N,Y
16839,1843,Mailing,,B/E Aerospace - De-Icing Systems,,93 Nettie-Fenwick Rd,,Fenwick,WV,26202,United States,N,N
16839,1843,Billing,,B/E Aerospace - De-Icing Systems,,93 Nettie-Fenwick Rd,,Fenwick,WV,26202,United States,Y,N
16839,1843,Shipping,,B/E Aerospace - De-Icing Systems,,93 Nettie-Fenwick Rd,,Fenwick,WV,26202,United States,N,Y
16843,1844,Mailing,,Fleetwood Fixtures,,,,,,,,N,N
16843,1844,Billing,,Fleetwood Fixtures,,225 Peach Street,,Leesport,PA,19533,United States,Y,N
16843,1844,Shipping,,Fleetwood Fixtures,,,,,,,,N,Y
16847,1845,Mailing,,Unima Diagnosticos de Mexico S de RL de CV,, Mosqueteros 4181,San Wenceslao,Zapopan,Jalisco,45110,Mexico,N,N
16847,1845,Billing,,Unima Diagnosticos de Mexico S de RL de CV,,Mosqueteros 4181,San Wenceslao,Zapopan,Jalisco,45110,Mexico,Y,N
16847,1845,Shipping,,Unima Diagnosticos de Mexico S de RL de CV,, Mosqueteros 4181,San Wenceslao,Zapopan,Jalisco,45110,Mexico,N,Y
16851,1846,Mailing,,Boston University ,,715 Albany St #437,,Boston,MA,02118,United States,N,N
16851,1846,Billing,,Boston University ,,ECE Department,"8 Saint Marys Street, Room 324",Boston,MA,02215-2421,United States,Y,N
16851,1846,Shipping,,Boston University ,,ECE Department,"8 Saint Marys Street, Room 324",Boston,MA,02215,United States,N,Y
16852,1847,Mailing,,,,,,,,,,N,N
16852,1847,Billing,,,,1069 Miller Ave.,,Berkeley,CA,94708,United States,Y,N
16852,1847,Shipping,,,,1069 Miller Ave.,,Berkeley,CA,94708,United States,N,Y
16853,1848,Mailing,,Studio TK,,,,,,,,N,N
16853,1848,Billing,,Studio TK,,1150 Flint Road,,Toronto,ON,M3J 2J5,Canada,Y,N
16853,1848,Shipping,,Studio TK,,"3940 US 70, Business",,Clayton,NC,27520,United States,N,Y
16856,1849,Mailing,,Trex Company,,,,,,,,N,N
16856,1849,Billing,,Trex Company,,160 Exeter Drive,,Winchester,VA,22603,United States,Y,N
16856,1849,Shipping,,Trex Company,,,,,,,,N,Y
16862,1850,Mailing,,Taibat Ade,,117 Reid Lane,,Richmond,CA,94801,United States,N,N
16862,1850,Billing,,Taibat Ade,,117 Reid Lane,,Richmond,CA,94801,United States,Y,N
16862,1850,Shipping,,Taibat Ade,,117 Reid Lane,,Richmond,CA,94801,United States,N,Y
16863,1851,Mailing,,Data2Logistics (3M),,,,,,,,N,N
16863,1851,Billing,,Data2Logistics (3M),,PO Box 61050,3M Company (3MCP01) c/o Data2Logistics,Fort Myers,FL,33906,United States,Y,N
16863,1851,Shipping,,Data2Logistics (3M),,,,,,,,N,Y
16865,1852,Mailing,,Freshpoint Quality Assurance Ltd. d/b/a Evigence Sensors ,,,,,,,,N,N
16865,1852,Billing,,Freshpoint Quality Assurance Ltd. d/b/a Evigence Sensors ,,PO Box 2100,,Nesher,,3660802,Israel,Y,N
16865,1852,Shipping,,Freshpoint Quality Assurance Ltd. d/b/a Evigence Sensors ,,,,,,,,N,Y
16868,1853,Mailing,,NYU Abu Dhabi,,,,,,,,N,N
16868,1853,Billing,,NYU Abu Dhabi,,"NYU Abu Dhabi, Saadiyat Campus",P. O. Box 129188,Abu Dhabi,,,United Arab Emirates,Y,N
16868,1853,Shipping,,NYU Abu Dhabi,,,,,,,,N,Y
16872,1854,Mailing,,Evicient LLC,,781 Wheeler St NW,Suite 13,Atlanta,GA,30318,United States,N,N
16872,1854,Billing,,Evicient LLC,,781 Wheeler St NW,Suite 13,Atlanta,GA,30318,United States,Y,N
16872,1854,Shipping,,Evicient LLC,,781 Wheeler St NW,Suite 13,Atlanta,GA,30318,United States,N,Y
16876,1855,Mailing,,"Melnor, Inc.",,109 Tyson Drive,,Winchester,VA,22603,United States,N,N
16876,1855,Billing,,"Melnor, Inc.",,109 Tyson Drive,,Winchester,VA,22603,United States,Y,N
16876,1855,Shipping,,"Melnor, Inc.",,109 Tyson Drive,,Winchester,VA,22603,United States,N,Y
16878,1856,Mailing,,"ChemicoMays, LLC",,"25200 Telegraph Road, Suite 120",,Southfield,MI,48034,United States,N,N
16878,1856,Billing,,"ChemicoMays, LLC",,"25200 Telegraph Road, Suite 120",,Southfield,MI,48034,United States,Y,N
16878,1856,Shipping,,"ChemicoMays, LLC",,Honeywell International- Olathe,23500 West 105th Street,Olathe,KS,66061,United States,N,Y
16881,1857,Mailing,,Beyond Underclothing LLC,,351 Woodland Lane,,Golden,CO,80401,United States,N,N
16881,1857,Billing,,Beyond Underclothing LLC,,351 Woodland Lane,,Golden,CO,80401,United States,Y,N
16881,1857,Shipping,,Beyond Underclothing LLC,,351 Woodland Lane,,Golden,CO,80401,United States,N,Y
16886,1858,Mailing,,"Micronics, Inc.",,8463 154th Ave. NE,,Redmond,WA,98052,United States,N,N
16886,1858,Billing,,"Micronics, Inc.",,8463 154th Ave. NE,,Redmond,WA,98052,United States,Y,N
16886,1858,Shipping,,"Micronics, Inc.",,8463 154th Ave. NE,,Redmond,WA,98052,United States,N,Y
16888,1859,Mailing,,Mac Aerospace Corporation,,14558 Lee Road,,Chantilly,VA,20151,United States,N,N
16888,1859,Billing,,Mac Aerospace Corporation,,14558 Lee Road,,Chantilly,VA,20151,United States,Y,N
16888,1859,Shipping,,Mac Aerospace Corporation,,14558 Lee Road,,Chantilly,VA,20151,United States,N,Y
16889,1860,Mailing,,InnotecGroup Corp.,,441 E Roosevelt,,Zeeland,MI,49464,United States,N,N
16889,1860,Billing,,InnotecGroup Corp.,,441 E Roosevelt,,Zeeland,MI,49464,United States,Y,N
16889,1860,Shipping,,InnotecGroup Corp.,,441 E Roosevelt,,Zeeland,MI,49464,United States,N,Y
16890,1861,Mailing,,Hayward Pool Products,,,,,,,,N,N
16890,1861,Billing,,Hayward Pool Products,,61 Whitecap Drive,,North Kingstown,RI,02852,United States,Y,N
16890,1861,Shipping,,Hayward Pool Products,,61 Whitecap Drive,,North Kingstown,RI,02852,United States,N,Y
16892,1862,Mailing,,Bonfiglioli USA,,3541 Hargrave Dr,,Hebron,KY,41048,United States,N,N
16892,1862,Billing,,Bonfiglioli USA,,3541 Hargrave Dr,,Hebron,KY,41048,United States,Y,N
16892,1862,Shipping,,Bonfiglioli USA,,3541 Hargrave Dr,,Hebron,KY,41048,United States,N,Y
16893,1863,Mailing,,"Fabri-Tech Components, Inc.",,49038 Milmont Drive,,Fremont,CA,94538,United States,N,N
16893,1863,Billing,,"Fabri-Tech Components, Inc.",,49038 Milmont Drive,,Fremont,CA,94538,United States,Y,N
16893,1863,Shipping,,"Fabri-Tech Components, Inc.",,49038 Milmont Drive,,Fremont,CA,94538,United States,N,Y
16894,1864,Mailing,,Abbott,,,,,,,,N,N
16894,1864,Billing,,Abbott,,PO Box 1402,,Abbott Parl,IL,60064,United States,Y,N
16894,1864,Shipping,,Abbott,,,,,,,,N,Y
16896,1865,Mailing,,Stephen Gould Corporation - Orlando,,,,,,,,N,N
16896,1865,Billing,,Stephen Gould Corporation - Orlando,,1101 North Keller Rd.,,Orlando,FL,32810,United States,Y,N
16896,1865,Shipping,,Stephen Gould Corporation - Orlando,,1101 North Keller Rd.,,Orlando,FL,32810,United States,N,Y
16897,1866,Mailing,,"OLEDWorks, LLC",,"1645 Lyell Avenue, Suite #140",,Rochester,NY,14606,United States,N,N
16897,1866,Billing,,"OLEDWorks, LLC",,"1645 Lyell Avenue, Suite #140",,Rochester,NY,14606,United States,Y,N
16897,1866,Shipping,,"OLEDWorks, LLC",,"1645 Lyell Avenue, Suite #140",,Rochester,NY,14606,United States,N,Y
16898,1867,Mailing,,Nisshinbo Automotive,,,,,,,,N,N
16898,1867,Billing,,Nisshinbo Automotive,,14187 Nisshinbo Drive,,Covington ,GA,30014,United States,Y,N
16898,1867,Shipping,,Nisshinbo Automotive,,,,,,,,N,Y
16899,1868,Mailing,,On Line Graphics & Finishing,,1924 N. Lime Street,,Orange,CA,92865,United States,N,N
16899,1868,Billing,,On Line Graphics & Finishing,,1924 N. Lime Street,,Orange,CA,92865,United States,Y,N
16899,1868,Shipping,,On Line Graphics & Finishing,,1924 N. Lime Street,,Orange,CA,92865,United States,N,Y
16900,1869,Mailing,,Corning,,,,,,,,N,N
16900,1869,Billing,,Corning,,21 Lynn Morse Drive,,Painted Post,NY,14870,United States,Y,N
16900,1869,Shipping,,Corning,,21 Lynnmorse Drive,,Painted Post,NY,14870,United States,N,Y
16903,1870,Mailing,,"Delta Molding, LLC DBA Sculptress",,720 Court St.,Unit 1713,Woodland,CA,95695,United States,N,N
16903,1870,Billing,,"Delta Molding, LLC DBA Sculptress",,"1237 East Beamer St., STE G",,Woodland,CA,95776,United States,Y,N
16903,1870,Shipping,,"Delta Molding, LLC DBA Sculptress",,720 Court St.,Unit 1713,Woodland,CA,95695,United States,N,Y
16904,1871,Mailing,,Bosch Rexroth Corporation,,"8 Southchase Ct,",,Fountain Inn,SC,29644,United States,N,N
16904,1871,Billing,,Bosch Rexroth Corporation,,"8 Southchase Ct,",,Fountain Inn,SC,29644,United States,Y,N
16904,1871,Shipping,,Bosch Rexroth Corporation,,"8 Southchase Ct,",,Fountain Inn,SC,29644,United States,N,Y
16910,1872,Mailing,,PJ Printers,,1530 N. Lakeview Loop,,Anaheim,CA,92807,United States,N,N
16910,1872,Billing,,PJ Printers,,1530 N. Lakeview Loop,,Anaheim,CA,92807,United States,Y,N
16910,1872,Shipping,,PJ Printers,,1530 N. Lakeview Loop,,Anaheim,CA,92807,United States,N,Y
16912,1873,Mailing,,,,,,,,,,N,N
16912,1873,Billing,,,,Caller Service 1819,Vallen Distribution,Alpharetta,GA,30023,United States,Y,N
16912,1873,Shipping,,,,2820 Yonkers Road,,Raleigh,NC,27604,United States,N,Y
16919,1874,Mailing,,Stone Mountain Design,,,,,,,,N,N
16919,1874,Billing,,Stone Mountain Design,,1597 Eagle Point Road,,Huddleston,VA,24104,United States,Y,N
16919,1874,Shipping,,Stone Mountain Design,,,,,,,,N,Y
16920,1875,Mailing,,EG-GILERO,,635 Davis Drive,Suite 100,Morrisville,NC,27560,United States,N,N
16920,1875,Billing,,EG-GILERO,,635 Davis Drive,Suite 100,Morrisville,NC,27560,United States,Y,N
16920,1875,Shipping,,EG-GILERO,,635 Davis Drive,Suite 100,Morrisville,NC,27560,United States,N,Y
16921,1876,Mailing,,"Biolife, L.L.C.",,,,,,,,N,N
16921,1876,Billing,,"Biolife, L.L.C.",,8163 25th Court East,,Sarasota,FL,34243,United States,Y,N
16921,1876,Shipping,,"Biolife, L.L.C.",,8163 25th Court East,,Sarasota,FL,34243,United States,N,Y
16925,1877,Mailing,,Gary Szymanski,,420 Nottingham Drive,,Paradise,CA,95969,United States,N,N
16925,1877,Billing,,Gary Szymanski,,420 Nottingham Drive,,Paradise,CA,95969,United States,Y,N
16925,1877,Shipping,,Gary Szymanski,,420 Nottingham Drive,,Paradise,CA,95969,United States,N,Y
16926,1878,Mailing,,It's by Adele,,11313 Tidewater Trail,,Fredericksburg ,VA,22408,United States,N,N
16926,1878,Billing,,It's by Adele,,11313 Tidewater Trail,,Fredericksburg ,VA,22408,United States,Y,N
16926,1878,Shipping,,It's by Adele,,11313 Tidewater Trail,,Fredericksburg ,VA,22408,United States,N,Y
16927,1879,Mailing,,E & T Plastics,,,,,,,,N,N
16927,1879,Billing,,E & T Plastics,,1219 97th Avenue NE,,Blaine,MN,55434,United States,Y,N
16927,1879,Shipping,,E & T Plastics,,,,,,,,N,Y
16928,1880,Mailing,,Ideal Jacobs Corporation,,,,,,,,N,N
16928,1880,Billing,,Ideal Jacobs Corporation,,515 Valley Street #1,,Maplewood,NJ,07040,United States,Y,N
16928,1880,Shipping,,Ideal Jacobs Corporation,,,,,,,,N,Y
16929,1881,Mailing,,Surgiform Technology Ltd.,,,,,,,,N,N
16929,1881,Billing,,Surgiform Technology Ltd.,,1566 Whiting Way,,Lugoff,SC,29078,United States,Y,N
16929,1881,Shipping,,Surgiform Technology Ltd.,,,,,,,,N,Y
16934,1882,Mailing,,"Abirx, Inc.",,,,,,,,N,N
16934,1882,Billing,,"Abirx, Inc.",,4343 Dunriver Drive SW,,Lilburn,GA,30047,United States,Y,N
16934,1882,Shipping,,"Abirx, Inc.",,4343 Dunriver Drive SW,,Lilburn,GA,30047,United States,N,Y
16936,1883,Mailing,,InCube Labs LLC,,2051 Ringwood Ave,,San Jose,CA,95131,United States,N,N
16936,1883,Billing,,InCube Labs LLC,,2051 Ringwood Ave,,San Jose,CA,95131,United States,Y,N
16936,1883,Shipping,,InCube Labs LLC,,2051 Ringwood Ave,,San Jose,CA,95131,United States,N,Y
16939,1884,Mailing,,Vanmark LLC,,3421 Chandler Creek Rd,SUITE 116 ,Virginia Beach,VA,23453,United States,N,N
16939,1884,Billing,,Vanmark LLC,,3421 Chandler Creek Rd,SUITE 116 ,Virginia Beach,VA,23453,United States,Y,N
16939,1884,Shipping,,Vanmark LLC,,3421 Chandler Creek Rd,SUITE 116 ,Virginia Beach,VA,23453,United States,N,Y
16941,1885,Mailing,,My Enchanted Brush by KathyAnn,,3101 Marilee Dr,,Garland,TX,75043,United States,N,N
16941,1885,Billing,,My Enchanted Brush by KathyAnn,,3101 Marilee Dr,,Garland,TX,75043,United States,Y,N
16941,1885,Shipping,,My Enchanted Brush by KathyAnn,,3101 Marilee Dr,,Garland,TX,75043,United States,N,Y
16942,1886,Mailing,,Honeywell Corporate,,,,,,,,N,N
16942,1886,Billing,,Honeywell Corporate,0052-44482625,Av. Salvador Nava Martinez No. 3125,Colinas Del Parque,,San Luis Potosi,78260.4,Mexico,Y,N
16942,1886,Shipping,,Honeywell Corporate,0052-44482625,Av. Salvador Nava Martinez No. 3125,Colinas Del Parque. ,,San Luis Potosi,78260.4,Mexico,N,Y
16943,1887,Mailing,,AAC Independent,,,,,,,,N,N
16943,1887,Billing,,AAC Independent,,P.O. Box 524,,Smithsburg,MD,21783,United States,Y,N
16943,1887,Shipping,,AAC Independent,,1300 Tech Ct,,Westminster,,21157,United States,N,Y
16956,1888,Mailing,,MDI,,,,,,,,N,N
16956,1888,Billing,,MDI,,"3501 Broadway St., NE. Ste. 100",,Minneapolis,MN,55413,United States,Y,N
16956,1888,Shipping,,MDI,,,,,,,,N,Y
16958,1889,Mailing,,"NuProbe, Inc.",,,,,,,,N,N
16958,1889,Billing,,"NuProbe, Inc.",,85 Bolton Street,,Cambridge,MA,02140,United States,Y,N
16958,1889,Shipping,,"NuProbe, Inc.",,85 Bolton Street,,Cambridge,MA,02140,United States,N,Y
16959,1890,Mailing,,Mission Biomedical Scientific Inc,,,,,,,,N,N
16959,1890,Billing,,Mission Biomedical Scientific Inc,,93 Shennecossett Rd,,Groton,CT,06340,United States,Y,N
16959,1890,Shipping,,Mission Biomedical Scientific Inc,,,,,,,,N,Y
16960,1891,Mailing,,Vectorsun,,,,,,,,N,N
16960,1891,Billing,,Vectorsun,,2644 Hwy 104,,Libertyville,IL,62347,United States,Y,N
16960,1891,Shipping,,Vectorsun,,,,,,,,N,Y
16975,1892,Mailing,,Progenerative Medical,,,,,,,,N,N
16975,1892,Billing,,Progenerative Medical,,P. O. Box 5366,201 Squires Row,Castle Hills ,TX,78213,United States,Y,N
16975,1892,Shipping,,Progenerative Medical,,,,,,,,N,Y
16977,1893,Mailing,,"Ashwin-Ushas Corp., Inc.",,2 Timber Ln,,Marlboro,NJ,07746,United States,N,N
16977,1893,Billing,,"Ashwin-Ushas Corp., Inc.",,2 Timber Ln,,Marlboro,NJ,07746,United States,Y,N
16977,1893,Shipping,,"Ashwin-Ushas Corp., Inc.",,2 Timber Ln,,Marlboro,NJ,07746,United States,N,Y
16978,1894,Mailing,,Ellsworth Adhesives - St. Petersburg (FL),,7820 2nd Ave S,,St Petersburg,FL,33707,United States,N,N
16978,1894,Billing,,Ellsworth Adhesives - St. Petersburg (FL),,P. O. Box 1002,,Germantown,WI,53022,United States,Y,N
16978,1894,Shipping,,Ellsworth Adhesives - St. Petersburg (FL),,7820 2nd Ave S,,St Petersburg,FL,33707,United States,N,Y
16979,1895,Mailing,,Always Shady LLC,,11450 East Blue Cove Drive,,Dunnellon ,FL,34432,United States,N,N
16979,1895,Billing,,Always Shady LLC,,11450 East Blue Cove Drive,,Dunnellon ,FL,34432,United States,Y,N
16979,1895,Shipping,,Always Shady LLC,,11450 East Blue Cove Drive,,Dunnellon ,FL,34432,United States,N,Y
16982,1896,Mailing,,"Film Products, Inc.",,PO Box 775,,Statesville ,NC,28687,United States,N,N
16982,1896,Billing,,"Film Products, Inc.",,PO Box 775,,Statesville ,NC,28687,United States,Y,N
16982,1896,Shipping,,"Film Products, Inc.",,1620 Davie Ave,,Statesville,NC,28677,United States,N,Y
16984,1897,Mailing,,,,PO Box 2320,,Yadkinville ,NC,27055,United States,N,N
16984,1897,Billing,,,,PO Box 2320,,Yadkinville ,NC,27055,United States,Y,N
16984,1897,Shipping,,,,2100 Hoots Road,,Yadkinville,NC,27055,United States,N,Y
16986,1898,Mailing,,Jabil Chad Automation,,,,,,,,N,N
16986,1898,Billing,,Jabil Chad Automation,,1565 S Sinclair St,,Anaheim,CA,92806,United States,Y,N
16986,1898,Shipping,,Jabil Chad Automation,,1565 S Sinclair St,,Anaheim,CA,92806,United States,N,Y
16995,1899,Mailing,,Guardian Glass,,,,,,,,N,N
16995,1899,Billing,,Guardian Glass,,6 Industrial Way West Ste G,,Eatontown,NJ,07724,United States,Y,N
16995,1899,Shipping,,Guardian Glass,,,,,,,,N,Y
17004,1900,Mailing,,Stambaugh's Welding,,,,,,,,N,N
17004,1900,Billing,,Stambaugh's Welding,,4445 Bark Hill Road,,Union Bridge,MD,21791,United States,Y,N
17004,1900,Shipping,,Stambaugh's Welding,,4445 Bark Hill Road,,Union Bridge,MD,21791,United States,N,Y
17009,1901,Mailing,,Nama Nidec Automotive Motors Americas Corporation,,,,,,,,N,N
17009,1901,Billing,,Nama Nidec Automotive Motors Americas Corporation,,1325 Pendale Rd Ste F,,El Paso,TX,79936,United States,Y,N
17009,1901,Shipping,,Nama Nidec Automotive Motors Americas Corporation,,,,,,,,N,Y
17013,1902,Mailing,,"Northern Design Services, Inc.",,424 E. Dresden Street,,Kalkaska,MI,49646,United States,N,N
17013,1902,Billing,,"Northern Design Services, Inc.",,424 E. Dresden Street,,Kalkaska,MI,49646,United States,Y,N
17013,1902,Shipping,,"Northern Design Services, Inc.",,424 E. Dresden Street,,Kalkaska,MI,49646,United States,N,Y
17014,1903,Mailing,,General Motors Corp - Bowling Green Assembly,,,,,,,,N,N
17014,1903,Billing,,General Motors Corp - Bowling Green Assembly,,600 Corvette Drive,,Bowling Green,KY,42101,United States,Y,N
17014,1903,Shipping,,General Motors Corp - Bowling Green Assembly,,,,,,,,N,Y
17016,1904,Mailing,,Ellsworth - Papillion (NE),,,,,,,,N,N
17016,1904,Billing,,Ellsworth - Papillion (NE),,6681 Giles Road,,Papillion,NE,68133,United States,Y,N
17016,1904,Shipping,,Ellsworth - Papillion (NE),,6681 Giles Road,,Papillion,NE,68133,United States,N,Y
17019,1905,Mailing,,Fastenal - Huntsville,,,,,,,,N,N
17019,1905,Billing,,Fastenal - Huntsville,,,,,,,,Y,N
17019,1905,Shipping,,Fastenal - Huntsville,,111 Spacegate Drive,,Huntsville,AL,35816,United States,N,Y
17021,1906,Mailing,,Rani Therapeutics IncubeLabs,,,,,,,,N,N
17021,1906,Billing,,Rani Therapeutics IncubeLabs,,2051 Ringwood Ave,,San Jose,CA,95131,United States,Y,N
17021,1906,Shipping,,Rani Therapeutics IncubeLabs,,2051 Ringwood Ave,,San Jose,CA,95131,United States,N,Y
17023,1907,Mailing,,Harger Lightning & Grounding,,,,,,,,N,N
17023,1907,Billing,,Harger Lightning & Grounding,,301 Ziegler Drive,,Grayslake,IL,60030,United States,Y,N
17023,1907,Shipping,,Harger Lightning & Grounding,,,,,,,,N,Y
17026,1908,Mailing,,"Fishburne May, LLC",,102 Sycamore Drive,,Chapel Hill,NC,27514,United States,N,N
17026,1908,Billing,,"Fishburne May, LLC",,102 Sycamore Drive,May Consulting - Rita May,Chapel Hill ,NC,27514,United States,Y,N
17026,1908,Shipping,,"Fishburne May, LLC",,102 Sycamore Drive,May Consulting - Rita May,Chapel Hill,NC,27514,United States,N,Y
17028,1909,Mailing,,Robison Precision Molding,,,,,,,,N,N
17028,1909,Billing,,Robison Precision Molding,,121 Prince Street,,Shelbyville,TN,37160,United States,Y,N
17028,1909,Shipping,,Robison Precision Molding,,121 Prince Street,,Shelbyville,TN,37160,United States,N,Y
17029,1910,Mailing,,Truck Hero,,,,,,,,N,N
17029,1910,Billing,,Truck Hero,,5400 Data Court,,Ann Arbor,MI,48108,United States,Y,N
17029,1910,Shipping,,Truck Hero,,,,,,,,N,Y
17035,1911,Mailing,,Creative Foam Medical Systems,,,,,,,,N,N
17035,1911,Billing,,Creative Foam Medical Systems,,405 North Industrial Drive,,Bremen,IN,46506,United States,Y,N
17035,1911,Shipping,,Creative Foam Medical Systems,,,,,,,,N,Y
17037,1912,Mailing,,Mobile Outfitters,,,,,,,,N,N
17037,1912,Billing,,Mobile Outfitters,,"3901B Main St, Ste 106",,Philadelphia,PA,19127,United States,Y,N
17037,1912,Shipping,,Mobile Outfitters,,,,,,,,N,Y
17039,1913,Mailing,,BAE Systems - NH,,,,,,,,N,N
17039,1913,Billing,,BAE Systems - NH,,65 Spit Brook Road,,Nashua,NH,03060,United States,Y,N
17039,1913,Shipping,,BAE Systems - NH,,65 Spit Brook Road,,Nashua,NH,03060,United States,N,Y
17042,1914,Mailing,,Ford Site Management Operations,,,,,,,,N,N
17042,1914,Billing,,Ford Site Management Operations,,R & E Maintenance & Ops Building,2450 Carroll Shelby Way West,Dearborn,MI,48124,United States,Y,N
17042,1914,Shipping,,Ford Site Management Operations,,R & E Maintenance & Ops Building,2450 Carroll Shelby Way West,Dearborn,MI,48124,United States,N,Y
17043,1915,Mailing,,Hayward Industries,,,,,,,,N,N
17043,1915,Billing,,Hayward Industries,,61 Whitecap Drive,,North Kingston,RI,02852,United States,Y,N
17043,1915,Shipping,,Hayward Industries,,61 Whitecap Drive,,North Kingston,RI,02852,United States,N,Y
17047,1916,Mailing,,"Sarasota Medical Products, Inc.",,1451 Sarasota Ctr. Blvd.,,Sarasota,FL,34240,United States,N,N
17047,1916,Billing,,"Sarasota Medical Products, Inc.",,1451 Sarasota Ctr. Blvd.,,Sarasota,FL,34240,United States,Y,N
17047,1916,Shipping,,"Sarasota Medical Products, Inc.",,1451 Sarasota Ctr. Blvd.,,Sarasota,FL,34240,United States,N,Y
17050,1917,Mailing,,BioFire Diagnostics LLC,,,,,,,,N,N
17050,1917,Billing,,BioFire Diagnostics LLC,,515 Colorow Drive,,Salt Lake City,UT,84108,United States,Y,N
17050,1917,Shipping,,BioFire Diagnostics LLC,,,,,,,,N,Y
17053,1918,Mailing,,Industrial Design,,,,,,,,N,N
17053,1918,Billing,,Industrial Design,,1800 Arch St,,Philadelphia,PA,19103,United States,Y,N
17053,1918,Shipping,,Industrial Design,,1305 Goshen Parkway,ATTN:Ryan Lincul - MachineQ/Comcast,West Chester,PA,19380,United States,N,Y
17057,1919,Mailing,,MSC Industrial Supply - Cleveland Branch,,,,,,,,N,N
17057,1919,Billing,,MSC Industrial Supply - Cleveland Branch,,9177 Dutton Drive,,Twinsburg,OH,44087,United States,Y,N
17057,1919,Shipping,,MSC Industrial Supply - Cleveland Branch,,9177 Dutton Drive,,Twinsburg,OH,44087,United States,N,Y
17061,1920,Mailing,,Moog Inc.,,2268 3270 W,,Salt Lake City,UT,84119,United States,N,N
17061,1920,Billing,,Moog Inc.,,2268 3270 W,,Salt Lake City,UT,84119,United States,Y,N
17061,1920,Shipping,,Moog Inc.,,2268 3270 W,,Salt Lake City,UT,84119,United States,N,Y
17071,1921,Mailing,,A. Y. McDonald Mfg. Co.,,4800 Cavenelle Road,,Dubuque,IA,52002,United States,N,N
17071,1921,Billing,,A. Y. McDonald Mfg. Co.,,4800 Chavenelle Road,,Dubuque,IA,52002,United States,Y,N
17071,1921,Shipping,,A. Y. McDonald Mfg. Co.,,4800 Cavenelle Road,,Dubuque,IA,52002,United States,N,Y
17076,1922,Mailing,,3M- Scott Safety,,,,,,,,N,N
17076,1922,Billing,,3M- Scott Safety,,,,,,,,Y,N
17076,1922,Shipping,,3M- Scott Safety,,,,,,,,N,Y
17077,1923,Mailing,,Annapolis Micro Systems Inc,,,,,,,,N,N
17077,1923,Billing,,Annapolis Micro Systems Inc,,190 Admiral Cochrane Drive,,Annapolis,MD,21401,United States,Y,N
17077,1923,Shipping,,Annapolis Micro Systems Inc,,,,,,,,N,Y
17084,1924,Mailing,,Spec Bond,,,,,,,,N,N
17084,1924,Billing,,Spec Bond,,1040 Industrial Dr,,Bensenville,IL,60106,United States,Y,N
17084,1924,Shipping,,Spec Bond,,,,,,,,N,Y
17086,1925,Mailing,,Truxedo,,,,,,,,N,N
17086,1925,Billing,,Truxedo,,2209 Kellen Gross Dr,,Yankton,SD,57078,United States,Y,N
17086,1925,Shipping,,Truxedo,,,,,,,,N,Y
17087,1926,Mailing,,Davis Publications (Tape Art),,,,,,,,N,N
17087,1926,Billing,,Davis Publications (Tape Art),,50 Portland Street,,Worcester,MA,01608,United States,Y,N
17087,1926,Shipping,,Davis Publications (Tape Art),,,,,,,,N,Y
17088,1927,Mailing,,Bruker Daltonics SPR,,,,,,,,N,N
17088,1927,Billing,,Bruker Daltonics SPR,,Falkenried 88,,Hamburg,,20251,Germany,Y,N
17088,1927,Shipping,,Bruker Daltonics SPR,,,,,,,,N,Y
17090,1928,Mailing,,SouthernCarlson,,,,,,,,N,N
17090,1928,Billing,,SouthernCarlson,,PO Box 3036,,Omaha,NE,68103,United States,Y,N
17090,1928,Shipping,,SouthernCarlson,,222 Admiral Byrd Dr Unit G,,Winchester,VA,22602,United States,N,Y
17094,1929,Mailing,,"Cue Health, Inc.",,,,,,,,N,N
17094,1929,Billing,,"Cue Health, Inc.",,11100 Roselle St Ste A,,San Diego,CA,92121,United States,Y,N
17094,1929,Shipping,,"Cue Health, Inc.",,,,,,,,N,Y
17098,1930,Mailing,,"Synrad, Inc.",,,,,,,,N,N
17098,1930,Billing,,"Synrad, Inc.",,4600 Campus Place,,Mukilteo,WA,98275,United States,Y,N
17098,1930,Shipping,,"Synrad, Inc.",,4600 Campus Place,,Mukilteo,WA,98275,United States,N,Y
17107,1931,Mailing,,"Merlin Technologies, Inc. (Leading Edge Innovations)",,,,,,,,N,N
17107,1931,Billing,,"Merlin Technologies, Inc. (Leading Edge Innovations)",,699 Mobil Avenue,,Camarillo,CA,93010,United States,Y,N
17107,1931,Shipping,,"Merlin Technologies, Inc. (Leading Edge Innovations)",,,,,,,,N,Y
17108,1932,Mailing,,ACCO Brands,,,,,,,,N,N
17108,1932,Billing,,ACCO Brands,,Four Corporate Drive,,Lake Zurich,IL,60047,United States,Y,N
17108,1932,Shipping,,ACCO Brands,,,,,,,,N,Y
17110,1933,Mailing,,Magna Lighting,,,,,,,,N,N
17110,1933,Billing,,Magna Lighting,,46600 Port St.,,Plymouth,MI,48170,United States,Y,N
17110,1933,Shipping,,Magna Lighting,,,,,,,,N,Y
17113,1934,Mailing,,A & K Robotics,,,,,,,,N,N
17113,1934,Billing,,A & K Robotics,,1200 - 555 West Hastings Street,,Vancouver,BC,V6B 4N6,Canada,Y,N
17113,1934,Shipping,,A & K Robotics,,,,,,,,N,Y
17114,1935,Mailing,,TMF Plastics,,,,,,,,N,N
17114,1935,Billing,,TMF Plastics,,12127B Galena Rd,,Plano,IL,60545,United States,Y,N
17114,1935,Shipping,,TMF Plastics,,12127B Galena Rd,,Plano,IL,60545,United States,N,Y
17115,1936,Mailing,,Minifab,,,,,,,,N,N
17115,1936,Billing,,Minifab,,"1 Dalmore Drive, Scoresby",,Melbourne,Victoria,3179,Australia,Y,N
17115,1936,Shipping,,Minifab,,,,,,,,N,Y
17116,1937,Mailing,,Acton Technologies,,,,,,,,N,N
17116,1937,Billing,,Acton Technologies,,100 Thompson Street,,Pittston,PA,18640,United States,Y,N
17116,1937,Shipping,,Acton Technologies,,,,,,,,N,Y
17118,1938,Mailing,,L3 Harris Corporation - MD,,,,,,,,N,N
17118,1938,Billing,,L3 Harris Corporation - MD,,7130 Columbia Gateway Dr,,Columbia,MD,21046,United States,Y,N
17118,1938,Shipping,,L3 Harris Corporation - MD,,,,,,,,N,Y
17120,1939,Mailing,,Lord Corporation - MI,,,,,,,,N,N
17120,1939,Billing,,Lord Corporation - MI,,28655 Automation,,Wixom,MI,49393,United States,Y,N
17120,1939,Shipping,,Lord Corporation - MI,,,,,,,,N,Y
17129,1940,Mailing,,JumpLights LLC,,,,,,,,N,N
17129,1940,Billing,,JumpLights LLC,,7620P Rickenbacker Drive,,Gaithersburg,MD,20876,United States,Y,N
17129,1940,Shipping,,JumpLights LLC,,,,,,,,N,Y
17134,1941,Mailing,,Ray Engel Packaging,,,,,,,,N,N
17134,1941,Billing,,Ray Engel Packaging,,12060 Lackland Road,,St. Louis,MO,63146,United States,Y,N
17134,1941,Shipping,,Ray Engel Packaging,,12060 Lackland Road,,St. Louis,MO,63146,United States,N,Y
17138,1942,Mailing,,Sabrina Hornsby,,,,,,,,N,N
17138,1942,Billing,,Sabrina Hornsby,,3197 N. Hembree Road,,Marietta,GA,30062,United States,Y,N
17138,1942,Shipping,,Sabrina Hornsby,,,,,,,,N,Y
17142,1943,Mailing,,"TransLogic, Inc.",,5641 Engineer Drive,,Huntington Beach,CA,92649,United States,N,N
17142,1943,Billing,,"TransLogic, Inc.",,5641 Engineer Drive,,Huntington Beach,CA,92649,United States,Y,N
17142,1943,Shipping,,"TransLogic, Inc.",,5641 Engineer Drive,,Huntington Beach,CA,92649,United States,N,Y
17144,1944,Mailing,,"Xergy, Inc.",,,,,,,,N,N
17144,1944,Billing,,"Xergy, Inc.",,299A Cluckey Drive,,Harrington,DE,19952,United States,Y,N
17144,1944,Shipping,,"Xergy, Inc.",,,,,,,,N,Y
17145,1945,Mailing,,USCG-ALC,,,,,,,,N,N
17145,1945,Billing,,USCG-ALC,,,,,,,,Y,N
17145,1945,Shipping,,USCG-ALC,,USCG ALC ,1060 Consolidated Road,Elizabeth City,NC,27909,United States,N,Y
17146,1946,Mailing,,Fastenal - Delaware,,1170A S. Little Creek Road,,Dover,DE,19904,United States,N,N
17146,1946,Billing,,Fastenal - Delaware,,1170A S Little Creed Road,,Dover,DE,19904,United States,Y,N
17146,1946,Shipping,,Fastenal - Delaware,,1340 West North Street,Attn: Fastenal,Dover,DE,19904,United States,N,Y
17151,1947,Mailing,,Equipment Share,,,,,,,,N,N
17151,1947,Billing,,Equipment Share,,118 Abbie Avenue,,Kansas City,KS,66103,United States,Y,N
17151,1947,Shipping,,Equipment Share,,,,,,,,N,Y
17152,1948,Mailing,,Thunder Heart Performance Corp.,,,,,,,,N,N
17152,1948,Billing,,Thunder Heart Performance Corp.,,120 Industrial Drive,,White House,TN,37188,United States,Y,N
17152,1948,Shipping,,Thunder Heart Performance Corp.,,120 Industrial Drive,,White House,TN,37188,United States,N,Y
17154,1949,Mailing,,CE Thurston & Sons,,,,,,,,N,N
17154,1949,Billing,,CE Thurston & Sons,,PO Box 10286,,Norfolk,VA,23513,United States,Y,N
17154,1949,Shipping,,CE Thurston & Sons,,3550 E. Virginia Beach Blvd.,,Norfolk,VA,23503,United States,N,Y
17160,1950,Mailing,,Tree Hugger,,,,,,,,N,N
17160,1950,Billing,,Tree Hugger,,2900 Glades Circle,,Weston,FL,33327,United States,Y,N
17160,1950,Shipping,,Tree Hugger,,,,,,,,N,Y
17161,1951,Mailing,,"Rx 1186, LLC",,,,,,,,N,N
17161,1951,Billing,,"Rx 1186, LLC",,2743 Mankas Corner Road,,Fairfield,CA,94534,United States,Y,N
17161,1951,Shipping,,"Rx 1186, LLC",,,,,,,,N,Y
17162,1952,Mailing,,Conduent,,,,,,,,N,N
17162,1952,Billing,,Conduent,,12410 Milestone Center Dr,,Germantown,MD,20876,United States,Y,N
17162,1952,Shipping,,Conduent,,,,,,,,N,Y
17163,1953,Mailing,,MSC - Industrial Supply Ivyland PA,,,,,,,,N,N
17163,1953,Billing,,MSC - Industrial Supply Ivyland PA,,PO Box 9073,,Melville,NY,11747,United States,Y,N
17163,1953,Shipping,,MSC - Industrial Supply Ivyland PA,,,,,,,,N,Y
17170,1954,Mailing,,CrossFit Euafala,,,,,,,,N,N
17170,1954,Billing,,CrossFit Euafala,,326 East Barbour Street,,Eufaula,AL,36027,United States,Y,N
17170,1954,Shipping,,CrossFit Euafala,,326 East Barbour Street,,Eufaula,AL,36027,United States,N,Y
17171,1955,Mailing,,LMG Holdings/PAS International,,,,,,,,N,N
17171,1955,Billing,,LMG Holdings/PAS International,,"3630 Park 42 Drive, Suite 140-C",,Cincinnati,OH,45241,United States,Y,N
17171,1955,Shipping,,LMG Holdings/PAS International,,"215 Southport Drive, Suite 400",,Morrisville,NC,27560,United States,N,Y
17172,1956,Mailing,,Qfix,,,,,,,,N,N
17172,1956,Billing,,Qfix,,440 Church Road,,Avondale,PA,19311,United States,Y,N
17172,1956,Shipping,,Qfix,,,,,,,,N,Y
17173,1957,Mailing,,Solchroma Technologies Inc,,,,,,,,N,N
17173,1957,Billing,,Solchroma Technologies Inc,,444 Somerville Ave,,Somerville,MA,02143,United States,Y,N
17173,1957,Shipping,,Solchroma Technologies Inc,,,,,,,,N,Y
17174,1958,Mailing,,Reliabra,,,,,,,,N,N
17174,1958,Billing,,Reliabra,,3 Frost Creek Dr,,Locust Valley,NY,11560,United States,Y,N
17174,1958,Shipping,,Reliabra,,,,,,,,N,Y
17175,1959,Mailing,,Thermal System Technologies dba CleanTek Thermal,,,,,,,,N,N
17175,1959,Billing,,Thermal System Technologies dba CleanTek Thermal,,526 W. 14th Street #132,ATTN: Dr. Bruce Ofutt,Traverse City,MI,49684,United States,Y,N
17175,1959,Shipping,,Thermal System Technologies dba CleanTek Thermal,,,,,,,,N,Y
17176,1960,Mailing,,KeyW Corp.,,,,,,,,N,N
17176,1960,Billing,,KeyW Corp.,, 7880 Milestone Pkwy,,Hanover,MD,21076,United States,Y,N
17176,1960,Shipping,,KeyW Corp.,,,,,,,,N,Y
17179,1961,Mailing,,Gelardi Design,,,,,,,,N,N
17179,1961,Billing,,Gelardi Design,,1 Dean Way,,Cape Elizabeth,ME,04107,United States,Y,N
17179,1961,Shipping,,Gelardi Design,,,,,,,,N,Y
17180,1962,Mailing,,Amcor Flexibles North America - MD,,,,,,,,N,N
17180,1962,Billing,,Amcor Flexibles North America - MD,,2150 E Lake Cook Road,Suite 1200,Buffalo Grove,IL,60089,United States,Y,N
17180,1962,Shipping,,Amcor Flexibles North America - MD,,747 Bowman Ave,,Hagerstown,MD,21740,United States,N,Y
17181,1963,Mailing,,Evergreen Slate Co. Inc.,,,,,,,,N,N
17181,1963,Billing,,Evergreen Slate Co. Inc.,,2027 County Rd. 23,,Granville,NY,12832,United States,Y,N
17181,1963,Shipping,,Evergreen Slate Co. Inc.,,,,,,,,N,Y
17184,1964,Mailing,,Liberating Technologies ,,,,,,,,N,N
17184,1964,Billing,,Liberating Technologies ,,"325 Hopping Brook Road, Suite A",,Holliston,MA,01746,United States,Y,N
17184,1964,Shipping,,Liberating Technologies ,,,,,,,,N,Y
17185,1965,Mailing,,Balmhouse,,,,,,,,N,N
17185,1965,Billing,,Balmhouse,,"104 Carr Avenue, Suite #2",,Franklin ,TN,37064,United States,Y,N
17185,1965,Shipping,,Balmhouse,,"104 Carr Avenue, Suite #2",,Franklin ,TN,37064,United States,N,Y
17188,1966,Mailing,,Cercacor Labs,,,,,,,,N,N
17188,1966,Billing,,Cercacor Labs,,15750 Alton Parkway,,Irvine,CA,92618,United States,Y,N
17188,1966,Shipping,,Cercacor Labs,,,,,,,,N,Y
17192,1967,Mailing,,Hanna Rubber Company,,,,,,,,N,N
17192,1967,Billing,,Hanna Rubber Company,,908 W 25th Street,,Kansas City,KS,64108,United States,Y,N
17192,1967,Shipping,,Hanna Rubber Company,,,,,,,,N,Y
17199,1968,Mailing,,Omni Medical Systems,,,,,,,,N,N
17199,1968,Billing,,Omni Medical Systems,,808 Hercules Drive,,Colchester,VT,05446,United States,Y,N
17199,1968,Shipping,,Omni Medical Systems,,,,,,,,N,Y
17201,1969,Mailing,,Clozex Medical,,,,,,,,N,N
17201,1969,Billing,,Clozex Medical,,16 Laurel Avenue,Suite 200,Wellesley,MA,02481,United States,Y,N
17201,1969,Shipping,,Clozex Medical,,,,,,,,N,Y
17206,1970,Mailing,,Columbia Tech,,27 Otis St,,Westborough,MA,01581,United States,N,N
17206,1970,Billing,,Columbia Tech,,27 Otis St,Suite 300,Westborough,MA,01581,United States,Y,N
17206,1970,Shipping,,Columbia Tech,,27 Otis St,,Westborough,MA,01581,United States,N,Y
17208,1971,Mailing,,Daher - Mexico,,,,,,,,N,N
17208,1971,Billing,,Daher - Mexico,,Calz. Industrial Nuevo Nogales ,,Nogales,Sonora,84094,Mexico,Y,N
17208,1971,Shipping,,Daher - Mexico,,,,,,,,N,Y
17211,1972,Mailing,,Atrium Medical Corporation,,,,,,,,N,N
17211,1972,Billing,,Atrium Medical Corporation,,40 Contintal Boulevard ,,Merrimack,NH,03054,United States,Y,N
17211,1972,Shipping,,Atrium Medical Corporation,,,,,,,,N,Y
17228,1973,Mailing,,South Dakota Partners,,,,,,,,N,N
17228,1973,Billing,,South Dakota Partners,,205 Hwy 22 E,P. O. Box 709,Clear Lake,SD,57226,United States,Y,N
17228,1973,Shipping,,South Dakota Partners,,,,,,,,N,Y
17236,1974,Mailing,,3M Electronics Materials Solutions Division,,,,,,,,N,N
17236,1974,Billing,,3M Electronics Materials Solutions Division,,,,,,,,Y,N
17236,1974,Shipping,,3M Electronics Materials Solutions Division,,,,,,,,N,Y
17237,1975,Mailing,,Intellifarms LLC Engineering & Production,,,,,,,,N,N
17237,1975,Billing,,Intellifarms LLC Engineering & Production,,207 South Main Street,,Archie,MO,64730,United States,Y,N
17237,1975,Shipping,,Intellifarms LLC Engineering & Production,,,,,,,,N,Y
17241,1976,Mailing,,Adhezion BioMedical,,,,,,,,N,N
17241,1976,Billing,,Adhezion BioMedical,,506 Pine Mountain Rd,,Hudson,NC,28638,United States,Y,N
17241,1976,Shipping,,Adhezion BioMedical,,,,,,,,N,Y
17242,1977,Mailing,,Hoowaki,,,,,,,,N,N
17242,1977,Billing,,Hoowaki,,400 Birnie Street,Suite C,Greenville,SC,29611,United States,Y,N
17242,1977,Shipping,,Hoowaki,,,,,,,,N,Y
17243,1978,Mailing,,MountainView Brand Services,,,,,,,,N,N
17243,1978,Billing,,MountainView Brand Services,,,,,,,,Y,N
17243,1978,Shipping,,MountainView Brand Services,,,,,,,,N,Y
17244,1979,Mailing,,Jacob Holm Industries,,,,,,,,N,N
17244,1979,Billing,,Jacob Holm Industries,,1265 Sand Hill Road,,Candler,NC,28715,United States,Y,N
17244,1979,Shipping,,Jacob Holm Industries,,,,,,,,N,Y
17245,1980,Mailing,,Cormatech,,,,,,,,N,N
17245,1980,Billing,,Cormatech,,5000 International Drive,,Durham ,NC,27712,United States,Y,N
17245,1980,Shipping,,Cormatech,,5000 International Drive,,Durham ,NC,27712,United States,N,Y
17250,1981,Mailing,,Astronics,,,,,,,,N,N
17250,1981,Billing,,Astronics,,One Corporate Drive,Suite 110,Lake Zurich,IL,60047,United States,Y,N
17250,1981,Shipping,,Astronics,,,,,,,,N,Y
17254,1982,Mailing,,S & S Urethane and Ceramics,,,,,,,,N,N
17254,1982,Billing,,S & S Urethane and Ceramics,,1100 W Washington Street,,Farina,IL,62838,United States,Y,N
17254,1982,Shipping,,S & S Urethane and Ceramics,,,,,,,,N,Y
17258,1983,Mailing,,Stephen Gould Corp - NY,,,,,,,,N,N
17258,1983,Billing,,Stephen Gould Corp - NY,,360 West 31st St,Suite 1010,New York,NY,10001,United States,Y,N
17258,1983,Shipping,,Stephen Gould Corp - NY,,,,,,,,N,Y
17259,1984,Mailing,,Design Launchers,,,,,,,,N,N
17259,1984,Billing,,Design Launchers,,3259 Progress Drive,,Orlando,FL,32826,United States,Y,N
17259,1984,Shipping,,Design Launchers,,3259 Progress Drive,,Orlando,FL,32826,United States,N,Y
17260,1985,Mailing,,Anne Rose 31,,,,,,,,N,N
17260,1985,Billing,,Anne Rose 31,,7302 Barry Road,,Tampa,FL,33634,United States,Y,N
17260,1985,Shipping,,Anne Rose 31,,7302 Barry Road,,Tampa,FL,33634,United States,N,Y
17261,1986,Mailing,,GE Transportation (Wabtec),,,,,,,,N,N
17261,1986,Billing,,GE Transportation (Wabtec),,500 West Monroe Street,,Chicago,IL,60661,United States,Y,N
17261,1986,Shipping,,GE Transportation (Wabtec),,,,,,,,N,Y
17262,1987,Mailing,,Knorr Brake Company,,,,,,,,N,N
17262,1987,Billing,,Knorr Brake Company,,1 Arthur Peck Dr,,Westminster,MD,21157,United States,Y,N
17262,1987,Shipping,,Knorr Brake Company,,,,,,,,N,Y
17268,1988,Mailing,,Millennium International Avionics,,P. O. Box 903,,Lee's Summit,MO,64063,United States,N,N
17268,1988,Billing,,Millennium International Avionics,,P. O. Box 903,,Lee's Summit,MO,64063,United States,Y,N
17268,1988,Shipping,,Millennium International Avionics,,1825-2 Southwest Market Street,,Lee's Summit,MO,64082,United States,N,Y
17270,1989,Mailing,,Indenco,,1515 Whipple Avenue SW,,Canton,OH,44710,United States,N,N
17270,1989,Billing,,Indenco,,1515 Whipple Avenue SW,,Canton,OH,44710,United States,Y,N
17270,1989,Shipping,,Indenco,,1515 Whipple Avenue SW,,Canton,OH,44710,United States,N,Y
17272,1990,Mailing,,"Holospan International, LLC",,,,,,,,N,N
17272,1990,Billing,,"Holospan International, LLC",,3193 Pond Mist Way,,Herndon,VA,20171,United States,Y,N
17272,1990,Shipping,,"Holospan International, LLC",,,,,,,,N,Y
17275,1991,Mailing,,US Navy - Naval Information Warfare Center Pacific,,,,,,,,N,N
17275,1991,Billing,,US Navy - Naval Information Warfare Center Pacific,,4297 Pacific HWY Building 7,,San Diego,CA,92110,United States,Y,N
17275,1991,Shipping,,US Navy - Naval Information Warfare Center Pacific,,,,,,,,N,Y
17276,1992,Mailing,,Seventh Sense BioSystems,,,,,,,,N,N
17276,1992,Billing,,Seventh Sense BioSystems,,200 Boston Ave,Suite 3700,Medford,MA,02155,United States,Y,N
17276,1992,Shipping,,Seventh Sense BioSystems,,,,,,,,N,Y
17277,1993,Mailing,,Shamrock Engineering,,,,,,,,N,N
17277,1993,Billing,,Shamrock Engineering,,1020 West Morton Road,,Oakland City,IN,47660,United States,Y,N
17277,1993,Shipping,,Shamrock Engineering,,,,,,,,N,Y
17280,1994,Mailing,,AAA Imaging Solutions,,,,,,,,N,N
17280,1994,Billing,,AAA Imaging Solutions,,,,,,,,Y,N
17280,1994,Shipping,,AAA Imaging Solutions,,,,,,,,N,Y
17281,1995,Mailing,,Steve Gordon,,,,,,,,N,N
17281,1995,Billing,,Steve Gordon,,rehav hadarim 77,,PARDESS HANNA,,37010,United States,Y,N
17281,1995,Shipping,,Steve Gordon,,,,,,,,N,Y
17282,1996,Mailing,,"KelCor, LLC.",,,,,,,,N,N
17282,1996,Billing,,"KelCor, LLC.",,1348 Fallmouth Road,,Chattanooga,TN,37405,United States,Y,N
17282,1996,Shipping,,"KelCor, LLC.",,1348 Fallmouth Road,,Chattanooga,TN,37405,United States,N,Y
17286,1997,Mailing,,"Nelson Innovations, LLC",,,,,,,,N,N
17286,1997,Billing,,"Nelson Innovations, LLC",,18944 W. 130th St.,,Strongsville,OH,44136,United States,Y,N
17286,1997,Shipping,,"Nelson Innovations, LLC",,,,,,,,N,Y
17290,1998,Mailing,,OSI Industrial Sales,,,,,,,,N,N
17290,1998,Billing,,OSI Industrial Sales,,250 N Murray St,,Trenton,ON,K8V 6R8,Canada,Y,N
17290,1998,Shipping,,OSI Industrial Sales,,,,,,,,N,Y
17292,1999,Mailing,,"Perfection Gear, Inc.",,,,,,,,N,N
17292,1999,Billing,,"Perfection Gear, Inc.",,172 Eaton Street,,Springville,NY,14141,United States,Y,N
17292,1999,Shipping,,"Perfection Gear, Inc.",,9 N. Bear Creek Road,,Ashville,NC,28806,United States,N,Y
17293,2000,Mailing,,3M DeKalb (DK6),,1650 Macom Drive,,DeKalb,IL,60115-8773,United States,N,N
17293,2000,Billing,,3M DeKalb (DK6),,1650 Macom Drive,,DeKalb,IL,60115-8773,United States,Y,N
17293,2000,Shipping,,3M DeKalb (DK6),,1650 Macom Drive,,DeKalb,IL,60115-8773,United States,N,Y
17294,2001,Mailing,,Fiasco Cases,,,,,,,,N,N
17294,2001,Billing,,Fiasco Cases,,"2750 Oregon Court, Unit M7",,Torrance,CA,90503,United States,Y,N
17294,2001,Shipping,,Fiasco Cases,,,,,,,,N,Y
17298,2002,Mailing,,Massachusetts Institute of Technology,,,,,,,,N,N
17298,2002,Billing,,Massachusetts Institute of Technology,,32 Vassar St,Room 56-379,Cambridge,MA,02139,United States,Y,N
17298,2002,Shipping,,Massachusetts Institute of Technology,,,,,,,,N,Y
17302,2003,Mailing,,Patsco LLC,,,,,,,,N,N
17302,2003,Billing,,Patsco LLC,,5715 NW Central Dr,Suite F-103,Houston,TX,77092,United States,Y,N
17302,2003,Shipping,,Patsco LLC,,,,,,,,N,Y
17306,2004,Mailing,,Cabot Microelectronics,,,,,,,,N,N
17306,2004,Billing,,Cabot Microelectronics,,5825 NE Pinefarm Ct Suite 200,,Hillsboro,OR,97124,United States,Y,N
17306,2004,Shipping,,Cabot Microelectronics,,,,,,,,N,Y
17308,2005,Mailing,,Specialty Vehicle Engineering Inc.,,,,,,,,N,N
17308,2005,Billing,,Specialty Vehicle Engineering Inc.,,1501 Industrial Way N,,Toms River,NJ,08755,United States,Y,N
17308,2005,Shipping,,Specialty Vehicle Engineering Inc.,,,,,,,,N,Y
17309,2006,Mailing,,"Thomas Global Systems, LLC",,,,,,,,N,N
17309,2006,Billing,,"Thomas Global Systems, LLC",,"13844 Alton Parkway, Suite 140",,Irvine,CA,92618,United States,Y,N
17309,2006,Shipping,,"Thomas Global Systems, LLC",,,,,,,,N,Y
17310,2007,Mailing,,ITW Automotive,,,,,,,,N,N
17310,2007,Billing,,ITW Automotive,,22501 Bohlman Parkway,,Richton Park,IL,60471,United States,Y,N
17310,2007,Shipping,,ITW Automotive,,,,,,,,N,Y
17312,2008,Mailing,,"Hamlin Newco, LLC",,,,,,,,N,N
17312,2008,Billing,,"Hamlin Newco, LLC",,2741 Wingate Avenue,,Akron,OH,44314,United States,Y,N
17312,2008,Shipping,,"Hamlin Newco, LLC",,2741 Wingate Avenue,,Akron,OH,44314,United States,N,Y
17316,2009,Mailing,,Cobra Motor Homes,,,,,,,,N,N
17316,2009,Billing,,Cobra Motor Homes,,6311 Lakeside Road,,Ontario,NY,14519,United States,Y,N
17316,2009,Shipping,,Cobra Motor Homes,,,,,,,,N,Y
17317,2010,Mailing,,Sodexo,,,,,,,,N,N
17317,2010,Billing,,Sodexo,,6091 Piney Woods Ct.,,Alexandria,VA,22315,United States,Y,N
17317,2010,Shipping,,Sodexo,,6091 Piney Woods Ct.,,Alexandria,VA,22315,United States,N,Y
17319,2011,Mailing,,JEM Engineering,,,,,,,,N,N
17319,2011,Billing,,JEM Engineering,,8683 Cherry Lane,ATTN: Accounts Payable,Laurel,MD,20707,United States,Y,N
17319,2011,Shipping,,JEM Engineering,,,,,,,,N,Y
17320,2012,Mailing,,Deringer-Ney,,,,,,,,N,N
17320,2012,Billing,,Deringer-Ney,,353 Woodland Ave,,Bloomfield,CT,06002,United States,Y,N
17320,2012,Shipping,,Deringer-Ney,,,,,,,,N,Y
17327,2013,Mailing,,Google/Fitbit LLC,,,,,,,,N,N
17327,2013,Billing,,Google/Fitbit LLC,,40 Jessie St.,5th floor,San Francisco ,CA,94105,United States,Y,N
17327,2013,Shipping,,Google/Fitbit LLC,,,,,,,,N,Y
17331,2014,Mailing,,Prodigal Son Ventures,,,,,,,,N,N
17331,2014,Billing,,Prodigal Son Ventures,,238B 8257 92nd Street,,Delta,BC,V4G 0A4,Canada,Y,N
17331,2014,Shipping,,Prodigal Son Ventures,,1582 Gulf Road #654,,PT. Roberts,WA,98281 0654,United States,N,Y
17332,2015,Mailing,,"All Packaging Solutions, Inc.",,29380 John R Road,,Madison Heights,MI,48701,United States,N,N
17332,2015,Billing,,"All Packaging Solutions, Inc.",,3302 Kent Street,,Flint,MI,48503,United States,Y,N
17332,2015,Shipping,,"All Packaging Solutions, Inc.",,29380 John R Road,,Madison Heights,MI,48701,United States,N,Y
17335,2016,Mailing,,"Molded Products, Inc. - Harlan",,,,,,,,N,N
17335,2016,Billing,,"Molded Products, Inc. - Harlan",,1112 Chatburn Avenue,,Harlan,IA,51537,United States,Y,N
17335,2016,Shipping,,"Molded Products, Inc. - Harlan",,,,,,,,N,Y
17336,2017,Mailing,,"Xialla, Inc.",,,,,,,,N,N
17336,2017,Billing,,"Xialla, Inc.",,57 Wilton Crescent,,Ottawa,ON,K1S 2T6,Canada,Y,N
17336,2017,Shipping,,"Xialla, Inc.",,,,,,,,N,Y
17340,2018,Mailing,,General Atomics - Electromagnetic Systems Group (GA-EMS),,,,,,,,N,N
17340,2018,Billing,,General Atomics - Electromagnetic Systems Group (GA-EMS),,10864 Thornmint Road,,San Diego,CA,92127,United States,Y,N
17340,2018,Shipping,,General Atomics - Electromagnetic Systems Group (GA-EMS),,,,,,,,N,Y
17342,2019,Mailing,,United Health Products Inc.,,,,,,,,N,N
17342,2019,Billing,,United Health Products Inc.,,10624 S Eastern Ave,Suite A 209,Henderson,NV,89052,United States,Y,N
17342,2019,Shipping,,United Health Products Inc.,,,,,,,,N,Y
17343,2020,Mailing,,GM Nameplate - CA,,2095 O'Toole Avenue,,San Jose,CA,95131,United States,N,N
17343,2020,Billing,,GM Nameplate - CA,,2040 15th Ave West,,Seattle,WA,98119-2783,United States,Y,N
17343,2020,Shipping,,GM Nameplate - CA,,2095 O'Toole Avenue,,San Jose,CA,95131,United States,N,Y
17348,2021,Mailing,,Mid-South Mill Supply,,,,,,,,N,N
17348,2021,Billing,,Mid-South Mill Supply,,21 Industrial Park,,Benton,AR,72015,United States,Y,N
17348,2021,Shipping,,Mid-South Mill Supply,,21 Industrial Park,,Benton,AR,72015,United States,N,Y
17349,2022,Mailing,,Jason Robinson Design,,,,,,,,N,N
17349,2022,Billing,,Jason Robinson Design,,335 Throop Ave,,Brooklyn,NY,11221,United States,Y,N
17349,2022,Shipping,,Jason Robinson Design,,,,,,,,N,Y
17353,2023,Mailing,,"Ontera, Inc.",,,,,,,,N,N
17353,2023,Billing,,"Ontera, Inc.",,"2155 Delaware Ave., Suite #225",,Santa Cruz,CA,95060,United States,Y,N
17353,2023,Shipping,,"Ontera, Inc.",,,,,,,,N,Y
17355,2024,Mailing,,"Honda Aircraft Corp., LLC.",,,,,,,,N,N
17355,2024,Billing,,"Honda Aircraft Corp., LLC.",,6430 Ballinger Road,,Greensboro,NC,27140,United States,Y,N
17355,2024,Shipping,,"Honda Aircraft Corp., LLC.",,6430 Ballinger Road,,Greensboro,NC,27140,United States,N,Y
17356,2025,Mailing,,Cathaid,,,,,,,,N,N
17356,2025,Billing,,Cathaid,,,,,,,,Y,N
17356,2025,Shipping,,Cathaid,,,,,,,,N,Y
17358,2026,Mailing,,Smathers & Branson,,,,,,,,N,N
17358,2026,Billing,,Smathers & Branson,,5110 Ridgefield Rd,Suite #204,Bethesda,MD,20816,United States,Y,N
17358,2026,Shipping,,Smathers & Branson,,,,,,,,N,Y
17359,2027,Mailing,,FemtoDx,,,,,,,,N,N
17359,2027,Billing,,FemtoDx,,"8929 Wilshire Boulevard, Suite 320",,Beverly Hills,CA,90211,United States,Y,N
17359,2027,Shipping,,FemtoDx,,,,,,,,N,Y
17361,2028,Mailing,,Turner Labels,,,,,,,,N,N
17361,2028,Billing,,Turner Labels,,112 Commerce Drive,,Nicholasville,KY,40356,United States,Y,N
17361,2028,Shipping,,Turner Labels,,,,,,,,N,Y
17367,2029,Mailing,,"B. Altman, Inc.",,,,,,,,N,N
17367,2029,Billing,,"B. Altman, Inc.",,304 Gower Street,,Staten Island,NY,10314,United States,Y,N
17367,2029,Shipping,,"B. Altman, Inc.",,,,,,,,N,Y
17373,2030,Mailing,,The Cord Wrapper,,,,,,,,N,N
17373,2030,Billing,,The Cord Wrapper,,920 Chamber Street,Suite 12,South Ogden,UT,84403,United States,Y,N
17373,2030,Shipping,,The Cord Wrapper,,,,,,,,N,Y
17382,2031,Mailing,,Fastenal - Linthicum MD,,,,,,,,N,N
17382,2031,Billing,,Fastenal - Linthicum MD,,5189 Raynor Avenue,,Linthicum,MD,21090,United States,Y,N
17382,2031,Shipping,,Fastenal - Linthicum MD,,5189 Raynor Ave,,Linthicum,MD,21090,United States,N,Y
17385,2032,Mailing,,Manna Molecular,,,,,,,,N,N
17385,2032,Billing,,Manna Molecular,,241 Franics Avenue,,Mansfield,MA,02048,United States,Y,N
17385,2032,Shipping,,Manna Molecular,,,,,,,,N,Y
17387,2033,Mailing,,"HMS Insurance Associates, Inc.",,,,,,,,N,N
17387,2033,Billing,,"HMS Insurance Associates, Inc.",,20 Wight Avenue Suite 300,,Hunt Valley,MD,21030,United States,Y,N
17387,2033,Shipping,,"HMS Insurance Associates, Inc.",,,,,,,,N,Y
17390,2034,Mailing,,CryoConcepts,,,,,,,,N,N
17390,2034,Billing,,CryoConcepts,,205 Webster St.,,Bethlehem,PA,18015,United States,Y,N
17390,2034,Shipping,,CryoConcepts,,,,,,,,N,Y
17395,2035,Mailing,,DuPont Experimental Station,,200 Powder Mill Road,E336/A221,Wilmongton,DE,19803,United States,N,N
17395,2035,Billing,,DuPont Experimental Station,,200 Powder Mill Road,E336/A221,Wilmington,DE,19803,United States,Y,N
17395,2035,Shipping,,DuPont Experimental Station,,200 Powder Mill Road,E336/A221,Wilmongton,DE,19803,United States,N,Y
17396,2036,Mailing,,Sumsaara,,,,,,,,N,N
17396,2036,Billing,,Sumsaara,,,,,,,,Y,N
17396,2036,Shipping,,Sumsaara,,,,,,,,N,Y
17399,2037,Mailing,,"Saint-Gobain Hycomp, LLC",,,,,,,,N,N
17399,2037,Billing,,"Saint-Gobain Hycomp, LLC",,17960 Englewood Drive,,Cleveland,OH,44130,United States,Y,N
17399,2037,Shipping,,"Saint-Gobain Hycomp, LLC",,,,,,,,N,Y
17404,2038,Mailing,,BAE Systems - Rockville,,,,,,,,N,N
17404,2038,Billing,,BAE Systems - Rockville,,,,,,,,Y,N
17404,2038,Shipping,,BAE Systems - Rockville,,,,,,,,N,Y
17411,2039,Mailing,,Renesco,,,,,,,,N,N
17411,2039,Billing,,Renesco,,"3935 Avion Park Court, Suite A106",,Chantilly,VA,20151,United States,Y,N
17411,2039,Shipping,,Renesco,,,,,,,,N,Y
17414,2040,Mailing,,MSA Safety,,,,,,,,N,N
17414,2040,Billing,,MSA Safety,,1000 Cranberry Woods Drive,,Cranberry Twp,PA,16066,United States,Y,N
17414,2040,Shipping,,MSA Safety,,1000 Cranberry Woods Drive,,Cranberry Twp,PA,16066,United States,N,Y
17415,2041,Mailing,,"Bemis Packaging, Inc.",,,,,,,,N,N
17415,2041,Billing,,"Bemis Packaging, Inc.",,PO Box 3627,,Portland,OR,97208,United States,Y,N
17415,2041,Shipping,,"Bemis Packaging, Inc.",,1309 Bemis Road,,Lancaster,WI,53813,United States,N,Y
17417,2042,Mailing,,"Heartshot, Inc.",,,,,,,,N,N
17417,2042,Billing,,"Heartshot, Inc.",,200-43 Britain Street,,Toronto,ON,M5A 1R7,Canada,Y,N
17417,2042,Shipping,,"Heartshot, Inc.",,C/O Telus,"260 Richmond St. E, Suite 101",Toronto,ON,M5A 1P4,Canada,N,Y
17423,2043,Mailing,,Treadwell & Company Design,,,,,,,,N,N
17423,2043,Billing,,Treadwell & Company Design,,"2087 Dundas Street East, Suite #204",,Mississauga,ON,L4X 2V7,Canada,Y,N
17423,2043,Shipping,,Treadwell & Company Design,,,,,,,,N,Y
17424,2044,Mailing,,Deka Research & Development,,,,,,,,N,N
17424,2044,Billing,,Deka Research & Development,,340 Commerical St,,Manchester,NH,03101,United States,Y,N
17424,2044,Shipping,,Deka Research & Development,,,,,,,,N,Y
17428,2045,Mailing,,Accriva Diagnostics,,,,,,,,N,N
17428,2045,Billing,,Accriva Diagnostics,,6260 Sequence Drive,Instrumentation Laboratory (IL),San Diego,CA,92121,United States,Y,N
17428,2045,Shipping,,Accriva Diagnostics,,,,,,,,N,Y
17429,2046,Mailing,,HOB Custom Power,,10910 Talbert Avenue,,Fountain Valley,CA,92708,United States,N,N
17429,2046,Billing,,HOB Custom Power,,10910 Talbert Avenue,,Fountain Valley,CA,92708,United States,Y,N
17429,2046,Shipping,,HOB Custom Power,,10910 Talbert Avenue,,Fountain Valley,CA,92708,United States,N,Y
17430,2047,Mailing,,"Summit Medical, LLC",,,,,,,,N,N
17430,2047,Billing,,"Summit Medical, LLC",,"815 Vikings Parkway, Suite#100",,St. Paul,MN,55121-1579,United States,Y,N
17430,2047,Shipping,,"Summit Medical, LLC",,,,,,,,N,Y
17432,2048,Mailing,,US Tool Group - Newport News,,,,,,,,N,N
17432,2048,Billing,,US Tool Group - Newport News,,2000 Progress Drive,,Farmington,MO,23606,United States,Y,N
17432,2048,Shipping,,US Tool Group - Newport News,,709 City Center Blvd. #B108,,Newport News,VA,23606,United States,N,Y
17434,2049,Mailing,,"Micro Matic USA, Inc.",,,,,,,,N,N
17434,2049,Billing,,"Micro Matic USA, Inc.",,2386 Simon Court,,Brooksville,FL,34604,United States,Y,N
17434,2049,Shipping,,"Micro Matic USA, Inc.",,,,,,,,N,Y
17435,2050,Mailing,,"Northrop Grumman - Topeka, KS",,,,,,,,N,N
17435,2050,Billing,,"Northrop Grumman - Topeka, KS",,USPS Central Repair Facility,7215 SW Topeka Blvd. BLDG 7,Topeka,KS,66619,United States,Y,N
17435,2050,Shipping,,"Northrop Grumman - Topeka, KS",,,,,,,,N,Y
17437,2051,Mailing,,"SBI Alapharma Canada, Inc.",,"425 University Ave., Suite 700",,Toronto,ON,M5G 1T6,Canada,N,N
17437,2051,Billing,,"SBI Alapharma Canada, Inc.",,123 Edwards Street,Suite 305,Toronto,ON,M5G 1E2,Canada,Y,N
17437,2051,Shipping,,"SBI Alapharma Canada, Inc.",,"425 University Ave., Suite 700",,Toronto,ON,M5G 1T6,Canada,N,Y
17438,2052,Mailing,,"Ran-Tech Engineering & Aerospace, Inc.",,12601 SE Highway 2112,,Clackamas,OR,97015,United States,N,N
17438,2052,Billing,,"Ran-Tech Engineering & Aerospace, Inc.",,12601 SE Highway 2112,,Clackamas,OR,97015,United States,Y,N
17438,2052,Shipping,,"Ran-Tech Engineering & Aerospace, Inc.",,12601 SE Highway 2112,,Clackamas,OR,97015,United States,N,Y
17439,2053,Mailing,,Global BioMedical Technologies,,,,,,,,N,N
17439,2053,Billing,,Global BioMedical Technologies,,12870 Trade Way Four ,#107-314,Bonita Springs,FL,34135,United States,Y,N
17439,2053,Shipping,,Global BioMedical Technologies,,,,,,,,N,Y
17442,2054,Mailing,,A2G Wheels,,,,,,,,N,N
17442,2054,Billing,,A2G Wheels,,1854 Industrial Blvd.,,Muskegon,MI,49442,United States,Y,N
17442,2054,Shipping,,A2G Wheels,,1854 Industrial Blvd.,,Muskegon,MI,49442,United States,N,Y
17443,2055,Mailing,,SOPO Dispenser Corp.,,,,,,,,N,N
17443,2055,Billing,,SOPO Dispenser Corp.,,"1830 Radius Drive, Suite 809",,Hollywood,FL,33020,United States,Y,N
17443,2055,Shipping,,SOPO Dispenser Corp.,,"1830 Radius Drive, Suite 809",,Hollywood,FL,33020,United States,N,Y
17445,2056,Mailing,,Jedcor,,,,,,,,N,N
17445,2056,Billing,,Jedcor,,2560 South 900 West,,South Salt Lake,UT,84119,United States,Y,N
17445,2056,Shipping,,Jedcor,,,,,,,,N,Y
17446,2057,Mailing,,"deVan Sealants, Inc.",,,,,,,,N,N
17446,2057,Billing,,"deVan Sealants, Inc.",,6301 Prescott Avenue,,St. Louis,MO,63147,United States,Y,N
17446,2057,Shipping,,"deVan Sealants, Inc.",,,,,,,,N,Y
17447,2058,Mailing,,"Gentueri, Inc.",,5313 Voges Road,,Madison,WI,53719,United States,N,N
17447,2058,Billing,,"Gentueri, Inc.",,312 Locust Dr.,,Verona,WI,53593,United States,Y,N
17447,2058,Shipping,,"Gentueri, Inc.",,5313 Voges Road,,Madison,WI,53719,United States,N,Y
17456,2059,Mailing,,Venus Concept,,,,,,,,N,N
17456,2059,Billing,,Venus Concept,,1800 Bering Drive,,San Jose,CA,95112,United States,Y,N
17456,2059,Shipping,,Venus Concept,,128 Baytech Drive,,San Jose,CA,95134,United States,N,Y
17463,2060,Mailing,,Holomex de Mexico,,,,,,,,N,N
17463,2060,Billing,,Holomex de Mexico,,"Pino 343, Local 3",,Col. Atlampa,,06450,Mexico,Y,N
17463,2060,Shipping,,Holomex de Mexico,,,,,,,,N,Y
17467,2061,Mailing,,Industrial Packaging,,,,,,,,N,N
17467,2061,Billing,,Industrial Packaging,,108 Grove St,,Worcester,MA,01605,United States,Y,N
17467,2061,Shipping,,Industrial Packaging,,,,,,,,N,Y
17472,2062,Mailing,,Delviro Energy,,,,,,,,N,N
17472,2062,Billing,,Delviro Energy,,94 Brockport Drive,,Toronto,Ontario,M9W 7J8,Canada,Y,N
17472,2062,Shipping,,Delviro Energy,,,,,,,,N,Y
17476,2063,Mailing,,Optimas Solutions,,,,,,,,N,N
17476,2063,Billing,,Optimas Solutions,,"7542 Morris Court, Suite 1",,Allentown,PA,18106,United States,Y,N
17476,2063,Shipping,,Optimas Solutions,,,,,,,,N,Y
17481,2064,Mailing,,Medtronic - Massachusetts,,,,,,,,N,N
17481,2064,Billing,,Medtronic - Massachusetts,,"266 Summer St., 5th Floor",,Boston,MA,02210,United States,Y,N
17481,2064,Shipping,,Medtronic - Massachusetts,,,,,,,,N,Y
17488,2065,Mailing,,"MagnaFlex, Inc.",,,,,,,,N,N
17488,2065,Billing,,"MagnaFlex, Inc.",,115 Hill Avenue,,Langhorne,PA,19047,United States,Y,N
17488,2065,Shipping,,"MagnaFlex, Inc.",,,,,,,,N,Y
17495,2066,Mailing,,Plexus Manufacturing Chicago,,,,,,,,N,N
17495,2066,Billing,,Plexus Manufacturing Chicago,,PO Box 2700,,Neenah,WI,54957-2700,United States,Y,N
17495,2066,Shipping,,Plexus Manufacturing Chicago,,2400 Millbrook Drive,,Buffalo Grove,IL,60089,United States,N,Y
17497,2067,Mailing,,"Edgewater Automation SC, LLC",,,,,,,,N,N
17497,2067,Billing,,"Edgewater Automation SC, LLC",,1750 Martin Road,,Spartanburg ,SC,29301,United States,Y,N
17497,2067,Shipping,,"Edgewater Automation SC, LLC",,1750 Martin Road,,Spartanburg ,SC,29301,United States,N,Y
17500,2068,Mailing,,True Angle Medical,,,,,,,,N,N
17500,2068,Billing,,True Angle Medical,,14807 134 Ave. NW,,Edmonton,AB,T5L 4V5,Canada,Y,N
17500,2068,Shipping,,True Angle Medical,,,,,,,,N,Y
17502,2069,Mailing,,PPG/PRC Desoto Intl-ASC ,,,,,,,,N,N
17502,2069,Billing,,PPG/PRC Desoto Intl-ASC ,,Attn: AP,400 Bertha Lamme Drive,Cranberry Township,PA,16066,United States,Y,N
17502,2069,Shipping,,PPG/PRC Desoto Intl-ASC ,,3330 Town Point Parkway NW,,Kennesaw,GA,30144,United States,N,Y
17504,2070,Mailing,,Starr Windows/Doors,,,,,,,,N,N
17504,2070,Billing,,Starr Windows/Doors,,214 Starr St.,,Brooklyn,NY,11237,United States,Y,N
17504,2070,Shipping,,Starr Windows/Doors,,,,,,,,N,Y
17506,2071,Mailing,,Powermation,,,,,,,,N,N
17506,2071,Billing,,Powermation,,1310 Energy Lane,,St. Paul,MN,55108,United States,Y,N
17506,2071,Shipping,,Powermation,,,,,,,,N,Y
17507,2072,Mailing,,"Rheonix, Inc",,,,,,,,N,N
17507,2072,Billing,,"Rheonix, Inc",,10 Brown Rd,Suite 103,Ithaca,NY,14850,United States,Y,N
17507,2072,Shipping,,"Rheonix, Inc",,,,,,,,N,Y
17515,2073,Mailing,,"Carolina Container, LLC",,,,,,,,N,N
17515,2073,Billing,,"Carolina Container, LLC",,PO Box 2166,,High Point,NC,27261,United States,Y,N
17515,2073,Shipping,,"Carolina Container, LLC",,909 Prospect Street,,Highpoint,NC,27260,United States,N,Y
17525,2074,Mailing,,Hillrom (Trumpf Medical Systems),,,,,,,,N,N
17525,2074,Billing,,Hillrom (Trumpf Medical Systems),,1046 Legrand Blvd.,,Charleston,SC,29492,United States,Y,N
17525,2074,Shipping,,Hillrom (Trumpf Medical Systems),,,,,,,,N,Y
17537,2075,Mailing,,Lustre-Cal,,,,,,,,N,N
17537,2075,Billing,,Lustre-Cal,,715 S. Guild Ave,,Lodi,CA,95240,United States,Y,N
17537,2075,Shipping,,Lustre-Cal,,,,,,,,N,Y
17538,2076,Mailing,,EMF Solutions,,6 Frank Sottlie Lane,,Isle of Palms,SC,29451,United States,N,N
17538,2076,Billing,,EMF Solutions,,6 Frank Sottlie Lane,,Isle of Palms,SC,29451,United States,Y,N
17538,2076,Shipping,,EMF Solutions,,,,,,,,N,Y
17540,2077,Mailing,,Refined Medical Products,,,,,,,,N,N
17540,2077,Billing,,Refined Medical Products,,8367 Crofton Lane,,Pennsauken,NJ,08109,United States,Y,N
17540,2077,Shipping,,Refined Medical Products,,,,,,,,N,Y
17543,2078,Mailing,,Strong Memorial Hospital,,,,,,,,N,N
17543,2078,Billing,,Strong Memorial Hospital,,575 Elmwood Ave,,Rochester,NY,14642,United States,Y,N
17543,2078,Shipping,,Strong Memorial Hospital,,,,,,,,N,Y
17547,2079,Mailing,,Sparton Medical Systems - OH,,,,,,,,N,N
17547,2079,Billing,,Sparton Medical Systems - OH,,22740 Lunn Road ,,Strongsville ,OH,44149,United States,Y,N
17547,2079,Shipping,,Sparton Medical Systems - OH,,,,,,,,N,Y
17548,2080,Mailing,,Pneuma Respiratory,,,,,,,,N,N
17548,2080,Billing,,Pneuma Respiratory,,"870 State Farm Road, Suite 103B",,Boone,NC,28607,United States,Y,N
17548,2080,Shipping,,Pneuma Respiratory,,"870 State Farm Road, Suite 103B",,Boone,NC,28607,United States,N,Y
17552,2081,Mailing,,"Lactalis  American Group, Inc.",,,,,,,,N,N
17552,2081,Billing,,"Lactalis  American Group, Inc.",,2376 South Park Ave,,Buffalo,NY,14220,United States,Y,N
17552,2081,Shipping,,"Lactalis  American Group, Inc.",,,,,,,,N,Y
17554,2082,Mailing,,Fluxergy,,,,,,,,N,N
17554,2082,Billing,,Fluxergy,,13766 Alton Pkwy,,Irvine,CA,92618,United States,Y,N
17554,2082,Shipping,,Fluxergy,,,,,,,,N,Y
17556,2083,Mailing,,"Applied Metals, LLC",,,,,,,,N,N
17556,2083,Billing,,"Applied Metals, LLC",,"5806 Grove Ave, Suite 807",,Richmond,VA,23226,United States,Y,N
17556,2083,Shipping,,"Applied Metals, LLC",,"5806 Grove Ave, Suite 807",,Richmond,VA,23226,United States,N,Y
17566,2084,Mailing,,Lockheed Martin - Veterans Trading Co LLC ,,,,,,,,N,N
17566,2084,Billing,,Lockheed Martin - Veterans Trading Co LLC ,,"15 W. South Temple, Ste 1050",,Salt Lake City,UT,84101,United States,Y,N
17566,2084,Shipping,,Lockheed Martin - Veterans Trading Co LLC ,,103 Chesapeake Park Plaza,"VLS Dock, Door 15",Baltimore ,MD,21220,United States,N,Y
17568,2085,Mailing,,CEM Corporation,,,,,,,,N,N
17568,2085,Billing,,CEM Corporation,,PO Box 200,,Mattews,NC,28104,United States,Y,N
17568,2085,Shipping,,CEM Corporation,,3100 Smith Farm Road,,Mattews ,NC,28104,United States,N,Y
17572,2086,Mailing,,Nitto Denko Technical Corporation,,,,,,,,N,N
17572,2086,Billing,,Nitto Denko Technical Corporation,,501 Via Del Monte,,Oceanside,CA,92058,United States,Y,N
17572,2086,Shipping,,Nitto Denko Technical Corporation,,,,,,,,N,Y
17576,2087,Mailing,,Conglas UPF Corp,,,,,,,,N,N
17576,2087,Billing,,Conglas UPF Corp,,3747 Standard St,,Bakersfield,CA,93308,United States,Y,N
17576,2087,Shipping,,Conglas UPF Corp,,,,,,,,N,Y
17578,2088,Mailing,,Wilson Sporting Goods,,,,,,,,N,N
17578,2088,Billing,,Wilson Sporting Goods,,217 N. Liberty Street,,Ada,OH,45810,United States,Y,N
17578,2088,Shipping,,Wilson Sporting Goods,,,,,,,,N,Y
17579,2089,Mailing,,DNA Athletic Limited,,,,,,,,N,N
17579,2089,Billing,,DNA Athletic Limited,,130 Old Street,,London,,EC1V9BD,United Kingdom,Y,N
17579,2089,Shipping,,DNA Athletic Limited,,,,,,,,N,Y
17581,2090,Mailing,,Brandeberry Winery,,,,,,,,N,N
17581,2090,Billing,,Brandeberry Winery,,5118 W. Jackson Rd,,Enon,OH,45323,United States,Y,N
17581,2090,Shipping,,Brandeberry Winery,,,,,,,,N,Y
17583,2091,Mailing,,Big Hole Wilderness Medicine LLP,,,,,,,,N,N
17583,2091,Billing,,Big Hole Wilderness Medicine LLP,,75 Bear Trial Rd,,Philipsburg,MT,59858,United States,Y,N
17583,2091,Shipping,,Big Hole Wilderness Medicine LLP,,,,,,,,N,Y
17585,2092,Mailing,,DLA Distribution - New Cumberland,,430 Mifflin Ave,,New Cumberland,PA,17070,United States,N,N
17585,2092,Billing,,DLA Distribution - New Cumberland,,430 Mifflin Ave,,New Cumberland,PA,17070,United States,Y,N
17585,2092,Shipping,,DLA Distribution - New Cumberland,,,,,,,,N,Y
17587,2093,Mailing,,Ohio Turnpike ,,,,,,,,N,N
17587,2093,Billing,,Ohio Turnpike ,,682 Prospect St.,,Berea,OH,44017,United States,Y,N
17587,2093,Shipping,,Ohio Turnpike ,,,,,,,,N,Y
17588,2094,Mailing,,Parsons - Fourth Dimension Engineering,,,,,,,,N,N
17588,2094,Billing,,Parsons - Fourth Dimension Engineering,,7175 Columbia Gateway Drive,Suite D,Columbia, MD,21046,United States,Y,N
17588,2094,Shipping,,Parsons - Fourth Dimension Engineering,,,,,,,,N,Y
17591,2095,Mailing,,Etrak Technologies,,,,,,,,N,N
17591,2095,Billing,,Etrak Technologies,,"10 Office Park Circle, Suite 100",,Birmingham,AL,35223,United States,Y,N
17591,2095,Shipping,,Etrak Technologies,,"10 Office Park Circle, Suite 100",,Birmingham,AL,35223,United States,N,Y
17598,2096,Mailing,,CommScope,,,,,,,,N,N
17598,2096,Billing,,CommScope,,8000 Purfoy Road,,Fuqua,NC,27526,United States,Y,N
17598,2096,Shipping,,CommScope,,8000 Purfoy Road,,Fuqua,NC,27526,United States,N,Y
17599,2097,Mailing,,Veritiv MN,,,,,,,,N,N
17599,2097,Billing,,Veritiv MN,,,,,,,,Y,N
17599,2097,Shipping,,Veritiv MN,,,,,,,,N,Y
17602,2098,Mailing,,Deepwind Research,,,,,,,,N,N
17602,2098,Billing,,Deepwind Research,,360 Carbrini Blvd,Suite 6D,New York,NY,10040,United States,Y,N
17602,2098,Shipping,,Deepwind Research,,,,,,,,N,Y
17603,2099,Mailing,,XM- Squared,,,,,,,,N,N
17603,2099,Billing,,XM- Squared,,2252 Blackburn Court,,Aurora,IL,60503,United States,Y,N
17603,2099,Shipping,,XM- Squared,,,,,,,,N,Y
17610,2100,Mailing,,Green Leaf Foods,,,,,,,,N,N
17610,2100,Billing,,Green Leaf Foods,,180 W Park Ave Suite 300,,Elmhurst,IL,60126,United States,Y,N
17610,2100,Shipping,,Green Leaf Foods,,,,,,,,N,Y
17612,2101,Mailing,,MAKS INC,,,,,,,,N,N
17612,2101,Billing,,MAKS INC,,1150 Rankin,,Troy,MI,48083,United States,Y,N
17612,2101,Shipping,,MAKS INC,,,,,,,,N,Y
17613,2102,Mailing,,"Teslake, Inc.",,,,,,,,N,N
17613,2102,Billing,,"Teslake, Inc.",,7 Beechbrook Lane,,Rochester,NY,14625,United States,Y,N
17613,2102,Shipping,,"Teslake, Inc.",,,,,,,,N,Y
17617,2103,Mailing,,Florida Custom Mold,,,,,,,,N,N
17617,2103,Billing,,Florida Custom Mold,,1806 Gunn Highway,,Odessa,FL,33556,United States,Y,N
17617,2103,Shipping,,Florida Custom Mold,,,,,,,,N,Y
17622,2104,Mailing,,"Biomeme, Inc.",,,,,,,,N,N
17622,2104,Billing,,"Biomeme, Inc.",,"1015 Chestnut St., Suite 1401",,Philadelphia,PA,19107,United States,Y,N
17622,2104,Shipping,,"Biomeme, Inc.",,,,,,,,N,Y
17625,2105,Mailing,,Metlfab Inc,,,,,,,,N,N
17625,2105,Billing,,Metlfab Inc,,7340 Executive Way,Suite D,Frederick,MD,21704,United States,Y,N
17625,2105,Shipping,,Metlfab Inc,,,,,,,,N,Y
17627,2106,Mailing,,Stanley Black and Decker (E. Joppa),,,,,,,,N,N
17627,2106,Billing,,Stanley Black and Decker (E. Joppa),,701 East Joppa Road,,Towson,MD,21286,United States,Y,N
17627,2106,Shipping,,Stanley Black and Decker (E. Joppa),,,,,,,,N,Y
17632,2107,Mailing,,Piaggio Fast Forward,,,,,,,,N,N
17632,2107,Billing,,Piaggio Fast Forward,,7 Roland St,,Boston,MA,02129,United States,Y,N
17632,2107,Shipping,,Piaggio Fast Forward,,7 Roland St,,Boston,MA,02129,United States,N,Y
17634,2108,Mailing,,Saint-Gobain PPL Corp,,,,,,,,N,N
17634,2108,Billing,,Saint-Gobain PPL Corp,,Attn:Shared Service A/P,PO Box 2864,Clinton,IA,52733-2864,United States,Y,N
17634,2108,Shipping,,Saint-Gobain PPL Corp,,One Sealants Park,,Granville,NY,12832,United States,N,Y
17639,2109,Mailing,,"Vidaris, Inc.",,,,,,,,N,N
17639,2109,Billing,,"Vidaris, Inc.",,18-08 Greenwood Dr,,Fairlawn,NJ,07410,United States,Y,N
17639,2109,Shipping,,"Vidaris, Inc.",,,,,,,,N,Y
17641,2110,Mailing,,AHRAFFCO (Bugzstopper),,,,,,,,N,N
17641,2110,Billing,,AHRAFFCO (Bugzstopper),,13956 75th Avenue,,Seminole,FL,33776,United States,Y,N
17641,2110,Shipping,,AHRAFFCO (Bugzstopper),,,,,,,,N,Y
17647,2111,Mailing,,Shopify,,,,,,,,N,N
17647,2111,Billing,,Shopify,,,,,,,,Y,N
17647,2111,Shipping,,Shopify,,,,,,,,N,Y
17649,2112,Mailing,,Holotech Hungart Kft.,,,,,,,,N,N
17649,2112,Billing,,Holotech Hungart Kft.,,Nadas utca 2.,,Vac,,2600,Hungary,Y,N
17649,2112,Shipping,,Holotech Hungart Kft.,,,,,,,,N,Y
17651,2113,Mailing,,Stryker MI,,,,,,,,N,N
17651,2113,Billing,,Stryker MI,,1941 Stryker Way,,Portage,MI,49002,United States,Y,N
17651,2113,Shipping,,Stryker MI,,,,,,,,N,Y
17654,2114,Mailing,,Eaton - Aerospace Group,,,,,,,,N,N
17654,2114,Billing,,Eaton - Aerospace Group,,24 E. Glenolden Ave,,Glenolden,PA,19036,United States,Y,N
17654,2114,Shipping,,Eaton - Aerospace Group,,,,,,,,N,Y
17655,2115,Mailing,,Freeosk,,,,,,,,N,N
17655,2115,Billing,,Freeosk,,2901 Lakeshore Dr,Dock# 55,Saint Joseph,MI,49085,United States,Y,N
17655,2115,Shipping,,Freeosk,,,,,,,,N,Y
17657,2116,Mailing,,ETL Response,,,,,,,,N,N
17657,2116,Billing,,ETL Response,,3930 Niblick Ct.,,Niwot,CO,80503,United States,Y,N
17657,2116,Shipping,,ETL Response,,,,,,,,N,Y
17661,2117,Mailing,,State of Alaska,,,,,,,,N,N
17661,2117,Billing,,State of Alaska,,Department of Administration - Shared Services of Alaska,"333 Willoughby Avenue, 8th Floor PO Box 110210",Juneau,AK,99811,United States,Y,N
17661,2117,Shipping,,State of Alaska,,,,,,,,N,Y
17665,2118,Mailing,,ImagineOptix Corporation,,,,,,,,N,N
17665,2118,Billing,,ImagineOptix Corporation,,"70 TW Alexander Driver, #100",,Durham ,NC,27709,United States,Y,N
17665,2118,Shipping,,ImagineOptix Corporation,,,,,,,,N,Y
17675,2119,Mailing,,CIS Secure,,,,,,,,N,N
17675,2119,Billing,,CIS Secure,,21050 Ashburn Crossing Dr. Suite 145,,Ashburn ,VA,20147,United States,Y,N
17675,2119,Shipping,,CIS Secure,,21050 Ashburn Crossing Dr. Suite 145,,Ashburn ,VA,20147,United States,N,Y
17676,2120,Mailing,,Malmoset,,,,,,,,N,N
17676,2120,Billing,,Malmoset,,12730 Cambridge Ave,,Grandview,MO,64030,United States,Y,N
17676,2120,Shipping,,Malmoset,,,,,,,,N,Y
17677,2121,Mailing,,"MSI Defense Solutions, LLC",,,,,,,,N,N
17677,2121,Billing,,"MSI Defense Solutions, LLC",,PO Box 5506,,Mooresville,NC,28117,United States,Y,N
17677,2121,Shipping,,"MSI Defense Solutions, LLC",,136 Knob Hill Road,,Mooresville,NC,28117,United States,N,Y
17693,2122,Mailing,,DeNova Technology,,,,,,,,N,N
17693,2122,Billing,,DeNova Technology,,2929 Grandview Street,,Placerville ,CA,95667,United States,Y,N
17693,2122,Shipping,,DeNova Technology,,,,,,,,N,Y
17697,2123,Mailing,,eAgile Inc.,,,,,,,,N,N
17697,2123,Billing,,eAgile Inc.,,1880 Turner Ave NW,Suite A,Grand Rapids ,MI,49504,United States,Y,N
17697,2123,Shipping,,eAgile Inc.,,,,,,,,N,Y
17698,2124,Mailing,,Chiplab,,,,,,,,N,N
17698,2124,Billing,,Chiplab,,8171 S Grant Way,,Littleton,CO,80122,United States,Y,N
17698,2124,Shipping,,Chiplab,,,,,,,,N,Y
17699,2125,Mailing,,Proteowise,,,,,,,,N,N
17699,2125,Billing,,Proteowise,,85 Willow Street,Building 7,New Haven,CT,06511,United States,Y,N
17699,2125,Shipping,,Proteowise,,,,,,,,N,Y
17700,2126,Mailing,,R L Hudson & Company,,,,,,,,N,N
17700,2126,Billing,,R L Hudson & Company,,2000 W. Tacoma,,Broken Arrow,OK,74012,United States,Y,N
17700,2126,Shipping,,R L Hudson & Company,,2000 W. Tacoma,,Broken Arrow,OK,74012,United States,N,Y
17701,2127,Mailing,,Tatch DBA Wesper,,,,,,,,N,N
17701,2127,Billing,,Tatch DBA Wesper,,234 5TH AVE,,New York,NY,10001,United States,Y,N
17701,2127,Shipping,,Tatch DBA Wesper,,,,,,,,N,Y
17703,2128,Mailing,,Clear Choice Therapeutics,,,,,,,,N,N
17703,2128,Billing,,Clear Choice Therapeutics,,503 W. Cloverhurst Ave,,Athens,GA,50606-4216,United States,Y,N
17703,2128,Shipping,,Clear Choice Therapeutics,,503 W. Cloverhurst Ave,,Athens,GA,50606-4216,United States,N,Y
17704,2129,Mailing,,CCL Label,,,,,,,,N,N
17704,2129,Billing,,CCL Label,,685 Howard Street,,Buffalo,NY,14206,United States,Y,N
17704,2129,Shipping,,CCL Label,,,,,,,,N,Y
17705,2130,Mailing,,"Cri-Tech, Inc",,,,,,,,N,N
17705,2130,Billing,,"Cri-Tech, Inc",,85 Winter Street,,Hanover,MA,02339,United States,Y,N
17705,2130,Shipping,,"Cri-Tech, Inc",,,,,,,,N,Y
17706,2131,Mailing,,Universal Converting Equipment ,,B12 Farthing Road Estate ,,Ipswich ,GB,IP1 5AP,United Kingdom,N,N
17706,2131,Billing,,Universal Converting Equipment ,,B12 Farthing Road Estate ,,Ipswich ,GB,IP1 5AP,United Kingdom,Y,N
17706,2131,Shipping,,Universal Converting Equipment ,,B12 Farthing Road Estate ,,Ipswich ,GB,IP1 5AP,United Kingdom ,N,Y
17707,2132,Mailing,,YA Fine ArtL3,,,,,,,,N,N
17707,2132,Billing,,YA Fine ArtL3,,,,,,,,Y,N
17707,2132,Shipping,,YA Fine ArtL3,,2980 Simms St.,,Hollywood,FL,33020,United States,N,Y
17709,2133,Mailing,,Jacobs,,,,,,,,N,N
17709,2133,Billing,,Jacobs,,125 Broadway Avenue,,Oak Ridge,TN,37830,United States,Y,N
17709,2133,Shipping,,Jacobs,,,,,,,,N,Y
17715,2134,Mailing,,DyneTec (A Dontech Company),,,,,,,,N,N
17715,2134,Billing,,DyneTec (A Dontech Company),,206 Airport Boulevard,,Doylestown,PA,18902,United States,Y,N
17715,2134,Shipping,,DyneTec (A Dontech Company),,,,,,,,N,Y
17721,2135,Mailing,,"JG Plastics Group, LLC",,,,,,,,N,N
17721,2135,Billing,,"JG Plastics Group, LLC",,335 Fischer Ave.,,Costa Mesa,CA,92626,United States,Y,N
17721,2135,Shipping,,"JG Plastics Group, LLC",,,,,,,,N,Y
17724,2136,Mailing,,MolecuLight Inc.,,,,,,,,N,N
17724,2136,Billing,,MolecuLight Inc.,,425 University Ave. ,Suite 700,Toronto ,ON,M5G 1T6,Canada,Y,N
17724,2136,Shipping,,MolecuLight Inc.,,,,,,,,N,Y
17729,2137,Mailing,,Blink Device Company,,,,,,,,N,N
17729,2137,Billing,,Blink Device Company,,1530 Westlake Ave N #600,,Seattle,WA,98109,United States,Y,N
17729,2137,Shipping,,Blink Device Company,,,,,,,,N,Y
17730,2138,Mailing,,Boulder Hockey Shield Co.,,,,,,,,N,N
17730,2138,Billing,,Boulder Hockey Shield Co.,,1020 Jersey Street #1,,Denver,CO,80220,United States,Y,N
17730,2138,Shipping,,Boulder Hockey Shield Co.,,,,,,,,N,Y
17731,2139,Mailing,,Nations Photo Lab / Artsy Couture,,,,,,,,N,N
17731,2139,Billing,,Nations Photo Lab / Artsy Couture,,11103 Pepper Road,,Cockeysville,MD,21030,United States,Y,N
17731,2139,Shipping,,Nations Photo Lab / Artsy Couture,,11103 Pepper Road,,Cockeysville,MD,21030,United States,N,Y
17735,2140,Mailing,,Lockheed Martin Corporation - RMS Baltimore,,,,,,,,N,N
17735,2140,Billing,,Lockheed Martin Corporation - RMS Baltimore,,103 Chesapeake Park Plaza,65V1,Middle River,MD,21220,United States,Y,N
17735,2140,Shipping,,Lockheed Martin Corporation - RMS Baltimore,,,,,,,,N,Y
17738,2141,Mailing,,Eastprint Inc.,,,,,,,,N,N
17738,2141,Billing,,Eastprint Inc.,,350 Willow Street,,North Andover,MA,01845,United States,Y,N
17738,2141,Shipping,,Eastprint Inc.,,UPS Supply Chain Solutions,10 Leigh Fisher Blvd,El Paso,TX,79906,United States,N,Y
17739,2142,Mailing,,Remy - International Consumer Products Inc.,,,,,,,,N,N
17739,2142,Billing,,Remy - International Consumer Products Inc.,,"23-500 Fairway Rd., South",Suite 179,Kitchener,ON,N2C 1X3,Canada,Y,N
17739,2142,Shipping,,Remy - International Consumer Products Inc.,,,,,,,,N,Y
17741,2143,Mailing,,rHealth,,,,,,,,N,N
17741,2143,Billing,,rHealth,,One Oak Park Drive,,Bedford,MA,01730,United States,Y,N
17741,2143,Shipping,,rHealth,,,,,,,,N,Y
17745,2144,Mailing,,Draper Biological Microsystems,,,,,,,,N,N
17745,2144,Billing,,Draper Biological Microsystems,,555 Technology Square,,Cambridge,MA,02139,United States,Y,N
17745,2144,Shipping,,Draper Biological Microsystems,,,,,,,,N,Y
17751,2145,Mailing,,Vision Infinitas Inc.,,,,,,,,N,N
17751,2145,Billing,,Vision Infinitas Inc.,,PH02-117 McMahon Dr.,,North York,ON,M2K 0E4,Canada,Y,N
17751,2145,Shipping,,Vision Infinitas Inc.,,PH02-117 McMahon Dr.,,North York,ON,M2K 0E4,Canada,N,Y
17755,2146,Mailing,,Wavely Diagnostics,,,,,,,,N,N
17755,2146,Billing,,Wavely Diagnostics,,1100 NE Campus Pkwy,Suite 200,Seattle,WA,98105,United States,Y,N
17755,2146,Shipping,,Wavely Diagnostics,,,,,,,,N,Y
17757,2147,Mailing,,USCG - Curtis Bay Yard,,,,,,,,N,N
17757,2147,Billing,,USCG - Curtis Bay Yard,,2401 Hawkins Point Rd,,Baltimore,MD,21226,United States,Y,N
17757,2147,Shipping,,USCG - Curtis Bay Yard,,,,,,,,N,Y
17758,2148,Mailing,,Accu-Glass LLC,,,,,,,,N,N
17758,2148,Billing,,Accu-Glass LLC,,10765 Trenton Ave.,,St. Louis,MO,63132,United States,Y,N
17758,2148,Shipping,,Accu-Glass LLC,,,,,,,,N,Y
17760,2149,Mailing,,Divergent Products,,,,,,,,N,N
17760,2149,Billing,,Divergent Products,,1605 Lancer Ln,Space D,Austin,TX,78733,United States,Y,N
17760,2149,Shipping,,Divergent Products,,,,,,,,N,Y
17761,2150,Mailing,,Rain Solutions Inc.,,,,,,,,N,N
17761,2150,Billing,,Rain Solutions Inc.,,146 Goldenrod Ave,,Perris,CA,92570,United States,Y,N
17761,2150,Shipping,,Rain Solutions Inc.,,146 Goldenrod Ave,,Perris,CA,92570,United States,N,Y
17762,2151,Mailing,,Nutri-Tube Medical,,,,,,,,N,N
17762,2151,Billing,,Nutri-Tube Medical,,P.O. Box 1421,,Port Aransas,TX,78373,United States,Y,N
17762,2151,Shipping,,Nutri-Tube Medical,,,,,,,,N,Y
17764,2152,Mailing,,Seiler-Hughes,,,,,,,,N,N
17764,2152,Billing,,Seiler-Hughes,,138 W Barney St,,Baltimore,MD,21230,United States,Y,N
17764,2152,Shipping,,Seiler-Hughes,,,,,,,,N,Y
17767,2153,Mailing,,HealthTech Blueprints,,,,,,,,N,N
17767,2153,Billing,,HealthTech Blueprints,,1440 Broadway,Unit# 206,San Francisco,CA,94109,United States,Y,N
17767,2153,Shipping,,HealthTech Blueprints,,,,,,,,N,Y
17768,2154,Mailing,,Creation Technologies - WI,,,,,,,,N,N
17768,2154,Billing,,Creation Technologies - WI,,2250 Southbranch Blvd.,,Oak Creek,WI,53154,United States,Y,N
17768,2154,Shipping,,Creation Technologies - WI,,,,,,,,N,Y
17769,2155,Mailing,,Lynntech Inc.,,,,,,,,N,N
17769,2155,Billing,,Lynntech Inc.,,2501 Earl Rudder Fwy,Ste 100,College Station,TX,77845,United States,Y,N
17769,2155,Shipping,,Lynntech Inc.,,,,,,,,N,Y
17770,2156,Mailing,,DNP Imagingcomm America Corporation,,,,,,,,N,N
17770,2156,Billing,,DNP Imagingcomm America Corporation,,4524 Enterprise Drive NW,,Concord,NC,28027,United States,Y,N
17770,2156,Shipping,,DNP Imagingcomm America Corporation,,,,,,,,N,Y
17779,2157,Mailing,,Altruem Consulting,,,,,,,,N,N
17779,2157,Billing,,Altruem Consulting,,715 Quetta Ave.,Apt. A,Sunnyvale,CA,94087,United States,Y,N
17779,2157,Shipping,,Altruem Consulting,,,,,,,,N,Y
17781,2158,Mailing,,Mountain View Electric Association,,,,,,,,N,N
17781,2158,Billing,,Mountain View Electric Association,,11140 E. Woodmen Road,,Falcon,CO,80831,United States,Y,N
17781,2158,Shipping,,Mountain View Electric Association,,,,,,,,N,Y
17785,2159,Mailing,,North Sails ,,,,,,,,N,N
17785,2159,Billing,,North Sails ,,125 Old Gate Lane,,Milford,CT,06460,United States,Y,N
17785,2159,Shipping,,North Sails ,,,,,,,,N,Y
17790,2160,Mailing,,Unchained Labs,,,,,,,,N,N
17790,2160,Billing,,Unchained Labs,,6870 Koll Center Parkway,,Pleasanton,CA,94566,United States,Y,N
17790,2160,Shipping,,Unchained Labs,,,,,,,,N,Y
17791,2161,Mailing,,Pipeline Design & Engineering,,,,,,,,N,N
17791,2161,Billing,,Pipeline Design & Engineering,,2440 W 12th St,Suite 5,Tempe,AZ,85281,United States,Y,N
17791,2161,Shipping,,Pipeline Design & Engineering,,,,,,,,N,Y
17792,2162,Mailing,,Iota Biosciences,,,,,,,,N,N
17792,2162,Billing,,Iota Biosciences,,1020 Atlantic Ave,Suite 100,Alameda,CA,94501,United States,Y,N
17792,2162,Shipping,,Iota Biosciences,,,,,,,,N,Y
17793,2163,Mailing,,University of Utah,,,,,,,,N,N
17793,2163,Billing,,University of Utah,,36 S Wasatch Drive,SMBB Rm 2670,Salt Lake City,UT,84112,United States,Y,N
17793,2163,Shipping,,University of Utah,,,,,,,,N,Y
17794,2164,Mailing,,"PharmChem, Inc.",,,,,,,,N,N
17794,2164,Billing,,"PharmChem, Inc.",,2411 E. Loop 820 N.,,Fort Worth,TX,76118,United States,Y,N
17794,2164,Shipping,,"PharmChem, Inc.",,,,,,,,N,Y
17796,2165,Mailing,,"Selex ES, Inc. a Leonardo Co.",,,,,,,,N,N
17796,2165,Billing,,"Selex ES, Inc. a Leonardo Co.",,4221 Tudor Lane,,Greensboro,NC,27410,United States,Y,N
17796,2165,Shipping,,"Selex ES, Inc. a Leonardo Co.",,4221 Tudor Lane,,Greensboro,NC,27410,United States,N,Y
17797,2166,Mailing,,Zikodrive Motor Controllers,,,,,,,,N,N
17797,2166,Billing,,Zikodrive Motor Controllers,,Second Floor,Clifton Warehouse,Sowerby Bridge,,HX6 2BY,United Kingdom,Y,N
17797,2166,Shipping,,Zikodrive Motor Controllers,,,,,,,,N,Y
17802,2167,Mailing,,Insitu,,,,,,,,N,N
17802,2167,Billing,,Insitu,,"Waucoma Bldg., 2nd Floor",902 Wasco Street,Hood River,OR,97031,United States,Y,N
17802,2167,Shipping,,Insitu,,,,,,,,N,Y
17804,2168,Mailing,,FlexPak Services,,,,,,,,N,N
17804,2168,Billing,,FlexPak Services,,3500 Willow Lake Blvd,Ste 700,Vadnais Heights,MN,55110,United States,Y,N
17804,2168,Shipping,,FlexPak Services,,,,,,,,N,Y
17805,2169,Mailing,,Industrial Metal Supply Company,,,,,,,,N,N
17805,2169,Billing,,Industrial Metal Supply Company,,8300 San Fernando Blvd.,,San Fernando,CA,91352,United States,Y,N
17805,2169,Shipping,,Industrial Metal Supply Company,,,,,,,,N,Y
17807,2170,Mailing,,Magnetek Inc,,,,,,,,N,N
17807,2170,Billing,,Magnetek Inc,,N49W13650 Campbell Dr.,,Menomonee Falls,WI,53051,United States,Y,N
17807,2170,Shipping,,Magnetek Inc,,,,,,,,N,Y
17811,2171,Mailing,,Nail Game,,,,,,,,N,N
17811,2171,Billing,,Nail Game,,578 Washington Blvd,Suite 1160,Marina del Rey,CA,90292,United States,Y,N
17811,2171,Shipping,,Nail Game,,578 Washington Blvd,Suite 1160,Marina del Rey,CA,90292,United States,N,Y
17812,2172,Mailing,,Cortex Design,,,,,,,,N,N
17812,2172,Billing,,Cortex Design,,61 Elm Grove Ave,Suite 207,Toronto,ON,M6K2J2,Canada,Y,N
17812,2172,Shipping,,Cortex Design,,,,,,,,N,Y
17817,2173,Mailing,,QTCL,,,,,,,,N,N
17817,2173,Billing,,QTCL,,"500 Carraway Crossing, Suite 5213",,Chapel Hill,NC,27514,United States,Y,N
17817,2173,Shipping,,QTCL,,"500 Carraway Crossing, Suite 5213",,Chapel Hill,NC,27514,United States,N,Y
17828,2174,Mailing,,DST Innovations,,,,,,,,N,N
17828,2174,Billing,,DST Innovations,,1420 Shaw Ave,Suite 102/187,Clovis,CA,93611,United States,Y,N
17828,2174,Shipping,,DST Innovations,,,,,,,,N,Y
17829,2175,Mailing,,"Sunburst Electronics, LLC",,,,,,,,N,N
17829,2175,Billing,,"Sunburst Electronics, LLC",,420 E. Bayfront Pkwy,,Erie,PA,16507,United States,Y,N
17829,2175,Shipping,,"Sunburst Electronics, LLC",,,,,,,,N,Y
17834,2176,Mailing,,NorvaNivel,,,,,,,,N,N
17834,2176,Billing,,NorvaNivel,,1235 Profit Drive,,Dallas,TX,75247,United States,Y,N
17834,2176,Shipping,,NorvaNivel,,,,,,,,N,Y
17835,2177,Mailing,,EzyAid,,,,,,,,N,N
17835,2177,Billing,,EzyAid,,59 Philip Street,,Gloucester,NSW,2422,Australia,Y,N
17835,2177,Shipping,,EzyAid,,,,,,,,N,Y
17836,2178,Mailing,,THK Rythm Automotive - Ontario,,,,,,,,N,N
17836,2178,Billing,,THK Rythm Automotive - Ontario,,230 Louth St.,,St. Catharines,ON,L2R 7B5,Canada,Y,N
17836,2178,Shipping,,THK Rythm Automotive - Ontario,,,,,,,,N,Y
17837,2179,Mailing,,Overnightline,,,,,,,,N,N
17837,2179,Billing,,Overnightline,,215 W. Monroe Street,,Mt. Pleasant,IA,52641,United States,Y,N
17837,2179,Shipping,,Overnightline,,,,,,,,N,Y
17846,2180,Mailing,,"Cintilight, LLC",,,,,,,,N,N
17846,2180,Billing,,"Cintilight, LLC",,"118 N. Peters Rd., #341",,Knoxville,TN,37203,United States,Y,N
17846,2180,Shipping,,"Cintilight, LLC",,"118 N. Peters Rd., #341",,Knoxville,TN,37923,United States,N,Y
17848,2181,Mailing,,Griffin Chemical Co. LLC,,,,,,,,N,N
17848,2181,Billing,,Griffin Chemical Co. LLC,,889 Erie Ave,,Buffalo,NY,14120,United States,Y,N
17848,2181,Shipping,,Griffin Chemical Co. LLC,,,,,,,,N,Y
17851,2182,Mailing,,NAL Research Corporation,,,,,,,,N,N
17851,2182,Billing,,NAL Research Corporation,,11100 Endeavor Ct. Suite 300,,Manassas,VA,20109,United States,Y,N
17851,2182,Shipping,,NAL Research Corporation,,11100 Endeavor Ct. Suite 300,,Manassas,VA,20109,United States,N,Y
17856,2183,Mailing,,"Chris Reilly, LLC",,,,,,,,N,N
17856,2183,Billing,,"Chris Reilly, LLC",,7926 Lake Waunatta Drive,,Winter Park,FL,32792,United States,Y,N
17856,2183,Shipping,,"Chris Reilly, LLC",,,,,,,,N,Y
17857,2184,Mailing,,West Coast Supplies,,,,,,,,N,N
17857,2184,Billing,,West Coast Supplies,,2750 Mercantile Drive,Suite 100,Rancho Cordova,CA,95742,United States,Y,N
17857,2184,Shipping,,West Coast Supplies,,,,,,,,N,Y
17859,2185,Mailing,,"CPI Card Group, Inc.",,,,,,,,N,N
17859,2185,Billing,,"CPI Card Group, Inc.",,10368 W Centennial Rd,,Littleton,CO,80127,United States,Y,N
17859,2185,Shipping,,"CPI Card Group, Inc.",,,,,,,,N,Y
17870,2186,Mailing,,"Peloton Interactive, Inc.",,,,,,,,N,N
17870,2186,Billing,,"Peloton Interactive, Inc.",,125 W 25th St,11 FL,New York,NY,10001,United States,Y,N
17870,2186,Shipping,,"Peloton Interactive, Inc.",,,,,,,,N,Y
17872,2187,Mailing,,"Covercraft Industries, LLC",,,,,,,,N,N
17872,2187,Billing,,"Covercraft Industries, LLC",,100 Enterprise Blvd.,,Pauls Valley,OK,73075,United States,Y,N
17872,2187,Shipping,,"Covercraft Industries, LLC",,,,,,,,N,Y
17874,2188,Mailing,,"HYDE-RITE, LLC",,,,,,,,N,N
17874,2188,Billing,,"HYDE-RITE, LLC",,1409 Old Highway 99,,Columbia,TN,38401,United States,Y,N
17874,2188,Shipping,,"HYDE-RITE, LLC",,1409 Old Highway 99,,Columbia,TN,38401,United States,N,Y
17877,2189,Mailing,,Turbo Solutions,,,,,,,,N,N
17877,2189,Billing,,Turbo Solutions,,8500 Remington Ave,,Pennsauken,NJ,08110,United States,Y,N
17877,2189,Shipping,,Turbo Solutions,,,,,,,,N,Y
17880,2190,Mailing,,Cerebras Systems - C/O JM Express,,,,,,,,N,N
17880,2190,Billing,,Cerebras Systems - C/O JM Express,,47606 Kato Rd.,Bldg. A,Fremont,CA,94538,United States,Y,N
17880,2190,Shipping,,Cerebras Systems - C/O JM Express,,,,,,,,N,Y
17882,2191,Mailing,,Chesapeake Resource Group,,1418 Fallsmead Way,,Potomac,MD,20854,United States,N,N
17882,2191,Billing,,Chesapeake Resource Group,,1418 Fallsmead Way,,Potomac,MD,20854,United States,Y,N
17882,2191,Shipping,,Chesapeake Resource Group,,1418 Fallsmead Way,,Potomac,MD,20854,United States,N,Y
17883,2192,Mailing,,Splashguard Corporation,,,,,,,,N,N
17883,2192,Billing,,Splashguard Corporation,,6907 Clifton Road,,Clifton,VA,20124,United States,Y,N
17883,2192,Shipping,,Splashguard Corporation,,6907 Clifton Road,,Clifton,VA,20124,United States,N,Y
17886,2193,Mailing,,Thermo Heating Elements,,,,,,,,N,N
17886,2193,Billing,,Thermo Heating Elements,,273 Langston Road,,Piedmont ,SC,29673,United States,Y,N
17886,2193,Shipping,,Thermo Heating Elements,,,,,,,,N,Y
17891,2194,Mailing,,"DMS, Incorporated ",,1120 Ensell Road ,,Lake Zurich ,Illinois ,60047,United States,N,N
17891,2194,Billing,,"DMS, Incorporated ",,1120 Ensell Road ,,Lake Zurich ,Illinois ,60047,United States,Y,N
17891,2194,Shipping,,"DMS, Incorporated ",,1120 Ensell Road ,,Lake Zurich ,Illinois ,60047,United States,N,Y
17895,2195,Mailing,,American Electro Products Inc,,,,,,,,N,N
17895,2195,Billing,,American Electro Products Inc,,1358 Thomaston Ave,,Waterbury,CT,06704,United States,Y,N
17895,2195,Shipping,,American Electro Products Inc,,,,,,,,N,Y
17897,2196,Mailing,,"Medline Industries, LP",,,,,,,,N,N
17897,2196,Billing,,"Medline Industries, LP",,Three Lakes Drive,,Northfield,IL,60093,United States,Y,N
17897,2196,Shipping,,"Medline Industries, LP",,2450 Perimeter Parkway,Ste 100,Morrisville,NC,27560,United States,N,Y
17898,2197,Mailing,,Vertitackle,,5186 Tallowood Way,,Naples,FL,34116,United States,N,N
17898,2197,Billing,,Vertitackle,,5186 Tallowood Way,,Naples,FL,34116,United States,Y,N
17898,2197,Shipping,,Vertitackle,,,,,,,,N,Y
17905,2198,Mailing,,"Baytech Products, LLC",,,,,,,,N,N
17905,2198,Billing,,"Baytech Products, LLC",,6 Frith Street,,Ashville,NC,28803,United States,Y,N
17905,2198,Shipping,,"Baytech Products, LLC",,,,,,,,N,Y
17908,2199,Mailing,,4Design,,,,,,,,N,N
17908,2199,Billing,,4Design,,L1 1 Searle Lane,,Queenstown,,9300,New Zealand,Y,N
17908,2199,Shipping,,4Design,,,,,,,,N,Y
17909,2200,Mailing,,Urocare Products,,,,,,,,N,N
17909,2200,Billing,,Urocare Products,,2735 Melbourne Avenue,,Pamona,CA,91767,United States,Y,N
17909,2200,Shipping,,Urocare Products,,,,,,,,N,Y
17910,2201,Mailing,,IET Ballistics Firearms & Accessories,,,,,,,,N,N
17910,2201,Billing,,IET Ballistics Firearms & Accessories,,1853 Dousman St,,Green Bay,WI,54303,United States,Y,N
17910,2201,Shipping,,IET Ballistics Firearms & Accessories,,,,,,,,N,Y
17911,2202,Mailing,,Hamby's Marine Products,,,,,,,,N,N
17911,2202,Billing,,Hamby's Marine Products,,4175 W 107 Street N,,Sperry,OK,74073,United States,Y,N
17911,2202,Shipping,,Hamby's Marine Products,,,,,,,,N,Y
17912,2203,Mailing,,Daewon SPIC,,,,,,,,N,N
17912,2203,Billing,,Daewon SPIC,,2350 Mission College Blvd,Ste 900,Santa Clara,CA,95054,United States,Y,N
17912,2203,Shipping,,Daewon SPIC,,,,,,,,N,Y
17913,2204,Mailing,,Astley Precision Machine Co. Inc.,,,,,,,,N,N
17913,2204,Billing,,Astley Precision Machine Co. Inc.,,1553 Arona Road,,Irwin,PA,15642,United States,Y,N
17913,2204,Shipping,,Astley Precision Machine Co. Inc.,,,,,,,,N,Y
17915,2205,Mailing,,Key Dev Bio,,,,,,,,N,N
17915,2205,Billing,,Key Dev Bio,,1520 Ridgewood Ave,,Ames,IA,50010,United States,Y,N
17915,2205,Shipping,,Key Dev Bio,,,,,,,,N,Y
17917,2206,Mailing,,"Green Ware, LLC",,,,,,,,N,N
17917,2206,Billing,,"Green Ware, LLC",,149 Buck Creek Plaza,Suite E,Alabaster,AL,35007,United States,Y,N
17917,2206,Shipping,,"Green Ware, LLC",,,,,,,,N,Y
17918,2207,Mailing,,"Smart Wires, Inc.",,,,,,,,N,N
17918,2207,Billing,,"Smart Wires, Inc.",,1035 Swabia Court,Suite 130,Durham,NC,27703,United States,Y,N
17918,2207,Shipping,,"Smart Wires, Inc.",,,,,,,,N,Y
17922,2208,Mailing,,Itco International,,,,,,,,N,N
17922,2208,Billing,,Itco International,,121 C Burke Street,,Monroe,NC,28112,United States,Y,N
17922,2208,Shipping,,Itco International,,121 C Burke Street,,Monroe,NC,28112,United States,N,Y
17923,2209,Mailing,,Trigger Industries,,,,,,,,N,N
17923,2209,Billing,,Trigger Industries,,810 McCool St.,,Crossfield,AB,T0M 0S0,Canada,Y,N
17923,2209,Shipping,,Trigger Industries,,,,,,,,N,Y
17928,2210,Mailing,,Peloton Interactive UK Limited,,,,,,,,N,N
17928,2210,Billing,,Peloton Interactive UK Limited,,5 Upper Street Martin's Lane,Orion House,London,,WC2H 9EA,United Kingdom,Y,N
17928,2210,Shipping,,Peloton Interactive UK Limited,,,,,,,,N,Y
17933,2211,Mailing,,Mid Atlantic Computer Services,,,,,,,,N,N
17933,2211,Billing,,Mid Atlantic Computer Services,,13030 Alondra Blvd.,Ste 101,Cerritos,CA,90703,United States,Y,N
17933,2211,Shipping,,Mid Atlantic Computer Services,,,,,,,,N,Y
17936,2212,Mailing,,Eye Will Be There,,,,,,,,N,N
17936,2212,Billing,,Eye Will Be There,,4111 Clairemont Dr,,San Diego,CA,92117,United States,Y,N
17936,2212,Shipping,,Eye Will Be There,,,,,,,,N,Y
17937,2213,Mailing,,Sugar Sticks,,,,,,,,N,N
17937,2213,Billing,,Sugar Sticks,,1243 S. Hillcrest Dr.,,Cedar City,UT,84720,United States,Y,N
17937,2213,Shipping,,Sugar Sticks,,,,,,,,N,Y
17938,2214,Mailing,,Advanced Vascular Dynamics,,,,,,,,N,N
17938,2214,Billing,,Advanced Vascular Dynamics,,4252 SE International Way,Ste F,Milwaukie,OR,97222,United States,Y,N
17938,2214,Shipping,,Advanced Vascular Dynamics,,,,,,,,N,Y
17941,2215,Mailing,,MN Department of Transportation - Metro District,,,,,,,,N,N
17941,2215,Billing,,MN Department of Transportation - Metro District,,1500 County Road B2 W,,Roseville,MN,55113,United States,Y,N
17941,2215,Shipping,,MN Department of Transportation - Metro District,,,,,,,,N,Y
17942,2216,Mailing,,"Saft America, Inc.",,,,,,,,N,N
17942,2216,Billing,,"Saft America, Inc.",,13575 Waterworks Street,,Jacksonville,FL,32221,United States,Y,N
17942,2216,Shipping,,"Saft America, Inc.",,13575 Waterworks Street,,Jacksonville,FL,32221,United States,N,Y
17944,2217,Mailing,,PercuSense,,,,,,,,N,N
17944,2217,Billing,,PercuSense,,"25134 Rye Canyon Loop, Suite 180",,Valencia,CA,91355,United States,Y,N
17944,2217,Shipping,,PercuSense,,,,,,,,N,Y
17945,2218,Mailing,,"Nash Builders, Ltd",,,,,,,,N,N
17945,2218,Billing,,"Nash Builders, Ltd",,6810 B FM 2147,,Horsehoe Bay,TX,78657,United States,Y,N
17945,2218,Shipping,,"Nash Builders, Ltd",,,,,,,,N,Y
17950,2219,Mailing,,WayRay,,,,,,,,N,N
17950,2219,Billing,,WayRay,,,,,,,,Y,N
17950,2219,Shipping,,WayRay,,,,,,,,N,Y
17960,2220,Mailing,,ALP Lexalite Brand,,,,,,,,N,N
17960,2220,Billing,,ALP Lexalite Brand,,10163 US 31 North,,Charlevoix,MI,49720-9649,United States,Y,N
17960,2220,Shipping,,ALP Lexalite Brand,,,,,,,,N,Y
17964,2221,Mailing,,Klockner Pentaplast,,,,,,,,N,N
17964,2221,Billing,,Klockner Pentaplast,,,,,,,,Y,N
17964,2221,Shipping,,Klockner Pentaplast,,555 E Buck Avenue,,Rural Retreat,VA,24368,United States,N,Y
17968,2222,Mailing,,McMaster University,,,,,,,,N,N
17968,2222,Billing,,McMaster University,,1280 Main St. W,,Hamilton,ON,L8S 4L8,Canada,Y,N
17968,2222,Shipping,,McMaster University,,,,,,,,N,Y
17971,2223,Mailing,,Ford Motor Co. - Woodhaven Forging Plant,,,,,,,,N,N
17971,2223,Billing,,Ford Motor Co. - Woodhaven Forging Plant,,24189 Allen Road,,Woodhaven,MI,48183,United States,Y,N
17971,2223,Shipping,,Ford Motor Co. - Woodhaven Forging Plant,,,,,,,,N,Y
17976,2224,Mailing,,Baril ,,,,,,,,N,N
17976,2224,Billing,,Baril ,,50 Ward Hill Avenue,,Haverhill,MA,01835,United States,Y,N
17976,2224,Shipping,,Baril ,,,,,,,,N,Y
17979,2225,Mailing,,Inview Vehicle Trim Corp,,,,,,,,N,N
17979,2225,Billing,,Inview Vehicle Trim Corp,,465 North Wood Road,,Rockville Centre,NY,11570,United States,Y,N
17979,2225,Shipping,,Inview Vehicle Trim Corp,,,,,,,,N,Y
17991,2226,Mailing,,"Waterway Business Solutions, Inc.",,,,,,,,N,N
17991,2226,Billing,,"Waterway Business Solutions, Inc.",,6870 Creekview Drive,,Lockport,NY,14094,United States,Y,N
17991,2226,Shipping,,"Waterway Business Solutions, Inc.",,,,,,,,N,Y
17999,2227,Mailing,,Sealtek,,,,,,,,N,N
17999,2227,Billing,,Sealtek,,,,,,,,Y,N
17999,2227,Shipping,,Sealtek,,971 Commercial Blvd.,,Naples,FL,34104,United States,N,Y
18001,2228,Mailing,,Water Rower,,,,,,,,N,N
18001,2228,Billing,,Water Rower,,560 Metacom,,Warren,RI,02885,United States,Y,N
18001,2228,Shipping,,Water Rower,,,,,,,,N,Y
18006,2229,Mailing,,"GripperClip, LLC",,,,,,,,N,N
18006,2229,Billing,,"GripperClip, LLC",,29 Berkley Rd,,Millburn,NJ,07041,United States,Y,N
18006,2229,Shipping,,"GripperClip, LLC",,,,,,,,N,Y
18008,2230,Mailing,,American Panda Designs,,,,,,,,N,N
18008,2230,Billing,,American Panda Designs,,6183 Hunter Lane,,Matthews ,NC,28104,United States,Y,N
18008,2230,Shipping,,American Panda Designs,,6183 Hunter Lane,,Matthews ,NC,28104,United States,N,Y
18009,2231,Mailing,,Bee Jay Molding,,,,,,,,N,N
18009,2231,Billing,,Bee Jay Molding,,39500 Frontage Rd,,Boerne,TX,78006,United States,Y,N
18009,2231,Shipping,,Bee Jay Molding,,39500 Frontage Rd,,Boerne,TX,78006,United States,N,Y
18010,2232,Mailing,,"Devon Briggs, MD",,,,,,,,N,N
18010,2232,Billing,,"Devon Briggs, MD",,"148 Winthrop St., SW",,Atlanta ,GA,30331,United States,Y,N
18010,2232,Shipping,,"Devon Briggs, MD",,"148 Winthrop St., SW",,Atlanta ,GA,30331,United States,N,Y
18014,2233,Mailing,,Tac11,,,,,,,,N,N
18014,2233,Billing,,Tac11,,2607 Open Prairie Ln,,Katy,TX,77493,United States,Y,N
18014,2233,Shipping,,Tac11,,,,,,,,N,Y
18015,2234,Mailing,,"The Quick Company, LLC",,,,,,,,N,N
18015,2234,Billing,,"The Quick Company, LLC",,1650 S. Colorado Blvd.,,Denver,CO,80222,United States,Y,N
18015,2234,Shipping,,"The Quick Company, LLC",,1650 S. Colorado Blvd.,,Denver,CO,80222,United States,N,Y
18017,2235,Mailing,,Fastenal (VA015),,,,,,,,N,N
18017,2235,Billing,,Fastenal (VA015),,2516 58th Street,,Hampton,VA,23661,United States,Y,N
18017,2235,Shipping,,Fastenal (VA015),,2513 58th Street,,Hampton,VA,23661,United States,N,Y
18023,2236,Mailing,,Joby Aviation,,,,,,,,N,N
18023,2236,Billing,,Joby Aviation,,340 Woodpecker Ridge,,Santan Cruz,CA,95060,United States,Y,N
18023,2236,Shipping,,Joby Aviation,,980 Industrial Road,,San Carlos,CA,94070,United States,N,Y
18026,2237,Mailing,,Dave Allen Racing,,,,,,,,N,N
18026,2237,Billing,,Dave Allen Racing,,11512 Innfields Drive,,Odessa,FL,33556,United States,Y,N
18026,2237,Shipping,,Dave Allen Racing,,11512 Innfields Drive,,Odessa,FL,33556,United States,N,Y
18027,2238,Mailing,,"NanoNiFe, LLC",,,,,,,,N,N
18027,2238,Billing,,"NanoNiFe, LLC",,721 McKinley St. NE,,Vienna,VA,22180,United States,Y,N
18027,2238,Shipping,,"NanoNiFe, LLC",,28 Blueberry Hill,,Webster,MA,01570,United States,N,Y
18030,2239,Mailing,,Stromberg Allen,,,,,,,,N,N
18030,2239,Billing,,Stromberg Allen,,18504 West Creek Drive Ste 100,,Tinley Park,IL,60477,United States,Y,N
18030,2239,Shipping,,Stromberg Allen,,,,,,,,N,Y
18031,2240,Mailing,,"Henning, Inc",,,,,,,,N,N
18031,2240,Billing,,"Henning, Inc",,2629 E. Foothill Blvd.,,Pasadena,CA,91107,United States,Y,N
18031,2240,Shipping,,"Henning, Inc",,,,,,,,N,Y
18034,2241,Mailing,,"Rapid Composites, LLC",,,,,,,,N,N
18034,2241,Billing,,"Rapid Composites, LLC",,"2216 72nd Dr. E, Unit 1",,Sarasota ,FL,34243,United States,Y,N
18034,2241,Shipping,,"Rapid Composites, LLC",,"2216 72nd Dr. E, Unit 1",,Sarasota ,FL,34243,United States,N,Y
18035,2242,Mailing,,Level 44 Inc.,,,,,,,,N,N
18035,2242,Billing,,Level 44 Inc.,,327-40 Oaklands Avenue,,Toronto,Ontario,MAV 2ZE,Canada,Y,N
18035,2242,Shipping,,Level 44 Inc.,,327-40 Oaklands Avenue,,Toronto,Ontario,MAV 2ZE,Canada,N,Y
18038,2243,Mailing,,Hippo Harvest,,,,,,,,N,N
18038,2243,Billing,,Hippo Harvest,,939 Fulton Street,,Redwood City,CA,94061,United States,Y,N
18038,2243,Shipping,,Hippo Harvest,,939 Fulton Street,,Redwood City,CA,94061,United States,N,Y
18043,2244,Mailing,,Allison Transmission,,,,,,,,N,N
18043,2244,Billing,,Allison Transmission,,One Allison Way,,Indianapolis,IN,46222,United States,Y,N
18043,2244,Shipping,,Allison Transmission,,,,,,,,N,Y
18044,2245,Mailing,,Bay Cities,,,,,,,,N,N
18044,2245,Billing,,Bay Cities,,5138 Industry Avenue,,Pico Rivera,CA,90660,United States,Y,N
18044,2245,Shipping,,Bay Cities,,,,,,,,N,Y
18045,2246,Mailing,,Sorma USA,,,,,,,,N,N
18045,2246,Billing,,Sorma USA,,231 S. Kelsey St.,,Visalia,CA,93291,United States,Y,N
18045,2246,Shipping,,Sorma USA,,,,,,,,N,Y
18051,2247,Mailing,,Novawall Systems Inc.,,,,,,,,N,N
18051,2247,Billing,,Novawall Systems Inc.,,5230 Eisenhower Avenue,,Alexandria,VA,22304,United States,Y,N
18051,2247,Shipping,,Novawall Systems Inc.,,5230 Eisenhower Avenue,,Alexandria,VA,22304,United States,N,Y
18054,2248,Mailing,,Veritiv - Enfield,,,,,,,,N,N
18054,2248,Billing,,Veritiv - Enfield,,,,,,,,Y,N
18054,2248,Shipping,,Veritiv - Enfield,,25 Bacon Road,,Enfield,CT,06457,United States,N,Y
18056,2249,Mailing,,BandGrip,,,,,,,,N,N
18056,2249,Billing,,BandGrip,,311 S. Wacker Dr,Suite 650,Chicago,IL,60606,United States,Y,N
18056,2249,Shipping,,BandGrip,,,,,,,,N,Y
18060,2250,Mailing,,Elvis Thumar,,,,,,,,N,N
18060,2250,Billing,,Elvis Thumar,,6320 Matchette Road,,Windsor,Ontario,N91217,Canada,Y,N
18060,2250,Shipping,,Elvis Thumar,,,,,,,,N,Y
18061,2251,Mailing,,BASF - United States,,,,,,,,N,N
18061,2251,Billing,,BASF - United States,,100 Campus Dr,,Florham Park,NJ,07932,United States,Y,N
18061,2251,Shipping,,BASF - United States,,,,,,,,N,Y
18063,2252,Mailing,,Osprey Corporation,,,,,,,,N,N
18063,2252,Billing,,Osprey Corporation,,1835 Briarwood Road NE,,Atlanta,GA,30329,United States,Y,N
18063,2252,Shipping,,Osprey Corporation,,1835 Briarwood Road NE,,Atlanta,GA,30329,United States,N,Y
18065,2253,Mailing,,"Smart Electronics, Ltd.",,,,,,,,N,N
18065,2253,Billing,,"Smart Electronics, Ltd.",,"Bay 142, Shannon Free Zone",,Shannon,Co. Clare,V14 R627,Ireland,Y,N
18065,2253,Shipping,,"Smart Electronics, Ltd.",,,,,,,,N,Y
18066,2254,Mailing,,Erik S. Goodman,,,,,,,,N,N
18066,2254,Billing,,Erik S. Goodman,,2501 Wilson Street,,Austin,TX,78704,United States,Y,N
18066,2254,Shipping,,Erik S. Goodman,,,,,,,,N,Y
18068,2255,Mailing,,The Handmade Sign Company,,,,,,,,N,N
18068,2255,Billing,,The Handmade Sign Company,,425S 800E,Suite 2,Vernal,UT,84078,United States,Y,N
18068,2255,Shipping,,The Handmade Sign Company,,,,,,,,N,Y
18069,2256,Mailing,,D&V Precision Sheet Metal,,,,,,,,N,N
18069,2256,Billing,,D&V Precision Sheet Metal,,205 S. 400 W. ,,Greenfield,IN,46140,United States,Y,N
18069,2256,Shipping,,D&V Precision Sheet Metal,,,,,,,,N,Y
18070,2257,Mailing,,Nifco KTW,,,,,,,,N,N
18070,2257,Billing,,Nifco KTW,,325 Hammerstone Drive,,Toccoa,GA,30577,United States,Y,N
18070,2257,Shipping,,Nifco KTW,,325 Hammerstone Drive,,Toccoa,GA,30577,United States,N,Y
18073,2258,Mailing,,Flock Safety,,,,,,,,N,N
18073,2258,Billing,,Flock Safety,,1170 Howell Mill Rd NW UNIT 210,,Atlanta,GA,30318,United States,Y,N
18073,2258,Shipping,,Flock Safety,,1170 Howell Mill Rd NW UNIT 210,,Atlanta,GA,30318,United States,N,Y
18075,2259,Mailing,,Charlie Company,,,,,,,,N,N
18075,2259,Billing,,Charlie Company,,324 San Diego Avenue,,Brownsville,TX,78526,United States,Y,N
18075,2259,Shipping,,Charlie Company,,,,,,,,N,Y
18077,2260,Mailing,,Claroworks,,,,,,,,N,N
18077,2260,Billing,,Claroworks,,11520 Airport Road,,Everett,,98204,United States,Y,N
18077,2260,Shipping,,Claroworks,,,,,,,,N,Y
18082,2261,Mailing,,"Haig Precision Manufacturing, Corp. ",,,,,,,,N,N
18082,2261,Billing,,"Haig Precision Manufacturing, Corp. ",,3616 Snell Avenue,,San Jose ,CA,95136,United States,Y,N
18082,2261,Shipping,,"Haig Precision Manufacturing, Corp. ",,,,,,,,N,Y
18086,2262,Mailing,,"Emerging Medevice Solutions, LLC---EMEDSOL",,PO Box 684,,Buda,TX,78610,United States,N,N
18086,2262,Billing,,"Emerging Medevice Solutions, LLC---EMEDSOL",,PO Box 684,,Buda ,TX,78610,United States,Y,N
18086,2262,Shipping,,"Emerging Medevice Solutions, LLC---EMEDSOL",,150 Shadow Lane,,Buda,TX,78610,United States,N,Y
18089,2263,Mailing,,"Hartmann USA, Inc.",,,,,,,,N,N
18089,2263,Billing,,"Hartmann USA, Inc.",,,,,,,,Y,N
18089,2263,Shipping,,"Hartmann USA, Inc.",,481 Lakeshore Parkway,,Rock Hill,SC ,29730,United States,N,Y
18093,2264,Mailing,,ESP Spares,,,,,,,,N,N
18093,2264,Billing,,ESP Spares,,"300 Park Central Boulevard, Ste. 'B'",,Georgetown,TX,78626,United States,Y,N
18093,2264,Shipping,,ESP Spares,,,,,,,,N,Y
18097,2265,Mailing,,Redbud Labs,,,,,,,,N,N
18097,2265,Billing,,Redbud Labs,,PO Box 13195,,Durham,NC,27709,United States,Y,N
18097,2265,Shipping,,Redbud Labs,,400 Park Offices Drive,Suite 301,Durham,NC,27709,United States,N,Y
18099,2266,Mailing,,Gambler Bass Boats,,,,,,,,N,N
18099,2266,Billing,,Gambler Bass Boats,,721 Hannah Drive,,Santee,SC,29142,United States,Y,N
18099,2266,Shipping,,Gambler Bass Boats,,,,,,,,N,Y
18101,2267,Mailing,,Signode Industrial Group,,,,,,,,N,N
18101,2267,Billing,,Signode Industrial Group,,4010 Suburban Dr,,Danville,VA,24540,United States,Y,N
18101,2267,Shipping,,Signode Industrial Group,,4010 Suburban Dr,,Danville,VA,24540,United States,N,Y
18102,2268,Mailing,,TransTech ,,,,,,,,N,N
18102,2268,Billing,,TransTech ,,46 Beechtree Blvd.,,Greenville,SC,29605,United States,Y,N
18102,2268,Shipping,,TransTech ,,,,,,,,N,Y
18103,2269,Mailing,,Veritiv - Joplin,,,,,,,,N,N
18103,2269,Billing,,Veritiv - Joplin,,,,,,,,Y,N
18103,2269,Shipping,,Veritiv - Joplin,,3611 Industrial Rd,,Joplin,MO,64801,United States,N,Y
18105,2270,Mailing,,Applied Felts,,,,,,,,N,N
18105,2270,Billing,,Applied Felts,,450 College Drive,,Martinsville,WV ,24112,United States,Y,N
18105,2270,Shipping,,Applied Felts,,,,,,,,N,Y
18106,2271,Mailing,,Skiboards Superstore,,,,,,,,N,N
18106,2271,Billing,,Skiboards Superstore,,374 Tamara Lane,,Bayfield,CO,81122,United States,Y,N
18106,2271,Shipping,,Skiboards Superstore,,,,,,,,N,Y
18110,2272,Mailing,,StringKing,,,,,,,,N,N
18110,2272,Billing,,StringKing,,16424 Ishida Avenue,,Gardena,CA,90248,United States,Y,N
18110,2272,Shipping,,StringKing,,,,,,,,N,Y
18112,2273,Mailing,,Genesis Plastic Technologies,,,,,,,,N,N
18112,2273,Billing,,Genesis Plastic Technologies,,1226 East 18th Street,,Greeley,CO,80631,United States,Y,N
18112,2273,Shipping,,Genesis Plastic Technologies,,,,,,,,N,Y
18114,2274,Mailing,,3M CHIM - Poland,,,,,,,,N,N
18114,2274,Billing,,3M CHIM - Poland,,3M Poland Mfg. ,Poland Kwidzynska 6 str.,Wroclaw,,51-416,Poland,Y,N
18114,2274,Shipping,,3M CHIM - Poland,,,,,,,,N,Y
18118,2275,Mailing,,Lindarets,,,,,,,,N,N
18118,2275,Billing,,Lindarets,,107 Pinnacle Place,,Durango,CO,81301,United States,Y,N
18118,2275,Shipping,,Lindarets,,,,,,,,N,Y
18120,2276,Mailing,,Dawson's Detailing,,,,,,,,N,N
18120,2276,Billing,,Dawson's Detailing,,4324 CLAGETT ROAD,,UNIVERSITY PARK,MD,21782,United States,Y,N
18120,2276,Shipping,,Dawson's Detailing,,,,,,,,N,Y
18123,2277,Mailing,,Lighthouse Worldwide Solutions,,,,,,,,N,N
18123,2277,Billing,,Lighthouse Worldwide Solutions,,300 West Antelope Road,,White City,OR,97503,United States,Y,N
18123,2277,Shipping,,Lighthouse Worldwide Solutions,,,,,,,,N,Y
18126,2278,Mailing,,XOnano Smartfoam,,,,,,,,N,N
18126,2278,Billing,,XOnano Smartfoam,,"1461 E 840th N, Ste. 200",,Orem,UT,84097,United States,Y,N
18126,2278,Shipping,,XOnano Smartfoam,,,,,,,,N,Y
18137,2279,Mailing,,"Cipher Skin, Inc.",,,,,,,,N,N
18137,2279,Billing,,"Cipher Skin, Inc.",,1331 17th Street,,Denver,CO,80202,United States,Y,N
18137,2279,Shipping,,"Cipher Skin, Inc.",,,,,,,,N,Y
18142,2280,Mailing,,Veritiv - CA,,,,,,,,N,N
18142,2280,Billing,,Veritiv - CA,,PO Box 45195,,Jacksonville,FL,32232-5195,United States,Y,N
18142,2280,Shipping,,Veritiv - CA,,,,,,,,N,Y
18147,2281,Mailing,,Tri-State Plastics Inc.,,,,,,,,N,N
18147,2281,Billing,,Tri-State Plastics Inc.,,392 Flaugherty Run Rd,,Moon Township,PA,15108,United States,Y,N
18147,2281,Shipping,,Tri-State Plastics Inc.,,,,,,,,N,Y
18150,2282,Mailing,,STAAR Surgical Technology,,,,,,,,N,N
18150,2282,Billing,,STAAR Surgical Technology,,15102 Red Hill Avenue,,Tustin,CA,92780,United States,Y,N
18150,2282,Shipping,,STAAR Surgical Technology,,,,,,,,N,Y
18152,2283,Mailing,,Welwaze Medical ,,,,,,,,N,N
18152,2283,Billing,,Welwaze Medical ,,2800 NW 105th Ave,,Miami,FL,33172,United States,Y,N
18152,2283,Shipping,,Welwaze Medical ,,,,,,,,N,Y
18157,2284,Mailing,,REXMED Health Services,,,,,,,,N,N
18157,2284,Billing,,REXMED Health Services,,"909 N. Oregon Street, Ste 200",,El Paso,TX,79901,United States,Y,N
18157,2284,Shipping,,REXMED Health Services,,,,,,,,N,Y
18161,2285,Mailing,,Sewn Product Services,,,,,,,,N,N
18161,2285,Billing,,Sewn Product Services,,111 S. Lander Street #208,,Seattle,WA,98134,United States,Y,N
18161,2285,Shipping,,Sewn Product Services,,,,,,,,N,Y
18165,2286,Mailing,,Duke University,,,,,,,,N,N
18165,2286,Billing,,Duke University,,,,,,,,Y,N
18165,2286,Shipping,,Duke University,,534 Research Drive,Room #428,Durham ,NC,27705,United States,N,Y
18168,2287,Mailing,,Electric Era Technologies,,,,,,,,N,N
18168,2287,Billing,,Electric Era Technologies,,3257 17th Avenue,,Seattle,WA,98119,United States,Y,N
18168,2287,Shipping,,Electric Era Technologies,,,,,,,,N,Y
18171,2288,Mailing,,DefenseLite,,,,,,,,N,N
18171,2288,Billing,,DefenseLite,,600 Kirk Road,Suite 100,Marietta ,GA,30060,United States,Y,N
18171,2288,Shipping,,DefenseLite,,,,,,,,N,Y
18181,2289,Mailing,,Hero Medallions,,,,,,,,N,N
18181,2289,Billing,,Hero Medallions,,1044 North 440 West Street,,Orem,UT,84057,United States,Y,N
18181,2289,Shipping,,Hero Medallions,,,,,,,,N,Y
18182,2290,Mailing,,"AMS Industries, LLC",,,,,,,,N,N
18182,2290,Billing,,"AMS Industries, LLC",,1813 Associates Lane,Suite A,Charlotte,NC,28217,United States,Y,N
18182,2290,Shipping,,"AMS Industries, LLC",,,,,,,,N,Y
18189,2291,Mailing,,"Vaxess Technologies, Inc",,,,,,,,N,N
18189,2291,Billing,,"Vaxess Technologies, Inc",,359 Allston Street,,Cambridge,MA,02139,United States,Y,N
18189,2291,Shipping,,"Vaxess Technologies, Inc",,,,,,,,N,Y
18203,2292,Mailing,,Pentar Incorporated,,,,,,,,N,N
18203,2292,Billing,,Pentar Incorporated,,2102-A West Ferry Way,,Huntsville ,AL,35801,United States,Y,N
18203,2292,Shipping,,Pentar Incorporated,,,,,,,,N,Y
18206,2293,Mailing,,Parker Lord (Parker Hannifin Engineered Materials Group),,,,,,,,N,N
18206,2293,Billing,,Parker Lord (Parker Hannifin Engineered Materials Group),,2455 Robison Road West,,Erie,PA,16509,United States,Y,N
18206,2293,Shipping,,Parker Lord (Parker Hannifin Engineered Materials Group),,2455 Robison Road West,Attn: Carol Everhart,Erie,PA,16509,United States,N,Y
18217,2294,Mailing,,Veritiv - Stow,,,,,,,,N,N
18217,2294,Billing,,Veritiv - Stow,,4852 Gray Lane Suite 1,,Stow,OH,44224,United States,Y,N
18217,2294,Shipping,,Veritiv - Stow,,"4852 Gray Lane, Suite 1",,Stow,OH,44224,United States,N,Y
18220,2295,Mailing,,"Podmont, LLC",,,,,,,,N,N
18220,2295,Billing,,"Podmont, LLC",,70-57 136th St,,Flushing,NY,11367,United States,Y,N
18220,2295,Shipping,,"Podmont, LLC",,,,,,,,N,Y
18222,2296,Mailing,,Shure Incorporated,,,,,,,,N,N
18222,2296,Billing,,Shure Incorporated,,5800 W. Touchy Avenue,,Niles,IL,60714-4608,United States,Y,N
18222,2296,Shipping,,Shure Incorporated,,,,,,,,N,Y
18224,2297,Mailing,,Rocketbook,,,,,,,,N,N
18224,2297,Billing,,Rocketbook,,239 Causeway Street Suite 100,,Boston,MA,02114,United States,Y,N
18224,2297,Shipping,,Rocketbook,,,,,,,,N,Y
18226,2298,Mailing,,"Glatfelter Industries Ashville, Inc ",,,,,,,,N,N
18226,2298,Billing,,"Glatfelter Industries Ashville, Inc ",,1265 Sand Hill Road,,Chandler,NC,28715,United States,Y,N
18226,2298,Shipping,,"Glatfelter Industries Ashville, Inc ",,1265 Sand Hill Road,,Chandler,NC,28715,United States,N,Y
18232,2299,Mailing,,United Industries,,,,,,,,N,N
18232,2299,Billing,,United Industries,,535 West Dyke Road,,Rogers,AR,72758,United States,Y,N
18232,2299,Shipping,,United Industries,,,,,,,,N,Y
18234,2300,Mailing,,Nova-Tech Engineering,,,,,,,,N,N
18234,2300,Billing,,Nova-Tech Engineering,,1705 Engineering Ave NE,,Wilmar,MN,56201,United States,Y,N
18234,2300,Shipping,,Nova-Tech Engineering,,,,,,,,N,Y
18237,2301,Mailing,,Encodia,,,,,,,,N,N
18237,2301,Billing,,Encodia,,5785 Oberlin Drive,,San Diego,CA,92121,United States,Y,N
18237,2301,Shipping,,Encodia,,,,,,,,N,Y
18239,2302,Mailing,,Gas-Fired Products,,,,,,,,N,N
18239,2302,Billing,,Gas-Fired Products,,1700 Parker Drive,,Charlotte ,NC,28208,United States,Y,N
18239,2302,Shipping,,Gas-Fired Products,,,,,,,,N,Y
18242,2303,Mailing,,Orca Biosystems,,,,,,,,N,N
18242,2303,Billing,,Orca Biosystems,,"3475 Edison Way, Ste 'C'",,Menlo Park,CA,94025,United States,Y,N
18242,2303,Shipping,,Orca Biosystems,,,,,,,,N,Y
18243,2304,Mailing,,"Le Concept De Helwah, LLC",,,,,,,,N,N
18243,2304,Billing,,"Le Concept De Helwah, LLC",,100 Park Plaza #315,,San Diego,CA,92101,United States,Y,N
18243,2304,Shipping,,"Le Concept De Helwah, LLC",,,,,,,,N,Y
18245,2305,Mailing,,FormyFlex,,,,,,,,N,N
18245,2305,Billing,,FormyFlex,,10174 NW 47th St.,,Sunrise,FL,33351,United States,Y,N
18245,2305,Shipping,,FormyFlex,,10174 NW 47th St.,,Sunrise,FL,33351,United States,N,Y
18252,2306,Mailing,,Traxxion Dynamics,,,,,,,,N,N
18252,2306,Billing,,Traxxion Dynamics,,261 Rope Mill Pkwy #3,,Woodstock ,GA,30188,United States,Y,N
18252,2306,Shipping,,Traxxion Dynamics,,,,,,,,N,Y
18257,2307,Mailing,,Graphic Products,,,,,,,,N,N
18257,2307,Billing,,Graphic Products,,9825 SW Sunshine Court,,Beaverton,OR,97005,United States,Y,N
18257,2307,Shipping,,Graphic Products,,,,,,,,N,Y
18258,2308,Mailing,,Skybolt Aerospace Fasteners,,,,,,,,N,N
18258,2308,Billing,,Skybolt Aerospace Fasteners,,9000 Airport Blvd.,,Leesburg ,FL,34788,United States,Y,N
18258,2308,Shipping,,Skybolt Aerospace Fasteners,,9000 Airport Blvd.,,Leesburg ,FL,34788,United States,N,Y
18269,2309,Mailing,,Lenderink Technologies,,,,,,,,N,N
18269,2309,Billing,,Lenderink Technologies,,,,,,,,Y,N
18269,2309,Shipping,,Lenderink Technologies,,,,,,,,N,Y
18273,2310,Mailing,,Motus GI,,,,,,,,N,N
18273,2310,Billing,,Motus GI,,,,,,,,Y,N
18273,2310,Shipping,,Motus GI,,Keren Hayesod 22,,Tirat Carmel,,3902638,Israel,N,Y
,,,,,,,,,,,,,
,,,,,,,,,,,,,
,,,,,,,,,,,,,
,,,,,,,,,,,,,
,,,,,,,,,,,,,
,,,,,,,,,,,,,
,,,,,,,,,,,,,
,,,,,,,,,,,,,
,,,,,,,,,,,,,
,,,,,,,,,,,,,
,,,,,,,,,,,,,
,,,,,,,,,,,,,
,,,,,,,,,,,,,
,,,,,,,,,,,,,
,,,,,,,,,,,,,
,,,,,,,,,,,,,
,,,,,,,,,,,,,
,,,,,,,,,,,,,
,,,,,,,,,,,,,
,,,,,,,,,,,,,
,,,,,,,,,,,,,
,,,,,,,,,,,,,
,,,,,,,,,,,,,
,,,,,,,,,,,,,
,,,,,,,,,,,,,
,,,,,,,,,,,,,
,,,,,,,,,,,,,
,,,,,,,,,,,,,
,,,,,,,,,,,,,
,,,,,,,,,,,,,
,,,,,,,,,,,,,
,,,,,,,,,,,,,
,,,,,,,,,,,,,
,,,,,,,,,,,,,
,,,,,,,,,,,,,
,,,,,,,,,,,,,
,,,,,,,,,,,,,
,,,,,,,,,,,,,
,,,,,,,,,,,,,
,,,,,,,,,,,,,
,,,,,,,,,,,,,
,,,,,,,,,,,,,
,,,,,,,,,,,,,
,,,,,,,,,,,,,
,,,,,,,,,,,,,
,,,,,,,,,,,,,
,,,,,,,,,,,,,
,,,,,,,,,,,,,
,,,,,,,,,,,,,
,,,,,,,,,,,,,
,,,,,,,,,,,,,
,,,,,,,,,,,,,
,,,,,,,,,,,,,
,,,,,,,,,,,,,
,,,,,,,,,,,,,
,,,,,,,,,,,,,
,,,,,,,,,,,,,
,,,,,,,,,,,,,
,,,,,,,,,,,,,
,,,,,,,,,,,,,
,,,,,,,,,,,,,
,,,,,,,,,,,,,
,,,,,,,,,,,,,
,,,,,,,,,,,,,
,,,,,,,,,,,,,
,,,,,,,,,,,,,
,,,,,,,,,,,,,
,,,,,,,,,,,,,
,,,,,,,,,,,,,
,,,,,,,,,,,,,
,,,,,,,,,,,,,
,,,,,,,,,,,,,
,,,,,,,,,,,,,
,,,,,,,,,,,,,
,,,,,,,,,,,,,
,,,,,,,,,,,,,
,,,,,,,,,,,,,
,,,,,,,,,,,,,
,,,,,,,,,,,,,
,,,,,,,,,,,,,
,,,,,,,,,,,,,
,,,,,,,,,,,,,
,,,,,,,,,,,,,
,,,,,,,,,,,,,
,,,,,,,,,,,,,
,,,,,,,,,,,,,
,,,,,,,,,,,,,
,,,,,,,,,,,,,
,,,,,,,,,,,,,
,,,,,,,,,,,,,
,,,,,,,,,,,,,
,,,,,,,,,,,,,
,,,,,,,,,,,,,
,,,,,,,,,,,,,
,,,,,,,,,,,,,
,,,,,,,,,,,,,
,,,,,,,,,,,,,
,,,,,,,,,,,,,
,,,,,,,,,,,,,
,,,,,,,,,,,,,
,,,,,,,,,,,,,
,,,,,,,,,,,,,
,,,,,,,,,,,,,
,,,,,,,,,,,,,
,,,,,,,,,,,,,
,,,,,,,,,,,,,
,,,,,,,,,,,,,
,,,,,,,,,,,,,
,,,,,,,,,,,,,
,,,,,,,,,,,,,
,,,,,,,,,,,,,
,,,,,,,,,,,,,
,,,,,,,,,,,,,
,,,,,,,,,,,,,
,,,,,,,,,,,,,
,,,,,,,,,,,,,
,,,,,,,,,,,,,
,,,,,,,,,,,,,
,,,,,,,,,,,,,
,,,,,,,,,,,,,
,,,,,,,,,,,,,
,,,,,,,,,,,,,
,,,,,,,,,,,,,
,,,,,,,,,,,,,
,,,,,,,,,,,,,
,,,,,,,,,,,,,
,,,,,,,,,,,,,
,,,,,,,,,,,,,
,,,,,,,,,,,,,
,,,,,,,,,,,,,
,,,,,,,,,,,,,
,,,,,,,,,,,,,
,,,,,,,,,,,,,
,,,,,,,,,,,,,
,,,,,,,,,,,,,
,,,,,,,,,,,,,
,,,,,,,,,,,,,
,,,,,,,,,,,,,
,,,,,,,,,,,,,
,,,,,,,,,,,,,
,,,,,,,,,,,,,
,,,,,,,,,,,,,
,,,,,,,,,,,,,
,,,,,,,,,,,,,
,,,,,,,,,,,,,
,,,,,,,,,,,,,
,,,,,,,,,,,,,
,,,,,,,,,,,,,
,,,,,,,,,,,,,
,,,,,,,,,,,,,
,,,,,,,,,,,,,
,,,,,,,,,,,,,
,,,,,,,,,,,,,
,,,,,,,,,,,,,
,,,,,,,,,,,,,
,,,,,,,,,,,,,
,,,,,,,,,,,,,
,,,,,,,,,,,,,
,,,,,,,,,,,,,
,,,,,,,,,,,,,
,,,,,,,,,,,,,
,,,,,,,,,,,,,
,,,,,,,,,,,,,
,,,,,,,,,,,,,
,,,,,,,,,,,,,
,,,,,,,,,,,,,
,,,,,,,,,,,,,
,,,,,,,,,,,,,
,,,,,,,,,,,,,
,,,,,,,,,,,,,
,,,,,,,,,,,,,
,,,,,,,,,,,,,
,,,,,,,,,,,,,
,,,,,,,,,,,,,
,,,,,,,,,,,,,
,,,,,,,,,,,,,
,,,,,,,,,,,,,
,,,,,,,,,,,,,
,,,,,,,,,,,,,
,,,,,,,,,,,,,
,,,,,,,,,,,,,
,,,,,,,,,,,,,
,,,,,,,,,,,,,
,,,,,,,,,,,,,
,,,,,,,,,,,,,
,,,,,,,,,,,,,
,,,,,,,,,,,,,
,,,,,,,,,,,,,
,,,,,,,,,,,,,
,,,,,,,,,,,,,
,,,,,,,,,,,,,
,,,,,,,,,,,,,
,,,,,,,,,,,,,
,,,,,,,,,,,,,
,,,,,,,,,,,,,
,,,,,,,,,,,,,
,,,,,,,,,,,,,
,,,,,,,,,,,,,
,,,,,,,,,,,,,
,,,,,,,,,,,,,
,,,,,,,,,,,,,
,,,,,,,,,,,,,
,,,,,,,,,,,,,
,,,,,,,,,,,,,
,,,,,,,,,,,,,
,,,,,,,,,,,,,
,,,,,,,,,,,,,
,,,,,,,,,,,,,
,,,,,,,,,,,,,
,,,,,,,,,,,,,
,,,,,,,,,,,,,
,,,,,,,,,,,,,
,,,,,,,,,,,,,
,,,,,,,,,,,,,
,,,,,,,,,,,,,
,,,,,,,,,,,,,
,,,,,,,,,,,,,
,,,,,,,,,,,,,
,,,,,,,,,,,,,
,,,,,,,,,,,,,
,,,,,,,,,,,,,
,,,,,,,,,,,,,
,,,,,,,,,,,,,
,,,,,,,,,,,,,
,,,,,,,,,,,,,
,,,,,,,,,,,,,
,,,,,,,,,,,,,
,,,,,,,,,,,,,
,,,,,,,,,,,,,
,,,,,,,,,,,,,
,,,,,,,,,,,,,
,,,,,,,,,,,,,
,,,,,,,,,,,,,
,,,,,,,,,,,,,
,,,,,,,,,,,,,
,,,,,,,,,,,,,
,,,,,,,,,,,,,
,,,,,,,,,,,,,
,,,,,,,,,,,,,
,,,,,,,,,,,,,
,,,,,,,,,,,,,
,,,,,,,,,,,,,
,,,,,,,,,,,,,
,,,,,,,,,,,,,
,,,,,,,,,,,,,
,,,,,,,,,,,,,
,,,,,,,,,,,,,
,,,,,,,,,,,,,
,,,,,,,,,,,,,
,,,,,,,,,,,,,
,,,,,,,,,,,,,
,,,,,,,,,,,,,
,,,,,,,,,,,,,
,,,,,,,,,,,,,
,,,,,,,,,,,,,
,,,,,,,,,,,,,
,,,,,,,,,,,,,
,,,,,,,,,,,,,
,,,,,,,,,,,,,
,,,,,,,,,,,,,
,,,,,,,,,,,,,
,,,,,,,,,,,,,
,,,,,,,,,,,,,
,,,,,,,,,,,,,
,,,,,,,,,,,,,
,,,,,,,,,,,,,
,,,,,,,,,,,,,
,,,,,,,,,,,,,
,,,,,,,,,,,,,
,,,,,,,,,,,,,
,,,,,,,,,,,,,
,,,,,,,,,,,,,
,,,,,,,,,,,,,
,,,,,,,,,,,,,
,,,,,,,,,,,,,
,,,,,,,,,,,,,
,,,,,,,,,,,,,
,,,,,,,,,,,,,
,,,,,,,,,,,,,
,,,,,,,,,,,,,
,,,,,,,,,,,,,
,,,,,,,,,,,,,
,,,,,,,,,,,,,
,,,,,,,,,,,,,
,,,,,,,,,,,,,
,,,,,,,,,,,,,
,,,,,,,,,,,,,
,,,,,,,,,,,,,
,,,,,,,,,,,,,
,,,,,,,,,,,,,
,,,,,,,,,,,,,
,,,,,,,,,,,,,
,,,,,,,,,,,,,
,,,,,,,,,,,,,
,,,,,,,,,,,,,
,,,,,,,,,,,,,
,,,,,,,,,,,,,
,,,,,,,,,,,,,
,,,,,,,,,,,,,
,,,,,,,,,,,,,
,,,,,,,,,,,,,
,,,,,,,,,,,,,
,,,,,,,,,,,,,
,,,,,,,,,,,,,
,,,,,,,,,,,,,
,,,,,,,,,,,,,
,,,,,,,,,,,,,
,,,,,,,,,,,,,
,,,,,,,,,,,,,
,,,,,,,,,,,,,
,,,,,,,,,,,,,
,,,,,,,,,,,,,
,,,,,,,,,,,,,
,,,,,,,,,,,,,
,,,,,,,,,,,,,
,,,,,,,,,,,,,
,,,,,,,,,,,,,
,,,,,,,,,,,,,
,,,,,,,,,,,,,
,,,,,,,,,,,,,
,,,,,,,,,,,,,
,,,,,,,,,,,,,
,,,,,,,,,,,,,
,,,,,,,,,,,,,
,,,,,,,,,,,,,
,,,,,,,,,,,,,
,,,,,,,,,,,,,
,,,,,,,,,,,,,
,,,,,,,,,,,,,
,,,,,,,,,,,,,
,,,,,,,,,,,,,
,,,,,,,,,,,,,
,,,,,,,,,,,,,
,,,,,,,,,,,,,
,,,,,,,,,,,,,
,,,,,,,,,,,,,
,,,,,,,,,,,,,
,,,,,,,,,,,,,
,,,,,,,,,,,,,
,,,,,,,,,,,,,
,,,,,,,,,,,,,
,,,,,,,,,,,,,
,,,,,,,,,,,,,
,,,,,,,,,,,,,
,,,,,,,,,,,,,
,,,,,,,,,,,,,
,,,,,,,,,,,,,
,,,,,,,,,,,,,
,,,,,,,,,,,,,
,,,,,,,,,,,,,
,,,,,,,,,,,,,
,,,,,,,,,,,,,
,,,,,,,,,,,,,
,,,,,,,,,,,,,
,,,,,,,,,,,,,
,,,,,,,,,,,,,
,,,,,,,,,,,,,
,,,,,,,,,,,,,
,,,,,,,,,,,,,
,,,,,,,,,,,,,
,,,,,,,,,,,,,
,,,,,,,,,,,,,
,,,,,,,,,,,,,
,,,,,,,,,,,,,
,,,,,,,,,,,,,
,,,,,,,,,,,,,
,,,,,,,,,,,,,
,,,,,,,,,,,,,
,,,,,,,,,,,,,
,,,,,,,,,,,,,
,,,,,,,,,,,,,
,,,,,,,,,,,,,
,,,,,,,,,,,,,
,,,,,,,,,,,,,
,,,,,,,,,,,,,
,,,,,,,,,,,,,
,,,,,,,,,,,,,
,,,,,,,,,,,,,
,,,,,,,,,,,,,
,,,,,,,,,,,,,
,,,,,,,,,,,,,
,,,,,,,,,,,,,
,,,,,,,,,,,,,
,,,,,,,,,,,,,
,,,,,,,,,,,,,
,,,,,,,,,,,,,
,,,,,,,,,,,,,
,,,,,,,,,,,,,
,,,,,,,,,,,,,
,,,,,,,,,,,,,
,,,,,,,,,,,,,
,,,,,,,,,,,,,
,,,,,,,,,,,,,
,,,,,,,,,,,,,
,,,,,,,,,,,,,
,,,,,,,,,,,,,
,,,,,,,,,,,,,
,,,,,,,,,,,,,
,,,,,,,,,,,,,
,,,,,,,,,,,,,
,,,,,,,,,,,,,
,,,,,,,,,,,,,
,,,,,,,,,,,,,
,,,,,,,,,,,,,
,,,,,,,,,,,,,
,,,,,,,,,,,,,
,,,,,,,,,,,,,
,,,,,,,,,,,,,
,,,,,,,,,,,,,
,,,,,,,,,,,,,
,,,,,,,,,,,,,
,,,,,,,,,,,,,
,,,,,,,,,,,,,
,,,,,,,,,,,,,
,,,,,,,,,,,,,
,,,,,,,,,,,,,
,,,,,,,,,,,,,
,,,,,,,,,,,,,
,,,,,,,,,,,,,
,,,,,,,,,,,,,
,,,,,,,,,,,,,
,,,,,,,,,,,,,
,,,,,,,,,,,,,
,,,,,,,,,,,,,
,,,,,,,,,,,,,
,,,,,,,,,,,,,
,,,,,,,,,,,,,
,,,,,,,,,,,,,
,,,,,,,,,,,,,
,,,,,,,,,,,,,
,,,,,,,,,,,,,
,,,,,,,,,,,,,
,,,,,,,,,,,,,
,,,,,,,,,,,,,
,,,,,,,,,,,,,
,,,,,,,,,,,,,
,,,,,,,,,,,,,
,,,,,,,,,,,,,
,,,,,,,,,,,,,
,,,,,,,,,,,,,
,,,,,,,,,,,,,
,,,,,,,,,,,,,
,,,,,,,,,,,,,
,,,,,,,,,,,,,
,,,,,,,,,,,,,
,,,,,,,,,,,,,
,,,,,,,,,,,,,
,,,,,,,,,,,,,
,,,,,,,,,,,,,
,,,,,,,,,,,,,
,,,,,,,,,,,,,
,,,,,,,,,,,,,
,,,,,,,,,,,,,
,,,,,,,,,,,,,
,,,,,,,,,,,,,
,,,,,,,,,,,,,
,,,,,,,,,,,,,
,,,,,,,,,,,,,
,,,,,,,,,,,,,
,,,,,,,,,,,,,
,,,,,,,,,,,,,
,,,,,,,,,,,,,
,,,,,,,,,,,,,
,,,,,,,,,,,,,
,,,,,,,,,,,,,
,,,,,,,,,,,,,
,,,,,,,,,,,,,
,,,,,,,,,,,,,
,,,,,,,,,,,,,
,,,,,,,,,,,,,
,,,,,,,,,,,,,
,,,,,,,,,,,,,
,,,,,,,,,,,,,
,,,,,,,,,,,,,
,,,,,,,,,,,,,
,,,,,,,,,,,,,
,,,,,,,,,,,,,
,,,,,,,,,,,,,
,,,,,,,,,,,,,
,,,,,,,,,,,,,
,,,,,,,,,,,,,
,,,,,,,,,,,,,
,,,,,,,,,,,,,
,,,,,,,,,,,,,
,,,,,,,,,,,,,
,,,,,,,,,,,,,
,,,,,,,,,,,,,
,,,,,,,,,,,,,
,,,,,,,,,,,,,
,,,,,,,,,,,,,
,,,,,,,,,,,,,
,,,,,,,,,,,,,
,,,,,,,,,,,,,
,,,,,,,,,,,,,
,,,,,,,,,,,,,
,,,,,,,,,,,,,
,,,,,,,,,,,,,
,,,,,,,,,,,,,
,,,,,,,,,,,,,
,,,,,,,,,,,,,
,,,,,,,,,,,,,
,,,,,,,,,,,,,
,,,,,,,,,,,,,
,,,,,,,,,,,,,
,,,,,,,,,,,,,
,,,,,,,,,,,,,
,,,,,,,,,,,,,
,,,,,,,,,,,,,
,,,,,,,,,,,,,
,,,,,,,,,,,,,
,,,,,,,,,,,,,
,,,,,,,,,,,,,
,,,,,,,,,,,,,
,,,,,,,,,,,,,
,,,,,,,,,,,,,
,,,,,,,,,,,,,
,,,,,,,,,,,,,
,,,,,,,,,,,,,
,,,,,,,,,,,,,
,,,,,,,,,,,,,
,,,,,,,,,,,,,
,,,,,,,,,,,,,
,,,,,,,,,,,,,
,,,,,,,,,,,,,
,,,,,,,,,,,,,
,,,,,,,,,,,,,
,,,,,,,,,,,,,
,,,,,,,,,,,,,
,,,,,,,,,,,,,
,,,,,,,,,,,,,
,,,,,,,,,,,,,
,,,,,,,,,,,,,
,,,,,,,,,,,,,
,,,,,,,,,,,,,
,,,,,,,,,,,,,
,,,,,,,,,,,,,
,,,,,,,,,,,,,
,,,,,,,,,,,,,
,,,,,,,,,,,,,
,,,,,,,,,,,,,
,,,,,,,,,,,,,
,,,,,,,,,,,,,
,,,,,,,,,,,,,
,,,,,,,,,,,,,
,,,,,,,,,,,,,
,,,,,,,,,,,,,
,,,,,,,,,,,,,
,,,,,,,,,,,,,
,,,,,,,,,,,,,
,,,,,,,,,,,,,
,,,,,,,,,,,,,
,,,,,,,,,,,,,
,,,,,,,,,,,,,
,,,,,,,,,,,,,
,,,,,,,,,,,,,
,,,,,,,,,,,,,
,,,,,,,,,,,,,
,,,,,,,,,,,,,
,,,,,,,,,,,,,
,,,,,,,,,,,,,
,,,,,,,,,,,,,
,,,,,,,,,,,,,
,,,,,,,,,,,,,
,,,,,,,,,,,,,
,,,,,,,,,,,,,
,,,,,,,,,,,,,
,,,,,,,,,,,,,
,,,,,,,,,,,,,
,,,,,,,,,,,,,
,,,,,,,,,,,,,
,,,,,,,,,,,,,
,,,,,,,,,,,,,
,,,,,,,,,,,,,
,,,,,,,,,,,,,
,,,,,,,,,,,,,
,,,,,,,,,,,,,
,,,,,,,,,,,,,
,,,,,,,,,,,,,
,,,,,,,,,,,,,
,,,,,,,,,,,,,
,,,,,,,,,,,,,
,,,,,,,,,,,,,
,,,,,,,,,,,,,
,,,,,,,,,,,,,
,,,,,,,,,,,,,
,,,,,,,,,,,,,
,,,,,,,,,,,,,
,,,,,,,,,,,,,
,,,,,,,,,,,,,
,,,,,,,,,,,,,
,,,,,,,,,,,,,
,,,,,,,,,,,,,
,,,,,,,,,,,,,
,,,,,,,,,,,,,
,,,,,,,,,,,,,
,,,,,,,,,,,,,
,,,,,,,,,,,,,
,,,,,,,,,,,,,
,,,,,,,,,,,,,
,,,,,,,,,,,,,
,,,,,,,,,,,,,
,,,,,,,,,,,,,
,,,,,,,,,,,,,
,,,,,,,,,,,,,
,,,,,,,,,,,,,
,,,,,,,,,,,,,
,,,,,,,,,,,,,
,,,,,,,,,,,,,
,,,,,,,,,,,,,
,,,,,,,,,,,,,
,,,,,,,,,,,,,
,,,,,,,,,,,,,
,,,,,,,,,,,,,
,,,,,,,,,,,,,
,,,,,,,,,,,,,
,,,,,,,,,,,,,
,,,,,,,,,,,,,
,,,,,,,,,,,,,
,,,,,,,,,,,,,
,,,,,,,,,,,,,
,,,,,,,,,,,,,
,,,,,,,,,,,,,
,,,,,,,,,,,,,
,,,,,,,,,,,,,
,,,,,,,,,,,,,
,,,,,,,,,,,,,
,,,,,,,,,,,,,
,,,,,,,,,,,,,
,,,,,,,,,,,,,
,,,,,,,,,,,,,
,,,,,,,,,,,,,
,,,,,,,,,,,,,
,,,,,,,,,,,,,
,,,,,,,,,,,,,
,,,,,,,,,,,,,
,,,,,,,,,,,,,
,,,,,,,,,,,,,
,,,,,,,,,,,,,
,,,,,,,,,,,,,
,,,,,,,,,,,,,
,,,,,,,,,,,,,
,,,,,,,,,,,,,
,,,,,,,,,,,,,
,,,,,,,,,,,,,
,,,,,,,,,,,,,
,,,,,,,,,,,,,
,,,,,,,,,,,,,
,,,,,,,,,,,,,
,,,,,,,,,,,,,
,,,,,,,,,,,,,
,,,,,,,,,,,,,
,,,,,,,,,,,,,
,,,,,,,,,,,,,
,,,,,,,,,,,,,
,,,,,,,,,,,,,
,,,,,,,,,,,,,
,,,,,,,,,,,,,
,,,,,,,,,,,,,
,,,,,,,,,,,,,
,,,,,,,,,,,,,
,,,,,,,,,,,,,
,,,,,,,,,,,,,
,,,,,,,,,,,,,
,,,,,,,,,,,,,
,,,,,,,,,,,,,
,,,,,,,,,,,,,
,,,,,,,,,,,,,
,,,,,,,,,,,,,
,,,,,,,,,,,,,
,,,,,,,,,,,,,
,,,,,,,,,,,,,
,,,,,,,,,,,,,
,,,,,,,,,,,,,
,,,,,,,,,,,,,
,,,,,,,,,,,,,
,,,,,,,,,,,,,
,,,,,,,,,,,,,
,,,,,,,,,,,,,
,,,,,,,,,,,,,
,,,,,,,,,,,,,
,,,,,,,,,,,,,
,,,,,,,,,,,,,
,,,,,,,,,,,,,
,,,,,,,,,,,,,
,,,,,,,,,,,,,
,,,,,,,,,,,,,
,,,,,,,,,,,,,
,,,,,,,,,,,,,
,,,,,,,,,,,,,
,,,,,,,,,,,,,
,,,,,,,,,,,,,
,,,,,,,,,,,,,
,,,,,,,,,,,,,
,,,,,,,,,,,,,
,,,,,,,,,,,,,
,,,,,,,,,,,,,
,,,,,,,,,,,,,
,,,,,,,,,,,,,
,,,,,,,,,,,,,
,,,,,,,,,,,,,
,,,,,,,,,,,,,
,,,,,,,,,,,,,
,,,,,,,,,,,,,
,,,,,,,,,,,,,
,,,,,,,,,,,,,
,,,,,,,,,,,,,
,,,,,,,,,,,,,
,,,,,,,,,,,,,
,,,,,,,,,,,,,
,,,,,,,,,,,,,
,,,,,,,,,,,,,
,,,,,,,,,,,,,
,,,,,,,,,,,,,
,,,,,,,,,,,,,
,,,,,,,,,,,,,
,,,,,,,,,,,,,
,,,,,,,,,,,,,
,,,,,,,,,,,,,
,,,,,,,,,,,,,
,,,,,,,,,,,,,
,,,,,,,,,,,,,
,,,,,,,,,,,,,
,,,,,,,,,,,,,
,,,,,,,,,,,,,
,,,,,,,,,,,,,
,,,,,,,,,,,,,
,,,,,,,,,,,,,
,,,,,,,,,,,,,
,,,,,,,,,,,,,
,,,,,,,,,,,,,
,,,,,,,,,,,,,
,,,,,,,,,,,,,
,,,,,,,,,,,,,
,,,,,,,,,,,,,
,,,,,,,,,,,,,
,,,,,,,,,,,,,
,,,,,,,,,,,,,
,,,,,,,,,,,,,
,,,,,,,,,,,,,
,,,,,,,,,,,,,
,,,,,,,,,,,,,
,,,,,,,,,,,,,
,,,,,,,,,,,,,
,,,,,,,,,,,,,
,,,,,,,,,,,,,
,,,,,,,,,,,,,
,,,,,,,,,,,,,
,,,,,,,,,,,,,
,,,,,,,,,,,,,
,,,,,,,,,,,,,
,,,,,,,,,,,,,
,,,,,,,,,,,,,
,,,,,,,,,,,,,
,,,,,,,,,,,,,
,,,,,,,,,,,,,
,,,,,,,,,,,,,
,,,,,,,,,,,,,
,,,,,,,,,,,,,
,,,,,,,,,,,,,
,,,,,,,,,,,,,
,,,,,,,,,,,,,
,,,,,,,,,,,,,
,,,,,,,,,,,,,
,,,,,,,,,,,,,
,,,,,,,,,,,,,
,,,,,,,,,,,,,
,,,,,,,,,,,,,
,,,,,,,,,,,,,
,,,,,,,,,,,,,
,,,,,,,,,,,,,
,,,,,,,,,,,,,
,,,,,,,,,,,,,
,,,,,,,,,,,,,
,,,,,,,,,,,,,
,,,,,,,,,,,,,
,,,,,,,,,,,,,
,,,,,,,,,,,,,
,,,,,,,,,,,,,
,,,,,,,,,,,,,
,,,,,,,,,,,,,
,,,,,,,,,,,,,
,,,,,,,,,,,,,
,,,,,,,,,,,,,
,,,,,,,,,,,,,
,,,,,,,,,,,,,
,,,,,,,,,,,,,
,,,,,,,,,,,,,
,,,,,,,,,,,,,
,,,,,,,,,,,,,
,,,,,,,,,,,,,
,,,,,,,,,,,,,
,,,,,,,,,,,,,
,,,,,,,,,,,,,
,,,,,,,,,,,,,
,,,,,,,,,,,,,
,,,,,,,,,,,,,
,,,,,,,,,,,,,
,,,,,,,,,,,,,
,,,,,,,,,,,,,
,,,,,,,,,,,,,
,,,,,,,,,,,,,
,,,,,,,,,,,,,
,,,,,,,,,,,,,
,,,,,,,,,,,,,
,,,,,,,,,,,,,
,,,,,,,,,,,,,
,,,,,,,,,,,,,
,,,,,,,,,,,,,
,,,,,,,,,,,,,
,,,,,,,,,,,,,
,,,,,,,,,,,,,
,,,,,,,,,,,,,
,,,,,,,,,,,,,
,,,,,,,,,,,,,
,,,,,,,,,,,,,
,,,,,,,,,,,,,
,,,,,,,,,,,,,
,,,,,,,,,,,,,
,,,,,,,,,,,,,
,,,,,,,,,,,,,
,,,,,,,,,,,,,
,,,,,,,,,,,,,
,,,,,,,,,,,,,
,,,,,,,,,,,,,
,,,,,,,,,,,,,
,,,,,,,,,,,,,
,,,,,,,,,,,,,
,,,,,,,,,,,,,
,,,,,,,,,,,,,
,,,,,,,,,,,,,
,,,,,,,,,,,,,
,,,,,,,,,,,,,
,,,,,,,,,,,,,
,,,,,,,,,,,,,
,,,,,,,,,,,,,
,,,,,,,,,,,,,
,,,,,,,,,,,,,
,,,,,,,,,,,,,
,,,,,,,,,,,,,
,,,,,,,,,,,,,
,,,,,,,,,,,,,
,,,,,,,,,,,,,
,,,,,,,,,,,,,
,,,,,,,,,,,,,
,,,,,,,,,,,,,
,,,,,,,,,,,,,
,,,,,,,,,,,,,
,,,,,,,,,,,,,
,,,,,,,,,,,,,
,,,,,,,,,,,,,
,,,,,,,,,,,,,
,,,,,,,,,,,,,
,,,,,,,,,,,,,
,,,,,,,,,,,,,
,,,,,,,,,,,,,
,,,,,,,,,,,,,
,,,,,,,,,,,,,
,,,,,,,,,,,,,
,,,,,,,,,,,,,
,,,,,,,,,,,,,
,,,,,,,,,,,,,
,,,,,,,,,,,,,
,,,,,,,,,,,,,
,,,,,,,,,,,,,
,,,,,,,,,,,,,
,,,,,,,,,,,,,
,,,,,,,,,,,,,
,,,,,,,,,,,,,
,,,,,,,,,,,,,
,,,,,,,,,,,,,
,,,,,,,,,,,,,
,,,,,,,,,,,,,
,,,,,,,,,,,,,
,,,,,,,,,,,,,
,,,,,,,,,,,,,
,,,,,,,,,,,,,
,,,,,,,,,,,,,
,,,,,,,,,,,,,
,,,,,,,,,,,,,
,,,,,,,,,,,,,
,,,,,,,,,,,,,
,,,,,,,,,,,,,
,,,,,,,,,,,,,
,,,,,,,,,,,,,
,,,,,,,,,,,,,
,,,,,,,,,,,,,
,,,,,,,,,,,,,
,,,,,,,,,,,,,
,,,,,,,,,,,,,
,,,,,,,,,,,,,
,,,,,,,,,,,,,
,,,,,,,,,,,,,
,,,,,,,,,,,,,
,,,,,,,,,,,,,
,,,,,,,,,,,,,
,,,,,,,,,,,,,
,,,,,,,,,,,,,
,,,,,,,,,,,,,
,,,,,,,,,,,,,
,,,,,,,,,,,,,
,,,,,,,,,,,,,
,,,,,,,,,,,,,
,,,,,,,,,,,,,
,,,,,,,,,,,,,
,,,,,,,,,,,,,
,,,,,,,,,,,,,
,,,,,,,,,,,,,
,,,,,,,,,,,,,
,,,,,,,,,,,,,
,,,,,,,,,,,,,
,,,,,,,,,,,,,
,,,,,,,,,,,,,
,,,,,,,,,,,,,
,,,,,,,,,,,,,
,,,,,,,,,,,,,
,,,,,,,,,,,,,
,,,,,,,,,,,,,
,,,,,,,,,,,,,
,,,,,,,,,,,,,
,,,,,,,,,,,,,
,,,,,,,,,,,,,
,,,,,,,,,,,,,
,,,,,,,,,,,,,
,,,,,,,,,,,,,
,,,,,,,,,,,,,
,,,,,,,,,,,,,
,,,,,,,,,,,,,
,,,,,,,,,,,,,
,,,,,,,,,,,,,
,,,,,,,,,,,,,
,,,,,,,,,,,,,
,,,,,,,,,,,,,
,,,,,,,,,,,,,
,,,,,,,,,,,,,
,,,,,,,,,,,,,
,,,,,,,,,,,,,
,,,,,,,,,,,,,
,,,,,,,,,,,,,
,,,,,,,,,,,,,
,,,,,,,,,,,,,
,,,,,,,,,,,,,
,,,,,,,,,,,,,
,,,,,,,,,,,,,
,,,,,,,,,,,,,
,,,,,,,,,,,,,
,,,,,,,,,,,,,
,,,,,,,,,,,,,
,,,,,,,,,,,,,
,,,,,,,,,,,,,
,,,,,,,,,,,,,
,,,,,,,,,,,,,
,,,,,,,,,,,,,
,,,,,,,,,,,,,
,,,,,,,,,,,,,
,,,,,,,,,,,,,
,,,,,,,,,,,,,
,,,,,,,,,,,,,
,,,,,,,,,,,,,
,,,,,,,,,,,,,
,,,,,,,,,,,,,
,,,,,,,,,,,,,
,,,,,,,,,,,,,
,,,,,,,,,,,,,
,,,,,,,,,,,,,
,,,,,,,,,,,,,
,,,,,,,,,,,,,
,,,,,,,,,,,,,
,,,,,,,,,,,,,
,,,,,,,,,,,,,
,,,,,,,,,,,,,
,,,,,,,,,,,,,
,,,,,,,,,,,,,
,,,,,,,,,,,,,
,,,,,,,,,,,,,
,,,,,,,,,,,,,
,,,,,,,,,,,,,
,,,,,,,,,,,,,
,,,,,,,,,,,,,
,,,,,,,,,,,,,
,,,,,,,,,,,,,
,,,,,,,,,,,,,
,,,,,,,,,,,,,
,,,,,,,,,,,,,
,,,,,,,,,,,,,
,,,,,,,,,,,,,
,,,,,,,,,,,,,
,,,,,,,,,,,,,
,,,,,,,,,,,,,
,,,,,,,,,,,,,
,,,,,,,,,,,,,
,,,,,,,,,,,,,
,,,,,,,,,,,,,
,,,,,,,,,,,,,
,,,,,,,,,,,,,
,,,,,,,,,,,,,
,,,,,,,,,,,,,
,,,,,,,,,,,,,
,,,,,,,,,,,,,
,,,,,,,,,,,,,
,,,,,,,,,,,,,
,,,,,,,,,,,,,
,,,,,,,,,,,,,
,,,,,,,,,,,,,
,,,,,,,,,,,,,
,,,,,,,,,,,,,
,,,,,,,,,,,,,
,,,,,,,,,,,,,
,,,,,,,,,,,,,
,,,,,,,,,,,,,
,,,,,,,,,,,,,
,,,,,,,,,,,,,
,,,,,,,,,,,,,
,,,,,,,,,,,,,
,,,,,,,,,,,,,
,,,,,,,,,,,,,
,,,,,,,,,,,,,
,,,,,,,,,,,,,
,,,,,,,,,,,,,
,,,,,,,,,,,,,
,,,,,,,,,,,,,
,,,,,,,,,,,,,
,,,,,,,,,,,,,
,,,,,,,,,,,,,
,,,,,,,,,,,,,
,,,,,,,,,,,,,
,,,,,,,,,,,,,
,,,,,,,,,,,,,
,,,,,,,,,,,,,
,,,,,,,,,,,,,
,,,,,,,,,,,,,
,,,,,,,,,,,,,
,,,,,,,,,,,,,
,,,,,,,,,,,,,
,,,,,,,,,,,,,
,,,,,,,,,,,,,
,,,,,,,,,,,,,
,,,,,,,,,,,,,
,,,,,,,,,,,,,
,,,,,,,,,,,,,
,,,,,,,,,,,,,
,,,,,,,,,,,,,
,,,,,,,,,,,,,
,,,,,,,,,,,,,
,,,,,,,,,,,,,
,,,,,,,,,,,,,
,,,,,,,,,,,,,
,,,,,,,,,,,,,
,,,,,,,,,,,,,
,,,,,,,,,,,,,
,,,,,,,,,,,,,
,,,,,,,,,,,,,
,,,,,,,,,,,,,
,,,,,,,,,,,,,
,,,,,,,,,,,,,
,,,,,,,,,,,,,
,,,,,,,,,,,,,
,,,,,,,,,,,,,
,,,,,,,,,,,,,
,,,,,,,,,,,,,
,,,,,,,,,,,,,
,,,,,,,,,,,,,
,,,,,,,,,,,,,
,,,,,,,,,,,,,
,,,,,,,,,,,,,
,,,,,,,,,,,,,
,,,,,,,,,,,,,
,,,,,,,,,,,,,
,,,,,,,,,,,,,
,,,,,,,,,,,,,
,,,,,,,,,,,,,
,,,,,,,,,,,,,
,,,,,,,,,,,,,
,,,,,,,,,,,,,
,,,,,,,,,,,,,
,,,,,,,,,,,,,
,,,,,,,,,,,,,
,,,,,,,,,,,,,
,,,,,,,,,,,,,
,,,,,,,,,,,,,
,,,,,,,,,,,,,
,,,,,,,,,,,,,
,,,,,,,,,,,,,
,,,,,,,,,,,,,
,,,,,,,,,,,,,
,,,,,,,,,,,,,
,,,,,,,,,,,,,
,,,,,,,,,,,,,
,,,,,,,,,,,,,
,,,,,,,,,,,,,
,,,,,,,,,,,,,
,,,,,,,,,,,,,
,,,,,,,,,,,,,
,,,,,,,,,,,,,
,,,,,,,,,,,,,
,,,,,,,,,,,,,
,,,,,,,,,,,,,
,,,,,,,,,,,,,
,,,,,,,,,,,,,
,,,,,,,,,,,,,
,,,,,,,,,,,,,
,,,,,,,,,,,,,
,,,,,,,,,,,,,
,,,,,,,,,,,,,
,,,,,,,,,,,,,
,,,,,,,,,,,,,
,,,,,,,,,,,,,
,,,,,,,,,,,,,
,,,,,,,,,,,,,
,,,,,,,,,,,,,
,,,,,,,,,,,,,
,,,,,,,,,,,,,
,,,,,,,,,,,,,
,,,,,,,,,,,,,
,,,,,,,,,,,,,
,,,,,,,,,,,,,
,,,,,,,,,,,,,
,,,,,,,,,,,,,
,,,,,,,,,,,,,
,,,,,,,,,,,,,
,,,,,,,,,,,,,
,,,,,,,,,,,,,
,,,,,,,,,,,,,
,,,,,,,,,,,,,
,,,,,,,,,,,,,
,,,,,,,,,,,,,
,,,,,,,,,,,,,
,,,,,,,,,,,,,
,,,,,,,,,,,,,
,,,,,,,,,,,,,
,,,,,,,,,,,,,
,,,,,,,,,,,,,
,,,,,,,,,,,,,
,,,,,,,,,,,,,
,,,,,,,,,,,,,
,,,,,,,,,,,,,
,,,,,,,,,,,,,
,,,,,,,,,,,,,
,,,,,,,,,,,,,
,,,,,,,,,,,,,
,,,,,,,,,,,,,
,,,,,,,,,,,,,
,,,,,,,,,,,,,
,,,,,,,,,,,,,
,,,,,,,,,,,,,
,,,,,,,,,,,,,
,,,,,,,,,,,,,
,,,,,,,,,,,,,
,,,,,,,,,,,,,
,,,,,,,,,,,,,
,,,,,,,,,,,,,
,,,,,,,,,,,,,
,,,,,,,,,,,,,
,,,,,,,,,,,,,
,,,,,,,,,,,,,
,,,,,,,,,,,,,
,,,,,,,,,,,,,
,,,,,,,,,,,,,
,,,,,,,,,,,,,
,,,,,,,,,,,,,
,,,,,,,,,,,,,
,,,,,,,,,,,,,
,,,,,,,,,,,,,
,,,,,,,,,,,,,
,,,,,,,,,,,,,
,,,,,,,,,,,,,
,,,,,,,,,,,,,
,,,,,,,,,,,,,
,,,,,,,,,,,,,
,,,,,,,,,,,,,
,,,,,,,,,,,,,
,,,,,,,,,,,,,
,,,,,,,,,,,,,
,,,,,,,,,,,,,
,,,,,,,,,,,,,
,,,,,,,,,,,,,
,,,,,,,,,,,,,
,,,,,,,,,,,,,
,,,,,,,,,,,,,
,,,,,,,,,,,,,
,,,,,,,,,,,,,
,,,,,,,,,,,,,
,,,,,,,,,,,,,
,,,,,,,,,,,,,
,,,,,,,,,,,,,
,,,,,,,,,,,,,
,,,,,,,,,,,,,
,,,,,,,,,,,,,
,,,,,,,,,,,,,
,,,,,,,,,,,,,
,,,,,,,,,,,,,
,,,,,,,,,,,,,
,,,,,,,,,,,,,
,,,,,,,,,,,,,
,,,,,,,,,,,,,
,,,,,,,,,,,,,
,,,,,,,,,,,,,
,,,,,,,,,,,,,
,,,,,,,,,,,,,
,,,,,,,,,,,,,
,,,,,,,,,,,,,
,,,,,,,,,,,,,
,,,,,,,,,,,,,
,,,,,,,,,,,,,
,,,,,,,,,,,,,
,,,,,,,,,,,,,
,,,,,,,,,,,,,
,,,,,,,,,,,,,
,,,,,,,,,,,,,
,,,,,,,,,,,,,
,,,,,,,,,,,,,
,,,,,,,,,,,,,
,,,,,,,,,,,,,
,,,,,,,,,,,,,
,,,,,,,,,,,,,
