,,subsidiary,entityId,isperson,salutation,firstname,middlename,lastname,title,,companyname,Rep,email,phone,altphone,fax,Address1_AddressName,Address1_attention,Address1_Addressee,Address1_phone,Address1_line1,Address1_line2,Address1_city,Address1_state,Address1_zipCode,Address1_country,Address1_defaultBilling,Address1_defaultShipping,terms,taxable
,,Subsidiary,Customer ID,Individual,Mr./Ms…,First Name,Middle Name,Last Name,Job Title,Parent Company,Company Name,Sales Rep,Email,Phone,Alt. Phone,Fax,Label,Attention,Addressee,Phone,Address 1,Address 2,City,Province/State,Postal Code/Zip,Country,Default Billing,Default Shipping,Terms,Taxable
1,1,,QPE214238,,,,,,,3M,"3M Company, IATD",Diane Edwards,,(612) 733-1966,,,Mailing,,"3M Company, IATD",,P.O. Box 33121,,St. Paul,MN,55133-3121,United States,FALSE,FALSE,net 45,TRUE
2,1,,QPE214238,,,,,,,,,,,,,,Billing,,"3M Company, IATD",,P.O. Box 33121,,St. Paul,MN,55133-3121,United States,TRUE,FALSE,,
3,1,,QPE214238,,,,,,,,,,,,,,Shipping,,"3M Company, IATD",,,,,,,,FALSE,TRUE,,
1,2,,YAE139452,,,,,,,,The Strouse Corporation,Strouse,,,,,Mailing,,The Strouse Corporation,,1211 Independence Way,,Westminster,MD,21157-0000,United States,FALSE,FALSE,Net 30,FALSE
2,2,,YAE139452,,,,,,,,,,,,,,Billing,,The Strouse Corporation,,1211 Independence Way,,Westminster,MD,21157-0000,United States,TRUE,FALSE,,
3,2,,YAE139452,,,,,,,,,,,,,,Shipping,,The Strouse Corporation,,1211 Independence Way,,Westminster,MD,21157-0000,United States,FALSE,TRUE,,
1,3,,OSW371044,,,,,,,3M,"3M Company, Inc. Converter Markets",,,(800) 328-1681,(800) 273-3820,(800) 258-7511,Mailing,,"3M Company, Inc. Converter Markets",,PO Box 269-F,,St Louis,MO,63150-0269,United States,FALSE,FALSE,Net 30,TRUE
2,3,,OSW371044,,,,,,,,,,,,,,Billing,,"3M Company, Inc. Converter Markets",,PO Box 269-F,,St Louis,MO,63150-0269,United States,TRUE,FALSE,,
3,3,,OSW371044,,,,,,,,,,,,,,Shipping,,"3M Company, Inc. Converter Markets",,3M Center Building 220-7W-03,,St Paul,MN,55144-1000,United States,FALSE,TRUE,,
1,4,,WIM229535,,,,,,,,American Biltrite,Thomas Harbin,Lowery@abitape.com,(856) 778-0700,(856) 586-3260,(856) 778-7485,Mailing,,American Biltrite,,105 Whittendale Drive,,Moorestown,NJ,08057,United States,FALSE,FALSE,net 45,TRUE
2,4,,WIM229535,,,,,,,,,,,,,,Billing,,American Biltrite,,105 Whittendale Drive,,Moorestown,NJ,08057,United States,TRUE,FALSE,,
3,4,,WIM229535,,,,,,,,,,,,,,Shipping,,American Biltrite,,105 Whittendale Drive,,Moorestown,NJ,08057,United States,FALSE,TRUE,,
1,5,,TDW838321,,,,,,,,Apogee Designs Ltd.,Thomas Harbin,,(410) 633-6336,,(410) 633-3666,Mailing,,Apogee Designs Ltd.,,101 South Kane Street,,Baltimore,MD,21224-0000,United States,FALSE,FALSE,Net 30,FALSE
2,5,,TDW838321,,,,,,,,,,,,,,Billing,,Apogee Designs Ltd.,,101 South Kane Street,,Baltimore,MD,21224-0000,United States,TRUE,FALSE,,
3,5,,TDW838321,,,,,,,,,,,,,,Shipping,,Apogee Designs Ltd.,,101 South Kane Street,,Baltimore,MD,21224,United States,FALSE,TRUE,,
1,6,,WGQ484129,,,,,,,,Arnold Packaging,Thomas Harbin,ap@arnoldpackaging.com,(410) 646-3200,,(410) 646-0905,Mailing,,Arnold Packaging,,3101 Washington Blvd.,,Baltimore,MD,21230-1093,United States,FALSE,FALSE,Net 30,FALSE
2,6,,WGQ484129,,,,,,,,,,,,,,Billing,,Arnold Packaging,,1900 Finishing Mill Road,Suite 100,Sparrows Point,MD,21219,United States,TRUE,FALSE,,
3,6,,WGQ484129,,,,,,,,,,,,,,Shipping,,Arnold Packaging,,3101 Washington Blvd.,,Baltimore,MD,21230-1093,United States,FALSE,TRUE,,
1,7,,WFW133635,,,,,,,Atlas,Atlas Container Corporation,Thomas Harbin,atlasapsevern@atlascontainer.com,(410) 551-6300,,(410) 551-2703,Mailing,,Atlas Container Corporation,,8140 Telegraph Road,,Severn,MD,21144,United States,FALSE,FALSE,Net 30,TRUE
2,7,,WFW133635,,,,,,,,,,,,,,Billing,,Atlas Container Corporation,,8140 Telegraph Road,,Severn,MD,21144,United States,TRUE,FALSE,,
3,7,,WFW133635,,,,,,,,,,,,,,Shipping,,Atlas Container Corporation,,"8870 Greenwood Place, Suite C",,Savage,MD,20763,United States,FALSE,TRUE,,
1,8,,IAV630762,,,,,,,,Fifield Fabrics,,,(800) 878-7496,(781) 335-7060,(781) 335-7709,Mailing,,Fifield Fabrics,,72 Sharp Street,,Hingham,MA,02043-4204,United States,FALSE,FALSE,Net 30,TRUE
2,8,,IAV630762,,,,,,,,,,,,,,Billing,,Fifield Fabrics,,72 Sharp Street,,Hingham,MA,02043-4204,United States,TRUE,FALSE,,
3,8,,IAV630762,,,,,,,,,,,,,,Shipping,,Fifield Fabrics,,72 Sharp Street,,Hingham,MA,02043-4204,United States,FALSE,TRUE,,
1,9,,IPM272994,,,,,,,,"Cantwell-Cleary Co., Inc.",Thomas Harbin,,(301) 773-9800,,(301) 773-9257,Mailing,,"Cantwell-Cleary Co., Inc.",,7575 Washington Blvd.,,Elkridge,MD,21075-0000,United States,FALSE,FALSE,Net 30,FALSE
2,9,,IPM272994,,,,,,,,,,,,,,Billing,,"Cantwell-Cleary Co., Inc.",,7575 Washington Blvd.,,Elkridge,MD,21075-0000,United States,TRUE,FALSE,,
3,9,,IPM272994,,,,,,,,,,,,,,Shipping,,"Cantwell-Cleary Co., Inc.",,7575 Washington Blvd.,,Elkridge,MD,21075-0000,United States,FALSE,TRUE,,
1,10,,IUT918098,,,,,,,,Colony Packaging & Machine,Thomas Harbin,ap@colonypackaging.com,(800) 221-9577,(717) 764-5088,(717) 764-5567,Mailing,,Colony Packaging & Machine,,1776 Colony Road,,York,PA,17408-0000,United States,FALSE,FALSE,Net 30,TRUE
2,10,,IUT918098,,,,,,,,,,,,,,Billing,,Colony Packaging & Machine,,1776 Colony Road,,York,PA,17408-0000,United States,TRUE,FALSE,,
3,10,,IUT918098,,,,,,,,,,,,,,Shipping,,Colony Packaging & Machine,,1776 Colony Road,,York,PA,17408-0000,United States,FALSE,TRUE,,
1,11,,WSV317131,,,,,,,,"Conversource, Inc.",Jake Sowers,,(800) 808-1565,(314) 427-2562,(314) 824-0012,Mailing,,"Conversource, Inc.",,1510 Page Industrial Blvd.,,St. Louis,MO,63132,United States,FALSE,FALSE,Net 30,TRUE
2,11,,WSV317131,,,,,,,,,,,,,,Billing,,"Conversource, Inc.",,1510 Page Industrial Blvd.,,St. Louis,MO,63132,United States,TRUE,FALSE,,
3,11,,WSV317131,,,,,,,,,,,,,,Shipping,,"Conversource, Inc.",,1510 Page Industrial Blvd.,,St. Louis,MO,63132,United States,FALSE,TRUE,,
1,12,,TIV508034,,,,,,,,"FLEXcon Company, Inc.",,,(508) 885-8200,,(508) 885-8355,Mailing,,"FLEXcon Company, Inc.",,P.O. Box 360813,,Pittsburgh,PA,15251-6813,United States,FALSE,FALSE,Net 30,TRUE
2,12,,TIV508034,,,,,,,,,,,,,,Billing,,"FLEXcon Company, Inc.",,P.O. Box 360813,,Pittsburgh,PA,15251-6813,United States,TRUE,FALSE,,
3,12,,TIV508034,,,,,,,,,,,,,,Shipping,,"FLEXcon Company, Inc.",,1 FLEXcon Industrial Park,,Spencer,MA,01562-2642,United States,FALSE,TRUE,,
1,13,,IIN275501,,,,,,,,Flexprint Graphics,Thomas Harbin,,(410) 355-7300,,(410) 355-7987,Mailing,,Flexprint Graphics,,1017 East Patapsco Avenue,,Baltimore,MD,21225-0000,United States,FALSE,FALSE,Net 30,FALSE
2,13,,IIN275501,,,,,,,,,,,,,,Billing,,Flexprint Graphics,,P. O. Box 9026,"6 Yorkway, Suite 104",Baltimore,MD,21222-0000,United States,TRUE,FALSE,,
3,13,,IIN275501,,,,,,,,,,,,,,Shipping,,Flexprint Graphics,,"Arcos Industries, LLC",One Arcos Way,Mt. Carmel,PA,17851,United States,FALSE,TRUE,,
1,14,,RSE021905,,,,,,,,Gaska Tape Inc.,,,(800) 423-1571,(800) 427-5214,(574) 389-8912,Mailing,,Gaska Tape Inc.,,PO Box 1968,,Elkhart,IN,46515-0000,United States,FALSE,FALSE,Net 30,TRUE
2,14,,RSE021905,,,,,,,,,,,,,,Billing,,Gaska Tape Inc.,,PO Box 1968,,Elkhart,IN,46515-0000,United States,TRUE,FALSE,,
3,14,,RSE021905,,,,,,,,,,,,,,Shipping,,Gaska Tape Inc.,,1810 W Lusher,,Elkhart,IN,46515,United States,FALSE,TRUE,,
1,15,,EIM977065,,,,,,,,General Rubber,Mark Mogar,jcalhoon@grp-usa.com,(859) 254-6436,,(859) 253-1922,Mailing,,General Rubber,,P.O. Box 12737,,Lexington,KY,40583-2737,United States,FALSE,FALSE,Net 30,TRUE
2,15,,EIM977065,,,,,,,,,,,,,,Billing,,General Rubber,,P.O. Box 12737,,Lexington,KY,40583-2737,United States,TRUE,FALSE,,
3,15,,EIM977065,,,,,,,,,,,,,,Shipping,,General Rubber,,1016 Majaun Road,,Lexington,KY,40511,United States,FALSE,TRUE,,
1,16,,QSM017537,,,,,,,,The Griff Network,Thomas Harbin,,(800) 872-7549,(215) 428-1075,(215) 428-1189,Mailing,,The Griff Network,,275 Lower Morrisville Road,,Fallsington,PA,19054-0000,United States,FALSE,FALSE,Net 30,TRUE
2,16,,QSM017537,,,,,,,,,,,,,,Billing,,The Griff Network,,275 Lower Morrisville Road,,Fallsington,PA,19054-0000,United States,TRUE,FALSE,,
3,16,,QSM017537,,,,,,,,,,,,,,Shipping,,The Griff Network,,275 Lower Morrisville Road,,Fallsington,PA,19054,United States,FALSE,TRUE,,
1,17,,UOQ075118,,,,,,,Atlantic,Atlantic Corporation-Duncan,Mark Mogar,marys@atlanticpkg.com,(864) 439-8189,,(864) 439-3463,Mailing,,Atlantic Corporation-Duncan,,790 Duncan-Reidville Road,,Duncan,SC,29334-0000,United States,FALSE,FALSE,Net 30,TRUE
2,17,,UOQ075118,,,,,,,,,,,,,,Billing,,Atlantic Corporation-Duncan,,806 N. 23rd Street,,Wilmington,NC,28405-0000,United States,TRUE,FALSE,,
3,17,,UOQ075118,,,,,,,,,,,,,,Shipping,,Atlantic Corporation-Duncan,,"744 Frontage Road, Suite 100",,Greenville ,SC,29611,United States,FALSE,TRUE,,
1,18,,WSM984583,,,,,,,,Hershey Paper Company,Thomas Harbin,,(717) 285-3151,,(717) 285-2474,Mailing,,Hershey Paper Company,,P.O. Box 4247,,Lancaster,PA,17604-4247,United States,FALSE,FALSE,Net 30,TRUE
2,18,,WSM984583,,,,,,,,,,,,,,Billing,,Hershey Paper Company,,P.O. Box 4247,,Lancaster,PA,17604-4247,United States,TRUE,FALSE,,
3,18,,WSM984583,,,,,,,,,,,,,,Shipping,,Hershey Paper Company,,3650 Hempland Road,,Lancaster,PA,17601,United States,FALSE,TRUE,,
1,19,,RDV820768,,,,,,,,"Ideal Tape Co., Inc.",Thomas Harbin,idealpayables@abitape.com,(800) 284-3325,(978) 458-6833,(978) 458-0302,Mailing,,"Ideal Tape Co., Inc.",,1400 Middlesex Street,,Lowell,MA,01851-0000,United States,FALSE,FALSE,Net 30,TRUE
2,19,,RDV820768,,,,,,,,,,,,,,Billing,,"Ideal Tape Co., Inc.",,105 Whittendale Drive,,Moorestown,NJ,08057-0000,United States,TRUE,FALSE,,
3,19,,RDV820768,,,,,,,,,,,,,,Shipping,,"Ideal Tape Co., Inc.",,33 High Street,,Billerica,MA,01821,United States,FALSE,TRUE,,
1,20,,TOT059736,,,,,,,,Jarrett Industries,Thomas Harbin,,(410) 581-0303,,(410) 363-2080,Mailing,,Jarrett Industries,,11511 Cronridge Drive,,Owings Mills,MD,21117-0000,United States,FALSE,FALSE,,FALSE
2,20,,TOT059736,,,,,,,,,,,,,,Billing,,Jarrett Industries,,11511 Cronridge Drive,,Owings Mills,MD,21117-0000,United States,TRUE,FALSE,,
3,20,,TOT059736,,,,,,,,,,,,,,Shipping,,Jarrett Industries,,11511 Cronridge Drive,,Owings Mills,MD,21117,United States,FALSE,TRUE,,
1,21,,EDV589478,,,,,,,,Maryland Plastics,Thomas Harbin,,(410) 754-5566,,(410) 754-8882,Mailing,,Maryland Plastics,,251 East Central Avenue,,Federalsburg,MD,21632-0000,United States,FALSE,FALSE,Net 30,FALSE
2,21,,EDV589478,,,,,,,,,,,,,,Billing,,Maryland Plastics,,P. O. Box 472,,Federalsburg,MD,21632-0000,United States,TRUE,FALSE,,
3,21,,EDV589478,,,,,,,,,,,,,,Shipping,,Maryland Plastics,,251 East Central Avenue,,Federalsburg,MD,21632,United States,FALSE,TRUE,,
1,22,,QSM124897,,,,,,,,"McCormick & Co., Inc.",Thomas Harbin,AP@mccormick.com,(410) 771-7778,,(410) 771-7433,Mailing,,"McCormick & Co., Inc.",,McCormick/Schilling Division,PO Box 6500 ,Sparks,MD,21152-0000,United States,FALSE,FALSE,Net 30,FALSE
2,22,,QSM124897,,,,,,,,,,,,,,Billing,,"McCormick & Co., Inc.",,McCormick/Schilling Division,PO Box 168 ,Cockeysville,MD,21030-0000,United States,TRUE,FALSE,,
3,22,,QSM124897,,,,,,,,,,,,,,Shipping,,"McCormick & Co., Inc.",,11100 McCormick Road,,Hunt Valley,MD,21031,United States,FALSE,TRUE,,
1,23,,USR856608,,,,,,,,Morrisette Paper Co.,Mark Mogar,psetliff@morrisette.com,(919) 250-3223,,(919) 250-3255,Mailing,,,,3081 Business Park Drive,,Raleigh,NC,27610-0000,United States,FALSE,FALSE,Net 30,TRUE
2,23,,USR856608,,,,,,,,,,,,,,Billing,,,,PO Box 20768,,Greensboro,NC,27420-0000,United States,TRUE,FALSE,,
3,23,,USR856608,,,,,,,,,,,,,,Shipping,,,,5925 Summit Avenue,,Browns Summit,NC,27214,United States,FALSE,TRUE,,
1,24,,QOE094704,,,,,,,,"Shannon Baum Signs, Inc.",Thomas Harbin,,(410) 781-4000,,(410) 781-4673,Mailing,,"Shannon Baum Signs, Inc.",,105 Competitive Goals Drive,,Eldersburg,MD,21784,United States,FALSE,FALSE,Net 30,FALSE
2,24,,QOE094704,,,,,,,,,,,,,,Billing,,"Shannon Baum Signs, Inc.",,105 Competitive Goals Drive,,Eldersburg,MD,21784,United States,TRUE,FALSE,,
3,24,,QOE094704,,,,,,,,,,,,,,Shipping,,"Shannon Baum Signs, Inc.",,105 Competitive Goals Drive,,Eldersburg,MD,21784,United States,FALSE,TRUE,,
1,25,,UIM106892,,,,,,,,Shippers Supply Company,Jake Sowers,ap@ssco.pro,(502) 634-2800,,(502) 635-7935,Mailing,,Shippers Supply Company,,1735 W. Burnett,,Louisville,KY,40210-1814,United States,FALSE,FALSE,Net 30,TRUE
2,25,,UIM106892,,,,,,,,,,,,,,Billing,,Shippers Supply Company,,4500 Progress Blvd,,Louisville,KY,40218-1814,United States,TRUE,FALSE,,
3,25,,UIM106892,,,,,,,,,,,,,,Shipping,,Shippers Supply Company,,4500 Progress Blvd,,Louisville,KY,40218-1814,United States,FALSE,TRUE,,
1,26,,IAN256034,,,,,,,,Static Control Components,Mark Mogar,,(919) 774-3808,,(919) 776-9507,Mailing,,Static Control Components,,P. O. Box 152,,Sanford,NC,27331-0000,United States,FALSE,FALSE,Net 30,TRUE
2,26,,IAN256034,,,,,,,,,,,,,,Billing,,Static Control Components,,P. O. Box 152,Attn: Accts. Payable,Sanford,NC,27331-0000,United States,TRUE,FALSE,,
3,26,,IAN256034,,,,,,,,,,,,,,Shipping,,Static Control Components,,2980 Lee  Avenue,Plant 18,Sanford,NC,27330,United States,FALSE,TRUE,,
1,27,,QPV058282,,,,,,,,Tesa Tape,Mark Mogar,Invoice0078@GSP-001.Tesa.com,(800) 426-2181,,(704) 553-5632,Mailing,,Tesa Tape,,5825 Carnegie Blvd.,,Charlotte,NC,28209-0000,United States,FALSE,FALSE,Net 30,TRUE
2,27,,QPV058282,,,,,,,,,,,,,,Billing,,Tesa Tape,,5825 Carnegie Blvd.,,Charlotte,NC,28209-0000,United States,TRUE,FALSE,,
3,27,,QPV058282,,,,,,,,,,,,,,Shipping,,Tesa Tape,,"2945 Walkent Ct., NW",,Grand Rapids,MI,49544,United States,FALSE,TRUE,,
1,28,,QAB825606,,,,,,,,"Textape, Inc.",Matthew Kay,herika@textape.com,(915) 595-1525,,(915) 595-1646,Mailing,,"Textape, Inc.",,915 Pendale Road,,El Paso,TX,79907-0000,United States,FALSE,FALSE,Net 30,TRUE
2,28,,QAB825606,,,,,,,,,,,,,,Billing,,"Textape, Inc.",,915 Pendale Road,,El Paso,TX,79907-0000,United States,TRUE,FALSE,,
3,28,,QAB825606,,,,,,,,,,,,,,Shipping,,"Textape, Inc.",,915 Pendale Road,,El Paso,TX,79907,United States,FALSE,TRUE,,
1,29,,RDM094552,,,,,,,,"Transcendia (Transilwrap Company, Inc.)",,,(972) 484-3211,(800) 659-4254,(972) 484-3171,Mailing,,"Transcendia (Transilwrap Company, Inc.)",,Dept. 77-6082,,Chicago,IL,60678-6082,United States,FALSE,FALSE,Net 30,TRUE
2,29,,RDM094552,,,,,,,,,,,,,,Billing,,"Transcendia (Transilwrap Company, Inc.)",,Dept. 77-6082,,Chicago,IL,60678-6082,United States,TRUE,FALSE,,
3,29,,RDM094552,,,,,,,,,,,,,,Shipping,,"Transcendia (Transilwrap Company, Inc.)",,1420 Valwood Parkway,,Dallas,TX,75006,United States,FALSE,TRUE,,
1,30,,RPB504805,,,,,,,Veritiv,Veritiv - Richmond Unisource,Mark Mogar,aptradeinvoices@veritivcorp.com,(800) 552-5619,(804) 359-4491,(804) 213-4876,Mailing,,Veritiv - Richmond Unisource,,2401 Dabney Road,,Richmond,VA,23230,United States,FALSE,FALSE,Net 30,TRUE
2,30,,RPB504805,,,,,,,,,,,,,,Billing,,Veritiv - Richmond Unisource,,P.O. Box 45195,Attn: Accounts Payable,Jacksonville,FL,32232-0000,United States,TRUE,FALSE,,
3,30,,RPB504805,,,,,,,,,,,,,,Shipping,,Veritiv - Richmond Unisource,,2401 Dabney Road,,Richmond,VA,23230,United States,FALSE,TRUE,,
1,31,,QIW004276,,,,,,,,"Uticom Systems, Inc.",Thomas Harbin,Cheryl@uticom.net,(800) 548-5321,(610) 380-9430,(610) 857-2986,Mailing,,"Uticom Systems, Inc.",,109 Independence Way,,Coatesville,PA,19320-1893,United States,FALSE,FALSE,Net 30,TRUE
2,31,,QIW004276,,,,,,,,,,,,,,Billing,,"Uticom Systems, Inc.",,109 Independence Way,,Coatesville,PA,19320-1893,United States,TRUE,FALSE,,
3,31,,QIW004276,,,,,,,,,,,,,,Shipping,,"Uticom Systems, Inc.",,109 Independence Way,,Coatesville,PA,19320-1893,United States,FALSE,TRUE,,
1,32,,WDW572368,,,,,,,Veritiv,Veritiv - El Paso ,Mark Mogar,aptradeinvoices@veritivcorp.com,(915) 779-2240,(915) 774-7245,(915) 772-9738,Mailing,,Veritiv - El Paso ,,6839 Market Avenue,,El Paso,TX,79915,United States,FALSE,FALSE,60 Days  net,TRUE
2,32,,WDW572368,,,,,,,,,,,,,,Billing,,Veritiv - El Paso ,,PO Box 415755,Attn: NEDS A/P,Cincinnati,OH,45241-5755,United States,TRUE,FALSE,,
3,32,,WDW572368,,,,,,,,,,,,,,Shipping,,Veritiv - El Paso ,,6839 Market Avenue,,El Paso,TX,79915,United States,FALSE,TRUE,,
1,33,,YUM481722,,,,,,,Veritiv,Veritiv - Hanover,Mark Mogar,aptradeinvoices@veritivcorp.com,(410) 694-8500,,(410) 694-8636,Mailing,,Veritiv - Hanover,,7445 New Ridge Road,,Hanover,MD,21076-0000,United States,FALSE,FALSE,60 Days  net,FALSE
2,33,,YUM481722,,,,,,,,,,,,,,Billing,,Veritiv - Hanover,,"Attn: MAX A/P, P. O. Box 625799",,Cincinnati,OH,45262-0000,United States,TRUE,FALSE,,
3,33,,YUM481722,,,,,,,,,,,,,,Shipping,,Veritiv - Hanover,,7445 New Ridge Road,,Hanover,MD,21076,United States,FALSE,TRUE,,
1,34,,WIT971548,,,,,,,Veritiv,Veritiv - Charlotte,Mark Mogar,APTradeInvoices@veritivcorp.com,(704) 596-5554,,(704) 596-6766,Mailing,,Veritiv - Charlotte,,4265 Trailer Drive,,Charlotte,NC,28269,United States,FALSE,FALSE,60 Days  net,TRUE
2,34,,WIT971548,,,,,,,,,,,,,,Billing,,Veritiv - Charlotte,,"Attn: MAX A/P, P. O. Box 625799",,Cincinnati,OH,45262,United States,TRUE,FALSE,,
3,34,,WIT971548,,,,,,,,,,,,,,Shipping,,Veritiv - Charlotte,,4265 Trailer Drive,,Charlotte,NC,28269,United States,FALSE,TRUE,,
1,35,,RDV853804,,,,,,,Veritiv,Veritiv - Greensboro,Mark Mogar,aptradeinvoices@veritivcorp.com,(336) 299-1211,,(336) 855-3862,Mailing,,Veritiv - Greensboro,,3 Centerview Drive,Suite 300,Greensboro,NC,27407,United States,FALSE,FALSE,60 Days  net,TRUE
2,35,,RDV853804,,,,,,,,,,,,,,Billing,,Veritiv - Greensboro,,"Attn: MAX A/P, P. O. Box 625799",,Cincinnati,OH,45262,United States,TRUE,FALSE,,
3,35,,RDV853804,,,,,,,,,,,,,,Shipping,,Veritiv - Greensboro,,3 Centerview Drive,Suite 300,Greensboro,NC,27407,United States,FALSE,TRUE,,
1,36,,TPB746337,,,,,,,Veritiv,Veritiv - Garner (Morrisville),Mark Mogar,APTradeinvoices@veritivcorp.com,(919) 467-8141,,(919) 467-0311,Mailing,,Veritiv - Garner (Morrisville),,1021 Morrisville Parkway,,Morrisville,NC,27560,United States,FALSE,FALSE,60 Days  net,TRUE
2,36,,TPB746337,,,,,,,,,,,,,,Billing,,Veritiv - Garner (Morrisville),,"Attn: MAX A/P, P. O. Box 625799",,Cincinnati,OH,45262-1337,United States,TRUE,FALSE,,
3,36,,TPB746337,,,,,,,,,,,,,,Shipping,,Veritiv - Garner (Morrisville),,1070 Waterfield Drive,,Garner,NC,27529,United States,FALSE,TRUE,,
1,37,,WUN891767,,,,,,,Veritiv,Veritiv - Richmond (Xpedx),Mark Mogar,aptradeinvoices@veritivcorp.com,(804) 496-2200,,(804) 496-2225,Mailing,,Veritiv - Richmond (Xpedx),,11800 North Lakeridge Parkway,,Ashland,VA,23005,United States,FALSE,FALSE,60 Days  net,TRUE
2,37,,WUN891767,,,,,,,,,,,,,,Billing,,Veritiv - Richmond (Xpedx),,"Attn: MAX A/P, P. O. Box 625799",,Cincinnati,OH,45262,United States,TRUE,FALSE,,
3,37,,WUN891767,,,,,,,,,,,,,,Shipping,,Veritiv - Richmond (Xpedx),,11800 North Lakeridge Parkway,,Ashland,VA,23005,United States,FALSE,TRUE,,
1,38,,OPR884164,,,,,,,Veritiv,Veritiv - Roanoke,Mark Mogar,APTradeInvoices@veritivcorp.com,(540) 389-7210,,(540) 387-0976,Mailing,,Veritiv - Roanoke,,1885 Apperson Drive,,Salem,VA,24153,United States,FALSE,FALSE,60 Days  net,TRUE
2,38,,OPR884164,,,,,,,,,,,,,,Billing,,Veritiv - Roanoke,,"Attn: MAX A/P, P. O. Box 625799",,Cincinnati,OH,45262-0000,United States,TRUE,FALSE,,
3,38,,OPR884164,,,,,,,,,,,,,,Shipping,,Veritiv - Roanoke,,1885 Apperson Drive,,Salem,VA,24153,United States,FALSE,TRUE,,
1,39,,QFE611665,,,,,,,Veritiv,Veritiv - Winston Salem,Mark Mogar,aptradeinvoices@veritivcorp.com,(336) 768-4900,,(336) 768-4909,Mailing,,Veritiv - Winston Salem,,1400 Westgate Center Drive,Suite 110,Winston-Salem,NC,27103,United States,FALSE,FALSE,60 Days  net,TRUE
2,39,,QFE611665,,,,,,,,,,,,,,Billing,,Veritiv - Winston Salem,,"Attn: MAX A/P, P. O. Box 625799",,Cincinnati,OH,45262,United States,TRUE,FALSE,,
3,39,,QFE611665,,,,,,,,,,,,,,Shipping,,Veritiv - Winston Salem,,,,,,,,FALSE,TRUE,,
1,40,,EAN920189,,,,,,,,Weiss Brothers of Hagerstown,Thomas Harbin,,(301) 739-3069,(800) 878-9347,(301) 739-3157,Mailing,,Weiss Brothers of Hagerstown,,18038 West Oak Ridge Drive,,Hagerstown,MD,21740-0000,United States,FALSE,FALSE,Net 30,FALSE
2,40,,EAN920189,,,,,,,,,,,,,,Billing,,Weiss Brothers of Hagerstown,,18038 West Oak Ridge Drive,,Hagerstown,MD,21740-0000,United States,TRUE,FALSE,,
3,40,,EAN920189,,,,,,,,,,,,,,Shipping,,Weiss Brothers of Hagerstown,,18038 West Oak Ridge Drive,,Hagerstown,MD,21740,United States,FALSE,TRUE,,
1,41,,QSB480143,,,,,,,Veritiv,Veritiv - Jessup,Mark Mogar,aptradeinvoices@veritivcorp.com,(410) 792-8069,,(410) 792-8059,Mailing,,Veritiv - Jessup,,8261 Preston Court,,Jessup,MD,20794,United States,FALSE,FALSE,Net 30,FALSE
2,41,,QSB480143,,,,,,,,,,,,,,Billing,,Veritiv - Jessup,,PO BOX 45192,,Jacksonville,FL,32232-5048,United States,TRUE,FALSE,,
3,41,,QSB480143,,,,,,,,,,,,,,Shipping,,Veritiv - Jessup,,8261 Preston Court,,Jessup,MD,20794,United States,FALSE,TRUE,,
1,42,,TDE161602,,,,,,,,BGR Inc,Jake Sowers,BGRap@packbgr.com,(513) 755-7100,(800) 628-9195,(513) 755-7855,Mailing,,BGR Inc,,6392 Gano Road,,West Chester,OH,45069,United States,FALSE,FALSE,Net 30,TRUE
2,42,,TDE161602,,,,,,,,,,,,,,Billing,,BGR Inc,,6392 Gano Road,RR1,West Chester,OH,45069,United States,TRUE,FALSE,,
3,42,,TDE161602,,,,,,,,,,,,,,Shipping,,BGR Inc,,6392 Gano Road,,West Chester,OH,45069,United States,FALSE,TRUE,,
1,44,,QPQ892062,,,,,,,,Becton Dickinson,Thomas Harbin,,(410) 316-3731,,(410) 316-3516,Mailing,,Becton Dickinson,,54 Loveton Circle,,Sparks,MD,21152-0000,United States,FALSE,FALSE,,TRUE
2,44,,QPQ892062,,,,,,,,,,,,,,Billing,,Becton Dickinson,,54 Loveton Circle,,Sparks,MD,21152-0000,United States,TRUE,FALSE,,
3,44,,QPQ892062,,,,,,,,,,,,,,Shipping,,Becton Dickinson,,,,,,,,FALSE,TRUE,,
1,45,,IFN316196,,,,,,,,"Edvotek, Inc",Thomas Harbin,,301-251-,(800) 338-6835,(301) 340-0582,Mailing,,"Edvotek, Inc",,P.O. Box 1232,,West Bethesda,MD,20827-1232,United States,FALSE,FALSE,,FALSE
2,45,,IFN316196,,,,,,,,,,,,,,Billing,,"Edvotek, Inc",,1121 5th Street NW,,Washington,DC,20001,United States,TRUE,FALSE,,
3,45,,IFN316196,,,,,,,,,,,,,,Shipping,,"Edvotek, Inc",,1121 5th Street NW,,Washington,DC,20001,United States,FALSE,TRUE,,
1,46,,WOQ644327,,,,,,,3M,3M Canada - London Manufacturing,Matthew Kay,,(651) 216-8478,,,Mailing,,3M Canada - London Manufacturing,,,,,,,,FALSE,FALSE,Net 30,TRUE
2,46,,WOQ644327,,,,,,,,,,,,,,Billing,,3M Canada - London Manufacturing,,P. O. Box 33121,,St. Paul,MN,55133-0000,United States,TRUE,FALSE,,
3,46,,WOQ644327,,,,,,,,,,,,,,Shipping,,3M Canada - London Manufacturing,,,,,,,,FALSE,TRUE,,
1,47,,EAR127602,,,,,,,,"The ESAB Group, Inc.",Thomas Harbin,accountspayable@ESAB.com,(843) 673-7724,(843) 679-5879,(843) 673-7719,Mailing,,"The ESAB Group, Inc.",,PO Box 710,,Ashtabula,OH,44005-0710,United States,FALSE,FALSE,Net 30,TRUE
2,47,,EAR127602,,,,,,,,,,,,,,Billing,,"The ESAB Group, Inc.",,2800 Airport Road,Accts. Payable,Denton,TX,76207,United States,TRUE,FALSE,,
3,47,,EAR127602,,,,,,,,,,,,,,Shipping,,"The ESAB Group, Inc.",,256 Midway Drive,,Union,SC,29379,United States,FALSE,TRUE,,
1,48,,UIM226548,,,,,,,,White Horse Packaging Co.,Mark Mogar,,(864) 608-4869,,(864) 271-2726,Mailing,,White Horse Packaging Co.,,PO Box 1848,,Greenville,SC,29602-0000,United States,FALSE,FALSE,Net 30,TRUE
2,48,,UIM226548,,,,,,,,,,,,,,Billing,,White Horse Packaging Co.,,PO Box 1269,,Fountain Inn,SC,29644-0000,United States,TRUE,FALSE,,
3,48,,UIM226548,,,,,,,,,,,,,,Shipping,,White Horse Packaging Co.,,303 Dale Drive,,Fountain Inn,SC,29644,United States,FALSE,TRUE,,
1,49,,IAQ844389,,,,,,,Veritiv,Veritiv - Indianapolis,Mark Mogar,"ap.max@veritivcorp.com, magsouth@veritivcorp.com
",1-800-543-4447,(317) 299-2138,(317) 347-6038,Mailing,,Veritiv - Indianapolis,,5850 W. 80th Street,,Indianapolis,IN,46278-1320,United States,FALSE,FALSE,Net 60,TRUE
2,49,,IAQ844389,,,,,,,,,,,,,,Billing,,Veritiv - Indianapolis,,P O Box 62717,,Cincinnati,OH,45262-0717,United States,TRUE,FALSE,,
3,49,,IAQ844389,,,,,,,,,,,,,,Shipping,,Veritiv - Indianapolis,,5850 W. 80th Street,,Indianapolis,IN,46278-1320,United States,FALSE,TRUE,,
1,50,,EFV029584,,,,,,,Northrop Grumman,Northrop Grumman,Mark Mogar,apfscpoinvoices@ngc.com,(410) 765-1000,,(410) 765-6968,Mailing,,Northrop Grumman,,1745A West Nursery Road,,Linthicum,MD,21090,United States,FALSE,FALSE,Net 30,FALSE
2,50,,EFV029584,,,,,,,,,,,,,,Billing,,Northrop Grumman,,1745A West Nursery Road,,Linthicum,MD,21090,United States,TRUE,FALSE,,
3,50,,EFV029584,,,,,,,,,,,,,,Shipping,,Northrop Grumman,,"Gate 3A, Dock A",7323 Aviation Blvd.,Baltimore,MD,21240-2001,United States,FALSE,TRUE,,
1,51,,EDB251872,,,,,,,Kyocera,KYOCERA AVX Components LLC,Mark Mogar,avxap@avx.com,(843) 448-9411,,(843) 626-9632,Mailing,,KYOCERA AVX Components LLC,,1 AVX Boulevard,,Fountain Inn,SC,29644-9039,United States,FALSE,FALSE,Net 30,TRUE
2,51,,EDB251872,,,,,,,,,,,,,,Billing,,KYOCERA AVX Components LLC,,1 AVX Boulevard,,Fountain Inn,SC,29644-9039,United States,TRUE,FALSE,,
3,51,,EDB251872,,,,,,,,,,,,,,Shipping,,KYOCERA AVX Components LLC,,1 AVX Boulevard,,Fountain Inn,SC,29644-9039,United States,FALSE,TRUE,,
1,52,,WAW842664,,,,,,,,"Wesco Integrated Supply, Inc.",Thomas Harbin,invoices@wescodist.com,(516) 479-3920,,(516) 484-3049,Mailing,,"Wesco Integrated Supply, Inc.",,36 Harbor Park Drive,,Port Washington,NY,11050,United States,FALSE,FALSE,Net 30,FALSE
2,52,,WAW842664,,,,,,,,,,,,,,Billing,,"Wesco Integrated Supply, Inc.",,"33 Earle Ovington Blvd, Suite 608",,Uniondale,NY,11050,United States,TRUE,FALSE,,
3,52,,WAW842664,,,,,,,,,,,,,,Shipping,,"Wesco Integrated Supply, Inc.",,185 Thorn Hill Drive,,Warrendale,PA,15086,United States,FALSE,TRUE,,
1,53,,EOQ364546,,,,,,,Nitto Denko,Nitto Denko Automotive (formerly Nistem),Mark Mogar,ap_cpnittoinc@nitto.com,(757) 436-5540,,(757) 436-5934,Mailing,,Nitto Denko Automotive (formerly Nistem),,809 Principle Court,,Chesapeake,VA,23320,United States,FALSE,FALSE,Net 30,TRUE
2,53,,EOQ364546,,,,,,,,,,,,,,Billing,,Nitto Denko Automotive (formerly Nistem),,809 Principal Court,,Chesapeake,VA,23320,United States,TRUE,FALSE,,
3,53,,EOQ364546,,,,,,,,,,,,,,Shipping,,Nitto Denko Automotive (formerly Nistem),,809 Principal Court,,Chesapeake,VA,23320,United States,FALSE,TRUE,,
1,54,,EDW368753,,,,,,,,The ARC of Carroll County,,,(410) 848-4124,,,Mailing,,The ARC of Carroll County,,180 Kriders Church Road,,Westminster,MD,21158,United States,FALSE,FALSE,,FALSE
2,54,,EDW368753,,,,,,,,,,,,,,Billing,,The ARC of Carroll County,,180 Kriders Church Road,,Westminster,MD,21158,United States,TRUE,FALSE,,
3,54,,EDW368753,,,,,,,,,,,,,,Shipping,,The ARC of Carroll County,,180 Kriders Church Road,,Westminster,MD,21158,United States,FALSE,TRUE,,
1,55,,ROB070998,,,,,,,,Delta ModTech,Matthew Kay,,(800) 279-3358,(763) 755-7744,(763) 755-7799,Mailing,,Delta ModTech,,8445 Bunker Lake Blvd.,,Ramsey,MN,55303,United States,FALSE,FALSE,Net 30,TRUE
2,55,,ROB070998,,,,,,,,,,,,,,Billing,,Delta ModTech,,8445 Bunker Lake Blvd.,,Ramsey,MN,55303,United States,TRUE,FALSE,,
3,55,,ROB070998,,,,,,,,,,,,,,Shipping,,Delta ModTech,,8445 Bunker Lake Blvd.,,Ramsey,MN,55303,United States,FALSE,TRUE,,
1,56,,IOE959996,,,,,,,,"Pro Tapes & Specialties, Inc",Thomas Harbin,,(800) 345-0234,,(732) 346-0777,Mailing,,"Pro Tapes & Specialties, Inc",,,,,,,,FALSE,FALSE,Net 30,TRUE
2,56,,IOE959996,,,,,,,,,,,,,,Billing,,"Pro Tapes & Specialties, Inc",,621 US 1 South,,Brunswick,NJ,08902,United States,TRUE,FALSE,,
3,56,,IOE959996,,,,,,,,,,,,,,Shipping,,"Pro Tapes & Specialties, Inc",,621 US 1 South,,Brunswick,NJ,08902,United States,FALSE,TRUE,,
1,57,,EPV432885,,,,,,,,Rotometrics Group-MO,,,(800) 325-3851,,(800) 768-6343,Mailing,,Rotometrics Group-MO,,800 Howerton Lane,,Eureka,MO,63025,United States,FALSE,FALSE,Net 30,TRUE
2,57,,EPV432885,,,,,,,,,,,,,,Billing,,Rotometrics Group-MO,,800 Howerton Lane,,Eureka,MO,63025,United States,TRUE,FALSE,,
3,57,,EPV432885,,,,,,,,,,,,,,Shipping,,Rotometrics Group-MO,,800 Howerton Lane,,Eureka,MO,63025,United States,FALSE,TRUE,,
1,58,,QSN810205,,,,,,,,"Taher, Inc.",Ed Rodriguez,,(936) 344-2204,,(936) 344-2207,Mailing,,"Taher, Inc.",,18185 HWY 75 N,,Willis ,TX,77378-7041,United States,FALSE,FALSE,Net 30,TRUE
2,58,,QSN810205,,,,,,,,,,,,,,Billing,,"Taher, Inc.",,18185 HWY 75 N,,Willis ,TX,77378-7041,United States,TRUE,FALSE,,
3,58,,QSN810205,,,,,,,,,,,,,,Shipping,,"Taher, Inc.",,18185 HWY 75 N,,Willis ,TX,77378,United States,FALSE,TRUE,,
1,59,,OIB819681,,,,,,,,"Top Tier Industrial, LLC",Jake Sowers,Dasaro@earthlink.net,(517) 206-1541,,(517) 784-2209,Mailing,,"Top Tier Industrial, LLC",,P. O. Box 4285,,Jackson,MI,49204,United States,FALSE,FALSE,Net 30,FALSE
2,59,,OIB819681,,,,,,,,,,,,,,Billing,,"Top Tier Industrial, LLC",,P. O. Box 4285,,Jackson,MI,49204,United States,TRUE,FALSE,,
3,59,,OIB819681,,,,,,,,,,,,,,Shipping,,"Top Tier Industrial, LLC",,3728 Luella,,Jackson,MI,49201,United States,FALSE,TRUE,,
1,60,,YSV087007,,,,,,,,Rand Whitney Mid-Atlantic,Thomas Harbin,,(717) 246-1661,,(717) 244-7570,Mailing,,Rand Whitney Mid-Atlantic,,175 Walnut Street,,Red Lion,PA,17356,United States,FALSE,FALSE,1% 10 Net 30,TRUE
2,60,,YSV087007,,,,,,,,,,,,,,Billing,,Rand Whitney Mid-Atlantic,,175 Walnut Street,,Red Lion,PA,17356,United States,TRUE,FALSE,,
3,60,,YSV087007,,,,,,,,,,,,,,Shipping,,Rand Whitney Mid-Atlantic,,175 Walnut Street,,Red Lion,PA,17356,United States,FALSE,TRUE,,
1,61,,EPV985522,,,,,,,Veritiv,Veritiv - Rochester,Mark Mogar,aptradeinvoices@veritivCorp.com,(585) 581-4100,,(585) 581-4761,Mailing,,Veritiv - Rochester,,1059 West Ridge Road,,Rochester,NY,14615,United States,FALSE,FALSE,Net 60,TRUE
2,61,,EPV985522,,,,,,,,,,,,,,Billing,,Veritiv - Rochester,,"Attn: MAX A/P, P. O. Box 625799",,Cincinnati,OH,45262,United States,TRUE,FALSE,,
3,61,,EPV985522,,,,,,,,,,,,,,Shipping,,Veritiv - Rochester,,1059 West Ridge Road,,Rochester,NY,14615,United States,FALSE,TRUE,,
1,62,,YIM342938,,,,,,,,"Lexmark Intl. Technology, S.A. (Juarez)",Donald Pennington,apmexmfg@lexmark.com,01152656 629-5628,,01152656 629-5609,Mailing,,"Lexmark Intl. Technology, S.A. (Juarez)",,"CP 508 Geneva CH 1215 C/O Lexmark Mexico, PO Box 17410",,El Paso,TX,79917,United States,FALSE,FALSE,60 Days  net,TRUE
2,62,,YIM342938,,,,,,,,,,,,,,Billing,,"Lexmark Intl. Technology, S.A. (Juarez)",,"Do Not Mail Invoices. CP 508 Geneva CH 1215 C/O Lexmark Mexico,",2931 Central Ave PMB 368,El Paso,TX,79905,United States,TRUE,FALSE,,
3,62,,YIM342938,,,,,,,,,,,,,,Shipping,,"Lexmark Intl. Technology, S.A. (Juarez)",,C/O Lexmark Intl Mexicana S de R.L. de C.V.,"C/O Kuehne & Nagel - 1325 Pendale Road, Suite F",El Paso,TX,79936,United States,FALSE,TRUE,,
1,63,,IDB726023,,,,,,,,Kyana Industrial Supply,Mark Mogar,purchasing@kyanaind.com,(502) 992-3333,,(502) 992-3342,Mailing,,Kyana Industrial Supply,,2501 Ampere Drive,,Louisville,KY,40299-3863,United States,FALSE,FALSE,Net 30,TRUE
2,63,,IDB726023,,,,,,,,,,,,,,Billing,,Kyana Industrial Supply,,2501 Ampere Drive,,Louisville,KY,40299-3863,United States,TRUE,FALSE,,
3,63,,IDB726023,,,,,,,,,,,,,,Shipping,,Kyana Industrial Supply,,2501 Ampere Drive,,Louisville,KY,40299,United States,FALSE,TRUE,,
1,64,,UPM465018,,,,,,,Veritiv,Veritiv - Joliet,Mark Mogar,aptradeinvoices@veritivcorp.com,(630) 227-4600,,(630) 227-4670,Mailing,,Veritiv - Joliet,,1701 Crossroads Drive,,Joliet,IL,60431,United States,FALSE,FALSE,Net 30,TRUE
2,64,,UPM465018,,,,,,,,,,,,,,Billing,,Veritiv - Joliet,,PO Box 45195,,Jacksonville,FL,32232,United States,TRUE,FALSE,,
3,64,,UPM465018,,,,,,,,,,,,,,Shipping,,Veritiv - Joliet,,1701 Crossroads Drive,,Joliet,IL,60431,United States,FALSE,TRUE,,
1,65,,UDB397685,,,,,,,,"TCOM, L.P.",Thomas Harbin,accountspayable@tcomlp.com,(252) 330-5555,,(252) 330-4306,Mailing,,"TCOM, L.P.",,7115 Thomas Edison Drive,"Columbia Gateway, Corporation Park",Columbia,MD,21046,United States,FALSE,FALSE,Net 30,FALSE
2,65,,UDB397685,,,,,,,,,,,,,,Billing,,"TCOM, L.P.",,7115 Thomas Edison Drive,"Columbia Gateway, Corporation Park",Columbia,MD,21046,United States,TRUE,FALSE,,
3,65,,UDB397685,,,,,,,,,,,,,,Shipping,,"TCOM, L.P.",,190 TCOM Drive,,Elizabeth City,NC,27909,United States,FALSE,TRUE,,
1,66,,EDQ013494,,,,,,,,BAPS Auto Paint & Supply,Thomas Harbin,tlberkheimer@bapspaint.com,(717) 793-2105,(717) 767-6544,(717) 793-2038,Mailing,,BAPS Auto Paint & Supply,,"2915 North George St., Suite #2",,York,PA,17406,United States,FALSE,FALSE,Net 30,TRUE
2,66,,EDQ013494,,,,,,,,,,,,,,Billing,,BAPS Auto Paint & Supply,,1805 Loucks Road Suite 800,,York,PA,17408,United States,TRUE,FALSE,,
3,66,,EDQ013494,,,,,,,,,,,,,,Shipping,,BAPS Auto Paint & Supply,,2770 Lewisberry Road,,York,PA,17404,United States,FALSE,TRUE,,
1,67,,EUW765006,,,,,,,,Regal Plastics Supply Co.,Jake Sowers,,(319) 232-8757,(816) 813-4290,(319) 234-6509,Mailing,,Regal Plastics Supply Co.,,117 Industrial Drive,,Waterloo,IA,50707,United States,FALSE,FALSE,Net 30,TRUE
2,67,,EUW765006,,,,,,,,,,,,,,Billing,,Regal Plastics Supply Co.,,111 E.10th Avenue,,North Kansas City,MO,64116,United States,TRUE,FALSE,,
3,67,,EUW765006,,,,,,,,,,,,,,Shipping,,Regal Plastics Supply Co.,,117 Industrial Drive,,Waterloo,IA,50707,United States,FALSE,TRUE,,
1,68,,WPB262231,,,,,,,,DeVito's Deli,Thomas Harbin,,(410) 250-1122,,,Mailing,,DeVito's Deli,,14302 Coastal Highway,,Ocean City,MD,21842,United States,FALSE,FALSE,Net 30,TRUE
2,68,,WPB262231,,,,,,,,,,,,,,Billing,,DeVito's Deli,,14302 Coastal Highway,,Ocean City,MD,21842,United States,TRUE,FALSE,,
3,68,,WPB262231,,,,,,,,,,,,,,Shipping,,DeVito's Deli,,14302 Coastal Highway,,Ocean City,MD,21842,United States,FALSE,TRUE,,
1,69,,WSN865392,,,,,,,,Piedmont National,Mark Mogar,"pncinvoices@pncorp.com
",(704) 588-2028,,(704) 588-8195,Mailing,,Piedmont National,,P. O. Box 20118,,Atlanta,GA,30325,United States,FALSE,FALSE,Net 30,TRUE
2,69,,WSN865392,,,,,,,,,,,,,,Billing,,Piedmont National,,P. O. Box 20118,,Atlanta,GA,30325,United States,TRUE,FALSE,,
3,69,,WSN865392,,,,,,,,,,,,,,Shipping,,Piedmont National,,"11445 Granite Street, Unit B",,Charlotte,NC,28273,United States,FALSE,TRUE,,
1,70,,TFW984145,,,,,,,Veritiv,Veritiv - Omaha,Mark Mogar,aptradeinvoices@veritivcorp.com,(402) 896-4810,(402) 896-9900,(402) 895-5531,Mailing,,Veritiv - Omaha,,10500 Sapp Brothers Drive,,Omaha,NE,68138,United States,FALSE,FALSE,Net 60,TRUE
2,70,,TFW984145,,,,,,,,,,,,,,Billing,,Veritiv - Omaha,,PO 625799,,Cincinnati,OH,45262,United States,TRUE,FALSE,,
3,70,,TFW984145,,,,,,,,,,,,,,Shipping,,Veritiv - Omaha,,10500 Sapp Brothers Drive,,Omaha,NE,68138,United States,FALSE,TRUE,,
1,71,,ISE414136,,,,,,,Kyocera,Kyocera AVX-Juarez,Mark Mogar,avxap@avx.com,(864) 967-2150,,,Mailing,,Kyocera AVX-Juarez,,PO Box 971116,,El Paso,TX,79997,United States,FALSE,FALSE,Net 30,TRUE
2,71,,ISE414136,,,,,,,,,,,,,,Billing,,Kyocera AVX-Juarez,,1 AVX Boulevard,,Fountain Inn,SC,29644-9039,United States,TRUE,FALSE,,
3,71,,ISE414136,,,,,,,,,,,,,,Shipping,,Kyocera AVX-Juarez,,950 Loma Verde Drive,Ceva C/O AVX Interconnect Dock Doors 16-26,El Paso,TX,79936,United States,FALSE,TRUE,,
1,72,,EPN136397,,,,,,,,Hauni-Richmond,Jake Sowers,ap@hauni.com,(804) 236-5326,,(804) 236-5335,Mailing,,Hauni-Richmond,,2800 Charles City Road,,Richmond,VA,23231,United States,FALSE,FALSE,Net 30,TRUE
2,72,,EPN136397,,,,,,,,,,,,,,Billing,,Hauni-Richmond,,2800 Charles City Road,,Richmond,VA,23231,United States,TRUE,FALSE,,
3,72,,EPN136397,,,,,,,,,,,,,,Shipping,,Hauni-Richmond,,2800 Charles City Road,,Richmond,VA,23231,United States,FALSE,TRUE,,
1,73,,EFQ487824,,,,,,,,"Unique Fabricating, Inc.",Mark Mogar,AP@uniquefab.com,(812) 424-3392,,(502) 587-1175,Mailing,,"Unique Fabricating, Inc.",,1001 West Oak Street,,Louisville,KY,40210,United States,FALSE,FALSE,net 45,TRUE
2,73,,EFQ487824,,,,,,,,,,,,,,Billing,,"Unique Fabricating, Inc.",,1001 West Oak Street,,Louisville,KY,40210,United States,TRUE,FALSE,,
3,73,,EFQ487824,,,,,,,,,,,,,,Shipping,,"Unique Fabricating, Inc.",,1001 West Oak Street,,Louisville,KY,40210,United States,FALSE,TRUE,,
1,74,,OAV133678,,,,,,,,BW Papersystems ( MarquipWardUnited ),Thomas Harbin,,(410) 584-7700,,(410) 785-1578,Mailing,,BW Papersystems ( MarquipWardUnited ),,"PO Box 4717, Attn: Accts. Payable",,Timonium,MD,21094-4717,United States,FALSE,FALSE,Credit Card,FALSE
2,74,,OAV133678,,,,,,,,,,,,,,Billing,,BW Papersystems ( MarquipWardUnited ),,"PO Box 4717, Attn: Accts. Payable",,Timonium,MD,21094-4717,United States,TRUE,FALSE,,
3,74,,OAV133678,,,,,,,,,,,,,,Shipping,,BW Papersystems ( MarquipWardUnited ),,10615 Beaver Dam Road,,Cockeysville,MD,21030,United States,FALSE,TRUE,,
1,75,,OFR559247,,,,,,,Veritiv,Veritiv - Portland,Mark Mogar,APTradeInvoices@VeritivCorp.com,(503) 261-7631,,(503) 256-6606,Mailing,,Veritiv - Portland,,9111 N. E. Columbia Blvd.,,Portland,OR,97220,United States,FALSE,FALSE,,FALSE
2,75,,OFR559247,,,,,,,,,,,,,,Billing,,Veritiv - Portland,,"Attn: MAX A/P, P. O. Box 625799",,Cincinnati,OH,45262,United States,TRUE,FALSE,,
3,75,,OFR559247,,,,,,,,,,,,,,Shipping,,Veritiv - Portland,,9111 N. E. Columbia Blvd.,,Portland,OR,97220,United States,FALSE,TRUE,,
1,76,,EUN127513,,,,,,,Atlantic,Atlantic Corp.-Wilmington,Mark Mogar,ACCOUNTSPAYABLE@ATLANTICPKG.COM,(800) 822-1786,,(919) 865-0154,Mailing,,Atlantic Corp.-Wilmington,,806 North 23rd Street,,Wilmington,NC,28405,United States,FALSE,FALSE,Net 30,TRUE
2,76,,EUN127513,,,,,,,,,,,,,,Billing,,Atlantic Corp.-Wilmington,,806 North 23rd Street,,Wilmington,NC,28405,United States,TRUE,FALSE,,
3,76,,EUN127513,,,,,,,,,,,,,,Shipping,,Atlantic Corp.-Wilmington,,806 North 23rd Street,,Wilmington,NC,28405,United States,FALSE,TRUE,,
1,77,,IFV325442,,,,,,,W. L. Gore & Associates,"W.L. Gore & Associates, Inc. (Airport Rd.)",Thomas Harbin,accountspayable-psd@wlgore.com,(410) 506-8786,,(410) 506-8749,Mailing,,"W.L. Gore & Associates, Inc. (Airport Rd.)",,P.O. Box 1550,,Elkton,MD,21922-1550,United States,FALSE,FALSE,Net 30,FALSE
2,77,,IFV325442,,,,,,,,,,,,,,Billing,,"W.L. Gore & Associates, Inc. (Airport Rd.)",,P.O. Box 1010,,Elkton,MD,21922-1010,United States,TRUE,FALSE,,
3,77,,IFV325442,,,,,,,,,,,,,,Shipping,,"W.L. Gore & Associates, Inc. (Airport Rd.)",,401 Airport Road,,Elkton,MD,21921,United States,FALSE,TRUE,,
1,78,,EDB724624,,,,,,,,"M.E. Taylor Engineering, Inc.",Thomas Harbin,sales@semicro.org; genetaylor@mac.com,(301) 975-9798,(301) 774-6246,(301) 975-9653,Mailing,,"M.E. Taylor Engineering, Inc.",,21604 Gentry Lane,,Brookeville,MD,20833,United States,FALSE,FALSE,Net 30,FALSE
2,78,,EDB724624,,,,,,,,,,,,,,Billing,,"M.E. Taylor Engineering, Inc.",,21604 Gentry Lane,,Brookeville,MD,20833,United States,TRUE,FALSE,,
3,78,,EDB724624,,,,,,,,,,,,,,Shipping,,"M.E. Taylor Engineering, Inc.",,15817 Crabb's Branch Way,,Rockville,MD,20855,United States,FALSE,TRUE,,
1,79,,USE739947,,,,,,,,"Elite Fasteners, Inc.",Thomas Harbin,,(410) 876-9991,,(410) 876-7382,Mailing,,"Elite Fasteners, Inc.",,"150 Airport Drive, Unit 11",,Westminster,MD,21157,United States,FALSE,FALSE,pia,FALSE
2,79,,USE739947,,,,,,,,,,,,,,Billing,,"Elite Fasteners, Inc.",,"150 Airport Drive, Unit 11",,Westminster,MD,21157,United States,TRUE,FALSE,,
3,79,,USE739947,,,,,,,,,,,,,,Shipping,,"Elite Fasteners, Inc.",,"150 Airport Drive, Unit 11",,Westminster,MD,21157,United States,FALSE,TRUE,,
1,80,,IFB021586,,,,,,,Veritiv,Veritiv - Carrollton,Mark Mogar,APTradeInvoices@VeritivCorp.com,(972) 982-3300,,(972) 982-3403,Mailing,,Veritiv - Carrollton,,2828 Trade Center Drive,,Carrollton,TX,75007,United States,FALSE,FALSE,Net 30,TRUE
2,80,,IFB021586,,,,,,,,,,,,,,Billing,,Veritiv - Carrollton,,2828 Trade Center Drive,,Carrollton,TX,75007,United States,TRUE,FALSE,,
3,80,,IFB021586,,,,,,,,,,,,,,Shipping,,Veritiv - Carrollton,,2828 Trade Center Drive,,Carrollton,TX,75007,United States,FALSE,TRUE,,
1,81,,QDB672017,,,,,,,Veritiv,Veritiv - Westampton ,Mark Mogar,aptradeinvoices@veritivcorp.com,(800) 358-9700,,(856) 574-9103,Mailing,,Veritiv - Westampton ,,1200 Highland Drive Suite 18,,Westampton,NJ,08060,United States,FALSE,FALSE,60 Days  net,TRUE
2,81,,QDB672017,,,,,,,,,,,,,,Billing,,Veritiv - Westampton ,,"Attn: MAX A/P, P. O. Box 625799",,Cincinnati,OH,45262,United States,TRUE,FALSE,,
3,81,,QDB672017,,,,,,,,,,,,,,Shipping,,Veritiv - Westampton ,,1200 Highland Drive Suite 18,,Westampton,NJ,08060,United States,FALSE,TRUE,,
1,82,,QGW409681,,,,,,,,"Adhesives Research, Inc.",Thomas Harbin,,(717) 227-8211,(717) 235-7979,(717) 235-4639,Mailing,,"Adhesives Research, Inc.",,"400 Seaks Run Road, P. O. Box 100",,Glen Rock,PA,17327,United States,FALSE,FALSE,Net 30,TRUE
2,82,,QGW409681,,,,,,,,,,,,,,Billing,,"Adhesives Research, Inc.",,"400 Seaks Run Road, P. O. Box 100",,Glen Rock,PA,17327,United States,TRUE,FALSE,,
3,82,,QGW409681,,,,,,,,,,,,,,Shipping,,"Adhesives Research, Inc.",,"400 Seaks Run Road, P. O. Box 100",,Glen Rock,PA,17327,United States,FALSE,TRUE,,
1,83,,YOM295078,,,,,,,,Xcaliber,Jake Sowers,ap@xcaliberinternational.com,(918) 824-0300,,(918) 824-0302,Mailing,,Xcaliber,,4747 NE 1st,,Pryor,OK,74361,United States,FALSE,FALSE,,TRUE
2,83,,YOM295078,,,,,,,,,,,,,,Billing,,Xcaliber,,4747 N.E. 1st,,Pryor,OK,74361,United States,TRUE,FALSE,,
3,83,,YOM295078,,,,,,,,,,,,,,Shipping,,Xcaliber,,4747 NE 1st,,Pryor,OK,74361,United States,FALSE,TRUE,,
1,84,,EOE933384,,,,,,,,"Agilent Technologies, Inc.",Ed Rodriguez,mailroom_gfs@agilent.com,1.877.424.4536,1.408.345.8886,,Mailing,,"Agilent Technologies, Inc.",,5301 Stevens Creek Blvd.,MS 53L-WA,Santa Clara,CA,95051,United States,FALSE,FALSE,Prepay,TRUE
2,84,,EOE933384,,,,,,,,,,,,,,Billing,,"Agilent Technologies, Inc.",,P.O. Box 2995,,Colorado Springs,CO,80901-2995,United States,TRUE,FALSE,,
3,84,,EOE933384,,,,,,,,,,,,,,Shipping,,"Agilent Technologies, Inc.",,5301 Stevens Creek Blvd.,MS 53L-WA,Santa Clara,CA,95051,United States,FALSE,TRUE,,
1,85,,YDV993284,,,,,,,,GM Nameplate-NC (Boyd),Mark Mogar,apinvoices@gmnameplate.com,(704) 283-8175,,(704) 289-6011,Mailing,,GM Nameplate-NC (Boyd),,300 Acme Drive,,Monroe,NC,28112,United States,FALSE,FALSE,Net 30,FALSE
2,85,,YDV993284,,,,,,,,,,,,,,Billing,,GM Nameplate-NC (Boyd),,2040 15th Avenue West,,Seattle,WA,98119,United States,TRUE,FALSE,,
3,85,,YDV993284,,,,,,,,,,,,,,Shipping,,GM Nameplate-NC (Boyd),,300 Acme Drive,,Monroe,NC,28112,United States,FALSE,TRUE,,
1,86,,RDE454792,,,,,,,,SunTech Medical,Mark Mogar,,(919) 654-2300,(800) 421-8626,(919) 654-2301,Mailing,,SunTech Medical,,507 Airport Blvd Suite 117,,Morrisville,NC,27560,United States,FALSE,FALSE,Net 30,TRUE
2,86,,RDE454792,,,,,,,,,,,,,,Billing,,SunTech Medical,,5827 South Miami Blvd. Suite 100,,Morrisville,NC,27560,United States,TRUE,FALSE,,
3,86,,RDE454792,,,,,,,,,,,,,,Shipping,,SunTech Medical,,507 Airport Blvd Suite 117,,Morrisville,NC,27560,United States,FALSE,TRUE,,
1,87,,WDR189848,,,,,,,Veritiv,Veritiv - Salt Lake City ,Mark Mogar,aptradeinvoices@veritivcorp.com,(801) 236-2400,,(801) 282-2686,Mailing,,Veritiv - Salt Lake City ,,5350 West Harold Gatty Drive,,Salt Lake City,UT,84116,United States,FALSE,FALSE,Net 30,TRUE
2,87,,WDR189848,,,,,,,,,,,,,,Billing,,Veritiv - Salt Lake City ,,PO Box 44178,,Jacksonville,FL,32231-4178,United States,TRUE,FALSE,,
3,87,,WDR189848,,,,,,,,,,,,,,Shipping,,Veritiv - Salt Lake City ,,5350 West Harold Gatty Drive,,Salt Lake City,UT,84116,United States,FALSE,TRUE,,
1,88,,UUE998299,,,,,,,,Camalloy Corporation,Thomas Harbin,,(800) 245-4940,(724) 222-2022,(724) 225-5555,Mailing,,Camalloy Corporation,,P. O. Box 248,,Washington,PA,15301,United States,FALSE,FALSE,Net 30,TRUE
2,88,,UUE998299,,,,,,,,,,,,,,Billing,,Camalloy Corporation,,P. O. Box 248,1960 North Main Street,Washington,PA,15301,United States,TRUE,FALSE,,
3,88,,UUE998299,,,,,,,,,,,,,,Shipping,,Camalloy Corporation,,1960 N. Main Street,,Washington,PA,15301,United States,FALSE,TRUE,,
1,89,,TDN780405,,,,,,,,Grand River Enterprises Six Nations Ltd.,Ed Rodriguez,,(519) 445-0919,,(519) 445-0257,Mailing,,Grand River Enterprises Six Nations Ltd.,,"2176 Chiefswood Road, Box 760",,Ohsweken,ON,N0A 1M0,Canada,FALSE,FALSE,Credit Card,TRUE
2,89,,TDN780405,,,,,,,,,,,,,,Billing,,Grand River Enterprises Six Nations Ltd.,,"2176 Chiefswood Road, Box 760",,Ohsweken,ON,N0A 1M0,Canada,TRUE,FALSE,,
3,89,,TDN780405,,,,,,,,,,,,,,Shipping,,Grand River Enterprises Six Nations Ltd.,,"2176 Chiefswood Road, Box 760",,Ohsweken,ON,N0A 1M0,Canada,FALSE,TRUE,,
1,90,,UDB462439,,,,,,,Atlantic,Atlantic Corporation-Raleigh,Mark Mogar,ACCOUNTSPAYABLE@ATLANTICPKG.COM,(919) 570-9640,,(919) 570-9641,Mailing,,Atlantic Corporation-Raleigh,,165 Weathers Street,,Youngsville,NC,27596,United States,FALSE,FALSE,Net 30,TRUE
2,90,,UDB462439,,,,,,,,,,,,,,Billing,,Atlantic Corporation-Raleigh,,806 N 23rd Street,,Wilmington ,NC,28405,United States,TRUE,FALSE,,
3,90,,UDB462439,,,,,,,,,,,,,,Shipping,,Atlantic Corporation-Raleigh,,165 Weathers Street,,Youngsville,NC,27596,United States,FALSE,TRUE,,
1,91,,RSN752995,,,,,,,,"Measurement Specialties,  a TE Connectivity Company",Mark Mogar,Invoice.2328@te.com,(757) 766-1500,(757) 766-4265,(757) 865-8523,Mailing,,"Measurement Specialties,  a TE Connectivity Company",,1000 Lucas Way ,,Hampton,VA,23666,United States,FALSE,FALSE,Net 30,TRUE
2,91,,RSN752995,,,,,,,,,,,,,,Billing,,"Measurement Specialties,  a TE Connectivity Company",,1000 Lucas Way ,,Hampton,VA,23666,United States,TRUE,FALSE,,
3,91,,RSN752995,,,,,,,,,,,,,,Shipping,,"Measurement Specialties,  a TE Connectivity Company",,1000 Lucas Way ,,Hampton,VA,23666,United States,FALSE,TRUE,,
1,92,,TPM421613,,,,,,,,Accuplace,Mark Mogar,,(954) 791-1500,,(954) 791-1501,Mailing,,Accuplace,,1800 NW 69th Avenue,,Plantation,FL,33313-4583,United States,FALSE,FALSE,,TRUE
2,92,,TPM421613,,,,,,,,,,,,,,Billing,,Accuplace,,1800 NW 69th Avenue,,Plantation,FL,33313-4583,United States,TRUE,FALSE,,
3,92,,TPM421613,,,,,,,,,,,,,,Shipping,,Accuplace,,1800 NW 69th Avenue,,Plantation,FL,33313-4583,United States,FALSE,TRUE,,
1,93,,WIB097715,,,,,,,,Nissan-Canton,Mark Mogar,nnasnissanap@nissan-usa.com,(601) 855-8558,,(615) 223-3940,Mailing,,Nissan-Canton,,300 Nissan Drive,,Canton,MS,39046,United States,FALSE,FALSE,Net 30,TRUE
2,93,,WIB097715,,,,,,,,,,,,,,Billing,,Nissan-Canton,,PO BOX 981452,,El Paso,TX,79998-1452,United States,TRUE,FALSE,,
3,93,,WIB097715,,,,,,,,,,,,,,Shipping,,Nissan-Canton,,300 Nissan Drive,,Canton,MS,39046,United States,FALSE,TRUE,,
1,94,,TIV272847,,,,,,,,Shippers Supply MN,Jake Sowers,accounting@shippers-supply.com,(952) 929-2664,,(952) 929-3101,Mailing,,Shippers Supply MN,,401-11th Avenue South,,Hopkins,MN,55343,United States,FALSE,FALSE,60 Days  net,TRUE
2,94,,TIV272847,,,,,,,,,,,,,,Billing,,Shippers Supply MN,,"401-11th Avenue South, Suite 100",Suite 100,Hopkins,MN,55343,United States,TRUE,FALSE,,
3,94,,TIV272847,,,,,,,,,,,,,,Shipping,,Shippers Supply MN,,401-11th Avenue South,Dock 18/ 19,Hopkins,MN,55343,United States,FALSE,TRUE,,
1,95,,QST098934,,,,,,,,JRM Industries,Thomas Harbin,LAfif@JRM.com,(800) 533-2697,(973) 779-9340,(973) 779-8017,Mailing,,JRM Industries,,1 Mattimore Street,,Passaic,NJ,07055,United States,FALSE,FALSE,Net 30,TRUE
2,95,,QST098934,,,,,,,,,,,,,,Billing,,JRM Industries,,1 Mattimore Street,,Passaic,NJ,07055,United States,TRUE,FALSE,,
3,95,,QST098934,,,,,,,,,,,,,,Shipping,,JRM Industries,,2 Hobart Street,,Passaic,NJ,07055,United States,FALSE,TRUE,,
1,96,,RIB044904,,,,,,,Ford Motor Co.,Ford Motor Co. - Kentucky Truck,Victoria Sessa,,(502) 429-2027,,(502) 429-2701,Mailing,,Ford Motor Co. - Kentucky Truck,,3001 Chamberlain Lane,,Louisville,KY,40241,United States,FALSE,FALSE,60 Days  net,TRUE
2,96,,RIB044904,,,,,,,,,,,,,,Billing,,Ford Motor Co. - Kentucky Truck,,3001 Chamberlain Lane,,Louisville,KY,40241,United States,TRUE,FALSE,,
3,96,,RIB044904,,,,,,,,,,,,,,Shipping,,Ford Motor Co. - Kentucky Truck,,3001 Chamberlain Lane,General Stores,Louisville,KY,40241,United States,FALSE,TRUE,,
1,97,,TAV401932,,,,,,,,Dimax Corporation,Jake Sowers,,(320) 485-3232,,(320) 485-3233,Mailing,,Dimax Corporation,,10123 Industrial Dr. Suite 4,PO Box 236,Winsted,MN,55395,United States,FALSE,FALSE,Net 30,TRUE
2,97,,TAV401932,,,,,,,,,,,,,,Billing,,Dimax Corporation,,PO Box 236,,Winsted,MN,55395,United States,TRUE,FALSE,,
3,97,,TAV401932,,,,,,,,,,,,,,Shipping,,Dimax Corporation,,1109 Industrial Lane,Receiving Doors 1 or 2,Winsted,MN,55395,United States,FALSE,TRUE,,
1,98,,RFQ475502,,,,,,,,NOYA VERA DIS TICARET ,Jake Sowers,,011 90232 446 7454,,011 90232 446 7417,Mailing,,NOYA VERA DIS TICARET ,,Sair Esref Bulvari 15,Ihsan Kayin Plaza  D84,35210 Izmir,,,Turkey,FALSE,FALSE,pia,TRUE
2,98,,RFQ475502,,,,,,,,,,,,,,Billing,,NOYA VERA DIS TICARET ,,Sair Esref Bulvari 15,Ihsan Kayin Plaza  D84,Izmir,,35210 ,Turkey,TRUE,FALSE,,
3,98,,RFQ475502,,,,,,,,,,,,,,Shipping,,NOYA VERA DIS TICARET ,,Sair Esref Bulvari 15,Ihsan Kayin Plaza  D84,Izmir,,35210,Turkey,FALSE,TRUE,,
1,99,,TAW288422,,,,,,,,Cardinal Health,Thomas Harbin,,(915) 779-3681,,,Mailing,,Cardinal Health,,,,,,,,FALSE,FALSE,Net 30,TRUE
2,99,,TAW288422,,,,,,,,,,,,,,Billing,,Cardinal Health,,,,,,,,TRUE,FALSE,,
3,99,,TAW288422,,,,,,,,,,,,,,Shipping,,Cardinal Health,,"Clinical Supply Services, 10381 Decatur Road",,Philadelphia,PA,19114,United States,FALSE,TRUE,,
1,100,,TAW052056,,,,,,,,Pine Valley Packaging,Ed Rodriguez,,(905) 862-0830,,(905) 862-0842,Mailing,,Pine Valley Packaging,,1 Parratt Road,,Uxbridge ,ON,L9P 1R1,Canada,FALSE,FALSE,Net 30,TRUE
2,100,,TAW052056,,,,,,,,,,,,,,Billing,,Pine Valley Packaging,,1 Parratt Road,,Uxbridge ,ON,L9P 1R1,Canada,TRUE,FALSE,,
3,100,,TAW052056,,,,,,,,,,,,,,Shipping,,Pine Valley Packaging,,1 Parratt Road,,Uxbridge ,ON,L9P 1R1,Canada,FALSE,TRUE,,
1,101,,UDM925962,,,,,,,,"Thruway Fasteners, Inc.",Thomas Harbin,,(607) 729-3584,,(607) 729-0883,Mailing,,"Thruway Fasteners, Inc.",,P. O. Box 870,,N. Tonawanda,NY,14120-0870,United States,FALSE,FALSE,60 Days  net,TRUE
2,101,,UDM925962,,,,,,,,,,,,,,Billing,,"Thruway Fasteners, Inc.",,P. O. Box 870,,N. Tonawanda,NY,14120-0870,United States,TRUE,FALSE,,
3,101,,UDM925962,,,,,,,,,,,,,,Shipping,,"Thruway Fasteners, Inc.",,425 Commerce Road,,Vestal,NY,13850,United States,FALSE,TRUE,,
1,102,,RDT584546,,,,,,,,The Boeing Company,Thomas Harbin,vinothkumar.ponnusamy@boeing.com,(610) 591-2121,,,Mailing,,The Boeing Company,,P. O. Box 16858,,Philadelphia,PA,19142-0858,United States,FALSE,FALSE,Credit Card,TRUE
2,102,,RDT584546,,,,,,,,,,,,,,Billing,,The Boeing Company,,Attn: Vinothkumar Ponnusamy,P. O. Box 3707/ Mailcode 6A7-01,Seattle,WA,98124,United States,TRUE,FALSE,,
3,102,,RDT584546,,,,,,,,,,,,,,Shipping,,The Boeing Company,,Rt. 291 and Stewart Avenue,"Bldg. 3-31.3 F3, MC: P-3850",Ridley Park,PA,19078,United States,FALSE,TRUE,,
1,103,,RDR172762,,,,,,,,Ernest Packaging Solutions,Mark Mogar,ncpayables@ernestpkg.com,(919) 556-6711,,(919) 556-4810,Mailing,,Ernest Packaging Solutions,,501 Innovation Ave,,Morrisville,NC,27560,United States,FALSE,FALSE,Net 30,TRUE
2,103,,RDR172762,,,,,,,,,,,,,,Billing,,Ernest Packaging Solutions,,501 Innovation Ave,,Morrisville,NC,27560,United States,TRUE,FALSE,,
3,103,,RDR172762,,,,,,,,,,,,,,Shipping,,Ernest Packaging Solutions,,501 Innovation Ave,,Morrisville,NC,27560,United States,FALSE,TRUE,,
1,104,,YPN807764,,,,,,,,PRS Guitars (Paul Reed Smith),Thomas Harbin,ap@prsguitars.com,(410) 643-9970,,(410) 643-9980,Mailing,,PRS Guitars (Paul Reed Smith),,380 Log Canoe Circle,,Stevensville,MD,21666,United States,FALSE,FALSE,Net 30,FALSE
2,104,,YPN807764,,,,,,,,,,,,,,Billing,,PRS Guitars (Paul Reed Smith),,380 Log Canoe Circle,,Stevensville,MD,21666,United States,TRUE,FALSE,,
3,104,,YPN807764,,,,,,,,,,,,,,Shipping,,PRS Guitars (Paul Reed Smith),,380 Log Canoe Circle,,Stevensville,MD,21666,United States,FALSE,TRUE,,
1,105,,TGB618446,,,,,,,,"Grasser & Associates, Inc. dba Florida Export Trading Co.",Mark Mogar,dana.cook7@verizon.net,(813) 436-9733,,(813) 436-9747,Mailing,,"Grasser & Associates, Inc. dba Florida Export Trading Co.",,PO Box 2159,,Riverview,FL,33568-2159,United States,FALSE,FALSE,Net 30,TRUE
2,105,,TGB618446,,,,,,,,,,,,,,Billing,,"Grasser & Associates, Inc. dba Florida Export Trading Co.",,10732 Moss Island Drive,,Riverview,FL,33569,United States,TRUE,FALSE,,
3,105,,TGB618446,,,,,,,,,,,,,,Shipping,,"Grasser & Associates, Inc. dba Florida Export Trading Co.",,PO Box 2159,,Riverview,FL,33568-2159,United States,FALSE,TRUE,,
1,106,,UPN320586,,,,,,,,AirBoss Defense Group / Immediate Response Technologies,Ed Rodriguez,adg.invoice@adg.com,(301) 352-8800,,(301) 352-8818,Mailing,,AirBoss Defense Group / Immediate Response Technologies,,"7100 Holladay Tyler Road, Suite 200",,Glendale,MD,20769,United States,FALSE,FALSE,Net 30,FALSE
2,106,,UPN320586,,,,,,,,,,,,,,Billing,,AirBoss Defense Group / Immediate Response Technologies,,3341 75th Avenue,Ste GG,Landover,MD,20785,United States,TRUE,FALSE,,
3,106,,UPN320586,,,,,,,,,,,,,,Shipping,,AirBoss Defense Group / Immediate Response Technologies,,3341 75th Avenue,Ste GG,Landover,MD,20785,United States,FALSE,TRUE,,
1,107,,YUW991818,,,,,,,,"Peraton, Inc. ( NASA Goddard )",Thomas Harbin,FinOp.statement2@mail.peraton.com,(301) 286-2000,,,Mailing,,"Peraton, Inc. ( NASA Goddard )",,8800 Greenbelt Road,ETIS 3-Building 15 Room 106,Greenbelt,MD,20771,United States,FALSE,FALSE,Net 30,TRUE
2,107,,YUW991818,,,,,,,,,,,,,,Billing,,"Peraton, Inc. ( NASA Goddard )",,P.O. Box 221470,Attn:  Accounts Payable,Chantilly,VA,20153,United States,TRUE,FALSE,,
3,107,,YUW991818,,,,,,,,,,,,,,Shipping,,"Peraton, Inc. ( NASA Goddard )",,NASA Goddard Space Flight Center,"8800 Greenbelt Rd, ETIS 3-Building 15 Room 106",Greenbelt,MD,20771,United States,FALSE,TRUE,,
1,108,,WPR328577,,,,,,,,GT Industries - Tulsa,Jake Sowers,gcrouse@gtind.com,(800) 627-6600,,(918) 627-6606,Mailing,,GT Industries - Tulsa,,9525 East 55th Street,,Tulsa,OK,74145,United States,FALSE,FALSE,Credit Card,TRUE
2,108,,WPR328577,,,,,,,,,,,,,,Billing,,GT Industries - Tulsa,,9525 East 55th Street,,Tulsa,OK,74145,United States,TRUE,FALSE,,
3,108,,WPR328577,,,,,,,,,,,,,,Shipping,,GT Industries - Tulsa,,9525 East 55th Street,,Tulsa,OK,74145,United States,FALSE,TRUE,,
1,110,,TPB017834,,,,,,,,"Schweitzer-Mauduit International, Inc.( formerly DelStar Technologies, Inc.)", ,,(302) 378-8888,,(302) 378-4482,Mailing,,"Schweitzer-Mauduit International, Inc.( formerly DelStar Technologies, Inc.)",,"601 Industrial Drive

",,Middletown,DE,19709,United States,FALSE,FALSE,Net 30,TRUE
2,110,,TPB017834,,,,,,,,,,,,,,Billing,,"Schweitzer-Mauduit International, Inc.( formerly DelStar Technologies, Inc.)",,"601 Industrial Drive

",,Middletown,DE,19709,United States,TRUE,FALSE,,
3,110,,TPB017834,,,,,,,,,,,,,,Shipping,,"Schweitzer-Mauduit International, Inc.( formerly DelStar Technologies, Inc.)",,601 Industrial Drive,,Middletown,DE,19709,United States,FALSE,TRUE,,
1,111,,EDW720248,,,,,,,,"C.E. Thurston & Sons, Inc. formerly Empire Machinery",Mark Mogar,ap@cethurston.com,(757) 222-9200,,(757) 855-4496,Mailing,,"C.E. Thurston & Sons, Inc. formerly Empire Machinery",,PO Box 27,,Norfolk,VA,23501,United States,FALSE,FALSE,Net 30,TRUE
2,111,,EDW720248,,,,,,,,,,,,,,Billing,,"C.E. Thurston & Sons, Inc. formerly Empire Machinery",,PO Box 10286,,Norfolk,VA,23513,United States,TRUE,FALSE,,
3,111,,EDW720248,,,,,,,,,,,,,,Shipping,,"C.E. Thurston & Sons, Inc. formerly Empire Machinery",,711 Howmet Drive,,Hampton,VA,23150,United States,FALSE,TRUE,,
1,112,,EOQ976133,,,,,,,,Tidewater Valve and Fitting,Mark Mogar,,(757) 340-3181,,(757) 962-7641,Mailing,,Tidewater Valve and Fitting,,1373 London Bridge Road,,Virginia Beach,VA,23453,United States,FALSE,FALSE,Net 30,TRUE
2,112,,EOQ976133,,,,,,,,,,,,,,Billing,,Tidewater Valve and Fitting,,2825 Crusader Circle ,,Virginia Beach,VA,23453-3133,United States,TRUE,FALSE,,
3,112,,EOQ976133,,,,,,,,,,,,,,Shipping,,Tidewater Valve and Fitting,,2825 Crusader Circle ,,Virginia Beach,VA,23453-3133,United States,FALSE,TRUE,,
1,113,,ISE939304,,,,,,,,Toyota,Jake Sowers,,,,,Mailing,,Toyota,,,,,,,,FALSE,FALSE,Net 30,TRUE
2,113,,ISE939304,,,,,,,,,,,,,,Billing,,Toyota,,,,,,,,TRUE,FALSE,,
3,113,,ISE939304,,,,,,,,,,,,,,Shipping,,Toyota,,,,,,,,FALSE,TRUE,,
1,114,,UAM466001,,,,,,,,"McKinnon and Harris, Inc.",Mark Mogar,accounting@mckinnonharris.com,(804) 358-0644,,(804) 355-7022,Mailing,,"McKinnon and Harris, Inc.",,1722 Arlington Rd,,Richmond,VA,23230,United States,FALSE,FALSE,Net 30,TRUE
2,114,,UAM466001,,,,,,,,,,,,,,Billing,,"McKinnon and Harris, Inc.",,1722 Arlington Rd,,Richmond,VA,23230,United States,TRUE,FALSE,,
3,114,,UAM466001,,,,,,,,,,,,,,Shipping,,"McKinnon and Harris, Inc.",,1722 Arlington Rd,,Richmond,VA,23230,United States,FALSE,TRUE,,
1,115,,WAV615718,,,,,,,,Monte's Pinstriping (Atlantic Pinstriping),Mark Mogar,,(704) 201-4403,,(704) 846-2033,Mailing,,Monte's Pinstriping (Atlantic Pinstriping),,4108 Matthews Indian Trail Rd.,,Matthews,NC,28104,United States,FALSE,FALSE,Net 30,TRUE
2,115,,WAV615718,,,,,,,,,,,,,,Billing,,Monte's Pinstriping (Atlantic Pinstriping),,PO Box 2309,,Indian Trail,NC,28079,United States,TRUE,FALSE,,
3,115,,WAV615718,,,,,,,,,,,,,,Shipping,,Monte's Pinstriping (Atlantic Pinstriping),,4108 Matthews Indian Trail Rd.,,Matthews ,NC,28104,United States,FALSE,TRUE,,
1,116,,OFT322243,,,,,,,Hisco,Hisco - NJ,Ed Rodriguez,apinvoices@hiscoinc.com,(732) 745-2828,,(732) 745-2820,Mailing,,Hisco - NJ,,,,,,,,FALSE,FALSE,Net 30,TRUE
2,116,,OFT322243,,,,,,,,,,,,,,Billing,,Hisco - NJ,,55 Veronica Avenue,,Somerset,NJ,08873,United States,TRUE,FALSE,,
3,116,,OFT322243,,,,,,,,,,,,,,Shipping,,Hisco - NJ,,55 Veronica Avenue,,Somerset,NJ,08873-3448,United States,FALSE,TRUE,,
1,117,,IPR860545,,,,,,,,CED/Evansville Supply Co.,Jake Sowers,,(812) 424-7541,(812) 499-4562,(812) 425-6812,Mailing,,CED/Evansville Supply Co.,,801 John Street,,Evansville,IN,47713,United States,FALSE,FALSE,Net 30,FALSE
2,117,,IPR860545,,,,,,,,,,,,,,Billing,,CED/Evansville Supply Co.,,6802 Loehrlein Drive,,Evansville,IN,47715,United States,TRUE,FALSE,,
3,117,,IPR860545,,,,,,,,,,,,,,Shipping,,CED/Evansville Supply Co.,,801 John Street,,Evansville,IN,47713,United States,FALSE,TRUE,,
1,118,,QGE202945,,,,,,,,Adhesive Applications,Thomas Harbin,,(800) 356-3572,(413) 527-7120,(413) 527-7249,Mailing,,Adhesive Applications,,41 O'Neil Street,,Easthampton,MA,01027,United States,FALSE,FALSE,Net 30,TRUE
2,118,,QGE202945,,,,,,,,,,,,,,Billing,,Adhesive Applications,,41 O'Neil Street,,Easthampton,MA,01027,United States,TRUE,FALSE,,
3,118,,QGE202945,,,,,,,,,,,,,,Shipping,,Adhesive Applications,,41 O'Neil Street,,Easthampton,MA,01027,United States,FALSE,TRUE,,
1,120,,WIV771726,,,,,,,,Packaging Services of Maryland,Thomas Harbin,cathyP@psimd.com; shannony@psimd.com,(301) 223-6200,,(301) 223-9459,Mailing,,Packaging Services of Maryland,,16461 Elliott Parkway,P.O. Box 650,Williamsport,MD,21795,United States,FALSE,FALSE,Net 30,FALSE
2,120,,WIV771726,,,,,,,,,,,,,,Billing,,Packaging Services of Maryland,,16461 Elliott Parkway,,Williamsport,MD,21795,United States,TRUE,FALSE,,
3,120,,WIV771726,,,,,,,,,,,,,,Shipping,,Packaging Services of Maryland,,16461 Elliott Parkway,,Williamsport,MD,21795,United States,FALSE,TRUE,,
1,121,,UDE704608,,,,,,,Veritiv,Veritiv - Appleton,Mark Mogar,aptradeinvoices@veritivcorp.com,(314) 919-1800,,(770) 651-9747,Mailing,,Veritiv - Appleton,,,,,,,,FALSE,FALSE,Net 30,TRUE
2,121,,UDE704608,,,,,,,,,,,,,,Billing,,Veritiv - Appleton,,PO Box 45192,,Jacksonville,FL,65565-5192,United States,TRUE,FALSE,,
3,121,,UDE704608,,,,,,,,,,,,,,Shipping,,Veritiv - Appleton,,3551 East Vantage Dr,,Appleton,WI,54915,United States,FALSE,TRUE,,
1,122,,YPW441067,,,,,,,,"IFE North America, Inc. / Knorr Brake Corporation",Thomas Harbin,ap.invoices@nyab.com,(410) 875-0900,,(410) 875-1225,Mailing,,"IFE North America, Inc. / Knorr Brake Corporation",,1 Arthur Peck Dr,,Westminster,MD,21157,United States,FALSE,FALSE,Net 30,FALSE
2,122,,YPW441067,,,,,,,,,,,,,,Billing,,"IFE North America, Inc. / Knorr Brake Corporation",,PO Box 127,,Watertown,NY,13601,United States,TRUE,FALSE,,
3,122,,YPW441067,,,,,,,,,,,,,,Shipping,,"IFE North America, Inc. / Knorr Brake Corporation",,1 Arthur Peck Dr,,Westminster,MD,21157,United States,FALSE,TRUE,,
1,123,,QFM447338,,,,,,,,"Honda of America Mfg., Inc.",Jake Sowers,,(937) 642-5000,,,Mailing,,"Honda of America Mfg., Inc.",,Marysville Automobile Plant,24000 Honda Parkway,Marysville,OH,43040-9251,United States,FALSE,FALSE,,TRUE
2,123,,QFM447338,,,,,,,,,,,,,,Billing,,"Honda of America Mfg., Inc.",,Marysville Automobile Plant,24000 Honda Parkway,Marysville,OH,43040-9251,United States,TRUE,FALSE,,
3,123,,QFM447338,,,,,,,,,,,,,,Shipping,,"Honda of America Mfg., Inc.",,24000 Honda Parkway,,Marysville,OH,43040,United States,FALSE,TRUE,,
1,124,,EIW191334,,,,,,,Veritiv,Veritiv - Denver,Mark Mogar,aptradeinvoices@veritivcorp.com,(303) 375-2273,,(303) 375-4767,Mailing,,Veritiv - Denver,,3900 Lima Street,,Denver,CO,80239,United States,FALSE,FALSE,1% 10 Net 30,TRUE
2,124,,EIW191334,,,,,,,,,,,,,,Billing,,Veritiv - Denver,,P. O. Box 415195,,Jacksonville,FL,32232-5755,United States,TRUE,FALSE,,
3,124,,EIW191334,,,,,,,,,,,,,,Shipping,,Veritiv - Denver,,3900 Lima Street,,Denver,CO,80239,United States,FALSE,TRUE,,
1,125,,WAR202131,,,,,,,,Electric Motion Company,Thomas Harbin,,(860) 379-8515,,(860) 738-6215,Mailing,,Electric Motion Company,,110 John G Groppo Drv,,Winsted,CT,06098,United States,FALSE,FALSE,Net 30,FALSE
2,125,,WAR202131,,,,,,,,,,,,,,Billing,,Electric Motion Company,,110 John G Groppo Drv,,Winsted,CT,06098,United States,TRUE,FALSE,,
3,125,,WAR202131,,,,,,,,,,,,,,Shipping,,Electric Motion Company,,157 Colebrook River Road,,Winsted,CT,06098,United States,FALSE,TRUE,,
1,126,,WDN251401,,,,,,,,Bourns Inc. ,Ed Rodriguez,accounts.payable@bourns.com,(608) 757-2000,,(608) 757-2009,Mailing,,Bourns Inc. ,,1200 Columbia Avenue,,Riverside,CA,92507,United States,FALSE,FALSE,Net 30,FALSE
2,126,,WDN251401,,,,,,,,,,,,,,Billing,,Bourns Inc. ,,1200 Columbia Avenue,,Riverside,CA,92507,United States,TRUE,FALSE,,
3,126,,WDN251401,,,,,,,,,,,,,,Shipping,,Bourns Inc. ,,9560 Joe Rodriguez Dr.,C/O Space Border Logistics ,El Paso,TX,79927,United States,FALSE,TRUE,,
1,127,,TFV767893,,,,,,,,"Standard Motor Products, Inc. W & C",Thomas Harbin,ggarrison@smpcorp.com,(574) 259-6253,,(574) 259-6945,Mailing,,"Standard Motor Products, Inc. W & C",,1718 North Home Street,,Mishawaka,IN,46545-7200,United States,FALSE,FALSE,Net 30,TRUE
2,127,,TFV767893,,,,,,,,,,,,,,Billing,,"Standard Motor Products, Inc. W & C",,5150 Pelham Road,,Greenville,SC,29615,United States,TRUE,FALSE,,
3,127,,TFV767893,,,,,,,,,,,,,,Shipping,,"Standard Motor Products, Inc. W & C",,5300 George  McVay Drive Ste 204,C/O Protrans,McAllen,TX,78503,United States,FALSE,TRUE,,
1,128,,ROM408063,,,,,,,,Judco Manufacturing,Ed Rodriguez,,(310) 534-0959,,(310) 534-9420,Mailing,,Judco Manufacturing,,1429 W. 240th Street,,Harbor City,CA,90710,United States,FALSE,FALSE,Net 30,TRUE
2,128,,ROM408063,,,,,,,,,,,,,,Billing,,Judco Manufacturing,,1429 W. 240th Street,,Harbor City,CA,90710,United States,TRUE,FALSE,,
3,128,,ROM408063,,,,,,,,,,,,,,Shipping,,Judco Manufacturing,,1429 W. 240th Street,,Harbor City,CA,90710,United States,FALSE,TRUE,,
1,129,,OFN508164,,,,,,,,BGR's Label Printing  (Formerly Triangle Label),Jake Sowers,amandar@trianglelabel.com,(513) 242-2822,,(513) 242-8465,Mailing,,BGR's Label Printing  (Formerly Triangle Label),,6392 Gano Road,,West Chester,OH,45069,United States,FALSE,FALSE,Net 30,TRUE
2,129,,OFN508164,,,,,,,,,,,,,,Billing,,BGR's Label Printing  (Formerly Triangle Label),,6392 Gano Road,,West Chester,OH,45069-4869,United States,TRUE,FALSE,,
3,129,,OFN508164,,,,,,,,,,,,,,Shipping,,BGR's Label Printing  (Formerly Triangle Label),,6392 Gano Road,,West Chester,OH,45069,United States,FALSE,TRUE,,
1,130,,YGR341892,,,,,,,,"Industrial Packaging Supplies, Inc. ( IPS )",Mark Mogar,,(800) 277-7007,(864) 862-1500,(888) 744-9344,Mailing,,"Industrial Packaging Supplies, Inc. ( IPS )",,P. O. Box 2009,,Fountain Inn,SC,29644,United States,FALSE,FALSE,Net 30,TRUE
2,130,,YGR341892,,,,,,,,,,,,,,Billing,,"Industrial Packaging Supplies, Inc. ( IPS )",,P. O. Box 2009,,Fountain Inn,SC,29644,United States,TRUE,FALSE,,
3,130,,YGR341892,,,,,,,,,,,,,,Shipping,,"Industrial Packaging Supplies, Inc. ( IPS )",,306 Wilson Bridge Road,,Fountain Inn,SC,29644,United States,FALSE,TRUE,,
1,131,,ESV287306,,,,,,,MSC,"MSC Industrial Direct Co., Inc.",Thomas Harbin,BranchNWC@mscdirect.com;NavarroP@mscdirect.com,(800) 346-7801,(302) 322-5441,(302) 328-7024,Mailing,,"MSC Industrial Direct Co., Inc.",,Attn: Accounts Payable,P. O. Box 9073,Melville,NY,11747,United States,FALSE,FALSE,Net 30,TRUE
2,131,,ESV287306,,,,,,,,,,,,,,Billing,,"MSC Industrial Direct Co., Inc.",,Attn: Accounts Payable,P. O. Box 9073,Melville,NY,11747,United States,TRUE,FALSE,,
3,131,,ESV287306,,,,,,,,,,,,,,Shipping,,"MSC Industrial Direct Co., Inc.",,P. O. Box 9073,,Melville,NY,11747,United States,FALSE,TRUE,,
1,132,,IFV603349,,,,,,,,Eastern Technical Corporation,Thomas Harbin,,(410) 882-8272,,,Mailing,,Eastern Technical Corporation,,10195 Maxine Street,,Ellicott City,MD,21042,United States,FALSE,FALSE,Net 30,TRUE
2,132,,IFV603349,,,,,,,,,,,,,,Billing,,Eastern Technical Corporation,,10195 Maxine Street,,Ellicott City,MD,21042,United States,TRUE,FALSE,,
3,132,,IFV603349,,,,,,,,,,,,,,Shipping,,Eastern Technical Corporation,,10195 Maxine Street,,Ellicott City,MD,21042,United States,FALSE,TRUE,,
1,134,,TAM382648,,,,,,,,Teknion Ltd,Ed Rodriguez,tlap103@teknion.com,(416) 759-3573,,(416) 759-0488,Mailing,,Teknion Ltd,,195 Nantucket Blvd,,Scarborough,ON,M1P 2P2,Canada,FALSE,FALSE,Net 30,TRUE
2,134,,TAM382648,,,,,,,,,,,,,,Billing,,Teknion Ltd,,1150 Flint Road,,Downsview,ON,M3J 2J5,Canada,TRUE,FALSE,,
3,134,,TAM382648,,,,,,,,,,,,,,Shipping,,Teknion Ltd,,195 Nantucket Blvd,,Scarborough,ON,M1P 2P2,Canada,FALSE,TRUE,,
1,135,,EDV128237,,,,,,,,Deco Sales Co.,Thomas Harbin,,(610) 344-0710,,(610) 344-0303,Mailing,,Deco Sales Co.,,210-4 Carter Drive,,West Chester,PA,19382,United States,FALSE,FALSE,Net 30,TRUE
2,135,,EDV128237,,,,,,,,,,,,,,Billing,,Deco Sales Co.,,P. O. Box 2524,,West Chester,PA,19380,United States,TRUE,FALSE,,
3,135,,EDV128237,,,,,,,,,,,,,,Shipping,,Deco Sales Co.,,209 Carter Drive,,West Chester,PA,19382,United States,FALSE,TRUE,,
1,136,,TOB630076,,,,,,,,"IZI Medical Products, Inc.",Thomas Harbin,ap@izimed.com,(800) 231-1499,,(410) 594-0540,Mailing,,"IZI Medical Products, Inc.",,"5 Easter Court, Suite J",,Owings Mills,MD,21117,United States,FALSE,FALSE,Net 30,FALSE
2,136,,TOB630076,,,,,,,,,,,,,,Billing,,"IZI Medical Products, Inc.",,"5 Easter Court, Suite J",,Owings Mills,MD,21117,United States,TRUE,FALSE,,
3,136,,TOB630076,,,,,,,,,,,,,,Shipping,,"IZI Medical Products, Inc.",,"5 Easter Court, Suite J",,Owings Mills,MD,21117,United States,FALSE,TRUE,,
1,137,,OSW729934,,,,,,,Veritiv,Veritiv - St. Louis,Mark Mogar,aptradeinvoices@veritivcorp.com,(314) 919-1847,,(314) 919-1979,Mailing,,Veritiv - St. Louis,,Shared Services Center,P. O. Box 6519,Jacksonville,FL,32236-5192,United States,FALSE,FALSE,,TRUE
2,137,,OSW729934,,,,,,,,,,,,,,Billing,,Veritiv - St. Louis,,Shared Services Center,P. O. Box 45192,Jacksonville,FL,32232-5192,United States,TRUE,FALSE,,
3,137,,OSW729934,,,,,,,,,,,,,,Shipping,,Veritiv - St. Louis,,8195 Lackland Road,,St. Louis,MO,63114,United States,FALSE,TRUE,,
1,138,,11870,,,,,,,,McAuliffe's Industrial LLC,Jake Sowers,,(937) 642-2911,,(937) 642-4679,Mailing,,McAuliffe's Industrial LLC,,1297 West 5th Street,,Marysville,OH,43040,United States,FALSE,FALSE,Net 30,FALSE
2,138,,11870,,,,,,,,,,,,,,Billing,,McAuliffe's Industrial LLC,,1297 West 5th Street,,Marysville,OH,43040,United States,TRUE,FALSE,,
3,138,,11870,,,,,,,,,,,,,,Shipping,,McAuliffe's Industrial LLC,,1297 West 5th Street,,Marysville,OH,43040,United States,FALSE,TRUE,,
1,139,,11884,,,,,,,,Tobyhanna Army Depot,Thomas Harbin,,(570) 895-7783,,(570) 895-6902,Mailing,,Tobyhanna Army Depot,,11 Hap Arnold Blvd.,Attn: Amsel-TY,Tobyhanna ,PA,18466-5091,United States,FALSE,FALSE,Net 30,FALSE
2,139,,11884,,,,,,,,,,,,,,Billing,,Tobyhanna Army Depot,,11 Hap Arnold Blvd.,,Tobyhanna ,PA,18466-5091,United States,TRUE,FALSE,,
3,139,,11884,,,,,,,,,,,,,,Shipping,,Tobyhanna Army Depot,,"Attn.: ASARS 9025, Receiving 1 CB 6",11 Hap Arnold Blvd.,Tobyhanna ,PA,18466-5091,United States,FALSE,TRUE,,
1,140,,11892,,,,,,,,"Infrared Tools, LLC ( IR.TOOLS )",Thomas Harbin,finance@ir.tools,443-292-8885 x301,,(440) 220-8057,Mailing,,"Infrared Tools, LLC ( IR.TOOLS )",,2147 Priest Bridge Dr.,Ste 9,Crofton,MD,21114,United States,FALSE,FALSE,Net 30,FALSE
2,140,,11892,,,,,,,,,,,,,,Billing,,"Infrared Tools, LLC ( IR.TOOLS )",,2147 Priest Bridge Drive,Ste 9,Crofton,MD,21114,United States,TRUE,FALSE,,
3,140,,11892,,,,,,,,,,,,,,Shipping,,"Infrared Tools, LLC ( IR.TOOLS )",,1612 Professional Blvd,Ste AB,Crofton,MD,21114,United States,FALSE,TRUE,,
1,141,,11957,,,,,,,,"North East Technical Services, Inc.",Thomas Harbin,,(410) 751-5090,(866) 868-2382,(410) 751-5091,Mailing,,"North East Technical Services, Inc.",,"75 Aileron Ct., Suite 4",,Westminster,MD,21157,United States,FALSE,FALSE,Prepay,FALSE
2,141,,11957,,,,,,,,,,,,,,Billing,,"North East Technical Services, Inc.",,"75 Aileron Ct., Suite 4",,Westminster,MD,21157,United States,TRUE,FALSE,,
3,141,,11957,,,,,,,,,,,,,,Shipping,,"North East Technical Services, Inc.",,"75 Aileron Ct., Suite 4",,Westminster,MD,21157,United States,FALSE,TRUE,,
1,142,,11982,,,,,,,,"Advanced Metal Concepts, Inc.",Thomas Harbin,,(302) 421-9905,,(302) 421-9906,Mailing,,"Advanced Metal Concepts, Inc.",,"4376 Kirkwood St. Georges Rd., Unit D",Unit D,Bear,DE,19701,United States,FALSE,FALSE,Net 30,TRUE
2,142,,11982,,,,,,,,,,,,,,Billing,,"Advanced Metal Concepts, Inc.",,"4376 Kirkwood St. Georges Rd., Unit D",Unit D,Bear,DE,19701,United States,TRUE,FALSE,,
3,142,,11982,,,,,,,,,,,,,,Shipping,,"Advanced Metal Concepts, Inc.",,"4376 Kirkwood St. Georges Rd., Unit D",Unit D,Bear,DE,19701,United States,FALSE,TRUE,,
1,143,,12015,,,,,,,,Nokia,Matthew Kay,,(858) 831-4968,,,Mailing,,Nokia,,12278 Scripps Summit Drive,,San Diego,CA,92131,United States,FALSE,FALSE,Net 30,TRUE
2,143,,12015,,,,,,,,,,,,,,Billing,,Nokia,,12278 Scripps Summit Drive,,San Diego,CA,92131,United States,TRUE,FALSE,,
3,143,,12015,,,,,,,,,,,,,,Shipping,,Nokia,,777 E Middlefield Road,,Mountain View,CA,94043,United States,FALSE,TRUE,,
1,144,,13063,,,,,,,,Tex Shield,Thomas Harbin,daniel.cagle@tex-shield.com,(843) 663-1080,(202) 344-0391,(843) 663-1081,Mailing,,Tex Shield,,"2300 M Street, NW, Suite 800",,Washington,DC,20037,United States,FALSE,FALSE,Net 30,FALSE
2,144,,13063,,,,,,,,,,,,,,Billing,,Tex Shield,,3 Bethesda Metro Center,"Ste 700, Attn: Paul C. Palmer",Bethesda,MD,20814,United States,TRUE,FALSE,,
3,144,,13063,,,,,,,,,,,,,,Shipping,,Tex Shield,,3 Bethesda Metro Center,"Ste 700, Attn: Paul C. Palmer",Bethesda,MD,20814,United States,FALSE,TRUE,,
1,145,,13071,,,,,,,Ford Motor Co.,Ford Motor Co. - Missouri,Victoria Sessa,,,,,Mailing,,Ford Motor Co. - Missouri,,5850 Mercury Drive,,Dearborn,MI,48126,United States,FALSE,FALSE,60 Days  net,TRUE
2,145,,13071,,,,,,,,,,,,,,Billing,,Ford Motor Co. - Missouri,,5850 Mercury Drive,,Dearborn,MI,48126,United States,TRUE,FALSE,,
3,145,,13071,,,,,,,,,,,,,,Shipping,,Ford Motor Co. - Missouri,,1501 Claycomo Rd.,,Liberty,MO,64068-8939,United States,FALSE,TRUE,,
1,146,,13109,,,,,,,,Crown Packaging Corp. Antioch,Mark Mogar,,(800) 899-1595,,(636) 681-8398,Mailing,,Crown Packaging Corp. Antioch,,"1418 Antioch Pike, Suite 201",,Antioch,TN,37013,United States,FALSE,FALSE,Net 30,TRUE
2,146,,13109,,,,,,,,,,,,,,Billing,,Crown Packaging Corp. Antioch,,17854 Chesterfield Airport Rd.,,Chesterfield,MO,63005,United States,TRUE,FALSE,,
3,146,,13109,,,,,,,,,,,,,,Shipping,,Crown Packaging Corp. Antioch,,5050 Harding Place Road,,Nashville,TN,37211,United States,FALSE,TRUE,,
1,147,,13127,,,,,,,Ford Motor Co.,Ford Motor Co. - Dearborn Truck,Victoria Sessa,,(313) 594-2760,,(313) 323-2972,Mailing,,Ford Motor Co. - Dearborn Truck,,Dearborn Truck Plant,5850 Mercury Rd.,Dearborn,MI,48126,United States,FALSE,FALSE,60 Days  net,TRUE
2,147,,13127,,,,,,,,,,,,,,Billing,,Ford Motor Co. - Dearborn Truck,,5850 Mercury Rd.,,Dearborn,MI,48126,United States,TRUE,FALSE,,
3,147,,13127,,,,,,,,,,,,,,Shipping,,Ford Motor Co. - Dearborn Truck,,3001 Miller Rd.,Dearborn Truck/Paint Dept./General Stores,Dearborn,MI,48121,United States,FALSE,TRUE,,
1,148,,13148,,,,,,,Ford Motor Co.,Ford Motor Co. of Canada Ltd.,Victoria Sessa,,(905) 845-2511,,(905) 845-4078,Mailing,,Ford Motor Co. of Canada Ltd.,,5850 Mercury Dr.,,Dearborn,MI,48126,United States,FALSE,FALSE,60 Days  net,TRUE
2,148,,13148,,,,,,,,,,,,,,Billing,,Ford Motor Co. of Canada Ltd.,,5850 Mercury Dr.,,Dearborn,MI,48126,United States,TRUE,FALSE,,
3,148,,13148,,,,,,,,,,,,,,Shipping,,Ford Motor Co. of Canada Ltd.,,The Canadian Rd./Door 88/Gen. Stores,BROKER: Livingston,Oakville,ON,L6J 5C9,Canada,FALSE,TRUE,,
1,149,,13184,,,,,,,,"OBBCO Safety & Supply, Inc. (Motion Industries)",Mark Mogar,ap.corporate@obbcosafetysupply.com,(757) 420-4000,(800) 883-4001,(757) 523-1516,Mailing,,"OBBCO Safety & Supply, Inc. (Motion Industries)",,1737 South Park Court,,Chesapeake,VA,23320,United States,FALSE,FALSE,Net 30,TRUE
2,149,,13184,,,,,,,,,,,,,,Billing,,"OBBCO Safety & Supply, Inc. (Motion Industries)",,PO Box 1655,c/o Motion Industries,Birmingham,AL,35201,United States,TRUE,FALSE,,
3,149,,13184,,,,,,,,,,,,,,Shipping,,"OBBCO Safety & Supply, Inc. (Motion Industries)",,1737 South Park Court,,Chesapeake,VA,23320,United States,FALSE,TRUE,,
1,150,,13199,,,,,,,3M,"3M Company, Inc",,,,REP QUOTES,,Mailing,,"3M Company, Inc",,,,,,,,FALSE,FALSE,Net 30,TRUE
2,150,,13199,,,,,,,,,,,,,,Billing,,"3M Company, Inc",,P. O. Box 33121,,St. Paul,MN,55133,United States,TRUE,FALSE,,
3,150,,13199,,,,,,,,,,,,,,Shipping,,"3M Company, Inc",,,,,,,,FALSE,TRUE,,
1,153,,13226,,,,,,,Ford Motor Co.,Ford Motor Co. - Louisville Assembly,Victoria Sessa,,(502) 357-1819,,(502) 357-6711,Mailing,,Ford Motor Co. - Louisville Assembly,,5850 Mercury Dr.,,Dearborn,MI,48126,United States,FALSE,FALSE,60 Days  net,TRUE
2,153,,13226,,,,,,,,,,,,,,Billing,,Ford Motor Co. - Louisville Assembly,,5850 Mercury Dr.,,Dearborn,MI,48126,United States,TRUE,FALSE,,
3,153,,13226,,,,,,,,,,,,,,Shipping,,Ford Motor Co. - Louisville Assembly,,2000 Fern Valley Rd. ,General Stores,Louisville,KY,40213,United States,FALSE,TRUE,,
1,154,,13238,,,,,,,General Motors Corp.,General Motors Corp. - Hamtramck,Jake Sowers,,(313) 972-6443,,,Mailing,,General Motors Corp. - Hamtramck,,2500 E. General Motors Blvd.,,Detroit,MI,48211,United States,FALSE,FALSE,Net 30,TRUE
2,154,,13238,,,,,,,,,,,,,,Billing,,General Motors Corp. - Hamtramck,,PO BOX 982002,,El Paso,TX,79998-2002,United States,TRUE,FALSE,,
3,154,,13238,,,,,,,,,,,,,,Shipping,,General Motors Corp. - Hamtramck,,2500 E. General Motors Blvd.,Attn: Ann Kunitz - APA Stores GT 5,Detroit,MI,48211,United States,FALSE,TRUE,,
1,155,,13241,,,,,,,,"Tape Innovations, LLC",Ed Rodriguez,mkarnes@tapeinnovations.com,(817) 568-1212,,(817) 568-1295,Mailing,,"Tape Innovations, LLC",,"201 East Risinger Road, Ste. 101",,Fort Worth,TX,76140,United States,FALSE,FALSE,Net 30,TRUE
2,155,,13241,,,,,,,,,,,,,,Billing,,"Tape Innovations, LLC",,"201 East Risinger Road, Ste. 101",,Fort Worth,TX,76140,United States,TRUE,FALSE,,
3,155,,13241,,,,,,,,,,,,,,Shipping,,"Tape Innovations, LLC",,"201 East Risinger Road, Ste. 101",,Fort Worth,TX,76140,United States,FALSE,TRUE,,
1,156,,13248,,,,,,,,"McQ., Inc.",Mark Mogar,,(540) 373-2374,,(540) 891-7197,Mailing,,"McQ., Inc.",,1551 Forbes Street,,Fredericksburg,VA,22405,United States,FALSE,FALSE,Net 30,TRUE
2,156,,13248,,,,,,,,,,,,,,Billing,,"McQ., Inc.",,1551 Forbes Street,,Fredericksburg,VA,22405-1603,United States,TRUE,FALSE,,
3,156,,13248,,,,,,,,,,,,,,Shipping,,"McQ., Inc.",,1551 Forbes Street,,Fredericksburg,VA,22405,United States,FALSE,TRUE,,
1,157,,13276,,,,,,,Ford Motor Co.,Ford Motor Co. - Rawsonville,Victoria Sessa,,(734) 484-8845,,,Mailing,,Ford Motor Co. - Rawsonville,,,,,,,,FALSE,FALSE,60 Days  net,TRUE
2,157,,13276,,,,,,,,,,,,,,Billing,,Ford Motor Co. - Rawsonville,,5850 Mercury Dr.,,Dearborn,MI,48126,United States,TRUE,FALSE,,
3,157,,13276,,,,,,,,,,,,,,Shipping,,Ford Motor Co. - Rawsonville,,10300 Textile Road,,Ypsilanti,MI,48197,United States,FALSE,TRUE,,
1,158,,13293,,,,,,,,TriStar,Mark Mogar,,(800) 323-3311,(704) 598-9900,(704) 598-2800,Mailing,,TriStar,,,,,,,,FALSE,FALSE,Net 30,TRUE
2,158,,13293,,,,,,,,,,,,,,Billing,,TriStar,,906 Boston Turnpike,,Shrewsbury,MA,01545,United States,TRUE,FALSE,,
3,158,,13293,,,,,,,,,,,,,,Shipping,,TriStar,,6701-K Northpark Blvd.,,Charlotte,NC,28216,United States,FALSE,TRUE,,
1,159,,13310,,,,,,,,"Fujitsu Components America, Inc.",Ed Rodriguez,FCAI.AP@FUJITSU.COM; LKINGSTON@FCL-COMPONENTS.COM,(408) 745-4900,,(408) 745-4970,Mailing,,"Fujitsu Components America, Inc.",,"2290 North 1St Street, Suite 212",,San Jose,CA,95131,United States,FALSE,FALSE,Net 30,TRUE
2,159,,13310,,,,,,,,,,,,,,Billing,,"Fujitsu Components America, Inc.",,350 Cobalt Way M/S 160,,Sunnyvale,CA,94085,United States,TRUE,FALSE,,
3,159,,13310,,,,,,,,,,,,,,Shipping,,"Fujitsu Components America, Inc.",,"1650 Las Plumas Ave., Suite H",,San Jose,CA,95133,United States,FALSE,TRUE,,
1,160,,13312,,,,,,,Ford Motor Co.,"Ford Motor Co. - Pilot Plant, Allen Park",Victoria Sessa,,(313) 322-0389,,,Mailing,,"Ford Motor Co. - Pilot Plant, Allen Park",,,,,,,,FALSE,FALSE,60 Days  net,TRUE
2,160,,13312,,,,,,,,,,,,,,Billing,,"Ford Motor Co. - Pilot Plant, Allen Park",,17000 Oakwood Blvd.,,Allen Park,MI,48101,United States,TRUE,FALSE,,
3,160,,13312,,,,,,,,,,,,,,Shipping,,"Ford Motor Co. - Pilot Plant, Allen Park",,17000 Oakwood Blvd. ,Attn.: General Stores,Allen Park,MI,48101,United States,FALSE,TRUE,,
1,161,,13322,,,,,,,Ford Motor Co.,Ford Motor Co. - Ohio Assembly Plant-Avon Lake,Victoria Sessa,,(440) 933-1131,,(800) 213-0893,Mailing,,Ford Motor Co. - Ohio Assembly Plant-Avon Lake,,,,,,,,FALSE,FALSE,60 Days  net,TRUE
2,161,,13322,,,,,,,,,,,,,,Billing,,Ford Motor Co. - Ohio Assembly Plant-Avon Lake,,650 Miller Road,,Avon Lake,OH,44012,United States,TRUE,FALSE,,
3,161,,13322,,,,,,,,,,,,,,Shipping,,Ford Motor Co. - Ohio Assembly Plant-Avon Lake,,650 Miller Road,,Avon Lake,OH,44012,United States,FALSE,TRUE,,
1,162,,13333,,,,,,,Ford Motor Co.,Ford Motor Co. - Romulus  AF30A,Victoria Sessa,,(734) 942-6166,,,Mailing,,Ford Motor Co. - Romulus  AF30A,,,,,,,,FALSE,FALSE,60 Days  net,TRUE
2,162,,13333,,,,,,,,,,,,,,Billing,,Ford Motor Co. - Romulus  AF30A,,FCSD Parts Redistribution Center,25555 Pennsylvania Road,Romulus,MI,48174,United States,TRUE,FALSE,,
3,162,,13333,,,,,,,,,,,,,,Shipping,,Ford Motor Co. - Romulus  AF30A,,FCSD Parts Redistribution Center,25555 Pennsylvania Road,Romulus,MI,48174,United States,FALSE,TRUE,,
1,163,,13348,,,,,,,Chrysler,Chrysler - Warren Truck Assembly,Jake Sowers,,(586) 497-2400,(586) 274-7676,,Mailing,,Chrysler - Warren Truck Assembly,,21500 Mound Rd.,,Warren,MI,48091,United States,FALSE,FALSE,Net 30,FALSE
2,163,,13348,,,,,,,,,,,,,,Billing,,Chrysler - Warren Truck Assembly,,800 Chrysler Dr.,,Auburn Hills,MI,48326,United States,TRUE,FALSE,,
3,163,,13348,,,,,,,,,,,,,,Shipping,,Chrysler - Warren Truck Assembly,,21500 Mound Rd.,,Warren,MI,48091,United States,FALSE,TRUE,,
1,164,,13371,,,,,,,,Rockwell Collins (Collins Aerospace),Mark Mogar,,(319) 295-1000,,,Mailing,,Rockwell Collins (Collins Aerospace),,400 Collins Rd. NE,,Cedar Rapids,IA,52498,United States,FALSE,FALSE,,TRUE
2,164,,13371,,,,,,,,,,,,,,Billing,,Rockwell Collins (Collins Aerospace),,100 W Hibiscus Blvd,,Melbourne,FL,32901,United States,TRUE,FALSE,,
3,164,,13371,,,,,,,,,,,,,,Shipping,,Rockwell Collins (Collins Aerospace),,,,,,,,FALSE,TRUE,,
1,165,,13376,,,,,,,Ford Motor Co.,Ford Motor Co. - Cleveland Engine 1 ,Victoria Sessa,,(216) 676-2947,,,Mailing,,Ford Motor Co. - Cleveland Engine 1 ,,,,,,,,FALSE,FALSE,60 Days  net,TRUE
2,165,,13376,,,,,,,,,,,,,,Billing,,Ford Motor Co. - Cleveland Engine 1 ,,17601 Brookpark Road,,Brookpark,OH,44142,United States,TRUE,FALSE,,
3,165,,13376,,,,,,,,,,,,,,Shipping,,Ford Motor Co. - Cleveland Engine 1 ,,17601 Brookpark Road,,Brookpark,OH,44142,United States,FALSE,TRUE,,
1,166,,13380,,,,,,,Ford Motor Co.,Ford Motor Co. - Chicago Assembly,Victoria Sessa,,(773) 646-7343,,,Mailing,,Ford Motor Co. - Chicago Assembly,,,,,,,,FALSE,FALSE,60 Days  net,TRUE
2,166,,13380,,,,,,,,,,,,,,Billing,,Ford Motor Co. - Chicago Assembly,,12600 S. Torrence Avenue,,Chicago,IL,60633,United States,TRUE,FALSE,,
3,166,,13380,,,,,,,,,,,,,,Shipping,,Ford Motor Co. - Chicago Assembly,,12600 S. Torrence Avenue,General Stores,Chicago,IL,60633,United States,FALSE,TRUE,,
1,167,,13388,,,,,,,,Consumer Product Testing Co.,Matthew Kay,ACCOUNTINGSTAFF@CPTCLABS.COM ,(973) 808-7111,,(973) 808-7234,Mailing,,Consumer Product Testing Co.,,70 New Dutch Lane,,Fairfield,NJ,07004,United States,FALSE,FALSE,Net 30,TRUE
2,167,,13388,,,,,,,,,,,,,,Billing,,Consumer Product Testing Co.,,70 New Dutch Lane,,Fairfield,NJ,07004,United States,TRUE,FALSE,,
3,167,,13388,,,,,,,,,,,,,,Shipping,,Consumer Product Testing Co.,,70 New Dutch Lane,,Fairfield,NJ,07004,United States,FALSE,TRUE,,
1,169,,13417,,,,,,,Chrysler,Chrysler Toledo Assembly Plant,Jake Sowers,,(419) 727-2800,,,Mailing,,Chrysler Toledo Assembly Plant,,Corporate Accts Payable,PO Box 537927,Livonia,MI,48153,United States,FALSE,FALSE,Net 30,TRUE
2,169,,13417,,,,,,,,,,,,,,Billing,,Chrysler Toledo Assembly Plant,,Corporate Accts Payable,PO Box 537927,Livonia,MI,48153,United States,TRUE,FALSE,,
3,169,,13417,,,,,,,,,,,,,,Shipping,,Chrysler Toledo Assembly Plant,,4400 Chrysler Dr,,Toledo,OH,43608,United States,FALSE,TRUE,,
1,170,,13420,,,,,,,Ellsworth,Ellsworth Adhesives -  Germantown (WI),Jake Sowers,payables@ellsworth.com,(262) 253-8600,,(262) 253-8617,Mailing,,Ellsworth Adhesives -  Germantown (WI),,W 129 N 10825,Washington Dr.,Germantown,WI,53022,United States,FALSE,FALSE,net 50,TRUE
2,170,,13420,,,,,,,,,,,,,,Billing,,Ellsworth Adhesives -  Germantown (WI),,P. O. Box 1002,,Germantown,WI,53022,United States,TRUE,FALSE,,
3,170,,13420,,,,,,,,,,,,,,Shipping,,Ellsworth Adhesives -  Germantown (WI),,W 129 N 10825 Washington Drive,,Germantown,WI,53022,United States,FALSE,TRUE,,
1,171,,13423,,,,,,,,Proto Labels,Alexandra Clayton,,(410) 296-1884,(443) 744-0368,,Mailing,,Proto Labels,,101 South Kane Street,,Baltimore,MD,21224,United States,FALSE,FALSE,Net 30,FALSE
2,171,,13423,,,,,,,,,,,,,,Billing,,Proto Labels,,101 South Kane Street,,Baltimore,MD,21224,United States,TRUE,FALSE,,
3,171,,13423,,,,,,,,,,,,,,Shipping,,Proto Labels,,101 South Kane Street,,Baltimore,MD,21224,United States,FALSE,TRUE,,
1,172,,13425,,,,,,,,Dillon Supply,Mark Mogar,,(540) 434-0778,(919) 838-4262,(540) 434-2908,Mailing,,Dillon Supply,,440 Civic Boulevard,,Raleigh,NC,27610,United States,FALSE,FALSE,Net 30,TRUE
2,172,,13425,,,,,,,,,,,,,,Billing,,Dillon Supply,,P. O. Box 14535,,Raleigh,NC,27620,United States,TRUE,FALSE,,
3,172,,13425,,,,,,,,,,,,,,Shipping,,Dillon Supply,,1551 North Liberty Street,,Harrisonburg,VA,22802,United States,FALSE,TRUE,,
1,173,,13460,,,,,,,Ford Motor Co.,Ford Motor Co. - Flat Rock,Victoria Sessa,,(734) 782-6466,(313) 322-4350,,Mailing,,Ford Motor Co. - Flat Rock,,,,,,,,FALSE,FALSE,60 Days  net,TRUE
2,173,,13460,,,,,,,,,,,,,,Billing,,Ford Motor Co. - Flat Rock,,One International Drive,,Flat Rock,MI,48134,United States,TRUE,FALSE,,
3,173,,13460,,,,,,,,,,,,,,Shipping,,Ford Motor Co. - Flat Rock,,One International Drive,Attn: General Stores,Flat Rock,MI,48134,United States,FALSE,TRUE,,
1,174,,13463,,,,,,,Ford Motor Co.,Ford Motor Co. - Village Road,Victoria Sessa,,(313) 220-9297,(313) 322-4350,,Mailing,,Ford Motor Co. - Village Road,,,,,,,,FALSE,FALSE,60 Days  net,TRUE
2,174,,13463,,,,,,,,,,,,,,Billing,,Ford Motor Co. - Village Road,,1451 Village Road,,Dearborn,MI,48121,United States,TRUE,FALSE,,
3,174,,13463,,,,,,,,,,,,,,Shipping,,Ford Motor Co. - Village Road,,1451 Village Road/Central Crib,Engine Services Building,Dearborn,MI,48121,United States,FALSE,TRUE,,
1,175,,13479,,,,,,,Ford Motor Co.,Ford Motor Co. - T & C Sharonville,Victoria Sessa,,(513) 782-7359,,,Mailing,,Ford Motor Co. - T & C Sharonville,,,,,,,,FALSE,FALSE,60 Days  net,TRUE
2,175,,13479,,,,,,,,,,,,,,Billing,,Ford Motor Co. - T & C Sharonville,,3000 Sharon Road,,Sharonville,OH,45241,United States,TRUE,FALSE,,
3,175,,13479,,,,,,,,,,,,,,Shipping,,Ford Motor Co. - T & C Sharonville,,3000 Sharon Road,Attn: Tool Room,Sharonville,OH,45241,United States,FALSE,TRUE,,
1,176,,13483,,,,,,,Ford Motor Co.,Ford Motor Co. - Kansas City Assembly,Victoria Sessa,,(816) 459-1538,,,Mailing,,Ford Motor Co. - Kansas City Assembly,,,,,,,,FALSE,FALSE,60 Days  net,TRUE
2,176,,13483,,,,,,,,,,,,,,Billing,,Ford Motor Co. - Kansas City Assembly,,U S Hwy. 69,,Claycomo,MO,64119,United States,TRUE,FALSE,,
3,176,,13483,,,,,,,,,,,,,,Shipping,,Ford Motor Co. - Kansas City Assembly,,8121 NE U S Hwy. 69,Attn General Stores,Claycomo,MO,64119,United States,FALSE,TRUE,,
1,177,,13489,,,,,,,Ford Motor Co.,Ford Motor Co. - Kansas City Paint,Victoria Sessa,,(816) 459-1538,,,Mailing,,Ford Motor Co. - Kansas City Paint,,,,,,,,FALSE,FALSE,60 Days  net,TRUE
2,177,,13489,,,,,,,,,,,,,,Billing,,Ford Motor Co. - Kansas City Paint,,1601 Claycomo RD /Paint Facility,,Liberty,MO,64068-0009,United States,TRUE,FALSE,,
3,177,,13489,,,,,,,,,,,,,,Shipping,,Ford Motor Co. - Kansas City Paint,,1601 Claycomo RD /Paint Facility,,Liberty,MO,64068-0009,United States,FALSE,TRUE,,
1,179,,13508,,,,,,,Ford Motor Co.,Ford Motor Co. - Lima Engine   EF06A,Victoria Sessa,,,(408) 856-3322,(313) 845-3238,Mailing,,Ford Motor Co. - Lima Engine   EF06A,,,,,,,,FALSE,FALSE,60 Days  net,TRUE
2,179,,13508,,,,,,,,,,,,,,Billing,,Ford Motor Co. - Lima Engine   EF06A,,1155 Bible Road,Non Production Tool Crib,Lima,OH,45801,United States,TRUE,FALSE,,
3,179,,13508,,,,,,,,,,,,,,Shipping,,Ford Motor Co. - Lima Engine   EF06A,,1155 Bible Road,Non Production Tool Crib,Lima,OH,45801,United States,FALSE,TRUE,,
1,180,,13530,,,,,,,,Helicomb International,Jake Sowers,,(918) 835-3999,,(918) 834-4451,Mailing,,Helicomb International,,1402 S. 69th E. Ave.,,Tulsa,OK,74112-6603,United States,FALSE,FALSE,Net 30,TRUE
2,180,,13530,,,,,,,,,,,,,,Billing,,Helicomb International,,1402 S. 69th E. Ave.,,Tulsa,OK,74112-6603,United States,TRUE,FALSE,,
3,180,,13530,,,,,,,,,,,,,,Shipping,,Helicomb International,,1402 S. 69th E. Ave.,,Tulsa,OK,74112-6603,United States,FALSE,TRUE,,
1,181,,13534,,,,,,,Ford Motor Co.,Ford Motor Co. - Diversified Mfg. Plant,Victoria Sessa,,(313) 323-2999,,,Mailing,,Ford Motor Co. - Diversified Mfg. Plant,,,,,,,,FALSE,FALSE,60 Days  net,TRUE
2,181,,13534,,,,,,,,,,,,,,Billing,,Ford Motor Co. - Diversified Mfg. Plant,,3001 Miller/Crib 223-L23,,Dearborn,MI,48120,United States,TRUE,FALSE,,
3,181,,13534,,,,,,,,,,,,,,Shipping,,Ford Motor Co. - Diversified Mfg. Plant,,"Crib 223, LOC L-23 (R. Lustig)",3001 Miller/Crib 223-L23,Dearborn,MI,48120,United States,FALSE,TRUE,,
1,182,,13544,,,,,,,,"Tenneco, Inc.",Jake Sowers,,(419) 499-2541,(979) 691-7732,,Mailing,,"Tenneco, Inc.",,33 Lockwood Road,,Milan,OH,44846,United States,FALSE,FALSE,Net 30,TRUE
2,182,,13544,,,,,,,,,,,,,,Billing,,"Tenneco, Inc.",,33 Lockwood Road,,Milan,OH,44846,United States,TRUE,FALSE,,
3,182,,13544,,,,,,,,,,,,,,Shipping,,"Tenneco, Inc.",,33 Lockwood Road,,Milan,OH,44846,United States,FALSE,TRUE,,
1,183,,13546,,,,,,,,Rubbertec,Jake Sowers,,(740) 657-3345,,(740) 657-1349,Mailing,,Rubbertec,,7580 Commerce Ct.,,Lewis Center,OH,43035,United States,FALSE,FALSE,Net 30,TRUE
2,183,,13546,,,,,,,,,,,,,,Billing,,Rubbertec,,7580 Commerce Ct.,,Lewis Center,OH,43035,United States,TRUE,FALSE,,
3,183,,13546,,,,,,,,,,,,,,Shipping,,Rubbertec,,7580 Commerce Ct.,Elledge Gasket,Lewis Center,OH,43035,United States,FALSE,TRUE,,
1,184,,13555,,,,,,,Ford Motor Co.,Ford Dearborn Engine & Fuel Tank  EF03A,Victoria Sessa,,(313) 322-7532,,,Mailing,,Ford Dearborn Engine & Fuel Tank  EF03A,,,,,,,,FALSE,FALSE,60 Days  net,TRUE
2,184,,13555,,,,,,,,,,,,,,Billing,,Ford Dearborn Engine & Fuel Tank  EF03A,,3001 Miller Road,,Dearborn,MI,48120,United States,TRUE,FALSE,,
3,184,,13555,,,,,,,,,,,,,,Shipping,,Ford Dearborn Engine & Fuel Tank  EF03A,,3001 Miller Road,Attn:  Crib 270,Dearborn,MI,48120,United States,FALSE,TRUE,,
1,185,,13560,,,,,,,,Lamart Corporation,Thomas Harbin,,(973) 772-6262,,(973) 772-3673,Mailing,,Lamart Corporation,,16 Richmond St.,,Clifton,NJ,07015,United States,FALSE,FALSE,Net 30,TRUE
2,185,,13560,,,,,,,,,,,,,,Billing,,Lamart Corporation,,16 Richmond St.,,Clifton,NJ,07015,United States,TRUE,FALSE,,
3,185,,13560,,,,,,,,,,,,,,Shipping,,Lamart Corporation,,16 Richmond St.,,Clifton,NJ,07015,United States,FALSE,TRUE,,
1,186,,13561,,,,,,,Ford Motor Co.,Ford Michigan Truck   AP02F,Victoria Sessa,,,,,Mailing,,Ford Michigan Truck   AP02F,,,,,,,,FALSE,FALSE,,TRUE
2,186,,13561,,,,,,,,,,,,,,Billing,,Ford Michigan Truck   AP02F,,38000 Van Born/Body Shop,,Wayne,MI,48184,United States,TRUE,FALSE,,
3,186,,13561,,,,,,,,,,,,,,Shipping,,Ford Michigan Truck   AP02F,,38000 Van Born/Body Shop,Attn: General Stores,Wayne,MI,48184,United States,FALSE,TRUE,,
1,187,,13578,,,,,,,,Gentex Corp,Jake Sowers,,616 772-1590 x4781,,,Mailing,,Gentex Corp,,600 North Centennial Street,,Zeeland,MI,49464,United States,FALSE,FALSE,Net 30,TRUE
2,187,,13578,,,,,,,,,,,,,,Billing,,Gentex Corp,,600 North Centennial Street,Attn:  Accounts Payable,Zeeland,MI,49464,United States,TRUE,FALSE,,
3,187,,13578,,,,,,,,,,,,,,Shipping,,Gentex Corp,,600 North Centennial Street,East Dock Doors 1E-6E,Zeeland,MI,49464,United States,FALSE,TRUE,,
1,188,,13590,,,,,,,,Johns Hopkins Univ. Dept. of Physics and Astronomy,Thomas Harbin,,(410) 516-8390,,,Mailing,,Johns Hopkins Univ. Dept. of Physics and Astronomy,,3701 San Martin Drive,Department of Physics and Astronomy Instrument Development Group ,Baltimore,MD,21218,United States,FALSE,FALSE,Credit Card,FALSE
2,188,,13590,,,,,,,,,,,,,,Billing,,Johns Hopkins Univ. Dept. of Physics and Astronomy,,3701 San Martin Drive,Department of Physics and Astronomy Instrument Development Group ,Baltimore,MD,21218,United States,TRUE,FALSE,,
3,188,,13590,,,,,,,,,,,,,,Shipping,,Johns Hopkins Univ. Dept. of Physics and Astronomy,,3701 San Martin Drive,Department of Physics and Astronomy Instrument Development Group ,Baltimore,MD,21218,United States,FALSE,TRUE,,
1,189,,13614,,,,,,,,King Mountain Tobacco,Ed Rodriguez,,(509) 945-0872,,(509) 874-3690,Mailing,,King Mountain Tobacco,,,,,,,,FALSE,FALSE,Credit Card,FALSE
2,189,,13614,,,,,,,,,,,,,,Billing,,King Mountain Tobacco,,2000 Ft. Simco Road,,White Swan,WA,98952,United States,TRUE,FALSE,,
3,189,,13614,,,,,,,,,,,,,,Shipping,,King Mountain Tobacco,,2000 Ft. Simco Road,,White Swan,WA,98952,United States,FALSE,TRUE,,
1,190,,13621,,,,,,,,"Amphenol Intercon Systems, Inc.",Thomas Harbin,slehman@interconsystems.com,(717) 915-1400,,(717) 915-1499,Mailing,,"Amphenol Intercon Systems, Inc.",,"825 Old Trail Road, Suite A",,Etters,PA,17319,United States,FALSE,FALSE,Net 30,TRUE
2,190,,13621,,,,,,,,,,,,,,Billing,,"Amphenol Intercon Systems, Inc.",,"825 Old Trail Road, Suite A",,Etters,PA,17319,United States,TRUE,FALSE,,
3,190,,13621,,,,,,,,,,,,,,Shipping,,"Amphenol Intercon Systems, Inc.",,"825 Old Trail Road, Suite A",,Etters,PA,17319,United States,FALSE,TRUE,,
1,191,,13627,,,,,,,,RAM Technologies,Ed Rodriguez,,(800) 448-6878,(425) 347-9200,(425) 347-9265,Mailing,,RAM Technologies,,P.O. Box 27,4605 116th Street S.W.,Mukilteo,WA,98275,United States,FALSE,FALSE,Net 30,TRUE
2,191,,13627,,,,,,,,,,,,,,Billing,,RAM Technologies,,P.O. Box 27,4605 116th Street S.W.,Mukilteo,WA,98275,United States,TRUE,FALSE,,
3,191,,13627,,,,,,,,,,,,,,Shipping,,RAM Technologies,,"4605  116th Street, S.W.",,Mukilteo,WA,98275,United States,FALSE,TRUE,,
1,192,,13629,,,,,,,,Mark Andy Print Products,Jake Sowers,accountspayable@markandy.com,(888) 491-8273,(904) 307-1466,(888) 491-8273,Mailing,,Mark Andy Print Products,,PO Box 17065,,Fernandina Beach,FL,32035,United States,FALSE,FALSE,Net 30,TRUE
2,192,,13629,,,,,,,,,,,,,,Billing,,Mark Andy Print Products,,P. O. Box 1023,,Chesterfield,MO,63006,United States,TRUE,FALSE,,
3,192,,13629,,,,,,,,,,,,,,Shipping,,Mark Andy Print Products,,201 W. Oakton Street,,Des Plains,IL,60018,United States,FALSE,TRUE,,
1,193,,13632,,,,,,,,Premier Supply Company,Thomas Harbin,tcpawlak@comcast.net,(574) 264-2235,,(574) 262-2023,Mailing,,Premier Supply Company,,53372 Cobus Court,,Elkhart,IN,46514,United States,FALSE,FALSE,Net 30,TRUE
2,193,,13632,,,,,,,,,,,,,,Billing,,Premier Supply Company,,53372 Cobus Court,,Elkhart,IN,46514,United States,TRUE,FALSE,,
3,193,,13632,,,,,,,,,,,,,,Shipping,,Premier Supply Company,,53372 Cobus Court,,Elkhart,IN,46514,United States,FALSE,TRUE,,
1,194,,13647,,,,,,,,Kenosha B.V.,Jake Sowers,cathy.lahay@kenoshatapes.com; info@kenoshatapes.com,31 20 453 9126,,31 84 747 0860,Mailing,,Kenosha B.V.,,Schweitzerlaan 70,,1187 JD Amstelveen,,,Netherlands,FALSE,FALSE,Net 30,TRUE
2,194,,13647,,,,,,,,,,,,,,Billing,,Kenosha B.V.,,Schweitzerlaan 24,,Amstelveen,,1187 JD ,Netherlands,TRUE,FALSE,,
3,194,,13647,,,,,,,,,,,,,,Shipping,,Kenosha B.V.,,Schweitzerlaan 70,,Amstelveen,,1187 JD ,Netherlands,FALSE,TRUE,,
1,195,,13649,,,,,,,Ellsworth,Ellsworth Adhesives - Mexico,Jake Sowers,payables@ellsworth.com,52 656 668 1706,,(262) 509-8846,Mailing,,Ellsworth Adhesives - Mexico,,,,,,,,FALSE,FALSE,net 50,TRUE
2,195,,13649,,,,,,,,,,,,,,Billing,,Ellsworth Adhesives - Mexico,,P. O. Box 1002,,Germantown,WI,53022,United States,TRUE,FALSE,,
3,195,,13649,,,,,,,,,,,,,,Shipping,,Ellsworth Adhesives - Mexico,,Circuito Roble 1015,"Hacienda, del Nogal",Cd Juarez,Chih,32470,Mexico,FALSE,TRUE,,
1,196,,13651,,,,,,,,Protective Packaging Products P3,Mark Mogar,,(502) 357-6872,(866) 357-6872,(502) 589-5951,Mailing,,Protective Packaging Products P3,,1600 West Main St.,,Louisville,KY,40203,United States,FALSE,FALSE,Net 30,TRUE
2,196,,13651,,,,,,,,,,,,,,Billing,,Protective Packaging Products P3,,PO Box 3585,,Louisville,KY,40201,United States,TRUE,FALSE,,
3,196,,13651,,,,,,,,,,,,,,Shipping,,Protective Packaging Products P3,,1600 West Main Street,,Louisville,KY,40203,United States,FALSE,TRUE,,
1,197,,13658,,,,,,,Materion,"Materion Large Area Coatings, LLC.",Thomas Harbin,AP4invoices@materion.com,(860) 688-2300,,(860) 688-0278,Mailing,,"Materion Large Area Coatings, LLC.",,300 Lamberton Rd.,,Windsor,CT,06095,United States,FALSE,FALSE,Net 30,TRUE
2,197,,13658,,,,,,,,,,,,,,Billing,,"Materion Large Area Coatings, LLC.",,300 Lamberton Rd.,,Windsor,CT,06095,United States,TRUE,FALSE,,
3,197,,13658,,,,,,,,,,,,,,Shipping,,"Materion Large Area Coatings, LLC.",,300 Lamberton Rd.,,Windsor,CT,06095,United States,FALSE,TRUE,,
1,198,,13660,,,,,,,,Murtech,Thomas Harbin,,(410) 766-5335,,(410) 766-5773,Mailing,,Murtech,,820 Cromwell Park Drive,,Glen Burnie,MD,21061,United States,FALSE,FALSE,Net 30,FALSE
2,198,,13660,,,,,,,,,,,,,,Billing,,Murtech,,820 Cromwell Park Drive,,Glen Burnie,MD,21061,United States,TRUE,FALSE,,
3,198,,13660,,,,,,,,,,,,,,Shipping,,Murtech,,820 Cromwell Park Drive,,Glen Burnie,MD,21061,United States,FALSE,TRUE,,
1,200,,13674,,,,,,,,Letterkenny Army Depot,Thomas Harbin,,(717) 267-8171,,,Mailing,,Letterkenny Army Depot,,1 Overcash Avenue,Amsam-LE-KO Bldg 2,Chambersburg,PA,17201-4150,United States,FALSE,FALSE,Net 30,TRUE
2,200,,13674,,,,,,,,,,,,,,Billing,,Letterkenny Army Depot,,1 Overcash Avenue,Amsam-LE-KO Bldg 2,Chambersburg,PA,17201-4150,United States,TRUE,FALSE,,
3,200,,13674,,,,,,,,,,,,,,Shipping,,Letterkenny Army Depot,,"1 Overcash Ave., Bldg. 320 or advise",,Chambersburg,PA,17201-4150,United States,FALSE,TRUE,,
1,201,,13678,,,,,,,,Spaceage Tool and Manufacturing Inc.,Jake Sowers,,(641) 713-2055,,(641) 713-4065,Mailing,,Spaceage Tool and Manufacturing Inc.,,611 North Park,,St Ansgar,IA,50472,United States,FALSE,FALSE,Net 30,FALSE
2,201,,13678,,,,,,,,,,,,,,Billing,,Spaceage Tool and Manufacturing Inc.,,611 North Park,,St Ansgar,IA,50472,United States,TRUE,FALSE,,
3,201,,13678,,,,,,,,,,,,,,Shipping,,Spaceage Tool and Manufacturing Inc.,,611 North Park,,St Ansgar,IA,50472,United States,FALSE,TRUE,,
1,202,,13687,,,,,,,Veritiv,Veritiv - Orlando,Mark Mogar,aptradeinvoices@veritivcorp.com,(904) 636-9778,,,Mailing,,Veritiv - Orlando,,,,,,,,FALSE,FALSE,Net 60,TRUE
2,202,,13687,,,,,,,,,,,,,,Billing,,Veritiv - Orlando,,"Attn: MAX A/P, P. O. Box 45195",,Jacksonville,FL,32232,United States,TRUE,FALSE,,
3,202,,13687,,,,,,,,,,,,,,Shipping,,Veritiv - Orlando,,4051 Phillips Highway,,Jacksonville,FL,32207,United States,FALSE,TRUE,,
1,203,,13689,,,,,,,Ford Motor Co.,Ford Motor - Sterling Plant,Victoria Sessa,,,,,Mailing,,Ford Motor - Sterling Plant,,,,,,,,FALSE,FALSE,60 Days  net,TRUE
2,203,,13689,,,,,,,,,,,,,,Billing,,Ford Motor - Sterling Plant,,39000 Mound Road,,Sterling Heights,MI,48310-2799,United States,TRUE,FALSE,,
3,203,,13689,,,,,,,,,,,,,,Shipping,,Ford Motor - Sterling Plant,,39000 Mound Road,,Sterling Heights,MI,48310-2799,United States,FALSE,TRUE,,
1,204,,13715,,,,,,,,Hubbard Supply,Jake Sowers,accountspayable@hubbarddirect.com,(810) 234-8681,,(810) 234-6142,Mailing,,Hubbard Supply,,901 W. 2nd. St,,Flint,MI,48503,United States,FALSE,FALSE,Net 30,TRUE
2,204,,13715,,,,,,,,,,,,,,Billing,,Hubbard Supply,,901 W. 2nd. Street,,Flint,MI,48503,United States,TRUE,FALSE,,
3,204,,13715,,,,,,,,,,,,,,Shipping,,Hubbard Supply,,901 W. 2nd. Street,,Flint,MI,48503,United States,FALSE,TRUE,,
1,205,,13724,,,,,,,,Santa Fe Natural Tobacco Company,Ed Rodriguez,,(919) 692-3049,,(919) 690-0437,Mailing,,Santa Fe Natural Tobacco Company,,,,,,,,FALSE,FALSE,Credit Card,TRUE
2,205,,13724,,,,,,,,,,,,,,Billing,,Santa Fe Natural Tobacco Company,,1 Plaza La Prensa,,Santa Fe,NM,87507,United States,TRUE,FALSE,,
3,205,,13724,,,,,,,,,,,,,,Shipping,,Santa Fe Natural Tobacco Company,,3220 Knotts Grove Road,Attn: Danny Arnold,Oxford,NC,27565,United States,FALSE,TRUE,,
1,206,,13734,,,,,,,,SAI Infusion Technologies,Jake Sowers,,(847) 356-0321,,(847) 356-0382,Mailing,,SAI Infusion Technologies,,278 Park Avenue,,Libertyville,IL,60046,United States,FALSE,FALSE,Credit Card,TRUE
2,206,,13734,,,,,,,,,,,,,,Billing,,SAI Infusion Technologies,,278 Park Avenue,,Libertyville,IL,60046,United States,TRUE,FALSE,,
3,206,,13734,,,,,,,,,,,,,,Shipping,,SAI Infusion Technologies,,278 Park Avenue,,Libertyville,IL,60046,United States,FALSE,TRUE,,
1,207,,13759,,,,,,,,MacKennan Labs,Thomas Harbin,,(443) 735-9754,,,Mailing,,MacKennan Labs,,,,,,,,FALSE,FALSE,Net 30,TRUE
2,207,,13759,,,,,,,,,,,,,,Billing,,MacKennan Labs,,404 Forest Lane,,Salisbury,MD,21801,United States,TRUE,FALSE,,
3,207,,13759,,,,,,,,,,,,,,Shipping,,MacKennan Labs,,404 Forest Lane,,Salisbury,MD,21801,United States,FALSE,TRUE,,
1,208,,13774,,,,,,,Ford Motor Co.,Ford Motor - Design Center,Victoria Sessa,,(313) 805-7811,,,Mailing,,Ford Motor - Design Center,,,,,,,,FALSE,FALSE,60 Days  net,TRUE
2,208,,13774,,,,,,,,,,,,,,Billing,,Ford Motor - Design Center,,21175 Oakwood Blvd.,,Dearborn,MI,48124,United States,TRUE,FALSE,,
3,208,,13774,,,,,,,,,,,,,,Shipping,,Ford Motor - Design Center,,21175 Oakwood Blvd.,,Dearborn,MI,48124,United States,FALSE,TRUE,,
1,209,,13779,,,,,,,,"QRC Technologies, Inc.",Mark Mogar,,(301) 432-2612,,,Mailing,,"QRC Technologies, Inc.",,,,,,,,FALSE,FALSE,Net 30,TRUE
2,209,,13779,,,,,,,,,,,,,,Billing,,"QRC Technologies, Inc.",,1191 Central Park Blvd,,Fredericksburg,VA,22401,United States,TRUE,FALSE,,
3,209,,13779,,,,,,,,,,,,,,Shipping,,"QRC Technologies, Inc.",,,,,,,,FALSE,TRUE,,
1,210,,13789,,,,,,,,"Global Safety First, LLC",Thomas Harbin, madams@strouse.com,(610) 248-9478,,(610) 240-0901,Mailing,,"Global Safety First, LLC",,"545 Washington Blvd., Suite 2",,Sea Girt,NJ,08750,United States,FALSE,FALSE,Net 30,TRUE
2,210,,13789,,,,,,,,,,,,,,Billing,,"Global Safety First, LLC",,41 Leopard Road,"Paoli Executive Green I, Suite 200",Paoli,PA,19301,United States,TRUE,FALSE,,
3,210,,13789,,,,,,,,,,,,,,Shipping,,"Global Safety First, LLC",,"545 Washington Blvd., Suite 2",,Sea Girt,NJ,08750,United States,FALSE,TRUE,,
1,211,,13796,,,,,,,,"ProductDev, LLC",Thomas Harbin,,(410) 804-4040,,(410) 878-9144,Mailing,,"ProductDev, LLC",,1405 Ryan Road,,Fallston,MD,21047,United States,FALSE,FALSE,,TRUE
2,211,,13796,,,,,,,,,,,,,,Billing,,"ProductDev, LLC",,1405 Ryan Road,,Fallston,MD,21047,United States,TRUE,FALSE,,
3,211,,13796,,,,,,,,,,,,,,Shipping,,"ProductDev, LLC",,1405 Ryan Road,,Fallston,MD,21047,United States,FALSE,TRUE,,
1,212,,13799,,,,,,,Ford Motor Co.,Ford Motor Co. - Woodhaven Stamping Plant,Victoria Sessa,,,,,Mailing,,Ford Motor Co. - Woodhaven Stamping Plant,,,,,,,,FALSE,FALSE,60 Days  net,TRUE
2,212,,13799,,,,,,,,,,,,,,Billing,,Ford Motor Co. - Woodhaven Stamping Plant,,20900 West Road,,Woodhaven,MI,48183-3327,United States,TRUE,FALSE,,
3,212,,13799,,,,,,,,,,,,,,Shipping,,Ford Motor Co. - Woodhaven Stamping Plant,,20900 West Road,,Woodhaven,MI,48183-3327,United States,FALSE,TRUE,,
1,213,,13828,,,,,,,,Cowles Products,Thomas Harbin,rcaporale@ccowles.com,(203) 865-3117,(203) 777-8036,(203) 773-1019,Mailing,,Cowles Products,,,,,,,,FALSE,FALSE,Net 30,TRUE
2,213,,13828,,,,,,,,,,,,,,Billing,,Cowles Products,,126 Bailey Road,,New Haven,CT,06473,United States,TRUE,FALSE,,
3,213,,13828,,,,,,,,,,,,,,Shipping,,Cowles Products,,83 Water Street,,New Haven,CT,06511,United States,FALSE,TRUE,,
1,214,,13835,,,,,,,,Stauffer Glove and Safety,Thomas Harbin,payables@stauffersafety.com,(215) 679-4446,(770) 630-8631,(215) 679-4787,Mailing,,Stauffer Glove and Safety,,,,,,,,FALSE,FALSE,Net 30,TRUE
2,214,,13835,,,,,,,,,,,,,,Billing,,Stauffer Glove and Safety,,PO Box 45,,Red Hill,PA,18076,United States,TRUE,FALSE,,
3,214,,13835,,,,,,,,,,,,,,Shipping,,Stauffer Glove and Safety,,361 East 6th Street,,Red Hill,PA,18076,United States,FALSE,TRUE,,
1,215,,13849,,,,,,,,Sherwin Williams Co,Jake Sowers,madams@strouse.com,(815) 625-0081,,(815) 625-4653,Mailing,,Sherwin Williams Co,,101 Prospect Ave.,9th Floor Midland Bldg,Cleveland,OH,44115,United States,FALSE,FALSE,60 Days  net,TRUE
2,215,,13849,,,,,,,,,,,,,,Billing,,Sherwin Williams Co,,PO Box 5819,,Cleveland,OH,44101,United States,TRUE,FALSE,,
3,215,,13849,,,,,,,,,,,,,,Shipping,,Sherwin Williams Co,,3205 East Lincolnway,,Sterling,IL,61081-1772,United States,FALSE,TRUE,,
1,216,,13852,,,,,,,,"Luckett Holdings, Inc.",Mark Mogar,accounting@luckettinc.com,(502) 561-0070,,(502) 584-1650,Mailing,,"Luckett Holdings, Inc.",,,,,,,,FALSE,FALSE,Net 30,TRUE
2,216,,13852,,,,,,,,,,,,,,Billing,,"Luckett Holdings, Inc.",,"2000 Warrington Way, Suite 163",,Louisville,KY,40222,United States,TRUE,FALSE,,
3,216,,13852,,,,,,,,,,,,,,Shipping,,"Luckett Holdings, Inc.",,Compagnie Des Tabacs,"Comme IL Faut S. A.,Rte.De Cazeus/Tabarre",Port Au Prince,,,Haiti,FALSE,TRUE,,
1,217,,13853,,,,,,,,"AMZ West, Inc. (Formerly Tucker Industrial Liquid Coatings, Inc.)",Thomas Harbin,ksmith@amzmfg.com,(717) 259-8339,(800) 753-5171,(717) 259-8733,Mailing,,"AMZ West, Inc. (Formerly Tucker Industrial Liquid Coatings, Inc.)",,,,,,,,FALSE,FALSE,Net 30,TRUE
2,217,,13853,,,,,,,,,,,,,,Billing,,"AMZ West, Inc. (Formerly Tucker Industrial Liquid Coatings, Inc.)",,2675 Eastern Blvd,,York,PA,17402,United States,TRUE,FALSE,,
3,217,,13853,,,,,,,,,,,,,,Shipping,,"AMZ West, Inc. (Formerly Tucker Industrial Liquid Coatings, Inc.)",,407 North Avenue,,East Berlin,PA,17316,United States,FALSE,TRUE,,
1,218,,13856,,,,,,,L3 Harris,L3 Harris Technologies,Mark Mogar,aribaAP@L3T.com,(770) 752-7000,,(770) 752-5516,Mailing,,L3 Harris Technologies,,1355 Bluegrass Lakes Parkway,,Alpharetta,GA,30004-8458,United States,FALSE,FALSE,Net 30,TRUE
2,218,,13856,,,,,,,,,,,,,,Billing,,L3 Harris Technologies,,1355 Bluegrass Lakes Parkway,,Alpharetta,GA,30004-8458,United States,TRUE,FALSE,,
3,218,,13856,,,,,,,,,,,,,,Shipping,,L3 Harris Technologies,,1355 Bluegrass Lakes Parkway,Display Systems Division,Alpharetta,GA,30004-8458,United States,FALSE,TRUE,,
1,219,,13864,,,,,,,Fastenal,Fastenal - McConnellsburg,Jake Sowers,apinvoicedisc@fastenal.com,(507) 453-8526,,(507) 494-7592,Mailing,,Fastenal - McConnellsburg,,225 Lincoln Way W.,,McConnellsburg,PA,17233,United States,FALSE,FALSE,Net 30,TRUE
2,219,,13864,,,,,,,,,,,,,,Billing,,Fastenal - McConnellsburg,,Attn: A/P,P. O. Box 529,Winona,MN,55987,United States,TRUE,FALSE,,
3,219,,13864,,,,,,,,,,,,,,Shipping,,Fastenal - McConnellsburg,,225 Lincoln Way W.,,McConnellsburg,PA,17233,United States,FALSE,TRUE,,
1,220,,13872,,,,,,,,TA Industrial,Jake Sowers,,(419) 661-1400,(800) 331-0904,(419) 661-1772,Mailing,,TA Industrial,,PO Box 863,,Toledo,OH,43691,United States,FALSE,FALSE,Net 30,TRUE
2,220,,13872,,,,,,,,,,,,,,Billing,,TA Industrial,,PO Box 863,,Toledo,OH,43691,United States,TRUE,FALSE,,
3,220,,13872,,,,,,,,,,,,,,Shipping,,TA Industrial,,7749 Ponderosa Road,,Perrysburg,OH,43551,United States,FALSE,TRUE,,
1,221,,13898,,,,,,,,Identco International,Jake Sowers,apinvoicesiusa@identco.com,(800) 533-2559,(815) 385-0011,,Mailing,,Identco International,,,,,,,,FALSE,FALSE,Credit Card,TRUE
2,221,,13898,,,,,,,,,,,,,,Billing,,Identco International,,28164 West Concrete Drive,,Ingleside,IL,60041,United States,TRUE,FALSE,,
3,221,,13898,,,,,,,,,,,,,,Shipping,,Identco International,,28164 West Concrete Drive,,Ingleside,IL,60041,United States,FALSE,TRUE,,
1,222,,13915,,,,,,,,BDI,Mark Mogar,ap@BDIUSA.com,(703) 803-6900,,(703) 803-6903,Mailing,,BDI,,14954 Bogle Drive,,Chantilly,VA,20151,United States,FALSE,FALSE,Credit Card,TRUE
2,222,,13915,,,,,,,,,,,,,,Billing,,BDI,,14954 Bogle Drive,,Chantilly,VA,20151,United States,TRUE,FALSE,,
3,222,,13915,,,,,,,,,,,,,,Shipping,,BDI,,14954 Bogle Drive,,Chantilly,VA,20151,United States,FALSE,TRUE,,
1,223,,13923,,,,,,,,Xerox Corporation,Thomas Harbin,APinvoices@xerox.com,(503) 685-2986,,(585) 422-9435,Mailing,,Xerox Corporation,,Accounts Payable,P. O. Box 1560,Rochester,NY,14580-0420,United States,FALSE,FALSE,60 Days  net,TRUE
2,223,,13923,,,,,,,,,,,,,,Billing,,Xerox Corporation,,Accounts Payable,P. O. Box 1560,Rochester,NY,14580-0420,United States,TRUE,FALSE,,
3,223,,13923,,,,,,,,,,,,,,Shipping,,Xerox Corporation,,27063 SW Canyon Creek Road,"Bldg#63 Dock, Doors 17-18",Wilsonville,OR,97070-9231,United States,FALSE,TRUE,,
1,224,,13941,,,,,,,,Peerless Supply,Jake Sowers,invoices@peerless-supply.com,(515) 265-9905,,(515) 265-4385,Mailing,,Peerless Supply,,1701 Guthrie Ave,,Des Moines,IA,50316,United States,FALSE,FALSE,Net 30,TRUE
2,224,,13941,,,,,,,,,,,,,,Billing,,Peerless Supply,,1701 Guthrie Avenue,,Des Moines,IA,50316,United States,TRUE,FALSE,,
3,224,,13941,,,,,,,,,,,,,,Shipping,,Peerless Supply,,1701 Guthrie Avenue,,Des Moines,IA,50316,United States,FALSE,TRUE,,
1,225,,13958,,,,,,,Medtronic,Medtronic,Ed Rodriguez,"madams@strouse.com
",(818) 362-5958,,(818) 576-6929,Mailing,,Medtronic,,,,,,,,FALSE,FALSE,60 Days  net,TRUE
2,225,,13958,,,,,,,,,,,,,,Billing,,Medtronic,,PO Box 778,Accounts Payable,Minneapolis,MN,55440,United States,TRUE,FALSE,,
3,225,,13958,,,,,,,,,,,,,,Shipping,,Medtronic,,18000 Devonshire Street,Northridge Manufacturing,Northridge,CA,91325-1219,United States,FALSE,TRUE,,
1,226,,13961,,,,,,,,"MGS Group North America, Inc.",Jake Sowers,mx.invoice@mgsmfg.com;betzabeth.duran@mgsmfg.com,(262) 250-2950,526142003210,(262) 250-8030,Mailing,,"MGS Group North America, Inc.",,Av. Juan Ruiz de Alarcon 345,Complejo Industrial Chihuahua,Chihuahua,Chih,31109,United States,FALSE,FALSE,Net 30,TRUE
2,226,,13961,,,,,,,,,,,,,,Billing,,"MGS Group North America, Inc.",,W188 N11707 Maple Road,,Germantown,WI,53022,United States,TRUE,FALSE,,
3,226,,13961,,,,,,,,,,,,,,Shipping,,"MGS Group North America, Inc.",,9500 Plaza Circle,C/O Interload Forwarder,El Paso,TX,79927,United States,FALSE,TRUE,,
1,227,,13962,,,,,,,,Blaine Roberts,Ed Rodriguez,BAR@roddoors.com,(530) 828-9426,,(530) 896-1518,Mailing,,Blaine Roberts,,1307 Manchester Road,,Chico,CA,95926,United States,FALSE,FALSE,pia,TRUE
2,227,,13962,,,,,,,,,,,,,,Billing,,Blaine Roberts,,1307 Manchester Road,,Chico,CA,95926,United States,TRUE,FALSE,,
3,227,,13962,,,,,,,,,,,,,,Shipping,,Blaine Roberts,,1307 Manchester Road,,Chico,CA,95926,United States,FALSE,TRUE,,
1,228,,13970,,,,,,,,Meadwestvaco-Dublin (Westrock),Jake Sowers,accounts@meadwestvaco.ie,353 1 882 5844,,353 1 830 9409,Mailing,,Meadwestvaco-Dublin (Westrock),,,,,,,,FALSE,FALSE,Prepay,TRUE
2,228,,13970,,,,,,,,,,,,,,Billing,,Meadwestvaco-Dublin (Westrock),,84/85 Lagan Road,Dublin Industrial Estate,"Glasnevin, Dublin 11",,D11 H277,Ireland,TRUE,FALSE,,
3,228,,13970,,,,,,,,,,,,,,Shipping,,Meadwestvaco-Dublin (Westrock),,84/85 Lagan Road,Dublin Industrial Estate,"Glasnevin, Dublin 11",,,Ireland,FALSE,TRUE,,
1,229,,14012,,,,,,,,Dunmore International Corporation,Thomas Harbin,AP@dunmore.com,(215) 781-8895,,(215) 781-9293,Mailing,,Dunmore International Corporation,,145 Wharton Road,,Bristol,PA,19007-1620,United States,FALSE,FALSE,Net 30,TRUE
2,229,,14012,,,,,,,,,,,,,,Billing,,Dunmore International Corporation,,145 Wharton Road,,Bristol,PA,19007,United States,TRUE,FALSE,,
3,229,,14012,,,,,,,,,,,,,,Shipping,,Dunmore International Corporation,,145 Wharton Road,,Bristol,PA,19007,United States,FALSE,TRUE,,
1,230,,14014,,,,,,,,Meso Scale Discovery A division of Meso Scale Diagnostics,Thomas Harbin,,(240) 314-2600,,(301) 208-3895,Mailing,,Meso Scale Discovery A division of Meso Scale Diagnostics,,1601 Research Boulevard,,Rockville,MD,20850,United States,FALSE,FALSE,Net 30,TRUE
2,230,,14014,,,,,,,,,,,,,,Billing,,Meso Scale Discovery A division of Meso Scale Diagnostics,,1601 Research Boulevard,,Rockville,MD,20850,United States,TRUE,FALSE,,
3,230,,14014,,,,,,,,,,,,,,Shipping,,Meso Scale Discovery A division of Meso Scale Diagnostics,,9120 Gaither Road,,Gaithersburg,MD,20877,United States,FALSE,TRUE,,
1,231,,14028,,,,,,,,Sweet Home Ventures,Thomas Harbin,,(610) 457-8596,,(484) 228-8462,Mailing,,Sweet Home Ventures,,,,,,,,FALSE,FALSE,Credit Card,TRUE
2,231,,14028,,,,,,,,,,,,,,Billing,,Sweet Home Ventures,,20 Pennswood Drive,,Glenmoore,PA,19343,United States,TRUE,FALSE,,
3,231,,14028,,,,,,,,,,,,,,Shipping,,Sweet Home Ventures,,20 Pennswood Drive,,Glenmoore,PA,19343,United States,FALSE,TRUE,,
1,232,,14035,,,,,,,,Motion Industries - Kernersville,Mark Mogar,ap.corporate@obbcosafetysupply.com,(336) 993-2974,,(336) 996-1796,Mailing,,Motion Industries - Kernersville,,,,,,,,FALSE,FALSE,Net 30,TRUE
2,232,,14035,,,,,,,,,,,,,,Billing,,Motion Industries - Kernersville,,P. O. Box 1655,,Birmingham,AL,35201,United States,TRUE,FALSE,,
3,232,,14035,,,,,,,,,,,,,,Shipping,,Motion Industries - Kernersville,,1249 Shields Road,,Kernersville,NC,27284,United States,FALSE,TRUE,,
1,233,,14043,,,,,,,,"Guardian Industries (Formerly SRG Global, Inc.)",Jake Sowers,invoice@guardian.com; accountspayable@guardian.com,(586) 427-1144,,(586) 757-8329,Mailing,,"Guardian Industries (Formerly SRG Global, Inc.)",,800 Stephenson Highway,,Troy,MI,48083,United States,FALSE,FALSE,60 Days  net,TRUE
2,233,,14043,,,,,,,,,,,,,,Billing,,"Guardian Industries (Formerly SRG Global, Inc.)",,800 Stephenson Highway,,Troy,MI,48083,United States,TRUE,FALSE,,
3,233,,14043,,,,,,,,,,,,,,Shipping,,"Guardian Industries (Formerly SRG Global, Inc.)",,601 N Congress Ave,,Evansville,IN,47715,United States,FALSE,TRUE,,
1,234,,14046,,,,,,,,"Hardware Specialty Co., Inc.",Thomas Harbin,,(718) 361-9393,(513) 860-5665,(513) 860-1873,Mailing,,"Hardware Specialty Co., Inc.",,48-75 36th Street,,Long Island City,NY,11101,United States,FALSE,FALSE,Net 30,TRUE
2,234,,14046,,,,,,,,,,,,,,Billing,,"Hardware Specialty Co., Inc.",,4875 36th Street,,Long Island City,NY,11101,United States,TRUE,FALSE,,
3,234,,14046,,,,,,,,,,,,,,Shipping,,"Hardware Specialty Co., Inc.",,1951 Plaza Real,,Oceanside,CA,92056,United States,FALSE,TRUE,,
1,235,,14053,,,,,,,Ford Motor Co.,Ford - Livonia Transmission Plant,Victoria Sessa,,(313) 322-7532,,,Mailing,,Ford - Livonia Transmission Plant,,,,,,,,FALSE,FALSE,60 Days  net,TRUE
2,235,,14053,,,,,,,,,,,,,,Billing,,Ford - Livonia Transmission Plant,,36200 Plymouth Road,,Livonia,MI,48150,United States,TRUE,FALSE,,
3,235,,14053,,,,,,,,,,,,,,Shipping,,Ford - Livonia Transmission Plant,,36200 Plymouth Road,,Livonia,MI,48150,United States,FALSE,TRUE,,
1,236,,14054,,,,,,,Ford Motor Co.,Ford Motor Co. - Michigan Assembly Plant,Victoria Sessa,,(734) 467-8901,,,Mailing,,Ford Motor Co. - Michigan Assembly Plant,,,,,,,,FALSE,FALSE,60 Days  net,TRUE
2,236,,14054,,,,,,,,,,,,,,Billing,,Ford Motor Co. - Michigan Assembly Plant,,38303 Michigan Avenue,,Wayne,MI,48184,United States,TRUE,FALSE,,
3,236,,14054,,,,,,,,,,,,,,Shipping,,Ford Motor Co. - Michigan Assembly Plant,,38303 Michigan Avenue,,Wayne,MI,48184,United States,FALSE,TRUE,,
1,237,,14057,,,,,,,,R. G. Brewton,Thomas Harbin,info@rgbrewton.com,(717) 771-7643,(724) 743-2540,(717) 771-7417,Mailing,,R. G. Brewton,,,,,,,,FALSE,FALSE,Net 30,TRUE
2,237,,14057,,,,,,,,,,,,,,Billing,,R. G. Brewton,,P. O. Box 562,,Lawrence,PA,15055-0562,United States,TRUE,FALSE,,
3,237,,14057,,,,,,,,,,,,,,Shipping,,R. G. Brewton,,1 Park Drive,,Lawrence,PA,15055,United States,FALSE,TRUE,,
1,238,,14074,,,,,,,,Thermo Fisher Scientific - Marietta,Jake Sowers,Ap.led.marietta@thermofisher.com,(740) 373-4763,,(740) 374-1845,Mailing,,Thermo Fisher Scientific - Marietta,,401 Mill Creek Rd,,Marietta,OH,45750,United States,FALSE,FALSE,Net 30,TRUE
2,238,,14074,,,,,,,,,,,,,,Billing,,Thermo Fisher Scientific - Marietta,,P. O. Box 649,,Marietta,OH,45750-0649,United States,TRUE,FALSE,,
3,238,,14074,,,,,,,,,,,,,,Shipping,,Thermo Fisher Scientific - Marietta,,401 Mill Creek Rd,,Marietta,OH,45750,United States,FALSE,TRUE,,
1,239,,14098,,,,,,,,Phillips Plastics Corporation - Phillips Medisize,Jake Sowers,,(715) 339-2161,,(715) 339-5890,Mailing,,Phillips Plastics Corporation - Phillips Medisize,,,,,,,,FALSE,FALSE,60 Days  net,TRUE
2,239,,14098,,,,,,,,,,,,,,Billing,,Phillips Plastics Corporation - Phillips Medisize,,One Plastics Drive,Custom 1,Phillips,WI,54555,United States,TRUE,FALSE,,
3,239,,14098,,,,,,,,,,,,,,Shipping,,Phillips Plastics Corporation - Phillips Medisize,,One Plastics Drive,Custom 1,Phillips,WI,54555,United States,FALSE,TRUE,,
1,240,,14129,,,,,,,,"Able Industrial Products, Inc.",Matthew Kay,ashleym@able123.com,(909) 930-1585,(800) 423-7008,(909) 930-1587,Mailing,,"Able Industrial Products, Inc.",,2006 S. Baker Avenue,,Ontario,CA,91761-7709,United States,FALSE,FALSE,Net 30,TRUE
2,240,,14129,,,,,,,,,,,,,,Billing,,"Able Industrial Products, Inc.",,2006 S. Baker Avenue,,Ontario,CA,91761-7709,United States,TRUE,FALSE,,
3,240,,14129,,,,,,,,,,,,,,Shipping,,"Able Industrial Products, Inc.",,,,,,,,FALSE,TRUE,,
1,241,,14172,,,,,,,Ellsworth,Ellsworth Adhesives - Centennial (CO),Jake Sowers,payables@ellsworth.com,(303) 660-8615,,(303) 503-7228,Mailing,,Ellsworth Adhesives - Centennial (CO),,7367 S. Revere Parkway,Unit 1C,Centennial,CO,80112-6766,United States,FALSE,FALSE,net 50,TRUE
2,241,,14172,,,,,,,,,,,,,,Billing,,Ellsworth Adhesives - Centennial (CO),,P. O. Box 1002,,Germantown,WI,53022,United States,TRUE,FALSE,,
3,241,,14172,,,,,,,,,,,,,,Shipping,,Ellsworth Adhesives - Centennial (CO),,7367 S. Revere Parkway,Unit 1C,Centennial,CO,80112-6766,United States,FALSE,TRUE,,
1,242,,14180,,,,,,,Ellsworth,Ellsworth Adhesives - Walnut Creek (CA),Jake Sowers,payables@ellsworth.com,(925) 588-9615,,(866) 956-8617,Mailing,,Ellsworth Adhesives - Walnut Creek (CA),,1530 Shuey Ave,,Walnut Creek,CA,94596,United States,FALSE,FALSE,net 50,TRUE
2,242,,14180,,,,,,,,,,,,,,Billing,,Ellsworth Adhesives - Walnut Creek (CA),,P. O. Box 1002,,Germantown,WI,53022,United States,TRUE,FALSE,,
3,242,,14180,,,,,,,,,,,,,,Shipping,,Ellsworth Adhesives - Walnut Creek (CA),,1530 Shuey Ave,,Walnut Creek,CA,94596,United States,FALSE,TRUE,,
1,243,,14182,,,,,,,,"Surgical Solutions, a global unit of Covidien",Jake Sowers,rs.usap@medtronic.com,(303) 530-6183,,,Mailing,,"Surgical Solutions, a global unit of Covidien",,,,,,,,FALSE,FALSE,Net 30,TRUE
2,243,,14182,,,,,,,,,,,,,,Billing,,"Surgical Solutions, a global unit of Covidien",,PO Box 778,,Minneapolis,MN,55440-2206,United States,TRUE,FALSE,,
3,243,,14182,,,,,,,,,,,,,,Shipping,,"Surgical Solutions, a global unit of Covidien",,5920 Longbow Drive,,Boulder,CO,80301,United States,FALSE,TRUE,,
1,244,,14184,,,,,,,,Hamamatsu Corp.,Jake Sowers,hcaccountspayable@hamamatsu.com,(908) 231-0960,,(908) 231-1218,Mailing,,Hamamatsu Corp.,,250 Wood Ave,,Middlesex,NJ,08846,United States,FALSE,FALSE,,TRUE
2,244,,14184,,,,,,,,,,,,,,Billing,,Hamamatsu Corp.,,P. O. Box 6910,360 Foothill Road,Bridgewater,NJ,08807-0910,United States,TRUE,FALSE,,
3,244,,14184,,,,,,,,,,,,,,Shipping,,Hamamatsu Corp.,,250 Wood Avenue,,Middlesex,NJ,08846,United States,FALSE,TRUE,,
1,245,,14186,,,,,,,Ellsworth,Ellsworth Adhesives - Irvine (CA),Jake Sowers,payables@ellsworth.com,(800) 888-0698,,(866) 855-2432,Mailing,,Ellsworth Adhesives - Irvine (CA),,,,,,,,FALSE,FALSE,net 50,TRUE
2,245,,14186,,,,,,,,,,,,,,Billing,,Ellsworth Adhesives - Irvine (CA),,P. O. Box 1002,,Germantown,WI,53022,United States,TRUE,FALSE,,
3,245,,14186,,,,,,,,,,,,,,Shipping,,Ellsworth Adhesives - Irvine (CA),,25 Hubble,,Irvine,CA,92618,United States,FALSE,TRUE,,
1,246,,14189,,,,,,,Ellsworth,Ellsworth Adhesives - Beaverton (OR),Jake Sowers,payables@ellsworth.com,(866) 737-3290,,(262) 509-8757,Mailing,,Ellsworth Adhesives - Beaverton (OR),,10200 SW Allen Boulevard,Ste G,Beaverton,OR,97005,United States,FALSE,FALSE,net 50,TRUE
2,246,,14189,,,,,,,,,,,,,,Billing,,Ellsworth Adhesives - Beaverton (OR),,P. O. Box 1002,,Germantown,WI,53022,United States,TRUE,FALSE,,
3,246,,14189,,,,,,,,,,,,,,Shipping,,Ellsworth Adhesives - Beaverton (OR),,10200 SW Allen Boulevard,Ste G,Beaverton,OR,97005,United States,FALSE,TRUE,,
1,247,,14198,,,,,,,,Turner Supply,Mark Mogar,accountspayable@turnersupply.com,(205) 252-6000,(800) 239-5250,(205) 322-0260,Mailing,,Turner Supply,,P. O. Box 1428,,Mobile,AL,36633,United States,FALSE,FALSE,Net 30,TRUE
2,247,,14198,,,,,,,,,,,,,,Billing,,Turner Supply,,P. O. Box 1428,,Mobile,AL,36633,United States,TRUE,FALSE,,
3,247,,14198,,,,,,,,,,,,,,Shipping,,Turner Supply,,401 North 33rd Street,,Birmingham,AL,35222,United States,FALSE,TRUE,,
1,248,,14201,,,,,,,,John Deere - Hitachi,Mark Mogar,,(336) 992-5743,,,Mailing,,John Deere - Hitachi,,,,,,,,FALSE,FALSE,Net 30,TRUE
2,248,,14201,,,,,,,,,,,,,,Billing,,John Deere - Hitachi,,1000 John Deere Road,,Kernersville,NC,27284,United States,TRUE,FALSE,,
3,248,,14201,,,,,,,,,,,,,,Shipping,,John Deere - Hitachi,,1000 Deere-Hitachi Road,,Kernersville,NC,27284,United States,FALSE,TRUE,,
1,249,,14203,,,,,,,,"CTW International, Inc.",Mark Mogar,,(800) 803-5276,,,Mailing,,"CTW International, Inc.",,PO Box 926,72 Beebe River Rd.,Campton,NH,03223,United States,FALSE,FALSE,Net 30,TRUE
2,249,,14203,,,,,,,,,,,,,,Billing,,"CTW International, Inc.",,737 Melrose Avenue,,Nashville,TN,37211,United States,TRUE,FALSE,,
3,249,,14203,,,,,,,,,,,,,,Shipping,,"CTW International, Inc.",,737 Melrose Avenue,,Nashville,TN,37211,United States,FALSE,TRUE,,
1,250,,14237,,,,,,,,Thermal Circuits,Diane Edwards,Accounting@thermalcircuits.com,(978) 745-1162,,(978) 740-0495,Mailing,,Thermal Circuits,,1 Technology Way,Technology Park,Salem,MA,01970,United States,FALSE,FALSE,Net 30,TRUE
2,250,,14237,,,,,,,,,,,,,,Billing,,Thermal Circuits,,1 Technology Way,Technology Park,Salem,MA,01970,United States,TRUE,FALSE,,
3,250,,14237,,,,,,,,,,,,,,Shipping,,Thermal Circuits,,1 Technology Way,Technology Park,Salem,MA,01970,United States,FALSE,TRUE,,
1,251,,14239,,,,,,,,Morphix Technologies,Mark Mogar,,(757) 431-2260,,(757) 431-2255,Mailing,,Morphix Technologies,,2557 Production Road,,Virginia Beach,VA,23454,United States,FALSE,FALSE,Net 30,TRUE
2,251,,14239,,,,,,,,,,,,,,Billing,,Morphix Technologies,,2557 Production Road,,Virginia Beach,VA,23454,United States,TRUE,FALSE,,
3,251,,14239,,,,,,,,,,,,,,Shipping,,Morphix Technologies,,2557 Production Road,,Virginia Beach,VA,23454,United States,FALSE,TRUE,,
1,252,,14260,,,,,,,,"Clover Technologies Group, LLC.",Jake Sowers,,(815) 431-8100,(800) 464-0272,(815) 431-8120,Mailing,,"Clover Technologies Group, LLC.",,,,,,,,FALSE,FALSE,Net 30,TRUE
2,252,,14260,,,,,,,,,,,,,,Billing,,"Clover Technologies Group, LLC.",,4200 Columbus Street,,Ottawa,IL,61350,United States,TRUE,FALSE,,
3,252,,14260,,,,,,,,,,,,,,Shipping,,"Clover Technologies Group, LLC.",,325 Weakley  Road,,Calexico,CA,92231,United States,FALSE,TRUE,,
1,253,,14263,,,,,,,Ford Motor Co.,Ford Motor Co. - Dearborn Tool & Die,Victoria Sessa,,(313) 845-8789,,,Mailing,,Ford Motor Co. - Dearborn Tool & Die,,,,,,,,FALSE,FALSE,60 Days  net,TRUE
2,253,,14263,,,,,,,,,,,,,,Billing,,Ford Motor Co. - Dearborn Tool & Die,,3001 Miller Road,,Dearborn,MI,48120,United States,TRUE,FALSE,,
3,253,,14263,,,,,,,,,,,,,,Shipping,,Ford Motor Co. - Dearborn Tool & Die,,3001 Miller Road LOC A 37,GG-93 Annex - Stores Crib,Dearborn,MI,48120,United States,FALSE,TRUE,,
1,254,,14264,,,,,,,,Elcoma Metal Fabricating,Jake Sowers,,(330) 588-8844,,(330) 588-9647,Mailing,,Elcoma Metal Fabricating,,521 Lawrence Road  N E,,Canton,OH,44704,United States,FALSE,FALSE,Prepaid,TRUE
2,254,,14264,,,,,,,,,,,,,,Billing,,Elcoma Metal Fabricating,,521 Lawrence Road  N E,,Canton,OH,44704,United States,TRUE,FALSE,,
3,254,,14264,,,,,,,,,,,,,,Shipping,,Elcoma Metal Fabricating,,521 Lawrence Road  N E,,Canton,OH,44704,United States,FALSE,TRUE,,
1,255,,14274,,,,,,,,"Scienstry, Inc.",Matthew Kay,,(972) 690-5880,,(972) 690-5888,Mailing,,"Scienstry, Inc.",,"1110 E. Collins Blvd.,  Ste 120",,Richardson,TX,75081,United States,FALSE,FALSE,60 Days  net,TRUE
2,255,,14274,,,,,,,,,,,,,,Billing,,"Scienstry, Inc.",,"1110 E. Collins Blvd.,  Ste 120",,Richardson,TX,75081,United States,TRUE,FALSE,,
3,255,,14274,,,,,,,,,,,,,,Shipping,,"Scienstry, Inc.",,"1110 E. Collins Blvd.,  Ste 120",,Richardson,TX,75081,United States,FALSE,TRUE,,
1,256,,14284,,,,,,,,"W.R. Rayson Co., Inc.",Mark Mogar,jgaster@wrrayson.com,(910) 259-8100,(800) 526-1526,(910) 259-8110,Mailing,,"W.R. Rayson Co., Inc.",,720 S. Dickerson Street,,Burgaw,NC,28425,United States,FALSE,FALSE,Net 30,TRUE
2,256,,14284,,,,,,,,,,,,,,Billing,,"W.R. Rayson Co., Inc.",,720 S. Dickerson Street,,Burgaw,NC,28425,United States,TRUE,FALSE,,
3,256,,14284,,,,,,,,,,,,,,Shipping,,"W.R. Rayson Co., Inc.",,720 S. Dickerson Street,,Burgaw,NC,28425,United States,FALSE,TRUE,,
1,257,,14310,,,,,,,,Tribar,Jake Sowers,apinvoicing@tribarmfg.com,(517) 545-4200,,(517) 545-4201,Mailing,,Tribar,,2211 Grand Commerce Dr.,,Howell,MI,48855,United States,FALSE,FALSE,Net 30,TRUE
2,257,,14310,,,,,,,,,,,,,,Billing,,Tribar,,2211 Grand Commerce Dr.,,Howell,MI,48855,United States,TRUE,FALSE,,
3,257,,14310,,,,,,,,,,,,,,Shipping,,Tribar,,2211 Grand Commerce Dr.,,Howell,MI,48855,United States,FALSE,TRUE,,
1,258,,14312,,,,,,,,Butts Ticket Co.,Thomas Harbin,Ginny@buttsticket.com,(610) 869-7450,,(610) 869-7454,Mailing,,Butts Ticket Co.,,151 Hood Rd.,,Cochranville,PA,19330,United States,FALSE,FALSE,,TRUE
2,258,,14312,,,,,,,,,,,,,,Billing,,Butts Ticket Co.,,151 Hood Rd.,,Cochranville,PA,19330,United States,TRUE,FALSE,,
3,258,,14312,,,,,,,,,,,,,,Shipping,,Butts Ticket Co.,,151 Hood Rd.,,Cochranville,PA,19330,United States,FALSE,TRUE,,
1,259,,14330,,,,,,,,Dontech. Inc.,Thomas Harbin,,(215) 348-5010,,(215) 348-9959,Mailing,,Dontech. Inc.,,P.O. Box 889,700 Airport Blvd.,Doylestown,PA,18902-1036,United States,FALSE,FALSE,Net 30,TRUE
2,259,,14330,,,,,,,,,,,,,,Billing,,Dontech. Inc.,,P.O. Box 889,700 Airport Blvd.,Doylestown,PA,18902-1036,United States,TRUE,FALSE,,
3,259,,14330,,,,,,,,,,,,,,Shipping,,Dontech. Inc.,,P.O. Box 889,700 Airport Blvd.,Doylestown,PA,18902-1036,United States,FALSE,TRUE,,
1,260,,14347,,,,,,,,Dillon Supply - W/S,Mark Mogar,,(336) 723-2961,,(336) 723-3120,Mailing,,Dillon Supply - W/S,,,,,,,,FALSE,FALSE,Net 30,TRUE
2,260,,14347,,,,,,,,,,,,,,Billing,,Dillon Supply - W/S,,P. O. Box 14535,,Raleigh,NC,27620,United States,TRUE,FALSE,,
3,260,,14347,,,,,,,,,,,,,,Shipping,,Dillon Supply - W/S,,311 Perimeter Pt. ,"Winston-Salem Main, Dillon Supply WS",Winston-Salem,NC,27105,United States,FALSE,TRUE,,
1,261,,14356,,,,,,,Ellsworth,Ellsworth - Yorba Linda,Jake Sowers,payables@ellsworth.com,,,,Mailing,,Ellsworth - Yorba Linda,,17581 Willow Circle,,Yorba Linda,CA,92886,United States,FALSE,FALSE,net 50,TRUE
2,261,,14356,,,,,,,,,,,,,,Billing,,Ellsworth - Yorba Linda,,P. O. Box 1002,,Germantown,WI,53022,United States,TRUE,FALSE,,
3,261,,14356,,,,,,,,,,,,,,Shipping,,Ellsworth - Yorba Linda,,17581 Willow Circle,,Yorba Linda,CA,92886,United States,FALSE,TRUE,,
1,262,,14362,,,,,,,Ford Motor Co.,Ford Motor Co. - Ohio Assembly Sheffield Village,Victoria Sessa,,(440) 933-1361,,,Mailing,,Ford Motor Co. - Ohio Assembly Sheffield Village,,,,,,,,FALSE,FALSE,60 Days  net,TRUE
2,262,,14362,,,,,,,,,,,,,,Billing,,Ford Motor Co. - Ohio Assembly Sheffield Village,,799 Abbe Road,,Sheffield Village,OH,44054-1807,United States,TRUE,FALSE,,
3,262,,14362,,,,,,,,,,,,,,Shipping,,Ford Motor Co. - Ohio Assembly Sheffield Village,,799 Abbe Road,,Sheffield Village,OH,44054-1807,United States,FALSE,TRUE,,
1,263,,14382,,,,,,,,DCN,Thomas Harbin,,(856) 231-9922,,(856) 231-9822,Mailing,,DCN,,1 Whittendale Dr.,Suite E,Moorestown,NJ,08057,United States,FALSE,FALSE,Net 30,TRUE
2,263,,14382,,,,,,,,,,,,,,Billing,,DCN,,1 Whittendale Dr.,Suite E,Moorestown,NJ,08057,United States,TRUE,FALSE,,
3,263,,14382,,,,,,,,,,,,,,Shipping,,DCN,,1 Whittendale Dr.,Suite E,Moorestown,NJ,08057,United States,FALSE,TRUE,,
1,264,,14409,,,,,,,,Neodyne Bioscience,Ed Rodriguez,"accountspayable@neodynebio.com; hwu@neodynebio.com
 ",(650) 543-7137,,,Mailing,,Neodyne Bioscience,,127 Independence Drive,,Menlo Park,CA,94025,United States,FALSE,FALSE,Net 30,TRUE
2,264,,14409,,,,,,,,,,,,,,Billing,,Neodyne Bioscience,,47801 Fremont Blvd,,Fremont,CA,94538,United States,TRUE,FALSE,,
3,264,,14409,,,,,,,,,,,,,,Shipping,,Neodyne Bioscience,,7999 Gateway Blvd Suite 110,,Newark,CA,94560,United States,FALSE,TRUE,,
1,265,,14412,,,,,,,,Interior Design Solutions,Thomas Harbin,,(866) 953-4662,,(866) 963-4662,Mailing,,Interior Design Solutions,,,,,,,,FALSE,FALSE,Credit Card,FALSE
2,265,,14412,,,,,,,,,,,,,,Billing,,Interior Design Solutions,,9223 Harford Road,,Baltimore,MD,21234,United States,TRUE,FALSE,,
3,265,,14412,,,,,,,,,,,,,,Shipping,,Interior Design Solutions,,9223 Harford Road,,Baltimore,MD,21234,United States,FALSE,TRUE,,
1,266,,14417,,,,,,,,Interactive Inks & Coatings,,,(847) 289-8710,,(847) 289-8762,Mailing,,Interactive Inks & Coatings,,1610 Shanahan Drive,,South Elgin,IL,60177,United States,FALSE,FALSE,Net 30,TRUE
2,266,,14417,,,,,,,,,,,,,,Billing,,Interactive Inks & Coatings,,1610 Shanahan Drive,,South Elgin,IL,60177,United States,TRUE,FALSE,,
3,266,,14417,,,,,,,,,,,,,,Shipping,,Interactive Inks & Coatings,,1610 Shanahan Drive,,South Elgin,IL,60177,United States,FALSE,TRUE,,
1,267,,14440,,,,,,,,Akonni,Thomas Harbin,,(301) 698-0101,,,Mailing,,Akonni,,400 Sagner Ave.,Suite 300,Frederick,MD,21701,United States,FALSE,FALSE,Net 30,FALSE
2,267,,14440,,,,,,,,,,,,,,Billing,,Akonni,,400 Sagner Ave.,Suite 300,Frederick,MD,21701,United States,TRUE,FALSE,,
3,267,,14440,,,,,,,,,,,,,,Shipping,,Akonni,,400 Sagner Ave.,Suite 300,Frederick,MD,21701,United States,FALSE,TRUE,,
1,268,,14443,,,,,,,,ILC Dover,Thomas Harbin,invoice@ilcdover.com,(302) 335-3911,,(302) 335-0762,Mailing,,ILC Dover,,,,,,,,FALSE,FALSE,30 days  net,TRUE
2,268,,14443,,,,,,,,,,,,,,Billing,,ILC Dover,,1 Moonwalker Road,,Frederica,DE,19946,United States,TRUE,FALSE,,
3,268,,14443,,,,,,,,,,,,,,Shipping,,ILC Dover,,1 Moonwalker Road,,Frederica,DE,19946,United States,FALSE,TRUE,,
1,269,,14459,,,,,,,Ellsworth,Ellsworth Adhesives - Rockford (MI),Jake Sowers,payables@ellsworth.com,(616) 863-1030,,(262) 509-8860,Mailing,,Ellsworth Adhesives - Rockford (MI),,"5977 Eygpt Valley Avenue, NE",,Rockford,MI,49341,United States,FALSE,FALSE,net 50,TRUE
2,269,,14459,,,,,,,,,,,,,,Billing,,Ellsworth Adhesives - Rockford (MI),,P. O. Box 1002,,Germantown,WI,53022,United States,TRUE,FALSE,,
3,269,,14459,,,,,,,,,,,,,,Shipping,,Ellsworth Adhesives - Rockford (MI),,"5977 Eygpt Valley Avenue, NE",,Rockford,MI,49341,United States,FALSE,TRUE,,
1,270,,14497,,,,,,,,Service Industrial Supply Co.,Mark Mogar,,(334) 794-2645,(334) 794-2237,(334) 794-2822,Mailing,,Service Industrial Supply Co.,,,,,,,,FALSE,FALSE,Net 30,TRUE
2,270,,14497,,,,,,,,,,,,,,Billing,,Service Industrial Supply Co.,,184 E. Inez Road,,Dothan,AL,36301-5756,United States,TRUE,FALSE,,
3,270,,14497,,,,,,,,,,,,,,Shipping,,Service Industrial Supply Co.,,184 E. Inez Road,,Dothan,AL,36301-5756,United States,FALSE,TRUE,,
1,271,,14498,,,,,,,,"Advanced Programs, Inc.",Thomas Harbin,APIInvoices@advprograms.com,(410) 312-5806,(410) 312-5800,,Mailing,,"Advanced Programs, Inc.",,"7125 Riverwood Drive, #A",,Columbia,MD,21046,United States,FALSE,FALSE,Net 30,FALSE
2,271,,14498,,,,,,,,,,,,,,Billing,,"Advanced Programs, Inc.",,"7125 Riverwood Drive, #A",,Columbia,MD,21046,United States,TRUE,FALSE,,
3,271,,14498,,,,,,,,,,,,,,Shipping,,"Advanced Programs, Inc.",,21A Northwestern Drive,,Salem,NH,03079,United States,FALSE,TRUE,,
1,272,,14504,,,,,,,Ellsworth,Ellsworth Adhesives - Bloomington (MN),Jake Sowers,payables@ellsworth.com,(866) 836-5489,,(866) 836-5490,Mailing,,Ellsworth Adhesives - Bloomington (MN),,"9555 James Avenue, S. #265",,Bloomington,MN,55431,United States,FALSE,FALSE,net 50,TRUE
2,272,,14504,,,,,,,,,,,,,,Billing,,Ellsworth Adhesives - Bloomington (MN),,P. O. Box 1002,,Germantown,WI,53022,United States,TRUE,FALSE,,
3,272,,14504,,,,,,,,,,,,,,Shipping,,Ellsworth Adhesives - Bloomington (MN),,"9555 James Avenue, S #265",,Bloomington,MN,55431,United States,FALSE,TRUE,,
1,273,,14523,,,,,,,Ellsworth,Ellsworth Adhesives - Manakin-Sabot (VA),Jake Sowers,payables@ellsworth.com,(804) 784-0887,(804) 647-4462,,Mailing,,Ellsworth Adhesives - Manakin-Sabot (VA),,353 Holly Lake Drive,,Manakin-Sabot,VA,23103,United States,FALSE,FALSE,net 50,TRUE
2,273,,14523,,,,,,,,,,,,,,Billing,,Ellsworth Adhesives - Manakin-Sabot (VA),,P. O. Box 1002,,Germantown,WI,53022,United States,TRUE,FALSE,,
3,273,,14523,,,,,,,,,,,,,,Shipping,,Ellsworth Adhesives - Manakin-Sabot (VA),,353 Holly Lake Drive,,Manakin-Sabot,VA,23103,United States,FALSE,TRUE,,
1,274,,14530,,,,,,,Ellsworth,Ellsworth Adhesives - Santiago (MX),Jake Sowers,payables@ellsworth.com,011-52-664-647-5001,,,Mailing,,Ellsworth Adhesives - Santiago (MX),,2475-A Paseo de la Americas #1079,,San Diego,CA,92154,United States,FALSE,FALSE,net 50,TRUE
2,274,,14530,,,,,,,,,,,,,,Billing,,Ellsworth Adhesives - Santiago (MX),,P. O. Box 1002,,Germantown,WI,53022,United States,TRUE,FALSE,,
3,274,,14530,,,,,,,,,,,,,,Shipping,,Ellsworth Adhesives - Santiago (MX),,2475-A Paseo de la Americas #1079,,San Diego,CA,92154,United States,FALSE,TRUE,,
1,275,,14536,,,,,,,,Raloid Corporation,Thomas Harbin,,(410) 833-2272,(443) 650-1401,(410) 833-1579,Mailing,,Raloid Corporation,,,,,,,,FALSE,FALSE,Net 30,FALSE
2,275,,14536,,,,,,,,,,,,,,Billing,,Raloid Corporation,,109 Wabash Avenue,,Reisterstown,MD,21136,United States,TRUE,FALSE,,
3,275,,14536,,,,,,,,,,,,,,Shipping,,Raloid Corporation,,109 Wabash Avenue,,Reisterstown,MD,21136,United States,FALSE,TRUE,,
1,276,,14540,,,,,,,Ellsworth,Ellsworth Adhesives - West Hartford (CT),Jake Sowers,payables@ellsworth.com,(860) 336-7298,,(262) 509-8829,Mailing,,Ellsworth Adhesives - West Hartford (CT),,170 Woodrow Street,,West Hartford,CT,06107,United States,FALSE,FALSE,net 50,TRUE
2,276,,14540,,,,,,,,,,,,,,Billing,,Ellsworth Adhesives - West Hartford (CT),,P. O. Box 1002,,Germantown,WI,53022,United States,TRUE,FALSE,,
3,276,,14540,,,,,,,,,,,,,,Shipping,,Ellsworth Adhesives - West Hartford (CT),,170 Woodrow Street,,West Hartford,CT,06107,United States,FALSE,TRUE,,
1,277,,14546,,,,,,,,StanBio Laboratory LP EKF Diagnostics,Ed Rodriguez,payables@ekfdiagnostics.com,(830) 249-0772,(800) 531-5535,(830) 249-0851,Mailing,,StanBio Laboratory LP EKF Diagnostics,,1261 N.Main ST.,,Boerne,TX,78006,United States,FALSE,FALSE,Net 30,TRUE
2,277,,14546,,,,,,,,,,,,,,Billing,,StanBio Laboratory LP EKF Diagnostics,,1261 N.Main ST.,,Boerne,TX,78006,United States,TRUE,FALSE,,
3,277,,14546,,,,,,,,,,,,,,Shipping,,StanBio Laboratory LP EKF Diagnostics,,1261 N. Main ST.,,Boerne,TX,78006,United States,FALSE,TRUE,,
1,278,,14548,,,,,,,,"Electronic Production Tool, Inc.",Thomas Harbin,,(631) 751-3333,,(631) 751-3792,Mailing,,"Electronic Production Tool, Inc.",,"1860 Pond Road, Unit 4",,Ronkonkoma,NY,11779,United States,FALSE,FALSE,Credit Card,TRUE
2,278,,14548,,,,,,,,,,,,,,Billing,,"Electronic Production Tool, Inc.",,"1860 Pond Road, Unit 4",,Ronkonkoma,NY,11779,United States,TRUE,FALSE,,
3,278,,14548,,,,,,,,,,,,,,Shipping,,"Electronic Production Tool, Inc.",,"1860 Pond Road, Unit 4",,Ronkonkoma,NY,11779,United States,FALSE,TRUE,,
1,279,,14550,,,,,,,,XSYS North America Corporation,Mark Mogar,US20.AP@xsysglobal.com,(877) 768-3248,,(828) 681-9595,Mailing,,XSYS North America Corporation,,P. O. Box 1077,Attn: Flexographic Department,Arden,NC,28704,United States,FALSE,FALSE,Net 30,FALSE
2,279,,14550,,,,,,,,,,,,,,Billing,,XSYS North America Corporation,,2915 Whitehall Park Drive Suite 600,Suite 600,Charlotte,NC ,28273,United States,TRUE,FALSE,,
3,279,,14550,,,,,,,,,,,,,,Shipping,,XSYS North America Corporation,,95 Glenn Bridge Road,Attn: Flexographic Dept.,Arden,NC,28704,United States,FALSE,TRUE,,
1,280,,14571,,,,,,,Ellsworth,Ellsworth Adhesives - Sterling (UT),Jake Sowers,payables@ellsworth.com,(801) 201-0982,,,Mailing,,Ellsworth Adhesives - Sterling (UT),,185 East Palisade Road,,Sterling,UT,84665,United States,FALSE,FALSE,net 50,TRUE
2,280,,14571,,,,,,,,,,,,,,Billing,,Ellsworth Adhesives - Sterling (UT),,P. O. Box 1002,,Germantown,WI,53022,United States,TRUE,FALSE,,
3,280,,14571,,,,,,,,,,,,,,Shipping,,Ellsworth Adhesives - Sterling (UT),,185 East Palisade Road,,Sterling,UT,84665,United States,FALSE,TRUE,,
1,281,,14586,,,,,,,Ellsworth,Ellsworth Adhesives - Canton (GA),Jake Sowers,payables@ellsworth.com,(770) 317-5114,,,Mailing,,Ellsworth Adhesives - Canton (GA),,638 Blackwater Ridge,,Canton,GA,30114,United States,FALSE,FALSE,net 50,TRUE
2,281,,14586,,,,,,,,,,,,,,Billing,,Ellsworth Adhesives - Canton (GA),,P. O. Box 1002,,Germantown,,53022,United States,TRUE,FALSE,,
3,281,,14586,,,,,,,,,,,,,,Shipping,,Ellsworth Adhesives - Canton (GA),,638 Blackwater Ridge,,Canton,GA,30114,United States,FALSE,TRUE,,
1,282,,14616,,,,,,,,Advanced Printing & Graphics ,Jake Sowers,,(231) 744-4100,,(231) 744-0024,Mailing,,Advanced Printing & Graphics ,,1261  Holton Road,,Muskegon,MI,49445,United States,FALSE,FALSE,Credit Card,TRUE
2,282,,14616,,,,,,,,,,,,,,Billing,,Advanced Printing & Graphics ,,1261  Holton Road,,Muskegon,MI,49445,United States,TRUE,FALSE,,
3,282,,14616,,,,,,,,,,,,,,Shipping,,Advanced Printing & Graphics ,,1261  Holton Road,,Muskegon,MI,49445,United States,FALSE,TRUE,,
1,283,,14622,,,,,,,US Tool Group,US Tool Group -San Marcos,Jake Sowers,apinvoices@ustg.net,(512) 754-3641,,(512) 754-3645,Mailing,,US Tool Group -San Marcos,,206 Technology Way,,San Marcos,TX,78666,United States,FALSE,FALSE,Net 30,TRUE
2,283,,14622,,,,,,,,,,,,,,Billing,,US Tool Group -San Marcos,,2000 Progress Drive,,Farmington,MO,63640,United States,TRUE,FALSE,,
3,283,,14622,,,,,,,,,,,,,,Shipping,,US Tool Group -San Marcos,,2005 Technology Way,C/O Goodrich 512-754-3641,San Marcos,TX,78666,United States,FALSE,TRUE,,
1,284,,14626,,,,,,,Ellsworth,Ellsworth Adhesives - Lake Forest (CA),Jake Sowers,payables@ellsworth.com,(949) 586-1792,,(949) 380-1777,Mailing,,Ellsworth Adhesives - Lake Forest (CA),,25541 Sawmill Lane,,Lake Forest,CA,92630,United States,FALSE,FALSE,net 50,TRUE
2,284,,14626,,,,,,,,,,,,,,Billing,,Ellsworth Adhesives - Lake Forest (CA),,P. O. Box 1002,,Germantown,WI,53022,United States,TRUE,FALSE,,
3,284,,14626,,,,,,,,,,,,,,Shipping,,Ellsworth Adhesives - Lake Forest (CA),,25541 Sawmill Lane,,Lake Forest,CA,92630,United States,FALSE,TRUE,,
1,285,,14632,,,,,,,,"Fithco, Inc.",Mark Mogar,,(770) 561-7043,,,Mailing,,"Fithco, Inc.",,109 Becky Drive,,Cleveland,GA,30528,United States,FALSE,FALSE,Net 30,TRUE
2,285,,14632,,,,,,,,,,,,,,Billing,,"Fithco, Inc.",,P. O. Box 2855,,Cleveland,GA,30528,United States,TRUE,FALSE,,
3,285,,14632,,,,,,,,,,,,,,Shipping,,"Fithco, Inc.",,109 Becky Drive,,Cleveland,GA,30528,United States,FALSE,TRUE,,
1,286,,14635,,,,,,,,Avon Protection Systems,Jake Sowers,aps.accspayable@avon-rubber.com,(231) 779-6200,,,Mailing,,Avon Protection Systems,,411 Seventh Street,,Cadillac,MI,49601,United States,FALSE,FALSE,Net 30,TRUE
2,286,,14635,,,,,,,,,,,,,,Billing,,Avon Protection Systems,,503 Eighth St,,Cadillac,MI,49601,United States,TRUE,FALSE,,
3,286,,14635,,,,,,,,,,,,,,Shipping,,Avon Protection Systems,,411 7th Street,,Cadillac,MI,49601,United States,FALSE,TRUE,,
1,287,,14648,,,,,,,,"TEXTILES POLINYLON, S.A.",Jake Sowers,,(502) 6628 0800,,(502) 6628 0830,Mailing,,"TEXTILES POLINYLON, S.A.",,,,,,,,FALSE,FALSE,Prepaid,TRUE
2,287,,14648,,,,,,,,,,,,,,Billing,,"TEXTILES POLINYLON, S.A.",,KM 18.5 CARRETERA AL MAYAN GOLF,VILLA NUEVA,Guatemala C.A.,,,Guatemala,TRUE,FALSE,,
3,287,,14648,,,,,,,,,,,,,,Shipping,,"TEXTILES POLINYLON, S.A.",,KM 18.5 CARRETERA AL MAYAN GOLF,VILLA NUEVA,Guatemala C.A.,,01064,Guatemala,FALSE,TRUE,,
1,288,,14650,,,,,,,,"DXP Enterprises, Inc.",Ed Rodriguez,accountspayable@dxpe.com,(574) 252-7434,,(574) 252-7435,Mailing,,"DXP Enterprises, Inc.",,P. O. Box 1697,,Houston,TX,77251,United States,FALSE,FALSE,Net 30,TRUE
2,288,,14650,,,,,,,,,,,,,,Billing,,"DXP Enterprises, Inc.",,PO BOX 2892,,Clinton,IA,52372-2892,United States,TRUE,FALSE,,
3,288,,14650,,,,,,,,,,,,,,Shipping,,"DXP Enterprises, Inc.",,13200 McKinley Highway,Door 10/ AMG Military Assembly/ Plant Tool Crib,Mishawaka,IN,46545,United States,FALSE,TRUE,,
1,289,,14668,,,,,,,Ellsworth,Ellsworth Adhesives - Manchester (NH),Jake Sowers,payables@ellsworth.com,(603) 668-7870,(603) 315-0577,(603) 668-7589,Mailing,,Ellsworth Adhesives - Manchester (NH),,226 North St,,Manchester,NH,03104,United States,FALSE,FALSE,net 50,TRUE
2,289,,14668,,,,,,,,,,,,,,Billing,,Ellsworth Adhesives - Manchester (NH),,P. O. Box 1002,,Germantown,WI,53022,United States,TRUE,FALSE,,
3,289,,14668,,,,,,,,,,,,,,Shipping,,Ellsworth Adhesives - Manchester (NH),,226 North St,,Manchester,NH,03104,United States,FALSE,TRUE,,
1,290,,14669,,,,,,,,"Entegris, Inc.",Thomas Harbin,entegris.ap@entegris.com,(978) 436-6527,(978) 436-6575,(978) 436-6726,Mailing,,"Entegris, Inc.",,,,,,,,FALSE,FALSE,60 Days  net,TRUE
2,290,,14669,,,,,,,,,,,,,,Billing,,"Entegris, Inc.",,117 Jonathan Blvd.,,Chaska,MN,55318,United States,TRUE,FALSE,,
3,290,,14669,,,,,,,,,,,,,,Shipping,,"Entegris, Inc.",,129 Concord Road,,Billerica,MA,01821,United States,FALSE,TRUE,,
1,291,,14673,,,,,,,,OAI Electronics,Jake Sowers,kdougherty@oaielectronics.com,(918) 836-9077,,(918) 836-0184,Mailing,,OAI Electronics,,6960 East 12th,,Tulsa,OK,74112,United States,FALSE,FALSE,Credit Card,TRUE
2,291,,14673,,,,,,,,,,,,,,Billing,,OAI Electronics,,6960 East 12th,,Tulsa,OK,74112,United States,TRUE,FALSE,,
3,291,,14673,,,,,,,,,,,,,,Shipping,,OAI Electronics,,6960 East 12th,,Tulsa,OK,74112,United States,FALSE,TRUE,,
1,292,,14675,,,,,,,,Troy Design & Manufacturing Co,Jake Sowers,acctpay@troydm.com,,,(773) 646-0845,Mailing,,Troy Design & Manufacturing Co,,12359 S. Burley,,Chicago,IL,60633,United States,FALSE,FALSE,,TRUE
2,292,,14675,,,,,,,,,,,,,,Billing,,Troy Design & Manufacturing Co,,14425 Sheldon Road,Attn: Accounts Payable,Plymouth,MI,48170,United States,TRUE,FALSE,,
3,292,,14675,,,,,,,,,,,,,,Shipping,,Troy Design & Manufacturing Co,,12359 S. Burley Avenue,,Chicago,IL,60633,United States,FALSE,TRUE,,
1,293,,14677,,,,,,,,Dynamics Inc.,Thomas Harbin,Amanda.Veoni@DynamicsInc.com; ralph.manson@dynamicsinc.com,(412) 369-4600,,,Mailing,,Dynamics Inc.,,493 Nixon Road,,Cheswick,PA,15024,United States,FALSE,FALSE,Net 30,TRUE
2,293,,14677,,,,,,,,,,,,,,Billing,,Dynamics Inc.,,493 Nixon Road,,Cheswick,PA,15024,United States,TRUE,FALSE,,
3,293,,14677,,,,,,,,,,,,,,Shipping,,Dynamics Inc.,,493 Nixon Road,,Cheswick,PA,15024,United States,FALSE,TRUE,,
1,294,,14678,,,,,,,,"Accumold - SMS Concast Canada, Inc.",Jake Sowers,,(519) 228-6601,,(519) 228-6739,Mailing,,"Accumold - SMS Concast Canada, Inc.",,PO Box 248,399 A Canada Ave,Huron Park,ON,N0M 1Y0,Canada,FALSE,FALSE,Net 30,TRUE
2,294,,14678,,,,,,,,,,,,,,Billing,,"Accumold - SMS Concast Canada, Inc.",,PO Box 248,399 A Canada Ave,Huron Park,ON,N0M 1Y0,Canada,TRUE,FALSE,,
3,294,,14678,,,,,,,,,,,,,,Shipping,,"Accumold - SMS Concast Canada, Inc.",,PO Box 248,399 A Canada Ave,Huron Park,ON,N0M 1Y0,Canada,FALSE,TRUE,,
1,295,,14694,,,,,,,US Tool Group,US Tool Group -Everett,Jake Sowers,apinvoices@ustg.net,(425) 923-1818,,,Mailing,,US Tool Group -Everett,,2615 94th Street SW,,Everett,WA,98204,United States,FALSE,FALSE,Net 30,TRUE
2,295,,14694,,,,,,,,,,,,,,Billing,,US Tool Group -Everett,,2000 Progress Drive,,Farmington,MO,63640,United States,TRUE,FALSE,,
3,295,,14694,,,,,,,,,,,,,,Shipping,,US Tool Group -Everett,,2615 94th Street SW,,Everett,WA,98204,United States,FALSE,TRUE,,
1,296,,14702,,,,,,,,PPG Aerospace PRC-DeSoto Int'l - ASC Philly,Thomas Harbin,aerospace_apinvoices@PPG.com,(856) 234-1600,,(856) 234-0765,Mailing,,PPG Aerospace PRC-DeSoto Int'l - ASC Philly,,Accounts Payable,12780 San Fernando Road,Sylmar,CA,91342,United States,FALSE,FALSE,Net 30,TRUE
2,296,,14702,,,,,,,,,,,,,,Billing,,PPG Aerospace PRC-DeSoto Int'l - ASC Philly,,Aerospace Processing Center,848 Southern Avenue,Chillicothe,OH,45601,United States,TRUE,FALSE,,
3,296,,14702,,,,,,,,,,,,,,Shipping,,PPG Aerospace PRC-DeSoto Int'l - ASC Philly,,PRC-Desoto Int'l-TSS Boeing,"823 East Gate Drive, Unit 1",Mt. Laurel,NJ,08054,United States,FALSE,TRUE,,
1,297,,14704,,,,,,,,Hendee Enterprises,Ed Rodriguez,,(713) 796-2322,,(713) 796-0494,Mailing,,Hendee Enterprises,,9350 South Point Drive,,Houston,TX,77054,United States,FALSE,FALSE,Net 30,TRUE
2,297,,14704,,,,,,,,,,,,,,Billing,,Hendee Enterprises,,9350 South Point Drive,,Houston,TX,77054,United States,TRUE,FALSE,,
3,297,,14704,,,,,,,,,,,,,,Shipping,,Hendee Enterprises,,9350 South Point Drive,,Houston,TX,77054,United States,FALSE,TRUE,,
1,298,,14727,,,,,,,Ellsworth,Ellsworth Adhesives - Appleton (WI),Jake Sowers,payables@ellsworth.com,(920) 757-1021,(920) 284-8731,(920) 757-1867,Mailing,,Ellsworth Adhesives - Appleton (WI),,9650 Lois Lane,,Appleton,WI,54914,United States,FALSE,FALSE,net 50,TRUE
2,298,,14727,,,,,,,,,,,,,,Billing,,Ellsworth Adhesives - Appleton (WI),,P. O. Box 1002,,Germantown,WI,53022,United States,TRUE,FALSE,,
3,298,,14727,,,,,,,,,,,,,,Shipping,,Ellsworth Adhesives - Appleton (WI),,9650 Lois Lane,,Appleton,WI,54914,United States,FALSE,TRUE,,
1,299,,14758,,,,,,,Ellsworth,Ellsworth Adhesives - eCornelius (NC),Jake Sowers,payables@ellsworth.com,(704) 896-2723,,(704) 896-2724,Mailing,,Ellsworth Adhesives - eCornelius (NC),,19879 Stough Farm Road,,Cornelius,NC,28031,United States,FALSE,FALSE,net 50,TRUE
2,299,,14758,,,,,,,,,,,,,,Billing,,Ellsworth Adhesives - eCornelius (NC),,P. O. Box 1002,,Germantown,WI,53022,United States,TRUE,FALSE,,
3,299,,14758,,,,,,,,,,,,,,Shipping,,Ellsworth Adhesives - eCornelius (NC),,19879 Stough Farm Road,,Cornelius,NC,28031,United States,FALSE,TRUE,,
1,300,,14763,,,,,,,,"Moore Boat, LLC.",Thomas Harbin,,(410) 524-3456,(410) 251-8524,,Mailing,,"Moore Boat, LLC.",,,,,,,,FALSE,FALSE,Credit Card,FALSE
2,300,,14763,,,,,,,,,,,,,,Billing,,"Moore Boat, LLC.",,117 West 49th Street,,Ocean City,MD,21842,United States,TRUE,FALSE,,
3,300,,14763,,,,,,,,,,,,,,Shipping,,"Moore Boat, LLC.",,12303 North Piney Point Road,,Bishopville,MD,21813,United States,FALSE,TRUE,,
1,302,,14779,,,,,,,,Mailender,Jake Sowers,,(513) 881-4344,(800) 998-5453,(513) 942-6070,Mailing,,Mailender,,,,,,,,FALSE,FALSE,Net 30,TRUE
2,302,,14779,,,,,,,,,,,,,,Billing,,Mailender,,9500 Glades Drive,,Hamilton,OH,45011,United States,TRUE,FALSE,,
3,302,,14779,,,,,,,,,,,,,,Shipping,,Mailender,,9500 Glades Drive,,Hamilton,OH,45011,United States,FALSE,TRUE,,
1,303,,14780,,,,,,,US Tool Group,US Tool Group -MX,Jake Sowers,apinvoices@ustg.net,52-686-904-7802,,52-686-582-7848,Mailing,,US Tool Group -MX,,,,,,,,FALSE,FALSE,Net 30,TRUE
2,303,,14780,,,,,,,,,,,,,,Billing,,US Tool Group -MX,,2000 Progress Drive,,Farmington,MO,63640,United States,TRUE,FALSE,,
3,303,,14780,,,,,,,,,,,,,,Shipping,,US Tool Group -MX,,1778 Carr Road Suite 3B,C/O Nogueira/ Norman Krieger,Calexico,CA,92231,United States,FALSE,TRUE,,
1,304,,14781,,,,,,,Ellsworth,Ellsworth Adhesives - Carrollton (TX),Jake Sowers,payables@ellsworth.com,(704) 896-2723,,(704) 896-2724,Mailing,,Ellsworth Adhesives - Carrollton (TX),,1625 Crescent Circle #220,,Carrollton,TX,75006,United States,FALSE,FALSE,net 50,TRUE
2,304,,14781,,,,,,,,,,,,,,Billing,,Ellsworth Adhesives - Carrollton (TX),,P. O. Box 1002,,Germantown,WI,53022,United States,TRUE,FALSE,,
3,304,,14781,,,,,,,,,,,,,,Shipping,,Ellsworth Adhesives - Carrollton (TX),,2323 Clear Lake City Blvd (UPS Store),"Suite 180, Box 291",Houston,TX,77062,United States,FALSE,TRUE,,
1,305,,14789,,,,,,,,Senseonics,Thomas Harbin,AccountsPayable@senseonics.com,(301) 515-7260,,(301) 515-0988,Mailing,,Senseonics,,20451 Seneca Meadows Parkway,,Germantown,MD,20876,United States,FALSE,FALSE,Net 30,FALSE
2,305,,14789,,,,,,,,,,,,,,Billing,,Senseonics,,20451 Seneca Meadows Parkway,,Germantown,MD,20876,United States,TRUE,FALSE,,
3,305,,14789,,,,,,,,,,,,,,Shipping,,Senseonics,,20451 Seneca Meadows Parkway,,Germantown,MD,20876,United States,FALSE,TRUE,,
1,306,,14799,,,,,,,Ellsworth,Ellsworth Adhesives - Stow (OH),Jake Sowers,payables@ellsworth.com,(330) 730-4037,,,Mailing,,Ellsworth Adhesives - Stow (OH),,5005 Comanche Trail,,Stow,OH,44224,United States,FALSE,FALSE,net 50,TRUE
2,306,,14799,,,,,,,,,,,,,,Billing,,Ellsworth Adhesives - Stow (OH),,P. O. Box 1002,,Germantown,WI,53022-8020,United States,TRUE,FALSE,,
3,306,,14799,,,,,,,,,,,,,,Shipping,,Ellsworth Adhesives - Stow (OH),,5005 Comanche Trail,,Stow,OH,44224,United States,FALSE,TRUE,,
1,307,,14800,,,,,,,Ellsworth,Ellsworth Adhesives - Mequon (WI),Jake Sowers,payables@ellsworth.com,(866) 836-5489,,(866) 836-5490,Mailing,,Ellsworth Adhesives - Mequon (WI),,12543 N. Farmdale Road,,Mequon,WI,53097,United States,FALSE,FALSE,net 50,TRUE
2,307,,14800,,,,,,,,,,,,,,Billing,,Ellsworth Adhesives - Mequon (WI),,P. O. Box 1002,,Germantown,WI,53022,United States,TRUE,FALSE,,
3,307,,14800,,,,,,,,,,,,,,Shipping,,Ellsworth Adhesives - Mequon (WI),,12543 N. Farmdale Road,,Mequon,WI,53097,United States,FALSE,TRUE,,
1,308,,14801,,,,,,,Ford Motor Co.,Ford Motor Co. - Metal Stamping Chicago,Victoria Sessa,,(708) 756-6598,,,Mailing,,Ford Motor Co. - Metal Stamping Chicago,,,,,,,,FALSE,FALSE,,TRUE
2,308,,14801,,,,,,,,,,,,,,Billing,,Ford Motor Co. - Metal Stamping Chicago,,1000 E. Lincoln Highway,,Chicago Heights,IL,60411-3004,United States,TRUE,FALSE,,
3,308,,14801,,,,,,,,,,,,,,Shipping,,Ford Motor Co. - Metal Stamping Chicago,,1000 E. Lincoln Highway,,Chicago Heights,IL,60411-3004,United States,FALSE,TRUE,,
1,309,,14806,,,,,,,Ellsworth,Ellsworth Adhesives - Milwaukie (OR),Jake Sowers,payables@ellsworth.com,(503) 720-8254,,,Mailing,,Ellsworth Adhesives - Milwaukie (OR),,7179 SE Cypress Ave,,Milwaukie,OR,97267,United States,FALSE,FALSE,net 50,TRUE
2,309,,14806,,,,,,,,,,,,,,Billing,,Ellsworth Adhesives - Milwaukie (OR),,P. O. Box 1002,,Germantown,WI,53022,United States,TRUE,FALSE,,
3,309,,14806,,,,,,,,,,,,,,Shipping,,Ellsworth Adhesives - Milwaukie (OR),,7179 SE Cypress Ave,,Milwaukie,OR,97267,United States,FALSE,TRUE,,
1,310,,14814,,,,,,,Ellsworth,Ellsworth Adhesives - Beaver Creek (OH),Jake Sowers,payables@ellsworth.com,(937) 938-0987,,,Mailing,,Ellsworth Adhesives - Beaver Creek (OH),,2520 Kewanna Lane,,Beavercreek,OH,45434,United States,FALSE,FALSE,net 50,TRUE
2,310,,14814,,,,,,,,,,,,,,Billing,,Ellsworth Adhesives - Beaver Creek (OH),,P. O. Box 1002,,Germantown,WI,53022,United States,TRUE,FALSE,,
3,310,,14814,,,,,,,,,,,,,,Shipping,,Ellsworth Adhesives - Beaver Creek (OH),,2520 Kewanna Lane,,Beavercreek,OH,45434,United States,FALSE,TRUE,,
1,311,,14815,,,,,,,Ellsworth,Ellsworth Adhesives - Erie (PA),Jake Sowers,payables@ellsworth.com,(814) 490-1641,(814) 490-1741,(262) 509-8887,Mailing,,Ellsworth Adhesives - Erie (PA),,5809 Pebblestone Court,,Erie,PA,16506,United States,FALSE,FALSE,net 50,TRUE
2,311,,14815,,,,,,,,,,,,,,Billing,,Ellsworth Adhesives - Erie (PA),,P. O. Box 1002,,Germantown,WI,53022,United States,TRUE,FALSE,,
3,311,,14815,,,,,,,,,,,,,,Shipping,,Ellsworth Adhesives - Erie (PA),,5809 Pebblestone Court,,Erie,PA,16506,United States,FALSE,TRUE,,
1,312,,14834,,,,,,,Ford Motor Co.,Ford Motor Co. - Wayne Integral Stamping & Assembly,Victoria Sessa,,(734) 467-0792,,,Mailing,,Ford Motor Co. - Wayne Integral Stamping & Assembly,,,,,,,,FALSE,FALSE,60 Days  net,TRUE
2,312,,14834,,,,,,,,,,,,,,Billing,,Ford Motor Co. - Wayne Integral Stamping & Assembly,,37500 Van Born,,Wayne,MI,48184,United States,TRUE,FALSE,,
3,312,,14834,,,,,,,,,,,,,,Shipping,,Ford Motor Co. - Wayne Integral Stamping & Assembly,,37500 Van Born,General Stores - West Dock,Wayne,MI,48184,United States,FALSE,TRUE,,
1,313,,14840,,,,,,,Ellsworth,Ellsworth Adhesives - Gilbert (AZ),Jake Sowers,payables@ellsworth.com,(913) 669-6978,,(913) 837-3678,Mailing,,Ellsworth Adhesives - Gilbert (AZ),,1254 S. Sierra Street,,Gilbert,"A
",85296,United States,FALSE,FALSE,net 50,TRUE
2,313,,14840,,,,,,,,,,,,,,Billing,,Ellsworth Adhesives - Gilbert (AZ),,P. O. Box 1002,,Germantown,WI,53022,United States,TRUE,FALSE,,
3,313,,14840,,,,,,,,,,,,,,Shipping,,Ellsworth Adhesives - Gilbert (AZ),,1254 S. Sierra Street,,Gilbert,AZ,85296,United States,FALSE,TRUE,,
1,314,,14850,,,,,,,Ellsworth,Ellsworth Adhesives - Thompsons Station (TN),Jake Sowers,payables@ellsworth.com,(615) 430-6089,,,Mailing,,Ellsworth Adhesives - Thompsons Station (TN),,1257 Saddle Springs Drive,,Thompsons Station,TN,37179,United States,FALSE,FALSE,net 50,TRUE
2,314,,14850,,,,,,,,,,,,,,Billing,,Ellsworth Adhesives - Thompsons Station (TN),,P. O. Box 1002,,Germantown,WI,53022,United States,TRUE,FALSE,,
3,314,,14850,,,,,,,,,,,,,,Shipping,,Ellsworth Adhesives - Thompsons Station (TN),,1257 Saddle Springs Drive,,Thompsons Station,TN,37179,United States,FALSE,TRUE,,
1,315,,14851,,,,,,,Ellsworth,Ellsworth Adhesives - Orlando (FL),Jake Sowers,payables@ellsworth.com,(407) 704-0907,,,Mailing,,,,14562 Saint Georges Hill Drive,,Orlando,FL,32828,United States,FALSE,FALSE,net 50,TRUE
2,315,,14851,,,,,,,,,,,,,,Billing,,,,P. O. Box 1002,,Germantown,WI,53022,United States,TRUE,FALSE,,
3,315,,14851,,,,,,,,,,,,,,Shipping,,,,14562 Saint Georges Hill Drive,,Orlando,FL,32828,United States,FALSE,TRUE,,
1,316,,14859,,,,,,,,Plant Products by BioBest Canada,Ed Rodriguez,stephanie.byrne@plantproducts.com,(519) 322-2178,,,Mailing,,Plant Products by BioBest Canada,,2020 Fox Run Rd.,,Leamington,ON,N8H 3V7,Canada,FALSE,FALSE,,TRUE
2,316,,14859,,,,,,,,,,,,,,Billing,,Plant Products by BioBest Canada,,50 Hazelton Street,P.O. Box 33,Leamington,ON,N8H 1B8,Canada,TRUE,FALSE,,
3,316,,14859,,,,,,,,,,,,,,Shipping,,Plant Products by BioBest Canada,,2020 Fox Run Road,RR #4,Leamington,ON,N8H3V7,Canada,FALSE,TRUE,,
1,317,,14860,,,,,,,,Bostik Inc. ,Mark Mogar,Invoices.Bostik-US@bostik.com,(804) 862-8700,(888) 706-4600,(804) 862-5100,Mailing,,Bostik Inc. ,,10921 Lamore Drive,,Disputanta,VA,23842,United States,FALSE,FALSE,Net 30,TRUE
2,317,,14860,,,,,,,,,,,,,,Billing,,Bostik Inc. ,,C/O Oildex,P.O. Box 210966,Dallas,TX,75211-0600,United States,TRUE,FALSE,,
3,317,,14860,,,,,,,,,,,,,,Shipping,,Bostik Inc. ,,10921 Lamore Drive,,Disputanta,VA,23842-4602,United States,FALSE,TRUE,,
1,318,,14870,,,,,,,,Daria Metal Fabricators,Thomas Harbin,tgrace@dariametalfabricators.com,(215) 453-2110,,(215) 453-1556,Mailing,,Daria Metal Fabricators,,1507 W. Park Avenue,,Perkasie,PA,18944,United States,FALSE,FALSE,Net 30,TRUE
2,318,,14870,,,,,,,,,,,,,,Billing,,Daria Metal Fabricators,,1507 W. Park Avenue,,Perkasie,PA,18944,United States,TRUE,FALSE,,
3,318,,14870,,,,,,,,,,,,,,Shipping,,Daria Metal Fabricators,,1507 W. Park Avenue,,Perkasie,PA,18944,United States,FALSE,TRUE,,
1,319,,14878,,,,,,,,"Lindenmeyr Munroe/Div. of Central Nat'l.-Gottesman, Inc.",Thomas Harbin,dhoats@lindenmeyr.com,(570) 498-3311,,(570) 826-0246,Mailing,,,,3300 Horizon Drive19406,,King of Prussia,PA,19406,United States,FALSE,FALSE,Net 30,FALSE
2,319,,14878,,,,,,,,,,,,,,Billing,,,,3300 Horizon Drive,,King of Prussia,PA,19406,United States,TRUE,FALSE,,
3,319,,14878,,,,,,,,,,,,,,Shipping,,,,155 Stewart Road,Hanover Industrial Estates,Wilkes-Barre,PA,18706,United States,FALSE,TRUE,,
1,320,,14895,,,,,,,,"Polymer Packaging, Inc.",Jake Sowers,ap@polymerpkg.com,(330) 649-6006,,(330) 649-6006,Mailing,,"Polymer Packaging, Inc.",,275 Hickory St,,Sparta,MI,49345,United States,FALSE,FALSE,Net 30,TRUE
2,320,,14895,,,,,,,,,,,,,,Billing,,"Polymer Packaging, Inc.",,5285 Edgewater Drive,,Allendale,MI,49401,United States,TRUE,FALSE,,
3,320,,14895,,,,,,,,,,,,,,Shipping,,"Polymer Packaging, Inc.",,,,,,,,FALSE,TRUE,,
1,321,,14900,,,,,,,,Keilhauer,Ed Rodriguez,tricia.bachan@keilhauer.com,(416) 759-5665,(800) 724-5665,(416) 759-5723,Mailing,,Keilhauer,,1450 Birchmount Rd,,Toronto,ON,M1P 2E3,Canada,FALSE,FALSE,Prepay,TRUE
2,321,,14900,,,,,,,,,,,,,,Billing,,Keilhauer,,1450 Birchmount Rd,,Toronto,ON,M1P 2E3,Canada,TRUE,FALSE,,
3,321,,14900,,,,,,,,,,,,,,Shipping,,Keilhauer,,1450 Birchmount Rd,,Toronto,ON,M1P 2E3,Canada,FALSE,TRUE,,
1,322,,14912,,,,,,,,Health Line International Corp.,Ed Rodriguez,accounting@HLIC.net,(801) 773-7798,,(855) 228-1336,Mailing,,Health Line International Corp.,,,,,,,,FALSE,FALSE,Net 30,TRUE
2,322,,14912,,,,,,,,,,,,,,Billing,,Health Line International Corp.,,260 North Ace Yeager Court Unit D,,Salt Lake City,UT,84116,United States,TRUE,FALSE,,
3,322,,14912,,,,,,,,,,,,,,Shipping,,Health Line International Corp.,,5675 West 300 South,,Salt Lake City,UT,84104,United States,FALSE,TRUE,,
1,323,,14917,,,,,,,Ellsworth,Ellsworth Adhesives - San Diego (CA),Jake Sowers,payables@ellsworth.com,(800) 888-0698,,(866) 855-2432,Mailing,,Ellsworth Adhesives - San Diego (CA),,14059 Stoney Gate Place,,San Diego,CA,92128,United States,FALSE,FALSE,net 50,TRUE
2,323,,14917,,,,,,,,,,,,,,Billing,,Ellsworth Adhesives - San Diego (CA),,P. O. Box 1002,,Germantown,WI,53022,United States,TRUE,FALSE,,
3,323,,14917,,,,,,,,,,,,,,Shipping,,Ellsworth Adhesives - San Diego (CA),,14059 Stoney Gate Place,,San Diego,CA,92128,United States,FALSE,TRUE,,
1,324,,14920,,,,,,,,JOLI Distribution F Hendel Inc,Ed Rodriguez,,(514) 335-3172,,(514) 335-4013,Mailing,,JOLI Distribution F Hendel Inc,,941 Rue Reverchon Street,,Saint-Laurent,PQ,H4T 4L2,Canada,FALSE,FALSE,Net 30,TRUE
2,324,,14920,,,,,,,,,,,,,,Billing,,JOLI Distribution F Hendel Inc,,941 Rue Reverchon Street,,Saint-Laurent,QC,H4T 4L2,Canada,TRUE,FALSE,,
3,324,,14920,,,,,,,,,,,,,,Shipping,,JOLI Distribution F Hendel Inc,,941 Rue Reverchon Street,,Saint-Laurent,PQ,H4T 4L2,Canada,FALSE,TRUE,,
1,325,,14945,,,,,,,,"Cree, Inc.",Mark Mogar,paul_scheidt@cree.com,(919) 313-5300,,(919) 313-5558,Mailing,,"Cree, Inc.",,4600 Silicon Drive,,Durham,NC,27703,United States,FALSE,FALSE,Credit Card,TRUE
2,325,,14945,,,,,,,,,,,,,,Billing,,"Cree, Inc.",,4600 Silicon Drive,,Durham,NC,27703,United States,TRUE,FALSE,,
3,325,,14945,,,,,,,,,,,,,,Shipping,,"Cree, Inc.",,4600 Silicon Drive,,Durham,NC,27703,United States,FALSE,TRUE,,
1,326,,14973,,,,,,,Teleflex,Teleflex Medical,Mark Mogar,apnl.teleflex@teleflex.com,,"

",,Mailing,,Teleflex Medical,,,,,,,,FALSE,FALSE,Net 30,TRUE
2,326,,14973,,,,,,,,,,,,,,Billing,,Teleflex Medical,,Teleflex Medical Europe Ltd,"IDA Business & Technology Park,  Dublin Rd, Athione",Co Westmeath,,,Ireland,TRUE,FALSE,,
3,326,,14973,,,,,,,,,,,,,,Shipping,,Teleflex Medical,,Teleflex Inc. Perimeter Park,3015 Carrington Mill Blvd,Morrisville,NC,27560,United States,FALSE,TRUE,,
1,327,,14990,,,,,,,,RS Hughes - Cincinnati,Ed Rodriguez,ap@rshughes.com,(513) 772-0780,,(513) 772-0787,Mailing,,RS Hughes - Cincinnati,,2941 Kemper Road,,Cincinnati,OH,45241,United States,FALSE,FALSE,Net 30,TRUE
2,327,,14990,,,,,,,,,,,,,,Billing,,RS Hughes - Cincinnati,,2941 Kemper Road,,Cincinnati,OH,45241,United States,TRUE,FALSE,,
3,327,,14990,,,,,,,,,,,,,,Shipping,,RS Hughes - Cincinnati,,2941 Kemper Road,,Cincinnati,OH,45241,United States,FALSE,TRUE,,
1,328,,14994,,,,,,,MSC,MSC Direct - York,Thomas Harbin,MSCPDF@IQBACKOFFICE.COM,(717) 755-1500,,,Mailing,,MSC Direct - York,,,,,,,,FALSE,FALSE,Net 30,TRUE
2,328,,14994,,,,,,,,,,,,,,Billing,,MSC Direct - York,,Attn: Accounts Payable,P. O. Box 9073,Melville,NY,11747,United States,TRUE,FALSE,,
3,328,,14994,,,,,,,,,,,,,,Shipping,,MSC Direct - York,,2135 Industrial Highway,,York,PA,17402,United States,FALSE,TRUE,,
1,329,,15025,,,,,,,,Ground Effects LTD,Matthew Kay,apllc@gfxltd.com,(519) 944-3800,(800) 397-7782,(519) 944-5334,Mailing,,Ground Effects LTD,,4505 Rhodes Dr.,,Windsor,ON,N8W 5R8,Canada,FALSE,FALSE,Net 30,TRUE
2,329,,15025,,,,,,,,,,,,,,Billing,,Ground Effects LTD,,4505 Rhodes Dr.,,Windsor,ON,N8W 5R8,Canada,TRUE,FALSE,,
3,329,,15025,,,,,,,,,,,,,,Shipping,,Ground Effects LTD,,2946 Walker Rd,Plant 5,Windsor,ON,N8W 3R3,Canada,FALSE,TRUE,,
1,330,,15027,,,,,,,,"dlhBowles, Inc.",Thomas Harbin,ap@dlhbowles.com,(410) 381-0400,(410) 381-0228,(410) 381-2718,Mailing,,"dlhBowles, Inc.",,,,,,,,FALSE,FALSE,Net 30,FALSE
2,330,,15027,,,,,,,,,,,,,,Billing,,"dlhBowles, Inc.",,2422 Leo Avenue SW,Attn: Accounts Payable,Canton ,OH,44706,United States,TRUE,FALSE,,
3,330,,15027,,,,,,,,,,,,,,Shipping,,"dlhBowles, Inc.",,"Laser Forwarding, Warehouse II","901 Carrier St., Uniroyal Ind'l. Park",Laredo,TX,78045,United States,FALSE,TRUE,,
1,331,,15042,,,,,,,Ellsworth,Ellsworth Adhesives - Scotts Valley (CA),Susan Chambers,payables@ellsworth.com; mfernandez@Ellsworth.com,(415) 405-5608,,,Mailing,,Ellsworth Adhesives - Scotts Valley (CA),,105 Lucia Lane,,Scotts Valley,CA,95066-4557,United States,FALSE,FALSE,net 50,TRUE
2,331,,15042,,,,,,,,,,,,,,Billing,,Ellsworth Adhesives - Scotts Valley (CA),,W129 N10825 Washington Drive,,Germantown,WI,60002,United States,TRUE,FALSE,,
3,331,,15042,,,,,,,,,,,,,,Shipping,,Ellsworth Adhesives - Scotts Valley (CA),,105 Lucia Lane,,Scotts Valley,CA,95066,United States,FALSE,TRUE,,
1,332,,15057,,,,,,,,Perfect Fit Injection Moulding,Ed Rodriguez,"rosss@perfectfit-ind.com
",(403) 263-8284,,(403) 266-7352,Mailing,,Perfect Fit Injection Moulding,,5403 44 Street SE,,Calgary,AB,T2C 2T6,Canada,FALSE,FALSE,Net 30,TRUE
2,332,,15057,,,,,,,,,,,,,,Billing,,Perfect Fit Injection Moulding,,5403 44 Street SE,,Calgary,AB,T2C 2T6,Canada,TRUE,FALSE,,
3,332,,15057,,,,,,,,,,,,,,Shipping,,Perfect Fit Injection Moulding,,5403 44 Street SE,,Calgary,AB,T2C 2T6,Canada,FALSE,TRUE,,
1,333,,15059,,,,,,,Thorlabs,"Thorlabs, Inc.",Thomas Harbin,jmalley@thorlabs.com,(973) 300-2533,,,Mailing,,"Thorlabs, Inc.",,56 Sparta Avenue,,Newton,NJ,07860,United States,FALSE,FALSE,Prepay,TRUE
2,333,,15059,,,,,,,,,,,,,,Billing,,"Thorlabs, Inc.",,56 Sparta Avenue,,Newton,NJ,07860,United States,TRUE,FALSE,,
3,333,,15059,,,,,,,,,,,,,,Shipping,,"Thorlabs, Inc.",,1400 Campus Dr West,,Morganville,NJ,07751,United States,FALSE,TRUE,,
1,334,,15082,,,,,,,,Protek Medical Products Inc,Jake Sowers,,(319) 545-7100,,(319) 545-7099,Mailing,,Protek Medical Products Inc,,4125 Westcor Ct.,,Coralville,IA,52241,United States,FALSE,FALSE,Net 30,TRUE
2,334,,15082,,,,,,,,,,,,,,Billing,,Protek Medical Products Inc,,4125 Westcor Ct.,,Coralville,IA,52241,United States,TRUE,FALSE,,
3,334,,15082,,,,,,,,,,,,,,Shipping,,Protek Medical Products Inc,,4125 Westcor Ct.,,Coralville,IA,52241,United States,FALSE,TRUE,,
1,335,,15084,,,,,,,,Tom Smith Industries,Jake Sowers,,(937) 832-1555,,(937) 832-1577,Mailing,,Tom Smith Industries,,500 Smith Drive,,Englewood,OH,45315,United States,FALSE,FALSE,Net 30,TRUE
2,335,,15084,,,,,,,,,,,,,,Billing,,Tom Smith Industries,,500 Smith Drive,,Englewood,OH,45315,United States,TRUE,FALSE,,
3,335,,15084,,,,,,,,,,,,,,Shipping,,Tom Smith Industries,,500 Smith Drive,,Englewood,OH,45315,United States,FALSE,TRUE,,
1,336,,15088,,,,,,,,"Funai Electric Cebu, Inc.",Mark Mogar,dsoon@funai-cebu.com.ph,63 32-349-1800,,63 32-349-1890,Mailing,,"Funai Electric Cebu, Inc.",,,,,,,,FALSE,FALSE,Net 30,TRUE
2,336,,15088,,,,,,,,,,,,,,Billing,,"Funai Electric Cebu, Inc.",,Mactan Economic Zone II,Basak,Lapu-Lapu City,Cebu,6015,Philippines,TRUE,FALSE,,
3,336,,15088,,,,,,,,,,,,,,Shipping,,"Funai Electric Cebu, Inc.",,Mactan Economic Zone II,Basak,Lapu-Lapu City,Cebu,6015,Philippines,FALSE,TRUE,,
1,337,,15092,,,,,,,,"Alliance Industrial Masking, Inc.",Jake Sowers,chris@custommasking.net,(937) 681-5569,,(937) 222-2578,Mailing,,"Alliance Industrial Masking, Inc.",,204 S. Ludlow Street Suite 200,,Dayton,OH,45402,United States,FALSE,FALSE,Net 30,TRUE
2,337,,15092,,,,,,,,,,,,,,Billing,,"Alliance Industrial Masking, Inc.",,204 S. Ludlow Street Suite 200,,Dayton,OH,45402,United States,TRUE,FALSE,,
3,337,,15092,,,,,,,,,,,,,,Shipping,,"Alliance Industrial Masking, Inc.",,204 S. Ludlow Street Suite 200,,Dayton,OH,45402,United States,FALSE,TRUE,,
1,338,,15110,,,,,,,,Syneron Medical Israel,Diane Edwards,,,,,Mailing,,Syneron Medical Israel,,Sultam Ind Zone - Tavor BLD,Service 18000,Yokneam ILLIT,,20692,Israel,FALSE,FALSE,Net 30,TRUE
2,338,,15110,,,,,,,,,,,,,,Billing,,Syneron Medical Israel,,POB 160,Yokne'am Industrial Zone Tavor building,Yokne'am ILLIT,Israel,2069200,Israel,TRUE,FALSE,,
3,338,,15110,,,,,,,,,,,,,,Shipping,,Syneron Medical Israel,,POB 550,Industrial Zone Tavor building,Yokneam ILLIT,,2069200,Israel,FALSE,TRUE,,
1,339,,15122,,,,,,,,"Davlyn Manufacturing Co., Inc.",Thomas Harbin,,(610) 948-9378,,(610) 948-5266,Mailing,,"Davlyn Manufacturing Co., Inc.",,85 Mennonite Church Road,,Spring City,PA,19475,United States,FALSE,FALSE,Net 30,TRUE
2,339,,15122,,,,,,,,,,,,,,Billing,,"Davlyn Manufacturing Co., Inc.",,P. O. Box 49,85 Mennonite Church Road,Spring City,PA,19475,United States,TRUE,FALSE,,
3,339,,15122,,,,,,,,,,,,,,Shipping,,"Davlyn Manufacturing Co., Inc.",,P. O. Box 49,85 Mennonite Church Road,Spring City,PA,19475,United States,FALSE,TRUE,,
1,340,,15147,,,,,,,Ellsworth,Ellsworth Adhesives - Chicago (IL),Jake Sowers,payables@ellsworth.com,(708) 738-2784,,,Mailing,,Ellsworth Adhesives - Chicago (IL),,910 W. Lake St. Unit L,,Chicago,IL,60607,United States,FALSE,FALSE,net 50,TRUE
2,340,,15147,,,,,,,,,,,,,,Billing,,Ellsworth Adhesives - Chicago (IL),,P. O. Box 1002,,Germantown,WI,53022,United States,TRUE,FALSE,,
3,340,,15147,,,,,,,,,,,,,,Shipping,,Ellsworth Adhesives - Chicago (IL),,910 W. Lake St. Unit L,,Chicago,IL,60607,United States,FALSE,TRUE,,
1,341,,15157,,,,,,,Ford Motor Co.,Ford Motor Co. - Romeo,Victoria Sessa,,(313) 337-8654,,,Mailing,,Ford Motor Co. - Romeo,,,,,,,,FALSE,FALSE,60 Days  net,TRUE
2,341,,15157,,,,,,,,,,,,,,Billing,,Ford Motor Co. - Romeo,,701 E. 32 Mile Road,,Romeo,MI,48065,United States,TRUE,FALSE,,
3,341,,15157,,,,,,,,,,,,,,Shipping,,Ford Motor Co. - Romeo,,701 E. 32 Mile Road,,Romeo,MI,48065,United States,FALSE,TRUE,,
1,342,,15197,,,,,,,DLA,DLA Troop Support,Thomas Harbin,,(215) 737-2693,,(215) 737-7557,Mailing,,DLA Troop Support,,Construction & Equipment,700 Robbins Avenue,Philadelphia,PA,19111,United States,FALSE,FALSE,,TRUE
2,342,,15197,,,,,,,,,,,,,,Billing,,DLA Troop Support,,"DEF FIN and Accounting SVC, BSM",P. O. Box 369031,Columbus,OH,43236-9031,United States,TRUE,FALSE,,
3,342,,15197,,,,,,,,,,,,,,Shipping,,DLA Troop Support,,"DEF FIN and Accounting SVC, BSM",P. O. Box 369031,Columbus,OH,43236-9031,United States,FALSE,TRUE,,
1,343,,15200,,,,,,,Ellsworth,Ellsworth Adhesives - Godfrey (IL),Jake Sowers,payables@ellsworth.com,(618) 920-5023,,,Mailing,,Ellsworth Adhesives - Godfrey (IL),,5315 Dover Dr,,Godrey,IL,62035,United States,FALSE,FALSE,net 50,TRUE
2,343,,15200,,,,,,,,,,,,,,Billing,,Ellsworth Adhesives - Godfrey (IL),,P. O. Box 1002,,Germantown,WI,53022,United States,TRUE,FALSE,,
3,343,,15200,,,,,,,,,,,,,,Shipping,,Ellsworth Adhesives - Godfrey (IL),,5315 Dover Dr,,Godrey,IL,62035,United States,FALSE,TRUE,,
1,344,,15214,,,,,,,,"Applied Video Imaging, LLC.",Alexandra Clayton,,(434) 974-6310,,(434) 974-6311,Mailing,,"Applied Video Imaging, LLC.",,,,,,,,FALSE,FALSE,Net 30,TRUE
2,344,,15214,,,,,,,,,,,,,,Billing,,"Applied Video Imaging, LLC.",,3345 Seminole Trail,Suite 1122,Charlottesville,VA,22911,United States,TRUE,FALSE,,
3,344,,15214,,,,,,,,,,,,,,Shipping,,"Applied Video Imaging, LLC.",,590 Tanager Woods Court,,Earlysville,VA,22936,United States,FALSE,TRUE,,
1,345,,15219,,,,,,,W. L. Gore & Associates,W. L. Gore & Associates,Thomas Harbin,accountspayable-psd@wlgore.com,(410) 506-8400,,(410) 506-8445,Mailing,,W. L. Gore & Associates,,380 Starr Road,,Landenberg,PA,19350,United States,FALSE,FALSE,Net 30,FALSE
2,345,,15219,,,,,,,,,,,,,,Billing,,W. L. Gore & Associates,,100 airport Road,,Elkton,MD,21922,United States,TRUE,FALSE,,
3,345,,15219,,,,,,,,,,,,,,Shipping,,W. L. Gore & Associates,,555 Paper Mill Road,,Newark,DE,19711,United States,FALSE,TRUE,,
1,346,,15221,,,,,,,,NETWork Medical Products Inc.,Thomas Harbin,,(860) 495-2052,,,Mailing,,NETWork Medical Products Inc.,,,,,,,,FALSE,FALSE,Net 30,TRUE
2,346,,15221,,,,,,,,,,,,,,Billing,,NETWork Medical Products Inc.,,183 Providence New London Turnpike,,North Stonington,CT,06359,United States,TRUE,FALSE,,
3,346,,15221,,,,,,,,,,,,,,Shipping,,NETWork Medical Products Inc.,,183 Providence New London Turnpike,,North Stonington,CT,06359,United States,FALSE,TRUE,,
1,347,,15231,,,,,,,,"Carestream Health, Inc.",Thomas Harbin,,(585) 627-8675,,,Mailing,,"Carestream Health, Inc.",,1049 Ridge Road West,,Rochester ,NY,14615-2731,United States,FALSE,FALSE,Credit Card,TRUE
2,347,,15231,,,,,,,,,,,,,,Billing,,"Carestream Health, Inc.",,1669 Lake Ave,,Rochester ,NY,14650-2731,United States,TRUE,FALSE,,
3,347,,15231,,,,,,,,,,,,,,Shipping,,"Carestream Health, Inc.",,1049 Ridge Road West,,Rochester ,NY,14615-2731,United States,FALSE,TRUE,,
1,348,,15240,,,,,,,,"Plasman Plastics, Inc",Ed Rodriguez,WP1.AP@theplasmangroup.com,(519) 737-9602,,,Mailing,,"Plasman Plastics, Inc",,5245 Burke Dr,,Windsor,ON,N9A 6J3,Canada,FALSE,FALSE,60 Days  net,TRUE
2,348,,15240,,,,,,,,,,,,,,Billing,,"Plasman Plastics, Inc",,5245 Burke Dr,Livingston International is custom clearance,Windsor,ON,N9A 6J3,Canada,TRUE,FALSE,,
3,348,,15240,,,,,,,,,,,,,,Shipping,,"Plasman Plastics, Inc",,5250 Outer Dr,Windsor Plant 1,Windsor,ON,N9A 6J3,Canada,FALSE,TRUE,,
1,349,,15311,,,,,,,,Archer Advanced Rubber Components,Mark Mogar,,(336) 996-7776,,(336) 996-4449,Mailing,,Archer Advanced Rubber Components,,,,,,,,FALSE,FALSE,Net 30,TRUE
2,349,,15311,,,,,,,,,,,,,,Billing,,Archer Advanced Rubber Components,,2860 Lowery Street,,Winston-Salem ,NC,27101,United States,TRUE,FALSE,,
3,349,,15311,,,,,,,,,,,,,,Shipping,,Archer Advanced Rubber Components,,2860 Lowery Street,,Winston-Salem ,NC,27101,United States,FALSE,TRUE,,
1,350,,15326,,,,,,,,"DALB, Inc",Mark Mogar,,(304) 725-0300,,,Mailing,,"DALB, Inc",,73 Industrial Blvd,,Kearneysville,WV,25430,United States,FALSE,FALSE,Net 30,TRUE
2,350,,15326,,,,,,,,,,,,,,Billing,,"DALB, Inc",,73 Industrial Blvd,,Kearneysville,WV,25430,United States,TRUE,FALSE,,
3,350,,15326,,,,,,,,,,,,,,Shipping,,"DALB, Inc",,73 Industrial Blvd,,Kearneysville,WV,25430,United States,FALSE,TRUE,,
1,351,,15327,,,,,,,,Qualcomm,,,(408) 990-4937,,,Mailing,,Qualcomm,,,,,,,,FALSE,FALSE,Prepay,TRUE
2,351,,15327,,,,,,,,,,,,,,Billing,,Qualcomm,,5775 Morehouse Drive,,San Diego,CA,92121,United States,TRUE,FALSE,,
3,351,,15327,,,,,,,,,,,,,,Shipping,,Qualcomm,,3105 Kifer Rd,,Santa Clara,CA,95051,United States,FALSE,TRUE,,
1,352,,15334,,,,,,,,Tremco Police Products,Thomas Harbin,Diane@tremcoantitheft.com,(888) 666-3031,(781) 275-7692,(781) 275-1895,Mailing,,Tremco Police Products,,,,,,,,FALSE,FALSE,Net 30,TRUE
2,352,,15334,,,,,,,,,,,,,,Billing,,Tremco Police Products,,34 Sullivan Road,Bldg. 17,N. Billerica,MA,01862-1275,United States,TRUE,FALSE,,
3,352,,15334,,,,,,,,,,,,,,Shipping,,Tremco Police Products,,34 Sullivan Road,Bldg. 17,N. Billerica,MA,01862-1275,United States,FALSE,TRUE,,
1,353,,15347,,,,,,,,Rugged Logic Inc,Mark Mogar,,(703) 994-2500,,,Mailing,,Rugged Logic Inc,,23475 Rock Haven Way,Suite 230,Sterling,VA,20166,United States,FALSE,FALSE,Net 30,TRUE
2,353,,15347,,,,,,,,,,,,,,Billing,,Rugged Logic Inc,,4200 Technology Court ,Suite G,Chantilly ,VA,20151,United States,TRUE,FALSE,,
3,353,,15347,,,,,,,,,,,,,,Shipping,,Rugged Logic Inc,,4200 Technology Court ,Suite G,Chantilly ,VA,20151,United States,FALSE,TRUE,,
1,354,,15375,,,,,,,,"HorseEase, LLC.",Mark Mogar,,(540) 498-6977,,(540) 645-6080,Mailing,,"HorseEase, LLC.",,118 Roberts Ln #400,,Alexandria,VA,22314,United States,FALSE,FALSE,Credit Card,TRUE
2,354,,15375,,,,,,,,,,,,,,Billing,,"HorseEase, LLC.",,118 Roberts Ln #400,,Alexandria,VA,22314,United States,TRUE,FALSE,,
3,354,,15375,,,,,,,,,,,,,,Shipping,,"HorseEase, LLC.",,118 Roberts Ln #400,,Fredericksburg,VA,22314,United States,FALSE,TRUE,,
1,355,,15390,,,,,,,,"Action Electronics, Inc.",Thomas Harbin,,(800) 834-4605,(508) 668-3131,(508) 668-7611,Mailing,,"Action Electronics, Inc.",,25 Walpole Park South,,Walpole,MA,02081,United States,FALSE,FALSE,Credit Card,TRUE
2,355,,15390,,,,,,,,,,,,,,Billing,,"Action Electronics, Inc.",,25 Walpole Park South,,Walpole,MA,02081,United States,TRUE,FALSE,,
3,355,,15390,,,,,,,,,,,,,,Shipping,,"Action Electronics, Inc.",,25 Walpole Park South,,Walpole,MA,02081,United States,FALSE,TRUE,,
1,356,,15399,,,,,,,,"Flex Lighting, LLC.",Jake Sowers,,(773) 295-0305,,,Mailing,,"Flex Lighting, LLC.",,"11 West Illinois Street, 3rd Floor",,Chicago,IL,60654,United States,FALSE,FALSE,Net 30,TRUE
2,356,,15399,,,,,,,,,,,,,,Billing,,"Flex Lighting, LLC.",,"11 West Illinois Street, 3rd Floor",,Chicago,IL,60654,United States,TRUE,FALSE,,
3,356,,15399,,,,,,,,,,,,,,Shipping,,"Flex Lighting, LLC.",,"11 West Illinois Street, 3rd Floor",,Chicago,IL,60654,United States,FALSE,TRUE,,
1,357,,15405,,,,,,,Thorlabs,Thorlabs Quantum Electronics,Thomas Harbin,,(240) 456-7100,,(240) 456-7200,Mailing,,Thorlabs Quantum Electronics,,10335 Guilford Rd,,Jessup,MD,20794,United States,FALSE,FALSE,Net 30,TRUE
2,357,,15405,,,,,,,,,,,,,,Billing,,Thorlabs Quantum Electronics,,10335 Guilford Rd,,Jessup,MD,20794,United States,TRUE,FALSE,,
3,357,,15405,,,,,,,,,,,,,,Shipping,,Thorlabs Quantum Electronics,,10335 Guilford Rd,,Jessup,MD,20794,United States,FALSE,TRUE,,
1,358,,15431,,,,,,,,"Silipos, Inc.",Thomas Harbin,payables@silipos.com,(800) 229-4404,(716) 283-0700,(716) 283-5727,Mailing,,"Silipos, Inc.",,,,,,,,FALSE,FALSE,pia,TRUE
2,358,,15431,,,,,,,,,,,,,,Billing,,"Silipos, Inc.",,7049 Williams Road,,Niagra Falls,NY,14304-3731,United States,TRUE,FALSE,,
3,358,,15431,,,,,,,,,,,,,,Shipping,,"Silipos, Inc.",,7049 Williams Road,,Niagra Falls,NY,14304-3731,United States,FALSE,TRUE,,
1,359,,15448,,,,,,,Medtronic,Medtronic Puerto Rico Ops,Ed Rodriguez,madams@strouse.com,,,,Mailing,,Medtronic Puerto Rico Ops,,,,,,,,FALSE,FALSE,60 Days  net,TRUE
2,359,,15448,,,,,,,,,,,,,,Billing,,Medtronic Puerto Rico Ops,,PO Box 778,,Minneapolis,MN,55440,United States,TRUE,FALSE,,
3,359,,15448,,,,,,,,,,,,,,Shipping,,Medtronic Puerto Rico Ops,,Ceiba Norta Industrial Park ,RD 31 KM 24.4,Juncos,Puerto Rico,00777,United States,FALSE,TRUE,,
1,360,,15478,,,,,,,,Xymox Technolgies,Jake Sowers,,(414) 362-9000,,(414) 362-9090,Mailing,,Xymox Technolgies,,9099 W. Dean Road,,Milwaukee,WI,53224,United States,FALSE,FALSE,Credit Card,TRUE
2,360,,15478,,,,,,,,,,,,,,Billing,,Xymox Technolgies,,9099 W. Dean Road,,Milwaukee,WI,53224,United States,TRUE,FALSE,,
3,360,,15478,,,,,,,,,,,,,,Shipping,,Xymox Technolgies,,9099 W. Dean Road,,Milwaukee,WI,53224,United States,FALSE,TRUE,,
1,361,,15495,,,,,,,,Ridge Pavement Marking,Thomas Harbin,,(585) 748-7060,,(315) 986-7284,Mailing,,Ridge Pavement Marking,,,,,,,,FALSE,FALSE,Net 30,TRUE
2,361,,15495,,,,,,,,,,,,,,Billing,,Ridge Pavement Marking,,1005 Farmington Road,,Macedon,NY,14502,United States,TRUE,FALSE,,
3,361,,15495,,,,,,,,,,,,,,Shipping,,Ridge Pavement Marking,,1005 Farmington Road,,Macedon,NY,14502,United States,FALSE,TRUE,,
1,362,,15514,,,,,,,,Sur-Seal,Jake Sowers,ap@sur-seal.com,(513) 574-8500,,,Mailing,,Sur-Seal,,,,,,,,FALSE,FALSE,Net 30,TRUE
2,362,,15514,,,,,,,,,,,,,,Billing,,Sur-Seal,,6156 Wesselman Road,,Cincinnati,OH,45248,United States,TRUE,FALSE,,
3,362,,15514,,,,,,,,,,,,,,Shipping,,Sur-Seal,,6156 Wesselman Road,,Cincinnati,OH,45248,United States,FALSE,TRUE,,
1,363,,15521,,,,,,,,Taylor Technologies,Thomas Harbin,,,,,Mailing,,Taylor Technologies,,31 Loveton Circle,,Sparks,MD,21152,United States,FALSE,FALSE,Net 30,FALSE
2,363,,15521,,,,,,,,,,,,,,Billing,,Taylor Technologies,,31 Loveton Circle,,Sparks,MD,21152,United States,TRUE,FALSE,,
3,363,,15521,,,,,,,,,,,,,,Shipping,,Taylor Technologies,,31 Loveton Circle,,Sparks,MD,21152,United States,FALSE,TRUE,,
1,364,,15526,,,,,,,,Viant Co. - Coastal Life Systems,Thomas Harbin,ap@viantmedical.com,(210) 684-7553,,,Mailing,,Viant Co. - Coastal Life Systems,,7027 Fairgrounds Parkway,,San Antonio,TX,78238,United States,FALSE,FALSE,Net 30,TRUE
2,364,,15526,,,,,,,,,,,,,,Billing,,Viant Co. - Coastal Life Systems,,Viant San Antonio,1501 W Fountainhead Pkwy # 510,Tempe,AZ,85282,United States,TRUE,FALSE,,
3,364,,15526,,,,,,,,,,,,,,Shipping,,Viant Co. - Coastal Life Systems,,7027 Fairgrounds Parkway,,San Antonio,TX,78238,United States,FALSE,TRUE,,
1,365,,15539,,,,,,,,Motorola Solutions,Mark Mogar,,(954) 605-7111,,,Mailing,,Motorola Solutions,,8000 W. Sunrise Blvd,,Plantation,FL,33322,United States,FALSE,FALSE,Credit Card,TRUE
2,365,,15539,,,,,,,,,,,,,,Billing,,Motorola Solutions,,8000 W. Sunrise Blvd,,Plantation,FL,33322,United States,TRUE,FALSE,,
3,365,,15539,,,,,,,,,,,,,,Shipping,,Motorola Solutions,,8000 W. Sunrise Blvd,,Plantation,FL,33322,United States,FALSE,TRUE,,
1,366,,15540,,,,,,,,Bostwick-Braun Corp.,Jake Sowers,,(800) 777-9640,(419) 259-3600,(419) 259-3622,Mailing,,Bostwick-Braun Corp.,,,,,,,,FALSE,FALSE,Net 30,TRUE
2,366,,15540,,,,,,,,,,,,,,Billing,,Bostwick-Braun Corp.,,7349 Crossliegh Court,,Toledo,OH,43617,United States,TRUE,FALSE,,
3,366,,15540,,,,,,,,,,,,,,Shipping,,Bostwick-Braun Corp.,,205 HL Thompson Drive,,Ashley,IN,46705,United States,FALSE,TRUE,,
1,367,,15559,,,,,,,,All Phase Electric Supply,Matthew Kay,,(860) 436-5340,,,Mailing,,All Phase Electric Supply,,P. O. Box 86088,,Tucson,AZ,85754,United States,FALSE,FALSE,Prepaid,TRUE
2,367,,15559,,,,,,,,,,,,,,Billing,,All Phase Electric Supply,,P. O. Box 86088,,Tucson,AZ,85754,United States,TRUE,FALSE,,
3,367,,15559,,,,,,,,,,,,,,Shipping,,All Phase Electric Supply,,,,,,,,FALSE,TRUE,,
1,368,,15560,,,,,,,Ellsworth,Ellsworth Adhesives - Montréal,Jake Sowers,payables@ellsworth.com,(514) 546-0295,,,Mailing,,Ellsworth Adhesives - Montréal,,P.O. Box 15205,Station A,Toronto,ON,M5W 1C1,Canada,FALSE,FALSE,net 50,TRUE
2,368,,15560,,,,,,,,,,,,,,Billing,,Ellsworth Adhesives - Montréal,,P. O. Box 1002,,Germantown,WI,53022,United States,TRUE,FALSE,,
3,368,,15560,,,,,,,,,,,,,,Shipping,,Ellsworth Adhesives - Montréal,,7249 Rue Boyer,,Montreal,QC,H2R 2R6,Canada,FALSE,TRUE,,
1,369,,15561,,,,,,,,E & R Industrial,Jake Sowers,,(517) 322-9500,,(517) 322-9555,Mailing,,E & R Industrial,,,,,,,,FALSE,FALSE,Net 30,TRUE
2,369,,15561,,,,,,,,,,,,,,Billing,,E & R Industrial,,40800 Enterprise Drive,,Sterling Heights,MI,48314,United States,TRUE,FALSE,,
3,369,,15561,,,,,,,,,,,,,,Shipping,,E & R Industrial,,"4500 Empire Way, Suite #5",,Lansing,MI,48917,United States,FALSE,TRUE,,
1,370,,15565,,,,,,,,Berman Bedding Inc.,Thomas Harbin,,(814) 453-6755,,,Mailing,,Berman Bedding Inc.,,1114 Sassafras Street,Erie,PA,USA,16501,United States,FALSE,FALSE,Net 30,TRUE
2,370,,15565,,,,,,,,,,,,,,Billing,,Berman Bedding Inc.,,2000 E. 36th Street,,Erie ,PA,16510,United States,TRUE,FALSE,,
3,370,,15565,,,,,,,,,,,,,,Shipping,,Berman Bedding Inc.,,1114 Sassafras Street,,Erie,PA,16501,United States,FALSE,TRUE,,
1,371,,15574,,,,,,,3M,3M Strategic Sourcing and Packaging Solutions,Donald Pennington,,,,,Mailing,,3M Strategic Sourcing and Packaging Solutions,,,,,,,,FALSE,FALSE,net 45,TRUE
2,371,,15574,,,,,,,,,,,,,,Billing,,3M Strategic Sourcing and Packaging Solutions,,PO Box 33121,,St. Paul,MN,55133-3121,United States,TRUE,FALSE,,
3,371,,15574,,,,,,,,,,,,,,Shipping,,3M Strategic Sourcing and Packaging Solutions,,PO Box 33121,,St. Paul,MN,55133-3121,United States,FALSE,TRUE,,
1,372,,15575,,,,,,,,Funai Lexington Technology Corporation,Mark Mogar,sluong@funailex.com,(859) 232-2992,,,Mailing,,Funai Lexington Technology Corporation,,772 Newtown Pike,,Lexington,KY,40511,United States,FALSE,FALSE,Net 30,TRUE
2,372,,15575,,,,,,,,,,,,,,Billing,,Funai Lexington Technology Corporation,,700 Setzer Way,,Lexington,KY,40508,United States,TRUE,FALSE,,
3,372,,15575,,,,,,,,,,,,,,Shipping,,Funai Lexington Technology Corporation,,772 Newtown Pike,,Lexington,KY,40511,United States,FALSE,TRUE,,
1,373,,15578,,,,,,,,Vorbeck Materials,Alexandra Clayton,,(301) 497-9000,,,Mailing,,Vorbeck Materials,,"8306 Patuxent Range Rd., #105",,Jessup,MD,20790,United States,FALSE,FALSE,Net 30,TRUE
2,373,,15578,,,,,,,,,,,,,,Billing,,Vorbeck Materials,,"8306 Patuxent Range Rd., #105",,Jessup,MD,20790,United States,TRUE,FALSE,,
3,373,,15578,,,,,,,,,,,,,,Shipping,,Vorbeck Materials,,"8306 Patuxent Range Rd., #105",,Jessup,MD,20790,United States,FALSE,TRUE,,
1,374,,15587,,,,,,,,Packaging Unlimited,Mark Mogar,ap@pkgunltd.com,(502) 515-2700,,(502) 515-3974,Mailing,,Packaging Unlimited,,1121 West Kentucky Street,,Louisville ,KY,40210,United States,FALSE,FALSE,Net 30,TRUE
2,374,,15587,,,,,,,,,,,,,,Billing,,Packaging Unlimited,,1121 West Kentucky Street,,Louisville ,KY,40210,United States,TRUE,FALSE,,
3,374,,15587,,,,,,,,,,,,,,Shipping,,Packaging Unlimited,,1121 West Kentucky Street,,Louisville ,KY,40210,United States,FALSE,TRUE,,
1,375,,15594,,,,,,,,Century Fasteners Corp,Mark Mogar,,(804) 270-2054,,(804) 270-1228,Mailing,,Century Fasteners Corp,,10238 Sycamore Drive,Lakeridge Industrial Park,Ashland,VA,23005-8137,United States,FALSE,FALSE,Net 30,TRUE
2,375,,15594,,,,,,,,,,,,,,Billing,,Century Fasteners Corp,,50-20 Ireland Street,,Elmhurst,NY,11373,United States,TRUE,FALSE,,
3,375,,15594,,,,,,,,,,,,,,Shipping,,Century Fasteners Corp,,3850 Gaskins Rd Ste 400,,Richmond,VA,23233,United States,FALSE,TRUE,,
1,376,,15609,,,,,,,,Aerotuf  (Adv. Comp. Structures/Cargo Composites),Mark Mogar,apacs@cargocomposites.com,(843) 588-5590,,,Mailing,,Aerotuf  (Adv. Comp. Structures/Cargo Composites),,1026 Legrand Blvd,,Charleston,SC,29492,United States,FALSE,FALSE,Net 30,TRUE
2,376,,15609,,,,,,,,,,,,,,Billing,,Aerotuf  (Adv. Comp. Structures/Cargo Composites),,1026 Legrand Blvd,,Charleston,SC,29492,United States,TRUE,FALSE,,
3,376,,15609,,,,,,,,,,,,,,Shipping,,Aerotuf  (Adv. Comp. Structures/Cargo Composites),,1026 Legrand Blvd,(P) 843-588-5590,Charleston,SC,29492,United States,FALSE,TRUE,,
1,377,,15617,,,,,,,3M,3M Medical Solutions Division,Susan Chambers,"This is a buyer, not AP, but she can help if needed: Jeanine Vickerman CW <jivickerman.cw@mmm.com>",,,,Mailing,,3M Medical Solutions Division,,,,,,,,FALSE,FALSE,net 45,TRUE
2,377,,15617,,,,,,,,,,,,,,Billing,,3M Medical Solutions Division,,PO BOX 33121,,St. Paul,MN,55144,United States,TRUE,FALSE,,
3,377,,15617,,,,,,,,,,,,,,Shipping,,3M Medical Solutions Division,,"3M Center, Building 0275",,St. Paul,MN,55144,United States,FALSE,TRUE,,
1,378,,15644,,,,,,,,Grainger Sourcing - Richmond,Jake Sowers,Grainger_invoice@grainger.com,(804) 649-0731,,(804) 788-4187,Mailing,,Grainger Sourcing - Richmond,,,,,,,,FALSE,FALSE,Net 30,TRUE
2,378,,15644,,,,,,,,,,,,,,Billing,,Grainger Sourcing - Richmond,,Accounts Payable,MW-H11,Palatine,IL,60038,United States,TRUE,FALSE,,
3,378,,15644,,,,,,,,,,,,,,Shipping,,Grainger Sourcing - Richmond,,2424 Magnolia Court,,Richmond ,VA,23233,United States,FALSE,TRUE,,
1,379,,15687,,,,,,,,Lumeway Products,Thomas Harbin,,,,,Mailing,,Lumeway Products,,800 Main St,Ste 205,Holden,MA,01520,United States,FALSE,FALSE,Credit Card,TRUE
2,379,,15687,,,,,,,,,,,,,,Billing,,Lumeway Products,,800 Main St,Ste 205,Holden,MA,01520,United States,TRUE,FALSE,,
3,379,,15687,,,,,,,,,,,,,,Shipping,,Lumeway Products,,800 Main St,Ste 205,Holden,MA,01520,United States,FALSE,TRUE,,
1,380,,15697,,,,,,,,Zoll Medical,Thomas Harbin,accountspayableinvoicing@zoll.com,(412) 968-3333,,(412) 592-0952,Mailing,,Zoll Medical,,121 Gamma Drive,,Pittsburgh,PA,15238-2919,United States,FALSE,FALSE,Net 30,TRUE
2,380,,15697,,,,,,,,,,,,,,Billing,,Zoll Medical,,121 Gamma Drive,,Pittsburgh,PA,15238-2919,United States,TRUE,FALSE,,
3,380,,15697,,,,,,,,,,,,,,Shipping,,Zoll Medical,,121 Gamma Drive,,Pittsburgh,PA,15238-2919,United States,FALSE,TRUE,,
1,381,,15716,,,,,,,Hisco,Hisco - Tempe,Ed Rodriguez,apinvoices@hiscoinc.com,(480) 968-6171,,,Mailing,,Hisco - Tempe,,1150 W. Geneva Dr,,Tempe,AZ,85282,United States,FALSE,FALSE,Net 30,TRUE
2,381,,15716,,,,,,,,,,,,,,Billing,,Hisco - Tempe,,1150 W. Geneva D,,Tempe,AZ,85282,United States,TRUE,FALSE,,
3,381,,15716,,,,,,,,,,,,,,Shipping,,Hisco - Tempe,,1150 W. Geneva D,,Tempe,AZ,85282,United States,FALSE,TRUE,,
1,382,,15740,,,,,,,Ellsworth,Ellsworth Adhesives - Portsmouth (NH),Jake Sowers,payables@ellsworth.com,(508) 878-3796,,,Mailing,,Ellsworth Adhesives - Portsmouth (NH),,579 Sagamore Avenue,Unit 56,Portsmouth,NH,03801,United States,FALSE,FALSE,net 50,TRUE
2,382,,15740,,,,,,,,,,,,,,Billing,,Ellsworth Adhesives - Portsmouth (NH),,P. O. Box 1002,,Germantown,WI,53022,United States,TRUE,FALSE,,
3,382,,15740,,,,,,,,,,,,,,Shipping,,Ellsworth Adhesives - Portsmouth (NH),,579 Sagamore Avenue,Unit 56,Portsmouth,NH,03801,United States,FALSE,TRUE,,
1,383,,15741,,,,,,,,Ornim Medical,Thomas Harbin,dsean@ornim.com,,,,Mailing,,Ornim Medical,,123-125 Washington St.,Unit 7,Foxboro,MA,02035,United States,FALSE,FALSE,Prepaid,TRUE
2,383,,15741,,,,,,,,,,,,,,Billing,,Ornim Medical,,123-125 Washington St.,Unit 7,Foxboro,MA,02035,United States,TRUE,FALSE,,
3,383,,15741,,,,,,,,,,,,,,Shipping,,Ornim Medical,,123-125 Washington St.,Unit 7,Foxboro,MA,02035,United States,FALSE,TRUE,,
1,384,,15755,,,,,,,,Emerson Process Management,Jake Sowers,MMIInvoices@dataserv-stl.com,,,,Mailing,,Emerson Process Management,,,,,,,,FALSE,FALSE,Net 30,TRUE
2,384,,15755,,,,,,,,,,,,,,Billing,,Emerson Process Management,,Ave. Miguel de Cervantes 111,,Chihuahua,Chih,31136,United States,TRUE,FALSE,,
3,384,,15755,,,,,,,,,,,,,,Shipping,,Emerson Process Management,,Ave. Miguel de Cervantes 111,,Chihuahua,Chih,31136,Mexico,FALSE,TRUE,,
1,385,,15770,,,,,,,Ellsworth,Ellsworth Adhesives - Carmel (IN),Jake Sowers,payables@ellsworth.com,(317) 408-0493,,,Mailing,,Ellsworth Adhesives - Carmel (IN),,4923 Wood Creek Drive,,Carmel,IN,46033,United States,FALSE,FALSE,net 50,TRUE
2,385,,15770,,,,,,,,,,,,,,Billing,,Ellsworth Adhesives - Carmel (IN),,P. O. Box 1002,,Germantown,WI,53022,United States,TRUE,FALSE,,
3,385,,15770,,,,,,,,,,,,,,Shipping,,Ellsworth Adhesives - Carmel (IN),,4923 Wood Creek Drive,,Carmel,IN,46033,United States,FALSE,TRUE,,
1,386,,15777,,,,,,,,Richard Plastics Co.,Mark Mogar,,(601) 426-2810,,,Mailing,,Richard Plastics Co.,,1024 Hillcrest Dr,,Laurel,MS,39440,United States,FALSE,FALSE,Net 30,TRUE
2,386,,15777,,,,,,,,,,,,,,Billing,,Richard Plastics Co.,,1024 Hillcrest Dr,,Laurel,MS,39440,United States,TRUE,FALSE,,
3,386,,15777,,,,,,,,,,,,,,Shipping,,Richard Plastics Co.,,1024 Hillcrest Dr,,Laurel,MS,39440,United States,FALSE,TRUE,,
1,387,,15824,,,,,,,,"MetriTrack, Inc.",Jake Sowers,,(708) 498-3578,,,Mailing,,"MetriTrack, Inc.",,"4415 West Harrison, St. #230",,Hillside,IL,60162,United States,FALSE,FALSE,Credit Card,TRUE
2,387,,15824,,,,,,,,,,,,,,Billing,,"MetriTrack, Inc.",,"4415 West Harrison, St. #230",,Hillside,IL,60162,United States,TRUE,FALSE,,
3,387,,15824,,,,,,,,,,,,,,Shipping,,"MetriTrack, Inc.",,"4415 West Harrison, St. #230",,Hillside,IL,60162,United States,FALSE,TRUE,,
1,388,,15833,,,,,,,Ellsworth,Ellsworth Adhesives - Latrobe (PA),Jake Sowers,payables@ellsworth.com,(412) 525-3983,,,Mailing,,Ellsworth Adhesives - Latrobe (PA),,934 Terrace Drv,,Latrobe,PA,15650,United States,FALSE,FALSE,net 50,TRUE
2,388,,15833,,,,,,,,,,,,,,Billing,,Ellsworth Adhesives - Latrobe (PA),,P. O. Box 1002,,Germantown,WI,53022,United States,TRUE,FALSE,,
3,388,,15833,,,,,,,,,,,,,,Shipping,,Ellsworth Adhesives - Latrobe (PA),,934 Terrace Drv,,Latrobe,PA,15650,United States,FALSE,TRUE,,
1,389,,15839,,,,,,,,Bar-Ray,Thomas Harbin,accounting@bar-ray.com,(717) 359-9100,(800) 359-6115,,Mailing,,Bar-Ray,,90 East Lakeview Drive,,Littlestown,PA,17340,United States,FALSE,FALSE,Net 30,TRUE
2,389,,15839,,,,,,,,,,,,,,Billing,,Bar-Ray,,90 East Lakeview Drive,,Littlestown,PA,17340,United States,TRUE,FALSE,,
3,389,,15839,,,,,,,,,,,,,,Shipping,,Bar-Ray,,90 East Lakeview Drive,,Littlestown,PA,17340,United States,FALSE,TRUE,,
1,390,,15844,,,,,,,,DI-EL Tack Ltd,Jake Sowers,,+972-52-666-3400,,,Mailing,,DI-EL Tack Ltd,,,,,,,,FALSE,FALSE,Prepay,TRUE
2,390,,15844,,,,,,,,,,,,,,Billing,,DI-EL Tack Ltd,,13 Hidekel St.,POB 2383,Yavne,,,Israel,TRUE,FALSE,,
3,390,,15844,,,,,,,,,,,,,,Shipping,,DI-EL Tack Ltd,,"13 Hidekel Street, P. O. B. 2623",,Yavne,,8158736,Israel,FALSE,TRUE,,
1,391,,15850,,,,,,,,McRoberts Security Technologies,Thomas Harbin,mst-ap@mcrobertstech.com,(800) 776-7328,,(732) 866-1749,Mailing,,McRoberts Security Technologies,,46 Throckmorton Street,,Freehold,NJ,07728,United States,FALSE,FALSE,Prepay,TRUE
2,391,,15850,,,,,,,,,,,,,,Billing,,McRoberts Security Technologies,,46 Throckmorton Street,,Freehold,NJ,07728,United States,TRUE,FALSE,,
3,391,,15850,,,,,,,,,,,,,,Shipping,,McRoberts Security Technologies,,,,,,,,FALSE,TRUE,,
1,392,,15852,,,,,,,,Potomac Photonics,Thomas Harbin,SFord@potomac-laser.com,(888) 387-9701,(301) 459-3031,(301) 459-3034,Mailing,,Potomac Photonics,,1450 South Rolling Rd,Ste 2.095,Halethorpe,MD,21227,United States,FALSE,FALSE,,FALSE
2,392,,15852,,,,,,,,,,,,,,Billing,,Potomac Photonics,,1450 South Rolling Rd,Ste 2.095,Halethorpe,MD,21227,United States,TRUE,FALSE,,
3,392,,15852,,,,,,,,,,,,,,Shipping,,Potomac Photonics,,1450 South Rolling Rd,Ste 2.095,Halethorpe,MD,21227,United States,FALSE,TRUE,,
1,393,,15863,,,,,,,,Science & Engineering Services LLC / SES,Mark Mogar,,(443) 539-0139,,,Mailing,,Science & Engineering Services LLC / SES,,6992 Columbia Gateway Dr,,Columbia,MD,21046,United States,FALSE,FALSE,Net 30,FALSE
2,393,,15863,,,,,,,,,,,,,,Billing,,Science & Engineering Services LLC / SES,,6992 Columbia Gateway Dr,,Columbia,MD,21046,United States,TRUE,FALSE,,
3,393,,15863,,,,,,,,,,,,,,Shipping,,Science & Engineering Services LLC / SES,,248 Dunlop Blvd,,Huntsville,AL,35824,United States,FALSE,TRUE,,
1,394,,15871,,,,,,,,Swift Medical,Matthew Kay,finance@swiftmedical.io,(647) 466-4082,,,Mailing,,Swift Medical,,1 Richmond St W,Ste 300,Toronto,ON,M5H 3W4,Canada,FALSE,FALSE,Net 30,TRUE
2,394,,15871,,,,,,,,,,,,,,Billing,,Swift Medical,,1 Richmond St W,Ste 300,Toronto,ON,M5H 3W4,Canada,TRUE,FALSE,,
3,394,,15871,,,,,,,,,,,,,,Shipping,,Swift Medical,,1 Richmond St W,Ste 300,Toronto,ON,M5H 3W4,Canada,FALSE,TRUE,,
1,395,,15880,,,,,,,Ellsworth,Ellsworth Adhesives - Antioch (IL),Jake Sowers,payables@ellsworth.com,(847) 373-7679,,,Mailing,,Ellsworth Adhesives - Antioch (IL),,39882 N Long Drive,,Antioch,IL,60002,United States,FALSE,FALSE,net 50,TRUE
2,395,,15880,,,,,,,,,,,,,,Billing,,Ellsworth Adhesives - Antioch (IL),,P. O. Box 1002,,Germantown,WI,53022,United States,TRUE,FALSE,,
3,395,,15880,,,,,,,,,,,,,,Shipping,,Ellsworth Adhesives - Antioch (IL),,39882 N Long Drive,,Antioch,IL,60002,United States,FALSE,TRUE,,
1,396,,15882,,,,,,,,Merit Medical Systems,Ed Rodriguez,accountspayable@merit.com,(801) 253-1600,,(801) 253-6930,Mailing,,Merit Medical Systems,,1600 West Merit Parkway,,South Jordan,UT,84095,United States,FALSE,FALSE,Net 30,TRUE
2,396,,15882,,,,,,,,,,,,,,Billing,,Merit Medical Systems,,1600 West Merit Parkway,,South Jordan,UT,84095,United States,TRUE,FALSE,,
3,396,,15882,,,,,,,,,,,,,,Shipping,,Merit Medical Systems,,1600 West Merit Parkway,,South Jordan,UT,84095,United States,FALSE,TRUE,,
1,397,,15883,,,,,,,,PFC Flexible Circuits Ltd,Ed Rodriguez,pradeep@pfcflex.com,(416) 750-8433,,,Mailing,,PFC Flexible Circuits Ltd,,11 Canadian Rd,Suite 7,Scarborough,ON,M1R5G1,Canada,FALSE,FALSE,Net 30,TRUE
2,397,,15883,,,,,,,,,,,,,,Billing,,PFC Flexible Circuits Ltd,,11 Canadian Rd,Suite 7,Scarborough,ON,M1R5G1,Canada,TRUE,FALSE,,
3,397,,15883,,,,,,,,,,,,,,Shipping,,PFC Flexible Circuits Ltd,,11 Canadian Rd,Unit 12 Rear,Scarborough,ON,M1R5G1,Canada,FALSE,TRUE,,
1,398,,15889,,,,,,,,New Market Graphics,Thomas Harbin,,(215) 266-9404,,,Mailing,,New Market Graphics,,2244 Sunrise Way,,Jamison,PA,18929-1051,United States,FALSE,FALSE,Credit Card,TRUE
2,398,,15889,,,,,,,,,,,,,,Billing,,New Market Graphics,,2244 Sunrise Way,,Jamison,PA,18929-1051,United States,TRUE,FALSE,,
3,398,,15889,,,,,,,,,,,,,,Shipping,,New Market Graphics,,"230 Fair Hill Street, Dock NMG",,Willow Grove,PA,19090,United States,FALSE,TRUE,,
1,399,,15894,,,,,,,,Viant ,Ed Rodriguez,facturacion@viantmedical.com,,,,Mailing,,Viant ,,,,,,,,FALSE,FALSE,Net 30,TRUE
2,399,,15894,,,,,,,,,,,,,,Billing,,Viant ,,Ave. La Cuspide No. 1,Parque Industrial Technomex playas de Tijuana,Tijuana,BC,22500,Mexico,TRUE,FALSE,,
3,399,,15894,,,,,,,,,,,,,,Shipping,,Viant ,,9850 Siempre Viva Road Suite #3,,San Diego,CA,92154,United States,FALSE,TRUE,,
1,400,,15898,,,,,,,DLA,DLA Aviation Richmond,Mark Mogar,,,,,Mailing,,DLA Aviation Richmond,,8000 Jefferson Davis Hwy,,Richmond,VA,23297,United States,FALSE,FALSE,,TRUE
2,400,,15898,,,,,,,,,,,,,,Billing,,DLA Aviation Richmond,,DEF FIN & ACCT SVC/ BSM,PO Box 182317,Columbus,OH,43218,United States,TRUE,FALSE,,
3,400,,15898,,,,,,,,,,,,,,Shipping,,DLA Aviation Richmond,,8000 Jefferson Davis Hwy,ASC Commodities Division,Richmond,VA,23297,United States,FALSE,TRUE,,
1,401,,15905,,,,,,,,Tinker AFB,Jake Sowers,,,,,Mailing,,Tinker AFB,,,,,,,,FALSE,FALSE,Net 30,TRUE
2,401,,15905,,,,,,,,,,,,,,Billing,,Tinker AFB,,,,,,,,TRUE,FALSE,,
3,401,,15905,,,,,,,,,,,,,,Shipping,,Tinker AFB,,,,,,,,FALSE,TRUE,,
1,402,,15914,,,,,,,,Plexus,Jake Sowers,invoices@plexus.com,(888) 208-9005,,(920) 751-5395,Mailing,,Plexus,,One Plexus Way,,Neenah,WI,54956,United States,FALSE,FALSE,Net 30,TRUE
2,402,,15914,,,,,,,,,,,,,,Billing,,Plexus,,One Plexus Way,,Neenah,WI,54956,United States,TRUE,FALSE,,
3,402,,15914,,,,,,,,,,,,,,Shipping,,Plexus,,One Plexus Way,,Neenah,WI,54956,United States,FALSE,TRUE,,
1,403,,15922,,,,,,,,BGF Industries,Mark Mogar,Accountspayable@BGF.com,(434) 857-4400,,,Mailing,,BGF Industries,,230 Slayton Avenue,,Danville,VA,24540,United States,FALSE,FALSE,Net 30,TRUE
2,403,,15922,,,,,,,,,,,,,,Billing,,BGF Industries,,230 Slayton Avenue,Suite A1,Danville,VA,24540,United States,TRUE,FALSE,,
3,403,,15922,,,,,,,,,,,,,,Shipping,,BGF Industries,,,,,,,,FALSE,TRUE,,
1,404,,15938,,,,,,,,Apollo Display Technologies Corp.,Thomas Harbin,,(631) 580-4360,,(631) 580-4370,Mailing,,Apollo Display Technologies Corp.,,"87 Raynor Avenue, Unit #1",,Ronkonkoma,NY,11779,United States,FALSE,FALSE,Net 30,TRUE
2,404,,15938,,,,,,,,,,,,,,Billing,,Apollo Display Technologies Corp.,,"87 Raynor Avenue, Unit #1",,Ronkonkoma,NY,11779,United States,TRUE,FALSE,,
3,404,,15938,,,,,,,,,,,,,,Shipping,,Apollo Display Technologies Corp.,,"87 Raynor Avenue, Unit #1",,Ronkonkoma,NY,11779,United States,FALSE,TRUE,,
1,405,,15941,,,,,,,,Volvo Trucks North America,Mark Mogar,,,,,Mailing,,Volvo Trucks North America,,"Dept. 18832, TC-2",7900 National Service Road,Greensboro,NC,27409,United States,FALSE,FALSE,Net 30,TRUE
2,405,,15941,,,,,,,,,,,,,,Billing,,Volvo Trucks North America,,"Dept. 18832, TC-2",7900 National Service Road,Greensboro,NC,27409,United States,TRUE,FALSE,,
3,405,,15941,,,,,,,,,,,,,,Shipping,,Volvo Trucks North America,,"Dept. 18832, TC-2",7900 National Service Road,Greensboro,NC,27409,United States,FALSE,TRUE,,
1,406,,15949,,,,,,,,Advanced Decorative Systems-US,Jake Sowers,,(989) 871-4550,,(989) 871-2291,Mailing,,Advanced Decorative Systems-US,,4705 Industrial Drive,,Millington,MI,48746,United States,FALSE,FALSE,Net 30,TRUE
2,406,,15949,,,,,,,,,,,,,,Billing,,Advanced Decorative Systems-US,,4705 Industrial Drive,,Millington,MI,48746,United States,TRUE,FALSE,,
3,406,,15949,,,,,,,,,,,,,,Shipping,,Advanced Decorative Systems-US,,4705 Industrial Drive,,Millington,MI,48746,United States,FALSE,TRUE,,
1,407,,15955,,,,,,,,Oak Ridge National Laboratory,Mark Mogar,mearssa@ornl.gov,(865) 574-8308,,,Mailing,,Oak Ridge National Laboratory,,"UT- Battelle, ORNL",1 Bethel Valley Rd 7001-AMSE1129,Oak Ridge,TN,37830,United States,FALSE,FALSE,Prepaid,TRUE
2,407,,15955,,,,,,,,,,,,,,Billing,,Oak Ridge National Laboratory,,1 Bethel Valley Rd,MS 6339,Oak Ridge,TN,37830,United States,TRUE,FALSE,,
3,407,,15955,,,,,,,,,,,,,,Shipping,,Oak Ridge National Laboratory,,"UT- Battelle, ORNL",1 Bethel Valley Rd 7001-AMSE1129,Oak Ridge,TN,37830,United States,FALSE,TRUE,,
1,408,,15965,,,,,,,Ford Motor Co.,Ford Integrated Stamping Plant KC,Victoria Sessa,,,,,Mailing,,Ford Integrated Stamping Plant KC,,,,,,,,FALSE,FALSE,60 Days  net,TRUE
2,408,,15965,,,,,,,,,,,,,,Billing,,Ford Integrated Stamping Plant KC,,Receiving Area,2401 Plummer Rd,Liberty,MO,64068,United States,TRUE,FALSE,,
3,408,,15965,,,,,,,,,,,,,,Shipping,,Ford Integrated Stamping Plant KC,,,,,,,,FALSE,TRUE,,
1,409,,15973,,,,,,,,Summit Technologies Corp.,Donald Pennington,,86-592-6665596,,,Mailing,,Summit Technologies Corp.,,,,,,,,FALSE,FALSE,Net 30,TRUE
2,409,,15973,,,,,,,,,,,,,,Billing,,Summit Technologies Corp.,,5F No 17 Dingshan Rd,Haicang District,Xiamen,Fujian,361026,China,TRUE,FALSE,,
3,409,,15973,,,,,,,,,,,,,,Shipping,,Summit Technologies Corp.,,5F No 17 Dingshan Rd,Haicang District,Xiamen,Fujian,361026,China,FALSE,TRUE,,
1,410,,15987,,,,,,,Veritiv,Veritiv - Depew ,Mark Mogar,"aptradeinvoices@veritivcorp.com
",(716) 206-2440,,,Mailing,,Veritiv - Depew ,,3344 Walden Ave,,Depew,NY,14043,United States,FALSE,FALSE,60 Days  net,TRUE
2,410,,15987,,,,,,,,,,,,,,Billing,,Veritiv - Depew ,,3344 Walden Ave,,Depew,NY,14043,United States,TRUE,FALSE,,
3,410,,15987,,,,,,,,,,,,,,Shipping,,Veritiv - Depew ,,3344 Walden Ave,,Depew,NY,14043,United States,FALSE,TRUE,,
1,411,,16006,,,,,,,,Beta-Calco Inc,Thomas Harbin,invoices@betacalco.com,(416) 531-9942,(905) 877-6036,,Mailing,,Beta-Calco Inc,,25 Kodiak Crescent,,Toronto,ON,M3J 3E5,Canada,FALSE,FALSE,Net 30,TRUE
2,411,,16006,,,,,,,,,,,,,,Billing,,Beta-Calco Inc,,25 Kodiak Crescent,,Toronto,ON,M3J 3E5,Canada,TRUE,FALSE,,
3,411,,16006,,,,,,,,,,,,,,Shipping,,Beta-Calco Inc,,C/O Borderworx Logistics,369 Lng Blvd.,Grand Island,NY,14072,United States,FALSE,TRUE,,
1,412,,16010,,,,,,,,Quality Mill Supply,Jake Sowers,ap@qualitymill.com,(317) 489-0600,,(317) 346-1050,Mailing,,Quality Mill Supply,,2159 Early Lane; PO Box 329,,Franklin ,IN,46131,United States,FALSE,FALSE,Net 30,TRUE
2,412,,16010,,,,,,,,,,,,,,Billing,,Quality Mill Supply,,2159 Early Lane; PO Box 329,,Franklin ,IN,46131,United States,TRUE,FALSE,,
3,412,,16010,,,,,,,,,,,,,,Shipping,,Quality Mill Supply,,2159 Early Lane,,Franklin ,IN,46131,United States,FALSE,TRUE,,
1,413,,16017,,,,,,,,CompoSecure,Thomas Harbin,bmcqueary@composecure.com,(908) 518-0500,,(908) 518-0569,Mailing,,CompoSecure,,500 Memorial Drive,,Somerset,NJ,08873,United States,FALSE,FALSE,Net 30,TRUE
2,413,,16017,,,,,,,,,,,,,,Billing,,CompoSecure,,500 Memorial Drive,,Somerset,NJ,08873,United States,TRUE,FALSE,,
3,413,,16017,,,,,,,,,,,,,,Shipping,,CompoSecure,,500 Memorial Drive,,Somerset,NJ,08873,United States,FALSE,TRUE,,
1,414,,16019,,,,,,,,Neff-Perkins Company,Jake Sowers,nicole@neffp.com,(440) 632-1658,,(440) 632-1206,Mailing,,Neff-Perkins Company,,16080 Industrial Parkway,,Middlefield,OH,44062,United States,FALSE,FALSE,Net 30,TRUE
2,414,,16019,,,,,,,,,,,,,,Billing,,Neff-Perkins Company,,16080 Industrial Parkway,,Middlefield,OH,44062,United States,TRUE,FALSE,,
3,414,,16019,,,,,,,,,,,,,,Shipping,,Neff-Perkins Company,,16080 Industrial Parkway,,Middlefield,OH,44062,United States,FALSE,TRUE,,
1,415,,16025,,,,,,,,Q-Tech,Thomas Harbin,,(215) 295-2964,,,Mailing,,Q-Tech,,221A Lower Morrisville Road,,Levittown,PA,19054,United States,FALSE,FALSE,Credit Card,TRUE
2,415,,16025,,,,,,,,,,,,,,Billing,,Q-Tech,,221A Lower Morrisville Road,,Levittown,PA,19054,United States,TRUE,FALSE,,
3,415,,16025,,,,,,,,,,,,,,Shipping,,Q-Tech,,221A Lower Morrisville Road,,Levittown,PA,19054,United States,FALSE,TRUE,,
1,416,,16038,,,,,,,,FayJan Tool Sales Co.,Thomas Harbin,tshay@fayjantoolsales.com,(800) 447-8682,,(570) 547-2553,Mailing,,FayJan Tool Sales Co.,,6751 US 15,,Montgomery,PA,17752,United States,FALSE,FALSE,to be determined,TRUE
2,416,,16038,,,,,,,,,,,,,,Billing,,FayJan Tool Sales Co.,,6751 US 15,,Montgomery,PA,17752,United States,TRUE,FALSE,,
3,416,,16038,,,,,,,,,,,,,,Shipping,,FayJan Tool Sales Co.,,6751 US 15,,Montgomery,PA,17752,United States,FALSE,TRUE,,
1,417,,16046,,,,,,,,"SDM & Associates, Inc. (For Lockheed Martin)",Thomas Harbin,einvoice@onlinesdm.com,(856) 863-9493,(800) 471-6488,(856) 881-6830,Mailing,,"SDM & Associates, Inc. (For Lockheed Martin)",,20 High Street E,,Glassboro,NJ,08028,United States,FALSE,FALSE,,TRUE
2,417,,16046,,,,,,,,,,,,,,Billing,,"SDM & Associates, Inc. (For Lockheed Martin)",,PO Box 130,,Glassboro,NJ,08028,United States,TRUE,FALSE,,
3,417,,16046,,,,,,,,,,,,,,Shipping,,"SDM & Associates, Inc. (For Lockheed Martin)",,,,,,,,FALSE,TRUE,,
1,418,,16071,,,,,,,,Rocket Mark Corporation,Mark Mogar,,(866) 760-6027,,(818) 937-6912,Mailing,,Rocket Mark Corporation,,115 Penn Warren Drive,Suite 300-305,Brentwood,TN,37027,United States,FALSE,FALSE,Credit Card,TRUE
2,418,,16071,,,,,,,,,,,,,,Billing,,Rocket Mark Corporation,,"3026 Owen Drive, Suite 110",,Antioch,TN,37013,United States,TRUE,FALSE,,
3,418,,16071,,,,,,,,,,,,,,Shipping,,Rocket Mark Corporation,,"3026 Owen Drive, Suite 110",,Antioch,TN,37013,United States,FALSE,TRUE,,
1,419,,16073,,,,,,,,"New Visual Media Group, LLC",Thomas Harbin,,(732) 389-9400,,,Mailing,,"New Visual Media Group, LLC",,"6 Industrial Way West, Suite G",,Eatontown,NJ,07724,United States,FALSE,FALSE,,TRUE
2,419,,16073,,,,,,,,,,,,,,Billing,,"New Visual Media Group, LLC",,"6 Industrial Way West, Suite G",,Eatontown,NJ,07724,United States,TRUE,FALSE,,
3,419,,16073,,,,,,,,,,,,,,Shipping,,"New Visual Media Group, LLC",,"6 Industrial Way West, Suite G",,Eatontown,NJ,07724,United States,FALSE,TRUE,,
1,420,,16075,,,,,,,,Performance Elastomers,Jake Sowers,,(330) 297-2255,,(330) 297-7595,Mailing,,Performance Elastomers,,7162 State Rte 88,,Ravenna,OH,44266,United States,FALSE,FALSE,,TRUE
2,420,,16075,,,,,,,,,,,,,,Billing,,Performance Elastomers,,7162 State Rte 88,,Ravenna,OH,44266,United States,TRUE,FALSE,,
3,420,,16075,,,,,,,,,,,,,,Shipping,,Performance Elastomers,,7162 State Rte 88,,Ravenna,OH,44266,United States,FALSE,TRUE,,
1,421,,16076,,,,,,,3M,3M EDUMEX / EDUSA,Susan Chambers,"
",(915) 774-9020,,,Mailing,,3M EDUMEX / EDUSA,,Ramon Rivera Lara 6620,,Ciudad Juarez,Chihuahua,,Mexico,FALSE,FALSE,Net 30,TRUE
2,421,,16076,,,,,,,,,,,,,,Billing,,3M EDUMEX / EDUSA,,c/o Edusa Corporation- Accounts Payable,PO Box 9308 ,El Paso,TX,79905-9308,United States,TRUE,FALSE,,
3,421,,16076,,,,,,,,,,,,,,Shipping,,3M EDUMEX / EDUSA,,420-B Pan American Drive,Ste B-5,El Paso,TX,79907,United States,FALSE,TRUE,,
1,422,,16091,,,,,,,,"General Electric Co., DBA GE Healthcare",Matthew Kay,GEPays_BID330010@ge.com,(262) 544-3011,,,Mailing,,"General Electric Co., DBA GE Healthcare",,3114 Grandview Blvd.,F39403,Waukesha,WI,53118,United States,FALSE,FALSE,60 Days  net,TRUE
2,422,,16091,,,,,,,,,,,,,,Billing,,"General Electric Co., DBA GE Healthcare",,"General Electric Com., DBA GE Healthcare","BID 330010, PO Box 982357",El Paso,TX,79998,United States,TRUE,FALSE,,
3,422,,16091,,,,,,,,,,,,,,Shipping,,"General Electric Co., DBA GE Healthcare",,3000 N. Grandview Blvd,,Waukesha,WI,53188,United States,FALSE,TRUE,,
1,423,,16101,,,,,,,Ellsworth,Ellsworth Adhesives - Flower Mound (TX),Jake Sowers,payables@ellsworth.com,(214) 842-1921,,,Mailing,,Ellsworth Adhesives - Flower Mound (TX),,,,,,,,FALSE,FALSE,net 50,TRUE
2,423,,16101,,,,,,,,,,,,,,Billing,,Ellsworth Adhesives - Flower Mound (TX),,P. O. Box 1002,,Germantown,WI,53022,United States,TRUE,FALSE,,
3,423,,16101,,,,,,,,,,,,,,Shipping,,Ellsworth Adhesives - Flower Mound (TX),,1625 Crescent Circle # 220,,Carrollton,TX,75006,United States,FALSE,TRUE,,
1,424,,16107,,,,,,,Ford Motor Co.,Ford Motor Co. - Metal Stamping Buffalo,Victoria Sessa,,(716) 821-4000,,,Mailing,,Ford Motor Co. - Metal Stamping Buffalo,,3663 Lakeshore Rd.,,Buffalo,NY,14219,United States,FALSE,FALSE,,TRUE
2,424,,16107,,,,,,,,,,,,,,Billing,,Ford Motor Co. - Metal Stamping Buffalo,,3663 Lakeshore Rd.,,Buffalo,NY,14219,United States,TRUE,FALSE,,
3,424,,16107,,,,,,,,,,,,,,Shipping,,Ford Motor Co. - Metal Stamping Buffalo,,3663 Lakeshore Rd.,,Buffalo,NY,14219,United States,FALSE,TRUE,,
1,425,,16126,,,,,,,,Johnson Medtech,Jake Sowers,madams@strouse.com,(978) 946-2500,,(978) 946-2670,Mailing,,Johnson Medtech,,One Parlex Place,,Methuen,MA,01844,United States,FALSE,FALSE,Net 30,TRUE
2,425,,16126,,,,,,,,,,,,,,Billing,,Johnson Medtech,,801 Scholz Drive,,Vandalia,OH,45377,United States,TRUE,FALSE,,
3,425,,16126,,,,,,,,,,,,,,Shipping,,Johnson Medtech,,801 Scholz Drive,,Vandalia,OH,45377,United States,FALSE,TRUE,,
1,426,,16130,,,,,,,,"PakSouth, Inc.",Mark Mogar,,(704) 504-9683,,(704) 243-4084,Mailing,,"PakSouth, Inc.",,11000-C South Commerce Blvd.,,Charlotte ,NC,28273,United States,FALSE,FALSE,,TRUE
2,426,,16130,,,,,,,,,,,,,,Billing,,"PakSouth, Inc.",,1407-A Westinghouse Blvd.,,Charlotte ,NC,28273,United States,TRUE,FALSE,,
3,426,,16130,,,,,,,,,,,,,,Shipping,,"PakSouth, Inc.",,11000-C South Commerce Blvd.,,Charlotte ,NC,28273,United States,FALSE,TRUE,,
1,427,,16136,,,,,,,,Natech Plastics,Thomas Harbin,apinvoices@natechplastics.com,(631) 580-3506,,(631) 580-5448,Mailing,,Natech Plastics,,85 Remington Blvd,,Ronkonkoma,NY,11779,United States,FALSE,FALSE,Net 30,TRUE
2,427,,16136,,,,,,,,,,,,,,Billing,,Natech Plastics,,85 Remington Blvd,,Ronkonkoma,NY,11779,United States,TRUE,FALSE,,
3,427,,16136,,,,,,,,,,,,,,Shipping,,Natech Plastics,,"180 Orville Drive, Suite 400",,Bohemia,NY,11716,United States,FALSE,TRUE,,
1,428,,16151,,,,,,,Ellsworth,Ellsworth Adhesives - Rochester (NY),Jake Sowers,payables@ellsworth.com,(585) 216-7895,,,Mailing,,Ellsworth Adhesives - Rochester (NY),,,,,,,,FALSE,FALSE,net 50,TRUE
2,428,,16151,,,,,,,,,,,,,,Billing,,Ellsworth Adhesives - Rochester (NY),,P. O. Box 1002,,Germantown,WI,53022,United States,TRUE,FALSE,,
3,428,,16151,,,,,,,,,,,,,,Shipping,,Ellsworth Adhesives - Rochester (NY),,,,,,,,FALSE,TRUE,,
1,429,,16154,,,,,,,,Innovative Electronics Corporation,Thomas Harbin,ap@innovelectronics.com,(412) 276-0711,,(412) 276-1666,Mailing,,Innovative Electronics Corporation,,750 Trumbull Drive,,Pittsburgh,PA,15205,United States,FALSE,FALSE,Net 30,TRUE
2,429,,16154,,,,,,,,,,,,,,Billing,,Innovative Electronics Corporation,,750 Trumbull Drive,,Pittsburgh,PA,15205,United States,TRUE,FALSE,,
3,429,,16154,,,,,,,,,,,,,,Shipping,,Innovative Electronics Corporation,,750 Trumbull Drive,,Pittsburgh,PA,15205,United States,FALSE,TRUE,,
1,430,,16160,,,,,,,Fastenal,Fastenal - Auburn Maine,Jake Sowers,apinvoicedisc@fastenal.com,(207) 753-7998,,,Mailing,,Fastenal - Auburn Maine,,,,,,,,FALSE,FALSE,Net 30,TRUE
2,430,,16160,,,,,,,,,,,,,,Billing,,Fastenal - Auburn Maine,,A/P,P. O. Box 348,Winona,ME,55987,United States,TRUE,FALSE,,
3,430,,16160,,,,,,,,,,,,,,Shipping,,Fastenal - Auburn Maine,,2879 Hotel Road,,Auburn,ME,04210,United States,FALSE,TRUE,,
1,431,,16168,,,,,,,,Lutron Electronics Co Inc.,Thomas Harbin,apinvoices@lutron.com,(484) 499-1720,,,Mailing,,Lutron Electronics Co Inc.,,7200 Suter Rd,,Coopersburg,PA,18036,United States,FALSE,FALSE,Prepay,TRUE
2,431,,16168,,,,,,,,,,,,,,Billing,,Lutron Electronics Co Inc.,,7200 Suter Rd,,Coopersburg,PA,18036,United States,TRUE,FALSE,,
3,431,,16168,,,,,,,,,,,,,,Shipping,,Lutron Electronics Co Inc.,,7200 Suter Rd,,Coopersburg,PA,18036,United States,FALSE,TRUE,,
1,432,,16183,,,,,,,Ellsworth,Ellsworth Adhesives - Brea (CA),Jake Sowers,payables@ellsworth.com,(714) 273-8499,,,Mailing,,Ellsworth Adhesives - Brea (CA),,914 Wildrose Drive,,Brea,CA,92821-8499,United States,FALSE,FALSE,net 50,TRUE
2,432,,16183,,,,,,,,,,,,,,Billing,,Ellsworth Adhesives - Brea (CA),,P. O. Box 1002,,Germantown,WI,53022,United States,TRUE,FALSE,,
3,432,,16183,,,,,,,,,,,,,,Shipping,,Ellsworth Adhesives - Brea (CA),,P. O. Box 1002,,Germantown,WI,53022,United States,FALSE,TRUE,,
1,433,,16191,,,,,,,,Lincoln Industries,Jake Sowers,ap@lincolnindustries.com,(402) 610-1337,,,Mailing,,Lincoln Industries,,,,,,,,FALSE,FALSE,Net 30,TRUE
2,433,,16191,,,,,,,,,,,,,,Billing,,Lincoln Industries,,"600 West ""E"" St",,Lincoln,NE,68522,United States,TRUE,FALSE,,
3,433,,16191,,,,,,,,,,,,,,Shipping,,Lincoln Industries,,,,,,,,FALSE,TRUE,,
1,434,,16192,,,,,,,,Terumo Medical,Thomas Harbin,accountspayable@terumomedical.com,(410) 392-7232,,,Mailing,,Terumo Medical,,125 Blue Ball Road,,Elkton,MD,21921,United States,FALSE,FALSE,Net 30,TRUE
2,434,,16192,,,,,,,,,,,,,,Billing,,Terumo Medical,,265 Davidson Avenue,Suite 320,Somerset,NJ,08873,United States,TRUE,FALSE,,
3,434,,16192,,,,,,,,,,,,,,Shipping,,Terumo Medical,,125 Blue Ball Road,,Elkton,MD,21921,United States,FALSE,TRUE,,
1,435,,16196,,,,,,,,Allergan ( Zeltiq ),Susan Chambers,work order.,,,,Mailing,,Allergan ( Zeltiq ),,,,,,,,FALSE,FALSE,,TRUE
2,435,,16196,,,,,,,,,,,,,,Billing,,Allergan ( Zeltiq ),,,,,,,,TRUE,FALSE,,
3,435,,16196,,,,,,,,,,,,,,Shipping,,Allergan ( Zeltiq ),,,,,,,,FALSE,TRUE,,
1,436,,16200,,,,,,,,Identification Products,Thomas Harbin,apar@IDProducts.com,(203) 334-5969,,(203) 334-5038,Mailing,,Identification Products,,104 Silliman Avenue,,Bridgeport,CT,06605,United States,FALSE,FALSE,Net 30,TRUE
2,436,,16200,,,,,,,,,,,,,,Billing,,Identification Products,,P.O. Box 320307,,Fairfield ,CT,06825,United States,TRUE,FALSE,,
3,436,,16200,,,,,,,,,,,,,,Shipping,,Identification Products,,104 Silliman Avenue,,Bridgeport,CT,06605,United States,FALSE,TRUE,,
1,437,,16213,,,,,,,,"Construction Specialties, Inc.",Thomas Harbin,,(570) 940-1338,,,Mailing,,"Construction Specialties, Inc.",,6696 State Route 405,,Muncy,PA,17756,United States,FALSE,FALSE,Net 30,TRUE
2,437,,16213,,,,,,,,,,,,,,Billing,,"Construction Specialties, Inc.",,6696 State Route 405,,Muncy,PA,17756,United States,TRUE,FALSE,,
3,437,,16213,,,,,,,,,,,,,,Shipping,,"Construction Specialties, Inc.",,6696 State Route 405,,Muncy,PA,17756,United States,FALSE,TRUE,,
1,438,,16215,,,,,,,,"Hemosonics, LLC.",Mark Mogar,accounting@hemosonics.com,(434) 202-1032,,,Mailing,,"Hemosonics, LLC.",,4020 Stirrup Creek,,Durham,NC,27703,United States,FALSE,FALSE,Net 30,TRUE
2,438,,16215,,,,,,,,,,,,,,Billing,,"Hemosonics, LLC.",,4020 Stirrup Creek Drive ,Suite 105,Durham,NC,27703-8970,United States,TRUE,FALSE,,
3,438,,16215,,,,,,,,,,,,,,Shipping,,"Hemosonics, LLC.",,4020 Stirrup Creek Drive,Suite 105,Durham,NC,27703,United States,FALSE,TRUE,,
1,439,,16225,,,,,,,,"DocXS Biomedical Products, LLC",Matthew Kay,info@docxs.net,(707) 462-2351,,(707) 462-2751,Mailing,,"DocXS Biomedical Products, LLC",,564 South Dora Street,Sutie A-1,Ukiah,CA,95482,United States,FALSE,FALSE,Prepay,TRUE
2,439,,16225,,,,,,,,,,,,,,Billing,,"DocXS Biomedical Products, LLC",,564 South Dora Street,Sutie A-1,Ukiah,CA,95482,United States,TRUE,FALSE,,
3,439,,16225,,,,,,,,,,,,,,Shipping,,"DocXS Biomedical Products, LLC",,564 South Dora Street,Sutie A-1,Ukiah,CA,95482,United States,FALSE,TRUE,,
1,440,,16226,,,,,,,,"Applied Image, Inc.",Thomas Harbin,cmoran@appliedimage.com,(585) 482-0300,,,Mailing,,"Applied Image, Inc.",,1653 East Main Street,,Rochester,NY,14609,United States,FALSE,FALSE,Net 30,TRUE
2,440,,16226,,,,,,,,,,,,,,Billing,,"Applied Image, Inc.",,1653 East Main Street,,Rochester,NY,14609,United States,TRUE,FALSE,,
3,440,,16226,,,,,,,,,,,,,,Shipping,,"Applied Image, Inc.",,1653 East Main Street,,Rochester,NY,14609,United States,FALSE,TRUE,,
1,441,,16228,,,,,,,,"Trumpf Photonics, Inc.",Thomas Harbin,,(609) 925-8170,(609) 925-8200,(609) 409-7021,Mailing,,"Trumpf Photonics, Inc.",,2601 US Route 130 South,,Cranbury,NJ,08512,United States,FALSE,FALSE,Credit Card,TRUE
2,441,,16228,,,,,,,,,,,,,,Billing,,"Trumpf Photonics, Inc.",,2601 US Route 130 South,,Cranbury,NJ,08512,United States,TRUE,FALSE,,
3,441,,16228,,,,,,,,,,,,,,Shipping,,"Trumpf Photonics, Inc.",,2601 US Route 130 South,,Cranbury,NJ,08512,United States,FALSE,TRUE,,
1,442,,16232,,,,,,,,"Paul Rabinowitz Glass Co., Inc.",Thomas Harbin,,(215) 425-8600,,(215) 425-9696,Mailing,,"Paul Rabinowitz Glass Co., Inc.",,1401 North American Street,,Philadelphia,PA,19122,United States,FALSE,FALSE,Credit Card,TRUE
2,442,,16232,,,,,,,,,,,,,,Billing,,"Paul Rabinowitz Glass Co., Inc.",,1401-15 North American Street,,Philadelphia,PA,19122,United States,TRUE,FALSE,,
3,442,,16232,,,,,,,,,,,,,,Shipping,,"Paul Rabinowitz Glass Co., Inc.",,1401 North American Street,,Philadelphia,PA,19122,United States,FALSE,TRUE,,
1,443,,16233,,,,,,,,Andrew Yu,Thomas Harbin,,(718) 930-1981,,,Mailing,,Andrew Yu,,,,,,,,FALSE,FALSE,Prepay,TRUE
2,443,,16233,,,,,,,,,,,,,,Billing,,Andrew Yu,,"420 East 51st, Apt. 9B",,New York,NY,10022,United States,TRUE,FALSE,,
3,443,,16233,,,,,,,,,,,,,,Shipping,,Andrew Yu,,"420 East 51st, Apt. 9B",,New York,NY,10022,United States,FALSE,TRUE,,
1,444,,16242,,,,,,,,Geneva Healthcare,Jake Sowers,,(262) 767-9870,,,Mailing,,Geneva Healthcare,,826 Mohr Avenue,,Waterford,WI,53185,United States,FALSE,FALSE,,TRUE
2,444,,16242,,,,,,,,,,,,,,Billing,,Geneva Healthcare,,826 Mohr Avenue,,Waterford,WI,53185,United States,TRUE,FALSE,,
3,444,,16242,,,,,,,,,,,,,,Shipping,,Geneva Healthcare,,,,,,,,FALSE,TRUE,,
1,445,,16243,,,,,,,,Connect 4 Technologies,Matthew Kay,,(514) 421-4046,(888) 647-4046,(514) 421-0726,Mailing,,Connect 4 Technologies,,,,,,,,FALSE,FALSE,Net 30,TRUE
2,445,,16243,,,,,,,,,,,,,,Billing,,Connect 4 Technologies,,79 Boul Brunswick Ste A,,Dollard-Des-Ormeau,QC,H9B 2J5,Canada,TRUE,FALSE,,
3,445,,16243,,,,,,,,,,,,,,Shipping,,Connect 4 Technologies,,79 Boul Brunswick Ste A,,Dollard-Des-Ormeau,QC,H9B 2J5,Canada,FALSE,TRUE,,
1,446,,16244,,,,,,,,NeoLight LLC,Matthew Kay,,(602) 931-6972,,,Mailing,,NeoLight LLC,,,,,,,,FALSE,FALSE,,TRUE
2,446,,16244,,,,,,,,,,,,,,Billing,,NeoLight LLC,,275 N. Gateway Drive #120,,Phoenix,AZ,85034,United States,TRUE,FALSE,,
3,446,,16244,,,,,,,,,,,,,,Shipping,,NeoLight LLC,,,,,,,,FALSE,TRUE,,
1,447,,16246,,,,,,,,"iSun International Group, LLC",Thomas Harbin,kmoore@isungroup.com,(508) 835-9000,,,Mailing,,"iSun International Group, LLC",,,,,,,,FALSE,FALSE,Prepay,TRUE
2,447,,16246,,,,,,,,,,,,,,Billing,,"iSun International Group, LLC",,235 W Boylston St,,West Boylston,MA,01583,United States,TRUE,FALSE,,
3,447,,16246,,,,,,,,,,,,,,Shipping,,"iSun International Group, LLC",,7940 N 81st Street,,Milwaukee,WI,53223,United States,FALSE,TRUE,,
1,448,,16250,,,,,,,,Adheso-Graphics,Thomas Harbin,,(518) 869-6929,,(518) 869-0226,Mailing,,Adheso-Graphics,,1 Selina Drive,,Albany,NY,12205,United States,FALSE,FALSE,Net 30,TRUE
2,448,,16250,,,,,,,,,,,,,,Billing,,Adheso-Graphics,,1 Selina Drive,,Albany,NY,12205,United States,TRUE,FALSE,,
3,448,,16250,,,,,,,,,,,,,,Shipping,,Adheso-Graphics,,1 Selina Drive,,Albany,NY,12205,United States,FALSE,TRUE,,
1,449,,16260,,,,,,,Ellsworth,Ellsworth Adhesives - Brampton (ON),Jake Sowers,payables@ellsworth.com,(416) 768-6134,,,Mailing,,Ellsworth Adhesives - Brampton (ON),,,,,,,,FALSE,FALSE,net 50,TRUE
2,449,,16260,,,,,,,,,,,,,,Billing,,Ellsworth Adhesives - Brampton (ON),,W129 N10825 Washington Drive,,Germantown,WI,53022,United States,TRUE,FALSE,,
3,449,,16260,,,,,,,,,,,,,,Shipping,,Ellsworth Adhesives - Brampton (ON),,,,,,,,FALSE,TRUE,,
1,450,,16282,,,,,,,,Andersen Sterilizers,Mark Mogar,accounting@anpro.com,(336) 376-6033,,,Mailing,,Andersen Sterilizers,,3170 Caroline Drive,,Haw River,NC,27258,United States,FALSE,FALSE,Net 30,TRUE
2,450,,16282,,,,,,,,,,,,,,Billing,,Andersen Sterilizers,,3170 Caroline Drive,,Haw River,NC,27258,United States,TRUE,FALSE,,
3,450,,16282,,,,,,,,,,,,,,Shipping,,Andersen Sterilizers,,3154 Caroline Drive,Health Science Park,Haw River,NC,27258,United States,FALSE,TRUE,,
1,451,,16293,,,,,,,,Collins Aerospace (B/E Aerospace),Mark Mogar,holbrook_ap@beaerospace.com,(631) 563-6400,,(631) 563-8781,Mailing,,Collins Aerospace (B/E Aerospace),,355 Knickerbocker Avenue,,Bohemia,NY,11716,United States,FALSE,FALSE,Net 30,TRUE
2,451,,16293,,,,,,,,,,,,,,Billing,,Collins Aerospace (B/E Aerospace),,355 Knickerbocker Avenue,,Bohemia,NY,11716,United States,TRUE,FALSE,,
3,451,,16293,,,,,,,,,,,,,,Shipping,,Collins Aerospace (B/E Aerospace),,355 Knickerbocker Avenue,,Bohemia,NY,11716,United States,FALSE,TRUE,,
1,452,,16320,,,,,,,,Fathom (BioMetrix Company),Mark Mogar,"accounting@biometrixtech.com
",(856) 305-0448,,,Mailing,,Fathom (BioMetrix Company),,212 W. Main Street,Office 213,Durham ,NC,27701,United States,FALSE,FALSE,Prepay,TRUE
2,452,,16320,,,,,,,,,,,,,,Billing,,Fathom (BioMetrix Company),,PO Box 25325,,Durham ,NC,27702,United States,TRUE,FALSE,,
3,452,,16320,,,,,,,,,,,,,,Shipping,,Fathom (BioMetrix Company),,212 W. Main Street,Office 213,Durham ,NC,27701,United States,FALSE,TRUE,,
1,453,,16325,,,,,,,,Roller Die & Forming ,Mark Mogar,,(904) 284-5611,,(904) 284-5933,Mailing,,Roller Die & Forming ,,4630 County Road 209 South,,Green Cove Springs,FL,32043,United States,FALSE,FALSE,Net 30,TRUE
2,453,,16325,,,,,,,,,,,,,,Billing,,Roller Die & Forming ,,4630 County Road 209 South,,Green Cove Springs,FL,32043,United States,TRUE,FALSE,,
3,453,,16325,,,,,,,,,,,,,,Shipping,,Roller Die & Forming ,,4630 County Road 209 South,,Green Cove Springs,FL,32043,United States,FALSE,TRUE,,
1,454,,16326,,,,,,,,Opex Corporation,Thomas Harbin,,(856) 727-1100,,,Mailing,,Opex Corporation,,305 Commerce Drive,,Moorestown,NJ,08057,United States,FALSE,FALSE,Net 30,TRUE
2,454,,16326,,,,,,,,,,,,,,Billing,,Opex Corporation,,305 Commerce Drive,,Moorestown,NJ,08057,United States,TRUE,FALSE,,
3,454,,16326,,,,,,,,,,,,,,Shipping,,Opex Corporation,,835 Lancer,,Moorestown,NJ,08057,United States,FALSE,TRUE,,
1,455,,16328,,,,,,,,York Wallcoverings,Thomas Harbin,,(717) 846-4456,,,Mailing,,York Wallcoverings,,,,,,,,FALSE,FALSE,Net 30,TRUE
2,455,,16328,,,,,,,,,,,,,,Billing,,York Wallcoverings,,750 Linden Avenue,,York,PA,17405,United States,TRUE,FALSE,,
3,455,,16328,,,,,,,,,,,,,,Shipping,,York Wallcoverings,,750 Linden Avenue,,York,PA,17405,United States,FALSE,TRUE,,
1,456,,16333,,,,,,,,Cirtronics Corporation,Thomas Harbin,,(603) 249-9190,,(603) 249-9194,Mailing,,Cirtronics Corporation,,528 Route 13 South,,Milford,NH,03055,United States,FALSE,FALSE,Net 30,TRUE
2,456,,16333,,,,,,,,,,,,,,Billing,,Cirtronics Corporation,,528 Route 13 South,,Milford,NH,03055,United States,TRUE,FALSE,,
3,456,,16333,,,,,,,,,,,,,,Shipping,,Cirtronics Corporation,,528 Route 13 South,,Milford,NH,03055,United States,FALSE,TRUE,,
1,457,,16356,,,,,,,,Univex Corporation,Thomas Harbin,ap@univexcorp.com,(603) 893-6191,,(603) 893-1249,Mailing,,Univex Corporation,,3 Old Rockingham Road,,Salem,NH,03079,United States,FALSE,FALSE,Net 30,TRUE
2,457,,16356,,,,,,,,,,,,,,Billing,,Univex Corporation,,3 Old Rockingham Road,,Salem,NH,03079,United States,TRUE,FALSE,,
3,457,,16356,,,,,,,,,,,,,,Shipping,,Univex Corporation,,3 Old Rockingham Road,,Salem,NH,03079,United States,FALSE,TRUE,,
1,458,,16359,,,,,,,,Plastifab Industries,Ed Rodriguez,payables@plastifab.ca,(514) 325-9840,(800) 361-4774,(514) 325-3341,Mailing,,Plastifab Industries,,7777 rte Transcanadienne,,Saint-Laurent,QC,H4S 1L3,Canada,FALSE,FALSE,Net 30,TRUE
2,458,,16359,,,,,,,,,,,,,,Billing,,Plastifab Industries,,7777 rte Transcanadienne,,Saint-Laurent,QC,H4S 1L3,Canada,TRUE,FALSE,,
3,458,,16359,,,,,,,,,,,,,,Shipping,,Plastifab Industries,,7777 rte Transcanadienne,,Saint-Laurent,QC,H4S 1L3,Canada ,FALSE,TRUE,,
1,459,,16362,,,,,,,,Stair Supplies,Jake Sowers,,(866) 226-6536,(574) 975-0288,(509) 463-4227,Mailing,,Stair Supplies,,1722 Eisenhower Drive North,Suite B,Goshen,IN,46526,United States,FALSE,FALSE,Net 30,TRUE
2,459,,16362,,,,,,,,,,,,,,Billing,,Stair Supplies,,1722 Eisenhower Drive North,Suite B,Goshen,IN,46526,United States,TRUE,FALSE,,
3,459,,16362,,,,,,,,,,,,,,Shipping,,Stair Supplies,,1722 Eisenhower Drive North,Suite B,Goshen,IN,46526,United States,FALSE,TRUE,,
1,460,,16364,,,,,,,,Dare 2B Different! Enterprises LLC.,Mark Mogar,,1-855-924-D2BD,(321) 288-1655,,Mailing,,Dare 2B Different! Enterprises LLC.,,915 Beryl Drive,,Rockledge,FL,32955,United States,FALSE,FALSE,,TRUE
2,460,,16364,,,,,,,,,,,,,,Billing,,Dare 2B Different! Enterprises LLC.,,915 Beryl Drive,,Rockledge,FL,32955,United States,TRUE,FALSE,,
3,460,,16364,,,,,,,,,,,,,,Shipping,,Dare 2B Different! Enterprises LLC.,,915 Beryl Drive,,Rockledge,FL,32955,United States,FALSE,TRUE,,
1,461,,16371,,,,,,,,"JPC Controls, Inc.",Jake Sowers,,(636) 946-3300,,(636) 724-2492,Mailing,,"JPC Controls, Inc.",,3081 Elm Point Industrial Drive,,St. Charles,MO,63301,United States,FALSE,FALSE,Credit Card,TRUE
2,461,,16371,,,,,,,,,,,,,,Billing,,"JPC Controls, Inc.",,3081 Elm Point Industrial Drive,,St. Charles,MO,63301,United States,TRUE,FALSE,,
3,461,,16371,,,,,,,,,,,,,,Shipping,,"JPC Controls, Inc.",,3081 Elm Point Industrial Drive,,St. Charles,MO,63301,United States,FALSE,TRUE,,
1,462,,16384,,,,,,,,Michelin Tire,Mark Mogar,,,,,Mailing,,Michelin Tire,,,,,,,,FALSE,FALSE,,TRUE
2,462,,16384,,,,,,,,,,,,,,Billing,,Michelin Tire,,,,,,,,TRUE,FALSE,,
3,462,,16384,,,,,,,,,,,,,,Shipping,,Michelin Tire,,515 Michelin Road,,Greenville ,SC,29605,United States,FALSE,TRUE,,
1,463,,16403,,,,,,,,Wi Inc.,Matthew Kay,,(303) 762-1693,,,Mailing,,Wi Inc.,,12503 E. Euclid Drive Suite 6,,Centennial,CO,80111,United States,FALSE,FALSE,Net 30,TRUE
2,463,,16403,,,,,,,,,,,,,,Billing,,Wi Inc.,,12503 E. Euclid Drive Suite 6,,Centennial,CO,80111,United States,TRUE,FALSE,,
3,463,,16403,,,,,,,,,,,,,,Shipping,,Wi Inc.,,12503 E. Euclid Drive Suite 6,,Centennial,CO,80111,United States,FALSE,TRUE,,
1,464,,16404,,,,,,,,"AAXICO Technical Services, Inc. (Kapco-Global)",Mark Mogar,,1.954.247.6680,,1.714.996.3490,Mailing,,"AAXICO Technical Services, Inc. (Kapco-Global)",,,,,,,,FALSE,FALSE,Credit Card,TRUE
2,464,,16404,,,,,,,,,,,,,,Billing,,"AAXICO Technical Services, Inc. (Kapco-Global)",,10601 State St. Suite 1,,Tamarac,FL,33321,United States,TRUE,FALSE,,
3,464,,16404,,,,,,,,,,,,,,Shipping,,"AAXICO Technical Services, Inc. (Kapco-Global)",,10601 State St. Suite 1,,Tamarac,FL,33321,United States,FALSE,TRUE,,
1,465,,16407,,,,,,,Veritiv,Veritiv - MN,Mark Mogar,aptradeinvoices@veritivcorp.com,,,,Mailing,,Veritiv - MN,,,,,,,,FALSE,FALSE,Net 30,TRUE
2,465,,16407,,,,,,,,,,,,,,Billing,,Veritiv - MN,,P. O. Box 625799,,Cincinnati,OH,45262,United States,TRUE,FALSE,,
3,465,,16407,,,,,,,,,,,,,,Shipping,,Veritiv - MN,,13201 Wilfred Lane North,,Rogers,MN,55374,United States,FALSE,TRUE,,
1,466,,16411,,,,,,,,"Tecmotiv (USA), Inc.",Thomas Harbin,,(716) 282-1211,,(716) 285-1781,Mailing,,"Tecmotiv (USA), Inc.",,1500 James Avenue,,Niagra Falls,NY,14305,United States,FALSE,FALSE,Net 30,TRUE
2,466,,16411,,,,,,,,,,,,,,Billing,,"Tecmotiv (USA), Inc.",,1500 James Avenue,,Niagra Falls,NY,14305,United States,TRUE,FALSE,,
3,466,,16411,,,,,,,,,,,,,,Shipping,,"Tecmotiv (USA), Inc.",,1500 James Avenue,,Niagra Falls,NY,14305,United States,FALSE,TRUE,,
1,467,,16421,,,,,,,,"Eliminating Global Boundaries, Inc.",Thomas Harbin,,(203) 698-0397,,(203) 698-0398,Mailing,,"Eliminating Global Boundaries, Inc.",,7 Ferris Drive,,Old Greenwich,CT,06870,United States,FALSE,FALSE,Net 30,TRUE
2,467,,16421,,,,,,,,,,,,,,Billing,,"Eliminating Global Boundaries, Inc.",,7 Ferris Drive,,Old Greenwich,CT,06870,United States,TRUE,FALSE,,
3,467,,16421,,,,,,,,,,,,,,Shipping,,"Eliminating Global Boundaries, Inc.",,7 Ferris Drive,,Old Greenwich,CT,06870,United States,FALSE,TRUE,,
1,468,,16424,,,,,,,,SPARK Product Development LLC,Mark Mogar,,(804) 440-5700,,(856) 975-5225,Mailing,,SPARK Product Development LLC,,5928 School Avenue,,Richmond,VA,23228,United States,FALSE,FALSE,Net 30,TRUE
2,468,,16424,,,,,,,,,,,,,,Billing,,SPARK Product Development LLC,,5928 School Avenue,,Richmond,VA,23228,United States,TRUE,FALSE,,
3,468,,16424,,,,,,,,,,,,,,Shipping,,SPARK Product Development LLC,,5928 School Avenue,,Richmond,VA,23228,United States,FALSE,TRUE,,
1,469,,16425,,,,,,,,VDC / Ayon,Mark Mogar,ap@vdcds.com,(321) 784-4427,,(321) 784-6617,Mailing,,,,5155 King Street,,Cocoa,FL,32926,United States,FALSE,FALSE,Net 30,TRUE
2,469,,16425,,,,,,,,,,,,,,Billing,,,,5155 W. King Street,,Cocoa,FL,32926,United States,TRUE,FALSE,,
3,469,,16425,,,,,,,,,,,,,,Shipping,,,,5155 W. King Street,,Cocoa,FL,32926,United States,FALSE,TRUE,,
1,470,,16442,,,,,,,,Red River Institute LLC,Donald Pennington,,1 (512) 327-2656,,,Mailing,,Red River Institute LLC,,,,,,,,FALSE,FALSE,,TRUE
2,470,,16442,,,,,,,,,,,,,,Billing,,Red River Institute LLC,,PO Box 160220,,Austin ,TX,78716-0220,United States,TRUE,FALSE,,
3,470,,16442,,,,,,,,,,,,,,Shipping,,Red River Institute LLC,,40 North Interstate 35 Unit 9B1,,Austin,TX,78701,United States,FALSE,TRUE,,
1,471,,16447,,,,,,,Fastenal,Fastenal - Baltimore,Jake Sowers,apinvoicedisc@fastenal.com,(410) 244-1954,,,Mailing,,Fastenal - Baltimore,,1008 Russell Street,,Baltimore,MD,21230,United States,FALSE,FALSE,Net 30,TRUE
2,471,,16447,,,,,,,,,,,,,,Billing,,Fastenal - Baltimore,,A/P P. O. Box 348,,Winona,MN,55987,United States,TRUE,FALSE,,
3,471,,16447,,,,,,,,,,,,,,Shipping,,Fastenal - Baltimore,,1008 Russell Street,,Baltimore,MD,21230,United States,FALSE,TRUE,,
1,472,,16451,,,,,,,Teleflex,Teleflex - Malaysia,Mark Mogar,kupu.arumugam@teleflex.com,,,,Mailing,,Teleflex - Malaysia,,,,,,,,FALSE,FALSE,Net 30,TRUE
2,472,,16451,,,,,,,,,,,,,,Billing,,Teleflex - Malaysia,,Teleflex Medical SDN BHD Attn: Milly Ong/ Kupu,"PT 2577 Jalan Perusahaan 4, Kamunting Industrial Estate, 34600 Kamunting ",Perak,,,Malasyia,TRUE,FALSE,,
3,472,,16451,,,,,,,,,,,,,,Shipping,,Teleflex - Malaysia,,Teleflex Medical SDN BHD,"PT 2577 Jalan Perusahaan 4, Kamunting Industrial Estate, 34600 Kamunting ",Perak,,,Malaysia,FALSE,TRUE,,
1,473,,16468,,,,,,,,"Silfab Solar, Inc.",Ed Rodriguez,accountspayable@silfab.ca; usa_accountspayable@silfabsolar.com,(905) 255-2501,,,Mailing,,"Silfab Solar, Inc.",,,,,,,,FALSE,FALSE,Net 30,TRUE
2,473,,16468,,,,,,,,,,,,,,Billing,,"Silfab Solar, Inc.",,240 Courtneypark Drive E,,Mississauga,ON,L5T 2S5,Canada,TRUE,FALSE,,
3,473,,16468,,,,,,,,,,,,,,Shipping,,"Silfab Solar, Inc.",,240 Courtney Park Drive E,,Mississauga,ON,L5T 2S5,Canada,FALSE,TRUE,,
1,474,,16469,,,,,,,,Knuckledragger Design LLC,Ed Rodriguez,,(619) 660-0767,,(619) 660-0774,Mailing,,Knuckledragger Design LLC,,P.O. Box 2595,,Spring Valley,CA,91979,United States,FALSE,FALSE,Prepay,TRUE
2,474,,16469,,,,,,,,,,,,,,Billing,,Knuckledragger Design LLC,,P.O. Box 2595,,Spring Valley,CA,91979,United States,TRUE,FALSE,,
3,474,,16469,,,,,,,,,,,,,,Shipping,,Knuckledragger Design LLC,,"2732 Via Orange Way, Suite D",,Spring Valley,CA,91978,United States,FALSE,TRUE,,
1,475,,16470,,,,,,,Fastenal,Fastenal - Ohio,Jake Sowers,apinvoicedisc@fastenal.com,(419) 621-8228,,(419) 621-8128,Mailing,,Fastenal - Ohio,,,,,,,,FALSE,FALSE,Net 30,TRUE
2,475,,16470,,,,,,,,,,,,,,Billing,,Fastenal - Ohio,,ATTN: A/P,P. O. Box 529,Winona,MN,55987,United States,TRUE,FALSE,,
3,475,,16470,,,,,,,,,,,,,,Shipping,,Fastenal - Ohio,,3501 Venice Road,,Sandusky,OH,44870,United States,FALSE,TRUE,,
1,476,,16477,,,,,,,,"Nourisse Naturals,  LLC",Thomas Harbin,33cindyb@gmail.com,(978) 626-1107,,,Mailing,,"Nourisse Naturals,  LLC",,,,,,,,FALSE,FALSE,Prepay,TRUE
2,476,,16477,,,,,,,,,,,,,,Billing,,"Nourisse Naturals,  LLC",,27 Elm Street,,Hamilton,MA,01982,United States,TRUE,FALSE,,
3,476,,16477,,,,,,,,,,,,,,Shipping,,"Nourisse Naturals,  LLC",,27 Elm Street,,S. Hamilton,MA,01982,United States,FALSE,TRUE,,
1,477,,16490,,,,,,,,Wake Forest University Baptist Medical Center,Mark Mogar,,(786) 602-4026,,,Mailing,,Wake Forest University Baptist Medical Center,,,,,,,,FALSE,FALSE,Net 30,TRUE
2,477,,16490,,,,,,,,,,,,,,Billing,,Wake Forest University Baptist Medical Center,,Attn: Accounts Payable,Medical Center Blvd,Winston-Salem,NC,27157,United States,TRUE,FALSE,,
3,477,,16490,,,,,,,,,,,,,,Shipping,,Wake Forest University Baptist Medical Center,,,,,,,,FALSE,TRUE,,
1,478,,16492,,,,,,,,"Hancock Medical, Inc. ",Matthew Kay,,(650) 691-8973,,,Mailing,,"Hancock Medical, Inc. ",,897 Independence Avenue ,Suite 3A,Mountain View,CA,94043,United States,FALSE,FALSE,,TRUE
2,478,,16492,,,,,,,,,,,,,,Billing,,"Hancock Medical, Inc. ",,897 Independence Avenue ,Suite 3A,Mountain View,CA,94043,United States,TRUE,FALSE,,
3,478,,16492,,,,,,,,,,,,,,Shipping,,"Hancock Medical, Inc. ",,897 Independence Avenue ,Suite 3A,Mountain View,CA,94043,United States,FALSE,TRUE,,
1,479,,16499,,,,,,,,Sardine Can Giftware,Thomas Harbin,gregg@sardine.us,1.207.989.0903,,(207) 989-0908,Mailing,,Sardine Can Giftware,,PO Box 283,,Brewer,ME,04412,United States,FALSE,FALSE,Net 30,TRUE
2,479,,16499,,,,,,,,,,,,,,Billing,,Sardine Can Giftware,,PO Box 283,,Brewer,ME,04412,United States,TRUE,FALSE,,
3,479,,16499,,,,,,,,,,,,,,Shipping,,Sardine Can Giftware,,17 Doughty Drive,,Brewer,ME,04412,United States,FALSE,TRUE,,
1,481,,16512,,,,,,,,Energy Products Distribution,Thomas Harbin,,(800) 537-3911,,(410) 882-5890,Mailing,,Energy Products Distribution,,9223 Harford Road,,Baltimore,MD,21234,United States,FALSE,FALSE,Credit Card,FALSE
2,481,,16512,,,,,,,,,,,,,,Billing,,Energy Products Distribution,,9223 Harford Road,,Baltimore,MD,21234,United States,TRUE,FALSE,,
3,481,,16512,,,,,,,,,,,,,,Shipping,,Energy Products Distribution,,9223 Harford Road,,Baltimore,MD,21234,United States,FALSE,TRUE,,
1,482,,16516,,,,,,,,Ferguson Industrial/Wolseley Industrial Group ,Mark Mogar,APInvoices@ferguson.com; micki.hernandez@ferguson.com,(803) 396-1599,,,Mailing,,Ferguson Industrial/Wolseley Industrial Group ,,,,,,,,FALSE,FALSE,Net 30,TRUE
2,482,,16516,,,,,,,,,,,,,,Billing,,Ferguson Industrial/Wolseley Industrial Group ,,PO Box 9406,,Hampton,VA,23670-0406,United States,TRUE,FALSE,,
3,482,,16516,,,,,,,,,,,,,,Shipping,,Ferguson Industrial/Wolseley Industrial Group ,,2945 Crescentville Rd,Integrated Services #281,West Chester,OH,45069,United States,FALSE,TRUE,,
1,483,,16521,,,,,,,,Eklipse Architectural Lighting,Matthew Kay,,(514) 590-0099,,(514) 590-0098,Mailing,,Eklipse Architectural Lighting,,,,,,,,FALSE,FALSE,Credit Card,TRUE
2,483,,16521,,,,,,,,,,,,,,Billing,,Eklipse Architectural Lighting,,"2090 Rue Moreau, Suite 100",,Montreal,QC,H1W 2M3,Canada,TRUE,FALSE,,
3,483,,16521,,,,,,,,,,,,,,Shipping,,Eklipse Architectural Lighting,,,,,,,,FALSE,TRUE,,
1,484,,16527,,,,,,,,SHL Medical AG,Mark Mogar,US-FINC@shl-group.com; nadine.kirschenhofer@shl-medical.com,,,,Mailing,,SHL Medical AG,,588 Jim Moran Blvd.,,Deerfield Beach,FL,33442,Switzerland,FALSE,FALSE,Net 30,TRUE
2,484,,16527,,,,,,,,,,,,,,Billing,,SHL Medical AG,,Gubelstrasse 22,6300 Zug,,,,Switzerland,TRUE,FALSE,,
3,484,,16527,,,,,,,,,,,,,,Shipping,,SHL Medical AG,,588 Jim Moran Blvd.,,Deerfield Beach,FL,33442,United States,FALSE,TRUE,,
1,485,,16532,,,,,,,,Transaxle ,Thomas Harbin,vboruta@transaxle.com,(856) 665-4445,,,Mailing,,Transaxle ,,2501 NJ 73 South,,Cinnaminson,NJ,08077,United States,FALSE,FALSE,Net 30,TRUE
2,485,,16532,,,,,,,,,,,,,,Billing,,Transaxle ,,2501 NJ 73 South,,Cinnaminson,NJ,08077,United States,TRUE,FALSE,,
3,485,,16532,,,,,,,,,,,,,,Shipping,,Transaxle ,,2501 NJ 73 South,,Cinnaminson,NJ,08077,United States,FALSE,TRUE,,
1,486,,16538,,,,,,,,Power Choice Sdn Bhd,Mark Mogar,kavi@powerchoice.com.my,60-45077671,,60-45079040,Mailing,,Power Choice Sdn Bhd,,,,,,,,FALSE,FALSE,,TRUE
2,486,,16538,,,,,,,,,,,,,,Billing,,Power Choice Sdn Bhd,,Plot 79 Lorong Perindustrian Bukit,Kawasan Perindustrian Bukit Minyak,Bukit Mertajam,,14100,Malaysia,TRUE,FALSE,,
3,486,,16538,,,,,,,,,,,,,,Shipping,,Power Choice Sdn Bhd,,,,,,,,FALSE,TRUE,,
1,487,,16540,,,,,,,Fastenal,Fastenal - Greencastle,Jake Sowers,,(717) 597-1221,,(717) 597-1251,Mailing,,Fastenal - Greencastle,,,,,,,,FALSE,FALSE,,TRUE
2,487,,16540,,,,,,,,,,,,,,Billing,,Fastenal - Greencastle,,335 Nova Drive,,Greencastle,PA,17225,United States,TRUE,FALSE,,
3,487,,16540,,,,,,,,,,,,,,Shipping,,Fastenal - Greencastle,,335 Nova Drive,,Greencastle,PA,17225,United States,FALSE,TRUE,,
1,488,,16548,,,,,,,,Dampp-Chaser Electronics,Mark Mogar,,(800) 438-1524,,,Mailing,,Dampp-Chaser Electronics,,PO Box 1610 ,,Hendersonville,NC,28792,United States,FALSE,FALSE,,TRUE
2,488,,16548,,,,,,,,,,,,,,Billing,,Dampp-Chaser Electronics,,PO Box 1610 ,,Hendersonville,NC,28792,United States,TRUE,FALSE,,
3,488,,16548,,,,,,,,,,,,,,Shipping,,Dampp-Chaser Electronics,,1410 Spartanburg Hwy.,,Hendersonville,NC,28792,United States,FALSE,TRUE,,
1,489,,16551,,,,,,,General Motors Corp.,General Motors Corp. - Oshawa Assembly,Jake Sowers,,,,,Mailing,,General Motors Corp. - Oshawa Assembly,,,,,,,,FALSE,FALSE,Net 30,TRUE
2,489,,16551,,,,,,,,,,,,,,Billing,,General Motors Corp. - Oshawa Assembly,,PO BOX 982002,,El Paso,TX,,United States,TRUE,FALSE,,
3,489,,16551,,,,,,,,,,,,,,Shipping,,General Motors Corp. - Oshawa Assembly,,"880 Stevenson Road, South",,Oshawa,ON,L1J 7C8,Canada,FALSE,TRUE,,
1,490,,16554,,,,,,,Ford Motor Co.,Ford Arizona Proving Ground,Victoria Sessa,,,,,Mailing,,Ford Arizona Proving Ground,,,,,,,,FALSE,FALSE,Net 60,TRUE
2,490,,16554,,,,,,,,,,,,,,Billing,,Ford Arizona Proving Ground,,20715 W Happy Valley Road,,Wittmann,AZ,85361,United States,TRUE,FALSE,,
3,490,,16554,,,,,,,,,,,,,,Shipping,,Ford Arizona Proving Ground,,20715 W Happy Valley Road,,Wittmann,AZ,85361,United States,FALSE,TRUE,,
1,491,,16555,,,,,,,,"Williford Plastics, Inc.",Mark Mogar,,(757) 495-1091,,(757) 495-1093,Mailing,,"Williford Plastics, Inc.",,2715 Wyoming Ave,,Norfolk,VA,23513,United States,FALSE,FALSE,Net 30,TRUE
2,491,,16555,,,,,,,,,,,,,,Billing,,"Williford Plastics, Inc.",,2715 Wyoming Ave,,Norfolk,VA,23513,United States,TRUE,FALSE,,
3,491,,16555,,,,,,,,,,,,,,Shipping,,"Williford Plastics, Inc.",,2715 Wyoming Ave,,Norfolk,VA,23513,United States,FALSE,TRUE,,
1,492,,16556,,,,,,,,Arrow Crating & Packaging,Thomas Harbin,,(856) 317-9000,,(856) 317-9300,Mailing,,Arrow Crating & Packaging,,7100 Westfield Avenue,,Pennsauken,NJ,08110,United States,FALSE,FALSE,Net 30,TRUE
2,492,,16556,,,,,,,,,,,,,,Billing,,Arrow Crating & Packaging,,7100 Westfield Avenue,,Pennsauken,NJ,08110,United States,TRUE,FALSE,,
3,492,,16556,,,,,,,,,,,,,,Shipping,,Arrow Crating & Packaging,,7100 Westfield Avenue,,Pennsauken,NJ,08110,United States,FALSE,TRUE,,
1,493,,16564,,,,,,,,UE Life Sciences,Thomas Harbin,,(631) 988-5334,,,Mailing,,UE Life Sciences,,,,,,,,FALSE,FALSE,Credit Card,TRUE
2,493,,16564,,,,,,,,,,,,,,Billing,,UE Life Sciences,,26 Evelyn Drive,,Commack,NY,11725,United States,TRUE,FALSE,,
3,493,,16564,,,,,,,,,,,,,,Shipping,,UE Life Sciences,,26 Evelyn Drive,,Commack,NY,11725,United States,FALSE,TRUE,,
1,494,,16574,,,,,,,,"GrifGrips, LLC",Mark Mogar,Patrick@grifgrips.com,(256) 783-4935,,,Mailing,,"GrifGrips, LLC",,1331 McMullen Rd,,Gurley,AL,35748,United States,FALSE,FALSE,Prepay,TRUE
2,494,,16574,,,,,,,,,,,,,,Billing,,"GrifGrips, LLC",,1331 McMullen Rd,,Gurley,AL,35748,United States,TRUE,FALSE,,
3,494,,16574,,,,,,,,,,,,,,Shipping,,"GrifGrips, LLC",,1331 McMullen Rd,,Gurley,AL,35748,United States,FALSE,TRUE,,
1,495,,16577,,,,,,,,Halco,,,(510) 783-1400,,,Mailing,,Halco,,20269 Mack Steel,,Hayward,CA,94545,United States,FALSE,FALSE,,TRUE
2,495,,16577,,,,,,,,,,,,,,Billing,,Halco,,20269 Mack Steel,,Hayward,CA,94545,United States,TRUE,FALSE,,
3,495,,16577,,,,,,,,,,,,,,Shipping,,Halco,,20269 Mack Steel,,Hayward,CA,94545,United States,FALSE,TRUE,,
1,496,,16580,,,,,,,,Universal Products,Jake Sowers,,(641) 423-0184,,,Mailing,,Universal Products,,Box #1586,,Mason City,Iowa,50402,United States,FALSE,FALSE,Credit Card,TRUE
2,496,,16580,,,,,,,,,,,,,,Billing,,Universal Products,,Box #1586,,Mason City,IA,50402,United States,TRUE,FALSE,,
3,496,,16580,,,,,,,,,,,,,,Shipping,,Universal Products,,Box #1586,,Mason City,IA,50402,United States,FALSE,TRUE,,
1,497,,16586,,,,,,,,"SCI Technology, Inc.",Mark Mogar,,(256) 882-4179,,,Mailing,,"SCI Technology, Inc.",,,,,,,,FALSE,FALSE,Net 30,TRUE
2,497,,16586,,,,,,,,,,,,,,Billing,,"SCI Technology, Inc.",,PO Box 1000,,Huntsville,AL,35807,United States,TRUE,FALSE,,
3,497,,16586,,,,,,,,,,,,,,Shipping,,"SCI Technology, Inc.",,13000 South Memorial Parkway SW,,Huntsville,AL,35803,United States,FALSE,TRUE,,
1,498,,16592,,,,,,,,DNP Denmark,Jake Sowers,,45 46 16 51 00,,45 4616 5200,Mailing,,DNP Denmark,,,,,,,,FALSE,FALSE,Prepay,TRUE
2,498,,16592,,,,,,,,,,,,,,Billing,,DNP Denmark,,Skruegangen 2,,Karlslunde,,2690,Denmark,TRUE,FALSE,,
3,498,,16592,,,,,,,,,,,,,,Shipping,,DNP Denmark,,Skruegangen 2,Gate C,Karlslunde,,2690,Denmark,FALSE,TRUE,,
1,499,,16603,,,,,,,,WexEnergy LLC,Thomas Harbin,ronwexler@wexenergy.com; rachelrosen@wexenergy.com; scottwalker@wexenergy.com,(585) 259-2526,,,Mailing,,WexEnergy LLC,,,,,,,,FALSE,FALSE,,TRUE
2,499,,16603,,,,,,,,,,,,,,Billing,,WexEnergy LLC,,WexEnergy260 E. Main Street,Suite 6318,Rochester,NY,14604,United States,TRUE,FALSE,,
3,499,,16603,,,,,,,,,,,,,,Shipping,,WexEnergy LLC,,,,,,,,FALSE,TRUE,,
1,500,,16605,,,,,,,,Sunrise Strips,Thomas Harbin,,(401) 486-1256,,,Mailing,,Sunrise Strips,,,,,,,,FALSE,FALSE,Prepay,TRUE
2,500,,16605,,,,,,,,,,,,,,Billing,,Sunrise Strips,,12 Rosebank Drive,,Providence,RI,02908,United States,TRUE,FALSE,,
3,500,,16605,,,,,,,,,,,,,,Shipping,,Sunrise Strips,,12 Rosebank Drive,,Providence,RI,02908,United States,FALSE,TRUE,,
1,501,,16614,,,,,,,,"Ramona Research, INC – A HEICO Company",Ed Rodriguez,,(858) 679-0717,,(858) 679-0457,Mailing,,"Ramona Research, INC – A HEICO Company",,13741 Danielson Street,Suite J,Poway,CA,92064,United States,FALSE,FALSE,Credit Card,TRUE
2,501,,16614,,,,,,,,,,,,,,Billing,,"Ramona Research, INC – A HEICO Company",,13741 Danielson Street,Suite J,Poway,CA,92064,United States,TRUE,FALSE,,
3,501,,16614,,,,,,,,,,,,,,Shipping,,"Ramona Research, INC – A HEICO Company",,13741 Danielson Street,Suite J,Poway,CA,92064,United States,FALSE,TRUE,,
1,502,,16618,,,,,,,,Adcolor Inc.,Mark Mogar,accounting@adcolorinc.com,(859) 253-1046,(866) 232-6567,(859) 253-1047,Mailing,,Adcolor Inc.,,620 Adcolor Drive,,Lexington,KY,40511,United States,FALSE,FALSE,Net 30,TRUE
2,502,,16618,,,,,,,,,,,,,,Billing,,Adcolor Inc.,,620 Adcolor Drive,,Lexington,KY,40511,United States,TRUE,FALSE,,
3,502,,16618,,,,,,,,,,,,,,Shipping,,Adcolor Inc.,,620 Adcolor Drive,,Lexington,KY,40511,United States,FALSE,TRUE,,
1,503,,16621,,,,,,,,"Creative Materials, Inc.",Thomas Harbin,,(978) 391-4700,,(978) 391-4705,Mailing,,"Creative Materials, Inc.",,12 Willow Road,,Ayer,MA,01432,United States,FALSE,FALSE,Net 30,TRUE
2,503,,16621,,,,,,,,,,,,,,Billing,,"Creative Materials, Inc.",,12 Willow Road,,Ayer,MA,01432,United States,TRUE,FALSE,,
3,503,,16621,,,,,,,,,,,,,,Shipping,,"Creative Materials, Inc.",,12 Willow Road,,Ayer,MA,01432,United States,FALSE,TRUE,,
1,504,,16627,,,,,,,3M,3M CHIM Mfg,Susan Chambers,"This is a buyer, not AP, but she can help if needed: Jeanine Vickerman CW <jivickerman.cw@mmm.com>",,,,Mailing,,3M CHIM Mfg,,"3M Center, Building 251-1C-09",,St. Paul,MN,55144-1000,United States,FALSE,FALSE,net 45,TRUE
2,504,,16627,,,,,,,,,,,,,,Billing,,3M CHIM Mfg,,"3M Center, Building 251-1C-09",,St. Paul,MN,55144-1000,United States,TRUE,FALSE,,
3,504,,16627,,,,,,,,,,,,,,Shipping,,3M CHIM Mfg,,"3M Center, Building 251-1C-09",,St. Paul,MN,55144-1000,United States,FALSE,TRUE,,
1,505,,16632,,,,,,,,"Allen Organ Company, LLC",Thomas Harbin,,(610) 966-2200,,(610) 965-3098,Mailing,,"Allen Organ Company, LLC",,150 Locust Street,,Macungie,PA,18062,United States,FALSE,FALSE,Net 30,TRUE
2,505,,16632,,,,,,,,,,,,,,Billing,,"Allen Organ Company, LLC",,150 Locust Street,,Macungie,PA,18062,United States,TRUE,FALSE,,
3,505,,16632,,,,,,,,,,,,,,Shipping,,"Allen Organ Company, LLC",,150 Locust Street,,Macungie,PA,18062,United States,FALSE,TRUE,,
1,506,,16637,,,,,,,,"Great Lakes Greenhouses, Inc.",Matthew Kay,,(519) 326-7589,,(519) 326-8964,Mailing,,"Great Lakes Greenhouses, Inc.",,,,,,,,FALSE,FALSE,Prepay,TRUE
2,506,,16637,,,,,,,,,,,,,,Billing,,"Great Lakes Greenhouses, Inc.",,"834 Mersea Road 4, RR3",,Leamington,ON,N8H 3V6,Canada,TRUE,FALSE,,
3,506,,16637,,,,,,,,,,,,,,Shipping,,"Great Lakes Greenhouses, Inc.",,,,,,,,FALSE,TRUE,,
1,507,,16647,,,,,,,,Ford T & C Van Dyke,Victoria Sessa,,(586) 826-6000,,,Mailing,,Ford T & C Van Dyke,,,,,,,,FALSE,FALSE,60 Days  net,TRUE
2,507,,16647,,,,,,,,,,,,,,Billing,,Ford T & C Van Dyke,,4111 Van Dyke,,Sterling Heights,MI,48314-3674,United States,TRUE,FALSE,,
3,507,,16647,,,,,,,,,,,,,,Shipping,,Ford T & C Van Dyke,,4111 Van Dyke,,Sterling Heights,MI,48314-3674,United States,FALSE,TRUE,,
1,508,,16661,,,,,,,,Howa USA Holdings Inc,Jake Sowers,,,,,Mailing,,Howa USA Holdings Inc,,,,,,,,FALSE,FALSE,Net 30,TRUE
2,508,,16661,,,,,,,,,,,,,,Billing,,Howa USA Holdings Inc,,40220 Grand River Ave,,Novi,MI,48375,United States,TRUE,FALSE,,
3,508,,16661,,,,,,,,,,,,,,Shipping,,Howa USA Holdings Inc,,,,,,,,FALSE,TRUE,,
1,509,,16670,,,,,,,,Greene Rubber Company,Thomas Harbin,,(781) 937-9909,,(781) 937-9739,Mailing,,Greene Rubber Company,,20 Cross Street,,Woburn,MA,01801,United States,FALSE,FALSE,Credit Card,TRUE
2,509,,16670,,,,,,,,,,,,,,Billing,,Greene Rubber Company,,20 Cross Street,,Woburn,MA,01801,United States,TRUE,FALSE,,
3,509,,16670,,,,,,,,,,,,,,Shipping,,Greene Rubber Company,,20 Cross Street,,Woburn,MA,01801,United States,FALSE,TRUE,,
1,510,,16671,,,,,,,,"Inteprod, LLC",Thomas Harbin,,(610) 650-9002,,(610) 650-9003,Mailing,,"Inteprod, LLC",,2583 Industry Lane,,Eagleville,PA,19403,United States,FALSE,FALSE,,TRUE
2,510,,16671,,,,,,,,,,,,,,Billing,,"Inteprod, LLC",,2583 Industry Lane,,Eagleville,PA,19403,United States,TRUE,FALSE,,
3,510,,16671,,,,,,,,,,,,,,Shipping,,"Inteprod, LLC",,2583 Industry Lane,,Eagleville,PA,19403,United States,FALSE,TRUE,,
1,511,,16677,,,,,,,,Menasha Packaging Company,,,(800) 477-8746,,(717) 505-3227,Mailing,,Menasha Packaging Company,,30 Grumbacher Rd,,York,PA,17406,United States,FALSE,FALSE,,TRUE
2,511,,16677,,,,,,,,,,,,,,Billing,,Menasha Packaging Company,,30 Grumbacher Rd,,York,PA,17406,United States,TRUE,FALSE,,
3,511,,16677,,,,,,,,,,,,,,Shipping,,Menasha Packaging Company,,30 Grumbacher Rd,,York,PA,17406,United States,FALSE,TRUE,,
1,512,,16678,,,,,,,,Cam Med LLC,Thomas Harbin,,1.857.526.1195,1.617.682.2111,,Mailing,,Cam Med LLC,,"M2D2, Lab 272, 600 Suffolk St",,Lowell,MA,01854,United States,FALSE,FALSE,Credit Card,TRUE
2,512,,16678,,,,,,,,,,,,,,Billing,,Cam Med LLC,,"M2D2, Lab 272, 600 Suffolk St",,Lowell,MA,01854,United States,TRUE,FALSE,,
3,512,,16678,,,,,,,,,,,,,,Shipping,,Cam Med LLC,,"M2D2, Lab 272, 600 Suffolk St",,Lowell,MA,01854,United States,FALSE,TRUE,,
1,513,,16680,,,,,,,,Fralock,Ed Rodriguez,,(800) 372-5625,(661) 702-6999,(661) 367-9301,Mailing,,Fralock,,28525 W. Industry Drive,,Valencia,CA,91355,United States,FALSE,FALSE,Credit Card,TRUE
2,513,,16680,,,,,,,,,,,,,,Billing,,Fralock,,28525 W. Industry Drive,,Valencia,CA,91355,United States,TRUE,FALSE,,
3,513,,16680,,,,,,,,,,,,,,Shipping,,Fralock,,28525 W. Industry Drive,,Valencia,CA,91355,United States,FALSE,TRUE,,
1,514,,16683,,,,,,,,Hunter Douglas (Window Design Div.),Mark Mogar,,,,,Mailing,,Hunter Douglas (Window Design Div.),,,,,,,,FALSE,FALSE,Net 30,TRUE
2,514,,16683,,,,,,,,,,,,,,Billing,,Hunter Douglas (Window Design Div.),,201 Southridge Parkway,,Bessemer City,NC,28016,United States,TRUE,FALSE,,
3,514,,16683,,,,,,,,,,,,,,Shipping,,Hunter Douglas (Window Design Div.),,,,,,,,FALSE,TRUE,,
1,515,,16688,,,,,,,,Westfield Electroplating Company,Thomas Harbin,,(413) 568-3716,,(413) 562-8279,Mailing,,Westfield Electroplating Company,,PO Box 298,,Westfield,MA,01089,United States,FALSE,FALSE,Net 30,TRUE
2,515,,16688,,,,,,,,,,,,,,Billing,,Westfield Electroplating Company,,68 N Elm St,,Westfield,MA,01085,United States,TRUE,FALSE,,
3,515,,16688,,,,,,,,,,,,,,Shipping,,Westfield Electroplating Company,,68 N Elm St,,Westfield,MA,01085,United States,FALSE,TRUE,,
1,516,,16691,,,,,,,,Ximedica,Thomas Harbin,,(401) 330-3163,,,Mailing,,Ximedica,,,,,,,,FALSE,FALSE,Credit Card,TRUE
2,516,,16691,,,,,,,,,,,,,,Billing,,Ximedica,,55 Dupont Drive,,Providence,RI,02907,United States,TRUE,FALSE,,
3,516,,16691,,,,,,,,,,,,,,Shipping,,Ximedica,,,,,,,,FALSE,TRUE,,
1,517,,16708,,,,,,,,Beyonics Precision (Maylaysia) Sdn Bhd,Diane Edwards,,+60-7668-3719,,,Mailing,,Beyonics Precision (Maylaysia) Sdn Bhd,,No. 98 Jalan i-Park 1/10,Kawasan Perindustrian i-Park,"Bandar Indahpura, 8100 Kulaijaya",Johor Darul Takzim,,Malaysia,FALSE,FALSE,Prepay,TRUE
2,517,,16708,,,,,,,,,,,,,,Billing,,Beyonics Precision (Maylaysia) Sdn Bhd,,No. 98 Jalan i-Park 1/10,Kawasan Perindustrian i-Park,"Bandar Indahpura, 8100 Kulaijaya",Johor Darul Takzim,,Malaysia,TRUE,FALSE,,
3,517,,16708,,,,,,,,,,,,,,Shipping,,Beyonics Precision (Maylaysia) Sdn Bhd,,No. 98 Jalan i-Park 1/10,Kawasan Perindustrian i-Park,"Bandar Indahpura, 8100 Kulaijaya",Johor Darul Takzim,,Malaysia,FALSE,TRUE,,
1,518,,16716,,,,,,,,"BLC PAWS, LLC",Mark Mogar,,(404) 352-2025,,,Mailing,,"BLC PAWS, LLC",,,,,,,,FALSE,FALSE,,TRUE
2,518,,16716,,,,,,,,,,,,,,Billing,,"BLC PAWS, LLC",,"2020 Howell Mill Road, Suite C #267",,Atlanta,GA,30318-1732,United States,TRUE,FALSE,,
3,518,,16716,,,,,,,,,,,,,,Shipping,,"BLC PAWS, LLC",,"2020 Howell Mill Road, Suite 267",,Atlanta,GA,30318-1732,United States,FALSE,TRUE,,
1,519,,16718,,,,,,,,Polymershapes LLC,Mark Mogar,PolymershapesAP@berkOne.com,(610) 599-8643,,,Mailing,,Polymershapes LLC,,2115 N. Hamilton Street,,Richmond,VA,23230,United States,FALSE,FALSE,Net 60,TRUE
2,519,,16718,,,,,,,,,,,,,,Billing,,Polymershapes LLC,,Accounts Payables,PO Box 25167,Lehigh Valley,PA,18002,United States,TRUE,FALSE,,
3,519,,16718,,,,,,,,,,,,,,Shipping,,Polymershapes LLC,,2115-A N. Hamilton Street,,Richmond,VA,23230,United States,FALSE,TRUE,,
1,520,,16728,,,,,,,,Hickman Edge Systems formally OMG EdgeSystems,Mark Mogar,ap@wph.com,(828) 676-1700,,,Mailing,,Hickman Edge Systems formally OMG EdgeSystems,, PO Box 15005,,Asheville,NC,28813,United States,FALSE,FALSE,Net 30,TRUE
2,520,,16728,,,,,,,,,,,,,,Billing,,Hickman Edge Systems formally OMG EdgeSystems,,4 Commerce Way,,Arden,NC,28704,United States,TRUE,FALSE,,
3,520,,16728,,,,,,,,,,,,,,Shipping,,Hickman Edge Systems formally OMG EdgeSystems,,4 Commerce Way,,Arden,NC,28704,United States,FALSE,TRUE,,
1,521,,16731,,,,,,,,Woodrow Corporation,Jake Sowers,,(937) 399-9333,,,Mailing,,Woodrow Corporation,,4300 River Road,,Springfiled,OH,45502,United States,FALSE,FALSE,Credit Card,TRUE
2,521,,16731,,,,,,,,,,,,,,Billing,,Woodrow Corporation,,4300 River Road,,Springfield,OH,45502,United States,TRUE,FALSE,,
3,521,,16731,,,,,,,,,,,,,,Shipping,,Woodrow Corporation,,4300 River Road,,Springfiled,OH,45502,United States,FALSE,TRUE,,
1,522,,16749,,,,,,,,"Nanogate Jay Systems, LLC",Jake Sowers,,(419) 521-0123,,,Mailing,,"Nanogate Jay Systems, LLC",,,,,,,,FALSE,FALSE,,TRUE
2,522,,16749,,,,,,,,,,,,,,Billing,,"Nanogate Jay Systems, LLC",,150 E. Longview Ave.,,Mansfield,OH,44903,United States,TRUE,FALSE,,
3,522,,16749,,,,,,,,,,,,,,Shipping,,"Nanogate Jay Systems, LLC",,150 E. Longview Ave.,,Mansfield,OH,44903,United States,FALSE,TRUE,,
1,523,,16754,,,,,,,,"Fres-Co Systems USA, Inc.",Thomas Harbin,apayable@fresco.com,(215) 721-4600,,,Mailing,,"Fres-Co Systems USA, Inc.",,,,,,,,FALSE,FALSE,net 45,TRUE
2,523,,16754,,,,,,,,,,,,,,Billing,,"Fres-Co Systems USA, Inc.",,3005 State Rd,,Telford,PA,18969,United States,TRUE,FALSE,,
3,523,,16754,,,,,,,,,,,,,,Shipping,,"Fres-Co Systems USA, Inc.",,3005 State Rd,,Telford,PA,18969,United States,FALSE,TRUE,,
1,524,,16756,,,,,,,,Technosoft Innovations,Mark Mogar,,(919) 337-0866,,,Mailing,,Technosoft Innovations,,,,,,,,FALSE,FALSE,Credit Card,TRUE
2,524,,16756,,,,,,,,,,,,,,Billing,,Technosoft Innovations,,900 Perimeter Park Drive,Suite C,Morrisville,NC,27560,United States,TRUE,FALSE,,
3,524,,16756,,,,,,,,,,,,,,Shipping,,Technosoft Innovations,,900 Perimeter Park Drive,Suite C,Morrisville,NC,27560,United States,FALSE,TRUE,,
1,525,,16757,,,,,,,,"Infratab, Inc.",Matthew Kay,,(805) 986-8880,,(805) 512-7196,Mailing,,"Infratab, Inc.",,4347 Raytheon Road,,Oxnard,CA,93033,United States,FALSE,FALSE,,TRUE
2,525,,16757,,,,,,,,,,,,,,Billing,,"Infratab, Inc.",,4347 Raytheon Road,,Oxnard,CA,93033,United States,TRUE,FALSE,,
3,525,,16757,,,,,,,,,,,,,,Shipping,,"Infratab, Inc.",,4347 Raytheon Road,,Oxnard,CA,93033,United States,FALSE,TRUE,,
1,526,,16759,,,,,,,,Beynon Sports & Surfaces,Thomas Harbin,,(410) 771-9473,,,Mailing,,Beynon Sports & Surfaces,,,,,,,,FALSE,FALSE,,TRUE
2,526,,16759,,,,,,,,,,,,,,Billing,,Beynon Sports & Surfaces,,16 Alt Rd,,Hunt Valley,MD,21030,United States,TRUE,FALSE,,
3,526,,16759,,,,,,,,,,,,,,Shipping,,Beynon Sports & Surfaces,,,,,,,,FALSE,TRUE,,
1,527,,16761,,,,,,,,Goyard,Thomas Harbin,,(646) 565-3480,,,Mailing,,Goyard,,,,,,,,FALSE,FALSE,Prepay,TRUE
2,527,,16761,,,,,,,,,,,,,,Billing,,Goyard,,20 East 63rd Street,,New York,NY,10065,United States,TRUE,FALSE,,
3,527,,16761,,,,,,,,,,,,,,Shipping,,Goyard,,,,,,,,FALSE,TRUE,,
1,528,,16764,,,,,,,,"Commonwealth Technology, Inc.",Mark Mogar,,(703) 719-6800,,,Mailing,,"Commonwealth Technology, Inc.",,5875 Barclay Drive,,Alexandra,VA,22315,United States,FALSE,FALSE,Credit Card,TRUE
2,528,,16764,,,,,,,,,,,,,,Billing,,"Commonwealth Technology, Inc.",,5875 Barclay Drive,,Alexandra,VA,22315,United States,TRUE,FALSE,,
3,528,,16764,,,,,,,,,,,,,,Shipping,,"Commonwealth Technology, Inc.",,5875 Barclay Drive,,Alexandra,VA,22315,United States,FALSE,TRUE,,
1,529,,16772,,,,,,,,"APC International, Ltd.",Thomas Harbin,accounting@americanpiezo.com,(570) 726-6961,,(570) 726-7466,Mailing,,"APC International, Ltd.",,P. O. Box 180,213 Duck Run Road,Mackeyville,PA,17750,United States,FALSE,FALSE,Net 30,TRUE
2,529,,16772,,,,,,,,,,,,,,Billing,,"APC International, Ltd.",,P. O. Box 180,213 Duck Run Road,Mackeyville,PA,17750,United States,TRUE,FALSE,,
3,529,,16772,,,,,,,,,,,,,,Shipping,,"APC International, Ltd.",,213 Duck Run Road,,Mackeyville,PA,17750,United States,FALSE,TRUE,,
1,530,,16774,,,,,,,Ellsworth,Ellsworth Adhesives - Westminster (MD),Jake Sowers,payables@ellsworth.com,(443) 761-5503,(443) 201-4954,,Mailing,,Ellsworth Adhesives - Westminster (MD),,5105 Grave Run Rd,,Manchester,MD,21102,United States,FALSE,FALSE,,TRUE
2,530,,16774,,,,,,,,,,,,,,Billing,,Ellsworth Adhesives - Westminster (MD),,P. O. Box 1002,,Germantown,WI,53022,United States,TRUE,FALSE,,
3,530,,16774,,,,,,,,,,,,,,Shipping,,Ellsworth Adhesives - Westminster (MD),,5105 Grave Run Rd,,Manchester,MD,21102,United States,FALSE,TRUE,,
1,531,,16775,,,,,,,,Bio Verdi LLC,Matthew Kay,,(951) 261-2593,,,Mailing,,Bio Verdi LLC,,6885 Crest Avenue,,Riverside,CA,92503,United States,FALSE,FALSE,,TRUE
2,531,,16775,,,,,,,,,,,,,,Billing,,Bio Verdi LLC,,6885 Crest Avenue,,Riverside,CA,92503,United States,TRUE,FALSE,,
3,531,,16775,,,,,,,,,,,,,,Shipping,,Bio Verdi LLC,,6885 Crest Avenue,,Riverside,CA,92503,United States,FALSE,TRUE,,
1,532,,16776,,,,,,,,"Helpful Products 4U, LLC",Jake Sowers,,(414) 737-4748,,,Mailing,,"Helpful Products 4U, LLC",,,,,,,,FALSE,FALSE,,TRUE
2,532,,16776,,,,,,,,,,,,,,Billing,,"Helpful Products 4U, LLC",,220 West Ellsworth Lane,,Bayside,WI,53217,United States,TRUE,FALSE,,
3,532,,16776,,,,,,,,,,,,,,Shipping,,"Helpful Products 4U, LLC",,,,,,,,FALSE,TRUE,,
1,533,,16778,,,,,,,,Bullseye Design Worx,Matthew Kay,,(303) 667-2110,,,Mailing,,Bullseye Design Worx,,355 S Teller St #200,,Lakewood,CO,80226,United States,FALSE,FALSE,,TRUE
2,533,,16778,,,,,,,,,,,,,,Billing,,Bullseye Design Worx,,355 S Teller St #200,,Lakewood,CO,80226,United States,TRUE,FALSE,,
3,533,,16778,,,,,,,,,,,,,,Shipping,,Bullseye Design Worx,,355 S Teller St #200,,Lakewood,CO,80226,United States,FALSE,TRUE,,
1,534,,16779,,,,,,,,Muth Mirror Systems,Jake Sowers,accounting@muthco.com; warehouse@muthco.com,(920) 980-4380,,,Mailing,,Muth Mirror Systems,,,,,,,,FALSE,FALSE,Net 30,TRUE
2,534,,16779,,,,,,,,,,,,,,Billing,,Muth Mirror Systems,,PO Box 418,,Sheboygan,WI,53083,United States,TRUE,FALSE,,
3,534,,16779,,,,,,,,,,,,,,Shipping,,Muth Mirror Systems,,,,,,,,FALSE,TRUE,,
1,535,,16786,,,,,,,Ellsworth,Ellsworth Adhesives - Shawnee (KS),Jake Sowers,payables@ellsworth.com,(913) 276-9019,,,Mailing,,,,22309 West 46th Terrace,,Shawnee,KS,66226,United States,FALSE,FALSE,net 50,TRUE
2,535,,16786,,,,,,,,,,,,,,Billing,,,,P. O. Box 1002,,Germantown,WI,53022,United States,TRUE,FALSE,,
3,535,,16786,,,,,,,,,,,,,,Shipping,,,,22309 West 46th Terrace,,Shawnee,KS,66226,United States,FALSE,TRUE,,
1,536,,16788,,,,,,,,Constant Aviation,Jake Sowers,,,,,Mailing,,Constant Aviation,,,,,,,,FALSE,FALSE,,TRUE
2,536,,16788,,,,,,,,,,,,,,Billing,,Constant Aviation,,18601 Cleveland Parkway,,Cleveland,OH,44135,United States,TRUE,FALSE,,
3,536,,16788,,,,,,,,,,,,,,Shipping,,Constant Aviation,,18601 Cleveland Parkway,,Cleveland,OH,44135,United States,FALSE,TRUE,,
1,537,,16791,,,,,,,,EMI Specialty Papers,Thomas Harbin,,(203) 544-2000,,(203) 544-2200,Mailing,,EMI Specialty Papers,,4 Old Mill Road,,Redding,CT,06896,United States,FALSE,FALSE,,TRUE
2,537,,16791,,,,,,,,,,,,,,Billing,,EMI Specialty Papers,,PO BOX 668,,Georgetown,CT,06829,United States,TRUE,FALSE,,
3,537,,16791,,,,,,,,,,,,,,Shipping,,EMI Specialty Papers,,4 Old Mill Road,,Redding,CT,06896,United States,FALSE,TRUE,,
1,538,,16792,,,,,,,,Amgen,Matthew Kay,,1 805-447-1000,,,Mailing,,Amgen,,One Amgen Center Drive,,Thousand Oaks,CA,91320,United States,FALSE,FALSE,,TRUE
2,538,,16792,,,,,,,,,,,,,,Billing,,Amgen,,One Amgen Center Drive,,Thousand Oaks,CA,91320,United States,TRUE,FALSE,,
3,538,,16792,,,,,,,,,,,,,,Shipping,,Amgen,,One Amgen Center Drive,,Thousand Oaks,CA,91320,United States,FALSE,TRUE,,
1,539,,16794,,,,,,,,"Cerillo, LLC",Mark Mogar,kevin@cerillo.net,(978) 618-8773,,,Mailing,,"Cerillo, LLC",,224A Shamrock Road,,Charlottesville,VA,22903,United States,FALSE,FALSE,Prepaid,TRUE
2,539,,16794,,,,,,,,,,,,,,Billing,,"Cerillo, LLC",,107 E. Water Street,,Charlottesville,VA,22902,United States,TRUE,FALSE,,
3,539,,16794,,,,,,,,,,,,,,Shipping,,"Cerillo, LLC",,107 E. Water Street,,Charlottesville,VA,22902,United States,FALSE,TRUE,,
1,540,,16797,,,,,,,,SAFRAN Electrical & Power Mexico SA de CV.,Ed Rodriguez,,+52 (614) 158 8133,,,Mailing,,SAFRAN Electrical & Power Mexico SA de CV.,,Calle Nicolás Gogol #11322,,Complejo Industrial,Chihuahua,31136,Mexico,FALSE,FALSE,,TRUE
2,540,,16797,,,,,,,,,,,,,,Billing,,SAFRAN Electrical & Power Mexico SA de CV.,,Avenida Nicolas Gogol 11322,,Complejo Industrial Chihuahua,Chihuahua,31136,Mexico,TRUE,FALSE,,
3,540,,16797,,,,,,,,,,,,,,Shipping,,SAFRAN Electrical & Power Mexico SA de CV.,,Calle Nicolás Gogol #11322,,Complejo Industrial,Chihuahua,31136,Mexico,FALSE,TRUE,,
1,541,,16801,,,,,,,Materion,Materion - Advanced Materials Group,Thomas Harbin,AP1invoices@materion.com,(716) 837-1000,,,Mailing,,Materion - Advanced Materials Group,,2978 Main Street,,Buffalo,NY,14214,United States,FALSE,FALSE,Net 30,TRUE
2,541,,16801,,,,,,,,,,,,,,Billing,,Materion - Advanced Materials Group,,Accounts Payable,6070 Parkland Blvd.,Mayfield Heights,OH,44124,United States,TRUE,FALSE,,
3,541,,16801,,,,,,,,,,,,,,Shipping,,Materion - Advanced Materials Group,,2978 Main Street,,Buffalo,NY,14214,United States,FALSE,TRUE,,
1,542,,16803,,,,,,,,Tesla,Ed Rodriguez,,(512) 516-8177,,,Mailing,,Tesla,,,,,,,,FALSE,FALSE,,TRUE
2,542,,16803,,,,,,,,,,,,,,Billing,,Tesla,,47400 Kato Road,,Fremont,CA,94538,United States,TRUE,FALSE,,
3,542,,16803,,,,,,,,,,,,,,Shipping,,Tesla,,,,,,,,FALSE,TRUE,,
1,543,,16804,,,,,,,,California Polytechnic State University,Matthew Kay,,(805) 756-1111,,,Mailing,,California Polytechnic State University,,,,,,,,FALSE,FALSE,,TRUE
2,543,,16804,,,,,,,,,,,,,,Billing,,California Polytechnic State University,,1 Grand Avenue,,San Luis Obispo,CA,93407,United States,TRUE,FALSE,,
3,543,,16804,,,,,,,,,,,,,,Shipping,,California Polytechnic State University,,190 California Blvd Apt 202,,San Luis Obispo,CA,93405,United States,FALSE,TRUE,,
1,544,,16806,,,,,,,,Beatty Marketing and Sales,Matthew Kay,,(800) 334-8543,,(800) 815-8151,Mailing,,Beatty Marketing and Sales,,9345 151st Ave NE,,Redmond,WA,98052,United States,FALSE,FALSE,,TRUE
2,544,,16806,,,,,,,,,,,,,,Billing,,Beatty Marketing and Sales,,9345 151st Ave NE,,Redmond,WA,98052,United States,TRUE,FALSE,,
3,544,,16806,,,,,,,,,,,,,,Shipping,,Beatty Marketing and Sales,,9345 151st Ave NE,,Redmond,WA,98052,United States,FALSE,TRUE,,
1,545,,16807,,,,,,,,"US Wire, LLC",Mark Mogar,,(252) 749-0195,,,Mailing,,"US Wire, LLC",,,,,,,,FALSE,FALSE,to be determined,TRUE
2,545,,16807,,,,,,,,,,,,,,Billing,,"US Wire, LLC",,5887 West Blount Street,,Fountain,NC,27829,United States,TRUE,FALSE,,
3,545,,16807,,,,,,,,,,,,,,Shipping,,"US Wire, LLC",,5887 West Blount Street,,Fountain,NC,27829,United States,FALSE,TRUE,,
1,546,,16810,,,,,,,,Allen Field Company,Thomas Harbin,,(800) 535-0810,,,Mailing,,Allen Field Company,,,,,,,,FALSE,FALSE,,TRUE
2,546,,16810,,,,,,,,,,,,,,Billing,,Allen Field Company,,256 Orinoco Drive,,Brightwaters,NY,11718,United States,TRUE,FALSE,,
3,546,,16810,,,,,,,,,,,,,,Shipping,,Allen Field Company,,,,,,,,FALSE,TRUE,,
1,547,,16812,,,,,,,,SPARC,Matthew Kay,,(707) 605-0600,,,Mailing,,SPARC,,PO Box 14816,,San Francisco,CA,94114,United States,FALSE,FALSE,,TRUE
2,547,,16812,,,,,,,,,,,,,,Billing,,SPARC,,PO Box 14816,,San Francisco,CA,94114,United States,TRUE,FALSE,,
3,547,,16812,,,,,,,,,,,,,,Shipping,,SPARC,,6771 Sebastopol Ave,,Sebastopol,CA,95472,United States,FALSE,TRUE,,
1,548,,16813,,,,,,,,"Allied Finishing, Inc.",Jake Sowers,accounting@alliedfinishinginc.com,(616) 698-7550,,(616) 698-0312,Mailing,,"Allied Finishing, Inc.",,P. O. Box 3728,,Grand Rapids,MI,49501,United States,FALSE,FALSE,,TRUE
2,548,,16813,,,,,,,,,,,,,,Billing,,"Allied Finishing, Inc.",,P. O. Box 3728,,Grand Rapids,MI,49501,United States,TRUE,FALSE,,
3,548,,16813,,,,,,,,,,,,,,Shipping,,"Allied Finishing, Inc.",,4050 Broadmoor SE,,Grand Rapids,MI,49501,United States,FALSE,TRUE,,
1,549,,16816,,,,,,,,FUZETOUCH B.V.                                     ,Diane Edwards,,52.444.166.0373,,,Mailing,,FUZETOUCH B.V.                                     ,,Carretera 57 Queretaro ,"San Luis Potosi Km 192, Zona Industrial",San Luis,S.L.P,78421,Mexico,FALSE,FALSE,Prepay,TRUE
2,549,,16816,,,,,,,,,,,,,,Billing,,FUZETOUCH B.V.                                     ,,Dalsteindreef 141,,Diemen,,1112XJ,Netherlands,TRUE,FALSE,,
3,549,,16816,,,,,,,,,,,,,,Shipping,,FUZETOUCH B.V.                                     ,,Carretera 57 Queretaro ,"San Luis Potosi Km 192, Zona Industrial",San Luis,S.L.P,78421,Mexico,FALSE,TRUE,,
1,550,,16818,,,,,,,,"Kiosk Group, Inc.",Thomas Harbin,,(888) 569-5467,(301) 732-4629,,Mailing,,"Kiosk Group, Inc.",,,,,,,,FALSE,FALSE,,TRUE
2,550,,16818,,,,,,,,,,,,,,Billing,,"Kiosk Group, Inc.",,440 Sagner Ave,,Frederick,MD,21701,United States,TRUE,FALSE,,
3,550,,16818,,,,,,,,,,,,,,Shipping,,"Kiosk Group, Inc.",,,,,,,,FALSE,TRUE,,
1,551,,16819,,,,,,,,Smith Seal of North Carolina,Mark Mogar,,(919) 790-1000,,(919) 878-8377,Mailing,,Smith Seal of North Carolina,,8441 Garvey Drive,,Raleigh,NC,27616,United States,FALSE,FALSE,Prepay,TRUE
2,551,,16819,,,,,,,,,,,,,,Billing,,Smith Seal of North Carolina,,8441 Garvey Drive,,Raleigh,NC,27616,United States,TRUE,FALSE,,
3,551,,16819,,,,,,,,,,,,,,Shipping,,Smith Seal of North Carolina,,8441 Garvey Drive,,Raleigh,NC,27616,United States,FALSE,TRUE,,
1,552,,16821,,,,,,,,Sup Cloud ,Mark Mogar,,(407) 913-2441,,,Mailing,,Sup Cloud ,,17940 Golden Leaf Lane,,Orlando,FL,32820,United States,FALSE,FALSE,,TRUE
2,552,,16821,,,,,,,,,,,,,,Billing,,Sup Cloud ,,17940 Golden Leaf Lane,,Orlando,FL,32820,United States,TRUE,FALSE,,
3,552,,16821,,,,,,,,,,,,,,Shipping,,Sup Cloud ,,17940 Golden Leaf Lane,,Orlando,FL,32820,United States,FALSE,TRUE,,
1,553,,16825,,,,,,,,"Soft Health Technologies, LLC ",Matthew Kay,,(949) 232-4859,,,Mailing,,"Soft Health Technologies, LLC ",,,,,,,,FALSE,FALSE,,TRUE
2,553,,16825,,,,,,,,,,,,,,Billing,,"Soft Health Technologies, LLC ",,8 Argonaut Suite 170 ,,Aliso Viejo,CA,92656,United States,TRUE,FALSE,,
3,553,,16825,,,,,,,,,,,,,,Shipping,,"Soft Health Technologies, LLC ",,8 Argonaut Suite 170 ,,Aliso Viejo,CA,92656,United States,FALSE,TRUE,,
1,554,,16827,,,,,,,,Amtrol Water Systems/Worthington Industries,Thomas Harbin,,(401) 535-1385,,,Mailing,,Amtrol Water Systems/Worthington Industries,,,,,,,,FALSE,FALSE,,TRUE
2,554,,16827,,,,,,,,,,,,,,Billing,,Amtrol Water Systems/Worthington Industries,,1400 Division Road,,West Warwick,RI,02893,United States,TRUE,FALSE,,
3,554,,16827,,,,,,,,,,,,,,Shipping,,Amtrol Water Systems/Worthington Industries,,,,,,,,FALSE,TRUE,,
1,555,,16837,,,,,,,,Kimoto Tech Inc.,Mark Mogar,,(770) 748-2643,,,Mailing,,Kimoto Tech Inc.,,"601 Canal Street, ",,Cedartown,GA,30125,United States,FALSE,FALSE,,TRUE
2,555,,16837,,,,,,,,,,,,,,Billing,,Kimoto Tech Inc.,,"601 Canal Street, ",,Cedartown,GA,30125,United States,TRUE,FALSE,,
3,555,,16837,,,,,,,,,,,,,,Shipping,,Kimoto Tech Inc.,,"601 Canal Street, ",,Cedartown,GA,30125,United States,FALSE,TRUE,,
1,556,,16838,,,,,,,,ASU - W. P. Carey School of Business,Matthew Kay,,(480) 965-5516,(928) 606-3850,,Mailing,,ASU - W. P. Carey School of Business,,Business Administration,300 E Lemon St,Tempe,AZ,85287,United States,FALSE,FALSE,,TRUE
2,556,,16838,,,,,,,,,,,,,,Billing,,ASU - W. P. Carey School of Business,,Business Administration,300 E Lemon St,Tempe,AZ,85287,United States,TRUE,FALSE,,
3,556,,16838,,,,,,,,,,,,,,Shipping,,ASU - W. P. Carey School of Business,,,,,,,,FALSE,TRUE,,
1,557,,16839,,,,,,,,B/E Aerospace - De-Icing Systems,Mark Mogar,,(304) 846-2554,,,Mailing,,B/E Aerospace - De-Icing Systems,,93 Nettie-Fenwick Rd,,Fenwick,WV,26202,United States,FALSE,FALSE,Net 30,TRUE
2,557,,16839,,,,,,,,,,,,,,Billing,,B/E Aerospace - De-Icing Systems,,93 Nettie-Fenwick Rd,,Fenwick,WV,26202,United States,TRUE,FALSE,,
3,557,,16839,,,,,,,,,,,,,,Shipping,,B/E Aerospace - De-Icing Systems,,93 Nettie-Fenwick Rd,,Fenwick,WV,26202,United States,FALSE,TRUE,,
1,558,,16843,,,,,,,,Fleetwood Fixtures,Thomas Harbin,,(484) 248-5418,,(610) 916-9900,Mailing,,Fleetwood Fixtures,,,,,,,,FALSE,FALSE,Credit Card,TRUE
2,558,,16843,,,,,,,,,,,,,,Billing,,Fleetwood Fixtures,,225 Peach Street,,Leesport,PA,19533,United States,TRUE,FALSE,,
3,558,,16843,,,,,,,,,,,,,,Shipping,,Fleetwood Fixtures,,,,,,,,FALSE,TRUE,,
1,559,,16847,,,,,,,,Unima Diagnosticos de Mexico S de RL de CV,Ed Rodriguez,,+52 (33) 1259 0802,,,Mailing,,Unima Diagnosticos de Mexico S de RL de CV,, Mosqueteros 4181,San Wenceslao,Zapopan,Jalisco,45110,Mexico,FALSE,FALSE,,TRUE
2,559,,16847,,,,,,,,,,,,,,Billing,,Unima Diagnosticos de Mexico S de RL de CV,,Mosqueteros 4181,San Wenceslao,Zapopan,Jalisco,45110,Mexico,TRUE,FALSE,,
3,559,,16847,,,,,,,,,,,,,,Shipping,,Unima Diagnosticos de Mexico S de RL de CV,, Mosqueteros 4181,San Wenceslao,Zapopan,Jalisco,45110,Mexico,FALSE,TRUE,,
1,560,,16851,,,,,,,,Boston University ,Thomas Harbin,,(617) 638-8000,,,Mailing,,Boston University ,,715 Albany St #437,,Boston,MA,02118,United States,FALSE,FALSE,Credit Card,TRUE
2,560,,16851,,,,,,,,,,,,,,Billing,,Boston University ,,ECE Department,"8 Saint Marys Street, Room 324",Boston,MA,02215-2421,United States,TRUE,FALSE,,
3,560,,16851,,,,,,,,,,,,,,Shipping,,Boston University ,,ECE Department,"8 Saint Marys Street, Room 324",Boston,MA,02215,United States,FALSE,TRUE,,
1,561,,16852,,,,,,,,Tricatalyst,Matthew Kay,,,,,Mailing,,,,,,,,,,FALSE,FALSE,,TRUE
2,561,,16852,,,,,,,,,,,,,,Billing,,,,1069 Miller Ave.,,Berkeley,CA,94708,United States,TRUE,FALSE,,
3,561,,16852,,,,,,,,,,,,,,Shipping,,,,1069 Miller Ave.,,Berkeley,CA,94708,United States,FALSE,TRUE,,
1,562,,16853,,,,,,,,Studio TK,Mark Mogar,david.goldberg@teknion.com,(919) 330-1867,,,Mailing,,Studio TK,,,,,,,,FALSE,FALSE,Net 30,TRUE
2,562,,16853,,,,,,,,,,,,,,Billing,,Studio TK,,1150 Flint Road,,Toronto,ON,M3J 2J5,Canada,TRUE,FALSE,,
3,562,,16853,,,,,,,,,,,,,,Shipping,,Studio TK,,"3940 US 70, Business",,Clayton,NC,27520,United States,FALSE,TRUE,,
1,563,,16856,,,,,,,,Trex Company,Mark Mogar,accountspayable@trex.com,(540) 542-6324,,,Mailing,,Trex Company,,,,,,,,FALSE,FALSE,Credit Card,TRUE
2,563,,16856,,,,,,,,,,,,,,Billing,,Trex Company,,160 Exeter Drive,,Winchester,VA,22603,United States,TRUE,FALSE,,
3,563,,16856,,,,,,,,,,,,,,Shipping,,Trex Company,,,,,,,,FALSE,TRUE,,
1,564,,16862,,,,,,,,Taibat Ade,Matthew Kay,,(707) 334-7311,,,Mailing,,Taibat Ade,,117 Reid Lane,,Richmond,CA,94801,United States,FALSE,FALSE,,TRUE
2,564,,16862,,,,,,,,,,,,,,Billing,,Taibat Ade,,117 Reid Lane,,Richmond,CA,94801,United States,TRUE,FALSE,,
3,564,,16862,,,,,,,,,,,,,,Shipping,,Taibat Ade,,117 Reid Lane,,Richmond,CA,94801,United States,FALSE,TRUE,,
1,565,,16863,,,,,,,,Data2Logistics (3M),Mark Mogar,,,,,Mailing,,Data2Logistics (3M),,,,,,,,FALSE,FALSE,Net 30,TRUE
2,565,,16863,,,,,,,,,,,,,,Billing,,Data2Logistics (3M),,PO Box 61050,3M Company (3MCP01) c/o Data2Logistics,Fort Myers,FL,33906,United States,TRUE,FALSE,,
3,565,,16863,,,,,,,,,,,,,,Shipping,,Data2Logistics (3M),,,,,,,,FALSE,TRUE,,
1,566,,16865,,,,,,,,Freshpoint Quality Assurance Ltd. d/b/a Evigence Sensors ,Jake Sowers,maya@freshpoint-tti.com,+972-4-8200236,,04-7554454,Mailing,,Freshpoint Quality Assurance Ltd. d/b/a Evigence Sensors ,,,,,,,,FALSE,FALSE,Net 30,TRUE
2,566,,16865,,,,,,,,,,,,,,Billing,,Freshpoint Quality Assurance Ltd. d/b/a Evigence Sensors ,,PO Box 2100,,Nesher,,3660802,Israel,TRUE,FALSE,,
3,566,,16865,,,,,,,,,,,,,,Shipping,,Freshpoint Quality Assurance Ltd. d/b/a Evigence Sensors ,,,,,,,,FALSE,TRUE,,
1,567,,16868,,,,,,,,NYU Abu Dhabi,Diane Edwards,nyuad.finance@nyu.edu,+97126287071,,,Mailing,,NYU Abu Dhabi,,,,,,,,FALSE,FALSE,Prepaid,TRUE
2,567,,16868,,,,,,,,,,,,,,Billing,,NYU Abu Dhabi,,"NYU Abu Dhabi, Saadiyat Campus",P. O. Box 129188,Abu Dhabi,,,United Arab Emirates,TRUE,FALSE,,
3,567,,16868,,,,,,,,,,,,,,Shipping,,NYU Abu Dhabi,,,,,,,,FALSE,TRUE,,
1,568,,16872,,,,,,,,Evicient LLC,Mark Mogar,,(770) 734-3470,,,Mailing,,Evicient LLC,,781 Wheeler St NW,Suite 13,Atlanta,GA,30318,United States,FALSE,FALSE,,TRUE
2,568,,16872,,,,,,,,,,,,,,Billing,,Evicient LLC,,781 Wheeler St NW,Suite 13,Atlanta,GA,30318,United States,TRUE,FALSE,,
3,568,,16872,,,,,,,,,,,,,,Shipping,,Evicient LLC,,781 Wheeler St NW,Suite 13,Atlanta,GA,30318,United States,FALSE,TRUE,,
1,569,,16876,,,,,,,,"Melnor, Inc.",Mark Mogar,"pweaver@melnor.com


",(540) 722-9080,(540) 722-5600,(888) 411-2500,Mailing,,"Melnor, Inc.",,109 Tyson Drive,,Winchester,VA,22603,United States,FALSE,FALSE,Prepay,TRUE
2,569,,16876,,,,,,,,,,,,,,Billing,,"Melnor, Inc.",,109 Tyson Drive,,Winchester,VA,22603,United States,TRUE,FALSE,,
3,569,,16876,,,,,,,,,,,,,,Shipping,,"Melnor, Inc.",,109 Tyson Drive,,Winchester,VA,22603,United States,FALSE,TRUE,,
1,570,,16878,,,,,,,,"ChemicoMays, LLC",Jake Sowers,ap@chemicomays.com,(248) 723-3263,,,Mailing,,"ChemicoMays, LLC",,"25200 Telegraph Road, Suite 120",,Southfield,MI,48034,United States,FALSE,FALSE,Credit Card,TRUE
2,570,,16878,,,,,,,,,,,,,,Billing,,"ChemicoMays, LLC",,"25200 Telegraph Road, Suite 120",,Southfield,MI,48034,United States,TRUE,FALSE,,
3,570,,16878,,,,,,,,,,,,,,Shipping,,"ChemicoMays, LLC",,Honeywell International- Olathe,23500 West 105th Street,Olathe,KS,66061,United States,FALSE,TRUE,,
1,571,,16881,,,,,,,,Beyond Underclothing LLC,Matthew Kay,,(303) 887-3511,,,Mailing,,Beyond Underclothing LLC,,351 Woodland Lane,,Golden,CO,80401,United States,FALSE,FALSE,,TRUE
2,571,,16881,,,,,,,,,,,,,,Billing,,Beyond Underclothing LLC,,351 Woodland Lane,,Golden,CO,80401,United States,TRUE,FALSE,,
3,571,,16881,,,,,,,,,,,,,,Shipping,,Beyond Underclothing LLC,,351 Woodland Lane,,Golden,CO,80401,United States,FALSE,TRUE,,
1,572,,16886,,,,,,,,"Micronics, Inc.",Matthew Kay,,(425) 896-3046,1.425.895.9197 ,1.425.895.1183 ,Mailing,,"Micronics, Inc.",,8463 154th Ave. NE,,Redmond,WA,98052,United States,FALSE,FALSE,,TRUE
2,572,,16886,,,,,,,,,,,,,,Billing,,"Micronics, Inc.",,8463 154th Ave. NE,,Redmond,WA,98052,United States,TRUE,FALSE,,
3,572,,16886,,,,,,,,,,,,,,Shipping,,"Micronics, Inc.",,8463 154th Ave. NE,,Redmond,WA,98052,United States,FALSE,TRUE,,
1,573,,16888,,,,,,,,Mac Aerospace Corporation,Mark Mogar,accountspayable@macaerospace.com,(703) 502-8300,,(703) 502-8303,Mailing,,Mac Aerospace Corporation,,14558 Lee Road,,Chantilly,VA,20151,United States,FALSE,FALSE,Prepay,TRUE
2,573,,16888,,,,,,,,,,,,,,Billing,,Mac Aerospace Corporation,,14558 Lee Road,,Chantilly,VA,20151,United States,TRUE,FALSE,,
3,573,,16888,,,,,,,,,,,,,,Shipping,,Mac Aerospace Corporation,,14558 Lee Road,,Chantilly,VA,20151,United States,FALSE,TRUE,,
1,574,,16889,,,,,,,,InnotecGroup Corp.,Jake Sowers,,(616) 772-5959,,(616) 772-6006,Mailing,,InnotecGroup Corp.,,441 E Roosevelt,,Zeeland,MI,49464,United States,FALSE,FALSE,Net 30,TRUE
2,574,,16889,,,,,,,,,,,,,,Billing,,InnotecGroup Corp.,,441 E Roosevelt,,Zeeland,MI,49464,United States,TRUE,FALSE,,
3,574,,16889,,,,,,,,,,,,,,Shipping,,InnotecGroup Corp.,,441 E Roosevelt,,Zeeland,MI,49464,United States,FALSE,TRUE,,
1,575,,16890,,,,,,,,Hayward Pool Products,Thomas Harbin,,(401) 583-1111,,,Mailing,,Hayward Pool Products,,,,,,,,FALSE,FALSE,,TRUE
2,575,,16890,,,,,,,,,,,,,,Billing,,Hayward Pool Products,,61 Whitecap Drive,,North Kingstown,RI,02852,United States,TRUE,FALSE,,
3,575,,16890,,,,,,,,,,,,,,Shipping,,Hayward Pool Products,,61 Whitecap Drive,,North Kingstown,RI,02852,United States,FALSE,TRUE,,
1,576,,16892,,,,,,,,Bonfiglioli USA,Mark Mogar,,(859) 334-3333,,,Mailing,,Bonfiglioli USA,,3541 Hargrave Dr,,Hebron,KY,41048,United States,FALSE,FALSE,,TRUE
2,576,,16892,,,,,,,,,,,,,,Billing,,Bonfiglioli USA,,3541 Hargrave Dr,,Hebron,KY,41048,United States,TRUE,FALSE,,
3,576,,16892,,,,,,,,,,,,,,Shipping,,Bonfiglioli USA,,3541 Hargrave Dr,,Hebron,KY,41048,United States,FALSE,TRUE,,
1,577,,16893,,,,,,,,"Fabri-Tech Components, Inc.",Matthew Kay,,(510) 249-2000,,(510) 249-2001,Mailing,,"Fabri-Tech Components, Inc.",,49038 Milmont Drive,,Fremont,CA,94538,United States,FALSE,FALSE,,TRUE
2,577,,16893,,,,,,,,,,,,,,Billing,,"Fabri-Tech Components, Inc.",,49038 Milmont Drive,,Fremont,CA,94538,United States,TRUE,FALSE,,
3,577,,16893,,,,,,,,,,,,,,Shipping,,"Fabri-Tech Components, Inc.",,49038 Milmont Drive,,Fremont,CA,94538,United States,FALSE,TRUE,,
1,578,,16894,,,,,,,,Abbott,Jake Sowers,afaccounting@abbott.com,(480) 502-6466,,,Mailing,,Abbott,,,,,,,,FALSE,FALSE,Credit Card,TRUE
2,578,,16894,,,,,,,,,,,,,,Billing,,Abbott,,PO Box 1402,,Abbott Parl,IL,60064,United States,TRUE,FALSE,,
3,578,,16894,,,,,,,,,,,,,,Shipping,,Abbott,,,,,,,,FALSE,TRUE,,
1,579,,16896,,,,,,,Stephen Gould Corporation,Stephen Gould Corporation - Orlando,Mark Mogar,,(407) 875-1808,,,Mailing,,Stephen Gould Corporation - Orlando,,,,,,,,FALSE,FALSE,,TRUE
2,579,,16896,,,,,,,,,,,,,,Billing,,Stephen Gould Corporation - Orlando,,1101 North Keller Rd.,,Orlando,FL,32810,United States,TRUE,FALSE,,
3,579,,16896,,,,,,,,,,,,,,Shipping,,Stephen Gould Corporation - Orlando,,1101 North Keller Rd.,,Orlando,FL,32810,United States,FALSE,TRUE,,
1,580,,16897,,,,,,,,"OLEDWorks, LLC",Thomas Harbin,,(585) 287-6807,,(585) 287-6822,Mailing,,"OLEDWorks, LLC",,"1645 Lyell Avenue, Suite #140",,Rochester,NY,14606,United States,FALSE,FALSE,Net 30,TRUE
2,580,,16897,,,,,,,,,,,,,,Billing,,"OLEDWorks, LLC",,"1645 Lyell Avenue, Suite #140",,Rochester,NY,14606,United States,TRUE,FALSE,,
3,580,,16897,,,,,,,,,,,,,,Shipping,,"OLEDWorks, LLC",,"1645 Lyell Avenue, Suite #140",,Rochester,NY,14606,United States,FALSE,TRUE,,
1,581,,16898,,,,,,,,Nisshinbo Automotive,Mark Mogar,,(770) 877-2002,,(770) 788-6190,Mailing,,Nisshinbo Automotive,,,,,,,,FALSE,FALSE,,TRUE
2,581,,16898,,,,,,,,,,,,,,Billing,,Nisshinbo Automotive,,14187 Nisshinbo Drive,,Covington ,GA,30014,United States,TRUE,FALSE,,
3,581,,16898,,,,,,,,,,,,,,Shipping,,Nisshinbo Automotive,,,,,,,,FALSE,TRUE,,
1,582,,16899,,,,,,,,On Line Graphics & Finishing,Matthew Kay,,(714) 635-3790,,(714) 635-9765,Mailing,,On Line Graphics & Finishing,,1924 N. Lime Street,,Orange,CA,92865,United States,FALSE,FALSE,Prepay,TRUE
2,582,,16899,,,,,,,,,,,,,,Billing,,On Line Graphics & Finishing,,1924 N. Lime Street,,Orange,CA,92865,United States,TRUE,FALSE,,
3,582,,16899,,,,,,,,,,,,,,Shipping,,On Line Graphics & Finishing,,1924 N. Lime Street,,Orange,CA,92865,United States,FALSE,TRUE,,
1,583,,16900,,,,,,,,Corning,Thomas Harbin,mailsvc@corning.com,(607) 962-2463,,,Mailing,,Corning,,,,,,,,FALSE,FALSE,Net 30,TRUE
2,583,,16900,,,,,,,,,,,,,,Billing,,Corning,,21 Lynn Morse Drive,,Painted Post,NY,14870,United States,TRUE,FALSE,,
3,583,,16900,,,,,,,,,,,,,,Shipping,,Corning,,21 Lynnmorse Drive,,Painted Post,NY,14870,United States,FALSE,TRUE,,
1,584,,16903,,,,,,,,"Delta Molding, LLC DBA Sculptress",Ed Rodriguez,,(888) 96-SHAPE,(888) 967-4273,,Mailing,,"Delta Molding, LLC DBA Sculptress",,720 Court St.,Unit 1713,Woodland,CA,95695,United States,FALSE,FALSE,to be determined,TRUE
2,584,,16903,,,,,,,,,,,,,,Billing,,"Delta Molding, LLC DBA Sculptress",,"1237 East Beamer St., STE G",,Woodland,CA,95776,United States,TRUE,FALSE,,
3,584,,16903,,,,,,,,,,,,,,Shipping,,"Delta Molding, LLC DBA Sculptress",,720 Court St.,Unit 1713,Woodland,CA,95695,United States,FALSE,TRUE,,
1,585,,16904,,,,,,,,Bosch Rexroth Corporation,Mark Mogar,,(864) 967-2777,,,Mailing,,Bosch Rexroth Corporation,,"8 Southchase Ct,",,Fountain Inn,SC,29644,United States,FALSE,FALSE,,TRUE
2,585,,16904,,,,,,,,,,,,,,Billing,,Bosch Rexroth Corporation,,"8 Southchase Ct,",,Fountain Inn,SC,29644,United States,TRUE,FALSE,,
3,585,,16904,,,,,,,,,,,,,,Shipping,,Bosch Rexroth Corporation,,"8 Southchase Ct,",,Fountain Inn,SC,29644,United States,FALSE,TRUE,,
1,586,,16910,,,,,,,,PJ Printers,Matthew Kay,,(714) 779-8484,,,Mailing,,PJ Printers,,1530 N. Lakeview Loop,,Anaheim,CA,92807,United States,FALSE,FALSE,,TRUE
2,586,,16910,,,,,,,,,,,,,,Billing,,PJ Printers,,1530 N. Lakeview Loop,,Anaheim,CA,92807,United States,TRUE,FALSE,,
3,586,,16910,,,,,,,,,,,,,,Shipping,,PJ Printers,,1530 N. Lakeview Loop,,Anaheim,CA,92807,United States,FALSE,TRUE,,
1,587,,16912,,,,,,,,Vallen (formerly Hagemeyer),Mark Mogar,,,,,Mailing,,,,,,,,,,FALSE,FALSE,Net 30,TRUE
2,587,,16912,,,,,,,,,,,,,,Billing,,,,Caller Service 1819,Vallen Distribution,Alpharetta,GA,30023,United States,TRUE,FALSE,,
3,587,,16912,,,,,,,,,,,,,,Shipping,,,,2820 Yonkers Road,,Raleigh,NC,27604,United States,FALSE,TRUE,,
1,588,,16919,,,,,,,,Stone Mountain Design,Mark Mogar,,,,,Mailing,,Stone Mountain Design,,,,,,,,FALSE,FALSE,,TRUE
2,588,,16919,,,,,,,,,,,,,,Billing,,Stone Mountain Design,,1597 Eagle Point Road,,Huddleston,VA,24104,United States,TRUE,FALSE,,
3,588,,16919,,,,,,,,,,,,,,Shipping,,Stone Mountain Design,,,,,,,,FALSE,TRUE,,
1,589,,16920,,,,,,,,EG-GILERO,Mark Mogar,,1-844-EGILERO,1-844-344-5376,,Mailing,,EG-GILERO,,635 Davis Drive,Suite 100,Morrisville,NC,27560,United States,FALSE,FALSE,,TRUE
2,589,,16920,,,,,,,,,,,,,,Billing,,EG-GILERO,,635 Davis Drive,Suite 100,Morrisville,NC,27560,United States,TRUE,FALSE,,
3,589,,16920,,,,,,,,,,,,,,Shipping,,EG-GILERO,,635 Davis Drive,Suite 100,Morrisville,NC,27560,United States,FALSE,TRUE,,
1,590,,16921,,,,,,,,"Biolife, L.L.C.",Mark Mogar,accounts@biolife.com,(941) 360-1300,,(941) 360-1310,Mailing,,"Biolife, L.L.C.",,,,,,,,FALSE,FALSE,Net 30,TRUE
2,590,,16921,,,,,,,,,,,,,,Billing,,"Biolife, L.L.C.",,8163 25th Court East,,Sarasota,FL,34243,United States,TRUE,FALSE,,
3,590,,16921,,,,,,,,,,,,,,Shipping,,"Biolife, L.L.C.",,8163 25th Court East,,Sarasota,FL,34243,United States,FALSE,TRUE,,
1,591,,16925,,,,,,,,Gary Szymanski,Matthew Kay,,(430) 762-2687,,,Mailing,,Gary Szymanski,,420 Nottingham Drive,,Paradise,CA,95969,United States,FALSE,FALSE,,TRUE
2,591,,16925,,,,,,,,,,,,,,Billing,,Gary Szymanski,,420 Nottingham Drive,,Paradise,CA,95969,United States,TRUE,FALSE,,
3,591,,16925,,,,,,,,,,,,,,Shipping,,Gary Szymanski,,420 Nottingham Drive,,Paradise,CA,95969,United States,FALSE,TRUE,,
1,592,,16926,,,,,,,,It's by Adele,Mark Mogar,,,,,Mailing,,It's by Adele,,11313 Tidewater Trail,,Fredericksburg ,VA,22408,United States,FALSE,FALSE,,TRUE
2,592,,16926,,,,,,,,,,,,,,Billing,,It's by Adele,,11313 Tidewater Trail,,Fredericksburg ,VA,22408,United States,TRUE,FALSE,,
3,592,,16926,,,,,,,,,,,,,,Shipping,,It's by Adele,,11313 Tidewater Trail,,Fredericksburg ,VA,22408,United States,FALSE,TRUE,,
1,593,,16927,,,,,,,,E & T Plastics,Matthew Kay,,(763) 780-3700,(866) 780-3799,(763) 780-3701,Mailing,,E & T Plastics,,,,,,,,FALSE,FALSE,,TRUE
2,593,,16927,,,,,,,,,,,,,,Billing,,E & T Plastics,,1219 97th Avenue NE,,Blaine,MN,55434,United States,TRUE,FALSE,,
3,593,,16927,,,,,,,,,,,,,,Shipping,,E & T Plastics,,,,,,,,FALSE,TRUE,,
1,594,,16928,,,,,,,,Ideal Jacobs Corporation,Thomas Harbin,,(973) 275-5100,,(973) 275-5161,Mailing,,Ideal Jacobs Corporation,,,,,,,,FALSE,FALSE,Credit Card,TRUE
2,594,,16928,,,,,,,,,,,,,,Billing,,Ideal Jacobs Corporation,,515 Valley Street #1,,Maplewood,NJ,07040,United States,TRUE,FALSE,,
3,594,,16928,,,,,,,,,,,,,,Shipping,,Ideal Jacobs Corporation,,,,,,,,FALSE,TRUE,,
1,595,,16929,,,,,,,,Surgiform Technology Ltd.,Mark Mogar,,(866) 225-5785,,(803) 462-1743,Mailing,,Surgiform Technology Ltd.,,,,,,,,FALSE,FALSE,Prepay,TRUE
2,595,,16929,,,,,,,,,,,,,,Billing,,Surgiform Technology Ltd.,,1566 Whiting Way,,Lugoff,SC,29078,United States,TRUE,FALSE,,
3,595,,16929,,,,,,,,,,,,,,Shipping,,Surgiform Technology Ltd.,,,,,,,,FALSE,TRUE,,
1,596,,16934,,,,,,,,"Abirx, Inc.",Mark Mogar,,,,,Mailing,,"Abirx, Inc.",,,,,,,,FALSE,FALSE,,TRUE
2,596,,16934,,,,,,,,,,,,,,Billing,,"Abirx, Inc.",,4343 Dunriver Drive SW,,Lilburn,GA,30047,United States,TRUE,FALSE,,
3,596,,16934,,,,,,,,,,,,,,Shipping,,"Abirx, Inc.",,4343 Dunriver Drive SW,,Lilburn,GA,30047,United States,FALSE,TRUE,,
1,597,,16936,,,,,,,,InCube Labs LLC,Matthew Kay,,(408) 457-3700,,,Mailing,,InCube Labs LLC,,2051 Ringwood Ave,,San Jose,CA,95131,United States,FALSE,FALSE,,TRUE
2,597,,16936,,,,,,,,,,,,,,Billing,,InCube Labs LLC,,2051 Ringwood Ave,,San Jose,CA,95131,United States,TRUE,FALSE,,
3,597,,16936,,,,,,,,,,,,,,Shipping,,InCube Labs LLC,,2051 Ringwood Ave,,San Jose,CA,95131,United States,FALSE,TRUE,,
1,598,,16939,,,,,,,,Vanmark LLC,Mark Mogar,,(757) 689-3850,,(757) 238-5568,Mailing,,Vanmark LLC,,3421 Chandler Creek Rd,SUITE 116 ,Virginia Beach,VA,23453,United States,FALSE,FALSE,,TRUE
2,598,,16939,,,,,,,,,,,,,,Billing,,Vanmark LLC,,3421 Chandler Creek Rd,SUITE 116 ,Virginia Beach,VA,23453,United States,TRUE,FALSE,,
3,598,,16939,,,,,,,,,,,,,,Shipping,,Vanmark LLC,,3421 Chandler Creek Rd,SUITE 116 ,Virginia Beach,VA,23453,United States,FALSE,TRUE,,
1,599,,16941,,,,,,,,My Enchanted Brush by KathyAnn,Matthew Kay,,(214) 802-3904,,,Mailing,,My Enchanted Brush by KathyAnn,,3101 Marilee Dr,,Garland,TX,75043,United States,FALSE,FALSE,,TRUE
2,599,,16941,,,,,,,,,,,,,,Billing,,My Enchanted Brush by KathyAnn,,3101 Marilee Dr,,Garland,TX,75043,United States,TRUE,FALSE,,
3,599,,16941,,,,,,,,,,,,,,Shipping,,My Enchanted Brush by KathyAnn,,3101 Marilee Dr,,Garland,TX,75043,United States,FALSE,TRUE,,
1,600,,16942,,,,,,,,Honeywell Corporate,Ed Rodriguez,,,,,Mailing,,Honeywell Corporate,,,,,,,,FALSE,FALSE,,TRUE
2,600,,16942,,,,,,,,,,,,,,Billing,,Honeywell Corporate,0052-44482625,Av. Salvador Nava Martinez No. 3125,Colinas Del Parque,,San Luis Potosi,78260.4,Mexico,TRUE,FALSE,,
3,600,,16942,,,,,,,,,,,,,,Shipping,,Honeywell Corporate,0052-44482625,Av. Salvador Nava Martinez No. 3125,Colinas Del Parque. ,,San Luis Potosi,78260.4,Mexico,FALSE,TRUE,,
1,601,,16943,,,,,,,,AAC Independent,Thomas Harbin,cindy@aacindependent.com,(410) 833-9191,,,Mailing,,AAC Independent,,,,,,,,FALSE,FALSE,Net 30,FALSE
2,601,,16943,,,,,,,,,,,,,,Billing,,AAC Independent,,P.O. Box 524,,Smithsburg,MD,21783,United States,TRUE,FALSE,,
3,601,,16943,,,,,,,,,,,,,,Shipping,,AAC Independent,,1300 Tech Ct,,Westminster,,21157,United States,FALSE,TRUE,,
1,602,,16956,,,,,,,,MDI,Matthew Kay,,(651) 999-8200,,,Mailing,,MDI,,,,,,,,FALSE,FALSE,,TRUE
2,602,,16956,,,,,,,,,,,,,,Billing,,MDI,,"3501 Broadway St., NE. Ste. 100",,Minneapolis,MN,55413,United States,TRUE,FALSE,,
3,602,,16956,,,,,,,,,,,,,,Shipping,,MDI,,,,,,,,FALSE,TRUE,,
1,603,,16958,,,,,,,,"NuProbe, Inc.",Thomas Harbin,,(857) 285-2127,,,Mailing,,"NuProbe, Inc.",,,,,,,,FALSE,FALSE,Credit Card,TRUE
2,603,,16958,,,,,,,,,,,,,,Billing,,"NuProbe, Inc.",,85 Bolton Street,,Cambridge,MA,02140,United States,TRUE,FALSE,,
3,603,,16958,,,,,,,,,,,,,,Shipping,,"NuProbe, Inc.",,85 Bolton Street,,Cambridge,MA,02140,United States,FALSE,TRUE,,
1,604,,16959,,,,,,,,Mission Biomedical Scientific Inc,Thomas Harbin,,,,,Mailing,,Mission Biomedical Scientific Inc,,,,,,,,FALSE,FALSE,,TRUE
2,604,,16959,,,,,,,,,,,,,,Billing,,Mission Biomedical Scientific Inc,,93 Shennecossett Rd,,Groton,CT,06340,United States,TRUE,FALSE,,
3,604,,16959,,,,,,,,,,,,,,Shipping,,Mission Biomedical Scientific Inc,,,,,,,,FALSE,TRUE,,
1,605,,16960,,,,,,,,Vectorsun,Jake Sowers,,(217) 209-4700,,,Mailing,,Vectorsun,,,,,,,,FALSE,FALSE,Credit Card,TRUE
2,605,,16960,,,,,,,,,,,,,,Billing,,Vectorsun,,2644 Hwy 104,,Libertyville,IL,62347,United States,TRUE,FALSE,,
3,605,,16960,,,,,,,,,,,,,,Shipping,,Vectorsun,,,,,,,,FALSE,TRUE,,
1,606,,16975,,,,,,,,Progenerative Medical,Ed Rodriguez,,(844) 977-6436,,,Mailing,,Progenerative Medical,,,,,,,,FALSE,FALSE,Credit Card,TRUE
2,606,,16975,,,,,,,,,,,,,,Billing,,Progenerative Medical,,P. O. Box 5366,201 Squires Row,Castle Hills ,TX,78213,United States,TRUE,FALSE,,
3,606,,16975,,,,,,,,,,,,,,Shipping,,Progenerative Medical,,,,,,,,FALSE,TRUE,,
1,607,,16977,,,,,,,,"Ashwin-Ushas Corp., Inc.",Thomas Harbin,zay.b.2@ashwin-ushas.com,(732) 294-8501,,,Mailing,,"Ashwin-Ushas Corp., Inc.",,2 Timber Ln,,Marlboro,NJ,07746,United States,FALSE,FALSE,Credit Card,TRUE
2,607,,16977,,,,,,,,,,,,,,Billing,,"Ashwin-Ushas Corp., Inc.",,2 Timber Ln,,Marlboro,NJ,07746,United States,TRUE,FALSE,,
3,607,,16977,,,,,,,,,,,,,,Shipping,,"Ashwin-Ushas Corp., Inc.",,2 Timber Ln,,Marlboro,NJ,07746,United States,FALSE,TRUE,,
1,608,,16978,,,,,,,Ellsworth,Ellsworth Adhesives - St. Petersburg (FL),Jake Sowers,payables@ellsworth.com,(321) 480-0702,,,Mailing,,Ellsworth Adhesives - St. Petersburg (FL),,7820 2nd Ave S,,St Petersburg,FL,33707,United States,FALSE,FALSE,net 50,TRUE
2,608,,16978,,,,,,,,,,,,,,Billing,,Ellsworth Adhesives - St. Petersburg (FL),,P. O. Box 1002,,Germantown,WI,53022,United States,TRUE,FALSE,,
3,608,,16978,,,,,,,,,,,,,,Shipping,,Ellsworth Adhesives - St. Petersburg (FL),,7820 2nd Ave S,,St Petersburg,FL,33707,United States,FALSE,TRUE,,
1,609,,16979,,,,,,,,Always Shady LLC,Mark Mogar,,(352) 489-4458,,,Mailing,,Always Shady LLC,,11450 East Blue Cove Drive,,Dunnellon ,FL,34432,United States,FALSE,FALSE,,TRUE
2,609,,16979,,,,,,,,,,,,,,Billing,,Always Shady LLC,,11450 East Blue Cove Drive,,Dunnellon ,FL,34432,United States,TRUE,FALSE,,
3,609,,16979,,,,,,,,,,,,,,Shipping,,Always Shady LLC,,11450 East Blue Cove Drive,,Dunnellon ,FL,34432,United States,FALSE,TRUE,,
1,610,,16982,,,,,,,,"Film Products, Inc.",Mark Mogar,,(704) 880-5154,(704) 873-6800,(704) 873-6888,Mailing,,"Film Products, Inc.",,PO Box 775,,Statesville ,NC,28687,United States,FALSE,FALSE,Net 30,TRUE
2,610,,16982,,,,,,,,,,,,,,Billing,,"Film Products, Inc.",,PO Box 775,,Statesville ,NC,28687,United States,TRUE,FALSE,,
3,610,,16982,,,,,,,,,,,,,,Shipping,,"Film Products, Inc.",,1620 Davie Ave,,Statesville,NC,28677,United States,FALSE,TRUE,,
1,611,,16984,,,,,,,,Austin Electrical Enclosures,Mark Mogar,,(336) 468-2851,,(336) 468-4128,Mailing,,,,PO Box 2320,,Yadkinville ,NC,27055,United States,FALSE,FALSE,Prepay,TRUE
2,611,,16984,,,,,,,,,,,,,,Billing,,,,PO Box 2320,,Yadkinville ,NC,27055,United States,TRUE,FALSE,,
3,611,,16984,,,,,,,,,,,,,,Shipping,,,,2100 Hoots Road,,Yadkinville,NC,27055,United States,FALSE,TRUE,,
1,612,,16986,,,,,,,,Jabil Chad Automation,Matthew Kay,jabil_anaheim_ap@jabil.com,(657) 221-2519,,,Mailing,,Jabil Chad Automation,,,,,,,,FALSE,FALSE,,TRUE
2,612,,16986,,,,,,,,,,,,,,Billing,,Jabil Chad Automation,,1565 S Sinclair St,,Anaheim,CA,92806,United States,TRUE,FALSE,,
3,612,,16986,,,,,,,,,,,,,,Shipping,,Jabil Chad Automation,,1565 S Sinclair St,,Anaheim,CA,92806,United States,FALSE,TRUE,,
1,613,,16995,,,,,,,,Guardian Glass,Thomas Harbin,invoice@guardian.com,(732) 389-9400,,,Mailing,,Guardian Glass,,,,,,,,FALSE,FALSE,Net 30,TRUE
2,613,,16995,,,,,,,,,,,,,,Billing,,Guardian Glass,,6 Industrial Way West Ste G,,Eatontown,NJ,07724,United States,TRUE,FALSE,,
3,613,,16995,,,,,,,,,,,,,,Shipping,,Guardian Glass,,,,,,,,FALSE,TRUE,,
1,614,,17004,,,,,,,,Stambaugh's Welding,Thomas Harbin,,(410) 775-0583,,,Mailing,,Stambaugh's Welding,,,,,,,,FALSE,FALSE,,FALSE
2,614,,17004,,,,,,,,,,,,,,Billing,,Stambaugh's Welding,,4445 Bark Hill Road,,Union Bridge,MD,21791,United States,TRUE,FALSE,,
3,614,,17004,,,,,,,,,,,,,,Shipping,,Stambaugh's Welding,,4445 Bark Hill Road,,Union Bridge,MD,21791,United States,FALSE,TRUE,,
1,615,,17009,,,,,,,,Nama Nidec Automotive Motors Americas Corporation,Matthew Kay,,19158586994,,,Mailing,,Nama Nidec Automotive Motors Americas Corporation,,,,,,,,FALSE,FALSE,,TRUE
2,615,,17009,,,,,,,,,,,,,,Billing,,Nama Nidec Automotive Motors Americas Corporation,,1325 Pendale Rd Ste F,,El Paso,TX,79936,United States,TRUE,FALSE,,
3,615,,17009,,,,,,,,,,,,,,Shipping,,Nama Nidec Automotive Motors Americas Corporation,,,,,,,,FALSE,TRUE,,
1,616,,17013,,,,,,,,"Northern Design Services, Inc.",Jake Sowers,,(231) 258-9900,,,Mailing,,"Northern Design Services, Inc.",,424 E. Dresden Street,,Kalkaska,MI,49646,United States,FALSE,FALSE,,TRUE
2,616,,17013,,,,,,,,,,,,,,Billing,,"Northern Design Services, Inc.",,424 E. Dresden Street,,Kalkaska,MI,49646,United States,TRUE,FALSE,,
3,616,,17013,,,,,,,,,,,,,,Shipping,,"Northern Design Services, Inc.",,424 E. Dresden Street,,Kalkaska,MI,49646,United States,FALSE,TRUE,,
1,617,,17014,,,,,,,General Motors Corp.,General Motors Corp - Bowling Green Assembly,Jake Sowers,,,,,Mailing,,General Motors Corp - Bowling Green Assembly,,,,,,,,FALSE,FALSE,,TRUE
2,617,,17014,,,,,,,,,,,,,,Billing,,General Motors Corp - Bowling Green Assembly,,600 Corvette Drive,,Bowling Green,KY,42101,United States,TRUE,FALSE,,
3,617,,17014,,,,,,,,,,,,,,Shipping,,General Motors Corp - Bowling Green Assembly,,,,,,,,FALSE,TRUE,,
1,618,,17016,,,,,,,Ellsworth,Ellsworth - Papillion (NE),Jake Sowers,,(800) 888-0698,,(262) 253-8619,Mailing,,Ellsworth - Papillion (NE),,,,,,,,FALSE,FALSE,,TRUE
2,618,,17016,,,,,,,,,,,,,,Billing,,Ellsworth - Papillion (NE),,6681 Giles Road,,Papillion,NE,68133,United States,TRUE,FALSE,,
3,618,,17016,,,,,,,,,,,,,,Shipping,,Ellsworth - Papillion (NE),,6681 Giles Road,,Papillion,NE,68133,United States,FALSE,TRUE,,
1,619,,17019,,,,,,,Fastenal,Fastenal - Huntsville,Jake Sowers,,256-852-7710,,,Mailing,,Fastenal - Huntsville,,,,,,,,FALSE,FALSE,,TRUE
2,619,,17019,,,,,,,,,,,,,,Billing,,Fastenal - Huntsville,,,,,,,,TRUE,FALSE,,
3,619,,17019,,,,,,,,,,,,,,Shipping,,Fastenal - Huntsville,,111 Spacegate Drive,,Huntsville,AL,35816,United States,FALSE,TRUE,,
1,620,,17021,,,,,,,,Rani Therapeutics IncubeLabs,Matthew Kay,billing@ranitherapeutics.com,,,,Mailing,,Rani Therapeutics IncubeLabs,,,,,,,,FALSE,FALSE,Net 30,TRUE
2,620,,17021,,,,,,,,,,,,,,Billing,,Rani Therapeutics IncubeLabs,,2051 Ringwood Ave,,San Jose,CA,95131,United States,TRUE,FALSE,,
3,620,,17021,,,,,,,,,,,,,,Shipping,,Rani Therapeutics IncubeLabs,,2051 Ringwood Ave,,San Jose,CA,95131,United States,FALSE,TRUE,,
1,621,,17023,,,,,,,,Harger Lightning & Grounding,Jake Sowers,vendorinvoices@harger.com,(847) 548-8700,,(847) 548-8755,Mailing,,Harger Lightning & Grounding,,,,,,,,FALSE,FALSE,Net 30,TRUE
2,621,,17023,,,,,,,,,,,,,,Billing,,Harger Lightning & Grounding,,301 Ziegler Drive,,Grayslake,IL,60030,United States,TRUE,FALSE,,
3,621,,17023,,,,,,,,,,,,,,Shipping,,Harger Lightning & Grounding,,,,,,,,FALSE,TRUE,,
1,622,,17026,,,,,,,,"Fishburne May, LLC",Mark Mogar,,(212) 501-7156,,,Mailing,,"Fishburne May, LLC",,102 Sycamore Drive,,Chapel Hill,NC,27514,United States,FALSE,FALSE,Net 30,TRUE
2,622,,17026,,,,,,,,,,,,,,Billing,,"Fishburne May, LLC",,102 Sycamore Drive,May Consulting - Rita May,Chapel Hill ,NC,27514,United States,TRUE,FALSE,,
3,622,,17026,,,,,,,,,,,,,,Shipping,,"Fishburne May, LLC",,102 Sycamore Drive,May Consulting - Rita May,Chapel Hill,NC,27514,United States,FALSE,TRUE,,
1,623,,17028,,,,,,,,Robison Precision Molding,Mark Mogar,,(931) 684-9433,,,Mailing,,Robison Precision Molding,,,,,,,,FALSE,FALSE,,TRUE
2,623,,17028,,,,,,,,,,,,,,Billing,,Robison Precision Molding,,121 Prince Street,,Shelbyville,TN,37160,United States,TRUE,FALSE,,
3,623,,17028,,,,,,,,,,,,,,Shipping,,Robison Precision Molding,,121 Prince Street,,Shelbyville,TN,37160,United States,FALSE,TRUE,,
1,624,,17029,,,,,,,,Truck Hero,Jake Sowers,,(734) 926-2306,,,Mailing,,Truck Hero,,,,,,,,FALSE,FALSE,,TRUE
2,624,,17029,,,,,,,,,,,,,,Billing,,Truck Hero,,5400 Data Court,,Ann Arbor,MI,48108,United States,TRUE,FALSE,,
3,624,,17029,,,,,,,,,,,,,,Shipping,,Truck Hero,,,,,,,,FALSE,TRUE,,
1,625,,17035,,,,,,,,Creative Foam Medical Systems,Jake Sowers,,(800) 446-4644,,(574) 546-5093,Mailing,,Creative Foam Medical Systems,,,,,,,,FALSE,FALSE,,TRUE
2,625,,17035,,,,,,,,,,,,,,Billing,,Creative Foam Medical Systems,,405 North Industrial Drive,,Bremen,IN,46506,United States,TRUE,FALSE,,
3,625,,17035,,,,,,,,,,,,,,Shipping,,Creative Foam Medical Systems,,,,,,,,FALSE,TRUE,,
1,626,,17037,,,,,,,,Mobile Outfitters,Thomas Harbin,,,,,Mailing,,Mobile Outfitters,,,,,,,,FALSE,FALSE,,TRUE
2,626,,17037,,,,,,,,,,,,,,Billing,,Mobile Outfitters,,"3901B Main St, Ste 106",,Philadelphia,PA,19127,United States,TRUE,FALSE,,
3,626,,17037,,,,,,,,,,,,,,Shipping,,Mobile Outfitters,,,,,,,,FALSE,TRUE,,
1,627,,17039,,,,,,,BAE Systems,BAE Systems - NH,Thomas Harbin,,(603) 885-1278,,,Mailing,,BAE Systems - NH,,,,,,,,FALSE,FALSE,,TRUE
2,627,,17039,,,,,,,,,,,,,,Billing,,BAE Systems - NH,,65 Spit Brook Road,,Nashua,NH,03060,United States,TRUE,FALSE,,
3,627,,17039,,,,,,,,,,,,,,Shipping,,BAE Systems - NH,,65 Spit Brook Road,,Nashua,NH,03060,United States,FALSE,TRUE,,
1,628,,17042,,,,,,,,Ford Site Management Operations,Victoria Sessa,,,,,Mailing,,Ford Site Management Operations,,,,,,,,FALSE,FALSE,60 Days  net,TRUE
2,628,,17042,,,,,,,,,,,,,,Billing,,Ford Site Management Operations,,R & E Maintenance & Ops Building,2450 Carroll Shelby Way West,Dearborn,MI,48124,United States,TRUE,FALSE,,
3,628,,17042,,,,,,,,,,,,,,Shipping,,Ford Site Management Operations,,R & E Maintenance & Ops Building,2450 Carroll Shelby Way West,Dearborn,MI,48124,United States,FALSE,TRUE,,
1,629,,17043,,,,,,,,Hayward Industries,Thomas Harbin,dlopes@hayward.com,,,,Mailing,,Hayward Industries,,,,,,,,FALSE,FALSE,Credit Card,TRUE
2,629,,17043,,,,,,,,,,,,,,Billing,,Hayward Industries,,61 Whitecap Drive,,North Kingston,RI,02852,United States,TRUE,FALSE,,
3,629,,17043,,,,,,,,,,,,,,Shipping,,Hayward Industries,,61 Whitecap Drive,,North Kingston,RI,02852,United States,FALSE,TRUE,,
1,630,,17047,,,,,,,,"Sarasota Medical Products, Inc.",Mark Mogar,,(941) 377-1451,,(941) 377-1450,Mailing,,"Sarasota Medical Products, Inc.",,1451 Sarasota Ctr. Blvd.,,Sarasota,FL,34240,United States,FALSE,FALSE,Credit Card,TRUE
2,630,,17047,,,,,,,,,,,,,,Billing,,"Sarasota Medical Products, Inc.",,1451 Sarasota Ctr. Blvd.,,Sarasota,FL,34240,United States,TRUE,FALSE,,
3,630,,17047,,,,,,,,,,,,,,Shipping,,"Sarasota Medical Products, Inc.",,1451 Sarasota Ctr. Blvd.,,Sarasota,FL,34240,United States,FALSE,TRUE,,
1,631,,17050,,,,,,,,BioFire Diagnostics LLC,Ed Rodriguez,accountspayable@biofiredx.com,(801) 736-6354,,,Mailing,,BioFire Diagnostics LLC,,,,,,,,FALSE,FALSE,Net 30,TRUE
2,631,,17050,,,,,,,,,,,,,,Billing,,BioFire Diagnostics LLC,,515 Colorow Drive,,Salt Lake City,UT,84108,United States,TRUE,FALSE,,
3,631,,17050,,,,,,,,,,,,,,Shipping,,BioFire Diagnostics LLC,,,,,,,,FALSE,TRUE,,
1,632,,17053,,,,,,,,Industrial Design,Thomas Harbin,,,,,Mailing,,Industrial Design,,,,,,,,FALSE,FALSE,Credit Card,TRUE
2,632,,17053,,,,,,,,,,,,,,Billing,,Industrial Design,,1800 Arch St,,Philadelphia,PA,19103,United States,TRUE,FALSE,,
3,632,,17053,,,,,,,,,,,,,,Shipping,,Industrial Design,,1305 Goshen Parkway,ATTN:Ryan Lincul - MachineQ/Comcast,West Chester,PA,19380,United States,FALSE,TRUE,,
1,633,,17057,,,,,,,MSC,MSC Industrial Supply - Cleveland Branch,Jake Sowers,,(330) 405-3200,(800) 357-6923,(330) 405-3263,Mailing,,MSC Industrial Supply - Cleveland Branch,,,,,,,,FALSE,FALSE,,TRUE
2,633,,17057,,,,,,,,,,,,,,Billing,,MSC Industrial Supply - Cleveland Branch,,9177 Dutton Drive,,Twinsburg,OH,44087,United States,TRUE,FALSE,,
3,633,,17057,,,,,,,,,,,,,,Shipping,,MSC Industrial Supply - Cleveland Branch,,9177 Dutton Drive,,Twinsburg,OH,44087,United States,FALSE,TRUE,,
1,634,,17061,,,,,,,,Moog Inc.,Thomas Harbin,,(801) 974-7200,,,Mailing,,Moog Inc.,,2268 3270 W,,Salt Lake City,UT,84119,United States,FALSE,FALSE,,TRUE
2,634,,17061,,,,,,,,,,,,,,Billing,,Moog Inc.,,2268 3270 W,,Salt Lake City,UT,84119,United States,TRUE,FALSE,,
3,634,,17061,,,,,,,,,,,,,,Shipping,,Moog Inc.,,2268 3270 W,,Salt Lake City,UT,84119,United States,FALSE,TRUE,,
1,635,,17071,,,,,,,,A. Y. McDonald Mfg. Co.,Jake Sowers,accountspayable@aymcdonald.com,(563) 583-7311,,(563) 588-0720,Mailing,,A. Y. McDonald Mfg. Co.,,4800 Cavenelle Road,,Dubuque,IA,52002,United States,FALSE,FALSE,,TRUE
2,635,,17071,,,,,,,,,,,,,,Billing,,A. Y. McDonald Mfg. Co.,,4800 Chavenelle Road,,Dubuque,IA,52002,United States,TRUE,FALSE,,
3,635,,17071,,,,,,,,,,,,,,Shipping,,A. Y. McDonald Mfg. Co.,,4800 Cavenelle Road,,Dubuque,IA,52002,United States,FALSE,TRUE,,
1,636,,17076,,,,,,,3M,3M- Scott Safety,Donald Pennington,scottinvoices@mmm.com,,,,Mailing,,3M- Scott Safety,,,,,,,,FALSE,FALSE,,TRUE
2,636,,17076,,,,,,,,,,,,,,Billing,,3M- Scott Safety,,,,,,,,TRUE,FALSE,,
3,636,,17076,,,,,,,,,,,,,,Shipping,,3M- Scott Safety,,,,,,,,FALSE,TRUE,,
1,637,,17077,,,,,,,,Annapolis Micro Systems Inc,Thomas Harbin,accountspayable@annapmicro.com,(410) 841-2514,,,Mailing,,Annapolis Micro Systems Inc,,,,,,,,FALSE,FALSE,,FALSE
2,637,,17077,,,,,,,,,,,,,,Billing,,Annapolis Micro Systems Inc,,190 Admiral Cochrane Drive,,Annapolis,MD,21401,United States,TRUE,FALSE,,
3,637,,17077,,,,,,,,,,,,,,Shipping,,Annapolis Micro Systems Inc,,,,,,,,FALSE,TRUE,,
1,638,,17084,,,,,,,,Spec Bond,Jake Sowers,,(773) 967-0138,,,Mailing,,Spec Bond,,,,,,,,FALSE,FALSE,,TRUE
2,638,,17084,,,,,,,,,,,,,,Billing,,Spec Bond,,1040 Industrial Dr,,Bensenville,IL,60106,United States,TRUE,FALSE,,
3,638,,17084,,,,,,,,,,,,,,Shipping,,Spec Bond,,,,,,,,FALSE,TRUE,,
1,639,,17086,,,,,,,,Truxedo,Matthew Kay,,(877) 878-9336,,(605) 664-9304,Mailing,,Truxedo,,,,,,,,FALSE,FALSE,,TRUE
2,639,,17086,,,,,,,,,,,,,,Billing,,Truxedo,,2209 Kellen Gross Dr,,Yankton,SD,57078,United States,TRUE,FALSE,,
3,639,,17086,,,,,,,,,,,,,,Shipping,,Truxedo,,,,,,,,FALSE,TRUE,,
1,640,,17087,,,,,,,,Davis Publications (Tape Art),Thomas Harbin,,(401) 225-8552,,,Mailing,,Davis Publications (Tape Art),,,,,,,,FALSE,FALSE,Net 30,TRUE
2,640,,17087,,,,,,,,,,,,,,Billing,,Davis Publications (Tape Art),,50 Portland Street,,Worcester,MA,01608,United States,TRUE,FALSE,,
3,640,,17087,,,,,,,,,,,,,,Shipping,,Davis Publications (Tape Art),,,,,,,,FALSE,TRUE,,
1,641,,17088,,,,,,,,Bruker Daltonics SPR,Diane Edwards,procurement.spr@bruker.com,+494046069654,,+494046069746,Mailing,,Bruker Daltonics SPR,,,,,,,,FALSE,FALSE,Check or Credit Card,TRUE
2,641,,17088,,,,,,,,,,,,,,Billing,,Bruker Daltonics SPR,,Falkenried 88,,Hamburg,,20251,Germany,TRUE,FALSE,,
3,641,,17088,,,,,,,,,,,,,,Shipping,,Bruker Daltonics SPR,,,,,,,,FALSE,TRUE,,
1,642,,17090,,,,,,,,SouthernCarlson,Mark Mogar,,(302) 436-6297,,(402) 537-5177,Mailing,,SouthernCarlson,,,,,,,,FALSE,FALSE,Net 30,TRUE
2,642,,17090,,,,,,,,,,,,,,Billing,,SouthernCarlson,,PO Box 3036,,Omaha,NE,68103,United States,TRUE,FALSE,,
3,642,,17090,,,,,,,,,,,,,,Shipping,,SouthernCarlson,,222 Admiral Byrd Dr Unit G,,Winchester,VA,22602,United States,FALSE,TRUE,,
1,643,,17094,,,,,,,,"Cue Health, Inc.",Ed Rodriguez,cuehealth@bill.com,(858) 433-6090,,,Mailing,,"Cue Health, Inc.",,,,,,,,FALSE,FALSE,Net 30,TRUE
2,643,,17094,,,,,,,,,,,,,,Billing,,"Cue Health, Inc.",,11100 Roselle St Ste A,,San Diego,CA,92121,United States,TRUE,FALSE,,
3,643,,17094,,,,,,,,,,,,,,Shipping,,"Cue Health, Inc.",,,,,,,,FALSE,TRUE,,
1,644,,17098,,,,,,,,"Synrad, Inc.",Matthew Kay,jana.harper@synrad.com,(425) 349-3500,,(425) 349-3667,Mailing,,"Synrad, Inc.",,,,,,,,FALSE,FALSE,,TRUE
2,644,,17098,,,,,,,,,,,,,,Billing,,"Synrad, Inc.",,4600 Campus Place,,Mukilteo,WA,98275,United States,TRUE,FALSE,,
3,644,,17098,,,,,,,,,,,,,,Shipping,,"Synrad, Inc.",,4600 Campus Place,,Mukilteo,WA,98275,United States,FALSE,TRUE,,
1,645,,17107,,,,,,,,"Merlin Technologies, Inc. (Leading Edge Innovations)",Matthew Kay,,(805) 388-7669,,(805) 389-8142,Mailing,,"Merlin Technologies, Inc. (Leading Edge Innovations)",,,,,,,,FALSE,FALSE,Prepaid 50%,TRUE
2,645,,17107,,,,,,,,,,,,,,Billing,,"Merlin Technologies, Inc. (Leading Edge Innovations)",,699 Mobil Avenue,,Camarillo,CA,93010,United States,TRUE,FALSE,,
3,645,,17107,,,,,,,,,,,,,,Shipping,,"Merlin Technologies, Inc. (Leading Edge Innovations)",,,,,,,,FALSE,TRUE,,
1,646,,17108,,,,,,,,ACCO Brands,Jake Sowers,,(800) 222-6462,,,Mailing,,ACCO Brands,,,,,,,,FALSE,FALSE,,TRUE
2,646,,17108,,,,,,,,,,,,,,Billing,,ACCO Brands,,Four Corporate Drive,,Lake Zurich,IL,60047,United States,TRUE,FALSE,,
3,646,,17108,,,,,,,,,,,,,,Shipping,,ACCO Brands,,,,,,,,FALSE,TRUE,,
1,647,,17110,,,,,,,,Magna Lighting,Jake Sowers,,(734) 582-2300,,,Mailing,,Magna Lighting,,,,,,,,FALSE,FALSE,,TRUE
2,647,,17110,,,,,,,,,,,,,,Billing,,Magna Lighting,,46600 Port St.,,Plymouth,MI,48170,United States,TRUE,FALSE,,
3,647,,17110,,,,,,,,,,,,,,Shipping,,Magna Lighting,,,,,,,,FALSE,TRUE,,
1,648,,17113,,,,,,,,A & K Robotics,Matthew Kay,,(778) 995-1901,,,Mailing,,A & K Robotics,,,,,,,,FALSE,FALSE,,TRUE
2,648,,17113,,,,,,,,,,,,,,Billing,,A & K Robotics,,1200 - 555 West Hastings Street,,Vancouver,BC,V6B 4N6,Canada,TRUE,FALSE,,
3,648,,17113,,,,,,,,,,,,,,Shipping,,A & K Robotics,,,,,,,,FALSE,TRUE,,
1,649,,17114,,,,,,,,TMF Plastics,Jake Sowers,ap@tmfplastics.com,(630) 552-7575,,,Mailing,,TMF Plastics,,,,,,,,FALSE,FALSE,Net 30,TRUE
2,649,,17114,,,,,,,,,,,,,,Billing,,TMF Plastics,,12127B Galena Rd,,Plano,IL,60545,United States,TRUE,FALSE,,
3,649,,17114,,,,,,,,,,,,,,Shipping,,TMF Plastics,,12127B Galena Rd,,Plano,IL,60545,United States,FALSE,TRUE,,
1,650,,17115,,,,,,,,Minifab,Diane Edwards,,61397642241,,,Mailing,,Minifab,,,,,,,,FALSE,FALSE,,TRUE
2,650,,17115,,,,,,,,,,,,,,Billing,,Minifab,,"1 Dalmore Drive, Scoresby",,Melbourne,Victoria,3179,Australia,TRUE,FALSE,,
3,650,,17115,,,,,,,,,,,,,,Shipping,,Minifab,,,,,,,,FALSE,TRUE,,
1,651,,17116,,,,,,,,Acton Technologies,Thomas Harbin,Accounting@actontech.com,(570) 654-0612,(800) 654-0612,(570) 354-2810,Mailing,,Acton Technologies,,,,,,,,FALSE,FALSE,Net 30,TRUE
2,651,,17116,,,,,,,,,,,,,,Billing,,Acton Technologies,,100 Thompson Street,,Pittston,PA,18640,United States,TRUE,FALSE,,
3,651,,17116,,,,,,,,,,,,,,Shipping,,Acton Technologies,,,,,,,,FALSE,TRUE,,
1,652,,17118,,,,,,,L3 Harris,L3 Harris Corporation - MD,Thomas Harbin,,(443) 542-2832,,,Mailing,,L3 Harris Corporation - MD,,,,,,,,FALSE,FALSE,,TRUE
2,652,,17118,,,,,,,,,,,,,,Billing,,L3 Harris Corporation - MD,,7130 Columbia Gateway Dr,,Columbia,MD,21046,United States,TRUE,FALSE,,
3,652,,17118,,,,,,,,,,,,,,Shipping,,L3 Harris Corporation - MD,,,,,,,,FALSE,TRUE,,
1,653,,17120,,,,,,,,Lord Corporation - MI,Jake Sowers,,,,,Mailing,,Lord Corporation - MI,,,,,,,,FALSE,FALSE,,TRUE
2,653,,17120,,,,,,,,,,,,,,Billing,,Lord Corporation - MI,,28655 Automation,,Wixom,MI,49393,United States,TRUE,FALSE,,
3,653,,17120,,,,,,,,,,,,,,Shipping,,Lord Corporation - MI,,,,,,,,FALSE,TRUE,,
1,654,,17129,,,,,,,,JumpLights LLC,Thomas Harbin,,(703) 618-2083,,,Mailing,,JumpLights LLC,,,,,,,,FALSE,FALSE,Credit Card,FALSE
2,654,,17129,,,,,,,,,,,,,,Billing,,JumpLights LLC,,7620P Rickenbacker Drive,,Gaithersburg,MD,20876,United States,TRUE,FALSE,,
3,654,,17129,,,,,,,,,,,,,,Shipping,,JumpLights LLC,,,,,,,,FALSE,TRUE,,
1,655,,17134,,,,,,,,Ray Engel Packaging,Jake Sowers,,(314) 275-9200,,(314) 275-9912,Mailing,,Ray Engel Packaging,,,,,,,,FALSE,FALSE,Credit Card,TRUE
2,655,,17134,,,,,,,,,,,,,,Billing,,Ray Engel Packaging,,12060 Lackland Road,,St. Louis,MO,63146,United States,TRUE,FALSE,,
3,655,,17134,,,,,,,,,,,,,,Shipping,,Ray Engel Packaging,,12060 Lackland Road,,St. Louis,MO,63146,United States,FALSE,TRUE,,
1,656,,17138,,,,,,,,Sabrina Hornsby,Mark Mogar,,(770) 294-6046,,,Mailing,,Sabrina Hornsby,,,,,,,,FALSE,FALSE,Prepay,TRUE
2,656,,17138,,,,,,,,,,,,,,Billing,,Sabrina Hornsby,,3197 N. Hembree Road,,Marietta,GA,30062,United States,TRUE,FALSE,,
3,656,,17138,,,,,,,,,,,,,,Shipping,,Sabrina Hornsby,,,,,,,,FALSE,TRUE,,
1,657,,17142,,,,,,,,"TransLogic, Inc.",Ed Rodriguez,,(714) 890-0058,,(714) 890-0788,Mailing,,"TransLogic, Inc.",,5641 Engineer Drive,,Huntington Beach,CA,92649,United States,FALSE,FALSE,Net 30,TRUE
2,657,,17142,,,,,,,,,,,,,,Billing,,"TransLogic, Inc.",,5641 Engineer Drive,,Huntington Beach,CA,92649,United States,TRUE,FALSE,,
3,657,,17142,,,,,,,,,,,,,,Shipping,,"TransLogic, Inc.",,5641 Engineer Drive,,Huntington Beach,CA,92649,United States,FALSE,TRUE,,
1,658,,17144,,,,,,,,"Xergy, Inc.",Thomas Harbin,,(302) 629-5768,,(302) 629-6038,Mailing,,"Xergy, Inc.",,,,,,,,FALSE,FALSE,,TRUE
2,658,,17144,,,,,,,,,,,,,,Billing,,"Xergy, Inc.",,299A Cluckey Drive,,Harrington,DE,19952,United States,TRUE,FALSE,,
3,658,,17144,,,,,,,,,,,,,,Shipping,,"Xergy, Inc.",,,,,,,,FALSE,TRUE,,
1,659,,17145,,,,,,,USCG,USCG-ALC,Mark Mogar,,252-335-6433,,,Mailing,,USCG-ALC,,,,,,,,FALSE,FALSE,,TRUE
2,659,,17145,,,,,,,,,,,,,,Billing,,USCG-ALC,,,,,,,,TRUE,FALSE,,
3,659,,17145,,,,,,,,,,,,,,Shipping,,USCG-ALC,,USCG ALC ,1060 Consolidated Road,Elizabeth City,NC,27909,United States,FALSE,TRUE,,
1,660,,17146,,,,,,,Fastenal,Fastenal - Delaware,Jake Sowers,apinvoicedisc@fastenal.com,(302) 678-2600,,,Mailing,,Fastenal - Delaware,,1170A S. Little Creek Road,,Dover,DE,19904,United States,FALSE,FALSE,Net 30,TRUE
2,660,,17146,,,,,,,,,,,,,,Billing,,Fastenal - Delaware,,1170A S Little Creed Road,,Dover,DE,19904,United States,TRUE,FALSE,,
3,660,,17146,,,,,,,,,,,,,,Shipping,,Fastenal - Delaware,,1340 West North Street,Attn: Fastenal,Dover,DE,19904,United States,FALSE,TRUE,,
1,661,,17151,,,,,,,,Equipment Share,Jake Sowers,billing@equipmentshare.com,(913) 901-6430,,,Mailing,,Equipment Share,,,,,,,,FALSE,FALSE,,TRUE
2,661,,17151,,,,,,,,,,,,,,Billing,,Equipment Share,,118 Abbie Avenue,,Kansas City,KS,66103,United States,TRUE,FALSE,,
3,661,,17151,,,,,,,,,,,,,,Shipping,,Equipment Share,,,,,,,,FALSE,TRUE,,
1,662,,17152,,,,,,,,Thunder Heart Performance Corp.,Mark Mogar,,(615) 672-5117,,,Mailing,,Thunder Heart Performance Corp.,,,,,,,,FALSE,FALSE,Net 30,TRUE
2,662,,17152,,,,,,,,,,,,,,Billing,,Thunder Heart Performance Corp.,,120 Industrial Drive,,White House,TN,37188,United States,TRUE,FALSE,,
3,662,,17152,,,,,,,,,,,,,,Shipping,,Thunder Heart Performance Corp.,,120 Industrial Drive,,White House,TN,37188,United States,FALSE,TRUE,,
1,663,,17154,,,,,,,,CE Thurston & Sons,Mark Mogar,ap@cethurston.com,(757) 855-7700,,(757) 855-4496,Mailing,,CE Thurston & Sons,,,,,,,,FALSE,FALSE,,TRUE
2,663,,17154,,,,,,,,,,,,,,Billing,,CE Thurston & Sons,,PO Box 10286,,Norfolk,VA,23513,United States,TRUE,FALSE,,
3,663,,17154,,,,,,,,,,,,,,Shipping,,CE Thurston & Sons,,3550 E. Virginia Beach Blvd.,,Norfolk,VA,23503,United States,FALSE,TRUE,,
1,664,,17160,,,,,,,,Tree Hugger,Mark Mogar,farrell@treehuggerusa.com,(954) 719-8733,,,Mailing,,Tree Hugger,,,,,,,,FALSE,FALSE,Net 30,TRUE
2,664,,17160,,,,,,,,,,,,,,Billing,,Tree Hugger,,2900 Glades Circle,,Weston,FL,33327,United States,TRUE,FALSE,,
3,664,,17160,,,,,,,,,,,,,,Shipping,,Tree Hugger,,,,,,,,FALSE,TRUE,,
1,665,,17161,,,,,,,,"Rx 1186, LLC",Matthew Kay,,(707) 372-0560,,,Mailing,,"Rx 1186, LLC",,,,,,,,FALSE,FALSE,,TRUE
2,665,,17161,,,,,,,,,,,,,,Billing,,"Rx 1186, LLC",,2743 Mankas Corner Road,,Fairfield,CA,94534,United States,TRUE,FALSE,,
3,665,,17161,,,,,,,,,,,,,,Shipping,,"Rx 1186, LLC",,,,,,,,FALSE,TRUE,,
1,666,,17162,,,,,,,,Conduent,Thomas Harbin,,(844) 663-2638,,,Mailing,,Conduent,,,,,,,,FALSE,FALSE,Prepay,FALSE
2,666,,17162,,,,,,,,,,,,,,Billing,,Conduent,,12410 Milestone Center Dr,,Germantown,MD,20876,United States,TRUE,FALSE,,
3,666,,17162,,,,,,,,,,,,,,Shipping,,Conduent,,,,,,,,FALSE,TRUE,,
1,667,,17163,,,,,,,MSC,MSC - Industrial Supply Ivyland PA,Thomas Harbin,,(215) 956-9650,,,Mailing,,MSC - Industrial Supply Ivyland PA,,,,,,,,FALSE,FALSE,Net 30,TRUE
2,667,,17163,,,,,,,,,,,,,,Billing,,MSC - Industrial Supply Ivyland PA,,PO Box 9073,,Melville,NY,11747,United States,TRUE,FALSE,,
3,667,,17163,,,,,,,,,,,,,,Shipping,,MSC - Industrial Supply Ivyland PA,,,,,,,,FALSE,TRUE,,
1,668,,17170,,,,,,,,CrossFit Euafala,Mark Mogar,,(334) 695-5671,,,Mailing,,CrossFit Euafala,,,,,,,,FALSE,FALSE,,TRUE
2,668,,17170,,,,,,,,,,,,,,Billing,,CrossFit Euafala,,326 East Barbour Street,,Eufaula,AL,36027,United States,TRUE,FALSE,,
3,668,,17170,,,,,,,,,,,,,,Shipping,,CrossFit Euafala,,326 East Barbour Street,,Eufaula,AL,36027,United States,FALSE,TRUE,,
1,669,,17171,,,,,,,,LMG Holdings/PAS International,Jake Sowers,invoices.ap@pasintl.com,(919) 659-1957,,,Mailing,,LMG Holdings/PAS International,,,,,,,,FALSE,FALSE,Net 30,TRUE
2,669,,17171,,,,,,,,,,,,,,Billing,,LMG Holdings/PAS International,,"3630 Park 42 Drive, Suite 140-C",,Cincinnati,OH,45241,United States,TRUE,FALSE,,
3,669,,17171,,,,,,,,,,,,,,Shipping,,LMG Holdings/PAS International,,"215 Southport Drive, Suite 400",,Morrisville,NC,27560,United States,FALSE,TRUE,,
1,670,,17172,,,,,,,,Qfix,Thomas Harbin,,(610) 268-0585,,(610) 268-0588,Mailing,,Qfix,,,,,,,,FALSE,FALSE,,TRUE
2,670,,17172,,,,,,,,,,,,,,Billing,,Qfix,,440 Church Road,,Avondale,PA,19311,United States,TRUE,FALSE,,
3,670,,17172,,,,,,,,,,,,,,Shipping,,Qfix,,,,,,,,FALSE,TRUE,,
1,671,,17173,,,,,,,,Solchroma Technologies Inc,Thomas Harbin,,(401) 829-0024,,,Mailing,,Solchroma Technologies Inc,,,,,,,,FALSE,FALSE,Credit Card,TRUE
2,671,,17173,,,,,,,,,,,,,,Billing,,Solchroma Technologies Inc,,444 Somerville Ave,,Somerville,MA,02143,United States,TRUE,FALSE,,
3,671,,17173,,,,,,,,,,,,,,Shipping,,Solchroma Technologies Inc,,,,,,,,FALSE,TRUE,,
1,672,,17174,,,,,,,,Reliabra,Thomas Harbin,,,,,Mailing,,Reliabra,,,,,,,,FALSE,FALSE,,TRUE
2,672,,17174,,,,,,,,,,,,,,Billing,,Reliabra,,3 Frost Creek Dr,,Locust Valley,NY,11560,United States,TRUE,FALSE,,
3,672,,17174,,,,,,,,,,,,,,Shipping,,Reliabra,,,,,,,,FALSE,TRUE,,
1,673,,17175,,,,,,,,Thermal System Technologies dba CleanTek Thermal,Jake Sowers,,(231) 206-2222,,,Mailing,,Thermal System Technologies dba CleanTek Thermal,,,,,,,,FALSE,FALSE,Prepay,TRUE
2,673,,17175,,,,,,,,,,,,,,Billing,,Thermal System Technologies dba CleanTek Thermal,,526 W. 14th Street #132,ATTN: Dr. Bruce Ofutt,Traverse City,MI,49684,United States,TRUE,FALSE,,
3,673,,17175,,,,,,,,,,,,,,Shipping,,Thermal System Technologies dba CleanTek Thermal,,,,,,,,FALSE,TRUE,,
1,674,,17176,,,,,,,,KeyW Corp.,Thomas Harbin,,(443) 274-1826,,,Mailing,,KeyW Corp.,,,,,,,,FALSE,FALSE,Credit Card,TRUE
2,674,,17176,,,,,,,,,,,,,,Billing,,KeyW Corp.,, 7880 Milestone Pkwy,,Hanover,MD,21076,United States,TRUE,FALSE,,
3,674,,17176,,,,,,,,,,,,,,Shipping,,KeyW Corp.,,,,,,,,FALSE,TRUE,,
1,675,,17179,,,,,,,,Gelardi Design,Thomas Harbin,,,,,Mailing,,Gelardi Design,,,,,,,,FALSE,FALSE,,TRUE
2,675,,17179,,,,,,,,,,,,,,Billing,,Gelardi Design,,1 Dean Way,,Cape Elizabeth,ME,04107,United States,TRUE,FALSE,,
3,675,,17179,,,,,,,,,,,,,,Shipping,,Gelardi Design,,,,,,,,FALSE,TRUE,,
1,676,,17180,,,,,,,,Amcor Flexibles North America - MD,,AmcorFlex.AP@amcor.com,(301) 745-5000,,,Mailing,,Amcor Flexibles North America - MD,,,,,,,,FALSE,FALSE,Net 30,FALSE
2,676,,17180,,,,,,,,,,,,,,Billing,,Amcor Flexibles North America - MD,,2150 E Lake Cook Road,Suite 1200,Buffalo Grove,IL,60089,United States,TRUE,FALSE,,
3,676,,17180,,,,,,,,,,,,,,Shipping,,Amcor Flexibles North America - MD,,747 Bowman Ave,,Hagerstown,MD,21740,United States,FALSE,TRUE,,
1,677,,17181,,,,,,,,Evergreen Slate Co. Inc.,Thomas Harbin,,(518) 642-2530,,,Mailing,,Evergreen Slate Co. Inc.,,,,,,,,FALSE,FALSE,,TRUE
2,677,,17181,,,,,,,,,,,,,,Billing,,Evergreen Slate Co. Inc.,,2027 County Rd. 23,,Granville,NY,12832,United States,TRUE,FALSE,,
3,677,,17181,,,,,,,,,,,,,,Shipping,,Evergreen Slate Co. Inc.,,,,,,,,FALSE,TRUE,,
1,678,,17184,,,,,,,,Liberating Technologies ,Thomas Harbin,,(508) 893-6363,,(508) 893-9966,Mailing,,Liberating Technologies ,,,,,,,,FALSE,FALSE,Credit Card,TRUE
2,678,,17184,,,,,,,,,,,,,,Billing,,Liberating Technologies ,,"325 Hopping Brook Road, Suite A",,Holliston,MA,01746,United States,TRUE,FALSE,,
3,678,,17184,,,,,,,,,,,,,,Shipping,,Liberating Technologies ,,,,,,,,FALSE,TRUE,,
1,679,,17185,,,,,,,,Balmhouse,Mark Mogar,,(615) 994-1166,,,Mailing,,Balmhouse,,,,,,,,FALSE,FALSE,,TRUE
2,679,,17185,,,,,,,,,,,,,,Billing,,Balmhouse,,"104 Carr Avenue, Suite #2",,Franklin ,TN,37064,United States,TRUE,FALSE,,
3,679,,17185,,,,,,,,,,,,,,Shipping,,Balmhouse,,"104 Carr Avenue, Suite #2",,Franklin ,TN,37064,United States,FALSE,TRUE,,
1,680,,17188,,,,,,,,Cercacor Labs,Matthew Kay,,(800) 610-8522,(949) 600-8115,(949) 679-0949,Mailing,,Cercacor Labs,,,,,,,,FALSE,FALSE,Credit Card,TRUE
2,680,,17188,,,,,,,,,,,,,,Billing,,Cercacor Labs,,15750 Alton Parkway,,Irvine,CA,92618,United States,TRUE,FALSE,,
3,680,,17188,,,,,,,,,,,,,,Shipping,,Cercacor Labs,,,,,,,,FALSE,TRUE,,
1,681,,17192,,,,,,,,Hanna Rubber Company,Jake Sowers,,(816) 221-9600,(800) 591-3035,,Mailing,,Hanna Rubber Company,,,,,,,,FALSE,FALSE,,TRUE
2,681,,17192,,,,,,,,,,,,,,Billing,,Hanna Rubber Company,,908 W 25th Street,,Kansas City,KS,64108,United States,TRUE,FALSE,,
3,681,,17192,,,,,,,,,,,,,,Shipping,,Hanna Rubber Company,,,,,,,,FALSE,TRUE,,
1,682,,17199,,,,,,,,Omni Medical Systems,Thomas Harbin,,(802) 497-2253,,(802) 497-3601,Mailing,,Omni Medical Systems,,,,,,,,FALSE,FALSE,,TRUE
2,682,,17199,,,,,,,,,,,,,,Billing,,Omni Medical Systems,,808 Hercules Drive,,Colchester,VT,05446,United States,TRUE,FALSE,,
3,682,,17199,,,,,,,,,,,,,,Shipping,,Omni Medical Systems,,,,,,,,FALSE,TRUE,,
1,683,,17201,,,,,,,,Clozex Medical,Thomas Harbin,,(781) 235-1000,,,Mailing,,Clozex Medical,,,,,,,,FALSE,FALSE,,TRUE
2,683,,17201,,,,,,,,,,,,,,Billing,,Clozex Medical,,16 Laurel Avenue,Suite 200,Wellesley,MA,02481,United States,TRUE,FALSE,,
3,683,,17201,,,,,,,,,,,,,,Shipping,,Clozex Medical,,,,,,,,FALSE,TRUE,,
1,684,,17206,,,,,,,,Columbia Tech,Thomas Harbin,apmail@columbiatech.com,(800) 909-1505,,,Mailing,,Columbia Tech,,27 Otis St,,Westborough,MA,01581,United States,FALSE,FALSE,Net 30,TRUE
2,684,,17206,,,,,,,,,,,,,,Billing,,Columbia Tech,,27 Otis St,Suite 300,Westborough,MA,01581,United States,TRUE,FALSE,,
3,684,,17206,,,,,,,,,,,,,,Shipping,,Columbia Tech,,27 Otis St,,Westborough,MA,01581,United States,FALSE,TRUE,,
1,685,,17208,,,,,,,,Daher - Mexico,Ed Rodriguez,,+52 (631) 311-4850,,"
",Mailing,,Daher - Mexico,,,,,,,,FALSE,FALSE,,TRUE
2,685,,17208,,,,,,,,,,,,,,Billing,,Daher - Mexico,,Calz. Industrial Nuevo Nogales ,,Nogales,Sonora,84094,Mexico,TRUE,FALSE,,
3,685,,17208,,,,,,,,,,,,,,Shipping,,Daher - Mexico,,,,,,,,FALSE,TRUE,,
1,686,,17211,,,,,,,,Atrium Medical Corporation,Thomas Harbin,apmail.atrium@getinge.com,(603) 880-1433,,,Mailing,,Atrium Medical Corporation,,,,,,,,FALSE,FALSE,Net 30,TRUE
2,686,,17211,,,,,,,,,,,,,,Billing,,Atrium Medical Corporation,,40 Contintal Boulevard ,,Merrimack,NH,03054,United States,TRUE,FALSE,,
3,686,,17211,,,,,,,,,,,,,,Shipping,,Atrium Medical Corporation,,,,,,,,FALSE,TRUE,,
1,687,,17228,,,,,,,,South Dakota Partners,Ed Rodriguez,accountspayable@sdpartnersinc.com,(800) 626-3098,,(605) 874-6963,Mailing,,South Dakota Partners,,,,,,,,FALSE,FALSE,Prepaid 50%,TRUE
2,687,,17228,,,,,,,,,,,,,,Billing,,South Dakota Partners,,205 Hwy 22 E,P. O. Box 709,Clear Lake,SD,57226,United States,TRUE,FALSE,,
3,687,,17228,,,,,,,,,,,,,,Shipping,,South Dakota Partners,,,,,,,,FALSE,TRUE,,
1,688,,17236,,,,,,,3M,3M Electronics Materials Solutions Division,Susan Chambers,,,,,Mailing,,3M Electronics Materials Solutions Division,,,,,,,,FALSE,FALSE,,TRUE
2,688,,17236,,,,,,,,,,,,,,Billing,,3M Electronics Materials Solutions Division,,,,,,,,TRUE,FALSE,,
3,688,,17236,,,,,,,,,,,,,,Shipping,,3M Electronics Materials Solutions Division,,,,,,,,FALSE,TRUE,,
1,689,,17237,,,,,,,,Intellifarms LLC Engineering & Production,Jake Sowers,,(855) 293-5607,,,Mailing,,Intellifarms LLC Engineering & Production,,,,,,,,FALSE,FALSE,,TRUE
2,689,,17237,,,,,,,,,,,,,,Billing,,Intellifarms LLC Engineering & Production,,207 South Main Street,,Archie,MO,64730,United States,TRUE,FALSE,,
3,689,,17237,,,,,,,,,,,,,,Shipping,,Intellifarms LLC Engineering & Production,,,,,,,,FALSE,TRUE,,
1,690,,17241,,,,,,,,Adhezion BioMedical,Mark Mogar,,(828) 728-6116,,,Mailing,,Adhezion BioMedical,,,,,,,,FALSE,FALSE,,TRUE
2,690,,17241,,,,,,,,,,,,,,Billing,,Adhezion BioMedical,,506 Pine Mountain Rd,,Hudson,NC,28638,United States,TRUE,FALSE,,
3,690,,17241,,,,,,,,,,,,,,Shipping,,Adhezion BioMedical,,,,,,,,FALSE,TRUE,,
1,691,,17242,,,,,,,,Hoowaki,Mark Mogar,,,,,Mailing,,Hoowaki,,,,,,,,FALSE,FALSE,,TRUE
2,691,,17242,,,,,,,,,,,,,,Billing,,Hoowaki,,400 Birnie Street,Suite C,Greenville,SC,29611,United States,TRUE,FALSE,,
3,691,,17242,,,,,,,,,,,,,,Shipping,,Hoowaki,,,,,,,,FALSE,TRUE,,
1,692,,17243,,,,,,,,MountainView Brand Services,Jake Sowers,,,,,Mailing,,MountainView Brand Services,,,,,,,,FALSE,FALSE,,TRUE
2,692,,17243,,,,,,,,,,,,,,Billing,,MountainView Brand Services,,,,,,,,TRUE,FALSE,,
3,692,,17243,,,,,,,,,,,,,,Shipping,,MountainView Brand Services,,,,,,,,FALSE,TRUE,,
1,693,,17244,,,,,,,,Jacob Holm Industries,Mark Mogar,,,,,Mailing,,Jacob Holm Industries,,,,,,,,FALSE,FALSE,Net 30,TRUE
2,693,,17244,,,,,,,,,,,,,,Billing,,Jacob Holm Industries,,1265 Sand Hill Road,,Candler,NC,28715,United States,TRUE,FALSE,,
3,693,,17244,,,,,,,,,,,,,,Shipping,,Jacob Holm Industries,,,,,,,,FALSE,TRUE,,
1,694,,17245,,,,,,,,Cormatech,Mark Mogar,,(919) 620-3000,,,Mailing,,Cormatech,,,,,,,,FALSE,FALSE,Credit Card,TRUE
2,694,,17245,,,,,,,,,,,,,,Billing,,Cormatech,,5000 International Drive,,Durham ,NC,27712,United States,TRUE,FALSE,,
3,694,,17245,,,,,,,,,,,,,,Shipping,,Cormatech,,5000 International Drive,,Durham ,NC,27712,United States,FALSE,TRUE,,
1,695,,17250,,,,,,,,Astronics,Jake Sowers,,,,,Mailing,,Astronics,,,,,,,,FALSE,FALSE,,TRUE
2,695,,17250,,,,,,,,,,,,,,Billing,,Astronics,,One Corporate Drive,Suite 110,Lake Zurich,IL,60047,United States,TRUE,FALSE,,
3,695,,17250,,,,,,,,,,,,,,Shipping,,Astronics,,,,,,,,FALSE,TRUE,,
1,696,,17254,,,,,,,,S & S Urethane and Ceramics,Jake Sowers,,(618) 245-6476,,,Mailing,,S & S Urethane and Ceramics,,,,,,,,FALSE,FALSE,,TRUE
2,696,,17254,,,,,,,,,,,,,,Billing,,S & S Urethane and Ceramics,,1100 W Washington Street,,Farina,IL,62838,United States,TRUE,FALSE,,
3,696,,17254,,,,,,,,,,,,,,Shipping,,S & S Urethane and Ceramics,,,,,,,,FALSE,TRUE,,
1,697,,17258,,,,,,,Stephen Gould Corporation,Stephen Gould Corp - NY,Thomas Harbin,,(212) 497-8180,,,Mailing,,Stephen Gould Corp - NY,,,,,,,,FALSE,FALSE,,TRUE
2,697,,17258,,,,,,,,,,,,,,Billing,,Stephen Gould Corp - NY,,360 West 31st St,Suite 1010,New York,NY,10001,United States,TRUE,FALSE,,
3,697,,17258,,,,,,,,,,,,,,Shipping,,Stephen Gould Corp - NY,,,,,,,,FALSE,TRUE,,
1,698,,17259,,,,,,,,Design Launchers,Mark Mogar,,(407) 721-4390,,,Mailing,,Design Launchers,,,,,,,,FALSE,FALSE,Prepay,TRUE
2,698,,17259,,,,,,,,,,,,,,Billing,,Design Launchers,,3259 Progress Drive,,Orlando,FL,32826,United States,TRUE,FALSE,,
3,698,,17259,,,,,,,,,,,,,,Shipping,,Design Launchers,,3259 Progress Drive,,Orlando,FL,32826,United States,FALSE,TRUE,,
1,699,,17260,,,,,,,,Anne Rose 31,Mark Mogar,,,,,Mailing,,Anne Rose 31,,,,,,,,FALSE,FALSE,,TRUE
2,699,,17260,,,,,,,,,,,,,,Billing,,Anne Rose 31,,7302 Barry Road,,Tampa,FL,33634,United States,TRUE,FALSE,,
3,699,,17260,,,,,,,,,,,,,,Shipping,,Anne Rose 31,,7302 Barry Road,,Tampa,FL,33634,United States,FALSE,TRUE,,
1,700,,17261,,,,,,,,GE Transportation (Wabtec),Jake Sowers,,(617) 443-3000,,,Mailing,,GE Transportation (Wabtec),,,,,,,,FALSE,FALSE,,TRUE
2,700,,17261,,,,,,,,,,,,,,Billing,,GE Transportation (Wabtec),,500 West Monroe Street,,Chicago,IL,60661,United States,TRUE,FALSE,,
3,700,,17261,,,,,,,,,,,,,,Shipping,,GE Transportation (Wabtec),,,,,,,,FALSE,TRUE,,
1,701,,17262,,,,,,,,Knorr Brake Company,Thomas Harbin,AP.invoices@nyab.com,(410) 875-0900,,,Mailing,,Knorr Brake Company,,,,,,,,FALSE,FALSE,Net 30,FALSE
2,701,,17262,,,,,,,,,,,,,,Billing,,Knorr Brake Company,,1 Arthur Peck Dr,,Westminster,MD,21157,United States,TRUE,FALSE,,
3,701,,17262,,,,,,,,,,,,,,Shipping,,Knorr Brake Company,,,,,,,,FALSE,TRUE,,
1,702,,17268,,,,,,,,Millennium International Avionics,Jake Sowers,,(816) 524-7777,,(816) 554-0042,Mailing,,Millennium International Avionics,,P. O. Box 903,,Lee's Summit,MO,64063,United States,FALSE,FALSE,Net 30,TRUE
2,702,,17268,,,,,,,,,,,,,,Billing,,Millennium International Avionics,,P. O. Box 903,,Lee's Summit,MO,64063,United States,TRUE,FALSE,,
3,702,,17268,,,,,,,,,,,,,,Shipping,,Millennium International Avionics,,1825-2 Southwest Market Street,,Lee's Summit,MO,64082,United States,FALSE,TRUE,,
1,703,,17270,,,,,,,,Indenco,Jake Sowers,,(330) 477-5980,,(330) 477-2731,Mailing,,Indenco,,1515 Whipple Avenue SW,,Canton,OH,44710,United States,FALSE,FALSE,Net 30,TRUE
2,703,,17270,,,,,,,,,,,,,,Billing,,Indenco,,1515 Whipple Avenue SW,,Canton,OH,44710,United States,TRUE,FALSE,,
3,703,,17270,,,,,,,,,,,,,,Shipping,,Indenco,,1515 Whipple Avenue SW,,Canton,OH,44710,United States,FALSE,TRUE,,
1,704,,17272,,,,,,,,"Holospan International, LLC",Mark Mogar,,(571) 283-9072,,,Mailing,,"Holospan International, LLC",,,,,,,,FALSE,FALSE,Prepay,TRUE
2,704,,17272,,,,,,,,,,,,,,Billing,,"Holospan International, LLC",,3193 Pond Mist Way,,Herndon,VA,20171,United States,TRUE,FALSE,,
3,704,,17272,,,,,,,,,,,,,,Shipping,,"Holospan International, LLC",,,,,,,,FALSE,TRUE,,
1,705,,17275,,,,,,,,US Navy - Naval Information Warfare Center Pacific,Matthew Kay,,(619) 553-0585,,,Mailing,,US Navy - Naval Information Warfare Center Pacific,,,,,,,,FALSE,FALSE,,TRUE
2,705,,17275,,,,,,,,,,,,,,Billing,,US Navy - Naval Information Warfare Center Pacific,,4297 Pacific HWY Building 7,,San Diego,CA,92110,United States,TRUE,FALSE,,
3,705,,17275,,,,,,,,,,,,,,Shipping,,US Navy - Naval Information Warfare Center Pacific,,,,,,,,FALSE,TRUE,,
1,706,,17276,,,,,,,,Seventh Sense BioSystems,Thomas Harbin,,(617) 547-7246,,,Mailing,,Seventh Sense BioSystems,,,,,,,,FALSE,FALSE,,TRUE
2,706,,17276,,,,,,,,,,,,,,Billing,,Seventh Sense BioSystems,,200 Boston Ave,Suite 3700,Medford,MA,02155,United States,TRUE,FALSE,,
3,706,,17276,,,,,,,,,,,,,,Shipping,,Seventh Sense BioSystems,,,,,,,,FALSE,TRUE,,
1,707,,17277,,,,,,,,Shamrock Engineering,Jake Sowers,Bwalls@shamrockeng.com,(812) 867-0009,,(812) 867-2454,Mailing,,Shamrock Engineering,,,,,,,,FALSE,FALSE,Net 30,TRUE
2,707,,17277,,,,,,,,,,,,,,Billing,,Shamrock Engineering,,1020 West Morton Road,,Oakland City,IN,47660,United States,TRUE,FALSE,,
3,707,,17277,,,,,,,,,,,,,,Shipping,,Shamrock Engineering,,,,,,,,FALSE,TRUE,,
1,708,,17280,,,,,,,,AAA Imaging Solutions,Matthew Kay,,,,,Mailing,,AAA Imaging Solutions,,,,,,,,FALSE,FALSE,,TRUE
2,708,,17280,,,,,,,,,,,,,,Billing,,AAA Imaging Solutions,,,,,,,,TRUE,FALSE,,
3,708,,17280,,,,,,,,,,,,,,Shipping,,AAA Imaging Solutions,,,,,,,,FALSE,TRUE,,
1,709,,17281,,,,,,,,Steve Gordon,,,+972 52 7808416,,,Mailing,,Steve Gordon,,,,,,,,FALSE,FALSE,,TRUE
2,709,,17281,,,,,,,,,,,,,,Billing,,Steve Gordon,,rehav hadarim 77,,PARDESS HANNA,,37010,United States,TRUE,FALSE,,
3,709,,17281,,,,,,,,,,,,,,Shipping,,Steve Gordon,,,,,,,,FALSE,TRUE,,
1,710,,17282,,,,,,,,"KelCor, LLC.",Mark Mogar,,(423) 503-1108,,,Mailing,,"KelCor, LLC.",,,,,,,,FALSE,FALSE,,TRUE
2,710,,17282,,,,,,,,,,,,,,Billing,,"KelCor, LLC.",,1348 Fallmouth Road,,Chattanooga,TN,37405,United States,TRUE,FALSE,,
3,710,,17282,,,,,,,,,,,,,,Shipping,,"KelCor, LLC.",,1348 Fallmouth Road,,Chattanooga,TN,37405,United States,FALSE,TRUE,,
1,711,,17286,,,,,,,,"Nelson Innovations, LLC",Jake Sowers,nelsoninnovationsllc@bill.com,(440) 867-3214,,,Mailing,,"Nelson Innovations, LLC",,,,,,,,FALSE,FALSE,Net 30,TRUE
2,711,,17286,,,,,,,,,,,,,,Billing,,"Nelson Innovations, LLC",,18944 W. 130th St.,,Strongsville,OH,44136,United States,TRUE,FALSE,,
3,711,,17286,,,,,,,,,,,,,,Shipping,,"Nelson Innovations, LLC",,,,,,,,FALSE,TRUE,,
1,712,,17290,,,,,,,,OSI Industrial Sales,Ed Rodriguez,,(613) 394-1685,,(613) 394-4739,Mailing,,OSI Industrial Sales,,,,,,,,FALSE,FALSE,,TRUE
2,712,,17290,,,,,,,,,,,,,,Billing,,OSI Industrial Sales,,250 N Murray St,,Trenton,ON,K8V 6R8,Canada,TRUE,FALSE,,
3,712,,17290,,,,,,,,,,,,,,Shipping,,OSI Industrial Sales,,,,,,,,FALSE,TRUE,,
1,713,,17292,,,,,,,,"Perfection Gear, Inc.",Mark Mogar,,(828) 253-0000,,,Mailing,,"Perfection Gear, Inc.",,,,,,,,FALSE,FALSE,,TRUE
2,713,,17292,,,,,,,,,,,,,,Billing,,"Perfection Gear, Inc.",,172 Eaton Street,,Springville,NY,14141,United States,TRUE,FALSE,,
3,713,,17292,,,,,,,,,,,,,,Shipping,,"Perfection Gear, Inc.",,9 N. Bear Creek Road,,Ashville,NC,28806,United States,FALSE,TRUE,,
1,714,,17293,,,,,,,3M,3M DeKalb (DK6), ,,(815) 756-5087,,,Mailing,,3M DeKalb (DK6),,1650 Macom Drive,,DeKalb,IL,60115-8773,United States,FALSE,FALSE,,TRUE
2,714,,17293,,,,,,,,,,,,,,Billing,,3M DeKalb (DK6),,1650 Macom Drive,,DeKalb,IL,60115-8773,United States,TRUE,FALSE,,
3,714,,17293,,,,,,,,,,,,,,Shipping,,3M DeKalb (DK6),,1650 Macom Drive,,DeKalb,IL,60115-8773,United States,FALSE,TRUE,,
1,715,,17294,,,,,,,,Fiasco Cases,Matthew Kay,david@fiascocases.com,(323) 325-2026,,,Mailing,,Fiasco Cases,,,,,,,,FALSE,FALSE,,TRUE
2,715,,17294,,,,,,,,,,,,,,Billing,,Fiasco Cases,,"2750 Oregon Court, Unit M7",,Torrance,CA,90503,United States,TRUE,FALSE,,
3,715,,17294,,,,,,,,,,,,,,Shipping,,Fiasco Cases,,,,,,,,FALSE,TRUE,,
1,716,,17298,,,,,,,,Massachusetts Institute of Technology,Thomas Harbin,,(541) 601-5750,,,Mailing,,Massachusetts Institute of Technology,,,,,,,,FALSE,FALSE,,TRUE
2,716,,17298,,,,,,,,,,,,,,Billing,,Massachusetts Institute of Technology,,32 Vassar St,Room 56-379,Cambridge,MA,02139,United States,TRUE,FALSE,,
3,716,,17298,,,,,,,,,,,,,,Shipping,,Massachusetts Institute of Technology,,,,,,,,FALSE,TRUE,,
1,717,,17302,,,,,,,,Patsco LLC,Matthew Kay,,(832) 454-8163,,,Mailing,,Patsco LLC,,,,,,,,FALSE,FALSE,,TRUE
2,717,,17302,,,,,,,,,,,,,,Billing,,Patsco LLC,,5715 NW Central Dr,Suite F-103,Houston,TX,77092,United States,TRUE,FALSE,,
3,717,,17302,,,,,,,,,,,,,,Shipping,,Patsco LLC,,,,,,,,FALSE,TRUE,,
1,718,,17306,,,,,,,,Cabot Microelectronics,Matthew Kay,,,,,Mailing,,Cabot Microelectronics,,,,,,,,FALSE,FALSE,,TRUE
2,718,,17306,,,,,,,,,,,,,,Billing,,Cabot Microelectronics,,5825 NE Pinefarm Ct Suite 200,,Hillsboro,OR,97124,United States,TRUE,FALSE,,
3,718,,17306,,,,,,,,,,,,,,Shipping,,Cabot Microelectronics,,,,,,,,FALSE,TRUE,,
1,719,,17308,,,,,,,,Specialty Vehicle Engineering Inc.,Thomas Harbin,,(732) 240-3696,,,Mailing,,Specialty Vehicle Engineering Inc.,,,,,,,,FALSE,FALSE,Prepay,TRUE
2,719,,17308,,,,,,,,,,,,,,Billing,,Specialty Vehicle Engineering Inc.,,1501 Industrial Way N,,Toms River,NJ,08755,United States,TRUE,FALSE,,
3,719,,17308,,,,,,,,,,,,,,Shipping,,Specialty Vehicle Engineering Inc.,,,,,,,,FALSE,TRUE,,
1,720,,17309,,,,,,,,"Thomas Global Systems, LLC",Matthew Kay,,(949) 596-4115,,,Mailing,,"Thomas Global Systems, LLC",,,,,,,,FALSE,FALSE,Net 30,TRUE
2,720,,17309,,,,,,,,,,,,,,Billing,,"Thomas Global Systems, LLC",,"13844 Alton Parkway, Suite 140",,Irvine,CA,92618,United States,TRUE,FALSE,,
3,720,,17309,,,,,,,,,,,,,,Shipping,,"Thomas Global Systems, LLC",,,,,,,,FALSE,TRUE,,
1,721,,17310,,,,,,,,ITW Automotive,Jake Sowers,ap@itwautomotive.com,(224) 661-8870,,,Mailing,,ITW Automotive,,,,,,,,FALSE,FALSE,Net 30,TRUE
2,721,,17310,,,,,,,,,,,,,,Billing,,ITW Automotive,,22501 Bohlman Parkway,,Richton Park,IL,60471,United States,TRUE,FALSE,,
3,721,,17310,,,,,,,,,,,,,,Shipping,,ITW Automotive,,,,,,,,FALSE,TRUE,,
1,722,,17312,,,,,,,,"Hamlin Newco, LLC",Jake Sowers,Teri@hnmetalstamping.com,(330) 753-7791,,(330) 753-5577,Mailing,,"Hamlin Newco, LLC",,,,,,,,FALSE,FALSE,Net 30,TRUE
2,722,,17312,,,,,,,,,,,,,,Billing,,"Hamlin Newco, LLC",,2741 Wingate Avenue,,Akron,OH,44314,United States,TRUE,FALSE,,
3,722,,17312,,,,,,,,,,,,,,Shipping,,"Hamlin Newco, LLC",,2741 Wingate Avenue,,Akron,OH,44314,United States,FALSE,TRUE,,
1,723,,17316,,,,,,,,Cobra Motor Homes,Thomas Harbin,,(315) 524-4436,,,Mailing,,Cobra Motor Homes,,,,,,,,FALSE,FALSE,,TRUE
2,723,,17316,,,,,,,,,,,,,,Billing,,Cobra Motor Homes,,6311 Lakeside Road,,Ontario,NY,14519,United States,TRUE,FALSE,,
3,723,,17316,,,,,,,,,,,,,,Shipping,,Cobra Motor Homes,,,,,,,,FALSE,TRUE,,
1,724,,17317,,,,,,,,Sodexo,Mark Mogar,,,,,Mailing,,Sodexo,,,,,,,,FALSE,FALSE,,TRUE
2,724,,17317,,,,,,,,,,,,,,Billing,,Sodexo,,6091 Piney Woods Ct.,,Alexandria,VA,22315,United States,TRUE,FALSE,,
3,724,,17317,,,,,,,,,,,,,,Shipping,,Sodexo,,6091 Piney Woods Ct.,,Alexandria,VA,22315,United States,FALSE,TRUE,,
1,725,,17319,,,,,,,,JEM Engineering,Thomas Harbin,payables@jemengineering.com,(301) 317-1070,,(301) 317-8683,Mailing,,JEM Engineering,,,,,,,,FALSE,FALSE,Net 30,FALSE
2,725,,17319,,,,,,,,,,,,,,Billing,,JEM Engineering,,8683 Cherry Lane,ATTN: Accounts Payable,Laurel,MD,20707,United States,TRUE,FALSE,,
3,725,,17319,,,,,,,,,,,,,,Shipping,,JEM Engineering,,,,,,,,FALSE,TRUE,,
1,726,,17320,,,,,,,,Deringer-Ney,Thomas Harbin,accounts-payable@deringerNey.com,(520) 629-3340,,,Mailing,,Deringer-Ney,,,,,,,,FALSE,FALSE,Net 30,TRUE
2,726,,17320,,,,,,,,,,,,,,Billing,,Deringer-Ney,,353 Woodland Ave,,Bloomfield,CT,06002,United States,TRUE,FALSE,,
3,726,,17320,,,,,,,,,,,,,,Shipping,,Deringer-Ney,,,,,,,,FALSE,TRUE,,
1,727,,17327,,,,,,,,Google/Fitbit LLC,Ed Rodriguez,SWemmer@google.com,(415) 513-1000,,(415) 236-6009,Mailing,,Google/Fitbit LLC,,,,,,,,FALSE,FALSE,,TRUE
2,727,,17327,,,,,,,,,,,,,,Billing,,Google/Fitbit LLC,,40 Jessie St.,5th floor,San Francisco ,CA,94105,United States,TRUE,FALSE,,
3,727,,17327,,,,,,,,,,,,,,Shipping,,Google/Fitbit LLC,,,,,,,,FALSE,TRUE,,
1,728,,17331,,,,,,,,Prodigal Son Ventures,Ed Rodriguez,,(604) 241-4350,(604) 241-4440,(604) 241-2002,Mailing,,Prodigal Son Ventures,,,,,,,,FALSE,FALSE,,TRUE
2,728,,17331,,,,,,,,,,,,,,Billing,,Prodigal Son Ventures,,238B 8257 92nd Street,,Delta,BC,V4G 0A4,Canada,TRUE,FALSE,,
3,728,,17331,,,,,,,,,,,,,,Shipping,,Prodigal Son Ventures,,1582 Gulf Road #654,,PT. Roberts,WA,98281 0654,United States,FALSE,TRUE,,
1,729,,17332,,,,,,,,"All Packaging Solutions, Inc.",Jake Sowers,ap@allpacks.com,(248) 880-1548,,,Mailing,,"All Packaging Solutions, Inc.",,29380 John R Road,,Madison Heights,MI,48701,United States,FALSE,FALSE,,TRUE
2,729,,17332,,,,,,,,,,,,,,Billing,,"All Packaging Solutions, Inc.",,3302 Kent Street,,Flint,MI,48503,United States,TRUE,FALSE,,
3,729,,17332,,,,,,,,,,,,,,Shipping,,"All Packaging Solutions, Inc.",,29380 John R Road,,Madison Heights,MI,48701,United States,FALSE,TRUE,,
1,730,,17335,,,,,,,,"Molded Products, Inc. - Harlan",Jake Sowers,,(800) 435-8957,,(800) 227-7935,Mailing,,"Molded Products, Inc. - Harlan",,,,,,,,FALSE,FALSE,,TRUE
2,730,,17335,,,,,,,,,,,,,,Billing,,"Molded Products, Inc. - Harlan",,1112 Chatburn Avenue,,Harlan,IA,51537,United States,TRUE,FALSE,,
3,730,,17335,,,,,,,,,,,,,,Shipping,,"Molded Products, Inc. - Harlan",,,,,,,,FALSE,TRUE,,
1,731,,17336,,,,,,,,"Xialla, Inc.",Matthew Kay,,(613) 606-9952,,,Mailing,,"Xialla, Inc.",,,,,,,,FALSE,FALSE,Prepay,TRUE
2,731,,17336,,,,,,,,,,,,,,Billing,,"Xialla, Inc.",,57 Wilton Crescent,,Ottawa,ON,K1S 2T6,Canada,TRUE,FALSE,,
3,731,,17336,,,,,,,,,,,,,,Shipping,,"Xialla, Inc.",,,,,,,,FALSE,TRUE,,
1,732,,17340,,,,,,,,General Atomics - Electromagnetic Systems Group (GA-EMS),Ed Rodriguez,,,,,Mailing,,General Atomics - Electromagnetic Systems Group (GA-EMS),,,,,,,,FALSE,FALSE,,TRUE
2,732,,17340,,,,,,,,,,,,,,Billing,,General Atomics - Electromagnetic Systems Group (GA-EMS),,10864 Thornmint Road,,San Diego,CA,92127,United States,TRUE,FALSE,,
3,732,,17340,,,,,,,,,,,,,,Shipping,,General Atomics - Electromagnetic Systems Group (GA-EMS),,,,,,,,FALSE,TRUE,,
1,733,,17342,,,,,,,,United Health Products Inc.,Thomas Harbin,schiliro@unitedhealthproductsinc.com,(609) 313-8134,,,Mailing,,United Health Products Inc.,,,,,,,,FALSE,FALSE,to be determined,TRUE
2,733,,17342,,,,,,,,,,,,,,Billing,,United Health Products Inc.,,10624 S Eastern Ave,Suite A 209,Henderson,NV,89052,United States,TRUE,FALSE,,
3,733,,17342,,,,,,,,,,,,,,Shipping,,United Health Products Inc.,,,,,,,,FALSE,TRUE,,
1,734,,17343,,,,,,,,GM Nameplate - CA,Mark Mogar,,(408) 944-3801,,,Mailing,,GM Nameplate - CA,,2095 O'Toole Avenue,,San Jose,CA,95131,United States,FALSE,FALSE,Net 30,TRUE
2,734,,17343,,,,,,,,,,,,,,Billing,,GM Nameplate - CA,,2040 15th Ave West,,Seattle,WA,98119-2783,United States,TRUE,FALSE,,
3,734,,17343,,,,,,,,,,,,,,Shipping,,GM Nameplate - CA,,2095 O'Toole Avenue,,San Jose,CA,95131,United States,FALSE,TRUE,,
1,735,,17348,,,,,,,,Mid-South Mill Supply,Mark Mogar,,(903) 733-1362,,,Mailing,,Mid-South Mill Supply,,,,,,,,FALSE,FALSE,,TRUE
2,735,,17348,,,,,,,,,,,,,,Billing,,Mid-South Mill Supply,,21 Industrial Park,,Benton,AR,72015,United States,TRUE,FALSE,,
3,735,,17348,,,,,,,,,,,,,,Shipping,,Mid-South Mill Supply,,21 Industrial Park,,Benton,AR,72015,United States,FALSE,TRUE,,
1,736,,17349,,,,,,,,Jason Robinson Design,Thomas Harbin,,(347) 819-8581,,,Mailing,,Jason Robinson Design,,,,,,,,FALSE,FALSE,Prepay,TRUE
2,736,,17349,,,,,,,,,,,,,,Billing,,Jason Robinson Design,,335 Throop Ave,,Brooklyn,NY,11221,United States,TRUE,FALSE,,
3,736,,17349,,,,,,,,,,,,,,Shipping,,Jason Robinson Design,,,,,,,,FALSE,TRUE,,
1,737,,17353,,,,,,,,"Ontera, Inc.",Matthew Kay,,(831) 222-2193,,,Mailing,,"Ontera, Inc.",,,,,,,,FALSE,FALSE,,TRUE
2,737,,17353,,,,,,,,,,,,,,Billing,,"Ontera, Inc.",,"2155 Delaware Ave., Suite #225",,Santa Cruz,CA,95060,United States,TRUE,FALSE,,
3,737,,17353,,,,,,,,,,,,,,Shipping,,"Ontera, Inc.",,,,,,,,FALSE,TRUE,,
1,738,,17355,,,,,,,,"Honda Aircraft Corp., LLC.",Mark Mogar,,,,,Mailing,,"Honda Aircraft Corp., LLC.",,,,,,,,FALSE,FALSE,,TRUE
2,738,,17355,,,,,,,,,,,,,,Billing,,"Honda Aircraft Corp., LLC.",,6430 Ballinger Road,,Greensboro,NC,27140,United States,TRUE,FALSE,,
3,738,,17355,,,,,,,,,,,,,,Shipping,,"Honda Aircraft Corp., LLC.",,6430 Ballinger Road,,Greensboro,NC,27140,United States,FALSE,TRUE,,
1,739,,17356,,,,,,,,Cathaid,Mark Mogar,,(678) 595-5555,,,Mailing,,Cathaid,,,,,,,,FALSE,FALSE,,TRUE
2,739,,17356,,,,,,,,,,,,,,Billing,,Cathaid,,,,,,,,TRUE,FALSE,,
3,739,,17356,,,,,,,,,,,,,,Shipping,,Cathaid,,,,,,,,FALSE,TRUE,,
1,740,,17358,,,,,,,,Smathers & Branson,Thomas Harbin,,(301) 229-9436,,,Mailing,,Smathers & Branson,,,,,,,,FALSE,FALSE,,FALSE
2,740,,17358,,,,,,,,,,,,,,Billing,,Smathers & Branson,,5110 Ridgefield Rd,Suite #204,Bethesda,MD,20816,United States,TRUE,FALSE,,
3,740,,17358,,,,,,,,,,,,,,Shipping,,Smathers & Branson,,,,,,,,FALSE,TRUE,,
1,741,,17359,,,,,,,,FemtoDx,Matthew Kay,,(310) 734-7750,,,Mailing,,FemtoDx,,,,,,,,FALSE,FALSE,Credit Card,TRUE
2,741,,17359,,,,,,,,,,,,,,Billing,,FemtoDx,,"8929 Wilshire Boulevard, Suite 320",,Beverly Hills,CA,90211,United States,TRUE,FALSE,,
3,741,,17359,,,,,,,,,,,,,,Shipping,,FemtoDx,,,,,,,,FALSE,TRUE,,
1,742,,17361,,,,,,,,Turner Labels,Mark Mogar,,(859) 887-4000,,,Mailing,,Turner Labels,,,,,,,,FALSE,FALSE,Credit Card,TRUE
2,742,,17361,,,,,,,,,,,,,,Billing,,Turner Labels,,112 Commerce Drive,,Nicholasville,KY,40356,United States,TRUE,FALSE,,
3,742,,17361,,,,,,,,,,,,,,Shipping,,Turner Labels,,,,,,,,FALSE,TRUE,,
1,743,,17367,,,,,,,,"B. Altman, Inc.",Thomas Harbin,,,,,Mailing,,"B. Altman, Inc.",,,,,,,,FALSE,FALSE,,TRUE
2,743,,17367,,,,,,,,,,,,,,Billing,,"B. Altman, Inc.",,304 Gower Street,,Staten Island,NY,10314,United States,TRUE,FALSE,,
3,743,,17367,,,,,,,,,,,,,,Shipping,,"B. Altman, Inc.",,,,,,,,FALSE,TRUE,,
1,744,,17373,,,,,,,,The Cord Wrapper,Matthew Kay,,(801) 440-8955,,,Mailing,,The Cord Wrapper,,,,,,,,FALSE,FALSE,,TRUE
2,744,,17373,,,,,,,,,,,,,,Billing,,The Cord Wrapper,,920 Chamber Street,Suite 12,South Ogden,UT,84403,United States,TRUE,FALSE,,
3,744,,17373,,,,,,,,,,,,,,Shipping,,The Cord Wrapper,,,,,,,,FALSE,TRUE,,
1,745,,17382,,,,,,,Fastenal,Fastenal - Linthicum MD,Jake Sowers,apinvoicedisc@fastenal.com,(410) 609-2300,,(410) 609-2304,Mailing,,Fastenal - Linthicum MD,,,,,,,,FALSE,FALSE,Net 30,FALSE
2,745,,17382,,,,,,,,,,,,,,Billing,,Fastenal - Linthicum MD,,5189 Raynor Avenue,,Linthicum,MD,21090,United States,TRUE,FALSE,,
3,745,,17382,,,,,,,,,,,,,,Shipping,,Fastenal - Linthicum MD,,5189 Raynor Ave,,Linthicum,MD,21090,United States,FALSE,TRUE,,
1,746,,17385,,,,,,,,Manna Molecular,Thomas Harbin,,(978) 304-2301,,,Mailing,,Manna Molecular,,,,,,,,FALSE,FALSE,,TRUE
2,746,,17385,,,,,,,,,,,,,,Billing,,Manna Molecular,,241 Franics Avenue,,Mansfield,MA,02048,United States,TRUE,FALSE,,
3,746,,17385,,,,,,,,,,,,,,Shipping,,Manna Molecular,,,,,,,,FALSE,TRUE,,
1,747,,17387,,,,,,,,"HMS Insurance Associates, Inc.",,,(410) 337-9755,,,Mailing,,"HMS Insurance Associates, Inc.",,,,,,,,FALSE,FALSE,Net 30,TRUE
2,747,,17387,,,,,,,,,,,,,,Billing,,"HMS Insurance Associates, Inc.",,20 Wight Avenue Suite 300,,Hunt Valley,MD,21030,United States,TRUE,FALSE,,
3,747,,17387,,,,,,,,,,,,,,Shipping,,"HMS Insurance Associates, Inc.",,,,,,,,FALSE,TRUE,,
1,748,,17390,,,,,,,,CryoConcepts,Thomas Harbin,"andrei@cryoconcepts.com
",(855) 355-2796,,,Mailing,,CryoConcepts,,,,,,,,FALSE,FALSE,,TRUE
2,748,,17390,,,,,,,,,,,,,,Billing,,CryoConcepts,,205 Webster St.,,Bethlehem,PA,18015,United States,TRUE,FALSE,,
3,748,,17390,,,,,,,,,,,,,,Shipping,,CryoConcepts,,,,,,,,FALSE,TRUE,,
1,749,,17395,,,,,,,,DuPont Experimental Station,Thomas Harbin,,(302) 695-7831,,,Mailing,,DuPont Experimental Station,,200 Powder Mill Road,E336/A221,Wilmongton,DE,19803,United States,FALSE,FALSE,,TRUE
2,749,,17395,,,,,,,,,,,,,,Billing,,DuPont Experimental Station,,200 Powder Mill Road,E336/A221,Wilmington,DE,19803,United States,TRUE,FALSE,,
3,749,,17395,,,,,,,,,,,,,,Shipping,,DuPont Experimental Station,,200 Powder Mill Road,E336/A221,Wilmongton,DE,19803,United States,FALSE,TRUE,,
1,750,,17396,,,,,,,,Sumsaara,Matthew Kay,,,,,Mailing,,Sumsaara,,,,,,,,FALSE,FALSE,,TRUE
2,750,,17396,,,,,,,,,,,,,,Billing,,Sumsaara,,,,,,,,TRUE,FALSE,,
3,750,,17396,,,,,,,,,,,,,,Shipping,,Sumsaara,,,,,,,,FALSE,TRUE,,
1,751,,17399,,,,,,,,"Saint-Gobain Hycomp, LLC",Jake Sowers,,(440) 234-8967,,(440) 234-4911,Mailing,,"Saint-Gobain Hycomp, LLC",,,,,,,,FALSE,FALSE,,TRUE
2,751,,17399,,,,,,,,,,,,,,Billing,,"Saint-Gobain Hycomp, LLC",,17960 Englewood Drive,,Cleveland,OH,44130,United States,TRUE,FALSE,,
3,751,,17399,,,,,,,,,,,,,,Shipping,,"Saint-Gobain Hycomp, LLC",,,,,,,,FALSE,TRUE,,
1,752,,17404,,,,,,,BAE Systems,BAE Systems - Rockville,Thomas Harbin,,,,,Mailing,,BAE Systems - Rockville,,,,,,,,FALSE,FALSE,,TRUE
2,752,,17404,,,,,,,,,,,,,,Billing,,BAE Systems - Rockville,,,,,,,,TRUE,FALSE,,
3,752,,17404,,,,,,,,,,,,,,Shipping,,BAE Systems - Rockville,,,,,,,,FALSE,TRUE,,
1,753,,17411,,,,,,,,Renesco,Mark Mogar,timothy.kearney@renesco.com,(703) 657-2800,,,Mailing,,Renesco,,,,,,,,FALSE,FALSE,,TRUE
2,753,,17411,,,,,,,,,,,,,,Billing,,Renesco,,"3935 Avion Park Court, Suite A106",,Chantilly,VA,20151,United States,TRUE,FALSE,,
3,753,,17411,,,,,,,,,,,,,,Shipping,,Renesco,,,,,,,,FALSE,TRUE,,
1,754,,17414,,,,,,,,MSA Safety,Thomas Harbin,,(724) 776-8600,,,Mailing,,MSA Safety,,,,,,,,FALSE,FALSE,,TRUE
2,754,,17414,,,,,,,,,,,,,,Billing,,MSA Safety,,1000 Cranberry Woods Drive,,Cranberry Twp,PA,16066,United States,TRUE,FALSE,,
3,754,,17414,,,,,,,,,,,,,,Shipping,,MSA Safety,,1000 Cranberry Woods Drive,,Cranberry Twp,PA,16066,United States,FALSE,TRUE,,
1,755,,17415,,,,,,,,"Bemis Packaging, Inc.",Ed Rodriguez,8882404376@onlinecapturecenter.com,,,,Mailing,,"Bemis Packaging, Inc.",,,,,,,,FALSE,FALSE,,TRUE
2,755,,17415,,,,,,,,,,,,,,Billing,,"Bemis Packaging, Inc.",,PO Box 3627,,Portland,OR,97208,United States,TRUE,FALSE,,
3,755,,17415,,,,,,,,,,,,,,Shipping,,"Bemis Packaging, Inc.",,1309 Bemis Road,,Lancaster,WI,53813,United States,FALSE,TRUE,,
1,756,,17417,,,,,,,,"Heartshot, Inc.",Matthew Kay,,(647) 303-5469,,,Mailing,,"Heartshot, Inc.",,,,,,,,FALSE,FALSE,,TRUE
2,756,,17417,,,,,,,,,,,,,,Billing,,"Heartshot, Inc.",,200-43 Britain Street,,Toronto,ON,M5A 1R7,Canada,TRUE,FALSE,,
3,756,,17417,,,,,,,,,,,,,,Shipping,,"Heartshot, Inc.",,C/O Telus,"260 Richmond St. E, Suite 101",Toronto,ON,M5A 1P4,Canada,FALSE,TRUE,,
1,757,,17423,,,,,,,,Treadwell & Company Design,Ed Rodriguez,,(905) 629-9911,,(905) 629-9927,Mailing,,Treadwell & Company Design,,,,,,,,FALSE,FALSE,,TRUE
2,757,,17423,,,,,,,,,,,,,,Billing,,Treadwell & Company Design,,"2087 Dundas Street East, Suite #204",,Mississauga,ON,L4X 2V7,Canada,TRUE,FALSE,,
3,757,,17423,,,,,,,,,,,,,,Shipping,,Treadwell & Company Design,,,,,,,,FALSE,TRUE,,
1,758,,17424,,,,,,,,Deka Research & Development,Thomas Harbin,,(603) 669-5139,,(603) 624-0573,Mailing,,Deka Research & Development,,,,,,,,FALSE,FALSE,,TRUE
2,758,,17424,,,,,,,,,,,,,,Billing,,Deka Research & Development,,340 Commerical St,,Manchester,NH,03101,United States,TRUE,FALSE,,
3,758,,17424,,,,,,,,,,,,,,Shipping,,Deka Research & Development,,,,,,,,FALSE,TRUE,,
1,759,,17428,,,,,,,,Accriva Diagnostics,Matthew Kay,,,,,Mailing,,Accriva Diagnostics,,,,,,,,FALSE,FALSE,,TRUE
2,759,,17428,,,,,,,,,,,,,,Billing,,Accriva Diagnostics,,6260 Sequence Drive,Instrumentation Laboratory (IL),San Diego,CA,92121,United States,TRUE,FALSE,,
3,759,,17428,,,,,,,,,,,,,,Shipping,,Accriva Diagnostics,,,,,,,,FALSE,TRUE,,
1,760,,17429,,,,,,,,HOB Custom Power,Matthew Kay,,(714) 962-7600,(877) 896-5059,(714) 962-7644,Mailing,,HOB Custom Power,,10910 Talbert Avenue,,Fountain Valley,CA,92708,United States,FALSE,FALSE,,TRUE
2,760,,17429,,,,,,,,,,,,,,Billing,,HOB Custom Power,,10910 Talbert Avenue,,Fountain Valley,CA,92708,United States,TRUE,FALSE,,
3,760,,17429,,,,,,,,,,,,,,Shipping,,HOB Custom Power,,10910 Talbert Avenue,,Fountain Valley,CA,92708,United States,FALSE,TRUE,,
1,761,,17430,,,,,,,,"Summit Medical, LLC",Jake Sowers,kholst@innoviamedical.com,(888) 229-2875,,(888) 229-1941,Mailing,,"Summit Medical, LLC",,,,,,,,FALSE,FALSE,,TRUE
2,761,,17430,,,,,,,,,,,,,,Billing,,"Summit Medical, LLC",,"815 Vikings Parkway, Suite#100",,St. Paul,MN,55121-1579,United States,TRUE,FALSE,,
3,761,,17430,,,,,,,,,,,,,,Shipping,,"Summit Medical, LLC",,,,,,,,FALSE,TRUE,,
1,762,,17432,,,,,,,,US Tool Group - Newport News,Mark Mogar,apinvoices@ustg.net,(757) 595-4524,,,Mailing,,US Tool Group - Newport News,,,,,,,,FALSE,FALSE,,TRUE
2,762,,17432,,,,,,,,,,,,,,Billing,,US Tool Group - Newport News,,2000 Progress Drive,,Farmington,MO,23606,United States,TRUE,FALSE,,
3,762,,17432,,,,,,,,,,,,,,Shipping,,US Tool Group - Newport News,,709 City Center Blvd. #B108,,Newport News,VA,23606,United States,FALSE,TRUE,,
1,763,,17434,,,,,,,,"Micro Matic USA, Inc.",Mark Mogar,,(352) 544-1081,,,Mailing,,"Micro Matic USA, Inc.",,,,,,,,FALSE,FALSE,,TRUE
2,763,,17434,,,,,,,,,,,,,,Billing,,"Micro Matic USA, Inc.",,2386 Simon Court,,Brooksville,FL,34604,United States,TRUE,FALSE,,
3,763,,17434,,,,,,,,,,,,,,Shipping,,"Micro Matic USA, Inc.",,,,,,,,FALSE,TRUE,,
1,764,,17435,,,,,,,Northrop Grumman,"Northrop Grumman - Topeka, KS",Mark Mogar,,(785) 861-3398,,,Mailing,,"Northrop Grumman - Topeka, KS",,,,,,,,FALSE,FALSE,,TRUE
2,764,,17435,,,,,,,,,,,,,,Billing,,"Northrop Grumman - Topeka, KS",,USPS Central Repair Facility,7215 SW Topeka Blvd. BLDG 7,Topeka,KS,66619,United States,TRUE,FALSE,,
3,764,,17435,,,,,,,,,,,,,,Shipping,,"Northrop Grumman - Topeka, KS",,,,,,,,FALSE,TRUE,,
1,765,,17437,,,,,,,,"SBI Alapharma Canada, Inc.",Ed Rodriguez,,(289) 808-5825,,,Mailing,,"SBI Alapharma Canada, Inc.",,"425 University Ave., Suite 700",,Toronto,ON,M5G 1T6,Canada,FALSE,FALSE,,TRUE
2,765,,17437,,,,,,,,,,,,,,Billing,,"SBI Alapharma Canada, Inc.",,123 Edwards Street,Suite 305,Toronto,ON,M5G 1E2,Canada,TRUE,FALSE,,
3,765,,17437,,,,,,,,,,,,,,Shipping,,"SBI Alapharma Canada, Inc.",,"425 University Ave., Suite 700",,Toronto,ON,M5G 1T6,Canada,FALSE,TRUE,,
1,766,,17438,,,,,,,,"Ran-Tech Engineering & Aerospace, Inc.",Matthew Kay,,(503) 652-3353,,,Mailing,,"Ran-Tech Engineering & Aerospace, Inc.",,12601 SE Highway 2112,,Clackamas,OR,97015,United States,FALSE,FALSE,,TRUE
2,766,,17438,,,,,,,,,,,,,,Billing,,"Ran-Tech Engineering & Aerospace, Inc.",,12601 SE Highway 2112,,Clackamas,OR,97015,United States,TRUE,FALSE,,
3,766,,17438,,,,,,,,,,,,,,Shipping,,"Ran-Tech Engineering & Aerospace, Inc.",,12601 SE Highway 2112,,Clackamas,OR,97015,United States,FALSE,TRUE,,
1,767,,17439,,,,,,,,Global BioMedical Technologies,Mark Mogar,mseibert@comfortrelease.com,(813) 965-1663,,,Mailing,,Global BioMedical Technologies,,,,,,,,FALSE,FALSE,,TRUE
2,767,,17439,,,,,,,,,,,,,,Billing,,Global BioMedical Technologies,,12870 Trade Way Four ,#107-314,Bonita Springs,FL,34135,United States,TRUE,FALSE,,
3,767,,17439,,,,,,,,,,,,,,Shipping,,Global BioMedical Technologies,,,,,,,,FALSE,TRUE,,
1,768,,17442,,,,,,,,A2G Wheels,Jake Sowers,,(231) 747-6000,,,Mailing,,A2G Wheels,,,,,,,,FALSE,FALSE,,TRUE
2,768,,17442,,,,,,,,,,,,,,Billing,,A2G Wheels,,1854 Industrial Blvd.,,Muskegon,MI,49442,United States,TRUE,FALSE,,
3,768,,17442,,,,,,,,,,,,,,Shipping,,A2G Wheels,,1854 Industrial Blvd.,,Muskegon,MI,49442,United States,FALSE,TRUE,,
1,769,,17443,,,,,,,,SOPO Dispenser Corp.,Mark Mogar,,(954) 605-8427,,(800) 801-8103,Mailing,,SOPO Dispenser Corp.,,,,,,,,FALSE,FALSE,,TRUE
2,769,,17443,,,,,,,,,,,,,,Billing,,SOPO Dispenser Corp.,,"1830 Radius Drive, Suite 809",,Hollywood,FL,33020,United States,TRUE,FALSE,,
3,769,,17443,,,,,,,,,,,,,,Shipping,,SOPO Dispenser Corp.,,"1830 Radius Drive, Suite 809",,Hollywood,FL,33020,United States,FALSE,TRUE,,
1,770,,17445,,,,,,,,Jedcor,Thomas Harbin,,(801) 972-1927,,,Mailing,,Jedcor,,,,,,,,FALSE,FALSE,,TRUE
2,770,,17445,,,,,,,,,,,,,,Billing,,Jedcor,,2560 South 900 West,,South Salt Lake,UT,84119,United States,TRUE,FALSE,,
3,770,,17445,,,,,,,,,,,,,,Shipping,,Jedcor,,,,,,,,FALSE,TRUE,,
1,771,,17446,,,,,,,,"deVan Sealants, Inc.",Jake Sowers,,(314) 383-1941,,,Mailing,,"deVan Sealants, Inc.",,,,,,,,FALSE,FALSE,,TRUE
2,771,,17446,,,,,,,,,,,,,,Billing,,"deVan Sealants, Inc.",,6301 Prescott Avenue,,St. Louis,MO,63147,United States,TRUE,FALSE,,
3,771,,17446,,,,,,,,,,,,,,Shipping,,"deVan Sealants, Inc.",,,,,,,,FALSE,TRUE,,
1,772,,17447,,,,,,,,"Gentueri, Inc.",Jake Sowers,LSheridan@gentueri.com,(608) 497-0366,,,Mailing,,"Gentueri, Inc.",,5313 Voges Road,,Madison,WI,53719,United States,FALSE,FALSE,,TRUE
2,772,,17447,,,,,,,,,,,,,,Billing,,"Gentueri, Inc.",,312 Locust Dr.,,Verona,WI,53593,United States,TRUE,FALSE,,
3,772,,17447,,,,,,,,,,,,,,Shipping,,"Gentueri, Inc.",,5313 Voges Road,,Madison,WI,53719,United States,FALSE,TRUE,,
1,773,,17456,,,,,,,,Venus Concept,Ed Rodriguez,dshim@venusconcept.com,(408) 883-6888,,,Mailing,,Venus Concept,,,,,,,,FALSE,FALSE,,TRUE
2,773,,17456,,,,,,,,,,,,,,Billing,,Venus Concept,,1800 Bering Drive,,San Jose,CA,95112,United States,TRUE,FALSE,,
3,773,,17456,,,,,,,,,,,,,,Shipping,,Venus Concept,,128 Baytech Drive,,San Jose,CA,95134,United States,FALSE,TRUE,,
1,774,,17463,,,,,,,,Holomex de Mexico,Ed Rodriguez,,52 55 5541 1791,,,Mailing,,Holomex de Mexico,,,,,,,,FALSE,FALSE,,TRUE
2,774,,17463,,,,,,,,,,,,,,Billing,,Holomex de Mexico,,"Pino 343, Local 3",,Col. Atlampa,,06450,Mexico,TRUE,FALSE,,
3,774,,17463,,,,,,,,,,,,,,Shipping,,Holomex de Mexico,,,,,,,,FALSE,TRUE,,
1,775,,17467,,,,,,,,Industrial Packaging,Thomas Harbin,,(800) 233-5288,,,Mailing,,Industrial Packaging,,,,,,,,FALSE,FALSE,,TRUE
2,775,,17467,,,,,,,,,,,,,,Billing,,Industrial Packaging,,108 Grove St,,Worcester,MA,01605,United States,TRUE,FALSE,,
3,775,,17467,,,,,,,,,,,,,,Shipping,,Industrial Packaging,,,,,,,,FALSE,TRUE,,
1,776,,17472,,,,,,,,Delviro Energy,Ed Rodriguez,ap@delviro.com,(416) 502-3434,,,Mailing,,Delviro Energy,,,,,,,,FALSE,FALSE,,TRUE
2,776,,17472,,,,,,,,,,,,,,Billing,,Delviro Energy,,94 Brockport Drive,,Toronto,Ontario,M9W 7J8,Canada,TRUE,FALSE,,
3,776,,17472,,,,,,,,,,,,,,Shipping,,Delviro Energy,,,,,,,,FALSE,TRUE,,
1,777,,17476,,,,,,,,Optimas Solutions,Thomas Harbin,,(484) 224-7625,,(267) 202-7666,Mailing,,Optimas Solutions,,,,,,,,FALSE,FALSE,,TRUE
2,777,,17476,,,,,,,,,,,,,,Billing,,Optimas Solutions,,"7542 Morris Court, Suite 1",,Allentown,PA,18106,United States,TRUE,FALSE,,
3,777,,17476,,,,,,,,,,,,,,Shipping,,Optimas Solutions,,,,,,,,FALSE,TRUE,,
1,778,,17481,,,,,,,Medtronic,Medtronic - Massachusetts,Thomas Harbin,,(904) 332-8371,,,Mailing,,Medtronic - Massachusetts,,,,,,,,FALSE,FALSE,,TRUE
2,778,,17481,,,,,,,,,,,,,,Billing,,Medtronic - Massachusetts,,"266 Summer St., 5th Floor",,Boston,MA,02210,United States,TRUE,FALSE,,
3,778,,17481,,,,,,,,,,,,,,Shipping,,Medtronic - Massachusetts,,,,,,,,FALSE,TRUE,,
1,779,,17488,,,,,,,,"MagnaFlex, Inc.",Thomas Harbin,,(215) 593-8127,,,Mailing,,"MagnaFlex, Inc.",,,,,,,,FALSE,FALSE,,TRUE
2,779,,17488,,,,,,,,,,,,,,Billing,,"MagnaFlex, Inc.",,115 Hill Avenue,,Langhorne,PA,19047,United States,TRUE,FALSE,,
3,779,,17488,,,,,,,,,,,,,,Shipping,,"MagnaFlex, Inc.",,,,,,,,FALSE,TRUE,,
1,780,,17495,,,,,,,,Plexus Manufacturing Chicago,Jake Sowers,invoices@plexus.com,(224) 352-5058,,,Mailing,,Plexus Manufacturing Chicago,,,,,,,,FALSE,FALSE,,TRUE
2,780,,17495,,,,,,,,,,,,,,Billing,,Plexus Manufacturing Chicago,,PO Box 2700,,Neenah,WI,54957-2700,United States,TRUE,FALSE,,
3,780,,17495,,,,,,,,,,,,,,Shipping,,Plexus Manufacturing Chicago,,2400 Millbrook Drive,,Buffalo Grove,IL,60089,United States,FALSE,TRUE,,
1,781,,17497,,,,,,,,"Edgewater Automation SC, LLC",Mark Mogar,ap.sc@edgewaterautomation.com,(864) 381-6122,,,Mailing,,"Edgewater Automation SC, LLC",,,,,,,,FALSE,FALSE,,TRUE
2,781,,17497,,,,,,,,,,,,,,Billing,,"Edgewater Automation SC, LLC",,1750 Martin Road,,Spartanburg ,SC,29301,United States,TRUE,FALSE,,
3,781,,17497,,,,,,,,,,,,,,Shipping,,"Edgewater Automation SC, LLC",,1750 Martin Road,,Spartanburg ,SC,29301,United States,FALSE,TRUE,,
1,782,,17500,,,,,,,,True Angle Medical,Ed Rodriguez,jana.rieger@trueanglemedical.com; dylan.scott@trueanglemedical.com,(780) 340-6887,,,Mailing,,True Angle Medical,,,,,,,,FALSE,FALSE,,TRUE
2,782,,17500,,,,,,,,,,,,,,Billing,,True Angle Medical,,14807 134 Ave. NW,,Edmonton,AB,T5L 4V5,Canada,TRUE,FALSE,,
3,782,,17500,,,,,,,,,,,,,,Shipping,,True Angle Medical,,,,,,,,FALSE,TRUE,,
1,783,,17502,,,,,,,,PPG/PRC Desoto Intl-ASC ,Thomas Harbin,Aerospace_APinvoices@ppg.com,(770) 659-3082,,(770) 429-9180,Mailing,,PPG/PRC Desoto Intl-ASC ,,,,,,,,FALSE,FALSE,,TRUE
2,783,,17502,,,,,,,,,,,,,,Billing,,PPG/PRC Desoto Intl-ASC ,,Attn: AP,400 Bertha Lamme Drive,Cranberry Township,PA,16066,United States,TRUE,FALSE,,
3,783,,17502,,,,,,,,,,,,,,Shipping,,PPG/PRC Desoto Intl-ASC ,,3330 Town Point Parkway NW,,Kennesaw,GA,30144,United States,FALSE,TRUE,,
1,784,,17504,,,,,,,,Starr Windows/Doors,Thomas Harbin,invoice@starrwin.com,(718) 213-3973,(718) 326-2074,(718) 417-5295,Mailing,,Starr Windows/Doors,,,,,,,,FALSE,FALSE,,TRUE
2,784,,17504,,,,,,,,,,,,,,Billing,,Starr Windows/Doors,,214 Starr St.,,Brooklyn,NY,11237,United States,TRUE,FALSE,,
3,784,,17504,,,,,,,,,,,,,,Shipping,,Starr Windows/Doors,,,,,,,,FALSE,TRUE,,
1,785,,17506,,,,,,,,Powermation,Matthew Kay,,(651) 605-3300,,,Mailing,,Powermation,,,,,,,,FALSE,FALSE,,TRUE
2,785,,17506,,,,,,,,,,,,,,Billing,,Powermation,,1310 Energy Lane,,St. Paul,MN,55108,United States,TRUE,FALSE,,
3,785,,17506,,,,,,,,,,,,,,Shipping,,Powermation,,,,,,,,FALSE,TRUE,,
1,786,,17507,,,,,,,,"Rheonix, Inc",Thomas Harbin,finance@rheonix.com,(607) 257-1242,,,Mailing,,"Rheonix, Inc",,,,,,,,FALSE,FALSE,,TRUE
2,786,,17507,,,,,,,,,,,,,,Billing,,"Rheonix, Inc",,10 Brown Rd,Suite 103,Ithaca,NY,14850,United States,TRUE,FALSE,,
3,786,,17507,,,,,,,,,,,,,,Shipping,,"Rheonix, Inc",,,,,,,,FALSE,TRUE,,
1,787,,17515,,,,,,,,"Carolina Container, LLC",Mark Mogar,,,,,Mailing,,"Carolina Container, LLC",,,,,,,,FALSE,FALSE,,TRUE
2,787,,17515,,,,,,,,,,,,,,Billing,,"Carolina Container, LLC",,PO Box 2166,,High Point,NC,27261,United States,TRUE,FALSE,,
3,787,,17515,,,,,,,,,,,,,,Shipping,,"Carolina Container, LLC",,909 Prospect Street,,Highpoint,NC,27260,United States,FALSE,TRUE,,
1,788,,17525,,,,,,,,Hillrom (Trumpf Medical Systems),Mark Mogar,,(843) 543-0606,,,Mailing,,Hillrom (Trumpf Medical Systems),,,,,,,,FALSE,FALSE,,TRUE
2,788,,17525,,,,,,,,,,,,,,Billing,,Hillrom (Trumpf Medical Systems),,1046 Legrand Blvd.,,Charleston,SC,29492,United States,TRUE,FALSE,,
3,788,,17525,,,,,,,,,,,,,,Shipping,,Hillrom (Trumpf Medical Systems),,,,,,,,FALSE,TRUE,,
1,789,,17537,,,,,,,,Lustre-Cal,Ed Rodriguez,,(209) 370-1600,,,Mailing,,Lustre-Cal,,,,,,,,FALSE,FALSE,,TRUE
2,789,,17537,,,,,,,,,,,,,,Billing,,Lustre-Cal,,715 S. Guild Ave,,Lodi,CA,95240,United States,TRUE,FALSE,,
3,789,,17537,,,,,,,,,,,,,,Shipping,,Lustre-Cal,,,,,,,,FALSE,TRUE,,
1,790,,17538,,,,,,,,EMF Solutions,Mark Mogar,,(760) 458-7248,,,Mailing,,EMF Solutions,,6 Frank Sottlie Lane,,Isle of Palms,SC,29451,United States,FALSE,FALSE,,TRUE
2,790,,17538,,,,,,,,,,,,,,Billing,,EMF Solutions,,6 Frank Sottlie Lane,,Isle of Palms,SC,29451,United States,TRUE,FALSE,,
3,790,,17538,,,,,,,,,,,,,,Shipping,,EMF Solutions,,,,,,,,FALSE,TRUE,,
1,791,,17540,,,,,,,,Refined Medical Products,Thomas Harbin,,,,,Mailing,,Refined Medical Products,,,,,,,,FALSE,FALSE,,TRUE
2,791,,17540,,,,,,,,,,,,,,Billing,,Refined Medical Products,,8367 Crofton Lane,,Pennsauken,NJ,08109,United States,TRUE,FALSE,,
3,791,,17540,,,,,,,,,,,,,,Shipping,,Refined Medical Products,,,,,,,,FALSE,TRUE,,
1,792,,17543,,,,,,,,Strong Memorial Hospital,Thomas Harbin,,,,,Mailing,,Strong Memorial Hospital,,,,,,,,FALSE,FALSE,,TRUE
2,792,,17543,,,,,,,,,,,,,,Billing,,Strong Memorial Hospital,,575 Elmwood Ave,,Rochester,NY,14642,United States,TRUE,FALSE,,
3,792,,17543,,,,,,,,,,,,,,Shipping,,Strong Memorial Hospital,,,,,,,,FALSE,TRUE,,
1,793,,17547,,,,,,,,Sparton Medical Systems - OH,Jake Sowers,,,,,Mailing,,Sparton Medical Systems - OH,,,,,,,,FALSE,FALSE,,TRUE
2,793,,17547,,,,,,,,,,,,,,Billing,,Sparton Medical Systems - OH,,22740 Lunn Road ,,Strongsville ,OH,44149,United States,TRUE,FALSE,,
3,793,,17547,,,,,,,,,,,,,,Shipping,,Sparton Medical Systems - OH,,,,,,,,FALSE,TRUE,,
1,794,,17548,,,,,,,,Pneuma Respiratory,Mark Mogar,mjones@pneumarespiratory.net;ap@pneumarespiratory.net,(828) 434-6433,,(828) 386-1408,Mailing,,Pneuma Respiratory,,,,,,,,FALSE,FALSE,,TRUE
2,794,,17548,,,,,,,,,,,,,,Billing,,Pneuma Respiratory,,"870 State Farm Road, Suite 103B",,Boone,NC,28607,United States,TRUE,FALSE,,
3,794,,17548,,,,,,,,,,,,,,Shipping,,Pneuma Respiratory,,"870 State Farm Road, Suite 103B",,Boone,NC,28607,United States,FALSE,TRUE,,
1,795,,17552,,,,,,,,"Lactalis  American Group, Inc.",Thomas Harbin,,(716) 823-6262,,,Mailing,,"Lactalis  American Group, Inc.",,,,,,,,FALSE,FALSE,,TRUE
2,795,,17552,,,,,,,,,,,,,,Billing,,"Lactalis  American Group, Inc.",,2376 South Park Ave,,Buffalo,NY,14220,United States,TRUE,FALSE,,
3,795,,17552,,,,,,,,,,,,,,Shipping,,"Lactalis  American Group, Inc.",,,,,,,,FALSE,TRUE,,
1,796,,17554,,,,,,,,Fluxergy,Ed Rodriguez,billing@fluxergy.com,(949) 305-4201,,,Mailing,,Fluxergy,,,,,,,,FALSE,FALSE,,TRUE
2,796,,17554,,,,,,,,,,,,,,Billing,,Fluxergy,,13766 Alton Pkwy,,Irvine,CA,92618,United States,TRUE,FALSE,,
3,796,,17554,,,,,,,,,,,,,,Shipping,,Fluxergy,,,,,,,,FALSE,TRUE,,
1,797,,17556,,,,,,,,"Applied Metals, LLC",Mark Mogar,,,,,Mailing,,"Applied Metals, LLC",,,,,,,,FALSE,FALSE,,TRUE
2,797,,17556,,,,,,,,,,,,,,Billing,,"Applied Metals, LLC",,"5806 Grove Ave, Suite 807",,Richmond,VA,23226,United States,TRUE,FALSE,,
3,797,,17556,,,,,,,,,,,,,,Shipping,,"Applied Metals, LLC",,"5806 Grove Ave, Suite 807",,Richmond,VA,23226,United States,FALSE,TRUE,,
1,798,,17566,,,,,,,Lockheed Martin,Lockheed Martin - Veterans Trading Co LLC ,Thomas Harbin,invoice@vtcusa.com,(801) 363-8387,,,Mailing,,Lockheed Martin - Veterans Trading Co LLC ,,,,,,,,FALSE,FALSE,,TRUE
2,798,,17566,,,,,,,,,,,,,,Billing,,Lockheed Martin - Veterans Trading Co LLC ,,"15 W. South Temple, Ste 1050",,Salt Lake City,UT,84101,United States,TRUE,FALSE,,
3,798,,17566,,,,,,,,,,,,,,Shipping,,Lockheed Martin - Veterans Trading Co LLC ,,103 Chesapeake Park Plaza,"VLS Dock, Door 15",Baltimore ,MD,21220,United States,FALSE,TRUE,,
1,799,,17568,,,,,,,,CEM Corporation (MD),Mark Mogar,,(704) 821-9204,,,Mailing,,CEM Corporation,,,,,,,,FALSE,FALSE,,TRUE
2,799,,17568,,,,,,,,,,,,,,Billing,,CEM Corporation,,PO Box 200,,Mattews,NC,28104,United States,TRUE,FALSE,,
3,799,,17568,,,,,,,,,,,,,,Shipping,,CEM Corporation,,3100 Smith Farm Road,,Mattews ,NC,28104,United States,FALSE,TRUE,,
1,800,,17572,,,,,,,Nitto Denko,Nitto Denko Technical Corporation,Ed Rodriguez,,(760) 966-4104,,,Mailing,,Nitto Denko Technical Corporation,,,,,,,,FALSE,FALSE,,TRUE
2,800,,17572,,,,,,,,,,,,,,Billing,,Nitto Denko Technical Corporation,,501 Via Del Monte,,Oceanside,CA,92058,United States,TRUE,FALSE,,
3,800,,17572,,,,,,,,,,,,,,Shipping,,Nitto Denko Technical Corporation,,,,,,,,FALSE,TRUE,,
1,801,,17576,,,,,,,,Conglas UPF Corp,Ed Rodriguez,,(661) 301-3176,,,Mailing,,Conglas UPF Corp,,,,,,,,FALSE,FALSE,,TRUE
2,801,,17576,,,,,,,,,,,,,,Billing,,Conglas UPF Corp,,3747 Standard St,,Bakersfield,CA,93308,United States,TRUE,FALSE,,
3,801,,17576,,,,,,,,,,,,,,Shipping,,Conglas UPF Corp,,,,,,,,FALSE,TRUE,,
1,802,,17578,,,,,,,,Wilson Sporting Goods,Jake Sowers,,,,,Mailing,,Wilson Sporting Goods,,,,,,,,FALSE,FALSE,,TRUE
2,802,,17578,,,,,,,,,,,,,,Billing,,Wilson Sporting Goods,,217 N. Liberty Street,,Ada,OH,45810,United States,TRUE,FALSE,,
3,802,,17578,,,,,,,,,,,,,,Shipping,,Wilson Sporting Goods,,,,,,,,FALSE,TRUE,,
1,803,,17579,,,,,,,,DNA Athletic Limited,Jake Sowers,,+44 (0)7881625160,,,Mailing,,DNA Athletic Limited,,,,,,,,FALSE,FALSE,,TRUE
2,803,,17579,,,,,,,,,,,,,,Billing,,DNA Athletic Limited,,130 Old Street,,London,,EC1V9BD,United Kingdom,TRUE,FALSE,,
3,803,,17579,,,,,,,,,,,,,,Shipping,,DNA Athletic Limited,,,,,,,,FALSE,TRUE,,
1,804,,17581,,,,,,,,Brandeberry Winery,Jake Sowers,,,,,Mailing,,Brandeberry Winery,,,,,,,,FALSE,FALSE,,TRUE
2,804,,17581,,,,,,,,,,,,,,Billing,,Brandeberry Winery,,5118 W. Jackson Rd,,Enon,OH,45323,United States,TRUE,FALSE,,
3,804,,17581,,,,,,,,,,,,,,Shipping,,Brandeberry Winery,,,,,,,,FALSE,TRUE,,
1,805,,17583,,,,,,,,Big Hole Wilderness Medicine LLP,Ed Rodriguez,,(919) 280-6342,,,Mailing,,Big Hole Wilderness Medicine LLP,,,,,,,,FALSE,FALSE,,TRUE
2,805,,17583,,,,,,,,,,,,,,Billing,,Big Hole Wilderness Medicine LLP,,75 Bear Trial Rd,,Philipsburg,MT,59858,United States,TRUE,FALSE,,
3,805,,17583,,,,,,,,,,,,,,Shipping,,Big Hole Wilderness Medicine LLP,,,,,,,,FALSE,TRUE,,
1,806,,17585,,,,,,,DLA,DLA Distribution - New Cumberland,Susan Chambers,anita.shine.ctr@dla.mil; steve.jessup@dla.mil,,,,Mailing,,DLA Distribution - New Cumberland,,430 Mifflin Ave,,New Cumberland,PA,17070,United States,FALSE,FALSE,,TRUE
2,806,,17585,,,,,,,,,,,,,,Billing,,DLA Distribution - New Cumberland,,430 Mifflin Ave,,New Cumberland,PA,17070,United States,TRUE,FALSE,,
3,806,,17585,,,,,,,,,,,,,,Shipping,,DLA Distribution - New Cumberland,,,,,,,,FALSE,TRUE,,
1,807,,17587,,,,,,,,Ohio Turnpike ,Jake Sowers,apinvoicing@ohioturnpike.org,(440) 234-2081,,,Mailing,,Ohio Turnpike ,,,,,,,,FALSE,FALSE,,TRUE
2,807,,17587,,,,,,,,,,,,,,Billing,,Ohio Turnpike ,,682 Prospect St.,,Berea,OH,44017,United States,TRUE,FALSE,,
3,807,,17587,,,,,,,,,,,,,,Shipping,,Ohio Turnpike ,,,,,,,,FALSE,TRUE,,
1,808,,17588,,,,,,,,Parsons - Fourth Dimension Engineering,Thomas Harbin,,(410) 872-2360,(410) 290-1138,,Mailing,,Parsons - Fourth Dimension Engineering,,,,,,,,FALSE,FALSE,,TRUE
2,808,,17588,,,,,,,,,,,,,,Billing,,Parsons - Fourth Dimension Engineering,,7175 Columbia Gateway Drive,Suite D,Columbia, MD,21046,United States,TRUE,FALSE,,
3,808,,17588,,,,,,,,,,,,,,Shipping,,Parsons - Fourth Dimension Engineering,,,,,,,,FALSE,TRUE,,
1,809,,17591,,,,,,,,Etrak Technologies,Mark Mogar,,(205) 999-1460,,,Mailing,,Etrak Technologies,,,,,,,,FALSE,FALSE,,TRUE
2,809,,17591,,,,,,,,,,,,,,Billing,,Etrak Technologies,,"10 Office Park Circle, Suite 100",,Birmingham,AL,35223,United States,TRUE,FALSE,,
3,809,,17591,,,,,,,,,,,,,,Shipping,,Etrak Technologies,,"10 Office Park Circle, Suite 100",,Birmingham,AL,35223,United States,FALSE,TRUE,,
1,810,,17598,,,,,,,,CommScope,Mark Mogar,,,,,Mailing,,CommScope,,,,,,,,FALSE,FALSE,,TRUE
2,810,,17598,,,,,,,,,,,,,,Billing,,CommScope,,8000 Purfoy Road,,Fuqua,NC,27526,United States,TRUE,FALSE,,
3,810,,17598,,,,,,,,,,,,,,Shipping,,CommScope,,8000 Purfoy Road,,Fuqua,NC,27526,United States,FALSE,TRUE,,
1,811,,17599,,,,,,,Veritiv,Veritiv - MN,Mark Mogar,,,,,Mailing,,Veritiv MN,,,,,,,,FALSE,FALSE,,TRUE
2,811,,17599,,,,,,,,,,,,,,Billing,,Veritiv MN,,,,,,,,TRUE,FALSE,,
3,811,,17599,,,,,,,,,,,,,,Shipping,,Veritiv MN,,,,,,,,FALSE,TRUE,,
1,812,,17602,,,,,,,,Deepwind Research,Thomas Harbin,,(646) 773-7480,,,Mailing,,Deepwind Research,,,,,,,,FALSE,FALSE,,TRUE
2,812,,17602,,,,,,,,,,,,,,Billing,,Deepwind Research,,360 Carbrini Blvd,Suite 6D,New York,NY,10040,United States,TRUE,FALSE,,
3,812,,17602,,,,,,,,,,,,,,Shipping,,Deepwind Research,,,,,,,,FALSE,TRUE,,
1,813,,17603,,,,,,,,XM- Squared,Jake Sowers,,,,,Mailing,,XM- Squared,,,,,,,,FALSE,FALSE,,TRUE
2,813,,17603,,,,,,,,,,,,,,Billing,,XM- Squared,,2252 Blackburn Court,,Aurora,IL,60503,United States,TRUE,FALSE,,
3,813,,17603,,,,,,,,,,,,,,Shipping,,XM- Squared,,,,,,,,FALSE,TRUE,,
1,814,,17610,,,,,,,,Green Leaf Foods,Jake Sowers,,,,,Mailing,,Green Leaf Foods,,,,,,,,FALSE,FALSE,,TRUE
2,814,,17610,,,,,,,,,,,,,,Billing,,Green Leaf Foods,,180 W Park Ave Suite 300,,Elmhurst,IL,60126,United States,TRUE,FALSE,,
3,814,,17610,,,,,,,,,,,,,,Shipping,,Green Leaf Foods,,,,,,,,FALSE,TRUE,,
1,815,,17612,,,,,,,,MAKS INC,Jake Sowers,,,,,Mailing,,MAKS INC,,,,,,,,FALSE,FALSE,,TRUE
2,815,,17612,,,,,,,,,,,,,,Billing,,MAKS INC,,1150 Rankin,,Troy,MI,48083,United States,TRUE,FALSE,,
3,815,,17612,,,,,,,,,,,,,,Shipping,,MAKS INC,,,,,,,,FALSE,TRUE,,
1,816,,17613,,,,,,,,"Teslake, Inc.",Thomas Harbin,,(888) 262-2817,,,Mailing,,"Teslake, Inc.",,,,,,,,FALSE,FALSE,,TRUE
2,816,,17613,,,,,,,,,,,,,,Billing,,"Teslake, Inc.",,7 Beechbrook Lane,,Rochester,NY,14625,United States,TRUE,FALSE,,
3,816,,17613,,,,,,,,,,,,,,Shipping,,"Teslake, Inc.",,,,,,,,FALSE,TRUE,,
1,817,,17617,,,,,,,,Florida Custom Mold,Mark Mogar,,(813) 343-5088,,,Mailing,,Florida Custom Mold,,,,,,,,FALSE,FALSE,,TRUE
2,817,,17617,,,,,,,,,,,,,,Billing,,Florida Custom Mold,,1806 Gunn Highway,,Odessa,FL,33556,United States,TRUE,FALSE,,
3,817,,17617,,,,,,,,,,,,,,Shipping,,Florida Custom Mold,,,,,,,,FALSE,TRUE,,
1,818,,17622,,,,,,,,"Biomeme, Inc.",Thomas Harbin,INVOICES@biomeme.com,(267) 930-7707,,,Mailing,,"Biomeme, Inc.",,,,,,,,FALSE,FALSE,,TRUE
2,818,,17622,,,,,,,,,,,,,,Billing,,"Biomeme, Inc.",,"1015 Chestnut St., Suite 1401",,Philadelphia,PA,19107,United States,TRUE,FALSE,,
3,818,,17622,,,,,,,,,,,,,,Shipping,,"Biomeme, Inc.",,,,,,,,FALSE,TRUE,,
1,819,,17625,,,,,,,,Metlfab Inc,Thomas Harbin,,(301) 695-8814,,,Mailing,,Metlfab Inc,,,,,,,,FALSE,FALSE,,FALSE
2,819,,17625,,,,,,,,,,,,,,Billing,,Metlfab Inc,,7340 Executive Way,Suite D,Frederick,MD,21704,United States,TRUE,FALSE,,
3,819,,17625,,,,,,,,,,,,,,Shipping,,Metlfab Inc,,,,,,,,FALSE,TRUE,,
1,820,,17627,,,,,,,"Stanley Black & Decker, Inc.",Stanley Black and Decker (E. Joppa),Thomas Harbin,,(410) 307-6098,,,Mailing,,Stanley Black and Decker (E. Joppa),,,,,,,,FALSE,FALSE,,TRUE
2,820,,17627,,,,,,,,,,,,,,Billing,,Stanley Black and Decker (E. Joppa),,701 East Joppa Road,,Towson,MD,21286,United States,TRUE,FALSE,,
3,820,,17627,,,,,,,,,,,,,,Shipping,,Stanley Black and Decker (E. Joppa),,,,,,,,FALSE,TRUE,,
1,821,,17632,,,,,,,,Piaggio Fast Forward,Thomas Harbin,,,,,Mailing,,Piaggio Fast Forward,,,,,,,,FALSE,FALSE,,TRUE
2,821,,17632,,,,,,,,,,,,,,Billing,,Piaggio Fast Forward,,7 Roland St,,Boston,MA,02129,United States,TRUE,FALSE,,
3,821,,17632,,,,,,,,,,,,,,Shipping,,Piaggio Fast Forward,,7 Roland St,,Boston,MA,02129,United States,FALSE,TRUE,,
1,822,,17634,,,,,,,,Saint-Gobain PPL Corp,Jake Sowers,NA-APinvoices@saint-gobain.com,(518) 642-2200,,(518) 642-2793,Mailing,,Saint-Gobain PPL Corp,,,,,,,,FALSE,FALSE,,TRUE
2,822,,17634,,,,,,,,,,,,,,Billing,,Saint-Gobain PPL Corp,,Attn:Shared Service A/P,PO Box 2864,Clinton,IA,52733-2864,United States,TRUE,FALSE,,
3,822,,17634,,,,,,,,,,,,,,Shipping,,Saint-Gobain PPL Corp,,One Sealants Park,,Granville,NY,12832,United States,FALSE,TRUE,,
1,823,,17639,,,,,,,,"Vidaris, Inc.",Thomas Harbin,,,,,Mailing,,"Vidaris, Inc.",,,,,,,,FALSE,FALSE,,TRUE
2,823,,17639,,,,,,,,,,,,,,Billing,,"Vidaris, Inc.",,18-08 Greenwood Dr,,Fairlawn,NJ,07410,United States,TRUE,FALSE,,
3,823,,17639,,,,,,,,,,,,,,Shipping,,"Vidaris, Inc.",,,,,,,,FALSE,TRUE,,
1,824,,17641,,,,,,,,AHRAFFCO (Bugzstopper),Mark Mogar,,(877) 221-0003,,,Mailing,,AHRAFFCO (Bugzstopper),,,,,,,,FALSE,FALSE,,TRUE
2,824,,17641,,,,,,,,,,,,,,Billing,,AHRAFFCO (Bugzstopper),,13956 75th Avenue,,Seminole,FL,33776,United States,TRUE,FALSE,,
3,824,,17641,,,,,,,,,,,,,,Shipping,,AHRAFFCO (Bugzstopper),,,,,,,,FALSE,TRUE,,
1,825,,17647,,,,,,,,Shopify,,,,,,Mailing,,Shopify,,,,,,,,FALSE,FALSE,,TRUE
2,825,,17647,,,,,,,,,,,,,,Billing,,Shopify,,,,,,,,TRUE,FALSE,,
3,825,,17647,,,,,,,,,,,,,,Shipping,,Shopify,,,,,,,,FALSE,TRUE,,
1,826,,17649,,,,,,,,Holotech Hungart Kft.,Diane Edwards,,0036307182078,,,Mailing,,Holotech Hungart Kft.,,,,,,,,FALSE,FALSE,,TRUE
2,826,,17649,,,,,,,,,,,,,,Billing,,Holotech Hungart Kft.,,Nadas utca 2.,,Vac,,2600,Hungary,TRUE,FALSE,,
3,826,,17649,,,,,,,,,,,,,,Shipping,,Holotech Hungart Kft.,,,,,,,,FALSE,TRUE,,
1,827,,17651,,,,,,,,Stryker MI,Jake Sowers,,,,,Mailing,,Stryker MI,,,,,,,,FALSE,FALSE,,TRUE
2,827,,17651,,,,,,,,,,,,,,Billing,,Stryker MI,,1941 Stryker Way,,Portage,MI,49002,United States,TRUE,FALSE,,
3,827,,17651,,,,,,,,,,,,,,Shipping,,Stryker MI,,,,,,,,FALSE,TRUE,,
1,828,,17654,,,,,,,,Eaton - Aerospace Group,Thomas Harbin,,(610) 522-4959,,,Mailing,,Eaton - Aerospace Group,,,,,,,,FALSE,FALSE,,TRUE
2,828,,17654,,,,,,,,,,,,,,Billing,,Eaton - Aerospace Group,,24 E. Glenolden Ave,,Glenolden,PA,19036,United States,TRUE,FALSE,,
3,828,,17654,,,,,,,,,,,,,,Shipping,,Eaton - Aerospace Group,,,,,,,,FALSE,TRUE,,
1,829,,17655,,,,,,,,Freeosk,Jake Sowers,,,,,Mailing,,Freeosk,,,,,,,,FALSE,FALSE,,TRUE
2,829,,17655,,,,,,,,,,,,,,Billing,,Freeosk,,2901 Lakeshore Dr,Dock# 55,Saint Joseph,MI,49085,United States,TRUE,FALSE,,
3,829,,17655,,,,,,,,,,,,,,Shipping,,Freeosk,,,,,,,,FALSE,TRUE,,
1,830,,17657,,,,,,,,ETL Response,Ed Rodriguez,,,,,Mailing,,ETL Response,,,,,,,,FALSE,FALSE,,TRUE
2,830,,17657,,,,,,,,,,,,,,Billing,,ETL Response,,3930 Niblick Ct.,,Niwot,CO,80503,United States,TRUE,FALSE,,
3,830,,17657,,,,,,,,,,,,,,Shipping,,ETL Response,,,,,,,,FALSE,TRUE,,
1,831,,17661,,,,,,,,State of Alaska,Matthew Kay,,,,,Mailing,,State of Alaska,,,,,,,,FALSE,FALSE,,TRUE
2,831,,17661,,,,,,,,,,,,,,Billing,,State of Alaska,,Department of Administration - Shared Services of Alaska,"333 Willoughby Avenue, 8th Floor PO Box 110210",Juneau,AK,99811,United States,TRUE,FALSE,,
3,831,,17661,,,,,,,,,,,,,,Shipping,,State of Alaska,,,,,,,,FALSE,TRUE,,
1,832,,17665,,,,,,,,ImagineOptix Corporation,Mark Mogar,,(919) 757-4945,,,Mailing,,ImagineOptix Corporation,,,,,,,,FALSE,FALSE,,TRUE
2,832,,17665,,,,,,,,,,,,,,Billing,,ImagineOptix Corporation,,"70 TW Alexander Driver, #100",,Durham ,NC,27709,United States,TRUE,FALSE,,
3,832,,17665,,,,,,,,,,,,,,Shipping,,ImagineOptix Corporation,,,,,,,,FALSE,TRUE,,
1,833,,17675,,,,,,,,CIS Secure,Mark Mogar,,(703) 996-0500,,,Mailing,,CIS Secure,,,,,,,,FALSE,FALSE,,TRUE
2,833,,17675,,,,,,,,,,,,,,Billing,,CIS Secure,,21050 Ashburn Crossing Dr. Suite 145,,Ashburn ,VA,20147,United States,TRUE,FALSE,,
3,833,,17675,,,,,,,,,,,,,,Shipping,,CIS Secure,,21050 Ashburn Crossing Dr. Suite 145,,Ashburn ,VA,20147,United States,FALSE,TRUE,,
1,834,,17676,,,,,,,,Malmoset,Jake Sowers,,,,,Mailing,,Malmoset,,,,,,,,FALSE,FALSE,,TRUE
2,834,,17676,,,,,,,,,,,,,,Billing,,Malmoset,,12730 Cambridge Ave,,Grandview,MO,64030,United States,TRUE,FALSE,,
3,834,,17676,,,,,,,,,,,,,,Shipping,,Malmoset,,,,,,,,FALSE,TRUE,,
1,835,,17677,,,,,,,,"MSI Defense Solutions, LLC",Mark Mogar,,(704) 660-8348,,,Mailing,,"MSI Defense Solutions, LLC",,,,,,,,FALSE,FALSE,,TRUE
2,835,,17677,,,,,,,,,,,,,,Billing,,"MSI Defense Solutions, LLC",,PO Box 5506,,Mooresville,NC,28117,United States,TRUE,FALSE,,
3,835,,17677,,,,,,,,,,,,,,Shipping,,"MSI Defense Solutions, LLC",,136 Knob Hill Road,,Mooresville,NC,28117,United States,FALSE,TRUE,,
1,836,,17693,,,,,,,,DeNova Technology,Ed Rodriguez,,(530) 719-3064,,,Mailing,,DeNova Technology,,,,,,,,FALSE,FALSE,,TRUE
2,836,,17693,,,,,,,,,,,,,,Billing,,DeNova Technology,,2929 Grandview Street,,Placerville ,CA,95667,United States,TRUE,FALSE,,
3,836,,17693,,,,,,,,,,,,,,Shipping,,DeNova Technology,,,,,,,,FALSE,TRUE,,
1,837,,17697,,,,,,,,eAgile Inc.,Jake Sowers,,,,,Mailing,,eAgile Inc.,,,,,,,,FALSE,FALSE,,TRUE
2,837,,17697,,,,,,,,,,,,,,Billing,,eAgile Inc.,,1880 Turner Ave NW,Suite A,Grand Rapids ,MI,49504,United States,TRUE,FALSE,,
3,837,,17697,,,,,,,,,,,,,,Shipping,,eAgile Inc.,,,,,,,,FALSE,TRUE,,
1,838,,17698,,,,,,,,Chiplab,Ed Rodriguez,,,,,Mailing,,Chiplab,,,,,,,,FALSE,FALSE,,TRUE
2,838,,17698,,,,,,,,,,,,,,Billing,,Chiplab,,8171 S Grant Way,,Littleton,CO,80122,United States,TRUE,FALSE,,
3,838,,17698,,,,,,,,,,,,,,Shipping,,Chiplab,,,,,,,,FALSE,TRUE,,
1,839,,17699,,,,,,,,Proteowise,Thomas Harbin,,,,,Mailing,,Proteowise,,,,,,,,FALSE,FALSE,,TRUE
2,839,,17699,,,,,,,,,,,,,,Billing,,Proteowise,,85 Willow Street,Building 7,New Haven,CT,06511,United States,TRUE,FALSE,,
3,839,,17699,,,,,,,,,,,,,,Shipping,,Proteowise,,,,,,,,FALSE,TRUE,,
1,840,,17700,,,,,,,,R L Hudson & Company,Jake Sowers,ap@rlhudson.com,(918) 259-6600,,(918) 259-6700,Mailing,,R L Hudson & Company,,,,,,,,FALSE,FALSE,,TRUE
2,840,,17700,,,,,,,,,,,,,,Billing,,R L Hudson & Company,,2000 W. Tacoma,,Broken Arrow,OK,74012,United States,TRUE,FALSE,,
3,840,,17700,,,,,,,,,,,,,,Shipping,,R L Hudson & Company,,2000 W. Tacoma,,Broken Arrow,OK,74012,United States,FALSE,TRUE,,
1,841,,17701,,,,,,,,Tatch DBA Wesper,Thomas Harbin,BILLING@WESPER.COM,(516) 654-4166,,,Mailing,,Tatch DBA Wesper,,,,,,,,FALSE,FALSE,,TRUE
2,841,,17701,,,,,,,,,,,,,,Billing,,Tatch DBA Wesper,,234 5TH AVE,,New York,NY,10001,United States,TRUE,FALSE,,
3,841,,17701,,,,,,,,,,,,,,Shipping,,Tatch DBA Wesper,,,,,,,,FALSE,TRUE,,
1,842,,17703,,,,,,,,Clear Choice Therapeutics,,,,,,Mailing,,Clear Choice Therapeutics,,,,,,,,FALSE,FALSE,,TRUE
2,842,,17703,,,,,,,,,,,,,,Billing,,Clear Choice Therapeutics,,503 W. Cloverhurst Ave,,Athens,GA,50606-4216,United States,TRUE,FALSE,,
3,842,,17703,,,,,,,,,,,,,,Shipping,,Clear Choice Therapeutics,,503 W. Cloverhurst Ave,,Athens,GA,50606-4216,United States,FALSE,TRUE,,
1,843,,17704,,,,,,,,CCL Label,Thomas Harbin,buffapinvoices@cclind.com,(716) 843-2367,,,Mailing,,CCL Label,,,,,,,,FALSE,FALSE,,TRUE
2,843,,17704,,,,,,,,,,,,,,Billing,,CCL Label,,685 Howard Street,,Buffalo,NY,14206,United States,TRUE,FALSE,,
3,843,,17704,,,,,,,,,,,,,,Shipping,,CCL Label,,,,,,,,FALSE,TRUE,,
1,844,,17705,,,,,,,,"Cri-Tech, Inc",Thomas Harbin,,(781) 312-8353,,(781) 826-5770,Mailing,,"Cri-Tech, Inc",,,,,,,,FALSE,FALSE,,TRUE
2,844,,17705,,,,,,,,,,,,,,Billing,,"Cri-Tech, Inc",,85 Winter Street,,Hanover,MA,02339,United States,TRUE,FALSE,,
3,844,,17705,,,,,,,,,,,,,,Shipping,,"Cri-Tech, Inc",,,,,,,,FALSE,TRUE,,
1,845,,17706,,,,,,,,Universal Converting Equipment ,,,,,,Mailing,,Universal Converting Equipment ,,B12 Farthing Road Estate ,,Ipswich ,GB,IP1 5AP,United Kingdom,FALSE,FALSE,,TRUE
2,845,,17706,,,,,,,,,,,,,,Billing,,Universal Converting Equipment ,,B12 Farthing Road Estate ,,Ipswich ,GB,IP1 5AP,United Kingdom,TRUE,FALSE,,
3,845,,17706,,,,,,,,,,,,,,Shipping,,Universal Converting Equipment ,,B12 Farthing Road Estate ,,Ipswich ,GB,IP1 5AP,United Kingdom ,FALSE,TRUE,,
1,846,,17707,,,,,,,,YA Fine ArtL3,Mark Mogar,,(954) 610-7076,,,Mailing,,YA Fine ArtL3,,,,,,,,FALSE,FALSE,,TRUE
2,846,,17707,,,,,,,,,,,,,,Billing,,YA Fine ArtL3,,,,,,,,TRUE,FALSE,,
3,846,,17707,,,,,,,,,,,,,,Shipping,,YA Fine ArtL3,,2980 Simms St.,,Hollywood,FL,33020,United States,FALSE,TRUE,,
1,847,,17709,,,,,,,,Jacobs,Rich Burnette,AP-RSG@jacobs.com,(304) 638-9469,,,Mailing,,Jacobs,,,,,,,,FALSE,FALSE,,TRUE
2,847,,17709,,,,,,,,,,,,,,Billing,,Jacobs,,125 Broadway Avenue,,Oak Ridge,TN,37830,United States,TRUE,FALSE,,
3,847,,17709,,,,,,,,,,,,,,Shipping,,Jacobs,,,,,,,,FALSE,TRUE,,
1,848,,17715,,,,,,,,DyneTec (A Dontech Company),Thomas Harbin,,(215) 933-4171,(267) 576-2141,,Mailing,,DyneTec (A Dontech Company),,,,,,,,FALSE,FALSE,,TRUE
2,848,,17715,,,,,,,,,,,,,,Billing,,DyneTec (A Dontech Company),,206 Airport Boulevard,,Doylestown,PA,18902,United States,TRUE,FALSE,,
3,848,,17715,,,,,,,,,,,,,,Shipping,,DyneTec (A Dontech Company),,,,,,,,FALSE,TRUE,,
1,849,,17721,,,,,,,,"JG Plastics Group, LLC",Ed Rodriguez,,(714) 751-4266,,,Mailing,,"JG Plastics Group, LLC",,,,,,,,FALSE,FALSE,,TRUE
2,849,,17721,,,,,,,,,,,,,,Billing,,"JG Plastics Group, LLC",,335 Fischer Ave.,,Costa Mesa,CA,92626,United States,TRUE,FALSE,,
3,849,,17721,,,,,,,,,,,,,,Shipping,,"JG Plastics Group, LLC",,,,,,,,FALSE,TRUE,,
1,850,,17724,,,,,,,,MolecuLight Inc.,Jake Sowers,oahmad@moleculight.com,(416) 580-4714,,,Mailing,,MolecuLight Inc.,,,,,,,,FALSE,FALSE,,TRUE
2,850,,17724,,,,,,,,,,,,,,Billing,,MolecuLight Inc.,,425 University Ave. ,Suite 700,Toronto ,ON,M5G 1T6,Canada,TRUE,FALSE,,
3,850,,17724,,,,,,,,,,,,,,Shipping,,MolecuLight Inc.,,,,,,,,FALSE,TRUE,,
1,851,,17729,,,,,,,,Blink Device Company,Ed Rodriguez,,,,,Mailing,,Blink Device Company,,,,,,,,FALSE,FALSE,,TRUE
2,851,,17729,,,,,,,,,,,,,,Billing,,Blink Device Company,,1530 Westlake Ave N #600,,Seattle,WA,98109,United States,TRUE,FALSE,,
3,851,,17729,,,,,,,,,,,,,,Shipping,,Blink Device Company,,,,,,,,FALSE,TRUE,,
1,852,,17730,,,,,,,,Boulder Hockey Shield Co.,Ed Rodriguez,,,,,Mailing,,Boulder Hockey Shield Co.,,,,,,,,FALSE,FALSE,,TRUE
2,852,,17730,,,,,,,,,,,,,,Billing,,Boulder Hockey Shield Co.,,1020 Jersey Street #1,,Denver,CO,80220,United States,TRUE,FALSE,,
3,852,,17730,,,,,,,,,,,,,,Shipping,,Boulder Hockey Shield Co.,,,,,,,,FALSE,TRUE,,
1,853,,17731,,,,,,,,Nations Photo Lab / Artsy Couture,Thomas Harbin,accounting@nationsphotolab.com,(888) 507-5755,,,Mailing,,Nations Photo Lab / Artsy Couture,,,,,,,,FALSE,FALSE,,FALSE
2,853,,17731,,,,,,,,,,,,,,Billing,,Nations Photo Lab / Artsy Couture,,11103 Pepper Road,,Cockeysville,MD,21030,United States,TRUE,FALSE,,
3,853,,17731,,,,,,,,,,,,,,Shipping,,Nations Photo Lab / Artsy Couture,,11103 Pepper Road,,Cockeysville,MD,21030,United States,FALSE,TRUE,,
1,854,,17735,,,,,,,Lockheed Martin,Lockheed Martin Corporation - RMS Baltimore,Thomas Harbin,,,,,Mailing,,Lockheed Martin Corporation - RMS Baltimore,,,,,,,,FALSE,FALSE,,FALSE
2,854,,17735,,,,,,,,,,,,,,Billing,,Lockheed Martin Corporation - RMS Baltimore,,103 Chesapeake Park Plaza,65V1,Middle River,MD,21220,United States,TRUE,FALSE,,
3,854,,17735,,,,,,,,,,,,,,Shipping,,Lockheed Martin Corporation - RMS Baltimore,,,,,,,,FALSE,TRUE,,
1,855,,17738,,,,,,,,Eastprint Inc.,Thomas Harbin,Glynch@eastprint.com,,,,Mailing,,Eastprint Inc.,,,,,,,,FALSE,FALSE,,TRUE
2,855,,17738,,,,,,,,,,,,,,Billing,,Eastprint Inc.,,350 Willow Street,,North Andover,MA,01845,United States,TRUE,FALSE,,
3,855,,17738,,,,,,,,,,,,,,Shipping,,Eastprint Inc.,,UPS Supply Chain Solutions,10 Leigh Fisher Blvd,El Paso,TX,79906,United States,FALSE,TRUE,,
1,856,,17739,,,,,,,,Remy - International Consumer Products Inc.,Ed Rodriguez,,,,,Mailing,,Remy - International Consumer Products Inc.,,,,,,,,FALSE,FALSE,,TRUE
2,856,,17739,,,,,,,,,,,,,,Billing,,Remy - International Consumer Products Inc.,,"23-500 Fairway Rd., South",Suite 179,Kitchener,ON,N2C 1X3,Canada,TRUE,FALSE,,
3,856,,17739,,,,,,,,,,,,,,Shipping,,Remy - International Consumer Products Inc.,,,,,,,,FALSE,TRUE,,
1,857,,17741,,,,,,,,rHealth,Scott Chambers,,,,,Mailing,,rHealth,,,,,,,,FALSE,FALSE,,TRUE
2,857,,17741,,,,,,,,,,,,,,Billing,,rHealth,,One Oak Park Drive,,Bedford,MA,01730,United States,TRUE,FALSE,,
3,857,,17741,,,,,,,,,,,,,,Shipping,,rHealth,,,,,,,,FALSE,TRUE,,
1,858,,17745,,,,,,,,Draper Biological Microsystems,Thomas Harbin,,(617) 258-1012,,,Mailing,,Draper Biological Microsystems,,,,,,,,FALSE,FALSE,,TRUE
2,858,,17745,,,,,,,,,,,,,,Billing,,Draper Biological Microsystems,,555 Technology Square,,Cambridge,MA,02139,United States,TRUE,FALSE,,
3,858,,17745,,,,,,,,,,,,,,Shipping,,Draper Biological Microsystems,,,,,,,,FALSE,TRUE,,
1,859,,17751,,,,,,,,Vision Infinitas Inc.,Ed Rodriguez,,,,,Mailing,,Vision Infinitas Inc.,,,,,,,,FALSE,FALSE,,TRUE
2,859,,17751,,,,,,,,,,,,,,Billing,,Vision Infinitas Inc.,,PH02-117 McMahon Dr.,,North York,ON,M2K 0E4,Canada,TRUE,FALSE,,
3,859,,17751,,,,,,,,,,,,,,Shipping,,Vision Infinitas Inc.,,PH02-117 McMahon Dr.,,North York,ON,M2K 0E4,Canada,FALSE,TRUE,,
1,860,,17755,,,,,,,,Wavely Diagnostics,Ed Rodriguez,,,,,Mailing,,Wavely Diagnostics,,,,,,,,FALSE,FALSE,,TRUE
2,860,,17755,,,,,,,,,,,,,,Billing,,Wavely Diagnostics,,1100 NE Campus Pkwy,Suite 200,Seattle,WA,98105,United States,TRUE,FALSE,,
3,860,,17755,,,,,,,,,,,,,,Shipping,,Wavely Diagnostics,,,,,,,,FALSE,TRUE,,
1,861,,17757,,,,,,,USCG,USCG - Curtis Bay Yard,Thomas Harbin,,(410) 636-4037,,,Mailing,,USCG - Curtis Bay Yard,,,,,,,,FALSE,FALSE,,FALSE
2,861,,17757,,,,,,,,,,,,,,Billing,,USCG - Curtis Bay Yard,,2401 Hawkins Point Rd,,Baltimore,MD,21226,United States,TRUE,FALSE,,
3,861,,17757,,,,,,,,,,,,,,Shipping,,USCG - Curtis Bay Yard,,,,,,,,FALSE,TRUE,,
1,862,,17758,,,,,,,,Accu-Glass LLC,Jake Sowers,,,,,Mailing,,Accu-Glass LLC,,,,,,,,FALSE,FALSE,,TRUE
2,862,,17758,,,,,,,,,,,,,,Billing,,Accu-Glass LLC,,10765 Trenton Ave.,,St. Louis,MO,63132,United States,TRUE,FALSE,,
3,862,,17758,,,,,,,,,,,,,,Shipping,,Accu-Glass LLC,,,,,,,,FALSE,TRUE,,
1,863,,17760,,,,,,,,Divergent Products,Ed Rodriguez,,,,,Mailing,,Divergent Products,,,,,,,,FALSE,FALSE,,TRUE
2,863,,17760,,,,,,,,,,,,,,Billing,,Divergent Products,,1605 Lancer Ln,Space D,Austin,TX,78733,United States,TRUE,FALSE,,
3,863,,17760,,,,,,,,,,,,,,Shipping,,Divergent Products,,,,,,,,FALSE,TRUE,,
1,864,,17761,,,,,,,,Rain Solutions Inc.,Rich Burnette,,,,,Mailing,,Rain Solutions Inc.,,,,,,,,FALSE,FALSE,,TRUE
2,864,,17761,,,,,,,,,,,,,,Billing,,Rain Solutions Inc.,,146 Goldenrod Ave,,Perris,CA,92570,United States,TRUE,FALSE,,
3,864,,17761,,,,,,,,,,,,,,Shipping,,Rain Solutions Inc.,,146 Goldenrod Ave,,Perris,CA,92570,United States,FALSE,TRUE,,
1,865,,17762,,,,,,,,Nutri-Tube Medical,Ed Rodriguez,,,,,Mailing,,Nutri-Tube Medical,,,,,,,,FALSE,FALSE,,TRUE
2,865,,17762,,,,,,,,,,,,,,Billing,,Nutri-Tube Medical,,P.O. Box 1421,,Port Aransas,TX,78373,United States,TRUE,FALSE,,
3,865,,17762,,,,,,,,,,,,,,Shipping,,Nutri-Tube Medical,,,,,,,,FALSE,TRUE,,
1,866,,17764,,,,,,,,Seiler-Hughes,Thomas Harbin,,(410) 727-6770,,,Mailing,,Seiler-Hughes,,,,,,,,FALSE,FALSE,,FALSE
2,866,,17764,,,,,,,,,,,,,,Billing,,Seiler-Hughes,,138 W Barney St,,Baltimore,MD,21230,United States,TRUE,FALSE,,
3,866,,17764,,,,,,,,,,,,,,Shipping,,Seiler-Hughes,,,,,,,,FALSE,TRUE,,
1,867,,17767,,,,,,,,HealthTech Blueprints,Rich Burnette,,,,,Mailing,,HealthTech Blueprints,,,,,,,,FALSE,FALSE,,TRUE
2,867,,17767,,,,,,,,,,,,,,Billing,,HealthTech Blueprints,,1440 Broadway,Unit# 206,San Francisco,CA,94109,United States,TRUE,FALSE,,
3,867,,17767,,,,,,,,,,,,,,Shipping,,HealthTech Blueprints,,,,,,,,FALSE,TRUE,,
1,868,,17768,,,,,,,,Creation Technologies - WI,Rich Burnette,,,,,Mailing,,Creation Technologies - WI,,,,,,,,FALSE,FALSE,,TRUE
2,868,,17768,,,,,,,,,,,,,,Billing,,Creation Technologies - WI,,2250 Southbranch Blvd.,,Oak Creek,WI,53154,United States,TRUE,FALSE,,
3,868,,17768,,,,,,,,,,,,,,Shipping,,Creation Technologies - WI,,,,,,,,FALSE,TRUE,,
1,869,,17769,,,,,,,,Lynntech Inc.,Ed Rodriguez,,(979) 764-2200,,,Mailing,,Lynntech Inc.,,,,,,,,FALSE,FALSE,,TRUE
2,869,,17769,,,,,,,,,,,,,,Billing,,Lynntech Inc.,,2501 Earl Rudder Fwy,Ste 100,College Station,TX,77845,United States,TRUE,FALSE,,
3,869,,17769,,,,,,,,,,,,,,Shipping,,Lynntech Inc.,,,,,,,,FALSE,TRUE,,
1,870,,17770,,,,,,,,DNP Imagingcomm America Corporation,Mark Mogar," ap@dnp.imgcomm.com

",(704) 784-8100,,(704) 784-7190,Mailing,,DNP Imagingcomm America Corporation,,,,,,,,FALSE,FALSE,,TRUE
2,870,,17770,,,,,,,,,,,,,,Billing,,DNP Imagingcomm America Corporation,,4524 Enterprise Drive NW,,Concord,NC,28027,United States,TRUE,FALSE,,
3,870,,17770,,,,,,,,,,,,,,Shipping,,DNP Imagingcomm America Corporation,,,,,,,,FALSE,TRUE,,
1,871,,17779,,,,,,,,Altruem Consulting,Ed Rodriguez,,,,,Mailing,,Altruem Consulting,,,,,,,,FALSE,FALSE,,TRUE
2,871,,17779,,,,,,,,,,,,,,Billing,,Altruem Consulting,,715 Quetta Ave.,Apt. A,Sunnyvale,CA,94087,United States,TRUE,FALSE,,
3,871,,17779,,,,,,,,,,,,,,Shipping,,Altruem Consulting,,,,,,,,FALSE,TRUE,,
1,872,,17781,,,,,,,,Mountain View Electric Association,Ed Rodriguez,,,,,Mailing,,Mountain View Electric Association,,,,,,,,FALSE,FALSE,,TRUE
2,872,,17781,,,,,,,,,,,,,,Billing,,Mountain View Electric Association,,11140 E. Woodmen Road,,Falcon,CO,80831,United States,TRUE,FALSE,,
3,872,,17781,,,,,,,,,,,,,,Shipping,,Mountain View Electric Association,,,,,,,,FALSE,TRUE,,
1,873,,17785,,,,,,,,North Sails ,Thomas Harbin,,(401) 338-1771,,,Mailing,,North Sails ,,,,,,,,FALSE,FALSE,,TRUE
2,873,,17785,,,,,,,,,,,,,,Billing,,North Sails ,,125 Old Gate Lane,,Milford,CT,06460,United States,TRUE,FALSE,,
3,873,,17785,,,,,,,,,,,,,,Shipping,,North Sails ,,,,,,,,FALSE,TRUE,,
1,874,,17790,,,,,,,,Unchained Labs,Ed Rodriguez,,,,,Mailing,,Unchained Labs,,,,,,,,FALSE,FALSE,,TRUE
2,874,,17790,,,,,,,,,,,,,,Billing,,Unchained Labs,,6870 Koll Center Parkway,,Pleasanton,CA,94566,United States,TRUE,FALSE,,
3,874,,17790,,,,,,,,,,,,,,Shipping,,Unchained Labs,,,,,,,,FALSE,TRUE,,
1,875,,17791,,,,,,,,Pipeline Design & Engineering,Ed Rodriguez,,,,,Mailing,,Pipeline Design & Engineering,,,,,,,,FALSE,FALSE,,TRUE
2,875,,17791,,,,,,,,,,,,,,Billing,,Pipeline Design & Engineering,,2440 W 12th St,Suite 5,Tempe,AZ,85281,United States,TRUE,FALSE,,
3,875,,17791,,,,,,,,,,,,,,Shipping,,Pipeline Design & Engineering,,,,,,,,FALSE,TRUE,,
1,876,,17792,,,,,,,,Iota Biosciences,Ed Rodriguez,,,,,Mailing,,Iota Biosciences,,,,,,,,FALSE,FALSE,,TRUE
2,876,,17792,,,,,,,,,,,,,,Billing,,Iota Biosciences,,1020 Atlantic Ave,Suite 100,Alameda,CA,94501,United States,TRUE,FALSE,,
3,876,,17792,,,,,,,,,,,,,,Shipping,,Iota Biosciences,,,,,,,,FALSE,TRUE,,
1,877,,17793,,,,,,,,University of Utah,Ed Rodriguez,,,,,Mailing,,University of Utah,,,,,,,,FALSE,FALSE,,TRUE
2,877,,17793,,,,,,,,,,,,,,Billing,,University of Utah,,36 S Wasatch Drive,SMBB Rm 2670,Salt Lake City,UT,84112,United States,TRUE,FALSE,,
3,877,,17793,,,,,,,,,,,,,,Shipping,,University of Utah,,,,,,,,FALSE,TRUE,,
1,878,,17794,,,,,,,,"PharmChem, Inc.",Ed Rodriguez,,,,,Mailing,,"PharmChem, Inc.",,,,,,,,FALSE,FALSE,,TRUE
2,878,,17794,,,,,,,,,,,,,,Billing,,"PharmChem, Inc.",,2411 E. Loop 820 N.,,Fort Worth,TX,76118,United States,TRUE,FALSE,,
3,878,,17794,,,,,,,,,,,,,,Shipping,,"PharmChem, Inc.",,,,,,,,FALSE,TRUE,,
1,879,,17796,,,,,,,,"Selex ES, Inc. a Leonardo Co.",Jake Sowers,,(336) 379-7135,,,Mailing,,"Selex ES, Inc. a Leonardo Co.",,,,,,,,FALSE,FALSE,,TRUE
2,879,,17796,,,,,,,,,,,,,,Billing,,"Selex ES, Inc. a Leonardo Co.",,4221 Tudor Lane,,Greensboro,NC,27410,United States,TRUE,FALSE,,
3,879,,17796,,,,,,,,,,,,,,Shipping,,"Selex ES, Inc. a Leonardo Co.",,4221 Tudor Lane,,Greensboro,NC,27410,United States,FALSE,TRUE,,
1,880,,17797,,,,,,,,Zikodrive Motor Controllers,Matthew Kay,,,,,Mailing,,Zikodrive Motor Controllers,,,,,,,,FALSE,FALSE,,TRUE
2,880,,17797,,,,,,,,,,,,,,Billing,,Zikodrive Motor Controllers,,Second Floor,Clifton Warehouse,Sowerby Bridge,,HX6 2BY,United Kingdom,TRUE,FALSE,,
3,880,,17797,,,,,,,,,,,,,,Shipping,,Zikodrive Motor Controllers,,,,,,,,FALSE,TRUE,,
1,881,,17802,,,,,,,,Insitu,Ed Rodriguez,,,,,Mailing,,Insitu,,,,,,,,FALSE,FALSE,,TRUE
2,881,,17802,,,,,,,,,,,,,,Billing,,Insitu,,"Waucoma Bldg., 2nd Floor",902 Wasco Street,Hood River,OR,97031,United States,TRUE,FALSE,,
3,881,,17802,,,,,,,,,,,,,,Shipping,,Insitu,,,,,,,,FALSE,TRUE,,
1,882,,17804,,,,,,,,FlexPak Services,Jake Sowers,,,,,Mailing,,FlexPak Services,,,,,,,,FALSE,FALSE,,TRUE
2,882,,17804,,,,,,,,,,,,,,Billing,,FlexPak Services,,3500 Willow Lake Blvd,Ste 700,Vadnais Heights,MN,55110,United States,TRUE,FALSE,,
3,882,,17804,,,,,,,,,,,,,,Shipping,,FlexPak Services,,,,,,,,FALSE,TRUE,,
1,883,,17805,,,,,,,,Industrial Metal Supply Company,Ed Rodriguez,accounts@industrialmetalsupply.net,(724) 466-4030,,(724) 466-0097,Mailing,,Industrial Metal Supply Company,,,,,,,,FALSE,FALSE,,TRUE
2,883,,17805,,,,,,,,,,,,,,Billing,,Industrial Metal Supply Company,,8300 San Fernando Blvd.,,San Fernando,CA,91352,United States,TRUE,FALSE,,
3,883,,17805,,,,,,,,,,,,,,Shipping,,Industrial Metal Supply Company,,,,,,,,FALSE,TRUE,,
1,884,,17807,,,,,,,,Magnetek Inc,Matthew Kay,,(262) 201-9200,,(262) 800-4008,Mailing,,Magnetek Inc,,,,,,,,FALSE,FALSE,,TRUE
2,884,,17807,,,,,,,,,,,,,,Billing,,Magnetek Inc,,N49W13650 Campbell Dr.,,Menomonee Falls,WI,53051,United States,TRUE,FALSE,,
3,884,,17807,,,,,,,,,,,,,,Shipping,,Magnetek Inc,,,,,,,,FALSE,TRUE,,
1,885,,17811,,,,,,,,Nail Game,Rich Burnette,,,,,Mailing,,Nail Game,,,,,,,,FALSE,FALSE,,TRUE
2,885,,17811,,,,,,,,,,,,,,Billing,,Nail Game,,578 Washington Blvd,Suite 1160,Marina del Rey,CA,90292,United States,TRUE,FALSE,,
3,885,,17811,,,,,,,,,,,,,,Shipping,,Nail Game,,578 Washington Blvd,Suite 1160,Marina del Rey,CA,90292,United States,FALSE,TRUE,,
1,886,,17812,,,,,,,,Cortex Design,Ed Rodriguez,,,,,Mailing,,Cortex Design,,,,,,,,FALSE,FALSE,,TRUE
2,886,,17812,,,,,,,,,,,,,,Billing,,Cortex Design,,61 Elm Grove Ave,Suite 207,Toronto,ON,M6K2J2,Canada,TRUE,FALSE,,
3,886,,17812,,,,,,,,,,,,,,Shipping,,Cortex Design,,,,,,,,FALSE,TRUE,,
1,887,,17817,,,,,,,,QTCL,Mark Mogar,,(281) 770-8151,,,Mailing,,QTCL,,,,,,,,FALSE,FALSE,,TRUE
2,887,,17817,,,,,,,,,,,,,,Billing,,QTCL,,"500 Carraway Crossing, Suite 5213",,Chapel Hill,NC,27514,United States,TRUE,FALSE,,
3,887,,17817,,,,,,,,,,,,,,Shipping,,QTCL,,"500 Carraway Crossing, Suite 5213",,Chapel Hill,NC,27514,United States,FALSE,TRUE,,
1,888,,17828,,,,,,,,DST Innovations,Ed Rodriguez,,,,,Mailing,,DST Innovations,,,,,,,,FALSE,FALSE,,TRUE
2,888,,17828,,,,,,,,,,,,,,Billing,,DST Innovations,,1420 Shaw Ave,Suite 102/187,Clovis,CA,93611,United States,TRUE,FALSE,,
3,888,,17828,,,,,,,,,,,,,,Shipping,,DST Innovations,,,,,,,,FALSE,TRUE,,
1,889,,17829,,,,,,,,"Sunburst Electronics, LLC",Thomas Harbin,APSunburst@sunb.com,(814) 461-9120,,(814) 480-8203,Mailing,,"Sunburst Electronics, LLC",,,,,,,,FALSE,FALSE,,TRUE
2,889,,17829,,,,,,,,,,,,,,Billing,,"Sunburst Electronics, LLC",,420 E. Bayfront Pkwy,,Erie,PA,16507,United States,TRUE,FALSE,,
3,889,,17829,,,,,,,,,,,,,,Shipping,,"Sunburst Electronics, LLC",,,,,,,,FALSE,TRUE,,
1,890,,17834,,,,,,,,NorvaNivel,Ed Rodriguez,,(972) 685-6223,,,Mailing,,NorvaNivel,,,,,,,,FALSE,FALSE,,TRUE
2,890,,17834,,,,,,,,,,,,,,Billing,,NorvaNivel,,1235 Profit Drive,,Dallas,TX,75247,United States,TRUE,FALSE,,
3,890,,17834,,,,,,,,,,,,,,Shipping,,NorvaNivel,,,,,,,,FALSE,TRUE,,
1,891,,17835,,,,,,,,EzyAid,Jake Sowers,,,,,Mailing,,EzyAid,,,,,,,,FALSE,FALSE,,TRUE
2,891,,17835,,,,,,,,,,,,,,Billing,,EzyAid,,59 Philip Street,,Gloucester,NSW,2422,Australia,TRUE,FALSE,,
3,891,,17835,,,,,,,,,,,,,,Shipping,,EzyAid,,,,,,,,FALSE,TRUE,,
1,892,,17836,,,,,,,,THK Rythm Automotive - Ontario,Ed Rodriguez,,,,,Mailing,,THK Rythm Automotive - Ontario,,,,,,,,FALSE,FALSE,,TRUE
2,892,,17836,,,,,,,,,,,,,,Billing,,THK Rythm Automotive - Ontario,,230 Louth St.,,St. Catharines,ON,L2R 7B5,Canada,TRUE,FALSE,,
3,892,,17836,,,,,,,,,,,,,,Shipping,,THK Rythm Automotive - Ontario,,,,,,,,FALSE,TRUE,,
1,893,,17837,,,,,,,,Overnightline,Jake Sowers,,(800) 833-9878,,,Mailing,,Overnightline,,,,,,,,FALSE,FALSE,,TRUE
2,893,,17837,,,,,,,,,,,,,,Billing,,Overnightline,,215 W. Monroe Street,,Mt. Pleasant,IA,52641,United States,TRUE,FALSE,,
3,893,,17837,,,,,,,,,,,,,,Shipping,,Overnightline,,,,,,,,FALSE,TRUE,,
1,894,,17846,,,,,,,,"Cintilight, LLC",Mark Mogar,,(865) 382-8031,,,Mailing,,"Cintilight, LLC",,,,,,,,FALSE,FALSE,,TRUE
2,894,,17846,,,,,,,,,,,,,,Billing,,"Cintilight, LLC",,"118 N. Peters Rd., #341",,Knoxville,TN,37203,United States,TRUE,FALSE,,
3,894,,17846,,,,,,,,,,,,,,Shipping,,"Cintilight, LLC",,"118 N. Peters Rd., #341",,Knoxville,TN,37923,United States,FALSE,TRUE,,
1,895,,17848,,,,,,,,Griffin Chemical Co. LLC,Thomas Harbin,,,,,Mailing,,Griffin Chemical Co. LLC,,,,,,,,FALSE,FALSE,,TRUE
2,895,,17848,,,,,,,,,,,,,,Billing,,Griffin Chemical Co. LLC,,889 Erie Ave,,Buffalo,NY,14120,United States,TRUE,FALSE,,
3,895,,17848,,,,,,,,,,,,,,Shipping,,Griffin Chemical Co. LLC,,,,,,,,FALSE,TRUE,,
1,896,,17851,,,,,,,,NAL Research Corporation,Mark Mogar,nal-business@nalresearch.com,(703) 392-1136,,,Mailing,,NAL Research Corporation,,,,,,,,FALSE,FALSE,,TRUE
2,896,,17851,,,,,,,,,,,,,,Billing,,NAL Research Corporation,,11100 Endeavor Ct. Suite 300,,Manassas,VA,20109,United States,TRUE,FALSE,,
3,896,,17851,,,,,,,,,,,,,,Shipping,,NAL Research Corporation,,11100 Endeavor Ct. Suite 300,,Manassas,VA,20109,United States,FALSE,TRUE,,
1,897,,17856,,,,,,,,"Chris Reilly, LLC",Mark Mogar,,,,,Mailing,,"Chris Reilly, LLC",,,,,,,,FALSE,FALSE,,TRUE
2,897,,17856,,,,,,,,,,,,,,Billing,,"Chris Reilly, LLC",,7926 Lake Waunatta Drive,,Winter Park,FL,32792,United States,TRUE,FALSE,,
3,897,,17856,,,,,,,,,,,,,,Shipping,,"Chris Reilly, LLC",,,,,,,,FALSE,TRUE,,
1,898,,17857,,,,,,,,West Coast Supplies,Ed Rodriguez,,,,,Mailing,,West Coast Supplies,,,,,,,,FALSE,FALSE,,TRUE
2,898,,17857,,,,,,,,,,,,,,Billing,,West Coast Supplies,,2750 Mercantile Drive,Suite 100,Rancho Cordova,CA,95742,United States,TRUE,FALSE,,
3,898,,17857,,,,,,,,,,,,,,Shipping,,West Coast Supplies,,,,,,,,FALSE,TRUE,,
1,899,,17859,,,,,,,,"CPI Card Group, Inc.",Ed Rodriguez,,,,,Mailing,,"CPI Card Group, Inc.",,,,,,,,FALSE,FALSE,,TRUE
2,899,,17859,,,,,,,,,,,,,,Billing,,"CPI Card Group, Inc.",,10368 W Centennial Rd,,Littleton,CO,80127,United States,TRUE,FALSE,,
3,899,,17859,,,,,,,,,,,,,,Shipping,,"CPI Card Group, Inc.",,,,,,,,FALSE,TRUE,,
1,900,,17870,,,,,,,Peloton Interactive,"Peloton Interactive, Inc.",Thomas Harbin,invoices@onepeloton.com,(908) 821-5853,,,Mailing,,"Peloton Interactive, Inc.",,,,,,,,FALSE,FALSE,,TRUE
2,900,,17870,,,,,,,,,,,,,,Billing,,"Peloton Interactive, Inc.",,125 W 25th St,11 FL,New York,NY,10001,United States,TRUE,FALSE,,
3,900,,17870,,,,,,,,,,,,,,Shipping,,"Peloton Interactive, Inc.",,,,,,,,FALSE,TRUE,,
1,901,,17872,,,,,,,,"Covercraft Industries, LLC",Jake Sowers,"accountspayable@covercraft.com 
",,,,Mailing,,"Covercraft Industries, LLC",,,,,,,,FALSE,FALSE,,TRUE
2,901,,17872,,,,,,,,,,,,,,Billing,,"Covercraft Industries, LLC",,100 Enterprise Blvd.,,Pauls Valley,OK,73075,United States,TRUE,FALSE,,
3,901,,17872,,,,,,,,,,,,,,Shipping,,"Covercraft Industries, LLC",,,,,,,,FALSE,TRUE,,
1,902,,17874,,,,,,,,"HYDE-RITE, LLC",Mark Mogar,,(931) 505-0855,,,Mailing,,"HYDE-RITE, LLC",,,,,,,,FALSE,FALSE,,TRUE
2,902,,17874,,,,,,,,,,,,,,Billing,,"HYDE-RITE, LLC",,1409 Old Highway 99,,Columbia,TN,38401,United States,TRUE,FALSE,,
3,902,,17874,,,,,,,,,,,,,,Shipping,,"HYDE-RITE, LLC",,1409 Old Highway 99,,Columbia,TN,38401,United States,FALSE,TRUE,,
1,903,,17877,,,,,,,,Turbo Solutions,Thomas Harbin,SSotelo@tsreman.com,(844) 428-8726,,,Mailing,,Turbo Solutions,,,,,,,,FALSE,FALSE,,TRUE
2,903,,17877,,,,,,,,,,,,,,Billing,,Turbo Solutions,,8500 Remington Ave,,Pennsauken,NJ,08110,United States,TRUE,FALSE,,
3,903,,17877,,,,,,,,,,,,,,Shipping,,Turbo Solutions,,,,,,,,FALSE,TRUE,,
1,904,,17880,,,,,,,,Cerebras Systems - C/O JM Express,Ed Rodriguez,,,,,Mailing,,Cerebras Systems - C/O JM Express,,,,,,,,FALSE,FALSE,,TRUE
2,904,,17880,,,,,,,,,,,,,,Billing,,Cerebras Systems - C/O JM Express,,47606 Kato Rd.,Bldg. A,Fremont,CA,94538,United States,TRUE,FALSE,,
3,904,,17880,,,,,,,,,,,,,,Shipping,,Cerebras Systems - C/O JM Express,,,,,,,,FALSE,TRUE,,
1,905,,17882,,,,,,,,Chesapeake Resource Group,Thomas Harbin,,(240) 444-1811,,,Mailing,,Chesapeake Resource Group,,1418 Fallsmead Way,,Potomac,MD,20854,United States,FALSE,FALSE,,TRUE
2,905,,17882,,,,,,,,,,,,,,Billing,,Chesapeake Resource Group,,1418 Fallsmead Way,,Potomac,MD,20854,United States,TRUE,FALSE,,
3,905,,17882,,,,,,,,,,,,,,Shipping,,Chesapeake Resource Group,,1418 Fallsmead Way,,Potomac,MD,20854,United States,FALSE,TRUE,,
1,906,,17883,,,,,,,,Splashguard Corporation,Mark Mogar,,(703) 926-3043,,,Mailing,,Splashguard Corporation,,,,,,,,FALSE,FALSE,,TRUE
2,906,,17883,,,,,,,,,,,,,,Billing,,Splashguard Corporation,,6907 Clifton Road,,Clifton,VA,20124,United States,TRUE,FALSE,,
3,906,,17883,,,,,,,,,,,,,,Shipping,,Splashguard Corporation,,6907 Clifton Road,,Clifton,VA,20124,United States,FALSE,TRUE,,
1,907,,17886,,,,,,,,Thermo Heating Elements,Mark Mogar,,(864) 295-4811,,,Mailing,,Thermo Heating Elements,,,,,,,,FALSE,FALSE,,TRUE
2,907,,17886,,,,,,,,,,,,,,Billing,,Thermo Heating Elements,,273 Langston Road,,Piedmont ,SC,29673,United States,TRUE,FALSE,,
3,907,,17886,,,,,,,,,,,,,,Shipping,,Thermo Heating Elements,,,,,,,,FALSE,TRUE,,
1,909,,17891,,,,,,,,"DMS, Incorporated ",,,(800) 655-7882,(847) 726-2828,,Mailing,,"DMS, Incorporated ",,1120 Ensell Road ,,Lake Zurich ,Illinois ,60047,United States,FALSE,FALSE,,TRUE
2,909,,17891,,,,,,,,,,,,,,Billing,,"DMS, Incorporated ",,1120 Ensell Road ,,Lake Zurich ,Illinois ,60047,United States,TRUE,FALSE,,
3,909,,17891,,,,,,,,,,,,,,Shipping,,"DMS, Incorporated ",,1120 Ensell Road ,,Lake Zurich ,Illinois ,60047,United States,FALSE,TRUE,,
1,910,,17895,,,,,,,,American Electro Products Inc,Thomas Harbin,,(203) 756-7051,,,Mailing,,American Electro Products Inc,,,,,,,,FALSE,FALSE,,TRUE
2,910,,17895,,,,,,,,,,,,,,Billing,,American Electro Products Inc,,1358 Thomaston Ave,,Waterbury,CT,06704,United States,TRUE,FALSE,,
3,910,,17895,,,,,,,,,,,,,,Shipping,,American Electro Products Inc,,,,,,,,FALSE,TRUE,,
1,911,,17897,,,,,,,,"Medline Industries, LP",Mark Mogar,Supplyinvoices@medline.com,(847) 643-4291,,,Mailing,,"Medline Industries, LP",,,,,,,,FALSE,FALSE,,TRUE
2,911,,17897,,,,,,,,,,,,,,Billing,,"Medline Industries, LP",,Three Lakes Drive,,Northfield,IL,60093,United States,TRUE,FALSE,,
3,911,,17897,,,,,,,,,,,,,,Shipping,,"Medline Industries, LP",,2450 Perimeter Parkway,Ste 100,Morrisville,NC,27560,United States,FALSE,TRUE,,
1,912,,17898,,,,,,,,Vertitackle,Mark Mogar,,(239) 250-9060,,,Mailing,,Vertitackle,,5186 Tallowood Way,,Naples,FL,34116,United States,FALSE,FALSE,,TRUE
2,912,,17898,,,,,,,,,,,,,,Billing,,Vertitackle,,5186 Tallowood Way,,Naples,FL,34116,United States,TRUE,FALSE,,
3,912,,17898,,,,,,,,,,,,,,Shipping,,Vertitackle,,,,,,,,FALSE,TRUE,,
1,913,,17905,,,,,,,,"Baytech Products, LLC",Mark Mogar,,(828) 712-5466,,,Mailing,,"Baytech Products, LLC",,,,,,,,FALSE,FALSE,,TRUE
2,913,,17905,,,,,,,,,,,,,,Billing,,"Baytech Products, LLC",,6 Frith Street,,Ashville,NC,28803,United States,TRUE,FALSE,,
3,913,,17905,,,,,,,,,,,,,,Shipping,,"Baytech Products, LLC",,,,,,,,FALSE,TRUE,,
1,914,,17908,,,,,,,,4Design,Jake Sowers,,64 3 442 6441,,,Mailing,,4Design,,,,,,,,FALSE,FALSE,,TRUE
2,914,,17908,,,,,,,,,,,,,,Billing,,4Design,,L1 1 Searle Lane,,Queenstown,,9300,New Zealand,TRUE,FALSE,,
3,914,,17908,,,,,,,,,,,,,,Shipping,,4Design,,,,,,,,FALSE,TRUE,,
1,915,,17909,,,,,,,,Urocare Products,Ed Rodriguez,,,,,Mailing,,Urocare Products,,,,,,,,FALSE,FALSE,,TRUE
2,915,,17909,,,,,,,,,,,,,,Billing,,Urocare Products,,2735 Melbourne Avenue,,Pamona,CA,91767,United States,TRUE,FALSE,,
3,915,,17909,,,,,,,,,,,,,,Shipping,,Urocare Products,,,,,,,,FALSE,TRUE,,
1,916,,17910,,,,,,,,IET Ballistics Firearms & Accessories,Jake Sowers,,,,,Mailing,,IET Ballistics Firearms & Accessories,,,,,,,,FALSE,FALSE,,TRUE
2,916,,17910,,,,,,,,,,,,,,Billing,,IET Ballistics Firearms & Accessories,,1853 Dousman St,,Green Bay,WI,54303,United States,TRUE,FALSE,,
3,916,,17910,,,,,,,,,,,,,,Shipping,,IET Ballistics Firearms & Accessories,,,,,,,,FALSE,TRUE,,
1,917,,17911,,,,,,,,Hamby's Marine Products,Jake Sowers,,(918) 288-2822,,,Mailing,,Hamby's Marine Products,,,,,,,,FALSE,FALSE,,TRUE
2,917,,17911,,,,,,,,,,,,,,Billing,,Hamby's Marine Products,,4175 W 107 Street N,,Sperry,OK,74073,United States,TRUE,FALSE,,
3,917,,17911,,,,,,,,,,,,,,Shipping,,Hamby's Marine Products,,,,,,,,FALSE,TRUE,,
1,918,,17912,,,,,,,,Daewon SPIC,Ed Rodriguez,,,,,Mailing,,Daewon SPIC,,,,,,,,FALSE,FALSE,,TRUE
2,918,,17912,,,,,,,,,,,,,,Billing,,Daewon SPIC,,2350 Mission College Blvd,Ste 900,Santa Clara,CA,95054,United States,TRUE,FALSE,,
3,918,,17912,,,,,,,,,,,,,,Shipping,,Daewon SPIC,,,,,,,,FALSE,TRUE,,
1,919,,17913,,,,,,,,Astley Precision Machine Co. Inc.,Thomas Harbin,,(724) 861-5000,,(724) 861-5110,Mailing,,Astley Precision Machine Co. Inc.,,,,,,,,FALSE,FALSE,,TRUE
2,919,,17913,,,,,,,,,,,,,,Billing,,Astley Precision Machine Co. Inc.,,1553 Arona Road,,Irwin,PA,15642,United States,TRUE,FALSE,,
3,919,,17913,,,,,,,,,,,,,,Shipping,,Astley Precision Machine Co. Inc.,,,,,,,,FALSE,TRUE,,
1,920,,17915,,,,,,,,Key Dev Bio,Jake Sowers,,,,,Mailing,,Key Dev Bio,,,,,,,,FALSE,FALSE,,TRUE
2,920,,17915,,,,,,,,,,,,,,Billing,,Key Dev Bio,,1520 Ridgewood Ave,,Ames,IA,50010,United States,TRUE,FALSE,,
3,920,,17915,,,,,,,,,,,,,,Shipping,,Key Dev Bio,,,,,,,,FALSE,TRUE,,
1,921,,17917,,,,,,,,"Green Ware, LLC",Mark Mogar,,(205) 862-2306,,,Mailing,,"Green Ware, LLC",,,,,,,,FALSE,FALSE,,TRUE
2,921,,17917,,,,,,,,,,,,,,Billing,,"Green Ware, LLC",,149 Buck Creek Plaza,Suite E,Alabaster,AL,35007,United States,TRUE,FALSE,,
3,921,,17917,,,,,,,,,,,,,,Shipping,,"Green Ware, LLC",,,,,,,,FALSE,TRUE,,
1,922,,17918,,,,,,,,"Smart Wires, Inc.",Mark Mogar,,,,,Mailing,,"Smart Wires, Inc.",,,,,,,,FALSE,FALSE,,TRUE
2,922,,17918,,,,,,,,,,,,,,Billing,,"Smart Wires, Inc.",,1035 Swabia Court,Suite 130,Durham,NC,27703,United States,TRUE,FALSE,,
3,922,,17918,,,,,,,,,,,,,,Shipping,,"Smart Wires, Inc.",,,,,,,,FALSE,TRUE,,
1,923,,17922,,,,,,,,Itco International,Mark Mogar,,(704) 560-3679,,,Mailing,,Itco International,,,,,,,,FALSE,FALSE,,TRUE
2,923,,17922,,,,,,,,,,,,,,Billing,,Itco International,,121 C Burke Street,,Monroe,NC,28112,United States,TRUE,FALSE,,
3,923,,17922,,,,,,,,,,,,,,Shipping,,Itco International,,121 C Burke Street,,Monroe,NC,28112,United States,FALSE,TRUE,,
1,924,,17923,,,,,,,,Trigger Industries,Ed Rodriguez,landon@triggerindustriesinc.com,,,,Mailing,,Trigger Industries,,,,,,,,FALSE,FALSE,,TRUE
2,924,,17923,,,,,,,,,,,,,,Billing,,Trigger Industries,,810 McCool St.,,Crossfield,AB,T0M 0S0,Canada,TRUE,FALSE,,
3,924,,17923,,,,,,,,,,,,,,Shipping,,Trigger Industries,,,,,,,,FALSE,TRUE,,
1,925,,17928,,,,,,,Peloton Interactive,Peloton Interactive UK Limited,Thomas Harbin,ukpayable@onepeloton.com,,,,Mailing,,Peloton Interactive UK Limited,,,,,,,,FALSE,FALSE,,TRUE
2,925,,17928,,,,,,,,,,,,,,Billing,,Peloton Interactive UK Limited,,5 Upper Street Martin's Lane,Orion House,London,,WC2H 9EA,United Kingdom,TRUE,FALSE,,
3,925,,17928,,,,,,,,,,,,,,Shipping,,Peloton Interactive UK Limited,,,,,,,,FALSE,TRUE,,
1,926,,17933,,,,,,,,Mid Atlantic Computer Services,Ed Rodriguez,,,,,Mailing,,Mid Atlantic Computer Services,,,,,,,,FALSE,FALSE,,TRUE
2,926,,17933,,,,,,,,,,,,,,Billing,,Mid Atlantic Computer Services,,13030 Alondra Blvd.,Ste 101,Cerritos,CA,90703,United States,TRUE,FALSE,,
3,926,,17933,,,,,,,,,,,,,,Shipping,,Mid Atlantic Computer Services,,,,,,,,FALSE,TRUE,,
1,927,,17936,,,,,,,,Eye Will Be There,Rich Burnette,,,,,Mailing,,Eye Will Be There,,,,,,,,FALSE,FALSE,,TRUE
2,927,,17936,,,,,,,,,,,,,,Billing,,Eye Will Be There,,4111 Clairemont Dr,,San Diego,CA,92117,United States,TRUE,FALSE,,
3,927,,17936,,,,,,,,,,,,,,Shipping,,Eye Will Be There,,,,,,,,FALSE,TRUE,,
1,928,,17937,,,,,,,,Sugar Sticks,Ed Rodriguez,,,,,Mailing,,Sugar Sticks,,,,,,,,FALSE,FALSE,,TRUE
2,928,,17937,,,,,,,,,,,,,,Billing,,Sugar Sticks,,1243 S. Hillcrest Dr.,,Cedar City,UT,84720,United States,TRUE,FALSE,,
3,928,,17937,,,,,,,,,,,,,,Shipping,,Sugar Sticks,,,,,,,,FALSE,TRUE,,
1,929,,17938,,,,,,,,Advanced Vascular Dynamics,Jake Sowers,bhamlett@compressar.com,,,,Mailing,,Advanced Vascular Dynamics,,,,,,,,FALSE,FALSE,,TRUE
2,929,,17938,,,,,,,,,,,,,,Billing,,Advanced Vascular Dynamics,,4252 SE International Way,Ste F,Milwaukie,OR,97222,United States,TRUE,FALSE,,
3,929,,17938,,,,,,,,,,,,,,Shipping,,Advanced Vascular Dynamics,,,,,,,,FALSE,TRUE,,
1,930,,17941,,,,,,,,MN Department of Transportation - Metro District,Jake Sowers,,,,,Mailing,,MN Department of Transportation - Metro District,,,,,,,,FALSE,FALSE,,TRUE
2,930,,17941,,,,,,,,,,,,,,Billing,,MN Department of Transportation - Metro District,,1500 County Road B2 W,,Roseville,MN,55113,United States,TRUE,FALSE,,
3,930,,17941,,,,,,,,,,,,,,Shipping,,MN Department of Transportation - Metro District,,,,,,,,FALSE,TRUE,,
1,931,,17942,,,,,,,,"Saft America, Inc.",Mark Mogar,,,,,Mailing,,"Saft America, Inc.",,,,,,,,FALSE,FALSE,,TRUE
2,931,,17942,,,,,,,,,,,,,,Billing,,"Saft America, Inc.",,13575 Waterworks Street,,Jacksonville,FL,32221,United States,TRUE,FALSE,,
3,931,,17942,,,,,,,,,,,,,,Shipping,,"Saft America, Inc.",,13575 Waterworks Street,,Jacksonville,FL,32221,United States,FALSE,TRUE,,
1,932,,17944,,,,,,,,PercuSense,Ed Rodriguez,,,,,Mailing,,PercuSense,,,,,,,,FALSE,FALSE,,TRUE
2,932,,17944,,,,,,,,,,,,,,Billing,,PercuSense,,"25134 Rye Canyon Loop, Suite 180",,Valencia,CA,91355,United States,TRUE,FALSE,,
3,932,,17944,,,,,,,,,,,,,,Shipping,,PercuSense,,,,,,,,FALSE,TRUE,,
1,933,,17945,,,,,,,,"Nash Builders, Ltd",Ed Rodriguez,,(830) 598-2454,,(830) 598-6966,Mailing,,"Nash Builders, Ltd",,,,,,,,FALSE,FALSE,,TRUE
2,933,,17945,,,,,,,,,,,,,,Billing,,"Nash Builders, Ltd",,6810 B FM 2147,,Horsehoe Bay,TX,78657,United States,TRUE,FALSE,,
3,933,,17945,,,,,,,,,,,,,,Shipping,,"Nash Builders, Ltd",,,,,,,,FALSE,TRUE,,
1,934,,17950,,,,,,,,WayRay,Jake Sowers,,,,,Mailing,,WayRay,,,,,,,,FALSE,FALSE,,TRUE
2,934,,17950,,,,,,,,,,,,,,Billing,,WayRay,,,,,,,,TRUE,FALSE,,
3,934,,17950,,,,,,,,,,,,,,Shipping,,WayRay,,,,,,,,FALSE,TRUE,,
1,935,,17960,,,,,,,,ALP Lexalite Brand,Jake Sowers,,(231) 547-6584,,,Mailing,,ALP Lexalite Brand,,,,,,,,FALSE,FALSE,,TRUE
2,935,,17960,,,,,,,,,,,,,,Billing,,ALP Lexalite Brand,,10163 US 31 North,,Charlevoix,MI,49720-9649,United States,TRUE,FALSE,,
3,935,,17960,,,,,,,,,,,,,,Shipping,,ALP Lexalite Brand,,,,,,,,FALSE,TRUE,,
1,936,,17964,,,,,,,,Klockner Pentaplast,Mark Mogar,,,,,Mailing,,Klockner Pentaplast,,,,,,,,FALSE,FALSE,,TRUE
2,936,,17964,,,,,,,,,,,,,,Billing,,Klockner Pentaplast,,,,,,,,TRUE,FALSE,,
3,936,,17964,,,,,,,,,,,,,,Shipping,,Klockner Pentaplast,,555 E Buck Avenue,,Rural Retreat,VA,24368,United States,FALSE,TRUE,,
1,937,,17968,,,,,,,,McMaster University,Ed Rodriguez,,(905) 577-2960,,,Mailing,,McMaster University,,,,,,,,FALSE,FALSE,,TRUE
2,937,,17968,,,,,,,,,,,,,,Billing,,McMaster University,,1280 Main St. W,,Hamilton,ON,L8S 4L8,Canada,TRUE,FALSE,,
3,937,,17968,,,,,,,,,,,,,,Shipping,,McMaster University,,,,,,,,FALSE,TRUE,,
1,938,,17971,,,,,,,Ford Motor Co.,Ford Motor Co. - Woodhaven Forging Plant,Victoria Sessa,,(734) 671-7000,,,Mailing,,Ford Motor Co. - Woodhaven Forging Plant,,,,,,,,FALSE,FALSE,,TRUE
2,938,,17971,,,,,,,,,,,,,,Billing,,Ford Motor Co. - Woodhaven Forging Plant,,24189 Allen Road,,Woodhaven,MI,48183,United States,TRUE,FALSE,,
3,938,,17971,,,,,,,,,,,,,,Shipping,,Ford Motor Co. - Woodhaven Forging Plant,,,,,,,,FALSE,TRUE,,
1,939,,17976,,,,,,,,Baril ,Thomas Harbin,cheryl.sirignano@teamtech.com,(978) 373-7910,,(978) 373-7930,Mailing,,Baril ,,,,,,,,FALSE,FALSE,,TRUE
2,939,,17976,,,,,,,,,,,,,,Billing,,Baril ,,50 Ward Hill Avenue,,Haverhill,MA,01835,United States,TRUE,FALSE,,
3,939,,17976,,,,,,,,,,,,,,Shipping,,Baril ,,,,,,,,FALSE,TRUE,,
1,940,,17979,,,,,,,,Inview Vehicle Trim Corp,Thomas Harbin,,(917) 592-9893,,,Mailing,,Inview Vehicle Trim Corp,,,,,,,,FALSE,FALSE,,TRUE
2,940,,17979,,,,,,,,,,,,,,Billing,,Inview Vehicle Trim Corp,,465 North Wood Road,,Rockville Centre,NY,11570,United States,TRUE,FALSE,,
3,940,,17979,,,,,,,,,,,,,,Shipping,,Inview Vehicle Trim Corp,,,,,,,,FALSE,TRUE,,
1,941,,17991,,,,,,,,"Waterway Business Solutions, Inc.",Thomas Harbin,,(716) 946-7005,,,Mailing,,"Waterway Business Solutions, Inc.",,,,,,,,FALSE,FALSE,,TRUE
2,941,,17991,,,,,,,,,,,,,,Billing,,"Waterway Business Solutions, Inc.",,6870 Creekview Drive,,Lockport,NY,14094,United States,TRUE,FALSE,,
3,941,,17991,,,,,,,,,,,,,,Shipping,,"Waterway Business Solutions, Inc.",,,,,,,,FALSE,TRUE,,
1,942,,17999,,,,,,,,Sealtek,Jake Sowers,,(256) 762-4293,,(888) 724-4585,Mailing,,Sealtek,,,,,,,,FALSE,FALSE,,TRUE
2,942,,17999,,,,,,,,,,,,,,Billing,,Sealtek,,,,,,,,TRUE,FALSE,,
3,942,,17999,,,,,,,,,,,,,,Shipping,,Sealtek,,971 Commercial Blvd.,,Naples,FL,34104,United States,FALSE,TRUE,,
1,943,,18001,,,,,,,,Water Rower,Thomas Harbin,,(410) 247-7742,,,Mailing,,Water Rower,,,,,,,,FALSE,FALSE,,TRUE
2,943,,18001,,,,,,,,,,,,,,Billing,,Water Rower,,560 Metacom,,Warren,RI,02885,United States,TRUE,FALSE,,
3,943,,18001,,,,,,,,,,,,,,Shipping,,Water Rower,,,,,,,,FALSE,TRUE,,
1,944,,18006,,,,,,,,"GripperClip, LLC",Thomas Harbin,,(646) 623-4840,,,Mailing,,"GripperClip, LLC",,,,,,,,FALSE,FALSE,,TRUE
2,944,,18006,,,,,,,,,,,,,,Billing,,"GripperClip, LLC",,29 Berkley Rd,,Millburn,NJ,07041,United States,TRUE,FALSE,,
3,944,,18006,,,,,,,,,,,,,,Shipping,,"GripperClip, LLC",,,,,,,,FALSE,TRUE,,
1,945,,18008,,,,,,,,American Panda Designs,Mark Mogar,,(304) 312-2260,,,Mailing,,American Panda Designs,,,,,,,,FALSE,FALSE,,TRUE
2,945,,18008,,,,,,,,,,,,,,Billing,,American Panda Designs,,6183 Hunter Lane,,Matthews ,NC,28104,United States,TRUE,FALSE,,
3,945,,18008,,,,,,,,,,,,,,Shipping,,American Panda Designs,,6183 Hunter Lane,,Matthews ,NC,28104,United States,FALSE,TRUE,,
1,946,,18009,,,,,,,,Bee Jay Molding,Ed Rodriguez,,(830) 249-2425,,,Mailing,,Bee Jay Molding,,,,,,,,FALSE,FALSE,,TRUE
2,946,,18009,,,,,,,,,,,,,,Billing,,Bee Jay Molding,,39500 Frontage Rd,,Boerne,TX,78006,United States,TRUE,FALSE,,
3,946,,18009,,,,,,,,,,,,,,Shipping,,Bee Jay Molding,,39500 Frontage Rd,,Boerne,TX,78006,United States,FALSE,TRUE,,
1,947,,18010,,,,,,,,"Devon Briggs, MD",Mark Mogar,,(404) 992-2991,,,Mailing,,"Devon Briggs, MD",,,,,,,,FALSE,FALSE,,TRUE
2,947,,18010,,,,,,,,,,,,,,Billing,,"Devon Briggs, MD",,"148 Winthrop St., SW",,Atlanta ,GA,30331,United States,TRUE,FALSE,,
3,947,,18010,,,,,,,,,,,,,,Shipping,,"Devon Briggs, MD",,"148 Winthrop St., SW",,Atlanta ,GA,30331,United States,FALSE,TRUE,,
1,948,,18014,,,,,,,,Tac11,Jake Sowers,,,,,Mailing,,Tac11,,,,,,,,FALSE,FALSE,,TRUE
2,948,,18014,,,,,,,,,,,,,,Billing,,Tac11,,2607 Open Prairie Ln,,Katy,TX,77493,United States,TRUE,FALSE,,
3,948,,18014,,,,,,,,,,,,,,Shipping,,Tac11,,,,,,,,FALSE,TRUE,,
1,949,,18015,,,,,,,,"The Quick Company, LLC",Ed Rodriguez,,(303) 335-5594,,,Mailing,,"The Quick Company, LLC",,,,,,,,FALSE,FALSE,,TRUE
2,949,,18015,,,,,,,,,,,,,,Billing,,"The Quick Company, LLC",,1650 S. Colorado Blvd.,,Denver,CO,80222,United States,TRUE,FALSE,,
3,949,,18015,,,,,,,,,,,,,,Shipping,,"The Quick Company, LLC",,1650 S. Colorado Blvd.,,Denver,CO,80222,United States,FALSE,TRUE,,
1,950,,18017,,,,,,,Fastenal,Fastenal (VA015),Mark Mogar,apinvoicedisc@fastenal.com,(757) 344-5591,,,Mailing,,Fastenal (VA015),,,,,,,,FALSE,FALSE,,TRUE
2,950,,18017,,,,,,,,,,,,,,Billing,,Fastenal (VA015),,2516 58th Street,,Hampton,VA,23661,United States,TRUE,FALSE,,
3,950,,18017,,,,,,,,,,,,,,Shipping,,Fastenal (VA015),,2513 58th Street,,Hampton,VA,23661,United States,FALSE,TRUE,,
1,951,,18023,,,,,,,,Joby Aviation,Ed Rodriguez,,(831) 201-6700,,,Mailing,,Joby Aviation,,,,,,,,FALSE,FALSE,,TRUE
2,951,,18023,,,,,,,,,,,,,,Billing,,Joby Aviation,,340 Woodpecker Ridge,,Santan Cruz,CA,95060,United States,TRUE,FALSE,,
3,951,,18023,,,,,,,,,,,,,,Shipping,,Joby Aviation,,980 Industrial Road,,San Carlos,CA,94070,United States,FALSE,TRUE,,
1,952,,18026,,,,,,,,Dave Allen Racing,Mark Mogar,,,,,Mailing,,Dave Allen Racing,,,,,,,,FALSE,FALSE,,TRUE
2,952,,18026,,,,,,,,,,,,,,Billing,,Dave Allen Racing,,11512 Innfields Drive,,Odessa,FL,33556,United States,TRUE,FALSE,,
3,952,,18026,,,,,,,,,,,,,,Shipping,,Dave Allen Racing,,11512 Innfields Drive,,Odessa,FL,33556,United States,FALSE,TRUE,,
1,953,,18027,,,,,,,,"NanoNiFe, LLC",Mark Mogar,,(202) 770-6496,,,Mailing,,"NanoNiFe, LLC",,,,,,,,FALSE,FALSE,,TRUE
2,953,,18027,,,,,,,,,,,,,,Billing,,"NanoNiFe, LLC",,721 McKinley St. NE,,Vienna,VA,22180,United States,TRUE,FALSE,,
3,953,,18027,,,,,,,,,,,,,,Shipping,,"NanoNiFe, LLC",,28 Blueberry Hill,,Webster,MA,01570,United States,FALSE,TRUE,,
1,954,,18030,,,,,,,,Stromberg Allen,Jake Sowers,,(773) 847-7131,,,Mailing,,Stromberg Allen,,,,,,,,FALSE,FALSE,,TRUE
2,954,,18030,,,,,,,,,,,,,,Billing,,Stromberg Allen,,18504 West Creek Drive Ste 100,,Tinley Park,IL,60477,United States,TRUE,FALSE,,
3,954,,18030,,,,,,,,,,,,,,Shipping,,Stromberg Allen,,,,,,,,FALSE,TRUE,,
1,955,,18031,,,,,,,,"Henning, Inc",Rich Burnette,,(626) 377-5280,,,Mailing,,"Henning, Inc",,,,,,,,FALSE,FALSE,,TRUE
2,955,,18031,,,,,,,,,,,,,,Billing,,"Henning, Inc",,2629 E. Foothill Blvd.,,Pasadena,CA,91107,United States,TRUE,FALSE,,
3,955,,18031,,,,,,,,,,,,,,Shipping,,"Henning, Inc",,,,,,,,FALSE,TRUE,,
1,956,,18034,,,,,,,,"Rapid Composites, LLC",Mark Mogar,,(941) 332-6647,,,Mailing,,"Rapid Composites, LLC",,,,,,,,FALSE,FALSE,,TRUE
2,956,,18034,,,,,,,,,,,,,,Billing,,"Rapid Composites, LLC",,"2216 72nd Dr. E, Unit 1",,Sarasota ,FL,34243,United States,TRUE,FALSE,,
3,956,,18034,,,,,,,,,,,,,,Shipping,,"Rapid Composites, LLC",,"2216 72nd Dr. E, Unit 1",,Sarasota ,FL,34243,United States,FALSE,TRUE,,
1,957,,18035,,,,,,,,Level 44 Inc.,Ed Rodriguez,,(416) 318-5449,,,Mailing,,Level 44 Inc.,,,,,,,,FALSE,FALSE,,TRUE
2,957,,18035,,,,,,,,,,,,,,Billing,,Level 44 Inc.,,327-40 Oaklands Avenue,,Toronto,Ontario,MAV 2ZE,Canada,TRUE,FALSE,,
3,957,,18035,,,,,,,,,,,,,,Shipping,,Level 44 Inc.,,327-40 Oaklands Avenue,,Toronto,Ontario,MAV 2ZE,Canada,FALSE,TRUE,,
1,958,,18038,,,,,,,,Hippo Harvest,Ed Rodriguez,,,,,Mailing,,Hippo Harvest,,,,,,,,FALSE,FALSE,,TRUE
2,958,,18038,,,,,,,,,,,,,,Billing,,Hippo Harvest,,939 Fulton Street,,Redwood City,CA,94061,United States,TRUE,FALSE,,
3,958,,18038,,,,,,,,,,,,,,Shipping,,Hippo Harvest,,939 Fulton Street,,Redwood City,CA,94061,United States,FALSE,TRUE,,
1,959,,18043,,,,,,,,Allison Transmission,Jake Sowers,payables@allisontransmission.com,,,,Mailing,,Allison Transmission,,,,,,,,FALSE,FALSE,,TRUE
2,959,,18043,,,,,,,,,,,,,,Billing,,Allison Transmission,,One Allison Way,,Indianapolis,IN,46222,United States,TRUE,FALSE,,
3,959,,18043,,,,,,,,,,,,,,Shipping,,Allison Transmission,,,,,,,,FALSE,TRUE,,
1,960,,18044,,,,,,,,Bay Cities,Ed Rodriguez,,(562) 948-3751,,,Mailing,,Bay Cities,,,,,,,,FALSE,FALSE,,TRUE
2,960,,18044,,,,,,,,,,,,,,Billing,,Bay Cities,,5138 Industry Avenue,,Pico Rivera,CA,90660,United States,TRUE,FALSE,,
3,960,,18044,,,,,,,,,,,,,,Shipping,,Bay Cities,,,,,,,,FALSE,TRUE,,
1,961,,18045,,,,,,,,Sorma USA,Ed Rodriguez,vsessa@strouse.com,(559) 652-1269,,(559) 651-1410,Mailing,,Sorma USA,,,,,,,,FALSE,FALSE,,TRUE
2,961,,18045,,,,,,,,,,,,,,Billing,,Sorma USA,,231 S. Kelsey St.,,Visalia,CA,93291,United States,TRUE,FALSE,,
3,961,,18045,,,,,,,,,,,,,,Shipping,,Sorma USA,,,,,,,,FALSE,TRUE,,
1,962,,18051,,,,,,,,Novawall Systems Inc.,Mark Mogar,areilly@novawall.com; kmanolas@novawall.com,(703) 461-0113,,,Mailing,,Novawall Systems Inc.,,,,,,,,FALSE,FALSE,,TRUE
2,962,,18051,,,,,,,,,,,,,,Billing,,Novawall Systems Inc.,,5230 Eisenhower Avenue,,Alexandria,VA,22304,United States,TRUE,FALSE,,
3,962,,18051,,,,,,,,,,,,,,Shipping,,Novawall Systems Inc.,,5230 Eisenhower Avenue,,Alexandria,VA,22304,United States,FALSE,TRUE,,
1,963,,18054,,,,,,,Veritiv,Veritiv - Enfield,Mark Mogar,,860-272-4801,,,Mailing,,Veritiv - Enfield,,,,,,,,FALSE,FALSE,,TRUE
2,963,,18054,,,,,,,,,,,,,,Billing,,Veritiv - Enfield,,,,,,,,TRUE,FALSE,,
3,963,,18054,,,,,,,,,,,,,,Shipping,,Veritiv - Enfield,,25 Bacon Road,,Enfield,CT,06457,United States,FALSE,TRUE,,
1,964,,18056,,,,,,,,BandGrip,Jake Sowers,,,,,Mailing,,BandGrip,,,,,,,,FALSE,FALSE,,TRUE
2,964,,18056,,,,,,,,,,,,,,Billing,,BandGrip,,311 S. Wacker Dr,Suite 650,Chicago,IL,60606,United States,TRUE,FALSE,,
3,964,,18056,,,,,,,,,,,,,,Shipping,,BandGrip,,,,,,,,FALSE,TRUE,,
1,965,,18060,,,,,,,,Elvis Thumar,Ed Rodriguez,,(519) 380-5782,,,Mailing,,Elvis Thumar,,,,,,,,FALSE,FALSE,,TRUE
2,965,,18060,,,,,,,,,,,,,,Billing,,Elvis Thumar,,6320 Matchette Road,,Windsor,Ontario,N91217,Canada,TRUE,FALSE,,
3,965,,18060,,,,,,,,,,,,,,Shipping,,Elvis Thumar,,,,,,,,FALSE,TRUE,,
1,966,,18061,,,,,,,,BASF - United States,Jake Sowers,,,,,Mailing,,BASF - United States,,,,,,,,FALSE,FALSE,,TRUE
2,966,,18061,,,,,,,,,,,,,,Billing,,BASF - United States,,100 Campus Dr,,Florham Park,NJ,07932,United States,TRUE,FALSE,,
3,966,,18061,,,,,,,,,,,,,,Shipping,,BASF - United States,,,,,,,,FALSE,TRUE,,
1,967,,18063,,,,,,,,Osprey Corporation,Mark Mogar,,(404) 321-7776,,,Mailing,,Osprey Corporation,,,,,,,,FALSE,FALSE,,TRUE
2,967,,18063,,,,,,,,,,,,,,Billing,,Osprey Corporation,,1835 Briarwood Road NE,,Atlanta,GA,30329,United States,TRUE,FALSE,,
3,967,,18063,,,,,,,,,,,,,,Shipping,,Osprey Corporation,,1835 Briarwood Road NE,,Atlanta,GA,30329,United States,FALSE,TRUE,,
1,968,,18065,,,,,,,,"Smart Electronics, Ltd.",Ed Rodriguez,,353 61 771120,,,Mailing,,"Smart Electronics, Ltd.",,,,,,,,FALSE,FALSE,,TRUE
2,968,,18065,,,,,,,,,,,,,,Billing,,"Smart Electronics, Ltd.",,"Bay 142, Shannon Free Zone",,Shannon,Co. Clare,V14 R627,Ireland,TRUE,FALSE,,
3,968,,18065,,,,,,,,,,,,,,Shipping,,"Smart Electronics, Ltd.",,,,,,,,FALSE,TRUE,,
1,969,,18066,,,,,,,,Erik S. Goodman,Ed Rodriguez,,(512) 970-6798,,,Mailing,,Erik S. Goodman,,,,,,,,FALSE,FALSE,,TRUE
2,969,,18066,,,,,,,,,,,,,,Billing,,Erik S. Goodman,,2501 Wilson Street,,Austin,TX,78704,United States,TRUE,FALSE,,
3,969,,18066,,,,,,,,,,,,,,Shipping,,Erik S. Goodman,,,,,,,,FALSE,TRUE,,
1,970,,18068,,,,,,,,The Handmade Sign Company,Ed Rodriguez,,(440) 915-8346,,,Mailing,,The Handmade Sign Company,,,,,,,,FALSE,FALSE,,TRUE
2,970,,18068,,,,,,,,,,,,,,Billing,,The Handmade Sign Company,,425S 800E,Suite 2,Vernal,UT,84078,United States,TRUE,FALSE,,
3,970,,18068,,,,,,,,,,,,,,Shipping,,The Handmade Sign Company,,,,,,,,FALSE,TRUE,,
1,971,,18069,,,,,,,,D&V Precision Sheet Metal,Jake Sowers,,,,,Mailing,,D&V Precision Sheet Metal,,,,,,,,FALSE,FALSE,,TRUE
2,971,,18069,,,,,,,,,,,,,,Billing,,D&V Precision Sheet Metal,,205 S. 400 W. ,,Greenfield,IN,46140,United States,TRUE,FALSE,,
3,971,,18069,,,,,,,,,,,,,,Shipping,,D&V Precision Sheet Metal,,,,,,,,FALSE,TRUE,,
1,972,,18070,,,,,,,,Nifco KTW,Mark Mogar,,(706) 963-1110,,(706) 963-1052,Mailing,,Nifco KTW,,,,,,,,FALSE,FALSE,,TRUE
2,972,,18070,,,,,,,,,,,,,,Billing,,Nifco KTW,,325 Hammerstone Drive,,Toccoa,GA,30577,United States,TRUE,FALSE,,
3,972,,18070,,,,,,,,,,,,,,Shipping,,Nifco KTW,,325 Hammerstone Drive,,Toccoa,GA,30577,United States,FALSE,TRUE,,
1,973,,18073,,,,,,,,Flock Safety,Mark Mogar,,(866) 901-1781,,,Mailing,,Flock Safety,,,,,,,,FALSE,FALSE,,TRUE
2,973,,18073,,,,,,,,,,,,,,Billing,,Flock Safety,,1170 Howell Mill Rd NW UNIT 210,,Atlanta,GA,30318,United States,TRUE,FALSE,,
3,973,,18073,,,,,,,,,,,,,,Shipping,,Flock Safety,,1170 Howell Mill Rd NW UNIT 210,,Atlanta,GA,30318,United States,FALSE,TRUE,,
1,974,,18075,,,,,,,,Charlie Company,Ed Rodriguez,,(956) 346-1120,,,Mailing,,Charlie Company,,,,,,,,FALSE,FALSE,,TRUE
2,974,,18075,,,,,,,,,,,,,,Billing,,Charlie Company,,324 San Diego Avenue,,Brownsville,TX,78526,United States,TRUE,FALSE,,
3,974,,18075,,,,,,,,,,,,,,Shipping,,Charlie Company,,,,,,,,FALSE,TRUE,,
1,975,,18077,,,,,,,,Claroworks,Ed Rodriguez,,(425) 296-6570,,,Mailing,,Claroworks,,,,,,,,FALSE,FALSE,,TRUE
2,975,,18077,,,,,,,,,,,,,,Billing,,Claroworks,,11520 Airport Road,,Everett,,98204,United States,TRUE,FALSE,,
3,975,,18077,,,,,,,,,,,,,,Shipping,,Claroworks,,,,,,,,FALSE,TRUE,,
1,976,,18082,,,,,,,,"Haig Precision Manufacturing, Corp. ",Ed Rodriguez,,(408) 378-4920,,,Mailing,,"Haig Precision Manufacturing, Corp. ",,,,,,,,FALSE,FALSE,,TRUE
2,976,,18082,,,,,,,,,,,,,,Billing,,"Haig Precision Manufacturing, Corp. ",,3616 Snell Avenue,,San Jose ,CA,95136,United States,TRUE,FALSE,,
3,976,,18082,,,,,,,,,,,,,,Shipping,,"Haig Precision Manufacturing, Corp. ",,,,,,,,FALSE,TRUE,,
1,977,,18086,,,,,,,,"Emerging Medevice Solutions, LLC---EMEDSOL",Ed Rodriguez,,(512) 468-2311,,,Mailing,,"Emerging Medevice Solutions, LLC---EMEDSOL",,PO Box 684,,Buda,TX,78610,United States,FALSE,FALSE,,TRUE
2,977,,18086,,,,,,,,,,,,,,Billing,,"Emerging Medevice Solutions, LLC---EMEDSOL",,PO Box 684,,Buda ,TX,78610,United States,TRUE,FALSE,,
3,977,,18086,,,,,,,,,,,,,,Shipping,,"Emerging Medevice Solutions, LLC---EMEDSOL",,150 Shadow Lane,,Buda,TX,78610,United States,FALSE,TRUE,,
1,978,,18089,,,,,,,,"Hartmann USA, Inc.",Mark Mogar,,803-325-7606,800-243-2294,803-325-7606,Mailing,,"Hartmann USA, Inc.",,,,,,,,FALSE,FALSE,,TRUE
2,978,,18089,,,,,,,,,,,,,,Billing,,"Hartmann USA, Inc.",,,,,,,,TRUE,FALSE,,
3,978,,18089,,,,,,,,,,,,,,Shipping,,"Hartmann USA, Inc.",,481 Lakeshore Parkway,,Rock Hill,SC ,29730,United States,FALSE,TRUE,,
1,979,,18093,,,,,,,,ESP Spares,Ed Rodriguez,,(512) 931-2701,,,Mailing,,ESP Spares,,,,,,,,FALSE,FALSE,,TRUE
2,979,,18093,,,,,,,,,,,,,,Billing,,ESP Spares,,"300 Park Central Boulevard, Ste. 'B'",,Georgetown,TX,78626,United States,TRUE,FALSE,,
3,979,,18093,,,,,,,,,,,,,,Shipping,,ESP Spares,,,,,,,,FALSE,TRUE,,
1,980,,18097,,,,,,,,Redbud Labs,Mark Mogar,,(919) 537-9753,,,Mailing,,Redbud Labs,,,,,,,,FALSE,FALSE,,TRUE
2,980,,18097,,,,,,,,,,,,,,Billing,,Redbud Labs,,PO Box 13195,,Durham,NC,27709,United States,TRUE,FALSE,,
3,980,,18097,,,,,,,,,,,,,,Shipping,,Redbud Labs,,400 Park Offices Drive,Suite 301,Durham,NC,27709,United States,FALSE,TRUE,,
1,981,,18099,,,,,,,,Gambler Bass Boats,Mark Mogar,,(803) 854-0000,,,Mailing,,Gambler Bass Boats,,,,,,,,FALSE,FALSE,,TRUE
2,981,,18099,,,,,,,,,,,,,,Billing,,Gambler Bass Boats,,721 Hannah Drive,,Santee,SC,29142,United States,TRUE,FALSE,,
3,981,,18099,,,,,,,,,,,,,,Shipping,,Gambler Bass Boats,,,,,,,,FALSE,TRUE,,
1,982,,18101,,,,,,,,Signode Industrial Group,Mark Mogar,,(434) 836-7802,,,Mailing,,Signode Industrial Group,,,,,,,,FALSE,FALSE,,TRUE
2,982,,18101,,,,,,,,,,,,,,Billing,,Signode Industrial Group,,4010 Suburban Dr,,Danville,VA,24540,United States,TRUE,FALSE,,
3,982,,18101,,,,,,,,,,,,,,Shipping,,Signode Industrial Group,,4010 Suburban Dr,,Danville,VA,24540,United States,FALSE,TRUE,,
1,983,,18102,,,,,,,,TransTech ,Mark Mogar,,(800) 245-4552,,,Mailing,,TransTech ,,,,,,,,FALSE,FALSE,,TRUE
2,983,,18102,,,,,,,,,,,,,,Billing,,TransTech ,,46 Beechtree Blvd.,,Greenville,SC,29605,United States,TRUE,FALSE,,
3,983,,18102,,,,,,,,,,,,,,Shipping,,TransTech ,,,,,,,,FALSE,TRUE,,
1,984,,18103,,,,,,,Veritiv,Veritiv - Joplin,Mark Mogar,,(417) 206-2510,,,Mailing,,Veritiv - Joplin,,,,,,,,FALSE,FALSE,,TRUE
2,984,,18103,,,,,,,,,,,,,,Billing,,Veritiv - Joplin,,,,,,,,TRUE,FALSE,,
3,984,,18103,,,,,,,,,,,,,,Shipping,,Veritiv - Joplin,,3611 Industrial Rd,,Joplin,MO,64801,United States,FALSE,TRUE,,
1,985,,18105,,,,,,,,Applied Felts,Mark Mogar,,(276) 656-1904,,,Mailing,,Applied Felts,,,,,,,,FALSE,FALSE,,TRUE
2,985,,18105,,,,,,,,,,,,,,Billing,,Applied Felts,,450 College Drive,,Martinsville,WV ,24112,United States,TRUE,FALSE,,
3,985,,18105,,,,,,,,,,,,,,Shipping,,Applied Felts,,,,,,,,FALSE,TRUE,,
1,986,,18106,,,,,,,,Skiboards Superstore,Ed Rodriguez,,(800) 784-0540,,,Mailing,,Skiboards Superstore,,,,,,,,FALSE,FALSE,,TRUE
2,986,,18106,,,,,,,,,,,,,,Billing,,Skiboards Superstore,,374 Tamara Lane,,Bayfield,CO,81122,United States,TRUE,FALSE,,
3,986,,18106,,,,,,,,,,,,,,Shipping,,Skiboards Superstore,,,,,,,,FALSE,TRUE,,
1,987,,18110,,,,,,,,StringKing,Ed Rodriguez,,(908) 472-0642,,,Mailing,,StringKing,,,,,,,,FALSE,FALSE,,TRUE
2,987,,18110,,,,,,,,,,,,,,Billing,,StringKing,,16424 Ishida Avenue,,Gardena,CA,90248,United States,TRUE,FALSE,,
3,987,,18110,,,,,,,,,,,,,,Shipping,,StringKing,,,,,,,,FALSE,TRUE,,
1,988,,18112,,,,,,,,Genesis Plastic Technologies,Ed Rodriguez,,(970) 356-3487,,,Mailing,,Genesis Plastic Technologies,,,,,,,,FALSE,FALSE,,TRUE
2,988,,18112,,,,,,,,,,,,,,Billing,,Genesis Plastic Technologies,,1226 East 18th Street,,Greeley,CO,80631,United States,TRUE,FALSE,,
3,988,,18112,,,,,,,,,,,,,,Shipping,,Genesis Plastic Technologies,,,,,,,,FALSE,TRUE,,
1,989,,18114,,,,,,,3M,3M CHIM - Poland,Susan Chambers,"3mmanufacturingwroclaw.faktury@mmm.com



",,,,Mailing,,3M CHIM - Poland,,,,,,,,FALSE,FALSE,,TRUE
2,989,,18114,,,,,,,,,,,,,,Billing,,3M CHIM - Poland,,3M Poland Mfg. ,Poland Kwidzynska 6 str.,Wroclaw,,51-416,Poland,TRUE,FALSE,,
3,989,,18114,,,,,,,,,,,,,,Shipping,,3M CHIM - Poland,,,,,,,,FALSE,TRUE,,
1,990,,18118,,,,,,,,Lindarets,Ed Rodriguez,,(505) 695-2482,,,Mailing,,Lindarets,,,,,,,,FALSE,FALSE,,TRUE
2,990,,18118,,,,,,,,,,,,,,Billing,,Lindarets,,107 Pinnacle Place,,Durango,CO,81301,United States,TRUE,FALSE,,
3,990,,18118,,,,,,,,,,,,,,Shipping,,Lindarets,,,,,,,,FALSE,TRUE,,
1,991,,18120,,,,,,,,Dawson's Detailing,Thomas Harbin,,(301) 202-4232,,,Mailing,,Dawson's Detailing,,,,,,,,FALSE,FALSE,,TRUE
2,991,,18120,,,,,,,,,,,,,,Billing,,Dawson's Detailing,,4324 CLAGETT ROAD,,UNIVERSITY PARK,MD,21782,United States,TRUE,FALSE,,
3,991,,18120,,,,,,,,,,,,,,Shipping,,Dawson's Detailing,,,,,,,,FALSE,TRUE,,
1,992,,18123,,,,,,,,Lighthouse Worldwide Solutions,Ed Rodriguez,,(540) 770-5905,,,Mailing,,Lighthouse Worldwide Solutions,,,,,,,,FALSE,FALSE,,TRUE
2,992,,18123,,,,,,,,,,,,,,Billing,,Lighthouse Worldwide Solutions,,300 West Antelope Road,,White City,OR,97503,United States,TRUE,FALSE,,
3,992,,18123,,,,,,,,,,,,,,Shipping,,Lighthouse Worldwide Solutions,,,,,,,,FALSE,TRUE,,
1,993,,18126,,,,,,,,XOnano Smartfoam,Ed Rodriguez,,(310) 429-1326,,,Mailing,,XOnano Smartfoam,,,,,,,,FALSE,FALSE,,TRUE
2,993,,18126,,,,,,,,,,,,,,Billing,,XOnano Smartfoam,,"1461 E 840th N, Ste. 200",,Orem,UT,84097,United States,TRUE,FALSE,,
3,993,,18126,,,,,,,,,,,,,,Shipping,,XOnano Smartfoam,,,,,,,,FALSE,TRUE,,
1,994,,18137,,,,,,,,"Cipher Skin, Inc.",Ed Rodriguez,,(720) 892-6243,,,Mailing,,"Cipher Skin, Inc.",,,,,,,,FALSE,FALSE,,TRUE
2,994,,18137,,,,,,,,,,,,,,Billing,,"Cipher Skin, Inc.",,1331 17th Street,,Denver,CO,80202,United States,TRUE,FALSE,,
3,994,,18137,,,,,,,,,,,,,,Shipping,,"Cipher Skin, Inc.",,,,,,,,FALSE,TRUE,,
1,995,,18142,,,,,,,Veritiv,Veritiv - CA,Mark Mogar,APTradeInvoices@veritivCorp.com,,,,Mailing,,Veritiv - CA,,,,,,,,FALSE,FALSE,,TRUE
2,995,,18142,,,,,,,,,,,,,,Billing,,Veritiv - CA,,PO Box 45195,,Jacksonville,FL,32232-5195,United States,TRUE,FALSE,,
3,995,,18142,,,,,,,,,,,,,,Shipping,,Veritiv - CA,,,,,,,,FALSE,TRUE,,
1,996,,18147,,,,,,,,Tri-State Plastics Inc.,Thomas Harbin,joan@tsplastics.com,(724) 457-6900,,,Mailing,,Tri-State Plastics Inc.,,,,,,,,FALSE,FALSE,,TRUE
2,996,,18147,,,,,,,,,,,,,,Billing,,Tri-State Plastics Inc.,,392 Flaugherty Run Rd,,Moon Township,PA,15108,United States,TRUE,FALSE,,
3,996,,18147,,,,,,,,,,,,,,Shipping,,Tri-State Plastics Inc.,,,,,,,,FALSE,TRUE,,
1,997,,18150,,,,,,,,STAAR Surgical Technology,Ed Rodriguez,,(626) 303-7902,,,Mailing,,STAAR Surgical Technology,,,,,,,,FALSE,FALSE,,TRUE
2,997,,18150,,,,,,,,,,,,,,Billing,,STAAR Surgical Technology,,15102 Red Hill Avenue,,Tustin,CA,92780,United States,TRUE,FALSE,,
3,997,,18150,,,,,,,,,,,,,,Shipping,,STAAR Surgical Technology,,,,,,,,FALSE,TRUE,,
1,998,,18152,,,,,,,,Welwaze Medical ,Mark Mogar,,,,,Mailing,,Welwaze Medical ,,,,,,,,FALSE,FALSE,,TRUE
2,998,,18152,,,,,,,,,,,,,,Billing,,Welwaze Medical ,,2800 NW 105th Ave,,Miami,FL,33172,United States,TRUE,FALSE,,
3,998,,18152,,,,,,,,,,,,,,Shipping,,Welwaze Medical ,,,,,,,,FALSE,TRUE,,
1,999,,18157,,,,,,,,REXMED Health Services,Ed Rodriguez,,(915) 449-0655,,,Mailing,,REXMED Health Services,,,,,,,,FALSE,FALSE,,TRUE
2,999,,18157,,,,,,,,,,,,,,Billing,,REXMED Health Services,,"909 N. Oregon Street, Ste 200",,El Paso,TX,79901,United States,TRUE,FALSE,,
3,999,,18157,,,,,,,,,,,,,,Shipping,,REXMED Health Services,,,,,,,,FALSE,TRUE,,
1,1000,,18161,,,,,,,,Sewn Product Services,Ed Rodriguez,,(206) 280-4584,,,Mailing,,Sewn Product Services,,,,,,,,FALSE,FALSE,,TRUE
2,1000,,18161,,,,,,,,,,,,,,Billing,,Sewn Product Services,,111 S. Lander Street #208,,Seattle,WA,98134,United States,TRUE,FALSE,,
3,1000,,18161,,,,,,,,,,,,,,Shipping,,Sewn Product Services,,,,,,,,FALSE,TRUE,,
1,1001,,18165,,,,,,,,Duke University,Mark Mogar,,,,,Mailing,,Duke University,,,,,,,,FALSE,FALSE,,TRUE
2,1001,,18165,,,,,,,,,,,,,,Billing,,Duke University,,,,,,,,TRUE,FALSE,,
3,1001,,18165,,,,,,,,,,,,,,Shipping,,Duke University,,534 Research Drive,Room #428,Durham ,NC,27705,United States,FALSE,TRUE,,
1,1002,,18168,,,,,,,,Electric Era Technologies,Ed Rodriguez,ktsai@electriceratechnologies.com,(977) 222-4642,,,Mailing,,Electric Era Technologies,,,,,,,,FALSE,FALSE,,TRUE
2,1002,,18168,,,,,,,,,,,,,,Billing,,Electric Era Technologies,,3257 17th Avenue,,Seattle,WA,98119,United States,TRUE,FALSE,,
3,1002,,18168,,,,,,,,,,,,,,Shipping,,Electric Era Technologies,,,,,,,,FALSE,TRUE,,
1,1003,,18171,,,,,,,,DefenseLite,Mark Mogar,,(480) 440-2696,,,Mailing,,DefenseLite,,,,,,,,FALSE,FALSE,,TRUE
2,1003,,18171,,,,,,,,,,,,,,Billing,,DefenseLite,,600 Kirk Road,Suite 100,Marietta ,GA,30060,United States,TRUE,FALSE,,
3,1003,,18171,,,,,,,,,,,,,,Shipping,,DefenseLite,,,,,,,,FALSE,TRUE,,
1,1004,,18181,,,,,,,,Hero Medallions,Ed Rodriguez,,(801) 224-2056,,,Mailing,,Hero Medallions,,,,,,,,FALSE,FALSE,,TRUE
2,1004,,18181,,,,,,,,,,,,,,Billing,,Hero Medallions,,1044 North 440 West Street,,Orem,UT,84057,United States,TRUE,FALSE,,
3,1004,,18181,,,,,,,,,,,,,,Shipping,,Hero Medallions,,,,,,,,FALSE,TRUE,,
1,1005,,18182,,,,,,,,"AMS Industries, LLC",Mark Mogar,,(704) 376-8500,,(704) 376-8003,Mailing,,"AMS Industries, LLC",,,,,,,,FALSE,FALSE,,TRUE
2,1005,,18182,,,,,,,,,,,,,,Billing,,"AMS Industries, LLC",,1813 Associates Lane,Suite A,Charlotte,NC,28217,United States,TRUE,FALSE,,
3,1005,,18182,,,,,,,,,,,,,,Shipping,,"AMS Industries, LLC",,,,,,,,FALSE,TRUE,,
1,1006,,18189,,,,,,,,"Vaxess Technologies, Inc",Thomas Harbin,,(614) 507-9586,,,Mailing,,"Vaxess Technologies, Inc",,,,,,,,FALSE,FALSE,,TRUE
2,1006,,18189,,,,,,,,,,,,,,Billing,,"Vaxess Technologies, Inc",,359 Allston Street,,Cambridge,MA,02139,United States,TRUE,FALSE,,
3,1006,,18189,,,,,,,,,,,,,,Shipping,,"Vaxess Technologies, Inc",,,,,,,,FALSE,TRUE,,
1,1007,,18203,,,,,,,,Pentar Incorporated,Mark Mogar,tmartinson@pentarinc.com,(256) 519-8051,,,Mailing,,Pentar Incorporated,,,,,,,,FALSE,FALSE,,TRUE
2,1007,,18203,,,,,,,,,,,,,,Billing,,Pentar Incorporated,,2102-A West Ferry Way,,Huntsville ,AL,35801,United States,TRUE,FALSE,,
3,1007,,18203,,,,,,,,,,,,,,Shipping,,Pentar Incorporated,,,,,,,,FALSE,TRUE,,
1,1008,,18206,,,,,,,,Parker Lord (Parker Hannifin Engineered Materials Group),Ed Rodriguez,,,,,Mailing,,Parker Lord (Parker Hannifin Engineered Materials Group),,,,,,,,FALSE,FALSE,,TRUE
2,1008,,18206,,,,,,,,,,,,,,Billing,,Parker Lord (Parker Hannifin Engineered Materials Group),,2455 Robison Road West,,Erie,PA,16509,United States,TRUE,FALSE,,
3,1008,,18206,,,,,,,,,,,,,,Shipping,,Parker Lord (Parker Hannifin Engineered Materials Group),,2455 Robison Road West,Attn: Carol Everhart,Erie,PA,16509,United States,FALSE,TRUE,,
1,1009,,18217,,,,,,,Veritiv,Veritiv - Stow,Mark Mogar,,,,,Mailing,,Veritiv - Stow,,,,,,,,FALSE,FALSE,,TRUE
2,1009,,18217,,,,,,,,,,,,,,Billing,,Veritiv - Stow,,4852 Gray Lane Suite 1,,Stow,OH,44224,United States,TRUE,FALSE,,
3,1009,,18217,,,,,,,,,,,,,,Shipping,,Veritiv - Stow,,"4852 Gray Lane, Suite 1",,Stow,OH,44224,United States,FALSE,TRUE,,
1,1010,,18220,,,,,,,,"Podmont, LLC",Thomas Harbin,,(732) 570-6024,,,Mailing,,"Podmont, LLC",,,,,,,,FALSE,FALSE,,TRUE
2,1010,,18220,,,,,,,,,,,,,,Billing,,"Podmont, LLC",,70-57 136th St,,Flushing,NY,11367,United States,TRUE,FALSE,,
3,1010,,18220,,,,,,,,,,,,,,Shipping,,"Podmont, LLC",,,,,,,,FALSE,TRUE,,
1,1011,,18222,,,,,,,,Shure Incorporated,Jake Sowers,,,,,Mailing,,Shure Incorporated,,,,,,,,FALSE,FALSE,,TRUE
2,1011,,18222,,,,,,,,,,,,,,Billing,,Shure Incorporated,,5800 W. Touchy Avenue,,Niles,IL,60714-4608,United States,TRUE,FALSE,,
3,1011,,18222,,,,,,,,,,,,,,Shipping,,Shure Incorporated,,,,,,,,FALSE,TRUE,,
1,1012,,18224,,,,,,,,Rocketbook,Jake Sowers,,,,,Mailing,,Rocketbook,,,,,,,,FALSE,FALSE,,TRUE
2,1012,,18224,,,,,,,,,,,,,,Billing,,Rocketbook,,239 Causeway Street Suite 100,,Boston,MA,02114,United States,TRUE,FALSE,,
3,1012,,18224,,,,,,,,,,,,,,Shipping,,Rocketbook,,,,,,,,FALSE,TRUE,,
1,1013,,18226,,,,,,,,"Glatfelter Industries Ashville, Inc ",Mark Mogar,InvoiceAsheville@glatfelter.com,(828) 670-0042,,,Mailing,,"Glatfelter Industries Ashville, Inc ",,,,,,,,FALSE,FALSE,,TRUE
2,1013,,18226,,,,,,,,,,,,,,Billing,,"Glatfelter Industries Ashville, Inc ",,1265 Sand Hill Road,,Chandler,NC,28715,United States,TRUE,FALSE,,
3,1013,,18226,,,,,,,,,,,,,,Shipping,,"Glatfelter Industries Ashville, Inc ",,1265 Sand Hill Road,,Chandler,NC,28715,United States,FALSE,TRUE,,
1,1014,,18232,,,,,,,,United Industries,Mark Mogar,,,,,Mailing,,United Industries,,,,,,,,FALSE,FALSE,,TRUE
2,1014,,18232,,,,,,,,,,,,,,Billing,,United Industries,,535 West Dyke Road,,Rogers,AR,72758,United States,TRUE,FALSE,,
3,1014,,18232,,,,,,,,,,,,,,Shipping,,United Industries,,,,,,,,FALSE,TRUE,,
1,1015,,18234,,,,,,,,Nova-Tech Engineering,Jake Sowers,APINVOICES@NTEGLOBAL.COM,(320) 231-9671,,,Mailing,,Nova-Tech Engineering,,,,,,,,FALSE,FALSE,,TRUE
2,1015,,18234,,,,,,,,,,,,,,Billing,,Nova-Tech Engineering,,1705 Engineering Ave NE,,Wilmar,MN,56201,United States,TRUE,FALSE,,
3,1015,,18234,,,,,,,,,,,,,,Shipping,,Nova-Tech Engineering,,,,,,,,FALSE,TRUE,,
1,1016,,18237,,,,,,,,Encodia,Ed Rodriguez,,(845) 282-1834,,,Mailing,,Encodia,,,,,,,,FALSE,FALSE,,TRUE
2,1016,,18237,,,,,,,,,,,,,,Billing,,Encodia,,5785 Oberlin Drive,,San Diego,CA,92121,United States,TRUE,FALSE,,
3,1016,,18237,,,,,,,,,,,,,,Shipping,,Encodia,,,,,,,,FALSE,TRUE,,
1,1017,,18239,,,,,,,,Gas-Fired Products,Mark Mogar,,(704) 372-3485,,,Mailing,,Gas-Fired Products,,,,,,,,FALSE,FALSE,,TRUE
2,1017,,18239,,,,,,,,,,,,,,Billing,,Gas-Fired Products,,1700 Parker Drive,,Charlotte ,NC,28208,United States,TRUE,FALSE,,
3,1017,,18239,,,,,,,,,,,,,,Shipping,,Gas-Fired Products,,,,,,,,FALSE,TRUE,,
1,1018,,18242,,,,,,,,Orca Biosystems,Ed Rodriguez,,(650) 246-9601,,,Mailing,,Orca Biosystems,,,,,,,,FALSE,FALSE,,TRUE
2,1018,,18242,,,,,,,,,,,,,,Billing,,Orca Biosystems,,"3475 Edison Way, Ste 'C'",,Menlo Park,CA,94025,United States,TRUE,FALSE,,
3,1018,,18242,,,,,,,,,,,,,,Shipping,,Orca Biosystems,,,,,,,,FALSE,TRUE,,
1,1019,,18243,,,,,,,,"Le Concept De Helwah, LLC",Ed Rodriguez,,(775) 313-1280,,,Mailing,,"Le Concept De Helwah, LLC",,,,,,,,FALSE,FALSE,,TRUE
2,1019,,18243,,,,,,,,,,,,,,Billing,,"Le Concept De Helwah, LLC",,100 Park Plaza #315,,San Diego,CA,92101,United States,TRUE,FALSE,,
3,1019,,18243,,,,,,,,,,,,,,Shipping,,"Le Concept De Helwah, LLC",,,,,,,,FALSE,TRUE,,
1,1020,,18245,,,,,,,,FormyFlex,Mark Mogar,,(305) 599-0059,,(305) 599-0067,Mailing,,FormyFlex,,,,,,,,FALSE,FALSE,,TRUE
2,1020,,18245,,,,,,,,,,,,,,Billing,,FormyFlex,,10174 NW 47th St.,,Sunrise,FL,33351,United States,TRUE,FALSE,,
3,1020,,18245,,,,,,,,,,,,,,Shipping,,FormyFlex,,10174 NW 47th St.,,Sunrise,FL,33351,United States,FALSE,TRUE,,
1,1021,,18252,,,,,,,,Traxxion Dynamics,Mark Mogar,,(770) 592-3823,,,Mailing,,Traxxion Dynamics,,,,,,,,FALSE,FALSE,,TRUE
2,1021,,18252,,,,,,,,,,,,,,Billing,,Traxxion Dynamics,,261 Rope Mill Pkwy #3,,Woodstock ,GA,30188,United States,TRUE,FALSE,,
3,1021,,18252,,,,,,,,,,,,,,Shipping,,Traxxion Dynamics,,,,,,,,FALSE,TRUE,,
1,1022,,18257,,,,,,,,Graphic Products,Ed Rodriguez,,(503) 644-5572,,,Mailing,,Graphic Products,,,,,,,,FALSE,FALSE,,TRUE
2,1022,,18257,,,,,,,,,,,,,,Billing,,Graphic Products,,9825 SW Sunshine Court,,Beaverton,OR,97005,United States,TRUE,FALSE,,
3,1022,,18257,,,,,,,,,,,,,,Shipping,,Graphic Products,,,,,,,,FALSE,TRUE,,
1,1023,,18258,,,,,,,,Skybolt Aerospace Fasteners,Mark Mogar,,(352) 326-0001,,,Mailing,,Skybolt Aerospace Fasteners,,,,,,,,FALSE,FALSE,,TRUE
2,1023,,18258,,,,,,,,,,,,,,Billing,,Skybolt Aerospace Fasteners,,9000 Airport Blvd.,,Leesburg ,FL,34788,United States,TRUE,FALSE,,
3,1023,,18258,,,,,,,,,,,,,,Shipping,,Skybolt Aerospace Fasteners,,9000 Airport Blvd.,,Leesburg ,FL,34788,United States,FALSE,TRUE,,
1,1024,,18269,,,,,,,,Lenderink Technologies,,,,,,Mailing,,Lenderink Technologies,,,,,,,,FALSE,FALSE,,TRUE
2,1024,,18269,,,,,,,,,,,,,,Billing,,Lenderink Technologies,,,,,,,,TRUE,FALSE,,
3,1024,,18269,,,,,,,,,,,,,,Shipping,,Lenderink Technologies,,,,,,,,FALSE,TRUE,,
1,1025,,18273,,,,,,,,Motus GI,Mark Mogar,,972-4-6214447,,972-4-6214442,Mailing,,Motus GI,,,,,,,,FALSE,FALSE,,TRUE
2,1025,,18273,,,,,,,,,,,,,,Billing,,Motus GI,,,,,,,,TRUE,FALSE,,
3,1025,,18273,,,,,,,,,,,,,,Shipping,,Motus GI,,Keren Hayesod 22,,Tirat Carmel,,3902638,Israel,FALSE,TRUE,,
,,,,,,,,,,,,,,,,,,,,,,,,,,,,,,
,,,,,,,,,,,,,,,,,,,,,,,,,,,,,,
,,,,,,,,,,,,,,,,,,,,,,,,,,,,,,
,,,,,,,,,,,,,,,,,,,,,,,,,,,,,,
,,,,,,,,,,,,,,,,,,,,,,,,,,,,,,
,,,,,,,,,,,,,,,,,,,,,,,,,,,,,,
,,,,,,,,,,,,,,,,,,,,,,,,,,,,,,
,,,,,,,,,,,,,,,,,,,,,,,,,,,,,,
,,,,,,,,,,,,,,,,,,,,,,,,,,,,,,
,,,,,,,,,,,,,,,,,,,,,,,,,,,,,,
,,,,,,,,,,,,,,,,,,,,,,,,,,,,,,
,,,,,,,,,,,,,,,,,,,,,,,,,,,,,,
,,,,,,,,,,,,,,,,,,,,,,,,,,,,,,
,,,,,,,,,,,,,,,,,,,,,,,,,,,,,,
,,,,,,,,,,,,,,,,,,,,,,,,,,,,,,
,,,,,,,,,,,,,,,,,,,,,,,,,,,,,,
,,,,,,,,,,,,,,,,,,,,,,,,,,,,,,
,,,,,,,,,,,,,,,,,,,,,,,,,,,,,,
,,,,,,,,,,,,,,,,,,,,,,,,,,,,,,
,,,,,,,,,,,,,,,,,,,,,,,,,,,,,,
,,,,,,,,,,,,,,,,,,,,,,,,,,,,,,
,,,,,,,,,,,,,,,,,,,,,,,,,,,,,,
,,,,,,,,,,,,,,,,,,,,,,,,,,,,,,
,,,,,,,,,,,,,,,,,,,,,,,,,,,,,,
,,,,,,,,,,,,,,,,,,,,,,,,,,,,,,
,,,,,,,,,,,,,,,,,,,,,,,,,,,,,,
,,,,,,,,,,,,,,,,,,,,,,,,,,,,,,
,,,,,,,,,,,,,,,,,,,,,,,,,,,,,,
,,,,,,,,,,,,,,,,,,,,,,,,,,,,,,
,,,,,,,,,,,,,,,,,,,,,,,,,,,,,,
,,,,,,,,,,,,,,,,,,,,,,,,,,,,,,
,,,,,,,,,,,,,,,,,,,,,,,,,,,,,,
,,,,,,,,,,,,,,,,,,,,,,,,,,,,,,
,,,,,,,,,,,,,,,,,,,,,,,,,,,,,,
,,,,,,,,,,,,,,,,,,,,,,,,,,,,,,
,,,,,,,,,,,,,,,,,,,,,,,,,,,,,,
,,,,,,,,,,,,,,,,,,,,,,,,,,,,,,
,,,,,,,,,,,,,,,,,,,,,,,,,,,,,,
,,,,,,,,,,,,,,,,,,,,,,,,,,,,,,
,,,,,,,,,,,,,,,,,,,,,,,,,,,,,,
,,,,,,,,,,,,,,,,,,,,,,,,,,,,,,
,,,,,,,,,,,,,,,,,,,,,,,,,,,,,,
,,,,,,,,,,,,,,,,,,,,,,,,,,,,,,
,,,,,,,,,,,,,,,,,,,,,,,,,,,,,,
,,,,,,,,,,,,,,,,,,,,,,,,,,,,,,
,,,,,,,,,,,,,,,,,,,,,,,,,,,,,,
,,,,,,,,,,,,,,,,,,,,,,,,,,,,,,
,,,,,,,,,,,,,,,,,,,,,,,,,,,,,,
,,,,,,,,,,,,,,,,,,,,,,,,,,,,,,
,,,,,,,,,,,,,,,,,,,,,,,,,,,,,,
,,,,,,,,,,,,,,,,,,,,,,,,,,,,,,
,,,,,,,,,,,,,,,,,,,,,,,,,,,,,,
,,,,,,,,,,,,,,,,,,,,,,,,,,,,,,
,,,,,,,,,,,,,,,,,,,,,,,,,,,,,,
,,,,,,,,,,,,,,,,,,,,,,,,,,,,,,
,,,,,,,,,,,,,,,,,,,,,,,,,,,,,,
,,,,,,,,,,,,,,,,,,,,,,,,,,,,,,
,,,,,,,,,,,,,,,,,,,,,,,,,,,,,,
,,,,,,,,,,,,,,,,,,,,,,,,,,,,,,
,,,,,,,,,,,,,,,,,,,,,,,,,,,,,,
,,,,,,,,,,,,,,,,,,,,,,,,,,,,,,
,,,,,,,,,,,,,,,,,,,,,,,,,,,,,,
,,,,,,,,,,,,,,,,,,,,,,,,,,,,,,
,,,,,,,,,,,,,,,,,,,,,,,,,,,,,,
,,,,,,,,,,,,,,,,,,,,,,,,,,,,,,
,,,,,,,,,,,,,,,,,,,,,,,,,,,,,,
,,,,,,,,,,,,,,,,,,,,,,,,,,,,,,
,,,,,,,,,,,,,,,,,,,,,,,,,,,,,,
,,,,,,,,,,,,,,,,,,,,,,,,,,,,,,
,,,,,,,,,,,,,,,,,,,,,,,,,,,,,,
,,,,,,,,,,,,,,,,,,,,,,,,,,,,,,
,,,,,,,,,,,,,,,,,,,,,,,,,,,,,,
,,,,,,,,,,,,,,,,,,,,,,,,,,,,,,
,,,,,,,,,,,,,,,,,,,,,,,,,,,,,,
,,,,,,,,,,,,,,,,,,,,,,,,,,,,,,
,,,,,,,,,,,,,,,,,,,,,,,,,,,,,,
,,,,,,,,,,,,,,,,,,,,,,,,,,,,,,
,,,,,,,,,,,,,,,,,,,,,,,,,,,,,,
,,,,,,,,,,,,,,,,,,,,,,,,,,,,,,
,,,,,,,,,,,,,,,,,,,,,,,,,,,,,,
,,,,,,,,,,,,,,,,,,,,,,,,,,,,,,
,,,,,,,,,,,,,,,,,,,,,,,,,,,,,,
,,,,,,,,,,,,,,,,,,,,,,,,,,,,,,
,,,,,,,,,,,,,,,,,,,,,,,,,,,,,,
,,,,,,,,,,,,,,,,,,,,,,,,,,,,,,
,,,,,,,,,,,,,,,,,,,,,,,,,,,,,,
,,,,,,,,,,,,,,,,,,,,,,,,,,,,,,
,,,,,,,,,,,,,,,,,,,,,,,,,,,,,,
,,,,,,,,,,,,,,,,,,,,,,,,,,,,,,
,,,,,,,,,,,,,,,,,,,,,,,,,,,,,,
,,,,,,,,,,,,,,,,,,,,,,,,,,,,,,
,,,,,,,,,,,,,,,,,,,,,,,,,,,,,,
,,,,,,,,,,,,,,,,,,,,,,,,,,,,,,
,,,,,,,,,,,,,,,,,,,,,,,,,,,,,,
,,,,,,,,,,,,,,,,,,,,,,,,,,,,,,
,,,,,,,,,,,,,,,,,,,,,,,,,,,,,,
,,,,,,,,,,,,,,,,,,,,,,,,,,,,,,
,,,,,,,,,,,,,,,,,,,,,,,,,,,,,,
,,,,,,,,,,,,,,,,,,,,,,,,,,,,,,
,,,,,,,,,,,,,,,,,,,,,,,,,,,,,,
,,,,,,,,,,,,,,,,,,,,,,,,,,,,,,
,,,,,,,,,,,,,,,,,,,,,,,,,,,,,,
,,,,,,,,,,,,,,,,,,,,,,,,,,,,,,
,,,,,,,,,,,,,,,,,,,,,,,,,,,,,,
,,,,,,,,,,,,,,,,,,,,,,,,,,,,,,
,,,,,,,,,,,,,,,,,,,,,,,,,,,,,,
,,,,,,,,,,,,,,,,,,,,,,,,,,,,,,
,,,,,,,,,,,,,,,,,,,,,,,,,,,,,,
,,,,,,,,,,,,,,,,,,,,,,,,,,,,,,
,,,,,,,,,,,,,,,,,,,,,,,,,,,,,,
,,,,,,,,,,,,,,,,,,,,,,,,,,,,,,
,,,,,,,,,,,,,,,,,,,,,,,,,,,,,,
,,,,,,,,,,,,,,,,,,,,,,,,,,,,,,
,,,,,,,,,,,,,,,,,,,,,,,,,,,,,,
,,,,,,,,,,,,,,,,,,,,,,,,,,,,,,
,,,,,,,,,,,,,,,,,,,,,,,,,,,,,,
,,,,,,,,,,,,,,,,,,,,,,,,,,,,,,
,,,,,,,,,,,,,,,,,,,,,,,,,,,,,,
,,,,,,,,,,,,,,,,,,,,,,,,,,,,,,
,,,,,,,,,,,,,,,,,,,,,,,,,,,,,,
,,,,,,,,,,,,,,,,,,,,,,,,,,,,,,
,,,,,,,,,,,,,,,,,,,,,,,,,,,,,,
,,,,,,,,,,,,,,,,,,,,,,,,,,,,,,
,,,,,,,,,,,,,,,,,,,,,,,,,,,,,,
,,,,,,,,,,,,,,,,,,,,,,,,,,,,,,
,,,,,,,,,,,,,,,,,,,,,,,,,,,,,,
,,,,,,,,,,,,,,,,,,,,,,,,,,,,,,
,,,,,,,,,,,,,,,,,,,,,,,,,,,,,,
,,,,,,,,,,,,,,,,,,,,,,,,,,,,,,
,,,,,,,,,,,,,,,,,,,,,,,,,,,,,,
,,,,,,,,,,,,,,,,,,,,,,,,,,,,,,
,,,,,,,,,,,,,,,,,,,,,,,,,,,,,,
,,,,,,,,,,,,,,,,,,,,,,,,,,,,,,
,,,,,,,,,,,,,,,,,,,,,,,,,,,,,,
,,,,,,,,,,,,,,,,,,,,,,,,,,,,,,
,,,,,,,,,,,,,,,,,,,,,,,,,,,,,,
,,,,,,,,,,,,,,,,,,,,,,,,,,,,,,
,,,,,,,,,,,,,,,,,,,,,,,,,,,,,,
,,,,,,,,,,,,,,,,,,,,,,,,,,,,,,
,,,,,,,,,,,,,,,,,,,,,,,,,,,,,,
,,,,,,,,,,,,,,,,,,,,,,,,,,,,,,
,,,,,,,,,,,,,,,,,,,,,,,,,,,,,,
,,,,,,,,,,,,,,,,,,,,,,,,,,,,,,
,,,,,,,,,,,,,,,,,,,,,,,,,,,,,,
,,,,,,,,,,,,,,,,,,,,,,,,,,,,,,
,,,,,,,,,,,,,,,,,,,,,,,,,,,,,,
,,,,,,,,,,,,,,,,,,,,,,,,,,,,,,
,,,,,,,,,,,,,,,,,,,,,,,,,,,,,,
,,,,,,,,,,,,,,,,,,,,,,,,,,,,,,
,,,,,,,,,,,,,,,,,,,,,,,,,,,,,,
,,,,,,,,,,,,,,,,,,,,,,,,,,,,,,
,,,,,,,,,,,,,,,,,,,,,,,,,,,,,,
,,,,,,,,,,,,,,,,,,,,,,,,,,,,,,
,,,,,,,,,,,,,,,,,,,,,,,,,,,,,,
,,,,,,,,,,,,,,,,,,,,,,,,,,,,,,
,,,,,,,,,,,,,,,,,,,,,,,,,,,,,,
,,,,,,,,,,,,,,,,,,,,,,,,,,,,,,
,,,,,,,,,,,,,,,,,,,,,,,,,,,,,,
,,,,,,,,,,,,,,,,,,,,,,,,,,,,,,
,,,,,,,,,,,,,,,,,,,,,,,,,,,,,,
,,,,,,,,,,,,,,,,,,,,,,,,,,,,,,
,,,,,,,,,,,,,,,,,,,,,,,,,,,,,,
,,,,,,,,,,,,,,,,,,,,,,,,,,,,,,
,,,,,,,,,,,,,,,,,,,,,,,,,,,,,,
,,,,,,,,,,,,,,,,,,,,,,,,,,,,,,
,,,,,,,,,,,,,,,,,,,,,,,,,,,,,,
,,,,,,,,,,,,,,,,,,,,,,,,,,,,,,
,,,,,,,,,,,,,,,,,,,,,,,,,,,,,,
,,,,,,,,,,,,,,,,,,,,,,,,,,,,,,
,,,,,,,,,,,,,,,,,,,,,,,,,,,,,,
,,,,,,,,,,,,,,,,,,,,,,,,,,,,,,
,,,,,,,,,,,,,,,,,,,,,,,,,,,,,,
,,,,,,,,,,,,,,,,,,,,,,,,,,,,,,
,,,,,,,,,,,,,,,,,,,,,,,,,,,,,,
,,,,,,,,,,,,,,,,,,,,,,,,,,,,,,
,,,,,,,,,,,,,,,,,,,,,,,,,,,,,,
,,,,,,,,,,,,,,,,,,,,,,,,,,,,,,
,,,,,,,,,,,,,,,,,,,,,,,,,,,,,,
,,,,,,,,,,,,,,,,,,,,,,,,,,,,,,
,,,,,,,,,,,,,,,,,,,,,,,,,,,,,,
,,,,,,,,,,,,,,,,,,,,,,,,,,,,,,
,,,,,,,,,,,,,,,,,,,,,,,,,,,,,,
,,,,,,,,,,,,,,,,,,,,,,,,,,,,,,
,,,,,,,,,,,,,,,,,,,,,,,,,,,,,,
,,,,,,,,,,,,,,,,,,,,,,,,,,,,,,
,,,,,,,,,,,,,,,,,,,,,,,,,,,,,,
,,,,,,,,,,,,,,,,,,,,,,,,,,,,,,
,,,,,,,,,,,,,,,,,,,,,,,,,,,,,,
,,,,,,,,,,,,,,,,,,,,,,,,,,,,,,
,,,,,,,,,,,,,,,,,,,,,,,,,,,,,,
,,,,,,,,,,,,,,,,,,,,,,,,,,,,,,
,,,,,,,,,,,,,,,,,,,,,,,,,,,,,,
,,,,,,,,,,,,,,,,,,,,,,,,,,,,,,
,,,,,,,,,,,,,,,,,,,,,,,,,,,,,,
,,,,,,,,,,,,,,,,,,,,,,,,,,,,,,
,,,,,,,,,,,,,,,,,,,,,,,,,,,,,,
,,,,,,,,,,,,,,,,,,,,,,,,,,,,,,
,,,,,,,,,,,,,,,,,,,,,,,,,,,,,,
,,,,,,,,,,,,,,,,,,,,,,,,,,,,,,
,,,,,,,,,,,,,,,,,,,,,,,,,,,,,,
,,,,,,,,,,,,,,,,,,,,,,,,,,,,,,
,,,,,,,,,,,,,,,,,,,,,,,,,,,,,,
,,,,,,,,,,,,,,,,,,,,,,,,,,,,,,
,,,,,,,,,,,,,,,,,,,,,,,,,,,,,,
,,,,,,,,,,,,,,,,,,,,,,,,,,,,,,
,,,,,,,,,,,,,,,,,,,,,,,,,,,,,,
,,,,,,,,,,,,,,,,,,,,,,,,,,,,,,
,,,,,,,,,,,,,,,,,,,,,,,,,,,,,,
,,,,,,,,,,,,,,,,,,,,,,,,,,,,,,
,,,,,,,,,,,,,,,,,,,,,,,,,,,,,,
,,,,,,,,,,,,,,,,,,,,,,,,,,,,,,
,,,,,,,,,,,,,,,,,,,,,,,,,,,,,,
,,,,,,,,,,,,,,,,,,,,,,,,,,,,,,
,,,,,,,,,,,,,,,,,,,,,,,,,,,,,,
,,,,,,,,,,,,,,,,,,,,,,,,,,,,,,
,,,,,,,,,,,,,,,,,,,,,,,,,,,,,,
,,,,,,,,,,,,,,,,,,,,,,,,,,,,,,
,,,,,,,,,,,,,,,,,,,,,,,,,,,,,,
,,,,,,,,,,,,,,,,,,,,,,,,,,,,,,
,,,,,,,,,,,,,,,,,,,,,,,,,,,,,,
,,,,,,,,,,,,,,,,,,,,,,,,,,,,,,
,,,,,,,,,,,,,,,,,,,,,,,,,,,,,,
,,,,,,,,,,,,,,,,,,,,,,,,,,,,,,
,,,,,,,,,,,,,,,,,,,,,,,,,,,,,,
,,,,,,,,,,,,,,,,,,,,,,,,,,,,,,
,,,,,,,,,,,,,,,,,,,,,,,,,,,,,,
,,,,,,,,,,,,,,,,,,,,,,,,,,,,,,
,,,,,,,,,,,,,,,,,,,,,,,,,,,,,,
,,,,,,,,,,,,,,,,,,,,,,,,,,,,,,
,,,,,,,,,,,,,,,,,,,,,,,,,,,,,,
,,,,,,,,,,,,,,,,,,,,,,,,,,,,,,
,,,,,,,,,,,,,,,,,,,,,,,,,,,,,,
,,,,,,,,,,,,,,,,,,,,,,,,,,,,,,
,,,,,,,,,,,,,,,,,,,,,,,,,,,,,,
,,,,,,,,,,,,,,,,,,,,,,,,,,,,,,
,,,,,,,,,,,,,,,,,,,,,,,,,,,,,,
,,,,,,,,,,,,,,,,,,,,,,,,,,,,,,
,,,,,,,,,,,,,,,,,,,,,,,,,,,,,,
,,,,,,,,,,,,,,,,,,,,,,,,,,,,,,
,,,,,,,,,,,,,,,,,,,,,,,,,,,,,,
,,,,,,,,,,,,,,,,,,,,,,,,,,,,,,
,,,,,,,,,,,,,,,,,,,,,,,,,,,,,,
,,,,,,,,,,,,,,,,,,,,,,,,,,,,,,
,,,,,,,,,,,,,,,,,,,,,,,,,,,,,,
,,,,,,,,,,,,,,,,,,,,,,,,,,,,,,
,,,,,,,,,,,,,,,,,,,,,,,,,,,,,,
,,,,,,,,,,,,,,,,,,,,,,,,,,,,,,
,,,,,,,,,,,,,,,,,,,,,,,,,,,,,,
,,,,,,,,,,,,,,,,,,,,,,,,,,,,,,
,,,,,,,,,,,,,,,,,,,,,,,,,,,,,,
,,,,,,,,,,,,,,,,,,,,,,,,,,,,,,
,,,,,,,,,,,,,,,,,,,,,,,,,,,,,,
,,,,,,,,,,,,,,,,,,,,,,,,,,,,,,
,,,,,,,,,,,,,,,,,,,,,,,,,,,,,,
,,,,,,,,,,,,,,,,,,,,,,,,,,,,,,
,,,,,,,,,,,,,,,,,,,,,,,,,,,,,,
,,,,,,,,,,,,,,,,,,,,,,,,,,,,,,
,,,,,,,,,,,,,,,,,,,,,,,,,,,,,,
,,,,,,,,,,,,,,,,,,,,,,,,,,,,,,
,,,,,,,,,,,,,,,,,,,,,,,,,,,,,,
,,,,,,,,,,,,,,,,,,,,,,,,,,,,,,
,,,,,,,,,,,,,,,,,,,,,,,,,,,,,,
,,,,,,,,,,,,,,,,,,,,,,,,,,,,,,
,,,,,,,,,,,,,,,,,,,,,,,,,,,,,,
,,,,,,,,,,,,,,,,,,,,,,,,,,,,,,
,,,,,,,,,,,,,,,,,,,,,,,,,,,,,,
,,,,,,,,,,,,,,,,,,,,,,,,,,,,,,
,,,,,,,,,,,,,,,,,,,,,,,,,,,,,,
,,,,,,,,,,,,,,,,,,,,,,,,,,,,,,
,,,,,,,,,,,,,,,,,,,,,,,,,,,,,,
,,,,,,,,,,,,,,,,,,,,,,,,,,,,,,
,,,,,,,,,,,,,,,,,,,,,,,,,,,,,,
,,,,,,,,,,,,,,,,,,,,,,,,,,,,,,
,,,,,,,,,,,,,,,,,,,,,,,,,,,,,,
,,,,,,,,,,,,,,,,,,,,,,,,,,,,,,
,,,,,,,,,,,,,,,,,,,,,,,,,,,,,,
,,,,,,,,,,,,,,,,,,,,,,,,,,,,,,
,,,,,,,,,,,,,,,,,,,,,,,,,,,,,,
,,,,,,,,,,,,,,,,,,,,,,,,,,,,,,
,,,,,,,,,,,,,,,,,,,,,,,,,,,,,,
,,,,,,,,,,,,,,,,,,,,,,,,,,,,,,
,,,,,,,,,,,,,,,,,,,,,,,,,,,,,,
,,,,,,,,,,,,,,,,,,,,,,,,,,,,,,
,,,,,,,,,,,,,,,,,,,,,,,,,,,,,,
,,,,,,,,,,,,,,,,,,,,,,,,,,,,,,
,,,,,,,,,,,,,,,,,,,,,,,,,,,,,,
,,,,,,,,,,,,,,,,,,,,,,,,,,,,,,
,,,,,,,,,,,,,,,,,,,,,,,,,,,,,,
,,,,,,,,,,,,,,,,,,,,,,,,,,,,,,
,,,,,,,,,,,,,,,,,,,,,,,,,,,,,,
,,,,,,,,,,,,,,,,,,,,,,,,,,,,,,
,,,,,,,,,,,,,,,,,,,,,,,,,,,,,,
,,,,,,,,,,,,,,,,,,,,,,,,,,,,,,
,,,,,,,,,,,,,,,,,,,,,,,,,,,,,,
,,,,,,,,,,,,,,,,,,,,,,,,,,,,,,
,,,,,,,,,,,,,,,,,,,,,,,,,,,,,,
,,,,,,,,,,,,,,,,,,,,,,,,,,,,,,
,,,,,,,,,,,,,,,,,,,,,,,,,,,,,,
,,,,,,,,,,,,,,,,,,,,,,,,,,,,,,
,,,,,,,,,,,,,,,,,,,,,,,,,,,,,,
,,,,,,,,,,,,,,,,,,,,,,,,,,,,,,
,,,,,,,,,,,,,,,,,,,,,,,,,,,,,,
,,,,,,,,,,,,,,,,,,,,,,,,,,,,,,
,,,,,,,,,,,,,,,,,,,,,,,,,,,,,,
,,,,,,,,,,,,,,,,,,,,,,,,,,,,,,
,,,,,,,,,,,,,,,,,,,,,,,,,,,,,,
,,,,,,,,,,,,,,,,,,,,,,,,,,,,,,
,,,,,,,,,,,,,,,,,,,,,,,,,,,,,,
,,,,,,,,,,,,,,,,,,,,,,,,,,,,,,
,,,,,,,,,,,,,,,,,,,,,,,,,,,,,,
,,,,,,,,,,,,,,,,,,,,,,,,,,,,,,
,,,,,,,,,,,,,,,,,,,,,,,,,,,,,,
,,,,,,,,,,,,,,,,,,,,,,,,,,,,,,
,,,,,,,,,,,,,,,,,,,,,,,,,,,,,,
,,,,,,,,,,,,,,,,,,,,,,,,,,,,,,
,,,,,,,,,,,,,,,,,,,,,,,,,,,,,,
,,,,,,,,,,,,,,,,,,,,,,,,,,,,,,
,,,,,,,,,,,,,,,,,,,,,,,,,,,,,,
,,,,,,,,,,,,,,,,,,,,,,,,,,,,,,
,,,,,,,,,,,,,,,,,,,,,,,,,,,,,,
,,,,,,,,,,,,,,,,,,,,,,,,,,,,,,
,,,,,,,,,,,,,,,,,,,,,,,,,,,,,,
,,,,,,,,,,,,,,,,,,,,,,,,,,,,,,
,,,,,,,,,,,,,,,,,,,,,,,,,,,,,,
,,,,,,,,,,,,,,,,,,,,,,,,,,,,,,
,,,,,,,,,,,,,,,,,,,,,,,,,,,,,,
,,,,,,,,,,,,,,,,,,,,,,,,,,,,,,
,,,,,,,,,,,,,,,,,,,,,,,,,,,,,,
,,,,,,,,,,,,,,,,,,,,,,,,,,,,,,
,,,,,,,,,,,,,,,,,,,,,,,,,,,,,,
,,,,,,,,,,,,,,,,,,,,,,,,,,,,,,
,,,,,,,,,,,,,,,,,,,,,,,,,,,,,,
,,,,,,,,,,,,,,,,,,,,,,,,,,,,,,
,,,,,,,,,,,,,,,,,,,,,,,,,,,,,,
,,,,,,,,,,,,,,,,,,,,,,,,,,,,,,
,,,,,,,,,,,,,,,,,,,,,,,,,,,,,,
,,,,,,,,,,,,,,,,,,,,,,,,,,,,,,
,,,,,,,,,,,,,,,,,,,,,,,,,,,,,,
,,,,,,,,,,,,,,,,,,,,,,,,,,,,,,
,,,,,,,,,,,,,,,,,,,,,,,,,,,,,,
,,,,,,,,,,,,,,,,,,,,,,,,,,,,,,
,,,,,,,,,,,,,,,,,,,,,,,,,,,,,,
,,,,,,,,,,,,,,,,,,,,,,,,,,,,,,
,,,,,,,,,,,,,,,,,,,,,,,,,,,,,,
,,,,,,,,,,,,,,,,,,,,,,,,,,,,,,
,,,,,,,,,,,,,,,,,,,,,,,,,,,,,,
,,,,,,,,,,,,,,,,,,,,,,,,,,,,,,
,,,,,,,,,,,,,,,,,,,,,,,,,,,,,,
,,,,,,,,,,,,,,,,,,,,,,,,,,,,,,
,,,,,,,,,,,,,,,,,,,,,,,,,,,,,,
,,,,,,,,,,,,,,,,,,,,,,,,,,,,,,
,,,,,,,,,,,,,,,,,,,,,,,,,,,,,,
,,,,,,,,,,,,,,,,,,,,,,,,,,,,,,
,,,,,,,,,,,,,,,,,,,,,,,,,,,,,,
,,,,,,,,,,,,,,,,,,,,,,,,,,,,,,
,,,,,,,,,,,,,,,,,,,,,,,,,,,,,,
,,,,,,,,,,,,,,,,,,,,,,,,,,,,,,
,,,,,,,,,,,,,,,,,,,,,,,,,,,,,,
,,,,,,,,,,,,,,,,,,,,,,,,,,,,,,
,,,,,,,,,,,,,,,,,,,,,,,,,,,,,,
,,,,,,,,,,,,,,,,,,,,,,,,,,,,,,
,,,,,,,,,,,,,,,,,,,,,,,,,,,,,,
,,,,,,,,,,,,,,,,,,,,,,,,,,,,,,
,,,,,,,,,,,,,,,,,,,,,,,,,,,,,,
,,,,,,,,,,,,,,,,,,,,,,,,,,,,,,
,,,,,,,,,,,,,,,,,,,,,,,,,,,,,,
,,,,,,,,,,,,,,,,,,,,,,,,,,,,,,
,,,,,,,,,,,,,,,,,,,,,,,,,,,,,,
,,,,,,,,,,,,,,,,,,,,,,,,,,,,,,
,,,,,,,,,,,,,,,,,,,,,,,,,,,,,,
,,,,,,,,,,,,,,,,,,,,,,,,,,,,,,
,,,,,,,,,,,,,,,,,,,,,,,,,,,,,,
,,,,,,,,,,,,,,,,,,,,,,,,,,,,,,
,,,,,,,,,,,,,,,,,,,,,,,,,,,,,,
,,,,,,,,,,,,,,,,,,,,,,,,,,,,,,
,,,,,,,,,,,,,,,,,,,,,,,,,,,,,,
,,,,,,,,,,,,,,,,,,,,,,,,,,,,,,
,,,,,,,,,,,,,,,,,,,,,,,,,,,,,,
,,,,,,,,,,,,,,,,,,,,,,,,,,,,,,
,,,,,,,,,,,,,,,,,,,,,,,,,,,,,,
,,,,,,,,,,,,,,,,,,,,,,,,,,,,,,
,,,,,,,,,,,,,,,,,,,,,,,,,,,,,,
,,,,,,,,,,,,,,,,,,,,,,,,,,,,,,
,,,,,,,,,,,,,,,,,,,,,,,,,,,,,,
,,,,,,,,,,,,,,,,,,,,,,,,,,,,,,
,,,,,,,,,,,,,,,,,,,,,,,,,,,,,,
,,,,,,,,,,,,,,,,,,,,,,,,,,,,,,
,,,,,,,,,,,,,,,,,,,,,,,,,,,,,,
,,,,,,,,,,,,,,,,,,,,,,,,,,,,,,
,,,,,,,,,,,,,,,,,,,,,,,,,,,,,,
,,,,,,,,,,,,,,,,,,,,,,,,,,,,,,
,,,,,,,,,,,,,,,,,,,,,,,,,,,,,,
,,,,,,,,,,,,,,,,,,,,,,,,,,,,,,
,,,,,,,,,,,,,,,,,,,,,,,,,,,,,,
,,,,,,,,,,,,,,,,,,,,,,,,,,,,,,
,,,,,,,,,,,,,,,,,,,,,,,,,,,,,,
,,,,,,,,,,,,,,,,,,,,,,,,,,,,,,
,,,,,,,,,,,,,,,,,,,,,,,,,,,,,,
,,,,,,,,,,,,,,,,,,,,,,,,,,,,,,
,,,,,,,,,,,,,,,,,,,,,,,,,,,,,,
,,,,,,,,,,,,,,,,,,,,,,,,,,,,,,
,,,,,,,,,,,,,,,,,,,,,,,,,,,,,,
,,,,,,,,,,,,,,,,,,,,,,,,,,,,,,
,,,,,,,,,,,,,,,,,,,,,,,,,,,,,,
,,,,,,,,,,,,,,,,,,,,,,,,,,,,,,
,,,,,,,,,,,,,,,,,,,,,,,,,,,,,,
,,,,,,,,,,,,,,,,,,,,,,,,,,,,,,
,,,,,,,,,,,,,,,,,,,,,,,,,,,,,,
,,,,,,,,,,,,,,,,,,,,,,,,,,,,,,
,,,,,,,,,,,,,,,,,,,,,,,,,,,,,,
,,,,,,,,,,,,,,,,,,,,,,,,,,,,,,
,,,,,,,,,,,,,,,,,,,,,,,,,,,,,,
,,,,,,,,,,,,,,,,,,,,,,,,,,,,,,
,,,,,,,,,,,,,,,,,,,,,,,,,,,,,,
,,,,,,,,,,,,,,,,,,,,,,,,,,,,,,
,,,,,,,,,,,,,,,,,,,,,,,,,,,,,,
,,,,,,,,,,,,,,,,,,,,,,,,,,,,,,
,,,,,,,,,,,,,,,,,,,,,,,,,,,,,,
,,,,,,,,,,,,,,,,,,,,,,,,,,,,,,
,,,,,,,,,,,,,,,,,,,,,,,,,,,,,,
,,,,,,,,,,,,,,,,,,,,,,,,,,,,,,
,,,,,,,,,,,,,,,,,,,,,,,,,,,,,,
,,,,,,,,,,,,,,,,,,,,,,,,,,,,,,
,,,,,,,,,,,,,,,,,,,,,,,,,,,,,,
,,,,,,,,,,,,,,,,,,,,,,,,,,,,,,
,,,,,,,,,,,,,,,,,,,,,,,,,,,,,,
,,,,,,,,,,,,,,,,,,,,,,,,,,,,,,
,,,,,,,,,,,,,,,,,,,,,,,,,,,,,,
,,,,,,,,,,,,,,,,,,,,,,,,,,,,,,
,,,,,,,,,,,,,,,,,,,,,,,,,,,,,,
,,,,,,,,,,,,,,,,,,,,,,,,,,,,,,
,,,,,,,,,,,,,,,,,,,,,,,,,,,,,,
,,,,,,,,,,,,,,,,,,,,,,,,,,,,,,
,,,,,,,,,,,,,,,,,,,,,,,,,,,,,,
,,,,,,,,,,,,,,,,,,,,,,,,,,,,,,
,,,,,,,,,,,,,,,,,,,,,,,,,,,,,,
,,,,,,,,,,,,,,,,,,,,,,,,,,,,,,
,,,,,,,,,,,,,,,,,,,,,,,,,,,,,,
,,,,,,,,,,,,,,,,,,,,,,,,,,,,,,
,,,,,,,,,,,,,,,,,,,,,,,,,,,,,,
,,,,,,,,,,,,,,,,,,,,,,,,,,,,,,
,,,,,,,,,,,,,,,,,,,,,,,,,,,,,,
,,,,,,,,,,,,,,,,,,,,,,,,,,,,,,
,,,,,,,,,,,,,,,,,,,,,,,,,,,,,,
,,,,,,,,,,,,,,,,,,,,,,,,,,,,,,
,,,,,,,,,,,,,,,,,,,,,,,,,,,,,,
,,,,,,,,,,,,,,,,,,,,,,,,,,,,,,
,,,,,,,,,,,,,,,,,,,,,,,,,,,,,,
,,,,,,,,,,,,,,,,,,,,,,,,,,,,,,
,,,,,,,,,,,,,,,,,,,,,,,,,,,,,,
,,,,,,,,,,,,,,,,,,,,,,,,,,,,,,
,,,,,,,,,,,,,,,,,,,,,,,,,,,,,,
,,,,,,,,,,,,,,,,,,,,,,,,,,,,,,
,,,,,,,,,,,,,,,,,,,,,,,,,,,,,,
,,,,,,,,,,,,,,,,,,,,,,,,,,,,,,
,,,,,,,,,,,,,,,,,,,,,,,,,,,,,,
,,,,,,,,,,,,,,,,,,,,,,,,,,,,,,
,,,,,,,,,,,,,,,,,,,,,,,,,,,,,,
,,,,,,,,,,,,,,,,,,,,,,,,,,,,,,
,,,,,,,,,,,,,,,,,,,,,,,,,,,,,,
,,,,,,,,,,,,,,,,,,,,,,,,,,,,,,
,,,,,,,,,,,,,,,,,,,,,,,,,,,,,,
,,,,,,,,,,,,,,,,,,,,,,,,,,,,,,
,,,,,,,,,,,,,,,,,,,,,,,,,,,,,,
,,,,,,,,,,,,,,,,,,,,,,,,,,,,,,
,,,,,,,,,,,,,,,,,,,,,,,,,,,,,,
,,,,,,,,,,,,,,,,,,,,,,,,,,,,,,
,,,,,,,,,,,,,,,,,,,,,,,,,,,,,,
,,,,,,,,,,,,,,,,,,,,,,,,,,,,,,
,,,,,,,,,,,,,,,,,,,,,,,,,,,,,,
,,,,,,,,,,,,,,,,,,,,,,,,,,,,,,
,,,,,,,,,,,,,,,,,,,,,,,,,,,,,,
,,,,,,,,,,,,,,,,,,,,,,,,,,,,,,
,,,,,,,,,,,,,,,,,,,,,,,,,,,,,,
,,,,,,,,,,,,,,,,,,,,,,,,,,,,,,
,,,,,,,,,,,,,,,,,,,,,,,,,,,,,,
,,,,,,,,,,,,,,,,,,,,,,,,,,,,,,
,,,,,,,,,,,,,,,,,,,,,,,,,,,,,,
,,,,,,,,,,,,,,,,,,,,,,,,,,,,,,
,,,,,,,,,,,,,,,,,,,,,,,,,,,,,,
,,,,,,,,,,,,,,,,,,,,,,,,,,,,,,
,,,,,,,,,,,,,,,,,,,,,,,,,,,,,,
,,,,,,,,,,,,,,,,,,,,,,,,,,,,,,
,,,,,,,,,,,,,,,,,,,,,,,,,,,,,,
,,,,,,,,,,,,,,,,,,,,,,,,,,,,,,
,,,,,,,,,,,,,,,,,,,,,,,,,,,,,,
,,,,,,,,,,,,,,,,,,,,,,,,,,,,,,
,,,,,,,,,,,,,,,,,,,,,,,,,,,,,,
,,,,,,,,,,,,,,,,,,,,,,,,,,,,,,
,,,,,,,,,,,,,,,,,,,,,,,,,,,,,,
,,,,,,,,,,,,,,,,,,,,,,,,,,,,,,
,,,,,,,,,,,,,,,,,,,,,,,,,,,,,,
,,,,,,,,,,,,,,,,,,,,,,,,,,,,,,
,,,,,,,,,,,,,,,,,,,,,,,,,,,,,,
,,,,,,,,,,,,,,,,,,,,,,,,,,,,,,
,,,,,,,,,,,,,,,,,,,,,,,,,,,,,,
,,,,,,,,,,,,,,,,,,,,,,,,,,,,,,
,,,,,,,,,,,,,,,,,,,,,,,,,,,,,,
,,,,,,,,,,,,,,,,,,,,,,,,,,,,,,
,,,,,,,,,,,,,,,,,,,,,,,,,,,,,,
,,,,,,,,,,,,,,,,,,,,,,,,,,,,,,
,,,,,,,,,,,,,,,,,,,,,,,,,,,,,,
,,,,,,,,,,,,,,,,,,,,,,,,,,,,,,
,,,,,,,,,,,,,,,,,,,,,,,,,,,,,,
,,,,,,,,,,,,,,,,,,,,,,,,,,,,,,
,,,,,,,,,,,,,,,,,,,,,,,,,,,,,,
,,,,,,,,,,,,,,,,,,,,,,,,,,,,,,
,,,,,,,,,,,,,,,,,,,,,,,,,,,,,,
,,,,,,,,,,,,,,,,,,,,,,,,,,,,,,
,,,,,,,,,,,,,,,,,,,,,,,,,,,,,,
,,,,,,,,,,,,,,,,,,,,,,,,,,,,,,
,,,,,,,,,,,,,,,,,,,,,,,,,,,,,,
,,,,,,,,,,,,,,,,,,,,,,,,,,,,,,
,,,,,,,,,,,,,,,,,,,,,,,,,,,,,,
,,,,,,,,,,,,,,,,,,,,,,,,,,,,,,
,,,,,,,,,,,,,,,,,,,,,,,,,,,,,,
,,,,,,,,,,,,,,,,,,,,,,,,,,,,,,
,,,,,,,,,,,,,,,,,,,,,,,,,,,,,,
,,,,,,,,,,,,,,,,,,,,,,,,,,,,,,
,,,,,,,,,,,,,,,,,,,,,,,,,,,,,,
,,,,,,,,,,,,,,,,,,,,,,,,,,,,,,
,,,,,,,,,,,,,,,,,,,,,,,,,,,,,,
,,,,,,,,,,,,,,,,,,,,,,,,,,,,,,
,,,,,,,,,,,,,,,,,,,,,,,,,,,,,,
,,,,,,,,,,,,,,,,,,,,,,,,,,,,,,
,,,,,,,,,,,,,,,,,,,,,,,,,,,,,,
,,,,,,,,,,,,,,,,,,,,,,,,,,,,,,
,,,,,,,,,,,,,,,,,,,,,,,,,,,,,,
,,,,,,,,,,,,,,,,,,,,,,,,,,,,,,
,,,,,,,,,,,,,,,,,,,,,,,,,,,,,,
,,,,,,,,,,,,,,,,,,,,,,,,,,,,,,
,,,,,,,,,,,,,,,,,,,,,,,,,,,,,,
,,,,,,,,,,,,,,,,,,,,,,,,,,,,,,
,,,,,,,,,,,,,,,,,,,,,,,,,,,,,,
,,,,,,,,,,,,,,,,,,,,,,,,,,,,,,
,,,,,,,,,,,,,,,,,,,,,,,,,,,,,,
,,,,,,,,,,,,,,,,,,,,,,,,,,,,,,
,,,,,,,,,,,,,,,,,,,,,,,,,,,,,,
,,,,,,,,,,,,,,,,,,,,,,,,,,,,,,
,,,,,,,,,,,,,,,,,,,,,,,,,,,,,,
,,,,,,,,,,,,,,,,,,,,,,,,,,,,,,
,,,,,,,,,,,,,,,,,,,,,,,,,,,,,,
,,,,,,,,,,,,,,,,,,,,,,,,,,,,,,
,,,,,,,,,,,,,,,,,,,,,,,,,,,,,,
,,,,,,,,,,,,,,,,,,,,,,,,,,,,,,
,,,,,,,,,,,,,,,,,,,,,,,,,,,,,,
,,,,,,,,,,,,,,,,,,,,,,,,,,,,,,
,,,,,,,,,,,,,,,,,,,,,,,,,,,,,,
,,,,,,,,,,,,,,,,,,,,,,,,,,,,,,
,,,,,,,,,,,,,,,,,,,,,,,,,,,,,,
,,,,,,,,,,,,,,,,,,,,,,,,,,,,,,
,,,,,,,,,,,,,,,,,,,,,,,,,,,,,,
,,,,,,,,,,,,,,,,,,,,,,,,,,,,,,
,,,,,,,,,,,,,,,,,,,,,,,,,,,,,,
,,,,,,,,,,,,,,,,,,,,,,,,,,,,,,
,,,,,,,,,,,,,,,,,,,,,,,,,,,,,,
,,,,,,,,,,,,,,,,,,,,,,,,,,,,,,
,,,,,,,,,,,,,,,,,,,,,,,,,,,,,,
,,,,,,,,,,,,,,,,,,,,,,,,,,,,,,
,,,,,,,,,,,,,,,,,,,,,,,,,,,,,,
,,,,,,,,,,,,,,,,,,,,,,,,,,,,,,
,,,,,,,,,,,,,,,,,,,,,,,,,,,,,,
,,,,,,,,,,,,,,,,,,,,,,,,,,,,,,
,,,,,,,,,,,,,,,,,,,,,,,,,,,,,,
,,,,,,,,,,,,,,,,,,,,,,,,,,,,,,
,,,,,,,,,,,,,,,,,,,,,,,,,,,,,,
,,,,,,,,,,,,,,,,,,,,,,,,,,,,,,
,,,,,,,,,,,,,,,,,,,,,,,,,,,,,,
,,,,,,,,,,,,,,,,,,,,,,,,,,,,,,
,,,,,,,,,,,,,,,,,,,,,,,,,,,,,,
,,,,,,,,,,,,,,,,,,,,,,,,,,,,,,
,,,,,,,,,,,,,,,,,,,,,,,,,,,,,,
,,,,,,,,,,,,,,,,,,,,,,,,,,,,,,
,,,,,,,,,,,,,,,,,,,,,,,,,,,,,,
,,,,,,,,,,,,,,,,,,,,,,,,,,,,,,
,,,,,,,,,,,,,,,,,,,,,,,,,,,,,,
,,,,,,,,,,,,,,,,,,,,,,,,,,,,,,
,,,,,,,,,,,,,,,,,,,,,,,,,,,,,,
,,,,,,,,,,,,,,,,,,,,,,,,,,,,,,
,,,,,,,,,,,,,,,,,,,,,,,,,,,,,,
,,,,,,,,,,,,,,,,,,,,,,,,,,,,,,
,,,,,,,,,,,,,,,,,,,,,,,,,,,,,,
,,,,,,,,,,,,,,,,,,,,,,,,,,,,,,
,,,,,,,,,,,,,,,,,,,,,,,,,,,,,,
,,,,,,,,,,,,,,,,,,,,,,,,,,,,,,
,,,,,,,,,,,,,,,,,,,,,,,,,,,,,,
,,,,,,,,,,,,,,,,,,,,,,,,,,,,,,
,,,,,,,,,,,,,,,,,,,,,,,,,,,,,,
,,,,,,,,,,,,,,,,,,,,,,,,,,,,,,
,,,,,,,,,,,,,,,,,,,,,,,,,,,,,,
,,,,,,,,,,,,,,,,,,,,,,,,,,,,,,
,,,,,,,,,,,,,,,,,,,,,,,,,,,,,,
,,,,,,,,,,,,,,,,,,,,,,,,,,,,,,
,,,,,,,,,,,,,,,,,,,,,,,,,,,,,,
,,,,,,,,,,,,,,,,,,,,,,,,,,,,,,
,,,,,,,,,,,,,,,,,,,,,,,,,,,,,,
,,,,,,,,,,,,,,,,,,,,,,,,,,,,,,
,,,,,,,,,,,,,,,,,,,,,,,,,,,,,,
,,,,,,,,,,,,,,,,,,,,,,,,,,,,,,
,,,,,,,,,,,,,,,,,,,,,,,,,,,,,,
,,,,,,,,,,,,,,,,,,,,,,,,,,,,,,
,,,,,,,,,,,,,,,,,,,,,,,,,,,,,,
,,,,,,,,,,,,,,,,,,,,,,,,,,,,,,
,,,,,,,,,,,,,,,,,,,,,,,,,,,,,,
,,,,,,,,,,,,,,,,,,,,,,,,,,,,,,
,,,,,,,,,,,,,,,,,,,,,,,,,,,,,,
,,,,,,,,,,,,,,,,,,,,,,,,,,,,,,
,,,,,,,,,,,,,,,,,,,,,,,,,,,,,,
,,,,,,,,,,,,,,,,,,,,,,,,,,,,,,
,,,,,,,,,,,,,,,,,,,,,,,,,,,,,,
,,,,,,,,,,,,,,,,,,,,,,,,,,,,,,
,,,,,,,,,,,,,,,,,,,,,,,,,,,,,,
,,,,,,,,,,,,,,,,,,,,,,,,,,,,,,
,,,,,,,,,,,,,,,,,,,,,,,,,,,,,,
,,,,,,,,,,,,,,,,,,,,,,,,,,,,,,
,,,,,,,,,,,,,,,,,,,,,,,,,,,,,,
,,,,,,,,,,,,,,,,,,,,,,,,,,,,,,
,,,,,,,,,,,,,,,,,,,,,,,,,,,,,,
,,,,,,,,,,,,,,,,,,,,,,,,,,,,,,
,,,,,,,,,,,,,,,,,,,,,,,,,,,,,,
,,,,,,,,,,,,,,,,,,,,,,,,,,,,,,
,,,,,,,,,,,,,,,,,,,,,,,,,,,,,,
,,,,,,,,,,,,,,,,,,,,,,,,,,,,,,
,,,,,,,,,,,,,,,,,,,,,,,,,,,,,,
,,,,,,,,,,,,,,,,,,,,,,,,,,,,,,
,,,,,,,,,,,,,,,,,,,,,,,,,,,,,,
,,,,,,,,,,,,,,,,,,,,,,,,,,,,,,
,,,,,,,,,,,,,,,,,,,,,,,,,,,,,,
,,,,,,,,,,,,,,,,,,,,,,,,,,,,,,
,,,,,,,,,,,,,,,,,,,,,,,,,,,,,,
,,,,,,,,,,,,,,,,,,,,,,,,,,,,,,
,,,,,,,,,,,,,,,,,,,,,,,,,,,,,,
,,,,,,,,,,,,,,,,,,,,,,,,,,,,,,
,,,,,,,,,,,,,,,,,,,,,,,,,,,,,,
,,,,,,,,,,,,,,,,,,,,,,,,,,,,,,
,,,,,,,,,,,,,,,,,,,,,,,,,,,,,,
,,,,,,,,,,,,,,,,,,,,,,,,,,,,,,
,,,,,,,,,,,,,,,,,,,,,,,,,,,,,,
,,,,,,,,,,,,,,,,,,,,,,,,,,,,,,
,,,,,,,,,,,,,,,,,,,,,,,,,,,,,,
,,,,,,,,,,,,,,,,,,,,,,,,,,,,,,
,,,,,,,,,,,,,,,,,,,,,,,,,,,,,,
,,,,,,,,,,,,,,,,,,,,,,,,,,,,,,
,,,,,,,,,,,,,,,,,,,,,,,,,,,,,,
,,,,,,,,,,,,,,,,,,,,,,,,,,,,,,
,,,,,,,,,,,,,,,,,,,,,,,,,,,,,,
,,,,,,,,,,,,,,,,,,,,,,,,,,,,,,
,,,,,,,,,,,,,,,,,,,,,,,,,,,,,,
,,,,,,,,,,,,,,,,,,,,,,,,,,,,,,
,,,,,,,,,,,,,,,,,,,,,,,,,,,,,,
,,,,,,,,,,,,,,,,,,,,,,,,,,,,,,
,,,,,,,,,,,,,,,,,,,,,,,,,,,,,,
,,,,,,,,,,,,,,,,,,,,,,,,,,,,,,
,,,,,,,,,,,,,,,,,,,,,,,,,,,,,,
,,,,,,,,,,,,,,,,,,,,,,,,,,,,,,
,,,,,,,,,,,,,,,,,,,,,,,,,,,,,,
,,,,,,,,,,,,,,,,,,,,,,,,,,,,,,
,,,,,,,,,,,,,,,,,,,,,,,,,,,,,,
,,,,,,,,,,,,,,,,,,,,,,,,,,,,,,
,,,,,,,,,,,,,,,,,,,,,,,,,,,,,,
,,,,,,,,,,,,,,,,,,,,,,,,,,,,,,
,,,,,,,,,,,,,,,,,,,,,,,,,,,,,,
,,,,,,,,,,,,,,,,,,,,,,,,,,,,,,
,,,,,,,,,,,,,,,,,,,,,,,,,,,,,,
,,,,,,,,,,,,,,,,,,,,,,,,,,,,,,
,,,,,,,,,,,,,,,,,,,,,,,,,,,,,,
,,,,,,,,,,,,,,,,,,,,,,,,,,,,,,
,,,,,,,,,,,,,,,,,,,,,,,,,,,,,,
,,,,,,,,,,,,,,,,,,,,,,,,,,,,,,
,,,,,,,,,,,,,,,,,,,,,,,,,,,,,,
,,,,,,,,,,,,,,,,,,,,,,,,,,,,,,
,,,,,,,,,,,,,,,,,,,,,,,,,,,,,,
,,,,,,,,,,,,,,,,,,,,,,,,,,,,,,
,,,,,,,,,,,,,,,,,,,,,,,,,,,,,,
,,,,,,,,,,,,,,,,,,,,,,,,,,,,,,
,,,,,,,,,,,,,,,,,,,,,,,,,,,,,,
,,,,,,,,,,,,,,,,,,,,,,,,,,,,,,
,,,,,,,,,,,,,,,,,,,,,,,,,,,,,,
,,,,,,,,,,,,,,,,,,,,,,,,,,,,,,
,,,,,,,,,,,,,,,,,,,,,,,,,,,,,,
,,,,,,,,,,,,,,,,,,,,,,,,,,,,,,
,,,,,,,,,,,,,,,,,,,,,,,,,,,,,,
,,,,,,,,,,,,,,,,,,,,,,,,,,,,,,
,,,,,,,,,,,,,,,,,,,,,,,,,,,,,,
,,,,,,,,,,,,,,,,,,,,,,,,,,,,,,
,,,,,,,,,,,,,,,,,,,,,,,,,,,,,,
,,,,,,,,,,,,,,,,,,,,,,,,,,,,,,
,,,,,,,,,,,,,,,,,,,,,,,,,,,,,,
,,,,,,,,,,,,,,,,,,,,,,,,,,,,,,
,,,,,,,,,,,,,,,,,,,,,,,,,,,,,,
,,,,,,,,,,,,,,,,,,,,,,,,,,,,,,
,,,,,,,,,,,,,,,,,,,,,,,,,,,,,,
,,,,,,,,,,,,,,,,,,,,,,,,,,,,,,
,,,,,,,,,,,,,,,,,,,,,,,,,,,,,,
,,,,,,,,,,,,,,,,,,,,,,,,,,,,,,
,,,,,,,,,,,,,,,,,,,,,,,,,,,,,,
,,,,,,,,,,,,,,,,,,,,,,,,,,,,,,
,,,,,,,,,,,,,,,,,,,,,,,,,,,,,,
,,,,,,,,,,,,,,,,,,,,,,,,,,,,,,
,,,,,,,,,,,,,,,,,,,,,,,,,,,,,,
,,,,,,,,,,,,,,,,,,,,,,,,,,,,,,
,,,,,,,,,,,,,,,,,,,,,,,,,,,,,,
,,,,,,,,,,,,,,,,,,,,,,,,,,,,,,
,,,,,,,,,,,,,,,,,,,,,,,,,,,,,,
,,,,,,,,,,,,,,,,,,,,,,,,,,,,,,
,,,,,,,,,,,,,,,,,,,,,,,,,,,,,,
,,,,,,,,,,,,,,,,,,,,,,,,,,,,,,
,,,,,,,,,,,,,,,,,,,,,,,,,,,,,,
,,,,,,,,,,,,,,,,,,,,,,,,,,,,,,
,,,,,,,,,,,,,,,,,,,,,,,,,,,,,,
,,,,,,,,,,,,,,,,,,,,,,,,,,,,,,
,,,,,,,,,,,,,,,,,,,,,,,,,,,,,,
,,,,,,,,,,,,,,,,,,,,,,,,,,,,,,
,,,,,,,,,,,,,,,,,,,,,,,,,,,,,,
,,,,,,,,,,,,,,,,,,,,,,,,,,,,,,
,,,,,,,,,,,,,,,,,,,,,,,,,,,,,,
,,,,,,,,,,,,,,,,,,,,,,,,,,,,,,
,,,,,,,,,,,,,,,,,,,,,,,,,,,,,,
,,,,,,,,,,,,,,,,,,,,,,,,,,,,,,
,,,,,,,,,,,,,,,,,,,,,,,,,,,,,,
,,,,,,,,,,,,,,,,,,,,,,,,,,,,,,
,,,,,,,,,,,,,,,,,,,,,,,,,,,,,,
,,,,,,,,,,,,,,,,,,,,,,,,,,,,,,
,,,,,,,,,,,,,,,,,,,,,,,,,,,,,,
,,,,,,,,,,,,,,,,,,,,,,,,,,,,,,
,,,,,,,,,,,,,,,,,,,,,,,,,,,,,,
,,,,,,,,,,,,,,,,,,,,,,,,,,,,,,
,,,,,,,,,,,,,,,,,,,,,,,,,,,,,,
,,,,,,,,,,,,,,,,,,,,,,,,,,,,,,
,,,,,,,,,,,,,,,,,,,,,,,,,,,,,,
,,,,,,,,,,,,,,,,,,,,,,,,,,,,,,
,,,,,,,,,,,,,,,,,,,,,,,,,,,,,,
,,,,,,,,,,,,,,,,,,,,,,,,,,,,,,
,,,,,,,,,,,,,,,,,,,,,,,,,,,,,,
,,,,,,,,,,,,,,,,,,,,,,,,,,,,,,
,,,,,,,,,,,,,,,,,,,,,,,,,,,,,,
,,,,,,,,,,,,,,,,,,,,,,,,,,,,,,
,,,,,,,,,,,,,,,,,,,,,,,,,,,,,,
,,,,,,,,,,,,,,,,,,,,,,,,,,,,,,
,,,,,,,,,,,,,,,,,,,,,,,,,,,,,,
,,,,,,,,,,,,,,,,,,,,,,,,,,,,,,
,,,,,,,,,,,,,,,,,,,,,,,,,,,,,,
,,,,,,,,,,,,,,,,,,,,,,,,,,,,,,
,,,,,,,,,,,,,,,,,,,,,,,,,,,,,,
,,,,,,,,,,,,,,,,,,,,,,,,,,,,,,
,,,,,,,,,,,,,,,,,,,,,,,,,,,,,,
,,,,,,,,,,,,,,,,,,,,,,,,,,,,,,
,,,,,,,,,,,,,,,,,,,,,,,,,,,,,,
,,,,,,,,,,,,,,,,,,,,,,,,,,,,,,
,,,,,,,,,,,,,,,,,,,,,,,,,,,,,,
,,,,,,,,,,,,,,,,,,,,,,,,,,,,,,
,,,,,,,,,,,,,,,,,,,,,,,,,,,,,,
,,,,,,,,,,,,,,,,,,,,,,,,,,,,,,
,,,,,,,,,,,,,,,,,,,,,,,,,,,,,,
,,,,,,,,,,,,,,,,,,,,,,,,,,,,,,
,,,,,,,,,,,,,,,,,,,,,,,,,,,,,,
,,,,,,,,,,,,,,,,,,,,,,,,,,,,,,
,,,,,,,,,,,,,,,,,,,,,,,,,,,,,,
,,,,,,,,,,,,,,,,,,,,,,,,,,,,,,
,,,,,,,,,,,,,,,,,,,,,,,,,,,,,,
,,,,,,,,,,,,,,,,,,,,,,,,,,,,,,
,,,,,,,,,,,,,,,,,,,,,,,,,,,,,,
,,,,,,,,,,,,,,,,,,,,,,,,,,,,,,
,,,,,,,,,,,,,,,,,,,,,,,,,,,,,,
,,,,,,,,,,,,,,,,,,,,,,,,,,,,,,
,,,,,,,,,,,,,,,,,,,,,,,,,,,,,,
,,,,,,,,,,,,,,,,,,,,,,,,,,,,,,
,,,,,,,,,,,,,,,,,,,,,,,,,,,,,,
,,,,,,,,,,,,,,,,,,,,,,,,,,,,,,
,,,,,,,,,,,,,,,,,,,,,,,,,,,,,,
,,,,,,,,,,,,,,,,,,,,,,,,,,,,,,
,,,,,,,,,,,,,,,,,,,,,,,,,,,,,,
,,,,,,,,,,,,,,,,,,,,,,,,,,,,,,
,,,,,,,,,,,,,,,,,,,,,,,,,,,,,,
,,,,,,,,,,,,,,,,,,,,,,,,,,,,,,
,,,,,,,,,,,,,,,,,,,,,,,,,,,,,,
,,,,,,,,,,,,,,,,,,,,,,,,,,,,,,
,,,,,,,,,,,,,,,,,,,,,,,,,,,,,,
,,,,,,,,,,,,,,,,,,,,,,,,,,,,,,
,,,,,,,,,,,,,,,,,,,,,,,,,,,,,,
,,,,,,,,,,,,,,,,,,,,,,,,,,,,,,
,,,,,,,,,,,,,,,,,,,,,,,,,,,,,,
,,,,,,,,,,,,,,,,,,,,,,,,,,,,,,
,,,,,,,,,,,,,,,,,,,,,,,,,,,,,,
,,,,,,,,,,,,,,,,,,,,,,,,,,,,,,
,,,,,,,,,,,,,,,,,,,,,,,,,,,,,,
,,,,,,,,,,,,,,,,,,,,,,,,,,,,,,
,,,,,,,,,,,,,,,,,,,,,,,,,,,,,,
,,,,,,,,,,,,,,,,,,,,,,,,,,,,,,
,,,,,,,,,,,,,,,,,,,,,,,,,,,,,,
,,,,,,,,,,,,,,,,,,,,,,,,,,,,,,
,,,,,,,,,,,,,,,,,,,,,,,,,,,,,,
,,,,,,,,,,,,,,,,,,,,,,,,,,,,,,
,,,,,,,,,,,,,,,,,,,,,,,,,,,,,,
,,,,,,,,,,,,,,,,,,,,,,,,,,,,,,
,,,,,,,,,,,,,,,,,,,,,,,,,,,,,,
,,,,,,,,,,,,,,,,,,,,,,,,,,,,,,
,,,,,,,,,,,,,,,,,,,,,,,,,,,,,,
,,,,,,,,,,,,,,,,,,,,,,,,,,,,,,
,,,,,,,,,,,,,,,,,,,,,,,,,,,,,,
,,,,,,,,,,,,,,,,,,,,,,,,,,,,,,
,,,,,,,,,,,,,,,,,,,,,,,,,,,,,,
,,,,,,,,,,,,,,,,,,,,,,,,,,,,,,
,,,,,,,,,,,,,,,,,,,,,,,,,,,,,,
,,,,,,,,,,,,,,,,,,,,,,,,,,,,,,
,,,,,,,,,,,,,,,,,,,,,,,,,,,,,,
,,,,,,,,,,,,,,,,,,,,,,,,,,,,,,
,,,,,,,,,,,,,,,,,,,,,,,,,,,,,,
,,,,,,,,,,,,,,,,,,,,,,,,,,,,,,
,,,,,,,,,,,,,,,,,,,,,,,,,,,,,,
,,,,,,,,,,,,,,,,,,,,,,,,,,,,,,
,,,,,,,,,,,,,,,,,,,,,,,,,,,,,,
,,,,,,,,,,,,,,,,,,,,,,,,,,,,,,
,,,,,,,,,,,,,,,,,,,,,,,,,,,,,,
,,,,,,,,,,,,,,,,,,,,,,,,,,,,,,
,,,,,,,,,,,,,,,,,,,,,,,,,,,,,,
,,,,,,,,,,,,,,,,,,,,,,,,,,,,,,
,,,,,,,,,,,,,,,,,,,,,,,,,,,,,,
,,,,,,,,,,,,,,,,,,,,,,,,,,,,,,
,,,,,,,,,,,,,,,,,,,,,,,,,,,,,,
,,,,,,,,,,,,,,,,,,,,,,,,,,,,,,
,,,,,,,,,,,,,,,,,,,,,,,,,,,,,,
,,,,,,,,,,,,,,,,,,,,,,,,,,,,,,
,,,,,,,,,,,,,,,,,,,,,,,,,,,,,,
,,,,,,,,,,,,,,,,,,,,,,,,,,,,,,
,,,,,,,,,,,,,,,,,,,,,,,,,,,,,,
,,,,,,,,,,,,,,,,,,,,,,,,,,,,,,
,,,,,,,,,,,,,,,,,,,,,,,,,,,,,,
,,,,,,,,,,,,,,,,,,,,,,,,,,,,,,
,,,,,,,,,,,,,,,,,,,,,,,,,,,,,,
,,,,,,,,,,,,,,,,,,,,,,,,,,,,,,
,,,,,,,,,,,,,,,,,,,,,,,,,,,,,,
,,,,,,,,,,,,,,,,,,,,,,,,,,,,,,
,,,,,,,,,,,,,,,,,,,,,,,,,,,,,,
,,,,,,,,,,,,,,,,,,,,,,,,,,,,,,
,,,,,,,,,,,,,,,,,,,,,,,,,,,,,,
,,,,,,,,,,,,,,,,,,,,,,,,,,,,,,
,,,,,,,,,,,,,,,,,,,,,,,,,,,,,,
,,,,,,,,,,,,,,,,,,,,,,,,,,,,,,
,,,,,,,,,,,,,,,,,,,,,,,,,,,,,,
,,,,,,,,,,,,,,,,,,,,,,,,,,,,,,
,,,,,,,,,,,,,,,,,,,,,,,,,,,,,,
,,,,,,,,,,,,,,,,,,,,,,,,,,,,,,
,,,,,,,,,,,,,,,,,,,,,,,,,,,,,,
,,,,,,,,,,,,,,,,,,,,,,,,,,,,,,
,,,,,,,,,,,,,,,,,,,,,,,,,,,,,,
,,,,,,,,,,,,,,,,,,,,,,,,,,,,,,
,,,,,,,,,,,,,,,,,,,,,,,,,,,,,,
,,,,,,,,,,,,,,,,,,,,,,,,,,,,,,
,,,,,,,,,,,,,,,,,,,,,,,,,,,,,,
,,,,,,,,,,,,,,,,,,,,,,,,,,,,,,
,,,,,,,,,,,,,,,,,,,,,,,,,,,,,,
,,,,,,,,,,,,,,,,,,,,,,,,,,,,,,
,,,,,,,,,,,,,,,,,,,,,,,,,,,,,,
,,,,,,,,,,,,,,,,,,,,,,,,,,,,,,
,,,,,,,,,,,,,,,,,,,,,,,,,,,,,,
,,,,,,,,,,,,,,,,,,,,,,,,,,,,,,
,,,,,,,,,,,,,,,,,,,,,,,,,,,,,,
,,,,,,,,,,,,,,,,,,,,,,,,,,,,,,
,,,,,,,,,,,,,,,,,,,,,,,,,,,,,,
,,,,,,,,,,,,,,,,,,,,,,,,,,,,,,
,,,,,,,,,,,,,,,,,,,,,,,,,,,,,,
,,,,,,,,,,,,,,,,,,,,,,,,,,,,,,
,,,,,,,,,,,,,,,,,,,,,,,,,,,,,,
,,,,,,,,,,,,,,,,,,,,,,,,,,,,,,
,,,,,,,,,,,,,,,,,,,,,,,,,,,,,,
,,,,,,,,,,,,,,,,,,,,,,,,,,,,,,
,,,,,,,,,,,,,,,,,,,,,,,,,,,,,,
,,,,,,,,,,,,,,,,,,,,,,,,,,,,,,
,,,,,,,,,,,,,,,,,,,,,,,,,,,,,,
,,,,,,,,,,,,,,,,,,,,,,,,,,,,,,
,,,,,,,,,,,,,,,,,,,,,,,,,,,,,,
,,,,,,,,,,,,,,,,,,,,,,,,,,,,,,
,,,,,,,,,,,,,,,,,,,,,,,,,,,,,,
,,,,,,,,,,,,,,,,,,,,,,,,,,,,,,
,,,,,,,,,,,,,,,,,,,,,,,,,,,,,,
,,,,,,,,,,,,,,,,,,,,,,,,,,,,,,
,,,,,,,,,,,,,,,,,,,,,,,,,,,,,,
,,,,,,,,,,,,,,,,,,,,,,,,,,,,,,
,,,,,,,,,,,,,,,,,,,,,,,,,,,,,,
,,,,,,,,,,,,,,,,,,,,,,,,,,,,,,
,,,,,,,,,,,,,,,,,,,,,,,,,,,,,,
,,,,,,,,,,,,,,,,,,,,,,,,,,,,,,
,,,,,,,,,,,,,,,,,,,,,,,,,,,,,,
,,,,,,,,,,,,,,,,,,,,,,,,,,,,,,
,,,,,,,,,,,,,,,,,,,,,,,,,,,,,,
,,,,,,,,,,,,,,,,,,,,,,,,,,,,,,
,,,,,,,,,,,,,,,,,,,,,,,,,,,,,,
,,,,,,,,,,,,,,,,,,,,,,,,,,,,,,
,,,,,,,,,,,,,,,,,,,,,,,,,,,,,,
,,,,,,,,,,,,,,,,,,,,,,,,,,,,,,
,,,,,,,,,,,,,,,,,,,,,,,,,,,,,,
,,,,,,,,,,,,,,,,,,,,,,,,,,,,,,
,,,,,,,,,,,,,,,,,,,,,,,,,,,,,,
,,,,,,,,,,,,,,,,,,,,,,,,,,,,,,
,,,,,,,,,,,,,,,,,,,,,,,,,,,,,,
,,,,,,,,,,,,,,,,,,,,,,,,,,,,,,
,,,,,,,,,,,,,,,,,,,,,,,,,,,,,,
,,,,,,,,,,,,,,,,,,,,,,,,,,,,,,
,,,,,,,,,,,,,,,,,,,,,,,,,,,,,,
,,,,,,,,,,,,,,,,,,,,,,,,,,,,,,
,,,,,,,,,,,,,,,,,,,,,,,,,,,,,,
,,,,,,,,,,,,,,,,,,,,,,,,,,,,,,
,,,,,,,,,,,,,,,,,,,,,,,,,,,,,,
,,,,,,,,,,,,,,,,,,,,,,,,,,,,,,
,,,,,,,,,,,,,,,,,,,,,,,,,,,,,,
,,,,,,,,,,,,,,,,,,,,,,,,,,,,,,
,,,,,,,,,,,,,,,,,,,,,,,,,,,,,,
,,,,,,,,,,,,,,,,,,,,,,,,,,,,,,
,,,,,,,,,,,,,,,,,,,,,,,,,,,,,,
,,,,,,,,,,,,,,,,,,,,,,,,,,,,,,
,,,,,,,,,,,,,,,,,,,,,,,,,,,,,,
,,,,,,,,,,,,,,,,,,,,,,,,,,,,,,
,,,,,,,,,,,,,,,,,,,,,,,,,,,,,,
,,,,,,,,,,,,,,,,,,,,,,,,,,,,,,
,,,,,,,,,,,,,,,,,,,,,,,,,,,,,,
,,,,,,,,,,,,,,,,,,,,,,,,,,,,,,
,,,,,,,,,,,,,,,,,,,,,,,,,,,,,,
,,,,,,,,,,,,,,,,,,,,,,,,,,,,,,
,,,,,,,,,,,,,,,,,,,,,,,,,,,,,,
,,,,,,,,,,,,,,,,,,,,,,,,,,,,,,
,,,,,,,,,,,,,,,,,,,,,,,,,,,,,,
,,,,,,,,,,,,,,,,,,,,,,,,,,,,,,
,,,,,,,,,,,,,,,,,,,,,,,,,,,,,,
,,,,,,,,,,,,,,,,,,,,,,,,,,,,,,
,,,,,,,,,,,,,,,,,,,,,,,,,,,,,,
,,,,,,,,,,,,,,,,,,,,,,,,,,,,,,
,,,,,,,,,,,,,,,,,,,,,,,,,,,,,,
,,,,,,,,,,,,,,,,,,,,,,,,,,,,,,
,,,,,,,,,,,,,,,,,,,,,,,,,,,,,,
,,,,,,,,,,,,,,,,,,,,,,,,,,,,,,
,,,,,,,,,,,,,,,,,,,,,,,,,,,,,,
,,,,,,,,,,,,,,,,,,,,,,,,,,,,,,
,,,,,,,,,,,,,,,,,,,,,,,,,,,,,,
,,,,,,,,,,,,,,,,,,,,,,,,,,,,,,
,,,,,,,,,,,,,,,,,,,,,,,,,,,,,,
,,,,,,,,,,,,,,,,,,,,,,,,,,,,,,
,,,,,,,,,,,,,,,,,,,,,,,,,,,,,,
,,,,,,,,,,,,,,,,,,,,,,,,,,,,,,
,,,,,,,,,,,,,,,,,,,,,,,,,,,,,,
,,,,,,,,,,,,,,,,,,,,,,,,,,,,,,
,,,,,,,,,,,,,,,,,,,,,,,,,,,,,,
,,,,,,,,,,,,,,,,,,,,,,,,,,,,,,
,,,,,,,,,,,,,,,,,,,,,,,,,,,,,,
,,,,,,,,,,,,,,,,,,,,,,,,,,,,,,
,,,,,,,,,,,,,,,,,,,,,,,,,,,,,,
,,,,,,,,,,,,,,,,,,,,,,,,,,,,,,
,,,,,,,,,,,,,,,,,,,,,,,,,,,,,,
,,,,,,,,,,,,,,,,,,,,,,,,,,,,,,
,,,,,,,,,,,,,,,,,,,,,,,,,,,,,,
,,,,,,,,,,,,,,,,,,,,,,,,,,,,,,
,,,,,,,,,,,,,,,,,,,,,,,,,,,,,,
,,,,,,,,,,,,,,,,,,,,,,,,,,,,,,
,,,,,,,,,,,,,,,,,,,,,,,,,,,,,,
,,,,,,,,,,,,,,,,,,,,,,,,,,,,,,
,,,,,,,,,,,,,,,,,,,,,,,,,,,,,,
,,,,,,,,,,,,,,,,,,,,,,,,,,,,,,
,,,,,,,,,,,,,,,,,,,,,,,,,,,,,,
,,,,,,,,,,,,,,,,,,,,,,,,,,,,,,
,,,,,,,,,,,,,,,,,,,,,,,,,,,,,,
,,,,,,,,,,,,,,,,,,,,,,,,,,,,,,
,,,,,,,,,,,,,,,,,,,,,,,,,,,,,,
,,,,,,,,,,,,,,,,,,,,,,,,,,,,,,
,,,,,,,,,,,,,,,,,,,,,,,,,,,,,,
,,,,,,,,,,,,,,,,,,,,,,,,,,,,,,
,,,,,,,,,,,,,,,,,,,,,,,,,,,,,,
,,,,,,,,,,,,,,,,,,,,,,,,,,,,,,
,,,,,,,,,,,,,,,,,,,,,,,,,,,,,,
,,,,,,,,,,,,,,,,,,,,,,,,,,,,,,
,,,,,,,,,,,,,,,,,,,,,,,,,,,,,,
,,,,,,,,,,,,,,,,,,,,,,,,,,,,,,
,,,,,,,,,,,,,,,,,,,,,,,,,,,,,,
,,,,,,,,,,,,,,,,,,,,,,,,,,,,,,
,,,,,,,,,,,,,,,,,,,,,,,,,,,,,,
,,,,,,,,,,,,,,,,,,,,,,,,,,,,,,
,,,,,,,,,,,,,,,,,,,,,,,,,,,,,,
,,,,,,,,,,,,,,,,,,,,,,,,,,,,,,
,,,,,,,,,,,,,,,,,,,,,,,,,,,,,,
,,,,,,,,,,,,,,,,,,,,,,,,,,,,,,
,,,,,,,,,,,,,,,,,,,,,,,,,,,,,,
,,,,,,,,,,,,,,,,,,,,,,,,,,,,,,
,,,,,,,,,,,,,,,,,,,,,,,,,,,,,,
,,,,,,,,,,,,,,,,,,,,,,,,,,,,,,
,,,,,,,,,,,,,,,,,,,,,,,,,,,,,,
,,,,,,,,,,,,,,,,,,,,,,,,,,,,,,
,,,,,,,,,,,,,,,,,,,,,,,,,,,,,,
,,,,,,,,,,,,,,,,,,,,,,,,,,,,,,
,,,,,,,,,,,,,,,,,,,,,,,,,,,,,,
,,,,,,,,,,,,,,,,,,,,,,,,,,,,,,
,,,,,,,,,,,,,,,,,,,,,,,,,,,,,,
,,,,,,,,,,,,,,,,,,,,,,,,,,,,,,
,,,,,,,,,,,,,,,,,,,,,,,,,,,,,,
,,,,,,,,,,,,,,,,,,,,,,,,,,,,,,
,,,,,,,,,,,,,,,,,,,,,,,,,,,,,,
,,,,,,,,,,,,,,,,,,,,,,,,,,,,,,
,,,,,,,,,,,,,,,,,,,,,,,,,,,,,,
,,,,,,,,,,,,,,,,,,,,,,,,,,,,,,
,,,,,,,,,,,,,,,,,,,,,,,,,,,,,,
,,,,,,,,,,,,,,,,,,,,,,,,,,,,,,
,,,,,,,,,,,,,,,,,,,,,,,,,,,,,,
,,,,,,,,,,,,,,,,,,,,,,,,,,,,,,
,,,,,,,,,,,,,,,,,,,,,,,,,,,,,,
,,,,,,,,,,,,,,,,,,,,,,,,,,,,,,
,,,,,,,,,,,,,,,,,,,,,,,,,,,,,,
,,,,,,,,,,,,,,,,,,,,,,,,,,,,,,
,,,,,,,,,,,,,,,,,,,,,,,,,,,,,,
,,,,,,,,,,,,,,,,,,,,,,,,,,,,,,
,,,,,,,,,,,,,,,,,,,,,,,,,,,,,,
,,,,,,,,,,,,,,,,,,,,,,,,,,,,,,
,,,,,,,,,,,,,,,,,,,,,,,,,,,,,,
,,,,,,,,,,,,,,,,,,,,,,,,,,,,,,
,,,,,,,,,,,,,,,,,,,,,,,,,,,,,,
,,,,,,,,,,,,,,,,,,,,,,,,,,,,,,
,,,,,,,,,,,,,,,,,,,,,,,,,,,,,,
,,,,,,,,,,,,,,,,,,,,,,,,,,,,,,
,,,,,,,,,,,,,,,,,,,,,,,,,,,,,,
,,,,,,,,,,,,,,,,,,,,,,,,,,,,,,
,,,,,,,,,,,,,,,,,,,,,,,,,,,,,,
,,,,,,,,,,,,,,,,,,,,,,,,,,,,,,
,,,,,,,,,,,,,,,,,,,,,,,,,,,,,,
,,,,,,,,,,,,,,,,,,,,,,,,,,,,,,
,,,,,,,,,,,,,,,,,,,,,,,,,,,,,,
,,,,,,,,,,,,,,,,,,,,,,,,,,,,,,
,,,,,,,,,,,,,,,,,,,,,,,,,,,,,,
,,,,,,,,,,,,,,,,,,,,,,,,,,,,,,
,,,,,,,,,,,,,,,,,,,,,,,,,,,,,,
,,,,,,,,,,,,,,,,,,,,,,,,,,,,,,
,,,,,,,,,,,,,,,,,,,,,,,,,,,,,,
,,,,,,,,,,,,,,,,,,,,,,,,,,,,,,
,,,,,,,,,,,,,,,,,,,,,,,,,,,,,,
,,,,,,,,,,,,,,,,,,,,,,,,,,,,,,
,,,,,,,,,,,,,,,,,,,,,,,,,,,,,,
,,,,,,,,,,,,,,,,,,,,,,,,,,,,,,
,,,,,,,,,,,,,,,,,,,,,,,,,,,,,,
,,,,,,,,,,,,,,,,,,,,,,,,,,,,,,
,,,,,,,,,,,,,,,,,,,,,,,,,,,,,,
,,,,,,,,,,,,,,,,,,,,,,,,,,,,,,
,,,,,,,,,,,,,,,,,,,,,,,,,,,,,,
,,,,,,,,,,,,,,,,,,,,,,,,,,,,,,
,,,,,,,,,,,,,,,,,,,,,,,,,,,,,,
,,,,,,,,,,,,,,,,,,,,,,,,,,,,,,
,,,,,,,,,,,,,,,,,,,,,,,,,,,,,,
,,,,,,,,,,,,,,,,,,,,,,,,,,,,,,
,,,,,,,,,,,,,,,,,,,,,,,,,,,,,,
,,,,,,,,,,,,,,,,,,,,,,,,,,,,,,
,,,,,,,,,,,,,,,,,,,,,,,,,,,,,,
,,,,,,,,,,,,,,,,,,,,,,,,,,,,,,
,,,,,,,,,,,,,,,,,,,,,,,,,,,,,,
,,,,,,,,,,,,,,,,,,,,,,,,,,,,,,
,,,,,,,,,,,,,,,,,,,,,,,,,,,,,,
,,,,,,,,,,,,,,,,,,,,,,,,,,,,,,
,,,,,,,,,,,,,,,,,,,,,,,,,,,,,,
,,,,,,,,,,,,,,,,,,,,,,,,,,,,,,
,,,,,,,,,,,,,,,,,,,,,,,,,,,,,,
,,,,,,,,,,,,,,,,,,,,,,,,,,,,,,
,,,,,,,,,,,,,,,,,,,,,,,,,,,,,,
,,,,,,,,,,,,,,,,,,,,,,,,,,,,,,
,,,,,,,,,,,,,,,,,,,,,,,,,,,,,,
,,,,,,,,,,,,,,,,,,,,,,,,,,,,,,
,,,,,,,,,,,,,,,,,,,,,,,,,,,,,,
,,,,,,,,,,,,,,,,,,,,,,,,,,,,,,
,,,,,,,,,,,,,,,,,,,,,,,,,,,,,,
,,,,,,,,,,,,,,,,,,,,,,,,,,,,,,
,,,,,,,,,,,,,,,,,,,,,,,,,,,,,,
,,,,,,,,,,,,,,,,,,,,,,,,,,,,,,
,,,,,,,,,,,,,,,,,,,,,,,,,,,,,,
,,,,,,,,,,,,,,,,,,,,,,,,,,,,,,
,,,,,,,,,,,,,,,,,,,,,,,,,,,,,,
,,,,,,,,,,,,,,,,,,,,,,,,,,,,,,
,,,,,,,,,,,,,,,,,,,,,,,,,,,,,,
,,,,,,,,,,,,,,,,,,,,,,,,,,,,,,
,,,,,,,,,,,,,,,,,,,,,,,,,,,,,,
,,,,,,,,,,,,,,,,,,,,,,,,,,,,,,
,,,,,,,,,,,,,,,,,,,,,,,,,,,,,,
,,,,,,,,,,,,,,,,,,,,,,,,,,,,,,
,,,,,,,,,,,,,,,,,,,,,,,,,,,,,,
,,,,,,,,,,,,,,,,,,,,,,,,,,,,,,
,,,,,,,,,,,,,,,,,,,,,,,,,,,,,,
,,,,,,,,,,,,,,,,,,,,,,,,,,,,,,
,,,,,,,,,,,,,,,,,,,,,,,,,,,,,,
,,,,,,,,,,,,,,,,,,,,,,,,,,,,,,
,,,,,,,,,,,,,,,,,,,,,,,,,,,,,,
,,,,,,,,,,,,,,,,,,,,,,,,,,,,,,
,,,,,,,,,,,,,,,,,,,,,,,,,,,,,,
,,,,,,,,,,,,,,,,,,,,,,,,,,,,,,
,,,,,,,,,,,,,,,,,,,,,,,,,,,,,,
,,,,,,,,,,,,,,,,,,,,,,,,,,,,,,
,,,,,,,,,,,,,,,,,,,,,,,,,,,,,,
,,,,,,,,,,,,,,,,,,,,,,,,,,,,,,
,,,,,,,,,,,,,,,,,,,,,,,,,,,,,,
,,,,,,,,,,,,,,,,,,,,,,,,,,,,,,
,,,,,,,,,,,,,,,,,,,,,,,,,,,,,,
,,,,,,,,,,,,,,,,,,,,,,,,,,,,,,
,,,,,,,,,,,,,,,,,,,,,,,,,,,,,,
,,,,,,,,,,,,,,,,,,,,,,,,,,,,,,
,,,,,,,,,,,,,,,,,,,,,,,,,,,,,,
,,,,,,,,,,,,,,,,,,,,,,,,,,,,,,
,,,,,,,,,,,,,,,,,,,,,,,,,,,,,,
,,,,,,,,,,,,,,,,,,,,,,,,,,,,,,
,,,,,,,,,,,,,,,,,,,,,,,,,,,,,,
,,,,,,,,,,,,,,,,,,,,,,,,,,,,,,
,,,,,,,,,,,,,,,,,,,,,,,,,,,,,,
,,,,,,,,,,,,,,,,,,,,,,,,,,,,,,
,,,,,,,,,,,,,,,,,,,,,,,,,,,,,,
,,,,,,,,,,,,,,,,,,,,,,,,,,,,,,
,,,,,,,,,,,,,,,,,,,,,,,,,,,,,,
,,,,,,,,,,,,,,,,,,,,,,,,,,,,,,
,,,,,,,,,,,,,,,,,,,,,,,,,,,,,,
,,,,,,,,,,,,,,,,,,,,,,,,,,,,,,
,,,,,,,,,,,,,,,,,,,,,,,,,,,,,,
,,,,,,,,,,,,,,,,,,,,,,,,,,,,,,
,,,,,,,,,,,,,,,,,,,,,,,,,,,,,,
,,,,,,,,,,,,,,,,,,,,,,,,,,,,,,
,,,,,,,,,,,,,,,,,,,,,,,,,,,,,,
,,,,,,,,,,,,,,,,,,,,,,,,,,,,,,
,,,,,,,,,,,,,,,,,,,,,,,,,,,,,,
,,,,,,,,,,,,,,,,,,,,,,,,,,,,,,
,,,,,,,,,,,,,,,,,,,,,,,,,,,,,,
,,,,,,,,,,,,,,,,,,,,,,,,,,,,,,
,,,,,,,,,,,,,,,,,,,,,,,,,,,,,,
,,,,,,,,,,,,,,,,,,,,,,,,,,,,,,
,,,,,,,,,,,,,,,,,,,,,,,,,,,,,,
,,,,,,,,,,,,,,,,,,,,,,,,,,,,,,
,,,,,,,,,,,,,,,,,,,,,,,,,,,,,,
,,,,,,,,,,,,,,,,,,,,,,,,,,,,,,
,,,,,,,,,,,,,,,,,,,,,,,,,,,,,,
,,,,,,,,,,,,,,,,,,,,,,,,,,,,,,
,,,,,,,,,,,,,,,,,,,,,,,,,,,,,,
,,,,,,,,,,,,,,,,,,,,,,,,,,,,,,
,,,,,,,,,,,,,,,,,,,,,,,,,,,,,,
,,,,,,,,,,,,,,,,,,,,,,,,,,,,,,
,,,,,,,,,,,,,,,,,,,,,,,,,,,,,,
,,,,,,,,,,,,,,,,,,,,,,,,,,,,,,
,,,,,,,,,,,,,,,,,,,,,,,,,,,,,,
,,,,,,,,,,,,,,,,,,,,,,,,,,,,,,
,,,,,,,,,,,,,,,,,,,,,,,,,,,,,,
,,,,,,,,,,,,,,,,,,,,,,,,,,,,,,
,,,,,,,,,,,,,,,,,,,,,,,,,,,,,,
,,,,,,,,,,,,,,,,,,,,,,,,,,,,,,
,,,,,,,,,,,,,,,,,,,,,,,,,,,,,,
,,,,,,,,,,,,,,,,,,,,,,,,,,,,,,
,,,,,,,,,,,,,,,,,,,,,,,,,,,,,,
,,,,,,,,,,,,,,,,,,,,,,,,,,,,,,
,,,,,,,,,,,,,,,,,,,,,,,,,,,,,,
,,,,,,,,,,,,,,,,,,,,,,,,,,,,,,
,,,,,,,,,,,,,,,,,,,,,,,,,,,,,,
,,,,,,,,,,,,,,,,,,,,,,,,,,,,,,
,,,,,,,,,,,,,,,,,,,,,,,,,,,,,,
,,,,,,,,,,,,,,,,,,,,,,,,,,,,,,
,,,,,,,,,,,,,,,,,,,,,,,,,,,,,,
,,,,,,,,,,,,,,,,,,,,,,,,,,,,,,
,,,,,,,,,,,,,,,,,,,,,,,,,,,,,,
,,,,,,,,,,,,,,,,,,,,,,,,,,,,,,
,,,,,,,,,,,,,,,,,,,,,,,,,,,,,,
,,,,,,,,,,,,,,,,,,,,,,,,,,,,,,
,,,,,,,,,,,,,,,,,,,,,,,,,,,,,,
,,,,,,,,,,,,,,,,,,,,,,,,,,,,,,
,,,,,,,,,,,,,,,,,,,,,,,,,,,,,,
,,,,,,,,,,,,,,,,,,,,,,,,,,,,,,
,,,,,,,,,,,,,,,,,,,,,,,,,,,,,,
,,,,,,,,,,,,,,,,,,,,,,,,,,,,,,
,,,,,,,,,,,,,,,,,,,,,,,,,,,,,,
,,,,,,,,,,,,,,,,,,,,,,,,,,,,,,
,,,,,,,,,,,,,,,,,,,,,,,,,,,,,,
,,,,,,,,,,,,,,,,,,,,,,,,,,,,,,
,,,,,,,,,,,,,,,,,,,,,,,,,,,,,,
,,,,,,,,,,,,,,,,,,,,,,,,,,,,,,
,,,,,,,,,,,,,,,,,,,,,,,,,,,,,,
,,,,,,,,,,,,,,,,,,,,,,,,,,,,,,
,,,,,,,,,,,,,,,,,,,,,,,,,,,,,,
,,,,,,,,,,,,,,,,,,,,,,,,,,,,,,
,,,,,,,,,,,,,,,,,,,,,,,,,,,,,,
,,,,,,,,,,,,,,,,,,,,,,,,,,,,,,
,,,,,,,,,,,,,,,,,,,,,,,,,,,,,,
,,,,,,,,,,,,,,,,,,,,,,,,,,,,,,
,,,,,,,,,,,,,,,,,,,,,,,,,,,,,,
,,,,,,,,,,,,,,,,,,,,,,,,,,,,,,
,,,,,,,,,,,,,,,,,,,,,,,,,,,,,,
,,,,,,,,,,,,,,,,,,,,,,,,,,,,,,
,,,,,,,,,,,,,,,,,,,,,,,,,,,,,,
,,,,,,,,,,,,,,,,,,,,,,,,,,,,,,
,,,,,,,,,,,,,,,,,,,,,,,,,,,,,,
,,,,,,,,,,,,,,,,,,,,,,,,,,,,,,
,,,,,,,,,,,,,,,,,,,,,,,,,,,,,,
,,,,,,,,,,,,,,,,,,,,,,,,,,,,,,
,,,,,,,,,,,,,,,,,,,,,,,,,,,,,,
,,,,,,,,,,,,,,,,,,,,,,,,,,,,,,
,,,,,,,,,,,,,,,,,,,,,,,,,,,,,,
,,,,,,,,,,,,,,,,,,,,,,,,,,,,,,
,,,,,,,,,,,,,,,,,,,,,,,,,,,,,,
,,,,,,,,,,,,,,,,,,,,,,,,,,,,,,
,,,,,,,,,,,,,,,,,,,,,,,,,,,,,,
,,,,,,,,,,,,,,,,,,,,,,,,,,,,,,
,,,,,,,,,,,,,,,,,,,,,,,,,,,,,,
,,,,,,,,,,,,,,,,,,,,,,,,,,,,,,
,,,,,,,,,,,,,,,,,,,,,,,,,,,,,,
,,,,,,,,,,,,,,,,,,,,,,,,,,,,,,
,,,,,,,,,,,,,,,,,,,,,,,,,,,,,,
,,,,,,,,,,,,,,,,,,,,,,,,,,,,,,
,,,,,,,,,,,,,,,,,,,,,,,,,,,,,,
,,,,,,,,,,,,,,,,,,,,,,,,,,,,,,
,,,,,,,,,,,,,,,,,,,,,,,,,,,,,,
,,,,,,,,,,,,,,,,,,,,,,,,,,,,,,
,,,,,,,,,,,,,,,,,,,,,,,,,,,,,,
,,,,,,,,,,,,,,,,,,,,,,,,,,,,,,
,,,,,,,,,,,,,,,,,,,,,,,,,,,,,,
,,,,,,,,,,,,,,,,,,,,,,,,,,,,,,
,,,,,,,,,,,,,,,,,,,,,,,,,,,,,,
,,,,,,,,,,,,,,,,,,,,,,,,,,,,,,
,,,,,,,,,,,,,,,,,,,,,,,,,,,,,,
,,,,,,,,,,,,,,,,,,,,,,,,,,,,,,
,,,,,,,,,,,,,,,,,,,,,,,,,,,,,,
,,,,,,,,,,,,,,,,,,,,,,,,,,,,,,
,,,,,,,,,,,,,,,,,,,,,,,,,,,,,,
